ARM GAS  C:\Users\acest\AppData\Local\Temp\ccGG6LYR.s 			page 1


   1              		.cpu cortex-m4
   2              		.arch armv7e-m
   3              		.fpu softvfp
   4              		.eabi_attribute 20, 1
   5              		.eabi_attribute 21, 1
   6              		.eabi_attribute 23, 3
   7              		.eabi_attribute 24, 1
   8              		.eabi_attribute 25, 1
   9              		.eabi_attribute 26, 1
  10              		.eabi_attribute 30, 2
  11              		.eabi_attribute 34, 1
  12              		.eabi_attribute 18, 4
  13              		.file	"chcond.c"
  14              		.file 1 "c:\\chibistudio\\tools\\gnu tools arm embedded\\10.3 2021.10\\arm-none-eabi\\include\\mac
  15              		.file 2 "c:\\chibistudio\\tools\\gnu tools arm embedded\\10.3 2021.10\\arm-none-eabi\\include\\sys
  16              		.file 3 "c:\\chibistudio\\chibios2111\\os\\common\\ports\\arm-common\\chtypes.h"
  17              		.file 4 "c:\\chibistudio\\chibios2111\\os\\rt\\include\\chearly.h"
  18              		.file 5 "c:\\chibistudio\\chibios2111\\os\\rt\\include\\chobjects.h"
  19              		.file 6 "c:\\chibistudio\\chibios2111\\os\\rt\\include\\chrfcu.h"
  20              		.file 7 "c:\\chibistudio\\chibios2111\\os\\rt\\include\\chdebug.h"
  21              		.file 8 "c:\\chibistudio\\chibios2111\\os\\rt\\include\\chtime.h"
  22              		.file 9 "c:\\chibistudio\\chibios2111\\os\\rt\\include\\chlists.h"
  23              		.file 10 "c:\\chibistudio\\chibios2111\\os\\common\\ports\\armv7-m-alt\\chcore.h"
  24              		.file 11 "c:\\chibistudio\\chibios2111\\os\\rt\\include\\chsem.h"
  25              		.file 12 "c:\\chibistudio\\chibios2111\\os\\rt\\include\\chmtx.h"
  26              		.file 13 "c:\\chibistudio\\chibios2111\\os\\rt\\include\\chcond.h"
  27              		.file 14 "../../../../../ChibiStudio/chibios2111/os/rt/src/chcond.c"
  28              		.file 15 "c:\\chibistudio\\chibios2111\\os\\rt\\include\\chthreads.h"
  29              		.file 16 "c:\\chibistudio\\chibios2111\\os\\rt\\include\\chschd.h"
  30              		.file 17 "c:\\chibistudio\\chibios2111\\os\\rt\\include\\chsys.h"
  31              		.file 18 "c:\\chibistudio\\chibios2111\\os\\common\\ext\\arm\\cmsis\\core\\include\\cmsis_gcc.h"
  32              		.section	.gnu.debuglto_.debug_info,"e",%progbits
  33              	.Ldebug_info0:
  34              		.hidden	chcond.c.f98ab312
  35              		.weak	chcond.c.f98ab312
  36              	chcond.c.f98ab312:
  37 0000 140B0000 		.4byte	0xb14
  38 0004 0400     		.2byte	0x4
  39 0006 00000000 		.4byte	.Ldebug_abbrev0
  40 000a 04       		.byte	0x4
  41 000b 01       		.uleb128 0x1
  42 000c 85020000 		.4byte	.LASF139
  43 0010 0C       		.byte	0xc
  44 0011 F4060000 		.4byte	.LASF140
  45 0015 AC010000 		.4byte	.LASF141
  46 0019 00000000 		.4byte	.Ldebug_line0
  47 001d 02       		.uleb128 0x2
  48 001e 04       		.byte	0x4
  49 001f 05       		.byte	0x5
  50 0020 696E7400 		.ascii	"int\000"
  51 0024 03       		.uleb128 0x3
  52 0025 04       		.byte	0x4
  53 0026 07       		.byte	0x7
  54 0027 39020000 		.4byte	.LASF0
  55 002b 03       		.uleb128 0x3
  56 002c 08       		.byte	0x8
  57 002d 05       		.byte	0x5
ARM GAS  C:\Users\acest\AppData\Local\Temp\ccGG6LYR.s 			page 2


  58 002e EB000000 		.4byte	.LASF1
  59 0032 03       		.uleb128 0x3
  60 0033 08       		.byte	0x8
  61 0034 04       		.byte	0x4
  62 0035 79050000 		.4byte	.LASF2
  63 0039 03       		.uleb128 0x3
  64 003a 01       		.byte	0x1
  65 003b 06       		.byte	0x6
  66 003c F9000000 		.4byte	.LASF3
  67 0040 04       		.uleb128 0x4
  68 0041 2E000000 		.4byte	.LASF7
  69 0045 01       		.byte	0x1
  70 0046 2B       		.byte	0x2b
  71 0047 18       		.byte	0x18
  72 0048 4C000000 		.4byte	0x4c
  73 004c 03       		.uleb128 0x3
  74 004d 01       		.byte	0x1
  75 004e 08       		.byte	0x8
  76 004f DC040000 		.4byte	.LASF4
  77 0053 03       		.uleb128 0x3
  78 0054 02       		.byte	0x2
  79 0055 05       		.byte	0x5
  80 0056 F1040000 		.4byte	.LASF5
  81 005a 03       		.uleb128 0x3
  82 005b 02       		.byte	0x2
  83 005c 07       		.byte	0x7
  84 005d D3000000 		.4byte	.LASF6
  85 0061 04       		.uleb128 0x4
  86 0062 C5050000 		.4byte	.LASF8
  87 0066 01       		.byte	0x1
  88 0067 4D       		.byte	0x4d
  89 0068 18       		.byte	0x18
  90 0069 6D000000 		.4byte	0x6d
  91 006d 03       		.uleb128 0x3
  92 006e 04       		.byte	0x4
  93 006f 05       		.byte	0x5
  94 0070 52010000 		.4byte	.LASF9
  95 0074 04       		.uleb128 0x4
  96 0075 D8010000 		.4byte	.LASF10
  97 0079 01       		.byte	0x1
  98 007a 4F       		.byte	0x4f
  99 007b 19       		.byte	0x19
 100 007c 80000000 		.4byte	0x80
 101 0080 03       		.uleb128 0x3
 102 0081 04       		.byte	0x4
 103 0082 07       		.byte	0x7
 104 0083 54020000 		.4byte	.LASF11
 105 0087 04       		.uleb128 0x4
 106 0088 9B040000 		.4byte	.LASF12
 107 008c 01       		.byte	0x1
 108 008d 69       		.byte	0x69
 109 008e 19       		.byte	0x19
 110 008f 93000000 		.4byte	0x93
 111 0093 03       		.uleb128 0x3
 112 0094 08       		.byte	0x8
 113 0095 07       		.byte	0x7
 114 0096 85000000 		.4byte	.LASF13
ARM GAS  C:\Users\acest\AppData\Local\Temp\ccGG6LYR.s 			page 3


 115 009a 04       		.uleb128 0x4
 116 009b 8C060000 		.4byte	.LASF14
 117 009f 02       		.byte	0x2
 118 00a0 18       		.byte	0x18
 119 00a1 13       		.byte	0x13
 120 00a2 40000000 		.4byte	0x40
 121 00a6 04       		.uleb128 0x4
 122 00a7 D4040000 		.4byte	.LASF15
 123 00ab 02       		.byte	0x2
 124 00ac 2C       		.byte	0x2c
 125 00ad 13       		.byte	0x13
 126 00ae 61000000 		.4byte	0x61
 127 00b2 04       		.uleb128 0x4
 128 00b3 3B050000 		.4byte	.LASF16
 129 00b7 02       		.byte	0x2
 130 00b8 30       		.byte	0x30
 131 00b9 14       		.byte	0x14
 132 00ba 74000000 		.4byte	0x74
 133 00be 04       		.uleb128 0x4
 134 00bf 25000000 		.4byte	.LASF17
 135 00c3 02       		.byte	0x2
 136 00c4 3C       		.byte	0x3c
 137 00c5 14       		.byte	0x14
 138 00c6 87000000 		.4byte	0x87
 139 00ca 05       		.uleb128 0x5
 140 00cb BE000000 		.4byte	0xbe
 141 00cf 04       		.uleb128 0x4
 142 00d0 4B050000 		.4byte	.LASF18
 143 00d4 03       		.byte	0x3
 144 00d5 48       		.byte	0x48
 145 00d6 1D       		.byte	0x1d
 146 00d7 BE000000 		.4byte	0xbe
 147 00db 04       		.uleb128 0x4
 148 00dc A9030000 		.4byte	.LASF19
 149 00e0 04       		.byte	0x4
 150 00e1 50       		.byte	0x50
 151 00e2 19       		.byte	0x19
 152 00e3 CF000000 		.4byte	0xcf
 153 00e7 04       		.uleb128 0x4
 154 00e8 78030000 		.4byte	.LASF20
 155 00ec 04       		.byte	0x4
 156 00ed 53       		.byte	0x53
 157 00ee 19       		.byte	0x19
 158 00ef 9A000000 		.4byte	0x9a
 159 00f3 04       		.uleb128 0x4
 160 00f4 5B010000 		.4byte	.LASF21
 161 00f8 04       		.byte	0x4
 162 00f9 54       		.byte	0x54
 163 00fa 19       		.byte	0x19
 164 00fb 9A000000 		.4byte	0x9a
 165 00ff 04       		.uleb128 0x4
 166 0100 B0040000 		.4byte	.LASF22
 167 0104 04       		.byte	0x4
 168 0105 55       		.byte	0x55
 169 0106 19       		.byte	0x19
 170 0107 9A000000 		.4byte	0x9a
 171 010b 04       		.uleb128 0x4
ARM GAS  C:\Users\acest\AppData\Local\Temp\ccGG6LYR.s 			page 4


 172 010c B8040000 		.4byte	.LASF23
 173 0110 04       		.byte	0x4
 174 0111 57       		.byte	0x57
 175 0112 19       		.byte	0x19
 176 0113 B2000000 		.4byte	0xb2
 177 0117 04       		.uleb128 0x4
 178 0118 69030000 		.4byte	.LASF24
 179 011c 04       		.byte	0x4
 180 011d 58       		.byte	0x58
 181 011e 19       		.byte	0x19
 182 011f A6000000 		.4byte	0xa6
 183 0123 04       		.uleb128 0x4
 184 0124 96030000 		.4byte	.LASF25
 185 0128 04       		.byte	0x4
 186 0129 5A       		.byte	0x5a
 187 012a 19       		.byte	0x19
 188 012b B2000000 		.4byte	0xb2
 189 012f 04       		.uleb128 0x4
 190 0130 33020000 		.4byte	.LASF26
 191 0134 04       		.byte	0x4
 192 0135 5C       		.byte	0x5c
 193 0136 19       		.byte	0x19
 194 0137 A6000000 		.4byte	0xa6
 195 013b 04       		.uleb128 0x4
 196 013c A6040000 		.4byte	.LASF27
 197 0140 04       		.byte	0x4
 198 0141 80       		.byte	0x80
 199 0142 12       		.byte	0x12
 200 0143 24000000 		.4byte	0x24
 201 0147 04       		.uleb128 0x4
 202 0148 6F060000 		.4byte	.LASF28
 203 014c 04       		.byte	0x4
 204 014d 85       		.byte	0x85
 205 014e 1A       		.byte	0x1a
 206 014f 53010000 		.4byte	0x153
 207 0153 06       		.uleb128 0x6
 208 0154 58030000 		.4byte	.LASF43
 209 0158 70       		.byte	0x70
 210 0159 05       		.byte	0x5
 211 015a 9C       		.byte	0x9c
 212 015b 08       		.byte	0x8
 213 015c 36020000 		.4byte	0x236
 214 0160 07       		.uleb128 0x7
 215 0161 68647200 		.ascii	"hdr\000"
 216 0165 05       		.byte	0x5
 217 0166 AD       		.byte	0xad
 218 0167 05       		.byte	0x5
 219 0168 05060000 		.4byte	0x605
 220 016c 00       		.byte	0
 221 016d 07       		.uleb128 0x7
 222 016e 63747800 		.ascii	"ctx\000"
 223 0172 05       		.byte	0x5
 224 0173 B1       		.byte	0xb1
 225 0174 21       		.byte	0x21
 226 0175 53050000 		.4byte	0x553
 227 0179 0C       		.byte	0xc
 228 017a 08       		.uleb128 0x8
ARM GAS  C:\Users\acest\AppData\Local\Temp\ccGG6LYR.s 			page 5


 229 017b 66020000 		.4byte	.LASF29
 230 017f 05       		.byte	0x5
 231 0180 B6       		.byte	0xb6
 232 0181 21       		.byte	0x21
 233 0182 77030000 		.4byte	0x377
 234 0186 38       		.byte	0x38
 235 0187 08       		.uleb128 0x8
 236 0188 5B050000 		.4byte	.LASF30
 237 018c 05       		.byte	0x5
 238 018d BB       		.byte	0xbb
 239 018e 22       		.byte	0x22
 240 018f 12070000 		.4byte	0x712
 241 0193 40       		.byte	0x40
 242 0194 08       		.uleb128 0x8
 243 0195 80020000 		.4byte	.LASF31
 244 0199 05       		.byte	0x5
 245 019a C0       		.byte	0xc0
 246 019b 22       		.byte	0x22
 247 019c 0F030000 		.4byte	0x30f
 248 01a0 44       		.byte	0x44
 249 01a1 08       		.uleb128 0x8
 250 01a2 85050000 		.4byte	.LASF32
 251 01a6 05       		.byte	0x5
 252 01a7 C9       		.byte	0xc9
 253 01a8 22       		.byte	0x22
 254 01a9 83050000 		.4byte	0x583
 255 01ad 48       		.byte	0x48
 256 01ae 08       		.uleb128 0x8
 257 01af 4C010000 		.4byte	.LASF33
 258 01b3 05       		.byte	0x5
 259 01b4 CE       		.byte	0xce
 260 01b5 21       		.byte	0x21
 261 01b6 F3000000 		.4byte	0xf3
 262 01ba 4C       		.byte	0x4c
 263 01bb 08       		.uleb128 0x8
 264 01bc 94060000 		.4byte	.LASF34
 265 01c0 05       		.byte	0x5
 266 01c1 D2       		.byte	0xd2
 267 01c2 21       		.byte	0x21
 268 01c3 E7000000 		.4byte	0xe7
 269 01c7 4D       		.byte	0x4d
 270 01c8 08       		.uleb128 0x8
 271 01c9 E6000000 		.4byte	.LASF35
 272 01cd 05       		.byte	0x5
 273 01ce D7       		.byte	0xd7
 274 01cf 21       		.byte	0x21
 275 01d0 FF000000 		.4byte	0xff
 276 01d4 4E       		.byte	0x4e
 277 01d5 09       		.uleb128 0x9
 278 01d6 7500     		.ascii	"u\000"
 279 01d8 05       		.byte	0x5
 280 01d9 2801     		.2byte	0x128
 281 01db 21       		.byte	0x21
 282 01dc 33060000 		.4byte	0x633
 283 01e0 50       		.byte	0x50
 284 01e1 0A       		.uleb128 0xa
 285 01e2 F8010000 		.4byte	.LASF36
ARM GAS  C:\Users\acest\AppData\Local\Temp\ccGG6LYR.s 			page 6


 286 01e6 05       		.byte	0x5
 287 01e7 2D01     		.2byte	0x12d
 288 01e9 21       		.byte	0x21
 289 01ea 4A030000 		.4byte	0x34a
 290 01ee 54       		.byte	0x54
 291 01ef 0A       		.uleb128 0xa
 292 01f0 43010000 		.4byte	.LASF37
 293 01f4 05       		.byte	0x5
 294 01f5 3301     		.2byte	0x133
 295 01f7 21       		.byte	0x21
 296 01f8 77030000 		.4byte	0x377
 297 01fc 58       		.byte	0x58
 298 01fd 0A       		.uleb128 0xa
 299 01fe 6F030000 		.4byte	.LASF38
 300 0202 05       		.byte	0x5
 301 0203 3901     		.2byte	0x139
 302 0205 21       		.byte	0x21
 303 0206 23010000 		.4byte	0x123
 304 020a 60       		.byte	0x60
 305 020b 0A       		.uleb128 0xa
 306 020c EC060000 		.4byte	.LASF39
 307 0210 05       		.byte	0x5
 308 0211 4001     		.2byte	0x140
 309 0213 22       		.byte	0x22
 310 0214 0C070000 		.4byte	0x70c
 311 0218 64       		.byte	0x64
 312 0219 0A       		.uleb128 0xa
 313 021a CE030000 		.4byte	.LASF40
 314 021e 05       		.byte	0x5
 315 021f 4401     		.2byte	0x144
 316 0221 21       		.byte	0x21
 317 0222 0B010000 		.4byte	0x10b
 318 0226 68       		.byte	0x68
 319 0227 0A       		.uleb128 0xa
 320 0228 4A030000 		.4byte	.LASF41
 321 022c 05       		.byte	0x5
 322 022d 4B01     		.2byte	0x14b
 323 022f 22       		.byte	0x22
 324 0230 89050000 		.4byte	0x589
 325 0234 6C       		.byte	0x6c
 326 0235 00       		.byte	0
 327 0236 04       		.uleb128 0x4
 328 0237 FD050000 		.4byte	.LASF42
 329 023b 04       		.byte	0x4
 330 023c 8A       		.byte	0x8a
 331 023d 1F       		.byte	0x1f
 332 023e 42020000 		.4byte	0x242
 333 0242 0B       		.uleb128 0xb
 334 0243 EE050000 		.4byte	.LASF44
 335 0247 B0       		.byte	0xb0
 336 0248 05       		.byte	0x5
 337 0249 8A01     		.2byte	0x18a
 338 024b 08       		.byte	0x8
 339 024c C1020000 		.4byte	0x2c1
 340 0250 0A       		.uleb128 0xa
 341 0251 78060000 		.4byte	.LASF45
 342 0255 05       		.byte	0x5
ARM GAS  C:\Users\acest\AppData\Local\Temp\ccGG6LYR.s 			page 7


 343 0256 8E01     		.2byte	0x18e
 344 0258 21       		.byte	0x21
 345 0259 43070000 		.4byte	0x743
 346 025d 00       		.byte	0
 347 025e 0A       		.uleb128 0xa
 348 025f 30010000 		.4byte	.LASF46
 349 0263 05       		.byte	0x5
 350 0264 9201     		.2byte	0x192
 351 0266 21       		.byte	0x21
 352 0267 C0050000 		.4byte	0x5c0
 353 026b 10       		.byte	0x10
 354 026c 0A       		.uleb128 0xa
 355 026d 0B060000 		.4byte	.LASF47
 356 0271 05       		.byte	0x5
 357 0272 9901     		.2byte	0x199
 358 0274 21       		.byte	0x21
 359 0275 E7050000 		.4byte	0x5e7
 360 0279 28       		.byte	0x28
 361 027a 0A       		.uleb128 0xa
 362 027b 58000000 		.4byte	.LASF48
 363 027f 05       		.byte	0x5
 364 0280 9E01     		.2byte	0x19e
 365 0282 21       		.byte	0x21
 366 0283 3B010000 		.4byte	0x13b
 367 0287 30       		.byte	0x30
 368 0288 0A       		.uleb128 0xa
 369 0289 0D000000 		.4byte	.LASF49
 370 028d 05       		.byte	0x5
 371 028e A401     		.2byte	0x1a4
 372 0290 21       		.byte	0x21
 373 0291 E8020000 		.4byte	0x2e8
 374 0295 34       		.byte	0x34
 375 0296 0A       		.uleb128 0xa
 376 0297 91050000 		.4byte	.LASF50
 377 029b 05       		.byte	0x5
 378 029c A901     		.2byte	0x1a9
 379 029e 22       		.byte	0x22
 380 029f B7070000 		.4byte	0x7b7
 381 02a3 38       		.byte	0x38
 382 02a4 0A       		.uleb128 0xa
 383 02a5 A5000000 		.4byte	.LASF51
 384 02a9 05       		.byte	0x5
 385 02aa AD01     		.2byte	0x1ad
 386 02ac 21       		.byte	0x21
 387 02ad 47010000 		.4byte	0x147
 388 02b1 3C       		.byte	0x3c
 389 02b2 09       		.uleb128 0x9
 390 02b3 64626700 		.ascii	"dbg\000"
 391 02b7 05       		.byte	0x5
 392 02b8 B101     		.2byte	0x1b1
 393 02ba 21       		.byte	0x21
 394 02bb 26030000 		.4byte	0x326
 395 02bf AC       		.byte	0xac
 396 02c0 00       		.byte	0
 397 02c1 04       		.uleb128 0x4
 398 02c2 D7030000 		.4byte	.LASF52
 399 02c6 06       		.byte	0x6
ARM GAS  C:\Users\acest\AppData\Local\Temp\ccGG6LYR.s 			page 8


 400 02c7 3F       		.byte	0x3f
 401 02c8 12       		.byte	0x12
 402 02c9 B2000000 		.4byte	0xb2
 403 02cd 06       		.uleb128 0x6
 404 02ce 64010000 		.4byte	.LASF53
 405 02d2 04       		.byte	0x4
 406 02d3 06       		.byte	0x6
 407 02d4 44       		.byte	0x44
 408 02d5 10       		.byte	0x10
 409 02d6 E8020000 		.4byte	0x2e8
 410 02da 08       		.uleb128 0x8
 411 02db E3010000 		.4byte	.LASF54
 412 02df 06       		.byte	0x6
 413 02e0 48       		.byte	0x48
 414 02e1 21       		.byte	0x21
 415 02e2 C1020000 		.4byte	0x2c1
 416 02e6 00       		.byte	0
 417 02e7 00       		.byte	0
 418 02e8 04       		.uleb128 0x4
 419 02e9 EA040000 		.4byte	.LASF55
 420 02ed 06       		.byte	0x6
 421 02ee 49       		.byte	0x49
 422 02ef 03       		.byte	0x3
 423 02f0 CD020000 		.4byte	0x2cd
 424 02f4 06       		.uleb128 0x6
 425 02f5 E8010000 		.4byte	.LASF56
 426 02f9 04       		.byte	0x4
 427 02fa 07       		.byte	0x7
 428 02fb 3E       		.byte	0x3e
 429 02fc 10       		.byte	0x10
 430 02fd 0F030000 		.4byte	0x30f
 431 0301 08       		.uleb128 0x8
 432 0302 DD050000 		.4byte	.LASF57
 433 0306 07       		.byte	0x7
 434 0307 46       		.byte	0x46
 435 0308 24       		.byte	0x24
 436 0309 15030000 		.4byte	0x315
 437 030d 00       		.byte	0
 438 030e 00       		.byte	0
 439 030f 0C       		.uleb128 0xc
 440 0310 04       		.byte	0x4
 441 0311 21030000 		.4byte	0x321
 442 0315 05       		.uleb128 0x5
 443 0316 0F030000 		.4byte	0x30f
 444 031a 03       		.uleb128 0x3
 445 031b 01       		.byte	0x1
 446 031c 08       		.byte	0x8
 447 031d 8C050000 		.4byte	.LASF58
 448 0321 0D       		.uleb128 0xd
 449 0322 1A030000 		.4byte	0x31a
 450 0326 04       		.uleb128 0x4
 451 0327 49000000 		.4byte	.LASF59
 452 032b 07       		.byte	0x7
 453 032c 51       		.byte	0x51
 454 032d 03       		.byte	0x3
 455 032e F4020000 		.4byte	0x2f4
 456 0332 04       		.uleb128 0x4
ARM GAS  C:\Users\acest\AppData\Local\Temp\ccGG6LYR.s 			page 9


 457 0333 BB050000 		.4byte	.LASF60
 458 0337 08       		.byte	0x8
 459 0338 6D       		.byte	0x6d
 460 0339 12       		.byte	0x12
 461 033a B2000000 		.4byte	0xb2
 462 033e 04       		.uleb128 0x4
 463 033f 25020000 		.4byte	.LASF61
 464 0343 08       		.byte	0x8
 465 0344 79       		.byte	0x79
 466 0345 12       		.byte	0x12
 467 0346 B2000000 		.4byte	0xb2
 468 034a 04       		.uleb128 0x4
 469 034b 33040000 		.4byte	.LASF62
 470 034f 09       		.byte	0x9
 471 0350 32       		.byte	0x32
 472 0351 18       		.byte	0x18
 473 0352 56030000 		.4byte	0x356
 474 0356 06       		.uleb128 0x6
 475 0357 80030000 		.4byte	.LASF63
 476 035b 04       		.byte	0x4
 477 035c 09       		.byte	0x9
 478 035d 38       		.byte	0x38
 479 035e 08       		.byte	0x8
 480 035f 71030000 		.4byte	0x371
 481 0363 08       		.uleb128 0x8
 482 0364 CE000000 		.4byte	.LASF64
 483 0368 09       		.byte	0x9
 484 0369 39       		.byte	0x39
 485 036a 1A       		.byte	0x1a
 486 036b 71030000 		.4byte	0x371
 487 036f 00       		.byte	0
 488 0370 00       		.byte	0
 489 0371 0C       		.uleb128 0xc
 490 0372 04       		.byte	0x4
 491 0373 4A030000 		.4byte	0x34a
 492 0377 04       		.uleb128 0x4
 493 0378 6D020000 		.4byte	.LASF65
 494 037c 09       		.byte	0x9
 495 037d 3F       		.byte	0x3f
 496 037e 19       		.byte	0x19
 497 037f 88030000 		.4byte	0x388
 498 0383 0D       		.uleb128 0xd
 499 0384 77030000 		.4byte	0x377
 500 0388 06       		.uleb128 0x6
 501 0389 6C010000 		.4byte	.LASF66
 502 038d 08       		.byte	0x8
 503 038e 09       		.byte	0x9
 504 038f 45       		.byte	0x45
 505 0390 08       		.byte	0x8
 506 0391 B0030000 		.4byte	0x3b0
 507 0395 08       		.uleb128 0x8
 508 0396 CE000000 		.4byte	.LASF64
 509 039a 09       		.byte	0x9
 510 039b 46       		.byte	0x46
 511 039c 1A       		.byte	0x1a
 512 039d B0030000 		.4byte	0x3b0
 513 03a1 00       		.byte	0
ARM GAS  C:\Users\acest\AppData\Local\Temp\ccGG6LYR.s 			page 10


 514 03a2 08       		.uleb128 0x8
 515 03a3 38000000 		.4byte	.LASF67
 516 03a7 09       		.byte	0x9
 517 03a8 47       		.byte	0x47
 518 03a9 1A       		.byte	0x1a
 519 03aa B0030000 		.4byte	0x3b0
 520 03ae 04       		.byte	0x4
 521 03af 00       		.byte	0
 522 03b0 0C       		.uleb128 0xc
 523 03b1 04       		.byte	0x4
 524 03b2 77030000 		.4byte	0x377
 525 03b6 04       		.uleb128 0x4
 526 03b7 60000000 		.4byte	.LASF68
 527 03bb 09       		.byte	0x9
 528 03bc 4E       		.byte	0x4e
 529 03bd 22       		.byte	0x22
 530 03be C2030000 		.4byte	0x3c2
 531 03c2 06       		.uleb128 0x6
 532 03c3 13060000 		.4byte	.LASF69
 533 03c7 0C       		.byte	0xc
 534 03c8 09       		.byte	0x9
 535 03c9 55       		.byte	0x55
 536 03ca 08       		.byte	0x8
 537 03cb F7030000 		.4byte	0x3f7
 538 03cf 08       		.uleb128 0x8
 539 03d0 CE000000 		.4byte	.LASF64
 540 03d4 09       		.byte	0x9
 541 03d5 56       		.byte	0x56
 542 03d6 1A       		.byte	0x1a
 543 03d7 F7030000 		.4byte	0x3f7
 544 03db 00       		.byte	0
 545 03dc 08       		.uleb128 0x8
 546 03dd 38000000 		.4byte	.LASF67
 547 03e1 09       		.byte	0x9
 548 03e2 57       		.byte	0x57
 549 03e3 1A       		.byte	0x1a
 550 03e4 F7030000 		.4byte	0x3f7
 551 03e8 04       		.byte	0x4
 552 03e9 08       		.uleb128 0x8
 553 03ea 6C040000 		.4byte	.LASF70
 554 03ee 09       		.byte	0x9
 555 03ef 58       		.byte	0x58
 556 03f0 19       		.byte	0x19
 557 03f1 0B010000 		.4byte	0x10b
 558 03f5 08       		.byte	0x8
 559 03f6 00       		.byte	0
 560 03f7 0C       		.uleb128 0xc
 561 03f8 04       		.byte	0x4
 562 03f9 B6030000 		.4byte	0x3b6
 563 03fd 04       		.uleb128 0x4
 564 03fe 90010000 		.4byte	.LASF71
 565 0402 09       		.byte	0x9
 566 0403 5F       		.byte	0x5f
 567 0404 1E       		.byte	0x1e
 568 0405 09040000 		.4byte	0x409
 569 0409 06       		.uleb128 0x6
 570 040a 1A010000 		.4byte	.LASF72
ARM GAS  C:\Users\acest\AppData\Local\Temp\ccGG6LYR.s 			page 11


 571 040e 0C       		.byte	0xc
 572 040f 09       		.byte	0x9
 573 0410 64       		.byte	0x64
 574 0411 08       		.byte	0x8
 575 0412 3E040000 		.4byte	0x43e
 576 0416 08       		.uleb128 0x8
 577 0417 CE000000 		.4byte	.LASF64
 578 041b 09       		.byte	0x9
 579 041c 65       		.byte	0x65
 580 041d 1A       		.byte	0x1a
 581 041e 3E040000 		.4byte	0x43e
 582 0422 00       		.byte	0
 583 0423 08       		.uleb128 0x8
 584 0424 38000000 		.4byte	.LASF67
 585 0428 09       		.byte	0x9
 586 0429 66       		.byte	0x66
 587 042a 1A       		.byte	0x1a
 588 042b 3E040000 		.4byte	0x43e
 589 042f 04       		.byte	0x4
 590 0430 08       		.uleb128 0x8
 591 0431 18000000 		.4byte	.LASF73
 592 0435 09       		.byte	0x9
 593 0436 67       		.byte	0x67
 594 0437 19       		.byte	0x19
 595 0438 3E030000 		.4byte	0x33e
 596 043c 08       		.byte	0x8
 597 043d 00       		.byte	0
 598 043e 0C       		.uleb128 0xc
 599 043f 04       		.byte	0x4
 600 0440 FD030000 		.4byte	0x3fd
 601 0444 0B       		.uleb128 0xb
 602 0445 60040000 		.4byte	.LASF74
 603 0449 20       		.byte	0x20
 604 044a 0A       		.byte	0xa
 605 044b 9301     		.2byte	0x193
 606 044d 08       		.byte	0x8
 607 044e BE040000 		.4byte	0x4be
 608 0452 09       		.uleb128 0x9
 609 0453 723000   		.ascii	"r0\000"
 610 0456 0A       		.byte	0xa
 611 0457 9401     		.2byte	0x194
 612 0459 19       		.byte	0x19
 613 045a B2000000 		.4byte	0xb2
 614 045e 00       		.byte	0
 615 045f 09       		.uleb128 0x9
 616 0460 723100   		.ascii	"r1\000"
 617 0463 0A       		.byte	0xa
 618 0464 9501     		.2byte	0x195
 619 0466 19       		.byte	0x19
 620 0467 B2000000 		.4byte	0xb2
 621 046b 04       		.byte	0x4
 622 046c 09       		.uleb128 0x9
 623 046d 723200   		.ascii	"r2\000"
 624 0470 0A       		.byte	0xa
 625 0471 9601     		.2byte	0x196
 626 0473 19       		.byte	0x19
 627 0474 B2000000 		.4byte	0xb2
ARM GAS  C:\Users\acest\AppData\Local\Temp\ccGG6LYR.s 			page 12


 628 0478 08       		.byte	0x8
 629 0479 09       		.uleb128 0x9
 630 047a 723300   		.ascii	"r3\000"
 631 047d 0A       		.byte	0xa
 632 047e 9701     		.2byte	0x197
 633 0480 19       		.byte	0x19
 634 0481 B2000000 		.4byte	0xb2
 635 0485 0C       		.byte	0xc
 636 0486 09       		.uleb128 0x9
 637 0487 72313200 		.ascii	"r12\000"
 638 048b 0A       		.byte	0xa
 639 048c 9801     		.2byte	0x198
 640 048e 19       		.byte	0x19
 641 048f B2000000 		.4byte	0xb2
 642 0493 10       		.byte	0x10
 643 0494 0A       		.uleb128 0xa
 644 0495 46020000 		.4byte	.LASF75
 645 0499 0A       		.byte	0xa
 646 049a 9901     		.2byte	0x199
 647 049c 19       		.byte	0x19
 648 049d B2000000 		.4byte	0xb2
 649 04a1 14       		.byte	0x14
 650 04a2 09       		.uleb128 0x9
 651 04a3 706300   		.ascii	"pc\000"
 652 04a6 0A       		.byte	0xa
 653 04a7 9A01     		.2byte	0x19a
 654 04a9 19       		.byte	0x19
 655 04aa B2000000 		.4byte	0xb2
 656 04ae 18       		.byte	0x18
 657 04af 0A       		.uleb128 0xa
 658 04b0 04050000 		.4byte	.LASF76
 659 04b4 0A       		.byte	0xa
 660 04b5 9B01     		.2byte	0x19b
 661 04b7 19       		.byte	0x19
 662 04b8 B2000000 		.4byte	0xb2
 663 04bc 1C       		.byte	0x1c
 664 04bd 00       		.byte	0
 665 04be 0B       		.uleb128 0xb
 666 04bf 3D000000 		.4byte	.LASF77
 667 04c3 28       		.byte	0x28
 668 04c4 0A       		.byte	0xa
 669 04c5 B701     		.2byte	0x1b7
 670 04c7 08       		.byte	0x8
 671 04c8 53050000 		.4byte	0x553
 672 04cc 0A       		.uleb128 0xa
 673 04cd 50030000 		.4byte	.LASF78
 674 04d1 0A       		.byte	0xa
 675 04d2 B801     		.2byte	0x1b8
 676 04d4 19       		.byte	0x19
 677 04d5 B2000000 		.4byte	0xb2
 678 04d9 00       		.byte	0
 679 04da 09       		.uleb128 0x9
 680 04db 723400   		.ascii	"r4\000"
 681 04de 0A       		.byte	0xa
 682 04df B901     		.2byte	0x1b9
 683 04e1 19       		.byte	0x19
 684 04e2 B2000000 		.4byte	0xb2
ARM GAS  C:\Users\acest\AppData\Local\Temp\ccGG6LYR.s 			page 13


 685 04e6 04       		.byte	0x4
 686 04e7 09       		.uleb128 0x9
 687 04e8 723500   		.ascii	"r5\000"
 688 04eb 0A       		.byte	0xa
 689 04ec BA01     		.2byte	0x1ba
 690 04ee 19       		.byte	0x19
 691 04ef B2000000 		.4byte	0xb2
 692 04f3 08       		.byte	0x8
 693 04f4 09       		.uleb128 0x9
 694 04f5 723600   		.ascii	"r6\000"
 695 04f8 0A       		.byte	0xa
 696 04f9 BB01     		.2byte	0x1bb
 697 04fb 19       		.byte	0x19
 698 04fc B2000000 		.4byte	0xb2
 699 0500 0C       		.byte	0xc
 700 0501 09       		.uleb128 0x9
 701 0502 723700   		.ascii	"r7\000"
 702 0505 0A       		.byte	0xa
 703 0506 BC01     		.2byte	0x1bc
 704 0508 19       		.byte	0x19
 705 0509 B2000000 		.4byte	0xb2
 706 050d 10       		.byte	0x10
 707 050e 09       		.uleb128 0x9
 708 050f 723800   		.ascii	"r8\000"
 709 0512 0A       		.byte	0xa
 710 0513 BD01     		.2byte	0x1bd
 711 0515 19       		.byte	0x19
 712 0516 B2000000 		.4byte	0xb2
 713 051a 14       		.byte	0x14
 714 051b 09       		.uleb128 0x9
 715 051c 723900   		.ascii	"r9\000"
 716 051f 0A       		.byte	0xa
 717 0520 BE01     		.2byte	0x1be
 718 0522 19       		.byte	0x19
 719 0523 B2000000 		.4byte	0xb2
 720 0527 18       		.byte	0x18
 721 0528 09       		.uleb128 0x9
 722 0529 72313000 		.ascii	"r10\000"
 723 052d 0A       		.byte	0xa
 724 052e BF01     		.2byte	0x1bf
 725 0530 19       		.byte	0x19
 726 0531 B2000000 		.4byte	0xb2
 727 0535 1C       		.byte	0x1c
 728 0536 09       		.uleb128 0x9
 729 0537 72313100 		.ascii	"r11\000"
 730 053b 0A       		.byte	0xa
 731 053c C001     		.2byte	0x1c0
 732 053e 19       		.byte	0x19
 733 053f B2000000 		.4byte	0xb2
 734 0543 20       		.byte	0x20
 735 0544 0A       		.uleb128 0xa
 736 0545 A2030000 		.4byte	.LASF79
 737 0549 0A       		.byte	0xa
 738 054a C401     		.2byte	0x1c4
 739 054c 19       		.byte	0x19
 740 054d B2000000 		.4byte	0xb2
 741 0551 24       		.byte	0x24
ARM GAS  C:\Users\acest\AppData\Local\Temp\ccGG6LYR.s 			page 14


 742 0552 00       		.byte	0
 743 0553 0B       		.uleb128 0xb
 744 0554 53040000 		.4byte	.LASF80
 745 0558 2C       		.byte	0x2c
 746 0559 0A       		.byte	0xa
 747 055a DF01     		.2byte	0x1df
 748 055c 08       		.byte	0x8
 749 055d 7D050000 		.4byte	0x57d
 750 0561 09       		.uleb128 0x9
 751 0562 737000   		.ascii	"sp\000"
 752 0565 0A       		.byte	0xa
 753 0566 E001     		.2byte	0x1e0
 754 0568 1A       		.byte	0x1a
 755 0569 7D050000 		.4byte	0x57d
 756 056d 00       		.byte	0
 757 056e 0A       		.uleb128 0xa
 758 056f 61050000 		.4byte	.LASF81
 759 0573 0A       		.byte	0xa
 760 0574 E101     		.2byte	0x1e1
 761 0576 19       		.byte	0x19
 762 0577 BE040000 		.4byte	0x4be
 763 057b 04       		.byte	0x4
 764 057c 00       		.byte	0
 765 057d 0C       		.uleb128 0xc
 766 057e 04       		.byte	0x4
 767 057f 44040000 		.4byte	0x444
 768 0583 0C       		.uleb128 0xc
 769 0584 04       		.byte	0x4
 770 0585 DB000000 		.4byte	0xdb
 771 0589 0E       		.uleb128 0xe
 772 058a 04       		.byte	0x4
 773 058b 06       		.uleb128 0x6
 774 058c F6030000 		.4byte	.LASF82
 775 0590 18       		.byte	0x18
 776 0591 05       		.byte	0x5
 777 0592 64       		.byte	0x64
 778 0593 10       		.byte	0x10
 779 0594 C0050000 		.4byte	0x5c0
 780 0598 08       		.uleb128 0x8
 781 0599 B5050000 		.4byte	.LASF83
 782 059d 05       		.byte	0x5
 783 059e 68       		.byte	0x68
 784 059f 21       		.byte	0x21
 785 05a0 FD030000 		.4byte	0x3fd
 786 05a4 00       		.byte	0
 787 05a5 08       		.uleb128 0x8
 788 05a6 FB040000 		.4byte	.LASF84
 789 05aa 05       		.byte	0x5
 790 05ab 73       		.byte	0x73
 791 05ac 21       		.byte	0x21
 792 05ad 32030000 		.4byte	0x332
 793 05b1 0C       		.byte	0xc
 794 05b2 08       		.uleb128 0x8
 795 05b3 C4030000 		.4byte	.LASF85
 796 05b7 05       		.byte	0x5
 797 05b8 79       		.byte	0x79
 798 05b9 21       		.byte	0x21
ARM GAS  C:\Users\acest\AppData\Local\Temp\ccGG6LYR.s 			page 15


 799 05ba CA000000 		.4byte	0xca
 800 05be 10       		.byte	0x10
 801 05bf 00       		.byte	0
 802 05c0 04       		.uleb128 0x4
 803 05c1 B8000000 		.4byte	.LASF86
 804 05c5 05       		.byte	0x5
 805 05c6 7B       		.byte	0x7b
 806 05c7 03       		.byte	0x3
 807 05c8 8B050000 		.4byte	0x58b
 808 05cc 06       		.uleb128 0x6
 809 05cd A0010000 		.4byte	.LASF87
 810 05d1 08       		.byte	0x8
 811 05d2 05       		.byte	0x5
 812 05d3 80       		.byte	0x80
 813 05d4 10       		.byte	0x10
 814 05d5 E7050000 		.4byte	0x5e7
 815 05d9 08       		.uleb128 0x8
 816 05da 75010000 		.4byte	.LASF88
 817 05de 05       		.byte	0x5
 818 05df 84       		.byte	0x84
 819 05e0 21       		.byte	0x21
 820 05e1 77030000 		.4byte	0x377
 821 05e5 00       		.byte	0
 822 05e6 00       		.byte	0
 823 05e7 04       		.uleb128 0x4
 824 05e8 30050000 		.4byte	.LASF89
 825 05ec 05       		.byte	0x5
 826 05ed 85       		.byte	0x85
 827 05ee 03       		.byte	0x3
 828 05ef CC050000 		.4byte	0x5cc
 829 05f3 04       		.uleb128 0x4
 830 05f4 E3030000 		.4byte	.LASF90
 831 05f8 05       		.byte	0x5
 832 05f9 8A       		.byte	0x8a
 833 05fa 14       		.byte	0x14
 834 05fb FF050000 		.4byte	0x5ff
 835 05ff 0C       		.uleb128 0xc
 836 0600 04       		.byte	0x4
 837 0601 47010000 		.4byte	0x147
 838 0605 0F       		.uleb128 0xf
 839 0606 0C       		.byte	0xc
 840 0607 05       		.byte	0x5
 841 0608 A0       		.byte	0xa0
 842 0609 03       		.byte	0x3
 843 060a 33060000 		.4byte	0x633
 844 060e 10       		.uleb128 0x10
 845 060f CE060000 		.4byte	.LASF91
 846 0613 05       		.byte	0x5
 847 0614 A4       		.byte	0xa4
 848 0615 21       		.byte	0x21
 849 0616 4A030000 		.4byte	0x34a
 850 061a 10       		.uleb128 0x10
 851 061b 75010000 		.4byte	.LASF88
 852 061f 05       		.byte	0x5
 853 0620 A8       		.byte	0xa8
 854 0621 21       		.byte	0x21
 855 0622 77030000 		.4byte	0x377
ARM GAS  C:\Users\acest\AppData\Local\Temp\ccGG6LYR.s 			page 16


 856 0626 10       		.uleb128 0x10
 857 0627 E7050000 		.4byte	.LASF92
 858 062b 05       		.byte	0x5
 859 062c AC       		.byte	0xac
 860 062d 21       		.byte	0x21
 861 062e B6030000 		.4byte	0x3b6
 862 0632 00       		.byte	0
 863 0633 0F       		.uleb128 0xf
 864 0634 04       		.byte	0x4
 865 0635 05       		.byte	0x5
 866 0636 EB       		.byte	0xeb
 867 0637 03       		.byte	0x3
 868 0638 A3060000 		.4byte	0x6a3
 869 063c 10       		.uleb128 0x10
 870 063d 1E000000 		.4byte	.LASF93
 871 0641 05       		.byte	0x5
 872 0642 F2       		.byte	0xf2
 873 0643 21       		.byte	0x21
 874 0644 17010000 		.4byte	0x117
 875 0648 10       		.uleb128 0x10
 876 0649 9C000000 		.4byte	.LASF94
 877 064d 05       		.byte	0x5
 878 064e F9       		.byte	0xf9
 879 064f 21       		.byte	0x21
 880 0650 17010000 		.4byte	0x117
 881 0654 11       		.uleb128 0x11
 882 0655 9A060000 		.4byte	.LASF95
 883 0659 05       		.byte	0x5
 884 065a 0001     		.2byte	0x100
 885 065c 22       		.byte	0x22
 886 065d 89050000 		.4byte	0x589
 887 0661 11       		.uleb128 0x11
 888 0662 12000000 		.4byte	.LASF96
 889 0666 05       		.byte	0x5
 890 0667 0701     		.2byte	0x107
 891 0669 22       		.byte	0x22
 892 066a A3060000 		.4byte	0x6a3
 893 066e 11       		.uleb128 0x11
 894 066f B0000000 		.4byte	.LASF97
 895 0673 05       		.byte	0x5
 896 0674 0C01     		.2byte	0x10c
 897 0676 21       		.byte	0x21
 898 0677 17010000 		.4byte	0x117
 899 067b 11       		.uleb128 0x11
 900 067c 4D020000 		.4byte	.LASF98
 901 0680 05       		.byte	0x5
 902 0681 1501     		.2byte	0x115
 903 0683 22       		.byte	0x22
 904 0684 D1060000 		.4byte	0x6d1
 905 0688 11       		.uleb128 0x11
 906 0689 44050000 		.4byte	.LASF99
 907 068d 05       		.byte	0x5
 908 068e 1E01     		.2byte	0x11e
 909 0690 22       		.byte	0x22
 910 0691 0C070000 		.4byte	0x70c
 911 0695 11       		.uleb128 0x11
 912 0696 09050000 		.4byte	.LASF100
ARM GAS  C:\Users\acest\AppData\Local\Temp\ccGG6LYR.s 			page 17


 913 069a 05       		.byte	0x5
 914 069b 2601     		.2byte	0x126
 915 069d 21       		.byte	0x21
 916 069e 23010000 		.4byte	0x123
 917 06a2 00       		.byte	0
 918 06a3 0C       		.uleb128 0xc
 919 06a4 04       		.byte	0x4
 920 06a5 F3050000 		.4byte	0x5f3
 921 06a9 06       		.uleb128 0x6
 922 06aa 23050000 		.4byte	.LASF101
 923 06ae 0C       		.byte	0xc
 924 06af 0B       		.byte	0xb
 925 06b0 34       		.byte	0x34
 926 06b1 10       		.byte	0x10
 927 06b2 D1060000 		.4byte	0x6d1
 928 06b6 08       		.uleb128 0x8
 929 06b7 75010000 		.4byte	.LASF88
 930 06bb 0B       		.byte	0xb
 931 06bc 35       		.byte	0x35
 932 06bd 19       		.byte	0x19
 933 06be 77030000 		.4byte	0x377
 934 06c2 00       		.byte	0
 935 06c3 07       		.uleb128 0x7
 936 06c4 636E7400 		.ascii	"cnt\000"
 937 06c8 0B       		.byte	0xb
 938 06c9 37       		.byte	0x37
 939 06ca 19       		.byte	0x19
 940 06cb 2F010000 		.4byte	0x12f
 941 06cf 08       		.byte	0x8
 942 06d0 00       		.byte	0
 943 06d1 0C       		.uleb128 0xc
 944 06d2 04       		.byte	0x4
 945 06d3 A9060000 		.4byte	0x6a9
 946 06d7 06       		.uleb128 0x6
 947 06d8 53060000 		.4byte	.LASF102
 948 06dc 10       		.byte	0x10
 949 06dd 0C       		.byte	0xc
 950 06de 39       		.byte	0x39
 951 06df 08       		.byte	0x8
 952 06e0 0C070000 		.4byte	0x70c
 953 06e4 08       		.uleb128 0x8
 954 06e5 75010000 		.4byte	.LASF88
 955 06e9 0C       		.byte	0xc
 956 06ea 3A       		.byte	0x3a
 957 06eb 19       		.byte	0x19
 958 06ec 77030000 		.4byte	0x377
 959 06f0 00       		.byte	0
 960 06f1 08       		.uleb128 0x8
 961 06f2 5B050000 		.4byte	.LASF30
 962 06f6 0C       		.byte	0xc
 963 06f7 3C       		.byte	0x3c
 964 06f8 1A       		.byte	0x1a
 965 06f9 FF050000 		.4byte	0x5ff
 966 06fd 08       		.byte	0x8
 967 06fe 08       		.uleb128 0x8
 968 06ff CE000000 		.4byte	.LASF64
 969 0703 0C       		.byte	0xc
ARM GAS  C:\Users\acest\AppData\Local\Temp\ccGG6LYR.s 			page 18


 970 0704 3E       		.byte	0x3e
 971 0705 1A       		.byte	0x1a
 972 0706 D6070000 		.4byte	0x7d6
 973 070a 0C       		.byte	0xc
 974 070b 00       		.byte	0
 975 070c 0C       		.uleb128 0xc
 976 070d 04       		.byte	0x4
 977 070e D7060000 		.4byte	0x6d7
 978 0712 0C       		.uleb128 0xc
 979 0713 04       		.byte	0x4
 980 0714 36020000 		.4byte	0x236
 981 0718 0B       		.uleb128 0xb
 982 0719 88030000 		.4byte	.LASF103
 983 071d 10       		.byte	0x10
 984 071e 05       		.byte	0x5
 985 071f 5C01     		.2byte	0x15c
 986 0721 10       		.byte	0x10
 987 0722 43070000 		.4byte	0x743
 988 0726 0A       		.uleb128 0xa
 989 0727 E7050000 		.4byte	.LASF92
 990 072b 05       		.byte	0x5
 991 072c 6101     		.2byte	0x161
 992 072e 21       		.byte	0x21
 993 072f B6030000 		.4byte	0x3b6
 994 0733 00       		.byte	0
 995 0734 0A       		.uleb128 0xa
 996 0735 81040000 		.4byte	.LASF104
 997 0739 05       		.byte	0x5
 998 073a 6501     		.2byte	0x165
 999 073c 22       		.byte	0x22
 1000 073d FF050000 		.4byte	0x5ff
 1001 0741 0C       		.byte	0xc
 1002 0742 00       		.byte	0
 1003 0743 12       		.uleb128 0x12
 1004 0744 00000000 		.4byte	.LASF105
 1005 0748 05       		.byte	0x5
 1006 0749 6601     		.2byte	0x166
 1007 074b 03       		.byte	0x3
 1008 074c 18070000 		.4byte	0x718
 1009 0750 0B       		.uleb128 0xb
 1010 0751 3D040000 		.4byte	.LASF106
 1011 0755 14       		.byte	0x14
 1012 0756 05       		.byte	0x5
 1013 0757 6B01     		.2byte	0x16b
 1014 0759 10       		.byte	0x10
 1015 075a A5070000 		.4byte	0x7a5
 1016 075e 0A       		.uleb128 0xa
 1017 075f 80020000 		.4byte	.LASF31
 1018 0763 05       		.byte	0x5
 1019 0764 6F01     		.2byte	0x16f
 1020 0766 22       		.byte	0x22
 1021 0767 0F030000 		.4byte	0x30f
 1022 076b 00       		.byte	0
 1023 076c 0A       		.uleb128 0xa
 1024 076d 00020000 		.4byte	.LASF107
 1025 0771 05       		.byte	0x5
 1026 0772 7501     		.2byte	0x175
ARM GAS  C:\Users\acest\AppData\Local\Temp\ccGG6LYR.s 			page 19


 1027 0774 22       		.byte	0x22
 1028 0775 83050000 		.4byte	0x583
 1029 0779 04       		.byte	0x4
 1030 077a 0A       		.uleb128 0xa
 1031 077b A1060000 		.4byte	.LASF108
 1032 077f 05       		.byte	0x5
 1033 0780 7901     		.2byte	0x179
 1034 0782 22       		.byte	0x22
 1035 0783 83050000 		.4byte	0x583
 1036 0787 08       		.byte	0x8
 1037 0788 0A       		.uleb128 0xa
 1038 0789 B4030000 		.4byte	.LASF109
 1039 078d 05       		.byte	0x5
 1040 078e 7F01     		.2byte	0x17f
 1041 0790 22       		.byte	0x22
 1042 0791 83050000 		.4byte	0x583
 1043 0795 0C       		.byte	0xc
 1044 0796 0A       		.uleb128 0xa
 1045 0797 DD060000 		.4byte	.LASF110
 1046 079b 05       		.byte	0x5
 1047 079c 8301     		.2byte	0x183
 1048 079e 22       		.byte	0x22
 1049 079f 83050000 		.4byte	0x583
 1050 07a3 10       		.byte	0x10
 1051 07a4 00       		.byte	0
 1052 07a5 12       		.uleb128 0x12
 1053 07a6 3E060000 		.4byte	.LASF111
 1054 07aa 05       		.byte	0x5
 1055 07ab 8501     		.2byte	0x185
 1056 07ad 03       		.byte	0x3
 1057 07ae 50070000 		.4byte	0x750
 1058 07b2 0D       		.uleb128 0xd
 1059 07b3 A5070000 		.4byte	0x7a5
 1060 07b7 0C       		.uleb128 0xc
 1061 07b8 04       		.byte	0x4
 1062 07b9 B2070000 		.4byte	0x7b2
 1063 07bd 13       		.uleb128 0x13
 1064 07be 63683000 		.ascii	"ch0\000"
 1065 07c2 11       		.byte	0x11
 1066 07c3 4101     		.2byte	0x141
 1067 07c5 16       		.byte	0x16
 1068 07c6 36020000 		.4byte	0x236
 1069 07ca 04       		.uleb128 0x4
 1070 07cb 10020000 		.4byte	.LASF112
 1071 07cf 0C       		.byte	0xc
 1072 07d0 34       		.byte	0x34
 1073 07d1 19       		.byte	0x19
 1074 07d2 D7060000 		.4byte	0x6d7
 1075 07d6 0C       		.uleb128 0xc
 1076 07d7 04       		.byte	0x4
 1077 07d8 CA070000 		.4byte	0x7ca
 1078 07dc 06       		.uleb128 0x6
 1079 07dd 0D040000 		.4byte	.LASF113
 1080 07e1 08       		.byte	0x8
 1081 07e2 0D       		.byte	0xd
 1082 07e3 3B       		.byte	0x3b
 1083 07e4 10       		.byte	0x10
ARM GAS  C:\Users\acest\AppData\Local\Temp\ccGG6LYR.s 			page 20


 1084 07e5 F7070000 		.4byte	0x7f7
 1085 07e9 08       		.uleb128 0x8
 1086 07ea 75010000 		.4byte	.LASF88
 1087 07ee 0D       		.byte	0xd
 1088 07ef 3C       		.byte	0x3c
 1089 07f0 19       		.byte	0x19
 1090 07f1 77030000 		.4byte	0x377
 1091 07f5 00       		.byte	0
 1092 07f6 00       		.byte	0
 1093 07f7 04       		.uleb128 0x4
 1094 07f8 05010000 		.4byte	.LASF114
 1095 07fc 0D       		.byte	0xd
 1096 07fd 3E       		.byte	0x3e
 1097 07fe 03       		.byte	0x3
 1098 07ff DC070000 		.4byte	0x7dc
 1099 0803 03       		.uleb128 0x3
 1100 0804 01       		.byte	0x1
 1101 0805 02       		.byte	0x2
 1102 0806 CE040000 		.4byte	.LASF115
 1103 080a 14       		.uleb128 0x14
 1104 080b 20040000 		.4byte	.LASF118
 1105 080f 0E       		.byte	0xe
 1106 0810 2701     		.2byte	0x127
 1107 0812 07       		.byte	0x7
 1108 0813 17010000 		.4byte	0x117
 1109 0817 64080000 		.4byte	0x864
 1110 081b 15       		.uleb128 0x15
 1111 081c 637000   		.ascii	"cp\000"
 1112 081f 0E       		.byte	0xe
 1113 0820 2701     		.2byte	0x127
 1114 0822 30       		.byte	0x30
 1115 0823 64080000 		.4byte	0x864
 1116 0827 16       		.uleb128 0x16
 1117 0828 78020000 		.4byte	.LASF116
 1118 082c 0E       		.byte	0xe
 1119 082d 2701     		.2byte	0x127
 1120 082f 42       		.byte	0x42
 1121 0830 3E030000 		.4byte	0x33e
 1122 0834 17       		.uleb128 0x17
 1123 0835 62030000 		.4byte	.LASF117
 1124 0839 0E       		.byte	0xe
 1125 083a 2801     		.2byte	0x128
 1126 083c 0D       		.byte	0xd
 1127 083d FF050000 		.4byte	0x5ff
 1128 0841 18       		.uleb128 0x18
 1129 0842 6D7000   		.ascii	"mp\000"
 1130 0845 0E       		.byte	0xe
 1131 0846 2901     		.2byte	0x129
 1132 0848 0C       		.byte	0xc
 1133 0849 D6070000 		.4byte	0x7d6
 1134 084d 18       		.uleb128 0x18
 1135 084e 6D736700 		.ascii	"msg\000"
 1136 0852 0E       		.byte	0xe
 1137 0853 2A01     		.2byte	0x12a
 1138 0855 09       		.byte	0x9
 1139 0856 17010000 		.4byte	0x117
 1140 085a 19       		.uleb128 0x19
ARM GAS  C:\Users\acest\AppData\Local\Temp\ccGG6LYR.s 			page 21


 1141 085b 10050000 		.4byte	.LASF121
 1142 085f 7A080000 		.4byte	0x87a
 1143 0863 00       		.byte	0
 1144 0864 0C       		.uleb128 0xc
 1145 0865 04       		.byte	0x4
 1146 0866 F7070000 		.4byte	0x7f7
 1147 086a 1A       		.uleb128 0x1a
 1148 086b 21030000 		.4byte	0x321
 1149 086f 7A080000 		.4byte	0x87a
 1150 0873 1B       		.uleb128 0x1b
 1151 0874 24000000 		.4byte	0x24
 1152 0878 12       		.byte	0x12
 1153 0879 00       		.byte	0
 1154 087a 0D       		.uleb128 0xd
 1155 087b 6A080000 		.4byte	0x86a
 1156 087f 14       		.uleb128 0x14
 1157 0880 B0060000 		.4byte	.LASF119
 1158 0884 0E       		.byte	0xe
 1159 0885 0101     		.2byte	0x101
 1160 0887 07       		.byte	0x7
 1161 0888 17010000 		.4byte	0x117
 1162 088c B7080000 		.4byte	0x8b7
 1163 0890 15       		.uleb128 0x15
 1164 0891 637000   		.ascii	"cp\000"
 1165 0894 0E       		.byte	0xe
 1166 0895 0101     		.2byte	0x101
 1167 0897 2F       		.byte	0x2f
 1168 0898 64080000 		.4byte	0x864
 1169 089c 16       		.uleb128 0x16
 1170 089d 78020000 		.4byte	.LASF116
 1171 08a1 0E       		.byte	0xe
 1172 08a2 0101     		.2byte	0x101
 1173 08a4 41       		.byte	0x41
 1174 08a5 3E030000 		.4byte	0x33e
 1175 08a9 18       		.uleb128 0x18
 1176 08aa 6D736700 		.ascii	"msg\000"
 1177 08ae 0E       		.byte	0xe
 1178 08af 0201     		.2byte	0x102
 1179 08b1 09       		.byte	0x9
 1180 08b2 17010000 		.4byte	0x117
 1181 08b6 00       		.byte	0
 1182 08b7 1C       		.uleb128 0x1c
 1183 08b8 98050000 		.4byte	.LASF120
 1184 08bc 0E       		.byte	0xe
 1185 08bd CD       		.byte	0xcd
 1186 08be 07       		.byte	0x7
 1187 08bf 17010000 		.4byte	0x117
 1188 08c3 FF080000 		.4byte	0x8ff
 1189 08c7 1D       		.uleb128 0x1d
 1190 08c8 637000   		.ascii	"cp\000"
 1191 08cb 0E       		.byte	0xe
 1192 08cc CD       		.byte	0xcd
 1193 08cd 29       		.byte	0x29
 1194 08ce 64080000 		.4byte	0x864
 1195 08d2 1E       		.uleb128 0x1e
 1196 08d3 62030000 		.4byte	.LASF117
 1197 08d7 0E       		.byte	0xe
ARM GAS  C:\Users\acest\AppData\Local\Temp\ccGG6LYR.s 			page 22


 1198 08d8 CE       		.byte	0xce
 1199 08d9 0D       		.byte	0xd
 1200 08da FF050000 		.4byte	0x5ff
 1201 08de 1F       		.uleb128 0x1f
 1202 08df 6D7000   		.ascii	"mp\000"
 1203 08e2 0E       		.byte	0xe
 1204 08e3 CF       		.byte	0xcf
 1205 08e4 0C       		.byte	0xc
 1206 08e5 D6070000 		.4byte	0x7d6
 1207 08e9 1F       		.uleb128 0x1f
 1208 08ea 6D736700 		.ascii	"msg\000"
 1209 08ee 0E       		.byte	0xe
 1210 08ef D0       		.byte	0xd0
 1211 08f0 09       		.byte	0x9
 1212 08f1 17010000 		.4byte	0x117
 1213 08f5 19       		.uleb128 0x19
 1214 08f6 10050000 		.4byte	.LASF121
 1215 08fa 0F090000 		.4byte	0x90f
 1216 08fe 00       		.byte	0
 1217 08ff 1A       		.uleb128 0x1a
 1218 0900 21030000 		.4byte	0x321
 1219 0904 0F090000 		.4byte	0x90f
 1220 0908 1B       		.uleb128 0x1b
 1221 0909 24000000 		.4byte	0x24
 1222 090d 0B       		.byte	0xb
 1223 090e 00       		.byte	0
 1224 090f 0D       		.uleb128 0xd
 1225 0910 FF080000 		.4byte	0x8ff
 1226 0914 1C       		.uleb128 0x1c
 1227 0915 33060000 		.4byte	.LASF122
 1228 0919 0E       		.byte	0xe
 1229 091a B3       		.byte	0xb3
 1230 091b 07       		.byte	0x7
 1231 091c 17010000 		.4byte	0x117
 1232 0920 3C090000 		.4byte	0x93c
 1233 0924 1D       		.uleb128 0x1d
 1234 0925 637000   		.ascii	"cp\000"
 1235 0928 0E       		.byte	0xe
 1236 0929 B3       		.byte	0xb3
 1237 092a 28       		.byte	0x28
 1238 092b 64080000 		.4byte	0x864
 1239 092f 1F       		.uleb128 0x1f
 1240 0930 6D736700 		.ascii	"msg\000"
 1241 0934 0E       		.byte	0xe
 1242 0935 B4       		.byte	0xb4
 1243 0936 09       		.byte	0x9
 1244 0937 17010000 		.4byte	0x117
 1245 093b 00       		.byte	0
 1246 093c 20       		.uleb128 0x20
 1247 093d 74000000 		.4byte	.LASF123
 1248 0941 0E       		.byte	0xe
 1249 0942 95       		.byte	0x95
 1250 0943 06       		.byte	0x6
 1251 0944 5D090000 		.4byte	0x95d
 1252 0948 1D       		.uleb128 0x1d
 1253 0949 637000   		.ascii	"cp\000"
 1254 094c 0E       		.byte	0xe
ARM GAS  C:\Users\acest\AppData\Local\Temp\ccGG6LYR.s 			page 23


 1255 094d 95       		.byte	0x95
 1256 094e 2D       		.byte	0x2d
 1257 094f 64080000 		.4byte	0x864
 1258 0953 19       		.uleb128 0x19
 1259 0954 10050000 		.4byte	.LASF121
 1260 0958 6D090000 		.4byte	0x96d
 1261 095c 00       		.byte	0
 1262 095d 1A       		.uleb128 0x1a
 1263 095e 21030000 		.4byte	0x321
 1264 0962 6D090000 		.4byte	0x96d
 1265 0966 1B       		.uleb128 0x1b
 1266 0967 24000000 		.4byte	0x24
 1267 096b 10       		.byte	0x10
 1268 096c 00       		.byte	0
 1269 096d 0D       		.uleb128 0xd
 1270 096e 5D090000 		.4byte	0x95d
 1271 0972 20       		.uleb128 0x20
 1272 0973 71040000 		.4byte	.LASF124
 1273 0977 0E       		.byte	0xe
 1274 0978 82       		.byte	0x82
 1275 0979 06       		.byte	0x6
 1276 097a 8A090000 		.4byte	0x98a
 1277 097e 1D       		.uleb128 0x1d
 1278 097f 637000   		.ascii	"cp\000"
 1279 0982 0E       		.byte	0xe
 1280 0983 82       		.byte	0x82
 1281 0984 2C       		.byte	0x2c
 1282 0985 64080000 		.4byte	0x864
 1283 0989 00       		.byte	0
 1284 098a 20       		.uleb128 0x20
 1285 098b C0040000 		.4byte	.LASF125
 1286 098f 0E       		.byte	0xe
 1287 0990 6F       		.byte	0x6f
 1288 0991 06       		.byte	0x6
 1289 0992 B8090000 		.4byte	0x9b8
 1290 0996 1D       		.uleb128 0x1d
 1291 0997 637000   		.ascii	"cp\000"
 1292 099a 0E       		.byte	0xe
 1293 099b 6F       		.byte	0x6f
 1294 099c 2A       		.byte	0x2a
 1295 099d 64080000 		.4byte	0x864
 1296 09a1 19       		.uleb128 0x19
 1297 09a2 10050000 		.4byte	.LASF121
 1298 09a6 C8090000 		.4byte	0x9c8
 1299 09aa 21       		.uleb128 0x21
 1300 09ab 1F       		.uleb128 0x1f
 1301 09ac 747000   		.ascii	"tp\000"
 1302 09af 0E       		.byte	0xe
 1303 09b0 75       		.byte	0x75
 1304 09b1 0F       		.byte	0xf
 1305 09b2 FF050000 		.4byte	0x5ff
 1306 09b6 00       		.byte	0
 1307 09b7 00       		.byte	0
 1308 09b8 1A       		.uleb128 0x1a
 1309 09b9 21030000 		.4byte	0x321
 1310 09bd C8090000 		.4byte	0x9c8
 1311 09c1 1B       		.uleb128 0x1b
ARM GAS  C:\Users\acest\AppData\Local\Temp\ccGG6LYR.s 			page 24


 1312 09c2 24000000 		.4byte	0x24
 1313 09c6 0D       		.byte	0xd
 1314 09c7 00       		.byte	0
 1315 09c8 0D       		.uleb128 0xd
 1316 09c9 B8090000 		.4byte	0x9b8
 1317 09cd 20       		.uleb128 0x20
 1318 09ce 18020000 		.4byte	.LASF126
 1319 09d2 0E       		.byte	0xe
 1320 09d3 59       		.byte	0x59
 1321 09d4 06       		.byte	0x6
 1322 09d5 EE090000 		.4byte	0x9ee
 1323 09d9 1D       		.uleb128 0x1d
 1324 09da 637000   		.ascii	"cp\000"
 1325 09dd 0E       		.byte	0xe
 1326 09de 59       		.byte	0x59
 1327 09df 29       		.byte	0x29
 1328 09e0 64080000 		.4byte	0x864
 1329 09e4 19       		.uleb128 0x19
 1330 09e5 10050000 		.4byte	.LASF121
 1331 09e9 FE090000 		.4byte	0x9fe
 1332 09ed 00       		.byte	0
 1333 09ee 1A       		.uleb128 0x1a
 1334 09ef 21030000 		.4byte	0x321
 1335 09f3 FE090000 		.4byte	0x9fe
 1336 09f7 1B       		.uleb128 0x1b
 1337 09f8 24000000 		.4byte	0x24
 1338 09fc 0C       		.byte	0xc
 1339 09fd 00       		.byte	0
 1340 09fe 0D       		.uleb128 0xd
 1341 09ff EE090000 		.4byte	0x9ee
 1342 0a03 20       		.uleb128 0x20
 1343 0a04 A4050000 		.4byte	.LASF127
 1344 0a08 0E       		.byte	0xe
 1345 0a09 4B       		.byte	0x4b
 1346 0a0a 06       		.byte	0x6
 1347 0a0b 240A0000 		.4byte	0xa24
 1348 0a0f 1D       		.uleb128 0x1d
 1349 0a10 637000   		.ascii	"cp\000"
 1350 0a13 0E       		.byte	0xe
 1351 0a14 4B       		.byte	0x4b
 1352 0a15 2D       		.byte	0x2d
 1353 0a16 64080000 		.4byte	0x864
 1354 0a1a 19       		.uleb128 0x19
 1355 0a1b 10050000 		.4byte	.LASF121
 1356 0a1f 6D090000 		.4byte	0x96d
 1357 0a23 00       		.byte	0
 1358 0a24 22       		.uleb128 0x22
 1359 0a25 66050000 		.4byte	.LASF128
 1360 0a29 0C       		.byte	0xc
 1361 0a2a 9F       		.byte	0x9f
 1362 0a2b 18       		.byte	0x18
 1363 0a2c D6070000 		.4byte	0x7d6
 1364 0a30 23       		.uleb128 0x23
 1365 0a31 7E060000 		.4byte	.LASF129
 1366 0a35 0F       		.byte	0xf
 1367 0a36 5501     		.2byte	0x155
 1368 0a38 19       		.byte	0x19
ARM GAS  C:\Users\acest\AppData\Local\Temp\ccGG6LYR.s 			page 25


 1369 0a39 FF050000 		.4byte	0x5ff
 1370 0a3d 24       		.uleb128 0x24
 1371 0a3e 5C060000 		.4byte	.LASF130
 1372 0a42 10       		.byte	0x10
 1373 0a43 AF       		.byte	0xaf
 1374 0a44 14       		.byte	0x14
 1375 0a45 6B0A0000 		.4byte	0xa6b
 1376 0a49 1D       		.uleb128 0x1d
 1377 0a4a 717000   		.ascii	"qp\000"
 1378 0a4d 10       		.byte	0x10
 1379 0a4e AF       		.byte	0xaf
 1380 0a4f 33       		.byte	0x33
 1381 0a50 B0030000 		.4byte	0x3b0
 1382 0a54 1D       		.uleb128 0x1d
 1383 0a55 747000   		.ascii	"tp\000"
 1384 0a58 10       		.byte	0x10
 1385 0a59 AF       		.byte	0xaf
 1386 0a5a 43       		.byte	0x43
 1387 0a5b B0030000 		.4byte	0x3b0
 1388 0a5f 1F       		.uleb128 0x1f
 1389 0a60 637000   		.ascii	"cp\000"
 1390 0a63 10       		.byte	0x10
 1391 0a64 B1       		.byte	0xb1
 1392 0a65 0F       		.byte	0xf
 1393 0a66 B0030000 		.4byte	0x3b0
 1394 0a6a 00       		.byte	0
 1395 0a6b 25       		.uleb128 0x25
 1396 0a6c C2060000 		.4byte	.LASF131
 1397 0a70 11       		.byte	0x11
 1398 0a71 A501     		.2byte	0x1a5
 1399 0a73 14       		.byte	0x14
 1400 0a74 820A0000 		.4byte	0xa82
 1401 0a78 19       		.uleb128 0x19
 1402 0a79 10050000 		.4byte	.LASF121
 1403 0a7d 0F090000 		.4byte	0x90f
 1404 0a81 00       		.byte	0
 1405 0a82 26       		.uleb128 0x26
 1406 0a83 19050000 		.4byte	.LASF132
 1407 0a87 11       		.byte	0x11
 1408 0a88 9701     		.2byte	0x197
 1409 0a8a 14       		.byte	0x14
 1410 0a8b 26       		.uleb128 0x26
 1411 0a8c 37010000 		.4byte	.LASF133
 1412 0a90 0A       		.byte	0xa
 1413 0a91 1F03     		.2byte	0x31f
 1414 0a93 1B       		.byte	0x1b
 1415 0a94 26       		.uleb128 0x26
 1416 0a95 D3060000 		.4byte	.LASF134
 1417 0a99 0A       		.byte	0xa
 1418 0a9a 0B03     		.2byte	0x30b
 1419 0a9c 1B       		.byte	0x1b
 1420 0a9d 25       		.uleb128 0x25
 1421 0a9e CF050000 		.4byte	.LASF135
 1422 0aa2 12       		.byte	0x12
 1423 0aa3 EB01     		.2byte	0x1eb
 1424 0aa5 1B       		.byte	0x1b
 1425 0aa6 B80A0000 		.4byte	0xab8
ARM GAS  C:\Users\acest\AppData\Local\Temp\ccGG6LYR.s 			page 26


 1426 0aaa 16       		.uleb128 0x16
 1427 0aab 28010000 		.4byte	.LASF136
 1428 0aaf 12       		.byte	0x12
 1429 0ab0 EB01     		.2byte	0x1eb
 1430 0ab2 32       		.byte	0x32
 1431 0ab3 B2000000 		.4byte	0xb2
 1432 0ab7 00       		.byte	0
 1433 0ab8 27       		.uleb128 0x27
 1434 0ab9 7B010000 		.4byte	.LASF137
 1435 0abd 09       		.byte	0x9
 1436 0abe 1801     		.2byte	0x118
 1437 0ac0 1B       		.byte	0x1b
 1438 0ac1 B0030000 		.4byte	0x3b0
 1439 0ac5 E10A0000 		.4byte	0xae1
 1440 0ac9 15       		.uleb128 0x15
 1441 0aca 717000   		.ascii	"qp\000"
 1442 0acd 09       		.byte	0x9
 1443 0ace 1801     		.2byte	0x118
 1444 0ad0 3C       		.byte	0x3c
 1445 0ad1 B0030000 		.4byte	0x3b0
 1446 0ad5 18       		.uleb128 0x18
 1447 0ad6 7000     		.ascii	"p\000"
 1448 0ad8 09       		.byte	0x9
 1449 0ad9 1901     		.2byte	0x119
 1450 0adb 0F       		.byte	0xf
 1451 0adc B0030000 		.4byte	0x3b0
 1452 0ae0 00       		.byte	0
 1453 0ae1 28       		.uleb128 0x28
 1454 0ae2 89040000 		.4byte	.LASF138
 1455 0ae6 09       		.byte	0x9
 1456 0ae7 F9       		.byte	0xf9
 1457 0ae8 14       		.byte	0x14
 1458 0ae9 03080000 		.4byte	0x803
 1459 0aed FD0A0000 		.4byte	0xafd
 1460 0af1 1D       		.uleb128 0x1d
 1461 0af2 717000   		.ascii	"qp\000"
 1462 0af5 09       		.byte	0x9
 1463 0af6 F9       		.byte	0xf9
 1464 0af7 38       		.byte	0x38
 1465 0af8 FD0A0000 		.4byte	0xafd
 1466 0afc 00       		.byte	0
 1467 0afd 0C       		.uleb128 0xc
 1468 0afe 04       		.byte	0x4
 1469 0aff 83030000 		.4byte	0x383
 1470 0b03 29       		.uleb128 0x29
 1471 0b04 25060000 		.4byte	.LASF142
 1472 0b08 09       		.byte	0x9
 1473 0b09 DE       		.byte	0xde
 1474 0b0a 14       		.byte	0x14
 1475 0b0b 1D       		.uleb128 0x1d
 1476 0b0c 717000   		.ascii	"qp\000"
 1477 0b0f 09       		.byte	0x9
 1478 0b10 DE       		.byte	0xde
 1479 0b11 2E       		.byte	0x2e
 1480 0b12 B0030000 		.4byte	0x3b0
 1481 0b16 00       		.byte	0
 1482 0b17 00       		.byte	0
ARM GAS  C:\Users\acest\AppData\Local\Temp\ccGG6LYR.s 			page 27


 1483              		.section	.gnu.debuglto_.debug_abbrev,"e",%progbits
 1484              	.Ldebug_abbrev0:
 1485 0000 01       		.uleb128 0x1
 1486 0001 11       		.uleb128 0x11
 1487 0002 01       		.byte	0x1
 1488 0003 25       		.uleb128 0x25
 1489 0004 0E       		.uleb128 0xe
 1490 0005 13       		.uleb128 0x13
 1491 0006 0B       		.uleb128 0xb
 1492 0007 03       		.uleb128 0x3
 1493 0008 0E       		.uleb128 0xe
 1494 0009 1B       		.uleb128 0x1b
 1495 000a 0E       		.uleb128 0xe
 1496 000b 10       		.uleb128 0x10
 1497 000c 17       		.uleb128 0x17
 1498 000d 00       		.byte	0
 1499 000e 00       		.byte	0
 1500 000f 02       		.uleb128 0x2
 1501 0010 24       		.uleb128 0x24
 1502 0011 00       		.byte	0
 1503 0012 0B       		.uleb128 0xb
 1504 0013 0B       		.uleb128 0xb
 1505 0014 3E       		.uleb128 0x3e
 1506 0015 0B       		.uleb128 0xb
 1507 0016 03       		.uleb128 0x3
 1508 0017 08       		.uleb128 0x8
 1509 0018 00       		.byte	0
 1510 0019 00       		.byte	0
 1511 001a 03       		.uleb128 0x3
 1512 001b 24       		.uleb128 0x24
 1513 001c 00       		.byte	0
 1514 001d 0B       		.uleb128 0xb
 1515 001e 0B       		.uleb128 0xb
 1516 001f 3E       		.uleb128 0x3e
 1517 0020 0B       		.uleb128 0xb
 1518 0021 03       		.uleb128 0x3
 1519 0022 0E       		.uleb128 0xe
 1520 0023 00       		.byte	0
 1521 0024 00       		.byte	0
 1522 0025 04       		.uleb128 0x4
 1523 0026 16       		.uleb128 0x16
 1524 0027 00       		.byte	0
 1525 0028 03       		.uleb128 0x3
 1526 0029 0E       		.uleb128 0xe
 1527 002a 3A       		.uleb128 0x3a
 1528 002b 0B       		.uleb128 0xb
 1529 002c 3B       		.uleb128 0x3b
 1530 002d 0B       		.uleb128 0xb
 1531 002e 39       		.uleb128 0x39
 1532 002f 0B       		.uleb128 0xb
 1533 0030 49       		.uleb128 0x49
 1534 0031 13       		.uleb128 0x13
 1535 0032 00       		.byte	0
 1536 0033 00       		.byte	0
 1537 0034 05       		.uleb128 0x5
 1538 0035 35       		.uleb128 0x35
 1539 0036 00       		.byte	0
ARM GAS  C:\Users\acest\AppData\Local\Temp\ccGG6LYR.s 			page 28


 1540 0037 49       		.uleb128 0x49
 1541 0038 13       		.uleb128 0x13
 1542 0039 00       		.byte	0
 1543 003a 00       		.byte	0
 1544 003b 06       		.uleb128 0x6
 1545 003c 13       		.uleb128 0x13
 1546 003d 01       		.byte	0x1
 1547 003e 03       		.uleb128 0x3
 1548 003f 0E       		.uleb128 0xe
 1549 0040 0B       		.uleb128 0xb
 1550 0041 0B       		.uleb128 0xb
 1551 0042 3A       		.uleb128 0x3a
 1552 0043 0B       		.uleb128 0xb
 1553 0044 3B       		.uleb128 0x3b
 1554 0045 0B       		.uleb128 0xb
 1555 0046 39       		.uleb128 0x39
 1556 0047 0B       		.uleb128 0xb
 1557 0048 01       		.uleb128 0x1
 1558 0049 13       		.uleb128 0x13
 1559 004a 00       		.byte	0
 1560 004b 00       		.byte	0
 1561 004c 07       		.uleb128 0x7
 1562 004d 0D       		.uleb128 0xd
 1563 004e 00       		.byte	0
 1564 004f 03       		.uleb128 0x3
 1565 0050 08       		.uleb128 0x8
 1566 0051 3A       		.uleb128 0x3a
 1567 0052 0B       		.uleb128 0xb
 1568 0053 3B       		.uleb128 0x3b
 1569 0054 0B       		.uleb128 0xb
 1570 0055 39       		.uleb128 0x39
 1571 0056 0B       		.uleb128 0xb
 1572 0057 49       		.uleb128 0x49
 1573 0058 13       		.uleb128 0x13
 1574 0059 38       		.uleb128 0x38
 1575 005a 0B       		.uleb128 0xb
 1576 005b 00       		.byte	0
 1577 005c 00       		.byte	0
 1578 005d 08       		.uleb128 0x8
 1579 005e 0D       		.uleb128 0xd
 1580 005f 00       		.byte	0
 1581 0060 03       		.uleb128 0x3
 1582 0061 0E       		.uleb128 0xe
 1583 0062 3A       		.uleb128 0x3a
 1584 0063 0B       		.uleb128 0xb
 1585 0064 3B       		.uleb128 0x3b
 1586 0065 0B       		.uleb128 0xb
 1587 0066 39       		.uleb128 0x39
 1588 0067 0B       		.uleb128 0xb
 1589 0068 49       		.uleb128 0x49
 1590 0069 13       		.uleb128 0x13
 1591 006a 38       		.uleb128 0x38
 1592 006b 0B       		.uleb128 0xb
 1593 006c 00       		.byte	0
 1594 006d 00       		.byte	0
 1595 006e 09       		.uleb128 0x9
 1596 006f 0D       		.uleb128 0xd
ARM GAS  C:\Users\acest\AppData\Local\Temp\ccGG6LYR.s 			page 29


 1597 0070 00       		.byte	0
 1598 0071 03       		.uleb128 0x3
 1599 0072 08       		.uleb128 0x8
 1600 0073 3A       		.uleb128 0x3a
 1601 0074 0B       		.uleb128 0xb
 1602 0075 3B       		.uleb128 0x3b
 1603 0076 05       		.uleb128 0x5
 1604 0077 39       		.uleb128 0x39
 1605 0078 0B       		.uleb128 0xb
 1606 0079 49       		.uleb128 0x49
 1607 007a 13       		.uleb128 0x13
 1608 007b 38       		.uleb128 0x38
 1609 007c 0B       		.uleb128 0xb
 1610 007d 00       		.byte	0
 1611 007e 00       		.byte	0
 1612 007f 0A       		.uleb128 0xa
 1613 0080 0D       		.uleb128 0xd
 1614 0081 00       		.byte	0
 1615 0082 03       		.uleb128 0x3
 1616 0083 0E       		.uleb128 0xe
 1617 0084 3A       		.uleb128 0x3a
 1618 0085 0B       		.uleb128 0xb
 1619 0086 3B       		.uleb128 0x3b
 1620 0087 05       		.uleb128 0x5
 1621 0088 39       		.uleb128 0x39
 1622 0089 0B       		.uleb128 0xb
 1623 008a 49       		.uleb128 0x49
 1624 008b 13       		.uleb128 0x13
 1625 008c 38       		.uleb128 0x38
 1626 008d 0B       		.uleb128 0xb
 1627 008e 00       		.byte	0
 1628 008f 00       		.byte	0
 1629 0090 0B       		.uleb128 0xb
 1630 0091 13       		.uleb128 0x13
 1631 0092 01       		.byte	0x1
 1632 0093 03       		.uleb128 0x3
 1633 0094 0E       		.uleb128 0xe
 1634 0095 0B       		.uleb128 0xb
 1635 0096 0B       		.uleb128 0xb
 1636 0097 3A       		.uleb128 0x3a
 1637 0098 0B       		.uleb128 0xb
 1638 0099 3B       		.uleb128 0x3b
 1639 009a 05       		.uleb128 0x5
 1640 009b 39       		.uleb128 0x39
 1641 009c 0B       		.uleb128 0xb
 1642 009d 01       		.uleb128 0x1
 1643 009e 13       		.uleb128 0x13
 1644 009f 00       		.byte	0
 1645 00a0 00       		.byte	0
 1646 00a1 0C       		.uleb128 0xc
 1647 00a2 0F       		.uleb128 0xf
 1648 00a3 00       		.byte	0
 1649 00a4 0B       		.uleb128 0xb
 1650 00a5 0B       		.uleb128 0xb
 1651 00a6 49       		.uleb128 0x49
 1652 00a7 13       		.uleb128 0x13
 1653 00a8 00       		.byte	0
ARM GAS  C:\Users\acest\AppData\Local\Temp\ccGG6LYR.s 			page 30


 1654 00a9 00       		.byte	0
 1655 00aa 0D       		.uleb128 0xd
 1656 00ab 26       		.uleb128 0x26
 1657 00ac 00       		.byte	0
 1658 00ad 49       		.uleb128 0x49
 1659 00ae 13       		.uleb128 0x13
 1660 00af 00       		.byte	0
 1661 00b0 00       		.byte	0
 1662 00b1 0E       		.uleb128 0xe
 1663 00b2 0F       		.uleb128 0xf
 1664 00b3 00       		.byte	0
 1665 00b4 0B       		.uleb128 0xb
 1666 00b5 0B       		.uleb128 0xb
 1667 00b6 00       		.byte	0
 1668 00b7 00       		.byte	0
 1669 00b8 0F       		.uleb128 0xf
 1670 00b9 17       		.uleb128 0x17
 1671 00ba 01       		.byte	0x1
 1672 00bb 0B       		.uleb128 0xb
 1673 00bc 0B       		.uleb128 0xb
 1674 00bd 3A       		.uleb128 0x3a
 1675 00be 0B       		.uleb128 0xb
 1676 00bf 3B       		.uleb128 0x3b
 1677 00c0 0B       		.uleb128 0xb
 1678 00c1 39       		.uleb128 0x39
 1679 00c2 0B       		.uleb128 0xb
 1680 00c3 01       		.uleb128 0x1
 1681 00c4 13       		.uleb128 0x13
 1682 00c5 00       		.byte	0
 1683 00c6 00       		.byte	0
 1684 00c7 10       		.uleb128 0x10
 1685 00c8 0D       		.uleb128 0xd
 1686 00c9 00       		.byte	0
 1687 00ca 03       		.uleb128 0x3
 1688 00cb 0E       		.uleb128 0xe
 1689 00cc 3A       		.uleb128 0x3a
 1690 00cd 0B       		.uleb128 0xb
 1691 00ce 3B       		.uleb128 0x3b
 1692 00cf 0B       		.uleb128 0xb
 1693 00d0 39       		.uleb128 0x39
 1694 00d1 0B       		.uleb128 0xb
 1695 00d2 49       		.uleb128 0x49
 1696 00d3 13       		.uleb128 0x13
 1697 00d4 00       		.byte	0
 1698 00d5 00       		.byte	0
 1699 00d6 11       		.uleb128 0x11
 1700 00d7 0D       		.uleb128 0xd
 1701 00d8 00       		.byte	0
 1702 00d9 03       		.uleb128 0x3
 1703 00da 0E       		.uleb128 0xe
 1704 00db 3A       		.uleb128 0x3a
 1705 00dc 0B       		.uleb128 0xb
 1706 00dd 3B       		.uleb128 0x3b
 1707 00de 05       		.uleb128 0x5
 1708 00df 39       		.uleb128 0x39
 1709 00e0 0B       		.uleb128 0xb
 1710 00e1 49       		.uleb128 0x49
ARM GAS  C:\Users\acest\AppData\Local\Temp\ccGG6LYR.s 			page 31


 1711 00e2 13       		.uleb128 0x13
 1712 00e3 00       		.byte	0
 1713 00e4 00       		.byte	0
 1714 00e5 12       		.uleb128 0x12
 1715 00e6 16       		.uleb128 0x16
 1716 00e7 00       		.byte	0
 1717 00e8 03       		.uleb128 0x3
 1718 00e9 0E       		.uleb128 0xe
 1719 00ea 3A       		.uleb128 0x3a
 1720 00eb 0B       		.uleb128 0xb
 1721 00ec 3B       		.uleb128 0x3b
 1722 00ed 05       		.uleb128 0x5
 1723 00ee 39       		.uleb128 0x39
 1724 00ef 0B       		.uleb128 0xb
 1725 00f0 49       		.uleb128 0x49
 1726 00f1 13       		.uleb128 0x13
 1727 00f2 00       		.byte	0
 1728 00f3 00       		.byte	0
 1729 00f4 13       		.uleb128 0x13
 1730 00f5 34       		.uleb128 0x34
 1731 00f6 00       		.byte	0
 1732 00f7 03       		.uleb128 0x3
 1733 00f8 08       		.uleb128 0x8
 1734 00f9 3A       		.uleb128 0x3a
 1735 00fa 0B       		.uleb128 0xb
 1736 00fb 3B       		.uleb128 0x3b
 1737 00fc 05       		.uleb128 0x5
 1738 00fd 39       		.uleb128 0x39
 1739 00fe 0B       		.uleb128 0xb
 1740 00ff 49       		.uleb128 0x49
 1741 0100 13       		.uleb128 0x13
 1742 0101 3F       		.uleb128 0x3f
 1743 0102 19       		.uleb128 0x19
 1744 0103 3C       		.uleb128 0x3c
 1745 0104 19       		.uleb128 0x19
 1746 0105 00       		.byte	0
 1747 0106 00       		.byte	0
 1748 0107 14       		.uleb128 0x14
 1749 0108 2E       		.uleb128 0x2e
 1750 0109 01       		.byte	0x1
 1751 010a 3F       		.uleb128 0x3f
 1752 010b 19       		.uleb128 0x19
 1753 010c 03       		.uleb128 0x3
 1754 010d 0E       		.uleb128 0xe
 1755 010e 3A       		.uleb128 0x3a
 1756 010f 0B       		.uleb128 0xb
 1757 0110 3B       		.uleb128 0x3b
 1758 0111 05       		.uleb128 0x5
 1759 0112 39       		.uleb128 0x39
 1760 0113 0B       		.uleb128 0xb
 1761 0114 27       		.uleb128 0x27
 1762 0115 19       		.uleb128 0x19
 1763 0116 49       		.uleb128 0x49
 1764 0117 13       		.uleb128 0x13
 1765 0118 01       		.uleb128 0x1
 1766 0119 13       		.uleb128 0x13
 1767 011a 00       		.byte	0
ARM GAS  C:\Users\acest\AppData\Local\Temp\ccGG6LYR.s 			page 32


 1768 011b 00       		.byte	0
 1769 011c 15       		.uleb128 0x15
 1770 011d 05       		.uleb128 0x5
 1771 011e 00       		.byte	0
 1772 011f 03       		.uleb128 0x3
 1773 0120 08       		.uleb128 0x8
 1774 0121 3A       		.uleb128 0x3a
 1775 0122 0B       		.uleb128 0xb
 1776 0123 3B       		.uleb128 0x3b
 1777 0124 05       		.uleb128 0x5
 1778 0125 39       		.uleb128 0x39
 1779 0126 0B       		.uleb128 0xb
 1780 0127 49       		.uleb128 0x49
 1781 0128 13       		.uleb128 0x13
 1782 0129 00       		.byte	0
 1783 012a 00       		.byte	0
 1784 012b 16       		.uleb128 0x16
 1785 012c 05       		.uleb128 0x5
 1786 012d 00       		.byte	0
 1787 012e 03       		.uleb128 0x3
 1788 012f 0E       		.uleb128 0xe
 1789 0130 3A       		.uleb128 0x3a
 1790 0131 0B       		.uleb128 0xb
 1791 0132 3B       		.uleb128 0x3b
 1792 0133 05       		.uleb128 0x5
 1793 0134 39       		.uleb128 0x39
 1794 0135 0B       		.uleb128 0xb
 1795 0136 49       		.uleb128 0x49
 1796 0137 13       		.uleb128 0x13
 1797 0138 00       		.byte	0
 1798 0139 00       		.byte	0
 1799 013a 17       		.uleb128 0x17
 1800 013b 34       		.uleb128 0x34
 1801 013c 00       		.byte	0
 1802 013d 03       		.uleb128 0x3
 1803 013e 0E       		.uleb128 0xe
 1804 013f 3A       		.uleb128 0x3a
 1805 0140 0B       		.uleb128 0xb
 1806 0141 3B       		.uleb128 0x3b
 1807 0142 05       		.uleb128 0x5
 1808 0143 39       		.uleb128 0x39
 1809 0144 0B       		.uleb128 0xb
 1810 0145 49       		.uleb128 0x49
 1811 0146 13       		.uleb128 0x13
 1812 0147 00       		.byte	0
 1813 0148 00       		.byte	0
 1814 0149 18       		.uleb128 0x18
 1815 014a 34       		.uleb128 0x34
 1816 014b 00       		.byte	0
 1817 014c 03       		.uleb128 0x3
 1818 014d 08       		.uleb128 0x8
 1819 014e 3A       		.uleb128 0x3a
 1820 014f 0B       		.uleb128 0xb
 1821 0150 3B       		.uleb128 0x3b
 1822 0151 05       		.uleb128 0x5
 1823 0152 39       		.uleb128 0x39
 1824 0153 0B       		.uleb128 0xb
ARM GAS  C:\Users\acest\AppData\Local\Temp\ccGG6LYR.s 			page 33


 1825 0154 49       		.uleb128 0x49
 1826 0155 13       		.uleb128 0x13
 1827 0156 00       		.byte	0
 1828 0157 00       		.byte	0
 1829 0158 19       		.uleb128 0x19
 1830 0159 34       		.uleb128 0x34
 1831 015a 00       		.byte	0
 1832 015b 03       		.uleb128 0x3
 1833 015c 0E       		.uleb128 0xe
 1834 015d 49       		.uleb128 0x49
 1835 015e 13       		.uleb128 0x13
 1836 015f 34       		.uleb128 0x34
 1837 0160 19       		.uleb128 0x19
 1838 0161 00       		.byte	0
 1839 0162 00       		.byte	0
 1840 0163 1A       		.uleb128 0x1a
 1841 0164 01       		.uleb128 0x1
 1842 0165 01       		.byte	0x1
 1843 0166 49       		.uleb128 0x49
 1844 0167 13       		.uleb128 0x13
 1845 0168 01       		.uleb128 0x1
 1846 0169 13       		.uleb128 0x13
 1847 016a 00       		.byte	0
 1848 016b 00       		.byte	0
 1849 016c 1B       		.uleb128 0x1b
 1850 016d 21       		.uleb128 0x21
 1851 016e 00       		.byte	0
 1852 016f 49       		.uleb128 0x49
 1853 0170 13       		.uleb128 0x13
 1854 0171 2F       		.uleb128 0x2f
 1855 0172 0B       		.uleb128 0xb
 1856 0173 00       		.byte	0
 1857 0174 00       		.byte	0
 1858 0175 1C       		.uleb128 0x1c
 1859 0176 2E       		.uleb128 0x2e
 1860 0177 01       		.byte	0x1
 1861 0178 3F       		.uleb128 0x3f
 1862 0179 19       		.uleb128 0x19
 1863 017a 03       		.uleb128 0x3
 1864 017b 0E       		.uleb128 0xe
 1865 017c 3A       		.uleb128 0x3a
 1866 017d 0B       		.uleb128 0xb
 1867 017e 3B       		.uleb128 0x3b
 1868 017f 0B       		.uleb128 0xb
 1869 0180 39       		.uleb128 0x39
 1870 0181 0B       		.uleb128 0xb
 1871 0182 27       		.uleb128 0x27
 1872 0183 19       		.uleb128 0x19
 1873 0184 49       		.uleb128 0x49
 1874 0185 13       		.uleb128 0x13
 1875 0186 01       		.uleb128 0x1
 1876 0187 13       		.uleb128 0x13
 1877 0188 00       		.byte	0
 1878 0189 00       		.byte	0
 1879 018a 1D       		.uleb128 0x1d
 1880 018b 05       		.uleb128 0x5
 1881 018c 00       		.byte	0
ARM GAS  C:\Users\acest\AppData\Local\Temp\ccGG6LYR.s 			page 34


 1882 018d 03       		.uleb128 0x3
 1883 018e 08       		.uleb128 0x8
 1884 018f 3A       		.uleb128 0x3a
 1885 0190 0B       		.uleb128 0xb
 1886 0191 3B       		.uleb128 0x3b
 1887 0192 0B       		.uleb128 0xb
 1888 0193 39       		.uleb128 0x39
 1889 0194 0B       		.uleb128 0xb
 1890 0195 49       		.uleb128 0x49
 1891 0196 13       		.uleb128 0x13
 1892 0197 00       		.byte	0
 1893 0198 00       		.byte	0
 1894 0199 1E       		.uleb128 0x1e
 1895 019a 34       		.uleb128 0x34
 1896 019b 00       		.byte	0
 1897 019c 03       		.uleb128 0x3
 1898 019d 0E       		.uleb128 0xe
 1899 019e 3A       		.uleb128 0x3a
 1900 019f 0B       		.uleb128 0xb
 1901 01a0 3B       		.uleb128 0x3b
 1902 01a1 0B       		.uleb128 0xb
 1903 01a2 39       		.uleb128 0x39
 1904 01a3 0B       		.uleb128 0xb
 1905 01a4 49       		.uleb128 0x49
 1906 01a5 13       		.uleb128 0x13
 1907 01a6 00       		.byte	0
 1908 01a7 00       		.byte	0
 1909 01a8 1F       		.uleb128 0x1f
 1910 01a9 34       		.uleb128 0x34
 1911 01aa 00       		.byte	0
 1912 01ab 03       		.uleb128 0x3
 1913 01ac 08       		.uleb128 0x8
 1914 01ad 3A       		.uleb128 0x3a
 1915 01ae 0B       		.uleb128 0xb
 1916 01af 3B       		.uleb128 0x3b
 1917 01b0 0B       		.uleb128 0xb
 1918 01b1 39       		.uleb128 0x39
 1919 01b2 0B       		.uleb128 0xb
 1920 01b3 49       		.uleb128 0x49
 1921 01b4 13       		.uleb128 0x13
 1922 01b5 00       		.byte	0
 1923 01b6 00       		.byte	0
 1924 01b7 20       		.uleb128 0x20
 1925 01b8 2E       		.uleb128 0x2e
 1926 01b9 01       		.byte	0x1
 1927 01ba 3F       		.uleb128 0x3f
 1928 01bb 19       		.uleb128 0x19
 1929 01bc 03       		.uleb128 0x3
 1930 01bd 0E       		.uleb128 0xe
 1931 01be 3A       		.uleb128 0x3a
 1932 01bf 0B       		.uleb128 0xb
 1933 01c0 3B       		.uleb128 0x3b
 1934 01c1 0B       		.uleb128 0xb
 1935 01c2 39       		.uleb128 0x39
 1936 01c3 0B       		.uleb128 0xb
 1937 01c4 27       		.uleb128 0x27
 1938 01c5 19       		.uleb128 0x19
ARM GAS  C:\Users\acest\AppData\Local\Temp\ccGG6LYR.s 			page 35


 1939 01c6 01       		.uleb128 0x1
 1940 01c7 13       		.uleb128 0x13
 1941 01c8 00       		.byte	0
 1942 01c9 00       		.byte	0
 1943 01ca 21       		.uleb128 0x21
 1944 01cb 0B       		.uleb128 0xb
 1945 01cc 01       		.byte	0x1
 1946 01cd 00       		.byte	0
 1947 01ce 00       		.byte	0
 1948 01cf 22       		.uleb128 0x22
 1949 01d0 2E       		.uleb128 0x2e
 1950 01d1 00       		.byte	0
 1951 01d2 03       		.uleb128 0x3
 1952 01d3 0E       		.uleb128 0xe
 1953 01d4 3A       		.uleb128 0x3a
 1954 01d5 0B       		.uleb128 0xb
 1955 01d6 3B       		.uleb128 0x3b
 1956 01d7 0B       		.uleb128 0xb
 1957 01d8 39       		.uleb128 0x39
 1958 01d9 0B       		.uleb128 0xb
 1959 01da 27       		.uleb128 0x27
 1960 01db 19       		.uleb128 0x19
 1961 01dc 49       		.uleb128 0x49
 1962 01dd 13       		.uleb128 0x13
 1963 01de 00       		.byte	0
 1964 01df 00       		.byte	0
 1965 01e0 23       		.uleb128 0x23
 1966 01e1 2E       		.uleb128 0x2e
 1967 01e2 00       		.byte	0
 1968 01e3 03       		.uleb128 0x3
 1969 01e4 0E       		.uleb128 0xe
 1970 01e5 3A       		.uleb128 0x3a
 1971 01e6 0B       		.uleb128 0xb
 1972 01e7 3B       		.uleb128 0x3b
 1973 01e8 05       		.uleb128 0x5
 1974 01e9 39       		.uleb128 0x39
 1975 01ea 0B       		.uleb128 0xb
 1976 01eb 27       		.uleb128 0x27
 1977 01ec 19       		.uleb128 0x19
 1978 01ed 49       		.uleb128 0x49
 1979 01ee 13       		.uleb128 0x13
 1980 01ef 00       		.byte	0
 1981 01f0 00       		.byte	0
 1982 01f1 24       		.uleb128 0x24
 1983 01f2 2E       		.uleb128 0x2e
 1984 01f3 01       		.byte	0x1
 1985 01f4 03       		.uleb128 0x3
 1986 01f5 0E       		.uleb128 0xe
 1987 01f6 3A       		.uleb128 0x3a
 1988 01f7 0B       		.uleb128 0xb
 1989 01f8 3B       		.uleb128 0x3b
 1990 01f9 0B       		.uleb128 0xb
 1991 01fa 39       		.uleb128 0x39
 1992 01fb 0B       		.uleb128 0xb
 1993 01fc 27       		.uleb128 0x27
 1994 01fd 19       		.uleb128 0x19
 1995 01fe 01       		.uleb128 0x1
ARM GAS  C:\Users\acest\AppData\Local\Temp\ccGG6LYR.s 			page 36


 1996 01ff 13       		.uleb128 0x13
 1997 0200 00       		.byte	0
 1998 0201 00       		.byte	0
 1999 0202 25       		.uleb128 0x25
 2000 0203 2E       		.uleb128 0x2e
 2001 0204 01       		.byte	0x1
 2002 0205 03       		.uleb128 0x3
 2003 0206 0E       		.uleb128 0xe
 2004 0207 3A       		.uleb128 0x3a
 2005 0208 0B       		.uleb128 0xb
 2006 0209 3B       		.uleb128 0x3b
 2007 020a 05       		.uleb128 0x5
 2008 020b 39       		.uleb128 0x39
 2009 020c 0B       		.uleb128 0xb
 2010 020d 27       		.uleb128 0x27
 2011 020e 19       		.uleb128 0x19
 2012 020f 01       		.uleb128 0x1
 2013 0210 13       		.uleb128 0x13
 2014 0211 00       		.byte	0
 2015 0212 00       		.byte	0
 2016 0213 26       		.uleb128 0x26
 2017 0214 2E       		.uleb128 0x2e
 2018 0215 00       		.byte	0
 2019 0216 03       		.uleb128 0x3
 2020 0217 0E       		.uleb128 0xe
 2021 0218 3A       		.uleb128 0x3a
 2022 0219 0B       		.uleb128 0xb
 2023 021a 3B       		.uleb128 0x3b
 2024 021b 05       		.uleb128 0x5
 2025 021c 39       		.uleb128 0x39
 2026 021d 0B       		.uleb128 0xb
 2027 021e 27       		.uleb128 0x27
 2028 021f 19       		.uleb128 0x19
 2029 0220 00       		.byte	0
 2030 0221 00       		.byte	0
 2031 0222 27       		.uleb128 0x27
 2032 0223 2E       		.uleb128 0x2e
 2033 0224 01       		.byte	0x1
 2034 0225 03       		.uleb128 0x3
 2035 0226 0E       		.uleb128 0xe
 2036 0227 3A       		.uleb128 0x3a
 2037 0228 0B       		.uleb128 0xb
 2038 0229 3B       		.uleb128 0x3b
 2039 022a 05       		.uleb128 0x5
 2040 022b 39       		.uleb128 0x39
 2041 022c 0B       		.uleb128 0xb
 2042 022d 27       		.uleb128 0x27
 2043 022e 19       		.uleb128 0x19
 2044 022f 49       		.uleb128 0x49
 2045 0230 13       		.uleb128 0x13
 2046 0231 01       		.uleb128 0x1
 2047 0232 13       		.uleb128 0x13
 2048 0233 00       		.byte	0
 2049 0234 00       		.byte	0
 2050 0235 28       		.uleb128 0x28
 2051 0236 2E       		.uleb128 0x2e
 2052 0237 01       		.byte	0x1
ARM GAS  C:\Users\acest\AppData\Local\Temp\ccGG6LYR.s 			page 37


 2053 0238 03       		.uleb128 0x3
 2054 0239 0E       		.uleb128 0xe
 2055 023a 3A       		.uleb128 0x3a
 2056 023b 0B       		.uleb128 0xb
 2057 023c 3B       		.uleb128 0x3b
 2058 023d 0B       		.uleb128 0xb
 2059 023e 39       		.uleb128 0x39
 2060 023f 0B       		.uleb128 0xb
 2061 0240 27       		.uleb128 0x27
 2062 0241 19       		.uleb128 0x19
 2063 0242 49       		.uleb128 0x49
 2064 0243 13       		.uleb128 0x13
 2065 0244 01       		.uleb128 0x1
 2066 0245 13       		.uleb128 0x13
 2067 0246 00       		.byte	0
 2068 0247 00       		.byte	0
 2069 0248 29       		.uleb128 0x29
 2070 0249 2E       		.uleb128 0x2e
 2071 024a 01       		.byte	0x1
 2072 024b 03       		.uleb128 0x3
 2073 024c 0E       		.uleb128 0xe
 2074 024d 3A       		.uleb128 0x3a
 2075 024e 0B       		.uleb128 0xb
 2076 024f 3B       		.uleb128 0x3b
 2077 0250 0B       		.uleb128 0xb
 2078 0251 39       		.uleb128 0x39
 2079 0252 0B       		.uleb128 0xb
 2080 0253 27       		.uleb128 0x27
 2081 0254 19       		.uleb128 0x19
 2082 0255 00       		.byte	0
 2083 0256 00       		.byte	0
 2084 0257 00       		.byte	0
 2085              		.section	.gnu.debuglto_.debug_line,"e",%progbits
 2086              	.Ldebug_line0:
 2087 0000 B6020000 		.4byte	.LELT0-.LSLT0
 2088              	.LSLT0:
 2089 0004 0400     		.2byte	0x4
 2090 0006 B0020000 		.4byte	.LELTP0-.LASLTP0
 2091              	.LASLTP0:
 2092 000a 01       		.byte	0x1
 2093 000b 01       		.byte	0x1
 2094 000c 01       		.byte	0x1
 2095 000d F6       		.byte	0xf6
 2096 000e F2       		.byte	0xf2
 2097 000f 0D       		.byte	0xd
 2098 0010 00       		.byte	0
 2099 0011 01       		.byte	0x1
 2100 0012 01       		.byte	0x1
 2101 0013 01       		.byte	0x1
 2102 0014 01       		.byte	0x1
 2103 0015 00       		.byte	0
 2104 0016 00       		.byte	0
 2105 0017 00       		.byte	0
 2106 0018 01       		.byte	0x1
 2107 0019 00       		.byte	0
 2108 001a 00       		.byte	0
 2109 001b 01       		.byte	0x1
ARM GAS  C:\Users\acest\AppData\Local\Temp\ccGG6LYR.s 			page 38


 2110 001c 2E2E2F2E 		.ascii	"../../../../../ChibiStudio/chibios2111/os/rt/src"
 2110      2E2F2E2E 
 2110      2F2E2E2F 
 2110      2E2E2F43 
 2110      68696269 
 2111 004c 00       		.byte	0
 2112 004d 633A5C63 		.ascii	"c:\\chibistudio\\chibios2111\\os\\common\\ext\\arm\\"
 2112      68696269 
 2112      73747564 
 2112      696F5C63 
 2112      68696269 
 2113 007a 636D7369 		.ascii	"cmsis\\core\\include"
 2113      735C636F 
 2113      72655C69 
 2113      6E636C75 
 2113      6465
 2114 008c 00       		.byte	0
 2115 008d 633A5C63 		.ascii	"c:\\chibistudio\\chibios2111\\os\\common\\ports\\ar"
 2115      68696269 
 2115      73747564 
 2115      696F5C63 
 2115      68696269 
 2116 00ba 6D2D636F 		.ascii	"m-common"
 2116      6D6D6F6E 
 2117 00c2 00       		.byte	0
 2118 00c3 633A5C63 		.ascii	"c:\\chibistudio\\chibios2111\\os\\common\\ports\\ar"
 2118      68696269 
 2118      73747564 
 2118      696F5C63 
 2118      68696269 
 2119 00f0 6D76372D 		.ascii	"mv7-m-alt"
 2119      6D2D616C 
 2119      74
 2120 00f9 00       		.byte	0
 2121 00fa 633A5C63 		.ascii	"c:\\chibistudio\\chibios2111\\os\\rt\\include"
 2121      68696269 
 2121      73747564 
 2121      696F5C63 
 2121      68696269 
 2122 0122 00       		.byte	0
 2123 0123 633A5C63 		.ascii	"c:\\chibistudio\\tools\\gnu tools arm embedded\\10."
 2123      68696269 
 2123      73747564 
 2123      696F5C74 
 2123      6F6F6C73 
 2124 0152 33203230 		.ascii	"3 2021.10\\arm-none-eabi\\include\\machine"
 2124      32312E31 
 2124      305C6172 
 2124      6D2D6E6F 
 2124      6E652D65 
 2125 0179 00       		.byte	0
 2126 017a 633A5C63 		.ascii	"c:\\chibistudio\\tools\\gnu tools arm embedded\\10."
 2126      68696269 
 2126      73747564 
 2126      696F5C74 
 2126      6F6F6C73 
 2127 01a9 33203230 		.ascii	"3 2021.10\\arm-none-eabi\\include\\sys"
ARM GAS  C:\Users\acest\AppData\Local\Temp\ccGG6LYR.s 			page 39


 2127      32312E31 
 2127      305C6172 
 2127      6D2D6E6F 
 2127      6E652D65 
 2128 01cc 00       		.byte	0
 2129 01cd 00       		.byte	0
 2130 01ce 5F646566 		.ascii	"_default_types.h\000"
 2130      61756C74 
 2130      5F747970 
 2130      65732E68 
 2130      00
 2131 01df 06       		.uleb128 0x6
 2132 01e0 00       		.uleb128 0
 2133 01e1 00       		.uleb128 0
 2134 01e2 5F737464 		.ascii	"_stdint.h\000"
 2134      696E742E 
 2134      6800
 2135 01ec 07       		.uleb128 0x7
 2136 01ed 00       		.uleb128 0
 2137 01ee 00       		.uleb128 0
 2138 01ef 63687479 		.ascii	"chtypes.h\000"
 2138      7065732E 
 2138      6800
 2139 01f9 03       		.uleb128 0x3
 2140 01fa 00       		.uleb128 0
 2141 01fb 00       		.uleb128 0
 2142 01fc 63686561 		.ascii	"chearly.h\000"
 2142      726C792E 
 2142      6800
 2143 0206 05       		.uleb128 0x5
 2144 0207 00       		.uleb128 0
 2145 0208 00       		.uleb128 0
 2146 0209 63686F62 		.ascii	"chobjects.h\000"
 2146      6A656374 
 2146      732E6800 
 2147 0215 05       		.uleb128 0x5
 2148 0216 00       		.uleb128 0
 2149 0217 00       		.uleb128 0
 2150 0218 63687266 		.ascii	"chrfcu.h\000"
 2150      63752E68 
 2150      00
 2151 0221 05       		.uleb128 0x5
 2152 0222 00       		.uleb128 0
 2153 0223 00       		.uleb128 0
 2154 0224 63686465 		.ascii	"chdebug.h\000"
 2154      6275672E 
 2154      6800
 2155 022e 05       		.uleb128 0x5
 2156 022f 00       		.uleb128 0
 2157 0230 00       		.uleb128 0
 2158 0231 63687469 		.ascii	"chtime.h\000"
 2158      6D652E68 
 2158      00
 2159 023a 05       		.uleb128 0x5
 2160 023b 00       		.uleb128 0
 2161 023c 00       		.uleb128 0
 2162 023d 63686C69 		.ascii	"chlists.h\000"
ARM GAS  C:\Users\acest\AppData\Local\Temp\ccGG6LYR.s 			page 40


 2162      7374732E 
 2162      6800
 2163 0247 05       		.uleb128 0x5
 2164 0248 00       		.uleb128 0
 2165 0249 00       		.uleb128 0
 2166 024a 6368636F 		.ascii	"chcore.h\000"
 2166      72652E68 
 2166      00
 2167 0253 04       		.uleb128 0x4
 2168 0254 00       		.uleb128 0
 2169 0255 00       		.uleb128 0
 2170 0256 63687365 		.ascii	"chsem.h\000"
 2170      6D2E6800 
 2171 025e 05       		.uleb128 0x5
 2172 025f 00       		.uleb128 0
 2173 0260 00       		.uleb128 0
 2174 0261 63686D74 		.ascii	"chmtx.h\000"
 2174      782E6800 
 2175 0269 05       		.uleb128 0x5
 2176 026a 00       		.uleb128 0
 2177 026b 00       		.uleb128 0
 2178 026c 6368636F 		.ascii	"chcond.h\000"
 2178      6E642E68 
 2178      00
 2179 0275 05       		.uleb128 0x5
 2180 0276 00       		.uleb128 0
 2181 0277 00       		.uleb128 0
 2182 0278 6368636F 		.ascii	"chcond.c\000"
 2182      6E642E63 
 2182      00
 2183 0281 01       		.uleb128 0x1
 2184 0282 00       		.uleb128 0
 2185 0283 00       		.uleb128 0
 2186 0284 63687468 		.ascii	"chthreads.h\000"
 2186      72656164 
 2186      732E6800 
 2187 0290 05       		.uleb128 0x5
 2188 0291 00       		.uleb128 0
 2189 0292 00       		.uleb128 0
 2190 0293 63687363 		.ascii	"chschd.h\000"
 2190      68642E68 
 2190      00
 2191 029c 05       		.uleb128 0x5
 2192 029d 00       		.uleb128 0
 2193 029e 00       		.uleb128 0
 2194 029f 63687379 		.ascii	"chsys.h\000"
 2194      732E6800 
 2195 02a7 05       		.uleb128 0x5
 2196 02a8 00       		.uleb128 0
 2197 02a9 00       		.uleb128 0
 2198 02aa 636D7369 		.ascii	"cmsis_gcc.h\000"
 2198      735F6763 
 2198      632E6800 
 2199 02b6 02       		.uleb128 0x2
 2200 02b7 00       		.uleb128 0
 2201 02b8 00       		.uleb128 0
 2202 02b9 00       		.byte	0
ARM GAS  C:\Users\acest\AppData\Local\Temp\ccGG6LYR.s 			page 41


 2203              	.LELTP0:
 2204              	.LELT0:
 2205              		.section	.gnu.debuglto_.debug_str,"eMS",%progbits,1
 2206              	.LASF105:
 2207 0000 72656164 		.ascii	"ready_list_t\000"
 2207      795F6C69 
 2207      73745F74 
 2207      00
 2208              	.LASF49:
 2209 000d 72666375 		.ascii	"rfcu\000"
 2209      00
 2210              	.LASF96:
 2211 0012 77747472 		.ascii	"wttrp\000"
 2211      7000
 2212              	.LASF73:
 2213 0018 64656C74 		.ascii	"delta\000"
 2213      6100
 2214              	.LASF93:
 2215 001e 7264796D 		.ascii	"rdymsg\000"
 2215      736700
 2216              	.LASF17:
 2217 0025 75696E74 		.ascii	"uint64_t\000"
 2217      36345F74 
 2217      00
 2218              	.LASF7:
 2219 002e 5F5F7569 		.ascii	"__uint8_t\000"
 2219      6E74385F 
 2219      7400
 2220              	.LASF67:
 2221 0038 70726576 		.ascii	"prev\000"
 2221      00
 2222              	.LASF77:
 2223 003d 706F7274 		.ascii	"port_intctx\000"
 2223      5F696E74 
 2223      63747800 
 2224              	.LASF59:
 2225 0049 73797374 		.ascii	"system_debug_t\000"
 2225      656D5F64 
 2225      65627567 
 2225      5F7400
 2226              	.LASF48:
 2227 0058 636F7265 		.ascii	"core_id\000"
 2227      5F696400 
 2228              	.LASF68:
 2229 0060 63685F70 		.ascii	"ch_priority_queue_t\000"
 2229      72696F72 
 2229      6974795F 
 2229      71756575 
 2229      655F7400 
 2230              	.LASF123:
 2231 0074 6368436F 		.ascii	"chCondBroadcastI\000"
 2231      6E644272 
 2231      6F616463 
 2231      61737449 
 2231      00
 2232              	.LASF13:
 2233 0085 6C6F6E67 		.ascii	"long long unsigned int\000"
ARM GAS  C:\Users\acest\AppData\Local\Temp\ccGG6LYR.s 			page 42


 2233      206C6F6E 
 2233      6720756E 
 2233      7369676E 
 2233      65642069 
 2234              	.LASF94:
 2235 009c 65786974 		.ascii	"exitcode\000"
 2235      636F6465 
 2235      00
 2236              	.LASF51:
 2237 00a5 6D61696E 		.ascii	"mainthread\000"
 2237      74687265 
 2237      616400
 2238              	.LASF97:
 2239 00b0 73656E74 		.ascii	"sentmsg\000"
 2239      6D736700 
 2240              	.LASF86:
 2241 00b8 76697274 		.ascii	"virtual_timers_list_t\000"
 2241      75616C5F 
 2241      74696D65 
 2241      72735F6C 
 2241      6973745F 
 2242              	.LASF64:
 2243 00ce 6E657874 		.ascii	"next\000"
 2243      00
 2244              	.LASF6:
 2245 00d3 73686F72 		.ascii	"short unsigned int\000"
 2245      7420756E 
 2245      7369676E 
 2245      65642069 
 2245      6E7400
 2246              	.LASF35:
 2247 00e6 72656673 		.ascii	"refs\000"
 2247      00
 2248              	.LASF1:
 2249 00eb 6C6F6E67 		.ascii	"long long int\000"
 2249      206C6F6E 
 2249      6720696E 
 2249      7400
 2250              	.LASF3:
 2251 00f9 7369676E 		.ascii	"signed char\000"
 2251      65642063 
 2251      68617200 
 2252              	.LASF114:
 2253 0105 636F6E64 		.ascii	"condition_variable_t\000"
 2253      6974696F 
 2253      6E5F7661 
 2253      72696162 
 2253      6C655F74 
 2254              	.LASF72:
 2255 011a 63685F64 		.ascii	"ch_delta_list\000"
 2255      656C7461 
 2255      5F6C6973 
 2255      7400
 2256              	.LASF136:
 2257 0128 62617365 		.ascii	"basePri\000"
 2257      50726900 
 2258              	.LASF46:
ARM GAS  C:\Users\acest\AppData\Local\Temp\ccGG6LYR.s 			page 43


 2259 0130 76746C69 		.ascii	"vtlist\000"
 2259      737400
 2260              	.LASF133:
 2261 0137 706F7274 		.ascii	"port_unlock\000"
 2261      5F756E6C 
 2261      6F636B00 
 2262              	.LASF37:
 2263 0143 6D736771 		.ascii	"msgqueue\000"
 2263      75657565 
 2263      00
 2264              	.LASF33:
 2265 014c 73746174 		.ascii	"state\000"
 2265      6500
 2266              	.LASF9:
 2267 0152 6C6F6E67 		.ascii	"long int\000"
 2267      20696E74 
 2267      00
 2268              	.LASF21:
 2269 015b 74737461 		.ascii	"tstate_t\000"
 2269      74655F74 
 2269      00
 2270              	.LASF53:
 2271 0164 63685F72 		.ascii	"ch_rfcu\000"
 2271      66637500 
 2272              	.LASF66:
 2273 016c 63685F71 		.ascii	"ch_queue\000"
 2273      75657565 
 2273      00
 2274              	.LASF88:
 2275 0175 71756575 		.ascii	"queue\000"
 2275      6500
 2276              	.LASF137:
 2277 017b 63685F71 		.ascii	"ch_queue_fifo_remove\000"
 2277      75657565 
 2277      5F666966 
 2277      6F5F7265 
 2277      6D6F7665 
 2278              	.LASF71:
 2279 0190 63685F64 		.ascii	"ch_delta_list_t\000"
 2279      656C7461 
 2279      5F6C6973 
 2279      745F7400 
 2280              	.LASF87:
 2281 01a0 63685F72 		.ascii	"ch_registry\000"
 2281      65676973 
 2281      74727900 
 2282              	.LASF141:
 2283 01ac 433A5C55 		.ascii	"C:\\Users\\acest\\Desktop\\R.A.C.E\\race_project\000"
 2283      73657273 
 2283      5C616365 
 2283      73745C44 
 2283      65736B74 
 2284              	.LASF10:
 2285 01d8 5F5F7569 		.ascii	"__uint32_t\000"
 2285      6E743332 
 2285      5F7400
 2286              	.LASF54:
ARM GAS  C:\Users\acest\AppData\Local\Temp\ccGG6LYR.s 			page 44


 2287 01e3 6D61736B 		.ascii	"mask\000"
 2287      00
 2288              	.LASF56:
 2289 01e8 63685F73 		.ascii	"ch_system_debug\000"
 2289      79737465 
 2289      6D5F6465 
 2289      62756700 
 2290              	.LASF36:
 2291 01f8 77616974 		.ascii	"waiting\000"
 2291      696E6700 
 2292              	.LASF107:
 2293 0200 6D61696E 		.ascii	"mainthread_base\000"
 2293      74687265 
 2293      61645F62 
 2293      61736500 
 2294              	.LASF112:
 2295 0210 6D757465 		.ascii	"mutex_t\000"
 2295      785F7400 
 2296              	.LASF126:
 2297 0218 6368436F 		.ascii	"chCondSignal\000"
 2297      6E645369 
 2297      676E616C 
 2297      00
 2298              	.LASF61:
 2299 0225 73797369 		.ascii	"sysinterval_t\000"
 2299      6E746572 
 2299      76616C5F 
 2299      7400
 2300              	.LASF26:
 2301 0233 636E745F 		.ascii	"cnt_t\000"
 2301      7400
 2302              	.LASF0:
 2303 0239 756E7369 		.ascii	"unsigned int\000"
 2303      676E6564 
 2303      20696E74 
 2303      00
 2304              	.LASF75:
 2305 0246 6C725F74 		.ascii	"lr_thd\000"
 2305      686400
 2306              	.LASF98:
 2307 024d 77747365 		.ascii	"wtsemp\000"
 2307      6D7000
 2308              	.LASF11:
 2309 0254 6C6F6E67 		.ascii	"long unsigned int\000"
 2309      20756E73 
 2309      69676E65 
 2309      6420696E 
 2309      7400
 2310              	.LASF29:
 2311 0266 72717565 		.ascii	"rqueue\000"
 2311      756500
 2312              	.LASF65:
 2313 026d 63685F71 		.ascii	"ch_queue_t\000"
 2313      75657565 
 2313      5F7400
 2314              	.LASF116:
 2315 0278 74696D65 		.ascii	"timeout\000"
ARM GAS  C:\Users\acest\AppData\Local\Temp\ccGG6LYR.s 			page 45


 2315      6F757400 
 2316              	.LASF31:
 2317 0280 6E616D65 		.ascii	"name\000"
 2317      00
 2318              	.LASF139:
 2319 0285 474E5520 		.ascii	"GNU C17 10.3.1 20210824 (release) -mcpu=cortex-m4 -"
 2319      43313720 
 2319      31302E33 
 2319      2E312032 
 2319      30323130 
 2320 02b8 6D746875 		.ascii	"mthumb -mfloat-abi=soft -march=armv7e-m -ggdb -O2 -"
 2320      6D62202D 
 2320      6D666C6F 
 2320      61742D61 
 2320      62693D73 
 2321 02eb 666F6D69 		.ascii	"fomit-frame-pointer -falign-functions=16 -ffunction"
 2321      742D6672 
 2321      616D652D 
 2321      706F696E 
 2321      74657220 
 2322 031e 2D736563 		.ascii	"-sections -fdata-sections -fno-common -flto\000"
 2322      74696F6E 
 2322      73202D66 
 2322      64617461 
 2322      2D736563 
 2323              	.LASF41:
 2324 034a 6D706F6F 		.ascii	"mpool\000"
 2324      6C00
 2325              	.LASF78:
 2326 0350 62617365 		.ascii	"basepri\000"
 2326      70726900 
 2327              	.LASF43:
 2328 0358 63685F74 		.ascii	"ch_thread\000"
 2328      68726561 
 2328      6400
 2329              	.LASF117:
 2330 0362 63757272 		.ascii	"currtp\000"
 2330      747000
 2331              	.LASF24:
 2332 0369 6D73675F 		.ascii	"msg_t\000"
 2332      7400
 2333              	.LASF38:
 2334 036f 6570656E 		.ascii	"epending\000"
 2334      64696E67 
 2334      00
 2335              	.LASF20:
 2336 0378 746D6F64 		.ascii	"tmode_t\000"
 2336      655F7400 
 2337              	.LASF63:
 2338 0380 63685F6C 		.ascii	"ch_list\000"
 2338      69737400 
 2339              	.LASF103:
 2340 0388 63685F72 		.ascii	"ch_ready_list\000"
 2340      65616479 
 2340      5F6C6973 
 2340      7400
 2341              	.LASF25:
ARM GAS  C:\Users\acest\AppData\Local\Temp\ccGG6LYR.s 			page 46


 2342 0396 6576656E 		.ascii	"eventmask_t\000"
 2342      746D6173 
 2342      6B5F7400 
 2343              	.LASF79:
 2344 03a2 6C725F65 		.ascii	"lr_exc\000"
 2344      786300
 2345              	.LASF19:
 2346 03a9 73746B61 		.ascii	"stkalign_t\000"
 2346      6C69676E 
 2346      5F7400
 2347              	.LASF109:
 2348 03b4 69646C65 		.ascii	"idlethread_base\000"
 2348      74687265 
 2348      61645F62 
 2348      61736500 
 2349              	.LASF85:
 2350 03c4 6C617374 		.ascii	"laststamp\000"
 2350      7374616D 
 2350      7000
 2351              	.LASF40:
 2352 03ce 7265616C 		.ascii	"realprio\000"
 2352      7072696F 
 2352      00
 2353              	.LASF52:
 2354 03d7 72666375 		.ascii	"rfcu_mask_t\000"
 2354      5F6D6173 
 2354      6B5F7400 
 2355              	.LASF90:
 2356 03e3 74687265 		.ascii	"thread_reference_t\000"
 2356      61645F72 
 2356      65666572 
 2356      656E6365 
 2356      5F7400
 2357              	.LASF82:
 2358 03f6 63685F76 		.ascii	"ch_virtual_timers_list\000"
 2358      69727475 
 2358      616C5F74 
 2358      696D6572 
 2358      735F6C69 
 2359              	.LASF113:
 2360 040d 636F6E64 		.ascii	"condition_variable\000"
 2360      6974696F 
 2360      6E5F7661 
 2360      72696162 
 2360      6C6500
 2361              	.LASF118:
 2362 0420 6368436F 		.ascii	"chCondWaitTimeoutS\000"
 2362      6E645761 
 2362      69745469 
 2362      6D656F75 
 2362      745300
 2363              	.LASF62:
 2364 0433 63685F6C 		.ascii	"ch_list_t\000"
 2364      6973745F 
 2364      7400
 2365              	.LASF106:
 2366 043d 63685F6F 		.ascii	"ch_os_instance_config\000"
ARM GAS  C:\Users\acest\AppData\Local\Temp\ccGG6LYR.s 			page 47


 2366      735F696E 
 2366      7374616E 
 2366      63655F63 
 2366      6F6E6669 
 2367              	.LASF80:
 2368 0453 706F7274 		.ascii	"port_context\000"
 2368      5F636F6E 
 2368      74657874 
 2368      00
 2369              	.LASF74:
 2370 0460 706F7274 		.ascii	"port_extctx\000"
 2370      5F657874 
 2370      63747800 
 2371              	.LASF70:
 2372 046c 7072696F 		.ascii	"prio\000"
 2372      00
 2373              	.LASF124:
 2374 0471 6368436F 		.ascii	"chCondBroadcast\000"
 2374      6E644272 
 2374      6F616463 
 2374      61737400 
 2375              	.LASF104:
 2376 0481 63757272 		.ascii	"current\000"
 2376      656E7400 
 2377              	.LASF138:
 2378 0489 63685F71 		.ascii	"ch_queue_notempty\000"
 2378      75657565 
 2378      5F6E6F74 
 2378      656D7074 
 2378      7900
 2379              	.LASF12:
 2380 049b 5F5F7569 		.ascii	"__uint64_t\000"
 2380      6E743634 
 2380      5F7400
 2381              	.LASF27:
 2382 04a6 636F7265 		.ascii	"core_id_t\000"
 2382      5F69645F 
 2382      7400
 2383              	.LASF22:
 2384 04b0 74726566 		.ascii	"trefs_t\000"
 2384      735F7400 
 2385              	.LASF23:
 2386 04b8 74707269 		.ascii	"tprio_t\000"
 2386      6F5F7400 
 2387              	.LASF125:
 2388 04c0 6368436F 		.ascii	"chCondSignalI\000"
 2388      6E645369 
 2388      676E616C 
 2388      4900
 2389              	.LASF115:
 2390 04ce 5F426F6F 		.ascii	"_Bool\000"
 2390      6C00
 2391              	.LASF15:
 2392 04d4 696E7433 		.ascii	"int32_t\000"
 2392      325F7400 
 2393              	.LASF4:
 2394 04dc 756E7369 		.ascii	"unsigned char\000"
ARM GAS  C:\Users\acest\AppData\Local\Temp\ccGG6LYR.s 			page 48


 2394      676E6564 
 2394      20636861 
 2394      7200
 2395              	.LASF55:
 2396 04ea 72666375 		.ascii	"rfcu_t\000"
 2396      5F7400
 2397              	.LASF5:
 2398 04f1 73686F72 		.ascii	"short int\000"
 2398      7420696E 
 2398      7400
 2399              	.LASF84:
 2400 04fb 6C617374 		.ascii	"lasttime\000"
 2400      74696D65 
 2400      00
 2401              	.LASF76:
 2402 0504 78707372 		.ascii	"xpsr\000"
 2402      00
 2403              	.LASF100:
 2404 0509 65776D61 		.ascii	"ewmask\000"
 2404      736B00
 2405              	.LASF121:
 2406 0510 5F5F6675 		.ascii	"__func__\000"
 2406      6E635F5F 
 2406      00
 2407              	.LASF132:
 2408 0519 63685379 		.ascii	"chSysLock\000"
 2408      734C6F63 
 2408      6B00
 2409              	.LASF101:
 2410 0523 63685F73 		.ascii	"ch_semaphore\000"
 2410      656D6170 
 2410      686F7265 
 2410      00
 2411              	.LASF89:
 2412 0530 72656769 		.ascii	"registry_t\000"
 2412      73747279 
 2412      5F7400
 2413              	.LASF16:
 2414 053b 75696E74 		.ascii	"uint32_t\000"
 2414      33325F74 
 2414      00
 2415              	.LASF99:
 2416 0544 77746D74 		.ascii	"wtmtxp\000"
 2416      787000
 2417              	.LASF18:
 2418 054b 706F7274 		.ascii	"port_stkalign_t\000"
 2418      5F73746B 
 2418      616C6967 
 2418      6E5F7400 
 2419              	.LASF30:
 2420 055b 6F776E65 		.ascii	"owner\000"
 2420      7200
 2421              	.LASF81:
 2422 0561 72656773 		.ascii	"regs\000"
 2422      00
 2423              	.LASF128:
 2424 0566 63684D74 		.ascii	"chMtxGetNextMutexX\000"
ARM GAS  C:\Users\acest\AppData\Local\Temp\ccGG6LYR.s 			page 49


 2424      78476574 
 2424      4E657874 
 2424      4D757465 
 2424      785800
 2425              	.LASF2:
 2426 0579 6C6F6E67 		.ascii	"long double\000"
 2426      20646F75 
 2426      626C6500 
 2427              	.LASF32:
 2428 0585 77616261 		.ascii	"wabase\000"
 2428      736500
 2429              	.LASF58:
 2430 058c 63686172 		.ascii	"char\000"
 2430      00
 2431              	.LASF50:
 2432 0591 636F6E66 		.ascii	"config\000"
 2432      696700
 2433              	.LASF120:
 2434 0598 6368436F 		.ascii	"chCondWaitS\000"
 2434      6E645761 
 2434      69745300 
 2435              	.LASF127:
 2436 05a4 6368436F 		.ascii	"chCondObjectInit\000"
 2436      6E644F62 
 2436      6A656374 
 2436      496E6974 
 2436      00
 2437              	.LASF83:
 2438 05b5 646C6973 		.ascii	"dlist\000"
 2438      7400
 2439              	.LASF60:
 2440 05bb 73797374 		.ascii	"systime_t\000"
 2440      696D655F 
 2440      7400
 2441              	.LASF8:
 2442 05c5 5F5F696E 		.ascii	"__int32_t\000"
 2442      7433325F 
 2442      7400
 2443              	.LASF135:
 2444 05cf 5F5F7365 		.ascii	"__set_BASEPRI\000"
 2444      745F4241 
 2444      53455052 
 2444      4900
 2445              	.LASF57:
 2446 05dd 70616E69 		.ascii	"panic_msg\000"
 2446      635F6D73 
 2446      6700
 2447              	.LASF92:
 2448 05e7 70717565 		.ascii	"pqueue\000"
 2448      756500
 2449              	.LASF44:
 2450 05ee 63685F6F 		.ascii	"ch_os_instance\000"
 2450      735F696E 
 2450      7374616E 
 2450      636500
 2451              	.LASF42:
 2452 05fd 6F735F69 		.ascii	"os_instance_t\000"
ARM GAS  C:\Users\acest\AppData\Local\Temp\ccGG6LYR.s 			page 50


 2452      6E737461 
 2452      6E63655F 
 2452      7400
 2453              	.LASF47:
 2454 060b 7265676C 		.ascii	"reglist\000"
 2454      69737400 
 2455              	.LASF69:
 2456 0613 63685F70 		.ascii	"ch_priority_queue\000"
 2456      72696F72 
 2456      6974795F 
 2456      71756575 
 2456      6500
 2457              	.LASF142:
 2458 0625 63685F71 		.ascii	"ch_queue_init\000"
 2458      75657565 
 2458      5F696E69 
 2458      7400
 2459              	.LASF122:
 2460 0633 6368436F 		.ascii	"chCondWait\000"
 2460      6E645761 
 2460      697400
 2461              	.LASF111:
 2462 063e 6F735F69 		.ascii	"os_instance_config_t\000"
 2462      6E737461 
 2462      6E63655F 
 2462      636F6E66 
 2462      69675F74 
 2463              	.LASF102:
 2464 0653 63685F6D 		.ascii	"ch_mutex\000"
 2464      75746578 
 2464      00
 2465              	.LASF130:
 2466 065c 63685F73 		.ascii	"ch_sch_prio_insert\000"
 2466      63685F70 
 2466      72696F5F 
 2466      696E7365 
 2466      727400
 2467              	.LASF28:
 2468 066f 74687265 		.ascii	"thread_t\000"
 2468      61645F74 
 2468      00
 2469              	.LASF45:
 2470 0678 726C6973 		.ascii	"rlist\000"
 2470      7400
 2471              	.LASF129:
 2472 067e 63685468 		.ascii	"chThdGetSelfX\000"
 2472      64476574 
 2472      53656C66 
 2472      5800
 2473              	.LASF14:
 2474 068c 75696E74 		.ascii	"uint8_t\000"
 2474      385F7400 
 2475              	.LASF34:
 2476 0694 666C6167 		.ascii	"flags\000"
 2476      7300
 2477              	.LASF95:
 2478 069a 77746F62 		.ascii	"wtobjp\000"
ARM GAS  C:\Users\acest\AppData\Local\Temp\ccGG6LYR.s 			page 51


 2478      6A7000
 2479              	.LASF108:
 2480 06a1 6D61696E 		.ascii	"mainthread_end\000"
 2480      74687265 
 2480      61645F65 
 2480      6E6400
 2481              	.LASF119:
 2482 06b0 6368436F 		.ascii	"chCondWaitTimeout\000"
 2482      6E645761 
 2482      69745469 
 2482      6D656F75 
 2482      7400
 2483              	.LASF131:
 2484 06c2 63685379 		.ascii	"chSysUnlock\000"
 2484      73556E6C 
 2484      6F636B00 
 2485              	.LASF91:
 2486 06ce 6C697374 		.ascii	"list\000"
 2486      00
 2487              	.LASF134:
 2488 06d3 706F7274 		.ascii	"port_lock\000"
 2488      5F6C6F63 
 2488      6B00
 2489              	.LASF110:
 2490 06dd 69646C65 		.ascii	"idlethread_end\000"
 2490      74687265 
 2490      61645F65 
 2490      6E6400
 2491              	.LASF39:
 2492 06ec 6D74786C 		.ascii	"mtxlist\000"
 2492      69737400 
 2493              	.LASF140:
 2494 06f4 2E2E2F2E 		.ascii	"../../../../../ChibiStudio/chibios2111/os/rt/src/ch"
 2494      2E2F2E2E 
 2494      2F2E2E2F 
 2494      2E2E2F43 
 2494      68696269 
 2495 0727 636F6E64 		.ascii	"cond.c\000"
 2495      2E6300
 2496              		.text
 2497              		.section	.gnu.lto_.profile.b3bf5414,"e",%progbits
 2498 0000 789C6362 		.ascii	"x\234cb\000\001\000\000\022\000\003"
 2498      00010000 
 2498      120003
 2499              		.text
 2500              		.section	.gnu.lto_.icf.b3bf5414,"e",%progbits
 2501 0000 789CB363 		.ascii	"x\234\263c@\000.\206\271\233\016\177\341`l\332\273k"
 2501      40002E86 
 2501      B99B0E7F 
 2501      E1606CDA 
 2501      BB6B
 2502 0012 310BD392 		.ascii	"1\013\323\222\323\227\01722\267\316y\375\236\213\345"
 2502      D3970F32 
 2502      32B7CE79 
 2502      FD9E8BE5 
 2503 0022 F5CE1527 		.ascii	"\365\316\025'\231X_,\275\375\227\221m\371\335\023S\371"
 2503      99585F2C 
ARM GAS  C:\Users\acest\AppData\Local\Temp\ccGG6LYR.s 			page 52


 2503      BDFD9791 
 2503      6DF9DD13 
 2503      53F9
 2504 0034 39FE6CDF 		.ascii	"9\376l\3372\233\207\363\333\212\376\033L\\;\226w>\346"
 2504      329B87F3 
 2504      DB8AFE1B 
 2504      4C5C3B96 
 2504      773EE6
 2505 0047 620000C6 		.ascii	"b\000\000\306\362\036\207"
 2505      F21E87
 2506              		.text
 2507              		.section	.gnu.lto_.ipa_sra.b3bf5414,"e",%progbits
 2508 0000 789C458D 		.ascii	"x\234E\215K\022\2000\010C\223P\265\366\324^\300;\313"
 2508      4B128030 
 2508      08439350 
 2508      B5F6D45E 
 2508      C03BCB
 2509 0013 A78CB048 		.ascii	"\247\214\260H\206\227\011/\376YP[\222)*\001\255\315"
 2509      8697092F 
 2509      FE59505B 
 2509      92292A01 
 2509      ADCD
 2510 0025 D8060731 		.ascii	"\330\006\0071q1\242\317\360\313\231\300\"\023;\023["
 2510      7131A2CF 
 2510      F0CB99C0 
 2510      22133B13 
 2510      5B
 2511 0036 41DDDD4C 		.ascii	"A\335\335L\017\250>\354\302\245\010&R59\021>\314b\002"
 2511      0FA83EEC 
 2511      C2A50826 
 2511      52353911 
 2511      3ECC6202 
 2512 004a BE       		.ascii	"\276"
 2513              		.text
 2514              		.section	.gnu.lto_.inline.b3bf5414,"e",%progbits
 2515 0000 789C7D91 		.ascii	"x\234}\221?KC1\024\305On\362\332\364\371Z\005\375@\356"
 2515      3F4B4331 
 2515      14C54F6E 
 2515      F2DAF4F9 
 2515      5A05FD40 
 2516 0015 C2FB10DA 		.ascii	"\302\373\020\332\326?\237\"\342\"\270d\323J\005\025"
 2516      D63F9F22 
 2516      E222B864 
 2516      D34A0515 
 2517 0025 17973739 		.ascii	"\027\22779\011\202\012u\320\315\212\035\025W\027\207"
 2517      09820A75 
 2517      D0CD8A1D 
 2517      15571787 
 2518 0035 8A820EDE 		.ascii	"\212\202\016\336$\346\361Tj\226\\n\316\357\234\334d"
 2518      24E6F154 
 2518      6A965C6E 
 2518      CEEF9CDC 
 2518      64
 2519 0046 8150AE14 		.ascii	"\201P\256\024\230\276\350]\366hU\360:\222\200\234\207"
 2519      98BEE85D 
 2519      F66855F0 
 2519      3A92809C 
ARM GAS  C:\Users\acest\AppData\Local\Temp\ccGG6LYR.s 			page 53


 2519      87
 2520 0057 9A7B1F14 		.ascii	"\232{\037\024wr\005\320\233\306\030\331&\020D\377d\264"
 2520      777205D0 
 2520      9BC618D9 
 2520      261044FF 
 2520      64B4
 2521 0069 4B1D822A 		.ascii	"K\035\202*k(v\020HXc\250#\004\330@p\213\310w\226\230"
 2521      6B287610 
 2521      485863A8 
 2521      2304D840 
 2521      708BC877 
 2522 007f 3725CF6D 		.ascii	"7%\317m\264\306\037\303G\331\255([\237\303\253Wv\202"
 2522      B4C61FC3 
 2522      47D9AD28 
 2522      5B9FC3AB 
 2522      577682
 2523 0092 BE39E83F 		.ascii	"\2769\350?\321\267Rf\356\314\346\220\310\030\331g\204"
 2523      D1B75266 
 2523      EECCE690 
 2523      C818D967 
 2523      84
 2524 00a3 22E276E2 		.ascii	"\"\342v\342\003$\365\275\373\255\007\311)uf\017\003"
 2524      0324F5BD 
 2524      FBAD07C9 
 2524      2975660F 
 2524      03
 2525 00b4 2B7CF222 		.ascii	"+|\362\"A\22754\224\257\332\360\266S\316\303\346\012"
 2525      41973534 
 2525      94AFDAF0 
 2525      B653CEC3 
 2525      E60A
 2526 00c6 CDE3EDD3 		.ascii	"\315\343\355\3233Z\253\334&{\031\024;~\356\353b|K\335"
 2526      335AABDC 
 2526      267B1914 
 2526      3B7EEEEB 
 2526      627C4BDD 
 2527 00da 781BE189 		.ascii	"x\033\341\211\304\217c\345\262\000EG\324B\021\224\""
 2527      C48F63E5 
 2527      B2004547 
 2527      D4421194 
 2527      22
 2528 00eb 4525A186 		.ascii	"E%\241\206\031>c\277J\202\016o\365\213\213D\330\313"
 2528      193E63BF 
 2528      4A820E6F 
 2528      F58B8B44 
 2528      D8CB
 2529 00fd F163C3E6 		.ascii	"\361c\303\346:\274$M\216\366\014+\033\230}{^\337\370"
 2529      3ABC244D 
 2529      8EF60C2B 
 2529      1B987D7B 
 2529      5EDFF8
 2530 0110 119AB2EE 		.ascii	"\021\232\262\356|b\250j\372\277\261\371\337\330\024"
 2530      7C62A86A 
 2530      FABFB1F9 
 2530      DFD814
 2531 011f 0D37F13F 		.ascii	"\0157\361?\261\001v\014\276\000\212\\yg"
 2531      B101760C 
ARM GAS  C:\Users\acest\AppData\Local\Temp\ccGG6LYR.s 			page 54


 2531      BE008A5C 
 2531      7967
 2532              		.text
 2533              		.section	.gnu.lto_.jmpfuncs.b3bf5414,"e",%progbits
 2534 0000 789C8D50 		.ascii	"x\234\215P[\016\3030\010\263\011}\254?\273qw\207\235"
 2534      5B0EC330 
 2534      08B3097D 
 2534      AC3FBB71 
 2534      77879D
 2535 0013 A157E8FA 		.ascii	"\241W\350\372\333C\354>\033aY5\205T\032\022B1\030\233"
 2535      DB43EC3E 
 2535      1B615935 
 2535      85541A12 
 2535      4231189B 
 2536 0027 3C892326 		.ascii	"<\211#&\010\231nK\362\244\205UJ\251\012pW\302\362eq"
 2536      08996E4B 
 2536      F2A48555 
 2536      4AA90A70 
 2536      57C2F265 
 2537 003c 85DCD392 		.ascii	"\205\334\323\222\0148` }9\365\254\2365\272,c\015\210"
 2537      0C386020 
 2537      7D39F5AC 
 2537      9E35BA2C 
 2537      630D88
 2538 004f CEA89BFD 		.ascii	"\316\250\233\375\031K\\\273\343\340\370\340\332:\","
 2538      194B5CBB 
 2538      E3E0F8E0 
 2538      DA3A222C 
 2539 005f A8DE749A 		.ascii	"\250\336t\232\231\374\024\307\302\356\2618j\031\272"
 2539      99FC14C7 
 2539      C2EEB138 
 2539      6A19BA
 2540 006e 940FCA03 		.ascii	"\224\017\312\003}<R\270\362\327\321\3140\362\217I>\310"
 2540      7D3C52B8 
 2540      F2D7D1CC 
 2540      30F28F49 
 2540      3EC8
 2541 0080 2D1E3D65 		.ascii	"-\036=eq\026qm\270k\350\341\015\023\321y\350"
 2541      7116716D 
 2541      B86BE8E1 
 2541      0D13D179 
 2541      E8
 2542              		.text
 2543              		.section	.gnu.lto_.pureconst.b3bf5414,"e",%progbits
 2544 0000 789C05C1 		.ascii	"x\234\005\301\001\021\000 \014\003\261\001_\016f\002"
 2544      01110020 
 2544      0C03B101 
 2544      5F0E6602 
 2545 0010 DF955275 		.ascii	"\337\225Ru$\257\252\272\31403Z\006\243h\233\023]\323"
 2545      24AFAABA 
 2545      CC30335A 
 2545      06A3689B 
 2545      135DD3
 2546 0023 D1076D24 		.ascii	"\321\007m$\007\012"
 2546      070A
 2547              		.text
 2548              		.section	.gnu.lto_.lto.b3bf5414,"e",%progbits
ARM GAS  C:\Users\acest\AppData\Local\Temp\ccGG6LYR.s 			page 55


 2549 0000 09000400 		.ascii	"\011\000\004\000\001\000\000\000"
 2549      01000000 
 2550              		.text
 2551              		.section	.gnu.lto_ch_sch_prio_insert.217.b3bf5414,"e",%progbits
 2552 0000 789C7D52 		.ascii	"x\234}RQKTA\024>g\346\336\353^\313E\302\250\207\242"
 2552      514B5441 
 2552      143E67E6 
 2552      DEEB5ECB 
 2552      45C2A887 
 2553 0015 5E427AC8 		.ascii	"^Bz\310Z\243\260\210\362]\210~\300>\224w\213]\010wk"
 2553      5AA3B088 
 2553      F25D887E 
 2553      C03E9477 
 2553      8B5D0877 
 2554 002a F52D68DC 		.ascii	"\365-h\3344A\037\326UH\210\224X.\341\346CD\224Vj\266"
 2554      34411FD6 
 2554      55488894 
 2554      582EE1E6 
 2554      43449456 
 2555 0040 2B99AE84 		.ascii	"+\231\256\204Tb\021f(\201&\224\025EE`g\346\336\255]"
 2555      54621166 
 2555      28812694 
 2555      15454560 
 2555      67E6DEAD 
 2556 0055 8B2EDC99 		.ascii	"\213.\334\2313g\276\357;\337\231\231\005\016p\014\000"
 2556      3367BEEF 
 2556      3BDF9999 
 2556      050E700C 
 2556      00
 2557 0066 22F46311 		.ascii	"\"\364c\021`G\242\225\201\020\242\272\210ag\242XE\234"
 2557      6047A295 
 2557      8110A2BA 
 2557      886167A2 
 2557      58459C
 2558 0079 3525DA18 		.ascii	"5%\332\030\016aj`\350\220\326\234\360\316\214\245\271"
 2558      0E616A60 
 2558      E890D69C 
 2558      F0CE8CA5 
 2558      B9
 2559 008a A6B18B89 		.ascii	"\246\261\213\211u\005\031\003;o\226:d\035\033\023\255"
 2559      75051903 
 2559      3B6F963A 
 2559      641D1B13 
 2559      AD
 2560 009b 2651D40A 		.ascii	"&Q\324\012\341<\243m\035i\202?_'\337I\333\337F?\244"
 2560      E13CA36D 
 2560      1D69823F 
 2560      5F27DF49 
 2560      DBDF463F 
 2561 00b0 F5E6CD36 		.ascii	"\365\346\3156\355\364\344v\257p\354\3406G\324\334\210"
 2561      EDF4E476 
 2561      AF70ECE0 
 2561      3647D4DC 
 2561      88
 2562 00c1 E1768AF8 		.ascii	"\341v\212\370>(\037\021bjy@\010\023l\316\261\037\211"
 2562      3E281F11 
 2562      626A7940 
ARM GAS  C:\Users\acest\AppData\Local\Temp\ccGG6LYR.s 			page 56


 2562      08136CCE 
 2562      B11F89
 2563 00d4 8377106F 		.ascii	"\203w\020o#\310D\325x\231\304\3258\270\266\013-\242"
 2563      23C844D5 
 2563      7899C4D5 
 2563      38B8B60B 
 2563      2DA2
 2564 00e6 5493B8BB 		.ascii	"T\223\270\273kq\317\313T\025~T\216;\010\274\262\364"
 2564      6B71CFCB 
 2564      54157E54 
 2564      8E3B08BC 
 2564      B2F4
 2565 00f8 B6C5DBDE 		.ascii	"\266\305\333\336\350\221\350\373\371h\200\252\2712\003"
 2565      E891E8FB 
 2565      F96880AA 
 2565      B93203
 2566 0107 70105D7F 		.ascii	"p\020]\177\224CZ\335x\252\217\210\237\253q!Vw\3053\313"
 2566      94435ADD 
 2566      78AA8F88 
 2566      9FAB7121 
 2566      5677C533 
 2567 011c 5DE84552 		.ascii	"]\350ER\326\230\034\270\254\241I\216.\007\003q\000="
 2567      D6981CB8 
 2567      ACA1498E 
 2567      2E070371 
 2567      003D
 2568 012e 323211EF 		.ascii	"22\021\357\021?\316\341\372\253\371\375(F\000\3329S"
 2568      113FCEE1 
 2568      FAABF9FD 
 2568      284600DA 
 2568      3953
 2569 0140 7123C5EF 		.ascii	"q#\305\357P\314?\313\"\315\261\253G\010\236\344\006"
 2569      50CC3FCB 
 2569      22CDB1AB 
 2569      47089EE4 
 2569      06
 2570 0151 4804A773 		.ascii	"H\004\247s\022\232\013\211U\203\332\322\025|:+\217Y"
 2570      129A0B89 
 2570      5583DAD2 
 2570      157C3A2B 
 2570      8F59
 2571 0163 85335906 		.ascii	"\2053Y\006\35716\230Z\237\344\036\367\3408\312\006\257"
 2571      EF313698 
 2571      5A9FE41E 
 2571      F7E038CA 
 2571      06AF
 2572 0175 C97BE8F5 		.ascii	"\311{\350\365\332\\'\032\016#\354\241\265j\365\001v"
 2572      DA5C271A 
 2572      0E23ECA1 
 2572      B56AF501 
 2572      76
 2573 0186 ABA66445 		.ascii	"\253\246dE\237\222\365(\255\227\331\022X\302\246\245"
 2573      9F92F528 
 2573      AD97D912 
 2573      58C2A6A5 
 2574 0196 4C7FD716 		.ascii	"L\177\327\026r!\323\364\375@\0220X\317\3549J\030\303"
 2574      7221D3F4 
ARM GAS  C:\Users\acest\AppData\Local\Temp\ccGG6LYR.s 			page 57


 2574      FD401230 
 2574      58CFEC39 
 2574      4A18C3
 2575 01a9 B3C7C99B 		.ascii	"\263\307\311\2336\221^^\340\322\033\312\342\337\277"
 2575      36915E5E 
 2575      E0D21BCA 
 2575      E2DFBF
 2576 01b8 CE9B498E 		.ascii	"\316\233I\216ny#\257\374V\233\027\021\015\037\252\234"
 2576      6E7923AF 
 2576      FC569B17 
 2576      110D1FAA 
 2576      9C
 2577 01c9 EBC08369 		.ascii	"\353\300\203ir\200\220K-n\263\271\211\031\3121P.{\313"
 2577      7280904B 
 2577      2D6EB3B9 
 2577      8919CA31 
 2577      502E7BCB 
 2578 01dd 6D5E8CA3 		.ascii	"m^\214\243\224\220>U{\223\344\222\375\226=\254d\315"
 2578      94903E55 
 2578      7B93E492 
 2578      FD963DAC 
 2578      64CD
 2579 01ef B5B28F0A 		.ascii	"\265\262\217\012eGQ\352\216\345\351N\242\024~\354\012"
 2579      654751EA 
 2579      8EE5E94E 
 2579      A2147EEC 
 2579      0A
 2580 0200 53AFAF33 		.ascii	"S\257\2573\267\272v\223\365\244\204\200\274$\343\205"
 2580      B7BA7693 
 2580      F5A48480 
 2580      BC24E385 
 2581 0210 DD3D4EAF 		.ascii	"\335=N\257\220\272\324\373\362\357h\226\356\210\254"
 2581      90BAD4FB 
 2581      F2EF6896 
 2581      EE88AC
 2582 021f 5C4A6DCC 		.ascii	"\\Jm\314\331Xd\352p\315\202\303\235p\0167IOA\262\346"
 2582      D95864EA 
 2582      70CD82C3 
 2582      9D700E37 
 2582      494F41B2 
 2583 0234 1CD6606A 		.ascii	"\034\326`jS\222\363\034\321\243xZ\001o\222x\232\323"
 2583      5392F31C 
 2583      D1A3785A 
 2583      016F9278 
 2583      9AD3
 2584 0246 ED4AEB34 		.ascii	"\355J\3534\373o\215'\016\226\024U\215\217N\215\313y"
 2584      FB6F8D27 
 2584      0E961455 
 2584      8D8F4E8D 
 2584      CB79
 2585 0258 CE4A148B 		.ascii	"\316J\024\213\027\260\246r\316L\305\372\3747\213\375"
 2585      17B0A672 
 2585      CE4CC5FA 
 2585      FC378BFD 
 2586 0268 C3D7D35C 		.ascii	"\303\327\323\\-\023>a\354\315\227\032\347Mht\253\234"
 2586      2D133E61 
 2586      ECCD971A 
ARM GAS  C:\Users\acest\AppData\Local\Temp\ccGG6LYR.s 			page 58


 2586      E74D6874 
 2586      AB9C
 2587 027a 1E034DF4 		.ascii	"\036\003M\364\374\343\034\373ro\033\240\322:\350\267"
 2587      FCE31CFB 
 2587      726F1BA0 
 2587      D23AE8B7 
 2588 028a 82A1DA50 		.ascii	"\202\241\332P\264\276!\020\012;q8Z\351\363\371\374\341"
 2588      B4BE2110 
 2588      0A3B7138 
 2588      5AE9F3F9 
 2588      FCE1
 2589 029c A8FF6CBD 		.ascii	"\250\377l\275?Tg\235n\010\234\244\235\250\025\014T\004"
 2589      3F54679D 
 2589      6E089CA4 
 2589      9DA8150C 
 2589      5404
 2590 02ae 819D896C 		.ascii	"\201\235\211l\260\202V\270.PaU\234:Pu\242v\257\257\022"
 2590      B08256B8 
 2590      2E506155 
 2590      9C3A5075 
 2590      A276AFAF 
 2591 02c3 587D8459 		.ascii	"X}\204Y\221_\264\356d\373"
 2591      915FB4EE 
 2591      64FB
 2592              		.text
 2593              		.section	.gnu.lto_chCondObjectInit.335.b3bf5414,"e",%progbits
 2594 0000 789C7552 		.ascii	"x\234uRMh\023Q\020\236o_\272m.\036D*\336\212\"\"\310"
 2594      4D681351 
 2594      109E6F5F 
 2594      BA6D2E1E 
 2594      442ADE8A 
 2595 0017 C6B417CD 		.ascii	"\306\264\027\315A\224\250'O\212\267\005i7\221\246\266"
 2595      4194A827 
 2595      4F8AB705 
 2595      693791A6 
 2595      B6
 2596 0028 DDB89B9E 		.ascii	"\335\270\233\236\373\214\236\242\030\323\226\212\032"
 2596      FB8C9EA2 
 2596      18D3968A 
 2596      1A
 2597 0035 3D9445EA 		.ascii	"=\224E\352A<\210\265\265\032\327\337z\213z\363 J@\250"
 2597      413C88B5 
 2597      B51AD7DF 
 2597      7A8B7AF3 
 2597      204A40A8 
 2598 0049 3D88D44B 		.ascii	"=\210\324K\017\025\235\331\3046\027\227}\373\336\314"
 2598      0F159DD9 
 2598      C4361797 
 2598      7DFBDECC 
 2599 0059 FBE6FB66 		.ascii	"\373\346\373f>\366\220A4GD\273xA\021&*%\203\264\326"
 2599      3EF69041 
 2599      344744BB 
 2599      78411126 
 2599      2A2583B4 
 2600 006e 873B0D5C 		.ascii	"\207;\015\\\250\224\342X@\024\201\306\015\214cR\355"
 2600      A894E258 
 2600      401481C6 
ARM GAS  C:\Users\acest\AppData\Local\Temp\ccGG6LYR.s 			page 59


 2600      0D8C6352 
 2600      ED
 2601 007f E570EDDB 		.ascii	"\345p\355\333\365[\257\240gC\004\212\350\016\257\350"
 2601      F55BAFA0 
 2601      6743048A 
 2601      E80EAFE8 
 2602 008f A92A4CA8 		.ascii	"\251*L\250@\001\261\326\311@\017\237\324\020\355\011"
 2602      4001B1D6 
 2602      C9400F9F 
 2602      D410ED09 
 2603 009f B57EFF79 		.ascii	"\265~\377y^\3538\005J\3411\270\006s\300#\220$F\312\333"
 2603      5EEB3805 
 2603      4AE131B8 
 2603      0673C023 
 2603      902446CA 
 2604 00b4 88CC1613 		.ascii	"\210\314\026\023\270$:\003O \234JG\233p\254M\227jK\333"
 2604      B8243A03 
 2604      4F209C4A 
 2604      479B70AC 
 2604      4D976A4B 
 2605 00c9 AB3A8C05 		.ascii	"\253:\214\005*\206E\010\250I\203\247\334Kl\344r7#w\013"
 2605      2A864508 
 2605      A84983A7 
 2605      DC4B6CE4 
 2605      72372377 
 2606 00de B2F6E9C6 		.ascii	"\262\366\351\306\225N\375No i\023\331\354\325\224I\352"
 2606      954EFD4E 
 2606      6F206913 
 2606      D9ECD594 
 2606      49EA
 2607 00f0 493CE3DC 		.ascii	"I<\343\334\202PI\013\250E\262\002y\360\261#\324\353"
 2607      8250490B 
 2607      A845B202 
 2607      79F0B123 
 2607      D4EB
 2608 0102 7FCA5A7F 		.ascii	"\177\312Z\177\331\361\275\272\322e\002\230g\217\230"
 2608      D9F1BDBA 
 2608      D2650298 
 2608      678F98
 2609 0111 90A8ACC4 		.ascii	"\220\250\254\304%\035\203\016\211\256)\243\031\\\344"
 2609      251D830E 
 2609      89AE29A3 
 2609      195CE4
 2610 0120 6005BAB1 		.ascii	"`\005\272\261\370\026\262\357\334\3704j&\375@q\252\204"
 2610      F816B2EF 
 2610      DCF8346A 
 2610      26FD4071 
 2610      AA84
 2611 0132 19A55AEE 		.ascii	"\031\245Z\356\250h\254\273\342\357lw\240:fx\2300\312"
 2611      A868ACBB 
 2611      E2EF6C77 
 2611      A03A6678 
 2611      9830CA
 2612 0145 EDE75457 		.ascii	"\355\347TW\240L\274\300m\261\344\222`\226e@\274\204"
 2612      A04CBCC0 
 2612      6DB1E492 
 2612      60966540 
ARM GAS  C:\Users\acest\AppData\Local\Temp\ccGG6LYR.s 			page 60


 2612      BC84
 2613 0157 28147BB8 		.ascii	"(\024{\270kf\022\352_\367\247\326\257N\203\033\217\204"
 2613      6B6612EA 
 2613      5FF7A7D6 
 2613      AF4E831B 
 2613      8F84
 2614 0169 2AF5389E 		.ascii	"*\3658\236C\304n\336\333\322R\212\265\224\270uST^\203"
 2614      43C46EDE 
 2614      DBD2528A 
 2614      B594B875 
 2614      53545E83 
 2615 017d 4462D990 		.ascii	"Db\331\220\2537\254\001\231\273\305\327\230\254\267"
 2615      AB37AC01 
 2615      99BBC5D7 
 2615      98ACB7
 2616 018c 95FFA768 		.ascii	"\225\377\247h\211\213\214\315\242\342\317\337\253\017"
 2616      898B8CCD 
 2616      A2E2CFDF 
 2616      AB0F
 2617 019a 4FB08B62 		.ascii	"O\260\213b&\255\242\370\365\303\361\350\227(+4\235)"
 2617      26ADA2F8 
 2617      F5C3F1E8 
 2617      97282B34 
 2617      9D29
 2618 01ac 8612EE4B 		.ascii	"\206\022\356K\247\354\323~\326\363\355~'\353\027\354"
 2618      A7ECD37E 
 2618      D6F3ED7E 
 2618      27EB17EC 
 2619 01bc A359FF5C 		.ascii	"\243Y\377\\\301\315\333'\255#V\332:f{\234>\223\367\334"
 2619      C1CDDB27 
 2619      AD2356DA 
 2619      3A667B9C 
 2619      3E93F7DC 
 2620 01d0 A1AC53A0 		.ascii	"\241\254S\240\224e%\332\337\364`n w\2520\226\311\271"
 2620      946525DA 
 2620      DFF4606E 
 2620      2077AA30 
 2620      96C9B9
 2621 01e3 0947CEAE 		.ascii	"\011G\316\256\337\233L&\023\256\237\360\012\011\337"
 2621      DF9B4C26 
 2621      13AE9FF0 
 2621      0A09DF
 2622 01f2 7338EBB8 		.ascii	"s8\353\270\243\031\313!\303\311o\375\027Xg\017\036\350"
 2622      A319CB21 
 2622      C3C96FFD 
 2622      1758670F 
 2622      1EE8
 2623 0204 1FE84BF6 		.ascii	"\037\350K\366\222q>\337\347\244\354\250\326\217x\354"
 2623      92713EDF 
 2623      E7A4ECA8 
 2623      D68F78EC 
 2624 0214 361EDBF5 		.ascii	"6\036\333\365m\257`\347F\235\341\261L\226o\206\031\344"
 2624      6DAF60E7 
 2624      469DE1B1 
 2624      4C966F86 
 2624      19E4
 2625 0226 5B83F417 		.ascii	"[\203\364\027\012\265\357#"
ARM GAS  C:\Users\acest\AppData\Local\Temp\ccGG6LYR.s 			page 61


 2625      0AB5EF23 
 2626              		.text
 2627              		.section	.gnu.lto_chCondSignal.336.b3bf5414,"e",%progbits
 2628 0000 789C9554 		.ascii	"x\234\225Tkl\024U\024\276g\356\354n\227\227FR~\200\222"
 2628      6B6C1455 
 2628      14BE67EE 
 2628      EC6E9797 
 2628      46527E80 
 2629 0015 D2A43126 		.ascii	"\322\2441&e\333\302\017\265\177\304\024\343\037L\014"
 2629      65DBC20F 
 2629      B57FC414 
 2629      E31F4C0C 
 2630 0025 847F9390 		.ascii	"\204\177\223\220v\272\312b\267\273\314,F~1\264\305G"
 2630      76BACA62 
 2630      B7BBCC2C 
 2630      467E31B4 
 2630      C547
 2631 0037 C1943E6C 		.ascii	"\301\224>lM[J\333lL5&F\003}\330\226\256Vh+bai\325>`"
 2631      4D5B4ADB 
 2631      6C4C3526 
 2631      46037DD8 
 2631      96AE5668 
 2632 0052 CD22916A 		.ascii	"\315\"\221j\242u[\003\030\001\317\271w\366\2011\004"
 2632      A2755B03 
 2632      1801CFB9 
 2632      77F68131 
 2632      04
 2633 0063 27BB33F7 		.ascii	"'\2733\367\2369\347;\337\371\316\2713\346d\254\035\030"
 2633      9E39E73B 
 2633      DFF9CEB9 
 2633      33E664AC 
 2633      1D18
 2634 0075 7B913106 		.ascii	"{\2211\006\016\006\015\365\265\012\263,k\233KQ\252\353"
 2634      0E060DF5 
 2634      B50AB32C 
 2634      6B9B4B51 
 2634      AAEB
 2635 0087 8F2A3000 		.ascii	"\217*0\000\347\273\332s\325\232\3725\247\257^{B\345"
 2635      E7BBDA73 
 2635      D59AFA35 
 2635      A7AF5E7B 
 2635      42E5
 2636 0099 D094F250 		.ascii	"\320\224\362P\341p}\255\033=\304\016\330!\205\253p\010"
 2636      E1707DAD 
 2636      1B3DC40E 
 2636      D82185AB 
 2636      7008
 2637 00ab 1AF95368 		.ascii	"\032\371Sh\270u\275e`\024\254\236\010\2049c\035\370"
 2637      B875BD65 
 2637      6014AC9E 
 2637      08843963 
 2637      1DF8
 2638 00bd 17573B87 		.ascii	"\027W;\207\006\036\346\000\252\275R \007W|\037{2bY\027"
 2638      061EE600 
 2638      AABD5220 
 2638      07577C1F 
 2638      7B326259 
ARM GAS  C:\Users\acest\AppData\Local\Temp\ccGG6LYR.s 			page 62


 2639 00d2 67FA2DCB 		.ascii	"g\372-\313\315\302\234C\037`\014\364\002\234Fvh\360"
 2639      CDC29C43 
 2639      1F600CF4 
 2639      029C4676 
 2639      68F0
 2640 00e4 CFAC65CC 		.ascii	"\317\254e\314i#Q\260X\003|\016\204\351\244\214?\025"
 2640      692351B0 
 2640      58037C0E 
 2640      84E9A48C 
 2640      3F15
 2641 00f6 3124D3C1 		.ascii	"1$\323\301\225\244\245\375\355#\177:\031\014\242\215"
 2641      95A4A5FD 
 2641      ED237F3A 
 2641      190CA28D 
 2642 0106 938D7F26 		.ascii	"\223\215\177&\234)\323\255\345\243s\223\353\333\255"
 2642      9C29D3AD 
 2642      E5A37393 
 2642      EBDBAD
 2643 0115 881A46D2 		.ascii	"\210\032F\322\303@P2\031\234A\306\252\377\243l\364\314"
 2643      C3405032 
 2643      199C41C6 
 2643      AAFFA36C 
 2643      F4CC
 2644 0127 23CF8E86 		.ascii	"#\317\216\206\221\201\374\321jk\334J\371\262\264\257"
 2644      9181FCD1 
 2644      6A6BDC4A 
 2644      F9B2B4AF 
 2645 0137 AC49E66F 		.ascii	"\254I\346ow\302\010\032\207\010\215\270B$\311\217\217"
 2645      77C2081A 
 2645      87088DB8 
 2645      4224C98F 
 2645      8F
 2646 0148 0B5202EF 		.ascii	"\013R\002\357T\363\300\202\0133\327\344\204\271\003"
 2646      54F3C082 
 2646      0B33D7E4 
 2646      84B903
 2647 0157 BE446735 		.ascii	"\276Dg5\0117\212p\376\351lQ\035m\350\325W\022\340\256"
 2647      09378A70 
 2647      FEE96C51 
 2647      1D6DE8D5 
 2647      5712E0AE 
 2648 016b 92A4BED8 		.ascii	"\222\244\276\330\377\316\3115\307\201\202\317f\006\237"
 2648      FFCEC935 
 2648      C78182CF 
 2648      66069F
 2649 017a 23937F22 		.ascii	"#\223\177\"\305\373\314D\3331\227d-=Y\3323\203u\254"
 2649      C5FBCC44 
 2649      DB319764 
 2649      2D3D59DA 
 2649      338375AC 
 2650 018e CB016320 		.ascii	"\313\001c \225S\037@\222e\222\304\352`\002\327\343`"
 2650      95531F40 
 2650      926592C4 
 2650      EA6002D7 
 2650      E360
 2651 01a0 F323A8A1 		.ascii	"\363#\250\241\330\362\273\\\0029\322-8;\217\276\347"
 2651      D8F2BB5C 
ARM GAS  C:\Users\acest\AppData\Local\Temp\ccGG6LYR.s 			page 63


 2651      0239D22D 
 2651      383B8FBE 
 2651      E7
 2652 01b1 D1E66469 		.ascii	"\321\346diE\333\036J\321\376iT\364\002\032\277I)\372"
 2652      45DB1E4A 
 2652      D1FE6954 
 2652      F4021ABF 
 2652      4929FA
 2653 01c4 6DAAE3D4 		.ascii	"m\252\343\324~\027\\Lw\364T\363\355\2676\312\216:E\275"
 2653      7E175C4C 
 2653      77F454F3 
 2653      EDB736CA 
 2653      8E3A45BD 
 2654 01d8 AE24E625 		.ascii	"\256$\346%T\306\351\377\343\277\224q\336\257\314\245"
 2654      54C6E9FF 
 2654      E3BF9471 
 2654      DEAFCCA5 
 2655 01e8 CCECB1FD 		.ascii	"\314\354\261\375\020\265\205q\211\344\227\201\362\221"
 2655      10B58571 
 2655      89E49781 
 2655      F291
 2656 01f6 CB275147 		.ascii	"\313'QG\304\372\373^\235eMn\2702\237\310Z\305qF\035"
 2656      C4FAFB5E 
 2656      9D654D6E 
 2656      B8329FC8 
 2656      5AC57146 
 2657 020b 2A403F1E 		.ascii	"*@?\036\"\\\271\350\306X\035\247\223b\251`E\030;\316"
 2657      225CB9E8 
 2657      C6581DA7 
 2657      9362A960 
 2657      45183BCE 
 2658 021f 15B9A9C6 		.ascii	"\025\271\251\306\315/`\305ob\037\360\231\233\272\305"
 2658      CD2F60C5 
 2658      6F621FF0 
 2658      999BBAC5 
 2659 022f FF72D263 		.ascii	"\377r\322c\251\253\351jk3\240h\302\2704\353\026\376"
 2659      A9ABE96A 
 2659      6B33A068 
 2659      C2B834EB 
 2659      16FE
 2660 0241 4BC3E1DE 		.ascii	"K\303\341\336\304\017kQ\014a\236N\274\017d\257\312A"
 2660      C40F6B51 
 2660      0C619E4E 
 2660      BC0F64AF 
 2660      CA41
 2661 0253 89E824A9 		.ascii	"\211\350$\251P(\334\026Zzc'\000\225\022n\20317L\002"
 2661      5028DC16 
 2661      5A7A6327 
 2661      0095126E 
 2661      8331374C 
 2662 0268 FB1DAA72 		.ascii	"\373\035\252r\211\372a\216\325mj\340of\205\271\013\227"
 2662      89FA618E 
 2662      D56D6AE0 
 2662      6F6685B9 
 2662      0B97
 2663 027a 2A9DFBEF 		.ascii	"*\235\373\357\200\341\023\276\007\230\026rnzO\274\317"
 2663      80E113BE 
ARM GAS  C:\Users\acest\AppData\Local\Temp\ccGG6LYR.s 			page 64


 2663      07981672 
 2663      6E7A4FBC 
 2663      CF
 2664 028b 122F6764 		.ascii	"\022/gd\226\305\241\360T\"\213Q;\0107\321\325\264<\233"
 2664      96C5A1F0 
 2664      54228B51 
 2664      3B0837D1 
 2664      D5B43C9B 
 2665 029f 27CB985D 		.ascii	"'\313\230]',w\342};P,\366\033T5\325^\340\335\234\333"
 2665      272C77E2 
 2665      7D3B502C 
 2665      F61B5435 
 2665      D55EE0DD 
 2666 02b5 479C0BD0 		.ascii	"G\234\013\320\017\3503\321\2631\314\335\335HuN\330\012"
 2666      0FE833D1 
 2666      B331CCDD 
 2666      DD48754E 
 2666      D80A
 2667 02c7 D1848956 		.ascii	"\321\204\211V\300<\234\240s]C>7\036\247\221\273\222"
 2667      C03C9CA0 
 2667      735D433E 
 2667      371EA791 
 2667      BB92
 2668 02d9 2C2E0A88 		.ascii	",.\012\210$\013\3738Q\207\262\\\226\205\335\234t\303"
 2668      240BFB38 
 2668      5187B25C 
 2668      9685DD9C 
 2668      74C3
 2669 02eb 94C836B4 		.ascii	"\224\3106\264\220\335\315\035v2\247\235\014\033\260"
 2669      90DDCD1D 
 2669      7632A79D 
 2669      0C1BB0
 2670 02fa 9212C580 		.ascii	"\222\022\305\200\025\326\210,\253\340G\314\002L\002"
 2670      15D6882C 
 2670      ABE047CC 
 2670      024C02
 2671 0309 542D225F 		.ascii	"T-\"_\015\371R\217\331\002\324,\214\256\307D\335\324"
 2671      0DF9528F 
 2671      D902D42C 
 2671      8CAEC744 
 2671      DDD4
 2672 031b 3646CDE2 		.ascii	"6F\315\3423\307\342\365J\252Y\367\316)\024\325\271\033"
 2672      33C7E2F5 
 2672      4AAA59F7 
 2672      CE2914D5 
 2672      B91B
 2673 032d 0F4B9AD0 		.ascii	"\017K\232\320b\024\225\036\267\373\024u\303\327\002"
 2673      6214951E 
 2673      B7FB1475 
 2673      C3D702
 2674 033c BAF3393C 		.ascii	"\272\3639<\034\204$xFm\222\353\272\205\342D\322\221"
 2674      1C842478 
 2674      466D92EB 
 2674      BA85E244 
 2674      D291
 2675 034e 26B902FD 		.ascii	"&\271\002\375 \216$\245\024\016\270&I\216\213\250\305"
 2675      208E24A5 
ARM GAS  C:\Users\acest\AppData\Local\Temp\ccGG6LYR.s 			page 65


 2675      140EB826 
 2675      498E8BA8 
 2675      C5
 2676 035f DA6925C3 		.ascii	"\332i%\303SMz\336P\310\365z\322\025\221E\256\3332W\353"
 2676      534D7ADE 
 2676      50C8F57A 
 2676      D2159145 
 2676      AEDB3257 
 2677 0374 87D91941 		.ascii	"\207\331\031A\256T\320j\012\372\031\203\024\031$\252"
 2677      AE54D06A 
 2677      0AFA1983 
 2677      141924AA 
 2678 0384 88DF89DA 		.ascii	"\210\337\211\332z$\372z\350kN_\003)=\236p\266\010G:"
 2678      7A24FA7A 
 2678      E86B4E5F 
 2678      03293D9E 
 2678      70B60847 
 2679 0399 57626330 		.ascii	"Wbc0\341\352\016\236\305\030\362\245\022\326\020\372"
 2679      E1EA0E9E 
 2679      C518F2A5 
 2679      12D610FA 
 2680 03a9 234229F5 		.ascii	"#B)\365\376\261n\034\003{\212[\333\260]\203R\235\223"
 2680      FEB16E1C 
 2680      037B8A5B 
 2680      DBB05D83 
 2680      529D93
 2681 03bc 732D7272 		.ascii	"s-rr\342\237\266\311\271\031\236\373\367\370Om\260\347"
 2681      E29FB6C9 
 2681      B9199EFB 
 2681      F7F84F6D 
 2681      B0E7
 2682 03ce FC2ECDF9 		.ascii	"\374.\315\371\220\014l\\J\315\371\210=\347,s\316#\351"
 2682      900C6C5C 
 2682      4ACDF988 
 2682      3DE72C73 
 2682      CE23E9
 2683 03e1 39FF2273 		.ascii	"9\377\"s\316\355\211\376U\314v\346\0307,\341\030\343"
 2683      CEED89FE 
 2683      55CC76E6 
 2683      18372CE1 
 2683      18E3
 2684 03f3 779A25A8 		.ascii	"w\232%\250\350\356\201\3554\264t\325q\220\225TEh\233"
 2684      E8EE81ED 
 2684      34B474D5 
 2684      71909554 
 2684      45689B
 2685 0406 5F52ACED 		.ascii	"_R\254\3556\275\206\251\225\352^3\244m\367\232\257\205"
 2685      36BD86A9 
 2685      95EA5E33 
 2685      A46DF79A 
 2685      AF85
 2686 0418 02416DA7 		.ascii	"\002Am\247\347yO\211\347\005\315@\363\236\240\021\330"
 2686      E7794F89 
 2686      E705CD40 
 2686      F39EA011 
 2686      D8
 2687 0429 E7D543AC 		.ascii	"\347\325C\254\330\343)\310\374\225\354\365\225\371v"
ARM GAS  C:\Users\acest\AppData\Local\Temp\ccGG6LYR.s 			page 66


 2687      D8E329C8 
 2687      FC95ECF5 
 2687      95F976
 2688 0438 850E94FB 		.ascii	"\205\016\224\373\002\005:\255\003\346\226\242\242\242"
 2688      02053AAD 
 2688      03E696A2 
 2688      A2A2
 2689 0446 82805960 		.ascii	"\202\200Y`\204\012LCG\253\036\250,\367\350L\321\203"
 2689      840A4C43 
 2689      47AB1EA8 
 2689      2CF7E84C 
 2689      D183
 2690 0458 8F25379E 		.ascii	"\217%7\236W\236}\246\264lk\321\026V\244\027k\"\320\024"
 2690      579E7DA6 
 2690      B46C6BD1 
 2690      1656A417 
 2690      6B22D014 
 2691 046c 205A0688 		.ascii	" Z\006\210\02605#\244\371*\365\212\003\345^|c\0364="
 2691      16303523 
 2691      A4F92AF5 
 2691      8A03E55E 
 2691      7C631E34 
 2692 0481 7B99ABAC 		.ascii	"{\231\253\254\324\364\276l\370v<8R\017\370\375\201J"
 2692      D4F4BE6C 
 2692      F8763C38 
 2692      520FF8FD 
 2692      814A
 2693 0493 CDFB4648 		.ascii	"\315\373FH+5\374\232\3567}d4\274i@2\355yU\327\021t\333"
 2693      2B35FC9A 
 2693      EE377D64 
 2693      34BC6940 
 2693      32ED7955 
 2694 04ab 43810503 		.ascii	"C\201\005\003F\310$\270\327\237\336\354\337\\Z\021\322"
 2694      46C824B8 
 2694      D79FDEEC 
 2694      DF5C5A11 
 2694      D2
 2695 04bc A820C38B 		.ascii	"\250 \303\213\000\020\334\372?*\251@'\252E\331\037|"
 2695      0010DCFA 
 2695      3F2AA940 
 2695      27AA45D9 
 2695      1F7C
 2696 04ce F4A55D3B 		.ascii	"\364\245];s\250\244\240\341\313\317\311+d\212\301\\"
 2696      73A8A4A0 
 2696      E1CBCFC9 
 2696      2B648AC1 
 2696      5C
 2697 04df 7EAF3F60 		.ascii	"~\257?`\034d\377\000-\221\322}"
 2697      1C64FF00 
 2697      2D91D27D 
 2698              		.text
 2699              		.section	.gnu.lto_chCondSignalI.337.b3bf5414,"e",%progbits
 2700 0000 789C7D54 		.ascii	"x\234}T]h\023Y\024\276\347\336\231&\261\376a\211\017"
 2700      5D681359 
 2700      14BEE7DE 
 2700      9926B1FE 
 2700      61890F
ARM GAS  C:\Users\acest\AppData\Local\Temp\ccGG6LYR.s 			page 67


 2701 0013 E26A1144 		.ascii	"\342j\021D\026$\261\372R\373\242R\305\367]|\020\006"
 2701      1624B1FA 
 2701      52FBA252 
 2701      C5F75D7C 
 2701      1006
 2702 0025 44A711AB 		.ascii	"D\247\021\253\306\304L\372\334k\032\020\243P\243\245"
 2702      C6C44CFA 
 2702      DC6B1A10 
 2702      A350A3A5 
 2703 0035 82B45D37 		.ascii	"\202\264]7\004\251\273\210\276\270\246\253\255\321\272"
 2703      04A9BB88 
 2703      BEB8A6AB 
 2703      ADD1BA
 2704 0044 A6F5874A 		.ascii	"\246\365\207J\244\370\207V*B\343\203\324\026\264\005"
 2704      A4F88756 
 2704      2A42E383 
 2704      D416B405 
 2705 0054 C53DE7CE 		.ascii	"\305=\347\316d\022A\034\222\231{\317|\347\373\316w\316"
 2705      6412411C 
 2705      92997BCF 
 2705      7CE7FBCE 
 2705      77CE
 2706 0066 4D4A1A63 		.ascii	"MJ\032c7\030c;\361\013:\2033\351\024gR\312\255\036\316"
 2706      3718633B 
 2706      F10B3A83 
 2706      33E91467 
 2706      52CAAD1E 
 2707 007b 3BD22739 		.ascii	";\322'9\014\300\203?{\326h\311\364\342k\257\337\376"
 2707      0CC0833F 
 2707      7BD668C9 
 2707      F4E26BAF 
 2707      DFFE
 2708 008d A209E872 		.ascii	"\242\011\350r\021\032\034K\247|\210P;`\355\\h\320\016"
 2708      111A1C4B 
 2708      A77C8850 
 2708      3B60ED5C 
 2708      68D00E
 2709 00a0 67C5AF18 		.ascii	"g\305\257\030\230{wnb\030d\177\036\262\202\261>\374"
 2709      987B776E 
 2709      6218647F 
 2709      1EB282B1 
 2709      3EFC
 2710 00b2 AAAB47C0 		.ascii	"\252\253G\300\031\221\025\000\232\263\342P\217+q\220"
 2710      19911500 
 2710      9AB3E250 
 2710      8F2B7190 
 2711 00c2 ADCB4BF9 		.ascii	"\255\313K\371\370ENJ\037\313\012\001\327\001s\340\037"
 2711      F8454E4A 
 2711      1FCB0A01 
 2711      D70173E0 
 2711      1F
 2712 00d3 806BC028 		.ascii	"\200k\300(\020\356\256c\254\306a\342\230\242\326\000"
 2712      10EEAE63 
 2712      ACC661E2 
 2712      98A2D600 
 2713 00e3 FF02710A 		.ascii	"\377\002q\012\251\036\3041\327\235\232?\276\252G\346"
 2713      A91EC431 
ARM GAS  C:\Users\acest\AppData\Local\Temp\ccGG6LYR.s 			page 68


 2713      D79D9A3F 
 2713      BEAA47E6 
 2714 00f3 B52C9673 		.ascii	"\265,\226s\003\010d\323\300M\254E\013\177\364#r-!\207"
 2714      030864D3 
 2714      C04DAC45 
 2714      0B7FF423 
 2714      722D2187 
 2715 0107 E67B4F79 		.ascii	"\346{Oy\344\210t\221\254\202\264k\255A'\271OGa\020c"
 2715      E4887491 
 2715      AC82B46B 
 2715      AD4127B9 
 2715      4F476110 
 2716 011c 03444525 		.ascii	"\003DE%\300\220+{]=\326\332\262\003%\017\312&\353\263"
 2716      C0902B7B 
 2716      5D3DD6DA 
 2716      B203250F 
 2716      CA26EBB3 
 2717 0130 42873C82 		.ascii	"B\207<\202y\231\3556\262\205\307\375\252h\332\320\253"
 2717      7999ED36 
 2717      B285C7FD 
 2717      AA68DAD0 
 2717      AB
 2718 0141 3B36C180 		.ascii	";6\301\200K\220\033*\3655\252\354\032\030\2566\217\271"
 2718      4B901B2A 
 2718      F535AAEC 
 2718      1A18AE36 
 2718      8FB9
 2719 0153 7FD7D9B9 		.ascii	"\177\327\331\271wU\031,\374W]\305l\356\304j\333\254"
 2719      7755192C 
 2719      FC575DC5 
 2719      6CEEC46A 
 2719      DBAC
 2720 0165 AE2CB8A2 		.ascii	"\256,\270\242\367\320\254\036\036\375\221Y\375{\263"
 2720      F7D0AC1E 
 2720      1EFD9159 
 2720      FD7BB3
 2721 0174 F7AACCCE 		.ascii	"\367\252\314\316}\272\255C\001\203\377\021\327O\314"
 2721      7DBAAD43 
 2721      0183FF11 
 2721      D74FCC
 2722 0183 B16A73D8 		.ascii	"\261js\330\025\030\305\365\010\220/\012\\)\352y\371"
 2722      1518C5F5 
 2722      08902F0A 
 2722      5C29EA79 
 2722      F9
 2723 0194 E55BA7CC 		.ascii	"\345[\247\314\177\256\235\030>7\366\007\257\345\000"
 2723      7FAE9D18 
 2723      3E37F607 
 2723      AFE500
 2724 01a3 39D07096 		.ascii	"9\320p\226\272N7/\335\030\353\024t\230\244\0062\317"
 2724      BA4E372F 
 2724      DD18EB14 
 2724      7498A406 
 2724      32CF
 2725 01b5 D869C1ED 		.ascii	"\330i\301\355M\007n\336\203\234|RX\256\236\343X\022"
 2725      4D076EDE 
 2725      839C7C52 
ARM GAS  C:\Users\acest\AppData\Local\Temp\ccGG6LYR.s 			page 69


 2725      58AE9EE3 
 2725      5812
 2726 01c7 3ED7B8B7 		.ascii	">\327\270\267\311g\036\366\001\022]\251G\"#\312gI\250"
 2726      C9671EF6 
 2726      01125DA9 
 2726      472223CA 
 2726      6749A8
 2727 01da 665EA4F3 		.ascii	"f^\244\363\330\277*+<\031\354\306\003\025\333\200!o"
 2727      D8BF2A2B 
 2727      3C19ECC6 
 2727      0315DB80 
 2727      216F
 2728 01ec 5678E121 		.ascii	"Vx\341!\364\322\001J\022fj%\231y\004$\225\250\307\031"
 2728      F4D2014A 
 2728      12666A25 
 2728      99790424 
 2728      95A8C719 
 2729 0200 231371CF 		.ascii	"#\023q\317^\356\232\351\354\006\034\263R\372<\346\203"
 2729      5EEE9AE9 
 2729      EC061CB3 
 2729      52FA3CE6 
 2729      83
 2730 0211 5B406A37 		.ascii	"[@j7K\376\214\320\0351\315\021C\033>\022\032\003\266"
 2730      4BFE8CD0 
 2730      1D31CD11 
 2730      431B3E12 
 2730      1A03B6
 2731 0224 21A95416 		.ascii	"!\251T\026\300cT\001f\023$\246\277\336\0314plt\210X"
 2731      C0635401 
 2731      661324A6 
 2731      BFDE1934 
 2731      706C7488 
 2732 0239 0992A5E1 		.ascii	"\011\222\245\341\025(\224!\363\214,\213\347\247&\323"
 2732      15289421 
 2732      F38C2C8B 
 2732      E7A726D3 
 2733 0249 DCB5FCB2 		.ascii	"\334\265\374\262\260\000\233O\211\027v\343$*5M\027{"
 2733      B0009B4F 
 2733      891776E3 
 2733      242A354D 
 2733      177B
 2734 025b 013BAC40 		.ascii	"\001;\254@\263E\037\334\267A[\260\363D\246J-:u.\317"
 2734      B3451FDC 
 2734      B7415BB0 
 2734      F344A64A 
 2734      2D3A752E 
 2735 0270 08AF53A7 		.ascii	"\010\257S\247^\251\323\2138@\210\323\015\035\236\330"
 2735      5EA9D38B 
 2735      384088D3 
 2735      0D1D9ED8 
 2736 0280 758EA8AC 		.ascii	"u\216\250\254\351\3248\257B\3622r\212\023t\274\014E"
 2736      E9D438AF 
 2736      42F23272 
 2736      8A1374BC 
 2736      0C45
 2737 0292 66A5356F 		.ascii	"f\2455ok\235\277\344\257J\362\272I\213(\351)&q;I\271"
 2737      6B9DBFE4 
ARM GAS  C:\Users\acest\AppData\Local\Temp\ccGG6LYR.s 			page 70


 2737      AF4AF2BA 
 2737      498B28E9 
 2737      2926713B 
 2738 02a8 98FC5A74 		.ascii	"\230\374ZtZR\034\274\352C\233t\324\354\356\217\226\027"
 2738      5A521CBC 
 2738      EA439B74 
 2738      D4ECEE8F 
 2738      9617
 2739 02ba 775D37AF 		.ascii	"w]7\257\012\234\024f\372\375\216\225\232\312|\247p["
 2739      0A9C1466 
 2739      FAFD8E95 
 2739      9ACA7CA7 
 2739      705B
 2740 02cc 4B769E57 		.ascii	"Kv\236W\317w!\274@E\0340\355\373\261\204E\360\022\003"
 2740      CF7721BC 
 2740      40451C30 
 2740      EDFBB184 
 2740      45F01203 
 2741 02e0 F81F47E9 		.ascii	"\370\037G\351\213\301\356\360\004\362NC\362\302f<\006"
 2741      8BC1EEF0 
 2741      04F24E43 
 2741      F2C2663C 
 2741      06
 2742 02f1 E86D491F 		.ascii	"\350mI\037e WV,U\003\321*gp\006\022of\013^\372\321\321"
 2742      65205756 
 2742      2C5503D1 
 2742      2A677006 
 2742      126F660B 
 2743 0309 D529C07E 		.ascii	"\325)\300~\227\310\323v}s\223\261\313\012\305,c\257"
 2743      97C8D376 
 2743      7D7393B1 
 2743      CB0AC52C 
 2743      63AF
 2744 031b 19B2E2C6 		.ascii	"\031\262\342\306\366\220u(\036\211\032\277\005\266\005"
 2744      F6907528 
 2744      1E891ABF 
 2744      05B605
 2745 032a 9A033B8C 		.ascii	"\232\003;\214\030\206\367Dc\221\203!3\316\232\002\201"
 2745      1886F744 
 2745      63918321 
 2745      33CE9A02 
 2745      81
 2746 033b 60F5A7F9 		.ascii	"`\365\247\371@\353\276\326\337\343m-\255\221\240I\353"
 2746      40EBBED6 
 2746      DFE36D2D 
 2746      AD91A049 
 2746      EB
 2747 034c 88B5B1A1 		.ascii	"\210\265\261\241\241!\030\261\202\261x\320\212\231\030"
 2747      A12118B1 
 2747      82B178D0 
 2747      8A9918
 2748 035b 3523475A 		.ascii	"5#GZ\002&\343ftYy\023\330\277\271q\357\276M\015\033"
 2748      0226E366 
 2748      74597913 
 2748      D8BFB971 
 2748      EFBE4D0D 
 2749 0370 193F1ADD 		.ascii	"\031?\032\335d6\031*\327R<F\025\217\021\261\214X\334"
ARM GAS  C:\Users\acest\AppData\Local\Temp\ccGG6LYR.s 			page 71


 2749      6436192A 
 2749      D7523C46 
 2749      158F11B1 
 2749      8C58DC
 2750 0383 683D621E 		.ascii	"h=b\036nk\011\341\233\303\010\262\002\007\030Dy<\372"
 2750      6E6B09E1 
 2750      9BC308B2 
 2750      02071844 
 2750      793CFA
 2751 0396 3F3EC9D4 		.ascii	"?>\311\324T"
 2751      54
 2752              		.text
 2753              		.section	.gnu.lto_chCondBroadcast.338.b3bf5414,"e",%progbits
 2754 0000 789C8D52 		.ascii	"x\234\215RKL\023a\020\236\331\277\264\024/\306\327A"
 2754      4B4C1361 
 2754      109ED9BF 
 2754      B4142FC6 
 2754      D741
 2755 0012 2F45438C 		.ascii	"/EC\214\011\264\024\017*'\014x\303\304h\274mb\312\262"
 2755      09B4140F 
 2755      2A270C78 
 2755      C3C468BC 
 2755      6D62CAB2 
 2756 0026 4A91659B 		.ascii	"J\221e\233\335\305\310\211\025\304\030<\240hD\241\326"
 2756      DDC5C889 
 2756      15C4183C 
 2756      A06844A1 
 2756      D6
 2757 0037 687A502F 		.ascii	"hzP/F\023\021\005\244\002\005\324\003\276H\024\210$"
 2757      46131105 
 2757      A40205D4 
 2757      03BE4814 
 2757      8824
 2758 0049 440F7AD1 		.ascii	"D\017z\321\264\0328\210:\377\277\205\366dh\332\356\314"
 2758      B41A3888 
 2758      3AFFBF85 
 2758      F66468DA 
 2758      EECC
 2759 005b 378F6FE6 		.ascii	"7\217o\346\233ma\000\012\002\354\000\000d\200]\227:"
 2759      9B6D6100 
 2759      0A02EC00 
 2759      0064805D 
 2759      973A
 2760 006d 24B06DBB 		.ascii	"$\260m\273\302#\341\231K\035^|\202\302Ch\221\260\005"
 2760      C223E199 
 2760      4B1D5E7C 
 2760      82C24368 
 2760      91B005
 2761 0080 2FB35DE4 		.ascii	"/\263]\344.}\351\356H\242}'\201q*\217\321O|\242\014"
 2761      2E7DE9EE 
 2761      48A27D27 
 2761      81712A8F 
 2761      D14F7CA2 
 2762 0095 BB589C21 		.ascii	"\273X\234!\2722\226\204>\262X=\354L\330\366\353\271"
 2762      BA329684 
 2762      3EB2583D 
 2762      EC4CD8F6 
ARM GAS  C:\Users\acest\AppData\Local\Temp\ccGG6LYR.s 			page 72


 2762      EBB9
 2763 00a7 7EDBF642 		.ascii	"~\333\366B\2341|\214T\203}\210\217\210\231\000\355\317"
 2763      9C317C8C 
 2763      54837D88 
 2763      8F889900 
 2763      EDCF
 2764 00b9 060077A6 		.ascii	"\006\000w\246\223D%\302F|\212\274\247\233\030\373\307"
 2764      934425C2 
 2764      467C8ABC 
 2764      A79B18FB 
 2764      C7
 2765 00ca CB804689 		.ascii	"\313\200F\2111i\005\211\236O\316\271\001\007\010c\034"
 2765      31690589 
 2765      9E4FCEB9 
 2765      01070863 
 2765      1C
 2766 00db 630F4532 		.ascii	"c\017E2gZ\372yavjk\324N\270\342\314\205C\310[9d\370"
 2766      675AFA79 
 2766      61766A6B 
 2766      D44EB8E2 
 2766      CC8543C8 
 2767 00f3 8C267669 		.ascii	"\214&vi\3676Sf\021\317\214u\365>)\036m\263'\355\325"
 2767      F7365366 
 2767      11CF8C75 
 2767      F53E291E 
 2767      6DB327ED 
 2768 0108 5CC8E63A 		.ascii	"\\\310\346:;\011\376\351\250\033\207\011\034\344\335"
 2768      3B09FEE9 
 2768      A81B8709 
 2768      1CE4DD
 2769 0117 F8AC98C8 		.ascii	"\370\254\230\310\235/:?\270\311\031\320\225\035\260"
 2769      9D2F3A3F 
 2769      B8C919D0 
 2769      951DB0
 2770 0126 FD170D38 		.ascii	"\375\027\0158BX\036d\371\206\327\304\267\364\231\370"
 2770      42581E64 
 2770      F986D7C4 
 2770      B7F499F8 
 2771 0136 C6081C5D 		.ascii	"\306\010\034]\345K\012>\236s\377m^\302\376\375\267\323"
 2771      E54B0A3E 
 2771      9E73FF6D 
 2771      5EC2FEFD 
 2771      B7D3
 2772 0148 4E2CAEEB 		.ascii	"N,\256\353h\357\231\270+\321\261\260\237B\235\214\337"
 2772      68EF99B8 
 2772      2BD1B1B0 
 2772      9F429D8C 
 2772      DF
 2773 0159 CE76A19D 		.ascii	"\316v\241\235\000\270\310$\307i#\347\033\332\013\327"
 2773      00B8C824 
 2773      C76923E7 
 2773      1BDA0BD7 
 2774 0169 5F227FA6 		.ascii	"_\"\177\246o]\371\324s\025I:\201\246g\274\"\234\036"
 2774      6F5DF9D4 
 2774      7315493A 
 2774      81A667BC 
 2774      229C1E
ARM GAS  C:\Users\acest\AppData\Local\Temp\ccGG6LYR.s 			page 73


 2775 017c 8AF7A53E 		.ascii	"\212\367\245>l\244\015\005<\235\272\206\034o\365\321"
 2775      6CA40D05 
 2775      3C9DBA86 
 2775      1C6FF5D1 
 2776 018c DEFC982E 		.ascii	"\336\374\230.,\025i_\273\373\346o \255/\322\006\346"
 2776      2C15695F 
 2776      BBFBE66F 
 2776      20AD2FD2 
 2776      06E6
 2777 019e BDF81CE1 		.ascii	"\275\370\034\341;\266n\347\303M\362\353\025~\224\316"
 2777      3BB66EE7 
 2777      C34DF2EB 
 2777      157E94CE 
 2778 01ae E5C7591E 		.ascii	"\345\307Y\036\231.\376ZM\"\320\023_ N\010\301\012\347"
 2778      992EFE5A 
 2778      4D22D013 
 2778      5F204E08 
 2778      C10AE7
 2779 01c1 44DC2D82 		.ascii	"D\334-\202\257\034\226\037\203\361\367\251|\340\032"
 2779      AF1C961F 
 2779      83F1F7A9 
 2779      7CE01A
 2780 01d0 F3BEA95B 		.ascii	"\363\276\251[W~\316\024\011\206\305\231-\002Y~\373\246"
 2780      577ECE14 
 2780      0986C599 
 2780      2D02597E 
 2780      FBA6
 2781 01e2 9A14861F 		.ascii	"\232\024\206\037x\326\007gQ\2123O\214\2210\267\031\231"
 2781      78D60767 
 2781      518A334F 
 2781      8C9130B7 
 2781      1999
 2782 01f4 F922355A 		.ascii	"\371\"5Z@\321\266L\324\033c\036\376v\025\210P\254 \263"
 2782      40D1B64C 
 2782      D41B631E 
 2782      FE761588 
 2782      50AC20B3 
 2783 0208 7A4F2FAD 		.ascii	"zO/\255>\342\014\177s\266\333\241[x\320\353\220\015"
 2783      3EE20C7F 
 2783      73B6DBA1 
 2783      5B78D0EB 
 2783      900D
 2784 021a CD8AC8F6 		.ascii	"\315\212\310\366\325\277\205\367\3332\342\374\341\342"
 2784      D5BF85F7 
 2784      DB32E2FC 
 2784      E1E2
 2785 0228 8C3A8597 		.ascii	"\214:\205\227\323\253\342\214e\304\201\\q\222Yq\306"
 2785      D3ABE28C 
 2785      65C4815C 
 2785      71925971 
 2785      C6
 2786 0239 73C5C9C8 		.ascii	"s\305\311\3100%\004\311\335\275+M\273\323\275!E\356"
 2786      302504C9 
 2786      DDBD2B4D 
 2786      BBD3BD21 
 2786      45EE
 2787 024b 72EBBB2A 		.ascii	"r\353\273*\276)\377t2t\216\330\232\340nqe\271|\324T"
ARM GAS  C:\Users\acest\AppData\Local\Temp\ccGG6LYR.s 			page 74


 2787      BE29FF74 
 2787      32748ED8 
 2787      9AE06E71 
 2787      65B97CD4 
 2788 0260 0D530E29 		.ascii	"\015S\016)\252i\311U\252y\322\322#\362a\377~\177\245"
 2788      AA69C955 
 2788      AA79D2D2 
 2788      23F261FF 
 2788      7E7FA5
 2789 0273 FF806C10 		.ascii	"\377\200l\020|,b\350\365\252bA\271\337\037\310\375V"
 2789      7C2C62E8 
 2789      F5AA6241 
 2789      B9DF1FC8 
 2789      FD56
 2790 0285 D6856BC2 		.ascii	"\326\205k\302G\254\246\332\260\036P\270\255\233e\301"
 2790      47ACA6DA 
 2790      B01E50B8 
 2790      AD9B65C1 
 2791 0295 6030A09B 		.ascii	"`0\240\233\001\303\012\230\206B\250\2427\326\372\025"
 2791      01C30A98 
 2791      8642A8A2 
 2791      37D6FA15 
 2792 02a5 9094C886 		.ascii	"\220\224\310\206\025\307\177|\337\336P\315\356`\031"
 2792      15C77F7C 
 2792      DFDE50CD 
 2792      EE6019
 2793 02b4 04957259 		.ascii	"\004\225rY\024\232\242\211\234\323D\326M\331\260\344"
 2793      149AA289 
 2793      9CD344D6 
 2793      4DD9B0E4 
 2794 02c4 70A3D2D0 		.ascii	"p\243\322\320T\253R\304l6\375u\340\251\011\231\352!"
 2794      54AB52C4 
 2794      6C36FD75 
 2794      E0A90999 
 2794      EA21
 2795 02d6 235CFDFF 		.ascii	"#\\\375\377JE\3274\275QVO[r\310\320dE3\303\0344\324"
 2795      4A45D734 
 2795      BD51564F 
 2795      5B72C8D0 
 2795      644533C3 
 2796 02ed 6C430E1D 		.ascii	"lC\016\035;\241(\324\264bM\315\"\272a\231\274\335\251"
 2796      3BA128D4 
 2796      B4624DCD 
 2796      22BA6199 
 2796      BCDDA9
 2797 0300 3D255A49 		.ascii	"=%ZI\250\301\222\371B\206J\015\326\037<r\330\307'\213"
 2797      A8C192F9 
 2797      42864A0D 
 2797      D61F3C72 
 2797      D8C7278B 
 2798 0314 18E1625F 		.ascii	"\030\341b_Q)H\006x4U\323\215f\370\007\036\351\250\274"
 2798      51294806 
 2798      783455D3 
 2798      8D66F807 
 2798      1EE9A8BC 
 2799              		.text
 2800              		.section	.gnu.lto_chCondBroadcastI.339.b3bf5414,"e",%progbits
ARM GAS  C:\Users\acest\AppData\Local\Temp\ccGG6LYR.s 			page 75


 2801 0000 789C7D53 		.ascii	"x\234}S_h\024g\020\237\371\276\335\373cb,B|\324 H)\224"
 2801      5F681467 
 2801      109FF9BE 
 2801      DDFB6362 
 2801      2C427CD4 
 2802 0018 BB465FD2 		.ascii	"\273F_\322<T%\366\3117\305\267\005\321\315\211\261\306"
 2802      3C5425F6 
 2802      C937C5B7 
 2802      05D1CD89 
 2802      B1C6
 2803 002a 3B6FCFD7 		.ascii	";o\317\327\3725^(\236\205\363bP\020\377q\254rj\243\264"
 2803      FA355E28 
 2803      9E85F362 
 2803      5010FF71 
 2803      AC726AA3 
 2804 003f D07AA99A 		.ascii	"\320z\251\232^\03351*\332\2034\264\240\226\200\340\365"
 2804      5E1B3531 
 2804      2ADA8334 
 2804      B4A09680 
 2804      E0F5
 2805 0051 A13DE383 		.ascii	"\241=\343\203\032+:\363\335\336\272\0051\\\366\233\235"
 2805      1A2B3AF3 
 2805      DDDEBA05 
 2805      315CF69B 
 2805      9D
 2806 0062 F9CDFC7E 		.ascii	"\371\315\374~3\363\355\031\003\240\014\000\275\364\217"
 2806      33F3ED19 
 2806      03A00C00 
 2806      BDF48F
 2807 0071 21C0A142 		.ascii	"!\300\241BN\200RjMX\340p!\367\357\371\357\015\034E\355"
 2807      4E80526A 
 2807      4D58E070 
 2807      21F7EFF9 
 2807      EF0D1C45 
 2808 0086 9038FC5D 		.ascii	"\2208\374]3h\210}\205\003\202\"\325\372|\2271Xh\273"
 2808      3368887D 
 2808      85038222 
 2808      D5FA7C97 
 2808      315868BB 
 2809 009a 901F0C1B 		.ascii	"\220\037\014\033&~U\310M|+4\004a\257\220\344\332+\210"
 2809      267E55C8 
 2809      4D7C2B34 
 2809      0461AF90 
 2809      E4DA2B88 
 2810 00ae C2FF3B24 		.ascii	"\302\377;$?\242\350\363GGF\256\243*U\320\225\000'\244"
 2810      3FA2E8F3 
 2810      474746AE 
 2810      A32A55D0 
 2810      950027A4 
 2811 00c2 173C2671 		.ascii	"\027<&qH\272\022\321\360,\201\035d\311\035\360aE\251"
 2811      48BA12D1 
 2811      F02C811D 
 2811      64C91DF0 
 2811      6145A9
 2812 00d5 7BF7CB4A 		.ascii	"{\367\313JE\301\225\022/!\345\340\217\210? \260\243"
 2812      45C19512 
 2812      2F21E5E0 
ARM GAS  C:\Users\acest\AppData\Local\Temp\ccGG6LYR.s 			page 76


 2812      8F883F20 
 2812      B0A3
 2813 00e7 7F723140 		.ascii	"\177r1@\310\253$(E\333\210?!\327\224J\037\\\343\371"
 2813      C8AB2428 
 2813      45DB883F 
 2813      21D7944A 
 2813      1F5CE3F9 
 2814 00fb E1DC8BAF 		.ascii	"\341\334\213\257\227\036S\025\303\225\006^F\0065\312"
 2814      971E5315 
 2814      C395065E 
 2814      460635CA 
 2815 010b E015D262 		.ascii	"\340\025\322b\364?i'\344\012F\216\325\316}\023V\223"
 2815      F43F6927 
 2815      E40A468E 
 2815      D5CE7D13 
 2815      5693
 2816 011d CA47C25B 		.ascii	"\312G\302[dCk\210;yP\224x\225\234\243\\\2135\340\230"
 2816      64436B88 
 2816      3B795094 
 2816      78959CA3 
 2816      5C8B35E0 
 2817 0132 CF7B491F 		.ascii	"\317{I\037+\032\274\243\2650\361f;\\ib\205\300\242Y"
 2817      2B1ABCA3 
 2817      B530F166 
 2817      3B5C6962 
 2817      85C0A259 
 2818 0146 EE172AD7 		.ascii	"\356\027*\327?\335\256U\363\013\207~\365\025\327\313"
 2818      3FDDAE55 
 2818      F30B877E 
 2818      F515D7CB 
 2819 0156 FB4FB61D 		.ascii	"\373O\266\035D\316\272\034\314\032gW\377\315w\3115\377"
 2819      44CEBA1C 
 2819      CC1A6757 
 2819      FFCD77C9 
 2819      35FF
 2820 0168 2F773C20 		.ascii	"/w< \267\374p\310\304k\236\\\361\036u\020TGm\341\015"
 2820      B7FC70C8 
 2820      C46B9E5C 
 2820      F11E7510 
 2820      54476DE1 
 2821 017d B2AF230B 		.ascii	"\262\257#\013c\307\305\252YQ\377\275\316\253\312\263"
 2821      63C7C5AA 
 2821      5951FFBD 
 2821      CEABCAB3 
 2822 018d 9691D347 		.ascii	"\226\221\323Gi\347\2554\3112\032\264\215\220I\0173\302"
 2822      69E7AD34 
 2822      C9321AB4 
 2822      8D90490F 
 2822      33C2
 2823 019f 0FDE9609 		.ascii	"\017\336\226\011\220\227P\237/u\241\252\000\034\224"
 2823      9097509F 
 2823      2F75A1AA 
 2823      001C94
 2824 01ae 42DBFBC8 		.ascii	"B\333\373\310\376\033\325\354\303\251%\372|2\205|.\367"
 2824      FE1BD5EC 
 2824      C3A925FA 
 2824      7C32857C 
ARM GAS  C:\Users\acest\AppData\Local\Temp\ccGG6LYR.s 			page 77


 2824      2EF7
 2825 01c0 1FB3F30B 		.ascii	"\037\263\363\013\200\341\262083!}\374\253)A\347\300"
 2825      80E1B230 
 2825      3833217D 
 2825      FCAB2941 
 2825      E7C0
 2826 01d2 A98DD446 		.ascii	"\251\215\324F\221\212\223\357\351\310p\275z\034I\236"
 2826      918A93EF 
 2826      E9C870BD 
 2826      7A1C499E 
 2827 01e2 463CAD46 		.ascii	"F<\255Fq\0025h5\311.\312\250v?\253\"\374\203\003WjK"
 2827      71023568 
 2827      35C92ECA 
 2827      A8763FAB 
 2827      22FC8303 
 2828 01f9 8A32E2DD 		.ascii	"\2122\342\335/S\217\371\014\222\3140\341p\022\341\023"
 2828      2F538FF9 
 2828      0C92CC30 
 2828      E17012E1 
 2828      13
 2829 020a 9A528423 		.ascii	"\232R\204#7\3618\335&.JY\365\334\264\010 e\023\371X"
 2829      37F138DD 
 2829      262E4A59 
 2829      F5DCB408 
 2829      206513F9 
 2830 021f 30F45613 		.ascii	"0\364V\023J\2255\327\213\006\327\321\263\355\201\244"
 2830      4A9535D7 
 2830      8B06D7D1 
 2830      B3ED81A4 
 2831 022f 889FB490 		.ascii	"\210\237\264\220\223\356P\0226\222\314FgU-\272\376j"
 2831      93EE5012 
 2831      3692CC46 
 2831      67552DBA 
 2831      FE6A
 2832 0241 76C68DD2 		.ascii	"v\306\215\322\202xO\354\350\340\331C\035\263\247Z\212"
 2832      82784FEC 
 2832      E8E0D943 
 2832      1DB3A75A 
 2832      8A
 2833 0252 D2C82251 		.ascii	"\322\310\"QFNH\"$\305.5GDs\245\333\350\265\024\362Z"
 2833      464E4822 
 2833      24C52E35 
 2833      474473A5 
 2833      DBE8B514 
 2834 0268 629ECF5C 		.ascii	"b\236\317\\\271\200R\360\236\366y\235\265\340o\304,"
 2834      B98052F0 
 2834      9EF6799D 
 2834      B5E06FC4 
 2834      2C
 2835 0279 404B295D 		.ascii	"@K)]\243k\324\212U\362PA\316_\210_\352\261\033\024U"
 2835      A36BD48A 
 2835      55F25041 
 2835      CE5F885F 
 2835      EAB11B14 
 2836 028e 863FF697 		.ascii	"\206?\366\227S\255L4\234{$I\257\307%\003\\\313\\\331"
 2836      53AD4C34 
 2836      9C7B2449 
ARM GAS  C:\Users\acest\AppData\Local\Temp\ccGG6LYR.s 			page 78


 2836      AFC72503 
 2836      5CCB5CD9 
 2837 02a2 C683990E 		.ascii	"\306\203\231\016r\205\361w\252L\337\177\2261\245\245"
 2837      7285F177 
 2837      AA4CDF7F 
 2837      9631A5A5 
 2838 02b2 DCF74CB3 		.ascii	"\334\367L\263\253\253\201\375\315\345\017#}8\215E\335"
 2838      ABAB81FD 
 2838      CDE50F23 
 2838      7D388D45 
 2838      DD
 2839 02c3 8DE2CFDE 		.ascii	"\215\342\317\336\256\332\251G\217\314x\273\253EL\364"
 2839      AEDAA947 
 2839      8FCC78BB 
 2839      AB454CF4 
 2840 02d3 070D33AB 		.ascii	"\007\0153\253Y>\300?\033\013\030\363\006X\235y\034\341"
 2840      593EC03F 
 2840      1B0B18F3 
 2840      06589D79 
 2840      1CE1
 2841 02e5 01D27709 		.ascii	"\001\322w\0115\314\326\306\267\021\023\337\003\320\255"
 2841      35CCD6C6 
 2841      B71113DF 
 2841      03D0AD
 2842 02f4 99FE059C 		.ascii	"\231\376\005\234\303\201\277\012\353\265;/Q\273\007"
 2842      C381BF0A 
 2842      EBB53B2F 
 2842      51BB07
 2843 0303 2AFCF671 		.ascii	"*\374\366qO\267\265\311I\244\035k\213\235p2\326\272"
 2843      4FB7B5C9 
 2843      49A41D6B 
 2843      8B9D7032 
 2843      D6BA
 2844 0315 84F34526 		.ascii	"\204\363E&\231\2626\304\326\306zb\237[iroN\245\223;"
 2844      99B236C4 
 2844      D6C67A62 
 2844      9F5B6972 
 2844      6F4EA593 
 2845 032a 127606BA 		.ascii	"\022v\006\272c\261x\360\327\263\275ok\337\306\314\236"
 2845      63B178F0 
 2845      D7B3BD6F 
 2845      6BDFC6CC 
 2845      9E
 2846 033b DEBE64DC 		.ascii	"\336\276d\334f;\351\254\354\354\354\214'\235x:\023w"
 2846      663BE9AC 
 2846      ECECEC8C 
 2846      279D783A 
 2846      1377
 2847 034d D23679ED 		.ascii	"\3226y\355\344\256\336\230\015\302N-n\276\304\266}\332"
 2847      E4AEDE98 
 2847      0DC24E2D 
 2847      6EBEC4B6 
 2847      7DDA
 2848 035f B565EBAA 		.ascii	"\265e\353\252\316\225 v\247V\331\335\226\316ut\035+"
 2848      CE952076 
 2848      A756D9DD 
 2848      96CE7574 
ARM GAS  C:\Users\acest\AppData\Local\Temp\ccGG6LYR.s 			page 79


 2848      1D2B
 2849 0371 50C74A3A 		.ascii	"P\307J:V:c\365\355\262w\356\351MPd'\201\234\330v\300"
 2849      563A63F5 
 2849      EDB277EE 
 2849      E94D5064 
 2849      27819CD8 
 2850 0387 D41BE942 		.ascii	"\324\033\351B\3121"
 2850      CA31
 2851              		.text
 2852              		.section	.gnu.lto_chCondWait.340.b3bf5414,"e",%progbits
 2853 0000 789C8D53 		.ascii	"x\234\215S]H\024Q\024>g\356\270*A\204QA\275X`\021\350"
 2853      5D481451 
 2853      143E67EE 
 2853      B82A4184 
 2853      5141BD58 
 2854 0017 6E6B44E5 		.ascii	"nkD\345\223a\275\025D\321\333@\254\343d[\216\263\314"
 2854      9361BD15 
 2854      44D1DB40 
 2854      ACE3645B 
 2854      8EB3CC
 2855 002a 8C914F8E 		.ascii	"\214\221O\216?\365`\201\265EFn\026\261A\364\"B\231\375"
 2855      3FF56081 
 2855      B545466E 
 2855      16B141F4 
 2855      224299FD 
 2856 003e 98DB8F66 		.ascii	"\230\333\217f\177$\241d\232)\222/id\273\205\006\366"
 2856      7F24A164 
 2856      9A29922F 
 2856      6964BB85 
 2856      06F6
 2857 0050 73EE9DCD 		.ascii	"s\356\235\315\335^\"X\366\336\373\335\357|\347;\337"
 2857      DD5E2258 
 2857      F6DEFBDD 
 2857      EF7CE73B 
 2857      DF
 2858 0061 DDED6200 		.ascii	"\335\355b\000\345\010\260\026\000\220\001\206O7J\340"
 2858      E508B016 
 2858      00900186 
 2858      4F374AE0 
 2859 0071 384E71A6 		.ascii	"8Nq\246\204\265\247\033_\265\335\220\361.\012\000\241"
 2859      84B5A71B 
 2859      5FB5DD90 
 2859      F12E0A00 
 2859      A1
 2860 0082 46C21A3C 		.ascii	"F\302\032<\303\"\014\303,Jd9\271C\314]O\224\271\311"
 2860      C3220CC3 
 2860      2C4A6439 
 2860      B943CC5D 
 2860      4F94B9C9 
 2861 0096 E6A9498C 		.ascii	"\346\251I\214\\\213\311Q&A+\021n\"\336 q\000\"\262C"
 2861      5C8BC951 
 2861      26412B11 
 2861      6E22DE20 
 2861      710022B2 
 2862 00ab B02EE638 		.ascii	"\260.\3468\375C\235\216\223\015Q\306\360\026\246q\010"
 2862      FD439D8E 
 2862      930D51C6 
ARM GAS  C:\Users\acest\AppData\Local\Temp\ccGG6LYR.s 			page 80


 2862      F016A671 
 2862      08
 2863 00bc D0A3392E 		.ascii	"\320\2439.\323A\276\344\221\344\314\364\325\343\213"
 2863      D341BEE4 
 2863      91E4CCF4 
 2863      D5E38B
 2864 00cb 4FD56691 		.ascii	"O\325f\221 \336\306\277$\365\266\034\017\340\035\344"
 2864      20DEC6BF 
 2864      24F5B61C 
 2864      0FE01DE4 
 2865 00db 8D00242A 		.ascii	"\215\000$*\360\000\355\021\357\211j\017Uw\316\026\002"
 2865      F000ED11 
 2865      EF896A0F 
 2865      5577CE16 
 2865      02
 2866 00ec B96F2537 		.ascii	"\271o%7I$r\262\347\035Uu\021\306D\253\016A\346\306\346"
 2866      492472B2 
 2866      E71D5575 
 2866      11C644AB 
 2866      0E41E6C6 
 2867 0101 E64F8CBC 		.ascii	"\346O\214\274Z\031q\270{\031\273\221K\271\3150\206\004"
 2867      5A1971B8 
 2867      7B19BB91 
 2867      4BB9CD30 
 2867      8604
 2868 0113 E9D79771 		.ascii	"\351\327\227qS\234\331\021n\271\235\377\250\336\351"
 2868      539CD911 
 2868      6EB99DFF 
 2868      A8DEE9
 2869 0122 7316B890 		.ascii	"s\026\270\220\342\272\343\212\376\203\021\017> \360"
 2869      E2BAE38A 
 2869      FE83110F 
 2869      3E20F0
 2870 0131 3E5703F2 		.ascii	">W\003\362\207\017\323\375E\306\306W\270\006\345\224"
 2870      870FD3FD 
 2870      45C6C657 
 2870      B806E594 
 2871 0141 C163DFC8 		.ascii	"\301c\337\310\340c\3022 \325\257\373\277\372\315}\240"
 2871      E063C232 
 2871      20D5AFFB 
 2871      BFFACD7D 
 2871      A0
 2872 0152 7EBD04F6 		.ascii	"~\275\004\366,\364{\"\372\021\007)\252\266\327\0311"
 2872      2CF47B22 
 2872      FA110729 
 2872      AAB6D719 
 2872      31
 2873 0163 67FE5793 		.ascii	"g\376W\223\023\233]4u\254\371M\233D\257\214\235(\213"
 2873      139B5D34 
 2873      75ACF94D 
 2873      9B44AF8C 
 2873      9D288B
 2874 0176 1CA189F1 		.ascii	"\034\241\211\361\227wdtb\000\247\230\344\036\352\351"
 2874      97776474 
 2874      6200A798 
 2874      E41EEAE9 
 2875 0186 F0119D89 		.ascii	"\360\021\235\211\267\317Q\254\357\026\361%\321~\366"
ARM GAS  C:\Users\acest\AppData\Local\Temp\ccGG6LYR.s 			page 81


 2875      B7CF51AC 
 2875      EF16F125 
 2875      D17EF6
 2876 0195 FD857348 		.ascii	"\375\205sHI\01201\234-X\211O\321\216\370\320R\032X\300"
 2876      490A3031 
 2876      9C2D5889 
 2876      4FD18EF8 
 2876      D0521A58 
 2877 01aa 83F1F3C8 		.ascii	"\203\361\363\310\361\272\\\212\201\377Rd\334 h\337\233"
 2877      F1BA5C8A 
 2877      81FF5264 
 2877      DC2068DF 
 2877      9B
 2878 01bb 3BC62E22 		.ascii	";\306.\"\245!hw\307\262\361\021\302g\254[\303\275\276"
 2878      A5216877 
 2878      C7B2F111 
 2878      C267AC5B 
 2878      C3BDBE
 2879 01ce E08FB97A 		.ascii	"\340\217\271zT:N\317\236A[\231\3776\237!\320\212\317"
 2879      543A4ECF 
 2879      9E415B99 
 2879      FF369F21 
 2879      D08ACF
 2880 01e1 119F8AFC 		.ascii	"\021\237\212\374V\217\213{\217\270|\351v\231\231\216"
 2880      568F8B7B 
 2880      8FB87CE9 
 2880      7699998E 
 2881 01f1 0EC4B380 		.ascii	"\016\304\263\200G\316u\343\355g\277\016\347\211\016"
 2881      47CE75E3 
 2881      ED67BF0E 
 2881      E7890E
 2882 0200 B3C3CB05 		.ascii	"\263\303\313\005\362#>\272\223\002\207\031l\270\274"
 2882      F2233EBA 
 2882      93028719 
 2882      6CB8BC
 2883 020f F10A931B 		.ascii	"\361\012\223\033P\212\262\314VFQ]a\264\315r\315\336"
 2883      508AB2CC 
 2883      5646515D 
 2883      61B4CD72 
 2883      CDDE
 2884 0221 41BA1385 		.ascii	"A\272\023\205_\334\251i\334\013-4\356c\327\360\245\221"
 2884      5FDCA969 
 2884      DC0B2D34 
 2884      EE63D7F0 
 2884      A591
 2885 0233 66B7C544 		.ascii	"f\267\305D{\213\333\240kD\334\254Y\370\232\030X\225"
 2885      7B8BDBA0 
 2885      6B44DCAC 
 2885      59F89A18 
 2885      5895
 2886 0245 0CE4270F 		.ascii	"\014\344'\017\244\307-<\223X\010\2447\031\010\244\007"
 2886      A4C72D3C 
 2886      935808A4 
 2886      371908A4 
 2886      07
 2887 0256 F2241548 		.ascii	"\362$\025H_z \311\321\373E\010\351\363\206\0234oor\336"
 2887      5F7A20C9 
ARM GAS  C:\Users\acest\AppData\Local\Temp\ccGG6LYR.s 			page 82


 2887      D1FB4508 
 2887      E9F38613 
 2887      346F6F72 
 2888 026b F9F018FF 		.ascii	"\371\360\030\377\267B\034\353.o\342\023\000\177Tt\337"
 2888      B7421CEB 
 2888      2E6FE213 
 2888      007F5474 
 2888      DF
 2889 027c B12EC68F 		.ascii	"\261.\306\217\371%E\312>K3-%\240j\226\255l\327\254\303"
 2889      F92545CA 
 2889      3E4B332D 
 2889      25A06A96 
 2889      AD6CD7AC 
 2890 0291 B61152F6 		.ascii	"\266\021R\366x\267yK\274;\024\223\340\375!\3238\244"
 2890      78B7794B 
 2890      BC3B1493 
 2890      E0FD21D3 
 2890      38A4
 2891 02a3 A9361479 		.ascii	"\2516\024y\275\276\364O\311\301`ip\257]U\0264|*\337"
 2891      BDBEF44F 
 2891      C9C16069 
 2891      70AF5D55 
 2891      16347C2A 
 2892 02b8 1B56A1DF 		.ascii	"\033V\241\337\357\367\031\226\317\264}\226\251\022\252"
 2892      EFF71996 
 2892      CFB47D96 
 2892      A912AA
 2893 02c7 1A95655E 		.ascii	"\032\225e^\025$5\224\363\347\340=\260uK\240t\243\277"
 2893      15243594 
 2893      F3E7E03D 
 2893      B0754BA0 
 2893      74A3BF
 2894 02da 10986E95 		.ascii	"\020\230n\225\373\325\"E\024[BHI\023R\014K1m%X\251V"
 2894      FBD52245 
 2894      145B4248 
 2894      4913520C 
 2894      4B316D25 
 2895 02f1 54956974 		.ascii	"T\225itcU[\336\203\220Y\032\260\264\335fp\347\277+U"
 2895      63555BDE 
 2895      8390591A 
 2895      B0B4DD66 
 2895      70E7BF2B 
 2896 0306 43D78D4A 		.ascii	"C\327\215JE;j+\001SWT\335\012r\320\324R\202\034\332"
 2896      453B6A2B 
 2896      01535754 
 2896      DD0A72D0 
 2896      D452821C 
 2897 031b 5FAEAA24 		.ascii	"_\256\252$Z\374_b!\303\264-.wds\201^\020\250\260\025"
 2897      5AFC5F62 
 2897      21C3B42D 
 2897      2E776473 
 2897      815E10A8 
 2898 0331 3E94A991 		.ascii	">\224\251\221\300\222]{\367\344rg!3\230\237\233\267"
 2898      C0925D7B 
 2898      F7E47267 
 2898      2133989F 
 2898      9BB7
ARM GAS  C:\Users\acest\AppData\Local\Temp\ccGG6LYR.s 			page 83


 2899 0343 01241332 		.ascii	"\001$\0232uM7\314j\370\015\355\313\303\303"
 2899      754D37CC 
 2899      6AF80DED 
 2899      CBC3C3
 2900              		.text
 2901              		.section	.gnu.lto_chCondWaitS.341.b3bf5414,"e",%progbits
 2902 0000 789C9593 		.ascii	"x\234\225\223\337k\024W\024\307\317w\356\354$\233&\033"
 2902      DF6B1457 
 2902      14C7CF77 
 2902      EEEC249B 
 2902      261B
 2903 0012 E38FF8D2 		.ascii	"\343\217\370\322\007)\264R\010\273\256\"\324<)\321\177"
 2903      0729B452 
 2903      08BBAE22 
 2903      D43C29D1 
 2903      7F
 2904 0023 40E9DB80 		.ascii	"@\351\333\200\304\311\326\304v\335ef\002\276e\214i\003"
 2904      C4C9D6C4 
 2904      76DD6566 
 2904      02BE658C 
 2904      6903
 2905 0035 41501341 		.ascii	"AP\023A(q\2250\324\365\251\024\224\306vS\267\3266\212"
 2905      28719530 
 2905      D4F5A914 
 2905      94C67653 
 2905      B7D6368A 
 2906 0049 92D8A8F1 		.ascii	"\222\330\250\361\007&BPZ\373P\227\004\213\212U\317\275"
 2906      07264250 
 2906      5AFB5097 
 2906      048B8A55 
 2906      CFBD
 2907 005b 33BBD904 		.ascii	"3\273\331\004_\204\335\271\367\236\373=\237\373\275"
 2907      5F84DDB9 
 2907      F79EFB3D 
 2907      9FFBBD
 2908 006a E7DE7B41 		.ascii	"\347\336{A'zFD\237\360\037\2020xl@#\317\363\266\326"
 2908      277A4644 
 2908      9FF01F82 
 2908      30786C40 
 2908      23CFF3B6 
 2909 007f 6838786C 		.ascii	"h8xl`\262pN\307E\250\000\250GC\017\206\304\260\300\240"
 2909      60B2704E 
 2909      C745A800 
 2909      A847430F 
 2909      86C4B0C0 
 2910 0094 F059AC87 		.ascii	"\360Y\254\207=`\335\247,y\376\370\304\311\2770\234/"
 2910      3D60DDA7 
 2910      2C79FEF8 
 2910      C4C9BF30 
 2910      9C2F
 2911 00a6 EABED028 		.ascii	"\352\276\320(\307\202\363\30090\231X(\366\321\372\242"
 2911      C782F3C0 
 2911      39309958 
 2911      28F6D1FA 
 2911      A2
 2912 00b7 E7DDB837 		.ascii	"\347\335\2707\352yQ\362\205\300\217\250\322p =\336\024"
 2912      EA7951F2 
ARM GAS  C:\Users\acest\AppData\Local\Temp\ccGG6LYR.s 			page 84


 2912      85C08FA8 
 2912      D270203D 
 2912      DE14
 2913 00c9 283DC8E6 		.ascii	"(=\310\346cF\226\362g\276\211\035=X\313@\\\300\022d"
 2913      634696F2 
 2913      67BE891D 
 2913      3D58CB40 
 2913      5CC01264 
 2914 00dd FA4993D4 		.ascii	"\372I\223\324\366\005Z&\227N\365\367\007Z\035?/\323"
 2914      F6055A26 
 2914      974EF5F7 
 2914      075A1D3F 
 2914      2FD3
 2915 00ef CE2A6DFF 		.ascii	"\316*m\377\2426w&\324F0\266L;\325d\020~\001\012\300"
 2915      A2367726 
 2915      D44630B6 
 2915      4C3BD564 
 2915      107E010A 
 2916 0104 4F90DB20 		.ascii	"O\220\333 \3228\315 \356\003E\3050\330[~-qi8F<\205_"
 2916      D238CD20 
 2916      EE0345C5 
 2916      30D85B7E 
 2916      2D716938 
 2917 011c 2B5352A7 		.ascii	"+SR\247\341\267\212\356\371\344P$PjJy\031r\222\327\222"
 2917      E1B78AEE 
 2917      F9E45024 
 2917      506A4A79 
 2917      197292D7 
 2918 0131 FCEFA722 		.ascii	"\374\357\247\"E\357\325\233#\236\367t\313\314\203\371"
 2918      45EFD59B 
 2918      239EF774 
 2918      CBCC83F9 
 2919 0141 6883E04A 		.ascii	"h\203\340J\350:\177\214\210\374\030\300(\352\210\225"
 2919      E83A7F8C 
 2919      88FC18C0 
 2919      28EA8895 
 2920 0151 F53C8C10 		.ascii	"\365<\214\020\035\021\362x<\035^\221\350\250\320\202"
 2920      1D11F278 
 2920      3C1D5E91 
 2920      E8A8D082 
 2921 0161 C1211EFC 		.ascii	"\301!\036\374\003onl\002\262]xq\374\376\3640\330\224"
 2921      036F6E6C 
 2921      02B25D78 
 2921      71FCFEF4 
 2921      30D894
 2922 0174 8A3E9C8E 		.ascii	"\212>\234\216\342\022\350_\364\026\3166\214\210\372"
 2922      E212E85F 
 2922      F416CE36 
 2922      8C88FA
 2923 0183 F0D86A94 		.ascii	"\360\330j\224\305>h\334\315\013U\372\357\300\253\324"
 2923      C53E68DC 
 2923      CD0B55FA 
 2923      EFC0ABD4 
 2924 0193 621CF843 		.ascii	"b\034\370CMn`:\027)\212+8)\324.\303H\004W9\002\012\226"
 2924      4D6E603A 
 2924      17298A2B 
 2924      3829D42E 
ARM GAS  C:\Users\acest\AppData\Local\Temp\ccGG6LYR.s 			page 85


 2924      C3480457 
 2925 01ab E82DFD3F 		.ascii	"\350-\375?\2670\032\345Mr\341x\001\265\352\305\320\313"
 2925      B7301AE5 
 2925      4D72E178 
 2925      01B5EAC5 
 2925      D0CB
 2926 01bd 0FC3AF07 		.ascii	"\017\303\257\007\330\313\345\300\313\320\265(~\2576"
 2926      D8CBE5C0 
 2926      CBD0B528 
 2926      7EAF36
 2927 01cc 49A1C5C0 		.ascii	"I\241\305\300\337\330\341\361G\203\353Y1\"\312\367,"
 2927      DFD8E1F1 
 2927      4783EB59 
 2927      3122CAF7 
 2927      2C
 2928 01dd 828AB33A 		.ascii	"\202\212\263:f\343\032(4\361\001\256\263\011\215\002"
 2928      66E31A28 
 2928      34F101AE 
 2928      B3098D02 
 2929 01ed 369B985F 		.ascii	"6\233\230_\360\225\211\202LW\334?\003\023s\267'\232"
 2929      F0958982 
 2929      4C57DC3F 
 2929      031373B7 
 2929      279A
 2930 01ff 557B2718 		.ascii	"U{'\030\177T\371\314\335\215-\013\314\306\250\204\276"
 2930      7F54F9CC 
 2930      DD8D2D0B 
 2930      CCC6A884 
 2930      BE
 2931 0210 75A40A53 		.ascii	"u\244\012S\237c\0201\315\027\015j\366\277\230\364\371"
 2931      9F631031 
 2931      CD170D6A 
 2931      F6BF98F4 
 2931      F9
 2932 0221 EDD966E5 		.ascii	"\355\331f\345\211}\374]\277\350k\261b1L\2625N\225\343"
 2932      897DFC5D 
 2932      BFE86BB1 
 2932      62314CB2 
 2932      354E95E3 
 2933 0235 7CCC178D 		.ascii	"|\314\027\215\270\301\001]\262\014\005z1\241v||\200"
 2933      B8C1015D 
 2933      B20C057A 
 2933      31A1767C 
 2933      7C80
 2934 0247 BD961F92 		.ascii	"\275\226\037\222\010\267*\261\037\372b\005k1U\215m\302"
 2934      08B72AB1 
 2934      1FFA6205 
 2934      6B31558D 
 2934      6DC2
 2935 0259 4DA6F035 		.ascii	"M\246\3605\350S\032\360\015\301-.a\031\024\251\244\267"
 2935      E8531AF0 
 2935      0DC12D2E 
 2935      611914A9 
 2935      A4B7
 2936 026b BCCBD54A 		.ascii	"\274\313\325JLs\272A\345P>!\221w8V\263\004y\227\221"
 2936      4C73BA41 
 2936      E5503E21 
ARM GAS  C:\Users\acest\AppData\Local\Temp\ccGG6LYR.s 			page 86


 2936      91773856 
 2936      B3047997 
 2937 0280 257C1DD6 		.ascii	"%|\035\326`U.\360\2553\337\027\253\225\373\227\325E"
 2937      60552EF0 
 2937      AD33DF17 
 2937      AB95FB97 
 2937      D545
 2938 0292 5A939396 		.ascii	"Z\223\223\226\344\006\232Q\343\213\265J\361J\025\252"
 2938      E4069A51 
 2938      E38BB54A 
 2938      F14A15AA 
 2939 02a2 F0448C88 		.ascii	"\360D\214\210\272\212\253\306w\327j\246\252Vk\344[\237"
 2939      BA8AABC6 
 2939      77D76AA6 
 2939      AA566BE4 
 2939      5B9F
 2940 02b4 E5402DC9 		.ascii	"\345@-\311\253\321{\272\221/?3\024\364\015\027m\311"
 2940      ABD17BBA 
 2940      912F3F33 
 2940      14F40D17 
 2940      6DC9
 2941 02c6 E1184B0E 		.ascii	"\341\030K\016g\260\221\3469c\263\224\223|+\010\236G"
 2941      67B091E6 
 2941      3963B394 
 2941      937C2B08 
 2941      9E47
 2942 02d8 6F510E5B 		.ascii	"oQ\016[\332Z\315\317\235\224\355\230\355V\312q\315\355"
 2942      DA5ACDCF 
 2942      9D94ED98 
 2942      ED56CA71 
 2942      CDED
 2943 02ea 29E74B37 		.ascii	")\347K7\2235w\306\267\305\333\342;L\233\303\273\263"
 2943      933577C6 
 2943      B7C5DBE2 
 2943      3B4C9BC3 
 2943      BBB3
 2944 02fc 76665FCA 		.ascii	"vf_\312r\2515\036OT\377\332:\273\366t\355r\273;\272"
 2944      72A9351E 
 2944      4F54FFDA 
 2944      3ABBF674 
 2944      ED72BB3B 
 2945 0311 32094BF6 		.ascii	"2\011K\3663\316\306d2\231\3108\011\333M8\266\305Q+\263"
 2945      33CEC664 
 2945      3299C838 
 2945      09DB4D38 
 2945      B6C5512B 
 2946 0326 BF236E91 		.ascii	"\277#n\221feW\226\007\361/\266|\326\276gSr#\211\264"
 2946      66655796 
 2946      07F12FB6 
 2946      7CD6BE67 
 2946      53722389 
 2947 033b B3574B67 		.ascii	"\263WKg\015\253\333\266\335\354f\253\325T\030G!\315"
 2947      0DABDBB6 
 2947      DDEC66AB 
 2947      D5541847 
 2947      21CD
 2948 034d 2AA49971 		.ascii	"*\244\231qL\3335\273\366[_uw\244x\306\355\264S\355\035"
ARM GAS  C:\Users\acest\AppData\Local\Temp\ccGG6LYR.s 			page 87


 2948      4CDB35BB 
 2948      F65B5F75 
 2948      77A478C6 
 2948      EDB453ED 
 2949 0362 4EBC9392 		.ascii	"N\274\223\222\357\221\225v\017p\306[n\224\310\223"
 2949      EF919576 
 2949      0F70C65B 
 2949      6E94C893 
 2950              		.text
 2951              		.section	.gnu.lto_chCondWaitTimeout.342.b3bf5414,"e",%progbits
 2952 0000 789C8D52 		.ascii	"x\234\215RIh\024A\024\375\277k\226\004A\214\242\007"
 2952      49681441 
 2952      14FDBF6B 
 2952      9604418C 
 2952      A207
 2953 0012 BD44318A 		.ascii	"\275D1\212\020g2.\2509)\321\233\202(\336\032d\322iu"
 2953      1067322E 
 2953      A83929D1 
 2953      9B8228DE 
 2953      1A64D269 
 2954 0027 D44E0FDD 		.ascii	"\324N\017\335\035\321\223\345\304-9h\026\367\264QB\004"
 2954      1DD193E5 
 2954      C42D3968 
 2954      16F7B451 
 2954      4204
 2955 0039 15450497 		.ascii	"\025E\004\227\304u\\\262\271\240\204(\222\210\201\240"
 2955      C4755CB2 
 2955      B9A08428 
 2955      928881A0 
 2956 0049 A21E34CE 		.ascii	"\242\0364\316(\346\340\366\253z\314\214\027\021\206"
 2956      28E6E0F6 
 2956      AB7ACC8C 
 2956      171186
 2957 0058 A9AA57EF 		.ascii	"\251\252W\357\277\367\377\253\376\310\000L\004\230\001"
 2957      BFF7FFAB 
 2957      FEC8004C 
 2957      049801
 2958 0067 00C8001B 		.ascii	"\000\310\000\033\352k\025\340\234/\016*\270\243\276"
 2958      EA6B15E0 
 2958      9C2F0E2A 
 2958      B8A3BE
 2959 0076 B6ABE792 		.ascii	"\266\253\347\222\017o\242\004\020\266+\270\035\033\231"
 2959      0F6FA204 
 2959      10B62BB8 
 2959      1D1B99
 2960 0085 CBB081B5 		.ascii	"\313\260\201\265\022\331\227\331!\026\316\"\312\310"
 2960      12D997D9 
 2960      2116CE22 
 2960      CAC8
 2961 0093 9BC335EF 		.ascii	"\233\3035\357\321=\235\364\2652\005\232\211p\031\361"
 2961      D13D9DF4 
 2961      B532059A 
 2961      897019F1 
 2962 00a3 12890310 		.ascii	"\022\211\003\020\221m\204\231I\316\237\016\266q\236"
 2962      916D8499 
 2962      49CE9F0E 
 2962      B6719E
ARM GAS  C:\Users\acest\AppData\Local\Temp\ccGG6LYR.s 			page 88


 2963 00b2 0FAD8CE1 		.ascii	"\017\255\214\341U\314\341\020`\324\025\010\036G\217"
 2963      55CCE110 
 2963      60D41508 
 2963      1E478F
 2964 00c1 5853BD87 		.ascii	"XS\275\207\217#)\037\266\377M\364\031n\201'\271\027"
 2964      8F23291F 
 2964      B6FF4DF4 
 2964      196E8127 
 2964      B917
 2965 00d3 C55244DE 		.ascii	"\305RD\336\303\265gv\217\255\333\221G\316x\035\377\362"
 2965      C3B56776 
 2965      8FADDB91 
 2965      47CE781D 
 2965      FFF2
 2966 00e5 36CE1404 		.ascii	"6\316\024\004\000o\240\350\010@\241\202\000\320\036"
 2966      006FA0E8 
 2966      0840A182 
 2966      00D01E
 2967 00f4 F196AC0E 		.ascii	"\361\226\254\016Pu[\347<\2401\233\251\355\014\342\272"
 2967      50755BE7 
 2967      3CA0319B 
 2967      A9ED0CE2 
 2967      BA
 2968 0105 1D2FA9EA 		.ascii	"\035/\251\3526aLZyd\321\330\210\273o\340\311d\227\213"
 2968      36614C5A 
 2968      7964D1D8 
 2968      88BB6FE0 
 2968      C964978B 
 2969 0119 31FD7807 		.ascii	"1\375x\007\205\224g\206w\221 \343\354D\321\224`>ohj"
 2969      85946786 
 2969      779120E3 
 2969      EC44D194 
 2969      603E6F68 
 2970 012e 2FBE57CD 		.ascii	"/\276W\315\273\371(\027\262\\/\027\351\377\314\015\340"
 2970      BBF92817 
 2970      B25C2F17 
 2970      E9FFCC0D 
 2970      E0
 2971 013f 3D029342 		.ascii	"=\002\223B\015\250?\274\237\333\237;\3306\335k\320\227"
 2971      0DA83FBC 
 2971      9FDB9F3B 
 2971      D836DD6B 
 2971      D097
 2972 0151 6D70D757 		.ascii	"mp\327Wj\260\2230?d\375n\377\227\337\310k\362\353&\260"
 2972      6AB09330 
 2972      3F64FD6E 
 2972      FF97DFC8 
 2972      6BF2EB26 
 2973 0166 6BD4AF47 		.ascii	"k\324\257G\372\021\007)\252\013\275\376$\377\376k?O"
 2973      FA110729 
 2973      AA0BBDFE 
 2973      24FFFE6B 
 2973      3F4F
 2974 0178 7E1B53D3 		.ascii	"~\033S\323\363v\370\350\254<\005\261\015i\322k\350\227"
 2974      F376F8E8 
 2974      AC3C05B1 
 2974      0D69D26B 
ARM GAS  C:\Users\acest\AppData\Local\Temp\ccGG6LYR.s 			page 89


 2974      E897
 2975 018a 61C27E26 		.ascii	"a\302~&\276\023\356C\236\004\250c\212w\250\246\303\007"
 2975      BE13EE43 
 2975      9E04A863 
 2975      8A77A8A6 
 2975      C307
 2976 019c E443077B 		.ascii	"\344C\007{Q\256G\306\213%\375\371\300\253c\207\220\342"
 2976      51AE47C6 
 2976      8B25FDF9 
 2976      C0AB6387 
 2976      90E2
 2977 01ae 9460BA3F 		.ascii	"\224`\272?_\262\322\347O]I\275\230@SK\370Y\352\010\012"
 2977      5FB2D2E7 
 2977      4F5D49BD 
 2977      9840534B 
 2977      F859EA08 
 2978 01c3 3C514859 		.ascii	"<QHY\210\357\312\217%\222\326\356^\031<\216\024\211"
 2978      88EFCA8F 
 2978      2592D6EE 
 2978      5E193C8E 
 2978      1489
 2979 01d5 A45D1FCC 		.ascii	"\244]\037\314\307\016\204O\230\230&\032\356\023/:\365"
 2979      C70E844F 
 2979      9898261A 
 2979      EE132F3A 
 2979      F5
 2980 01e6 8DB29BDE 		.ascii	"\215\262\233\336>@[\237\370\222\037!\320\212\217\021"
 2980      3E405B9F 
 2980      F8921F21 
 2980      D08A8F11 
 2981 01f6 1FCA10A7 		.ascii	"\037\312\020\247\276\223\367Ay\371\304s\031>w\252/\225"
 2981      BE93F741 
 2981      79F9C473 
 2981      193E77AA 
 2981      2F95
 2982 0208 072277A1 		.ascii	"\007\"w\241\233\372|\340K\177\221t\370\326?I\"?z\353"
 2982      9BFA7CE0 
 2982      4B7F9174 
 2982      F8D63F49 
 2982      223F7AEB 
 2983 021c 5750EA30 		.ascii	"WP\3520\214\273N\316ma\376\235\250\264\262\274fFy\265"
 2983      8CBB4ECE 
 2983      6D61FE9D 
 2983      A8B4B2BC 
 2983      664679B5 
 2984 0230 30A58551 		.ascii	"0\245\205Q\213\371^\2777\220\256e\355qop\232\370X\023"
 2984      8BF95EBF 
 2984      3790AE65 
 2984      ED716F70 
 2984      9AF85813 
 2985 0244 4DDCE9F5 		.ascii	"M\334\351\365|b\340\260\3472t\261\311\363\2709 o\246"
 2985      7C62E0B0 
 2985      E73274B1 
 2985      C9F3B839 
 2985      206FA6
 2986 0257 8DFE0DF5 		.ascii	"\215\376\015\365M\311d\362Sd\322\345\0256\246G3\351"
 2986      4DC964F2 
ARM GAS  C:\Users\acest\AppData\Local\Temp\ccGG6LYR.s 			page 90


 2986      5364D2E5 
 2986      1536A647 
 2986      33E9
 2987 0269 CE6402B9 		.ascii	"\316d\002\271\231\364d3y\220\233If\372^\231C\356\310"
 2987      99F46433 
 2987      79909B49 
 2987      66FA5E99 
 2987      43EEC8
 2988 027c 0D691AB9 		.ascii	"\015i\032\271;3\362\367D\243_\014\230\302\304\311\371"
 2988      3B33F2F7 
 2988      44A35F0C 
 2988      98C2C4C9 
 2988      F9
 2989 028d 620210EF 		.ascii	"b\002\020\357\212\336S&\222\342X\\V\252\256\261u\313"
 2989      8ADE5326 
 2989      92E2585C 
 2989      56AAAEB1 
 2989      75CB
 2990 029f 56A39A6E 		.ascii	"V\243\232n;\352R\335\336\344\230quUhI\250,\264L\265"
 2990      3BEA52DD 
 2990      DEE49871 
 2990      75556849 
 2990      A82CB44C 
 2991 02b4 085E1BB7 		.ascii	"\010^\033\267\314\215\272\346@i(\024\316\375\225m\210"
 2991      CC8DBAE6 
 2991      40692814 
 2991      CEFD956D 
 2991      88
 2992 02c5 95C7563B 		.ascii	"\225\307V;U\02513\254\211\275i\317\211D\"a\323\016["
 2992      55153133 
 2992      AC89BD69 
 2992      CF894422 
 2992      61D30E5B 
 2993 02d9 4ED8B634 		.ascii	"N\330\2664B5\263\262\"\244\201\242\305\307\3779\204"
 2993      4235B3B2 
 2993      22A481A2 
 2993      C5C7FF39 
 2993      84
 2994 02ea D62D5A18 		.ascii	"\326-Z\030-\237\033\231\003A'f\350f\225\303\014{}D+"
 2994      2D9F1B99 
 2994      03412766 
 2994      E86695C3 
 2994      0C7B7D44 
 2995 02ff 55A5882D 		.ascii	"U\245\210-\005\325\034A\325\264U\313Qc\225\332\346\252"
 2995      05D51C41 
 2995      D5B455CB 
 2995      516395DA 
 2995      E6AA
 2996 0311 0A9D6EEC 		.ascii	"\012\235n\354mvh\003\004\313\243\266\276\322\212-\377"
 2996      6D766803 
 2996      04CBA3B6 
 2996      BED28A2D 
 2996      FF
 2997 0322 77A5661A 		.ascii	"w\245f\032\206Y\251\352[\0355j\031\252f\3301\001ZzV"
 2997      8659A9EA 
 2997      5B1D356A 
 2997      19AA66D8 
ARM GAS  C:\Users\acest\AppData\Local\Temp\ccGG6LYR.s 			page 91


 2997      31015A7A 
 2998 0337 50406BD7 		.ascii	"P@k\327k\032\211.\376/\261\270i9\266\220\333\262`\266"
 2998      6B1A892E 
 2998      FE2FB1B8 
 2998      6939B690 
 2998      DBB260B6 
 2999 034b 313BBAD9 		.ascii	"1;\272\331Q\305p\226N\002\343V\254^U(:\213[\261\342"
 2999      51C57096 
 2999      4E02E356 
 2999      AC5E5528 
 2999      3A8B5BB1 
 3000 0360 C2A21250 		.ascii	"\302\242\022P,\010\032\272aZ\333\3407\336\257\321_"
 3000      2C081ABA 
 3000      615ADBE0 
 3000      37DEAFD1 
 3000      5F
 3001              		.text
 3002              		.section	.gnu.lto_chCondWaitTimeoutS.343.b3bf5414,"e",%progbits
 3003 0000 789C9593 		.ascii	"x\234\225\223_h\034U\024\306\3177wv6\033\323\355\332"
 3003      5F681C55 
 3003      14C6CF37 
 3003      7776361B 
 3003      D3EDDA
 3004 0013 682A2218 		.ascii	"h*\"\030\004)B\331u[\012\232'%\372\">)\276\015H:Y\315"
 3004      042942D9 
 3004      755B0A9A 
 3004      2725FA22 
 3004      3E29BE0D 
 3005 002b D66E7799 		.ascii	"\326nw\231\231\200o\231nR\243\253\220&\215\010f\215"
 3005      99806F99 
 3005      6E52A3AB 
 3005      90268D08 
 3005      668D
 3006 003d 35AC76F3 		.ascii	"5\254v\363$b\212\215M\353\326h\377Xj5\321\322F\254\022"
 3006      24628A8D 
 3006      4DEBD668 
 3006      FF586A35 
 3006      D1D246AC 
 3007 0052 141B11D9 		.ascii	"\024\033\021\331\332\007[\261\306s\357L'\273\301\027"
 3007      DA075BB1 
 3007      C673EF4C 
 3007      27BBC117 
 3008 0062 6177E6DE 		.ascii	"aw\346\336s\177\347;\337\271\367\316e\235\350&\021="
 3008      737FE73B 
 3008      DFB9F7CE 
 3008      659DE826 
 3008      113D
 3009 0074 C17F4408 		.ascii	"\301\177D\010c\243%\215<\317{$\252i\203\243\257j8\201"
 3009      63A3258D 
 3009      3CCF7B24 
 3009      AA6983A3 
 3009      AF6A3881 
 3010 0088 1B6F57EE 		.ascii	"\033oW\356\325\207F\343\303?~\327\251\013\214\207\204"
 3010      D58746E3 
 3010      C33F7ED7 
 3010      A90B8C87 
 3010      84
ARM GAS  C:\Users\acest\AppData\Local\Temp\ccGG6LYR.s 			page 92


 3011 0099 8EBDA3A5 		.ascii	"\216\275\243\245_\316\317\350\014\251\000h@\023:\006"
 3011      5FCECFE8 
 3011      0CA90068 
 3011      40133A06 
 3012 00a9 70409405 		.ascii	"p@\224\005\306DE\020\364`\004t>\300\320\365\237\337"
 3012      C6444510 
 3012      F4600474 
 3012      3EC0D0F5 
 3012      9FDF
 3013 00bb 38BF8272 		.ascii	"8\277\202r\265\246W\204F\223\014\034\006f\300\325\211"
 3013      B5A65784 
 3013      46930C1C 
 3013      0666C0D5 
 3013      89
 3014 00cc 41B18BB6 		.ascii	"A\261\213\266\324<\357\253+G</F\025!\360\021\032\030"
 3014      D43CEFAB 
 3014      2B473C2F 
 3014      461521F0 
 3014      111A18
 3015 00df 0EE42612 		.ascii	"\016\344&\022\222\363\340\203\245\301a/\301R:f\233A"
 3015      92F3E083 
 3015      A5C1612F 
 3015      C1523A66 
 3015      9B41
 3016 00f1 3D7728E1 		.ascii	"=w(\341K\276\014\371\272\237k\327\227\246_\212\357\337"
 3016      4BBE0CF9 
 3016      BA9F6BD7 
 3016      97A65F8A 
 3016      EFDF
 3017 0103 DBC29571 		.ascii	"\333\302\225q\024M\265s\347\224\354k>\313\312\365K\257"
 3017      144DB573 
 3017      E794EC6B 
 3017      3ECBCAF5 
 3017      4BAF
 3018 0115 0CFB6C04 		.ascii	"\014\373l\004\307\326\261'\024;\262\306^\234\016X\003"
 3018      C7D6B127 
 3018      143BB2C6 
 3018      5E9C0E58 
 3018      03
 3019 0126 9FAC6367 		.ascii	"\237\254cg\022\006\241\006\034\007\346 \373%\3228\315"
 3019      1206A106 
 3019      1C07E620 
 3019      FB25D238 
 3019      CD
 3020 0137 201E039F 		.ascii	" \036\003\237*\015\203\275U7\023\357\"\307\210\2270"
 3020      2A0D83BD 
 3020      553713EF 
 3020      22C78897 
 3020      30
 3021 0148 1F2E494E 		.ascii	"\037.IN\303\347!w\375\267\361\210Oj\212<\011\271\310"
 3021      C3E72177 
 3021      FDB7F188 
 3021      4F6A8A3C 
 3021      09B9C8
 3022 015b B5A4FEFB 		.ascii	"\265\244\376\373\013\221\232\367\367\352\210\347\255"
 3022      0B919AF7 
 3022      F7EA88E7 
ARM GAS  C:\Users\acest\AppData\Local\Temp\ccGG6LYR.s 			page 93


 3022      AD
 3023 0168 3E3931FF 		.ascii	">91\377\347!l\324\200#,\302]D\371\021m\221\217V\340"
 3023      E7216CD4 
 3023      80232CC2 
 3023      5D44F911 
 3023      6D918F56 
 3024 017d 63B411F3 		.ascii	"c\264\021\363q\236\262\310\210\220\347\351\351\360j"
 3024      719EB2C8 
 3024      8890E7E9 
 3024      E9F06A
 3025 018c 44FB85E6 		.ascii	"D\373\205\346O\006y\362+\274\345\017\026!\337\327f_"
 3025      4F0679F2 
 3025      2BBCE50F 
 3025      1621DFD7 
 3025      665F
 3026 019e 5FBA5006 		.ascii	"_\272P\006[S\321\037.\304\360\031\350w\024\347\2467"
 3026      5B53D11F 
 3026      2EC4F019 
 3026      E87714E7 
 3026      A637
 3027 01b0 4C897870 		.ascii	"L\211xp\312-\312\350\0204\036V\205:\200\367\300Ub8\003"
 3027      CA2DCAE8 
 3027      10341E56 
 3027      853A80F7 
 3027      C0556238 
 3028 01c5 9C568B0F 		.ascii	"\234V\213\017\262:oU+\276\300[B\365\032D\014\234\345"
 3028      B23A6F55 
 3028      2BBEC05B 
 3028      42F51A44 
 3028      0C9CE5
 3029 01d8 08C82F51 		.ascii	"\010\310/Q\254\337,N\314\306\270U\336>.\240\252~\030"
 3029      ACDF2C4E 
 3029      CCC6B855 
 3029      DE3E2EA0 
 3029      AA7E18
 3030 01eb 78B95AFE 		.ascii	"x\271Z\376\247\304^N\372^\016\234\215\341T\243I\012"
 3030      A7C45E4E 
 3030      FA5E0E9C 
 3030      8DE154A3 
 3030      490A
 3031 01fd 2CFAFE8E 		.ascii	",\372\376\216\225O\3754\266\205\211)a\0046\015\204\316"
 3031      954FFD34 
 3031      B6858929 
 3031      6104360D 
 3031      84CE
 3032 020f 6E636D9C 		.ascii	"ncm\234\003\005&\332\360%\233\320\310\327f\023c\023"
 3032      030526DA 
 3032      F0259BD0 
 3032      C8D76613 
 3032      6313
 3033 0221 EF2A13C7 		.ascii	"\357*\023\307e\272\322=\354\233X\236]\354P\357\243\376"
 3033      65BAD23D 
 3033      EC9B589E 
 3033      5DEC50EF 
 3033      A3FE
 3034 0233 FCBEF0B1 		.ascii	"\374\276\360\261<\327\276.\260\320Nu\014u\222\332\230"
 3034      3CD7BE2E 
ARM GAS  C:\Users\acest\AppData\Local\Temp\ccGG6LYR.s 			page 94


 3034      B0D04E75 
 3034      0C7592DA 
 3034      98
 3035 0244 0D9382FB 		.ascii	"\015\223\202\373f\265J\320\325R\273\364\371\346t\207"
 3035      66B54AD0 
 3035      D552BBF4 
 3035      F9E67487 
 3036 0254 F2C43EAE 		.ascii	"\362\304>\256\264\255\371Z\333\261\215\370\232\255q"
 3036      B4ADF95A 
 3036      DBB18DF8 
 3036      9AAD71
 3037 0263 AA9C57E3 		.ascii	"\252\234W\343\025\221\300\002\007t\251\245)\241\357"
 3037      1591C002 
 3037      0774A9A5 
 3037      29A1EF
 3038 0272 1755C7E3 		.ascii	"\027U\307\343%\366\032\015Z\025A\253R\366\236\212\270"
 3038      25F61A0D 
 3038      5A1541AB 
 3038      52F69E8A 
 3038      B8
 3039 0283 9D597CD3 		.ascii	"\235Y|\323(\273\011\337\262J\204\330\234d\3007\004\274"
 3039      28BB09DF 
 3039      B24A84D8 
 3039      9C64C037 
 3039      04BC
 3040 0295 73A1504B 		.ascii	"s\241PK\230\276\365\277\\\265\343\"\247\033t+TMI\311"
 3040      98BEF5BF 
 3040      5CB5E322 
 3040      A71B742B 
 3040      544D49C9 
 3041 02a9 4B1C8B36 		.ascii	"K\034\2136I.\261d\035\373\202=\270c\322\367\035e\375"
 3041      492EB164 
 3041      1DFB823D 
 3041      B863D2F7 
 3041      1D65FD
 3042 02bc 8AB853B9 		.ascii	"\212\270S\271\277,7i\337\301\355S\242M1\035\223\322"
 3042      BF2C3769 
 3042      DFC1ED53 
 3042      A24D311D 
 3042      93D2
 3043 02ce 95EC6133 		.ascii	"\225\354a3\230k\255\210\273\344\221t\362\305eD\245\\"
 3043      986BAD88 
 3043      BBE49174 
 3043      F2C56544 
 3043      A55C
 3044 02e0 E5865730 		.ascii	"\345\206W0\2642\1777G$\251a@~v|\213\305\351\325w\376"
 3044      B4327F37 
 3044      4724A961 
 3044      407E767C 
 3044      8BC5E9D5 
 3045 02f6 42788BAF 		.ascii	"Bx\213\257-j\315G`\204G i\275\371\316\337`\335?P<\270"
 3045      2D6ACD47 
 3045      60844720 
 3045      69BDF9CE 
 3045      DF60DD3F 
 3046 030d 431622F9 		.ascii	"C\026\"\371\205\300\007\21259\335\332\335e>\343dl\307"
 3046      85C0078A 
ARM GAS  C:\Users\acest\AppData\Local\Temp\ccGG6LYR.s 			page 95


 3046      3539DDDA 
 3046      DD653EE3 
 3046      646CC7
 3047 0320 ECB1328E 		.ascii	"\354\2612\216k>\226q^p\363\005\363\251\344\243\311\356"
 3047      6B3E9671 
 3047      5E70F305 
 3047      F3A9E4A3 
 3047      C9EE
 3048 0332 E4E3A6CD 		.ascii	"\344\343\246\315\341g\013v~W\306r\251+\231L5\376\272"
 3048      E1670B76 
 3048      7E57C672 
 3048      A92B994C 
 3048      35FEBA
 3049 0345 FBB23BB3 		.ascii	"\373\262;\263O\273\375\275\331|\312\222\343\274\263"
 3049      4FBBFDBD 
 3049      D97CCA92 
 3049      E3BCB3
 3050 0354 2D9D4EA7 		.ascii	"-\235N\247\362N\312vS\216mq\324\312\357\351MZ\244Y\205"
 3050      F24ECA76 
 3050      538E6D71 
 3050      D4CAEFE9 
 3050      4D5AA459 
 3051 0369 4DB726C9 		.ascii	"M\267&\311\347\036~\250g\347\366\3646\212\272\331\\"
 3051      E71E7EA8 
 3051      67E7F6F4 
 3051      368ABAD9 
 3051      5C
 3052 037a 26DFEF8A 		.ascii	"&\337\357\212\234\363\274\226+\030V\277m\273\205\035"
 3052      9CF3BC96 
 3052      2B1856BF 
 3052      6DBB851D 
 3053 038a 5697A9E4 		.ascii	"V\227\251\344\034%m6H\233y\307\264]3\273\307\332\335"
 3053      1C256D36 
 3053      489B79C7 
 3053      B45D33BB 
 3053      C7DADD
 3054 039d DF9BE115 		.ascii	"\337\233\341\025\267\317\316\364\364:\311>J\377\217"
 3054      B7CFCEF4 
 3054      F43AC93E 
 3054      4AFF8F
 3055 03ac AC9CFB22 		.ascii	"\254\234\373\"g\374\013!;\342\242"
 3055      67FC0B21 
 3055      3BE2A2
 3056              		.text
 3057              		.section	.gnu.lto_.symbol_nodes.b3bf5414,"e",%progbits
 3058 0000 789C75D1 		.ascii	"x\234u\321=N\303@\020\005\340\3317\376\311\332\216\035"
 3058      3D4EC340 
 3058      1005E0D9 
 3058      37FEC9DA 
 3058      8E1D
 3059 0012 E0007004 		.ascii	"\340\000p\004*\304\355\306F\320\245 \022\027\210\224"
 3059      2AC4EDC6 
 3059      46D0A520 
 3059      12178894 
 3060 0022 02710328 		.ascii	"\002q\003(Q$\250\370\207\310\002!\260LO\235&\330\254"
 3060      5124A8F8 
 3060      87C80221 
ARM GAS  C:\Users\acest\AppData\Local\Temp\ccGG6LYR.s 			page 96


 3060      B04C4F9D 
 3060      26D8AC
 3061 0035 4D1A66AA 		.ascii	"M\032f\252\247\375\346\255\264\332\023\020\021J#t\366"
 3061      A7FDE6AD 
 3061      B4DA1310 
 3061      114A2374 
 3061      F6
 3062 0046 5AED99E3 		.ascii	"Z\355\231\343\033\"!:\317\213b\227\014\265\203[\210"
 3062      1B22213A 
 3062      CF8B6297 
 3062      0CB5835B 
 3062      88
 3063 0057 C99BF17A 		.ascii	"\311\233\361z\275\310\013\323\343\035\004*\336CX\305"
 3063      BDC80BD3 
 3063      E31D042A 
 3063      DE4358C5 
 3064 0067 4788F7BD 		.ascii	"G\210\367\275<\335\377\317\036 \276Z|\206\004\032\372"
 3064      3CDDFFCF 
 3064      1E20BE5A 
 3064      7C86041A 
 3064      FA
 3065 0078 3568A75D 		.ascii	"5h\247]z\202\204\352\015\013\310@\305\027\210\325\320"
 3065      7A8284EA 
 3065      0D0BC840 
 3065      C51788D5 
 3065      D0
 3066 0089 949068D5 		.ascii	"\224\220h\325\315\366\357\002Q\263\333\252y\203\304"
 3066      CDF6EF02 
 3066      51B3DBAA 
 3066      7983C4
 3067 0098 9ABD4312 		.ascii	"\232\275C\022\315*\310P\263OH\252\331\007$\323\354\013"
 3067      CD2AC850 
 3067      B34F48AA 
 3067      D90724D3 
 3067      EC0B
 3068 00aa 32528C11 		.ascii	"2R\214\021\227\343j\0023\333bN\\\234g\354%\223\243\305"
 3068      97E36A02 
 3068      33DB624E 
 3068      5C9C67EC 
 3068      2593A3C5 
 3069 00be 159B3A62 		.ascii	"\025\233:b\337s\357\277\014\331\037\272x\030q0rq\036"
 3069      DF73EFBF 
 3069      0CD91FBA 
 3069      78187130 
 3069      72711E
 3070 00d1 73402E1E 		.ascii	"s@.\036d\034d\335i\023S\027\353M\036t\037T\205l\327"
 3070      641C64DD 
 3070      69135317 
 3070      EB4D1E74 
 3070      1F54856C 
 3071 00e6 35BBAED9 		.ascii	"5\273\256\331\215\277\232M\257W\323\245ik\221\355k\364"
 3071      8DBF9A4D 
 3071      AF57D3A5 
 3071      696B91ED 
 3071      6BF4
 3072 00f8 033C3DCF 		.ascii	"\003<=\317b"
 3072      62
ARM GAS  C:\Users\acest\AppData\Local\Temp\ccGG6LYR.s 			page 97


 3073              		.text
 3074              		.section	.gnu.lto_.refs.b3bf5414,"e",%progbits
 3075 0000 789CE365 		.ascii	"x\234\343e```dc`ga`\344\004\221\014\000\002\022\000"
 3075      60606064 
 3075      63606761 
 3075      60E40491 
 3075      0C000212 
 3076 0015 35       		.ascii	"5"
 3077              		.text
 3078              		.section	.gnu.lto_.decls.b3bf5414,"e",%progbits
 3079 0000 789CAD5A 		.ascii	"x\234\255ZyXT\331\225\177\347\336Gm\200\330\202\235"
 3079      795854D9 
 3079      957FE7DE 
 3079      476D80D8 
 3079      829D
 3080 0012 6492E938 		.ascii	"d\222\3518\031{b\276/\355\326\235Nw\317\314\367\231"
 3080      197B62BE 
 3080      2FEDD69D 
 3080      4E77CFCC 
 3080      F799
 3081 0024 743A9D9E 		.ascii	"t:\235\236$=\2356=I\346s\206\224T\011\244\201\"U\205"
 3081      243D9D36 
 3081      3D49E673 
 3081      86945409 
 3081      A4812255 
 3082 0039 CB3F3305 		.ascii	"\313?3\005\210\210\"\342\276\200\242\342\202\013\210"
 3082      888822E2 
 3082      BE80A2E2 
 3082      820B88
 3083 0048 3B0A2282 		.ascii	";\012\"\202\012(\010\212\013\266\210\342\212\242\002"
 3083      0A28088A 
 3083      0BB688E2 
 3083      8AA202
 3084 0057 8A0B6ECC 		.ascii	"\212\013n\314\271\367\276\2456\3231\337\224\336\252"
 3084      B9F7BEA5 
 3084      36D331DF 
 3084      94DEAA
 3085 0066 B7FCCEEF 		.ascii	"\267\374\316\357,\367\334s\357}\217\230\021\2224\337"
 3085      2CF7DC73 
 3085      EF7D8F98 
 3085      119234DF 
 3086 0076 24490B43 		.ascii	"$I\013C$i\000?\241\222$\235\300f\304V\216\255I9o\306"
 3086      2469003F 
 3086      A192249D 
 3086      C066C456 
 3086      8EAD4939 
 3087 008c 66C0F61D 		.ascii	"f\300\366\035l-\222\370\274\206\255\015\333\025l\327"
 3087      6C2D92F8 
 3087      BC86AD0D 
 3087      DB156CD7 
 3088 009c B0DDC076 		.ascii	"\260\335\300v\023[\027\266\373\330\036`{\202\355\031"
 3088      135B17B6 
 3088      FBD81E60 
 3088      7B82ED19 
 3089 00ac 930549B2 		.ascii	"\223\005I\262`\013\307\366:\2667\260\015\303\366&6\374"
 3089      600BC7F6 
 3089      3AB637B0 
ARM GAS  C:\Users\acest\AppData\Local\Temp\ccGG6LYR.s 			page 98


 3089      0DC3F626 
 3089      36FC
 3090 00be 2FFD1D91 		.ascii	"/\375\035\221|>{\361\"\263%\016\333\020lQ\212\015\337"
 3090      7C3E7BF1 
 3090      22B3250E 
 3090      DB106C51 
 3090      8A0DDF
 3091 00d1 C77614DB 		.ascii	"\307v\024\333\267\021_\207\230\035\330JA\330\212.H\365"
 3091      B7115F87 
 3091      981DD84A 
 3091      41D88A2E 
 3091      48F5
 3092 00e3 D8F6E0F9 		.ascii	"\330\366\340\371Nl[\261\325I\202\277M\012\374\324\202"
 3092      4E6C5BB1 
 3092      D54982BF 
 3092      4D0AFCD4 
 3092      82
 3093 00f4 F0D35B47 		.ascii	"\360\323[G\223\242\347\270\242\207bkPx\031\027Q\374"
 3093      93A2E7B8 
 3093      A287626B 
 3093      50781917 
 3093      51FC
 3094 0106 FD2E09E4 		.ascii	"\375.\011\344;\206|\203\203\360\245\201\340\374\007"
 3094      3B867C83 
 3094      83F0A581 
 3094      E0FC07
 3095 0115 94F9476C 		.ascii	"\224\371Gl#\210\316?\214\210\370\376\200\210\370\206"
 3095      2388CE3F 
 3095      8C88F8FE 
 3095      8088F886 
 3096 0125 40A04EB3 		.ascii	"@\240N\263\022\337Q\210\031\203\355\035l\357a\373\000"
 3096      12DF5188 
 3096      1983ED1D 
 3096      6CEF61FB 
 3096      00
 3097 0136 DBBF62FB 		.ascii	"\333\277b\373\230\210\370\372\177\232@\364\221\277="
 3097      9888F8FA 
 3097      7F9A40F4 
 3097      91BF3D
 3098 0145 CC8E6625 		.ascii	"\314\216f%\206\376v\260\230~\216\255W\022\366\374\002"
 3098      86FE76B0 
 3098      987E8EAD 
 3098      5712F6FC 
 3098      02
 3099 0156 AF9B41C4 		.ascii	"\257\233A\304\326\333\246J\274\366\0056Y\351\367\217"
 3099      D6DBA64A 
 3099      BCF60536 
 3099      59E9F78F 
 3100 0166 159B2C41 		.ascii	"\025\233,A\3548\033\244/\325\270\250\361\370\004\333"
 3100      EC381BA4 
 3100      2FD5B8A8 
 3100      F1F804DB 
 3101 0176 65BCF66F 		.ascii	"e\274\366o\370\033\246p`Z\362\\\032\345\345\253\352"
 3101      F81BA670 
 3101      605AF25C 
 3101      1AE5E5AB 
 3101      EA
ARM GAS  C:\Users\acest\AppData\Local\Temp\ccGG6LYR.s 			page 99


 3102 0187 3FCBB3F0 		.ascii	"?\313\263\360 \272Z\376\012\237\217z\371\345\357\357"
 3102      20BA5AFE 
 3102      0A9F8F7A 
 3102      F9E5EFEF 
 3103 0197 71AF58A8 		.ascii	"q\257X\250\371\344\355/\213\001\363\371\346\327\370"
 3103      F9E4ED2F 
 3103      8B01F3F9 
 3103      E6D7F8
 3104 01a6 DC05A2DF 		.ascii	"\334\005\242\337T\033z\203\370\374Kl\367\024<\313\303"
 3104      541B7A83 
 3104      F8FC4B6C 
 3104      F7143CCB 
 3104      C3
 3105 01b7 072FF1F5 		.ascii	"\007/\361\365~ \275t\003y\276\031\204\3777D\370\310"
 3105      7E20BD74 
 3105      0379BE19 
 3105      84FF3744 
 3105      F8C8
 3106 01c9 7CFD1C7F 		.ascii	"|\375\034\177\277\205\315\250\214\225\361\370\373[l"
 3106      BF85CDA8 
 3106      8C95F1F8 
 3106      FB5B6C
 3107 01d8 43159F63 		.ascii	"C\025\237c%\275\377\3318\372\002\357\235\307\343\377"
 3107      25BDFFD9 
 3107      38FA02EF 
 3107      9DC7E3FF 
 3108 01e8 20629CFF 		.ascii	" b\234\377\275\342C$\236Sl\007@\304\341wJ\034\3308\333"
 3108      BDE24324 
 3108      9E536C07 
 3108      40C4E177 
 3108      4A1CD838 
 3109 01fd A5C485D9 		.ascii	"\245\304\205\331\317\354\374\003\342&\0201\266\331\230"
 3109      CFECFC03 
 3109      E2261031 
 3109      B6D998
 3110 020c 7B4319EF 		.ascii	"{C\031\357\301\306x?\253\011A|h\361\213\323\177a\353"
 3110      C1C6783F 
 3110      AB09417C 
 3110      68F18BD3 
 3110      7F61EB
 3111 021f F78AD3B3 		.ascii	"\367\212\323\263\227\304\351I\2208=@\236o\275D\307\377"
 3111      97C4E949 
 3111      90383D40 
 3111      9E6FBD44 
 3111      C7FF
 3112 0231 47ACFE5B 		.ascii	"G\254\376[\211\325p\020\371\372u\261b\366?\011\022\247"
 3112      89D57010 
 3112      F9FA75B1 
 3112      62F63F09 
 3112      12A7
 3113 0243 37FF429C 		.ascii	"7\377B\234\346S\370>\260\342\034\301\217\030\377(\017"
 3113      E653F83E 
 3113      B0E21CC1 
 3113      8F18FF28 
 3113      0F
 3114 0254 FFA47D57 		.ascii	"\377\244}W\202\335\"\373>\012\245\277g\310! \343w\024"
 3114      82DD22FB 
ARM GAS  C:\Users\acest\AppData\Local\Temp\ccGG6LYR.s 			page 100


 3114      3E0AA5BF 
 3114      67C82120 
 3114      E37714
 3115 0267 0CCBA3E4 		.ascii	"\014\313\243\344\264\2471\337d\251\362xz<U\323\315\022"
 3115      B4A731DF 
 3115      64A9F278 
 3115      7A3C55D3 
 3115      CD12
 3116 0279 EC03C0BA 		.ascii	"\354\003\300\272\012e\200,{\000v\001\354\004.b\342\""
 3116      0A65802C 
 3116      7B007601 
 3116      EC042E62 
 3116      E222
 3117 028b 5512FDA3 		.ascii	"U\022\375\243D]\022\235&\321\377\221P\376r_\361\006"
 3117      445D129D 
 3117      26D1FF91 
 3117      50FE725F 
 3117      F106
 3118 029d 12295455 		.ascii	"\022)TUq5p\020\240\032\200y#\321L`\240\005G\263\272"
 3118      71357010 
 3118      A01A8079 
 3118      23D14C60 
 3118      A00547B3 
 3119 02b2 2CBEA01A 		.ascii	",\276\240\032\035\304X\356\244\327\231\302\270\025\253"
 3119      1DC458EE 
 3119      A4D799C2 
 3119      B815AB
 3120 02c1 AA653804 		.ascii	"\252e8\004\212\035\022\034f\305n>c1\234\275\333[\020"
 3120      8A1D121C 
 3120      66C56E3E 
 3120      63319CBD 
 3120      DB5B10
 3121 02d4 1A397C38 		.ascii	"\0329|8\222LG\036Y\202\375\000\025\300\025\3262.\250"
 3121      924C471E 
 3121      5982FD00 
 3121      15C015D6 
 3121      322EA8
 3122 02e7 07601D23 		.ascii	"\007`\035#!\321\343\366Ysk\006\345\243Sa\310\001G8D"
 3122      21D1E3F6 
 3122      59736B06 
 3122      E5A35361 
 3122      C8014738 
 3123 02fc 251D2531 		.ascii	"%\035%1G\031\2544'=\3233X`\252\0020c\230m\327\356_>"
 3123      4719AC34 
 3123      273DD333 
 3123      5860AA02 
 3123      3063986D 
 3124 0314 111619A0 		.ascii	"\021\026\031\240\264\306_i\036\225\0132W\377Kd\240}"
 3124      B4C65F69 
 3124      1E950B32 
 3124      57FF4B64 
 3124      A07D
 3125 0326 9500C738 		.ascii	"\225\000\3078\264\201\341\360\366\343\3359\317\234\251"
 3125      B481E1F0 
 3125      F6E3DD39 
 3125      CF9CA9
 3126 0335 DCB6A300 		.ascii	"\334\266\243\000\007\370m\201U\365\322\027<p\273R\317"
ARM GAS  C:\Users\acest\AppData\Local\Temp\ccGG6LYR.s 			page 101


 3126      07F86D81 
 3126      55F5D217 
 3126      3C70BB52 
 3126      CF
 3127 0346 EE0A09D4 		.ascii	"\356\012\011\324\335\350C\210\270+\367\027w\023=~\307"
 3127      DDE84388 
 3127      B82BF717 
 3127      77133D7E 
 3127      C7
 3128 0357 75375881 		.ascii	"u7X\201G\300\321\212\354\3740\035pT\0074\013\300\234"
 3128      47C0D18A 
 3128      ECFC301D 
 3128      70540734 
 3128      0BC09C
 3129 036a FACE4623 		.ascii	"\372\316F#\007T\005\001\320\005\204\201\216\327U=\034"
 3129      07540501 
 3129      D0058481 
 3129      8ED7553D 
 3129      1C
 3130 037b 14982C27 		.ascii	"\024\230,'\275\223\005a\233\257\224_\010\273\006|\""
 3130      BD930561 
 3130      9BAF945F 
 3130      08BB067C 
 3130      22
 3131 038c 946D00D0 		.ascii	"\224m\000\320\372.~Y\244\377\244R\224\207x\210\301F"
 3131      FA2E7E59 
 3131      A4FFA452 
 3131      94877888 
 3131      C146
 3132 039e 89855AA8 		.ascii	"\211\205Z\250\315R\007o\214\350\243\343LdD\204\305T"
 3132      CD52076F 
 3132      8CE8A3E3 
 3132      4C644484 
 3132      C554
 3133 03b0 5403832D 		.ascii	"T\003\203-!&B:\2156\313\210'\260\205\2542\014\033\347"
 3133      2126423A 
 3133      8D36CB88 
 3133      27B085AC 
 3133      320C1BE7 
 3134 03c4 916DD943 		.ascii	"\221m\331C;\215\036\222\373i\324\333\343\360\273\323"
 3134      3B8D1E92 
 3134      FB69D4DB 
 3134      E3F0BBD3 
 3135 03d4 58073694 		.ascii	"X\0076\224\372L6\015\306\243N\243\245\217\256\232c\260"
 3135      FA4C360D 
 3135      C6A34EA3 
 3135      A58FAE9A 
 3135      63B0
 3136 03e6 359299DF 		.ascii	"5\222\231\337\307\236\260\330\306Fa\300\306\231LoDT"
 3136      C79EB0D8 
 3136      C64661C0 
 3136      C6994C6F 
 3136      4454
 3137 03f8 D36AFA73 		.ascii	"\323j\372s\034t\246\322\222\241\226Nc\004R\214\260\015"
 3137      1C74A6D2 
 3137      92A1964E 
 3137      6304528C 
ARM GAS  C:\Users\acest\AppData\Local\Temp\ccGG6LYR.s 			page 102


 3137      B00D
 3138 040a 1B6C1B16 		.ascii	"\033l\033\026Q\007!6\233%j\204\204F\330\306\216\035"
 3138      51072136 
 3138      9B256A84 
 3138      8446D8C6 
 3138      8E1D
 3139 041c 472CC82C 		.ascii	"G,\310,\233\352`,\205\260\261\236\216\256oXB,\3467\206"
 3139      9BEA602C 
 3139      85B0B19E 
 3139      8EAE6F58 
 3139      422CE637 
 3140 0431 E1D2C726 		.ascii	"\341\322\307&\375\234 /\035P?`D\2356\375\024`\204\205"
 3140      FD9C202F 
 3140      1D503F60 
 3140      449D36FD 
 3140      14608485 
 3141 0445 8C25F497 		.ascii	"\214%\364\227\2358r\011\031\206],\233\302\302\300\203"
 3141      9D387209 
 3141      19865D2C 
 3141      9BC2C2C0 
 3141      83
 3142 0456 3FE6E85F 		.ascii	"?\346\350_\332>\033k\221:\261h\020\022%\203\207\200"
 3142      DA3E1B6B 
 3142      913AB168 
 3142      10122583 
 3142      8780
 3143 0468 2E693148 		.ascii	".i1H\230?8\307\210\177\354\013\224/`\247 \026\\\252"
 3143      983F38C7 
 3143      887FEC0B 
 3143      942F60A7 
 3143      20165CAA 
 3144 047c 1A7E9D0D 		.ascii	"\032~\235\015\036\242\240\031D\\\325~\224c\006 \012"
 3144      1EA2A019 
 3144      445CD57E 
 3144      94630620 
 3144      0A
 3145 048d 8F5A2A40 		.ascii	"\217Z*@\310(J\330\267\027\271\006\001\005\242\362\010"
 3145      C8284AD8 
 3145      B717B906 
 3145      0105A2F2 
 3145      08
 3146 049e 1905A0C9 		.ascii	"\031\005\240\311*\207L\007\007\023o\031.\347c\270N)"
 3146      2A874C07 
 3146      07136F19 
 3146      2EE763B8 
 3146      4E29
 3147 04b0 69B4AA49 		.ascii	"i\264\252I\2228\301\2749\270\340|f\310u\214\233g\347"
 3147      9238C1BC 
 3147      39B8E07C 
 3147      66C8758C 
 3147      9B67E7
 3148 04c3 FA8B6618 		.ascii	"\372\213f\030\232;N\002\272\217g^Qs[\321 6\251\262\201"
 3148      9A3B4E02 
 3148      BA8F675E 
 3148      51735BD1 
 3148      2036A9B2 
 3149 04d8 EAC00B73 		.ascii	"\352\300\013s\027=\335\020\252^8+J\024\341%j0\336\365"
ARM GAS  C:\Users\acest\AppData\Local\Temp\ccGG6LYR.s 			page 103


 3149      173DDD10 
 3149      AA5E382B 
 3149      4A14E125 
 3149      6A30DEF5 
 3150 04ec 3C7AFAC2 		.ascii	"<z\372\302\364\015$\272\355\361DA\034|\005p\216\031"
 3150      F40D24BA 
 3150      EDF14441 
 3150      1C7C0570 
 3150      8E19
 3151 04fe 711EF5B7 		.ascii	"q\036\365\267\342\301\367r\227z\036\357[|1#\024+D\032"
 3151      E2C1F772 
 3151      977A1EEF 
 3151      5B7C3123 
 3151      142B441A 
 3152 0512 1B5B780B 		.ascii	"\033[x\013\316(\005I\302#\011N\003\234\202\217\366G"
 3152      CE280549 
 3152      C223094E 
 3152      039C828F 
 3152      F647
 3153 0524 510F6516 		.ascii	"Q\017e\026\034j\275\323\355W\303p\\\267\3535\354\361"
 3153      1C6ABDD3 
 3153      ED57C370 
 3153      5CB7EB35 
 3153      ECF1
 3154 0536 BEE683E1 		.ascii	"\276\346\203\341\276\200F\037@\375\352Mm\262>\006/\352"
 3154      BE80461F 
 3154      40FDEA4D 
 3154      6DB23E06 
 3154      2FEA
 3155 0548 43EC9218 		.ascii	"C\354\222\030\203\205\305/\346\205p\237.\011'\037N_"
 3155      8385C52F 
 3155      E685709F 
 3155      2E09271F 
 3155      4E5F
 3156 055a 7E2D3C88 		.ascii	"~-<\210\033\227\321\274\016!srs\371\345\260\357-EwZ"
 3156      1B97D1BC 
 3156      0E217372 
 3156      73F9E5B0 
 3156      EF2D4577 
 3157 056f 960F5CFF 		.ascii	"\226\017\\\377\247\2162\217'\003\005L\014\004\0274\207"
 3157      A78E328F 
 3157      2703054C 
 3157      0C041734 
 3157      87
 3158 0580 2E680EA5 		.ascii	".h\016\245G\321~\356P\356\205&\217\314$K\367\262\032"
 3158      47D17EEE 
 3158      50EE8526 
 3158      8FCC244B 
 3158      F7B21A
 3159 0593 8851F0C8 		.ascii	"\210Q\360\310L\350\252&tU\023j\214\2443d&t\276\264%"
 3159      4CE8AA26 
 3159      7455136A 
 3159      8CA43364 
 3159      2674BEB4 
 3160 05a8 6D1017BA 		.ascii	"m\020\027\272\350#t]\023\272\256\011\315\212\244\013"
 3160      E823745D 
 3160      13BAAE09 
ARM GAS  C:\Users\acest\AppData\Local\Temp\ccGG6LYR.s 			page 104


 3160      CD8AA40B 
 3161 05b8 B9D093C6 		.ascii	"\271\320\223\306Yf.S\234\341-\323\251\311tj2\025C\350"
 3161      59662E53 
 3161      9CE12DD3 
 3161      A9C9746A 
 3161      321543E8 
 3162 05cc 3A2ED354 		.ascii	":.\323T\322P#\204f\371\010\335\322\204niB\367\206\320"
 3162      D2502384 
 3162      66F908DD 
 3162      D2846E69 
 3162      42F786D0 
 3163 05e0 5D726000 		.ascii	"]r`\0001\033\014|\260\031\371\021\353\227\251\364 \007"
 3163      311B0C7C 
 3163      B019F911 
 3163      EB97A9F4 
 3163      2007
 3164 05f2 769F395D 		.ascii	"v\2379]m\260x\374\013Y\017 \016\013Y7\300]V\310nxN\037"
 3164      6DB078FC 
 3164      0B590F20 
 3164      0E0B5937 
 3164      C05D56C8 
 3165 060a A25AFC7B 		.ascii	"\242Z\374{A\353\200{\010\276\243t\332\306\222\245&f"
 3165      41EB807B 
 3165      08BEA374 
 3165      DAC692A5 
 3165      2666
 3166 061c 68CF8A1B 		.ascii	"h\317\212\033\177.b\225\007\357\302m\315\314\333\232"
 3166      7F2E6295 
 3166      07EFC26D 
 3166      CDCCDB9A 
 3167 062c 997B5EA3 		.ascii	"\231{^\243\265\\\373\225\306\3342#\367\255K\367\015"
 3167      B55CFB95 
 3167      C6DC3223 
 3167      F7AD4BF7 
 3167      0D
 3168 063d 85FA34A1 		.ascii	"\205\3724\241>Mh\341\020z\222\013\265l}x\316\304}k\021"
 3168      3E4D68E1 
 3168      107A920B 
 3168      B56C7D78 
 3168      CEC47D6B 
 3169 0652 C9B179F9 		.ascii	"\311\261y\371\266JP\235}\304\314=q:sND0sq\025\005\217"
 3169      B64A509D 
 3169      7DC4CC3D 
 3169      713A734E 
 3169      44307371 
 3170 0669 85B95B8B 		.ascii	"\205\271[\213W\027\000\327\335\224\245\351\356\007x"
 3170      571700D7 
 3170      DD94A5E9 
 3170      EE0778
 3171 0678 A8E97EA8 		.ascii	"\250\351~\250w\340`z\215\353\276pn\326t\302\205\262"
 3171      77E0607A 
 3171      8DEBBE70 
 3171      6ED674C2 
 3171      85B2
 3172 068a 7C849E6A 		.ascii	"|\204\236jBO5\241\201\301\364\021\027\352\252\034\230"
 3172      424F35A1 
 3172      81C1F411 
ARM GAS  C:\Users\acest\AppData\Local\Temp\ccGG6LYR.s 			page 105


 3172      17EAAA1C 
 3172      98
 3173 069b CCCD4343 		.ascii	"\314\315CC\034tz\010\2736=sY\275\337j\001\353\003\326"
 3173      1C747A08 
 3173      BB363D73 
 3173      59BDDF6A 
 3173      01EB03D6 
 3174 06af 44B15AC8 		.ascii	"D\261Z\310\021\240\007\005\017C|A\251D\003!\340\314"
 3174      11A00705 
 3174      0F437C41 
 3174      A9440321 
 3174      E0CC
 3175 06c1 B2655BBD 		.ascii	"\262e[\275f\2734\242\015\244t\302\001\213\226\225\334"
 3175      66BB34A2 
 3175      0DA474C2 
 3175      018B9695 
 3175      DC
 3176 06d2 17B14A27 		.ascii	"\027\261J'\360\202\205\246\264\272\245\211\006\031I"
 3176      F08285A6 
 3176      B4BAA589 
 3176      061949
 3177 06e1 1958B8A6 		.ascii	"\031X\270\246\013\241\254\273\003\231\030\031\017+\014"
 3177      0BA1ACBB 
 3177      03991819 
 3177      0F2B0C
 3178 06f0 FB320CF9 		.ascii	"\3732\014\371\236j\202\267\341\271\346\343s\376C\227"
 3178      9E6A82B7 
 3178      E1B9E6E3 
 3178      73FE4397 
 3179 0700 7023B7CC 		.ascii	"p#\267\314_\327\256\251`\335\261\272\357\331\305\020"
 3179      5FD7AEA9 
 3179      60DDB1BA 
 3179      EFD9C510 
 3180 0710 4D035E54 		.ascii	"M\003^TUd\241\212\231BE\303\201\366]\\E\317\326u\231"
 3180      5564A18A 
 3180      994245C3 
 3180      81F65D5C 
 3180      45CFD675 
 3181 0725 391EF80C 		.ascii	"9\036\370\014oB&Q\025d\362JM\013\271\202\314\362\234"
 3181      6F422651 
 3181      1564F24A 
 3181      4D0BB982 
 3181      CCF29C
 3182 0738 63962016 		.ascii	"c\226 \026g#\235C,\232f\237\254\244\234\255<c\006g\313"
 3182      67239D43 
 3182      2C9A669F 
 3182      ACA49CAD 
 3182      3C630667 
 3183 074d 26305B63 		.ascii	"&0[c\233-\330v\206H\364\000g\274z\177K_\204o\\\347\022"
 3183      9B2DD876 
 3183      8648F400 
 3183      67BC7A7F 
 3183      4B5F846F 
 3184 0764 C855835F 		.ascii	"\310U\203_\307A\007w^+\031\344\013\232\247\203\020\220"
 3184      C7410777 
 3184      5E2B19E4 
 3184      0B9AA783 
ARM GAS  C:\Users\acest\AppData\Local\Temp\ccGG6LYR.s 			page 106


 3184      1090
 3185 0776 D1D4BE39 		.ascii	"\321\324\2769B\017\376|=\370\013\204\2239\027\273\327"
 3185      420FFE7C 
 3185      3DF80B84 
 3185      933917BB 
 3185      D7
 3186 0787 531E9905 		.ascii	"S\036\231\005\"2\331Gv\347\233\203x\262\010=Y(d\252"
 3186      2232D947 
 3186      76E79B83 
 3186      78B2083D 
 3186      592864AA 
 3187 079b 72569E0C 		.ascii	"rV\236\014e\256\2245\337\365\3743\017\375\"\0029\232"
 3187      65AE9435 
 3187      DFF5FC33 
 3187      0FFD2202 
 3187      399A
 3188 07ad 2F39C297 		.ascii	"/9\302\2274\003[\276~\007s\206\377H4\327\300\323\263"
 3188      34035BBE 
 3188      7E077386 
 3188      FF4834D7 
 3188      C0D3B3
 3189 07c0 7F4B4B38 		.ascii	"\177KK8[\226tz\252S\251\004o\303h\011"
 3189      5B96747A 
 3189      AA53A904 
 3189      6FC36809 
 3190 07d0 961344E0 		.ascii	"\226\023D\340X^F`)APMQ\301\036\302\315\312\023fm\317"
 3190      585E4660 
 3190      2941504D 
 3190      51C11EC2 
 3190      CDCA1366 
 3191 07e6 BD7B2958 		.ascii	"\275{)Xq]\201f\345\013\263\256\267>\333g\346f\355[\\"
 3191      715D8166 
 3191      E50BB3AE 
 3191      B73EDB67 
 3191      E666ED5B 
 3192 07fb 96615C35 		.ascii	"\226a\\5\002o\302\022\315\252%\302\252e\334\210\272"
 3192      026FC212 
 3192      CDAA25C2 
 3192      AA65DC88 
 3192      BA
 3193 080c 7BD34FA9 		.ascii	"{\323O\251.Ti.\024h\340\002\001^o\010:\230\267\236)"
 3193      2E54692E 
 3193      1468E002 
 3193      015E6F08 
 3193      3A98B79E 
 3194 0821 D86E51AD 		.ascii	"\330nQ\255[\303\354=\321\221Wl\0166\230\327\242}\205"
 3194      5BC3EC3D 
 3194      D191576C 
 3194      0E3698D7 
 3194      A27D85
 3195 0834 C2BE95C7 		.ascii	"\302\276\225\307\037N\017QRv\357:\221\262k\011\254\326"
 3195      1F4E0F51 
 3195      5276EF3A 
 3195      91B26B09 
 3195      ACD6
 3196 0846 94AE164A 		.ascii	"\224\256\026J\313\015b\331_\012|\206\364\204\362\263"
 3196      CB0D62D9 
ARM GAS  C:\Users\acest\AppData\Local\Temp\ccGG6LYR.s 			page 107


 3196      5F0A7C86 
 3196      F484F2B3 
 3197 0856 22316BBE 		.ascii	"\"1k\276\307\277{$q\313H\017(\340N\211\036U\016/I\264"
 3197      C7BF7B24 
 3197      71CB480F 
 3197      28E04E89 
 3197      1E550E2F 
 3198 086c 85DBDD7D 		.ascii	"\205\333\335}iY\211\32722W\357\374\355lSs\336 \321\253"
 3198      695989D7 
 3198      323257EF 
 3198      FCED6C53 
 3198      73DE20D1 
 3199 0881 1C78E4C1 		.ascii	"\034x\344\301\261E!\201+\305\235\304\177[\321*\321\036"
 3199      B1452181 
 3199      2BC59DC4 
 3199      7F5BD12A 
 3199      D11E
 3200 0893 454BB344 		.ascii	"EK\263D\373\221 \325\310\247\333\265\217oQ\337<\334"
 3200      FB9120D5 
 3200      C8A7DBB5 
 3200      8F6F51DF 
 3200      3CDC
 3201 08a5 47A05C4D 		.ascii	"G\240\\M\326,\016\332X\332\267\300\350\013\252\320A"
 3201      D62C0EDA 
 3201      58DAB7C0 
 3201      E80BAAD0 
 3201      41
 3202 08b6 0858D35B 		.ascii	"\010X\323[\236\031\242\333\273_\267\267\222GP\036\250"
 3202      9E19A2DB 
 3202      BB5FB7B7 
 3202      9247501E 
 3202      A8
 3203 08c7 D87096F0 		.ascii	"\330p\226\360%{\217Xa+\206\242\256\003\214\006\252\210"
 3203      257B8F58 
 3203      612B86A2 
 3203      AE038C06 
 3203      AA88
 3204 08d9 B69FE877 		.ascii	"\266\237\350w\213\355D%a[\205\003$p\253P\364\340\341"
 3204      8BED4425 
 3204      615B8503 
 3204      2470AB50 
 3204      F4E0E1
 3205 08ec 7A393280 		.ascii	"z92\200\254\302\207\214.0Jt\021\266|l\205\3306\011\207"
 3205      ACC2878C 
 3205      2E304A74 
 3205      11B67C6C 
 3205      85D83609 
 3206 0901 AFB5E4FA 		.ascii	"\257\265\344\372U\275#\004ju_\216<*\361\036x\265\272"
 3206      55BD2304 
 3206      6A755F8E 
 3206      3C2AF11E 
 3206      78B5BA
 3207 0914 FE3A16FB 		.ascii	"\376:\026\373=\310t\000\333a\316v\246oC{x\220\022\011"
 3207      3DC87400 
 3207      DB61CE76 
 3207      A66F437B 
 3207      78901209 
ARM GAS  C:\Users\acest\AppData\Local\Temp\ccGG6LYR.s 			page 108


 3208 0928 C7885A24 		.ascii	"\307\210Z$o\334X^\030\252C\032t\276F\306\327\212\\\027"
 3208      6FDC585E 
 3208      18AA431A 
 3208      74BE46C6 
 3208      D78A5C17 
 3209 093c B17532BE 		.ascii	"\261u2\276!W\313\273\326\300\360\250\341\342\303\342"
 3209      2157CBBB 
 3209      D6C0F0A8 
 3209      E1E2C3E2 
 3210 094c 51397069 		.ascii	"Q9pi\311\017\016\245{\3520\026\333\011\034\"p\322?\""
 3210      C90F0EA5 
 3210      7BEA3016 
 3210      DB091C22 
 3210      70D23F22 
 3211 0960 FE819018 		.ascii	"\376\201\220\030\004\303p\232@+\201\263\004N\021h!p"
 3211      04C3709A 
 3211      402B81B3 
 3211      044E1168 
 3211      2170
 3212 0972 8EC00902 		.ascii	"\216\300\011\002g\210\330\033\365\344o\234?(7\225\262"
 3212      6788D81B 
 3212      F5E46F9C 
 3212      3F283795 
 3212      B2
 3213 0983 94AF0F42 		.ascii	"\224\257\017B\312\014\236[/ \215\004\216\276D\357\255"
 3213      CA0C9E5B 
 3213      2F208D04 
 3213      8EBE44EF 
 3213      AD
 3214 0994 0D1A4B73 		.ascii	"\015\032Ksp\226\322\343Yb\353\267\213@\315K\024\315"
 3214      7096D2E3 
 3214      5962EBB7 
 3214      8B40CD4B 
 3214      14CD
 3215 09a6 5414C5C2 		.ascii	"T\024\305\302\361\227\350\351\327\3654\275\204\244X"
 3215      F197E8E9 
 3215      D7F534BD 
 3215      84A458
 3216 09b5 21A92370 		.ascii	"!\251#p8\010\204\217\273\321|\004\324It\235\011\023"
 3216      3808848F 
 3216      BBD17C04 
 3216      D449749D 
 3216      0913
 3217 09c7 C2C4FA67 		.ascii	"\302\304\372g\317\305\3245\241\376U\355\202wU\343\222"
 3217      CFC5D435 
 3217      A1FE55ED 
 3217      827755E3 
 3217      92
 3218 09d8 23E87614 		.ascii	"#\350v\024)\343\"\335\333\333n\004\024\302\016o\021"
 3218      29E322DD 
 3218      DBDB6E04 
 3218      14C20E6F 
 3218      11
 3219 09e9 5A85E023 		.ascii	"Z\205\340#&\246t\004\374/\377\226h#\027Nk\317+\342O"
 3219      26A67404 
 3219      FC2FFF96 
 3219      6823174E 
ARM GAS  C:\Users\acest\AppData\Local\Temp\ccGG6LYR.s 			page 109


 3219      6BCF2BE2 
 3220 09fe 02FA3C55 		.ascii	"\002\372<UK\261\260\252\233\315\033\004A(\177\235\300"
 3220      4BB1B0AA 
 3220      9BCD1B04 
 3220      41287F9D 
 3220      C0
 3221 0a0f 3556981A 		.ascii	"5V\230\032\323\262\367\017\322\363\246S\367\347&\221"
 3221      D3B2F70F 
 3221      D2F3A653 
 3221      F7E72691 
 3222 0a1f C448AEC2 		.ascii	"\304H\256\302\364A=\027\030\257\341\371\251\323\315"
 3222      F4413D17 
 3222      18AFE1F9 
 3222      A9D3CD
 3223 0a2e 46CBB701 		.ascii	"F\313\267\001\360\277\237i\267\011\334\301jv\227@7a"
 3223      F0BF9F69 
 3223      B709DCC1 
 3223      6A769740 
 3223      3761
 3224 0a40 87B8B078 		.ascii	"\207\270\260x\366]\374E-\253^4o\024\336W\005\307#\346"
 3224      F65DFC45 
 3224      2DAB5E34 
 3224      6F14DE57 
 3224      05C723E6 
 3225 0a54 E28A8279 		.ascii	"\342\212\202y^\325\250G\267\244\227e\360e4\241\223\273"
 3225      5ED5A847 
 3225      B7A49765 
 3225      F06534A1 
 3225      93BB
 3226 0a66 B66577F6 		.ascii	"\266ew\366Z\331wl\335'\320\247\026\223G\034\264\252"
 3226      5AD9776C 
 3226      DD27D0A7 
 3226      1693471C 
 3226      B4AA
 3227 0a78 A6FCB85F 		.ascii	"\246\374\270_\305y\240\203\330\202\271\355\216\327\362"
 3227      C579A083 
 3227      D882B9ED 
 3227      8ED7F2
 3228 0a87 FDA1AEED 		.ascii	"\375\241\256\355\021\323\226a\026\276\377\220\367\312"
 3228      11D39661 
 3228      16BEFF90 
 3228      F7CA
 3229 0a95 2542B395 		.ascii	"%B\263\225\013#\304\203\023Bs\225\013\303\350\"3\216"
 3229      0B23C483 
 3229      13427395 
 3229      0BC3E822 
 3229      338E
 3230 0aa7 7E33E3BC 		.ascii	"~3\343\274}\370fCx`\235L\245^u\222\256S\004\277I7\242"
 3230      7DF86643 
 3230      78609D4C 
 3230      A55E7592 
 3230      AE5304BF 
 3231 0abe 60B17236 		.ascii	"`\261r6\230\226\342\331\016l\273\261\355\305V\201\355"
 3231      9896E2D9 
 3231      0E6CBBB1 
 3231      EDC55681 
 3231      ED
ARM GAS  C:\Users\acest\AppData\Local\Temp\ccGG6LYR.s 			page 110


 3232 0acf 00B65A46 		.ascii	"\000\266ZF\375zSew/\031><r\270\327\240=S\322q\361\315"
 3232      FD7A5365 
 3232      772F193E 
 3232      3C72B8D7 
 3232      A03D53D2 
 3233 0ae6 1A3168D3 		.ascii	"\0321h\323(\314\2400\217jnL\247\332\320x<G\014\015\304"
 3233      28CCA030 
 3233      8F6A6E4C 
 3233      A7DAD078 
 3233      3C470C0D 
 3234 0afb CCF1C168 		.ascii	"\314\361\301h\211\257<\220xN\340\031\366H\016\007\241"
 3234      89AF3C90 
 3234      784EE019 
 3234      F6480E07 
 3234      A1
 3235 0b0c C1B91416 		.ascii	"\301\271\024\026RXLYq_Ja\001\205\271\024\226QXBa\021"
 3235      52584C59 
 3235      715F4A61 
 3235      0185B914 
 3235      96515842 
 3236 0b22 1595B4F4 		.ascii	"\025\225\264\364\251N>\313\207\234?\377P\236\313<\327"
 3236      A94E3ECB 
 3236      879C3FFF 
 3236      509ECB3C 
 3236      D7
 3237 0b33 41337D40 		.ascii	"A3}@\231T\007\365\353\240\354\0003\025L\366\\\015\343"
 3237      995407F5 
 3237      EBA0EC00 
 3237      33154CF6 
 3237      5C0DE3
 3238 0b46 F1C10C10 		.ascii	"\361\301\014\020\035\364D'\232\035h\222\210\311L\235"
 3238      1DF44427 
 3238      9A1D6892 
 3238      88C94C9D 
 3239 0b56 283D9048 		.ascii	"(=\220H`\236\351<Y\201V\013\314\200\216\311\010\214"
 3239      609EE93C 
 3239      5981560B 
 3239      CC808EC9 
 3239      088C
 3240 0b68 3F1A4417 		.ascii	"?\032D\027Zp\225i\341{\312\314+\233\374Vcy\024\362\251"
 3240      5A709569 
 3240      E17BCACC 
 3240      2B9BFC56 
 3240      637914F2 
 3241 0b7d 969379D7 		.ascii	"\226\223y\327/u{M\012\371:\333\012\312\226\222\214\305"
 3241      2F757B4D 
 3241      0AF93ADB 
 3241      0ACA9692 
 3241      8CC5
 3242 0b8f B0A2A021 		.ascii	"\260\242\240!\225b&0X]S\016/F+(,\247\260:H\317\366\324"
 3242      95622630 
 3242      585D530E 
 3242      2F462B28 
 3242      2CA7B03A 
 3243 0ba7 6FFD9421 		.ascii	"o\375\224!\320\262\027\204!D\037kA\325;\377\011\201"
 3243      D0B21784 
 3243      21441F6B 
ARM GAS  C:\Users\acest\AppData\Local\Temp\ccGG6LYR.s 			page 111


 3243      41D53BFF 
 3243      0981
 3244 0bb9 7EECFC95 		.ascii	"~\354\374\225\234\007;\277\200\302*\326\311<=\303\304"
 3244      9C073BBF 
 3244      80C22AD6 
 3244      C93C3DC3 
 3244      C4
 3245 0bca 38906829 		.ascii	"8\220h)z\263\023[9\367(o\377m\217\337\224\275\236\302"
 3245      7AB3135B 
 3245      39F7286F 
 3245      FF6D8FDF 
 3245      94BD9EC2 
 3246 0bde 06C523DA 		.ascii	"\006\305#\332\310A\3277\035\271\015\276\240\"\035\304"
 3246      C841D737 
 3246      1DB90DBE 
 3246      A0221DC4 
 3247 0bee 96F355A7 		.ascii	"\226\363U\247\367\033t\2677\352nlbnw0\026S\311\242\243"
 3247      F71B74B7 
 3247      37EA6E6C 
 3247      626E7730 
 3247      1653C9A2 
 3248 0c03 9D2696FF 		.ascii	"\235&\226\377b\372.Q\037\007n\242l\376.~yR\027RXC\271"
 3248      62FA2E51 
 3248      1F076EA2 
 3248      6CFE2E7E 
 3248      79521752 
 3249 0c1a 5DC5DCAF 		.ascii	"]\305\334\257-\024J(lU\363w\253\362\310\020y\216\004"
 3249      2D144A28 
 3249      6C55F377 
 3249      ABF2C810 
 3249      798E04
 3250 0c2d F08884EA 		.ascii	"\360\210\204\352)+\024a.\007\330L\2751JB\261\015Ci\337"
 3250      292B1461 
 3250      2E07D84C 
 3250      BD314A42 
 3250      B10D4369 
 3251 0c42 2A436480 		.ascii	"*Cd\200\326\242 Z\351u\356\320\215\027E\035\341l\022"
 3251      D6A2205A 
 3251      E975EED0 
 3251      8D17451D 
 3251      E16C12
 3252 0c55 F6F0F9B7 		.ascii	"\366\360\371\267\352\334pe\376=H`\033\205\035_\347\221"
 3252      EADC7065 
 3252      FE3D4860 
 3252      1B851D5F 
 3252      E791
 3253 0c67 C420C8BC 		.ascii	"\304 \310\274\235\302.\012;\251\230pK\333\326y\270?"
 3253      9DC22E0A 
 3253      3BA99870 
 3253      4BDBD679 
 3253      B83F
 3254 0c79 A514D671 		.ascii	"\245\024\326q\026\025\255\261\224\266*\020\361\264\022"
 3254      1615ADB1 
 3254      94B62A10 
 3254      F1B412
 3255 0c88 217E4F2B 		.ascii	"!~O+\273\230}\337\313\272\235]\014\303\275?\254\370"
 3255      BB987DDF 
ARM GAS  C:\Users\acest\AppData\Local\Temp\ccGG6LYR.s 			page 112


 3255      CBBA9D5D 
 3255      0CC3BD3F 
 3255      ACF8
 3256 0c9a B094BAB0 		.ascii	"\260\224\272\260.\204\331\211\202k)\034\362\327\300"
 3256      2E84D989 
 3256      826B291C 
 3256      F2D7C0
 3257 0ca9 02F6F4B0 		.ascii	"\002\366\364\260\230$\037\021\270G\030Du\345\226>\272"
 3257      98241F11 
 3257      B8471844 
 3257      75E5963E 
 3257      BA
 3258 0cba 66668AC0 		.ascii	"ff\212\300\367\022\350\012\304(\221\337\272a~x)\216"
 3258      F712E80A 
 3258      C42891DF 
 3258      BA617E78 
 3258      298E
 3259 0ccc F476026D 		.ascii	"\364v\002m\034\304f\016\011\3163\310W\204{\323\265Q"
 3259      1CC4660E 
 3259      09CE33C8 
 3259      57847BD3 
 3259      B551
 3260 0cde F3660F87 		.ascii	"\363f\017\207\250\336\354&\232\307wu\217\037\373`6\351"
 3260      A8DEEC26 
 3260      9AC77775 
 3260      8F1FFB60 
 3260      36E9
 3261 0cf0 F66CAA9D 		.ascii	"\366l\252\235\341\031\234\032\006\227\011\326{?U\027"
 3261      E1199C1A 
 3261      069709D6 
 3261      7B3F5517 
 3262 0d00 85AA5665 		.ascii	"\205\252Ve\215\201\263~\265\217\311e\032M\317\314c\302"
 3262      8D81B37E 
 3262      B58FC965 
 3262      1A4DCFCC 
 3262      63C2
 3263 0d12 755C456D 		.ascii	"u\\Em\363\301\224zU\250\274\331\202(\026vSoL\211\227"
 3263      F3C1947A 
 3263      55A8BCD9 
 3263      82281676 
 3263      536F4C89 
 3264 0d27 EBD99BE7 		.ascii	"\353\331\233\347\253I\267\225\004\200\204\315\375\372"
 3264      AB49B795 
 3264      048084CD 
 3264      FDFA
 3265 0d35 A26747A0 		.ascii	"\242gG\2402a\320\262Z\301s\223\300U\037\314y\342\227"
 3265      3261D0B2 
 3265      5AC17393 
 3265      C0551FCC 
 3265      79E297
 3266 0d48 575B086C 		.ascii	"W[\010l&|\017\177\210g\326\036\012\265\024*(\224Q\330"
 3266      267C0F7F 
 3266      8867D61E 
 3266      0AB5142A 
 3266      289451D8 
 3267 0d5c 4BA186C2 		.ascii	"K\241\206\302a\214\034\022P\250\304\321\202\246Q\250"
 3267      618C1C12 
ARM GAS  C:\Users\acest\AppData\Local\Temp\ccGG6LYR.s 			page 113


 3267      50A8C4D1 
 3267      82A651A8 
 3268 0d6c A67080C2 		.ascii	"\246p\200\302A\034\204\312\200\352Y\251t\031n}\256\370"
 3268      411C84CA 
 3268      80EA59A9 
 3268      74196E7D 
 3268      AEF8
 3269 0d7e C751149C 		.ascii	"\307Q\024\234\322\013\212\331\230\351{\003\343\250\200"
 3269      D20B8AD9 
 3269      98E97B03 
 3269      E3A880
 3270 0d8d 6E2A7D86 		.ascii	"n*}\206\325\350)\007\211\002\245O,8\352\036\314>\271"
 3270      D5E82907 
 3270      8902A54F 
 3270      2C38EA1E 
 3270      CC3EB9
 3271 0da0 C41419E0 		.ascii	"\304\024\031\340A*\371\233=\240\275X\334\036\363\272"
 3271      412AF99B 
 3271      3DA0BD58 
 3271      DC1EF3BA 
 3272 0db0 D5BAB825 		.ascii	"\325\272\270%\337\257n\035\245pL-n9\241|\241\277\263"
 3272      DFAF6E1D 
 3272      A5704C2D 
 3272      6E39A17C 
 3272      A1BFB3
 3273 0dc3 E45B1C53 		.ascii	"\344[\034S\245b\032t\014\336_W\321\276\335\253\2447"
 3273      A5621A74 
 3273      0CDE5F57 
 3273      D1BEDDAB 
 3273      A437
 3274 0dd5 EABE1EA7 		.ascii	"\352\276\036\247Jm\035M\013C%Z\204\255\024\333.N[\231"
 3274      4A6D1D4D 
 3274      0B43255A 
 3274      84AD14DB 
 3274      2E4E5B99 
 3275 0de9 BE6FB639 		.ascii	"\276o\2669p%\321B}\236\315\313\007\3222f\021>\025\224"
 3275      7025D142 
 3275      7D9ECDCB 
 3275      07D23266 
 3275      113E1594 
 3276 0dfd CDAF4C7D 		.ascii	"\315\257L}[T\304S\024NR8\023l2\360\331\310\234\340 "
 3276      5B54C453 
 3276      144E5238 
 3276      136C32F0 
 3276      D9C89CE0 
 3277 0e12 B682E78E 		.ascii	"\266\202\347\216\367q\305\363\026\2577\007\356y\316"
 3277      F771C5F3 
 3277      16AF3707 
 3277      EE79CE
 3278 0e21 FA429F86 		.ascii	"\372B\237\2062\313\377\240\275\242\372\003Ns\351aL|"
 3278      32CBFFA0 
 3278      BDA2FA03 
 3278      4E73E961 
 3278      4C7C
 3279 0e33 ED8C7303 		.ascii	"\355\214s\003Av\212m\014\203\342\347)|E\351\2340\334"
 3279      41768A6D 
 3279      0C83E2E7 
ARM GAS  C:\Users\acest\AppData\Local\Temp\ccGG6LYR.s 			page 114


 3279      297C45E9 
 3279      9C30DC
 3280 0e46 3231B8BC 		.ascii	"21\270\274\246.?\317\022\344\035\313E\012\227\270\276"
 3280      A62E3FCF 
 3280      12E41DCB 
 3280      450A97B8 
 3280      BE
 3281 0e57 0EA5AC95 		.ascii	"\016\245\254\225a\201\374\215\367;\226K\001Uk57\240"
 3281      6181FC8D 
 3281      F73B964B 
 3281      01556B35 
 3281      37A0
 3282 0e69 6EF692DC 		.ascii	"n\366\222\334\210\300w,\227}\010\305\032\016\350\026"
 3282      88C0772C 
 3282      977D08C5 
 3282      1A0EE816 
 3283 0e79 346407B6 		.ascii	"4d\007\266\012.\272#}\345\202\260@\333o\370\254\336"
 3283      0A2EBA23 
 3283      7DE582B0 
 3283      40DB6FF8 
 3283      ACDE
 3284 0e8b 8E20BC81 		.ascii	"\216 \274\201\303\217\234\254\277\347\227\036\267(t"
 3284      C38F9CAC 
 3284      BFE7971E 
 3284      B72874
 3285 0e9a A9E9F195 		.ascii	"\251\351\361\225\340\274\265\247\326\340\013\272\255"
 3285      E0BCB5A7 
 3285      D6E00BBA 
 3285      AD
 3286 0ea7 8310D0B7 		.ascii	"\203\020\320\267\"k\235Q\317\217;z\257\335es\337-\306"
 3286      226B9D51 
 3286      CF8F3B7A 
 3286      AFDD6573 
 3286      DF2DC6
 3287 0eba 627AFC7C 		.ascii	"bz\374| ;D\237\373\232\012\225\271\257\005\240\0337"
 3287      203B449F 
 3287      FB9A0A95 
 3287      B9AF05A0 
 3287      1B37
 3288 0ecc 2B01F351 		.ascii	"+\001\363Q\3004t\213\243\320\211\373\024\356Q\350Q\307"
 3288      C034748B 
 3288      A3D089FB 
 3288      14EE51E8 
 3288      51C7
 3289 0ede EAF11A31 		.ascii	"\352\361\0321\261\335\345\223_o\320%W\2432A\336\345"
 3289      B1DDE593 
 3289      5F6FD025 
 3289      57A33241 
 3289      DEE5
 3290 0ef0 136DAF7F 		.ascii	"\023m\257\177Z\261\207[u7/Z\002\347\276\333A\224\322"
 3290      5AB1875B 
 3290      75372F5A 
 3290      02E7BEDB 
 3290      4194D2
 3291 0f03 1E8C5F66 		.ascii	"\036\214_f\270D\347\2053\311\335\327\362Z-\226K\001"
 3291      B844E785 
 3291      33C9DDD7 
ARM GAS  C:\Users\acest\AppData\Local\Temp\ccGG6LYR.s 			page 115


 3291      F25A2D96 
 3291      4B01
 3292 0f15 BB9447D4 		.ascii	"\273\224G\324g\227b:\265%?\223\257~\305\\\351)\037\276"
 3292      6797623A 
 3292      B5253F93 
 3292      AF7EC55C 
 3292      E9291FBE 
 3293 0f29 D0C3E7CA 		.ascii	"\320\303\347\312>\254kX\037\374\347\240\016V\033\013"
 3293      3EAC6B58 
 3293      1FFCE7A0 
 3293      0E561B0B 
 3294 0f39 D1EEA588 		.ascii	"\321\356\245\210yL\341!\307\250\011\243,\337\024\203"
 3294      794CE121 
 3294      C7A809A3 
 3294      2CDF1483 
 3295 0f49 BF29C155 		.ascii	"\277)\301U\312\226k\360\200\243Pm?\205gXo\324%B\227"
 3295      CA966BF0 
 3295      80A3506D 
 3295      3F856758 
 3295      6FD42542 
 3296 0f5e 12814E0A 		.ascii	"\022\201N\012\3279\304\177\211K\227sovL_uH{\277\247"
 3296      D739C47F 
 3296      894B9773 
 3296      6F764C5F 
 3296      75487BBF 
 3297 0f73 D33E0F42 		.ascii	"\323>\017B+\036\317\000-\305P\354\306v\210\021\030\016"
 3297      2B1ECF00 
 3297      2DC550EC 
 3297      C6768811 
 3297      180E
 3298 0f85 562F9DC3 		.ascii	"V/\235\303\372\231uM\2432\217\244\023H\223a\272\034"
 3298      FA99754D 
 3298      A3328FA4 
 3298      13489361 
 3298      BA1C
 3299 0f97 A0548FF7 		.ascii	"\240T\217\367\000e.A*"
 3299      00652E41 
 3299      2A
 3300 0fa0 87A19E0C 		.ascii	"\207\241\236\014\031\322ee\377]\277\371s\306\"V\003"
 3300      19D26565 
 3300      FF5DBFF9 
 3300      73C62256 
 3300      03
 3301 0fb1 78DB374E 		.ascii	"x\3337N\264\201\033>g\347\211\032\357\027\223\012\341"
 3301      B4811B3E 
 3301      67E7891A 
 3301      EF17930A 
 3301      E1
 3302 0fc2 0C7F427A 		.ascii	"\014\177Bz\016M\275\200\355\016\027\233\177\277\360"
 3302      0E4DBD80 
 3302      ED0E179B 
 3302      7FBFF0
 3303 0fd1 5E78D8A5 		.ascii	"^x\330\245\227\354\330pxo/\250\230a\036\036\331\301"
 3303      97ECD870 
 3303      786F2FA8 
 3303      98611E1E 
 3303      D9C1
ARM GAS  C:\Users\acest\AppData\Local\Temp\ccGG6LYR.s 			page 116


 3304 0fe3 B2B6BB63 		.ascii	"\262\266\273c\333he\2013[\206Y2\314\221\277\256@eq\020"
 3304      DB686581 
 3304      335B8659 
 3304      32CC91BF 
 3304      AE406571 
 3305 0ff8 EACFE6CA 		.ascii	"\352\317\346\3127\017\342\017"
 3305      370FE20F 
 3306 1000 17CB7AB7 		.ascii	"\027\313z\267[\002+T\216\0176\217\016)\364t\235\032"
 3306      5B022B54 
 3306      8E0F368F 
 3306      0E29F474 
 3306      9D1A
 3307 1012 A4ED9744 		.ascii	"\244\355\227D\336\344\236}S\311\233+\270\244\300E\261"
 3307      DEE49E7D 
 3307      53C99B2B 
 3307      B8A4C045 
 3307      B1
 3308 1023 ACE5C433 		.ascii	"\254\345\3043\342\227\023E\0046\020\276\263\234\307"
 3308      E2971345 
 3308      043610BE 
 3308      B39CC7
 3309 1032 7917C8B0 		.ascii	"y\027\310\260P\206\\\031\026\3130_\206%2,\222a\251\022"
 3309      50865C19 
 3309      16CB305F 
 3309      8625322C 
 3309      9261A912 
 3310 1046 E6D20665 		.ascii	"\346\322\006e\033\320J\241\231\363jol\251>\243\255,"
 3310      1BD04AA1 
 3310      99F36A6F 
 3310      6CA93EA3 
 3310      AD2C
 3311 1058 16335AA6 		.ascii	"\0263Z\246\014\036\231\201D\234\275\227f\233\030\204"
 3311      0C1E9981 
 3311      449CBD97 
 3311      669B1884 
 3312 1068 25ED0B0A 		.ascii	"%\355\013\012\3278\221H\"\357\244-\275\240\360\324\341"
 3312      D7389148 
 3312      22EFA42D 
 3312      BDA0F0D4 
 3312      E1
 3313 1079 E2929B27 		.ascii	"\342\222\233'\246=e5\243\014\333J\305\242\013\024\316"
 3313      A63D6535 
 3313      A30CDB4A 
 3313      C5A20B14 
 3313      CE
 3314 108a 055A2496 		.ascii	"\005Z$\226\006\347\032E\216\035\247P\357\203\331\244"
 3314      06E71A45 
 3314      8E1DA750 
 3314      EF83D9A4 
 3315 109a 45A3E766 		.ascii	"E\243\347f\261\300\314\225a\246\354\215\331H\264i8\257"
 3315      B1C0CC95 
 3315      61A6EC8D 
 3315      D948B469 
 3315      38AF
 3316 10ac B6BBDB14 		.ascii	"\266\273\333\024\031\020\273\007_\037;\024^x&gO\330"
 3316      1910BB07 
 3316      5F1F3B14 
ARM GAS  C:\Users\acest\AppData\Local\Temp\ccGG6LYR.s 			page 117


 3316      5E782667 
 3316      4FD8
 3317 10be 9BECB167 		.ascii	"\233\354\261g\337\375y\333\336\237\357Y\205[\304e2\254"
 3317      DFFD79DB 
 3317      DE9FEF59 
 3317      855BC465 
 3317      32AC
 3318 10d0 E74F9704 		.ascii	"\347O\227\004\025.\337\211\364\321\376\010\204\247\266"
 3318      152EDF89 
 3318      F4D1FE08 
 3318      84A7B6
 3319 10df 9E3DE755 		.ascii	"\236=\347U0\353\364\321\230\307tI\364\366\240\240\257"
 3319      30EBF4D1 
 3319      98C77449 
 3319      F4F6A0A0 
 3319      AF
 3320 10f0 18F30E6F 		.ascii	"\030\363\016o\356\210\010\362\200x%\346\320\012Yy\211"
 3320      EE8808F2 
 3320      807825E6 
 3320      D00A5979 
 3320      89
 3321 1101 D83EAB32 		.ascii	"\330>\2532Sy\211xP\306[\220/\213J\015\005\354X{\353"
 3321      53798978 
 3321      50C65B90 
 3321      2F8B4A0D 
 3321      05EC587B 
 3322 1116 F63AABFF 		.ascii	"\366:\253\377\233\366\034\022+\376\252\257\371K\002"
 3322      9BF61C12 
 3322      2BFEAAAF 
 3322      F94B02
 3323 1125 D27439A7 		.ascii	"\322t9\247\314\353\025\307*=\210\253e\016\330u\367Y"
 3323      CCEB15C7 
 3323      2A3D88AB 
 3323      650ED875 
 3323      F759
 3324 1137 6988F606 		.ascii	"i\210\366\006\013\327\004\352\3755H<\012F\263?\355("
 3324      0BD704EA 
 3324      FD35483C 
 3324      0A46B33F 
 3324      ED28
 3325 1149 7C524187 		.ascii	"|RA\207\210\030\377\021\356\350o$\012e\016\023k\011"
 3325      8818FF11 
 3325      EEE86F24 
 3325      0A650E13 
 3325      6B09
 3326 115b 032237EC 		.ascii	"\003\"7\354\235y\314\034\214l\035'[+s\244\221\227\240"
 3326      9D79CC1C 
 3326      8C6C1D27 
 3326      5B2B73A4 
 3326      9197A0
 3327 116e F7D8E3EB 		.ascii	"\367\330\343\353+\327\253#\274\2317`\360e\266K\223\271"
 3327      2BD7AB23 
 3327      BC993760 
 3327      F065B64B 
 3327      93B9
 3328 1180 0C7F9CF2 		.ascii	"\014\177\234\362\344\306=\263\356A\206>\3247\"\200>"
 3328      E4C63DB3 
ARM GAS  C:\Users\acest\AppData\Local\Temp\ccGG6LYR.s 			page 118


 3328      EE41863E 
 3328      D4372280 
 3328      3E
 3329 1191 1924D199 		.ascii	"\031$\321\231\021\0148\273\272&\337\300\2047\013\301"
 3329      110C38BB 
 3329      BA26DFC0 
 3329      84370BC1 
 3330 11a1 DC99A7DE 		.ascii	"\334\231\247\336\345\335\200\033d\326\015_\315Y\226"
 3330      E5DD801B 
 3330      64D60D5F 
 3330      CD5996
 3331 11b0 650CD20D 		.ascii	"e\014\322\015%\250\253X\355\206\266'\333\236\276U\223"
 3331      25A8AB58 
 3331      ED86B627 
 3331      DB9EBE55 
 3331      93
 3332 11c1 EE29F278 		.ascii	"\356)\362xr\353\010\336\203M\242\037`\213\014[\331\231"
 3332      72EB08DE 
 3332      834DA21F 
 3332      608B0C5B 
 3332      D999
 3333 11d3 DA132B86 		.ascii	"\332\023+\206\322+\021B\250\357\376\211sc\252\205\320"
 3333      D22B1142 
 3333      A8EFFE89 
 3333      7363AA85 
 3333      D0
 3334 11e4 2FD8CB93 		.ascii	"/\330\313\223R\265\357\266\311x\254JtE\321\356@K9\303"
 3334      52B5EFB6 
 3334      C978AC4A 
 3334      7445D1EE 
 3334      404B39C3 
 3335 11f8 9992DE25 		.ascii	"\231\222\336%\306r\361\3165\355\007\354\345\014lW\364"
 3335      C672F1CE 
 3335      35ED07EC 
 3335      E50C6C57 
 3335      F4
 3336 1209 EE9061A7 		.ascii	"\356\220a\247\214g*\313\354\241\364iD\320<\273\274k"
 3336      8C672ACB 
 3336      ECA1F469 
 3336      44D03CBB 
 3336      BC6B
 3337 121b 5B914173 		.ascii	"[\221As\360\260\376\244\177\017\012\357VT\225\265\317"
 3337      F0B0FEA4 
 3337      7F0F0AEF 
 3337      565495B5 
 3337      CF
 3338 122c 2ACB322A 		.ascii	"*\3132*\246\356\221a\227jj\031;V\225\224\015\245\271"
 3338      A6EE9161 
 3338      976A6A19 
 3338      3B569594 
 3338      0DA5B9
 3339 123f 8355E77A 		.ascii	"\203U\347zO\3738\267W\225\330'\343\261*\2216\224.\037"
 3339      4FFB38B7 
 3339      5795D827 
 3339      E3B12A91 
 3339      36942E1F 
 3340 1253 FC32E7B6 		.ascii	"\3742\347\266-\360s\256\\q\256\002\313\240\214g\332"
ARM GAS  C:\Users\acest\AppData\Local\Temp\ccGG6LYR.s 			page 119


 3340      2DF073AE 
 3340      5C71AE02 
 3340      CBA08C67 
 3340      DA
 3341 1264 5BCAA174 		.ascii	"[\312\241t-gi\273z\357\276\305wu\353\373\227>9\317\347"
 3341      2D6769BB 
 3341      7AEFBEC5 
 3341      7775EBFB 
 3341      973E39CF 
 3342 1279 8CD3B3E2 		.ascii	"\214\323\263\342\200\236\327U\242\367{\253;\216\213"
 3342      809ED755 
 3342      A2F77BAB 
 3342      3B8E8B
 3343 1288 F7FA5532 		.ascii	"\367\372U28\350n\306j\3307kg\241,\236 \232\011\034\226"
 3343      38E86EC6 
 3343      6AD8376B 
 3343      67A12C9E 
 3343      209A091C 
 3344 129d D3D8FBC7 		.ascii	"\323\330\373\307\303r\025{\2328=Ly8X\315.\241:\031\016"
 3344      C372157B 
 3344      9A383D4C 
 3344      793858CD 
 3344      2EA13A19 
 3345 12b2 C94874B8 		.ascii	"\311Ht\270x\321=\375\375\331aY\213\352\021\004\035\324"
 3345      78D13DFD 
 3345      FDD96159 
 3345      8BEA1104 
 3345      1DD4
 3346 12c4 876FBF36 		.ascii	"\207o\2776|\207\343-\250T\243T\313\216U\377:\206\"\343"
 3346      7C87E32D 
 3346      A854A354 
 3346      CB8E55FF 
 3346      3A8622E3 
 3347 12d8 D39E81F9 		.ascii	"\323\236\201\371^\017\000\263\274\036\300\013\333\353"
 3347      5E0F00B3 
 3347      BC1EC00B 
 3347      DBEB
 3348 12e6 D20ACE78 		.ascii	"\322\012\316x\001.\353/\370\353\005\340h[\351S\257?"
 3348      012EEB2F 
 3348      F8EB05E0 
 3348      685BE953 
 3348      AF3F
 3349 12f8 73CAD619 		.ascii	"s\312\326\031\216\012\300\355m\317\322\275\036\333\337"
 3349      8E0AC0ED 
 3349      6DCFD2BD 
 3349      1EDBDF
 3350 1307 D3198E71 		.ascii	"\323\031\216q\200\251`\301\266z\223\262\253\366\235"
 3350      80A960C1 
 3350      B67A93B2 
 3350      ABF69D
 3351 1316 7AE71268 		.ascii	"z\347\022h\340\245\263\011\367\0142\034\227\225\367"
 3351      E0A5B309 
 3351      F70C321C 
 3351      9795F7
 3352 1325 16CD77AB 		.ascii	"\026\315w\253\232\224\305_:\337[7\310\376\213?V\374"
 3352      9A94C55F 
 3352      3ADF5B37 
ARM GAS  C:\Users\acest\AppData\Local\Temp\ccGG6LYR.s 			page 120


 3352      C8FE8B3F 
 3352      56FC
 3353 1337 5F603F9B 		.ascii	"_`?\233\303\330+;\234J\374!b6\352yrOf3\241XN7\310~\313"
 3353      C3D82B3B 
 3353      9C4AFC21 
 3353      6236EA79 
 3353      724F6633 
 3354 1352 6934BFB6 		.ascii	"i4\277\266\240\356nX\340\252`^\020\323\330k\2735W\275"
 3354      A0EE6E58 
 3354      E0AA605E 
 3354      10D3D86B 
 3354      BB3557BD 
 3355 1366 C3D5AC2B 		.ascii	"\303\325\254+=!\242\221q\251\377\015\375\3762\375\376"
 3355      3D21A291 
 3355      71A9FF0D 
 3355      FDFE32FD 
 3355      FE
 3356 1377 49717FC7 		.ascii	"Iq\177\307\312\316T\257\267;^V\267\010\200\247\276\262"
 3356      CACE54AF 
 3356      B73B5E56 
 3356      B70880A7 
 3356      BEB2
 3357 1389 DDA20316 		.ascii	"\335\242\003\026\351\361>%\000\217\332\367\326R\035"
 3357      E9F13E25 
 3357      008FDAF7 
 3357      D6521D
 3358 1398 705E8FF7 		.ascii	"p^\217\367i\001Ho\2741\333\253\016\257\320\031\316\260"
 3358      6901486F 
 3358      BC31DBAB 
 3358      0EAFD019 
 3358      CEB0
 3359 13aa 2A56C193 		.ascii	"*V\301\223\276\366Q\363^K\260W\277\2552\177W\313\307"
 3359      BEF651F3 
 3359      5E4BB057 
 3359      BFAD327F 
 3359      57CBC7
 3360 13bd EFCEF527 		.ascii	"\357\316\365'w\201\226i\2552\234U3\355\034;V3\2554\212"
 3360      77819669 
 3360      AD329C55 
 3360      33ED1C3B 
 3360      5633AD34 
 3361 13d2 7A5EE38F 		.ascii	"z^\343\217\2702\033\236\207i\244\013t\322\363:)vn\317"
 3361      B8321B9E 
 3361      8769A40B 
 3361      74D2F33A 
 3361      29766ECF 
 3362 13e6 D9616AD9 		.ascii	"\331aj\331C\3731\313U\3266v\254\262\256\215B\306\233"
 3362      43FB31CB 
 3362      55D63676 
 3362      ACB2AE8D 
 3362      42C69B
 3363 13f9 67DB8E78 		.ascii	"g\333\216x=.\357\327\235\275 \234=6\363i\252W\311^\253"
 3363      3D2EEFD7 
 3363      9DBD209C 
 3363      3D36F369 
 3363      AA57C95E 
 3364 140e 3BDBCEBA 		.ascii	";\333\316\272\354\375\221#Gy\377\3770.~b\374xw\212-"
ARM GAS  C:\Users\acest\AppData\Local\Temp\ccGG6LYR.s 			page 121


 3364      ECFD9123 
 3364      4779FFFF 
 3364      302E7E62 
 3364      FC78778A 
 3365 1423 DE312A86 		.ascii	"\3361*\206\035;\\c\307\214\0313\312\341\032\345t\217"
 3365      1D3B5C63 
 3365      C78C1933 
 3365      CAE11AE5 
 3365      748F
 3366 1435 723963F0 		.ascii	"r9c\360j\214#\31162\306\364\361\247_\014\373p\314\217"
 3366      6A8C23C9 
 3366      3632C6F4 
 3366      F1A75F0C 
 3366      FB70CC8F 
 3367 1449 A521EA95 		.ascii	"\245!\352\225\221\223\336\177\317:\361\3551c%\243;\331"
 3367      9193DE7F 
 3367      CF3AF1ED 
 3367      316325A3 
 3367      3BD9
 3368 145b 19EF8876 		.ascii	"\031\357\210v\017a7\342\335\361\216\244\350\311Vg\274"
 3368      0F6137E2 
 3368      DDF18EA4 
 3368      E8C95667 
 3368      BC
 3369 146c 7562823D 		.ascii	"ub\202=\344\317)\366\024\273\234d\237\3526\305\304E"
 3369      E4CF29F6 
 3369      14BB9C64 
 3369      9FEA36C5 
 3369      C445
 3370 147e F3338B7A 		.ascii	"\3633\213z\020\355\226\223\235\366\311o\307|0\201+w"
 3370      10ED9693 
 3370      9DF6C96F 
 3370      C77C3081 
 3370      2B77
 3371 1490 71432678 		.ascii	"qC&x\0312\301\341\232\340tO\210O\212IH\261\331\361N"
 3371      1932C1E1 
 3371      9AE0744F 
 3371      884F8A49 
 3371      48B1D9F1 
 3372 14a5 02825C23 		.ascii	"\002\202\\#\343\244\261\257 \303\315\215\223\242\002"
 3372      E3A4B1AF 
 3372      20C3CD8D 
 3372      93A202
 3373 14b4 AD8B7687 		.ascii	"\255\213v\207\273\246\271\342\223\334v\347dkB\264\233"
 3373      BBA6B9E2 
 3373      93DC76E7 
 3373      646B42B4 
 3373      9B
 3374 14c5 8E795732 		.ascii	"\216yW2[\235\211\223\177l\177+Q\262\3048\234n\373\324"
 3374      5B9D8993 
 3374      7F6C7F2B 
 3374      51B2C438 
 3374      9C6EFBD4 
 3375 14d9 B712DF61 		.ascii	"\267\022\337aNG\273\260q?\343\223\\v\247\373U,@Qf\301"
 3375      4E47BBB0 
 3375      713FE393 
 3375      5C76A7FB 
ARM GAS  C:\Users\acest\AppData\Local\Temp\ccGG6LYR.s 			page 122


 3375      552C4051 
 3376 14ef E098B80F 		.ascii	"\340\230\270\017\321\206\177\237\370'{\214\373\223\244"
 3376      D1867F9F 
 3376      F8277B8C 
 3376      FB93A4
 3377 14fe 78F70F3F 		.ascii	"x\367\017?\374`\302\027H\346\232`\215\261\273\334\023"
 3377      FC60C217 
 3377      48E69A60 
 3377      8DB1BBDC 
 3377      13
 3378 150f 7E66777D 		.ascii	"~fw}\351v$O\370|\344OF~8\362\243\011N\274\214:\035\014"
 3378      E976244F 
 3378      F87CE44F 
 3378      467E38F2 
 3378      A3094EBC 
 3379 1527 2F7DF037 		.ascii	"/}\3607\367\235\024&\024\217\217\217M\262&\204{\237"
 3379      F79D1426 
 3379      148F8F8F 
 3379      4DB22684 
 3379      7B9F
 3380 1539 7CA2D8F4 		.ascii	"|\242\330\364S\247\303j\213\261\272\334\237D\370]\010"
 3380      53A7C36A 
 3380      8BB1BADC 
 3380      9F44F85D 
 3380      08
 3381 154a 15E7BFB3 		.ascii	"\025\347\277\263\306\273\307\207$\272b\243\335\026\375"
 3381      C6BBC787 
 3381      24BA62A3 
 3381      DD16FD
 3382 1559 CA10FDF0 		.ascii	"\312\020\375\360\267\361\211vG\212{\374k\001\227P\373"
 3382      B7F18976 
 3382      478A7BFC 
 3382      6B019750 
 3382      FB
 3383 156a F898B8DF 		.ascii	"\370\230\270\337Y\277\264\247$\2177c\024\335qN\273\325"
 3383      59BFB4A7 
 3383      248F3763 
 3383      14DD714E 
 3383      BBD5
 3384 157c 66123FD1 		.ascii	"f\022?\321L\003\336\377\034\217\2471s\3701F\314nKI\260"
 3384      4C03DEFF 
 3384      1C8FA731 
 3384      73F83146 
 3384      CC6E4B49 
 3385 1591 8F4765BF 		.ascii	"\217Ge\277vO\375\225#\346\313\361,\201\022S\260G\214"
 3385      764FFD95 
 3385      23E6CBF1 
 3385      2C811253 
 3385      B0478C
 3386 15a4 FC3BDA3D 		.ascii	"\374;\332=\346\025\272 \321=\025{ \234\323\177\354\030"
 3386      E615BA20 
 3386      D13D157B 
 3386      209CD37F 
 3386      EC18
 3387 15b6 9F60B727 		.ascii	"\237`\267'\2177\271]n\253\033\263 \214+\371\")\201\251"
 3387      8F37B95D 
 3387      6EAB1BB3 
ARM GAS  C:\Users\acest\AppData\Local\Temp\ccGG6LYR.s 			page 123


 3387      208C2BF9 
 3387      222981A9 
 3388 15ca 89F2C6A8 		.ascii	"\211\362\306\250^\321\230\270\321\226D+\246\212\260"
 3388      5ED198B8 
 3388      D196442B 
 3388      A68AB0
 3389 15d9 1DBF1258 		.ascii	"\035\277\022X2\030\221\227\345\244\311\236l\307\354"
 3389      32189197 
 3389      E5A4C99E 
 3389      6CC7EC
 3390 15e8 4A8A0DB5 		.ascii	"J\212\015\265O\266'\271\023\255\256/\243\335&\014\027"
 3390      4FB627B9 
 3390      13ADAE2F 
 3390      A3DD260C 
 3390      17
 3391 15f9 4F74E314 		.ascii	"Ot\343\024\214\006\3364\242\007\014mV~\243\335\220b"
 3391      8C06DE34 
 3391      A2070C6D 
 3391      567EA3DD 
 3391      9062
 3392 160b B04F6168 		.ascii	"\260Oah\303\0247R%\343\217\313\236\230\034\306\362\315"
 3392      C3143752 
 3392      25E38FCB 
 3392      9E981CC6 
 3392      F2CD
 3393 161d 9E684D8E 		.ascii	"\236hM\216s8\355F\027ct\305\206Lq\273\235\311C\224\260"
 3393      7338ED46 
 3393      176374C5 
 3393      864C71BB 
 3393      9DC94394 
 3394 1632 39ED93EC 		.ascii	"9\355\223\354N{\022&\210\033\205\034\023\377\224l\262"
 3394      4E7B1226 
 3394      881B851C 
 3394      13FF946C 
 3394      B2
 3395 1643 4F8D77C7 		.ascii	"O\215w\3078lv\203\3236\015\361?z\205\3608xN\262\221"
 3395      386C7683 
 3395      D3360DF1 
 3395      3F7A85F0 
 3395      38784EB2 
 3396 1658 2523B1CB 		.ascii	"%#\261\313\350f\337\321\356\220I\011\326X<KDV<\343\341"
 3396      E866DFD1 
 3396      EE904909 
 3396      D6583C4B 
 3396      44563CE3 
 3397 166d 324CB14E 		.ascii	"2L\261N\264\272\354\026\227\373Kk\002&\021\216\342$"
 3397      B4BAEC16 
 3397      97FB4B6B 
 3397      0226118E 
 3397      E224
 3398 167f 6BA25D8E 		.ascii	"k\242]\216\211\263:C\034S\222\354\316Ah\275\303\305"
 3398      89B33A43 
 3398      1C5392EC 
 3398      CE4168BD 
 3398      C3C5
 3399 1691 C689DB8A 		.ascii	"\306\211\333\212\006\206{\035\243\261N\036\022\032\343"
 3399      06867B1D 
ARM GAS  C:\Users\acest\AppData\Local\Temp\ccGG6LYR.s 			page 124


 3399      A3B14E1E 
 3399      121AE3
 3400 16a0 9E8AAA62 		.ascii	"\236\212\252b]\206\004g\264}j\214)\005c\373\366X\034"
 3400      5D860467 
 3400      B47D6A8C 
 3400      290563FB 
 3400      F6581C
 3401 16b3 83CE3163 		.ascii	"\203\3161c\260\215&\316\367\211\363=\342\3741q\276K"
 3401      B08D26CE 
 3401      F789F33D 
 3401      E2FC3171 
 3401      BE4B
 3402 16c5 9C3F22CE 		.ascii	"\234?\"\316w\214L-\006=4\031\307%2\272\221b\334_\366"
 3402      778C4C2D 
 3402      063D3419 
 3402      C72532BA 
 3402      9162DC5F 
 3403 16da 31C69198 		.ascii	"1\306\221\230\350H\232\300\004p\214\261\201\375V\342"
 3403      E8489AC0 
 3403      04708CB1 
 3403      81FD56E2 
 3404 16ea 5BD60437 		.ascii	"[\326\0047\257\012N;\272K\\\311\202\017+\024\362\205"
 3404      AF0A4E3B 
 3404      BA4B5CC9 
 3404      820F2B14 
 3404      F285
 3405 16fc F1631C36 		.ascii	"\361c\0346\230`n\032gs\032\222\271\271\257)\203\337"
 3405      98606E1A 
 3405      67731A92 
 3405      B9B9AF29 
 3405      83DF
 3406 170e 19EF9E26 		.ascii	"\031\357\236&\212Wd\300\025^\316\342\0352\353\331\220"
 3406      8A5764C0 
 3406      155ECEE2 
 3406      1D32EBD9 
 3406      90
 3407 171f C4648723 		.ascii	"\304d\207#\301\200D\223\342c\207\372\306#Z\\\215\012"
 3407      C1804493 
 3407      E26387FA 
 3407      C6235A5C 
 3407      8D0A
 3408 1731 BC840CCE 		.ascii	"\274\204\014\316I1),M\330\257\314\022#\224\035E\213"
 3408      4931292C 
 3408      4DD8AFCC 
 3408      1223941D 
 3408      458B
 3409 1743 847A959A 		.ascii	"\204z\225\232\303\304\320?\003\027w\033\231\273\321"
 3409      C3C4D03F 
 3409      0317771B 
 3409      99BBD1
 3410 1752 F136B3F2 		.ascii	"\3616\263\362\213W0\370\314\322P\246\314\036\213G\316"
 3410      8B5730F8 
 3410      CCD250A6 
 3410      CC1E8B47 
 3410      CE
 3411 1763 6916F500 		.ascii	"i\026\365\000\273i\262\233\347u\002\226\0007\016\002"
 3411      BB69B29B 
ARM GAS  C:\Users\acest\AppData\Local\Temp\ccGG6LYR.s 			page 125


 3411      E7750296 
 3411      00370E02 
 3412 1773 33164AF6 		.ascii	"3\026J\366\213Y`c7p$E\333\354\011n+O\344\010\2373\206"
 3412      8B596063 
 3412      37702445 
 3412      DBEC096E 
 3412      2B4FE408 
 3413 178a 6127AFE3 		.ascii	"a'\257\343\325\311\361Nw\012\253\255(\353t\211\354g"
 3413      D5C9F14E 
 3413      770AABAD 
 3413      28EB7489 
 3413      EC67
 3414 179c 9CE87762 		.ascii	"\234\350wb2\357\364w\337\211v\017\015\002C\026\247\252"
 3414      32EFF477 
 3414      DF89760F 
 3414      0D024316 
 3414      A7AA
 3415 17ae 8965FC34 		.ascii	"\211e\3744~\325\030\223\342\304\264w\207\351\2270gl"
 3415      7ED51893 
 3415      E2C4B477 
 3415      87E99730 
 3415      676C
 3416 17c0 13639909 		.ascii	"\023c\231\011\314F{\"Z21%\326\234lM"
 3416      CC467B22 
 3416      5A323125 
 3416      D69C6C4D 
 3417 17d0 8A8F89C6 		.ascii	"\212\217\211\306q\360*\363\013\027\305\260\015\362\246"
 3417      71F02AF3 
 3417      0B17C5B0 
 3417      0DF2A6
 3418 17df 7AB54A83 		.ascii	"z\265J\203\222\242\322(Y\021\217\205><\032\207\263;"
 3418      92A2D228 
 3418      59118F85 
 3418      3E3C1A87 
 3418      B33B
 3419 17f1 FAA73F19 		.ascii	"\372\247?\031\377\321g\237\177\022nM\230b\235\306z?"
 3419      FFD1679F 
 3419      7F126E4D 
 3419      98629DC6 
 3419      7A3F
 3420 1803 213EC9FE 		.ascii	"!>\311\376\253\277*\2051\035Y\002O\210It\305\263\213"
 3420      ABBF2A85 
 3420      311D5902 
 3420      4F884974 
 3420      C5B38B
 3421 1816 4EBBAE92 		.ascii	"N\273\256\222]\212\216\215\211A\265\254\226Ns\211J&"
 3421      5D8A8E8D 
 3421      8941B5AC 
 3421      964E7389 
 3421      4A26
 3422 1828 F23A851F 		.ascii	"\362:\205\037Gi\346L\212\237\344\300x&:&\333\315\034"
 3422      4769E64C 
 3422      8A9FE4C0 
 3422      78263A26 
 3422      DBCD1C
 3423 183b CC6AAB99 		.ascii	"\314j\253\231C\031\3605\015\230\344\300\000$\273\247"
 3423      4319F035 
ARM GAS  C:\Users\acest\AppData\Local\Temp\ccGG6LYR.s 			page 126


 3423      0D98E4C0 
 3423      0024BBA7 
 3424 184b 8544FF14 		.ascii	"\205D\377\024S\031\375\371m\234\355c\273{\274=a\322"
 3424      5319FDF9 
 3424      6D9CED63 
 3424      BB7BBC3D 
 3424      61D2
 3425 185d EF5FA5B4 		.ascii	"\357_\245\264\210z\305b2\204\227Y\344\370\024\275\371"
 3425      887AC562 
 3425      32849759 
 3425      E4F814BD 
 3425      F9
 3426 186e 35ABE1BF 		.ascii	"5\253\341\277\377?\350\317\216E"
 3426      FF3FE8CF 
 3426      8E45
 3427              		.text
 3428              		.section	.gnu.lto_.symtab.b3bf5414,"e",%progbits
 3429 0000 6368436F 		.ascii	"chCondObjectInit\000"
 3429      6E644F62 
 3429      6A656374 
 3429      496E6974 
 3429      00
 3430 0011 00       		.ascii	"\000"
 3431 0012 00       		.ascii	"\000"
 3432 0013 00       		.ascii	"\000"
 3433 0014 00000000 		.ascii	"\000\000\000\000\000\000\000\000"
 3433      00000000 
 3434 001c E3000000 		.ascii	"\343\000\000\000"
 3435 0020 6368436F 		.ascii	"chCondSignal\000"
 3435      6E645369 
 3435      676E616C 
 3435      00
 3436 002d 00       		.ascii	"\000"
 3437 002e 00       		.ascii	"\000"
 3438 002f 00       		.ascii	"\000"
 3439 0030 00000000 		.ascii	"\000\000\000\000\000\000\000\000"
 3439      00000000 
 3440 0038 E5000000 		.ascii	"\345\000\000\000"
 3441 003c 6368436F 		.ascii	"chCondSignalI\000"
 3441      6E645369 
 3441      676E616C 
 3441      4900
 3442 004a 00       		.ascii	"\000"
 3443 004b 00       		.ascii	"\000"
 3444 004c 00       		.ascii	"\000"
 3445 004d 00000000 		.ascii	"\000\000\000\000\000\000\000\000"
 3445      00000000 
 3446 0055 E7000000 		.ascii	"\347\000\000\000"
 3447 0059 6368436F 		.ascii	"chCondBroadcastI\000"
 3447      6E644272 
 3447      6F616463 
 3447      61737449 
 3447      00
 3448 006a 00       		.ascii	"\000"
 3449 006b 00       		.ascii	"\000"
 3450 006c 00       		.ascii	"\000"
 3451 006d 00000000 		.ascii	"\000\000\000\000\000\000\000\000"
ARM GAS  C:\Users\acest\AppData\Local\Temp\ccGG6LYR.s 			page 127


 3451      00000000 
 3452 0075 E9000000 		.ascii	"\351\000\000\000"
 3453 0079 6368436F 		.ascii	"chCondBroadcast\000"
 3453      6E644272 
 3453      6F616463 
 3453      61737400 
 3454 0089 00       		.ascii	"\000"
 3455 008a 00       		.ascii	"\000"
 3456 008b 00       		.ascii	"\000"
 3457 008c 00000000 		.ascii	"\000\000\000\000\000\000\000\000"
 3457      00000000 
 3458 0094 EB000000 		.ascii	"\353\000\000\000"
 3459 0098 6368436F 		.ascii	"chCondWaitS\000"
 3459      6E645761 
 3459      69745300 
 3460 00a4 00       		.ascii	"\000"
 3461 00a5 00       		.ascii	"\000"
 3462 00a6 00       		.ascii	"\000"
 3463 00a7 00000000 		.ascii	"\000\000\000\000\000\000\000\000"
 3463      00000000 
 3464 00af F3000000 		.ascii	"\363\000\000\000"
 3465 00b3 6368436F 		.ascii	"chCondWait\000"
 3465      6E645761 
 3465      697400
 3466 00be 00       		.ascii	"\000"
 3467 00bf 00       		.ascii	"\000"
 3468 00c0 00       		.ascii	"\000"
 3469 00c1 00000000 		.ascii	"\000\000\000\000\000\000\000\000"
 3469      00000000 
 3470 00c9 F5000000 		.ascii	"\365\000\000\000"
 3471 00cd 6368436F 		.ascii	"chCondWaitTimeoutS\000"
 3471      6E645761 
 3471      69745469 
 3471      6D656F75 
 3471      745300
 3472 00e0 00       		.ascii	"\000"
 3473 00e1 00       		.ascii	"\000"
 3474 00e2 00       		.ascii	"\000"
 3475 00e3 00000000 		.ascii	"\000\000\000\000\000\000\000\000"
 3475      00000000 
 3476 00eb FA000000 		.ascii	"\372\000\000\000"
 3477 00ef 6368436F 		.ascii	"chCondWaitTimeout\000"
 3477      6E645761 
 3477      69745469 
 3477      6D656F75 
 3477      7400
 3478 0101 00       		.ascii	"\000"
 3479 0102 00       		.ascii	"\000"
 3480 0103 00       		.ascii	"\000"
 3481 0104 00000000 		.ascii	"\000\000\000\000\000\000\000\000"
 3481      00000000 
 3482 010c FC000000 		.ascii	"\374\000\000\000"
 3483 0110 63683000 		.ascii	"ch0\000"
 3484 0114 00       		.ascii	"\000"
 3485 0115 02       		.ascii	"\002"
 3486 0116 00       		.ascii	"\000"
 3487 0117 00000000 		.ascii	"\000\000\000\000\000\000\000\000"
ARM GAS  C:\Users\acest\AppData\Local\Temp\ccGG6LYR.s 			page 128


 3487      00000000 
 3488 011f 1A020000 		.ascii	"\032\002\000\000"
 3489 0123 63685363 		.ascii	"chSchWakeupS\000"
 3489      6857616B 
 3489      65757053 
 3489      00
 3490 0130 00       		.ascii	"\000"
 3491 0131 02       		.ascii	"\002"
 3492 0132 00       		.ascii	"\000"
 3493 0133 00000000 		.ascii	"\000\000\000\000\000\000\000\000"
 3493      00000000 
 3494 013b 06010000 		.ascii	"\006\001\000\000"
 3495 013f 63685363 		.ascii	"chSchReadyI\000"
 3495      68526561 
 3495      64794900 
 3496 014b 00       		.ascii	"\000"
 3497 014c 02       		.ascii	"\002"
 3498 014d 00       		.ascii	"\000"
 3499 014e 00000000 		.ascii	"\000\000\000\000\000\000\000\000"
 3499      00000000 
 3500 0156 0A010000 		.ascii	"\012\001\000\000"
 3501 015a 63685363 		.ascii	"chSchRescheduleS\000"
 3501      68526573 
 3501      63686564 
 3501      756C6553 
 3501      00
 3502 016b 00       		.ascii	"\000"
 3503 016c 02       		.ascii	"\002"
 3504 016d 00       		.ascii	"\000"
 3505 016e 00000000 		.ascii	"\000\000\000\000\000\000\000\000"
 3505      00000000 
 3506 0176 0D010000 		.ascii	"\015\001\000\000"
 3507 017a 63684D74 		.ascii	"chMtxLockS\000"
 3507      784C6F63 
 3507      6B5300
 3508 0185 00       		.ascii	"\000"
 3509 0186 02       		.ascii	"\002"
 3510 0187 00       		.ascii	"\000"
 3511 0188 00000000 		.ascii	"\000\000\000\000\000\000\000\000"
 3511      00000000 
 3512 0190 16010000 		.ascii	"\026\001\000\000"
 3513 0194 63685363 		.ascii	"chSchGoSleepS\000"
 3513      68476F53 
 3513      6C656570 
 3513      5300
 3514 01a2 00       		.ascii	"\000"
 3515 01a3 02       		.ascii	"\002"
 3516 01a4 00       		.ascii	"\000"
 3517 01a5 00000000 		.ascii	"\000\000\000\000\000\000\000\000"
 3517      00000000 
 3518 01ad 1E010000 		.ascii	"\036\001\000\000"
 3519 01b1 63684D74 		.ascii	"chMtxUnlockS\000"
 3519      78556E6C 
 3519      6F636B53 
 3519      00
 3520 01be 00       		.ascii	"\000"
 3521 01bf 02       		.ascii	"\002"
ARM GAS  C:\Users\acest\AppData\Local\Temp\ccGG6LYR.s 			page 129


 3522 01c0 00       		.ascii	"\000"
 3523 01c1 00000000 		.ascii	"\000\000\000\000\000\000\000\000"
 3523      00000000 
 3524 01c9 20010000 		.ascii	" \001\000\000"
 3525 01cd 63685363 		.ascii	"chSchGoSleepTimeoutS\000"
 3525      68476F53 
 3525      6C656570 
 3525      54696D65 
 3525      6F757453 
 3526 01e2 00       		.ascii	"\000"
 3527 01e3 02       		.ascii	"\002"
 3528 01e4 00       		.ascii	"\000"
 3529 01e5 00000000 		.ascii	"\000\000\000\000\000\000\000\000"
 3529      00000000 
 3530 01ed 25010000 		.ascii	"%\001\000\000"
 3531              		.text
 3532              		.section	.gnu.lto_.ext_symtab.b3bf5414,"e",%progbits
 3533 0000 01       		.ascii	"\001"
 3534 0001 01       		.ascii	"\001"
 3535 0002 00       		.ascii	"\000"
 3536 0003 01       		.ascii	"\001"
 3537 0004 00       		.ascii	"\000"
 3538 0005 01       		.ascii	"\001"
 3539 0006 00       		.ascii	"\000"
 3540 0007 01       		.ascii	"\001"
 3541 0008 00       		.ascii	"\000"
 3542 0009 01       		.ascii	"\001"
 3543 000a 00       		.ascii	"\000"
 3544 000b 01       		.ascii	"\001"
 3545 000c 00       		.ascii	"\000"
 3546 000d 01       		.ascii	"\001"
 3547 000e 00       		.ascii	"\000"
 3548 000f 01       		.ascii	"\001"
 3549 0010 00       		.ascii	"\000"
 3550 0011 01       		.ascii	"\001"
 3551 0012 00       		.ascii	"\000"
 3552 0013 02       		.ascii	"\002"
 3553 0014 01       		.ascii	"\001"
 3554 0015 01       		.ascii	"\001"
 3555 0016 00       		.ascii	"\000"
 3556 0017 01       		.ascii	"\001"
 3557 0018 00       		.ascii	"\000"
 3558 0019 01       		.ascii	"\001"
 3559 001a 00       		.ascii	"\000"
 3560 001b 01       		.ascii	"\001"
 3561 001c 00       		.ascii	"\000"
 3562 001d 01       		.ascii	"\001"
 3563 001e 00       		.ascii	"\000"
 3564 001f 01       		.ascii	"\001"
 3565 0020 00       		.ascii	"\000"
 3566 0021 01       		.ascii	"\001"
 3567 0022 00       		.ascii	"\000"
 3568              		.text
 3569              		.section	.gnu.lto_.opts,"e",%progbits
 3570 0000 272D666E 		.ascii	"'-fno-openmp' '-fno-openacc' '-fno-pie' '-fcf-prote"
 3570      6F2D6F70 
 3570      656E6D70 
ARM GAS  C:\Users\acest\AppData\Local\Temp\ccGG6LYR.s 			page 130


 3570      2720272D 
 3570      666E6F2D 
 3571 0033 6374696F 		.ascii	"ction=none' '-g' '-mcpu=cortex-m4' '-mthumb' '-mflo"
 3571      6E3D6E6F 
 3571      6E652720 
 3571      272D6727 
 3571      20272D6D 
 3572 0066 61742D61 		.ascii	"at-abi=soft' '-mlibarch=armv7e-m' '-march=armv7e-m'"
 3572      62693D73 
 3572      6F667427 
 3572      20272D6D 
 3572      6C696261 
 3573 0099 20272D4F 		.ascii	" '-O2' '-fomit-frame-pointer' '-falign-functions=16"
 3573      32272027 
 3573      2D666F6D 
 3573      69742D66 
 3573      72616D65 
 3574 00cc 2720272D 		.ascii	"' '-ffunction-sections' '-fdata-sections' '-fno-com"
 3574      6666756E 
 3574      6374696F 
 3574      6E2D7365 
 3574      6374696F 
 3575 00ff 6D6F6E27 		.ascii	"mon' '-flto' '-Xassembler' '-alms=./build/lst/chcon"
 3575      20272D66 
 3575      6C746F27 
 3575      20272D58 
 3575      61737365 
 3576 0132 642E6C73 		.ascii	"d.lst'\000"
 3576      742700
 3577              		.text
 3578              		.comm	__gnu_lto_slim,1,1
 3579              		.ident	"GCC: (GNU Arm Embedded Toolchain 10.3-2021.10) 10.3.1 20210824 (release)"
ARM GAS  C:\Users\acest\AppData\Local\Temp\ccGG6LYR.s 			page 131


DEFINED SYMBOLS
                            *ABS*:00000000 chcond.c
C:\Users\acest\AppData\Local\Temp\ccGG6LYR.s:36     .gnu.debuglto_.debug_info:00000000 chcond.c.f98ab312
                            *COM*:00000001 __gnu_lto_slim

NO UNDEFINED SYMBOLS
