ARM GAS  C:\Users\acest\AppData\Local\Temp\cc8GEYkg.s 			page 1


   1              		.cpu cortex-m4
   2              		.arch armv7e-m
   3              		.fpu softvfp
   4              		.eabi_attribute 20, 1
   5              		.eabi_attribute 21, 1
   6              		.eabi_attribute 23, 3
   7              		.eabi_attribute 24, 1
   8              		.eabi_attribute 25, 1
   9              		.eabi_attribute 26, 1
  10              		.eabi_attribute 30, 2
  11              		.eabi_attribute 34, 1
  12              		.eabi_attribute 18, 4
  13              		.file	"chevents.c"
  14              		.file 1 "c:\\chibistudio\\tools\\gnu tools arm embedded\\10.3 2021.10\\arm-none-eabi\\include\\mac
  15              		.file 2 "c:\\chibistudio\\tools\\gnu tools arm embedded\\10.3 2021.10\\arm-none-eabi\\include\\sys
  16              		.file 3 "c:\\chibistudio\\chibios2111\\os\\common\\ports\\arm-common\\chtypes.h"
  17              		.file 4 "c:\\chibistudio\\chibios2111\\os\\rt\\include\\chearly.h"
  18              		.file 5 "c:\\chibistudio\\chibios2111\\os\\rt\\include\\chobjects.h"
  19              		.file 6 "c:\\chibistudio\\chibios2111\\os\\rt\\include\\chrfcu.h"
  20              		.file 7 "c:\\chibistudio\\chibios2111\\os\\rt\\include\\chdebug.h"
  21              		.file 8 "c:\\chibistudio\\chibios2111\\os\\rt\\include\\chtime.h"
  22              		.file 9 "c:\\chibistudio\\chibios2111\\os\\rt\\include\\chlists.h"
  23              		.file 10 "c:\\chibistudio\\chibios2111\\os\\common\\ports\\armv7-m-alt\\chcore.h"
  24              		.file 11 "c:\\chibistudio\\chibios2111\\os\\rt\\include\\chsem.h"
  25              		.file 12 "c:\\chibistudio\\chibios2111\\os\\rt\\include\\chmtx.h"
  26              		.file 13 "c:\\chibistudio\\chibios2111\\os\\rt\\include\\chevents.h"
  27              		.file 14 "../../../../../ChibiStudio/chibios2111/os/rt/src/chevents.c"
  28              		.file 15 "c:\\chibistudio\\chibios2111\\os\\rt\\include\\chsys.h"
  29              		.file 16 "c:\\chibistudio\\chibios2111\\os\\common\\ext\\arm\\cmsis\\core\\include\\cmsis_gcc.h"
  30              		.file 17 "c:\\chibistudio\\chibios2111\\os\\rt\\include\\chthreads.h"
  31              		.section	.gnu.debuglto_.debug_info,"e",%progbits
  32              	.Ldebug_info0:
  33              		.hidden	chevents.c.2da66f5c
  34              		.weak	chevents.c.2da66f5c
  35              	chevents.c.2da66f5c:
  36 0000 D60D0000 		.4byte	0xdd6
  37 0004 0400     		.2byte	0x4
  38 0006 00000000 		.4byte	.Ldebug_abbrev0
  39 000a 04       		.byte	0x4
  40 000b 01       		.uleb128 0x1
  41 000c F6020000 		.4byte	.LASF152
  42 0010 0C       		.byte	0xc
  43 0011 08070000 		.4byte	.LASF153
  44 0015 FD010000 		.4byte	.LASF154
  45 0019 00000000 		.4byte	.Ldebug_line0
  46 001d 02       		.uleb128 0x2
  47 001e 04       		.byte	0x4
  48 001f 05       		.byte	0x5
  49 0020 696E7400 		.ascii	"int\000"
  50 0024 03       		.uleb128 0x3
  51 0025 04       		.byte	0x4
  52 0026 07       		.byte	0x7
  53 0027 AA020000 		.4byte	.LASF0
  54 002b 03       		.uleb128 0x3
  55 002c 08       		.byte	0x8
  56 002d 05       		.byte	0x5
  57 002e B1010000 		.4byte	.LASF1
ARM GAS  C:\Users\acest\AppData\Local\Temp\cc8GEYkg.s 			page 2


  58 0032 03       		.uleb128 0x3
  59 0033 08       		.byte	0x8
  60 0034 04       		.byte	0x4
  61 0035 4E060000 		.4byte	.LASF2
  62 0039 03       		.uleb128 0x3
  63 003a 01       		.byte	0x1
  64 003b 06       		.byte	0x6
  65 003c 1B010000 		.4byte	.LASF3
  66 0040 04       		.uleb128 0x4
  67 0041 2E000000 		.4byte	.LASF7
  68 0045 01       		.byte	0x1
  69 0046 2B       		.byte	0x2b
  70 0047 18       		.byte	0x18
  71 0048 4C000000 		.4byte	0x4c
  72 004c 03       		.uleb128 0x3
  73 004d 01       		.byte	0x1
  74 004e 08       		.byte	0x8
  75 004f 7D050000 		.4byte	.LASF4
  76 0053 03       		.uleb128 0x3
  77 0054 02       		.byte	0x2
  78 0055 05       		.byte	0x5
  79 0056 BB050000 		.4byte	.LASF5
  80 005a 03       		.uleb128 0x3
  81 005b 02       		.byte	0x2
  82 005c 07       		.byte	0x7
  83 005d D4060000 		.4byte	.LASF6
  84 0061 04       		.uleb128 0x4
  85 0062 86060000 		.4byte	.LASF8
  86 0066 01       		.byte	0x1
  87 0067 4D       		.byte	0x4d
  88 0068 18       		.byte	0x18
  89 0069 6D000000 		.4byte	0x6d
  90 006d 03       		.uleb128 0x3
  91 006e 04       		.byte	0x4
  92 006f 05       		.byte	0x5
  93 0070 73010000 		.4byte	.LASF9
  94 0074 04       		.uleb128 0x4
  95 0075 29020000 		.4byte	.LASF10
  96 0079 01       		.byte	0x1
  97 007a 4F       		.byte	0x4f
  98 007b 19       		.byte	0x19
  99 007c 80000000 		.4byte	0x80
 100 0080 03       		.uleb128 0x3
 101 0081 04       		.byte	0x4
 102 0082 07       		.byte	0x7
 103 0083 C5020000 		.4byte	.LASF11
 104 0087 04       		.uleb128 0x4
 105 0088 31050000 		.4byte	.LASF12
 106 008c 01       		.byte	0x1
 107 008d 69       		.byte	0x69
 108 008e 19       		.byte	0x19
 109 008f 93000000 		.4byte	0x93
 110 0093 03       		.uleb128 0x3
 111 0094 08       		.byte	0x8
 112 0095 07       		.byte	0x7
 113 0096 95000000 		.4byte	.LASF13
 114 009a 04       		.uleb128 0x4
ARM GAS  C:\Users\acest\AppData\Local\Temp\cc8GEYkg.s 			page 3


 115 009b 73070000 		.4byte	.LASF14
 116 009f 02       		.byte	0x2
 117 00a0 18       		.byte	0x18
 118 00a1 13       		.byte	0x13
 119 00a2 40000000 		.4byte	0x40
 120 00a6 04       		.uleb128 0x4
 121 00a7 75050000 		.4byte	.LASF15
 122 00ab 02       		.byte	0x2
 123 00ac 2C       		.byte	0x2c
 124 00ad 13       		.byte	0x13
 125 00ae 61000000 		.4byte	0x61
 126 00b2 04       		.uleb128 0x4
 127 00b3 23060000 		.4byte	.LASF16
 128 00b7 02       		.byte	0x2
 129 00b8 30       		.byte	0x30
 130 00b9 14       		.byte	0x14
 131 00ba 74000000 		.4byte	0x74
 132 00be 04       		.uleb128 0x4
 133 00bf 25000000 		.4byte	.LASF17
 134 00c3 02       		.byte	0x2
 135 00c4 3C       		.byte	0x3c
 136 00c5 14       		.byte	0x14
 137 00c6 87000000 		.4byte	0x87
 138 00ca 05       		.uleb128 0x5
 139 00cb BE000000 		.4byte	0xbe
 140 00cf 04       		.uleb128 0x4
 141 00d0 33060000 		.4byte	.LASF18
 142 00d4 03       		.byte	0x3
 143 00d5 48       		.byte	0x48
 144 00d6 1D       		.byte	0x1d
 145 00d7 BE000000 		.4byte	0xbe
 146 00db 04       		.uleb128 0x4
 147 00dc 52040000 		.4byte	.LASF19
 148 00e0 04       		.byte	0x4
 149 00e1 50       		.byte	0x50
 150 00e2 19       		.byte	0x19
 151 00e3 CF000000 		.4byte	0xcf
 152 00e7 04       		.uleb128 0x4
 153 00e8 21040000 		.4byte	.LASF20
 154 00ec 04       		.byte	0x4
 155 00ed 53       		.byte	0x53
 156 00ee 19       		.byte	0x19
 157 00ef 9A000000 		.4byte	0x9a
 158 00f3 04       		.uleb128 0x4
 159 00f4 34020000 		.4byte	.LASF21
 160 00f8 04       		.byte	0x4
 161 00f9 54       		.byte	0x54
 162 00fa 19       		.byte	0x19
 163 00fb 9A000000 		.4byte	0x9a
 164 00ff 04       		.uleb128 0x4
 165 0100 4F050000 		.4byte	.LASF22
 166 0104 04       		.byte	0x4
 167 0105 55       		.byte	0x55
 168 0106 19       		.byte	0x19
 169 0107 9A000000 		.4byte	0x9a
 170 010b 04       		.uleb128 0x4
 171 010c 57050000 		.4byte	.LASF23
ARM GAS  C:\Users\acest\AppData\Local\Temp\cc8GEYkg.s 			page 4


 172 0110 04       		.byte	0x4
 173 0111 57       		.byte	0x57
 174 0112 19       		.byte	0x19
 175 0113 B2000000 		.4byte	0xb2
 176 0117 04       		.uleb128 0x4
 177 0118 E7030000 		.4byte	.LASF24
 178 011c 04       		.byte	0x4
 179 011d 58       		.byte	0x58
 180 011e 19       		.byte	0x19
 181 011f A6000000 		.4byte	0xa6
 182 0123 04       		.uleb128 0x4
 183 0124 59020000 		.4byte	.LASF25
 184 0128 04       		.byte	0x4
 185 0129 59       		.byte	0x59
 186 012a 19       		.byte	0x19
 187 012b A6000000 		.4byte	0xa6
 188 012f 04       		.uleb128 0x4
 189 0130 3F040000 		.4byte	.LASF26
 190 0134 04       		.byte	0x4
 191 0135 5A       		.byte	0x5a
 192 0136 19       		.byte	0x19
 193 0137 B2000000 		.4byte	0xb2
 194 013b 04       		.uleb128 0x4
 195 013c DA030000 		.4byte	.LASF27
 196 0140 04       		.byte	0x4
 197 0141 5B       		.byte	0x5b
 198 0142 19       		.byte	0x19
 199 0143 B2000000 		.4byte	0xb2
 200 0147 04       		.uleb128 0x4
 201 0148 A4020000 		.4byte	.LASF28
 202 014c 04       		.byte	0x4
 203 014d 5C       		.byte	0x5c
 204 014e 19       		.byte	0x19
 205 014f A6000000 		.4byte	0xa6
 206 0153 04       		.uleb128 0x4
 207 0154 45050000 		.4byte	.LASF29
 208 0158 04       		.byte	0x4
 209 0159 80       		.byte	0x80
 210 015a 12       		.byte	0x12
 211 015b 24000000 		.4byte	0x24
 212 015f 04       		.uleb128 0x4
 213 0160 6D060000 		.4byte	.LASF30
 214 0164 04       		.byte	0x4
 215 0165 85       		.byte	0x85
 216 0166 1A       		.byte	0x1a
 217 0167 6B010000 		.4byte	0x16b
 218 016b 06       		.uleb128 0x6
 219 016c C9030000 		.4byte	.LASF45
 220 0170 70       		.byte	0x70
 221 0171 05       		.byte	0x5
 222 0172 9C       		.byte	0x9c
 223 0173 08       		.byte	0x8
 224 0174 4E020000 		.4byte	0x24e
 225 0178 07       		.uleb128 0x7
 226 0179 68647200 		.ascii	"hdr\000"
 227 017d 05       		.byte	0x5
 228 017e AD       		.byte	0xad
ARM GAS  C:\Users\acest\AppData\Local\Temp\cc8GEYkg.s 			page 5


 229 017f 05       		.byte	0x5
 230 0180 18060000 		.4byte	0x618
 231 0184 00       		.byte	0
 232 0185 07       		.uleb128 0x7
 233 0186 63747800 		.ascii	"ctx\000"
 234 018a 05       		.byte	0x5
 235 018b B1       		.byte	0xb1
 236 018c 21       		.byte	0x21
 237 018d 66050000 		.4byte	0x566
 238 0191 0C       		.byte	0xc
 239 0192 08       		.uleb128 0x8
 240 0193 D7020000 		.4byte	.LASF31
 241 0197 05       		.byte	0x5
 242 0198 B6       		.byte	0xb6
 243 0199 21       		.byte	0x21
 244 019a 8F030000 		.4byte	0x38f
 245 019e 38       		.byte	0x38
 246 019f 08       		.uleb128 0x8
 247 01a0 43060000 		.4byte	.LASF32
 248 01a4 05       		.byte	0x5
 249 01a5 BB       		.byte	0xbb
 250 01a6 22       		.byte	0x22
 251 01a7 25070000 		.4byte	0x725
 252 01ab 40       		.byte	0x40
 253 01ac 08       		.uleb128 0x8
 254 01ad F1020000 		.4byte	.LASF33
 255 01b1 05       		.byte	0x5
 256 01b2 C0       		.byte	0xc0
 257 01b3 22       		.byte	0x22
 258 01b4 27030000 		.4byte	0x327
 259 01b8 44       		.byte	0x44
 260 01b9 08       		.uleb128 0x8
 261 01ba 5A060000 		.4byte	.LASF34
 262 01be 05       		.byte	0x5
 263 01bf C9       		.byte	0xc9
 264 01c0 22       		.byte	0x22
 265 01c1 96050000 		.4byte	0x596
 266 01c5 48       		.byte	0x48
 267 01c6 08       		.uleb128 0x8
 268 01c7 6D010000 		.4byte	.LASF35
 269 01cb 05       		.byte	0x5
 270 01cc CE       		.byte	0xce
 271 01cd 21       		.byte	0x21
 272 01ce F3000000 		.4byte	0xf3
 273 01d2 4C       		.byte	0x4c
 274 01d3 08       		.uleb128 0x8
 275 01d4 7B070000 		.4byte	.LASF36
 276 01d8 05       		.byte	0x5
 277 01d9 D2       		.byte	0xd2
 278 01da 21       		.byte	0x21
 279 01db E7000000 		.4byte	0xe7
 280 01df 4D       		.byte	0x4d
 281 01e0 08       		.uleb128 0x8
 282 01e1 06010000 		.4byte	.LASF37
 283 01e5 05       		.byte	0x5
 284 01e6 D7       		.byte	0xd7
 285 01e7 21       		.byte	0x21
ARM GAS  C:\Users\acest\AppData\Local\Temp\cc8GEYkg.s 			page 6


 286 01e8 FF000000 		.4byte	0xff
 287 01ec 4E       		.byte	0x4e
 288 01ed 09       		.uleb128 0x9
 289 01ee 7500     		.ascii	"u\000"
 290 01f0 05       		.byte	0x5
 291 01f1 2801     		.2byte	0x128
 292 01f3 21       		.byte	0x21
 293 01f4 46060000 		.4byte	0x646
 294 01f8 50       		.byte	0x50
 295 01f9 0A       		.uleb128 0xa
 296 01fa 51020000 		.4byte	.LASF38
 297 01fe 05       		.byte	0x5
 298 01ff 2D01     		.2byte	0x12d
 299 0201 21       		.byte	0x21
 300 0202 62030000 		.4byte	0x362
 301 0206 54       		.byte	0x54
 302 0207 0A       		.uleb128 0xa
 303 0208 64010000 		.4byte	.LASF39
 304 020c 05       		.byte	0x5
 305 020d 3301     		.2byte	0x133
 306 020f 21       		.byte	0x21
 307 0210 8F030000 		.4byte	0x38f
 308 0214 58       		.byte	0x58
 309 0215 0A       		.uleb128 0xa
 310 0216 ED030000 		.4byte	.LASF40
 311 021a 05       		.byte	0x5
 312 021b 3901     		.2byte	0x139
 313 021d 21       		.byte	0x21
 314 021e 2F010000 		.4byte	0x12f
 315 0222 60       		.byte	0x60
 316 0223 0A       		.uleb128 0xa
 317 0224 FB070000 		.4byte	.LASF41
 318 0228 05       		.byte	0x5
 319 0229 4001     		.2byte	0x140
 320 022b 22       		.byte	0x22
 321 022c 1F070000 		.4byte	0x71f
 322 0230 64       		.byte	0x64
 323 0231 0A       		.uleb128 0xa
 324 0232 88040000 		.4byte	.LASF42
 325 0236 05       		.byte	0x5
 326 0237 4401     		.2byte	0x144
 327 0239 21       		.byte	0x21
 328 023a 0B010000 		.4byte	0x10b
 329 023e 68       		.byte	0x68
 330 023f 0A       		.uleb128 0xa
 331 0240 BB030000 		.4byte	.LASF43
 332 0244 05       		.byte	0x5
 333 0245 4B01     		.2byte	0x14b
 334 0247 22       		.byte	0x22
 335 0248 9C050000 		.4byte	0x59c
 336 024c 6C       		.byte	0x6c
 337 024d 00       		.byte	0
 338 024e 04       		.uleb128 0x4
 339 024f BE060000 		.4byte	.LASF44
 340 0253 04       		.byte	0x4
 341 0254 8A       		.byte	0x8a
 342 0255 1F       		.byte	0x1f
ARM GAS  C:\Users\acest\AppData\Local\Temp\cc8GEYkg.s 			page 7


 343 0256 5A020000 		.4byte	0x25a
 344 025a 0B       		.uleb128 0xb
 345 025b AF060000 		.4byte	.LASF46
 346 025f B0       		.byte	0xb0
 347 0260 05       		.byte	0x5
 348 0261 8A01     		.2byte	0x18a
 349 0263 08       		.byte	0x8
 350 0264 D9020000 		.4byte	0x2d9
 351 0268 0A       		.uleb128 0xa
 352 0269 52070000 		.4byte	.LASF47
 353 026d 05       		.byte	0x5
 354 026e 8E01     		.2byte	0x18e
 355 0270 21       		.byte	0x21
 356 0271 56070000 		.4byte	0x756
 357 0275 00       		.byte	0
 358 0276 0A       		.uleb128 0xa
 359 0277 51010000 		.4byte	.LASF48
 360 027b 05       		.byte	0x5
 361 027c 9201     		.2byte	0x192
 362 027e 21       		.byte	0x21
 363 027f D3050000 		.4byte	0x5d3
 364 0283 10       		.byte	0x10
 365 0284 0A       		.uleb128 0xa
 366 0285 CC060000 		.4byte	.LASF49
 367 0289 05       		.byte	0x5
 368 028a 9901     		.2byte	0x199
 369 028c 21       		.byte	0x21
 370 028d FA050000 		.4byte	0x5fa
 371 0291 28       		.byte	0x28
 372 0292 0A       		.uleb128 0xa
 373 0293 64000000 		.4byte	.LASF50
 374 0297 05       		.byte	0x5
 375 0298 9E01     		.2byte	0x19e
 376 029a 21       		.byte	0x21
 377 029b 53010000 		.4byte	0x153
 378 029f 30       		.byte	0x30
 379 02a0 0A       		.uleb128 0xa
 380 02a1 0D000000 		.4byte	.LASF51
 381 02a5 05       		.byte	0x5
 382 02a6 A401     		.2byte	0x1a4
 383 02a8 21       		.byte	0x21
 384 02a9 00030000 		.4byte	0x300
 385 02ad 34       		.byte	0x34
 386 02ae 0A       		.uleb128 0xa
 387 02af 66060000 		.4byte	.LASF52
 388 02b3 05       		.byte	0x5
 389 02b4 A901     		.2byte	0x1a9
 390 02b6 22       		.byte	0x22
 391 02b7 CA070000 		.4byte	0x7ca
 392 02bb 38       		.byte	0x38
 393 02bc 0A       		.uleb128 0xa
 394 02bd C4000000 		.4byte	.LASF53
 395 02c1 05       		.byte	0x5
 396 02c2 AD01     		.2byte	0x1ad
 397 02c4 21       		.byte	0x21
 398 02c5 5F010000 		.4byte	0x15f
 399 02c9 3C       		.byte	0x3c
ARM GAS  C:\Users\acest\AppData\Local\Temp\cc8GEYkg.s 			page 8


 400 02ca 09       		.uleb128 0x9
 401 02cb 64626700 		.ascii	"dbg\000"
 402 02cf 05       		.byte	0x5
 403 02d0 B101     		.2byte	0x1b1
 404 02d2 21       		.byte	0x21
 405 02d3 3E030000 		.4byte	0x33e
 406 02d7 AC       		.byte	0xac
 407 02d8 00       		.byte	0
 408 02d9 04       		.uleb128 0x4
 409 02da 91040000 		.4byte	.LASF54
 410 02de 06       		.byte	0x6
 411 02df 3F       		.byte	0x3f
 412 02e0 12       		.byte	0x12
 413 02e1 B2000000 		.4byte	0xb2
 414 02e5 06       		.uleb128 0x6
 415 02e6 7C010000 		.4byte	.LASF55
 416 02ea 04       		.byte	0x4
 417 02eb 06       		.byte	0x6
 418 02ec 44       		.byte	0x44
 419 02ed 10       		.byte	0x10
 420 02ee 00030000 		.4byte	0x300
 421 02f2 08       		.uleb128 0x8
 422 02f3 4D070000 		.4byte	.LASF56
 423 02f7 06       		.byte	0x6
 424 02f8 48       		.byte	0x48
 425 02f9 21       		.byte	0x21
 426 02fa D9020000 		.4byte	0x2d9
 427 02fe 00       		.byte	0
 428 02ff 00       		.byte	0
 429 0300 04       		.uleb128 0x4
 430 0301 B4050000 		.4byte	.LASF57
 431 0305 06       		.byte	0x6
 432 0306 49       		.byte	0x49
 433 0307 03       		.byte	0x3
 434 0308 E5020000 		.4byte	0x2e5
 435 030c 06       		.uleb128 0x6
 436 030d 5F050000 		.4byte	.LASF58
 437 0311 04       		.byte	0x4
 438 0312 07       		.byte	0x7
 439 0313 3E       		.byte	0x3e
 440 0314 10       		.byte	0x10
 441 0315 27030000 		.4byte	0x327
 442 0319 08       		.uleb128 0x8
 443 031a 9E060000 		.4byte	.LASF59
 444 031e 07       		.byte	0x7
 445 031f 46       		.byte	0x46
 446 0320 24       		.byte	0x24
 447 0321 2D030000 		.4byte	0x32d
 448 0325 00       		.byte	0
 449 0326 00       		.byte	0
 450 0327 0C       		.uleb128 0xc
 451 0328 04       		.byte	0x4
 452 0329 39030000 		.4byte	0x339
 453 032d 05       		.uleb128 0x5
 454 032e 27030000 		.4byte	0x327
 455 0332 03       		.uleb128 0x3
 456 0333 01       		.byte	0x1
ARM GAS  C:\Users\acest\AppData\Local\Temp\cc8GEYkg.s 			page 9


 457 0334 08       		.byte	0x8
 458 0335 61060000 		.4byte	.LASF60
 459 0339 0D       		.uleb128 0xd
 460 033a 32030000 		.4byte	0x332
 461 033e 04       		.uleb128 0x4
 462 033f 49000000 		.4byte	.LASF61
 463 0343 07       		.byte	0x7
 464 0344 51       		.byte	0x51
 465 0345 03       		.byte	0x3
 466 0346 0C030000 		.4byte	0x30c
 467 034a 04       		.uleb128 0x4
 468 034b 7C060000 		.4byte	.LASF62
 469 034f 08       		.byte	0x8
 470 0350 6D       		.byte	0x6d
 471 0351 12       		.byte	0x12
 472 0352 B2000000 		.4byte	0xb2
 473 0356 04       		.uleb128 0x4
 474 0357 8A020000 		.4byte	.LASF63
 475 035b 08       		.byte	0x8
 476 035c 79       		.byte	0x79
 477 035d 12       		.byte	0x12
 478 035e B2000000 		.4byte	0xb2
 479 0362 04       		.uleb128 0x4
 480 0363 DE040000 		.4byte	.LASF64
 481 0367 09       		.byte	0x9
 482 0368 32       		.byte	0x32
 483 0369 18       		.byte	0x18
 484 036a 6E030000 		.4byte	0x36e
 485 036e 06       		.uleb128 0x6
 486 036f 29040000 		.4byte	.LASF65
 487 0373 04       		.byte	0x4
 488 0374 09       		.byte	0x9
 489 0375 38       		.byte	0x38
 490 0376 08       		.byte	0x8
 491 0377 89030000 		.4byte	0x389
 492 037b 08       		.uleb128 0x8
 493 037c ED000000 		.4byte	.LASF66
 494 0380 09       		.byte	0x9
 495 0381 39       		.byte	0x39
 496 0382 1A       		.byte	0x1a
 497 0383 89030000 		.4byte	0x389
 498 0387 00       		.byte	0
 499 0388 00       		.byte	0
 500 0389 0C       		.uleb128 0xc
 501 038a 04       		.byte	0x4
 502 038b 62030000 		.4byte	0x362
 503 038f 04       		.uleb128 0x4
 504 0390 DE020000 		.4byte	.LASF67
 505 0394 09       		.byte	0x9
 506 0395 3F       		.byte	0x3f
 507 0396 19       		.byte	0x19
 508 0397 9B030000 		.4byte	0x39b
 509 039b 06       		.uleb128 0x6
 510 039c A8010000 		.4byte	.LASF68
 511 03a0 08       		.byte	0x8
 512 03a1 09       		.byte	0x9
 513 03a2 45       		.byte	0x45
ARM GAS  C:\Users\acest\AppData\Local\Temp\cc8GEYkg.s 			page 10


 514 03a3 08       		.byte	0x8
 515 03a4 C3030000 		.4byte	0x3c3
 516 03a8 08       		.uleb128 0x8
 517 03a9 ED000000 		.4byte	.LASF66
 518 03ad 09       		.byte	0x9
 519 03ae 46       		.byte	0x46
 520 03af 1A       		.byte	0x1a
 521 03b0 C3030000 		.4byte	0x3c3
 522 03b4 00       		.byte	0
 523 03b5 08       		.uleb128 0x8
 524 03b6 38000000 		.4byte	.LASF69
 525 03ba 09       		.byte	0x9
 526 03bb 47       		.byte	0x47
 527 03bc 1A       		.byte	0x1a
 528 03bd C3030000 		.4byte	0x3c3
 529 03c1 04       		.byte	0x4
 530 03c2 00       		.byte	0
 531 03c3 0C       		.uleb128 0xc
 532 03c4 04       		.byte	0x4
 533 03c5 8F030000 		.4byte	0x38f
 534 03c9 04       		.uleb128 0x4
 535 03ca 6C000000 		.4byte	.LASF70
 536 03ce 09       		.byte	0x9
 537 03cf 4E       		.byte	0x4e
 538 03d0 22       		.byte	0x22
 539 03d1 D5030000 		.4byte	0x3d5
 540 03d5 06       		.uleb128 0x6
 541 03d6 E7060000 		.4byte	.LASF71
 542 03da 0C       		.byte	0xc
 543 03db 09       		.byte	0x9
 544 03dc 55       		.byte	0x55
 545 03dd 08       		.byte	0x8
 546 03de 0A040000 		.4byte	0x40a
 547 03e2 08       		.uleb128 0x8
 548 03e3 ED000000 		.4byte	.LASF66
 549 03e7 09       		.byte	0x9
 550 03e8 56       		.byte	0x56
 551 03e9 1A       		.byte	0x1a
 552 03ea 0A040000 		.4byte	0x40a
 553 03ee 00       		.byte	0
 554 03ef 08       		.uleb128 0x8
 555 03f0 38000000 		.4byte	.LASF69
 556 03f4 09       		.byte	0x9
 557 03f5 57       		.byte	0x57
 558 03f6 1A       		.byte	0x1a
 559 03f7 0A040000 		.4byte	0x40a
 560 03fb 04       		.byte	0x4
 561 03fc 08       		.uleb128 0x8
 562 03fd 24050000 		.4byte	.LASF72
 563 0401 09       		.byte	0x9
 564 0402 58       		.byte	0x58
 565 0403 19       		.byte	0x19
 566 0404 0B010000 		.4byte	0x10b
 567 0408 08       		.byte	0x8
 568 0409 00       		.byte	0
 569 040a 0C       		.uleb128 0xc
 570 040b 04       		.byte	0x4
ARM GAS  C:\Users\acest\AppData\Local\Temp\cc8GEYkg.s 			page 11


 571 040c C9030000 		.4byte	0x3c9
 572 0410 04       		.uleb128 0x4
 573 0411 C5010000 		.4byte	.LASF73
 574 0415 09       		.byte	0x9
 575 0416 5F       		.byte	0x5f
 576 0417 1E       		.byte	0x1e
 577 0418 1C040000 		.4byte	0x41c
 578 041c 06       		.uleb128 0x6
 579 041d 3B010000 		.4byte	.LASF74
 580 0421 0C       		.byte	0xc
 581 0422 09       		.byte	0x9
 582 0423 64       		.byte	0x64
 583 0424 08       		.byte	0x8
 584 0425 51040000 		.4byte	0x451
 585 0429 08       		.uleb128 0x8
 586 042a ED000000 		.4byte	.LASF66
 587 042e 09       		.byte	0x9
 588 042f 65       		.byte	0x65
 589 0430 1A       		.byte	0x1a
 590 0431 51040000 		.4byte	0x451
 591 0435 00       		.byte	0
 592 0436 08       		.uleb128 0x8
 593 0437 38000000 		.4byte	.LASF69
 594 043b 09       		.byte	0x9
 595 043c 66       		.byte	0x66
 596 043d 1A       		.byte	0x1a
 597 043e 51040000 		.4byte	0x451
 598 0442 04       		.byte	0x4
 599 0443 08       		.uleb128 0x8
 600 0444 18000000 		.4byte	.LASF75
 601 0448 09       		.byte	0x9
 602 0449 67       		.byte	0x67
 603 044a 19       		.byte	0x19
 604 044b 56030000 		.4byte	0x356
 605 044f 08       		.byte	0x8
 606 0450 00       		.byte	0
 607 0451 0C       		.uleb128 0xc
 608 0452 04       		.byte	0x4
 609 0453 10040000 		.4byte	0x410
 610 0457 0B       		.uleb128 0xb
 611 0458 0B050000 		.4byte	.LASF76
 612 045c 20       		.byte	0x20
 613 045d 0A       		.byte	0xa
 614 045e 9301     		.2byte	0x193
 615 0460 08       		.byte	0x8
 616 0461 D1040000 		.4byte	0x4d1
 617 0465 09       		.uleb128 0x9
 618 0466 723000   		.ascii	"r0\000"
 619 0469 0A       		.byte	0xa
 620 046a 9401     		.2byte	0x194
 621 046c 19       		.byte	0x19
 622 046d B2000000 		.4byte	0xb2
 623 0471 00       		.byte	0
 624 0472 09       		.uleb128 0x9
 625 0473 723100   		.ascii	"r1\000"
 626 0476 0A       		.byte	0xa
 627 0477 9501     		.2byte	0x195
ARM GAS  C:\Users\acest\AppData\Local\Temp\cc8GEYkg.s 			page 12


 628 0479 19       		.byte	0x19
 629 047a B2000000 		.4byte	0xb2
 630 047e 04       		.byte	0x4
 631 047f 09       		.uleb128 0x9
 632 0480 723200   		.ascii	"r2\000"
 633 0483 0A       		.byte	0xa
 634 0484 9601     		.2byte	0x196
 635 0486 19       		.byte	0x19
 636 0487 B2000000 		.4byte	0xb2
 637 048b 08       		.byte	0x8
 638 048c 09       		.uleb128 0x9
 639 048d 723300   		.ascii	"r3\000"
 640 0490 0A       		.byte	0xa
 641 0491 9701     		.2byte	0x197
 642 0493 19       		.byte	0x19
 643 0494 B2000000 		.4byte	0xb2
 644 0498 0C       		.byte	0xc
 645 0499 09       		.uleb128 0x9
 646 049a 72313200 		.ascii	"r12\000"
 647 049e 0A       		.byte	0xa
 648 049f 9801     		.2byte	0x198
 649 04a1 19       		.byte	0x19
 650 04a2 B2000000 		.4byte	0xb2
 651 04a6 10       		.byte	0x10
 652 04a7 0A       		.uleb128 0xa
 653 04a8 B7020000 		.4byte	.LASF77
 654 04ac 0A       		.byte	0xa
 655 04ad 9901     		.2byte	0x199
 656 04af 19       		.byte	0x19
 657 04b0 B2000000 		.4byte	0xb2
 658 04b4 14       		.byte	0x14
 659 04b5 09       		.uleb128 0x9
 660 04b6 706300   		.ascii	"pc\000"
 661 04b9 0A       		.byte	0xa
 662 04ba 9A01     		.2byte	0x19a
 663 04bc 19       		.byte	0x19
 664 04bd B2000000 		.4byte	0xb2
 665 04c1 18       		.byte	0x18
 666 04c2 0A       		.uleb128 0xa
 667 04c3 CE050000 		.4byte	.LASF78
 668 04c7 0A       		.byte	0xa
 669 04c8 9B01     		.2byte	0x19b
 670 04ca 19       		.byte	0x19
 671 04cb B2000000 		.4byte	0xb2
 672 04cf 1C       		.byte	0x1c
 673 04d0 00       		.byte	0
 674 04d1 0B       		.uleb128 0xb
 675 04d2 3D000000 		.4byte	.LASF79
 676 04d6 28       		.byte	0x28
 677 04d7 0A       		.byte	0xa
 678 04d8 B701     		.2byte	0x1b7
 679 04da 08       		.byte	0x8
 680 04db 66050000 		.4byte	0x566
 681 04df 0A       		.uleb128 0xa
 682 04e0 C1030000 		.4byte	.LASF80
 683 04e4 0A       		.byte	0xa
 684 04e5 B801     		.2byte	0x1b8
ARM GAS  C:\Users\acest\AppData\Local\Temp\cc8GEYkg.s 			page 13


 685 04e7 19       		.byte	0x19
 686 04e8 B2000000 		.4byte	0xb2
 687 04ec 00       		.byte	0
 688 04ed 09       		.uleb128 0x9
 689 04ee 723400   		.ascii	"r4\000"
 690 04f1 0A       		.byte	0xa
 691 04f2 B901     		.2byte	0x1b9
 692 04f4 19       		.byte	0x19
 693 04f5 B2000000 		.4byte	0xb2
 694 04f9 04       		.byte	0x4
 695 04fa 09       		.uleb128 0x9
 696 04fb 723500   		.ascii	"r5\000"
 697 04fe 0A       		.byte	0xa
 698 04ff BA01     		.2byte	0x1ba
 699 0501 19       		.byte	0x19
 700 0502 B2000000 		.4byte	0xb2
 701 0506 08       		.byte	0x8
 702 0507 09       		.uleb128 0x9
 703 0508 723600   		.ascii	"r6\000"
 704 050b 0A       		.byte	0xa
 705 050c BB01     		.2byte	0x1bb
 706 050e 19       		.byte	0x19
 707 050f B2000000 		.4byte	0xb2
 708 0513 0C       		.byte	0xc
 709 0514 09       		.uleb128 0x9
 710 0515 723700   		.ascii	"r7\000"
 711 0518 0A       		.byte	0xa
 712 0519 BC01     		.2byte	0x1bc
 713 051b 19       		.byte	0x19
 714 051c B2000000 		.4byte	0xb2
 715 0520 10       		.byte	0x10
 716 0521 09       		.uleb128 0x9
 717 0522 723800   		.ascii	"r8\000"
 718 0525 0A       		.byte	0xa
 719 0526 BD01     		.2byte	0x1bd
 720 0528 19       		.byte	0x19
 721 0529 B2000000 		.4byte	0xb2
 722 052d 14       		.byte	0x14
 723 052e 09       		.uleb128 0x9
 724 052f 723900   		.ascii	"r9\000"
 725 0532 0A       		.byte	0xa
 726 0533 BE01     		.2byte	0x1be
 727 0535 19       		.byte	0x19
 728 0536 B2000000 		.4byte	0xb2
 729 053a 18       		.byte	0x18
 730 053b 09       		.uleb128 0x9
 731 053c 72313000 		.ascii	"r10\000"
 732 0540 0A       		.byte	0xa
 733 0541 BF01     		.2byte	0x1bf
 734 0543 19       		.byte	0x19
 735 0544 B2000000 		.4byte	0xb2
 736 0548 1C       		.byte	0x1c
 737 0549 09       		.uleb128 0x9
 738 054a 72313100 		.ascii	"r11\000"
 739 054e 0A       		.byte	0xa
 740 054f C001     		.2byte	0x1c0
 741 0551 19       		.byte	0x19
ARM GAS  C:\Users\acest\AppData\Local\Temp\cc8GEYkg.s 			page 14


 742 0552 B2000000 		.4byte	0xb2
 743 0556 20       		.byte	0x20
 744 0557 0A       		.uleb128 0xa
 745 0558 4B040000 		.4byte	.LASF81
 746 055c 0A       		.byte	0xa
 747 055d C401     		.2byte	0x1c4
 748 055f 19       		.byte	0x19
 749 0560 B2000000 		.4byte	0xb2
 750 0564 24       		.byte	0x24
 751 0565 00       		.byte	0
 752 0566 0B       		.uleb128 0xb
 753 0567 FE040000 		.4byte	.LASF82
 754 056b 2C       		.byte	0x2c
 755 056c 0A       		.byte	0xa
 756 056d DF01     		.2byte	0x1df
 757 056f 08       		.byte	0x8
 758 0570 90050000 		.4byte	0x590
 759 0574 09       		.uleb128 0x9
 760 0575 737000   		.ascii	"sp\000"
 761 0578 0A       		.byte	0xa
 762 0579 E001     		.2byte	0x1e0
 763 057b 1A       		.byte	0x1a
 764 057c 90050000 		.4byte	0x590
 765 0580 00       		.byte	0
 766 0581 0A       		.uleb128 0xa
 767 0582 49060000 		.4byte	.LASF83
 768 0586 0A       		.byte	0xa
 769 0587 E101     		.2byte	0x1e1
 770 0589 19       		.byte	0x19
 771 058a D1040000 		.4byte	0x4d1
 772 058e 04       		.byte	0x4
 773 058f 00       		.byte	0
 774 0590 0C       		.uleb128 0xc
 775 0591 04       		.byte	0x4
 776 0592 57040000 		.4byte	0x457
 777 0596 0C       		.uleb128 0xc
 778 0597 04       		.byte	0x4
 779 0598 DB000000 		.4byte	0xdb
 780 059c 0E       		.uleb128 0xe
 781 059d 04       		.byte	0x4
 782 059e 06       		.uleb128 0x6
 783 059f B9040000 		.4byte	.LASF84
 784 05a3 18       		.byte	0x18
 785 05a4 05       		.byte	0x5
 786 05a5 64       		.byte	0x64
 787 05a6 10       		.byte	0x10
 788 05a7 D3050000 		.4byte	0x5d3
 789 05ab 08       		.uleb128 0x8
 790 05ac 76060000 		.4byte	.LASF85
 791 05b0 05       		.byte	0x5
 792 05b1 68       		.byte	0x68
 793 05b2 21       		.byte	0x21
 794 05b3 10040000 		.4byte	0x410
 795 05b7 00       		.byte	0
 796 05b8 08       		.uleb128 0x8
 797 05b9 C5050000 		.4byte	.LASF86
 798 05bd 05       		.byte	0x5
ARM GAS  C:\Users\acest\AppData\Local\Temp\cc8GEYkg.s 			page 15


 799 05be 73       		.byte	0x73
 800 05bf 21       		.byte	0x21
 801 05c0 4A030000 		.4byte	0x34a
 802 05c4 0C       		.byte	0xc
 803 05c5 08       		.uleb128 0x8
 804 05c6 6D040000 		.4byte	.LASF87
 805 05ca 05       		.byte	0x5
 806 05cb 79       		.byte	0x79
 807 05cc 21       		.byte	0x21
 808 05cd CA000000 		.4byte	0xca
 809 05d1 10       		.byte	0x10
 810 05d2 00       		.byte	0
 811 05d3 04       		.uleb128 0x4
 812 05d4 D7000000 		.4byte	.LASF88
 813 05d8 05       		.byte	0x5
 814 05d9 7B       		.byte	0x7b
 815 05da 03       		.byte	0x3
 816 05db 9E050000 		.4byte	0x59e
 817 05df 06       		.uleb128 0x6
 818 05e0 EA010000 		.4byte	.LASF89
 819 05e4 08       		.byte	0x8
 820 05e5 05       		.byte	0x5
 821 05e6 80       		.byte	0x80
 822 05e7 10       		.byte	0x10
 823 05e8 FA050000 		.4byte	0x5fa
 824 05ec 08       		.uleb128 0x8
 825 05ed BF010000 		.4byte	.LASF90
 826 05f1 05       		.byte	0x5
 827 05f2 84       		.byte	0x84
 828 05f3 21       		.byte	0x21
 829 05f4 8F030000 		.4byte	0x38f
 830 05f8 00       		.byte	0
 831 05f9 00       		.byte	0
 832 05fa 04       		.uleb128 0x4
 833 05fb 11060000 		.4byte	.LASF91
 834 05ff 05       		.byte	0x5
 835 0600 85       		.byte	0x85
 836 0601 03       		.byte	0x3
 837 0602 DF050000 		.4byte	0x5df
 838 0606 04       		.uleb128 0x4
 839 0607 9D040000 		.4byte	.LASF92
 840 060b 05       		.byte	0x5
 841 060c 8A       		.byte	0x8a
 842 060d 14       		.byte	0x14
 843 060e 12060000 		.4byte	0x612
 844 0612 0C       		.uleb128 0xc
 845 0613 04       		.byte	0x4
 846 0614 5F010000 		.4byte	0x15f
 847 0618 0F       		.uleb128 0xf
 848 0619 0C       		.byte	0xc
 849 061a 05       		.byte	0x5
 850 061b A0       		.byte	0xa0
 851 061c 03       		.byte	0x3
 852 061d 46060000 		.4byte	0x646
 853 0621 10       		.uleb128 0x10
 854 0622 DD070000 		.4byte	.LASF93
 855 0626 05       		.byte	0x5
ARM GAS  C:\Users\acest\AppData\Local\Temp\cc8GEYkg.s 			page 16


 856 0627 A4       		.byte	0xa4
 857 0628 21       		.byte	0x21
 858 0629 62030000 		.4byte	0x362
 859 062d 10       		.uleb128 0x10
 860 062e BF010000 		.4byte	.LASF90
 861 0632 05       		.byte	0x5
 862 0633 A8       		.byte	0xa8
 863 0634 21       		.byte	0x21
 864 0635 8F030000 		.4byte	0x38f
 865 0639 10       		.uleb128 0x10
 866 063a A8060000 		.4byte	.LASF94
 867 063e 05       		.byte	0x5
 868 063f AC       		.byte	0xac
 869 0640 21       		.byte	0x21
 870 0641 C9030000 		.4byte	0x3c9
 871 0645 00       		.byte	0
 872 0646 0F       		.uleb128 0xf
 873 0647 04       		.byte	0x4
 874 0648 05       		.byte	0x5
 875 0649 EB       		.byte	0xeb
 876 064a 03       		.byte	0x3
 877 064b B6060000 		.4byte	0x6b6
 878 064f 10       		.uleb128 0x10
 879 0650 1E000000 		.4byte	.LASF95
 880 0654 05       		.byte	0x5
 881 0655 F2       		.byte	0xf2
 882 0656 21       		.byte	0x21
 883 0657 17010000 		.4byte	0x117
 884 065b 10       		.uleb128 0x10
 885 065c BB000000 		.4byte	.LASF96
 886 0660 05       		.byte	0x5
 887 0661 F9       		.byte	0xf9
 888 0662 21       		.byte	0x21
 889 0663 17010000 		.4byte	0x117
 890 0667 11       		.uleb128 0x11
 891 0668 95070000 		.4byte	.LASF97
 892 066c 05       		.byte	0x5
 893 066d 0001     		.2byte	0x100
 894 066f 22       		.byte	0x22
 895 0670 9C050000 		.4byte	0x59c
 896 0674 11       		.uleb128 0x11
 897 0675 12000000 		.4byte	.LASF98
 898 0679 05       		.byte	0x5
 899 067a 0701     		.2byte	0x107
 900 067c 22       		.byte	0x22
 901 067d B6060000 		.4byte	0x6b6
 902 0681 11       		.uleb128 0x11
 903 0682 CF000000 		.4byte	.LASF99
 904 0686 05       		.byte	0x5
 905 0687 0C01     		.2byte	0x10c
 906 0689 21       		.byte	0x21
 907 068a 17010000 		.4byte	0x117
 908 068e 11       		.uleb128 0x11
 909 068f BE020000 		.4byte	.LASF100
 910 0693 05       		.byte	0x5
 911 0694 1501     		.2byte	0x115
 912 0696 22       		.byte	0x22
ARM GAS  C:\Users\acest\AppData\Local\Temp\cc8GEYkg.s 			page 17


 913 0697 E4060000 		.4byte	0x6e4
 914 069b 11       		.uleb128 0x11
 915 069c 2C060000 		.4byte	.LASF101
 916 06a0 05       		.byte	0x5
 917 06a1 1E01     		.2byte	0x11e
 918 06a3 22       		.byte	0x22
 919 06a4 1F070000 		.4byte	0x71f
 920 06a8 11       		.uleb128 0x11
 921 06a9 EA050000 		.4byte	.LASF102
 922 06ad 05       		.byte	0x5
 923 06ae 2601     		.2byte	0x126
 924 06b0 21       		.byte	0x21
 925 06b1 2F010000 		.4byte	0x12f
 926 06b5 00       		.byte	0
 927 06b6 0C       		.uleb128 0xc
 928 06b7 04       		.byte	0x4
 929 06b8 06060000 		.4byte	0x606
 930 06bc 06       		.uleb128 0x6
 931 06bd 04060000 		.4byte	.LASF103
 932 06c1 0C       		.byte	0xc
 933 06c2 0B       		.byte	0xb
 934 06c3 34       		.byte	0x34
 935 06c4 10       		.byte	0x10
 936 06c5 E4060000 		.4byte	0x6e4
 937 06c9 08       		.uleb128 0x8
 938 06ca BF010000 		.4byte	.LASF90
 939 06ce 0B       		.byte	0xb
 940 06cf 35       		.byte	0x35
 941 06d0 19       		.byte	0x19
 942 06d1 8F030000 		.4byte	0x38f
 943 06d5 00       		.byte	0
 944 06d6 07       		.uleb128 0x7
 945 06d7 636E7400 		.ascii	"cnt\000"
 946 06db 0B       		.byte	0xb
 947 06dc 37       		.byte	0x37
 948 06dd 19       		.byte	0x19
 949 06de 47010000 		.4byte	0x147
 950 06e2 08       		.byte	0x8
 951 06e3 00       		.byte	0
 952 06e4 0C       		.uleb128 0xc
 953 06e5 04       		.byte	0x4
 954 06e6 BC060000 		.4byte	0x6bc
 955 06ea 06       		.uleb128 0x6
 956 06eb 44070000 		.4byte	.LASF104
 957 06ef 10       		.byte	0x10
 958 06f0 0C       		.byte	0xc
 959 06f1 39       		.byte	0x39
 960 06f2 08       		.byte	0x8
 961 06f3 1F070000 		.4byte	0x71f
 962 06f7 08       		.uleb128 0x8
 963 06f8 BF010000 		.4byte	.LASF90
 964 06fc 0C       		.byte	0xc
 965 06fd 3A       		.byte	0x3a
 966 06fe 19       		.byte	0x19
 967 06ff 8F030000 		.4byte	0x38f
 968 0703 00       		.byte	0
 969 0704 08       		.uleb128 0x8
ARM GAS  C:\Users\acest\AppData\Local\Temp\cc8GEYkg.s 			page 18


 970 0705 43060000 		.4byte	.LASF32
 971 0709 0C       		.byte	0xc
 972 070a 3C       		.byte	0x3c
 973 070b 1A       		.byte	0x1a
 974 070c 12060000 		.4byte	0x612
 975 0710 08       		.byte	0x8
 976 0711 08       		.uleb128 0x8
 977 0712 ED000000 		.4byte	.LASF66
 978 0716 0C       		.byte	0xc
 979 0717 3E       		.byte	0x3e
 980 0718 1A       		.byte	0x1a
 981 0719 E9070000 		.4byte	0x7e9
 982 071d 0C       		.byte	0xc
 983 071e 00       		.byte	0
 984 071f 0C       		.uleb128 0xc
 985 0720 04       		.byte	0x4
 986 0721 EA060000 		.4byte	0x6ea
 987 0725 0C       		.uleb128 0xc
 988 0726 04       		.byte	0x4
 989 0727 4E020000 		.4byte	0x24e
 990 072b 0B       		.uleb128 0xb
 991 072c 31040000 		.4byte	.LASF105
 992 0730 10       		.byte	0x10
 993 0731 05       		.byte	0x5
 994 0732 5C01     		.2byte	0x15c
 995 0734 10       		.byte	0x10
 996 0735 56070000 		.4byte	0x756
 997 0739 0A       		.uleb128 0xa
 998 073a A8060000 		.4byte	.LASF94
 999 073e 05       		.byte	0x5
 1000 073f 6101     		.2byte	0x161
 1001 0741 21       		.byte	0x21
 1002 0742 C9030000 		.4byte	0x3c9
 1003 0746 00       		.byte	0
 1004 0747 0A       		.uleb128 0xa
 1005 0748 29050000 		.4byte	.LASF106
 1006 074c 05       		.byte	0x5
 1007 074d 6501     		.2byte	0x165
 1008 074f 22       		.byte	0x22
 1009 0750 12060000 		.4byte	0x612
 1010 0754 0C       		.byte	0xc
 1011 0755 00       		.byte	0
 1012 0756 12       		.uleb128 0x12
 1013 0757 00000000 		.4byte	.LASF107
 1014 075b 05       		.byte	0x5
 1015 075c 6601     		.2byte	0x166
 1016 075e 03       		.byte	0x3
 1017 075f 2B070000 		.4byte	0x72b
 1018 0763 0B       		.uleb128 0xb
 1019 0764 E8040000 		.4byte	.LASF108
 1020 0768 14       		.byte	0x14
 1021 0769 05       		.byte	0x5
 1022 076a 6B01     		.2byte	0x16b
 1023 076c 10       		.byte	0x10
 1024 076d B8070000 		.4byte	0x7b8
 1025 0771 0A       		.uleb128 0xa
 1026 0772 F1020000 		.4byte	.LASF33
ARM GAS  C:\Users\acest\AppData\Local\Temp\cc8GEYkg.s 			page 19


 1027 0776 05       		.byte	0x5
 1028 0777 6F01     		.2byte	0x16f
 1029 0779 22       		.byte	0x22
 1030 077a 27030000 		.4byte	0x327
 1031 077e 00       		.byte	0
 1032 077f 0A       		.uleb128 0xa
 1033 0780 63020000 		.4byte	.LASF109
 1034 0784 05       		.byte	0x5
 1035 0785 7501     		.2byte	0x175
 1036 0787 22       		.byte	0x22
 1037 0788 96050000 		.4byte	0x596
 1038 078c 04       		.byte	0x4
 1039 078d 0A       		.uleb128 0xa
 1040 078e F9060000 		.4byte	.LASF110
 1041 0792 05       		.byte	0x5
 1042 0793 7901     		.2byte	0x179
 1043 0795 22       		.byte	0x22
 1044 0796 96050000 		.4byte	0x596
 1045 079a 08       		.byte	0x8
 1046 079b 0A       		.uleb128 0xa
 1047 079c 5D040000 		.4byte	.LASF111
 1048 07a0 05       		.byte	0x5
 1049 07a1 7F01     		.2byte	0x17f
 1050 07a3 22       		.byte	0x22
 1051 07a4 96050000 		.4byte	0x596
 1052 07a8 0C       		.byte	0xc
 1053 07a9 0A       		.uleb128 0xa
 1054 07aa EC070000 		.4byte	.LASF112
 1055 07ae 05       		.byte	0x5
 1056 07af 8301     		.2byte	0x183
 1057 07b1 22       		.byte	0x22
 1058 07b2 96050000 		.4byte	0x596
 1059 07b6 10       		.byte	0x10
 1060 07b7 00       		.byte	0
 1061 07b8 12       		.uleb128 0x12
 1062 07b9 80000000 		.4byte	.LASF113
 1063 07bd 05       		.byte	0x5
 1064 07be 8501     		.2byte	0x185
 1065 07c0 03       		.byte	0x3
 1066 07c1 63070000 		.4byte	0x763
 1067 07c5 0D       		.uleb128 0xd
 1068 07c6 B8070000 		.4byte	0x7b8
 1069 07ca 0C       		.uleb128 0xc
 1070 07cb 04       		.byte	0x4
 1071 07cc C5070000 		.4byte	0x7c5
 1072 07d0 13       		.uleb128 0x13
 1073 07d1 63683000 		.ascii	"ch0\000"
 1074 07d5 0F       		.byte	0xf
 1075 07d6 4101     		.2byte	0x141
 1076 07d8 16       		.byte	0x16
 1077 07d9 4E020000 		.4byte	0x24e
 1078 07dd 04       		.uleb128 0x4
 1079 07de 73020000 		.4byte	.LASF114
 1080 07e2 0C       		.byte	0xc
 1081 07e3 34       		.byte	0x34
 1082 07e4 19       		.byte	0x19
 1083 07e5 EA060000 		.4byte	0x6ea
ARM GAS  C:\Users\acest\AppData\Local\Temp\cc8GEYkg.s 			page 20


 1084 07e9 0C       		.uleb128 0xc
 1085 07ea 04       		.byte	0x4
 1086 07eb DD070000 		.4byte	0x7dd
 1087 07ef 04       		.uleb128 0x4
 1088 07f0 77040000 		.4byte	.LASF115
 1089 07f4 0D       		.byte	0xd
 1090 07f5 34       		.byte	0x34
 1091 07f6 1F       		.byte	0x1f
 1092 07f7 FB070000 		.4byte	0x7fb
 1093 07fb 06       		.uleb128 0x6
 1094 07fc 03080000 		.4byte	.LASF116
 1095 0800 14       		.byte	0x14
 1096 0801 0D       		.byte	0xd
 1097 0802 39       		.byte	0x39
 1098 0803 08       		.byte	0x8
 1099 0804 4A080000 		.4byte	0x84a
 1100 0808 08       		.uleb128 0x8
 1101 0809 ED000000 		.4byte	.LASF66
 1102 080d 0D       		.byte	0xd
 1103 080e 3A       		.byte	0x3a
 1104 080f 1A       		.byte	0x1a
 1105 0810 4A080000 		.4byte	0x84a
 1106 0814 00       		.byte	0
 1107 0815 08       		.uleb128 0x8
 1108 0816 B0040000 		.4byte	.LASF117
 1109 081a 0D       		.byte	0xd
 1110 081b 3D       		.byte	0x3d
 1111 081c 1A       		.byte	0x1a
 1112 081d 12060000 		.4byte	0x612
 1113 0821 04       		.byte	0x4
 1114 0822 08       		.uleb128 0x8
 1115 0823 1C060000 		.4byte	.LASF118
 1116 0827 0D       		.byte	0xd
 1117 0828 3F       		.byte	0x3f
 1118 0829 19       		.byte	0x19
 1119 082a 2F010000 		.4byte	0x12f
 1120 082e 08       		.byte	0x8
 1121 082f 08       		.uleb128 0x8
 1122 0830 7B070000 		.4byte	.LASF36
 1123 0834 0D       		.byte	0xd
 1124 0835 41       		.byte	0x41
 1125 0836 19       		.byte	0x19
 1126 0837 3B010000 		.4byte	0x13b
 1127 083b 0C       		.byte	0xc
 1128 083c 08       		.uleb128 0x8
 1129 083d F6010000 		.4byte	.LASF119
 1130 0841 0D       		.byte	0xd
 1131 0842 43       		.byte	0x43
 1132 0843 19       		.byte	0x19
 1133 0844 3B010000 		.4byte	0x13b
 1134 0848 10       		.byte	0x10
 1135 0849 00       		.byte	0
 1136 084a 0C       		.uleb128 0xc
 1137 084b 04       		.byte	0x4
 1138 084c EF070000 		.4byte	0x7ef
 1139 0850 06       		.uleb128 0x6
 1140 0851 58070000 		.4byte	.LASF120
ARM GAS  C:\Users\acest\AppData\Local\Temp\cc8GEYkg.s 			page 21


 1141 0855 04       		.byte	0x4
 1142 0856 0D       		.byte	0xd
 1143 0857 4A       		.byte	0x4a
 1144 0858 10       		.byte	0x10
 1145 0859 6B080000 		.4byte	0x86b
 1146 085d 08       		.uleb128 0x8
 1147 085e ED000000 		.4byte	.LASF66
 1148 0862 0D       		.byte	0xd
 1149 0863 4B       		.byte	0x4b
 1150 0864 1A       		.byte	0x1a
 1151 0865 4A080000 		.4byte	0x84a
 1152 0869 00       		.byte	0
 1153 086a 00       		.byte	0
 1154 086b 04       		.uleb128 0x4
 1155 086c 7B020000 		.4byte	.LASF121
 1156 0870 0D       		.byte	0xd
 1157 0871 4E       		.byte	0x4e
 1158 0872 03       		.byte	0x3
 1159 0873 50080000 		.4byte	0x850
 1160 0877 04       		.uleb128 0x4
 1161 0878 98020000 		.4byte	.LASF122
 1162 087c 0D       		.byte	0xd
 1163 087d 53       		.byte	0x53
 1164 087e 10       		.byte	0x10
 1165 087f 88080000 		.4byte	0x888
 1166 0883 0D       		.uleb128 0xd
 1167 0884 77080000 		.4byte	0x877
 1168 0888 0C       		.uleb128 0xc
 1169 0889 04       		.byte	0x4
 1170 088a 8E080000 		.4byte	0x88e
 1171 088e 14       		.uleb128 0x14
 1172 088f 99080000 		.4byte	0x899
 1173 0893 15       		.uleb128 0x15
 1174 0894 23010000 		.4byte	0x123
 1175 0898 00       		.byte	0
 1176 0899 03       		.uleb128 0x3
 1177 089a 01       		.byte	0x1
 1178 089b 02       		.byte	0x2
 1179 089c 6F050000 		.4byte	.LASF123
 1180 08a0 16       		.uleb128 0x16
 1181 08a1 27010000 		.4byte	.LASF125
 1182 08a5 0E       		.byte	0xe
 1183 08a6 6402     		.2byte	0x264
 1184 08a8 0D       		.byte	0xd
 1185 08a9 2F010000 		.4byte	0x12f
 1186 08ad D9080000 		.4byte	0x8d9
 1187 08b1 17       		.uleb128 0x17
 1188 08b2 1C060000 		.4byte	.LASF118
 1189 08b6 0E       		.byte	0xe
 1190 08b7 6402     		.2byte	0x264
 1191 08b9 2D       		.byte	0x2d
 1192 08ba 2F010000 		.4byte	0x12f
 1193 08be 17       		.uleb128 0x17
 1194 08bf E9020000 		.4byte	.LASF124
 1195 08c3 0E       		.byte	0xe
 1196 08c4 6402     		.2byte	0x264
 1197 08c6 43       		.byte	0x43
ARM GAS  C:\Users\acest\AppData\Local\Temp\cc8GEYkg.s 			page 22


 1198 08c7 56030000 		.4byte	0x356
 1199 08cb 18       		.uleb128 0x18
 1200 08cc D3030000 		.4byte	.LASF127
 1201 08d0 0E       		.byte	0xe
 1202 08d1 6502     		.2byte	0x265
 1203 08d3 0D       		.byte	0xd
 1204 08d4 12060000 		.4byte	0x612
 1205 08d8 00       		.byte	0
 1206 08d9 16       		.uleb128 0x16
 1207 08da F2000000 		.4byte	.LASF126
 1208 08de 0E       		.byte	0xe
 1209 08df 3B02     		.2byte	0x23b
 1210 08e1 0D       		.byte	0xd
 1211 08e2 2F010000 		.4byte	0x12f
 1212 08e6 1D090000 		.4byte	0x91d
 1213 08ea 17       		.uleb128 0x17
 1214 08eb 1C060000 		.4byte	.LASF118
 1215 08ef 0E       		.byte	0xe
 1216 08f0 3B02     		.2byte	0x23b
 1217 08f2 2D       		.byte	0x2d
 1218 08f3 2F010000 		.4byte	0x12f
 1219 08f7 17       		.uleb128 0x17
 1220 08f8 E9020000 		.4byte	.LASF124
 1221 08fc 0E       		.byte	0xe
 1222 08fd 3B02     		.2byte	0x23b
 1223 08ff 43       		.byte	0x43
 1224 0900 56030000 		.4byte	0x356
 1225 0904 18       		.uleb128 0x18
 1226 0905 D3030000 		.4byte	.LASF127
 1227 0909 0E       		.byte	0xe
 1228 090a 3C02     		.2byte	0x23c
 1229 090c 0D       		.byte	0xd
 1230 090d 12060000 		.4byte	0x612
 1231 0911 19       		.uleb128 0x19
 1232 0912 6D00     		.ascii	"m\000"
 1233 0914 0E       		.byte	0xe
 1234 0915 3D02     		.2byte	0x23d
 1235 0917 0F       		.byte	0xf
 1236 0918 2F010000 		.4byte	0x12f
 1237 091c 00       		.byte	0
 1238 091d 16       		.uleb128 0x16
 1239 091e 81070000 		.4byte	.LASF128
 1240 0922 0E       		.byte	0xe
 1241 0923 1002     		.2byte	0x210
 1242 0925 0D       		.byte	0xd
 1243 0926 2F010000 		.4byte	0x12f
 1244 092a 61090000 		.4byte	0x961
 1245 092e 17       		.uleb128 0x17
 1246 092f 1C060000 		.4byte	.LASF118
 1247 0933 0E       		.byte	0xe
 1248 0934 1002     		.2byte	0x210
 1249 0936 2D       		.byte	0x2d
 1250 0937 2F010000 		.4byte	0x12f
 1251 093b 17       		.uleb128 0x17
 1252 093c E9020000 		.4byte	.LASF124
 1253 0940 0E       		.byte	0xe
 1254 0941 1002     		.2byte	0x210
ARM GAS  C:\Users\acest\AppData\Local\Temp\cc8GEYkg.s 			page 23


 1255 0943 43       		.byte	0x43
 1256 0944 56030000 		.4byte	0x356
 1257 0948 18       		.uleb128 0x18
 1258 0949 D3030000 		.4byte	.LASF127
 1259 094d 0E       		.byte	0xe
 1260 094e 1102     		.2byte	0x211
 1261 0950 0D       		.byte	0xd
 1262 0951 12060000 		.4byte	0x612
 1263 0955 19       		.uleb128 0x19
 1264 0956 6D00     		.ascii	"m\000"
 1265 0958 0E       		.byte	0xe
 1266 0959 1202     		.2byte	0x212
 1267 095b 0F       		.byte	0xf
 1268 095c 2F010000 		.4byte	0x12f
 1269 0960 00       		.byte	0
 1270 0961 16       		.uleb128 0x16
 1271 0962 17050000 		.4byte	.LASF129
 1272 0966 0E       		.byte	0xe
 1273 0967 EA01     		.2byte	0x1ea
 1274 0969 0D       		.byte	0xd
 1275 096a 2F010000 		.4byte	0x12f
 1276 096e 8D090000 		.4byte	0x98d
 1277 0972 17       		.uleb128 0x17
 1278 0973 1C060000 		.4byte	.LASF118
 1279 0977 0E       		.byte	0xe
 1280 0978 EA01     		.2byte	0x1ea
 1281 097a 26       		.byte	0x26
 1282 097b 2F010000 		.4byte	0x12f
 1283 097f 18       		.uleb128 0x18
 1284 0980 D3030000 		.4byte	.LASF127
 1285 0984 0E       		.byte	0xe
 1286 0985 EB01     		.2byte	0x1eb
 1287 0987 0D       		.byte	0xd
 1288 0988 12060000 		.4byte	0x612
 1289 098c 00       		.byte	0
 1290 098d 16       		.uleb128 0x16
 1291 098e 84010000 		.4byte	.LASF130
 1292 0992 0E       		.byte	0xe
 1293 0993 CE01     		.2byte	0x1ce
 1294 0995 0D       		.byte	0xd
 1295 0996 2F010000 		.4byte	0x12f
 1296 099a C4090000 		.4byte	0x9c4
 1297 099e 17       		.uleb128 0x17
 1298 099f 1C060000 		.4byte	.LASF118
 1299 09a3 0E       		.byte	0xe
 1300 09a4 CE01     		.2byte	0x1ce
 1301 09a6 26       		.byte	0x26
 1302 09a7 2F010000 		.4byte	0x12f
 1303 09ab 18       		.uleb128 0x18
 1304 09ac D3030000 		.4byte	.LASF127
 1305 09b0 0E       		.byte	0xe
 1306 09b1 CF01     		.2byte	0x1cf
 1307 09b3 0D       		.byte	0xd
 1308 09b4 12060000 		.4byte	0x612
 1309 09b8 19       		.uleb128 0x19
 1310 09b9 6D00     		.ascii	"m\000"
 1311 09bb 0E       		.byte	0xe
ARM GAS  C:\Users\acest\AppData\Local\Temp\cc8GEYkg.s 			page 24


 1312 09bc D001     		.2byte	0x1d0
 1313 09be 0F       		.byte	0xf
 1314 09bf 2F010000 		.4byte	0x12f
 1315 09c3 00       		.byte	0
 1316 09c4 16       		.uleb128 0x16
 1317 09c5 8B050000 		.4byte	.LASF131
 1318 09c9 0E       		.byte	0xe
 1319 09ca B001     		.2byte	0x1b0
 1320 09cc 0D       		.byte	0xd
 1321 09cd 2F010000 		.4byte	0x12f
 1322 09d1 FB090000 		.4byte	0x9fb
 1323 09d5 17       		.uleb128 0x17
 1324 09d6 1C060000 		.4byte	.LASF118
 1325 09da 0E       		.byte	0xe
 1326 09db B001     		.2byte	0x1b0
 1327 09dd 26       		.byte	0x26
 1328 09de 2F010000 		.4byte	0x12f
 1329 09e2 18       		.uleb128 0x18
 1330 09e3 D3030000 		.4byte	.LASF127
 1331 09e7 0E       		.byte	0xe
 1332 09e8 B101     		.2byte	0x1b1
 1333 09ea 0D       		.byte	0xd
 1334 09eb 12060000 		.4byte	0x612
 1335 09ef 19       		.uleb128 0x19
 1336 09f0 6D00     		.ascii	"m\000"
 1337 09f2 0E       		.byte	0xe
 1338 09f3 B201     		.2byte	0x1b2
 1339 09f5 0F       		.byte	0xf
 1340 09f6 2F010000 		.4byte	0x12f
 1341 09fa 00       		.byte	0
 1342 09fb 1A       		.uleb128 0x1a
 1343 09fc D0040000 		.4byte	.LASF133
 1344 0a00 0E       		.byte	0xe
 1345 0a01 8D01     		.2byte	0x18d
 1346 0a03 06       		.byte	0x6
 1347 0a04 390A0000 		.4byte	0xa39
 1348 0a08 17       		.uleb128 0x17
 1349 0a09 3C050000 		.4byte	.LASF132
 1350 0a0d 0E       		.byte	0xe
 1351 0a0e 8D01     		.2byte	0x18d
 1352 0a10 27       		.byte	0x27
 1353 0a11 390A0000 		.4byte	0xa39
 1354 0a15 17       		.uleb128 0x17
 1355 0a16 1C060000 		.4byte	.LASF118
 1356 0a1a 0E       		.byte	0xe
 1357 0a1b 8D01     		.2byte	0x18d
 1358 0a1d 3D       		.byte	0x3d
 1359 0a1e 2F010000 		.4byte	0x12f
 1360 0a22 19       		.uleb128 0x19
 1361 0a23 65696400 		.ascii	"eid\000"
 1362 0a27 0E       		.byte	0xe
 1363 0a28 8E01     		.2byte	0x18e
 1364 0a2a 0D       		.byte	0xd
 1365 0a2b 23010000 		.4byte	0x123
 1366 0a2f 1B       		.uleb128 0x1b
 1367 0a30 F1050000 		.4byte	.LASF136
 1368 0a34 4F0A0000 		.4byte	0xa4f
ARM GAS  C:\Users\acest\AppData\Local\Temp\cc8GEYkg.s 			page 25


 1369 0a38 00       		.byte	0
 1370 0a39 0C       		.uleb128 0xc
 1371 0a3a 04       		.byte	0x4
 1372 0a3b 83080000 		.4byte	0x883
 1373 0a3f 1C       		.uleb128 0x1c
 1374 0a40 39030000 		.4byte	0x339
 1375 0a44 4F0A0000 		.4byte	0xa4f
 1376 0a48 1D       		.uleb128 0x1d
 1377 0a49 24000000 		.4byte	0x24
 1378 0a4d 0D       		.byte	0xd
 1379 0a4e 00       		.byte	0
 1380 0a4f 0D       		.uleb128 0xd
 1381 0a50 3F0A0000 		.4byte	0xa3f
 1382 0a54 1A       		.uleb128 0x1a
 1383 0a55 3D020000 		.4byte	.LASF134
 1384 0a59 0E       		.byte	0xe
 1385 0a5a 7C01     		.2byte	0x17c
 1386 0a5c 06       		.byte	0x6
 1387 0a5d 7C0A0000 		.4byte	0xa7c
 1388 0a61 1E       		.uleb128 0x1e
 1389 0a62 65737000 		.ascii	"esp\000"
 1390 0a66 0E       		.byte	0xe
 1391 0a67 7C01     		.2byte	0x17c
 1392 0a69 2A       		.byte	0x2a
 1393 0a6a 7C0A0000 		.4byte	0xa7c
 1394 0a6e 17       		.uleb128 0x17
 1395 0a6f 7B070000 		.4byte	.LASF36
 1396 0a73 0E       		.byte	0xe
 1397 0a74 7C01     		.2byte	0x17c
 1398 0a76 3C       		.byte	0x3c
 1399 0a77 3B010000 		.4byte	0x13b
 1400 0a7b 00       		.byte	0
 1401 0a7c 0C       		.uleb128 0xc
 1402 0a7d 04       		.byte	0x4
 1403 0a7e 6B080000 		.4byte	0x86b
 1404 0a82 1A       		.uleb128 0x1a
 1405 0a83 D5010000 		.4byte	.LASF135
 1406 0a87 0E       		.byte	0xe
 1407 0a88 5A01     		.2byte	0x15a
 1408 0a8a 06       		.byte	0x6
 1409 0a8b C00A0000 		.4byte	0xac0
 1410 0a8f 1E       		.uleb128 0x1e
 1411 0a90 65737000 		.ascii	"esp\000"
 1412 0a94 0E       		.byte	0xe
 1413 0a95 5A01     		.2byte	0x15a
 1414 0a97 2B       		.byte	0x2b
 1415 0a98 7C0A0000 		.4byte	0xa7c
 1416 0a9c 17       		.uleb128 0x17
 1417 0a9d 7B070000 		.4byte	.LASF36
 1418 0aa1 0E       		.byte	0xe
 1419 0aa2 5A01     		.2byte	0x15a
 1420 0aa4 3D       		.byte	0x3d
 1421 0aa5 3B010000 		.4byte	0x13b
 1422 0aa9 19       		.uleb128 0x19
 1423 0aaa 656C7000 		.ascii	"elp\000"
 1424 0aae 0E       		.byte	0xe
 1425 0aaf 5B01     		.2byte	0x15b
ARM GAS  C:\Users\acest\AppData\Local\Temp\cc8GEYkg.s 			page 26


 1426 0ab1 15       		.byte	0x15
 1427 0ab2 4A080000 		.4byte	0x84a
 1428 0ab6 1B       		.uleb128 0x1b
 1429 0ab7 F1050000 		.4byte	.LASF136
 1430 0abb D00A0000 		.4byte	0xad0
 1431 0abf 00       		.byte	0
 1432 0ac0 1C       		.uleb128 0x1c
 1433 0ac1 39030000 		.4byte	0x339
 1434 0ac5 D00A0000 		.4byte	0xad0
 1435 0ac9 1D       		.uleb128 0x1d
 1436 0aca 24000000 		.4byte	0x24
 1437 0ace 14       		.byte	0x14
 1438 0acf 00       		.byte	0
 1439 0ad0 0D       		.uleb128 0xd
 1440 0ad1 C00A0000 		.4byte	0xac0
 1441 0ad5 1A       		.uleb128 0x1a
 1442 0ad6 58000000 		.4byte	.LASF137
 1443 0ada 0E       		.byte	0xe
 1444 0adb 3F01     		.2byte	0x13f
 1445 0add 06       		.byte	0x6
 1446 0ade 050B0000 		.4byte	0xb05
 1447 0ae2 1E       		.uleb128 0x1e
 1448 0ae3 747000   		.ascii	"tp\000"
 1449 0ae6 0E       		.byte	0xe
 1450 0ae7 3F01     		.2byte	0x13f
 1451 0ae9 1C       		.byte	0x1c
 1452 0aea 12060000 		.4byte	0x612
 1453 0aee 17       		.uleb128 0x17
 1454 0aef 1C060000 		.4byte	.LASF118
 1455 0af3 0E       		.byte	0xe
 1456 0af4 3F01     		.2byte	0x13f
 1457 0af6 2C       		.byte	0x2c
 1458 0af7 2F010000 		.4byte	0x12f
 1459 0afb 1B       		.uleb128 0x1b
 1460 0afc F1050000 		.4byte	.LASF136
 1461 0b00 150B0000 		.4byte	0xb15
 1462 0b04 00       		.byte	0
 1463 0b05 1C       		.uleb128 0x1c
 1464 0b06 39030000 		.4byte	0x339
 1465 0b0a 150B0000 		.4byte	0xb15
 1466 0b0e 1D       		.uleb128 0x1d
 1467 0b0f 24000000 		.4byte	0x24
 1468 0b13 0B       		.byte	0xb
 1469 0b14 00       		.byte	0
 1470 0b15 0D       		.uleb128 0xd
 1471 0b16 050B0000 		.4byte	0xb05
 1472 0b1a 1A       		.uleb128 0x1a
 1473 0b1b 12080000 		.4byte	.LASF138
 1474 0b1f 0E       		.byte	0xe
 1475 0b20 2701     		.2byte	0x127
 1476 0b22 06       		.byte	0x6
 1477 0b23 4A0B0000 		.4byte	0xb4a
 1478 0b27 1E       		.uleb128 0x1e
 1479 0b28 747000   		.ascii	"tp\000"
 1480 0b2b 0E       		.byte	0xe
 1481 0b2c 2701     		.2byte	0x127
 1482 0b2e 1D       		.byte	0x1d
ARM GAS  C:\Users\acest\AppData\Local\Temp\cc8GEYkg.s 			page 27


 1483 0b2f 12060000 		.4byte	0x612
 1484 0b33 17       		.uleb128 0x17
 1485 0b34 1C060000 		.4byte	.LASF118
 1486 0b38 0E       		.byte	0xe
 1487 0b39 2701     		.2byte	0x127
 1488 0b3b 2D       		.byte	0x2d
 1489 0b3c 2F010000 		.4byte	0x12f
 1490 0b40 1B       		.uleb128 0x1b
 1491 0b41 F1050000 		.4byte	.LASF136
 1492 0b45 5A0B0000 		.4byte	0xb5a
 1493 0b49 00       		.byte	0
 1494 0b4a 1C       		.uleb128 0x1c
 1495 0b4b 39030000 		.4byte	0x339
 1496 0b4f 5A0B0000 		.4byte	0xb5a
 1497 0b53 1D       		.uleb128 0x1d
 1498 0b54 24000000 		.4byte	0x24
 1499 0b58 0C       		.byte	0xc
 1500 0b59 00       		.byte	0
 1501 0b5a 0D       		.uleb128 0xd
 1502 0b5b 4A0B0000 		.4byte	0xb4a
 1503 0b5f 16       		.uleb128 0x16
 1504 0b60 B4070000 		.4byte	.LASF139
 1505 0b64 0E       		.byte	0xe
 1506 0b65 0E01     		.2byte	0x10e
 1507 0b67 0E       		.byte	0xe
 1508 0b68 3B010000 		.4byte	0x13b
 1509 0b6c 940B0000 		.4byte	0xb94
 1510 0b70 1E       		.uleb128 0x1e
 1511 0b71 656C7000 		.ascii	"elp\000"
 1512 0b75 0E       		.byte	0xe
 1513 0b76 0E01     		.2byte	0x10e
 1514 0b78 36       		.byte	0x36
 1515 0b79 4A080000 		.4byte	0x84a
 1516 0b7d 18       		.uleb128 0x18
 1517 0b7e 7B070000 		.4byte	.LASF36
 1518 0b82 0E       		.byte	0xe
 1519 0b83 0F01     		.2byte	0x10f
 1520 0b85 10       		.byte	0x10
 1521 0b86 3B010000 		.4byte	0x13b
 1522 0b8a 1B       		.uleb128 0x1b
 1523 0b8b F1050000 		.4byte	.LASF136
 1524 0b8f A40B0000 		.4byte	0xba4
 1525 0b93 00       		.byte	0
 1526 0b94 1C       		.uleb128 0x1c
 1527 0b95 39030000 		.4byte	0x339
 1528 0b99 A40B0000 		.4byte	0xba4
 1529 0b9d 1D       		.uleb128 0x1d
 1530 0b9e 24000000 		.4byte	0x24
 1531 0ba2 15       		.byte	0x15
 1532 0ba3 00       		.byte	0
 1533 0ba4 0D       		.uleb128 0xd
 1534 0ba5 940B0000 		.4byte	0xb94
 1535 0ba9 1F       		.uleb128 0x1f
 1536 0baa D3050000 		.4byte	.LASF140
 1537 0bae 0E       		.byte	0xe
 1538 0baf F7       		.byte	0xf7
 1539 0bb0 0E       		.byte	0xe
ARM GAS  C:\Users\acest\AppData\Local\Temp\cc8GEYkg.s 			page 28


 1540 0bb1 3B010000 		.4byte	0x13b
 1541 0bb5 DB0B0000 		.4byte	0xbdb
 1542 0bb9 20       		.uleb128 0x20
 1543 0bba 656C7000 		.ascii	"elp\000"
 1544 0bbe 0E       		.byte	0xe
 1545 0bbf F7       		.byte	0xf7
 1546 0bc0 37       		.byte	0x37
 1547 0bc1 4A080000 		.4byte	0x84a
 1548 0bc5 21       		.uleb128 0x21
 1549 0bc6 7B070000 		.4byte	.LASF36
 1550 0bca 0E       		.byte	0xe
 1551 0bcb F8       		.byte	0xf8
 1552 0bcc 10       		.byte	0x10
 1553 0bcd 3B010000 		.4byte	0x13b
 1554 0bd1 1B       		.uleb128 0x1b
 1555 0bd2 F1050000 		.4byte	.LASF136
 1556 0bd6 EB0B0000 		.4byte	0xbeb
 1557 0bda 00       		.byte	0
 1558 0bdb 1C       		.uleb128 0x1c
 1559 0bdc 39030000 		.4byte	0x339
 1560 0be0 EB0B0000 		.4byte	0xbeb
 1561 0be4 1D       		.uleb128 0x1d
 1562 0be5 24000000 		.4byte	0x24
 1563 0be9 16       		.byte	0x16
 1564 0bea 00       		.byte	0
 1565 0beb 0D       		.uleb128 0xd
 1566 0bec DB0B0000 		.4byte	0xbdb
 1567 0bf0 1F       		.uleb128 0x1f
 1568 0bf1 AC000000 		.4byte	.LASF141
 1569 0bf5 0E       		.byte	0xe
 1570 0bf6 E2       		.byte	0xe2
 1571 0bf7 0D       		.byte	0xd
 1572 0bf8 2F010000 		.4byte	0x12f
 1573 0bfc 190C0000 		.4byte	0xc19
 1574 0c00 22       		.uleb128 0x22
 1575 0c01 1C060000 		.4byte	.LASF118
 1576 0c05 0E       		.byte	0xe
 1577 0c06 E2       		.byte	0xe2
 1578 0c07 28       		.byte	0x28
 1579 0c08 2F010000 		.4byte	0x12f
 1580 0c0c 21       		.uleb128 0x21
 1581 0c0d D6070000 		.4byte	.LASF142
 1582 0c11 0E       		.byte	0xe
 1583 0c12 E3       		.byte	0xe3
 1584 0c13 0F       		.byte	0xf
 1585 0c14 2F010000 		.4byte	0x12f
 1586 0c18 00       		.byte	0
 1587 0c19 1F       		.uleb128 0x1f
 1588 0c1a 91010000 		.4byte	.LASF143
 1589 0c1e 0E       		.byte	0xe
 1590 0c1f CF       		.byte	0xcf
 1591 0c20 0D       		.byte	0xd
 1592 0c21 2F010000 		.4byte	0x12f
 1593 0c25 400C0000 		.4byte	0xc40
 1594 0c29 22       		.uleb128 0x22
 1595 0c2a 1C060000 		.4byte	.LASF118
 1596 0c2e 0E       		.byte	0xe
ARM GAS  C:\Users\acest\AppData\Local\Temp\cc8GEYkg.s 			page 29


 1597 0c2f CF       		.byte	0xcf
 1598 0c30 30       		.byte	0x30
 1599 0c31 2F010000 		.4byte	0x12f
 1600 0c35 23       		.uleb128 0x23
 1601 0c36 6D00     		.ascii	"m\000"
 1602 0c38 0E       		.byte	0xe
 1603 0c39 D0       		.byte	0xd0
 1604 0c3a 0F       		.byte	0xf
 1605 0c3b 2F010000 		.4byte	0x12f
 1606 0c3f 00       		.byte	0
 1607 0c40 1F       		.uleb128 0x1f
 1608 0c41 9C070000 		.4byte	.LASF144
 1609 0c45 0E       		.byte	0xe
 1610 0c46 BB       		.byte	0xbb
 1611 0c47 0D       		.byte	0xd
 1612 0c48 2F010000 		.4byte	0x12f
 1613 0c4c 730C0000 		.4byte	0xc73
 1614 0c50 22       		.uleb128 0x22
 1615 0c51 1C060000 		.4byte	.LASF118
 1616 0c55 0E       		.byte	0xe
 1617 0c56 BB       		.byte	0xbb
 1618 0c57 31       		.byte	0x31
 1619 0c58 2F010000 		.4byte	0x12f
 1620 0c5c 21       		.uleb128 0x21
 1621 0c5d D3030000 		.4byte	.LASF127
 1622 0c61 0E       		.byte	0xe
 1623 0c62 BC       		.byte	0xbc
 1624 0c63 0D       		.byte	0xd
 1625 0c64 12060000 		.4byte	0x612
 1626 0c68 23       		.uleb128 0x23
 1627 0c69 6D00     		.ascii	"m\000"
 1628 0c6b 0E       		.byte	0xe
 1629 0c6c BD       		.byte	0xbd
 1630 0c6d 0F       		.byte	0xf
 1631 0c6e 2F010000 		.4byte	0x12f
 1632 0c72 00       		.byte	0
 1633 0c73 24       		.uleb128 0x24
 1634 0c74 F6030000 		.4byte	.LASF145
 1635 0c78 0E       		.byte	0xe
 1636 0c79 9E       		.byte	0x9e
 1637 0c7a 06       		.byte	0x6
 1638 0c7b AB0C0000 		.4byte	0xcab
 1639 0c7f 20       		.uleb128 0x20
 1640 0c80 65737000 		.ascii	"esp\000"
 1641 0c84 0E       		.byte	0xe
 1642 0c85 9E       		.byte	0x9e
 1643 0c86 26       		.byte	0x26
 1644 0c87 7C0A0000 		.4byte	0xa7c
 1645 0c8b 20       		.uleb128 0x20
 1646 0c8c 656C7000 		.ascii	"elp\000"
 1647 0c90 0E       		.byte	0xe
 1648 0c91 9E       		.byte	0x9e
 1649 0c92 3D       		.byte	0x3d
 1650 0c93 4A080000 		.4byte	0x84a
 1651 0c97 23       		.uleb128 0x23
 1652 0c98 7000     		.ascii	"p\000"
 1653 0c9a 0E       		.byte	0xe
ARM GAS  C:\Users\acest\AppData\Local\Temp\cc8GEYkg.s 			page 30


 1654 0c9b 9F       		.byte	0x9f
 1655 0c9c 15       		.byte	0x15
 1656 0c9d 4A080000 		.4byte	0x84a
 1657 0ca1 1B       		.uleb128 0x1b
 1658 0ca2 F1050000 		.4byte	.LASF136
 1659 0ca6 BB0C0000 		.4byte	0xcbb
 1660 0caa 00       		.byte	0
 1661 0cab 1C       		.uleb128 0x1c
 1662 0cac 39030000 		.4byte	0x339
 1663 0cb0 BB0C0000 		.4byte	0xcbb
 1664 0cb4 1D       		.uleb128 0x1d
 1665 0cb5 24000000 		.4byte	0x24
 1666 0cb9 0F       		.byte	0xf
 1667 0cba 00       		.byte	0
 1668 0cbb 0D       		.uleb128 0xd
 1669 0cbc AB0C0000 		.4byte	0xcab
 1670 0cc0 24       		.uleb128 0x24
 1671 0cc1 06040000 		.4byte	.LASF146
 1672 0cc5 0E       		.byte	0xe
 1673 0cc6 87       		.byte	0x87
 1674 0cc7 06       		.byte	0x6
 1675 0cc8 FD0C0000 		.4byte	0xcfd
 1676 0ccc 20       		.uleb128 0x20
 1677 0ccd 65737000 		.ascii	"esp\000"
 1678 0cd1 0E       		.byte	0xe
 1679 0cd2 87       		.byte	0x87
 1680 0cd3 31       		.byte	0x31
 1681 0cd4 7C0A0000 		.4byte	0xa7c
 1682 0cd8 20       		.uleb128 0x20
 1683 0cd9 656C7000 		.ascii	"elp\000"
 1684 0cdd 0E       		.byte	0xe
 1685 0cde 88       		.byte	0x88
 1686 0cdf 33       		.byte	0x33
 1687 0ce0 4A080000 		.4byte	0x84a
 1688 0ce4 22       		.uleb128 0x22
 1689 0ce5 1C060000 		.4byte	.LASF118
 1690 0ce9 0E       		.byte	0xe
 1691 0cea 89       		.byte	0x89
 1692 0ceb 2D       		.byte	0x2d
 1693 0cec 2F010000 		.4byte	0x12f
 1694 0cf0 22       		.uleb128 0x22
 1695 0cf1 F6010000 		.4byte	.LASF119
 1696 0cf5 0E       		.byte	0xe
 1697 0cf6 8A       		.byte	0x8a
 1698 0cf7 2E       		.byte	0x2e
 1699 0cf8 3B010000 		.4byte	0x13b
 1700 0cfc 00       		.byte	0
 1701 0cfd 24       		.uleb128 0x24
 1702 0cfe 98050000 		.4byte	.LASF147
 1703 0d02 0E       		.byte	0xe
 1704 0d03 67       		.byte	0x67
 1705 0d04 06       		.byte	0x6
 1706 0d05 4F0D0000 		.4byte	0xd4f
 1707 0d09 20       		.uleb128 0x20
 1708 0d0a 65737000 		.ascii	"esp\000"
 1709 0d0e 0E       		.byte	0xe
 1710 0d0f 67       		.byte	0x67
ARM GAS  C:\Users\acest\AppData\Local\Temp\cc8GEYkg.s 			page 31


 1711 0d10 32       		.byte	0x32
 1712 0d11 7C0A0000 		.4byte	0xa7c
 1713 0d15 20       		.uleb128 0x20
 1714 0d16 656C7000 		.ascii	"elp\000"
 1715 0d1a 0E       		.byte	0xe
 1716 0d1b 68       		.byte	0x68
 1717 0d1c 34       		.byte	0x34
 1718 0d1d 4A080000 		.4byte	0x84a
 1719 0d21 22       		.uleb128 0x22
 1720 0d22 1C060000 		.4byte	.LASF118
 1721 0d26 0E       		.byte	0xe
 1722 0d27 69       		.byte	0x69
 1723 0d28 2E       		.byte	0x2e
 1724 0d29 2F010000 		.4byte	0x12f
 1725 0d2d 22       		.uleb128 0x22
 1726 0d2e F6010000 		.4byte	.LASF119
 1727 0d32 0E       		.byte	0xe
 1728 0d33 6A       		.byte	0x6a
 1729 0d34 2F       		.byte	0x2f
 1730 0d35 3B010000 		.4byte	0x13b
 1731 0d39 21       		.uleb128 0x21
 1732 0d3a D3030000 		.4byte	.LASF127
 1733 0d3e 0E       		.byte	0xe
 1734 0d3f 6B       		.byte	0x6b
 1735 0d40 0D       		.byte	0xd
 1736 0d41 12060000 		.4byte	0x612
 1737 0d45 1B       		.uleb128 0x1b
 1738 0d46 F1050000 		.4byte	.LASF136
 1739 0d4a 5F0D0000 		.4byte	0xd5f
 1740 0d4e 00       		.byte	0
 1741 0d4f 1C       		.uleb128 0x1c
 1742 0d50 39030000 		.4byte	0x339
 1743 0d54 5F0D0000 		.4byte	0xd5f
 1744 0d58 1D       		.uleb128 0x1d
 1745 0d59 24000000 		.4byte	0x24
 1746 0d5d 1B       		.byte	0x1b
 1747 0d5e 00       		.byte	0
 1748 0d5f 0D       		.uleb128 0xd
 1749 0d60 4F0D0000 		.4byte	0xd4f
 1750 0d64 25       		.uleb128 0x25
 1751 0d65 0B010000 		.4byte	.LASF155
 1752 0d69 0D       		.byte	0xd
 1753 0d6a 1101     		.2byte	0x111
 1754 0d6c 1B       		.byte	0x1b
 1755 0d6d 2F010000 		.4byte	0x12f
 1756 0d71 830D0000 		.4byte	0xd83
 1757 0d75 17       		.uleb128 0x17
 1758 0d76 1C060000 		.4byte	.LASF118
 1759 0d7a 0D       		.byte	0xd
 1760 0d7b 1101     		.2byte	0x111
 1761 0d7d 37       		.byte	0x37
 1762 0d7e 2F010000 		.4byte	0x12f
 1763 0d82 00       		.byte	0
 1764 0d83 26       		.uleb128 0x26
 1765 0d84 65070000 		.4byte	.LASF156
 1766 0d88 11       		.byte	0x11
 1767 0d89 5501     		.2byte	0x155
ARM GAS  C:\Users\acest\AppData\Local\Temp\cc8GEYkg.s 			page 32


 1768 0d8b 19       		.byte	0x19
 1769 0d8c 12060000 		.4byte	0x612
 1770 0d90 27       		.uleb128 0x27
 1771 0d91 CA070000 		.4byte	.LASF157
 1772 0d95 0F       		.byte	0xf
 1773 0d96 A501     		.2byte	0x1a5
 1774 0d98 14       		.byte	0x14
 1775 0d99 A70D0000 		.4byte	0xda7
 1776 0d9d 1B       		.uleb128 0x1b
 1777 0d9e F1050000 		.4byte	.LASF136
 1778 0da2 150B0000 		.4byte	0xb15
 1779 0da6 00       		.byte	0
 1780 0da7 28       		.uleb128 0x28
 1781 0da8 FA050000 		.4byte	.LASF148
 1782 0dac 0F       		.byte	0xf
 1783 0dad 9701     		.2byte	0x197
 1784 0daf 14       		.byte	0x14
 1785 0db0 28       		.uleb128 0x28
 1786 0db1 58010000 		.4byte	.LASF149
 1787 0db5 0A       		.byte	0xa
 1788 0db6 1F03     		.2byte	0x31f
 1789 0db8 1B       		.byte	0x1b
 1790 0db9 28       		.uleb128 0x28
 1791 0dba E2070000 		.4byte	.LASF150
 1792 0dbe 0A       		.byte	0xa
 1793 0dbf 0B03     		.2byte	0x30b
 1794 0dc1 1B       		.byte	0x1b
 1795 0dc2 29       		.uleb128 0x29
 1796 0dc3 90060000 		.4byte	.LASF158
 1797 0dc7 10       		.byte	0x10
 1798 0dc8 EB01     		.2byte	0x1eb
 1799 0dca 1B       		.byte	0x1b
 1800 0dcb 17       		.uleb128 0x17
 1801 0dcc 49010000 		.4byte	.LASF151
 1802 0dd0 10       		.byte	0x10
 1803 0dd1 EB01     		.2byte	0x1eb
 1804 0dd3 32       		.byte	0x32
 1805 0dd4 B2000000 		.4byte	0xb2
 1806 0dd8 00       		.byte	0
 1807 0dd9 00       		.byte	0
 1808              		.section	.gnu.debuglto_.debug_abbrev,"e",%progbits
 1809              	.Ldebug_abbrev0:
 1810 0000 01       		.uleb128 0x1
 1811 0001 11       		.uleb128 0x11
 1812 0002 01       		.byte	0x1
 1813 0003 25       		.uleb128 0x25
 1814 0004 0E       		.uleb128 0xe
 1815 0005 13       		.uleb128 0x13
 1816 0006 0B       		.uleb128 0xb
 1817 0007 03       		.uleb128 0x3
 1818 0008 0E       		.uleb128 0xe
 1819 0009 1B       		.uleb128 0x1b
 1820 000a 0E       		.uleb128 0xe
 1821 000b 10       		.uleb128 0x10
 1822 000c 17       		.uleb128 0x17
 1823 000d 00       		.byte	0
 1824 000e 00       		.byte	0
ARM GAS  C:\Users\acest\AppData\Local\Temp\cc8GEYkg.s 			page 33


 1825 000f 02       		.uleb128 0x2
 1826 0010 24       		.uleb128 0x24
 1827 0011 00       		.byte	0
 1828 0012 0B       		.uleb128 0xb
 1829 0013 0B       		.uleb128 0xb
 1830 0014 3E       		.uleb128 0x3e
 1831 0015 0B       		.uleb128 0xb
 1832 0016 03       		.uleb128 0x3
 1833 0017 08       		.uleb128 0x8
 1834 0018 00       		.byte	0
 1835 0019 00       		.byte	0
 1836 001a 03       		.uleb128 0x3
 1837 001b 24       		.uleb128 0x24
 1838 001c 00       		.byte	0
 1839 001d 0B       		.uleb128 0xb
 1840 001e 0B       		.uleb128 0xb
 1841 001f 3E       		.uleb128 0x3e
 1842 0020 0B       		.uleb128 0xb
 1843 0021 03       		.uleb128 0x3
 1844 0022 0E       		.uleb128 0xe
 1845 0023 00       		.byte	0
 1846 0024 00       		.byte	0
 1847 0025 04       		.uleb128 0x4
 1848 0026 16       		.uleb128 0x16
 1849 0027 00       		.byte	0
 1850 0028 03       		.uleb128 0x3
 1851 0029 0E       		.uleb128 0xe
 1852 002a 3A       		.uleb128 0x3a
 1853 002b 0B       		.uleb128 0xb
 1854 002c 3B       		.uleb128 0x3b
 1855 002d 0B       		.uleb128 0xb
 1856 002e 39       		.uleb128 0x39
 1857 002f 0B       		.uleb128 0xb
 1858 0030 49       		.uleb128 0x49
 1859 0031 13       		.uleb128 0x13
 1860 0032 00       		.byte	0
 1861 0033 00       		.byte	0
 1862 0034 05       		.uleb128 0x5
 1863 0035 35       		.uleb128 0x35
 1864 0036 00       		.byte	0
 1865 0037 49       		.uleb128 0x49
 1866 0038 13       		.uleb128 0x13
 1867 0039 00       		.byte	0
 1868 003a 00       		.byte	0
 1869 003b 06       		.uleb128 0x6
 1870 003c 13       		.uleb128 0x13
 1871 003d 01       		.byte	0x1
 1872 003e 03       		.uleb128 0x3
 1873 003f 0E       		.uleb128 0xe
 1874 0040 0B       		.uleb128 0xb
 1875 0041 0B       		.uleb128 0xb
 1876 0042 3A       		.uleb128 0x3a
 1877 0043 0B       		.uleb128 0xb
 1878 0044 3B       		.uleb128 0x3b
 1879 0045 0B       		.uleb128 0xb
 1880 0046 39       		.uleb128 0x39
 1881 0047 0B       		.uleb128 0xb
ARM GAS  C:\Users\acest\AppData\Local\Temp\cc8GEYkg.s 			page 34


 1882 0048 01       		.uleb128 0x1
 1883 0049 13       		.uleb128 0x13
 1884 004a 00       		.byte	0
 1885 004b 00       		.byte	0
 1886 004c 07       		.uleb128 0x7
 1887 004d 0D       		.uleb128 0xd
 1888 004e 00       		.byte	0
 1889 004f 03       		.uleb128 0x3
 1890 0050 08       		.uleb128 0x8
 1891 0051 3A       		.uleb128 0x3a
 1892 0052 0B       		.uleb128 0xb
 1893 0053 3B       		.uleb128 0x3b
 1894 0054 0B       		.uleb128 0xb
 1895 0055 39       		.uleb128 0x39
 1896 0056 0B       		.uleb128 0xb
 1897 0057 49       		.uleb128 0x49
 1898 0058 13       		.uleb128 0x13
 1899 0059 38       		.uleb128 0x38
 1900 005a 0B       		.uleb128 0xb
 1901 005b 00       		.byte	0
 1902 005c 00       		.byte	0
 1903 005d 08       		.uleb128 0x8
 1904 005e 0D       		.uleb128 0xd
 1905 005f 00       		.byte	0
 1906 0060 03       		.uleb128 0x3
 1907 0061 0E       		.uleb128 0xe
 1908 0062 3A       		.uleb128 0x3a
 1909 0063 0B       		.uleb128 0xb
 1910 0064 3B       		.uleb128 0x3b
 1911 0065 0B       		.uleb128 0xb
 1912 0066 39       		.uleb128 0x39
 1913 0067 0B       		.uleb128 0xb
 1914 0068 49       		.uleb128 0x49
 1915 0069 13       		.uleb128 0x13
 1916 006a 38       		.uleb128 0x38
 1917 006b 0B       		.uleb128 0xb
 1918 006c 00       		.byte	0
 1919 006d 00       		.byte	0
 1920 006e 09       		.uleb128 0x9
 1921 006f 0D       		.uleb128 0xd
 1922 0070 00       		.byte	0
 1923 0071 03       		.uleb128 0x3
 1924 0072 08       		.uleb128 0x8
 1925 0073 3A       		.uleb128 0x3a
 1926 0074 0B       		.uleb128 0xb
 1927 0075 3B       		.uleb128 0x3b
 1928 0076 05       		.uleb128 0x5
 1929 0077 39       		.uleb128 0x39
 1930 0078 0B       		.uleb128 0xb
 1931 0079 49       		.uleb128 0x49
 1932 007a 13       		.uleb128 0x13
 1933 007b 38       		.uleb128 0x38
 1934 007c 0B       		.uleb128 0xb
 1935 007d 00       		.byte	0
 1936 007e 00       		.byte	0
 1937 007f 0A       		.uleb128 0xa
 1938 0080 0D       		.uleb128 0xd
ARM GAS  C:\Users\acest\AppData\Local\Temp\cc8GEYkg.s 			page 35


 1939 0081 00       		.byte	0
 1940 0082 03       		.uleb128 0x3
 1941 0083 0E       		.uleb128 0xe
 1942 0084 3A       		.uleb128 0x3a
 1943 0085 0B       		.uleb128 0xb
 1944 0086 3B       		.uleb128 0x3b
 1945 0087 05       		.uleb128 0x5
 1946 0088 39       		.uleb128 0x39
 1947 0089 0B       		.uleb128 0xb
 1948 008a 49       		.uleb128 0x49
 1949 008b 13       		.uleb128 0x13
 1950 008c 38       		.uleb128 0x38
 1951 008d 0B       		.uleb128 0xb
 1952 008e 00       		.byte	0
 1953 008f 00       		.byte	0
 1954 0090 0B       		.uleb128 0xb
 1955 0091 13       		.uleb128 0x13
 1956 0092 01       		.byte	0x1
 1957 0093 03       		.uleb128 0x3
 1958 0094 0E       		.uleb128 0xe
 1959 0095 0B       		.uleb128 0xb
 1960 0096 0B       		.uleb128 0xb
 1961 0097 3A       		.uleb128 0x3a
 1962 0098 0B       		.uleb128 0xb
 1963 0099 3B       		.uleb128 0x3b
 1964 009a 05       		.uleb128 0x5
 1965 009b 39       		.uleb128 0x39
 1966 009c 0B       		.uleb128 0xb
 1967 009d 01       		.uleb128 0x1
 1968 009e 13       		.uleb128 0x13
 1969 009f 00       		.byte	0
 1970 00a0 00       		.byte	0
 1971 00a1 0C       		.uleb128 0xc
 1972 00a2 0F       		.uleb128 0xf
 1973 00a3 00       		.byte	0
 1974 00a4 0B       		.uleb128 0xb
 1975 00a5 0B       		.uleb128 0xb
 1976 00a6 49       		.uleb128 0x49
 1977 00a7 13       		.uleb128 0x13
 1978 00a8 00       		.byte	0
 1979 00a9 00       		.byte	0
 1980 00aa 0D       		.uleb128 0xd
 1981 00ab 26       		.uleb128 0x26
 1982 00ac 00       		.byte	0
 1983 00ad 49       		.uleb128 0x49
 1984 00ae 13       		.uleb128 0x13
 1985 00af 00       		.byte	0
 1986 00b0 00       		.byte	0
 1987 00b1 0E       		.uleb128 0xe
 1988 00b2 0F       		.uleb128 0xf
 1989 00b3 00       		.byte	0
 1990 00b4 0B       		.uleb128 0xb
 1991 00b5 0B       		.uleb128 0xb
 1992 00b6 00       		.byte	0
 1993 00b7 00       		.byte	0
 1994 00b8 0F       		.uleb128 0xf
 1995 00b9 17       		.uleb128 0x17
ARM GAS  C:\Users\acest\AppData\Local\Temp\cc8GEYkg.s 			page 36


 1996 00ba 01       		.byte	0x1
 1997 00bb 0B       		.uleb128 0xb
 1998 00bc 0B       		.uleb128 0xb
 1999 00bd 3A       		.uleb128 0x3a
 2000 00be 0B       		.uleb128 0xb
 2001 00bf 3B       		.uleb128 0x3b
 2002 00c0 0B       		.uleb128 0xb
 2003 00c1 39       		.uleb128 0x39
 2004 00c2 0B       		.uleb128 0xb
 2005 00c3 01       		.uleb128 0x1
 2006 00c4 13       		.uleb128 0x13
 2007 00c5 00       		.byte	0
 2008 00c6 00       		.byte	0
 2009 00c7 10       		.uleb128 0x10
 2010 00c8 0D       		.uleb128 0xd
 2011 00c9 00       		.byte	0
 2012 00ca 03       		.uleb128 0x3
 2013 00cb 0E       		.uleb128 0xe
 2014 00cc 3A       		.uleb128 0x3a
 2015 00cd 0B       		.uleb128 0xb
 2016 00ce 3B       		.uleb128 0x3b
 2017 00cf 0B       		.uleb128 0xb
 2018 00d0 39       		.uleb128 0x39
 2019 00d1 0B       		.uleb128 0xb
 2020 00d2 49       		.uleb128 0x49
 2021 00d3 13       		.uleb128 0x13
 2022 00d4 00       		.byte	0
 2023 00d5 00       		.byte	0
 2024 00d6 11       		.uleb128 0x11
 2025 00d7 0D       		.uleb128 0xd
 2026 00d8 00       		.byte	0
 2027 00d9 03       		.uleb128 0x3
 2028 00da 0E       		.uleb128 0xe
 2029 00db 3A       		.uleb128 0x3a
 2030 00dc 0B       		.uleb128 0xb
 2031 00dd 3B       		.uleb128 0x3b
 2032 00de 05       		.uleb128 0x5
 2033 00df 39       		.uleb128 0x39
 2034 00e0 0B       		.uleb128 0xb
 2035 00e1 49       		.uleb128 0x49
 2036 00e2 13       		.uleb128 0x13
 2037 00e3 00       		.byte	0
 2038 00e4 00       		.byte	0
 2039 00e5 12       		.uleb128 0x12
 2040 00e6 16       		.uleb128 0x16
 2041 00e7 00       		.byte	0
 2042 00e8 03       		.uleb128 0x3
 2043 00e9 0E       		.uleb128 0xe
 2044 00ea 3A       		.uleb128 0x3a
 2045 00eb 0B       		.uleb128 0xb
 2046 00ec 3B       		.uleb128 0x3b
 2047 00ed 05       		.uleb128 0x5
 2048 00ee 39       		.uleb128 0x39
 2049 00ef 0B       		.uleb128 0xb
 2050 00f0 49       		.uleb128 0x49
 2051 00f1 13       		.uleb128 0x13
 2052 00f2 00       		.byte	0
ARM GAS  C:\Users\acest\AppData\Local\Temp\cc8GEYkg.s 			page 37


 2053 00f3 00       		.byte	0
 2054 00f4 13       		.uleb128 0x13
 2055 00f5 34       		.uleb128 0x34
 2056 00f6 00       		.byte	0
 2057 00f7 03       		.uleb128 0x3
 2058 00f8 08       		.uleb128 0x8
 2059 00f9 3A       		.uleb128 0x3a
 2060 00fa 0B       		.uleb128 0xb
 2061 00fb 3B       		.uleb128 0x3b
 2062 00fc 05       		.uleb128 0x5
 2063 00fd 39       		.uleb128 0x39
 2064 00fe 0B       		.uleb128 0xb
 2065 00ff 49       		.uleb128 0x49
 2066 0100 13       		.uleb128 0x13
 2067 0101 3F       		.uleb128 0x3f
 2068 0102 19       		.uleb128 0x19
 2069 0103 3C       		.uleb128 0x3c
 2070 0104 19       		.uleb128 0x19
 2071 0105 00       		.byte	0
 2072 0106 00       		.byte	0
 2073 0107 14       		.uleb128 0x14
 2074 0108 15       		.uleb128 0x15
 2075 0109 01       		.byte	0x1
 2076 010a 27       		.uleb128 0x27
 2077 010b 19       		.uleb128 0x19
 2078 010c 01       		.uleb128 0x1
 2079 010d 13       		.uleb128 0x13
 2080 010e 00       		.byte	0
 2081 010f 00       		.byte	0
 2082 0110 15       		.uleb128 0x15
 2083 0111 05       		.uleb128 0x5
 2084 0112 00       		.byte	0
 2085 0113 49       		.uleb128 0x49
 2086 0114 13       		.uleb128 0x13
 2087 0115 00       		.byte	0
 2088 0116 00       		.byte	0
 2089 0117 16       		.uleb128 0x16
 2090 0118 2E       		.uleb128 0x2e
 2091 0119 01       		.byte	0x1
 2092 011a 3F       		.uleb128 0x3f
 2093 011b 19       		.uleb128 0x19
 2094 011c 03       		.uleb128 0x3
 2095 011d 0E       		.uleb128 0xe
 2096 011e 3A       		.uleb128 0x3a
 2097 011f 0B       		.uleb128 0xb
 2098 0120 3B       		.uleb128 0x3b
 2099 0121 05       		.uleb128 0x5
 2100 0122 39       		.uleb128 0x39
 2101 0123 0B       		.uleb128 0xb
 2102 0124 27       		.uleb128 0x27
 2103 0125 19       		.uleb128 0x19
 2104 0126 49       		.uleb128 0x49
 2105 0127 13       		.uleb128 0x13
 2106 0128 01       		.uleb128 0x1
 2107 0129 13       		.uleb128 0x13
 2108 012a 00       		.byte	0
 2109 012b 00       		.byte	0
ARM GAS  C:\Users\acest\AppData\Local\Temp\cc8GEYkg.s 			page 38


 2110 012c 17       		.uleb128 0x17
 2111 012d 05       		.uleb128 0x5
 2112 012e 00       		.byte	0
 2113 012f 03       		.uleb128 0x3
 2114 0130 0E       		.uleb128 0xe
 2115 0131 3A       		.uleb128 0x3a
 2116 0132 0B       		.uleb128 0xb
 2117 0133 3B       		.uleb128 0x3b
 2118 0134 05       		.uleb128 0x5
 2119 0135 39       		.uleb128 0x39
 2120 0136 0B       		.uleb128 0xb
 2121 0137 49       		.uleb128 0x49
 2122 0138 13       		.uleb128 0x13
 2123 0139 00       		.byte	0
 2124 013a 00       		.byte	0
 2125 013b 18       		.uleb128 0x18
 2126 013c 34       		.uleb128 0x34
 2127 013d 00       		.byte	0
 2128 013e 03       		.uleb128 0x3
 2129 013f 0E       		.uleb128 0xe
 2130 0140 3A       		.uleb128 0x3a
 2131 0141 0B       		.uleb128 0xb
 2132 0142 3B       		.uleb128 0x3b
 2133 0143 05       		.uleb128 0x5
 2134 0144 39       		.uleb128 0x39
 2135 0145 0B       		.uleb128 0xb
 2136 0146 49       		.uleb128 0x49
 2137 0147 13       		.uleb128 0x13
 2138 0148 00       		.byte	0
 2139 0149 00       		.byte	0
 2140 014a 19       		.uleb128 0x19
 2141 014b 34       		.uleb128 0x34
 2142 014c 00       		.byte	0
 2143 014d 03       		.uleb128 0x3
 2144 014e 08       		.uleb128 0x8
 2145 014f 3A       		.uleb128 0x3a
 2146 0150 0B       		.uleb128 0xb
 2147 0151 3B       		.uleb128 0x3b
 2148 0152 05       		.uleb128 0x5
 2149 0153 39       		.uleb128 0x39
 2150 0154 0B       		.uleb128 0xb
 2151 0155 49       		.uleb128 0x49
 2152 0156 13       		.uleb128 0x13
 2153 0157 00       		.byte	0
 2154 0158 00       		.byte	0
 2155 0159 1A       		.uleb128 0x1a
 2156 015a 2E       		.uleb128 0x2e
 2157 015b 01       		.byte	0x1
 2158 015c 3F       		.uleb128 0x3f
 2159 015d 19       		.uleb128 0x19
 2160 015e 03       		.uleb128 0x3
 2161 015f 0E       		.uleb128 0xe
 2162 0160 3A       		.uleb128 0x3a
 2163 0161 0B       		.uleb128 0xb
 2164 0162 3B       		.uleb128 0x3b
 2165 0163 05       		.uleb128 0x5
 2166 0164 39       		.uleb128 0x39
ARM GAS  C:\Users\acest\AppData\Local\Temp\cc8GEYkg.s 			page 39


 2167 0165 0B       		.uleb128 0xb
 2168 0166 27       		.uleb128 0x27
 2169 0167 19       		.uleb128 0x19
 2170 0168 01       		.uleb128 0x1
 2171 0169 13       		.uleb128 0x13
 2172 016a 00       		.byte	0
 2173 016b 00       		.byte	0
 2174 016c 1B       		.uleb128 0x1b
 2175 016d 34       		.uleb128 0x34
 2176 016e 00       		.byte	0
 2177 016f 03       		.uleb128 0x3
 2178 0170 0E       		.uleb128 0xe
 2179 0171 49       		.uleb128 0x49
 2180 0172 13       		.uleb128 0x13
 2181 0173 34       		.uleb128 0x34
 2182 0174 19       		.uleb128 0x19
 2183 0175 00       		.byte	0
 2184 0176 00       		.byte	0
 2185 0177 1C       		.uleb128 0x1c
 2186 0178 01       		.uleb128 0x1
 2187 0179 01       		.byte	0x1
 2188 017a 49       		.uleb128 0x49
 2189 017b 13       		.uleb128 0x13
 2190 017c 01       		.uleb128 0x1
 2191 017d 13       		.uleb128 0x13
 2192 017e 00       		.byte	0
 2193 017f 00       		.byte	0
 2194 0180 1D       		.uleb128 0x1d
 2195 0181 21       		.uleb128 0x21
 2196 0182 00       		.byte	0
 2197 0183 49       		.uleb128 0x49
 2198 0184 13       		.uleb128 0x13
 2199 0185 2F       		.uleb128 0x2f
 2200 0186 0B       		.uleb128 0xb
 2201 0187 00       		.byte	0
 2202 0188 00       		.byte	0
 2203 0189 1E       		.uleb128 0x1e
 2204 018a 05       		.uleb128 0x5
 2205 018b 00       		.byte	0
 2206 018c 03       		.uleb128 0x3
 2207 018d 08       		.uleb128 0x8
 2208 018e 3A       		.uleb128 0x3a
 2209 018f 0B       		.uleb128 0xb
 2210 0190 3B       		.uleb128 0x3b
 2211 0191 05       		.uleb128 0x5
 2212 0192 39       		.uleb128 0x39
 2213 0193 0B       		.uleb128 0xb
 2214 0194 49       		.uleb128 0x49
 2215 0195 13       		.uleb128 0x13
 2216 0196 00       		.byte	0
 2217 0197 00       		.byte	0
 2218 0198 1F       		.uleb128 0x1f
 2219 0199 2E       		.uleb128 0x2e
 2220 019a 01       		.byte	0x1
 2221 019b 3F       		.uleb128 0x3f
 2222 019c 19       		.uleb128 0x19
 2223 019d 03       		.uleb128 0x3
ARM GAS  C:\Users\acest\AppData\Local\Temp\cc8GEYkg.s 			page 40


 2224 019e 0E       		.uleb128 0xe
 2225 019f 3A       		.uleb128 0x3a
 2226 01a0 0B       		.uleb128 0xb
 2227 01a1 3B       		.uleb128 0x3b
 2228 01a2 0B       		.uleb128 0xb
 2229 01a3 39       		.uleb128 0x39
 2230 01a4 0B       		.uleb128 0xb
 2231 01a5 27       		.uleb128 0x27
 2232 01a6 19       		.uleb128 0x19
 2233 01a7 49       		.uleb128 0x49
 2234 01a8 13       		.uleb128 0x13
 2235 01a9 01       		.uleb128 0x1
 2236 01aa 13       		.uleb128 0x13
 2237 01ab 00       		.byte	0
 2238 01ac 00       		.byte	0
 2239 01ad 20       		.uleb128 0x20
 2240 01ae 05       		.uleb128 0x5
 2241 01af 00       		.byte	0
 2242 01b0 03       		.uleb128 0x3
 2243 01b1 08       		.uleb128 0x8
 2244 01b2 3A       		.uleb128 0x3a
 2245 01b3 0B       		.uleb128 0xb
 2246 01b4 3B       		.uleb128 0x3b
 2247 01b5 0B       		.uleb128 0xb
 2248 01b6 39       		.uleb128 0x39
 2249 01b7 0B       		.uleb128 0xb
 2250 01b8 49       		.uleb128 0x49
 2251 01b9 13       		.uleb128 0x13
 2252 01ba 00       		.byte	0
 2253 01bb 00       		.byte	0
 2254 01bc 21       		.uleb128 0x21
 2255 01bd 34       		.uleb128 0x34
 2256 01be 00       		.byte	0
 2257 01bf 03       		.uleb128 0x3
 2258 01c0 0E       		.uleb128 0xe
 2259 01c1 3A       		.uleb128 0x3a
 2260 01c2 0B       		.uleb128 0xb
 2261 01c3 3B       		.uleb128 0x3b
 2262 01c4 0B       		.uleb128 0xb
 2263 01c5 39       		.uleb128 0x39
 2264 01c6 0B       		.uleb128 0xb
 2265 01c7 49       		.uleb128 0x49
 2266 01c8 13       		.uleb128 0x13
 2267 01c9 00       		.byte	0
 2268 01ca 00       		.byte	0
 2269 01cb 22       		.uleb128 0x22
 2270 01cc 05       		.uleb128 0x5
 2271 01cd 00       		.byte	0
 2272 01ce 03       		.uleb128 0x3
 2273 01cf 0E       		.uleb128 0xe
 2274 01d0 3A       		.uleb128 0x3a
 2275 01d1 0B       		.uleb128 0xb
 2276 01d2 3B       		.uleb128 0x3b
 2277 01d3 0B       		.uleb128 0xb
 2278 01d4 39       		.uleb128 0x39
 2279 01d5 0B       		.uleb128 0xb
 2280 01d6 49       		.uleb128 0x49
ARM GAS  C:\Users\acest\AppData\Local\Temp\cc8GEYkg.s 			page 41


 2281 01d7 13       		.uleb128 0x13
 2282 01d8 00       		.byte	0
 2283 01d9 00       		.byte	0
 2284 01da 23       		.uleb128 0x23
 2285 01db 34       		.uleb128 0x34
 2286 01dc 00       		.byte	0
 2287 01dd 03       		.uleb128 0x3
 2288 01de 08       		.uleb128 0x8
 2289 01df 3A       		.uleb128 0x3a
 2290 01e0 0B       		.uleb128 0xb
 2291 01e1 3B       		.uleb128 0x3b
 2292 01e2 0B       		.uleb128 0xb
 2293 01e3 39       		.uleb128 0x39
 2294 01e4 0B       		.uleb128 0xb
 2295 01e5 49       		.uleb128 0x49
 2296 01e6 13       		.uleb128 0x13
 2297 01e7 00       		.byte	0
 2298 01e8 00       		.byte	0
 2299 01e9 24       		.uleb128 0x24
 2300 01ea 2E       		.uleb128 0x2e
 2301 01eb 01       		.byte	0x1
 2302 01ec 3F       		.uleb128 0x3f
 2303 01ed 19       		.uleb128 0x19
 2304 01ee 03       		.uleb128 0x3
 2305 01ef 0E       		.uleb128 0xe
 2306 01f0 3A       		.uleb128 0x3a
 2307 01f1 0B       		.uleb128 0xb
 2308 01f2 3B       		.uleb128 0x3b
 2309 01f3 0B       		.uleb128 0xb
 2310 01f4 39       		.uleb128 0x39
 2311 01f5 0B       		.uleb128 0xb
 2312 01f6 27       		.uleb128 0x27
 2313 01f7 19       		.uleb128 0x19
 2314 01f8 01       		.uleb128 0x1
 2315 01f9 13       		.uleb128 0x13
 2316 01fa 00       		.byte	0
 2317 01fb 00       		.byte	0
 2318 01fc 25       		.uleb128 0x25
 2319 01fd 2E       		.uleb128 0x2e
 2320 01fe 01       		.byte	0x1
 2321 01ff 03       		.uleb128 0x3
 2322 0200 0E       		.uleb128 0xe
 2323 0201 3A       		.uleb128 0x3a
 2324 0202 0B       		.uleb128 0xb
 2325 0203 3B       		.uleb128 0x3b
 2326 0204 05       		.uleb128 0x5
 2327 0205 39       		.uleb128 0x39
 2328 0206 0B       		.uleb128 0xb
 2329 0207 27       		.uleb128 0x27
 2330 0208 19       		.uleb128 0x19
 2331 0209 49       		.uleb128 0x49
 2332 020a 13       		.uleb128 0x13
 2333 020b 01       		.uleb128 0x1
 2334 020c 13       		.uleb128 0x13
 2335 020d 00       		.byte	0
 2336 020e 00       		.byte	0
 2337 020f 26       		.uleb128 0x26
ARM GAS  C:\Users\acest\AppData\Local\Temp\cc8GEYkg.s 			page 42


 2338 0210 2E       		.uleb128 0x2e
 2339 0211 00       		.byte	0
 2340 0212 03       		.uleb128 0x3
 2341 0213 0E       		.uleb128 0xe
 2342 0214 3A       		.uleb128 0x3a
 2343 0215 0B       		.uleb128 0xb
 2344 0216 3B       		.uleb128 0x3b
 2345 0217 05       		.uleb128 0x5
 2346 0218 39       		.uleb128 0x39
 2347 0219 0B       		.uleb128 0xb
 2348 021a 27       		.uleb128 0x27
 2349 021b 19       		.uleb128 0x19
 2350 021c 49       		.uleb128 0x49
 2351 021d 13       		.uleb128 0x13
 2352 021e 00       		.byte	0
 2353 021f 00       		.byte	0
 2354 0220 27       		.uleb128 0x27
 2355 0221 2E       		.uleb128 0x2e
 2356 0222 01       		.byte	0x1
 2357 0223 03       		.uleb128 0x3
 2358 0224 0E       		.uleb128 0xe
 2359 0225 3A       		.uleb128 0x3a
 2360 0226 0B       		.uleb128 0xb
 2361 0227 3B       		.uleb128 0x3b
 2362 0228 05       		.uleb128 0x5
 2363 0229 39       		.uleb128 0x39
 2364 022a 0B       		.uleb128 0xb
 2365 022b 27       		.uleb128 0x27
 2366 022c 19       		.uleb128 0x19
 2367 022d 01       		.uleb128 0x1
 2368 022e 13       		.uleb128 0x13
 2369 022f 00       		.byte	0
 2370 0230 00       		.byte	0
 2371 0231 28       		.uleb128 0x28
 2372 0232 2E       		.uleb128 0x2e
 2373 0233 00       		.byte	0
 2374 0234 03       		.uleb128 0x3
 2375 0235 0E       		.uleb128 0xe
 2376 0236 3A       		.uleb128 0x3a
 2377 0237 0B       		.uleb128 0xb
 2378 0238 3B       		.uleb128 0x3b
 2379 0239 05       		.uleb128 0x5
 2380 023a 39       		.uleb128 0x39
 2381 023b 0B       		.uleb128 0xb
 2382 023c 27       		.uleb128 0x27
 2383 023d 19       		.uleb128 0x19
 2384 023e 00       		.byte	0
 2385 023f 00       		.byte	0
 2386 0240 29       		.uleb128 0x29
 2387 0241 2E       		.uleb128 0x2e
 2388 0242 01       		.byte	0x1
 2389 0243 03       		.uleb128 0x3
 2390 0244 0E       		.uleb128 0xe
 2391 0245 3A       		.uleb128 0x3a
 2392 0246 0B       		.uleb128 0xb
 2393 0247 3B       		.uleb128 0x3b
 2394 0248 05       		.uleb128 0x5
ARM GAS  C:\Users\acest\AppData\Local\Temp\cc8GEYkg.s 			page 43


 2395 0249 39       		.uleb128 0x39
 2396 024a 0B       		.uleb128 0xb
 2397 024b 27       		.uleb128 0x27
 2398 024c 19       		.uleb128 0x19
 2399 024d 00       		.byte	0
 2400 024e 00       		.byte	0
 2401 024f 00       		.byte	0
 2402              		.section	.gnu.debuglto_.debug_line,"e",%progbits
 2403              	.Ldebug_line0:
 2404 0000 AE020000 		.4byte	.LELT0-.LSLT0
 2405              	.LSLT0:
 2406 0004 0400     		.2byte	0x4
 2407 0006 A8020000 		.4byte	.LELTP0-.LASLTP0
 2408              	.LASLTP0:
 2409 000a 01       		.byte	0x1
 2410 000b 01       		.byte	0x1
 2411 000c 01       		.byte	0x1
 2412 000d F6       		.byte	0xf6
 2413 000e F2       		.byte	0xf2
 2414 000f 0D       		.byte	0xd
 2415 0010 00       		.byte	0
 2416 0011 01       		.byte	0x1
 2417 0012 01       		.byte	0x1
 2418 0013 01       		.byte	0x1
 2419 0014 01       		.byte	0x1
 2420 0015 00       		.byte	0
 2421 0016 00       		.byte	0
 2422 0017 00       		.byte	0
 2423 0018 01       		.byte	0x1
 2424 0019 00       		.byte	0
 2425 001a 00       		.byte	0
 2426 001b 01       		.byte	0x1
 2427 001c 2E2E2F2E 		.ascii	"../../../../../ChibiStudio/chibios2111/os/rt/src"
 2427      2E2F2E2E 
 2427      2F2E2E2F 
 2427      2E2E2F43 
 2427      68696269 
 2428 004c 00       		.byte	0
 2429 004d 633A5C63 		.ascii	"c:\\chibistudio\\chibios2111\\os\\common\\ext\\arm\\"
 2429      68696269 
 2429      73747564 
 2429      696F5C63 
 2429      68696269 
 2430 007a 636D7369 		.ascii	"cmsis\\core\\include"
 2430      735C636F 
 2430      72655C69 
 2430      6E636C75 
 2430      6465
 2431 008c 00       		.byte	0
 2432 008d 633A5C63 		.ascii	"c:\\chibistudio\\chibios2111\\os\\common\\ports\\ar"
 2432      68696269 
 2432      73747564 
 2432      696F5C63 
 2432      68696269 
 2433 00ba 6D2D636F 		.ascii	"m-common"
 2433      6D6D6F6E 
 2434 00c2 00       		.byte	0
ARM GAS  C:\Users\acest\AppData\Local\Temp\cc8GEYkg.s 			page 44


 2435 00c3 633A5C63 		.ascii	"c:\\chibistudio\\chibios2111\\os\\common\\ports\\ar"
 2435      68696269 
 2435      73747564 
 2435      696F5C63 
 2435      68696269 
 2436 00f0 6D76372D 		.ascii	"mv7-m-alt"
 2436      6D2D616C 
 2436      74
 2437 00f9 00       		.byte	0
 2438 00fa 633A5C63 		.ascii	"c:\\chibistudio\\chibios2111\\os\\rt\\include"
 2438      68696269 
 2438      73747564 
 2438      696F5C63 
 2438      68696269 
 2439 0122 00       		.byte	0
 2440 0123 633A5C63 		.ascii	"c:\\chibistudio\\tools\\gnu tools arm embedded\\10."
 2440      68696269 
 2440      73747564 
 2440      696F5C74 
 2440      6F6F6C73 
 2441 0152 33203230 		.ascii	"3 2021.10\\arm-none-eabi\\include\\machine"
 2441      32312E31 
 2441      305C6172 
 2441      6D2D6E6F 
 2441      6E652D65 
 2442 0179 00       		.byte	0
 2443 017a 633A5C63 		.ascii	"c:\\chibistudio\\tools\\gnu tools arm embedded\\10."
 2443      68696269 
 2443      73747564 
 2443      696F5C74 
 2443      6F6F6C73 
 2444 01a9 33203230 		.ascii	"3 2021.10\\arm-none-eabi\\include\\sys"
 2444      32312E31 
 2444      305C6172 
 2444      6D2D6E6F 
 2444      6E652D65 
 2445 01cc 00       		.byte	0
 2446 01cd 00       		.byte	0
 2447 01ce 5F646566 		.ascii	"_default_types.h\000"
 2447      61756C74 
 2447      5F747970 
 2447      65732E68 
 2447      00
 2448 01df 06       		.uleb128 0x6
 2449 01e0 00       		.uleb128 0
 2450 01e1 00       		.uleb128 0
 2451 01e2 5F737464 		.ascii	"_stdint.h\000"
 2451      696E742E 
 2451      6800
 2452 01ec 07       		.uleb128 0x7
 2453 01ed 00       		.uleb128 0
 2454 01ee 00       		.uleb128 0
 2455 01ef 63687479 		.ascii	"chtypes.h\000"
 2455      7065732E 
 2455      6800
 2456 01f9 03       		.uleb128 0x3
 2457 01fa 00       		.uleb128 0
ARM GAS  C:\Users\acest\AppData\Local\Temp\cc8GEYkg.s 			page 45


 2458 01fb 00       		.uleb128 0
 2459 01fc 63686561 		.ascii	"chearly.h\000"
 2459      726C792E 
 2459      6800
 2460 0206 05       		.uleb128 0x5
 2461 0207 00       		.uleb128 0
 2462 0208 00       		.uleb128 0
 2463 0209 63686F62 		.ascii	"chobjects.h\000"
 2463      6A656374 
 2463      732E6800 
 2464 0215 05       		.uleb128 0x5
 2465 0216 00       		.uleb128 0
 2466 0217 00       		.uleb128 0
 2467 0218 63687266 		.ascii	"chrfcu.h\000"
 2467      63752E68 
 2467      00
 2468 0221 05       		.uleb128 0x5
 2469 0222 00       		.uleb128 0
 2470 0223 00       		.uleb128 0
 2471 0224 63686465 		.ascii	"chdebug.h\000"
 2471      6275672E 
 2471      6800
 2472 022e 05       		.uleb128 0x5
 2473 022f 00       		.uleb128 0
 2474 0230 00       		.uleb128 0
 2475 0231 63687469 		.ascii	"chtime.h\000"
 2475      6D652E68 
 2475      00
 2476 023a 05       		.uleb128 0x5
 2477 023b 00       		.uleb128 0
 2478 023c 00       		.uleb128 0
 2479 023d 63686C69 		.ascii	"chlists.h\000"
 2479      7374732E 
 2479      6800
 2480 0247 05       		.uleb128 0x5
 2481 0248 00       		.uleb128 0
 2482 0249 00       		.uleb128 0
 2483 024a 6368636F 		.ascii	"chcore.h\000"
 2483      72652E68 
 2483      00
 2484 0253 04       		.uleb128 0x4
 2485 0254 00       		.uleb128 0
 2486 0255 00       		.uleb128 0
 2487 0256 63687365 		.ascii	"chsem.h\000"
 2487      6D2E6800 
 2488 025e 05       		.uleb128 0x5
 2489 025f 00       		.uleb128 0
 2490 0260 00       		.uleb128 0
 2491 0261 63686D74 		.ascii	"chmtx.h\000"
 2491      782E6800 
 2492 0269 05       		.uleb128 0x5
 2493 026a 00       		.uleb128 0
 2494 026b 00       		.uleb128 0
 2495 026c 63686576 		.ascii	"chevents.h\000"
 2495      656E7473 
 2495      2E6800
 2496 0277 05       		.uleb128 0x5
ARM GAS  C:\Users\acest\AppData\Local\Temp\cc8GEYkg.s 			page 46


 2497 0278 00       		.uleb128 0
 2498 0279 00       		.uleb128 0
 2499 027a 63686576 		.ascii	"chevents.c\000"
 2499      656E7473 
 2499      2E6300
 2500 0285 01       		.uleb128 0x1
 2501 0286 00       		.uleb128 0
 2502 0287 00       		.uleb128 0
 2503 0288 63687379 		.ascii	"chsys.h\000"
 2503      732E6800 
 2504 0290 05       		.uleb128 0x5
 2505 0291 00       		.uleb128 0
 2506 0292 00       		.uleb128 0
 2507 0293 636D7369 		.ascii	"cmsis_gcc.h\000"
 2507      735F6763 
 2507      632E6800 
 2508 029f 02       		.uleb128 0x2
 2509 02a0 00       		.uleb128 0
 2510 02a1 00       		.uleb128 0
 2511 02a2 63687468 		.ascii	"chthreads.h\000"
 2511      72656164 
 2511      732E6800 
 2512 02ae 05       		.uleb128 0x5
 2513 02af 00       		.uleb128 0
 2514 02b0 00       		.uleb128 0
 2515 02b1 00       		.byte	0
 2516              	.LELTP0:
 2517              	.LELT0:
 2518              		.section	.gnu.debuglto_.debug_str,"eMS",%progbits,1
 2519              	.LASF107:
 2520 0000 72656164 		.ascii	"ready_list_t\000"
 2520      795F6C69 
 2520      73745F74 
 2520      00
 2521              	.LASF51:
 2522 000d 72666375 		.ascii	"rfcu\000"
 2522      00
 2523              	.LASF98:
 2524 0012 77747472 		.ascii	"wttrp\000"
 2524      7000
 2525              	.LASF75:
 2526 0018 64656C74 		.ascii	"delta\000"
 2526      6100
 2527              	.LASF95:
 2528 001e 7264796D 		.ascii	"rdymsg\000"
 2528      736700
 2529              	.LASF17:
 2530 0025 75696E74 		.ascii	"uint64_t\000"
 2530      36345F74 
 2530      00
 2531              	.LASF7:
 2532 002e 5F5F7569 		.ascii	"__uint8_t\000"
 2532      6E74385F 
 2532      7400
 2533              	.LASF69:
 2534 0038 70726576 		.ascii	"prev\000"
 2534      00
ARM GAS  C:\Users\acest\AppData\Local\Temp\cc8GEYkg.s 			page 47


 2535              	.LASF79:
 2536 003d 706F7274 		.ascii	"port_intctx\000"
 2536      5F696E74 
 2536      63747800 
 2537              	.LASF61:
 2538 0049 73797374 		.ascii	"system_debug_t\000"
 2538      656D5F64 
 2538      65627567 
 2538      5F7400
 2539              	.LASF137:
 2540 0058 63684576 		.ascii	"chEvtSignal\000"
 2540      74536967 
 2540      6E616C00 
 2541              	.LASF50:
 2542 0064 636F7265 		.ascii	"core_id\000"
 2542      5F696400 
 2543              	.LASF70:
 2544 006c 63685F70 		.ascii	"ch_priority_queue_t\000"
 2544      72696F72 
 2544      6974795F 
 2544      71756575 
 2544      655F7400 
 2545              	.LASF113:
 2546 0080 6F735F69 		.ascii	"os_instance_config_t\000"
 2546      6E737461 
 2546      6E63655F 
 2546      636F6E66 
 2546      69675F74 
 2547              	.LASF13:
 2548 0095 6C6F6E67 		.ascii	"long long unsigned int\000"
 2548      206C6F6E 
 2548      6720756E 
 2548      7369676E 
 2548      65642069 
 2549              	.LASF141:
 2550 00ac 63684576 		.ascii	"chEvtAddEvents\000"
 2550      74416464 
 2550      4576656E 
 2550      747300
 2551              	.LASF96:
 2552 00bb 65786974 		.ascii	"exitcode\000"
 2552      636F6465 
 2552      00
 2553              	.LASF53:
 2554 00c4 6D61696E 		.ascii	"mainthread\000"
 2554      74687265 
 2554      616400
 2555              	.LASF99:
 2556 00cf 73656E74 		.ascii	"sentmsg\000"
 2556      6D736700 
 2557              	.LASF88:
 2558 00d7 76697274 		.ascii	"virtual_timers_list_t\000"
 2558      75616C5F 
 2558      74696D65 
 2558      72735F6C 
 2558      6973745F 
 2559              	.LASF66:
ARM GAS  C:\Users\acest\AppData\Local\Temp\cc8GEYkg.s 			page 48


 2560 00ed 6E657874 		.ascii	"next\000"
 2560      00
 2561              	.LASF126:
 2562 00f2 63684576 		.ascii	"chEvtWaitAnyTimeout\000"
 2562      74576169 
 2562      74416E79 
 2562      54696D65 
 2562      6F757400 
 2563              	.LASF37:
 2564 0106 72656673 		.ascii	"refs\000"
 2564      00
 2565              	.LASF155:
 2566 010b 63684576 		.ascii	"chEvtAddEventsI\000"
 2566      74416464 
 2566      4576656E 
 2566      74734900 
 2567              	.LASF3:
 2568 011b 7369676E 		.ascii	"signed char\000"
 2568      65642063 
 2568      68617200 
 2569              	.LASF125:
 2570 0127 63684576 		.ascii	"chEvtWaitAllTimeout\000"
 2570      74576169 
 2570      74416C6C 
 2570      54696D65 
 2570      6F757400 
 2571              	.LASF74:
 2572 013b 63685F64 		.ascii	"ch_delta_list\000"
 2572      656C7461 
 2572      5F6C6973 
 2572      7400
 2573              	.LASF151:
 2574 0149 62617365 		.ascii	"basePri\000"
 2574      50726900 
 2575              	.LASF48:
 2576 0151 76746C69 		.ascii	"vtlist\000"
 2576      737400
 2577              	.LASF149:
 2578 0158 706F7274 		.ascii	"port_unlock\000"
 2578      5F756E6C 
 2578      6F636B00 
 2579              	.LASF39:
 2580 0164 6D736771 		.ascii	"msgqueue\000"
 2580      75657565 
 2580      00
 2581              	.LASF35:
 2582 016d 73746174 		.ascii	"state\000"
 2582      6500
 2583              	.LASF9:
 2584 0173 6C6F6E67 		.ascii	"long int\000"
 2584      20696E74 
 2584      00
 2585              	.LASF55:
 2586 017c 63685F72 		.ascii	"ch_rfcu\000"
 2586      66637500 
 2587              	.LASF130:
 2588 0184 63684576 		.ascii	"chEvtWaitAny\000"
ARM GAS  C:\Users\acest\AppData\Local\Temp\cc8GEYkg.s 			page 49


 2588      74576169 
 2588      74416E79 
 2588      00
 2589              	.LASF143:
 2590 0191 63684576 		.ascii	"chEvtGetAndClearEvents\000"
 2590      74476574 
 2590      416E6443 
 2590      6C656172 
 2590      4576656E 
 2591              	.LASF68:
 2592 01a8 63685F71 		.ascii	"ch_queue\000"
 2592      75657565 
 2592      00
 2593              	.LASF1:
 2594 01b1 6C6F6E67 		.ascii	"long long int\000"
 2594      206C6F6E 
 2594      6720696E 
 2594      7400
 2595              	.LASF90:
 2596 01bf 71756575 		.ascii	"queue\000"
 2596      6500
 2597              	.LASF73:
 2598 01c5 63685F64 		.ascii	"ch_delta_list_t\000"
 2598      656C7461 
 2598      5F6C6973 
 2598      745F7400 
 2599              	.LASF135:
 2600 01d5 63684576 		.ascii	"chEvtBroadcastFlagsI\000"
 2600      7442726F 
 2600      61646361 
 2600      7374466C 
 2600      61677349 
 2601              	.LASF89:
 2602 01ea 63685F72 		.ascii	"ch_registry\000"
 2602      65676973 
 2602      74727900 
 2603              	.LASF119:
 2604 01f6 77666C61 		.ascii	"wflags\000"
 2604      677300
 2605              	.LASF154:
 2606 01fd 433A5C55 		.ascii	"C:\\Users\\acest\\Desktop\\R.A.C.E\\race_project\000"
 2606      73657273 
 2606      5C616365 
 2606      73745C44 
 2606      65736B74 
 2607              	.LASF10:
 2608 0229 5F5F7569 		.ascii	"__uint32_t\000"
 2608      6E743332 
 2608      5F7400
 2609              	.LASF21:
 2610 0234 74737461 		.ascii	"tstate_t\000"
 2610      74655F74 
 2610      00
 2611              	.LASF134:
 2612 023d 63684576 		.ascii	"chEvtBroadcastFlags\000"
 2612      7442726F 
 2612      61646361 
ARM GAS  C:\Users\acest\AppData\Local\Temp\cc8GEYkg.s 			page 50


 2612      7374466C 
 2612      61677300 
 2613              	.LASF38:
 2614 0251 77616974 		.ascii	"waiting\000"
 2614      696E6700 
 2615              	.LASF25:
 2616 0259 6576656E 		.ascii	"eventid_t\000"
 2616      7469645F 
 2616      7400
 2617              	.LASF109:
 2618 0263 6D61696E 		.ascii	"mainthread_base\000"
 2618      74687265 
 2618      61645F62 
 2618      61736500 
 2619              	.LASF114:
 2620 0273 6D757465 		.ascii	"mutex_t\000"
 2620      785F7400 
 2621              	.LASF121:
 2622 027b 6576656E 		.ascii	"event_source_t\000"
 2622      745F736F 
 2622      75726365 
 2622      5F7400
 2623              	.LASF63:
 2624 028a 73797369 		.ascii	"sysinterval_t\000"
 2624      6E746572 
 2624      76616C5F 
 2624      7400
 2625              	.LASF122:
 2626 0298 65766861 		.ascii	"evhandler_t\000"
 2626      6E646C65 
 2626      725F7400 
 2627              	.LASF28:
 2628 02a4 636E745F 		.ascii	"cnt_t\000"
 2628      7400
 2629              	.LASF0:
 2630 02aa 756E7369 		.ascii	"unsigned int\000"
 2630      676E6564 
 2630      20696E74 
 2630      00
 2631              	.LASF77:
 2632 02b7 6C725F74 		.ascii	"lr_thd\000"
 2632      686400
 2633              	.LASF100:
 2634 02be 77747365 		.ascii	"wtsemp\000"
 2634      6D7000
 2635              	.LASF11:
 2636 02c5 6C6F6E67 		.ascii	"long unsigned int\000"
 2636      20756E73 
 2636      69676E65 
 2636      6420696E 
 2636      7400
 2637              	.LASF31:
 2638 02d7 72717565 		.ascii	"rqueue\000"
 2638      756500
 2639              	.LASF67:
 2640 02de 63685F71 		.ascii	"ch_queue_t\000"
 2640      75657565 
ARM GAS  C:\Users\acest\AppData\Local\Temp\cc8GEYkg.s 			page 51


 2640      5F7400
 2641              	.LASF124:
 2642 02e9 74696D65 		.ascii	"timeout\000"
 2642      6F757400 
 2643              	.LASF33:
 2644 02f1 6E616D65 		.ascii	"name\000"
 2644      00
 2645              	.LASF152:
 2646 02f6 474E5520 		.ascii	"GNU C17 10.3.1 20210824 (release) -mcpu=cortex-m4 -"
 2646      43313720 
 2646      31302E33 
 2646      2E312032 
 2646      30323130 
 2647 0329 6D746875 		.ascii	"mthumb -mfloat-abi=soft -march=armv7e-m -ggdb -O2 -"
 2647      6D62202D 
 2647      6D666C6F 
 2647      61742D61 
 2647      62693D73 
 2648 035c 666F6D69 		.ascii	"fomit-frame-pointer -falign-functions=16 -ffunction"
 2648      742D6672 
 2648      616D652D 
 2648      706F696E 
 2648      74657220 
 2649 038f 2D736563 		.ascii	"-sections -fdata-sections -fno-common -flto\000"
 2649      74696F6E 
 2649      73202D66 
 2649      64617461 
 2649      2D736563 
 2650              	.LASF43:
 2651 03bb 6D706F6F 		.ascii	"mpool\000"
 2651      6C00
 2652              	.LASF80:
 2653 03c1 62617365 		.ascii	"basepri\000"
 2653      70726900 
 2654              	.LASF45:
 2655 03c9 63685F74 		.ascii	"ch_thread\000"
 2655      68726561 
 2655      6400
 2656              	.LASF127:
 2657 03d3 63757272 		.ascii	"currtp\000"
 2657      747000
 2658              	.LASF27:
 2659 03da 6576656E 		.ascii	"eventflags_t\000"
 2659      74666C61 
 2659      67735F74 
 2659      00
 2660              	.LASF24:
 2661 03e7 6D73675F 		.ascii	"msg_t\000"
 2661      7400
 2662              	.LASF40:
 2663 03ed 6570656E 		.ascii	"epending\000"
 2663      64696E67 
 2663      00
 2664              	.LASF145:
 2665 03f6 63684576 		.ascii	"chEvtUnregister\000"
 2665      74556E72 
 2665      65676973 
ARM GAS  C:\Users\acest\AppData\Local\Temp\cc8GEYkg.s 			page 52


 2665      74657200 
 2666              	.LASF146:
 2667 0406 63684576 		.ascii	"chEvtRegisterMaskWithFlags\000"
 2667      74526567 
 2667      69737465 
 2667      724D6173 
 2667      6B576974 
 2668              	.LASF20:
 2669 0421 746D6F64 		.ascii	"tmode_t\000"
 2669      655F7400 
 2670              	.LASF65:
 2671 0429 63685F6C 		.ascii	"ch_list\000"
 2671      69737400 
 2672              	.LASF105:
 2673 0431 63685F72 		.ascii	"ch_ready_list\000"
 2673      65616479 
 2673      5F6C6973 
 2673      7400
 2674              	.LASF26:
 2675 043f 6576656E 		.ascii	"eventmask_t\000"
 2675      746D6173 
 2675      6B5F7400 
 2676              	.LASF81:
 2677 044b 6C725F65 		.ascii	"lr_exc\000"
 2677      786300
 2678              	.LASF19:
 2679 0452 73746B61 		.ascii	"stkalign_t\000"
 2679      6C69676E 
 2679      5F7400
 2680              	.LASF111:
 2681 045d 69646C65 		.ascii	"idlethread_base\000"
 2681      74687265 
 2681      61645F62 
 2681      61736500 
 2682              	.LASF87:
 2683 046d 6C617374 		.ascii	"laststamp\000"
 2683      7374616D 
 2683      7000
 2684              	.LASF115:
 2685 0477 6576656E 		.ascii	"event_listener_t\000"
 2685      745F6C69 
 2685      7374656E 
 2685      65725F74 
 2685      00
 2686              	.LASF42:
 2687 0488 7265616C 		.ascii	"realprio\000"
 2687      7072696F 
 2687      00
 2688              	.LASF54:
 2689 0491 72666375 		.ascii	"rfcu_mask_t\000"
 2689      5F6D6173 
 2689      6B5F7400 
 2690              	.LASF92:
 2691 049d 74687265 		.ascii	"thread_reference_t\000"
 2691      61645F72 
 2691      65666572 
 2691      656E6365 
ARM GAS  C:\Users\acest\AppData\Local\Temp\cc8GEYkg.s 			page 53


 2691      5F7400
 2692              	.LASF117:
 2693 04b0 6C697374 		.ascii	"listener\000"
 2693      656E6572 
 2693      00
 2694              	.LASF84:
 2695 04b9 63685F76 		.ascii	"ch_virtual_timers_list\000"
 2695      69727475 
 2695      616C5F74 
 2695      696D6572 
 2695      735F6C69 
 2696              	.LASF133:
 2697 04d0 63684576 		.ascii	"chEvtDispatch\000"
 2697      74446973 
 2697      70617463 
 2697      6800
 2698              	.LASF64:
 2699 04de 63685F6C 		.ascii	"ch_list_t\000"
 2699      6973745F 
 2699      7400
 2700              	.LASF108:
 2701 04e8 63685F6F 		.ascii	"ch_os_instance_config\000"
 2701      735F696E 
 2701      7374616E 
 2701      63655F63 
 2701      6F6E6669 
 2702              	.LASF82:
 2703 04fe 706F7274 		.ascii	"port_context\000"
 2703      5F636F6E 
 2703      74657874 
 2703      00
 2704              	.LASF76:
 2705 050b 706F7274 		.ascii	"port_extctx\000"
 2705      5F657874 
 2705      63747800 
 2706              	.LASF129:
 2707 0517 63684576 		.ascii	"chEvtWaitAll\000"
 2707      74576169 
 2707      74416C6C 
 2707      00
 2708              	.LASF72:
 2709 0524 7072696F 		.ascii	"prio\000"
 2709      00
 2710              	.LASF106:
 2711 0529 63757272 		.ascii	"current\000"
 2711      656E7400 
 2712              	.LASF12:
 2713 0531 5F5F7569 		.ascii	"__uint64_t\000"
 2713      6E743634 
 2713      5F7400
 2714              	.LASF132:
 2715 053c 68616E64 		.ascii	"handlers\000"
 2715      6C657273 
 2715      00
 2716              	.LASF29:
 2717 0545 636F7265 		.ascii	"core_id_t\000"
 2717      5F69645F 
ARM GAS  C:\Users\acest\AppData\Local\Temp\cc8GEYkg.s 			page 54


 2717      7400
 2718              	.LASF22:
 2719 054f 74726566 		.ascii	"trefs_t\000"
 2719      735F7400 
 2720              	.LASF23:
 2721 0557 74707269 		.ascii	"tprio_t\000"
 2721      6F5F7400 
 2722              	.LASF58:
 2723 055f 63685F73 		.ascii	"ch_system_debug\000"
 2723      79737465 
 2723      6D5F6465 
 2723      62756700 
 2724              	.LASF123:
 2725 056f 5F426F6F 		.ascii	"_Bool\000"
 2725      6C00
 2726              	.LASF15:
 2727 0575 696E7433 		.ascii	"int32_t\000"
 2727      325F7400 
 2728              	.LASF4:
 2729 057d 756E7369 		.ascii	"unsigned char\000"
 2729      676E6564 
 2729      20636861 
 2729      7200
 2730              	.LASF131:
 2731 058b 63684576 		.ascii	"chEvtWaitOne\000"
 2731      74576169 
 2731      744F6E65 
 2731      00
 2732              	.LASF147:
 2733 0598 63684576 		.ascii	"chEvtRegisterMaskWithFlagsI\000"
 2733      74526567 
 2733      69737465 
 2733      724D6173 
 2733      6B576974 
 2734              	.LASF57:
 2735 05b4 72666375 		.ascii	"rfcu_t\000"
 2735      5F7400
 2736              	.LASF5:
 2737 05bb 73686F72 		.ascii	"short int\000"
 2737      7420696E 
 2737      7400
 2738              	.LASF86:
 2739 05c5 6C617374 		.ascii	"lasttime\000"
 2739      74696D65 
 2739      00
 2740              	.LASF78:
 2741 05ce 78707372 		.ascii	"xpsr\000"
 2741      00
 2742              	.LASF140:
 2743 05d3 63684576 		.ascii	"chEvtGetAndClearFlagsI\000"
 2743      74476574 
 2743      416E6443 
 2743      6C656172 
 2743      466C6167 
 2744              	.LASF102:
 2745 05ea 65776D61 		.ascii	"ewmask\000"
 2745      736B00
ARM GAS  C:\Users\acest\AppData\Local\Temp\cc8GEYkg.s 			page 55


 2746              	.LASF136:
 2747 05f1 5F5F6675 		.ascii	"__func__\000"
 2747      6E635F5F 
 2747      00
 2748              	.LASF148:
 2749 05fa 63685379 		.ascii	"chSysLock\000"
 2749      734C6F63 
 2749      6B00
 2750              	.LASF103:
 2751 0604 63685F73 		.ascii	"ch_semaphore\000"
 2751      656D6170 
 2751      686F7265 
 2751      00
 2752              	.LASF91:
 2753 0611 72656769 		.ascii	"registry_t\000"
 2753      73747279 
 2753      5F7400
 2754              	.LASF118:
 2755 061c 6576656E 		.ascii	"events\000"
 2755      747300
 2756              	.LASF16:
 2757 0623 75696E74 		.ascii	"uint32_t\000"
 2757      33325F74 
 2757      00
 2758              	.LASF101:
 2759 062c 77746D74 		.ascii	"wtmtxp\000"
 2759      787000
 2760              	.LASF18:
 2761 0633 706F7274 		.ascii	"port_stkalign_t\000"
 2761      5F73746B 
 2761      616C6967 
 2761      6E5F7400 
 2762              	.LASF32:
 2763 0643 6F776E65 		.ascii	"owner\000"
 2763      7200
 2764              	.LASF83:
 2765 0649 72656773 		.ascii	"regs\000"
 2765      00
 2766              	.LASF2:
 2767 064e 6C6F6E67 		.ascii	"long double\000"
 2767      20646F75 
 2767      626C6500 
 2768              	.LASF34:
 2769 065a 77616261 		.ascii	"wabase\000"
 2769      736500
 2770              	.LASF60:
 2771 0661 63686172 		.ascii	"char\000"
 2771      00
 2772              	.LASF52:
 2773 0666 636F6E66 		.ascii	"config\000"
 2773      696700
 2774              	.LASF30:
 2775 066d 74687265 		.ascii	"thread_t\000"
 2775      61645F74 
 2775      00
 2776              	.LASF85:
 2777 0676 646C6973 		.ascii	"dlist\000"
ARM GAS  C:\Users\acest\AppData\Local\Temp\cc8GEYkg.s 			page 56


 2777      7400
 2778              	.LASF62:
 2779 067c 73797374 		.ascii	"systime_t\000"
 2779      696D655F 
 2779      7400
 2780              	.LASF8:
 2781 0686 5F5F696E 		.ascii	"__int32_t\000"
 2781      7433325F 
 2781      7400
 2782              	.LASF158:
 2783 0690 5F5F7365 		.ascii	"__set_BASEPRI\000"
 2783      745F4241 
 2783      53455052 
 2783      4900
 2784              	.LASF59:
 2785 069e 70616E69 		.ascii	"panic_msg\000"
 2785      635F6D73 
 2785      6700
 2786              	.LASF94:
 2787 06a8 70717565 		.ascii	"pqueue\000"
 2787      756500
 2788              	.LASF46:
 2789 06af 63685F6F 		.ascii	"ch_os_instance\000"
 2789      735F696E 
 2789      7374616E 
 2789      636500
 2790              	.LASF44:
 2791 06be 6F735F69 		.ascii	"os_instance_t\000"
 2791      6E737461 
 2791      6E63655F 
 2791      7400
 2792              	.LASF49:
 2793 06cc 7265676C 		.ascii	"reglist\000"
 2793      69737400 
 2794              	.LASF6:
 2795 06d4 73686F72 		.ascii	"short unsigned int\000"
 2795      7420756E 
 2795      7369676E 
 2795      65642069 
 2795      6E7400
 2796              	.LASF71:
 2797 06e7 63685F70 		.ascii	"ch_priority_queue\000"
 2797      72696F72 
 2797      6974795F 
 2797      71756575 
 2797      6500
 2798              	.LASF110:
 2799 06f9 6D61696E 		.ascii	"mainthread_end\000"
 2799      74687265 
 2799      61645F65 
 2799      6E6400
 2800              	.LASF153:
 2801 0708 2E2E2F2E 		.ascii	"../../../../../ChibiStudio/chibios2111/os/rt/src/ch"
 2801      2E2F2E2E 
 2801      2F2E2E2F 
 2801      2E2E2F43 
 2801      68696269 
ARM GAS  C:\Users\acest\AppData\Local\Temp\cc8GEYkg.s 			page 57


 2802 073b 6576656E 		.ascii	"events.c\000"
 2802      74732E63 
 2802      00
 2803              	.LASF104:
 2804 0744 63685F6D 		.ascii	"ch_mutex\000"
 2804      75746578 
 2804      00
 2805              	.LASF56:
 2806 074d 6D61736B 		.ascii	"mask\000"
 2806      00
 2807              	.LASF47:
 2808 0752 726C6973 		.ascii	"rlist\000"
 2808      7400
 2809              	.LASF120:
 2810 0758 6576656E 		.ascii	"event_source\000"
 2810      745F736F 
 2810      75726365 
 2810      00
 2811              	.LASF156:
 2812 0765 63685468 		.ascii	"chThdGetSelfX\000"
 2812      64476574 
 2812      53656C66 
 2812      5800
 2813              	.LASF14:
 2814 0773 75696E74 		.ascii	"uint8_t\000"
 2814      385F7400 
 2815              	.LASF36:
 2816 077b 666C6167 		.ascii	"flags\000"
 2816      7300
 2817              	.LASF128:
 2818 0781 63684576 		.ascii	"chEvtWaitOneTimeout\000"
 2818      74576169 
 2818      744F6E65 
 2818      54696D65 
 2818      6F757400 
 2819              	.LASF97:
 2820 0795 77746F62 		.ascii	"wtobjp\000"
 2820      6A7000
 2821              	.LASF144:
 2822 079c 63684576 		.ascii	"chEvtGetAndClearEventsI\000"
 2822      74476574 
 2822      416E6443 
 2822      6C656172 
 2822      4576656E 
 2823              	.LASF139:
 2824 07b4 63684576 		.ascii	"chEvtGetAndClearFlags\000"
 2824      74476574 
 2824      416E6443 
 2824      6C656172 
 2824      466C6167 
 2825              	.LASF157:
 2826 07ca 63685379 		.ascii	"chSysUnlock\000"
 2826      73556E6C 
 2826      6F636B00 
 2827              	.LASF142:
 2828 07d6 6E657765 		.ascii	"newevt\000"
 2828      767400
ARM GAS  C:\Users\acest\AppData\Local\Temp\cc8GEYkg.s 			page 58


 2829              	.LASF93:
 2830 07dd 6C697374 		.ascii	"list\000"
 2830      00
 2831              	.LASF150:
 2832 07e2 706F7274 		.ascii	"port_lock\000"
 2832      5F6C6F63 
 2832      6B00
 2833              	.LASF112:
 2834 07ec 69646C65 		.ascii	"idlethread_end\000"
 2834      74687265 
 2834      61645F65 
 2834      6E6400
 2835              	.LASF41:
 2836 07fb 6D74786C 		.ascii	"mtxlist\000"
 2836      69737400 
 2837              	.LASF116:
 2838 0803 6576656E 		.ascii	"event_listener\000"
 2838      745F6C69 
 2838      7374656E 
 2838      657200
 2839              	.LASF138:
 2840 0812 63684576 		.ascii	"chEvtSignalI\000"
 2840      74536967 
 2840      6E616C49 
 2840      00
 2841              		.text
 2842              		.section	.gnu.lto_.profile.b3bfce6d,"e",%progbits
 2843 0000 789C6361 		.ascii	"x\234ca\000\002F^\006\000\000E\000\023"
 2843      0002465E 
 2843      06000045 
 2843      0013
 2844              		.text
 2845              		.section	.gnu.lto_.icf.b3bfce6d,"e",%progbits
 2846 0000 789C2B62 		.ascii	"x\234+b@\000a\206\331\327\337i3\315\272\270\362\000"
 2846      40006186 
 2846      D9D7DF69 
 2846      33CDBAB8 
 2846      F200
 2847 0012 1BF3F423 		.ascii	"\033\363\364#\007\271YZ~\036\377\301\310\372\346\320"
 2847      07B9595A 
 2847      7E1EFFC1 
 2847      C8FAE6D0 
 2848 0022 DE8B3C6C 		.ascii	"\336\213<l\277\033\276vr\260\277:\375f\017?\307\221"
 2848      BF1BBE76 
 2848      72B0BF3A 
 2848      FD660F3F 
 2848      C791
 2849 0034 0B4B6632 		.ascii	"\013Kf2q\336m:5\205\217k\305\262\277sy\271\273n/\271"
 2849      71DE6D3A 
 2849      35858F6B 
 2849      C5B2BF73 
 2849      79B9BB6E 
 2850 004a C3C80366 		.ascii	"\303\310\003f\363.m\237~\221\231o\373\311\331m\334\374"
 2850      F32E6D9F 
 2850      7E91996F 
 2850      FBC9D96D 
 2850      DCFC
ARM GAS  C:\Users\acest\AppData\Local\Temp\cc8GEYkg.s 			page 59


 2851 005c 87F61D98 		.ascii	"\207\366\035\230\301/pk\333\315#,\202\263\367,;\304"
 2851      C12F706B 
 2851      DBCD232C 
 2851      82B3F72C 
 2851      3BC4
 2852 006e 28F461E2 		.ascii	"(\364a\342\354?|\302\027.w=ae\000\000\325d8\206"
 2852      EC3F7CC2 
 2852      172E773D 
 2852      61650000 
 2852      D5643886 
 2853              		.text
 2854              		.section	.gnu.lto_.ipa_sra.b3bfce6d,"e",%progbits
 2855 0000 789C758E 		.ascii	"x\234u\216\333\016\200 \014C[@\305;\312\017\373\351"
 2855      DB0E8020 
 2855      0C435B40 
 2855      C53BCA0F 
 2855      FBE9
 2856 0012 922D8051 		.ascii	"\222-\200Q\334\003mN\272\216@\224\211px\015\315\027"
 2856      DC036D4E 
 2856      BA8E4094 
 2856      8970780D 
 2856      CD17
 2857 0024 5953AC93 		.ascii	"YS\254\223m\333\251\364*\203\212W\031k\232\274R\033"
 2857      6DDBA9F4 
 2857      2A838A57 
 2857      196B9ABC 
 2857      521B
 2858 0036 27038F41 		.ascii	"'\003\217A@\352W\226\262\234k\022\\~B\353\243N\336M"
 2858      40EA5796 
 2858      B29C6B12 
 2858      5C7E42EB 
 2858      A34EDE4D 
 2859 004a CF807B36 		.ascii	"\317\200{6!\233\243d\365\313\262q\266`lA\334\252\270"
 2859      219BA364 
 2859      F5CBB271 
 2859      B6606C41 
 2859      DCAAB8
 2860 005d 02FC     		.ascii	"\002\374"
 2861              		.text
 2862              		.section	.gnu.lto_.inline.b3bfce6d,"e",%progbits
 2863 0000 789CA594 		.ascii	"x\234\245\224[O\023Q\020\307g\346\234m\267\027`\221"
 2863      5B4F1351 
 2863      10C767E6 
 2863      9C6DB717 
 2863      6091
 2864 0012 42226AC2 		.ascii	"B\"j\302'\352g\250 \027}\222o\260`\372 JZ\015\232\230"
 2864      27EA67A8 
 2864      20177D92 
 2864      6FB060FA 
 2864      204A5A0D 
 2865 0028 08542E4A 		.ascii	"\010T.JDI\014\004\005A\221\360\244\022\003\017\336 "
 2865      44490C04 
 2865      054191F0 
 2865      A412030F 
 2865      DE20
 2866 003a 5C34BE10 		.ascii	"\\4\276\020^H\012\361A\"3g\267\273\245\210\211\261\331"
 2866      5E480AF1 
ARM GAS  C:\Users\acest\AppData\Local\Temp\cc8GEYkg.s 			page 60


 2866      41223367 
 2866      B7BBA588 
 2866      89B1D9
 2867 004d B433E7CC 		.ascii	"\2643\347\314\314\177\346w\366\364\241\005\301\247\016"
 2867      CC7FE677 
 2867      F6F4A105 
 2867      C1A70E
 2868 005c 20E1BAEE 		.ascii	" \341\272\356\002\265!\002\216(\000~\264\315K.\265\002"
 2868      02B52102 
 2868      8E28007E 
 2868      B4CD4B2E 
 2868      B502
 2869 006e 24CD5E2B 		.ascii	"$\315^+\001\001\232\265f\002\035\330\240\271\002A\225"
 2869      01019AB5 
 2869      66021DD8 
 2869      A0B90241 
 2869      95
 2870 007f 78AA0D81 		.ascii	"x\252\015\201\304*(\316\023c\313\313\223\212\311\371"
 2870      C42A28CE 
 2870      1363CBCB 
 2870      938AC9F9 
 2871 008f 8D977754 		.ascii	"\215\227wT\007G\324\366\034.^S\035\000\321\351\2737"
 2871      0747D4F6 
 2871      1C2E5E53 
 2871      1D00D1E9 
 2871      BB37
 2872 00a1 07E99217 		.ascii	"\007\351\222\027\241!f*\372M\240$\305=i\200\210\331"
 2872      A121662A 
 2872      FA4DA024 
 2872      C53D6980 
 2872      88D9
 2873 00b3 329164CC 		.ascii	"2\221d\314\026\243k\035o\334\344T\313\212:='\022\350"
 2873      16A36B1D 
 2873      6FDCE454 
 2873      CB8A3A3D 
 2873      2712E8
 2874 00c6 00254DD7 		.ascii	"\000%M\327\307c\271-\210z\353HR\225@e\3007\\\204hip"
 2874      C763B92D 
 2874      887AEB48 
 2874      52954065 
 2874      C0375C84 
 2875 00dd 13B5E025 		.ascii	"\023\265\340%\375\031L\260j\207\253v\320L\222\245\354"
 2875      FD194CB0 
 2875      6A87AB76 
 2875      D04C92A5 
 2875      EC
 2876 00ee B266C42A 		.ascii	"\262f\304*\310\26013\201\337L\014\032\006'\366v\030"
 2876      C8B03133 
 2876      81DF4C0C 
 2876      1A0627F6 
 2876      7618
 2877 0100 6D14AE8E 		.ascii	"m\024\256\216(u[\215(\215q\265\305\263t\262\217Sh\354"
 2877      28755B8D 
 2877      288D71B5 
 2877      C5B374B2 
 2877      8F5368EC 
 2878 0114 702F617C 		.ascii	"p/a|\203C\271\021@\037\214\254h(\337\263\240&\234\245"
ARM GAS  C:\Users\acest\AppData\Local\Temp\cc8GEYkg.s 			page 61


 2878      8343B911 
 2878      401F8CAC 
 2878      6828DFB3 
 2878      A0269CA5 
 2879 0128 EBE42C4D 		.ascii	"\353\344,Ma\327MA\327\231p\337e>\261\276\365\201\036"
 2879      61D74D41 
 2879      D79970DF 
 2879      653EB1BE 
 2879      F5811E
 2880 013b 6E9AC1E0 		.ascii	"n\232\301\340\233\371\276u\3120\001\227\004\203\357"
 2880      9BF9BE75 
 2880      CA300197 
 2880      0483EF
 2881 014a 8A07915B 		.ascii	"\212\007\221[\023\271,\265h\330b\007'\027\177\025(\343"
 2881      13B92CB5 
 2881      68D86207 
 2881      27177F15 
 2881      28E3
 2882 015c 48207F95 		.ascii	"H \177\225\\\361 \262\374}\366\231jv8\320\001\354\035"
 2882      5CF120B2 
 2882      FC7DF699 
 2882      6A7638D0 
 2882      01EC1D
 2883 016f 7F9CA74C 		.ascii	"\177\234\247L\212\200\237\222\003)y\341\022\300\277"
 2883      8A809F92 
 2883      032979E1 
 2883      12C0BF
 2884 017e 984FC70D 		.ascii	"\230O\307\015\255\202jg\200\332;\304\212\323\304\270"
 2884      AD826A67 
 2884      80DA3BC4 
 2884      8AD3C4B8 
 2885 018e 0CAF8436 		.ascii	"\014\257\2046\345\323\371t\002\352\335\315\271e\272"
 2885      E5D3F974 
 2885      02EADDCD 
 2885      B965BA
 2886 019d 821A191A 		.ascii	"\202\032\031\032\0114\022@\330)\3064z\250\314%@s\352"
 2886      09341240 
 2886      D829C634 
 2886      7AA8CC25 
 2886      4073EA
 2887 01b0 5CD0F9B6 		.ascii	"\\\320\371\2666\263#\257lY\351\200\203\023rr@\277\235"
 2887      36B323AF 
 2887      6C59E980 
 2887      83137272 
 2887      40BF9D
 2888 01c3 2876533B 		.ascii	"(vS;\023\263\007n\374\374J\3556\037\262\350\243\257"
 2888      13B3076E 
 2888      FCFC4AED 
 2888      361FB2E8 
 2888      A3AF
 2889 01d5 9FFCE78E 		.ascii	"\237\374\347\216\253 5Y\034\032\347\216\201\032\373"
 2889      AB203559 
 2889      1C1AE78E 
 2889      811AFB
 2890 01e4 6757DED1 		.ascii	"gW\336\321\345\212\014\355pu\246Q\015\365\303\333\373"
 2890      E58A0CED 
 2890      7075A651 
ARM GAS  C:\Users\acest\AppData\Local\Temp\cc8GEYkg.s 			page 62


 2890      0DF5C3DB 
 2890      FB
 2891 01f5 3324B59B 		.ascii	"3$\265\233r\331O\257U[E\244\200\003\204\032\250\343"
 2891      72D94FAF 
 2891      555B45A4 
 2891      8003841A 
 2891      A8E3
 2892 0207 C07B26F0 		.ascii	"\300{&\360<\007\376\246S\002\035\250\335\335\334}\312"
 2892      3C07FEA6 
 2892      53021DA8 
 2892      DDDDDC7D 
 2892      CA
 2893 0218 81E10D6B 		.ascii	"\201\341\015k8\314\255~\250H(\277a~j-\\\030\352_\036"
 2893      38CCAD7E 
 2893      A84828BF 
 2893      617E6A2D 
 2893      5C18EA5F 
 2894 022d E55425A0 		.ascii	"\345T%\240-\001m\225@[\370\034=\276\362Gd5N\016\217"
 2894      2D016D95 
 2894      405BF81C 
 2894      3DBEF247 
 2894      64354E0E 
 2895 0242 7DAE28A9 		.ascii	"}\256(\251\273\274\222\016$Gg\307\307\250EH\322\013"
 2895      BBBC920E 
 2895      244767C7 
 2895      C7A84548 
 2895      D20B
 2896 0254 77234B17 		.ascii	"w#K\027\265\021\322Ur\203\010\362\3513p\356 \273\233"
 2896      B511D255 
 2896      728308F2 
 2896      E93370EE 
 2896      20BB9B
 2897 0267 0BB4BCEA 		.ascii	"\013\264\274\352'u\032\326\212?\236\374\207N\035\234"
 2897      27751AD6 
 2897      8A3F9EFC 
 2897      874E1D9C 
 2898 0277 7DDFFDF1 		.ascii	"}\337\375\361>\353\350\277\351\224PER\356\336\301\365"
 2898      3EEBE8BF 
 2898      E9945045 
 2898      52EEDEC1 
 2898      F5
 2899 0288 4ABD07DB 		.ascii	"J\275\007\333\373+F\317\236\352_\352\365\365\272\227"
 2899      FB2B46CF 
 2899      9EEA5FEA 
 2899      F5F5BA97 
 2900 0298 D61E7917 		.ascii	"\326\036y\027mn\365\325\227\223\312p\004\014\242E\\"
 2900      6D6EF5D5 
 2900      9793CA70 
 2900      040CA245 
 2900      5C
 2901              		.text
 2902              		.section	.gnu.lto_.jmpfuncs.b3bfce6d,"e",%progbits
 2903 0000 789C9550 		.ascii	"x\234\225P\333\015\3020\014\3649\356+\005\012t\001V"
 2903      DB0DC230 
 2903      0CF439EE 
 2903      2B050A74 
 2903      0156
ARM GAS  C:\Users\acest\AppData\Local\Temp\cc8GEYkg.s 			page 63


 2904 0012 60C17607 		.ascii	"`\301v\007f\350\014\360\313f\340\244\246\012Q>\300\322"
 2904      66E80CF0 
 2904      CB66E0A4 
 2904      A60A513E 
 2904      C0D2
 2905 0024 C9CA3D74 		.ascii	"\311\312=tV\256L\333\214$\320\031\346\305\325\012R@"
 2905      56AE4CDB 
 2905      8C24D019 
 2905      E6C5D50A 
 2905      5240
 2906 0036 C15CA61D 		.ascii	"\301\\\246\035\003\356C\006K\020*\333\265\355f\335\324"
 2906      03EE4306 
 2906      4B102ADB 
 2906      B5ED66DD 
 2906      D4
 2907 0047 DAEE2CD4 		.ascii	"\332\356,\324\004\221e\322Z<\005\244x\351\014\344\203"
 2907      049165D2 
 2907      5A3C05A4 
 2907      78E90CE4 
 2907      83
 2908 0058 016A5080 		.ascii	"\001jP\200\244\340\220\0119\325'\247\260\344j\376\336"
 2908      A4E09009 
 2908      39D527A7 
 2908      B0E46AFE 
 2908      DE
 2909 0069 5945ADE0 		.ascii	"YE\255\340_+\366V\321\306\303\277\325\006|s\213\353"
 2909      5F2BF656 
 2909      D1C6C3BF 
 2909      D5067C73 
 2909      8BEB
 2910 007b 40EB8ADC 		.ascii	"@\353\212\334|9\330\037pT\035|\014\371\020\244a\323"
 2910      7C39D81F 
 2910      70541D7C 
 2910      0CF910A4 
 2910      61D3
 2911 008d 7047C21F 		.ascii	"pG\302\037\263L\037\265>j';!\030*\311\202\205\223\317"
 2911      B34C1FB5 
 2911      3E6A273B 
 2911      21182AC9 
 2911      828593CF 
 2912 00a1 7FFAC7CC 		.ascii	"\177\372\307\314\377@R^\360\323\033\301\003~\312"
 2912      FF40525E 
 2912      F0D31BC1 
 2912      037ECA
 2913              		.text
 2914              		.section	.gnu.lto_.pureconst.b3bfce6d,"e",%progbits
 2915 0000 789C05C1 		.ascii	"x\234\005\301\207\021\200@\014\300\260\034\304\364\376"
 2915      87118040 
 2915      0CC0B01C 
 2915      C4F4FE
 2916 000f DBB02919 		.ascii	"\333\260)\031\305\323!\275\021\321\242\262\223^\262"
 2916      C5D321BD 
 2916      11D1A2B2 
 2916      935EB2
 2917 001e 121964AC 		.ascii	"\022\031d\254\234d\256\\d\255\334d\377\362\220S.\271"
 2917      9C64AE5C 
 2917      64ADDC64 
ARM GAS  C:\Users\acest\AppData\Local\Temp\cc8GEYkg.s 			page 64


 2917      FFF29053 
 2917      2EB9
 2918 0030 E591263F 		.ascii	"\345\221&?\240u\016q"
 2918      A0750E71 
 2919              		.text
 2920              		.section	.gnu.lto_.lto.b3bfce6d,"e",%progbits
 2921 0000 09000400 		.ascii	"\011\000\004\000\001\000\000\000"
 2921      01000000 
 2922              		.text
 2923              		.section	.gnu.lto_chEvtRegisterMaskWithFlagsI.335.b3bfce6d,"e",%progbits
 2924 0000 789C8D53 		.ascii	"x\234\215SQH\024Q\024}g\336\356\254[\352\227$\010A\024"
 2924      51481451 
 2924      147D67DE 
 2924      EEAC5BEA 
 2924      97240841 
 2925 0015 1141ECA6 		.ascii	"\021A\354\246\240\037\322Ga\321\177\321\337@l\273cn"
 2925      A01FD247 
 2925      61D17FD1 
 2925      DF406CBB 
 2925      636E
 2926 0027 2DEE3033 		.ascii	"-\35603\326\247\343Z\204\376\270\032&\224\005mKl\037"
 2926      D6A7E35A 
 2926      84FEB81A 
 2926      2694056D 
 2926      4B6C1F
 2927 003a 1104A5A6 		.ascii	"\021\004\245\246\326\232\325FQ\211\226\266Z\024FP~\224"
 2927      D69AD546 
 2927      518996B6 
 2927      5A144650 
 2927      7E94
 2928 004c D84F5151 		.ascii	"\330OQQ\367\275Yr\263\210\226\235y\357\236{\317=\367"
 2928      F7BD5972 
 2928      B388969D 
 2928      79EF9E7B 
 2928      CF3DF7
 2929 005f DEF726CF 		.ascii	"\336\367&\317\031\233b\214m\240\007\234\241\247\273"
 2929      199B628C 
 2929      6DA0079C 
 2929      A1A7BB
 2930 006e 53618EE3 		.ascii	"Sa\216\343l\367)h\353\356\364c\014\322\002kU\320\212"
 2930      6CF72968 
 2930      EBEEF463 
 2930      0CD2026B 
 2930      55D08A
 2931 0081 937C3399 		.ascii	"\223|3\231\237\337\366=\031\207\223\311\"M\364s\364"
 2931      9FDFF63D 
 2931      198793C9 
 2931      224DF473 
 2931      F4
 2932 0092 C85F3F47 		.ascii	"\310_?G\017Os\300S\330)XG;\036c\233\262\2163\2610\350"
 2932      0F4F73C0 
 2932      53D82958 
 2932      473B1E63 
 2932      9BB28E33 
 2933 00a9 387E96E6 		.ascii	"8~\226\346\034\003 \016\256\003\327\3000HI\270\321Q"
 2933      1C03200E 
 2933      AE03D7C0 
ARM GAS  C:\Users\acest\AppData\Local\Temp\cc8GEYkg.s 			page 65


 2933      304849B8 
 2933      D151
 2934 00bb 25228F43 		.ascii	"%\"\217C\206.>o?S\236$\334\203\241\342\320\033\0022"
 2934      862E3E6F 
 2934      3F539E24 
 2934      DC83A1E2 
 2934      D01B0232 
 2935 00cf 7A656847 		.ascii	"zehG!4?\336'C\275\030.\016\035\021\220q^\206&\013\241"
 2935      21343FDE 
 2935      2743BD18 
 2935      2E0E1D11 
 2935      90715E86 
 2936 00e6 B36FDC50 		.ascii	"\263o\334P\025\243\305\2417\005d\\\256\222\015\360>"
 2936      15A3C5A1 
 2936      3705645C 
 2936      AE920DF0 
 2936      3E
 2937 00f7 8865A388 		.ascii	"\210e\243\210\237\273p\242<\331V\222\346>\334*&d\301"
 2937      9FBB70A2 
 2937      3CD95692 
 2937      E63EDC2A 
 2937      2664C1
 2938 010a 983154A5 		.ascii	"\2301T\245\312\235\300\307\010$\222*f\001\334\226\031"
 2938      CA9DC0C7 
 2938      0824922A 
 2938      6601DC96 
 2938      19
 2939 011b 549A53A6 		.ascii	"T\232S\246R\370\010c\344\302\270t\021\227]\231\364f"
 2939      52F80863 
 2939      E4C2B874 
 2939      11975D99 
 2939      F466
 2940 012d 9D6F3FBA 		.ascii	"\235o?\272\034gf\355\307\027_K\312\001\032\203\002j"
 2940      1C6766ED 
 2940      C7175F4B 
 2940      CA011A83 
 2940      026A
 2941 013f D04B03F2 		.ascii	"\320K\003\362\251\364\362\370AM\224\202\312c\254\213"
 2941      A9F4F2F8 
 2941      414D9482 
 2941      CA63AC8B 
 2942 014f 8B33713C 		.ascii	"\2133q<p\262\214%\271\342\032\355d,\300\231\037\310"
 2942      70B28C25 
 2942      B9E21AED 
 2942      642CC099 
 2942      1FC8
 2943 0161 41AC9FBE 		.ascii	"A\254\237\276\364\316N\367\203t$\372j\332\217;`\037"
 2943      F4CE4EF7 
 2943      837424FA 
 2943      6ADA8F3B 
 2943      601F
 2944 0173 9018B954 		.ascii	"\220\030\271T\226\342\336\302\231\224\310\352\216A\241"
 2944      96E2DEC2 
 2944      9994C8EA 
 2944      8E41A1
 2945 0182 6D86CB9E 		.ascii	"m\206\313\236/\202\364\374\270\007\334\225\316\255\224"
 2945      2F82F4FC 
ARM GAS  C:\Users\acest\AppData\Local\Temp\cc8GEYkg.s 			page 66


 2945      B807DC95 
 2945      CEAD94
 2946 0191 9DBA5E85 		.ascii	"\235\272^\205\034\316rYx\001\361\341>!`\256Db\361\373"
 2946      1CCE7259 
 2946      7801F1E1 
 2946      3E2160AE 
 2946      4462F1FB 
 2947 01a5 D5E14171 		.ascii	"\325\341AqCh\016$ U\207sk\344:\352\326\264\376\327k"
 2947      43680E24 
 2947      20558773 
 2947      6BE43AEA 
 2947      D6B4FED7 
 2948 01ba 7EC2E7D6 		.ascii	"~\302\347\326R\231\342j\241\026\016W\336\315\276:E\303"
 2948      5299E26A 
 2948      A1160E57 
 2948      DECDBE3A 
 2948      45C3
 2949 01cc 7B005610 		.ascii	"{\000V\020\363\340!\211)4.\242-v>R\012$\3172)Cfi\212"
 2949      F3E02189 
 2949      29342EA2 
 2949      2D763E52 
 2949      0A24CF32 
 2950 01e5 AED9A322 		.ascii	"\256\331\243\"\326cbQ\325\244\"e\247rr\006\247\337W"
 2950      D6636251 
 2950      D5A42265 
 2950      A7727206 
 2950      A7DF57
 2951 01f8 14B3FED0 		.ascii	"\024\263\376\320\232p\265(\231d=sY\247~g\255\320\362"
 2951      9A70B528 
 2951      99643D73 
 2951      59A77E67 
 2951      ADD0F2
 2952 020b 6192581E 		.ascii	"a\222X\036\301r\233\237\371\253\326\012\226\027O\211"
 2952      C1729B9F 
 2952      F9ABD60A 
 2952      96174F89 
 2953 021b E5152CBF 		.ascii	"\345\025,\277d\345]\326\322\273\177\261TL\023\213\256"
 2953      64E55DD6 
 2953      D2BB7FB1 
 2953      544C138B 
 2953      AE
 2954 022c 91184119 		.ascii	"\221\030A\031\334\203\237\373\037=\025yb\372\204^)["
 2954      DC839FFB 
 2954      1F3D1579 
 2954      62FA845E 
 2954      295B
 2955 023e 42E2F5CB 		.ascii	"B\342\365\313\335\362k\355\342p\257Q\"+\314-\015\365"
 2955      DDF26BED 
 2955      E270AF51 
 2955      222BCC2D 
 2955      0DF5
 2956 0250 DA3E4B37 		.ascii	"\332>K7--\024\326-[\333\251[\207\355\270\241\355\011"
 2956      2D2D14D6 
 2956      2D5BDBA9 
 2956      5B87EDB8 
 2956      A1ED09
 2957 0263 EC083404 		.ascii	"\354\0104\004vi&\301\373\0153~H\017\333l[ \020,\376"
ARM GAS  C:\Users\acest\AppData\Local\Temp\cc8GEYkg.s 			page 67


 2957      766926C1 
 2957      FB0D337E 
 2957      480FDB6C 
 2957      5B20102C 
 2958 0278 3734450F 		.ascii	"74E\017D\367\332-\221h<\030\026\373\270US]]\035\214"
 2958      44F7DA2D 
 2958      91683C18 
 2958      16FBB855 
 2958      535D5D1D 
 2959 028d 5B41D30E 		.ascii	"[A\323\016Zf\230P\375\210\336l[\2010\343\272eT,\333"
 2959      5A669850 
 2959      FD88DE6C 
 2959      5B8130E3 
 2959      BA65542C 
 2960 02a2 819A48A8 		.ascii	"\201\232H\250\256\256\261V8b\206\352\302\352\321\306"
 2960      AEAEB156 
 2960      386286EA 
 2960      C2EAD1C6 
 2961 02b2 58E8A0A5 		.ascii	"X\350\240\245\206[L\3236j\303\365\232LkI\011\255HB\213"
 2961      865B4CD3 
 2961      366AC3F5 
 2961      9A4C6B49 
 2961      09AD4842 
 2962 02c7 5B9A696B 		.ascii	"[\232ik\321\346p\254%\242\223\307n2\365P\304\0124\261"
 2962      D1E670AC 
 2962      25A293C7 
 2962      6E32F550 
 2962      C40A34B1 
 2963 02db 9F1EB076 		.ascii	"\237\036\260v\330"
 2963      D8
 2964              		.text
 2965              		.section	.gnu.lto_chEvtRegisterMaskWithFlags.336.b3bfce6d,"e",%progbits
 2966 0000 789C9555 		.ascii	"x\234\225U]LTG\024\236s\347\356]V\253%\251\251\021_"
 2966      5D4C5447 
 2966      149E73E7 
 2966      EE5D56AB 
 2966      25A9A911 
 2967 0015 D0C6344D 		.ascii	"\320\3064Mp\021\022mb\372`\203}\263I#\351\333M\314\272"
 2967      7011126D 
 2967      62FA6083 
 2967      7DB34923 
 2967      E9DB4DCC 
 2968 002a 5C655B96 		.ascii	"\\e[\226\275\275w\261\365\311\353\2525\362P\020\343"
 2968      BDBD77B1 
 2968      F5C9EBAA 
 2968      35F25010 
 2968      E3
 2969 003b 4FF9D194 		.ascii	"O\371\321\224B\003\017\215i\323*\010\350\266\224\342"
 2969      42030F8D 
 2969      69D32A08 
 2969      E8B694E2 
 2970 004b 2F2008C2 		.ascii	"/ \010\302.\025\203`\253i\353v\267Fj\264\366\314\314"
 2970      2E158360 
 2970      AB69EB76 
 2970      B7466AB4 
 2970      F6CCCC
 2971 005e DD3FE98F 		.ascii	"\335?\351\217\335\000;s\346|\3379g\316w\206\322\034"
ARM GAS  C:\Users\acest\AppData\Local\Temp\cc8GEYkg.s 			page 68


 2971      DD003B73 
 2971      E67CDF39 
 2971      67CE7786 
 2971      D21C
 2972 0070 424E0321 		.ascii	"BN\003!/\021B\200\022\250;X-\021\313\26268%\330}\260"
 2972      2F114280 
 2972      12A83B58 
 2972      2D11CBB2 
 2972      363825D8 
 2973 0086 DA05E780 		.ascii	"\332\005\347\200\357\200\354\222`\027\034\242\257\340"
 2973      EF80EC92 
 2973      60171CA2 
 2973      AFE0
 2974 0094 766EF668 		.ascii	"vn\366hM\037Xmah\241\204\034\307_\376i\244PG[(\200l"
 2974      4D1F586D 
 2974      6168A184 
 2974      1CC75FFE 
 2974      69A45047 
 2975 00ac AF24C8C7 		.ascii	"\257$\310\307\025\255 /\207-k\350N\207e\271H\013\245"
 2975      15AD202F 
 2975      872D6BE8 
 2975      4E8765B9 
 2975      480BA5
 2976 00bf 701A1003 		.ascii	"p\032\020\003\247\000\276\306\310h\320//c~\373\200;"
 2976      A700BEC6 
 2976      C868D02F 
 2976      2F637EFB 
 2976      803B
 2977 00d1 C68ECDD6 		.ascii	"\306\216\315\326/\256Ej\031:\263\035e}\234;\036\260"
 2977      2FAE456A 
 2977      193AB31D 
 2977      657D9C3B 
 2977      1EB0
 2978 00e3 1D3F6E3D 		.ascii	"\035?n=\312\035\035\320\225\355\350\320g\270c\255\355"
 2978      CA1D1DD0 
 2978      95EDE8D0 
 2978      67B863AD 
 2978      ED
 2979 00f4 58DF271C 		.ascii	"X\337'\034\025\350\311vT\364\3302B\024\273\010\212\030"
 2979      15E8C976 
 2979      54F4D832 
 2979      4214BB08 
 2979      8A18
 2980 0106 BE060803 		.ascii	"\276\006\010\003+G\301b;\006\212\011\336\302q*%-\215"
 2980      2B47C162 
 2980      3B068A09 
 2980      DEC2712A 
 2980      252D8D
 2981 0119 27FB2615 		.ascii	"'\373&\025\002\337\240\2152\033\275\300\235Y\244\271"
 2981      02DFA08D 
 2981      321BBDC0 
 2981      9D59A4B9 
 2982 0129 E18FA283 		.ascii	"\341\217\242\203y\215VXn\241N\350\005F%\202\301w\030"
 2982      798D5658 
 2982      6EA14EE8 
 2982      05462582 
 2982      C17718
ARM GAS  C:\Users\acest\AppData\Local\Temp\cc8GEYkg.s 			page 69


 2983 013c DFA95F5A 		.ascii	"\337\251_Z\216\236\253\230\347\243\272\206\316\202\336"
 2983      8E9EAB98 
 2983      E7A3BA86 
 2983      CE82DE
 2984 014b 3DD6792B 		.ascii	"=\326y+\345K\322\276\342:y\374\321F\005\372\320\370"
 2984      E54BD2BE 
 2984      E23A79FC 
 2984      D14605FA 
 2984      D0F8
 2985 015d 2D6363B9 		.ascii	"-cc\271\302\367\251\374X\2622\234\347\033:\3053\344"
 2985      C2F7A9FC 
 2985      58B2329C 
 2985      E71B3AC5 
 2985      33E4
 2986 016f E467279A 		.ascii	"\344g'\232\326c\026{\363[h\016\\@\240#I}\021\251\365"
 2986      D663167B 
 2986      F35B680E 
 2986      5C40A023 
 2986      497D11A9 
 2987 0184 CE3C0E66 		.ascii	"\316<\016f\033vt)\225\177l\260W\334\275hR\012u\231\231"
 2987      1B767429 
 2987      957F6CB0 
 2987      57DCBD68 
 2987      520A7599 
 2988 0199 F4037936 		.ascii	"\364\003y6\177\254\246\357=\236wv/\321M\344\315\251"
 2988      7FACA6EF 
 2988      3D9E7776 
 2988      2FD14DE4 
 2988      CDA9
 2989 01ab C6F73464 		.ascii	"\306\3674d\2641E5\300L\372\341yT\331\335F\267\014\252"
 2989      B4314535 
 2989      C04CFAE1 
 2989      7954D9DD 
 2989      46B70CAA 
 2990 01bf 89DECC46 		.ascii	"\211\336\314F\247\250\206\230I\377d\036U\266\036\320"
 2990      A7A88698 
 2990      49FF641E 
 2990      55B61ED0 
 2991 01cf 2D832A72 		.ascii	"-\203*r+S\012)\252af\322?\237G\225\255\030tK7fn\240"
 2991      2B530A29 
 2991      AA6166D2 
 2991      3F9F4795 
 2991      AD18744B 
 2992 01e7 184600AE 		.ascii	"\030F\000\256\002\014\002\\\001!\022G\262\005\261\350"
 2992      020C025C 
 2992      01211247 
 2992      B205B1E8 
 2993 01f7 A7FB17D7 		.ascii	"\247\373\027\327\356\316I6\200d6@\364\016Fq{\015\354"
 2993      EECE4936 
 2993      80643640 
 2993      F40E4671 
 2993      7B0DEC
 2994 020a EB67946D 		.ascii	"\353g\224mK\011\214\241\263\314\333|\035\354\316r\031"
 2994      4B098CA1 
 2994      B3CCDB7C 
 2994      1DECCE72 
 2994      19
ARM GAS  C:\Users\acest\AppData\Local\Temp\cc8GEYkg.s 			page 70


 2995 021b 0CDA3254 		.ascii	"\014\3322T\3222\334w\037I&\320\346$iU\235{&U\315\315"
 2995      D232DC77 
 2995      1F4926D0 
 2995      E6246955 
 2995      9D7B2655 
 2996 0231 A0AAA268 		.ascii	"\240\252\242h\214\244T5\311U\305|N\016;\302\326\243"
 2996      8CA45435 
 2996      C955C57C 
 2996      4E0E3BC2 
 2996      D6A3
 2997 0243 273556F8 		.ascii	"'5V\370\301\302\372\276\206'\355R\256\004\320\001(\346"
 2997      C1C2FABE 
 2997      8627ED52 
 2997      AE04D001 
 2997      28E6
 2998 0255 33200374 		.ascii	"3 \003t\203\003\340,V\200\3059\331\\\022RC\331\253a"
 2998      8303E02C 
 2998      5680C539 
 2998      D95C1252 
 2998      43D9AB61 
 2999 0269 C9608509 		.ascii	"\311`\205\011\251\245\222\330\354\301\315]\260\246;"
 2999      A9A592D8 
 2999      ECC1CD5D 
 2999      B0A63B
 3000 0278 B168FC4E 		.ascii	"\261h\374N\364\034\276Q\177\004pr\2705\021q\361\343"
 3000      F41CBE51 
 3000      7F047072 
 3000      B8351171 
 3000      F1E3
 3001 028a C41FADA7 		.ascii	"\304\037\255\247\342\343/\240\300\271y4~\014\230=\224"
 3001      E2E32FA0 
 3001      C0B97934 
 3001      7E0C983D 
 3001      94
 3002 029b 8FB267CF 		.ascii	"\217\262g\317\210\023\326p\267\326\246SSM\200\352\347"
 3002      8813D670 
 3002      B7D6A653 
 3002      534D80EA 
 3002      E7
 3003 02ac 6E5D532E 		.ascii	"n]S.\350\007r\017B+Y\326\267%\254l\305\003\351C\274"
 3003      E807720F 
 3003      422B59D6 
 3003      B725AC6C 
 3003      C503E943 
 3004 02c1 71172E65 		.ascii	"q\027.e\366\240M\001\301o\270\011p\203_\344\212\207"
 3004      F6A04D01 
 3004      C16FB809 
 3004      70835FE4 
 3004      8A87
 3005 02d3 FC7C013F 		.ascii	"\374|\001?\234\026Qbs\255\327\3429\204\215\030\343\215"
 3005      9C165162 
 3005      73ADD7E2 
 3005      39848D18 
 3005      E38D
 3006 02e5 F71CFE3D 		.ascii	"\367\034\376=\262\212Gx\020y\221[\036\017\217l\302\253"
 3006      B28A4778 
 3006      1079915B 
ARM GAS  C:\Users\acest\AppData\Local\Temp\cc8GEYkg.s 			page 71


 3006      1E0F8F6C 
 3006      C2AB
 3007 02f7 17295D81 		.ascii	"\027)]\201f|\011\370r\020\227T,\257\342R\026\313\021"
 3007      667C09F8 
 3007      72109754 
 3007      2CAFE252 
 3007      16CB11
 3008 030a 5C3A18EE 		.ascii	"\\:\030\356\326\211\375\013\261\275\234\352t\277\013"
 3008      D689FD0B 
 3008      B1BD9CEA 
 3008      74BF0B
 3009 0319 1BCBAB68 		.ascii	"\033\313\253h\377*2\326\010\330\\~05\346\202q \277B"
 3009      FF2A32D6 
 3009      08D85C7E 
 3009      3035E682 
 3009      7120BF42 
 3010 032d A8BB7D51 		.ascii	"\250\273}Q3U\354\227s!Ow/H\270l\243\274k\237\001\336"
 3010      3355EC97 
 3010      73214F77 
 3010      2F48B86C 
 3010      A3BC6B9F 
 3011 0343 F473300B 		.ascii	"\364s0\0130\303\017\327\340\015c-\213\34064Q\256\026"
 3011      30C30FD7 
 3011      E00D632D 
 3011      8BE03634 
 3011      51AE16
 3012 0356 DB92033F 		.ascii	"\333\222\003?\242\005\210\010\021\212=\376\262\253\203"
 3012      A2058808 
 3012      118A3DFE 
 3012      B2AB83
 3013 0365 4547B961 		.ascii	"EG\271a\000qw\375\274\262\351\236~\236\305\312\324\237"
 3013      007177FD 
 3013      BCB2E99E 
 3013      7E9EC5CA 
 3013      D49F
 3014 0377 E921A7C8 		.ascii	"\351!\247\310ei3u\332\271PH\205_\214\265\303\035 v$"
 3014      65693375 
 3014      DAB95048 
 3014      855F8CB5 
 3014      C31D2076 
 3015 038c 19EE6224 		.ascii	"\031\356b$\211\211\230\241b\325W$\033#\2471\317\343"
 3015      898998A1 
 3015      62D55724 
 3015      1B23A731 
 3015      CFE3
 3016 039e 25C1CF02 		.ascii	"%\301\317\002\323\306\217~A\020e \214\301\203\216\364"
 3016      D3C68F7E 
 3016      41106520 
 3016      8CC1838E 
 3016      F4
 3017 03af 737CFD9D 		.ascii	"s|\375\235%\177\027H\200\356%#\211;G\231\010\320\221"
 3017      257F1748 
 3017      80EE2523 
 3017      893B4799 
 3017      08D091
 3018 03c2 34E8E948 		.ascii	"4\350\351H9\360\033\202d\001\022\205_\237\027\351i\220"
 3018      39F01B82 
ARM GAS  C:\Users\acest\AppData\Local\Temp\cc8GEYkg.s 			page 72


 3018      64011285 
 3018      5F9F17E9 
 3018      6990
 3019 03d4 03120872 		.ascii	"\003\022\010r\010\220\314A\023\002\024\377\351\037A"
 3019      0890CC41 
 3019      130214FF 
 3019      E91F41
 3020 03e3 0ADC4790 		.ascii	"\012\334G\220\302@\254\372\\!\245\351\350\177FS`\016"
 3020      C240ACFA 
 3020      5C21A5E9 
 3020      E87F4653 
 3020      600E
 3021 03f5 814E118D 		.ascii	"\201N\021\215\251&t\263\353\"\373\247\313\036\224\244"
 3021      A92674B3 
 3021      EB22FBA7 
 3021      CB1E94A4 
 3022 0405 CA485263 		.ascii	"\312HRc$\2510A\337\275\300\036\252\372\006\034\252\011"
 3022      24A93041 
 3022      DFBDC01E 
 3022      AAFA061C 
 3022      AA09
 3023 0417 21A813D1 		.ascii	"!\250\023\321\243\366\361\027\015B\306=\321\247\233"
 3023      A3F6F117 
 3023      0D42C63D 
 3023      D1A79B
 3024 0426 7C6DB93D 		.ascii	"|m\271=v\177\262\261\213\010\340\241Dj\354\242\366\330"
 3024      767FB2B1 
 3024      8B08E0A1 
 3024      446AECA2 
 3024      F6D8
 3025 0438 91CCB19B 		.ascii	"\221\314\261\233L\217\335\017\231cg\017\330C>j\231S"
 3025      4C8FDD0F 
 3025      9963670F 
 3025      D8433E6A 
 3025      9953
 3026 044a 5597C0A9 		.ascii	"U\227\300\251\302\330$\316D\030\037\331\310f\210}j("
 3026      C2D824CE 
 3026      44181FD9 
 3026      C866887D 
 3026      6A28
 3027 045c 88E72114 		.ascii	"\210\347!\024f\333\202\222\365\352\333\246f\230\252"
 3027      66DB8292 
 3027      F5EADBA6 
 3027      6698AA
 3028 046b C7AB9941 		.ascii	"\307\253\231Au\243f\276\033\014\350\352f\367\353\356"
 3028      75A366BE 
 3028      1B0CE8EA 
 3028      66F7EBEE 
 3029 047b 12F71BAA 		.ascii	"\022\367\033\252\201\346-\272\021xG\363\006\311knwa"
 3029      81E62DBA 
 3029      117847F3 
 3029      06C96B6E 
 3029      7761
 3030 048d E64F49B9 		.ascii	"\346OI\271o\253\2574XU\346\013\024z\331:`\026\027\025"
 3030      6FABAF34 
 3030      5855E60B 
 3030      147AD93A 
ARM GAS  C:\Users\acest\AppData\Local\Temp\cc8GEYkg.s 			page 73


 3030      60161715 
 3031 04a1 151506CC 		.ascii	"\025\025\006\314B#Xh\032^\264j;\264\312\240\351\366"
 3031      42235868 
 3031      1A5EB46A 
 3031      3BB4CAA0 
 3031      E9F6
 3032 04b3 12AA99FA 		.ascii	"\022\252\231\372\222\364\336]\\\346Y\267n\333ZvP\241"
 3032      92F4DE5D 
 3032      5CE659B7 
 3032      6EDB5A76 
 3032      50A1
 3033 04c5 2BC2ACBC 		.ascii	"+\302\254\274\277\255\302\263\335,\362\256W9\237\311"
 3033      BFADC2B3 
 3033      DD2CF2AE 
 3033      57399FC9 
 3034 04d5 B9D50C6E 		.ascii	"\271\325\014n5`\252FP\365Uz+\252\3124<1w\232\356r\342"
 3034      3560AA46 
 3034      50F5557A 
 3034      2BAACA34 
 3034      3C31779A 
 3035 04ec DCEA31B5 		.ascii	"\334\3521\265\267\014\337\246\177Gz\003~\177\240R\325"
 3035      B70CDFA6 
 3035      7F477A03 
 3035      7E7FA052 
 3035      D5
 3036 04fd 3E08AA1E 		.ascii	">\010\252\036\303\257z\375\246\217\031\015-M\310L[\266"
 3036      C3AF7AFD 
 3036      A68F190D 
 3036      2D4DC84C 
 3036      5BB6
 3037 050f 7BBD48BA 		.ascii	"{\275H\272\341\231\310\364\200\0214\031\335\216WW\373"
 3037      E199C8F4 
 3037      80113419 
 3037      DD8E5757 
 3037      FB
 3038 0520 577B2A82 		.ascii	"W{*\202\350\307(\221@\361V\031FP\317}\263ts>KP7|\005"
 3038      E8C72891 
 3038      40F15619 
 3038      4650CF7D 
 3038      B374733E 
 3039 0539 F9ABD610 		.ascii	"\371\253\326\020\311 N\277\346\017\030;\311\332\377"
 3039      C9204EBF 
 3039      E60F183B 
 3039      C9DAFF
 3040 0548 516AB0DC 		.ascii	"Qj\260\334\320<e\254\334\277\000d\241CB"
 3040      D03C65AC 
 3040      DCBF0064 
 3040      A14342
 3041              		.text
 3042              		.section	.gnu.lto_chEvtUnregister.337.b3bfce6d,"e",%progbits
 3043 0000 789C8D53 		.ascii	"x\234\215SoL[U\024\277\347\336\367Z\010\223,q!n\363"
 3043      6F4C5B55 
 3043      14BFE7DE 
 3043      F75A0893 
 3043      2C71216E 
 3044 0015 035B428C 		.ascii	"\003[B\214\011k\201DL\226}\330\302\374\246\211\331\364"
 3044      096B8144 
ARM GAS  C:\Users\acest\AppData\Local\Temp\cc8GEYkg.s 			page 74


 3044      4C967DD8 
 3044      C2FCA689 
 3044      D9F4
 3045 0027 DB4B1678 		.ascii	"\333K\026x\274\271*\245/\357u\213\373\264\267\262\315"
 3045      BCB92AA5 
 3045      2FEF758B 
 3045      FBB4B7B2 
 3045      CD
 3046 0038 084668F7 		.ascii	"\010Fh\367\207\005\3124\015\030\320DC\314Xq\003*\014"
 3046      8705CA34 
 3046      0D18D044 
 3046      43CC5871 
 3046      032A0C
 3047 004b C78A8213 		.ascii	"\307\212\202\023\246HUL\235Q\\\206\244\314@\026\021"
 3047      A648554C 
 3047      9D515C86 
 3047      A4CC4016 
 3047      11
 3048 005c CFBDEF51 		.ascii	"\317\275\357Q\212\037\314^\232\336{\317\371\235s~\347"
 3048      8A1FCC5E 
 3048      9ADE7BCF 
 3048      F99D737E 
 3048      E7
 3049 006d DCDF3D20 		.ascii	"\334\337= \023R\017\2044\022B \217@$\334H\211eY\373"
 3049      13520F84 
 3049      34124220 
 3049      8F4024DC 
 3049      48896559 
 3050 0082 DD142E86 		.ascii	"\335\024.\206\223\237N\375|\237\302\030\010\013\243"
 3050      939F4EFD 
 3050      7C9FC218 
 3050      080BA3
 3051 0091 67C24D14 		.ascii	"g\302M\024\006\340\273[\303Lz+\\\330\023\037\330'Ip"
 3051      06E0BB5B 
 3051      C34C7A2B 
 3051      5CD8131F 
 3051      D8274970 
 3052 00a5 299C5C6E 		.ascii	")\234\\nZ0\004\306\015\027{\267\332\011d\332`\303\005"
 3052      5A3004C6 
 3052      0D177BB7 
 3052      DA0964DA 
 3052      60C305
 3053 00b8 EC5CB850 		.ascii	"\354\\\270P\204\271\340t\270q\362c* @NQ&\271e\027\234"
 3053      84B9E074 
 3053      B871F263 
 3053      2A20404E 
 3053      5126B965 
 3054 00ce A24824FB 		.ascii	"\242H$\373\235g\317\242\177\345\327\326\301Q\260\272"
 3054      9D67CFA2 
 3054      7FE5D7D6 
 3054      C151B0BA 
 3055 00de 13D0C908 		.ascii	"\023\320\311\010\271\302\034g\224A\204u2\000\311\331"
 3055      B9C21C67 
 3055      94418475 
 3055      3200C9D9 
 3056 00ee 5128C61D 		.ascii	"Q(\306\035\253#\317$,\353\353\211\270e\345\223N\306"
 3056      AB23CF24 
ARM GAS  C:\Users\acest\AppData\Local\Temp\cc8GEYkg.s 			page 75


 3056      2CEBEB89 
 3056      B865E593 
 3056      4EC6
 3057 0100 E01A600C 		.ascii	"\340\032`\014\364\001\\\305\006\321\240\257=\305qg\301"
 3057      F4015CC5 
 3057      06D1A0AF 
 3057      3DC57167 
 3057      C1
 3058 0111 06AE3A40 		.ascii	"\006\256:@\011\3727\003%\275i\273(\303\336\006\276\224"
 3058      09FA3703 
 3058      25BD69BB 
 3058      28C3DE06 
 3058      BE94
 3059 0123 207A71A8 		.ascii	" zq\250\253\251\260\345t\036\207_\317\205\023\242\267"
 3059      ABA9B0E5 
 3059      741E875F 
 3059      CF8513A2 
 3059      B7
 3060 0134 6E7711B8 		.ascii	"nw\021\270\0016C\212\001.\316\026`PD\273\260\223\370"
 3060      0136438A 
 3060      012ECE16 
 3060      605044BB 
 3060      B093F8
 3061 0147 C30A8283 		.ascii	"\303\012\202\203\270\302\350\272%\332~\366/\214\032"
 3061      B8C2E8BA 
 3061      25DA7EF6 
 3061      2F8C1A
 3062 0156 421B13A5 		.ascii	"B\033\023\245\006\004\230\023[i{75\271#j%\244N&\303"
 3062      06049813 
 3062      5B697B37 
 3062      35B9236A 
 3062      25A44E26 
 3063 016b E7C053D9 		.ascii	"\347\300S\331\305`\030'!\353\343;\035R+\323\221\241"
 3063      C5601827 
 3063      21EBE33B 
 3063      1D522BD3 
 3063      91A1
 3064 017d FED29106 		.ascii	"\376\322\221\006k\314\312b\311\006\326\236\025\257\266"
 3064      6BCCCA62 
 3064      C906D69E 
 3064      15AFB6
 3065 018c 722FEA82 		.ascii	"r/\352\202\0214&x6\202\374\340f\226\037'+\301\027Y\262"
 3065      11342678 
 3065      3682FCE0 
 3065      66961F27 
 3065      2BC11759 
 3066 01a1 D1B97891 		.ascii	"\321\271x\221\315Vr\374p\013r\375\355\243? \3651\004"
 3066      CD5672FC 
 3066      700B72FD 
 3066      EDA33F20 
 3066      F53104
 3067 01b4 C8648349 		.ascii	"\310d\203I\373c1\211\337E&I4\336\3162\031\027L\020\003"
 3067      FB633189 
 3067      DF452649 
 3067      34DECE32 
 3067      19174C10 
 3068 01c9 38C44FBE 		.ascii	"8\304O\276\221\023\326\337k\315Vb\271`p4\2758_\262\205"
ARM GAS  C:\Users\acest\AppData\Local\Temp\cc8GEYkg.s 			page 76


 3068      9113D6DF 
 3068      6BCD5662 
 3068      B9607034 
 3068      BD385FB2 
 3069 01de F2E14A00 		.ascii	"\362\341J\000q\220\371\316\305o\310\315\377\362\000"
 3069      7190F9CE 
 3069      C56FC8CD 
 3069      FFF200
 3070 01ed 3EC3B066 		.ascii	">\303\260fF>L\245+\301J\020\322\302\250\3307\340\376"
 3070      463E4CA5 
 3070      2BC14A10 
 3070      D2C2A8D8 
 3070      37E0FE
 3071 0200 0FB0D26B 		.ascii	"\017\260\322kX\212\257\221\002\276\354\316\376\245/"
 3071      588AAF91 
 3071      02BEECCE 
 3071      FEA52F
 3072 020f 7343E8FD 		.ascii	"sC\350\375\002L\030\303>\271\251c\\`\227\036\\\370\251"
 3072      024C18C3 
 3072      3EB9A963 
 3072      5C60971E 
 3072      5CF8A9
 3073 0222 ED1260CF 		.ascii	"\355\022`\317\302\2724\233\217\255\012GOW_f\346Id.\034"
 3073      C2BA349B 
 3073      8FAD0A47 
 3073      4F575F66 
 3073      E649642E 
 3074 0237 77339781 		.ascii	"w3\227\201\027\011\025c?\\\2062\224\011\330\325h\337"
 3074      17091563 
 3074      3F5C8632 
 3074      9409D8D5 
 3074      68DF
 3075 0249 5C07809D 		.ascii	"\\\007\200\235-}}.\037\276\004\362'\204v\363&\247\270"
 3075      2D7D7D2E 
 3075      1FBE04F2 
 3075      278476F3 
 3075      26A7B8
 3076 025c 3E76DDA3 		.ascii	">v\335\243\347PI.\334J\374\335M\000\301\025&\001\276"
 3076      E750492E 
 3076      DC4AFCDD 
 3076      4D00C115 
 3076      2601BE
 3077 026f 1253DEF5 		.ascii	"\022S\336\365\233\360\273\205\363\216]e\261\273k:\203"
 3077      9BF0BB85 
 3077      F38E5D65 
 3077      B1BB6B3A 
 3077      83
 3078 0280 0F34298E 		.ascii	"\0174)\216V\346\301\205\207\263]\340PK/\317\026\021"
 3078      56E6C185 
 3078      87B35DE0 
 3078      504B2FCF 
 3078      1611
 3079 0292 DE3D4B0E 		.ascii	"\336=K\016\337\377\205\255\267\237Y\215\245^\301\233"
 3079      DFFF85AD 
 3079      B79F598D 
 3079      A55EC19B 
 3080 02a2 24F370E6 		.ascii	"$\363p\346\367\221\232\030s\307X\236xC-LZ\352\230\330"
ARM GAS  C:\Users\acest\AppData\Local\Temp\cc8GEYkg.s 			page 77


 3080      F7919A18 
 3080      73C7589E 
 3080      78432D4C 
 3080      5AEA98D8 
 3081 02b6 919DD3B5 		.ascii	"\221\235\323\265qF\026 t\243\247(&h\361~$\301\345\003"
 3081      71461620 
 3081      74A3A728 
 3081      2668F17E 
 3081      24C1E503 
 3082 02ca FEF6914C 		.ascii	"\376\366\221L\036\206\302\024\2202\373(\3014t\210\027"
 3082      1E86C214 
 3082      9032FB28 
 3082      C1347488 
 3082      17
 3083 02db 89618B8D 		.ascii	"\211a\213\215\253\260\016\355\336\"\260\362&\354\267"
 3083      ABB00EED 
 3083      DE22B0F2 
 3083      26ECB7
 3084 02ea 3616738B 		.ascii	"6\026s\213j\375X\215<\0029\306\360\365\363\013t\317"
 3084      6AFD588D 
 3084      3C0239C6 
 3084      F0F5F30B 
 3084      74CF
 3085 02fc 7476DC46 		.ascii	"tv\334F\231#/\031c,\311!F\305\365P\021\324;\376\016"
 3085      99232F19 
 3085      632CC921 
 3085      46C5F550 
 3085      11D43BFE 
 3086 0311 F05E38CD 		.ascii	"\360^8\315\371'\260\227\315\344\350\246\2023\0169l|"
 3086      F927B097 
 3086      CDE4E8A6 
 3086      82330E39 
 3086      6C7C
 3087 0323 7EE428DE 		.ascii	"~\344(\3360\342\371\371\021P<\320\211\357\267\241\301"
 3087      30E2F9F9 
 3087      11503CD0 
 3087      89EFB7A1 
 3087      C1
 3088 0334 BD907A1A 		.ascii	"\275\220z\032+\272>\312U\314\235\254\012\332\332Q\005"
 3088      2BBA3ECA 
 3088      55CC9DAC 
 3088      0ADADA51 
 3088      05
 3089 0345 43F67CDF 		.ascii	"C\366|\337K\265\332sO\367\266\227\210u \005\377\221"
 3089      4BB5DA73 
 3089      4FF7B697 
 3089      88752005 
 3089      FF91
 3090 0357 D4F44E47 		.ascii	"\324\364NG%\377p\225$\354\300\363KY\225\2148*!\271*"
 3090      25FF7095 
 3090      24ECC0F3 
 3090      4B59958C 
 3090      382A21B9 
 3091 036c B9B9A192 		.ascii	"\271\271\241\222\321\\\2258z\230\025\312\310\025Ad\011"
 3091      D15C9538 
 3091      7A9815CA 
 3091      C8154164 
ARM GAS  C:\Users\acest\AppData\Local\Temp\cc8GEYkg.s 			page 78


 3091      09
 3092 037d 45804F99 		.ascii	"E\200O\231d\360\270\032\371\361 \237\011\377\232\031"
 3092      64F0B81A 
 3092      F9F1209F 
 3092      09FF9A19 
 3093 038d 88464209 		.ascii	"\210FB\011~*\255\332\253\274jj\206\251T\253\232\031"
 3093      7E2AADDA 
 3093      ABBC6A6A 
 3093      86A954AB 
 3093      9A19
 3094 039f 540E6AE6 		.ascii	"T\016j\346\033\301\200\256\034\362\034\360Ty^P\0144"
 3094      1BC180AE 
 3094      1CF21CF0 
 3094      54795E50 
 3094      0C34
 3095 03b1 1FD18DC0 		.ascii	"\037\321\215\300\353\232\032$\373<\036o\356\257\352"
 3095      EB9A1A24 
 3095      FB3C1E6F 
 3095      EEAFEA
 3096 03c0 98AFC677 		.ascii	"\230\257\306w8x\274\326\027\360\252|\0370+\312\313\313"
 3096      3878BCD6 
 3096      17F0AA7C 
 3096      1F302BCA 
 3096      CBCB
 3097 03d2 BD01D36B 		.ascii	"\275\001\323k\004\275\246\241\242U;\241\325\007M\217"
 3097      04BDA6A1 
 3097      A2553BA1 
 3097      D5074D8F 
 3098 03e2 4A9866EA 		.ascii	"J\230f\352\3336\316\236\212\332\352\312\312\243\317"
 3098      DB36CE9E 
 3098      8ADAEACA 
 3098      CAA3CF
 3099 03f1 71479D0E 		.ascii	"qG\235\016z\271\272W\0219L\221O\311\311\247\004L\305"
 3099      7AB9BA57 
 3099      11394C91 
 3099      4FC9C9A7 
 3099      044CC5
 3100 0404 082ABE7A 		.ascii	"\010*\276z\265\356x\255\206\036\363\244\3519F\3345\325"
 3100      B5EE78AD 
 3100      861EF3A4 
 3100      E93946DC 
 3100      35D5
 3101 0416 A6F6B2E1 		.ascii	"\246\366\262\341{\361\377#\325\200\337\037\250W\264"
 3101      7BF1FF23 
 3101      D580DF1F 
 3101      A857B4
 3102 0425 37834AB5 		.ascii	"7\203J\265\341WT\277\351\343FC\333H\310MG^SUL\272\377"
 3102      E15754BF 
 3102      E9E34643 
 3102      DB48C84D 
 3102      475E5355 
 3103 043c B192E901 		.ascii	"\261\222\351\001#h\362t'\236\337\343\337S]\027D\034"
 3103      2368F274 
 3103      279EDFE3 
 3103      DF535D17 
 3103      441C
 3104 044e 4F8909B6 		.ascii	"O\211\011\266\276t\370P1g\246\033\276\322\342\2222B"
ARM GAS  C:\Users\acest\AppData\Local\Temp\cc8GEYkg.s 			page 79


 3104      BE74F850 
 3104      3167A61B 
 3104      BED2E292 
 3104      3242
 3105 0460 0DE2F66B 		.ascii	"\015\342\366k\376\200q\222\374\013\265\231]\237"
 3105      FE807192 
 3105      FC0BB599 
 3105      5D9F
 3106              		.text
 3107              		.section	.gnu.lto_chEvtGetAndClearEventsI.338.b3bfce6d,"e",%progbits
 3108 0000 789C6D52 		.ascii	"x\234mR\317k\023A\024\236o'\3314\007{\022\355\261\027"
 3108      CF6B1341 
 3108      149E6F27 
 3108      D934077B 
 3108      12EDB117 
 3109 0014 1541774D 		.ascii	"\025AwM!=\024\017J\364\037P\274-H\335\2544Z\233\260"
 3109      213D140F 
 3109      4AF41F50 
 3109      BC2D48DD 
 3109      AC345A9B 
 3110 0029 B3F1DA69 		.ascii	"\263\361\332i*Dr\351/\352\017\250\"\241\225z\022\241"
 3110      2A4472E9 
 3110      2FEA0FA8 
 3110      22A1957A 
 3110      12A1
 3111 003b 62D45463 		.ascii	"b\324Tc\225\212\024\244x\350A\204@%h=\224\242\027K["
 3111      958A14A4 
 3111      78E84184 
 3111      4025683D 
 3111      94A2174B 
 3112 0050 EA9BD940 		.ascii	"\352\233\331@r\020\222\2317\337\373\336\367\275\367"
 3112      72109299 
 3112      37DFFBDE 
 3112      F7BDF7
 3113 005f D8670663 		.ascii	"\330g\006c\313\214\261\243\364\007g\230\234(\031LJy"
 3113      CB8CB1A3 
 3113      F4076798 
 3113      9C28194C 
 3113      4A79
 3114 0071 26666064 		.ascii	"&f`d\242\364\243\262\020\301\"4\0006l`\030S|\206c\222"
 3114      A2F4A3B2 
 3114      10C12234 
 3114      00366C60 
 3114      18537C86 
 3115 0087 CF1239D2 		.ascii	"\317\0229\322\214\200\356\3435)\3776\356\356\314\305"
 3115      8C80EEE3 
 3115      3529FF36 
 3115      EEEECCC5 
 3116 0097 66E66B91 		.ascii	"f\346k\221Yn\260\207Dx\016,\200\224\031\021\371 ;F\244"
 3116      596EB087 
 3116      44780E2C 
 3116      80941911 
 3116      F9203B46 
 3117 00ac D58D8A94 		.ascii	"\325\215\212\224qF\014\274@\213\203\012\010\022\253"
 3117      71460CBC 
 3117      408B830A 
 3117      0812AB
ARM GAS  C:\Users\acest\AppData\Local\Temp\cc8GEYkg.s 			page 80


 3118 00bb 5D21F736 		.ascii	"]!\3676\324u\204\370[{\215b\347\370H\207*x\331^\360"
 3118      D47584F8 
 3118      5B7B8D62 
 3118      E7F84887 
 3118      2A78D95E 
 3119 00d0 8A84C5CF 		.ascii	"\212\204\305\317.\305.\265\330\273sM6\307\353vvU\261"
 3119      2EC52EB5 
 3119      D8BB734D 
 3119      36C7EB76 
 3119      7655B1
 3120 00e3 BF75992A 		.ascii	"\277u\231*R\245*\265H8\325\231\214^\300\033-b\322\250"
 3120      52A52AB5 
 3120      4838D599 
 3120      8C5EC01B 
 3120      2D62D2A8 
 3121 00f7 F387558E 		.ascii	"\363\207U\2160F)\274\325)*WuO\277Dkrw\177L\312\272\275"
 3121      304629BC 
 3121      D5292A57 
 3121      754FBF44 
 3121      6B72777F 
 3122 010f 5DFD1E8F 		.ascii	"]\375\036\217\203&\211\030\352\340\352\210\322\301M"
 3122      83268918 
 3122      EAE0EA88 
 3122      D2C14D
 3123 011e D034B1B0 		.ascii	"\3204\261\260\3031\256\266)#\2205\306\306\271\021>F"
 3123      C331AEB6 
 3123      29239035 
 3123      C6C6B911 
 3123      3E46
 3124 0130 E9F10B72 		.ascii	"\351\361\013r}{\005\352\37637\375um\006d\245\321\372"
 3124      7D7B05EA 
 3124      FE3337FD 
 3124      756D0664 
 3124      A5D1FA
 3125 0143 5A1C35B0 		.ascii	"Z\0345\260M\024\252O\016\224y\264\271\345\250n\360\026"
 3125      4D14AA4F 
 3125      0E9479B4 
 3125      B9E5A86E 
 3125      F016
 3126 0155 0C0AE7B9 		.ascii	"\014\012\347\271\336\323ceob\011x\247\223\247H\235f"
 3126      DED36365 
 3126      6F620978 
 3126      A793A748 
 3126      9D66
 3127 0167 8FE13D1E 		.ascii	"\217\341=\036p\335{\023\341\370@\010XhQ\330\332[\252"
 3127      70DD7B13 
 3127      E1F84008 
 3127      586851D8 
 3127      DA5BAA
 3128 017a 57E23424 		.ascii	"W\3424$m\203\014\264\353N\330\313\372\376\312!}O}\016"
 3128      6D830CB4 
 3128      EB4ED8CB 
 3128      FAFECA21 
 3128      7D4F7D0E 
 3129 018e 5BD8E82C 		.ascii	"[\330\350,s4[\340\010]C\321\016*\3052X\323\303\300G"
 3129      73345BE0 
 3129      085D43D1 
ARM GAS  C:\Users\acest\AppData\Local\Temp\cc8GEYkg.s 			page 81


 3129      0E2AC532 
 3129      58D3C3C0 
 3130 01a3 F2A0EF89 		.ascii	"\362\240\357\211\312F\357\024O\226y\214*\313\334T\216"
 3130      CA46EF14 
 3130      4F96798C 
 3130      2ACBDC54 
 3130      8E
 3131 01b4 DDB40D02 		.ascii	"\335\264\015\002\264\362t\250|\257\270g\224\271\241"
 3131      B4F274A8 
 3131      7CAFB867 
 3131      94B9A1
 3132 01c3 08BAA041 		.ascii	"\010\272\240A!\327\025\206Jo\225\360?/\375\345|\012"
 3132      21D71586 
 3132      4A6F95F0 
 3132      3F2FFDE5 
 3132      7C0A
 3133 01d5 8D88AF05 		.ascii	"\215\210\257\005\357\223\340o\024\036%\225\003SKG\270"
 3133      EF93E06F 
 3133      141E2595 
 3133      03534B47 
 3133      B8
 3134 01e6 E7424D3D 		.ascii	"\347BM=O\244\372\234K\302\363\205\323\357z\"p\316y\342"
 3134      4FA4FA9C 
 3134      4BC2F385 
 3134      D3EF7A22 
 3134      70CE79E2 
 3135 01fa 7A90CD39 		.ascii	"z\220\3159\027\254\263V\312:\357\370\004_\316\371\331"
 3135      17ACB356 
 3135      CA3AEFF8 
 3135      045FCEF9 
 3135      D9
 3136 020b 6B9E1BB0 		.ascii	"k\236\033\260\323\226e\267\377R\003\231+\231\213A>\235"
 3136      D39665B7 
 3136      FF520399 
 3136      2B998B41 
 3136      3E9D
 3137 021d C9DAAE8A 		.ascii	"\311\332\256\212\263\242'\221H\330Ya\373\201-|\227P"
 3137      B3A22791 
 3137      48D85961 
 3137      FB812D7C 
 3137      9750
 3138 022f EFA63714 		.ascii	"\357\2467\024\010\313ef\030\035lAVO\272\277\267\367"
 3138      08CB6566 
 3138      181D6C41 
 3138      564FBABF 
 3138      B7F7
 3139 0241 6AD265B8 		.ascii	"j\322e\270a\272y\337\017rI\267\317\321JB\253:m\252N"
 3139      61BA79DF 
 3139      0F7249B7 
 3139      CFD14A42 
 3139      AB3A6DAA 
 3140 0256 56387EE0 		.ascii	"V8~\340d\206\334\301|\332\243L0\340{\375ia\015\260\177"
 3140      6486DCC1 
 3140      7CDAA34C 
 3140      30E07BFD 
 3140      69610DB0 
 3141 026b 6B431A72 		.ascii	"kC\032r"
ARM GAS  C:\Users\acest\AppData\Local\Temp\cc8GEYkg.s 			page 82


 3142              		.text
 3143              		.section	.gnu.lto_chEvtGetAndClearEvents.339.b3bfce6d,"e",%progbits
 3144 0000 789C9555 		.ascii	"x\234\225U[L\034U\030\376\377\231\331]V\"1\321\350\306"
 3144      5B4C1C55 
 3144      18FEFF99 
 3144      D95D5622 
 3144      31D1E8C6 
 3145 0014 BED02668 		.ascii	"\276\320&hL`\201\032j\322\030S\203\276\325\304\264\361"
 3145      4C60811A 
 3145      6AD21853 
 3145      83BED5C4 
 3145      B4F1
 3146 0026 6D92663B 		.ascii	"m\222f;\214\262\312\262dfh\354S\247K+\206\207\226\002"
 3146      8CB2CAB2 
 3146      646668EC 
 3146      53A74B2B 
 3146      86879602 
 3147 003a B6085B30 		.ascii	"\266\010[0\004,\365\205\324\224J\351mm\255\275P)\367"
 3147      042CF585 
 3147      D4944AE9 
 3147      6D6DADBD 
 3147      5029F7
 3148 004d B6805D5D 		.ascii	"\266\200]]\213\226&*a%\254)\210\37793;\273\306KjBv\316"
 3148      8B96262A 
 3148      6125AC29 
 3148      88FF3933 
 3148      3BBBC64B 
 3149 0065 7CE73BFF 		.ascii	"|\347;\377\367\375\2273\354w\003|\206\000\317\001\000"
 3149      F7FD9733 
 3149      EC77037C 
 3149      8600CF01 
 3149      00
 3150 0076 8A804D87 		.ascii	"\212\200M\207\032\0040Ms\213G\300\275\207\032\226\007"
 3150      1A04304D 
 3150      738B47C0 
 3150      BD871A96 
 3150      07
 3151 0087 4F4A7806 		.ascii	"OJx\0069\200\260G\300=\330,FEl\022\273\211,\331+\304"
 3151      3980B047 
 3151      C03DD82C 
 3151      46456C12 
 3151      BB892CD9 
 3152 009d FC1762A6 		.ascii	"\374\027b\246\231\232;\322y\314\023\355\215I\335\242"
 3152      999A3BD2 
 3152      79CC13ED 
 3152      8D49DDA2 
 3153 00ad 001D44E8 		.ascii	"\000\035D\350G<I\301\001\210(V\301\363D\032\271?`\232"
 3153      473C49C1 
 3153      01882856 
 3153      C1F3441A 
 3153      B93F609A 
 3154 00c1 5E20067E 		.ascii	"^ \006~\201Y\034\002\364\343>\213\371!\262G\001\261"
 3154      81591C02 
 3154      F4E33E8B 
 3154      F921B247 
 3154      01B1
 3155 00d3 177A7FAA 		.ascii	"\027z\177\252\317k\334\233\303\350\247\361/!\365~\237"
ARM GAS  C:\Users\acest\AppData\Local\Temp\cc8GEYkg.s 			page 83


 3155      CF6BDC9B 
 3155      C3E8A7F1 
 3155      2F21F57E 
 3155      9F
 3156 00e4 1B701099 		.ascii	"\033p\020\231\020\0003E\251t\220\227\263\374\264\233"
 3156      10003345 
 3156      A9749097 
 3156      B3FCB49B 
 3157 00f4 3C0F4CBE 		.ascii	"<\017L\276\010\344\276\203\334\330H\264\355\362,\235"
 3157      08E4BE83 
 3157      DCD848B4 
 3157      EDF22C9D 
 3158 0104 3A4798C8 		.ascii	":G\230\310\245,23\226j=0s\363\331\250\311\334\213x\001"
 3158      A52C3233 
 3158      966A3D30 
 3158      73F3D9A8 
 3158      C9DC8B78 
 3159 0119 59284B0C 		.ascii	"Y(K\014cH\220>\264\3166\225\032kj?]x\251\316\274j:\\"
 3159      6348903E 
 3159      B4CE3695 
 3159      1A6B6A3F 
 3159      5D78A9CE 
 3160 0131 C870AD74 		.ascii	"\310p\255t-\375\250\033\277$\360<\213\006\344\017/:"
 3160      2DFDA81B 
 3160      BF24F03C 
 3160      8B06E40F 
 3160      2F3A
 3161 0143 FE985909 		.ascii	"\376\230Y\011\277rRM\235\237\357{\205\344\367\345\247"
 3161      BF72524D 
 3161      9D9FEF7B 
 3161      85E4F7E5 
 3161      A7
 3162 0154 9375A563 		.ascii	"\223u\245c^\246\230\372}\037\363;&8\245Y\351\261K#\341"
 3162      5EA698FA 
 3162      7D1FF33B 
 3162      2638A559 
 3162      E9B14B23 
 3163 0169 D7D9EC2B 		.ascii	"\327\331\354+\214=\353\343\032\364\302N\263\335\253"
 3163      8C3DEBE3 
 3163      1AF4C24E 
 3163      B3DDAB
 3164 0178 4EA60B0F 		.ascii	"N\246\013\017{\332\362\0321\335\002\347\3405\006\351"
 3164      7BDAF21A 
 3164      31DD02E7 
 3164      E03506E9 
 3165 0188 23BEB440 		.ascii	"#\276\264@\3471\247\366\331\255\"^&\305\324\244\216"
 3165      E731A7F6 
 3165      D9AD225E 
 3165      26C5D4A4 
 3165      8E
 3166 0199 D7D1AAB2 		.ascii	"\327\321\252\262\313\261\266:\367\217]\343\211\374\233"
 3166      CBB1B63A 
 3166      F78F5DE3 
 3166      89FC9B
 3167 01a8 7FC8F66F 		.ascii	"\177\310\366oU\010\277A\274A\310\020\332\356\231b\357"
 3167      5508BF41 
 3167      BC41C810 
ARM GAS  C:\Users\acest\AppData\Local\Temp\cc8GEYkg.s 			page 84


 3167      DAEE9962 
 3167      EF
 3168 01b9 3380C3C4 		.ascii	"3\200\303\304\227x=o\242]B^\357)\273\337\356L\277\367"
 3168      97783D6F 
 3168      A25D425E 
 3168      EF29BBDF 
 3168      EE4CBFF7 
 3169 01cd 2F519C51 		.ascii	"/Q\234Q\302<\220i\337\205Gj_\352\036\265o\234\3001\247"
 3169      C23C9069 
 3169      DF85476A 
 3169      5FEA1EB5 
 3169      6F9CC031 
 3170 01e2 7D13BC7D 		.ascii	"}\023\274}\304a\306\372\306\\1se\355\240\031[\316\355"
 3170      C461C6FA 
 3170      C65C3173 
 3170      65EDA019 
 3170      5BCEED
 3171 01f5 ACEF581B 		.ascii	"\254\357X\033\024r\005\304\001\272F\224\223D?.\027\020"
 3171      147205C4 
 3171      01BA4694 
 3171      93443F2E 
 3171      1710
 3172 0207 CDCD561E 		.ascii	"\315\315V\036\366\003pPd\227\313\224\320\214\0014\212"
 3172      F6037050 
 3172      6497CB94 
 3172      D08C0134 
 3172      8A
 3173 0218 82F55247 		.ascii	"\202\365RG/\017\320L\214\016#\177N\344\261Gr\276\345"
 3173      2F0FD04C 
 3173      8C0E237F 
 3173      4EE4B147 
 3173      72BEE5
 3174 022b 6EDB61A4 		.ascii	"n\333a\244a\345`r\332\313Y\311\236\236S\213\267\237"
 3174      61E56072 
 3174      DACB59C9 
 3174      9E9E538B 
 3174      B79F
 3175 023d A499E2F0 		.ascii	"\244\231\342\360\344b+2<\222O\223\306.\243\210%\234"
 3175      E4622B32 
 3175      3C924F93 
 3175      C62EA388 
 3175      259C
 3176 024f 76227A2A 		.ascii	"v\"z*~\024i\3408\355L\334\213\227\020~\305\310\006\346"
 3176      7E1469E0 
 3176      38ED4CDC 
 3176      8B97107E 
 3176      C5C806E6 
 3177 0263 FF8E4039 		.ascii	"\377\216@9\256\177 |@\345w\323Rb\327\377\026\002=\361"
 3177      AE7F207C 
 3177      40E577D3 
 3177      5262D7FF 
 3177      16023DF1 
 3178 0277 36E2142F 		.ascii	"6\342\024/\351\372\237\371\276\207oN[*\013\335=\023"
 3178      E9FA9FF9 
 3178      BE876F4E 
 3178      5B2A0BDD 
 3178      3D13
ARM GAS  C:\Users\acest\AppData\Local\Temp\cc8GEYkg.s 			page 85


 3179 0289 8B39C0A6 		.ascii	"\2139\300\246\232\305]\234o\371m\272\200+,O?\315\221"
 3179      9AC55D9C 
 3179      6FF96DBA 
 3179      802B2C4F 
 3179      3FCD91
 3180 029c D5CF97B6 		.ascii	"\325\317\227\266R\023,K\327\261\213.\037\301?,\017\035"
 3180      52132C4B 
 3180      D7B18B2E 
 3180      1FC13F2C 
 3180      0F1D
 3181 02ae 406A24A7 		.ascii	"@j$\247\376>\344E+\325d\177\337\364T\024\251\215|#>"
 3181      FE3EE445 
 3181      2BD5647F 
 3181      DFF45414 
 3181      A98D7C23 
 3182 02c3 E5C51184 		.ascii	"\345\305\021\204_0r\366\370\343]b\372K\223\303\355\354"
 3182      5F3072F6 
 3182      F8E35D62 
 3182      FA4B93C3 
 3182      EDEC
 3183 02d5 438196BD 		.ascii	"C\201\226\275\"\357\317\247H\005\365\342\267\210\263"
 3183      22EFCFA7 
 3183      4805F5E2 
 3183      B788B3
 3184 02e4 7CB3840A 		.ascii	"|\263\204\012I^\037\303\273xT\344sa#\022\306\011A\260"
 3184      495E1FC3 
 3184      BB7854E4 
 3184      73612312 
 3184      C60941B0 
 3185 02f8 24220BAB 		.ascii	"$\"\013\253\027\343\003L\235f\213\004\270\352C\333\326"
 3185      17E3034C 
 3185      9D668B04 
 3185      B8EA43DB 
 3185      D6
 3186 0309 DA10CF20 		.ascii	"\332\020\317 \321<lY\230\317\353\022\323\2378\011\035"
 3186      D13C6C59 
 3186      98CFEB12 
 3186      D39F3809 
 3186      1D
 3187 031a D55C3A87 		.ascii	"\325\\:\207\337#\330\002\002&H@`SJ\247\352\016\327\027"
 3187      DF23D802 
 3187      02264840 
 3187      60534AA7 
 3187      EA0ED717 
 3188 032e 75892ECA 		.ascii	"u\211.\312\232\316Z5\270AB.\036\370#+pk\375*\355\272"
 3188      9ACE5A35 
 3188      B841422E 
 3188      1EF8232B 
 3188      706BFD2A 
 3189 0344 5965F881 		.ascii	"Ye\370\2019z\363\020\2350\266\275\320\200\177\223\342"
 3189      397AF310 
 3189      9D30B6BD 
 3189      D0807F93 
 3189      E2
 3190 0355 DFCB7B69 		.ascii	"\337\313{i\035\242\363x\037\363\"F\276\2735\234K\025"
 3190      1DA2F378 
 3190      1FF32246 
ARM GAS  C:\Users\acest\AppData\Local\Temp\cc8GEYkg.s 			page 86


 3190      BEBB359C 
 3190      4B15
 3191 0367 67F730AD 		.ascii	"g\3670\255h/\006\035\351;v\275\347[\332\332i\246F\255"
 3191      682F061D 
 3191      E93B76BD 
 3191      E75BDADA 
 3191      69A646AD 
 3192 037b 8C3B678E 		.ascii	"\214;g\216X}L\234h\267\272xn\206\357lp~\022\023\353"
 3192      587D4C9C 
 3192      68B7BA78 
 3192      6E86EF6C 
 3192      707E1213 
 3193 0390 ECA9FB83 		.ascii	"\354\251\373\203M\335\230u\2609\351L\335\270=u\220="
 3193      4DDD9875 
 3193      B039E94C 
 3193      DDB83D75 
 3193      903D
 3194 03a2 751399A9 		.ascii	"u\023\231\251\233\314\236:{\276~\344\223\226=TMI\032"
 3194      9BCC9E3A 
 3194      7BBE7EE4 
 3194      93963D54 
 3194      4D491A
 3195 03b5 AA717BA8 		.ascii	"\252q{\250V\022K\354\277\016,b\344\2232\226\001\260"
 3195      56124BEC 
 3195      BF0E2C62 
 3195      E4933296 
 3195      01B0
 3196 03c7 9B83D665 		.ascii	"\233\203\326e\211\304\330ka\371f\371-]\325t9\240\250"
 3196      89C4D86B 
 3196      61F966F9 
 3196      2D5DD574 
 3196      39A0A8
 3197 03da BA21BFA6 		.ascii	"\272!\277\246\352\357\031\341\032y\233\377U\177\271"
 3197      EAEF19E1 
 3197      1A799BFF 
 3197      557FB9
 3198 03e9 FF755923 		.ascii	"\377uY#xG\215\026~WU\014x\331\357/\316\376+\257\014"
 3198      78478D16 
 3198      7E57550C 
 3198      78D9EF2F 
 3198      CEFE2BAF 
 3199 03fe EE0C6E37 		.ascii	"\356\014n7j+\202\341b\205\255\303\372\306\322\322\322"
 3199      6A2B82E1 
 3199      6285ADC3 
 3199      FAC6D2D2 
 3199      D2
 3200 040f E2B05EAC 		.ascii	"\342\260^\254\031\305\272\246\020\252\356R\253\015\335"
 3200      19C5BAA6 
 3200      10AAEE52 
 3200      AB0DDD
 3201 041e AF80DB5A 		.ascii	"\257\200\333Z=\225\201\374\033+\002\2336\275]\246\000"
 3201      3D9581FC 
 3201      1B2B029B 
 3201      36BD5DA6 
 3201      00
 3202 042f 864A95CD 		.ascii	"\206J\225\3152\017\241\363prV89\254\313\232!\007\253"
 3202      320FA1F3 
ARM GAS  C:\Users\acest\AppData\Local\Temp\cc8GEYkg.s 			page 87


 3202      70725638 
 3202      39ACCB9A 
 3202      2107AB
 3203 0442 95AADA0A 		.ascii	"\225\252\332\012\225v\364\335\272\277\022<;\003\272"
 3203      9576F4DD 
 3203      BABF123C 
 3203      3B03BA
 3204 0451 FAA616DC 		.ascii	"\372\246\026\334\372\337'\225p(\024\256\226\325\367"
 3204      FADF2795 
 3204      702814AE 
 3204      96D5F7
 3205 0460 0D39A085 		.ascii	"\0159\240\205d%\244\007\031\250\251\231\200\014\332"
 3205      6425A407 
 3205      19A8A999 
 3205      800CDA
 3206 046f F18EA250 		.ascii	"\361\216\242P\320-\217\024\254&\254\031:\013\267\353"
 3206      D02D8F14 
 3206      AC26AC19 
 3206      3A0BB7EB 
 3207 047f A5A25051 		.ascii	"\245\242PQ\240\312 \036\013I\001\334J\255\246\0315O"
 3207      A0CA201E 
 3207      0B4901DC 
 3207      4AADA619 
 3207      354F
 3208 0491 BCB17D5B 		.ascii	"\274\261}[>3X\243\005\013\363\013J@\320\300\023RCam"
 3208      3E3358A3 
 3208      050BF30B 
 3208      4A40D0C0 
 3208      13524361 
 3209 04a6 3794FD8F 		.ascii	"7\224\375\217T\215JM\015T\260t\377\004\337\331\266\206"
 3209      548D4A4D 
 3209      0D54B074 
 3209      FF04DFD9 
 3209      B686
 3210              		.text
 3211              		.section	.gnu.lto_chEvtAddEvents.340.b3bfce6d,"e",%progbits
 3212 0000 789C9554 		.ascii	"x\234\225T]l\024U\024>g\356\354nW\342O\2421\204\276"
 3212      5D6C1455 
 3212      143E67EE 
 3212      EC6E57E2 
 3212      4FA23184 
 3213 0015 2C24D598 		.ascii	",$\325\230\264\273-\012&\215\017\230\352\033&\006\342"
 3213      B4BB2D0A 
 3213      268D0F98 
 3213      EA1B2606 
 3213      E2
 3214 0026 DB246499 		.ascii	"\333$d\231\216v\261\333if\206*O\014[\264\246!\002\013"
 3214      8E76B1DB 
 3214      6966862A 
 3214      4F0C5BB4 
 3214      A621020B 
 3215 003a A1A6DD52 		.ascii	"\241\246\335R\322\024\201\007c4\210-ta\265\362\327E"
 3215      D2148107 
 3215      6334882D 
 3215      7461B5F2 
 3215      D745
 3216 004c 8B9BD662 		.ascii	"\213\233\326b\333\224\244\021\033|\320fW\302\032A=\367"
ARM GAS  C:\Users\acest\AppData\Local\Temp\cc8GEYkg.s 			page 88


 3216      DB94A411 
 3216      1B7CD066 
 3216      57C21A41 
 3216      3DF7
 3217 005e DED91F8D 		.ascii	"\336\331\037\2151\230lf\356|\367\273\347\347\373\316"
 3217      31986C66 
 3217      EE7CF7BB 
 3217      E7E7FBCE 
 3218 006e DD900FE0 		.ascii	"\335\220\017\340\004\002<\005\000\310\000\223\007{\025"
 3218      04023C05 
 3218      00C80093 
 3218      077B15
 3219 007d 705D7753 		.ascii	"p]wS@\301=\007{\247\322\247U<\207\002@\330\255\340n"
 3219      40C13D07 
 3219      7BA7D2A7 
 3219      553C8702 
 3219      40D8ADE0 
 3220 0092 3CC4520C 		.ascii	"<\304R\014\223l\204\310\252\267B\014=\223q\335\342\255"
 3220      936C84C8 
 3220      AAB7420C 
 3220      3D9371DD 
 3220      E2AD
 3221 00a4 BEC91381 		.ascii	"\276\311\023\201\324\311\214:\302\0248J\204\317\020"
 3221      D4C98C3A 
 3221      C214384A 
 3221      84CF10
 3222 00b3 4F537000 		.ascii	"OSp\000\"\262vx\232H\327o\214\272n\020\210\201\237c"
 3222      22B27678 
 3222      9A48D76F 
 3222      8CBA6E10 
 3222      88819F63 
 3223 00c7 158700DB 		.ascii	"\025\207\000\333]-\231\357!\177\325\021{%\273\334\363"
 3223      5D2D99EF 
 3223      217FD511 
 3223      7B25BBDC 
 3223      F3
 3224 00d8 C8813D35 		.ascii	"\310\201=5\234>\206\177\013i\357[\355\007<\213<\021"
 3224      9C3E867F 
 3224      0B69EF5B 
 3224      ED073C8B 
 3224      3C11
 3225 00ea 002FCA0F 		.ascii	"\000/\312\017\264F\034\027\247\375Ts\361\307g\201\252"
 3225      B4461C17 
 3225      A7FD5473 
 3225      F1C76781 
 3225      AA
 3226 00fb 3F4AD578 		.ascii	"?J\325xHj\350\342\002\235J\023\306D\252/\004\231\027"
 3226      486AE8E2 
 3226      029D4A13 
 3226      C644AA2F 
 3226      049917
 3227 010e 56FCF4FD 		.ascii	"V\374\364\375\371\2515)\227W\317\360\002\362P2\031f"
 3227      F9A93529 
 3227      9757CFF0 
 3227      02F25032 
 3227      1966
 3228 0120 90203B5B 		.ascii	"\220 ;[\353\025U\\H\016\214\325Ot\273W\3342\027*\\\331"
ARM GAS  C:\Users\acest\AppData\Local\Temp\cc8GEYkg.s 			page 89


 3228      EB15555C 
 3228      480E8CD5 
 3228      4F74BB57 
 3228      DC32172A 
 3229 0136 2ECF363A 		.ascii	".\3176:\223\362#e\300\363<\032P}\370e\271>^\254\212"
 3229      93F22365 
 3229      C0F33C1A 
 3229      507DF865 
 3229      B93E5EAC 
 3230 014b 5F55F22F 		.ascii	"_U\362/\0369u\273V\346\227\332\250\245\230\027\221\253"
 3230      1E3975BB 
 3230      56E697DA 
 3230      A8A59817 
 3230      91AB
 3231 015d 73674D29 		.ascii	"sgM)\377\371o\307\233\211\2707\364O\025\211Y\225}y\202"
 3231      FFF96FC7 
 3231      9B89B837 
 3231      F44F1589 
 3231      59957D79 
 3232 0172 E125940A 		.ascii	"\341%\224\012\250\"\373e\364\022\012u\226=u|\025u\336"
 3232      A822FB65 
 3232      F4120A75 
 3232      963D757C 
 3232      1575DE
 3233 0185 B943EA5C 		.ascii	"\271C\352\\%\314\017\225f/<P\263\305\037\250\331,\201"
 3233      25CC0F95 
 3233      662F3C50 
 3233      B3C51FA8 
 3233      D92C81
 3234 0198 93E566AF 		.ascii	"\223\345f\257\211f9\347\343\234/\343\336\373s\277\233"
 3234      896639E7 
 3234      E39C2FE3 
 3234      DEFB73BF 
 3234      9B
 3235 01a9 B9BB6AB2 		.ascii	"\271\273j\262\247\1776\255\004\025\304Q\232\270\021"
 3235      A77F36AD 
 3235      0415C451 
 3235      9AB811
 3236 01b8 A6AAF4F0 		.ascii	"\246\252\364\360\371\370\003`?\343\323\347\252\350f"
 3236      F9F80360 
 3236      3FE3D3E7 
 3236      AAE866
 3237 01c7 000E3045 		.ascii	"\000\0160E~t\323\307O\350.\365M\241x\367?\312_\205\373"
 3237      7E74D3C7 
 3237      4FE82EF5 
 3237      4DA178F7 
 3237      3FCA5F85 
 3238 01dc 8717FB8F 		.ascii	"\207\027\373\217 \271)\300\302\\P\260\012c\307\317\344"
 3238      20B929C0 
 3238      C25C50B0 
 3238      0A63C7CF 
 3238      E4
 3239 01ed 6F3C4EA2 		.ascii	"o<N\242\013x&\377\001r<\021\"+\370\2642l\024\264[\251"
 3239      0B7826FF 
 3239      01723C11 
 3239      222BF8B4 
 3239      326C14B4 
ARM GAS  C:\Users\acest\AppData\Local\Temp\cc8GEYkg.s 			page 90


 3240 0203 33370791 		.ascii	"37\007\221\034\021\264s7\2038\201\360\013&\326\361\222"
 3240      1C11B473 
 3240      37833881 
 3240      F00B26D6 
 3240      F192
 3241 0215 F7F1815A 		.ascii	"\367\361\201Z;\310\336\245\321\363\323R\345\367\203"
 3241      3BC8DEA5 
 3241      D1F3D352 
 3241      E5F783
 3242 0224 B2D31BAF 		.ascii	"\262\323\033\257#~#T\\{L\354\007\304fNfY\031=>\235\257"
 3242      237E2354 
 3242      5C7B4CEC 
 3242      07C4664E 
 3242      6659193D 
 3243 023b 016E3B8F 		.ascii	"\001n;\217\233\277\177\370\327\271:\221\341\356\334"
 3243      9BBF7FF8 
 3243      D7B93A91 
 3243      E1EEDC
 3244 024a 931259FA 		.ascii	"\223\022Y\372m3\351.K\272\204\3034\235\274\234\364G"
 3244      6D33E92E 
 3244      4BBA84C3 
 3244      349DBC9C 
 3244      F447
 3245 025c B91C9573 		.ascii	"\271\034\225sY\2263\233\013\342\025\204\23711~\352\341"
 3245      5996339B 
 3245      0BE21584 
 3245      9F31317E 
 3245      EAE1
 3246 026e 6156BA73 		.ascii	"aV\272s5\"\357^Thy\222\011\355?DR.\2103\210\323b\263"
 3246      3522EF5E 
 3246      54687992 
 3246      09ED3F44 
 3246      522E8833 
 3247 0286 9114A3A2 		.ascii	"\221\024\243\242\036\302\357p\220\011\317=D\305YB\220"
 3247      1EC2EF70 
 3247      9009CF3D 
 3247      44C55942 
 3247      90
 3248 0297 2322EEED 		.ascii	"#\"\356\355\206aV\272\301*\226C\255\242l\370=B\243\270"
 3248      866156BA 
 3248      C12A9643 
 3248      ADA26CF8 
 3248      3D42A3B8 
 3249 02ab A3737444 		.ascii	"\243stD\361\216t'{\250Z\037\025L\007y\210\225^\374\367"
 3249      F18E7427 
 3249      7BA85A1F 
 3249      154C0779 
 3249      88955EFC 
 3250 02c0 530BA553 		.ascii	"S\013\245SD\027\242P\317+5\3244\237G\331\370Yo\317]"
 3250      4417A250 
 3250      CF2B35D4 
 3250      349F47D9 
 3250      F8596FCF 
 3251 02d5 1A92A692 		.ascii	"\032\222\246\222\233\375\003\344\346U)\300\320|\237"
 3251      9BFD03E4 
 3251      E65529C0 
 3251      D07C9F
ARM GAS  C:\Users\acest\AppData\Local\Temp\cc8GEYkg.s 			page 91


 3252 02e4 5470E993 		.ascii	"Tp\351\223\001\251_z^\354\254+?\226\246k=\277\377\340"
 3252      01A95F7A 
 3252      5EECAC2B 
 3252      3F96A66B 
 3252      3DBFFFE0 
 3253 02f8 7E4FCA83 		.ascii	"~O\312\203\207\012e\277\263\236\337P\355\367\265\212"
 3253      870A65BF 
 3253      B39EDF50 
 3253      EDF7B58A 
 3254 0308 DF5F57FB 		.ascii	"\337_W\373\3559\273(<\256\2663Y ;\263\236\235\367\222"
 3254      ED39BB28 
 3254      3CAEB633 
 3254      59203BB3 
 3254      9E9DF792 
 3255 031c BFF33F44 		.ascii	"\277\363?D\310c\342\330\006\336\001\360\231E9\246\211"
 3255      C863E2D8 
 3255      06DE01F0 
 3255      994539A6 
 3255      89
 3256 032d 0CFFAC6F 		.ascii	"\014\377\254oi\326^\263\015\313\326\242\272a;\332K\206"
 3256      69D65EB3 
 3256      0DCBD6A2 
 3256      BA613BDA 
 3256      4B86
 3257 033f FDA66376 		.ascii	"\375\246cvj[\302/\206[\302/k\026\301\333:-s\207\241"
 3257      6A5BC22F 
 3257      865BC22F 
 3257      6B16C1DB 
 3257      3A2D7387 
 3258 0354 3BF04238 		.ascii	";\360B8\034\251\376\265\264\305\266\307\266:;[cfD\347"
 3258      1CA9FEB5 
 3258      B4C5B6C7 
 3258      B63A3B5B 
 3258      636644E7 
 3259 0368 6BD35EDF 		.ascii	"k\323^\337\324\324\0241\355\210\345DlK'\324\3502:\034"
 3259      D4D41431 
 3259      ED88E544 
 3259      6C4B27D4 
 3259      E8323A1C 
 3260 037c 3BAC835F 		.ascii	";\254\203_\256\236\250@\341\365\255\321\215\033_\337"
 3260      AE9EA840 
 3260      E1F5ADD1 
 3260      8D1B5FDF 
 3261 038c 407B1DC6 		.ascii	"@{\035\306[F\227\323\2447k\"\216-bjU15\323\326,G\213"
 3261      5B4697D3 
 3261      A4376B22 
 3261      8E2D626A 
 3261      553135D3 
 3262 03a4 75E8ED3B 		.ascii	"u\350\355;[\015\332\261w\331\3416\010l\217\332\306\253"
 3262      5B0DDAB1 
 3262      77D9E136 
 3262      086C8FDA 
 3262      C6AB
 3263 03b6 566CF37F 		.ascii	"Vl\363\177\237\324\315x\334\354\320\214\267\035-j\305"
 3263      9FD4CD78 
 3263      DCECD08C 
 3263      B71D2D6A 
ARM GAS  C:\Users\acest\AppData\Local\Temp\cc8GEYkg.s 			page 92


 3263      C5
 3264 03c7 353D6EC7 		.ascii	"5=n\3078h\031\225\200\034\332\366\206\256S\320M\017"
 3264      38681995 
 3264      801CDAF6 
 3264      86AE53D0 
 3264      4D0F
 3265 03d9 14ACD3B4 		.ascii	"\024\254\323\264\034\233\207\353z\276!\336\020mw\210"
 3265      1C9B87EB 
 3265      7ABE21DE 
 3265      106D7788 
 3266 03e9 C7435280 		.ascii	"\307CR\200\347\376G\037\236\030m\360\330+[\267\204x"
 3266      E7FE471F 
 3266      9E186DF0 
 3266      D82B5BB7 
 3266      8478
 3267 03fb 3B9D56AC 		.ascii	";\235V\254>T\327\010\212\005\201\270\0217\255]\360\027"
 3267      3E54D708 
 3267      8A0581B8 
 3267      1137AD5D 
 3267      F017
 3268 040d 6AFD42EE 		.ascii	"j\375B\356"
 3269              		.text
 3270              		.section	.gnu.lto_chEvtGetAndClearFlagsI.341.b3bfce6d,"e",%progbits
 3271 0000 789C6D50 		.ascii	"x\234mP\337K\024Q\024>\337\334\331\325\"\332\227\320"
 3271      DF4B1451 
 3271      143EDFDC 
 3271      D9D522DA 
 3271      97D0
 3272 0012 57093402 		.ascii	"W\0114\002\231i\215|\210\210b\353\037(|\033\210m\034"
 3272      99698D7C 
 3272      888862EB 
 3272      1F287C1B 
 3272      886D1C
 3273 0025 6B6B6986 		.ascii	"kki\206\271c\257\336\335\010a_\3265\250\027\013\031"
 3273      B963AFDE 
 3273      DD08615F 
 3273      D635A817 
 3273      0B19
 3274 0037 96D8B75E 		.ascii	"\226\330\267^\212\3246\\\002\2617\305?A\360!\037\264"
 3274      8AD4365C 
 3274      02B137C5 
 3274      3F41F021 
 3274      1FB4
 3275 0049 8448C2B0 		.ascii	"\204H\302\260sg\362G \334{\317\375\016\337w\316w\316"
 3275      7367F247 
 3275      20DC7BCF 
 3275      FD0EDF77 
 3275      CE77CE
 3276 005c 06886A44 		.ascii	"\006\210jD4\300\027\2020\335\250\031\244\224\272\321"
 3276      34C01782 
 3276      30DDA819 
 3276      A494BAD1 
 3277 006c 65A0D2A8 		.ascii	"e\240\322\250-\177]5\361\011I\0024a`\002/\304\214\300"
 3277      2D7F5D35 
 3277      F1094902 
 3277      34616002 
 3277      2FC48CC0 
ARM GAS  C:\Users\acest\AppData\Local\Temp\cc8GEYkg.s 			page 93


 3278 0080 B46832D9 		.ascii	"\264h2\331\374\367\003\372.v\224\332\335x\265\275\334"
 3278      FCF703FA 
 3278      2E7694DA 
 3278      DD78B5BD 
 3278      DC
 3279 0091 35D3EA98 		.ascii	"5\323\352\230Ma\320\033&|\000\336s\003\"&\2122]`\322"
 3279      4D61D01B 
 3279      267C00DE 
 3279      73032226 
 3279      8A325D60 
 3280 00a6 EAF69C52 		.ascii	"\352\366\234R\247\250)\004>\342\030\207\023\301|o\312"
 3280      A7A82904 
 3280      3EE21887 
 3280      13C17C6F 
 3280      CA
 3281 00b7 7C0E1DFA 		.ascii	"|\016\035\372\231\375}w\262vv\252\322\315\0051\217\377"
 3281      99FD7D77 
 3281      B27676AA 
 3281      D2CD0531 
 3281      8FFF
 3282 00c9 4A064BBD 		.ascii	"J\006K\275Y\302\002t#m\236\017\243wk\231\216\332\333"
 3282      59C20274 
 3282      236D9E0F 
 3282      A3776B99 
 3282      8EDADB
 3283 00dc AF2BB57F 		.ascii	"\257+\265\177}\257\035\237\34610\247\007[\200\311=\314"
 3283      7DAF1D9F 
 3283      E63130A7 
 3283      075B80C9 
 3283      3DCC
 3284 00ee 2C696F54 		.ascii	",ioT\027zHeBu\210\246\204\221\202\012\203M\250\365\037"
 3284      177A4865 
 3284      427588A6 
 3284      8491820A 
 3284      834DA8F5 
 3285 0103 2B48E2CF 		.ascii	"+H\342\317\225\236$\376J\361\371\303g\375w\216\266P"
 3285      959E24FE 
 3285      4AF1F9C3 
 3285      67FD778E 
 3285      B650
 3286 0115 6D7F3B13 		.ascii	"m\177;\023\213\203u\210\304\364[\275\253V\256)21[n\203"
 3286      8B837588 
 3286      C4F45BBD 
 3286      AB56AE29 
 3286      32315B6E 
 3287 012a 2E314EEC 		.ascii	".1N\354\177\306\353\304\350&\252\263\227\331\016+\223"
 3287      7FC6EBC4 
 3287      E826AAB3 
 3287      97D90E2B 
 3287      93
 3288 013b 527FB838 		.ascii	"R\177\2708\327\332i\345\016\345\342\004\371b*\327\235"
 3288      D7DA69E5 
 3288      0EE5E204 
 3288      F9622AD7 
 3288      9D
 3289 014c 4CA4361B 		.ascii	"L\2446\033kH]\364\304\302<\020w\237\240\375\302Z\275"
 3289      6B485DF4 
ARM GAS  C:\Users\acest\AppData\Local\Temp\cc8GEYkg.s 			page 94


 3289      C4C23C10 
 3289      779FA0FD 
 3289      C25ABD
 3290 015f B32D3C7B 		.ascii	"\263-<{9\271d\304\"\313\315YC;\250\3661\322\266\352"
 3290      39B964C4 
 3290      22CBCD59 
 3290      433BA8F6 
 3290      31D2B6EA 
 3291 0173 02471B21 		.ascii	"\002G\033!\032,\\uF\244\027J\247\350z2rny\362q\344\007"
 3291      1A2C5C75 
 3291      46A4174A 
 3291      A7E87A32 
 3291      726E79F2 
 3292 018a CE1DEBA6 		.ascii	"\316\035\353\246U\260n;!\247\357\005\241\377\310s#\272"
 3292      55B06E3B 
 3292      21A7EF05 
 3292      A1FFC873 
 3292      23BA
 3293 019c 6659F6F1 		.ascii	"fY\366\361SxX\272_\272\033\215\217\226|\333\325\177"
 3293      537858BA 
 3293      5FBA1B8D 
 3293      8F967CDB 
 3293      D57F
 3294 01ae 5F0EE5F3 		.ascii	"_\016\345\363y\333\227v\030\3312t9\353=\365\236D\322"
 3294      79DB9776 
 3294      18D93274 
 3294      39EB3DF5 
 3294      9E44D2
 3295 01c1 724978E5 		.ascii	"rIx\345\340\334\021\266\206F\213\303\303cW\\\312\214"
 3295      E0DC11B6 
 3295      86468BC3 
 3295      C363575C 
 3295      CA8C
 3296 01d3 958B0FE4 		.ascii	"\225\213\017\344_~\214\312^"
 3296      5F7E8CCA 
 3296      5E
 3297              		.text
 3298              		.section	.gnu.lto_chEvtGetAndClearFlags.342.b3bfce6d,"e",%progbits
 3299 0000 789C8D53 		.ascii	"x\234\215S]h\024W\024>g\356\354n\202\242\245\226<\324"
 3299      5D681457 
 3299      143E67EE 
 3299      EC6E82A2 
 3299      A5963CD4 
 3300 0014 97284429 		.ascii	"\227(D)\304\335\304V\005\361\301\222\372VA\024\337\006"
 3300      C4DDC456 
 3300      05F1C192 
 3300      FA564114 
 3300      DF06
 3301 0026 649D8CBA 		.ascii	"d\235\214\272\355\356\31623\212>9n\260\245yh4Z#\311"
 3301      EDEECE32 
 3301      338A3E39 
 3301      6EB0A579 
 3301      68345A23 
 3302 003b BA4A5825 		.ascii	"\272JX%>\211P5\376\244\331\252I\324 \011kR$i\015\004"
 3302      3E895035 
 3302      FEA4D9AA 
 3302      49D42009 
ARM GAS  C:\Users\acest\AppData\Local\Temp\cc8GEYkg.s 			page 95


 3302      6B522469 
 3303 0051 A5583086 		.ascii	"\245X0\206]\305}P\333s\356\254\273\333\"E\010\231{\277"
 3303      5DC57D50 
 3303      DB73EEAC 
 3303      BBDB2245 
 3303      08997BBF 
 3304 0065 FB9DEF7C 		.ascii	"\373\235\357|\367\273g\343*@\034\001V\000\000\012\300"
 3304      F7BB67E3 
 3304      2A401C01 
 3304      5600000A 
 3304      C0
 3305 0076 CEA3ED0A 		.ascii	"\316\243\355\012\270\256\2731\240\340\241\243\355#\243"
 3305      B8AEBB31 
 3305      A0E0A1A3 
 3305      ED23A3
 3306 0085 E32A5E47 		.ascii	"\343*^G\011 \034T\360 \036\023)\201\235\"Cd\265\264"
 3306      09201C54 
 3306      F0201E13 
 3306      29819D22 
 3306      4364B5B4 
 3307 0099 42ACFF2C 		.ascii	"B\254\377,\353\272\305']\351\273\201T_V\315\010\005"
 3307      EBBAC527 
 3307      5DE9BB81 
 3307      545F56CD 
 3307      0805
 3308 00ab D244B884 		.ascii	"\322D\270\204\3703\211\003\020QDa%\221\306\347\372]"
 3308      F8338903 
 3308      10514461 
 3308      2591C6E7 
 3308      FA5D
 3309 00bd B7163242 		.ascii	"\267\0262B\340\025\254\342\020\220\230\257\363\230\207"
 3309      E015ACE2 
 3309      109098AF 
 3309      F39887
 3310 00cc 913F0DC4 		.ascii	"\221?\015\304\236?\375C\373\242#\207jH\020\257\342\277"
 3310      9E3FFD43 
 3310      FBA22387 
 3310      6A4810AF 
 3310      E2BF
 3311 00de 24136FEA 		.ascii	"$\023o\352\374\200\327\220\033\001(T\340\007Z#\336\220"
 3311      FC80D790 
 3311      1B012854 
 3311      E0075A23 
 3311      DE90
 3312 00f0 D57EF25C 		.ascii	"\325~\362\\\234\374\002\310}\232\334\224\220T\317\320"
 3312      9CFC02C8 
 3312      7D9ADC94 
 3312      9054CFD0 
 3313 0100 EF543540 		.ascii	"\357T5@\230\220\255\006$\231\215\025\273\177\234\036"
 3313      9890AD06 
 3313      24998D15 
 3313      BB7F9C1E 
 3314 0110 FB34E5B2 		.ascii	"\3734\345\262{\025\007\221\245\274f\230E\202\022\243"
 3314      7B150791 
 3314      A5BC6698 
 3314      458212A3 
 3315 0120 4B4BA68A 		.ascii	"KK\246\212\023\235=W\033o\265\271w\3342\027*\\\357\272"
ARM GAS  C:\Users\acest\AppData\Local\Temp\cc8GEYkg.s 			page 96


 3315      139D3D57 
 3315      1B6FB5B9 
 3315      77DC3217 
 3315      2A5CEFBA 
 3316 0134 DCAD7F32 		.ascii	"\334\255\1772\345\307_\011\374\205\325\200\374\341\315"
 3316      E5C75F09 
 3316      FC85D580 
 3316      FCE1CD
 3317 0143 6A7FA999 		.ascii	"j\177\251\231\376\006\317\240Z1x\370%\031\274M\230\017"
 3317      FE06CFA0 
 3317      5A3178F8 
 3317      2519BC4D 
 3317      980F
 3318 0155 2AFD063F 		.ascii	"*\375\006?\250_\3611\365\033&p\250\334oD\366#\016RT"
 3318      A85FF131 
 3318      F51B2670 
 3318      A8DC6F44 
 3318      F6230E52 
 3319 016a 1772BEAC 		.ascii	"\027r\276\254\373\372\357\0167\373jA\372izlT\251U\020"
 3319      FBFAEF0E 
 3319      37FB6A41 
 3319      FA697A6C 
 3319      54A95510 
 3320 017e FBE9DD33 		.ascii	"\373\351\3353\302\247r\230~\340\247\203\016\3013\340"
 3320      C2A77298 
 3320      7EE0A783 
 3320      0EC133E0 
 3321 018e AAE86601 		.ascii	"\252\350f\001\216\010\305\333\264\321\346/tg\007s(\277"
 3321      8E08C5DB 
 3321      B4D1E62F 
 3321      74670773 
 3321      28BF
 3322 01a0 B98FF9B3 		.ascii	"\271\217\371\263\274\374o\3667\011\024\236\035\177\324"
 3322      BCFC6FF6 
 3322      3709149E 
 3322      1D7FD4
 3323 01af 7D022964 		.ascii	"}\002)d\011\026\246jeY\341\374\331\313\371\207K(\013"
 3323      0916A66A 
 3323      6559E1FC 
 3323      D9CBF987 
 3323      4B280B
 3324 01c2 094FE64F 		.ascii	"\011O\346O\"\343\311zJ\210\207H\305&I\273\224\272<s"
 3324      22E3C97A 
 3324      4A888748 
 3324      C52649BB 
 3324      94BA3C73 
 3325 01d6 0A292849 		.ascii	"\012)(I\273>S\213\267\020\236cr9_\343\001\277\363\262"
 3325      BB3E538B 
 3325      B7109E63 
 3325      72395FE3 
 3325      01BFF3B2 
 3326 01ea C7CA7734 		.ascii	"\307\312w4\021~Z\252<\266\367\020\350\213\243\210we"
 3326      117E5AAA 
 3326      3CB6F710 
 3326      E88BA388 
 3326      7765
 3327 01fc B4CBFE94 		.ascii	"\264\313\376\224\347\001yx\337\3532\337wv\"_\003\374"
ARM GAS  C:\Users\acest\AppData\Local\Temp\cc8GEYkg.s 			page 97


 3327      E7017978 
 3327      DFEB32DF 
 3327      7776225F 
 3327      03FC
 3328 020e 1AAC9B7F 		.ascii	"\032\254\233\177v\374\305T\203\354\360j\252N\"on\376"
 3328      76FCC554 
 3328      83ECF06A 
 3328      AA4E226F 
 3328      6EFE
 3329 0220 B499DE02 		.ascii	"\264\231\336\002\3460y\343\351\302^\361n\270\205\324"
 3329      E63079E3 
 3329      E9C25EF1 
 3329      6EB885D4 
 3330 0230 3CC7BF81 		.ascii	"<\307\277\201\276\305\031Q\323K\2438\206\320D{9\226"
 3330      BEC51951 
 3330      D34BA338 
 3330      86D0447B 
 3330      3996
 3331 0242 E3788A07 		.ascii	"\343x\212\007\220\233\234\371\234\"\244J\251;\235\223"
 3331      909B9CF9 
 3331      9C22A44A 
 3331      A93B9D93 
 3332 0252 5AF9BEC5 		.ascii	"Z\371\276\305\345r\361\236\362\234W\316\235|\236\267"
 3332      E572F19E 
 3332      F29C57CE 
 3332      9D7C9EB7 
 3333 0262 D93FBC7C 		.ascii	"\331?\274|)\307\356\036\312\361\266\227\304\351\351"
 3333      29C7EE1E 
 3333      CAF1B697 
 3333      C4E9E9
 3334 0271 AED2F9C5 		.ascii	"\256\322\371\305\036\317\371\3004\376\347\001&\226\226"
 3334      1ECFF9C0 
 3334      34FEE701 
 3334      269696
 3335 0280 927ECB49 		.ascii	"\222~\313I\017y\205\307\012\345\244\207KICu\322#\225"
 3335      0F7985C7 
 3335      0AE5A487 
 3335      4B494375 
 3335      D22395
 3336 0293 A4EF5427 		.ascii	"\244\357T']\312tR\246[\035dg\201\202\034.\005\371:\331"
 3336      5DCA7452 
 3336      A65B1D64 
 3336      6781821C 
 3336      2E05F93A 
 3337 02a8 E52BC756 		.ascii	"\345+\307V\327+\304\273\333\326\274\347\262\017\351"
 3337      D72BC4BB 
 3337      DBD6BCE7 
 3337      B20FE9
 3338 02b7 B23CAF73 		.ascii	"\262<\257s\330v\342\373!\245W\370\251\200\003\313\223"
 3338      D876E2FB 
 3338      21A557F8 
 3338      A98003CB 
 3338      93
 3339 02c8 3BDA718E 		.ascii	";\332q\216\035\002\275qKfy\333\330\262^\333n\033\226"
 3339      1D02BD71 
 3339      4B6679DB 
 3339      D8B25EDB 
ARM GAS  C:\Users\acest\AppData\Local\Temp\cc8GEYkg.s 			page 98


 3339      6E1B96
 3340 02db AD8575C3 		.ascii	"\255\205u\303v\264\257\014\373[\307Lh[\203_\006[\202"
 3340      76B4AF0C 
 3340      FB5BC74C 
 3340      685B835F 
 3340      065B82
 3341 02ee 9B348BE0 		.ascii	"\2334\213\340\035\011\313\374\306\320\035\330\020\014"
 3341      1D09CBFC 
 3341      C6D01DD8 
 3341      100C
 3342 02fc 86AAFF5A 		.ascii	"\206\252\377Z\366DvF\2669{[#fH\347\265i\257nnn\016\231"
 3342      F6447646 
 3342      B6397B5B 
 3342      236648E7 
 3342      B569AF6E 
 3343 0314 76C87242 		.ascii	"v\310rB\266\245\023j\3543\342\216\035\324A\030\321\304"
 3343      B6A5136A 
 3343      EC33E28E 
 3343      1DD44118 
 3343      D1C4
 3344 0326 27957D70 		.ascii	"'\225}pukx\355\332]kt\360\355\212\206w\333\315\372z"
 3344      756B78ED 
 3344      DA5D6B74 
 3344      F0ED8A86 
 3344      77DBCDFA 
 3345 033b 4D6AD852 		.ascii	"Mj\330RO\253\322\323L[\263\034-\022\327\243{[\015:\261"
 3345      4FABD2D3 
 3345      4C5BB31C 
 3345      2D12D7A3 
 3345      7B5B0D3A 
 3346 0350 0FD8C13D 		.ascii	"\017\330\301=\020\330\031\266\215-V\344\353\377\257"
 3346      10D819B6 
 3346      8D2D56E4 
 3346      EBFFAF
 3347 035f D4CD58CC 		.ascii	"\324\315X\314\214k\306~G\013[1M\217\331\021\006-\243"
 3347      8C6BC67E 
 3347      470B5B31 
 3347      4D8FD911 
 3347      062DA3
 3348 0372 22C8D08E 		.ascii	"\"\310\320\216\335\272N\242\033?H,aZ\216\315r\373\326"
 3348      DDBA4EA2 
 3348      1B3F482C 
 3348      615A8ECD 
 3348      72FBD6
 3349 0385 AD8AAD0A 		.ascii	"\255\212\255\012G\035\342\261$\011|\264y\333\326zv\226"
 3349      471DE2B1 
 3349      24097CB4 
 3349      79DBD67A 
 3349      7696
 3350 0397 B0228DF5 		.ascii	"\260\"\215\365\015M\240X\020\210\0311\323:\000\377\000"
 3350      0D4DA058 
 3350      10881931 
 3350      D33A00FF 
 3350      00
 3351 03a8 83DCFAA3 		.ascii	"\203\334\372\243"
 3352              		.text
 3353              		.section	.gnu.lto_chEvtSignalI.343.b3bfce6d,"e",%progbits
ARM GAS  C:\Users\acest\AppData\Local\Temp\cc8GEYkg.s 			page 99


 3354 0000 789C8552 		.ascii	"x\234\205R[KTQ\030\375\276\263\317e.Y\017\251\017A$"
 3354      5B4B5451 
 3354      18FDBEB3 
 3354      CF652E59 
 3354      0FA90F41 
 3355 0015 BD841133 		.ascii	"\275\204\0213)$\024=\024\326\037H\202\202\201\260q\""
 3355      2924143D 
 3355      14D61F48 
 3355      828281B0 
 3355      7122
 3356 0027 2B3A32E7 		.ascii	"+:2\347\024A\017nu\312\230\036t,\223\240\206\032\007"
 3356      14410F6E 
 3356      75CA981E 
 3356      742C93A0 
 3356      861A07
 3357 003a 9D5EEA41 		.ascii	"\235^\352A,+\247&\254\300(\214$z\250\300\244B#M\244"
 3357      2C2BA726 
 3357      ACC0288C 
 3357      247AA8C0 
 3357      A442234D 
 3358 004f 87EC827D 		.ascii	"\207\354\202}{\237\343x\301\3500g_\326\254o\255\365"
 3358      7B9FE378 
 3358      C1E83067 
 3358      5FD6AC6F 
 3358      ADF5
 3359 0061 ED7D4E31 		.ascii	"\355}N1\2008\000pz\321\003\330\226\210+\3009\337a(J"
 3359      80380070 
 3359      7AD103D8 
 3359      96882BC0 
 3359      39DF6128 
 3360 0076 53E2BC82 		.ascii	"S\342\274\202\367\361k\347\207\"5\226Xy\361]r\243\312"
 3360      F7F16BE7 
 3360      87223596 
 3360      5879F15D 
 3360      72A3CA
 3361 0089 94B3093F 		.ascii	"\224\263\011?\375_\"\0209\253\312\231\204_r\232]\216"
 3361      FD5F2210 
 3361      39ABCA99 
 3361      845F729A 
 3361      5D8E
 3362 009b 26388B10 		.ascii	"&8\213\020\035;\362\272\0066$\342^\322\225;\204z\205"
 3362      1D3BF2BA 
 3362      063624E2 
 3362      5ED2953B 
 3362      847A85
 3363 00ae A99A6E60 		.ascii	"\251\232n`=^`\245\204\375\370\32414\210<\223\3034eK"
 3363      3D5E60A5 
 3363      84FDF8D4 
 3363      3134883C 
 3363      93C33465 
 3364 00c3 D22B9F2B 		.ascii	"\322+\237+\014\333X\232!\252\356J\301\022Z\261c\260"
 3364      0CDB589A 
 3364      21AAEE4A 
 3364      C1125AB1 
 3364      63B0
 3365 00d5 21C7F9CB 		.ascii	"!\307\371\313l\037\347^H3\206w\220j\3606b/\202\000\314"
 3365      6C1FE75E 
ARM GAS  C:\Users\acest\AppData\Local\Temp\cc8GEYkg.s 			page 100


 3365      48338677 
 3365      906AF036 
 3365      622F8200 
 3366 00ea EE62C18B 		.ascii	"\356b\301\213\241C|\357\022U\274\273\230\250\232=\305"
 3366      A1437CEF 
 3366      1255BCBB 
 3366      98A89A3D 
 3366      C5
 3367 00fb 00FA9C25 		.ascii	"\000\372\234%ap\353\225\226\343\277g[8\237\370\214\023"
 3367      6170EB95 
 3367      96E3BF67 
 3367      5B389FF8 
 3367      8C13
 3368 010d A5ABC8BD 		.ascii	"\245\253\310\275\017U\342j\232\030t\032tC\254<b\020"
 3368      0F55E26A 
 3368      9A18741A 
 3368      7443AC3C 
 3368      6210
 3369 011f AA9A4F0C 		.ascii	"\252\232O\014~\304{T\337\302`\226\036\206<\007\320\312"
 3369      7EC47B54 
 3369      DFC26096 
 3369      1E863C07 
 3369      D0CA
 3370 0131 1467D340 		.ascii	"\024g\323@\233/\310G{\206\213\345\334;\214b^\237\037"
 3370      9B2FC847 
 3370      7B868BE5 
 3370      DC3B8C62 
 3370      5E9F1F
 3371 0144 46FB56C3 		.ascii	"F\373V\303$6\366\337(L\261\271f\031\212\003\350\022"
 3371      2436F6DF 
 3371      284CB1B9 
 3371      66198A03 
 3371      E812
 3372 0156 67E64933 		.ascii	"g\346I3#E@?\302f\331G\026\257\312\304\223\330\324\326"
 3372      2345403F 
 3372      C266D947 
 3372      16AFCAC4 
 3372      93D8D4D6 
 3373 016a 8C29A651 		.ascii	"\214)\246QY\212\371\205\306T\034\377Y\366\320)#\276"
 3373      598AF985 
 3373      C6541CFF 
 3373      59F6D029 
 3373      23BE
 3374 017c 34CD520C 		.ascii	"4\315R\014\341:^\220b\372rE\316\326\203\217\250N\034"
 3374      E13A5E90 
 3374      62FA7245 
 3374      CED6838F 
 3374      A84E1C
 3375 018f CE38C6C6 		.ascii	"\3168\306\306\006\326\020Y\344\363\240O\336R+c#\311"
 3375      06D61059 
 3375      E4F3A04F 
 3375      DE522B63 
 3375      23C9
 3376 01a1 F84D145D 		.ascii	"\370M\024]\242\220\233\371\366\221\024\2149\301\261"
 3376      A2909BF9 
 3376      F691148C 
 3376      39C1B1
ARM GAS  C:\Users\acest\AppData\Local\Temp\cc8GEYkg.s 			page 101


 3377 01b0 B5F38A84 		.ascii	"\265\363\212\204\271\242^|L\242\012H\223\314:\221\356"
 3377      B9A25E7C 
 3377      4CA20A48 
 3377      93CC3A91 
 3377      EE
 3378 01c1 0901CC69 		.ascii	"\011\001\314i\352R\363\037%\305<\2621C\330\216\017\374"
 3378      EA52F31F 
 3378      25C53CB2 
 3378      3143D88E 
 3378      0FFC
 3379 01d3 EADA4788 		.ascii	"\352\332G\2100V\021\\cuh\352g\3069^\031m\266\353t>\234"
 3379      3056115C 
 3379      637568EA 
 3379      67C6395E 
 3379      196DB6EB 
 3380 01ea DFE56897 		.ascii	"\337\345h\227\257?h\225\341d\2573\337E8\357\377\302"
 3380      AF3F6895 
 3380      E164AF33 
 3380      DF4538EF 
 3380      FFC2
 3381 01fc 0D2E0DF7 		.ascii	"\015.\015\367li8\237\014\347u\214;\273\367\323\232@"
 3381      6C69389F 
 3381      0CE7758C 
 3381      3BBBF7D3 
 3381      9A40
 3382 020e D7547FDA 		.ascii	"\327T\177\332\336~\016\363\367\376zX\021\346\323\231"
 3382      DE7E0EF3 
 3382      F7FE7A58 
 3382      11E6D399 
 3383 021e A2BC2F5B 		.ascii	"\242\274/[\336\367\371\002\337\2024\363\341\013\002"
 3383      DEF7F902 
 3383      DF8234F3 
 3383      E10B02
 3384 022d 5400D193 		.ascii	"T\000\321\223\037\035\2657\2446\205\261k[!\206J\232"
 3384      1F1DB537 
 3384      A43685B1 
 3384      6B5B2186 
 3384      4A9A
 3385 023f AD488ABB 		.ascii	"\255H\212\273!\2554+\220\346\006\025sU\232Oc\343\310"
 3385      21AD342B 
 3385      90E60615 
 3385      73559A4F 
 3385      63E3C8
 3386 0252 DB2A19AA 		.ascii	"\333*\031\252\205\241\203\213/\023`S\345\266\320^+\022"
 3386      85A1838B 
 3386      2F136053 
 3386      E5B6D05E 
 3386      2B12
 3387 0264 B542D5E1 		.ascii	"\265B\325\341\210e\207vE\254\243\266Y\027\332\023\330"
 3387      88658776 
 3387      45ACA3B6 
 3387      5917DA13 
 3387      D8
 3388 0275 19A80CEC 		.ascii	"\031\250\014\354\016E\011>P\0275\217D\3026l\017\004"
 3388      0E45093E 
 3388      5017358F 
 3388      44C2366C 
ARM GAS  C:\Users\acest\AppData\Local\Temp\cc8GEYkg.s 			page 102


 3388      0F04
 3389 0287 820B7F95 		.ascii	"\202\013\177\225\207k\017\326V\331'jj\315`X\254M\253"
 3389      876B0FD6 
 3389      56D9276A 
 3389      6ACD6058 
 3389      AC4DAB
 3390 029a BCACAC2C 		.ascii	"\274\254\254,hZ\301\250\035\264\242aB#'#\307m+\020\006"
 3390      685AC1A8 
 3390      1DB4A261 
 3390      42232723 
 3390      C76D2B10 
 3391 02af C5AE2B9C 		.ascii	"\305\256+\234\337\006\312k\252+*\016m\011\203\356@\177"
 3391      DF06CA6B 
 3391      AA2B2A0E 
 3391      6D0983EE 
 3391      407F
 3392 02c1 011FF15D 		.ascii	"\001\037\361]\351"
 3392      E9
 3393              		.text
 3394              		.section	.gnu.lto_chEvtSignal.344.b3bfce6d,"e",%progbits
 3395 0000 789C8D52 		.ascii	"x\234\215RKh\023Q\024\275w^>\215\335\010\332.t\023\225"
 3395      4B681351 
 3395      14BD775E 
 3395      3E8DDD08 
 3395      DA2E7413 
 3396 0015 22424DAC 		.ascii	"\"BM\254\240\202\270P\252;\005\261\270\033\2208\035"
 3396      A082B850 
 3396      AA3B05B1 
 3396      B81B9038 
 3396      1D
 3397 0026 35DA74C2 		.ascii	"5\332t\302\314(v\325\261\265\202]X\333\212J\023+\224"
 3397      CC2876D5 
 3397      B1B5825D 
 3397      58DB8A4A 
 3397      132B94
 3398 0039 1474255D 		.ascii	"\024t%]X\253\265\032\373\323*\342\257Ji\213\205\242"
 3398      58ABB51A 
 3398      FBD32AE2 
 3398      AF4A698B 
 3398      85A2
 3399 004b 08821F12 		.ascii	"\010\202\037\022\305.\324z\357\233\330D\027bH2\357\236"
 3399      C52ED47A 
 3399      EF9BD844 
 3399      17624832 
 3399      EF9E
 3400 005d 77DE39F7 		.ascii	"w\3369\367\236y\367\004@-\002\254\002\000\024\200m\255"
 3400      9E79F704 
 3400      402D02AC 
 3400      02001480 
 3400      6DAD
 3401 006f CD0A388E 		.ascii	"\315\0128\216\263\325\257\340\211\326\346\000\366\243"
 3401      B3D5AFE0 
 3401      89D6E600 
 3401      F6A3
 3402 007d AC10EA15 		.ascii	"\254\020\352\025\254\307v\261\206\312\271\267\027\346"
 3402      ACC776B1 
 3402      86CAB9B7 
ARM GAS  C:\Users\acest\AppData\Local\Temp\cc8GEYkg.s 			page 103


 3402      17E6
 3403 008b C7D0B992 		.ascii	"\307\320\271\222\306\024\035\357\244\237\374$\005\266"
 3403      C6141DEF 
 3403      A49FFC24 
 3403      05B6
 3404 0099 899440F4 		.ascii	"\211\224@\364\344V\012\006i%j`u\332q\236\336\356s\234"
 3404      E4560A06 
 3404      69256A60 
 3404      75DA719E 
 3404      DEEE739C 
 3405 00ad 00A484C0 		.ascii	"\000\244\204\300\033Hg\260\027\361:9\023`\314\2260\357"
 3405      1B4867B0 
 3405      17F13A39 
 3405      1360CC96 
 3405      30EF
 3406 00bf 24BAC4E9 		.ascii	"$\272\304\351\034\321\2037\377$z\214\217%\000\276\234"
 3406      1CD18337 
 3406      FF247A8C 
 3406      8F2500BE 
 3406      9C
 3407 00d0 A54267E4 		.ascii	"\245Bg\344\032\3616\262\271\217[\033\331\000\324s\247"
 3407      1AF136B2 
 3407      B98F5B1B 
 3407      D900D473 
 3407      A7
 3408 00e1 507E23C9 		.ascii	"P~#\311\304\310\264\017p\2000\301\230\030\220dv\232"
 3408      C4C8B40F 
 3408      708030C1 
 3408      98189064 
 3408      769A
 3409 00f3 EB3833F5 		.ascii	"\35383\365dY\322I{R\302\213w\221\245\\3\344\321\274"
 3409      6459D249 
 3409      7B52C28B 
 3409      7791A55C 
 3409      33E4D1BC 
 3410 0107 C6A3E5C4 		.ascii	"\306\243\345\304,c\346x[\342f\371P\243\363\300Y\340"
 3410      2C63E678 
 3410      5BE266F9 
 3410      50A3F3C0 
 3410      59E0
 3411 0119 429EEB0E 		.ascii	"B\236\353\016\317n}/\223>\274G\340\035V\343^q\260\260"
 3411      CF6E7D2F 
 3411      933EBC47 
 3411      E01D56E3 
 3411      5E71B0B0 
 3412 012d BFE44C5F 		.ascii	"\277\344L_\271\333\240'\337`\323Wjp\2300/\344\375\356"
 3412      B9DBA027 
 3412      DF60D357 
 3412      6A709830 
 3412      2FE4FDEE 
 3413 0141 FE97DFDC 		.ascii	"\376\227\337\334\033\362\033%pd\301\357\276\364c\316"
 3413      1BF21B25 
 3413      7064C1EF 
 3413      BEF463CE 
 3414 0151 B5E7DEB4 		.ascii	"\265\347\336\264\363}\276\305I\177+\236?\235\230\237"
 3414      F37DBEC5 
 3414      497F2B9E 
ARM GAS  C:\Users\acest\AppData\Local\Temp\cc8GEYkg.s 			page 104


 3414      3F9D989F 
 3415 0161 508A14C4 		.ascii	"P\212\024\304>\2441o\321~\213\3407\355x\320I\003\234"
 3415      3EA4316F 
 3415      D17E8BE0 
 3415      37ED78D0 
 3415      49039C
 3416 0174 158A5B34 		.ascii	"\025\212[4R\361\036\235\331\366W\310\317\225\013\177"
 3416      52F11E9D 
 3416      D9F657C8 
 3416      CF950B7F 
 3417 0184 B3E74BF9 		.ascii	"\263\347K\371\221\375p\356u\307y\244@%\230\235\014H"
 3417      91FD70EE 
 3417      75C779A4 
 3417      4025989D 
 3417      0C48
 3418 0196 7EF66A77 		.ascii	"~\366jwofb\011\315-\341\227\231\213\310xC\220\322\340"
 3418      6F666209 
 3418      CD2DE197 
 3418      998BC878 
 3418      4390D2E0 
 3419 01aa BBE0C575 		.ascii	"\273\340\305u\222v=\331;s\011)\024I\353\237\011\340"
 3419      92763DD9 
 3419      3B730929 
 3419      1449EB9F 
 3419      09E0
 3420 01bc 10C2276C 		.ascii	"\020\302'lX\311-\277\340w\272\342\215r\252(%|\264\364"
 3420      58C92DBF 
 3420      E077BAE2 
 3420      8D72AA28 
 3420      257CB4F4 
 3421 01d0 F0AD7C88 		.ascii	"\360\255|\210@O|\2048&c\\\361N\356\373\345\346c\327"
 3421      404F7C84 
 3421      3826635C 
 3421      F14EEEFB 
 3421      E5E663D7 
 3422 01e4 E5F395EE 		.ascii	"\345\363\225\356\361L\021p\362\254\233\371p\356\313"
 3422      F14C1170 
 3422      F2AC9BF9 
 3422      70EECB
 3423 01f3 649974F8 		.ascii	"d\231t\3706)\273\316\374\030\354\331E\271\303gl\012"
 3423      3629BBCE 
 3423      FC18ECD9 
 3423      45B9C367 
 3423      6C0A
 3424 0205 C2495452 		.ascii	"\302ITR\242\250SP\\]B\351\022\324_@\262;J\211\320\230"
 3424      A2A85350 
 3424      5C5D42E9 
 3424      12D45F40 
 3424      B23B4A89 
 3425 021b 232CEA14 		.ascii	"#,\352\024~\276v\305r+\371{\372\216\004M?\354\366\177"
 3425      7EBE76C5 
 3425      722BF97B 
 3425      FA8E044D 
 3425      3FECF67F 
 3426 022f 79EA82EB 		.ascii	"y\352\202\3538\333\223p\375\006\246\376\216m|y.\237"
 3426      38DB9370 
 3426      FD06A6FE 
ARM GAS  C:\Users\acest\AppData\Local\Temp\cc8GEYkg.s 			page 105


 3426      8E6D7C79 
 3426      2E9F
 3427 0241 9F9CCF88 		.ascii	"\237\234\317\210{\260=\273\220\317h.\037(\314\347~>"
 3427      7BB03DBB 
 3427      90CF682E 
 3427      1F28CCE7 
 3427      7E3E
 3428 0253 9F0785F9 		.ascii	"\237\007\205\371\344\222x&3)\034\277-K\343\323E\200"
 3428      E4927826 
 3428      33291CBF 
 3428      2D4BE3D3 
 3428      4580
 3429 0265 0C953F32 		.ascii	"\014\225?2=;xX\376\264\010t_lC\232\313\362\312\315\352"
 3429      3D3B7858 
 3429      FEB40874 
 3429      5F6C439A 
 3429      CBF2CACD 
 3430 027a 5E4B372D 		.ascii	"^K7-5\242\351\226\255n\327\255#\266\021W\367\204\266"
 3430      35A2E996 
 3430      AD6ED7AD 
 3430      23B61157 
 3430      F784B6
 3431 028d 852A433B 		.ascii	"\205*C;T\223\340}q\3238\254k6l\011\205\302\205\337\312"
 3431      5493E07D 
 3431      71D338AC 
 3431      6B366C09 
 3431      85C285DF 
 3432 02a2 43D1FDD1 		.ascii	"C\321\375\321*\373hu\324\010k\2746\254\365\025\025\025"
 3432      2AFB6875 
 3432      D4086BBC 
 3432      36ACF515 
 3432      1515
 3433 02b4 61C30A9B 		.ascii	"a\303\012\233v\33025B\365cz\255m\2054P\354\370\322|"
 3433      76D83235 
 3433      42F5637A 
 3433      AD6D8534 
 3433      50ECF8D2 
 3434 02c9 195A5F1D 		.ascii	"\031Z_\035\331\270\361\300\006\015|.T\241mV\245\206"
 3434      D9B8F1C0 
 3434      060D7C2E 
 3434      54A16D56 
 3434      A586
 3435 02db 25F5D402 		.ascii	"%\365\324\002=\325\260T\323V\243\265Z\315\321j\235v"
 3435      3DD5B054 
 3435      D356A3B5 
 3435      5ACDD16A 
 3435      9D76
 3436 02ed AC3A2B74 		.ascii	"\254:+t\010\374\373#\226\276\333\214\356\374\367I\315"
 3436      08FCFB23 
 3436      96BEDB8C 
 3436      EEFCF749 
 3436      CD
 3437 02fe 88C58C5A 		.ascii	"\210\305\214ZU?n\253\0213\246j1+\312\240\251\347\005"
 3437      553F6EAB 
 3437      1133A66A 
 3437      312BCAA0 
 3437      A9E705
ARM GAS  C:\Users\acest\AppData\Local\Temp\cc8GEYkg.s 			page 106


 3438 0311 19DA7750 		.ascii	"\031\332wP\323Ht\353\177\211\305\015\323\266X\356\330"
 3438      D34874EB 
 3438      7F89C50D 
 3438      D3B658EE 
 3438      D8
 3439 0322 A6B5B1B5 		.ascii	"\246\265\261\265\221\032\233x,I\002\213wU\355\011rg"
 3439      911A9B78 
 3439      2C49028B 
 3439      7755ED09 
 3439      7267
 3440 0334 71335A1E 		.ascii	"q3Z\036,[\007\212\011\376\230\0363\314:\370\005q\020"
 3440      2C5B078A 
 3440      09FE981E 
 3440      33CC3AF8 
 3440      057110
 3441 0347 C440     		.ascii	"\304@"
 3442              		.text
 3443              		.section	.gnu.lto_chEvtBroadcastFlagsI.345.b3bfce6d,"e",%progbits
 3444 0000 789C7553 		.ascii	"x\234uS[H\223a\030\376\336\357\375\376\377\337\232\247"
 3444      5B489361 
 3444      18FEDEEF 
 3444      FDFEFFDF 
 3444      9AA7
 3445 0012 A0D55520 		.ascii	"\240\325U AH\021[\032ED\027\205u\327U\021]4\010\233"
 3445      4148115B 
 3445      1A454417 
 3445      8575D755 
 3445      115D3408 
 3446 0027 BF65491B 		.ascii	"\277eI\033\373W\267\376\036V0\303mVZ\320\2111\312\010"
 3446      FB57B7FE 
 3446      1E5630C3 
 3446      6D565AD0 
 3446      8931CA08 
 3447 003b 948A0E6A 		.ascii	"\224\212\016j\007\313HB\2122p\027\025\204!\250D\215"
 3447      07CB4842 
 3447      8A327017 
 3447      158421A8 
 3447      448D
 3448 004d 2E2A2CA9 		.ascii	".*,\251\367\373\3667\223jl\337\341\375\236\367y\336"
 3448      F7FBF637 
 3448      936A6CDF 
 3448      E1FD9EF7 
 3448      79DE
 3449 005f D3DE2363 		.ascii	"\323\336#c\355\214\261N\372\201\233AG*\316\231m\333"
 3449      ED8CB14E 
 3449      FA819B41 
 3449      472ACE99 
 3449      6DDB
 3450 0071 9B0C0E5D 		.ascii	"\233\014\016]\251x\366\315u\001\367@\031\220\307R\236"
 3450      A978F6CD 
 3450      7501F740 
 3450      1990C752 
 3450      9E
 3451 0082 784FC22B 		.ascii	"xO\302+ZS%_^\346V\012!-\364V.\216\246J\324\256Ag\201"
 3451      5A53255F 
 3451      5EE6560A 
 3451      212DF456 
ARM GAS  C:\Users\acest\AppData\Local\Temp\cc8GEYkg.s 			page 107


 3451      2E8EA64A 
 3452 009b 4087AE6B 		.ascii	"@\207\256k\013\324\311\340-\2516N<\243\271\231\365\342"
 3452      0BD4C9E0 
 3452      2DA9364E 
 3452      3CA3B999 
 3452      F5E2
 3453 00ad 74721C7A 		.ascii	"tr\034z\0221C\270\240)\025\377\364\226+\014\260F\216"
 3453      123143B8 
 3453      A02915FF 
 3453      F4962B0C 
 3453      B0468E
 3454 00c0 42D30D17 		.ascii	"B\323\015\0274r\203\315}N\340\012\002|\233\350\352\037"
 3454      347283CD 
 3454      7D4EE00A 
 3454      027C9BE8 
 3454      EA1F
 3455 00d2 01BB7B10 		.ascii	"\001\273{\0202\024\361yt\036\317\"t`\006\001\204s\342"
 3455      3214F179 
 3455      741ECF22 
 3455      74600601 
 3455      8473E2
 3456 00e5 504E276C 		.ascii	"PN'l`\025\203\266\375\342\365\035\333v\263\014\"\334"
 3456      601583B6 
 3456      FDE2F51D 
 3456      DB76B30C 
 3456      22DC
 3457 00f7 06F2815B 		.ascii	"\006\362\201[\0007\201IC8\341\225\270\030\344\201\263"
 3457      00378149 
 3457      4338E195 
 3457      B818E481 
 3457      B3
 3458 0108 0E5040DF 		.ascii	"\016P@\337|\240\010\237\365*\031l\003\271-'tn\340j["
 3458      7CA0089F 
 3458      F52A196C 
 3458      03B92D27 
 3458      746EE06A 
 3459 011d 49B2C995 		.ascii	"I\262\311\225A\015\006\376\2043\026\276\342\325\031"
 3459      410D06FE 
 3459      843316BE 
 3459      E2D519
 3460 012c DC052742 		.ascii	"\334\005'B\262\001\335zG\265A\373\307\317\204mgw\037"
 3460      B201DD7A 
 3460      47B541FB 
 3460      C7CF846D 
 3460      67771F
 3461 013f 1FFADA03 		.ascii	"\037\372\332\003\013A\202\004\361\353\232\\t\271\030"
 3461      0B418204 
 3461      F1EB9A5C 
 3461      74B918
 3462 014e 7271D162 		.ascii	"rq\321b\310Ht\017\300\035(\222\270b\200~(S\264,\201"
 3462      C848740F 
 3462      C01D2892 
 3462      B862807E 
 3462      2853B42C 
 3463 0163 2C37D3BD 		.ascii	",7\323\275\036\354A\306\222\310\325\271\211\316\323"
 3463      1EEC41C6 
 3463      92C8D5B9 
ARM GAS  C:\Users\acest\AppData\Local\Temp\cc8GEYkg.s 			page 108


 3463      89CED3
 3464 0172 608F7F1D 		.ascii	"`\217\177\035\003\265\177\037[\254\366\331\374}Ya\031"
 3464      03B57F1F 
 3464      5BACF6D9 
 3464      FC7D5961 
 3464      19
 3465 0183 4F2E611F 		.ascii	"O.a\037\241\371\356\024\246\261\310)\030\252\264.\311"
 3465      A1F9EE14 
 3465      A6B1C829 
 3465      18AAB42E 
 3465      C9
 3466 0194 16779764 		.ascii	"\026w\227d\320\225F\017\334\007\266\232\356*\301\007"
 3466      D095460F 
 3466      DC07B69A 
 3466      EE2AC107 
 3467 01a4 704EA532 		.ascii	"pN\2452\015\315\027K)\004\362TT\247\2622\341$b*\226"
 3467      0DCD174B 
 3467      2904F254 
 3467      54A7B232 
 3467      E124622A 
 3468 01b9 1DC6420C 		.ascii	"\035\306B\014g\262\\I\\Y\224\306\337=\321\346$\210\322"
 3468      67B25C49 
 3468      5C5994C6 
 3468      DF3DD1E6 
 3468      2488D2
 3469 01cc 9DA6763D 		.ascii	"\235\246v=$\005U\356GD/\211>BK\3071\"\327\310-\215\305"
 3469      240555EE 
 3469      47442F89 
 3469      3E424BC7 
 3469      3122D7C8 
 3470 01e3 92231787 		.ascii	"\222#\027\207\377\272=\316\273\021^\251^ \325)h\235"
 3470      FFBA3DCE 
 3470      BB115EA9 
 3470      5E20D529 
 3470      689D
 3471 01f5 1CDA4BBE 		.ascii	"\034\332K\276RR@~>\222(f\333/_\3432>\220q\365}\230 "
 3471      5252407E 
 3471      3E922866 
 3471      DB2F5FE3 
 3471      323E9071 
 3472 020d 09FD5FC4 		.ascii	"\011\375_\304\371\253\200a\342\346\371\220:\217=\343"
 3472      F9AB8061 
 3472      E2E6F990 
 3472      3A8F3DE3 
 3473 021d 6934C841 		.ascii	"i4\310A\306D\012SC\017z\266\221\005\236\200\303\257"
 3473      C6440A53 
 3473      430F7AB6 
 3473      91059E80 
 3473      C3AF
 3474 022f BDBAD7D2 		.ascii	"\275\272\327\322\313\013\371\337\310\242\312\237X]\277"
 3474      CB0BF9DF 
 3474      C8A2CA9F 
 3474      585DBF
 3475 023e 452697CC 		.ascii	"E&\227\314W\231\244\000\015xJ2\250d\024\332]\350B\305"
 3475      5799A400 
 3475      0D784A32 
 3475      A86414DA 
ARM GAS  C:\Users\acest\AppData\Local\Temp\cc8GEYkg.s 			page 109


 3475      5DE842C5 
 3476 0252 DFE80530 		.ascii	"\337\350\0050BhA\350\034\304\312Y+\360\014z\316\347"
 3476      426841E8 
 3476      1CC4CA59 
 3476      2BF00C7A 
 3476      CEE7
 3477 0264 2B401D73 		.ascii	"+@\035sg\250)2\030}~3n;\315\230*JcY\201\277\364\257"
 3477      67A82932 
 3477      187D7E33 
 3477      6E3BCD98 
 3477      2A4A6359 
 3478 027c 9C35784E 		.ascii	"\2345xN\364\232\323\3455\252\313e\212\320 \200-\034"
 3478      F49AD3E5 
 3478      35AACB65 
 3478      8AD02080 
 3478      2D1C
 3479 028e C2E64D4C 		.ascii	"\302\346ML=\345\247\354\344.\372C\253\232T\223\211\306"
 3479      3DE5A7EC 
 3479      E42EFA43 
 3479      AB9A5493 
 3479      89C6
 3480 02a0 46D66306 		.ascii	"F\326c\006\344\200\360\366\276\245\304\240\337\0370"
 3480      E480F0F6 
 3480      BEA5C4A0 
 3480      DF1F30
 3481 02af 89C35518 		.ascii	"\211\303U\030\322\317\320\374n`\227*\\\002\2410\307"
 3481      D2CFD0FC 
 3481      6E60972A 
 3481      5C02A130 
 3481      C7
 3482 02c0 8CADAADE 		.ascii	"\214\255\252\336\020\330i\231\021+P\0234\255h`\213i"
 3482      10D86999 
 3482      112B5013 
 3482      34AD6860 
 3482      8B69
 3483 02d2 1D8C86C2 		.ascii	"\035\214\206\302\201\355\276\315\276j\337\326@\204\314"
 3483      81EDBECD 
 3483      BE6ADFD6 
 3483      4084CC
 3484 02e1 7BC291D0 		.ascii	"{\302\221\320\0013\030e\033}>\377\237\337\352\375\365"
 3484      01331865 
 3484      1B7D3EFF 
 3484      9FDFEAFD 
 3484      F5
 3485 02f2 7BEB7744 		.ascii	"{\353wD\017\327\326\207\374Ay\016YU\225\225\225\376"
 3485      0FD7D687 
 3485      FC41790E 
 3485      59559595 
 3485      95FE
 3486 0304 90E58F44 		.ascii	"\220\345\217D\375V$HV\363\210y(j\371\202\014M+\274h"
 3486      FD562448 
 3486      56F38879 
 3486      286AF982 
 3486      0C4D2BBC 
 3487 0319 EEEEABAA 		.ascii	"\356\356\253\252\255Y\267\256nm\220iu\0155\373,4\033"
 3487      AD59B7AE 
 3487      6E6D9069 
ARM GAS  C:\Users\acest\AppData\Local\Temp\cc8GEYkg.s 			page 110


 3487      750D35FB 
 3487      2C341B
 3488 032c C2BF00A9 		.ascii	"\302\277\000\251\021\204\201"
 3488      118481
 3489              		.text
 3490              		.section	.gnu.lto_chEvtBroadcastFlags.346.b3bfce6d,"e",%progbits
 3491 0000 789C8D52 		.ascii	"x\234\215RMHTQ\024>\347\335\371qj\023$-l3\025\022\201"
 3491      4D485451 
 3491      143EE7DD 
 3491      F9716A13 
 3491      242D6C33 
 3492 0017 CE649441 		.ascii	"\316d\224A\264(\254]A(\355\036\310\364|\325\224\343"
 3492      B428AC5D 
 3492      4128ED1E 
 3492      C8F47CD5 
 3492      94E3
 3493 0029 1BDE7D46 		.ascii	"\033\336}F\255zi\266p\2216F\2053\031\310\010\266\252"
 3493      AD7A69B6 
 3493      70913646 
 3493      853319C8 
 3493      08B6AA
 3494 003c 169A66E6 		.ascii	"\026\232f\346\364\243V\022\375\031\205F\222\024AQ\311"
 3494      F4A35612 
 3494      FD198546 
 3494      92144151 
 3494      C9
 3495 004d 4C918BB1 		.ascii	"L\221\213\261:\367\276\311\2316\321\343\375\334\363"
 3495      3AF7BEC9 
 3495      9936D1E3 
 3495      FDDCF3
 3496 005c 9DEF9EEF 		.ascii	"\235\357\236\357\234\357\276\253\014\240\001\001\326"
 3496      9CEFBEAB 
 3496      0CA00101 
 3496      D6
 3497 0069 000032C0 		.ascii	"\000\0002\300\330\231V\005l\333\336\346U\360\304\231"
 3497      D8995605 
 3497      6CDBDEE6 
 3497      55F0C499 
 3498 0079 561F0EA1 		.ascii	"V\037\016\241\214\020\216+x\034;\330:\012\347\337\237"
 3498      8C108E2B 
 3498      781C3BD8 
 3498      3A0AE7DF 
 3498      9F
 3499 008a CF4EA0DD 		.ascii	"\317N\240\335\233\302$m\357\242G^\011\2061\226d\210"
 3499      9BC2246D 
 3499      EFA2475E 
 3499      09863196 
 3499      6488
 3500 009c AEDC4A41 		.ascii	"\256\334JA?\255X=\254M\331\366\223\251\001\333\366A"
 3500      3FAD583D 
 3500      AC4DD9F6 
 3500      93A901DB 
 3500      F641
 3501 00ae 9231BC8E 		.ascii	"\2221\274\216\264\007\373\021\373H\231\200\350\333b"
 3501      B407FB11 
 3501      FB489980 
 3501      E8DB62
ARM GAS  C:\Users\acest\AppData\Local\Temp\cc8GEYkg.s 			page 111


 3502 00bd C16B4187 		.ascii	"\301kA\207\230\315\021]8\3707\321\025\375R\014\340\311"
 3502      98CD115D 
 3502      38F837D1 
 3502      15FD520C 
 3502      E0C9
 3503 00cf 492AB447 		.ascii	"I*\264G\256\021o\242\020\367Pk\003\2776\001\365\334"
 3503      AE116FA2 
 3503      10F7506B 
 3503      03BF3601 
 3503      F5DC
 3504 00e1 C5943F48 		.ascii	"\305\224?H\">\372\332\0038L\030\023\030\033\226d\241"
 3504      223EFADA 
 3504      03384C18 
 3504      13181B96 
 3504      64A1
 3505 00f3 34DF797A 		.ascii	"4\337yz\372qI\302N\271\222\314\215#(J9b(FsG'V\022\263"
 3505      FA7149C2 
 3505      4EB992CC 
 3505      8D23284A 
 3505      39622846 
 3506 010d 54302763 		.ascii	"T0'c\361\301\262\273\315\366}{\221\013y\2563\274\324"
 3506      F1C1B2BB 
 3506      CDF67D7B 
 3506      910B79AE 
 3506      33BCD4
 3507 0120 7F91F0E0 		.ascii	"\177\221\360\340m\002o\211j\242W\274S\330_b&\271\321"
 3507      6D026F89 
 3507      6AA257BC 
 3507      53D85F62 
 3507      26B9D1
 3508 0133 69D0956F 		.ascii	"i\320\225o\260\345;5x\21707\344\365F\376Ko\376\035\351"
 3508      B0E53B35 
 3508      788F3037 
 3508      E4F546FE 
 3508      4B6FFE1D 
 3509 0148 8D1138BA 		.ascii	"\215\0218\272\2507.\365\004\347\3123w\312\316\376j\263"
 3509      A8372EF5 
 3509      04E7CA33 
 3509      77CACEFE 
 3509      6AB3
 3510 015a 533F9666 		.ascii	"S?\226f?\315\316\265\226\027)\210\003Hc\336\240|\033"
 3510      3FCDCEB5 
 3510      96172988 
 3510      034863DE 
 3510      A07C1B
 3511 016d 13276DBB 		.ascii	"\023'm\273\320N\001\2643\305\011\232)\370\210\366\354"
 3511      D04E01B4 
 3511      33C5099A 
 3511      29F888F6 
 3511      EC
 3512 017e C24B14DF 		.ascii	"\302K\024\337\314\347\263o:\317!\371'\321\314\224O\246"
 3512      CCE7B36F 
 3512      3ACF21F9 
 3512      27D1CC94 
 3512      4FA6
 3513 0190 33977BFA 		.ascii	"3\227{\372\323\257\226\323\230\022~\221\276\200\002"
 3513      D3AF96D3 
ARM GAS  C:\Users\acest\AppData\Local\Temp\cc8GEYkg.s 			page 112


 3513      98127E91 
 3513      BE8002
 3514 019f 6FF2D3F0 		.ascii	"o\362\323\360\342\350\335\270^\322\372\022\3753\027"
 3514      E2E8DDB8 
 3514      5ED2FA12 
 3514      FD3317
 3515 01ae 913C90B4 		.ascii	"\221<\220\264\241\031\037\336E\370\212M\253E\207\317"
 3515      A1191FDE 
 3515      45F88A4D 
 3515      AB4587CF 
 3516 01be C511AE7A 		.ascii	"\305\021\256z\247\234*J2\017-]\342'|\210@_\234@| ]["
 3516      A79C2A4A 
 3516      320F2D5D 
 3516      E2277C88 
 3516      405F9C40 
 3517 01d6 F541E6BD 		.ascii	"\365A\346\2752\371\310Q\231\353\355\231L\027\2010Z\324"
 3517      32F9C851 
 3517      99EBED99 
 3517      4C178130 
 3517      5AD4
 3518 01e8 4D7F3EFB 		.ascii	"M\177>\373m\252T*\374\230Z!\221\205\364\310n\262\031"
 3518      6DAA542A 
 3518      FC985A21 
 3518      9185F4C8 
 3518      6EB219
 3519 01fb E6B0C50F 		.ascii	"\346\260\305\017'QI\262\242.F\356t3\245\233Q\177>\311"
 3519      275149B2 
 3519      A22E46EE 
 3519      7433A59B 
 3519      517F3EC9 
 3520 020f 6E2F2142 		.ascii	"n/!Bs\216\260\244\213y\305_\266T\246b%\271\351;\343"
 3520      738EB0A4 
 3520      8B79C55F 
 3520      B654A662 
 3520      25B9E93B 
 3521 0224 34FD3DA7 		.ascii	"4\375=\247\377K\323\347\035\305\331kqGoxZfV/\276f'W"
 3521      FF4BD3E7 
 3521      1DC5D96B 
 3521      71476F78 
 3521      5A66562F 
 3522 023c E6FCF929 		.ascii	"\346\374\371)\374\031u6vd\026\375\031\313\371\003\205"
 3522      FC197536 
 3522      766416FD 
 3522      19CBF903 
 3522      85
 3523 024d FE8CE7FD 		.ascii	"\376\214\347\375\271_\350O\316\211\247\322\223\302\361"
 3523      B95FE84F 
 3523      CE89A7D2 
 3523      93C2F1
 3524 025c 63191A9F 		.ascii	"c\031\032\237\316\035\322\024.t?\335)\206\025W\033C"
 3524      CE1DD214 
 3524      2E743FDD 
 3524      29861557 
 3524      1B43
 3525 026e E71C9B52 		.ascii	"\347\034\233R\",\253\332\242\356\345\272\311\325\220"
 3525      222CABDA 
 3525      A2EEE5BA 
ARM GAS  C:\Users\acest\AppData\Local\Temp\cc8GEYkg.s 			page 113


 3525      C9D590
 3526 027d A6734BDD 		.ascii	"\246sK\335\241\363\303\226\021U\253\003\333\003U\201"
 3526      A1F3C396 
 3526      1155AB03 
 3526      DB035581 
 3527 028d 9DAA4970 		.ascii	"\235\252Ipm\3244\016\351\232\005[\003\201`\341]u0\274"
 3527      6DD4340E 
 3527      E99A055B 
 3527      038160E1 
 3527      5D7530BC 
 3528 02a1 2F5C6335 		.ascii	"/\\c5\326\205\215\240&\326\006\337PQQ\0214x\320\264"
 3528      D6858DA0 
 3528      26D606DF 
 3528      50515111 
 3528      3478D0B4 
 3529 02b5 82DCD408 		.ascii	"\202\334\324\010\325\217\350\015\026\017h\300t\036-"
 3529      D58FE80D 
 3529      160F68C0 
 3529      741E2D
 3530 02c4 CEC7810D 		.ascii	"\316\307\201\015u\241\312\312\375\2334p\357\257\017"
 3530      75A1CACA 
 3530      FD9B3470 
 3530      EFAF0F
 3531 02d3 1DE015DA 		.ascii	"\035\340\025\332\026U\326\340\262\236ZPO5\270jZj\270"
 3531      1655D6E0 
 3531      B29E5A50 
 3531      4F35B86A 
 3531      5A6AB8
 3532 02e6 41AB6FAC 		.ascii	"A\253o\254\323)\303\217\361\300A\360\356\013q}\217\031"
 3532      D329C38F 
 3532      F1C041F0 
 3532      EE0B717D 
 3532      8F19
 3533 02f8 DEF5EF9D 		.ascii	"\336\365\357\235\232\021\211\030\015\252~\324RCfD\325"
 3533      9A118918 
 3533      0DAA7ED4 
 3533      52436644 
 3533      D5
 3534 0309 223C2C40 		.ascii	"\"<,@S\317\027\024P\355\001M\243\242\333\376\253X\324"
 3534      53CF1714 
 3534      50ED014D 
 3534      A3A2DBFE 
 3534      AB58D4
 3535 031c 302D2ECA 		.ascii	"0-.\312\035\331\\\036)\017\325[\304\023%\251\300\262"
 3535      1DD95C1E 
 3535      290FD55B 
 3535      C41325A9 
 3535      C0B2
 3536 032e DD35D57E 		.ascii	"\3355\325~\321Y\324\014\227\371K\327\203b\2027\242G"
 3536      D159D40C 
 3536      97F94BD7 
 3536      83628237 
 3536      A247
 3537 0340 0CF318FC 		.ascii	"\014\363\030\374\006\323d\277\005"
 3537      06D364BF 
 3537      05
 3538              		.text
ARM GAS  C:\Users\acest\AppData\Local\Temp\cc8GEYkg.s 			page 114


 3539              		.section	.gnu.lto_chEvtDispatch.347.b3bfce6d,"e",%progbits
 3540 0000 789C5D52 		.ascii	"x\234]R\337K\223Q\030>\3579\337\217\315\037SqW^I\020"
 3540      DF4B9351 
 3540      183EEF39 
 3540      DF8FCD1F 
 3540      5371575E 
 3541 0016 11C48642 		.ascii	"\021\304\206B\"\321\205a\375\003E7\261\210\271-\\\211"
 3541      22D18561 
 3541      FD034537 
 3541      B188B92D 
 3541      5C89
 3542 0028 93FD08BA 		.ascii	"\223\375\010\272\362s\352\026Z\270YZ\027&2Fx\223\225"
 3542      F273EA16 
 3542      5AB8595A 
 3542      17263246 
 3542      789395
 3543 003b 6059690D 		.ascii	"`Yi\015%\352F\222H\244U\030\206\027*\250\024Q\015\305"
 3543      25EA4692 
 3543      48A45518 
 3543      86172AA8 
 3543      14510DC5 
 3544 004f DEF77C63 		.ascii	"\336\367|c\255>\276\357=\357y\316s\236\347=\357w\256"
 3544      AD3EBEEF 
 3544      3DEF79CE 
 3544      739EE73D 
 3544      EF77AE
 3545 0062 0AC66E31 		.ascii	"\012\306n1\306\006\361\003\013\203\301d\037g\206a4\351"
 3545      C606F103 
 3545      0B83C164 
 3545      1F678661 
 3545      34E9
 3546 0074 1C86937D 		.ascii	"\034\206\223}+\033\223\012\314\202\004\004\357I\226"
 3546      2B1B930A 
 3546      CC820404 
 3546      EF4996
 3547 0083 6256ABF4 		.ascii	"bV\253\364&mrT`\250@Wa\370Q\211\3144\336\235\354\347"
 3547      266D7254 
 3547      60A84057 
 3547      61F85189 
 3547      CC34DE9D 
 3548 0099 B8EBDD4E 		.ascii	"\270\353\335N\256Q\211'm\023\003\275\272\242C\027\312"
 3548      AE518927 
 3548      6D1303BD 
 3548      BAA24317 
 3548      CA
 3549 00aa 6D724901 		.ascii	"mrI\001\326\311\205\242j:tr\215AF\201}|\364B\302\362"
 3549      D6C985A2 
 3549      6A3A7472 
 3549      8D414681 
 3549      7D7CF442 
 3550 00c0 CF4D7118 		.ascii	"\317Mq\030\371\277\326n\337]\000c<\003i\254vT\344\027"
 3550      F9BFD66E 
 3550      DF5D0063 
 3550      3C0369AC 
 3550      7654E417 
 3551 00d4 47040C8A 		.ascii	"G\004\014\212\264\000P\362\031\207Z\314D\033;\2241\214"
 3551      B40050F2 
ARM GAS  C:\Users\acest\AppData\Local\Temp\cc8GEYkg.s 			page 115


 3551      19875ACC 
 3551      441B3B94 
 3551      318C
 3552 00e6 C5B7D386 		.ascii	"\305\267\323\206aei!\340\011\340\036x\0140\005\214\200"
 3552      61656921 
 3552      E009E01E 
 3552      780C3005 
 3552      8C80
 3553 00f8 C8353BF1 		.ascii	"\3105;\361\372\300$\356\345\211\012<\375\227\250D\206"
 3553      FAC024EE 
 3553      E5890A3C 
 3553      FD97A844 
 3553      86
 3554 0109 ECD24624 		.ascii	"\354\322F$\201\206\203X\313\316\350\375\270-\321eI\013"
 3554      81868358 
 3554      CBCEE8FD 
 3554      B82DD165 
 3554      490B
 3555 011b 159E17D3 		.ascii	"\025\236\027\323\031\213\244\354x\226\031\310W\210\030"
 3555      198BA4EC 
 3555      789619C8 
 3555      578818
 3556 012a E0ECC13B 		.ascii	"\340\354\301;5c\354\356\017\030\306\266\377\306\374"
 3556      3563ECEE 
 3556      0F18C6B6 
 3556      FFC6FC
 3557 0139 F614D839 		.ascii	"\366\024\3309\203g\200eO\203\202&\232JA\243\240\323"
 3557      83678065 
 3557      4F838226 
 3557      9A4A41A3 
 3557      A0D3
 3558 014b 82858295 		.ascii	"\202\205\202\225t\312\000\263rZ\260Q\250\300\240WR\375"
 3558      74CA00B3 
 3558      725AB051 
 3558      A8C0A057 
 3558      52FD
 3559 015d 55182CD5 		.ascii	"U\030,\325\322\212\015\010\266\223\033o\004#\303XBp"
 3559      D28A0D08 
 3559      B6931B6F 
 3559      0423C358 
 3559      4270
 3560 016f 997761BE 		.ascii	"\231wa\276\001\306\352l\026\344\270XC\303\201BX}O@t"
 3560      01C6EA6C 
 3560      16E4B858 
 3560      43C38142 
 3560      587D4F40 
 3561 0184 AC0215A8 		.ascii	"\254\002\025\250oV0\371\313Y:GB\210d\357\362kQ\220\371"
 3561      6F5630F9 
 3561      CB593A47 
 3561      428864EF 
 3561      F26B5190 
 3562 0199 90E56C0B 		.ascii	"\220\345l\013\242\273\361\317<%\224\224\260\342\254"
 3562      A2BBF1CF 
 3562      3C259494 
 3562      B0E2AC
 3563 01a8 7B37B686 		.ascii	"{7\266\206\251\232\022\026\304\010\030\216CJh\010\221"
 3563      A99A1216 
ARM GAS  C:\Users\acest\AppData\Local\Temp\cc8GEYkg.s 			page 116


 3563      C408188E 
 3563      434A6808 
 3563      91
 3564 01b9 A206C0D6 		.ascii	"\242\006\300\326\241g}\276\0051\0230\377YB(o\3466\277"
 3564      A1677DBE 
 3564      05311330 
 3564      FF594228 
 3564      6FE636BF 
 3565 01cd 0289AB24 		.ascii	"\002\211\253$\3761+\376+\356S\015\311\345bK\350V\016"
 3565      FE312BFE 
 3565      2BEE530D 
 3565      C9E5624B 
 3565      E8560E
 3566 01e0 2FC1D48F 		.ascii	"/\301\324\217\336\211/ `C\314t\373\201\013\\\332\333"
 3566      DE892F20 
 3566      6043CC74 
 3566      FB810B5C 
 3566      DADB
 3567 01f2 E830B5D8 		.ascii	"\3500\265\330+\004\244\302\012j\"\347al\017\241\012"
 3567      2B04A4C2 
 3567      0A6A22E7 
 3567      616C0FA1 
 3567      0A
 3568 0203 DC4F15E8 		.ascii	"\334O\025\350 \313\234\214!V\231\022\002W\244l?\316"
 3568      20CB9C8C 
 3568      21569912 
 3568      0257A46C 
 3568      3FCE
 3569 0215 ABF21748 		.ascii	"\253\362\027H\000\273Gw\035\377n\011\262`\016\253\336"
 3569      00BB4777 
 3569      1DFF6E09 
 3569      B2600EAB 
 3569      DE
 3570 0226 819EB10A 		.ascii	"\201\236\261\012\206\034\374\254iQ*\017\241\026w(\332"
 3570      861CFCAC 
 3570      69512A0F 
 3570      A1167728 
 3570      DA
 3571 0237 C4A4B92E 		.ascii	"\304\244\271.\315\277gK\360\352\223\325H\354\025\242"
 3571      CDBF674B 
 3571      F0EA93D5 
 3571      48EC15A2 
 3572 0247 D5B88DB4 		.ascii	"\325\270\215\264U\000\263\316\031\002\031\313\201\216"
 3572      5500B3CE 
 3572      190219CB 
 3572      818E
 3573 0255 D5E3D9B0 		.ascii	"\325\343\331\260jek\351\267\205v%\204\206\366\206R\244"
 3573      6A656BE9 
 3573      B7857625 
 3573      8486F686 
 3573      52A4
 3574 0267 4C742BE6 		.ascii	"Lt+\346\\zX\362?\352:\020\235Z\334\214 \351+f\207s\200"
 3574      5C7A58F2 
 3574      3FEA3A10 
 3574      9D5ADC8C 
 3574      20E92B66 
 3575 027e 1D29E324 		.ascii	"\035)\343$\253\2538\263\302\013\340\023K\347\221\216"
ARM GAS  C:\Users\acest\AppData\Local\Temp\cc8GEYkg.s 			page 117


 3575      ABAB38B3 
 3575      C20BE013 
 3575      4BE7918E 
 3576 028e B6EAE8B2 		.ascii	"\266\352\350\262\033M\364\3025\371\006\321/?\317\311"
 3576      1B4DF4C2 
 3576      35F906D1 
 3576      2F3FCFC9 
 3577 029e 9D03020A 		.ascii	"\235\003\002\0127\211\261#\315\307\\gC\276`\310\345"
 3577      3789B123 
 3577      CDC75C67 
 3577      43BE60C8 
 3577      E5
 3578 02af F6F84261 		.ascii	"\366\370Ba\327I_\350r8\320\341:\3558\341hv\234r\005"
 3578      D7495FE8 
 3578      7238D0E1 
 3578      3AED38E1 
 3578      68769C72 
 3579 02c4 11BED011 		.ascii	"\021\276\320\021\014\\\362y\302\354\270\303\341,~\233"
 3579      0C5CF279 
 3579      C2ECB8C3 
 3579      E12C7E9B 
 3580 02d4 5BFD2DFE 		.ascii	"[\375-\3763\341\210\327\037pz(\017\204\352\353\352\352"
 3580      33E188D7 
 3580      1F707A28 
 3580      0F84EAEB 
 3580      EAEA
 3581 02e6 9C819033 		.ascii	"\234\201\2203\030v\206\202\036D}W|\355\341\220\303\303"
 3581      18768682 
 3581      1E447D57 
 3581      7CEDE190 
 3581      C3C3
 3582 02f8 2CADEE76 		.ascii	",\255\356vo\033:\331\377\202\216z\257\273\241\341\342"
 3582      6F1B3AD9 
 3582      FF828E7A 
 3582      AFBBA1E1 
 3582      E2
 3583 0309 510FD34C 		.ascii	"Q\017\323LH\370\374\336?\350\213j\365"
 3583      48F8FCDE 
 3583      3FE88B6A 
 3583      F5
 3584              		.text
 3585              		.section	.gnu.lto_chEvtWaitOne.348.b3bfce6d,"e",%progbits
 3586 0000 789C9554 		.ascii	"x\234\225T\177lSU\024\276\347\335\327v\335\357d\200"
 3586      7F6C5355 
 3586      14BEE7DD 
 3586      D776DDEF 
 3586      6480
 3587 0012 098BC920 		.ascii	"\011\213\311 Y\214\206u\033\011\230\020Mf\246\377\030"
 3587      598C8675 
 3587      1B099810 
 3587      4D66A6FF 
 3587      18
 3588 0023 490CC4FF 		.ascii	"I\014\304\377^B\306[\225\352\272.\357uD\376\342\321"
 3588      5E42C65B 
 3588      95EABA2E 
 3588      EF7544FE 
 3588      E2D1
ARM GAS  C:\Users\acest\AppData\Local\Temp\cc8GEYkg.s 			page 118


 3589 0035 4D6666E2 		.ascii	"Mff\342\330p\214le\222\272\231\315d\032\023\034\033"
 3589      D8708C6C 
 3589      6592BA99 
 3589      CD641A13 
 3589      1C1B
 3590 0047 0C571C08 		.ascii	"\014W\034\010\212\300\200\015qu\2536\314l$\260\332)"
 3590      8AC0800D 
 3590      7175AB36 
 3590      CC6C24B0 
 3590      DA29
 3591 0059 4C64E039 		.ascii	"Ld\3409\367=\333b\224`\262\334\336w\336w\277\363}\347"
 3591      F73DDB62 
 3591      9460B2DC 
 3591      DE77DE77 
 3591      BFF37DE7 
 3592 006d 7E6F27ED 		.ascii	"~o'\355\214}\002\214\275\314\030\003\033\203\266\326"
 3592      8C7D028C 
 3592      BDCC1803 
 3592      1B83B6D6 
 3593 007d 66891986 		.ascii	"f\211\031\206Q\341\220\244\206\326\367$8\001\315\237"
 3593      51E190A4 
 3593      86D6F724 
 3593      3801CD9F 
 3594 008d B6AC941B 		.ascii	"\266\254\224\033[so_\212?#s\370 \211\220aOk\363\203"
 3594      5B736F5F 
 3594      8A3F2373 
 3594      F8208990 
 3594      614F6BF3 
 3595 00a2 85233282 		.ascii	"\205#2\202D\001\330n\211\313\260\033\366\363 \2076\336"
 3595      4401D86E 
 3595      89CBB01B 
 3595      F6F32087 
 3595      36DE
 3596 00b4 C319C8D6 		.ascii	"\303\031\310\326\016\240\350\351\260a,\315v\314\015"
 3596      0EA0E8E9 
 3596      B0612CCD 
 3596      76CC0D
 3597 00c3 38827D61 		.ascii	"8\202}a\271\207K\254\033\001_\000\034A\001\214!\220"
 3597      B9874BAC 
 3597      1B015F00 
 3597      1C41018C 
 3597      2190
 3598 00d5 D7B0A710 		.ascii	"\327\260\247\0204~a\3100\234\014\021p\024\3220X\320"
 3598      347E61C8 
 3598      309C0C11 
 3598      7014D230 
 3598      58D0
 3599 00e7 270B4CE4 		.ascii	"'\013L\344\273@?\305\210\216\337\270\331\224\273oO\006"
 3599      BB403FC5 
 3599      888EDFB8 
 3599      D994BB6F 
 3599      4F06
 3600 00f9 C187E121 		.ascii	"\301\207\341!J}\241\200\260\315)\354\374\200\205\345"
 3600      4A7DA180 
 3600      B0CD29EC 
 3600      FC8085E5 
 3601 0109 70FC1FD8 		.ascii	"p\374\037\330X\201\235\301\010\3001 ]\214\221\007\234"
ARM GAS  C:\Users\acest\AppData\Local\Temp\cc8GEYkg.s 			page 119


 3601      58819DC1 
 3601      08C03120 
 3601      5D8C9107 
 3601      9C
 3602 011a 4E374AFF 		.ascii	"N7J\377R\020\330\321\344\322\375\215\014\355v\243x\253"
 3602      5210D8D1 
 3602      E4D2FD8D 
 3602      0CED76A3 
 3602      78AB
 3603 012c 12EC7FE7 		.ascii	"\022\354\177\347w<8\2125.\224\215\0110\371X\032|?rq"
 3603      773C388A 
 3603      352E948D 
 3603      0930F958 
 3603      1A7C3F72 
 3604 0141 75D020B3 		.ascii	"u\320 \2632\234\004\2422\373\301W\200%\375\\\241\245"
 3604      329C04A2 
 3604      32FBC157 
 3604      8025FD5C 
 3604      A1A5
 3605 0153 6B29DE36 		.ascii	"k)\3366:\274n\254\3018k$\261,\2055\247#\372_\017\332"
 3605      3ABC6EAC 
 3605      C1386B24 
 3605      B12C8535 
 3605      A723FA5F 
 3606 0169 013B4098 		.ascii	"\001;@\230\330\030\352\203SI}$V\206\257\223bG\242=G"
 3606      D818EA83 
 3606      53497D24 
 3606      5686AF93 
 3606      6247A23D 
 3607 017e 5DA65C59 		.ascii	"]\246\\Y@\317@\332\333\241\333\226\025[\312\312\351"
 3607      40CF40DA 
 3607      DBA1DB96 
 3607      155BCACA 
 3607      E9
 3608 018f 1FD1CA37 		.ascii	"\037\321\3127X\263\263\224\262\256\307R64\211\312\316"
 3608      58B3B394 
 3608      B2AEC752 
 3608      363489CA 
 3608      CE
 3609 01a0 61F1DBA4 		.ascii	"a\361\333\244\262\357\2042\304\320P?\273l\013\033\367"
 3609      B2EF8432 
 3609      C4D0503F 
 3609      BB6C0B1B 
 3609      F7
 3610 01b1 1EB418E1 		.ascii	"\036\264\030\341;Ys\347;\316,I+\000o\324&\321\302i\221"
 3610      3B5973E7 
 3610      3BCE2C49 
 3610      2B006FD4 
 3610      26D1C269 
 3611 01c6 69B1D162 		.ascii	"i\261\321b\247\305\301\360T&\356x\026\300\020d\323c"
 3611      A7C5C1F0 
 3611      5426EE78 
 3611      16C01064 
 3611      D363
 3612 01d8 1E2DF9B4 		.ascii	"\036-\371\2640\326\302)\206\206\014F\230\261}\\2\037"
 3612      30D6C229 
 3612      86860C46 
ARM GAS  C:\Users\acest\AppData\Local\Temp\cc8GEYkg.s 			page 120


 3612      98B17D5C 
 3612      321F
 3613 01ea 1AF0E106 		.ascii	"\032\360\341\006\030\261+\021\240\337\305\331\201\251"
 3613      18B12B11 
 3613      A0DFC5D9 
 3613      81A9
 3614 01f8 AB4140E7 		.ascii	"\253A@\347\242\032\275\352\204\263\300nA`\244?'\304"
 3614      A21ABDEA 
 3614      84B3C06E 
 3614      4160A43F 
 3614      27C4
 3615 020a 33AD70DA 		.ascii	"3\255p\332\305P\032A\302m\037\027\226>&q\016\270\010"
 3615      C5501A41 
 3615      C26D1F17 
 3615      963E2671 
 3615      0EB808
 3616 021d 7041BC2C 		.ascii	"pA\274,Cv\214M\006\214\303!.FiU8\\\302\0120\263E \276"
 3616      43768C4D 
 3616      068CC321 
 3616      2E466955 
 3616      385CC20A 
 3617 0236 DC363DEC 		.ascii	"\3346=\354\304\271b\224\260\201\350:ij\211]+\024\222"
 3617      C4B96294 
 3617      B081E83A 
 3617      696A895D 
 3617      2B1492
 3618 0249 7ADB673A 		.ascii	"z\333g:\017\000\216Y\024\027\247\234B\361\342\317\275"
 3618      0F008E59 
 3618      1417A79C 
 3618      42F1E2CF 
 3618      BD
 3619 025a 83896B05 		.ascii	"\203\211k\0058>\363L\342 P=P\204C%\2152\224\011\330"
 3619      383EF34C 
 3619      E220503D 
 3619      50844325 
 3619      8D329409 
 3620 026f CDE060F4 		.ascii	"\315\340`\364\020\340l\005\354x\324\011\347\201-@`-"
 3620      10E06C05 
 3620      EC78D409 
 3620      E7812D40 
 3620      602D
 3621 0281 4DBA8542 		.ascii	"M\272\205B\273\3460\337\213\302\234\270\225\351\263"
 3621      BBE630DF 
 3621      8BC29CB8 
 3621      95E9B3
 3622 0290 9E0086BF 		.ascii	"\236\000\206\2770\011pEXY\363\221x\237)^~ov\211\377"
 3622      30097045 
 3622      5859F391 
 3622      789F295E 
 3622      7E6F7689 
 3623 02a5 D43B91C8 		.ascii	"\324;\221\310`t\201\304\233\350m\377m\252Xt\2703\265"
 3623      607481C4 
 3623      9BE86DFF 
 3623      6DAA5874 
 3623      B833B5
 3624 02b8 4A54962F 		.ascii	"JT\226/OoF[bv\363\271!\016\326\3548\230\3432\247\221"
 3624      4F6F465B 
ARM GAS  C:\Users\acest\AppData\Local\Temp\cc8GEYkg.s 			page 121


 3624      6276F3B9 
 3624      210ED6EC 
 3624      3898E332 
 3625 02ce 859EE107 		.ascii	"\205\236\341\007`\326p$\230\302\341H\330\350\0264\034"
 3625      60D67024 
 3625      98C2E148 
 3625      D8E81634 
 3625      1C
 3626 02df 682A09F1 		.ascii	"h*\011\361l<\031\342Y\246\263c\270\315\026]\246qD\363"
 3626      6C3C19E2 
 3626      59A6B363 
 3626      B8CD165D 
 3626      A67144F3 
 3627 02f3 D03837B6 		.ascii	"\32087\266\032+D+\211\217\222.\226\217\307\357\366A"
 3627      1A2B442B 
 3627      898F922E 
 3627      968FC7EF 
 3627      F641
 3628 0305 F262A311 		.ascii	"\362b\243\021\2114t\366?\361w\333\271\234T\337\324M"
 3628      893474F6 
 3628      3FF177DB 
 3628      B99C54DF 
 3628      D44D
 3629 0317 65C334B6 		.ascii	"e\3034\266\306\253\242\347\276<b\234\301\002\2326\333"
 3629      C6ABA2E7 
 3629      BE3C629C 
 3629      C1029A36 
 3629      DB
 3630 0328 1BB15F91 		.ascii	"\033\261_\221)\016\215EL\\|N7w0F\255s!\263\207\347\011"
 3630      290E8D45 
 3630      4C5C7C4E 
 3630      37773046 
 3630      AD7321B3 
 3631 033f 48A2D0F4 		.ascii	"H\242\320\364\233\027\342\322\243\\\306\322]>\037\342"
 3631      9B17E2D2 
 3631      A35CC6D2 
 3631      5D3E1FE2 
 3632 034f 847FC865 		.ascii	"\204\177\310e\236\260\"\247g4P\301\304+\2079\346\210"
 3632      9EB022A7 
 3632      673450C1 
 3632      C42B8739 
 3632      E688
 3633 0361 D39A6E7C 		.ascii	"\323\232n|/\216\211S]\260!\"\337zN\262\345\213#\177"
 3633      2F8E8953 
 3633      5DB02122 
 3633      DF7A4EB2 
 3633      E58B237F 
 3634 0375 44AC24AF 		.ascii	"D\254$\257\012q\371\337\324\211\377\240\327\223\322"
 3634      0A71F9DF 
 3634      D489FFA0 
 3634      D793D2
 3635 0384 02079B96 		.ascii	"\002\007\233\226Q\225\215\316\013\352Y|\262\343Y\254"
 3635      51958DCE 
 3635      0BEA597C 
 3635      B2E359AC 
 3636 0394 89C6CDF0 		.ascii	"\211\306\315\360\237,\277\230,\210\027\255\377\264\276"
 3636      9F2CBF98 
ARM GAS  C:\Users\acest\AppData\Local\Temp\cc8GEYkg.s 			page 122


 3636      2C8817AD 
 3636      FFB4BE
 3637 03a3 AEDEF6CE 		.ascii	"\256\336\366\316.\214\362\250\031\306\017#\035f|b\237"
 3637      2E8CF2A8 
 3637      19C60F23 
 3637      1D667C62 
 3637      9F
 3638 03b4 7799E139 		.ascii	"w\231\3419a\342\326&\227\330D\241\025\366\373\024\366"
 3638      61E2D626 
 3638      97D844A1 
 3638      15F6FB14 
 3638      F6
 3639 03c5 B07970FF 		.ascii	"\260yp\377b2\354cV\330Yz\330O\245\302~:=\354V\254\347"
 3639      6232EC63 
 3639      56D8597A 
 3639      D84FA5C2 
 3639      7E3A3DEC 
 3640 03dc 44C0D3B3 		.ascii	"D\300\323\263\334\266\210Y\036\263\262|/\021\265\321"
 3640      DCB68859 
 3640      1EB3B27C 
 3640      2F11B5D1 
 3641 03ec 6C131038 		.ascii	"l\023\0208\274\201\3143v\027\034\2303ifz%^\015\357\216"
 3641      BC81CC33 
 3641      76171C98 
 3641      3369667A 
 3641      255E0DEF 
 3642 0401 3E896460 		.ascii	">\211d`^N L\261[W\271IyMwk\272R\245\272u\277\362\242"
 3642      5E4E204C 
 3642      B15B57B9 
 3642      49794D77 
 3642      6BBA52A5 
 3643 041a 5B7FCBEF 		.ascii	"[\177\313\357\253S\266\270^pU\272^R4,o\253\323|o\272"
 3643      AB53B6B8 
 3643      5E7055BA 
 3643      5E52342C 
 3643      6FABD37C 
 3644 0430 553F7BCE 		.ascii	"U?{\316\345*M\377\253\334\341\331\356\331\352\257\257"
 3644      E52A4DFF 
 3644      ABDCE1D9 
 3644      EED9EAAF 
 3644      AF
 3645 0441 F6F84A55 		.ascii	"\366\370JU\332\373\364\365\345\345\345\245>\275T\363"
 3645      DAFBF4F5 
 3645      E5E5E5A5 
 3645      3EBD54F3 
 3646 0451 97EA9A8A 		.ascii	"\227\352\232\212U\367Nw\255_w\251\314n\356V\244J\256"
 3646      55F74E77 
 3646      AD5F77A9 
 3646      CC6EEE56 
 3646      A44AAE
 3647 0464 F5D5551B 		.ascii	"\365\325U\0337\276\276Ae\340\265\253\365\232\346\257"
 3647      37BEBE41 
 3647      65E0B5AB 
 3647      F59AE6AF 
 3648 0474 2B573729 		.ascii	"+W7)\202I\027\254J\032\253\342\323\025\315\257xj\325"
 3648      824917AC 
 3648      4A1AABE2 
ARM GAS  C:\Users\acest\AppData\Local\Temp\cc8GEYkg.s 			page 123


 3648      D315CDAF 
 3648      786AD5
 3649 0487 9AFA6A37 		.ascii	"\232\372j7\276\321w\351\256\035\314\261\275Jw\277\252"
 3649      BED177E9 
 3649      AE1DCCB1 
 3649      BD4A77BF 
 3649      AA
 3650 0498 795E79F4 		.ascii	"y^y\364I\325\347\365\372j\025\367\333~\245J\363*\252"
 3650      49D5E7F5 
 3650      FA6A15F7 
 3650      DB7EA54A 
 3650      F32AAA
 3651 04ab 57F75051 		.ascii	"W\367PQs\247\010\251\264\355\015UE\322\212\307\"\253"
 3651      73A708A9 
 3651      B4ED0D55 
 3651      45D28AC7 
 3651      22AB
 3652 04bd F3697E9D 		.ascii	"\363i~\235\350v>[\342-\251\252\361#\216(\221`\303\377"
 3652      E8763E5B 
 3652      E22DA9AA 
 3652      F1238E28 
 3652      9160C3FF 
 3653 04d1 F0E1DFA1 		.ascii	"\360\341\337\241\271\253\252\311K\376\346\255[\212\310"
 3653      B9ABAAC9 
 3653      4BFEE6AD 
 3653      5B8AC8
 3654 04e0 4F9DE659 		.ascii	"O\235\346YWT\\\306$\2159\274n\257O\333\305\376\002_"
 3654      57545CC6 
 3654      248D39BC 
 3654      6EAF4FDB 
 3654      C5FE025F 
 3655 04f4 4ACE5D   		.ascii	"J\316]"
 3656              		.text
 3657              		.section	.gnu.lto_chEvtWaitAny.349.b3bfce6d,"e",%progbits
 3658 0000 789C9554 		.ascii	"x\234\225TaL\033e\030\376\336\373\256\205\202\200\021"
 3658      614C1B65 
 3658      18FEDEFB 
 3658      AE858280 
 3658      11
 3659 0011 37932D2E 		.ascii	"7\223-.l\0111\032(\260\204-Y4\301\240\177\214K\314\026"
 3659      6C09311A 
 3659      28B0842D 
 3659      5934C1A0 
 3659      7F8C4BCC 
 3660 0026 FF5DB2B0 		.ascii	"\377]\262\260\243J\225RrW\026\367k\267\202b0\221\301"
 3660      A34A9552 
 3660      725716F7 
 3660      6BB78262 
 3660      3091C1
 3661 0039 642CD075 		.ascii	"d,\320u\013\202\001\215\022\227\211\300\330\250c\323"
 3661      0B82018D 
 3661      129789C0 
 3661      D8A863D3 
 3662 0049 E97480C2 		.ascii	"\351t\200\302t E\311Pf\342hZ\021\262\301\364}\277\273"
 3662      742045C9 
 3662      5066E268 
 3662      5A11B2C1 
ARM GAS  C:\Users\acest\AppData\Local\Temp\cc8GEYkg.s 			page 124


 3662      F47DBFBB 
 3663 005d B59DD165 		.ascii	"\265\235\321e&\315ww\357\367\334\373>\317\363=\327z"
 3663      26CD7777 
 3663      EFF7DCFB 
 3663      3ECFF33D 
 3663      D77A
 3664 006f 3B63EF03 		.ascii	";c\357\003c\3171\306\300\306\240\271\251Ab\206a\224"
 3664      63CF31C6 
 3664      C0C6A0B9 
 3664      A9416286 
 3664      6194
 3665 0081 A448526D 		.ascii	"\244HRm\323[\022\234\201\206\217\032\327\311uM\231\177"
 3665      D35B129C 
 3665      81868F1A 
 3665      D7C9754D 
 3665      997F
 3666 0093 8E479E90 		.ascii	"\216G\236\2209\274\023G\310p\260\251\341\327[\247d\004"
 3666      39BC1347 
 3666      C870B0A9 
 3666      E1D75BA7 
 3666      6404
 3667 00a5 8902B003 		.ascii	"\211\002\260\003\022\227\341\000\034\346\001\016\315"
 3667      1297E100 
 3667      1CE6010E 
 3667      CD
 3668 00b2 BC933390 		.ascii	"\274\2233\220\255;\200\234\307C\206\2612\337\032\354"
 3668      AD3B809C 
 3668      C74386B1 
 3668      32DF1AEC 
 3669 00c2 4D097487 		.ascii	"M\011t\207\344N.\261 \002>\0018\205\004\030C \257d\217"
 3669      E44E2EB1 
 3669      20023E01 
 3669      38850418 
 3669      4320AF64 
 3670 00d7 2168EC72 		.ascii	"!h\354r\277a8\030\"\340SH\302`A\017f\233\3107\201.\271"
 3670      BF613818 
 3670      22E05348 
 3670      C260410F 
 3670      669BC837 
 3671 00ee 888E742F 		.ascii	"\210\216t/\326g\036:\230J\360\001\270\253\245\336\237"
 3671      D6671E3A 
 3671      984AF001 
 3671      B8ABA5DE 
 3671      9F
 3672 00ff 4DD88604 		.ascii	"M\330\206\004\366x\257\205\345p\372\037\330\017\262"
 3672      F678AF85 
 3672      E570FA1F 
 3672      D80FB2
 3673 010e ED0C8600 		.ascii	"\355\014\206\000\006\201x1F\032\320\235 R?+\032\330"
 3673      06817831 
 3673      461AD09D 
 3673      20523F2B 
 3673      1AD8
 3674 0120 5164FFCC 		.ascii	"Qd\377\314v\206r\203H\336\252\004z^_\302\027\207\261"
 3674      76867283 
 3674      48DEAA04 
 3674      7A5E5FC2 
ARM GAS  C:\Users\acest\AppData\Local\Temp\cc8GEYkg.s 			page 125


 3674      1787B1
 3675 0133 C605B311 		.ascii	"\306\005\263\021\001&\035+}oO\217n\010\030$V\206\317"
 3675      01261D2B 
 3675      7D6F4F8F 
 3675      6E081824 
 3675      5686CF
 3676 0146 805A99F3 		.ascii	"\200Z\231\363\340\034`I\277\264\321\342\265\022i\036"
 3676      E01C6049 
 3676      BFB4D1E2 
 3676      B512691E 
 3677 0156 1EC81BA9 		.ascii	"\036\310\033\2515.\032q,K`Mwh\332\312\265\200\035p\002"
 3677      352E1A71 
 3677      2C4B604D 
 3677      7768DACA 
 3677      B5801D70 
 3678 016b 84A81B43 		.ascii	"\204\250\033C~p>\316\217\310\312\360y\234\354\320\354"
 3678      7E703ECE 
 3678      8FC8CAF0 
 3678      799CECD0 
 3678      EC
 3679 017c EA90D3A4 		.ascii	"\352\220\323\244+\013\350\027\220\264\333?iI\261%\244"
 3679      2B0BE817 
 3679      90B4DB3F 
 3679      6949B125 
 3679      A4
 3680 018d 5CF811A5 		.ascii	"\\\370\021\245|\2115;K0k\277/f\375\223\310\354\022\026"
 3680      7C89353B 
 3680      4B306BBF 
 3680      2F66FD93 
 3680      C8EC1216 
 3681 01a1 BF8A33FB 		.ascii	"\277\2123\373Z0C\014\231\332\373\255-d\254\376\325h"
 3681      5A30430C 
 3681      99DAFBAD 
 3681      2D64ACFE 
 3681      D568
 3682 01b3 8496D383 		.ascii	"\204\226\323\203\243\255\213\267\244\207\000O\324&\321"
 3682      A3AD8BB7 
 3682      A487004F 
 3682      D426D1
 3683 01c2 C2699169 		.ascii	"\302i\221i\261\321\202$\006\201\002\300\323\000\372"
 3683      B1D18224 
 3683      068102C0 
 3683      D300FA
 3684 01d1 219D1E33 		.ascii	"!\235\0363ia\254\221S\370\014\031\214\020c\207\270d"
 3684      6961AC91 
 3684      53F80C19 
 3684      8C106387 
 3684      B864
 3685 01e3 3ED4E2C3 		.ascii	">\324\342\303o`\314\015\207\201\256\261\371\017\247"
 3685      6F60CC0D 
 3685      8781AEB1 
 3685      F90FA7
 3686 01f2 AE0400F5 		.ascii	"\256\004\000\365\212\352\354\025\007\\\004v\003\374"
 3686      8AEAEC15 
 3686      075C0476 
 3686      03FC
 3687 0200 433D191D 		.ascii	"C=\031\035\334aE\322.\254\250\003\011o\273\271\020\362"
ARM GAS  C:\Users\acest\AppData\Local\Temp\cc8GEYkg.s 			page 126


 3687      DC6145D2 
 3687      2EACA803 
 3687      096FBBB9 
 3687      10F2
 3688 0212 1E514A81 		.ascii	"\036QJ\201Q\200\313b\263\020\273cXRa\014\216qa\240U"
 3688      5180CB62 
 3688      B310BB63 
 3688      5852610C 
 3688      8E7161A0 
 3689 0227 E1308E15 		.ascii	"\3410\216\025`\346\010\177d-\032\033p\240\233\030 \034"
 3689      60E6087F 
 3689      642D1A1B 
 3689      70A09B18 
 3689      201C
 3690 0239 20A68E9B 		.ascii	" \246\216\233\\\346&6\011J]-\341\266#\200\346\212bl"
 3690      5CE62636 
 3690      094A5D2D 
 3690      E1B62380 
 3690      E68A626C 
 3691 024d CA2118C7 		.ascii	"\312!\030\307~\356\352\213\376\220\215\246\211\362d"
 3691      7EEEEA8B 
 3691      FE908DA6 
 3691      89F264
 3692 025c F42850DD 		.ascii	"\364(P\335\237\203V\022G\031\012\005\354\367@\337\354"
 3692      9F835612 
 3692      47190A05 
 3692      ECF740DF 
 3692      EC
 3693 026d 31404705 		.ascii	"1@G\005\354\364\254\003\276\001\266\010\376-\344o#E"
 3693      ECF4AC03 
 3693      BE01B608 
 3693      FE2DE46F 
 3693      2345
 3694 027f 75F309FE 		.ascii	"u\363\011\376\006\022#q2}\314\023\300\360\012\223\000"
 3694      06122371 
 3694      327DCC13 
 3694      C0F00A93 
 3694      00
 3695 0290 DF09299B 		.ascii	"\337\011)\233\337\025\373ib\363{sJ\344\247\256\211h"
 3695      DF15FB69 
 3695      62F37B73 
 3695      4AE4A7AE 
 3695      8968
 3696 02a2 2AA363A3 		.ascii	"*\243c\243\276\321\256\226?\246r\305\204\345\251\365"
 3696      BED1AE96 
 3696      3FA672C5 
 3696      84E5A9F5 
 3697 02b2 A2B27672 		.ascii	"\242\262vri'\312\022\336]\317\354\340`y\307\301\264"
 3697      6927CA12 
 3697      DE5DCFEC 
 3697      E06079C7 
 3697      C1B4
 3698 02c4 CB74231D 		.ascii	"\313t#\0355\303U`\2269\022L\2419\022\016\272\001\265"
 3698      35C35560 
 3698      9639124C 
 3698      A139120E 
 3698      BA01B5
ARM GAS  C:\Users\acest\AppData\Local\Temp\cc8GEYkg.s 			page 127


 3699 02d7 47EAF33B 		.ascii	"G\352\363;\010\200\276\244\231\312\006\3616]L\271\212"
 3699      0880BEA4 
 3699      99CA06F1 
 3699      365D4CB9 
 3699      8A
 3700 02e8 165D87BA 		.ascii	"\026]\207\272\205\221\015X\241\266\222\370\024\351`"
 3700      85910D58 
 3700      A1B692F8 
 3700      14E960
 3701 02f7 F958E466 		.ascii	"\371X\344f7\304\017v:,\021\207\266\236G\356\214]\310"
 3701      37C40F76 
 3701      3A2C1187 
 3701      B69E47EE 
 3701      8C5DC8
 3702 030a 48CC4D9C 		.ascii	"H\314M\234\324\0030\203\243\361\250\350\271;\213:\206"
 3702      D4033083 
 3702      A3F1A8E8 
 3702      B93B8B3A 
 3702      86
 3703 031b B180A2CD 		.ascii	"\261\200\242\315\361\306\334\014v\212@]\016\023\007"
 3703      F1C6DC0C 
 3703      768A405D 
 3703      0E1307
 3704 032a 9F11E429 		.ascii	"\237\021\344)\214\321\350LH\353\344Y\002\022\336d\352"
 3704      8CD1E84C 
 3704      48EBE459 
 3704      0212DE64 
 3704      EA
 3705 033b CDEAE0D2 		.ascii	"\315\352\340\322\275T\316%\253|\252\203\243?\322]*3"
 3705      BD54CE25 
 3705      AB7CAA83 
 3705      A33FD25D 
 3705      2A33
 3706 034d 85143939 		.ascii	"\205\02499\243\376\022&\266\354f\014\302\216;\356\366"
 3706      A3FE1226 
 3706      B6EC660C 
 3706      C28E3BEE 
 3706      F6
 3707 035e ACEFE0FC 		.ascii	"\254\357\340\374\337\246\211\377\301k\361Q\376\243\365"
 3707      DFA689FF 
 3707      C16BF151 
 3707      FEA3F5
 3708 036d 6B3845A6 		.ascii	"k8E\246\026b\360<>\331\360]\254\321v\244\001\376\263"
 3708      1662F03C 
 3708      3ED9F05D 
 3708      ACD176A4 
 3708      01FEB3
 3709 0380 CB2F6617 		.ascii	"\313/f\027\304\213\351K\326\327\322\325\322\326\216"
 3709      C48BE94B 
 3709      D6D7D2D5 
 3709      D2D68E
 3710 038f D11C36C3 		.ascii	"\321\0346\303u|\272\325\214\303\334\307\355f\030\316"
 3710      757CBAD5 
 3710      8CC3DCC7 
 3710      ED6618CE 
 3711 039f 4C8B9D2D 		.ascii	"L\213\235-\361enb\243\025\336\333\024\336\220\371\342"
 3711      F1656E62 
ARM GAS  C:\Users\acest\AppData\Local\Temp\cc8GEYkg.s 			page 128


 3711      A315DEDB 
 3711      14DE90F9 
 3711      E2
 3712 03b0 E1583CBC 		.ascii	"\341X<\274#VxYrx\317'\302{!9\274VL\027D`\223\263\331"
 3712      23567859 
 3712      7278CF27 
 3712      C27B2139 
 3712      BC564C17 
 3713 03c9 1CC36C8E 		.ascii	"\034\303l\216X\331\\=\267l#\257\242\340?QL\342\031\273"
 3713      58D95C3D 
 3713      B76C23AF 
 3713      A2E03F51 
 3713      4CE219BB 
 3714 03dd 0976CC8D 		.ascii	"\011v\314\215tvi\035Z\315o/=\212\315\3004\333\037\242"
 3714      7476691D 
 3714      5ACD6F2F 
 3714      3D8ACDC0 
 3714      34DB1FA2 
 3715 03f1 18E595EE 		.ascii	"\030\345\225\356P^\324]\232\256\224\251.\335\247<\343"
 3715      505ED45D 
 3715      9AAE94A9 
 3715      2EDDA73C 
 3715      E3
 3716 0402 D25FF579 		.ascii	"\322_\365y\253\225]\316\247\235\245\316g\025\015\313"
 3716      AB955DCE 
 3716      A79DA5CE 
 3716      67150DCB 
 3717 0412 7BAA35EF 		.ascii	"{\2525\357+.\325\307\236t:\013\222\177\245\025\356\275"
 3717      2B2ED5C7 
 3717      9E743A0B 
 3717      927FA515 
 3717      EEBD
 3718 0424 EEDDBE9A 		.ascii	"\356\335\276\232r\267\267@\245{\257\276\265\250\250"
 3718      72B7B740 
 3718      A57BAFBE 
 3718      B5A8A8
 3719 0433 A8C0AB17 		.ascii	"\250\300\253\027h\276\002]S\261\352\332\347\252\362"
 3719      68BE025D 
 3719      53B1EADA 
 3719      E7AAF2
 3720 0442 E94E95D9 		.ascii	"\351N\225\331\315\273\207\023%\347\326\362\262m\333"
 3720      CDBB8713 
 3720      25E7D6F2 
 3720      B26DDB
 3721 0451 5E2A5619 		.ascii	"^*V\031x\354j\215\246\371\252\213\324\035\212\350\244"
 3721      78EC6A8D 
 3721      A6F9AA8B 
 3721      D41D8AE8 
 3721      A4
 3722 0462 8BAE4A52 		.ascii	"\213\256JRW\305\253+\232OqW\251\2255\345.\334\321\367"
 3722      57C5AB2B 
 3722      9A4F7157 
 3722      A99535E5 
 3722      2EDCD1F7 
 3723 0476 EBCE0A96 		.ascii	"\353\316\012\226\262\267Lw\275\240\271\237\277\367\233"
 3723      B2B74C77 
 3723      BDA0B99F 
ARM GAS  C:\Users\acest\AppData\Local\Temp\cc8GEYkg.s 			page 129


 3723      BFF79B
 3724 0485 AAD7E3F1 		.ascii	"\252\327\343\361V)\256\327|J\231\346QT\217\356\246\242"
 3724      5629AED7 
 3724      7C4A99E6 
 3724      51548FEE 
 3724      A6A2
 3725 0497 E64A34A4 		.ascii	"\346J4\244\322\236\227U\025\233\226\334W\263j\257\346"
 3725      D29E9755 
 3725      159B96DC 
 3725      57B36AAF 
 3725      E6
 3726 04a8 D3A9DDBE 		.ascii	"\323\251\335\276\355\371\236\374\262J\037\342\250%6"
 3726      EDF99EFC 
 3726      B24A1FE2 
 3726      A82536
 3727 04b7 28FE1F3A 		.ascii	"(\376\037:|\025\232\253\254\234\264<\270s\367\256\034"
 3727      7C159AAB 
 3727      AC9CB43C 
 3727      B873F7AE 
 3727      1C
 3728 04c8 D253ADB9 		.ascii	"\322S\255\271\363rr\013\231\244\261\024\217\313\343"
 3728      F372720B 
 3728      99A4B114 
 3728      8FCBE3
 3729 04d7 D5F6B3BF 		.ascii	"\325\366\263\277\001S\322\273\030"
 3729      0153D2BB 
 3729      18
 3730              		.text
 3731              		.section	.gnu.lto_chEvtWaitAll.350.b3bfce6d,"e",%progbits
 3732 0000 789C9554 		.ascii	"x\234\225T]L\034U\024>g\356\354.+\002\246\232\232\264"
 3732      5D4C1C55 
 3732      143E67EE 
 3732      EC2E2B02 
 3732      A69A9AB4 
 3733 0014 0F6E9B10 		.ascii	"\017n\233\020cB\027hB\2334>\324\240/\306&\246\215o\223"
 3733      63421768 
 3733      429B343E 
 3733      D4A02FC6 
 3733      26A68D6F 
 3734 0029 34DB6194 		.ascii	"4\333a\224U\226%3Cc\237:]P\014F)\224\224\006\266`\011"
 3734      55962533 
 3734      43639F3A 
 3734      5D500C46 
 3734      29949406 
 3735 0040 35F4C110 		.ascii	"5\364\301\020\233\332B\313\317R\254\242\265\305bi\233"
 3735      9BDA42CB 
 3735      CF52ACA2 
 3735      B5C56269 
 3735      9B
 3736 0051 DDC65594 		.ascii	"\335\306U\224\304\032C7\2736\240-\340\271w\306\335m"
 3736      C41A4337 
 3736      BB36A02D 
 3736      E0B977C6 
 3736      DD6D
 3737 0063 A2A626E4 		.ascii	"\242\246&\344\316\275\337=\367;\3379\347[\316\273\000"
 3737      CEBDDF3D 
 3737      F73BDF39 
ARM GAS  C:\Users\acest\AppData\Local\Temp\cc8GEYkg.s 			page 130


 3737      E75BCEBB 
 3737      00
 3738 0074 0611E065 		.ascii	"\006\021\340e\000@\027`G{\253\004\226e\355\364HRS\373"
 3738      00401760 
 3738      477BAB04 
 3738      9665EDF4 
 3738      485253FB 
 3739 0088 FB125EC0 		.ascii	"\373\022^\300?\372\006\236\221\233\333\213[~H\370d\206"
 3739      3FFA069E 
 3739      919BDB8B 
 3739      5B7E48F8 
 3739      6486
 3740 009a 9DD90819 		.ascii	"\235\331\010\031\017\265\267\336]=#S\220\000\020\016"
 3740      0FB5B7DE 
 3740      5D3D2353 
 3740      9000100E 
 3741 00aa 4A4CC683 		.ascii	"JL\306\203x\204E\031v\260\001\006(;;D\337s1\313Z^\350"
 3741      78844519 
 3741      76B00106 
 3741      283B3B44 
 3741      DF7331CB 
 3742 00c1 8A0F79A2 		.ascii	"\212\017y\242\2031y\200I\320K\001\237!\236!\001\000"
 3742      83317980 
 3742      49D04B01 
 3742      9F219E21 
 3742      0100
 3743 00d3 14C8EAE0 		.ascii	"\024\310\352\340Y\012\372\366\352\260ey\201\"\360\034"
 3743      590AFAF6 
 3743      EAB06579 
 3743      8122F01C 
 3744 00e3 E6C51060 		.ascii	"\346\305\020`\244\327\331\221\357!\377\224Rt*1\324R"
 3744      A4D7D991 
 3744      EF21FF94 
 3744      52742A31 
 3744      D452
 3745 00f5 7CF850C1 		.ascii	"|\370P\301\000c8\202\017Q\032k\353\334\200\347\221'"
 3745      00633882 
 3745      0F511A6B 
 3745      EBDC80E7 
 3745      9127
 3746 0107 02E0A2DC 		.ascii	"\002\340\242\334@{\304Q\361\332M\252\227\357m\007\322"
 3746      407BC451 
 3746      F1DA4DAA 
 3746      97EF6D07 
 3746      D2
 3747 0118 DF4B6A1C 		.ascii	"\337Kj\034$\332\367\316=z5F\030\023\251&E0\027\266|"
 3747      24DAF7CE 
 3747      3D7A3546 
 3747      1813A926 
 3747      453017B6 
 3748 012d FAC3C4CC 		.ascii	"\372\303\304\314\206\250\305\325\3138\201\234\312N\206"
 3748      86A8C5D5 
 3748      CB38819C 
 3748      CA4E86
 3749 013c 3124C8B8 		.ascii	"1$\310\270\274\321\021\265|\273cb\244l\252\311\232\266"
 3749      BCD111B5 
 3749      7CBB6362 
ARM GAS  C:\Users\acest\AppData\Local\Temp\cc8GEYkg.s 			page 131


 3749      A46CAAC9 
 3749      9AB6
 3750 014e B2B1908B 		.ascii	"\262\261\220\213\265\313\025\371\177\216\272\2212\340"
 3750      B5CB15F9 
 3750      7F8EBA91 
 3750      32E0
 3751 015c 386703D2 		.ascii	"8g\003\322\207\027\263\372\270X\031?\317\212\035M\376"
 3751      8717B3FA 
 3751      B858193F 
 3751      CF8A1D4D 
 3751      FE
 3752 016d 36EEB7E5 		.ascii	"6\356\267\345\312\"\364\022\346\335./:\245\270r\245"
 3752      CA22F412 
 3752      E6DD2E2F 
 3752      3AA5B872 
 3752      A5
 3753 017e 5CBA4DA5 		.ascii	"\\\272M\245|I\230\033r\312z\036I\331\360\034)\373\212"
 3753      7C49981B 
 3753      72CA7A1E 
 3753      49D9F01C 
 3753      29FB8A
 3754 0191 C0E9ACB2 		.ascii	"\300\351\254\262\257\2052\03634\353\212Y\017\326\332"
 3754      AF85321E 
 3754      3334EB8A 
 3754      590FD6DA 
 3755 01a1 ACD85261 		.ascii	"\254\330Ra|\246kiU*A\232\217K\342\013\343\213\314\027"
 3755      7CA66B69 
 3755      552A419A 
 3755      8F4BE20B 
 3755      E38BCC17 
 3756 01b5 175F0A68 		.ascii	"\027_\012ha^\304az\330\306\270w,\031\255\030\300a&\331"
 3756      615EC461 
 3756      7AD8C6B8 
 3756      772C19AD 
 3756      18C06126 
 3757 01ca 87263AFC 		.ascii	"\207&:\374\212\326\374\271$\362of\354\223\370\215(R"
 3757      8AD6FCB9 
 3757      24F26F66 
 3757      EC93F88D 
 3757      2852
 3758 01dc 75024DDE 		.ascii	"u\002M\336\360\342\027\010\213\030\031=U\324\317\012"
 3758      F0E21708 
 3758      8B18193D 
 3758      55D4CF0A 
 3759 01ec 1C47B945 		.ascii	"\034G\271E\341\315(\321v\220\011\331\037s\015\036\274"
 3759      E1CD28D1 
 3759      769009D9 
 3759      1F730D1E 
 3759      BC
 3760 01fd 82F88DB8 		.ascii	"\202\370\215\270\254 v\362E\001^\305\343L\264\313A\030"
 3760      AC2076F2 
 3760      45015EC5 
 3760      E34CB4CB 
 3760      4118
 3761 020f CE108260 		.ascii	"\316\020\202`\247\210\244VN\337\037\361R\357\310+\224"
 3761      A788A456 
 3761      4EDF1FF1 
ARM GAS  C:\Users\acest\AppData\Local\Temp\cc8GEYkg.s 			page 132


 3761      52EFC82B 
 3761      94
 3762 0220 4064BDE0 		.ascii	"@d\275\340hY\351\374\276\373(R\017\005\232\211{\205"
 3762      6859E9FC 
 3762      BEFB2852 
 3762      0F059A89 
 3762      7B85
 3763 0232 D4CCC8C9 		.ascii	"\324\314\310\311\263\351[ORo\004<\227>\206\034\217\370"
 3763      B3E95B4F 
 3763      526F043C 
 3763      973E861C 
 3763      8FF8
 3764 0244 A8635C9C 		.ascii	"\250c\\\234\214\025\"l!z6y\034\251q\016\247\027/#\334"
 3764      8C15226C 
 3764      217A3679 
 3764      1CA9710E 
 3764      A7172F23 
 3765 0259 C5C866DE 		.ascii	"\305\310f\336\306\017\270#7\365\262wI\221\227\2662\377"
 3765      C60FB823 
 3765      37F5B277 
 3765      499197B6 
 3765      32FF
 3766 026b 11CE22D0 		.ascii	"\021\316\"\320\027\277C\274&j\330tB\334?&.\347\354,"
 3766      17BF43BC 
 3766      266AD874 
 3766      42DC3F26 
 3766      2EE7EC2C 
 3767 027f A9E193D7 		.ascii	"\251\341\223\327\323\005\300\247\303y\323+\235\277\307"
 3767      D305C0A7 
 3767      C379D32B 
 3767      9DBFC7
 3768 028e 4B4586A5 		.ascii	"KE\206\245\370z\033\231\277\277\213\352\261\233V\322"
 3768      F87A1B99 
 3768      BFBF8BEA 
 3768      B19B56D2 
 3769 029e CFD0691A 		.ascii	"\317\320i\032C\273Ov\033\012\251X\274\211\340tE\302"
 3769      43BB4F76 
 3769      1B0AA958 
 3769      BC89E074 
 3769      45C2
 3770 02b0 5BD41589 		.ascii	"[\324\025\211\022-b\323\321\226+\254\237I\364\264\237"
 3770      122D62D3 
 3770      D1962BAC 
 3770      9F49F4B4 
 3770      9F
 3771 02c1 79E10E36 		.ascii	"y\341\0166\337\231\332 \316^\376\313\242\331\261\351"
 3771      DF99DA20 
 3771      CE5EFECB 
 3771      A2D9B1E9 
 3772 02d1 B5137F62 		.ascii	"\265\023\177bvv\023I\211g\353>\365\364\337\011~)\312"
 3772      76761349 
 3772      8967EB3E 
 3772      F5F4DF09 
 3772      7E29CA
 3773 02e4 65C80DE3 		.ascii	"e\310\015\343q\214S\022\232\006?\017\226\360\254\011"
 3773      718C5312 
 3773      9A063F0F 
ARM GAS  C:\Users\acest\AppData\Local\Temp\cc8GEYkg.s 			page 133


 3773      96F0AC09 
 3774 02f4 02A83C4E 		.ascii	"\002\250<N\315\231\256\021S\012\233} f[\324\313<\000"
 3774      CD99AE11 
 3774      530A9B7D 
 3774      20665BD4 
 3774      CB3C00
 3775 0307 5C7B3116 		.ascii	"\\{1\026\016\260\022\221[~\3307sI\247\322\365\375\214"
 3775      0EB01291 
 3775      5B7ED837 
 3775      7349A7D2 
 3775      F5FD8C
 3776 031a FD537DE2 		.ascii	"\375S}\342\177I2[\\\344X\313\012U\"\363\214\242\324"
 3776      7F49325B 
 3776      5CE458CB 
 3776      0A5522F3 
 3776      8CA2D4
 3777 032d 053AB9E8 		.ascii	"\005:\271\350-a\374:\325\212\377\312\362\243\315B\361"
 3777      2D61FC3A 
 3777      D58AFFCA 
 3777      F2A3CD42 
 3777      F1
 3778 033e 22F5CDAC 		.ascii	"\"\365\315\254M\272{\310&c\366\240\373\022]\366h\346"
 3778      4DBA7BC8 
 3778      2663F6A0 
 3778      FB125DF6 
 3778      68E6
 3779 0350 3FEDB107 		.ascii	"?\355\261\0073\226\0207\233\263\313\374\365\215\216"
 3779      33961037 
 3779      9BB3CBFC 
 3779      F58D8E
 3780 035f 9156B991 		.ascii	"\221V\271\221\306\355\207G2Y#M:F\202|#]\314\031i*\337"
 3780      C6ED8747 
 3780      3259234D 
 3780      3A46827C 
 3780      235DCC19 
 3781 0376 488E657E 		.ascii	"H\216e~\022\346\311\367IG\206|2\351\370\344\301\354"
 3781      12E6C9F7 
 3781      4947867C 
 3781      32E9F8E4 
 3781      C1EC
 3782 0388 8A8BBB22 		.ascii	"\212\213\273\"\215\221\217\252\234I\2661\264\233\031"
 3782      8D918FAA 
 3782      9C49B631 
 3782      B49B19
 3783 0397 89F16359 		.ascii	"\211\361cY\365\016\3455C\323\015%\240j\206\251\274\250"
 3783      F50EE535 
 3783      43D30D25 
 3783      A06A86A9 
 3783      BCA8
 3784 03a9 196F99E1 		.ascii	"\031o\231\341\006e\267\377\005\177\265\377%E'xo\203"
 3784      0665B7FF 
 3784      057FB5FF 
 3784      25452778 
 3784      6F83
 3785 03bb 1E7E5353 		.ascii	"\036~SSMx\336\357/\317\377\253\256\015\356\013\3561"
 3785      4D78DEEF 
 3785      2FCFFFAB 
ARM GAS  C:\Users\acest\AppData\Local\Temp\cc8GEYkg.s 			page 134


 3785      AE0DEE0B 
 3785      EE31
 3786 03cd 1B6B82E1 		.ascii	"\033k\202\341r\225\357\303\306\326\312\312\312\362\260"
 3786      7295EFC3 
 3786      C6D6CACA 
 3786      CAF2B0
 3787 03dc 51AE9BE5 		.ascii	"Q\256\233\345\206\256\022\252\355\327\352M\303\257\202"
 3787      86AE12AA 
 3787      EDD7EA4D 
 3787      C3AF82
 3788 03eb DBDE3D95 		.ascii	"\333\336=\225\203\374[k\002\333\266\275^Ewj\243\256"
 3788      83FC5B6B 
 3788      02DBB6BD 
 3788      5E45776A 
 3788      A3AE
 3789 03fd 9B0D95EA 		.ascii	"\233\015\225\352\016E\360\030\202S\311\343T\302\206"
 3789      0E45F018 
 3789      8253C9E3 
 3789      54C286
 3790 040c A29B4AB0 		.ascii	"\242\233J\260^\255k\254\321\350\3068`\370k\301\263/"
 3790      5EAD6BAC 
 3790      D1E8C638 
 3790      60F86BC1 
 3790      B32F
 3791 041e 6068AFEA 		.ascii	"`h\257\352\301W\376\373\245\032\016\205\302\365\212"
 3791      C157FEFB 
 3791      A51A0E85 
 3791      C2F58A
 3792 042d F6B6A904 		.ascii	"\366\266\251\004\364\220\242\206\214 \007u-G\310\241"
 3792      F490A286 
 3792      8C200775 
 3792      2D47C8A1 
 3793 043d BD6FA82A 		.ascii	"\275o\250*\221\356|$\262\206\260n\032\234n\377\366-"
 3793      91EE7C24 
 3793      B286B06E 
 3793      1A9C6EFF 
 3793      F62D
 3794 044f A12D813A 		.ascii	"\241-\201:\223\3428%\021T\375\217:\314Z]\013\324\360"
 3794      93E23825 
 3794      1154FD8F 
 3794      3ACC5A5D 
 3794      0BD4F0
 3795 0462 5A9ED8B5 		.ascii	"Z\236\330\265g\267\217\327\323\240\007\313|\245\025"
 3795      67B78FD7 
 3795      D3A007CB 
 3795      7CA515
 3796 0471 20E9E009 		.ascii	" \351\340\011i\241\260~\000\376\002,\015~\377"
 3796      69A1B07E 
 3796      00FE022C 
 3796      0D7EFF
 3797              		.text
 3798              		.section	.gnu.lto_chEvtWaitOneTimeout.351.b3bfce6d,"e",%progbits
 3799 0000 789C9D56 		.ascii	"x\234\235VoLSW\024\277\347\335\327\327V\306\237\001"
 3799      6F4C5357 
 3799      14BFE7DD 
 3799      D7D756C6 
 3799      9F01
ARM GAS  C:\Users\acest\AppData\Local\Temp\cc8GEYkg.s 			page 135


 3800 0012 71463FAC 		.ascii	"qF?\254\232\230\271D\213\270\351\026\263%,nf\037\266"
 3800      9A98B944 
 3800      8BB8E916 
 3800      B3252C6E 
 3800      661FB6
 3801 0025 6471D9B7 		.ascii	"dq\331\267&\006J7\273Y\313\336+F?\371,\002\213.Jk\260"
 3801      26064A37 
 3801      BB59CBDE 
 3801      2B463FF9 
 3801      2C028B2E 
 3802 003c A0F5CF1A 		.ascii	"\240\365\317\032fpf\232.\316\201\242V\035\014e\212\377"
 3802      6670669A 
 3802      2ECE81A2 
 3802      561D0C65 
 3802      8AFF
 3803 004e 40072A58 		.ascii	"@\007*X\304\240\311\020A\002n\242;\367\276\366\265\350"
 3803      C4A0C910 
 3803      41026EA2 
 3803      3BF7BEF6 
 3803      B5E8
 3804 0060 3468D2DC 		.ascii	"4h\322\334w\357\271\277s~\347\374\316}\367u\330L\310"
 3804      77EFB9BF 
 3804      737EE7FC 
 3804      CE7DF775 
 3804      D84CC8
 3805 0073 2F404890 		.ascii	"/@H\220\020\002\223\010\370}\353\005\242\252j\236Q\020"
 3805      10029308 
 3805      F87DEB05 
 3805      A2AA6A9E 
 3805      5110
 3806 0085 4A7C1B04 		.ascii	"J|\033\0048\006\270\262\210U\025QmB\205u\276\224\362"
 3806      3806B8B2 
 3806      88551551 
 3806      6D428575 
 3806      BE94F2
 3807 0098 EE4E8B58 		.ascii	"\356N\213X\352K{\260\263\346uQ\204j\177\350^}x\025w"
 3807      EA4B7BB0 
 3807      B3E67551 
 3807      846A7FE8 
 3807      5E7D7815 
 3808 00ad 330865BE 		.ascii	"3\010e\276\224\363\007\356f\210\345\276\264\375-\025"
 3808      94F307EE 
 3808      6688E5BE 
 3808      B4FD2D15 
 3809 00bd 39A2C4F6 		.ascii	"9\242\304\366\303Gs\371\266\021\252\374\241\351\032"
 3809      C34773F9 
 3809      B611AAFC 
 3809      A1E91A
 3810 00cc 83893B9E 		.ascii	"\203\211;\236\015\367\2314\226<\243\031\326\352\374"
 3810      0DF79934 
 3810      963CA319 
 3810      D6EAFC
 3811 00db 40D60854 		.ascii	"@\326\010T4HF\223\031\326\300f\032\244\340\2475\224"
 3811      34484693 
 3811      19D6C066 
 3811      1AA4E0A7 
 3811      3594
ARM GAS  C:\Users\acest\AppData\Local\Temp\cc8GEYkg.s 			page 136


 3812 00ed 80189B01 		.ascii	"\200\030\233\001X\336\214\250\352ho\2406\374\366\361"
 3812      58DE8CA8 
 3812      EA686FA0 
 3812      36FCF6F1 
 3813 00fd 92D28F6B 		.ascii	"\222\322\217k\250@v \340W\200\003X\022\026E\201.'o "
 3813      A8407620 
 3813      E0578003 
 3813      58121645 
 3813      812E276F 
 3814 0112 E8DCB53A 		.ascii	"\350\334\265:U5\023D\300o\220\204A\203\262/\223\341"
 3814      55351344 
 3814      C06F9084 
 3814      4183B22F 
 3814      93E1
 3815 0124 BE030DB8 		.ascii	"\276\003\015\270\241\244\\\315\020k(\205\372\361@\252"
 3815      A1A45CCD 
 3815      106B2885 
 3815      FAF140AA 
 3816 0134 1CCED442 		.ascii	"\034\316\324BV\000{\314D\364\300O\341\207\335\240\372"
 3816      56007BCC 
 3816      44F4C04F 
 3816      E187DDA0 
 3816      FA
 3817 0145 5560910F 		.ascii	"U`\221\017\3038v\245\215\007\366'\320{\302\367\343h"
 3817      C33876A5 
 3817      8D07F627 
 3817      D07BC2F7 
 3817      E368
 3818 0157 118E3C81 		.ascii	"\021\216<\201n\316\224\010\034\005h\000V\004!\006\364"
 3818      6ECE9408 
 3818      1C056800 
 3818      56042106 
 3818      F4
 3819 0168 9208CE01 		.ascii	"\222\010\316\001\"<\204\204\262\324\335\252B\3241t\025"
 3819      223C8484 
 3819      B2D4DDAA 
 3819      42D43174 
 3819      15
 3820 0179 E2A6607D 		.ascii	"\342\246`}\3510\332\216\243\215\362\364Z8\232\0253\332"
 3820      E930DA8E 
 3820      A38DF2F4 
 3820      5A389A15 
 3820      33DA
 3821 018b BEB1B375 		.ascii	"\276\261\263ujP\215`=\0068\011,\226F\010\277c\016\006"
 3821      6A508D60 
 3821      3D063809 
 3821      2C964608 
 3821      BF630E06 
 3822 019f A5655A2C 		.ascii	"\245eZ,\265\321\212\315\307\352g\237,Q\233U\035K\022"
 3822      B5D18ACD 
 3822      C7EA679F 
 3822      2C519B55 
 3822      1D4B12
 3823 01b2 584D4BC6 		.ascii	"XMK\3066z3(A#\032O\260h\004\023\204\246\344\004\033"
 3823      367A3328 
 3823      41231A4F 
 3823      B0680413 
ARM GAS  C:\Users\acest\AppData\Local\Temp\cc8GEYkg.s 			page 137


 3823      84A6E404 
 3824 01c7 BAEE377E 		.ascii	"\272\3567~\373D\206\015\230\341\002\002\315\361\014"
 3824      FB44860D 
 3824      98E10202 
 3824      CDF10C
 3825 01d6 5F9CF034 		.ascii	"_\234\3604\032O\351\204-\343\011\273\237Ex\346\345\011"
 3825      1A4FE984 
 3825      2DE309BB 
 3825      9F4578E6 
 3825      E509
 3826 01e8 5BD17856 		.ascii	"[\321xV'<\247\023\262~\210p!\211\275\246\361\206A\243"
 3826      273CA713 
 3826      B27E8870 
 3826      2189BDA6 
 3826      F18641A3 
 3827 01fc 1739F622 		.ascii	"\0279\366\"$m\327\265\307\333eH\264\253\361*\332\332"
 3827      246DD7B5 
 3827      C7DB6548 
 3827      B4ABF12A 
 3827      DADA
 3828 020e D02625E5 		.ascii	"\320&%\345\266mB\271\325\265an\227\321\330\256\347v"
 3828      B66D42B9 
 3828      D5B5616E 
 3828      97D1D8AE 
 3828      E776
 3829 0220 85E78618 		.ascii	"\205\347\206\030vr\366_0D\324\207\2177\251\221\221\224"
 3829      7672F65F 
 3829      3044D487 
 3829      8F37A991 
 3829      9194
 3830 0232 DAF0C0F7 		.ascii	"\332\360\300\367\217\252\027O\005<\273\222\200\203\221"
 3830      8FAA174F 
 3830      053CBB92 
 3830      808391
 3831 0241 B299C806 		.ascii	"\262\231\310\006\003\033$6\030\331`\"\350\313\337\216"
 3831      031B2436 
 3831      18D96022 
 3831      E8CBDF8E 
 3832 0251 541CC434 		.ascii	"T\034\3044\200:Hg\266\014\200C\220\305f\331l d\023e"
 3832      803A4867 
 3832      B60C8043 
 3832      90C566D9 
 3832      6C206413 
 3833 0266 2FA72A82 		.ascii	"/\247*\202\032!\244\202\012\332\242\004\027w@\215^\214"
 3833      1A21A482 
 3833      0ADAA204 
 3833      1777408D 
 3833      5E8C
 3834 0278 560156CB 		.ascii	"V\001V\313\346C?\356\353h\017\002\312\301w\272\332\315"
 3834      E6433FEE 
 3834      EB680F02 
 3834      CAC177BA 
 3834      DACD
 3835 028a 7009483F 		.ascii	"p\011H?x\033\366\244\206hj\354\0256q\245\326\201\200"
 3835      781BF6A4 
 3835      86686AEC 
 3835      153671A5 
ARM GAS  C:\Users\acest\AppData\Local\Temp\cc8GEYkg.s 			page 138


 3835      D68180
 3836 029d D35ACACB 		.ascii	"\323Z\312\313\334\315\3625C'@\007\337\234\213\014\246"
 3836      DCCDF235 
 3836      43274007 
 3836      DF9C8B0C 
 3836      A6
 3837 02ae 1A3A09AE 		.ascii	"\032:\011\256\302v\312\365\215YD\270\206\026 \032\205"
 3837      C276CAF5 
 3837      8D5944B8 
 3837      8616201A 
 3837      85
 3838 02bf 7760CC5F 		.ascii	"w`\314_Y\026`\364\370\022!\003\247m\213N\341\317+\005"
 3838      591660F4 
 3838      F8122103 
 3838      A76D8B4E 
 3838      E1CF2B05 
 3839 02d3 3CA7DECA 		.ascii	"<\247\336\312\353[\267\000j\317\215C\035f\236\366\320"
 3839      EB5BB700 
 3839      6ACF8D43 
 3839      1D669EF6 
 3839      D0
 3840 02e4 0FBB0F0E 		.ascii	"\017\273\017\016^\311BM5\237\301*`v\257\005\225fI\032"
 3840      5EC9424D 
 3840      359FC12A 
 3840      6076AF05 
 3840      9566491A 
 3841 02f8 602E87FD 		.ascii	"`.\207\375\274\375`\327v@\3019\354p\227\031\376\002"
 3841      BCFD60D7 
 3841      7640C139 
 3841      EC709719 
 3841      FE02
 3842 030a 7217BC33 		.ascii	"r\027\2743\230\374\001v?M\257\245e\230Y\012NEv\237v"
 3842      98FC0176 
 3842      3F4DAFA5 
 3842      6598590A 
 3842      4E45769F 
 3843 031f 03C127DC 		.ascii	"\003\301'\334\000\350\342\265L\337\313\367_\341\233"
 3843      00E8E2B5 
 3843      4CDFCBF7 
 3843      5FE19B
 3844 032e 3D1ACBC0 		.ascii	"=\032\313\300\256\335\227\006\261\001\227\371R\035\354"
 3844      AEDD9706 
 3844      B10197F9 
 3844      521DEC
 3845 033d ADBCDF31 		.ascii	"\255\274\3371\2233\214tL\346\226\261\013\225Mf&+S\357"
 3845      93338C74 
 3845      4CE696B1 
 3845      0B954D66 
 3845      262B53EF 
 3846 0351 765A8842 		.ascii	"vZ\210BL=\0214\3014=\230\254\320\013$&\217\000\267P"
 3846      4C3D1134 
 3846      C1343D98 
 3846      ACD00B24 
 3846      268F00B7 
 3847 0366 1E0199FA 		.ascii	"\036\001\231\372\241dK\371\234\020MG\317\020M\323Jk"
 3847      A1644BF9 
 3847      9C104D47 
ARM GAS  C:\Users\acest\AppData\Local\Temp\cc8GEYkg.s 			page 139


 3847      CF104DD3 
 3847      4A6B
 3848 0378 C0693AA7 		.ascii	"\300i:\247\271\206\032\335\206u}'\247\242\205\205\025"
 3848      B9861ADD 
 3848      86757D27 
 3848      A7A28585 
 3848      15
 3849 0389 F87DC4DA 		.ascii	"\370}\304\332K\327b,AooWt\226\206,\010\321\014\206\244"
 3849      4BD7622C 
 3849      416F6F57 
 3849      7496862C 
 3849      08D10C86 
 3850 039e 3A520CAA 		.ascii	":R\014\252w\275\240#\357E\337\215\011\276u\033\012~"
 3850      77BDA023 
 3850      EF45DF8D 
 3850      09BE751B 
 3850      0A7E
 3851 03b0 46936C67 		.ascii	"F\223lgg@+2\032\336\246\225x\244\223\357\314\320\207"
 3851      67402B32 
 3851      1ADEA695 
 3851      78A493EF 
 3851      CCD087
 3852 03c3 E8A569B1 		.ascii	"\350\245i\261\226<b-9\2539n\036\322[\322\032k\011In"
 3852      963C622D 
 3852      39AB396E 
 3852      1ED25BD2 
 3852      1A6B0949 
 3853 03d8 C9B9444B 		.ascii	"\311\271DK\316'\267$&\376\035\336\206d\305\375C\250"
 3853      CE27B724 
 3853      26FE1DDE 
 3853      8664C5FD 
 3853      43A8
 3854 03ea 786B4CF1 		.ascii	"xkL\3611\177\240)\205\351\313\0121\334|\\1F\364BF\260"
 3854      317FA029 
 3854      85E9CB0A 
 3854      31DC7C5C 
 3854      3146F442 
 3855 0400 64947DEB 		.ascii	"d\224}\353\236\327\342J\367\245&\244N\034\3174\370\033"
 3855      9ED7E24A 
 3855      F7A526A4 
 3855      4E1CCF34 
 3855      F81B
 3856 0412 D5C6F3C9 		.ascii	"\325\306\363\311\326\265\351L\304~4 \255\246\270\032"
 3856      D6B5E94C 
 3856      C47E3420 
 3856      ADA6B81A 
 3857 0422 7D809106 		.ascii	"}\200\221\006\240t\327[!\374\202\262\003\237\276\203"
 3857      A074D75B 
 3857      21FC82B2 
 3857      039FBE83 
 3858 0432 1A0961D5 		.ascii	"\032\011a\325d\300$\024\264\206\276\312\324\355d\352"
 3858      64C02414 
 3858      B486BECA 
 3858      D4ED64EA 
 3859 0442 0ACC9CA9 		.ascii	"\012\314\234\251\253+\355]\377\310\242\347\364\357x"
 3859      AB2BED5D 
 3859      FFC8A2E7 
ARM GAS  C:\Users\acest\AppData\Local\Temp\cc8GEYkg.s 			page 140


 3859      F4EF78
 3860 0451 719B5F56 		.ascii	"q\233_V\334SO\211{\232k\225$lKB\330?'.\354\351\270\260"
 3860      DC534F89 
 3860      7B9A6B95 
 3860      246C4B42 
 3860      D83F272E 
 3861 0469 D124618D 		.ascii	"\321$a\215\365\303\376\253\011a}=\263\264\363\214\247"
 3861      F5C3FEAB 
 3861      09617D3D 
 3861      B3B4F38C 
 3861      A7
 3862 047a 923EEF14 		.ascii	"\222>\357\024\017'\237\342\367C4\013\361\343Nq\026\017"
 3862      0F279FE2 
 3862      F743340B 
 3862      F1E34E71 
 3862      160F
 3863 048c 6F3A84E1 		.ascii	"o:\204\341\343G\325\233G\370\226\211SU\366h\267\022"
 3863      E347D59B 
 3863      47F89689 
 3863      5355F668 
 3863      B712
 3864 049e D20D94E1 		.ascii	"\322\015\224\341{ \262\015\036\016!\331\261\265\036"
 3864      7B20B20D 
 3864      1E0E21D9 
 3864      B1B51E
 3865 04ad 2E9BFB04 		.ascii	".\233\373\004z\246h\227\325\344\0205\374_z\374\257\304"
 3865      7AA66897 
 3865      D5E41035 
 3865      FC5F7AFC 
 3865      AFC4
 3866 04bf 889E9BB7 		.ascii	"\210\236\233\267\252|L\010Q\211\371\363\320\275\270"
 3866      AA7C4C08 
 3866      5189F9F3 
 3866      D0BDB8
 3867 04ce 32A22FDA 		.ascii	"2\242/\3328\361zxf\224\007Z\024\304s\352\352\236)\311"
 3867      38F17A78 
 3867      6694075A 
 3867      14C473EA 
 3867      EA9E29C9 
 3868 04e2 ED3DFEB2 		.ascii	"\355=\376\262\355=\361T{\033\237loS\242\275\177L\274"
 3868      ED3DF154 
 3868      7B1B9F6C 
 3868      6F53A2BD 
 3868      7F4CBC
 3869 04f5 BD8DB1F6 		.ascii	"\275\215\261\366>\214V/\346\335\375\007Lxu\010\327+"
 3869      3E8C562F 
 3869      E6DDFD07 
 3869      4C787508 
 3869      D72B
 3870 0507 9BB0E82C 		.ascii	"\233\260\350,\343\306\352&\212\0351'\276\015\203\254"
 3870      E3C6EA26 
 3870      8A1D3127 
 3870      BE0D83AC 
 3871 0517 23218AD7 		.ascii	"#!\212\327-b\315\320\007\342\216@\331&~W\367\201t+\300"
 3871      2D62CDD0 
 3871      07E28E40 
 3871      D9267E57 
ARM GAS  C:\Users\acest\AppData\Local\Temp\cc8GEYkg.s 			page 141


 3871      F781742B 
 3872 052c 6433F557 		.ascii	"d3\365W\227\245\342\367\00547o\204\035\375\331\213\026"
 3872      97A5E2F7 
 3872      0534376F 
 3872      841DFDD9 
 3872      8B16
 3873 053e DABE501C 		.ascii	"\332\276P\034\262b\313\267;\024\217\355C\207\362\215"
 3873      B262CBB7 
 3873      3B148FED 
 3873      4387F28D 
 3874 054e C75D645B 		.ascii	"\307]d[b\375\300\272\310\372\221MF\363\322\"\331\375"
 3874      62FDC0BA 
 3874      C8FA914D 
 3874      46F3D222 
 3874      D9FD
 3875 0560 B5C3EE21 		.ascii	"\265\303\356!\357Y\2559\311\277E\313\234\005\316\317"
 3875      EF59AD39 
 3875      C9BF45CB 
 3875      9C05CECF 
 3876 0570 3DC5854E 		.ascii	"=\305\205Nw\216\235\315\335\312\274\334\334\334\034"
 3876      778E9DCD 
 3876      DDCABCDC 
 3876      DCDC1C
 3877 057f B792237B 		.ascii	"\267\222#{r\024\331\216V\307J\307\012\217b\265\023I"
 3877      7214D98E 
 3877      56C74AC7 
 3877      0A8F62B5 
 3877      1349
 3878 0591 9B65274C 		.ascii	"\233e'L\326y\205\371\013\026|9\337N\214\036\247\313"
 3878      D67985F9 
 3878      0B167C39 
 3878      DF4E8C1E 
 3878      A7CB
 3879 05a3 E12EF680 		.ascii	"\341.\366\200K\262\027\313\262\247(\327\276\320\306"
 3879      4BB217CB 
 3879      B2A728D7 
 3879      BED0C6
 3880 05b2 232A3CBA 		.ascii	"#*<\272-)\272\315\255\330d\217\315\271\302\276\274\270"
 3880      2D29BACD 
 3880      ADD8648F 
 3880      CDB9C2BE 
 3880      BCB8
 3881 05c4 D0813BCA 		.ascii	"\320\201;\312j\305\272\214\030\013\362\025\307g\262"
 3881      6AC5BA8C 
 3881      180BF215 
 3881      C767B2
 3882 05d3 F393E77B 		.ascii	"\363\223\347{\332\335.\227{\205\315\261\312c\313\227"
 3882      DADD2E97 
 3882      7B85CDB1 
 3882      CA63CB97 
 3883 05e3 5D36BB4B 		.ascii	"]6\273Kq2\243\354H\004d\246\245_\331\355\0304oB\301"
 3883      7132A3EC 
 3883      480464A6 
 3883      A55FD9ED 
 3883      18346F42 
 3884 05f8 8ADCB247 		.ascii	"\212\334\262Ga\341V\2763\3075'\177\271\007q,$\006\230"
 3884      61E156BE 
ARM GAS  C:\Users\acest\AppData\Local\Temp\cc8GEYkg.s 			page 142


 3884      33C73527 
 3884      7FB90771 
 3884      2C240698 
 3885 060c FF027578 		.ascii	"\377\002ux\226\311\216\374BVK\306\247\237/\261\260z"
 3885      96C98EFC 
 3885      42564BC6 
 3885      A79F2FB1 
 3885      B07A
 3886 061e 8A64E76C 		.ascii	"\212d\347l\313\314\271D\220\211\321\345p\271\345\325"
 3886      CBCCB944 
 3886      9089D1E5 
 3886      70B9E5D5 
 3887 062e E43F801C 		.ascii	"\344?\200\034\021\373"
 3887      11FB
 3888              		.text
 3889              		.section	.gnu.lto_chEvtWaitAnyTimeout.352.b3bfce6d,"e",%progbits
 3890 0000 789C9D56 		.ascii	"x\234\235V]L\024W\024\276g\356\354\316\256\310\217\264"
 3890      5D4C1457 
 3890      14BE67EE 
 3890      ECCEAEC8 
 3890      8FB4
 3891 0012 B1441F8A 		.ascii	"\261D\037\212&\246m\242\213h\265\215i\023\032[\323\207"
 3891      26A66DA2 
 3891      8B68B58D 
 3891      69131A5B 
 3891      D387
 3892 0024 3669347D 		.ascii	"6i4}\333\304\300\262\255\333\272.\235Y\214>9.\177\215"
 3892      DBC4C0B2 
 3892      ADDBBA2E 
 3892      9D598C3E 
 3892      392E7F8D 
 3893 0038 1A85250A 		.ascii	"\032\205%\012*\250\335P\203\261\255\331\"\012\212\212"
 3893      2AA8DD50 
 3893      83B1ADD9 
 3893      220A8A8A 
 3894 0048 58F00715 		.ascii	"X\360\007\025\265J-hA\024\202&U\012\032\260\202\366"
 3894      B54A2D68 
 3894      41148226 
 3894      550A1AB0 
 3894      82F6
 3895 005a 9C3BCBEE 		.ascii	"\234;\313\356\242\325\240\011\271s\347\273\337=\337"
 3895      A2D5A009 
 3895      B973E7BB 
 3895      DF3DDF
 3896 0069 39DFB973 		.ascii	"9\337\271s\227\303V\306~\005\306\312\030c0\201\201\277"
 3896      97C356C6 
 3896      7E05C6CA 
 3896      18633081 
 3896      81BF
 3897 007b 689DC474 		.ascii	"h\235\304t]OS$)\247h\275\004\307\000\337\222\345\322"
 3897      5D4F5324 
 3897      29A768BD 
 3897      04C700DF 
 3897      92E5D2
 3898 008e C22E63C2 		.ascii	"\302.c\302\245\334\242\230\202\316\366d9\257(\356\341"
 3898      A5DCA298 
 3898      82CEF664 
ARM GAS  C:\Users\acest\AppData\Local\Temp\cc8GEYkg.s 			page 143


 3898      39AF28EE 
 3898      E1
 3899 009f CE8A3765 		.ascii	"\316\2127e\031\266\372\003\377l\250Z%\266\231\244\374"
 3899      19B6FA03 
 3899      FF6CA85A 
 3899      25B699A4 
 3899      FC
 3900 00b0 A2988BFB 		.ascii	"\242\230\213\373\357%\310\005Eq\373\232\013Sd3\255\007"
 3900      EF25C805 
 3900      4571FB9A 
 3900      0B536433 
 3900      AD07
 3901 00c2 B7CE15CB 		.ascii	"\267\316\025\313\012\224\372\003\323\014\005\213\330"
 3901      0A94FA03 
 3901      D30C058B 
 3901      D8
 3902 00cf 5859D56B 		.ascii	"XY\325k1T\322\024+\254\015\353\003[#q\331dV,VX\003\305"
 3902      3154D214 
 3902      2BAC0DEB 
 3902      035B2371 
 3902      D964562C 
 3903 00e7 BC8C839F 		.ascii	"\274\214\203\237Wp\006rh\006\220\374N\275\256\017u\227"
 3903      57700672 
 3903      680690FC 
 3903      4EBDAE0F 
 3903      7597
 3904 00f9 3C0ABE7B 		.ascii	"<\012\276{<'\357\323\012.\261\035H\250\006\330\217%"
 3904      3C27EFD3 
 3904      0A2EB11D 
 3904      48A806D8 
 3904      8F25
 3905 010b 61511CF8 		.ascii	"aQ\034\370r\366\026\222.\\\257\321u+C\006\034\204(\016"
 3905      72F61692 
 3905      2E5CAFD1 
 3905      752B4306 
 3905      1C84280E 
 3906 011f 02DA9D49 		.ascii	"\002\332\235I\304\373\036\014\342\372\234\002=A\256"
 3906      C4FB1E0C 
 3906      E2FA9C02 
 3906      3D41AE
 3907 012e E01C6AC7 		.ascii	"\340\034j\307\022\27168\311\010Y\010\364\230\201\354"
 3907      12B93638 
 3907      C9085908 
 3907      F49881EC 
 3908 013e BE91E070 		.ascii	"\276\221\340p'\350~\035(\362a\030\243\256\025%\022\333"
 3908      27E87E1D 
 3908      28F26118 
 3908      A3AE1525 
 3908      12DB
 3909 0150 1F610F07 		.ascii	"\037a\017\007\357\217\262e8\362\024;7\321\314\340(@"
 3909      EF8FB265 
 3909      38F2143B 
 3909      37D1CCE0 
 3909      2840
 3910 0162 1D50118C 		.ascii	"\035P\021\214\231p\227\231\341\034\240^\2040\243-5-"
 3910      99709799 
 3910      E11CA05E 
ARM GAS  C:\Users\acest\AppData\Local\Temp\cc8GEYkg.s 			page 144


 3910      8430A32D 
 3910      352D
 3911 0174 5B91750C 		.ascii	"[\221u\014\267J\243PYm\336\003\304\216#\306Ez\315\202"
 3911      B74AA350 
 3911      596DDE03 
 3911      C48E23C6 
 3911      457ACD82 
 3912 0188 4DC50CB5 		.ascii	"M\305\014\265nlo\231R\246\327c=&8\001\024\313\020\204"
 3912      6E6C6F99 
 3912      52A6D763 
 3912      3D263801 
 3912      14CB1084 
 3913 019c DF300793 		.ascii	"\3370\007\223\326<5\224\332Pa\361\261\332\231'r\364"
 3913      D63C3594 
 3913      DA5061F1 
 3913      B1DA9927 
 3913      72F4
 3914 01ae 537A98CB 		.ascii	"Sz\230\313\"\\\303KR\033\272Uf\206F\004\033(\032\303"
 3914      225CC34B 
 3914      521BBA55 
 3914      66864604 
 3914      1B281AC3 
 3915 01c2 04A1293A 		.ascii	"\004\241):\301\272\216\316\263\337=\225a\035f8\237\301"
 3915      C1BA8ECE 
 3915      B3DF3D95 
 3915      611D6638 
 3915      9FC1
 3916 01d4 A9D10C5F 		.ascii	"\251\321\014_^\360\014\202\247\303\202\315c\005\177"
 3916      5EF00C82 
 3916      A7C382CD 
 3916      63057F
 3917 01e3 7A9EE0B9 		.ascii	"z\236\340\271W\027lA\360|X\360BX\220\372!\303\245(\365"
 3917      57176C41 
 3917      F07C58F0 
 3917      425890FA 
 3917      21C3A528 
 3918 01f8 BE93374C 		.ascii	"\276\2237L\206\274,\270\277C\324\362\320\223\322P\273"
 3918      86BC2CB8 
 3918      BF43D4F2 
 3918      D093D250 
 3918      BB
 3919 0209 4C917635 		.ascii	"L\221v5^C\354\012b\346\250\334\266\217+\267\232+\230"
 3919      5E43EC0A 
 3919      62E6A8DC 
 3919      B68F2BB7 
 3919      9A2B98
 3920 021c DB1F08B6 		.ascii	"\333\037\010\266\206s\273*rC\016\235\234}\227L\365\372"
 3920      8673BB2A 
 3920      72430E9D 
 3920      9C7D974C 
 3920      F5FA
 3921 022e F0934D7A 		.ascii	"\360\223Mz\375`\314\243`\337\206\035\325\213\222\000"
 3921      FD60CCA3 
 3921      60DF861D 
 3921      D58B9200 
 3922 023e CFAE59C2 		.ascii	"\317\256Y\302A\3414\223i0\321`\246Aa\270\315B\337\301"
 3922      41E13493 
ARM GAS  C:\Users\acest\AppData\Local\Temp\cc8GEYkg.s 			page 145


 3922      6930D160 
 3922      A64161B8 
 3922      CD42DFC1 
 3923 0252 441CE458 		.ascii	"D\034\344X\200\032\210#,\036\340\020$\322\214\261M\234"
 3923      801A8823 
 3923      2C1EE010 
 3923      24D28CB1 
 3923      4D9C
 3924 0264 3E495D06 		.ascii	">I]\006\275\236\261B.\031/9\370r\007\364\256\2077K\001"
 3924      BD9EB142 
 3924      2E192F39 
 3924      F87207F4 
 3924      AE87374B 
 3925 0279 6BA4F9C0 		.ascii	"k\244\371\300\217\277\264\265\226\001\232 V:Z\255p\031"
 3925      8FBFB4B5 
 3925      96019A20 
 3925      563A5AAD 
 3925      7019
 3926 028b D85DF0D5 		.ascii	"\330]\360\325\355\211\015\360\211\241\017\327\"\374"
 3926      ED890DF0 
 3926      89A10FD7 
 3926      22FC
 3927 0299 C90509A7 		.ascii	"\311\005\011\247\225\\\024\267\233\262\264B;@\233X\234"
 3927      955C14B7 
 3927      9BB2B442 
 3927      3B409B58 
 3927      9C
 3928 02aa 8D0A960A 		.ascii	"\215\012\226\012>\001\256A9\027\256\206\020\031\256"
 3928      3E01AE41 
 3928      3917AE86 
 3928      1019AE
 3929 02b9 2302CC90 		.ascii	"#\002\314\220\360\365\2154\354\314/!y\374tPA\310>\272"
 3929      F0F58D34 
 3929      ECCC2F21 
 3929      79FC7450 
 3929      41C83EBA 
 3930 02cd 99249E8F 		.ascii	"\231$\236\217\035\"\247\356\315\177m\333\002\350\270"
 3930      1D22A7EE 
 3930      CD7F6DDB 
 3930      02E8B8
 3931 02dc 0007DAAC 		.ascii	"\000\007\332\254\"\355\201\037v\037\350\277\372\032"
 3931      22ED811F 
 3931      761FE8BF 
 3931      FA1A
 3932 02ea 3A29E02B 		.ascii	":)\340+\375\245@\270/\031\375\245$M0[\320~.?\320Q\016"
 3932      FDA540B8 
 3932      2F19FDA5 
 3932      244D305B 
 3932      D07E2E3F 
 3933 0301 68B3A01D 		.ascii	"h\263\240\035\356\260\302\237\300\356\201o:\231^B\267"
 3933      EEB0C29F 
 3933      C0EE816F 
 3933      3A995E42 
 3933      B7
 3934 0312 D2B44A9E 		.ascii	"\322\264J\236\217\231\305\340T\246[\264\023\030>\341"
 3934      8F99C5E0 
 3934      54A65BB4 
ARM GAS  C:\Users\acest\AppData\Local\Temp\cc8GEYkg.s 			page 146


 3934      13183EE1 
 3935 0322 064087A8 		.ascii	"\006@\207\250e\332^\261>Q,\3364T\372v\355\276\334oa"
 3935      65DA5EB1 
 3935      3E512CDE 
 3935      3454FA76 
 3935      EDBEDC6F 
 3936 0337 D44B8ADB 		.ascii	"\324K\212\333\337\275\371~\333\014\2410\3306Y #\276"
 3936      DFBDF97E 
 3936      DB0CA130 
 3936      D8365920 
 3936      23BE
 3937 0349 6093956C 		.ascii	"`\223\225l%\367n\307\0058\204\334\223\3010\314\360\203"
 3937      25F76EC7 
 3937      053884DC 
 3937      93C130CC 
 3937      F083
 3938 035b 6C856E60 		.ascii	"l\205n`!{$\350A{$T\272\0139[\012f\0058\355\014\360X"
 3938      217B24E8 
 3938      417B2454 
 3938      BA0B395B 
 3938      0A660538 
 3939 0373 A3B43A9C 		.ascii	"\243\264:\234\306\011\231\342\236$v\033r{OLA\204\302"
 3939      C60999E2 
 3939      9E24761B 
 3939      727B4F4C 
 3939      4184C2
 3940 0386 4AE216A2 		.ascii	"J\342\026\242\366\362\265\030K\012\267ws\317\333\006"
 3940      F6F2B518 
 3940      4B0AB777 
 3940      73CFDB06 
 3941 0396 3323C0E3 		.ascii	"3#\300\343\211\311\303L\271L\277\347\2030\263\244\347"
 3941      89C9C34C 
 3941      B94CBFE7 
 3941      8330B3A4 
 3941      E7
 3942 03a7 FD90E1DB 		.ascii	"\375\220\341\333\266\243\341\347\014\313v\266\227\030"
 3942      B6A3E1E7 
 3942      0CCB76B6 
 3942      9718
 3943 03b5 457605B7 		.ascii	"Ev\005\267\033%\036i\027+\323\303C\327\345\251\241\226"
 3943      1B251E69 
 3943      172BD3C3 
 3943      43D7E5A9 
 3943      A196
 3944 03c7 3CA6969C 		.ascii	"<\246\226\23476\026\017\204[\322\022j\011\213n\311\205"
 3944      3736160F 
 3944      845BD212 
 3944      6A098B6E 
 3944      C985
 3945 03d9 484B2E46 		.ascii	"HK.F\267$d\376\035\321\206h\307\375\003\350xK\310\361"
 3945      B72464FE 
 3945      1DD18668 
 3945      C7FD03E8 
 3945      784BC8F1 
 3946 03ed 91866053 		.ascii	"\221\206`S\014\371K\205\230n=)\034a\341B\312\261d\264"
 3946      0CF94B85 
 3946      986E3D29 
ARM GAS  C:\Users\acest\AppData\Local\Temp\cc8GEYkg.s 			page 147


 3946      1C61E142 
 3946      CAB164B4 
 3947 0401 7DDB9E37 		.ascii	"}\333\2367F\235\356\215\215X\0359\236q\3607\272\215"
 3947      469DEE8D 
 3947      8D581D39 
 3947      9E71F037 
 3947      BA8D
 3948 0413 E793DE2B 		.ascii	"\347\223\336+\343\311\304\273\010\240\254\3418\026\217"
 3948      E3C9C4BB 
 3948      08A0ACE1 
 3948      38168F
 3949 0422 91FA206F 		.ascii	"\221\372 o\327\334\000\376n\322\201\217\337\301\025"
 3949      D7DC00FE 
 3949      6ED2818F 
 3949      DFC115
 3950 0431 C6A89A04 		.ascii	"\306\250\232\004\230\200\206V\360I\344n;\271+\021\234"
 3950      98808656 
 3950      F049E46E 
 3950      3BB92B11 
 3950      9C
 3951 0442 1876D7BC 		.ascii	"\030v\327\274w\335\343\344pN\301\261\346\236zUsO?c\356"
 3951      77DDE3E4 
 3951      704EC1B1 
 3951      E69E7A55 
 3951      734F3F63 
 3952 0457 19E15594 		.ascii	"\031\341U\224\261\315\021c\317\216\337\3303\243\306"
 3952      B1CD1163 
 3952      CF8EDFD8 
 3952      33A3C6
 3953 0466 FAAB22C6 		.ascii	"\372\253\"\306*\265\017\374\327\"\306\0364\214\255\273"
 3953      2AB50FFC 
 3953      D722C61E 
 3953      348CADBB 
 3954 0476 1D1FE0FC 		.ascii	"\035\037\340\374E\247\370A\364)\3760\300\023\221?\346"
 3954      45A7F841 
 3954      F429FE30 
 3954      C013913F 
 3954      E6
 3955 0487 14278AF0 		.ascii	"\024'\212\360\226C\030~\364\250\372\322\230XR\214\354"
 3955      9643187E 
 3955      F4A8FAD2 
 3955      9858528C 
 3955      EC
 3956 0498 7B8C5B49 		.ascii	"{\214[I\\>\223\003\\\376?9\361\017\301`X\313WZ0\"\005"
 3956      5C3E9303 
 3956      5CFE3F39 
 3956      F10FC160 
 3956      58CB575A 
 3957 04af B8896208 		.ascii	"\270\211b\010\345n|3\343^\304h\271o\035<7\312C#\012"
 3957      E56E7C33 
 3957      E35EC468 
 3957      B96F1D3C 
 3957      37CA4323 
 3958 04c4 F28D36F4 		.ascii	"\362\2156\364$E\267\353\370\253\266\253\341\231v5>\335"
 3958      2445B7EB 
 3958      F8ABB6AB 
 3958      E1997635 
ARM GAS  C:\Users\acest\AppData\Local\Temp\cc8GEYkg.s 			page 148


 3958      3EDD
 3959 04d6 AEA648BB 		.ascii	"\256\246H\273N\216\277]\215\241v\015\373\252\027\211"
 3959      4E8EBF5D 
 3959      8DA1760D 
 3959      FBAA1789 
 3960 04e6 6EFD0B0A 		.ascii	"n\375\013\012^\005\322\306`\023\026\235\250\034\255"
 3960      5E05D2C6 
 3960      6013169D 
 3960      A81CAD
 3961 04f5 6AE2E8B0 		.ascii	"j\342\350\2605r\327\367\223\303\001na\304\265@/\310"
 3961      3572D7F7 
 3961      93C3016E 
 3961      61C4B540 
 3961      2FC8
 3962 0507 E783F99B 		.ascii	"\347\203\371\233\304\335\333\013\346-Uh\224b\331X\235"
 3962      C4DDDB0B 
 3962      E62D5568 
 3962      9462D958 
 3962      9D
 3963 0518 1F8BBF17 		.ascii	"\037\213\277\027`l\363\325\323Q\236\271p\201\375K\315"
 3963      606CF3D5 
 3963      D3519EB9 
 3963      7081FD4B 
 3963      CD
 3964 0529 A96AF674 		.ascii	"\251j\366t\207S\363\332?vj\337z=Y\366\305\266\217l\013"
 3964      8753F3DA 
 3964      3F766ADF 
 3964      7A3D59F6 
 3964      C5B68F6C 
 3965 053e 6D9FD855 		.ascii	"m\237\330U\204\227f\251\236o\234\016/\373\300fK\211"
 3965      849766A9 
 3965      9E6F9C0E 
 3965      2FFBC066 
 3965      4B89
 3966 0550 FE5BB8CC 		.ascii	"\376[\270\314\225\341Z\342\315\316tyR\0344\367hsRSS"
 3966      95E15AE2 
 3966      CDCE7479 
 3966      521C34F7 
 3966      68735253 
 3967 0565 533C5A8A 		.ascii	"S<Z\212\352M\321T\007\242\316\225\316\025^\315\346`"
 3967      EA4DD154 
 3967      07A2CE95 
 3967      CE155ECD 
 3967      E660
 3968 0577 6663F67A 		.ascii	"fc\366z\004\262\315\311L\237?\377\253y\016\246x]n\247"
 3968      04B2CDC9 
 3968      4C9F3FFF 
 3968      AB790EA6 
 3968      785D6EA7 
 3969 058b 27DB0B6E 		.ascii	"'\333\013n\263#[U\275Y\251\216\005v\021Q\023\321\355"
 3969      B3235B55 
 3969      BD59A98E 
 3969      05761151 
 3969      13D1ED
 3970 059e 51D1ED1E 		.ascii	"Q\321\355\036\315\256z\355\256\025\216\345\331\231N"
 3970      CDAE7AED 
 3970      AE158EE5 
ARM GAS  C:\Users\acest\AppData\Local\Temp\cc8GEYkg.s 			page 149


 3970      D9994E
 3971 05ad 5CD1566B 		.ascii	"\\\321Vk\266eL\311H\327\234_\250\256\317^\274\323\341"
 3971      B6654CC9 
 3971      48D79C5F 
 3971      A8AECF5E 
 3971      BCD3E1
 3972 05c0 71BB3D2B 		.ascii	"q\273=+\354\316U^{\272\352\266;\334\232\213@\325\031"
 3972      ECCE555E 
 3972      7BBAEAB6 
 3972      3BDC9A8B 
 3972      40D519
 3973 05d3 0948D0D2 		.ascii	"\011H\320\322\257\035\016\014\2326\256`Y\036\325\253"
 3973      AF1D0E0C 
 3973      9A36AE60 
 3973      591ED5AB 
 3974 05e3 51B895EF 		.ascii	"Q\270\225\357\315r\317J_\356E\036\205\304\000\363^\242"
 3974      CD72CF4A 
 3974      5FEE451E 
 3974      85C400F3 
 3974      5EA2
 3975 05f5 0EEF32D5 		.ascii	"\016\3572\325\231\236I\265$|\276dq2\325\223\245\272"
 3975      999E49B5 
 3975      247CBE64 
 3975      7132D593 
 3975      A5BA
 3976 0607 6626CF98 		.ascii	"f&\317\230\315$\225)n\247\333\243\256f\377\001\342\007"
 3976      CD249529 
 3976      6EA7DBA3 
 3976      AE66FF01 
 3976      E207
 3977 0619 FFC5     		.ascii	"\377\305"
 3978              		.text
 3979              		.section	.gnu.lto_chEvtWaitAllTimeout.353.b3bfce6d,"e",%progbits
 3980 0000 789C9D95 		.ascii	"x\234\235\225mPTU\030\307\317s\317\335\273l\013\012"
 3980      6D505455 
 3980      18C7CF73 
 3980      CFDDBB6C 
 3980      0B0A
 3981 0012 95D6E887 		.ascii	"\225\326\350\207\320\031\2467]D\323\032\247\0176\226"
 3981      D019A637 
 3981      5D44D31A 
 3981      A70F3696 
 3982 0022 D3879A69 		.ascii	"\323\207\232it\372\2663\016.[l\271.\335\2738\372\311"
 3982      74FAB633 
 3982      0E2E5B6C 
 3982      B92EDDBB 
 3982      38FAC9
 3983 0035 DB22D068 		.ascii	"\333\"\320h\223\262\246\222 \326\006&35f\250a\260\262"
 3983      93B2A692 
 3983      20D60626 
 3983      333566A8 
 3983      61B0B2
 3984 0048 8622C68B 		.ascii	"\206\"\306\213J\276\262*B:\2405H\240\2716`=\317\271"
 3984      4ABEB22A 
 3984      423AA035 
 3984      48A0B936 
 3984      603DCFB9 
ARM GAS  C:\Users\acest\AppData\Local\Temp\cc8GEYkg.s 			page 150


 3985 005c CBEEA2D9 		.ascii	"\313\356\242\331\2403\314\331s\376\3479\317\313\357"
 3985      A033CCD9 
 3985      73FEE739 
 3985      CFCBEF
 3986 006b 3CF77031 		.ascii	"<\367p1\211\261\357\201\261u\2141\2600\360\227\254\223"
 3986      89B1EF81 
 3986      B1758C31 
 3986      B030F097 
 3986      AC93
 3987 007d 98AEEB0B 		.ascii	"\230\256\353\013\314\222TP\262^\202 |~\241\342\005\271"
 3987      CC925450 
 3987      B25E8220 
 3987      7C7EA1E2 
 3987      05B9
 3988 008f B864C21F 		.ascii	"\270d\302\037_wO\222\271\264\266\304Z|9\234.\027\226"
 3988      5F774F92 
 3988      B9B4B6C4 
 3988      5A7C399C 
 3988      2E1796
 3989 00a2 4CB8B3A3 		.ascii	"L\270\263\243\362\031Y\206R\177\340\317p\315*q\312$"
 3989      F2195986 
 3989      527FE0CF 
 3989      70CD2A71 
 3989      CA24
 3990 00b4 1595584F 		.ascii	"\025\225XO\356\275\221J'v\267l\314\224\025\332\337\323"
 3990      EEBD914A 
 3990      2776B76C 
 3990      CC9415DA 
 3990      DFD3
 3991 00c6 37476C9B 		.ascii	"7Gl\233\205q\177M\256X%\301\307\261p\300\326H\\6)(\256"
 3991      85717F4D 
 3991      AE5825C1 
 3991      C7B170C0 
 3991      D6485C36 
 3992 00dd 814DBC9C 		.ascii	"\201M\274\234\203\237Wr\006rt\006\220\376|H\327#W\267"
 3992      839F5772 
 3992      06727406 
 3992      90FE7C48 
 3992      D72357B7 
 3993 00f1 B6D6BC74 		.ascii	"\266\326\274t\250\240\360\315J.\261\0124\330\007\260"
 3993      A8A0F0CD 
 3993      4A2EB10A 
 3993      34D807B0 
 3994 0101 170B600C 		.ascii	"\027\013`\014\015\371r\366,\032\235\270X\253\353\026"
 3994      0DF972F6 
 3994      2C1A9DB8 
 3994      58ABEB16 
 3995 0111 8616F023 		.ascii	"\206\026\360#$\330\240\240\355I#\273O\3000\\_P\254\247"
 3995      24D8A0A0 
 3995      ED4923BB 
 3995      4FC0305C 
 3995      5F50ACA7 
 3996 0125 CA959CC3 		.ascii	"\312\225\234\303\201\261\206\\;\230f\270\334\010\364"
 3996      81B1865C 
 3996      3B9866B8 
 3996      DC08F4
 3997 0134 9381D603 		.ascii	"\223\201\326\003m57/\203\356\327\241\222\313P\007c\242"
ARM GAS  C:\Users\acest\AppData\Local\Temp\cc8GEYkg.s 			page 151


 3997      6D35372F 
 3997      83EED7A1 
 3997      92CB5007 
 3997      63A2
 3998 0146 6B2D690A 		.ascii	"k-i\012\203z\240\234\0303\341\021\205\341\034\340\240"
 3998      837AA09C 
 3998      1833E111 
 3998      85E11CE0 
 3998      A0
 3999 0157 38AF6091 		.ascii	"8\257`\221\265\177}\201&A<'\215J\345\273\013o\241\326"
 3999      B57F7D81 
 3999      26413C27 
 3999      8D4AE5BB 
 3999      0B6FA1D6 
 4000 016b 801A17D1 		.ascii	"\200\032\027\321\216\011k\312-\322\361Y\370\370\224"
 4000      8E096BCA 
 4000      2DD2F159 
 4000      F8F894
 4001 017a 723D84E9 		.ascii	"r=\204\351\231\340\020\220/#\032\374\214\011\230\264"
 4001      99E01090 
 4001      2F231AFC 
 4001      8C0998B4 
 4002 018a 96A9D1BC 		.ascii	"\226\251\321\274\"\303\376\206\0033\032\013\364f=f\313"
 4002      22C3FE86 
 4002      03331A0B 
 4002      F4663D66 
 4002      CB
 4003 019b E2B6061A 		.ascii	"\342\266\006\032\212\026\271R\256@#\212!\362\3060A8"
 4003      8A16B952 
 4003      AE40238A 
 4003      21F2C630 
 4003      4138
 4004 01ad 9C98607D 		.ascii	"\234\230`}\327p\373G\367dX\217\031\316c\3204\232\341"
 4004      D770FB47 
 4004      F764588F 
 4004      19CE63D0 
 4004      349AE1
 4005 01c0 C3076C46 		.ascii	"\303\007lF\361h,\340\261\261\001\373\036\024\260\345"
 4005      F1682CE0 
 4005      B1B101FB 
 4005      1E14B0E5 
 4006 01d0 D103B6A1 		.ascii	"\321\003\266\241\330\032\013\330\036\013H\367!\303\211"
 4006      D81A0BD8 
 4006      1E0B48F7 
 4006      21C389
 4007 01df 84E87BDB 		.ascii	"\204\350{\333\273MFxY\330\236\204\204\355H\357\350u"
 4007      BB4D4678 
 4007      59D89E84 
 4007      84ED48EF 
 4007      E875
 4008 01f1 99E2D775 		.ascii	"\231\342\327u\344\002j\277\242\246$\344V6\256\334jO"
 4008      E4026ABF 
 4008      A2A624E4 
 4008      5636AEDC 
 4008      6A4F
 4009 0203 636EA751 		.ascii	"cn\247Q<\025\313\355\214\310\215lvw\230B\372\360?\033"
 4009      3C15CBED 
ARM GAS  C:\Users\acest\AppData\Local\Temp\cc8GEYkg.s 			page 152


 4009      8CC88D6C 
 4009      76779842 
 4009      FAF03F1B 
 4010 0217 F4D06D6B 		.ascii	"\364\320mkk\315\300\247w\203\213&\001\366\241\"\321"
 4010      6BCDC0A7 
 4010      77838B26 
 4010      01F6A122 
 4010      D1
 4011 0228 C07130CB 		.ascii	"\300q0\31343\321\240\320`\246v\266\342 '\003\324B\012"
 4011      3433D1A0 
 4011      D060A676 
 4011      B6E22027 
 4011      03D4420A 
 4012 023c C04FE868 		.ascii	"\300O\350h\003\247\317I\227A\0171\266\221K\306\242\000"
 4012      03A7CF49 
 4012      97410F31 
 4012      B6914BC6 
 4012      A200
 4013 024e 17D741EF 		.ascii	"\027\327A\357)\353-\005\254\210\346C#\337u\236)\007"
 4013      29EB2D05 
 4013      AC88E643 
 4013      23DF759E 
 4013      2907
 4014 0260 2C59EC74 		.ascii	",Y\354t\235\261@\007\260~\360\325W\247\004\2705\372"
 4014      9DB14007 
 4014      B07EF0D5 
 4014      57A704B8 
 4014      35FA
 4015 0272 D525091A 		.ascii	"\325%\011\032kA\302\351..J\331IiY\340<\3009\2619\013"
 4015      6B41C2E9 
 4015      2E2E4AD9 
 4015      496959E0 
 4015      3CC039B1 
 4016 0288 232455F2 		.ascii	"#$U\362\307\240\023\266s\3010\252\310\020F\005\230\021"
 4016      C7A013B6 
 4016      73C130AA 
 4016      C8104605 
 4016      9811
 4017 029a C23730D2 		.ascii	"\30270\322q\240h+\205\307\257\004#\210\260;z\237\026"
 4017      71A0682B 
 4017      85C7AF04 
 4017      2388B03B 
 4017      7A9F16
 4018 02ad C904375F 		.ascii	"\311\0047_\332\266\005\020\254P\207:-\"\337\241;U\373"
 4018      DAB60510 
 4018      AC50873A 
 4018      2D22DFA1 
 4018      3B55FB
 4019 02c0 07CF3D81 		.ascii	"\007\317=\201\300\204|z\260\024H\367\245#F\312\316\004"
 4019      C0847C7A 
 4019      B01448F7 
 4019      A52346CA 
 4019      CE04
 4020 02d2 B38459D5 		.ascii	"\263\204Y\325\366\375]\333\001i\012\263\272.\013\234"
 4020      F6FD5DDB 
 4020      01690AB3 
 4020      BA2E0B9C 
ARM GAS  C:\Users\acest\AppData\Local\Temp\cc8GEYkg.s 			page 153


 4021 02e2 0576037C 		.ascii	"\005v\003|\323\211\355fzK\246\355\344E\230\022\225%"
 4021      D389ED66 
 4021      7A4BA6ED 
 4021      E4459812 
 4021      9525
 4022 02f4 D34B7709 		.ascii	"\323Kw\011\030\376B\027\300EQ\304\264j\261\237,6\273"
 4022      18FE4217 
 4022      C04551C4 
 4022      B46AB19F 
 4022      2C36BB
 4023 0307 8D280391 		.ascii	"\215(\003\221\252S\203I\214\256\214\374\016\0067\337"
 4023      AA538349 
 4023      8CAE8CFC 
 4023      0E0637DF 
 4024 0317 ECCC1011 		.ascii	"\354\314\020\021nwN\026\312\210\257\256\311B<\005\266"
 4024      6E774E16 
 4024      CA88AFAE 
 4024      C9423C05 
 4024      B6
 4025 0328 89010E51 		.ascii	"\211\001\016Ql2\030\244\014\020\304\023~\003\026\345"
 4025      6C3218A4 
 4025      0C10C413 
 4025      7E0316E5 
 4026 0338 22C115E4 		.ascii	"\"\301\025\344\"a\244~(\330R\334\306\003\\\302\243\001"
 4026      2261A47E 
 4026      28D852DC 
 4026      C6035CC2 
 4026      A301
 4027 034a 9ECCAEC1 		.ascii	"\236\314\256\301\332k\215S\304:\231\036\025\274A\376"
 4027      DA6B8D53 
 4027      C43A991E 
 4027      15BC41FE 
 4028 035a 55F7AD93 		.ascii	"U\367\255\223R\354\006kz\237#\253\276\306e\001\236B"
 4028      52EC066B 
 4028      7A9F23AB 
 4028      BEC66501 
 4028      9E42
 4029 036c A1B8787D 		.ascii	"\241\270x}\310R\256\250\356\372\026b\226\373z_\211\242"
 4029      C852AEA8 
 4029      EEFA1662 
 4029      96FB7A5F 
 4029      89A2
 4030 037e DD568668 		.ascii	"\335V\206h[\0148;\302[\215rz\366\224\031\305\004\303"
 4030      5B0C383B 
 4030      C25B8D72 
 4030      7AF69419 
 4030      C504C3
 4031 0391 62677A6C 		.ascii	"bgzl\350955\012\377.\301o5\016n\032\212\301o\213\302"
 4031      E8393535 
 4031      0AFF2EC1 
 4031      6F350E6E 
 4031      1A8AC16F 
 4032 03a7 6789F0DB 		.ascii	"g\211\360\333\343\360\217'\302\217b\356\025\300\023"
 4032      E3F08F27 
 4032      C28F62EE 
 4032      15C013
 4033 03b6 D9FA8790 		.ascii	"\331\372\207\220m[\224\355\310\017uMV\"I\205\230|\265"
ARM GAS  C:\Users\acest\AppData\Local\Temp\cc8GEYkg.s 			page 154


 4033      6D5B94ED 
 4033      C80F754D 
 4033      56224985 
 4033      987CB5
 4034 03c9 5BAAE285 		.ascii	"[\252\342\205\324a\311\010x[\365S\243L\373R\342P\343"
 4034      D461C908 
 4034      785BF553 
 4034      A34CFB52 
 4034      E250E3
 4035 03dc 1D3801AE 		.ascii	"\0358\001\256#WlAZ\357\232H\240\177G\001\303\022MQ*"
 4035      23576C41 
 4035      5AEF9A48 
 4035      A07F4701 
 4035      C3124D51 
 4036 03f1 7A1A80C2 		.ascii	"z\032\200\302/\347\0048\027==\261\202\233\031\243jR"
 4036      2FE70438 
 4036      173D3DB1 
 4036      829B19A3 
 4036      6A52
 4037 0403 C18A402B 		.ascii	"\301\212@+y\032\321\015\023]N\362\3431\272J\267\377"
 4037      791AD10D 
 4037      135D4EF2 
 4037      E331BA4A 
 4037      B7FF
 4038 0415 C88BB19C 		.ascii	"\310\213\261\234\032\306\302mzT\270G\357\203\333,X%"
 4038      1AC6C26D 
 4038      7A54B847 
 4038      EF83DB2C 
 4038      5825
 4039 0427 803D1607 		.ascii	"\200=\026\007\373\313\370\3016\217\202\365\005\343`"
 4039      FBCBF8C1 
 4039      368F82F5 
 4039      05E360
 4040 0436 CDBEC3E1 		.ascii	"\315\276\303\341o\342\275t\026?>\321\271\223\003\\\376"
 4040      6FE2BD74 
 4040      163F3ED1 
 4040      B993035C 
 4040      FE
 4041 0447 AF7E15FF 		.ascii	"\257~\025\377A\007c\315\352+-\036\301\3164\021N\321"
 4041      410763CD 
 4041      EA2B2D1E 
 4041      C1CE3411 
 4041      4ED1
 4042 0459 BA5771A5 		.ascii	"\272Wq\245\340Y\324h{`\035<\320\313M\303\013\332\213"
 4042      E059D468 
 4042      7B601D3C 
 4042      D0CB4DC3 
 4042      0BDA8B
 4043 046c D0E763DF 		.ascii	"\320\347c\337\275\340\327\360\250\374B\367\361k\274"
 4043      BDE0D7F0 
 4043      A8FC42F7 
 4043      F16BBC
 4044 047b 97DFE138 		.ascii	"\227\337\3418\277#\343\347\327\030\3457\334\023\\4\212"
 4044      BF23E3E7 
 4044      D718E537 
 4044      DC135C34 
 4044      8A
ARM GAS  C:\Users\acest\AppData\Local\Temp\cc8GEYkg.s 			page 155


 4045 048c 2F29FE98 		.ascii	"/)\376\230\016\202o\001\026\203\315\303\376\0063u\212"
 4045      0E826F01 
 4045      1683CDC3 
 4045      FE063375 
 4045      8A
 4046 049d 847E0ED6 		.ascii	"\204~\016\326\025m\020\017\\\004\224\242 \222I6\367"
 4046      156D100F 
 4046      5C0494A2 
 4046      20924936 
 4046      F7
 4047 04ae 078B52F0 		.ascii	"\007\213R\360Q\006\343\250/D\3154c\341|\373\273\232"
 4047      5106E3A8 
 4047      2F44CD34 
 4047      63E17CFB 
 4047      BB9A
 4048 04c0 53D5ECD9 		.ascii	"S\325\354\331\016\247\346\265\277\356\324>\364z\362"
 4048      0EA7E6B5 
 4048      BFEED43E 
 4048      F47AF2
 4049 04cf EC8B6DAF 		.ascii	"\354\213m\257\331\026\332\336\260\253(/\315S=\0378\035"
 4049      D916DADE 
 4049      B0AB282F 
 4049      CD533D1F 
 4049      381D
 4050 04e1 5EF6AACD 		.ascii	"^\366\252\315\226\231\370\2670\327\265\314\265\304\233"
 4050      9699F8B7 
 4050      30D7B5CC 
 4050      B5C49B
 4051 04f0 9FE3F264 		.ascii	"\237\343\362d:h\356\321fgeeez\264L\325\233\251\251\016"
 4051      3A68EED1 
 4051      66676565 
 4051      657AB44C 
 4051      D59BA9A9 
 4052 0505 549D2B9D 		.ascii	"T\235+\235+\274\232\315\301\024c\366d\\\262\315\316"
 4052      2BBC9ACD 
 4052      C11463F6 
 4052      645CB2CD 
 4052      CE
 4053 0516 C99E37EF 		.ascii	"\311\2367\357\275\271\016f\366\272\334NO\276Wq\344\253"
 4053      BDB90E66 
 4053      F6BADC4E 
 4053      4FBE5771 
 4053      E4AB
 4054 0528 AA372FCB 		.ascii	"\2527/\3131\337.\374i\302\267=\301\267\335\243\331U"
 4054      31DF2EFC 
 4054      69C2B73D 
 4054      C1B7DDA3 
 4054      D955
 4055 053a AFDDB5C2 		.ascii	"\257\335\265\302\261<?\307\211;\332j\315\226\313\314"
 4055      B13C3FC7 
 4055      893BDA6A 
 4055      CD96CBCC 
 4056 054a CBB235E7 		.ascii	"\313\2625\347;\252\353\255\377?\351\360\270\335\236"
 4056      3BAAEBAD 
 4056      FF3FE9F0 
 4056      B8DD9E
 4057 0559 1576E72A 		.ascii	"\025v\347*\257=[u\333\035n\315E\242\352\214;$i\351\373"
ARM GAS  C:\Users\acest\AppData\Local\Temp\cc8GEYkg.s 			page 156


 4057      AF3D5B75 
 4057      DB1D6ECD 
 4057      45A2EA8C 
 4057      3B2469E9 
 4058 056e 0E073A5D 		.ascii	"\016\007:]0.gy\036\325\253\221\273\225/\317t\317\314"
 4058      302E6779 
 4058      1ED5AB91 
 4058      BB952FCF 
 4058      74CFCC
 4059 0581 5EEE453B 		.ascii	"^\356E;r\211\016\346>D\035\336\\\325\231\235C\265\244"
 4059      72890EE6 
 4059      3E441DDE 
 4059      5CD5999D 
 4059      43B5A4
 4060 0594 BEBD6471 		.ascii	"\276\275dq:\325\223\247\272f\244g\314b\222\312\314n"
 4060      3AD593A7 
 4060      BA66A467 
 4060      CC6292CA 
 4060      CC6E
 4061 05a6 A7DBA3AE 		.ascii	"\247\333\243\256f\377\002\212c\272="
 4061      66FF028A 
 4061      63BA3D
 4062              		.text
 4063              		.section	.gnu.lto_.symbol_nodes.b3bfce6d,"e",%progbits
 4064 0000 789C75D2 		.ascii	"x\234u\322\273J\003\001\020\005\320\231;\033cv\223\315"
 4064      BB4A0301 
 4064      1005D099 
 4064      3B1B6376 
 4064      93CD
 4065 0012 7B53EA07 		.ascii	"{S\352\007X\213\1777QSX\246\211\275\242 6V\202\0106"
 4065      588B7F37 
 4065      515358A6 
 4065      89BDA220 
 4065      36568208 
 4066 0027 21482A8D 		.ascii	"!H*\215\306w|'\205(\250u@\326\254.\244\331\231j\340"
 4066      C6777C27 
 4066      8528A875 
 4066      40D6AC2E 
 4066      A4D9996A 
 4067 003c DC5BCD2C 		.ascii	"\334[\315,\010\021\341\024J\365\3118\334<!R\242\303"
 4067      0811E114 
 4067      4AF5C938 
 4067      DC3C2152 
 4067      A2C3
 4068 004e FA321353 		.ascii	"\3722\023S4\251!h>\012\365\240l\205p\006\305\356\340"
 4068      34A92168 
 4068      3E0AF5A0 
 4068      6C857006 
 4068      C5EEE0
 4069 0061 7531C9CE 		.ascii	"u1\311\316\241b\026\373P\307\304\013h\312\304K\350\214"
 4069      A16216FB 
 4069      50C7C40B 
 4069      68CAC44B 
 4069      E88C
 4070 0073 8957D0B4 		.ascii	"\211W\320\264\211\327\320\331p2\222\2047\320\214\331"
 4070      89D7D0D9 
 4070      70329284 
ARM GAS  C:\Users\acest\AppData\Local\Temp\cc8GEYkg.s 			page 157


 4070      37D08CD9 
 4071 0083 BC85BADF 		.ascii	"\274\205\272\337\343\235\245$\273\203zfq\000\315Z\305"
 4071      E39DA524 
 4071      BB837A66 
 4071      7100CD5A 
 4071      C5
 4072 0094 7B68CE2C 		.ascii	"{h\316,>@}\023\037\241y\023\237\240\005\023\237\241"
 4072      3E407D13 
 4072      1FA17913 
 4072      9FA00513 
 4072      9FA1
 4073 00a6 45135FA0 		.ascii	"E\023_\240%\013\371\015Z\016\343\231\373\013P\364;\221"
 4073      250BF90D 
 4073      5A0EE399 
 4073      FB0B50F4 
 4073      3B91
 4074 00b8 F23BB462 		.ascii	"\362;\264b\331'\264j\331\02740L2\225\343Vk\215\271\343"
 4074      D927B46A 
 4074      D9173430 
 4074      4C3295E3 
 4074      566B8DB9 
 4075 00cd 891B1F66 		.ascii	"\211\033\037f\323\025\267\372\277\216\\\3612\375\243"
 4075      D315B7FA 
 4075      BF8E5CF1 
 4075      32FDA3
 4076 00dc D53D70DB 		.ascii	"\325=p\333\223l|\200vZ\262q\240\341:\271n\373c\310\274"
 4076      936C7C80 
 4076      765AB271 
 4076      A0E13AB9 
 4076      6EFB63C8 
 4077 00f1 EF8B1FF4 		.ascii	"\357\213\037\364&G`n\344%?]\013A7\334\0303o\371R\254"
 4077      2647606E 
 4077      E4253F5D 
 4077      0B4137DC 
 4077      18336FF9 
 4078 0107 8DC2E60F 		.ascii	"\215\302\346\017q\247&\245\351Z\256\255\034\254o3\217"
 4078      71A726A5 
 4078      E95AAEAD 
 4078      1CAC6F33 
 4078      8F
 4079 0118 02FA0548 		.ascii	"\002\372\005HM\354<"
 4079      4DEC3C
 4080              		.text
 4081              		.section	.gnu.lto_.refs.b3bfce6d,"e",%progbits
 4082 0000 789C1DC8 		.ascii	"x\234\035\310\311\011\000 \000\003\301\215\250Ool\310"
 4082      C9090020 
 4082      0003C18D 
 4082      A84F6F6C 
 4082      C8
 4083 0011 FE7B5203 		.ascii	"\376{R\003\313\020r\000\275\"\012h{\274\022Z(\243\201"
 4083      CB107200 
 4083      BD220A68 
 4083      7BBC125A 
 4083      28A381
 4084 0024 8A9F6A9B 		.ascii	"\212\237j\233\355v\330\371\345\002/{\001*"
 4084      ED76D8F9 
 4084      E5022F7B 
ARM GAS  C:\Users\acest\AppData\Local\Temp\cc8GEYkg.s 			page 158


 4084      012A
 4085              		.text
 4086              		.section	.gnu.lto_.decls.b3bfce6d,"e",%progbits
 4087 0000 789CBD5A 		.ascii	"x\234\275ZyT\224W\226\377\356{\037UE\311b\004\223t\333"
 4087      79549457 
 4087      96FFEE7B 
 4087      1F5545C9 
 4087      62049374 
 4088 0015 93F1F4D8 		.ascii	"\223\361\364\330'\3669\035\267\244\355e\346\2341\235"
 4088      27F6391D 
 4088      B7A4ED65 
 4088      E69C319D 
 4089 0025 4ED2493A 		.ascii	"N\322I:\231L\354\234^\216s\030\254\252\010\035\240\350"
 4089      994CEC9C 
 4089      5E8E7318 
 4089      ACAA081D 
 4089      A0E8
 4090 0037 AAC2E58F 		.ascii	"\252\302\345\2179S\270\201\301\0051\250\010*\021wEq"
 4090      3953B881 
 4090      C10531A8 
 4090      082A1177 
 4090      4571
 4091 0049 89A22822 		.ascii	"\211\242(\"\270 \212\212\012J\224EQD\\@E\202\2422\367"
 4091      B8208A8A 
 4091      0A4A9445 
 4091      51445C40 
 4091      4582A232 
 4092 005e BDF76DB5 		.ascii	"\275\367m\265\220\264\3519)\275\365-\365\273\367\376"
 4092      90B4E939 
 4092      29BDF52D 
 4092      F5BBF7FE 
 4093 006e EE7DF72D 		.ascii	"\356}\367-\337\373x2\\\222\242C%\311b\225\244>\374D"
 4093      DFFB7832 
 4093      5C92A243 
 4093      25C96295 
 4093      A43EFC44 
 4094 0082 4B925483 		.ascii	"K\222T\203\202\227\322\005\224\203(\245(?B\271\204\322"
 4094      8297D205 
 4094      948328A5 
 4094      283F42B9 
 4094      84D2
 4095 0094 88721565 		.ascii	"\210r\025e\021H\322r\224l\024\366y\001e\003\236oB)B"
 4095      1148D272 
 4095      946C14F6 
 4095      79016503 
 4095      9E6F4229 
 4096 00a9 D989B20B 		.ascii	"\331\211\262\013\245\030e\037J)J\005\312a\224*\224\023"
 4096      A518651F 
 4096      4A294A05 
 4096      CA61942A 
 4096      9413
 4097 00bb 28352867 		.ascii	"(5(gQjQ\316\243\\BiDiF\271\212r\035\345&J'\012s\363"
 4097      516A51CE 
 4097      A35C4269 
 4097      446946B9 
 4097      8A721DE5 
 4098 00d5 36917C3E 		.ascii	"6\221|>\343\251$E\3401\016e\020J\264\302\315\310\233"
ARM GAS  C:\Users\acest\AppData\Local\Temp\cc8GEYkg.s 			page 159


 4098      E3A92445 
 4098      E0310E65 
 4098      104AB4C2 
 4098      CDC89B
 4099 00e8 F1FC1DEA 		.ascii	"\361\374\035\352\275\205\362\032J\013\336;\217\3622"
 4099      BD85F21A 
 4099      4A0BDE3B 
 4099      8FF232
 4100 00f7 8A05651C 		.ascii	"\212\005e\034\336\033\205r\031\317\353\224\330kQ\316"
 4100      DE1B8572 
 4100      19CFEB94 
 4100      D86B51CE 
 4101 0107 A09C4521 		.ascii	"\240\234E!J\\\357\221\340\034\376\210\034\236\373\026"
 4101      4A5CEF91 
 4101      E01CFE88 
 4101      1C9EFB16 
 4102 0117 0EEF82E0 		.ascii	"\016\357\202\340\361>\352~D\3761>\014\303r\374'\304"
 4102      F13EEA7E 
 4102      44FE313E 
 4102      0CC372FC 
 4102      27C4
 4103 0129 FC05E5BF 		.ascii	"\374\005\345\277\210\340\3068\306\340qb?<c\221gh?<\337"
 4103      88E0C638 
 4103      C6E07162 
 4103      3F3C6391 
 4103      67683F3C 
 4104 013e 3570635C 		.ascii	"5pc\\@\361m\222D[2_\252m\325\247\377'^\261\257\332>"
 4104      40F16D92 
 4104      445B325F 
 4104      AA6DD5A7 
 4104      FF275EB1 
 4105 0155 A8E49EC5 		.ascii	"\250\344\236\305e\2147\013\357QC\234sA\344x\3477\344"
 4105      658C370B 
 4105      EF51439C 
 4105      7341E478 
 4105      E737E4
 4106 0168 381115C2 		.ascii	"8\021\025\302\374l\2539e\366\203\3455\230\037\226\273"
 4106      FC6CAB39 
 4106      65F683E5 
 4106      35981F96 
 4106      BB
 4107 0179 5D4172B7 		.ascii	"]Ar\267\363[r\367\267\377'\377fI\364\007\243\177;\371"
 4107      F35B72F7 
 4107      B7FF27FF 
 4107      6649F407 
 4107      A37F3BF9 
 4108 018d 66DFD3A8 		.ascii	"f\337\323\250h\007\325w\251\322f/+uC\014\265\301\364"
 4108      6807D577 
 4108      A9D2662F 
 4108      2B75430C 
 4108      B5C1F4
 4109 01a0 F74160DB 		.ascii	"\367A`\333\374\217_\333\2506\336\365\343\357o\217\371"
 4109      FC8F5FDB 
 4109      A836DEF5 
 4109      E3EF6F8F 
 4109      F9
 4110 01b1 2DF5E3AB 		.ascii	"-\365\343\253r\365\377\244\005\351\213,?\007\025\256"
ARM GAS  C:\Users\acest\AppData\Local\Temp\cc8GEYkg.s 			page 160


 4110      72F5FFA4 
 4110      05E98B2C 
 4110      3F0715AE 
 4111 01c1 6CFC6039 		.ascii	"l\374`9ac\310\017\361\370\034\010\373\016\326\007\360"
 4111      6163C80F 
 4111      F1F81C08 
 4111      FB0ED607 
 4111      F0
 4112 01d2 3C441239 		.ascii	"<D\0229Z\200\222\216\362\022\312?)\265Q\241\214\007"
 4112      5A80928E 
 4112      F212CA3F 
 4112      29B551A1 
 4112      8C07
 4113 01e4 FE9F0CA5 		.ascii	"\376\237\014\245]\202\3714\326\364'(\345x=\011\217\255"
 4113      5D82F934 
 4113      D6F42728 
 4113      E5783D09 
 4113      8FAD
 4114 01f6 8A1D560B 		.ascii	"\212\035V\013\207\373\211\255B\031{\374?\331\350/\\"
 4114      87FB89AD 
 4114      42197BFC 
 4114      3FD9E82F 
 4114      5C
 4115 0207 0AEC43C6 		.ascii	"\012\354C\3066a\376\325>\315x\250\276Y\254\227\015\271"
 4115      3661FED5 
 4115      3ECD78A8 
 4115      BE59AC97 
 4115      0DB9
 4116 0219 55FB759D 		.ascii	"U\373u\235\222\363*e|\364\377\344\004\211Q\365i\214"
 4116      92F32A65 
 4116      7CF4FFE4 
 4116      048951F5 
 4116      698C
 4117 022b 310EE558 		.ascii	"1\016\345X\220\030O\364\023cU?1\026\004\361\267\\\311"
 4117      90184FF4 
 4117      1363553F 
 4117      311604F1 
 4117      B75CC9
 4118 023e 69B6522F 		.ascii	"i\266R/\177FY\246\304\224\207\307\034\305\016;\324\004"
 4118      7F4659A6 
 4118      C49487C7 
 4118      1CC50E3B 
 4118      D404
 4119 0250 B1B90E6D 		.ascii	"\261\271\016m\016\224\002\307\006\265\376\214\375F\215"
 4119      0E9402C7 
 4119      06B5FE8C 
 4119      FD468D
 4120 025f 87D50AAB 		.ascii	"\207\325\012\253\223x\"j\247]\251\021c\177R\353\204"
 4120      9378226A 
 4120      A75DA911 
 4120      637F52EB 
 4120      84
 4121 0270 C579D66F 		.ascii	"\305y\326o\234z\317\020\363\315~\346\217M\337\003\257"
 4121      9C7ACF10 
 4121      F3CD7EE6 
 4121      8F4DDF03 
 4121      AF
ARM GAS  C:\Users\acest\AppData\Local\Temp\cc8GEYkg.s 			page 161


 4122 0281 DAEFC06B 		.ascii	"\332\357\300k\353\367\300\353\374w\340\265\007yE\371"
 4122      EBF7C0EB 
 4122      FC77E0B5 
 4122      077945F9 
 4123 0291 F16AF4E3 		.ascii	"\361j\364\343f\372\026~\177U\370u(c\3007q\274\364\015"
 4123      66FA167E 
 4123      7F55F875 
 4123      2863C037 
 4123      71BCF40D 
 4124 02a5 1CFB5B13 		.ascii	"\034\373[\023\354\377\23696~\007\216\007\277g\216\315"
 4124      ECFF9E39 
 4124      367E078E 
 4124      07BF678E 
 4124      CD
 4125 02b6 DF816316 		.ascii	"\337\201c\026\205A \343w4\014\345\347\003\371\267\205"
 4125      854120E3 
 4125      77340CE5 
 4125      E703F9B7 
 4125      85
 4126 02c7 12F6D3CB 		.ascii	"\022\366\323\313\300\326\212\221\374L\242\026i\244\227"
 4126      C0D68A91 
 4126      FC4CA216 
 4126      69A497
 4127 02d6 7FA6DB24 		.ascii	"\177\246\333$(\021\003\300\373\003\350D)\227\222\302"
 4127      281103C0 
 4127      FB03E844 
 4127      299792C2 
 4128 02e6 DBE9DD26 		.ascii	"\333\351\335&k\231\327\333\351-\233\031*\301\227\000"
 4128      6B99D7DB 
 4128      E92D9B19 
 4128      2AC19700 
 4129 02f6 38DDC27E 		.ascii	"8\335\302~@\315}\000{\001\366\000uJt2\003\037yp<;$\020"
 4129      40CD7D00 
 4129      7B01F600 
 4129      754A7432 
 4129      031F7970 
 4130 030e 5CE6039E 		.ascii	"\\\346\003\236\216\0363\200\301g\246\345\034#Q\302u"
 4130      8E1E3380 
 4130      C167A6E5 
 4130      1C2351C2 
 4130      75
 4131 031f 19770B15 		.ascii	"\031w\013\025\000\207\000\370$H\263\005\350\301\312"
 4131      008700F8 
 4131      2448B305 
 4131      E8C1CA
 4132 032e EE105FD0 		.ascii	"\356\020_\320a\035\204\200\272\234\234\255$\214;\315"
 4132      611D8480 
 4132      BA9C9CAD 
 4132      248C3BCD 
 4133 033e 2F97E108 		.ascii	"/\227\341\010(n%8\212_t\005\272+\340\226z\032VW\207"
 4133      286E2538 
 4133      8A5F7405 
 4133      BA2BE096 
 4133      7A1A5657 
 4134 0353 FA5A3A06 		.ascii	"\372Z:\006P\245\272\333\316A\205\307j\233\251/\350\270"
 4134      50A5BADB 
 4134      CE4185C7 
ARM GAS  C:\Users\acest\AppData\Local\Temp\cc8GEYkg.s 			page 162


 4134      6A9BA92F 
 4134      E8B8
 4135 0365 0E42C0ED 		.ascii	"\016B\300\355\366\256\343\341\272\273\023\272\273jP"
 4135      F6AEE3E1 
 4135      BABB13BA 
 4135      BB6A50
 4136 0374 D21ECDD3 		.ascii	"\322\036\315\323\236\017\264\202\231\014;\274\257om"
 4136      9E0FB482 
 4136      990C3BBC 
 4136      AF6F6D
 4137 0383 C8B061C3 		.ascii	"\310\260a\303\242\206\015C\265\236\235\363\237x\362"
 4137      A2860D43 
 4137      B59E9DF3 
 4137      9F78F2
 4138 0392 303F61C8 		.ascii	"0?a\310\017\312\001\316\351\026FJ,g\0223>\247`~Df*\205"
 4138      0FCA01CE 
 4138      E916464A 
 4138      2C671233 
 4138      3EA7607E 
 4139 03aa 5280621F 		.ascii	"R\200b\037\314n\320@E\0313\322\274\003\321\020\202N"
 4139      CC6ED040 
 4139      451933D2 
 4139      BC03D110 
 4139      824E
 4140 03bc FB80D82A 		.ascii	"\373\200\330*\011FK\030\303L\014C\226\340\024\300I\340"
 4140      09464B18 
 4140      C34C0C43 
 4140      96E014C0 
 4140      49E0
 4141 03ce F19E63A1 		.ascii	"\361\236c\241@\035@\015@-\300\031\0006\364rs}\305^o"
 4141      401D400D 
 4141      402DC019 
 4141      0036F472 
 4141      737DC55E 
 4142 03e3 68181C04 		.ascii	"h\030\034\0048\020\350r4\247\365\250+\271\022\233\263"
 4142      3810E872 
 4142      34A7F5A8 
 4142      2BB9129B 
 4142      B3
 4143 03f4 1AA03280 		.ascii	"\032\2402\200\371h\226\236-\215\351\331\346\250\000"
 4143      F968969E 
 4143      2D8DE9D9 
 4143      E6A800
 4144 0403 C7C7FB75 		.ascii	"\307\307\373u\214:\245\013v\026\032Rz^7{A\244\364G\320"
 4144      8C3AA50B 
 4144      76161A52 
 4144      7A5E377B 
 4144      41A4F447 
 4145 0418 07FC20D1 		.ascii	"\007\374 \321>\336J\015\0177\237\015g\205\326\346-O"
 4145      3EDE4A0D 
 4145      0F379F0D 
 4145      6785D6E6 
 4145      2D4F
 4146 042a A512BC0A 		.ascii	"\245\022\274\012\243$\270\010\210@\027_\001\324\003"
 4146      A324B808 
 4146      8840175F 
 4146      01D403
ARM GAS  C:\Users\acest\AppData\Local\Temp\cc8GEYkg.s 			page 163


 4147 0439 4D270C78 		.ascii	"M'\014x\262\262\254;\"\260\"\033|*r1\203\312\3553N\317"
 4147      B2B2AC3B 
 4147      22B0221B 
 4147      7C2A7231 
 4147      83CAED33 
 4148 044f 92A38679 		.ascii	"\222\243\206y\031\226SW\260M\000\315\234\372e5O\271"
 4148      19965357 
 4148      B04D00CD 
 4148      9CFA6535 
 4148      4FB9
 4149 0461 4ADA4516 		.ascii	"J\332E\026\232\375\263@\013\270\353\031Oz>\214\012\260"
 4149      9AFDB340 
 4149      0BB8EB19 
 4149      4F7A3E8C 
 4149      0AB0
 4150 0473 76C5C71A 		.ascii	"v\305\307\032\302\256v\264,\016\323\203o\321\255]U\353"
 4150      C2AE76B4 
 4150      2C0ED383 
 4150      6FD1AD5D 
 4150      55EB
 4151 0485 A90D8B93 		.ascii	"\251\015\213\223H\264\204\233\255\365V\347Y\002#\272"
 4151      48B4849B 
 4151      ADF556E7 
 4151      590223BA 
 4152 0495 6E8C886B 		.ascii	"n\214\210k5K\264\002\265\216s\255\253\3677wE\372\226"
 4152      354BB402 
 4152      B58E73AD 
 4152      ABF73777 
 4152      45FA96
 4153 04a8 F54D805B 		.ascii	"\365M\200[zYw4\347l1\320\270\245\323\270\315z\3219\""
 4153      7A597734 
 4153      E76C31D0 
 4153      B8A5D3B8 
 4153      CD7AD139 
 4154 04bd A85C9078 		.ascii	"\250\\\220xm\227I\264\001m\267r\333W\272\012\327\371"
 4154      6D9749B4 
 4154      016DB772 
 4154      DB57BA0A 
 4154      D7F9
 4155 04cf 75E37B00 		.ascii	"u\343{\000\367\325~\325\301A\213\252\346\334\264\372"
 4155      F7D57ED5 
 4155      C1418BAA 
 4155      E6DCB4FA 
 4156 04df 82BA7410 		.ascii	"\202\272t\020\263r{F\245E'\360@'\320\315\010<bVL\347"
 4156      B3727B46 
 4156      A54527F0 
 4156      4027D0CD 
 4156      083C6256 
 4157 04f5 EFDC5D39 		.ascii	"\357\334]9\000\373\221^_\235\300\312\2239\354\341i}"
 4157      00FB915E 
 4157      5F9DC0CA 
 4157      9339ECE1 
 4157      697D
 4158 0507 04F05069 		.ascii	"\004\360Pi\247\342\247K\026\3140{Y\275v\003|\315\021"
 4158      A7E2A74B 
 4158      16CC307B 
 4158      59BD7603 
ARM GAS  C:\Users\acest\AppData\Local\Temp\cc8GEYkg.s 			page 164


 4158      7CCD11
 4159 051a 813DAD68 		.ascii	"\201=\255h\276\322\232\335\2745{\202\324\364\265\373"
 4159      BED29ADD 
 4159      BC357B82 
 4159      D4F4B5FB 
 4160 052a 576AC2A2 		.ascii	"Wj\302\242\002|v\371\373\344\031:-\321\035\024\033\213"
 4160      027C76F9 
 4160      FBE4193A 
 4160      2DD11D14 
 4160      1B8B
 4161 053c 32CD43AB 		.ascii	"2\315C\253{\332\375F\223\247\200\305\254\244\246\202"
 4161      7BDAFD46 
 4161      93A780C5 
 4161      ACA4A682 
 4162 054c 83361475 		.ascii	"\2036\024u-2\373\202\274D\003!`\325\335\222\264\020"
 4162      2D32FB82 
 4162      BC440321 
 4162      60D5DD92 
 4162      B410
 4163 055e 3D35A944 		.ascii	"=5\251D\2438\2350\200\334\267o\335y\022\244t\321\327"
 4163      A3389D30 
 4163      80DCB76F 
 4163      DD7912A4 
 4163      74D1D7
 4164 0571 0CC218CE 		.ascii	"\014\302\030\316$J\351>\024]|:a\261\316 \201\261\256"
 4164      244AE93E 
 4164      145D7C3A 
 4164      61B1CE20 
 4164      81B1AE
 4165 0584 7FD0BD56 		.ascii	"\177\320\275V\016,[$d\260D\2531\302S(u(\015(WE\264\327"
 4165      0E2C5B24 
 4165      64B044AB 
 4165      31C25328 
 4165      75280D28 
 4166 059c CE66FA0D 		.ascii	"\316f\372\015\325\237\021\310 Z G\276\336\262)R\017"
 4166      D59F11C8 
 4166      205A2047 
 4166      BEDEB229 
 4166      520F
 4167 05ae 2443F73F 		.ascii	"$C\367?\027\315\322\273\224\245\320\304\347&3?c\226"
 4167      17CDD2BB 
 4167      94A5D0C4 
 4167      E726333F 
 4167      6396
 4168 05c0 A6D287DC 		.ascii	"\246\322\207\334zG]m\271\311\352\365/\374L\2028$\266"
 4168      7A475D6D 
 4168      B9C9EAF5 
 4168      2FFC4C82 
 4168      3824B6
 4169 05d3 80C07C42 		.ascii	"\200\300|B\373\220\314,\231O\013]\353\032\303\203L\013"
 4169      FB90CC2C 
 4169      994F0B5D 
 4169      EB1AC383 
 4169      4C0B
 4170 05e5 B088F089 		.ascii	"\260\210\360\211\001!\327\257/+\030\240C>\327\351d3"
 4170      0121D7AF 
 4170      2F2B18A0 
ARM GAS  C:\Users\acest\AppData\Local\Temp\cc8GEYkg.s 			page 165


 4170      433ED7E9 
 4170      6433
 4171 05f7 3A4B6589 		.ascii	":Ke\211\256DY\317\354\015\272Zrs\025\014\213\036&>l"
 4171      AE4459CF 
 4171      EC0DBA5A 
 4171      7273150C 
 4171      8B1E263E 
 4172 060c 202F6D69 		.ascii	" /mi^\362\323C3x\201\335\006H'\260\314?\241\376y\224"
 4172      5EF2D343 
 4172      337881DD 
 4172      064827B0 
 4172      CC3FA1FE 
 4173 0622 1804C92E 		.ascii	"\030\004\311.'\220O`%\201<\002\271\004\276 \220C`\005"
 4173      27904F60 
 4173      25813C02 
 4173      B904BE20 
 4173      90436005 
 4174 0636 4B2DD3C8 		.ascii	"K-\323\310\333\220\305\307\376\205\004\346\0051\312"
 4174      DB90C5C7 
 4174      FE8504E6 
 4174      0531CA
 4175 0645 082F3826 		.ascii	"\010/8& \331\004\262\372\361\333\276N\263\2624\270\225"
 4175      20D904B2 
 4175      FAF1DBBE 
 4175      4EB3B234 
 4175      B895
 4176 0657 A2937344 		.ascii	"\242\223sD\351\343\210\237\326\217\243t\305\321$X\334"
 4176      E9E3889F 
 4176      D68FA374 
 4176      C5D12458 
 4176      DC
 4177 0668 8F9F87BA 		.ascii	"\217\237\207\272\237%\375\030)T\214\314%0'\010\204\017"
 4177      9F25FD18 
 4177      29548CCC 
 4177      25302708 
 4177      840F
 4178 067a 29A378EF 		.ascii	")\243x\357\251\224\3505Ly;o\302\335M\251\253\006\370"
 4178      A994E835 
 4178      4C793B6F 
 4178      C2DD4DA9 
 4178      AB06F8
 4179 068d 8FF26B88 		.ascii	"\217\362k\210a\224\347\232\303\351=\016\357\330~\351"
 4179      6194E79A 
 4179      C3E93D0E 
 4179      EFD87EE9 
 4180 069d 7AC0A4B0 		.ascii	"z\300\244\260\336\010\247\217\320\2667\2049\034\016"
 4180      DE08A78F 
 4180      D0B63784 
 4180      391C0E
 4181 06ac FFCBBF25 		.ascii	"\377\313\277%\232\026\302\224\2477\346\256\347\303j"
 4181      9A16C294 
 4181      A737E6AE 
 4181      E7C36A
 4182 06bb 97B76C69 		.ascii	"\227\267li\246I\353\344[\010\202P\277\220\300f\202\270"
 4182      A649EBE4 
 4182      5B088250 
 4182      BF90C066 
ARM GAS  C:\Users\acest\AppData\Local\Temp\cc8GEYkg.s 			page 166


 4182      82B8
 4183 06cd EAE973F7 		.ascii	"\352\351s\367G\3505\263U\217\245\210(#\000\016\216Y"
 4183      47E835B3 
 4183      558FA588 
 4183      2823000E 
 4183      8E59
 4184 06df 21125DC2 		.ascii	"!\022]\302\354\232\236\234\253=m\266\016\001\300\377"
 4184      EC9A9E9C 
 4184      AB3D6DB6 
 4184      0E01C0FF 
 4185 06ef 7ED47610 		.ascii	"~\324v\020\330I\2602\010\354\"\354t\272\327\373\370"
 4185      D849B032 
 4185      08EC22EC 
 4185      74BAD7FB 
 4185      F8
 4186 0700 9FF1885E 		.ascii	"\237\361\210^\362\237\236\336 \"/\013\216GL\323\362"
 4186      F29F9EDE 
 4186      20222F0B 
 4186      8E474CD3 
 4186      F2
 4187 0711 950B0D23 		.ascii	"\225\013\015#\366n\235I1\253\336<\244\260\212\207\266"
 4187      F66E9D49 
 4187      31ABDE3C 
 4187      A4B08A87 
 4187      B6
 4188 0722 79D7DCD5 		.ascii	"y\327\334\325\262o\267\334K\240D\351\226t\033\007\345"
 4188      B26FB7DC 
 4188      4BA044E9 
 4188      96741B07 
 4188      E5
 4189 0733 57949CF4 		.ascii	"W\224\234\364\033\251\366\351 \004d^\272-\353\336\366"
 4189      1BA9F6E9 
 4189      2004645E 
 4189      BA2DEBDE 
 4189      F6
 4190 0744 EBDE4AD5 		.ascii	"\353\336J\325\270\177I\017\204\210\263\237\361vi&\364"
 4190      B87F490F 
 4190      8488B39F 
 4190      F1766926 
 4190      F4
 4191 0755 887263B8 		.ascii	"\210rc\270\2305\010\255Rn\014\245\247\220_\035w}\353"
 4191      983508AD 
 4191      526E0CA5 
 4191      A7905F1D 
 4191      777DEB
 4192 0768 F08D13E1 		.ascii	"\360\215\023\341\2013\3321b\234\243\233\024\305\027"
 4192      8133DA31 
 4192      629CA39B 
 4192      14C517
 4193 0777 690B2A5E 		.ascii	"i\013*^GiG\271\215\322\211r\037\245\033\345!J\252\011"
 4193      476947B9 
 4193      8DD28972 
 4193      1FA51BE5 
 4193      214AAA09 
 4194 078b 8D3E7FAA 		.ascii	"\215>\177\252\264\343.\341k.\275\303\356\275\327\334"
 4194      B4E32EE1 
 4194      6B2EBDC3 
ARM GAS  C:\Users\acest\AppData\Local\Temp\cc8GEYkg.s 			page 167


 4194      EEBDD7DC 
 4195 079b F4930AD1 		.ascii	"\364\223\012\321a\253\010\234$pA\017\343\004\321\272"
 4195      61AB089C 
 4195      2470410F 
 4195      E304D1BA 
 4196 07ab 45CF3CD1 		.ascii	"E\317<\321-\020s\316\007\243\025\2752\021\034&p\010"
 4196      2D1073CE 
 4196      07A315BD 
 4196      32111C26 
 4196      7008
 4197 07bd 5BA49683 		.ascii	"[\244\226\203\220\352y\002\027\0114\020\250'\320D\340"
 4197      90EA7902 
 4197      17093410 
 4197      A827D044 
 4197      E0
 4198 07ce 2B02     		.ascii	"+\002"
 4199 07d0 7504D300 		.ascii	"u\004\323\000\215\004.\251#p\257n\274\306\307\270qa"
 4199      8D042EA9 
 4199      2370AF6E 
 4199      BCC6C7B8 
 4199      7161
 4200 07e2 F744079D 		.ascii	"\367D\007\235\362\001\3552\200\036\352\240\263\0014"
 4200      F201ED32 
 4200      801EEAA0 
 4200      B30134
 4201 07f1 15CCDC05 		.ascii	"\025\314\334\005\032\246\322\007s\224\350\240G\272\241"
 4201      1AA6D207 
 4201      7394E8A0 
 4201      47BAA1
 4202 0800 33819444 		.ascii	"3\201\224DN\322uC\307\003\015\011\314c\335\316\351@"
 4202      4ED27543 
 4202      C7030D09 
 4202      CC63DDCE 
 4202      E940
 4203 0812 D602D3A7 		.ascii	"\326\002\323\247c\252\003\363\217\204\350I\223DkL|\301"
 4203      63AA03F3 
 4203      8F84E849 
 4203      93446B4C 
 4203      7CC1
 4204 0824 9ED6B231 		.ascii	"\236\326\2621\302\267&\257\020h\321k2\267\265\271\303"
 4204      C2B726AF 
 4204      1068D16B 
 4204      32B7B5B9 
 4204      C3
 4205 0835 309FB4E8 		.ascii	"0\237\264\350\326\256\262.\320\300\254\230\226\257<"
 4205      D6AEB22E 
 4205      D0C0AC98 
 4205      96AF3C
 4206 0844 914AB112 		.ascii	"\221J\261\022\030\254\362\224XU_%p\231@[\260\341\354"
 4206      18ACF294 
 4206      58555F25 
 4206      7099405B 
 4206      B0E1EC
 4207 0857 D8D60F18 		.ascii	"\330\326\017\030\002\231\035\341\010\321\306ZR\365\306"
 4207      02991DE1 
 4207      08D1C65A 
 4207      52F5C6
ARM GAS  C:\Users\acest\AppData\Local\Temp\cc8GEYkg.s 			page 168


 4208 0866 2F277010 		.ascii	"/'p\020\033\377\032Ga\343\267\022\270N\324U@\230\350"
 4208      1BFF1A47 
 4208      61E3B712 
 4208      B84ED455 
 4208      4098E8
 4209 0879 0158A518 		.ascii	"\001X\245\030\315\035\224\007<\242\334\375\267\274~"
 4209      CD1D9407 
 4209      3CA2DCFD 
 4209      B7BC7E
 4210 0888 53FD6D02 		.ascii	"S\375m\002w\324\256\230ff\240\326\215Gn\201/\250C\007"
 4210      77D4AE98 
 4210      6666A0D6 
 4210      8D476E81 
 4210      2FA84307 
 4211 089c 21A0A8AC 		.ascii	"!\240\250\254v\277I\017\273S\017\343.\013;\227Y\261"
 4211      76BF490F 
 4211      BB530FE3 
 4211      2E0B3B97 
 4211      59B1
 4212 08ae 6CC9AE6A 		.ascii	"l\311\256j\263\250\317\034O\227l\251\210\020\017\035"
 4212      B3A8CF1C 
 4212      4F976CA9 
 4212      88100F1D 
 4213 08be 77F9D4DF 		.ascii	"w\371\324\337\325\177Q\267\023\270A8\257.\036\327}\002"
 4213      D57F51B7 
 4213      13B84138 
 4213      AF2E1ED7 
 4213      7D02
 4214 08d0 0F0874AB 		.ascii	"\017\010t\253\365\273UY.\241\235\257\003\354(\017/\305"
 4214      F5BB5559 
 4214      2EA19DAF 
 4214      03EC280F 
 4214      2FC5
 4215 08e2 CAC34B1B 		.ascii	"\312\303K\033\300=b\304(\005\2051|Q\324\225o\212\012"
 4215      C03D62C4 
 4215      28058531 
 4215      7C51D495 
 4215      6F8A0A
 4216 08f5 F0DA11C4 		.ascii	"\360\332\021\304+\3157Kt-\017\352\372\323\365\227\303"
 4216      2BCD374B 
 4216      742D0FEA 
 4216      FAD3F597 
 4216      C3
 4217 0906 D924ECE5 		.ascii	"\331$\354\345\363oY\3750e\376\235E\340!\201\336o\213"
 4217      F36F59FD 
 4217      3065FE9D 
 4217      45E02181 
 4217      DE6F8B
 4218 0919 4A6210B6 		.ascii	"Jb\020\266b#\360\204\300ce\302-\272\264\306\313c\372"
 4218      6223F084 
 4218      C06365C2 
 4218      2DBAB4C6 
 4218      CB63FA
 4219 092c 9AC02D6E 		.ascii	"\232\300-nEEkV\212.(\220^\\\364q\210\230\037\014S\330"
 4219      45456B56 
 4219      8A2E2890 
 4219      5E5CF471 
ARM GAS  C:\Users\acest\AppData\Local\Temp\cc8GEYkg.s 			page 169


 4219      88981F0C 
 4220 0942 20E81433 		.ascii	" \350\0243\231\327L71\266?\236skn!\0143~\330p\304\212"
 4220      99D74C37 
 4220      31B63F9E 
 4220      736B6E21 
 4220      0C337ED8 
 4221 0959 AC614D08 		.ascii	"\254aM\010c\215fn\342\262\205\372\371c)\354=,\246\314"
 4221      638D666E 
 4221      E2B285FA 
 4221      F96329EC 
 4221      3D2CA6CC 
 4222 096d 52027B38 		.ascii	"R\002{8D\015l\233\336\337\322\323DS\024\023\330\036"
 4222      440D6C9B 
 4222      DEDFD2D3 
 4222      44531413 
 4222      D81E
 4223 097f 8851DA62 		.ascii	"\210Q\332b\353\272\254\360\"/\205\265\004Vs\020\233"
 4223      EBBAACF0 
 4223      222F85B5 
 4223      04567310 
 4223      9B
 4224 0990 4B242860 		.ascii	"K$(`\220U\204\307vs\203\026\333]`\0205\266\016\3551"
 4224      905584C7 
 4224      76738316 
 4224      DB5D6010 
 4224      35B60EED 
 4225 09a5 B2E88E1E 		.ascii	"\262\350\216\036\177\0311b\016\350|6\036\235\355\035"
 4225      7F193162 
 4225      0EE87C36 
 4225      1E9DED1D 
 4226 09b5 981A061B 		.ascii	"\230\032\006\033\010{f\365u\265N\270\272\240\2548p\015"
 4226      087B66F5 
 4226      75B54EB8 
 4226      BAA0AC38 
 4226      700D
 4227 09c7 30DB87F2 		.ascii	"0\333\207\362c\375\0313\375\270\010\035\327T\355`\304"
 4227      63FD1933 
 4227      FDB8081D 
 4227      D754ED60 
 4227      C4
 4228 09d8 DC300C7E 		.ascii	"\3340\014~\271\031\302\320$\300\330\014\230k:\246s\356"
 4228      B919C2D0 
 4228      24C0D80C 
 4228      986B3AA6 
 4228      73EE
 4229 09ea A62CB50C 		.ascii	"\246,\265\014[!\000$8?\324\227@w\002\235\011B9G\205"
 4229      5B210024 
 4229      383FD497 
 4229      4077029D 
 4229      09423947 
 4230 09ff 9D22029B 		.ascii	"\235\"\002\233|H\027\020\277*\353#\360\224\360]\014"
 4230      7C481710 
 4230      BF2AEB23 
 4230      F094F05D 
 4230      0C
 4231 0a10 44619DB1 		.ascii	"Da\235\261e\021\205\331\024\246S\230Aa\036\205\005\024"
 4231      651185D9 
ARM GAS  C:\Users\acest\AppData\Local\Temp\cc8GEYkg.s 			page 170


 4231      14A65398 
 4231      41611E85 
 4231      0514
 4232 0a22 D228CCA4 		.ascii	"\322(\314\244\220N!\223\302,\\\024Q\230C!\203\302gT"
 4232      904E2193 
 4232      C22C5C14 
 4232      51984321 
 4232      83C26754 
 4233 0a36 74B1CE15 		.ascii	"t\261\316\025J\223]\002\330\350\337db\010*jPhc\335?"
 4233      4A935D02 
 4233      D8E8DF64 
 4233      62082A6A 
 4233      506863DD 
 4234 0a4b 81803C2A 		.ascii	"\201\200<*\240\033J\233\341\370T\301\355\210!K\237j"
 4234      A01B4A9B 
 4234      E1F854C1 
 4234      ED88214B 
 4234      9F6A
 4235 0a5d B01F3EC8 		.ascii	"\260\037>\3108\263\304\022\025\020\301\341\357\036\001"
 4235      38B3C412 
 4235      1510C1E1 
 4235      EF1E01
 4236 0a6c 1A4DBD70 		.ascii	"\032M\275p\276\336\254\017PY:\275E\314(\2569\370@\327"
 4236      BEDEAC0F 
 4236      50593ABD 
 4236      45CC28AE 
 4236      39F840D7 
 4237 0a80 BD706DEF 		.ascii	"\275pm\357\200\300\025\375\347\324\260\242g\217?\331"
 4237      80C015FD 
 4237      E7D4B0A2 
 4237      678F3FD9 
 4238 0a90 AD35B2CC 		.ascii	"\2555\262\314\206\301l\012N\336\323\010\357h\003\331"
 4238      86C16C0A 
 4238      4EDED308 
 4238      EF6803D9 
 4239 0aa0 1ABE6973 		.ascii	"\032\276isO\304\013h\343\226\327\033\015q\260\224\302"
 4239      4FC40B68 
 4239      E396D71B 
 4239      0D71B094 
 4239      C2
 4240 0ab1 12640139 		.ascii	"\022d\0019\270jZL9\233\365\3059\207\014\263D\216\316"
 4240      B86A5A4C 
 4240      399BF5C5 
 4240      39870CB3 
 4240      448ECE
 4241 0ac4 66996053 		.ascii	"f\231`S\302\331\354?\267\277E<\200\226\371\300 \227"
 4241      C2D9EC3F 
 4241      B7BF453C 
 4241      8096F9C0 
 4241      2097
 4242 0ad6 2A40049D 		.ascii	"*@\004\235X\263\375G\272\251<\335\324r\341kSKIC\030"
 4242      58B3FD47 
 4242      BAA93CDD 
 4242      D472E16B 
 4242      534B4943 
 4243 0aeb 96171B59 		.ascii	"\226\027\033Yd;\000\\\030\213_V\351/T\212\366\022/1"
 4243      643B005C 
ARM GAS  C:\Users\acest\AppData\Local\Temp\cc8GEYkg.s 			page 171


 4243      188B5F56 
 4243      E92F548A 
 4243      F6122F31 
 4244 0aff D929B152 		.ascii	"\331)\261R+\265[+\341\245\341]t\234\205\014\217\264"
 4244      2BB55B2B 
 4244      E1A5E15D 
 4244      749C850C 
 4244      8FB4
 4245 0b11 5AD657C0 		.ascii	"Z\326W\300@k\210\205\2206\263\335:\374\021.5\363MC\307"
 4245      406B8885 
 4245      9036B3DD 
 4245      3AFC112E 
 4245      35F34D43 
 4246 0b26 7965FBDC 		.ascii	"ye\373\334\301mf/\311\374 \372\325q\370\335f\256\004"
 4246      C16D662F 
 4246      C9FC20FA 
 4246      D571F8DD 
 4246      66AE04
 4247 0b39 3B6A7D28 		.ascii	";j}([\006\342Y\233\331\332E\363\347\231\354\325$\375"
 4247      5B06E259 
 4247      9BD9DA45 
 4247      F3E799EC 
 4247      D524FD
 4248 0b4c 651CD5AD 		.ascii	"e\034\325\255\3661\321\230\211q\026\313K\221\345\264"
 4248      F631D198 
 4248      897116CB 
 4248      4B91E5B4 
 4249 0b5c 9CBE2549 		.ascii	"\234\276%I\026K\321\226\301\3266s$\232\030n\037:\320"
 4249      164BD196 
 4249      C1D63673 
 4249      249A186E 
 4249      1F3AD0
 4250 0b6f 3E34B212 		.ascii	">4\262\022B\354vk\364p\011I\330\307\214\031G\254hY\266"
 4250      42EC766B 
 4250      F4700949 
 4250      D8C78C19 
 4250      47AC6859 
 4251 0b84 54C2180A 		.ascii	"T\302\030\012ac\274\227o\276`\015\261\206\2764t\270"
 4251      6163BC97 
 4251      6FBE600D 
 4251      B186BE34 
 4251      74B8
 4252 0b96 24D9A5B7 		.ascii	"$\331\245\267\330lA\373\324\017\230\321\247]\277\004"
 4252      D86C41FB 
 4252      D40F98D1 
 4252      A75DBF04 
 4253 0ba6 186E2563 		.ascii	"\030n%c\010}\257\315,I\204\014\305\341T\266\204\205"
 4253      087DAFCD 
 4253      2C49840C 
 4253      C5E154B6 
 4253      8485
 4254 0bb8 E1739B6C 		.ascii	"\341s\233l\011\215y\317\376\341\030\253\324f&\370S\264"
 4254      098D79CF 
 4254      FEE118AB 
 4254      D46626F8 
 4254      53B4
 4255 0bca CC1F6A35 		.ascii	"\314\037j5M+.\261a\301\277cz\371?\366\005\312\027\260"
ARM GAS  C:\Users\acest\AppData\Local\Temp\cc8GEYkg.s 			page 172


 4255      4D2B2EB1 
 4255      61C1BF63 
 4255      7AF93FF6 
 4255      05CA17B0 
 4256 0bde 4B10AFB3 		.ascii	"K\020\257\263U7\374>+\001\242\240\031D\334\325\016\312"
 4256      5537FC3E 
 4256      2B01A2A0 
 4256      1944DCD5 
 4256      0ECA
 4257 0bf0 390310C5 		.ascii	"9\003\020\305\216\272)\012BGq\302\276\015\3065\010("
 4257      8EBA290A 
 4257      424771C2 
 4257      BE0DC635 
 4257      0828
 4258 0c02 10D58ED0 		.ascii	"\020\325\216\320Q\000\232\256r\312|p01\352p=\037\342"
 4258      51009AAE 
 4258      72CA7C70 
 4258      3031EA70 
 4258      3D1FE2
 4259 0c15 BA494933 		.ascii	"\272II3\253R\222\304\005\326\315\301E\027\323BZ\331"
 4259      AB5292C4 
 4259      05D6CDC1 
 4259      4517D342 
 4259      5AD9
 4260 0c27 F3EEADC7 		.ascii	"\363\356\255\3075\017\31408s\234\004\264\231\027\346"
 4260      350FCC30 
 4260      38739C04 
 4260      B49917E6 
 4261 0c37 979FAD3B 		.ascii	"\227\237\255;k\341\365_\012\340d\005\275va\207\350\020"
 4261      6BE1F55F 
 4261      0AE06405 
 4261      BD766187 
 4261      E810
 4262 0c49 386A7D41 		.ascii	"8j}AYY\336\332u&\214\337\251\006X\305\356d\256\231\377"
 4262      5959DEDA 
 4262      75268CDF 
 4262      A90658C5 
 4262      EE64AE99 
 4263 0c5e 2FBE6B88 		.ascii	"/\276k\210&\200\325T[C\354\275_\370\324\342\267\266"
 4263      2680D554 
 4263      5B43ECBD 
 4263      5FF8D4E2 
 4263      B7B6
 4264 0c70 F201D41F 		.ascii	"\362\001\324\037H_nx\320Y\243\227\372ZQ\352\353\262"
 4264      485F6E78 
 4264      D059A397 
 4264      FA5A51EA 
 4264      EBB2
 4265 0c82 CB0E03F7 		.ascii	"\313\016\003\367\271\226B\001\363\231\327[;'X_\\\217"
 4265      B9964201 
 4265      F399D75B 
 4265      3B27585F 
 4265      5C8F
 4266 0c94 7D719D50 		.ascii	"}q\235P\352i9]G~\274t\251\267\347a_\345\274\220S\025"
 4266      EA69395D 
 4266      477EBC74 
 4266      A9B7E761 
ARM GAS  C:\Users\acest\AppData\Local\Temp\cc8GEYkg.s 			page 173


 4266      5FE5BC90 
 4267 0caa 77BDDECF 		.ascii	"w\275\336\317X\265 \010\362\025\357\260\201\235K\260"
 4267      58B52008 
 4267      F215EFB0 
 4267      819D4BB0 
 4268 0cba 92C20AFA 		.ascii	"\222\302\012\372\376\223\037\320V\013\323\255\352]\265"
 4268      FE931FD0 
 4268      560BD3AD 
 4268      EA5DB5
 4269 0cc9 8832DDA2 		.ascii	"\2102\335\242\005\263p\364\303\307%\257\314\3246*j\022"
 4269      05B370F4 
 4269      C3C725AF 
 4269      CCD4362A 
 4269      6A12
 4270 0cdb 9EA94A65 		.ascii	"\236\251Je?\240\251\241L)+o\325U-3,y{\266\254_\023\251"
 4270      3FA0A9A1 
 4270      4C292B6F 
 4270      D5552D33 
 4270      2C797BB6 
 4271 0cf3 D22E64B4 		.ascii	"\322.d\264\317<]v\320\024\204\366V\264\266E\320\256"
 4271      CF3C5D76 
 4271      D01484F6 
 4271      56B4B645 
 4271      D0AE
 4272 0d05 7ABAB782 		.ascii	"z\272\267\202\323.*\325]o\245\260Ys\275Ys}\377E\272"
 4272      D32E2AD5 
 4272      5D6FA5B0 
 4272      5973BD59 
 4272      737DFF45 
 4273 0d1a 90BBFEA2 		.ascii	"\220\273\376\242\351bI\230\332L\314\365\275\355\033"
 4273      E9624998 
 4273      DA4CCCF5 
 4273      BDED1B
 4274 0d29 0BF4FCE0 		.ascii	"\013\364\374\340M\325\323\016T\336.<\355Y\364(\325\314"
 4274      4DD5D30E 
 4274      54DE2E3C 
 4274      ED59F428 
 4274      D5CC
 4275 0d3b 3C75F6AE 		.ascii	"<u\366\256I\2138\355\365\346{\001\177\207mjnv\262s-"
 4275      498B38ED 
 4275      F5E67B01 
 4275      7F876D6A 
 4275      6E76B273 
 4276 0d50 CC17E906 		.ascii	"\314\027\351\006\356\353\342\355\255GB8\301\225i\032"
 4276      EEEBE2ED 
 4276      AD474238 
 4276      C195691A 
 4277 0d60 4154FB52 		.ascii	"AT\373R#\370\245\246\224\363\"-\343J\035UkV[\271R\225"
 4277      23F8A5A6 
 4277      94F3222D 
 4277      E34A1D55 
 4277      6B565BB9 
 4278 0d76 8FD26E4D 		.ascii	"\217\322nMi\267\246\324\371\002=\025<\241\207\312\267"
 4278      69B7A6D4 
 4278      F9023D15 
 4278      3CA187CA 
 4278      B7
ARM GAS  C:\Users\acest\AppData\Local\Temp\cc8GEYkg.s 			page 174


 4279 0d87 CEB26A51 		.ascii	"\316\262jQ\225\352Q\225\240\362^\021\325\364\273\007"
 4279      95EA5195 
 4279      A0F25E11 
 4279      D5F4BB07 
 4280 0d97 8E008FAA 		.ascii	"\216\000\217\252\343(\217\312\213Q\225P\330\243y\332"
 4280      E3288FCA 
 4280      8B519550 
 4280      D8A379DA 
 4281 0da7 A379DAF0 		.ascii	"\243y\332\360\002m\345\236\362o\254\214\340\354V\314"
 4281      026DE59E 
 4281      F26FAC8C 
 4281      E0EC56CC 
 4282 0db7 D1D8A1CE 		.ascii	"\321\330\241\316~Mg\277\246\323\364<}\034<\347\365\027"
 4282      7E4D67BF 
 4282      A6D3F43C 
 4282      7D1C3CE7 
 4282      F517
 4283 0dc9 523FE0D7 		.ascii	"R?\340\327Gq\341\302Z\273\241-\363\000\004i\355r4vP"
 4283      4771E1C2 
 4283      5ABBA12D 
 4283      F3000469 
 4283      ED723476 
 4284 0dde B03D5897 		.ascii	"\260=X\227\236%s\266\247\216\375m=\033Q\361W8\240\371"
 4284      9E2573B6 
 4284      A78EFD6D 
 4284      3D1B51F1 
 4284      5738A0F9 
 4285 0df2 3DA0F95D 		.ascii	"=\240\371]\366<\235c\345;[\347z\234\234k\237\316\025"
 4285      F63C9D63 
 4285      E53B5BE7 
 4285      7A9C9C6B 
 4285      9FCE15
 4286 0e05 750E693A 		.ascii	"u\016i:\2074\235\332\3014\333\032\264_\227\027\247?"
 4286      87349DDA 
 4286      C134DB1A 
 4286      B45F9717 
 4286      A73F
 4287 0e17 D04AF328 		.ascii	"\320J\363(#\2733\273\260\203\004!{\014\255U\012\262"
 4287      23BB33BB 
 4287      B0830421 
 4287      7B0CAD55 
 4287      0AB2
 4288 0e29 579EEC2B 		.ascii	"W\236\354+\016\347\256\367fh\256\217Q8\242\271>\242"
 4288      0EE7AEF7 
 4288      6668AE8F 
 4288      5138A2B9 
 4288      3EA2
 4289 0e3b B99E3E98 		.ascii	"\271\236>\230n\344\256g?\332\266Q\344\366\261\217\322"
 4289      6EE4AE67 
 4289      3FDAB651 
 4289      E4F6B18F 
 4289      D2
 4290 0e4c 714DE9B8 		.ascii	"qM\351\270\246t.\232\226Z\203\346\266\342ff\215\010"
 4290      A6742E9A 
 4290      965A83E6 
 4290      B6E26666 
 4290      8D08
ARM GAS  C:\Users\acest\AppData\Local\Temp\cc8GEYkg.s 			page 175


 4291 0e5e 60398593 		.ascii	"`9\205\223\214\357\306U]MaA\370\236Fk\247\004\337\033"
 4291      8CEFC655 
 4291      5D4D6141 
 4291      F89E466B 
 4291      A704DF1B 
 4292 0e72 CBDBF245 		.ascii	"\313\333\362EWZ>Os}\232B\265\346\272Zs\335\033EOp\327"
 4292      575A3E4F 
 4292      737D9A42 
 4292      B5E6BA5A 
 4292      73DD1B45 
 4293 0e89 27DA3B96 		.ascii	"'\332;\226\015\340-\322V\250\325\017V\352\031M\351\214"
 4293      0DE02DD2 
 4293      56A8D50F 
 4293      56EA194D 
 4293      E98C
 4294 0e9b A674288A 		.ascii	"\246t(\212\326s\245\247{\352V\213\314\254X`,\357s\232"
 4294      D673A5A7 
 4294      7BEA568B 
 4294      CCAC5860 
 4294      2CEF739A 
 4295 0eaf D2394D69 		.ascii	"\3229Mi^\024m\345J\233O\327\357\012\345J_\371(\325i"
 4295      5E146DE5 
 4295      4A9B4FD7 
 4295      EF0AE54A 
 4295      5FF928D5 
 4296 0ec4 4A759AD2 		.ascii	"Ju\232\322\345A\364>W:\273\265\273^$\242Qd\246\361R"
 4296      E541F43E 
 4296      573ABBB5 
 4296      BB5E24A2 
 4296      5164A6F1 
 4297 0ed9 D3BB6AA6 		.ascii	"\323\273j\246\352YbZ.\335Y\022\022\254\353_Dk_\211\314"
 4297      EA59625A 
 4297      2EDD5912 
 4297      12ACEB5F 
 4297      446B5F89 
 4298 0eee 6C6EAA3C 		.ascii	"ln\252<d\341\256\327oK\026ew\021\037D5\307\0274\307"
 4298      64E1AED7 
 4298      6F4B1665 
 4298      77111F44 
 4298      35C71734 
 4299 0f03 CB07D1B4 		.ascii	"\313\007\321\264\001LeM\373\236\003B\245\327\240\322"
 4299      014C654D 
 4299      FB9E0342 
 4299      A5D7A0D2 
 4300 0f13 A0A93468 		.ascii	"\240\2514h*\365\317\321\\\256\362t\307\327\265&\256"
 4300      2AF5CFD1 
 4300      5CAEF274 
 4300      C7D7B526 
 4300      AE
 4301 0f24 726287AE 		.ascii	"rb\207\256\322\244\2514i*\371\317\321\255\\es\326\232"
 4301      D2A4A934 
 4301      692AF9CF 
 4301      D1AD5C65 
 4301      73D69A
 4302 0f37 468BDA89 		.ascii	"F\213\332\211Xx_t=n\322\2439\252G\323\202\312WD4'\016"
 4302      58785F74 
 4302      3D6ED2A3 
ARM GAS  C:\Users\acest\AppData\Local\Temp\cc8GEYkg.s 			page 176


 4302      39AA47D3 
 4302      82CA5744 
 4303 0f4e 347E895D 		.ascii	"4~\211]\336\353-\356.\271\373q\236\027\327\236-\024"
 4303      DEEB2DEE 
 4303      2EB9FB71 
 4303      9E17D79E 
 4303      2D14
 4304 0f60 2E6B7E2E 		.ascii	".k~.\263\265\">\033s\017i%\363\217[\203\324M+\332s\212"
 4304      B3B5223E 
 4304      1B730F69 
 4304      25F38F5B 
 4304      83D44D2B 
 4305 0f77 32CF3853 		.ascii	"2\3178SJ\231\271\316\222Y\263\347{\341C\374\015\256"
 4305      4A99B9CE 
 4305      9259B3E7 
 4305      7BE143FC 
 4305      0DAE
 4306 0f89 69D6AE09 		.ascii	"i\326\256\011k}\334Z\305\372\225\273\011\347{I\360\335"
 4306      6B7DDC5A 
 4306      C5FA95BB 
 4306      09E77B49 
 4306      F0DD
 4307 0f9b 9E79A739 		.ascii	"\236y\2479<"
 4307      3C
 4308 0fa0 88F97634 		.ascii	"\210\371v4\177C\320m\275\360xo(\263_T<+\255l >\002\342"
 4308      7F43D06D 
 4308      BDF0786F 
 4308      28B35F54 
 4308      3C2BAD6C 
 4309 0fb8 738366BE 		.ascii	"s\203f\276M\230\237\027\026\264\265\267\326\255\334"
 4309      4D989F17 
 4309      16B4B5B7 
 4309      D6ADDC
 4310 0fc7 6E55FDDD 		.ascii	"nU\375\335f\315]s9\2670Ts\310v`\025\217\035\350\361"
 4310      66CD5D73 
 4310      39B73054 
 4310      73C87660 
 4310      158F1DE8 
 4311 0fdc 8EF0B8E2 		.ascii	"\216\360\270\342d\367\314\020\036\321\2365\"\242\016"
 4311      64F7CC10 
 4311      1ED19E35 
 4311      22A20E
 4312 0feb 0AB73497 		.ascii	"\012\2674\227\267\204\313Ua\342\331\262H\354uz\007\360"
 4312      B784CB55 
 4312      61E2D9B2 
 4312      48EC757A 
 4312      07F0
 4313 0ffd ABF540   		.ascii	"\253\365@"
 4314 1000 D786E132 		.ascii	"\327\206\3412\032\245\230s\272\260\370l\236\337\236"
 4314      1AA59873 
 4314      BAB0F86C 
 4314      9EDF9E
 4315 100f C1D7147A 		.ascii	"\301\327\024z\024k\364$\007\035\332\271\345\007\034"
 4315      146BF424 
 4315      071DDAB9 
 4315      E5071C
 4316 101e 53A6621E 		.ascii	"S\246b\036\352\030VM\373\032\267\033\026\312\217\364"
ARM GAS  C:\Users\acest\AppData\Local\Temp\cc8GEYkg.s 			page 177


 4316      EA18564D 
 4316      FB1AB71B 
 4316      16CA8FF4 
 4317 102e 29BF972A 		.ascii	")\277\227*\373\032\243h\013\372lC\351Dy\300\315\226"
 4317      FB1AA368 
 4317      0BFA6C43 
 4317      E94479C0 
 4317      CD96
 4318 1040 CED89B11 		.ascii	"\316\330\233\021\032\270\177\207\375F\337\277\313\245"
 4318      1AB87F87 
 4318      FD46DFBF 
 4318      CBA5
 4319 104e F281E9B3 		.ascii	"\362\201\351\263>#|\033\246'\253=u\207\372\344\236*"
 4319      3E237C1B 
 4319      A627AB3D 
 4319      7587FAE4 
 4319      9E2A
 4320 1060 431F3E5A 		.ascii	"C\037>Z\310\337\262s\016O9\010\355Mg\231\246;\303\231"
 4320      C8DFB273 
 4320      0E4F3908 
 4320      ED4D6799 
 4320      A63BC399 
 4321 1074 EB858BD7 		.ascii	"\353\205\213\327\206\006\276\254\230)\373@K\302\031"
 4321      8606BEAC 
 4321      9829FB40 
 4321      4BC219
 4322 1083 F73F6BAF 		.ascii	"\367?k\257\274\377\214K\376\012\256\276zv}_\220\367"
 4322      BCFF8C4B 
 4322      FE0AAEBE 
 4322      7A767D5F 
 4322      90F7
 4323 1095 D57364C4 		.ascii	"\325sd\304\240z\272\014i2\255\016\227h-\203\313\253"
 4323      A07ABA0C 
 4323      6932AD0E 
 4323      97682D83 
 4323      CBAB
 4324 10a7 2AF372AD 		.ascii	"*\363r\255Q\201/\237\346\3120\217\373\233/\213\015\205"
 4324      51812F9F 
 4324      E6CA308F 
 4324      FB9B2F8B 
 4324      0D85
 4325 10b9 E2D296B2 		.ascii	"\342\322\226\262\377L\345\333-b\277\000\177\366\335"
 4325      FF4CE5DB 
 4325      2D62BF00 
 4325      7FF6DD
 4326 10c8 2FA09739 		.ascii	"/\240\2279\201\312\214%\231\221\201o\226\026\370\030"
 4326      81CA8C25 
 4326      9991816F 
 4326      9616F818 
 4327 10d8 147BA740 		.ascii	"\024{\247@o!\221\373(\217\271\352\216\031+\026\205\005"
 4327      6F2191FB 
 4327      288FB9EA 
 4327      8E192B16 
 4327      8505
 4328 10ea 72FFDC98 		.ascii	"r\377\334\230u:;B\242s#\370\004u\346\330=\277\002Y\""
 4328      753A3B42 
 4328      A27323F8 
ARM GAS  C:\Users\acest\AppData\Local\Temp\cc8GEYkg.s 			page 178


 4328      0475E6D8 
 4328      3DBF0259 
 4329 10ff C3525929 		.ascii	"\303RY)\220e\034\264\243}\367Q\223/(G\007!\240k\371"
 4329      90651CB4 
 4329      A37DF751 
 4329      932F2847 
 4329      0721A06B 
 4330 1114 9C358607 		.ascii	"\2345\206\007\273ez\253\345\"S\272\221Y\261\364<\351"
 4330      BB657AAB 
 4330      E52253BA 
 4330      9159B1F4 
 4330      3CE9
 4331 1126 9B1BA2EF 		.ascii	"\233\033\242\357<\235*Pv\236\260\267\344\311\260B\366"
 4331      3C9D2A50 
 4331      769EB0B7 
 4331      E4C9B042 
 4331      F6
 4332 1137 DF0D0AD8 		.ascii	"\337\015\012\330\004Z\302Q\030D\276\014+eX.+\317\305"
 4332      045AC251 
 4332      1844BE0C 
 4332      2B65582E 
 4332      2BCFC5
 4333 114a 272BC4B6 		.ascii	"'+\304\266R\256\314\266\236V\370\226\214\262/P\255l"
 4333      52AECCB6 
 4333      9E56F896 
 4333      8CB22F50 
 4333      AD6C
 4334 115c 4F21A632 		.ascii	"O!\2462\000\303w\236\322*o4Y\003w\236r\2028\245E\230"
 4334      00C3779E 
 4334      D22A6F34 
 4334      5903779E 
 4334      728238A5 
 4335 1172 BFA32835 		.ascii	"\277\243(5<=\273\256\345^\260Z\233\003\336\021\254\226"
 4335      3C3DBBAE 
 4335      E55EB05A 
 4335      9B03DE11 
 4335      AC96
 4336 1184 7DDE1158 		.ascii	"}\336\021X\316m\316K\343{\317b\227\312[2\354s/\257\365"
 4336      CE6DCE4B 
 4336      E37BCF62 
 4336      97CA5B32 
 4336      EC732FAF 
 4337 1199 2F64588C 		.ascii	"/dX\214KV\331o\277\3472\333\207(@\336K\021\263F\206"
 4337      4B56D96F 
 4337      BFE732DB 
 4337      872840DE 
 4337      4B11B346 
 4338 11ae 028E510B 		.ascii	"\002\216Q\013\306\367]\376\213\022,\224\331f)\254\342"
 4338      C6F75DFE 
 4338      8B122C94 
 4338      D96629AC 
 4338      E2
 4339 11bf 2874BB56 		.ascii	"(t\273V\206\0152\254S\262TtS\311@\266\014\2138\304\177"
 4339      860D32AC 
 4339      53B25474 
 4339      53C940B6 
 4339      0C8B38C4 
ARM GAS  C:\Users\acest\AppData\Local\Temp\cc8GEYkg.s 			page 179


 4340 11d4 83997E25 		.ascii	"\203\231~%\032{f\376\241\220\250\000\263\033\203\230"
 4340      1A7B66FE 
 4340      A190A800 
 4340      B31B8398 
 4341 11e4 15430FD0 		.ascii	"\025C\017\320NLE7\312\314H\266\261z\260|\351<\326\316"
 4341      4E4C4537 
 4341      CACC48B6 
 4341      B17AB07C 
 4341      E93CD6CE 
 4342 11f8 AC69AA95 		.ascii	"\254i\252\225=\033\234\013\266\312\260-\320\251\236"
 4342      3D1B9C0B 
 4342      B6CAB02D 
 4342      D0A99E
 4343 1207 EFCD320B 		.ascii	"\357\3152\013\011\266p\030\372\331.C\221\322o:\217m"
 4343      09B67018 
 4343      FAD92E43 
 4343      91D26F3A 
 4343      8F6D
 4344 1219 FA885911 		.ascii	"\372\210Y\021\373p\333\374\363D\3472\277d\336\316\232"
 4344      FB70DBFC 
 4344      F344E732 
 4344      BF64DECE 
 4344      9A
 4345 122a 8A90A800 		.ascii	"\212\220\250\000\203;\374\015\322\234H\211.G)\344jY"
 4345      833BFC0D 
 4345      D29C4889 
 4345      2E4729E4 
 4345      6A59
 4346 123c F70BEE85 		.ascii	"\367\013\356\205\2075\367\363\276\004\273\367\366\225"
 4346      8735F7F3 
 4346      BE04BBF7 
 4346      F695
 4347 124a FB66870E 		.ascii	"\373f\207\016\213\302\326\350i\354\275\274m\2242@\025"
 4347      8BC2D6E8 
 4347      69ECBDBC 
 4347      6D943240 
 4347      15
 4348 125b 235686BD 		.ascii	"#V\206\275\337:@\355\342 \364\277\207;\277\311\235\226"
 4348      DF3A40ED 
 4348      E220F4BF 
 4348      873BBFC9 
 4348      9D96
 4349 126d 15DFDD6E 		.ascii	"\025\337\335n\015\034\241J|\260\271tP\201\367\346\271"
 4349      0D1CA14A 
 4349      7CB0B974 
 4349      5081F7E6 
 4349      B9
 4350 127e 08ED6D85 		.ascii	"\010\355m\205\250\233\314\363?Q\352&S\206\014\031J\365"
 4350      A89BCCF3 
 4350      3F51EA26 
 4350      53860C19 
 4350      4AF5
 4351 1290 9A3844FC 		.ascii	"\2328D\374j\342>\205{\224\277\327)\345v\313d8(\303~"
 4351      6AE23E85 
 4351      7B94BFD7 
 4351      29E576CB 
 4351      643828C3 
ARM GAS  C:\Users\acest\AppData\Local\Temp\cc8GEYkg.s 			page 180


 4352 12a5 192A6438 		.ascii	"\031*d8 \303!\\\215\312pXIs\321\011e\023~\226\014O("
 4352      20C3215C 
 4352      8DCA7058 
 4352      4973D109 
 4352      65137E96 
 4353 12bc D3D0768F 		.ascii	"\323\320v\217\250\276{\264\242P\354\036\355\224\241"
 4353      A8BE7BB4 
 4353      A250EC1E 
 4353      ED94A1
 4354 12cb 903B1779 		.ascii	"\220;\027y6n\212nd\020V\264\233d\310\342\030QD\306\242"
 4354      366E8A6E 
 4354      641056B4 
 4354      9B64C8E2 
 4354      185144C6 
 4355 12e0 2D6A50EC 		.ascii	"-jP\354`\021=\340\316\304\026\223\262s\250t\333R\205"
 4355      60113DE0 
 4355      CEC41693 
 4355      B273A874 
 4355      DB5285
 4356 12f3 D16732CC 		.ascii	"\321g2\314\226\003\030\211m\270\372jQc\275\024\272}"
 4356      96031889 
 4356      6DB8FA6A 
 4356      5163BD14 
 4356      BA7D
 4357 1305 581FD0B2 		.ascii	"X\037\320\262\321y\243P`\366\341\257>v\272\250\266\345"
 4357      D179A350 
 4357      60F6E1AF 
 4357      3E76BAA8 
 4357      B6E5
 4358 1317 957BB4A3 		.ascii	"\225{\264\243\303\022\025\220\273}\337\236;T\376\274"
 4358      C3121590 
 4358      BB7DDF9E 
 4358      3B54FEBC 
 4359 1327 6EFEEEB0 		.ascii	"n\376\356\260\237\340\254\335\323\325\267p\333\257\262"
 4359      9FE0ACDD 
 4359      D3D5B770 
 4359      DBAFB2
 4360 1336 BCF9E9B8 		.ascii	"\274\371\351\270\326\226\341.\337-\023\246$\274\222"
 4360      D696E12E 
 4360      DF2D13A6 
 4360      24BC92
 4361 1345 DE3F1D89 		.ascii	"\336?\035\211\360Y\315\017_2\274\204\326\371T\262\361"
 4361      F059CD0F 
 4361      5F32BC84 
 4361      D6F954B2 
 4361      F1
 4362 1356 72F34066 		.ascii	"r\363@f\362\350\327\247\367X\203\255\246\252d\276\372"
 4362      F2E8D7A7 
 4362      F75883AD 
 4362      A6AA64BE 
 4362      FA
 4363 1367 F971263E 		.ascii	"\371q&>.w\025\234\371\222\275\273\302\025[f\245\214"
 4363      2E77159C 
 4363      F992BDBB 
 4363      C2155B66 
 4363      A58C
 4364 1379 3FC13165 		.ascii	"?\3011eX\206\343\354\\]\264\315\030\302\236,\356<.\012"
ARM GAS  C:\Users\acest\AppData\Local\Temp\cc8GEYkg.s 			page 181


 4364      5886E3EC 
 4364      5C5DB4CD 
 4364      18C29E2C 
 4364      EE3C2E0A 
 4365 138d D136D670 		.ascii	"\3216\326p\332\326^\262 n$\214b\177FR\360h\037\035$"
 4365      DAD65EB2 
 4365      206E248C 
 4365      627F4652 
 4365      F0681F1D 
 4366 13a2 92F0DFB0 		.ascii	"\222\360\337\260S_\241T\313\034&\246{\023{\316\337\223"
 4366      535FA154 
 4366      CB1C26A6 
 4366      7B137BCE 
 4366      DF93
 4367 13b4 7E3C3498 		.ascii	"~<4\230\261S\334\330I\231#\315|\214\370%[\036\265\264"
 4367      B153DCD8 
 4367      499923CD 
 4367      7C8CF825 
 4367      5B1EB5B4 
 4368 13c8 96471A2D 		.ascii	"\226G\032-\327\340\372^fKt\231\353\340\322a\240D\237"
 4368      D7E0FA5E 
 4368      664B7499 
 4368      EBE0D261 
 4368      A0449F
 4369 13db F2D033CA 		.ascii	"\362\3203\312+\362L\354\267s\262x\311\230~n,_HU\021"
 4369      2BF24CEC 
 4369      B773B278 
 4369      C9987E6E 
 4369      2C5F4855 
 4370 13f0 BEB2FA6A 		.ascii	"\276\262\372j^\316\034s\220\205\333y4U'+\251)\336\270"
 4370      5ECE1C73 
 4370      9085DB79 
 4370      3455272B 
 4370      A929DEB8 
 4371 1404 BDF71535 		.ascii	"\275\367\02555\004\177\203\263\"5P+\303\005v\245&\247"
 4371      35047F83 
 4371      B3223550 
 4371      2BC30576 
 4371      A526A7
 4372 1417 7C08AD7F 		.ascii	"|\010\255\177N\311g\337\335\332\321\345B\351wl-Y\257"
 4372      4EC967DF 
 4372      DDDAD1E5 
 4372      42E9776C 
 4372      2D59AF
 4373 142a A6F32B19 		.ascii	"\246\363+\031\317U\215uCh\313s\001L\271\205\275\367"
 4373      CF558D75 
 4373      4368CB73 
 4373      014CB985 
 4373      BDF7
 4374 143c 8A16994B 		.ascii	"\212\026\231K\212\275\336Y^\357\364\237\262\265*\\T"
 4374      8ABDDE59 
 4374      5EEFF49F 
 4374      B2B52A5C 
 4374      54
 4375 144d FC5E92A1 		.ascii	"\374^\222\241A\306+\325\312\236!\364\266\346\267\246"
 4375      41C62BD5 
 4375      CA9E21F4 
ARM GAS  C:\Users\acest\AppData\Local\Temp\cc8GEYkg.s 			page 182


 4375      B6E6B7A6 
 4376 145d DEC76FA3 		.ascii	"\336\307o\243\352\267I\306sU#s\010}\330\257\337\316"
 4376      EAB749C6 
 4376      73552373 
 4376      087DD8AF 
 4376      DFCE
 4377 146f 257E7E9B 		.ascii	"%~~\233\025\277\227e\270\"\343\225j\245h\010\2355\210"
 4377      15BF9765 
 4377      B822E395 
 4377      6AA56808 
 4377      9D3588
 4378 1482 6B15EF9C 		.ascii	"k\025\357\234\277a\216Y\361\212\2173-\252\327\2532\236"
 4378      BF618E59 
 4378      F18A8F33 
 4378      2DAAD7AB 
 4378      329E
 4379 1494 ABF8AB3F 		.ascii	"\253\370\253?D\217\275\235}Y\2067\275-\206ms\321H\263"
 4379      448FBD9D 
 4379      7D598637 
 4379      BD2D866D 
 4379      73D148B3 
 4380 14a8 5694DD33 		.ascii	"V\224\3353\274x.\327\001\255\002Pu\251\250\327\360\247"
 4380      BC782ED7 
 4380      01AD0250 
 4380      75A9A8D7 
 4380      F0A7
 4381 14ba 3CAD3AE0 		.ascii	"<\255:\340\272\000T/\351\232c\370\223\275c:\240M\000"
 4381      BA00542F 
 4381      E99A63F8 
 4381      93BD633A 
 4381      A04D00
 4382 14cd 66545FCF 		.ascii	"fT_\3170\000\332\015\333\362\002p<\27575T\007t\350\200"
 4382      3000DA0D 
 4382      DBF20270 
 4382      3CBD3735 
 4382      540774E8 
 4383 14e2 76563F21 		.ascii	"vV?!\237$\304Nr\377\353\210\021#\215\377\337\210\213"
 4383      9F24C44E 
 4383      72FFEB88 
 4383      11238DFF 
 4383      DF888B
 4384 14f5 9F183FDE 		.ascii	"\237\030?\336\223b\217w\216\264\261s\247{\314\350\321"
 4384      93628F77 
 4384      8EB4B173 
 4384      A77BCCE8 
 4384      D1
 4385 1506 A3473ADD 		.ascii	"\243G:\335#]\236\221n\227\015\357:&;\222<\356\0216\313"
 4385      235D9E91 
 4385      6E970DEF 
 4385      3A263B92 
 4385      3CEE1136 
 4386 151b DB1F7C3C 		.ascii	"\333\037|<\364\215\321\277\220\242\365{#\306\330c\307"
 4386      F48DD1BF 
 4386      90A2F57B 
 4386      23C6D863 
 4386      C7
 4387 152c 8EFDE4E7 		.ascii	"\216\375\344\3476)\214\337\342Nb<&\361\373\000~H\214"
ARM GAS  C:\Users\acest\AppData\Local\Temp\cc8GEYkg.s 			page 183


 4387      36298CDF 
 4387      E24E623C 
 4387      26F1FB00 
 4387      7E488C
 4388 153f 757F1AE3 		.ascii	"u\177\032\343\261$\304\273=\216$\207+\324\026\027\343"
 4388      B124C4BB 
 4388      3D8E2487 
 4388      2BD41617 
 4388      E3
 4389 1550 89733962 		.ascii	"\211s9b\355\026q\210\361\310I\216\251\236\010\016\216"
 4389      ED167188 
 4389      F1C8498E 
 4389      A99E080E 
 4389      8E
 4390 1561 5161037D 		.ascii	"Qa\003}/\321\346\024n\3745\333\257'p\246n\316z\202\201"
 4390      2FD1E614 
 4390      6EFC35DB 
 4390      AF2770A6 
 4390      6ECE7A82 
 4391 1576 F504A77B 		.ascii	"\365\004\247{\202\3133!>\311\226\220bwL\320X\306I\026"
 4391      82CB3321 
 4391      3EC99690 
 4391      62774CD0 
 4391      58C64916 
 4392 158a 8FDB13EB 		.ascii	"\217\333\023\353q\304x\302\335\323\334\361I\036\207"
 4392      71C478C2 
 4392      DDD3DCF1 
 4392      491E87
 4393 1599 6B726C42 		.ascii	"krlB\214Gp\216q;S\\6G\204\361\002\371\"\265\204dW\274"
 4393      8C47708E 
 4393      713B535C 
 4393      364784F1 
 4393      02F922B5 
 4394 15b1 D3EC61DF 		.ascii	"\323\354a\3371\036s\242g*ccA\376\211)\036\307T\213#"
 4394      311E73A2 
 4394      672A6363 
 4394      41FE8929 
 4394      1EC7548B 
 4395 15c6 D991648F 		.ascii	"\331\221d\217O\232dItO\372[\212#\305\301~\342'V\365"
 4395      4F9A6449 
 4395      744FFA5B 
 4395      8A23C5C1 
 4395      7EE22756 
 4396 15db 04634B76 		.ascii	"\004cKv9&\277\372\014\244\231\017\306\331<%6\336\203"
 4396      3926BFFA 
 4396      0CA4990F 
 4396      C6D93C25 
 4396      36DE83
 4397 15ee D6CD688B 		.ascii	"\326\315h\213\335\013U\2161\036H19\246\260\254\232\246"
 4397      DD0B558E 
 4397      311E4831 
 4397      39A6B0AC 
 4397      9AA6
 4398 1600 78905432 		.ascii	"x\220T2\036\334\216\304\3440\004\340169\316\351r\230"
 4398      1EDC8EC4 
 4398      E43004E0 
 4398      313639CE 
ARM GAS  C:\Users\acest\AppData\Local\Temp\cc8GEYkg.s 			page 184


 4398      E97298
 4399 1613 DD2CF3EE 		.ascii	"\335,\363\356I!(1\236\220)\036\217+y\220\222o\227\343"
 4399      49212831 
 4399      9E90291E 
 4399      8F2B7990 
 4399      926F97E3 
 4400 1627 1387CB91 		.ascii	"\023\207\313\221\304\242DU\347\304\277&[\034S\343=6"
 4400      C4A24455 
 4400      E7C4BF26 
 4400      5B1C53E3 
 4400      3D36
 4401 1639 A7DD6172 		.ascii	"\247\335ar\331\247\241\306\317\237\201/\352;l\234\261"
 4401      D9A7A1C6 
 4401      CF9F812F 
 4401      EA3B6C9C 
 4401      B1
 4402 164a 8C86DD66 		.ascii	"\214\206\335f\017\373\306ty\022\321\036\272\346\231"
 4402      0FFBC674 
 4402      7912D11E 
 4402      BAE699
 4403 1659 374D899D 		.ascii	"7M\211\235\030\353vX\335\236Oc\023\342'%\2616\217Mt"
 4403      18EB7658 
 4403      DD9E4F63 
 4403      13E22725 
 4403      B1368F4D 
 4404 166e C8B6B858 		.ascii	"\310\266\270XW\210s\0126p\004\262w\272c\342\223\020"
 4404      5788730A 
 4404      367004B2 
 4404      77BA63E2 
 4404      9310
 4405 1680 8FD4C20D 		.ascii	"\217\324\302\015\347H\323\305\263Im\236\251\350d\222"
 4405      E748D3C5 
 4405      B3496D9E 
 4405      A9E86492 
 4406 1690 DB94E08A 		.ascii	"\333\224\340\212qL\265YR\260-_\035\023\343\241\256\321"
 4406      714CB559 
 4406      52B02D5F 
 4406      1D13E3A1 
 4406      AED1
 4407 16a2 A3514611 		.ascii	"\243QF\021\327\257\210\353\227\304\365\013\342\032K"
 4407      D7AF88EB 
 4407      97C4F50B 
 4407      E21A4B
 4408 16b1 5C3F27AE 		.ascii	"\\?'\256\327\314\314-6\340\200d\247\313\203\026=hb\334"
 4408      D7CCCC2D 
 4408      36E08064 
 4408      A7CB8316 
 4408      3D6862DC 
 4409 16c5 37476773 		.ascii	"7Ggs&&:\223&0\005\367\204XW\342\344_\274\222\370Jl\202"
 4409      26263A93 
 4409      263005F7 
 4409      845857E2 
 4409      E45FBC92 
 4410 16dd 077136CC 		.ascii	"\007q6\314,\006J\334\311\302\036\226-\332\013\343\347"
 4410      2C064ADC 
 4410      C9C21E96 
 4410      2DDA0BE3 
ARM GAS  C:\Users\acest\AppData\Local\Temp\cc8GEYkg.s 			page 185


 4410      E7
 4411 16ee 3627D6D5 		.ascii	"6'\326\325T\017\215\263\273L\311\234\356s\030\022\253"
 4411      540F8DB3 
 4411      BB4CC99C 
 4411      EE731812 
 4411      AB
 4412 16ff 1D57BC67 		.ascii	"\035W\274g\232(\207\250\200;\274@\342\235!\374Bf\355"
 4412      9A2887A8 
 4412      803BBC40 
 4412      E29D21FC 
 4412      4266ED
 4413 1712 1B9298EC 		.ascii	"\033\222\230\354t&\204\362j\214\307\316\201\235(.6\311"
 4413      742684F2 
 4413      6A8CC7CE 
 4413      819D282E 
 4413      36C9
 4414 1724 9EC0FA00 		.ascii	"\236\300\372\000\035=V\012\345\224\034\257$JV\244\203"
 4414      1D3D560A 
 4414      E5941CAF 
 4414      244A56A4 
 4414      83
 4415 1735 2E5F497C 		.ascii	"._I|M\032b\213{s\262\347#\307$\326]\\\357cm\3741\336"
 4415      4D1A628B 
 4415      7B73B2E7 
 4415      23C724D6 
 4415      5D5CEF63 
 4416 174d 13F716EB 		.ascii	"\023\367\026\3530\357\374\354\215_O\370\330\355pa06"
 4416      30EFFCEC 
 4416      8D5F4FF8 
 4416      D8ED7061 
 4416      3036
 4417 175f 87DB33E1 		.ascii	"\207\3333\341\267\016\367\247\036g\362\204\217F\274"
 4417      B70EF7A7 
 4417      1E67F284 
 4417      8F46BC
 4418 176e 3EE28D11 		.ascii	">\342\215\021oNp\341md\345d\315(\375\333?0@H?\354\237"
 4418      6F4E70E1 
 4418      6D64E564 
 4418      CD28FDDB 
 4418      3F304048 
 4419 1785 4524FFE9 		.ascii	"E$\377\351\343$\227\362\343\013\374\372m\207\347\365"
 4419      E32497F2 
 4419      E30BFCFA 
 4419      6D87E7F5 
 4420 1795 24FB1B09 		.ascii	"$\373\033\011\216X\327\233\334\310;\317\007\277\037"
 4420      8E58D79B 
 4420      DCC83BCF 
 4420      07BF1F
 4421 17a4 C16FBF6E 		.ascii	"\301o\277n\267\213\313\000\224\210tp\320\333a\374\356"
 4421      B78BCB00 
 4421      94887470 
 4421      D0DB61FC 
 4421      EE
 4422 17b5 78ACBAD8 		.ascii	"x\254\272\330\204w\006\030.\242\371\371o\\\316X\273"
 4422      84770618 
 4422      2EA2F9F9 
 4422      6F5CCE58 
ARM GAS  C:\Users\acest\AppData\Local\Temp\cc8GEYkg.s 			page 186


 4422      BB
 4423 17c6 2DD6ED11 		.ascii	"-\326\355\0216\242\202\334\014\347"
 4423      36A282DC 
 4423      0CE7
 4424 17d0 F77E1BEF 		.ascii	"\367~\033\357N\216\365\330\342\204\275?b\357\374\217"
 4424      4E8EF5D8 
 4424      E284BD3F 
 4424      62EFFC8F 
 4425 17e0 24877EF1 		.ascii	"$\207~\361z\3224\303EBB\224\021\366\207\370D\2073\305"
 4425      7AD234C3 
 4425      45424294 
 4425      11F687F8 
 4425      448733C5 
 4426 17f4 13654407 		.ascii	"\023eD\007\336KHP\356!\313\361\266\270\217\260\263N"
 4426      DE4B4850 
 4426      EE21CBF1 
 4426      B6B88FB0 
 4426      B34E
 4427 1806 7B67CC33 		.ascii	"{g\3143\364E\267-\316\216\3659PQ\307K\207=%\3011>\234"
 4427      F445B72D 
 4427      CE8EF539 
 4427      5051C74B 
 4427      873D25C1 
 4428 181d DF78DB39 		.ascii	"\337x\3339>\301\341H\036\037m\274R<\216\247\266\270"
 4428      3EC1E148 
 4428      1E1F6DBC 
 4428      523C8EA7 
 4428      B6B8
 4429 182f 51D6C458 		.ascii	"Q\326\304X\354!|\2200a9\177\022?i\260o\257\214\021w"
 4429      EC217C90 
 4429      3061397F 
 4429      123F69B0 
 4429      6FAF8C11 
 4430 1844 A3036F61 		.ascii	"\243\003oa\035\273>\261\245\260\301\212\035e6<\015`"
 4430      1DBB3EB1 
 4430      A5B0C18A 
 4430      1D65363C 
 4430      0D60
 4431 1856 673162F8 		.ascii	"g1b\370\177\226(\230\032Fa\342\352\0363\353t1\361\366"
 4431      7F962898 
 4431      1A4661E2 
 4431      EA1E33EB 
 4431      7431F1F6 
 4432 186a 50E58877 		.ascii	"P\345\210w\260\210XO\031\300\234\361zrM\263\252'8XL"
 4432      B088584F 
 4432      19C09CF1 
 4432      7A724DB3 
 4432      AA273858 
 4433 187f F6F0713A 		.ascii	"\366\360q:\001\233\317\203\321\205\342\230\317\2168"
 4433      019BCF83 
 4433      D185E298 
 4433      CF8E38
 4434 188e 16D9D90F 		.ascii	"\026\331\331\017\230\214\030\273#\301\023\313\207\323"
 4434      988C18BB 
 4434      23C113CB 
 4434      87D3
 4435 189c 489F2B86 		.ascii	"H\237+\206a\027X`1\223\343]\236\0246M\240\256\313-\306"
ARM GAS  C:\Users\acest\AppData\Local\Temp\cc8GEYkg.s 			page 187


 4435      61175860 
 4435      3193E35D 
 4435      9E14364D 
 4435      A0AECB2D 
 4436 18b1 606613E3 		.ascii	"`f\023\343NL\346C\317\330\327b<\203\203\300\320\212"
 4436      4E4CE643 
 4436      CFD8D762 
 4436      3C8383C0 
 4436      D08A
 4437 18c3 4BF5C492 		.ascii	"K\365\304\2229\215\3375\333R\\8\354z\302\364[\330\243"
 4437      398DDF35 
 4437      DB525C38 
 4437      EC7AC2F4 
 4437      5BD8A3
 4438 18d6 ED132731 		.ascii	"\355\023'1\012\214\243#\021\231LL\231\024\232\034\233"
 4438      0A8CA323 
 4438      11994C4C 
 4438      99149A1C 
 4438      9B
 4439 18e7 146F8BC1 		.ascii	"\024o\213\301q\370Y\346\015\256\212i\2130\232\212\361"
 4439      71F859E6 
 4439      0DAE8A69 
 4439      8B309A8A 
 4439      F1
 4440 18f8 8C7E96F2 		.ascii	"\214~\226\362\231\306\206qd\375\2078;\366\242\361\216"
 4440      99C68671 
 4440      64FD8738 
 4440      3BF6A2F1 
 4440      8E
 4441 1909 844FFEF4 		.ascii	"\204O\376\364,S\201(\035n#\006\247\"O\314o^\037\377"
 4441      2C538128 
 4441      1D6E2306 
 4441      A7224FCC 
 4441      6F5E1FFF 
 4442 191d E6871FBD 		.ascii	"\346\207\037\275\023\036\2330%v\032\253\231\204\370"
 4442      131E9B30 
 4442      25761AAB 
 4442      9984F8
 4443 192c 24C7EFFF 		.ascii	"$\307\357\377\256\341\027\207R6\370N\260%\272\343\331"
 4443      AEE11787 
 4443      5236F84E 
 4443      B025BAE3 
 4443      D9
 4444 193d 4D974377 		.ascii	"M\227Cw\304n\305L\262\331\320\021\316\212\343\247\271"
 4444      C46EC54C 
 4444      B2D9D011 
 4444      CE8AE3A7 
 4444      B9
 4445 194e 7FEFB47D 		.ascii	"\177\357\264}\032\312G\341\004<\033\300\357}\234\304"
 4445      1ACA47E1 
 4445      043C1BC0 
 4445      EF7D9CC4 
 4446 195e CFF9DD14 		.ascii	"\317\371\335\024~\036\351;\210\274\363\177\257^M/"
 4446      7E1EE93B 
 4446      88BCF37F 
 4446      AF5E4D2F 
 4447              		.text
ARM GAS  C:\Users\acest\AppData\Local\Temp\cc8GEYkg.s 			page 188


 4448              		.section	.gnu.lto_.symtab.b3bfce6d,"e",%progbits
 4449 0000 63684576 		.ascii	"chEvtRegisterMaskWithFlagsI\000"
 4449      74526567 
 4449      69737465 
 4449      724D6173 
 4449      6B576974 
 4450 001c 00       		.ascii	"\000"
 4451 001d 00       		.ascii	"\000"
 4452 001e 00       		.ascii	"\000"
 4453 001f 00000000 		.ascii	"\000\000\000\000\000\000\000\000"
 4453      00000000 
 4454 0027 A9010000 		.ascii	"\251\001\000\000"
 4455 002b 63684576 		.ascii	"chEvtRegisterMaskWithFlags\000"
 4455      74526567 
 4455      69737465 
 4455      724D6173 
 4455      6B576974 
 4456 0046 00       		.ascii	"\000"
 4457 0047 00       		.ascii	"\000"
 4458 0048 00       		.ascii	"\000"
 4459 0049 00000000 		.ascii	"\000\000\000\000\000\000\000\000"
 4459      00000000 
 4460 0051 AB010000 		.ascii	"\253\001\000\000"
 4461 0055 63684576 		.ascii	"chEvtUnregister\000"
 4461      74556E72 
 4461      65676973 
 4461      74657200 
 4462 0065 00       		.ascii	"\000"
 4463 0066 00       		.ascii	"\000"
 4464 0067 00       		.ascii	"\000"
 4465 0068 00000000 		.ascii	"\000\000\000\000\000\000\000\000"
 4465      00000000 
 4466 0070 B0010000 		.ascii	"\260\001\000\000"
 4467 0074 63684576 		.ascii	"chEvtGetAndClearEventsI\000"
 4467      74476574 
 4467      416E6443 
 4467      6C656172 
 4467      4576656E 
 4468 008c 00       		.ascii	"\000"
 4469 008d 00       		.ascii	"\000"
 4470 008e 00       		.ascii	"\000"
 4471 008f 00000000 		.ascii	"\000\000\000\000\000\000\000\000"
 4471      00000000 
 4472 0097 B4010000 		.ascii	"\264\001\000\000"
 4473 009b 63684576 		.ascii	"chEvtGetAndClearEvents\000"
 4473      74476574 
 4473      416E6443 
 4473      6C656172 
 4473      4576656E 
 4474 00b2 00       		.ascii	"\000"
 4475 00b3 00       		.ascii	"\000"
 4476 00b4 00       		.ascii	"\000"
 4477 00b5 00000000 		.ascii	"\000\000\000\000\000\000\000\000"
 4477      00000000 
 4478 00bd B6010000 		.ascii	"\266\001\000\000"
 4479 00c1 63684576 		.ascii	"chEvtAddEvents\000"
 4479      74416464 
ARM GAS  C:\Users\acest\AppData\Local\Temp\cc8GEYkg.s 			page 189


 4479      4576656E 
 4479      747300
 4480 00d0 00       		.ascii	"\000"
 4481 00d1 00       		.ascii	"\000"
 4482 00d2 00       		.ascii	"\000"
 4483 00d3 00000000 		.ascii	"\000\000\000\000\000\000\000\000"
 4483      00000000 
 4484 00db B8010000 		.ascii	"\270\001\000\000"
 4485 00df 63684576 		.ascii	"chEvtGetAndClearFlagsI\000"
 4485      74476574 
 4485      416E6443 
 4485      6C656172 
 4485      466C6167 
 4486 00f6 00       		.ascii	"\000"
 4487 00f7 00       		.ascii	"\000"
 4488 00f8 00       		.ascii	"\000"
 4489 00f9 00000000 		.ascii	"\000\000\000\000\000\000\000\000"
 4489      00000000 
 4490 0101 BC010000 		.ascii	"\274\001\000\000"
 4491 0105 63684576 		.ascii	"chEvtGetAndClearFlags\000"
 4491      74476574 
 4491      416E6443 
 4491      6C656172 
 4491      466C6167 
 4492 011b 00       		.ascii	"\000"
 4493 011c 00       		.ascii	"\000"
 4494 011d 00       		.ascii	"\000"
 4495 011e 00000000 		.ascii	"\000\000\000\000\000\000\000\000"
 4495      00000000 
 4496 0126 BE010000 		.ascii	"\276\001\000\000"
 4497 012a 63684576 		.ascii	"chEvtSignalI\000"
 4497      74536967 
 4497      6E616C49 
 4497      00
 4498 0137 00       		.ascii	"\000"
 4499 0138 00       		.ascii	"\000"
 4500 0139 00       		.ascii	"\000"
 4501 013a 00000000 		.ascii	"\000\000\000\000\000\000\000\000"
 4501      00000000 
 4502 0142 C3010000 		.ascii	"\303\001\000\000"
 4503 0146 63684576 		.ascii	"chEvtSignal\000"
 4503      74536967 
 4503      6E616C00 
 4504 0152 00       		.ascii	"\000"
 4505 0153 00       		.ascii	"\000"
 4506 0154 00       		.ascii	"\000"
 4507 0155 00000000 		.ascii	"\000\000\000\000\000\000\000\000"
 4507      00000000 
 4508 015d C5010000 		.ascii	"\305\001\000\000"
 4509 0161 63684576 		.ascii	"chEvtBroadcastFlagsI\000"
 4509      7442726F 
 4509      61646361 
 4509      7374466C 
 4509      61677349 
 4510 0176 00       		.ascii	"\000"
 4511 0177 00       		.ascii	"\000"
 4512 0178 00       		.ascii	"\000"
ARM GAS  C:\Users\acest\AppData\Local\Temp\cc8GEYkg.s 			page 190


 4513 0179 00000000 		.ascii	"\000\000\000\000\000\000\000\000"
 4513      00000000 
 4514 0181 CA010000 		.ascii	"\312\001\000\000"
 4515 0185 63684576 		.ascii	"chEvtBroadcastFlags\000"
 4515      7442726F 
 4515      61646361 
 4515      7374466C 
 4515      61677300 
 4516 0199 00       		.ascii	"\000"
 4517 019a 00       		.ascii	"\000"
 4518 019b 00       		.ascii	"\000"
 4519 019c 00000000 		.ascii	"\000\000\000\000\000\000\000\000"
 4519      00000000 
 4520 01a4 CC010000 		.ascii	"\314\001\000\000"
 4521 01a8 63684576 		.ascii	"chEvtDispatch\000"
 4521      74446973 
 4521      70617463 
 4521      6800
 4522 01b6 00       		.ascii	"\000"
 4523 01b7 00       		.ascii	"\000"
 4524 01b8 00       		.ascii	"\000"
 4525 01b9 00000000 		.ascii	"\000\000\000\000\000\000\000\000"
 4525      00000000 
 4526 01c1 D1010000 		.ascii	"\321\001\000\000"
 4527 01c5 63684576 		.ascii	"chEvtWaitOne\000"
 4527      74576169 
 4527      744F6E65 
 4527      00
 4528 01d2 00       		.ascii	"\000"
 4529 01d3 00       		.ascii	"\000"
 4530 01d4 00       		.ascii	"\000"
 4531 01d5 00000000 		.ascii	"\000\000\000\000\000\000\000\000"
 4531      00000000 
 4532 01dd D3010000 		.ascii	"\323\001\000\000"
 4533 01e1 63684576 		.ascii	"chEvtWaitAny\000"
 4533      74576169 
 4533      74416E79 
 4533      00
 4534 01ee 00       		.ascii	"\000"
 4535 01ef 00       		.ascii	"\000"
 4536 01f0 00       		.ascii	"\000"
 4537 01f1 00000000 		.ascii	"\000\000\000\000\000\000\000\000"
 4537      00000000 
 4538 01f9 D5010000 		.ascii	"\325\001\000\000"
 4539 01fd 63684576 		.ascii	"chEvtWaitAll\000"
 4539      74576169 
 4539      74416C6C 
 4539      00
 4540 020a 00       		.ascii	"\000"
 4541 020b 00       		.ascii	"\000"
 4542 020c 00       		.ascii	"\000"
 4543 020d 00000000 		.ascii	"\000\000\000\000\000\000\000\000"
 4543      00000000 
 4544 0215 D7010000 		.ascii	"\327\001\000\000"
 4545 0219 63684576 		.ascii	"chEvtWaitOneTimeout\000"
 4545      74576169 
 4545      744F6E65 
ARM GAS  C:\Users\acest\AppData\Local\Temp\cc8GEYkg.s 			page 191


 4545      54696D65 
 4545      6F757400 
 4546 022d 00       		.ascii	"\000"
 4547 022e 00       		.ascii	"\000"
 4548 022f 00       		.ascii	"\000"
 4549 0230 00000000 		.ascii	"\000\000\000\000\000\000\000\000"
 4549      00000000 
 4550 0238 DC010000 		.ascii	"\334\001\000\000"
 4551 023c 63684576 		.ascii	"chEvtWaitAnyTimeout\000"
 4551      74576169 
 4551      74416E79 
 4551      54696D65 
 4551      6F757400 
 4552 0250 00       		.ascii	"\000"
 4553 0251 00       		.ascii	"\000"
 4554 0252 00       		.ascii	"\000"
 4555 0253 00000000 		.ascii	"\000\000\000\000\000\000\000\000"
 4555      00000000 
 4556 025b DE010000 		.ascii	"\336\001\000\000"
 4557 025f 63684576 		.ascii	"chEvtWaitAllTimeout\000"
 4557      74576169 
 4557      74416C6C 
 4557      54696D65 
 4557      6F757400 
 4558 0273 00       		.ascii	"\000"
 4559 0274 00       		.ascii	"\000"
 4560 0275 00       		.ascii	"\000"
 4561 0276 00000000 		.ascii	"\000\000\000\000\000\000\000\000"
 4561      00000000 
 4562 027e E0010000 		.ascii	"\340\001\000\000"
 4563 0282 63683000 		.ascii	"ch0\000"
 4564 0286 00       		.ascii	"\000"
 4565 0287 02       		.ascii	"\002"
 4566 0288 00       		.ascii	"\000"
 4567 0289 00000000 		.ascii	"\000\000\000\000\000\000\000\000"
 4567      00000000 
 4568 0291 47020000 		.ascii	"G\002\000\000"
 4569 0295 63685363 		.ascii	"chSchReadyI\000"
 4569      68526561 
 4569      64794900 
 4570 02a1 00       		.ascii	"\000"
 4571 02a2 02       		.ascii	"\002"
 4572 02a3 00       		.ascii	"\000"
 4573 02a4 00000000 		.ascii	"\000\000\000\000\000\000\000\000"
 4573      00000000 
 4574 02ac E4010000 		.ascii	"\344\001\000\000"
 4575 02b0 63685363 		.ascii	"chSchRescheduleS\000"
 4575      68526573 
 4575      63686564 
 4575      756C6553 
 4575      00
 4576 02c1 00       		.ascii	"\000"
 4577 02c2 02       		.ascii	"\002"
 4578 02c3 00       		.ascii	"\000"
 4579 02c4 00000000 		.ascii	"\000\000\000\000\000\000\000\000"
 4579      00000000 
 4580 02cc E7010000 		.ascii	"\347\001\000\000"
ARM GAS  C:\Users\acest\AppData\Local\Temp\cc8GEYkg.s 			page 192


 4581 02d0 63685363 		.ascii	"chSchGoSleepS\000"
 4581      68476F53 
 4581      6C656570 
 4581      5300
 4582 02de 00       		.ascii	"\000"
 4583 02df 02       		.ascii	"\002"
 4584 02e0 00       		.ascii	"\000"
 4585 02e1 00000000 		.ascii	"\000\000\000\000\000\000\000\000"
 4585      00000000 
 4586 02e9 EB010000 		.ascii	"\353\001\000\000"
 4587 02ed 63685363 		.ascii	"chSchGoSleepTimeoutS\000"
 4587      68476F53 
 4587      6C656570 
 4587      54696D65 
 4587      6F757453 
 4588 0302 00       		.ascii	"\000"
 4589 0303 02       		.ascii	"\002"
 4590 0304 00       		.ascii	"\000"
 4591 0305 00000000 		.ascii	"\000\000\000\000\000\000\000\000"
 4591      00000000 
 4592 030d F0010000 		.ascii	"\360\001\000\000"
 4593              		.text
 4594              		.section	.gnu.lto_.ext_symtab.b3bfce6d,"e",%progbits
 4595 0000 01       		.ascii	"\001"
 4596 0001 01       		.ascii	"\001"
 4597 0002 00       		.ascii	"\000"
 4598 0003 01       		.ascii	"\001"
 4599 0004 00       		.ascii	"\000"
 4600 0005 01       		.ascii	"\001"
 4601 0006 00       		.ascii	"\000"
 4602 0007 01       		.ascii	"\001"
 4603 0008 00       		.ascii	"\000"
 4604 0009 01       		.ascii	"\001"
 4605 000a 00       		.ascii	"\000"
 4606 000b 01       		.ascii	"\001"
 4607 000c 00       		.ascii	"\000"
 4608 000d 01       		.ascii	"\001"
 4609 000e 00       		.ascii	"\000"
 4610 000f 01       		.ascii	"\001"
 4611 0010 00       		.ascii	"\000"
 4612 0011 01       		.ascii	"\001"
 4613 0012 00       		.ascii	"\000"
 4614 0013 01       		.ascii	"\001"
 4615 0014 00       		.ascii	"\000"
 4616 0015 01       		.ascii	"\001"
 4617 0016 00       		.ascii	"\000"
 4618 0017 01       		.ascii	"\001"
 4619 0018 00       		.ascii	"\000"
 4620 0019 01       		.ascii	"\001"
 4621 001a 00       		.ascii	"\000"
 4622 001b 01       		.ascii	"\001"
 4623 001c 00       		.ascii	"\000"
 4624 001d 01       		.ascii	"\001"
 4625 001e 00       		.ascii	"\000"
 4626 001f 01       		.ascii	"\001"
 4627 0020 00       		.ascii	"\000"
 4628 0021 01       		.ascii	"\001"
ARM GAS  C:\Users\acest\AppData\Local\Temp\cc8GEYkg.s 			page 193


 4629 0022 00       		.ascii	"\000"
 4630 0023 01       		.ascii	"\001"
 4631 0024 00       		.ascii	"\000"
 4632 0025 01       		.ascii	"\001"
 4633 0026 00       		.ascii	"\000"
 4634 0027 02       		.ascii	"\002"
 4635 0028 01       		.ascii	"\001"
 4636 0029 01       		.ascii	"\001"
 4637 002a 00       		.ascii	"\000"
 4638 002b 01       		.ascii	"\001"
 4639 002c 00       		.ascii	"\000"
 4640 002d 01       		.ascii	"\001"
 4641 002e 00       		.ascii	"\000"
 4642 002f 01       		.ascii	"\001"
 4643 0030 00       		.ascii	"\000"
 4644              		.text
 4645              		.section	.gnu.lto_.opts,"e",%progbits
 4646 0000 272D666E 		.ascii	"'-fno-openmp' '-fno-openacc' '-fno-pie' '-fcf-prote"
 4646      6F2D6F70 
 4646      656E6D70 
 4646      2720272D 
 4646      666E6F2D 
 4647 0033 6374696F 		.ascii	"ction=none' '-g' '-mcpu=cortex-m4' '-mthumb' '-mflo"
 4647      6E3D6E6F 
 4647      6E652720 
 4647      272D6727 
 4647      20272D6D 
 4648 0066 61742D61 		.ascii	"at-abi=soft' '-mlibarch=armv7e-m' '-march=armv7e-m'"
 4648      62693D73 
 4648      6F667427 
 4648      20272D6D 
 4648      6C696261 
 4649 0099 20272D4F 		.ascii	" '-O2' '-fomit-frame-pointer' '-falign-functions=16"
 4649      32272027 
 4649      2D666F6D 
 4649      69742D66 
 4649      72616D65 
 4650 00cc 2720272D 		.ascii	"' '-ffunction-sections' '-fdata-sections' '-fno-com"
 4650      6666756E 
 4650      6374696F 
 4650      6E2D7365 
 4650      6374696F 
 4651 00ff 6D6F6E27 		.ascii	"mon' '-flto' '-Xassembler' '-alms=./build/lst/cheve"
 4651      20272D66 
 4651      6C746F27 
 4651      20272D58 
 4651      61737365 
 4652 0132 6E74732E 		.ascii	"nts.lst'\000"
 4652      6C737427 
 4652      00
 4653              		.text
 4654              		.comm	__gnu_lto_slim,1,1
 4655              		.ident	"GCC: (GNU Arm Embedded Toolchain 10.3-2021.10) 10.3.1 20210824 (release)"
ARM GAS  C:\Users\acest\AppData\Local\Temp\cc8GEYkg.s 			page 194


DEFINED SYMBOLS
                            *ABS*:00000000 chevents.c
C:\Users\acest\AppData\Local\Temp\cc8GEYkg.s:35     .gnu.debuglto_.debug_info:00000000 chevents.c.2da66f5c
                            *COM*:00000001 __gnu_lto_slim

NO UNDEFINED SYMBOLS
