ARM GAS  C:\Users\acest\AppData\Local\Temp\cctDK88S.s 			page 1


   1              		.cpu cortex-m4
   2              		.arch armv7e-m
   3              		.fpu softvfp
   4              		.eabi_attribute 20, 1
   5              		.eabi_attribute 21, 1
   6              		.eabi_attribute 23, 3
   7              		.eabi_attribute 24, 1
   8              		.eabi_attribute 25, 1
   9              		.eabi_attribute 26, 1
  10              		.eabi_attribute 30, 2
  11              		.eabi_attribute 34, 1
  12              		.eabi_attribute 18, 4
  13              		.file	"chfactory.c"
  14              		.file 1 "c:\\chibistudio\\tools\\gnu tools arm embedded\\10.3 2021.10\\lib\\gcc\\arm-none-eabi\\10
  15              		.file 2 "c:\\chibistudio\\tools\\gnu tools arm embedded\\10.3 2021.10\\arm-none-eabi\\include\\mac
  16              		.file 3 "c:\\chibistudio\\tools\\gnu tools arm embedded\\10.3 2021.10\\arm-none-eabi\\include\\sys
  17              		.file 4 "c:\\chibistudio\\chibios2111\\os\\common\\ports\\arm-common\\chtypes.h"
  18              		.file 5 "c:\\chibistudio\\chibios2111\\os\\rt\\include\\chearly.h"
  19              		.file 6 "c:\\chibistudio\\chibios2111\\os\\rt\\include\\chobjects.h"
  20              		.file 7 "c:\\chibistudio\\chibios2111\\os\\rt\\include\\chrfcu.h"
  21              		.file 8 "c:\\chibistudio\\chibios2111\\os\\rt\\include\\chdebug.h"
  22              		.file 9 "c:\\chibistudio\\chibios2111\\os\\rt\\include\\chtime.h"
  23              		.file 10 "c:\\chibistudio\\chibios2111\\os\\rt\\include\\chlists.h"
  24              		.file 11 "c:\\chibistudio\\chibios2111\\os\\common\\ports\\armv7-m-alt\\chcore.h"
  25              		.file 12 "c:\\chibistudio\\chibios2111\\os\\rt\\include\\chsem.h"
  26              		.file 13 "c:\\chibistudio\\chibios2111\\os\\rt\\include\\chmtx.h"
  27              		.file 14 "c:\\chibistudio\\chibios2111\\os\\oslib\\include\\chmboxes.h"
  28              		.file 15 "c:\\chibistudio\\chibios2111\\os\\oslib\\include\\chmemcore.h"
  29              		.file 16 "c:\\chibistudio\\chibios2111\\os\\oslib\\include\\chmempools.h"
  30              		.file 17 "c:\\chibistudio\\chibios2111\\os\\oslib\\include\\chobjfifos.h"
  31              		.file 18 "c:\\chibistudio\\chibios2111\\os\\oslib\\include\\chpipes.h"
  32              		.file 19 "c:\\chibistudio\\chibios2111\\os\\oslib\\include\\chfactory.h"
  33              		.file 20 "../../../../../ChibiStudio/chibios2111/os/oslib/src/chfactory.c"
  34              		.section	.gnu.debuglto_.debug_info,"e",%progbits
  35              	.Ldebug_info0:
  36              		.hidden	chfactory.c.ad870acd
  37              		.weak	chfactory.c.ad870acd
  38              	chfactory.c.ad870acd:
  39 0000 4B130000 		.4byte	0x134b
  40 0004 0400     		.2byte	0x4
  41 0006 00000000 		.4byte	.Ldebug_abbrev0
  42 000a 04       		.byte	0x4
  43 000b 01       		.uleb128 0x1
  44 000c 35010000 		.4byte	.LASF210
  45 0010 0C       		.byte	0xc
  46 0011 10000000 		.4byte	.LASF211
  47 0015 6D080000 		.4byte	.LASF212
  48 0019 00000000 		.4byte	.Ldebug_line0
  49 001d 02       		.uleb128 0x2
  50 001e 04       		.byte	0x4
  51 001f 05       		.byte	0x5
  52 0020 696E7400 		.ascii	"int\000"
  53 0024 03       		.uleb128 0x3
  54 0025 65000000 		.4byte	.LASF4
  55 0029 01       		.byte	0x1
  56 002a D1       		.byte	0xd1
  57 002b 17       		.byte	0x17
ARM GAS  C:\Users\acest\AppData\Local\Temp\cctDK88S.s 			page 2


  58 002c 30000000 		.4byte	0x30
  59 0030 04       		.uleb128 0x4
  60 0031 04       		.byte	0x4
  61 0032 07       		.byte	0x7
  62 0033 95060000 		.4byte	.LASF0
  63 0037 04       		.uleb128 0x4
  64 0038 08       		.byte	0x8
  65 0039 05       		.byte	0x5
  66 003a 11060000 		.4byte	.LASF1
  67 003e 04       		.uleb128 0x4
  68 003f 08       		.byte	0x8
  69 0040 04       		.byte	0x4
  70 0041 62070000 		.4byte	.LASF2
  71 0045 04       		.uleb128 0x4
  72 0046 01       		.byte	0x1
  73 0047 06       		.byte	0x6
  74 0048 F8020000 		.4byte	.LASF3
  75 004c 03       		.uleb128 0x3
  76 004d 54020000 		.4byte	.LASF5
  77 0051 02       		.byte	0x2
  78 0052 2B       		.byte	0x2b
  79 0053 18       		.byte	0x18
  80 0054 58000000 		.4byte	0x58
  81 0058 04       		.uleb128 0x4
  82 0059 01       		.byte	0x1
  83 005a 08       		.byte	0x8
  84 005b 71030000 		.4byte	.LASF6
  85 005f 04       		.uleb128 0x4
  86 0060 02       		.byte	0x2
  87 0061 05       		.byte	0x5
  88 0062 A7090000 		.4byte	.LASF7
  89 0066 04       		.uleb128 0x4
  90 0067 02       		.byte	0x2
  91 0068 07       		.byte	0x7
  92 0069 BF0A0000 		.4byte	.LASF8
  93 006d 03       		.uleb128 0x3
  94 006e F80A0000 		.4byte	.LASF9
  95 0072 02       		.byte	0x2
  96 0073 4D       		.byte	0x4d
  97 0074 18       		.byte	0x18
  98 0075 79000000 		.4byte	0x79
  99 0079 04       		.uleb128 0x4
 100 007a 04       		.byte	0x4
 101 007b 05       		.byte	0x5
 102 007c 7C020000 		.4byte	.LASF10
 103 0080 03       		.uleb128 0x3
 104 0081 FE050000 		.4byte	.LASF11
 105 0085 02       		.byte	0x2
 106 0086 4F       		.byte	0x4f
 107 0087 19       		.byte	0x19
 108 0088 8C000000 		.4byte	0x8c
 109 008c 04       		.uleb128 0x4
 110 008d 04       		.byte	0x4
 111 008e 07       		.byte	0x7
 112 008f 39050000 		.4byte	.LASF12
 113 0093 03       		.uleb128 0x3
 114 0094 29050000 		.4byte	.LASF13
ARM GAS  C:\Users\acest\AppData\Local\Temp\cctDK88S.s 			page 3


 115 0098 02       		.byte	0x2
 116 0099 69       		.byte	0x69
 117 009a 19       		.byte	0x19
 118 009b 9F000000 		.4byte	0x9f
 119 009f 04       		.uleb128 0x4
 120 00a0 08       		.byte	0x8
 121 00a1 07       		.byte	0x7
 122 00a2 00080000 		.4byte	.LASF14
 123 00a6 05       		.uleb128 0x5
 124 00a7 04       		.byte	0x4
 125 00a8 06       		.uleb128 0x6
 126 00a9 04       		.byte	0x4
 127 00aa AE000000 		.4byte	0xae
 128 00ae 04       		.uleb128 0x4
 129 00af 01       		.byte	0x1
 130 00b0 08       		.byte	0x8
 131 00b1 CD030000 		.4byte	.LASF15
 132 00b5 07       		.uleb128 0x7
 133 00b6 AE000000 		.4byte	0xae
 134 00ba 06       		.uleb128 0x6
 135 00bb 04       		.byte	0x4
 136 00bc B5000000 		.4byte	0xb5
 137 00c0 08       		.uleb128 0x8
 138 00c1 BA000000 		.4byte	0xba
 139 00c5 09       		.uleb128 0x9
 140 00c6 AE000000 		.4byte	0xae
 141 00ca D5000000 		.4byte	0xd5
 142 00ce 0A       		.uleb128 0xa
 143 00cf 30000000 		.4byte	0x30
 144 00d3 07       		.byte	0x7
 145 00d4 00       		.byte	0
 146 00d5 03       		.uleb128 0x3
 147 00d6 0B030000 		.4byte	.LASF16
 148 00da 03       		.byte	0x3
 149 00db 18       		.byte	0x18
 150 00dc 13       		.byte	0x13
 151 00dd 4C000000 		.4byte	0x4c
 152 00e1 03       		.uleb128 0x3
 153 00e2 B4000000 		.4byte	.LASF17
 154 00e6 03       		.byte	0x3
 155 00e7 2C       		.byte	0x2c
 156 00e8 13       		.byte	0x13
 157 00e9 6D000000 		.4byte	0x6d
 158 00ed 03       		.uleb128 0x3
 159 00ee 9D0A0000 		.4byte	.LASF18
 160 00f2 03       		.byte	0x3
 161 00f3 30       		.byte	0x30
 162 00f4 14       		.byte	0x14
 163 00f5 80000000 		.4byte	0x80
 164 00f9 03       		.uleb128 0x3
 165 00fa E0090000 		.4byte	.LASF19
 166 00fe 03       		.byte	0x3
 167 00ff 3C       		.byte	0x3c
 168 0100 14       		.byte	0x14
 169 0101 93000000 		.4byte	0x93
 170 0105 08       		.uleb128 0x8
 171 0106 F9000000 		.4byte	0xf9
ARM GAS  C:\Users\acest\AppData\Local\Temp\cctDK88S.s 			page 4


 172 010a 03       		.uleb128 0x3
 173 010b 52080000 		.4byte	.LASF20
 174 010f 04       		.byte	0x4
 175 0110 48       		.byte	0x48
 176 0111 1D       		.byte	0x1d
 177 0112 F9000000 		.4byte	0xf9
 178 0116 03       		.uleb128 0x3
 179 0117 04040000 		.4byte	.LASF21
 180 011b 05       		.byte	0x5
 181 011c 50       		.byte	0x50
 182 011d 19       		.byte	0x19
 183 011e 0A010000 		.4byte	0x10a
 184 0122 03       		.uleb128 0x3
 185 0123 1B090000 		.4byte	.LASF22
 186 0127 05       		.byte	0x5
 187 0128 53       		.byte	0x53
 188 0129 19       		.byte	0x19
 189 012a D5000000 		.4byte	0xd5
 190 012e 03       		.uleb128 0x3
 191 012f AB020000 		.4byte	.LASF23
 192 0133 05       		.byte	0x5
 193 0134 54       		.byte	0x54
 194 0135 19       		.byte	0x19
 195 0136 D5000000 		.4byte	0xd5
 196 013a 03       		.uleb128 0x3
 197 013b 770A0000 		.4byte	.LASF24
 198 013f 05       		.byte	0x5
 199 0140 55       		.byte	0x55
 200 0141 19       		.byte	0x19
 201 0142 D5000000 		.4byte	0xd5
 202 0146 03       		.uleb128 0x3
 203 0147 94000000 		.4byte	.LASF25
 204 014b 05       		.byte	0x5
 205 014c 57       		.byte	0x57
 206 014d 19       		.byte	0x19
 207 014e ED000000 		.4byte	0xed
 208 0152 03       		.uleb128 0x3
 209 0153 35080000 		.4byte	.LASF26
 210 0157 05       		.byte	0x5
 211 0158 58       		.byte	0x58
 212 0159 19       		.byte	0x19
 213 015a E1000000 		.4byte	0xe1
 214 015e 03       		.uleb128 0x3
 215 015f 4B030000 		.4byte	.LASF27
 216 0163 05       		.byte	0x5
 217 0164 5A       		.byte	0x5a
 218 0165 19       		.byte	0x19
 219 0166 ED000000 		.4byte	0xed
 220 016a 03       		.uleb128 0x3
 221 016b 7E040000 		.4byte	.LASF28
 222 016f 05       		.byte	0x5
 223 0170 5C       		.byte	0x5c
 224 0171 19       		.byte	0x19
 225 0172 E1000000 		.4byte	0xe1
 226 0176 03       		.uleb128 0x3
 227 0177 AF050000 		.4byte	.LASF29
 228 017b 05       		.byte	0x5
ARM GAS  C:\Users\acest\AppData\Local\Temp\cctDK88S.s 			page 5


 229 017c 5D       		.byte	0x5d
 230 017d 19       		.byte	0x19
 231 017e ED000000 		.4byte	0xed
 232 0182 03       		.uleb128 0x3
 233 0183 2E030000 		.4byte	.LASF30
 234 0187 05       		.byte	0x5
 235 0188 80       		.byte	0x80
 236 0189 12       		.byte	0x12
 237 018a 30000000 		.4byte	0x30
 238 018e 03       		.uleb128 0x3
 239 018f 4A070000 		.4byte	.LASF31
 240 0193 05       		.byte	0x5
 241 0194 85       		.byte	0x85
 242 0195 1A       		.byte	0x1a
 243 0196 9A010000 		.4byte	0x19a
 244 019a 0B       		.uleb128 0xb
 245 019b 6F050000 		.4byte	.LASF46
 246 019f 70       		.byte	0x70
 247 01a0 06       		.byte	0x6
 248 01a1 9C       		.byte	0x9c
 249 01a2 08       		.byte	0x8
 250 01a3 7D020000 		.4byte	0x27d
 251 01a7 0C       		.uleb128 0xc
 252 01a8 68647200 		.ascii	"hdr\000"
 253 01ac 06       		.byte	0x6
 254 01ad AD       		.byte	0xad
 255 01ae 05       		.byte	0x5
 256 01af 55060000 		.4byte	0x655
 257 01b3 00       		.byte	0
 258 01b4 0C       		.uleb128 0xc
 259 01b5 63747800 		.ascii	"ctx\000"
 260 01b9 06       		.byte	0x6
 261 01ba B1       		.byte	0xb1
 262 01bb 21       		.byte	0x21
 263 01bc 7E050000 		.4byte	0x57e
 264 01c0 0C       		.byte	0xc
 265 01c1 0D       		.uleb128 0xd
 266 01c2 5A040000 		.4byte	.LASF32
 267 01c6 06       		.byte	0x6
 268 01c7 B6       		.byte	0xb6
 269 01c8 21       		.byte	0x21
 270 01c9 A7030000 		.4byte	0x3a7
 271 01cd 38       		.byte	0x38
 272 01ce 0D       		.uleb128 0xd
 273 01cf 8E000000 		.4byte	.LASF33
 274 01d3 06       		.byte	0x6
 275 01d4 BB       		.byte	0xbb
 276 01d5 22       		.byte	0x22
 277 01d6 62070000 		.4byte	0x762
 278 01da 40       		.byte	0x40
 279 01db 0D       		.uleb128 0xd
 280 01dc 4B090000 		.4byte	.LASF34
 281 01e0 06       		.byte	0x6
 282 01e1 C0       		.byte	0xc0
 283 01e2 22       		.byte	0x22
 284 01e3 BA000000 		.4byte	0xba
 285 01e7 44       		.byte	0x44
ARM GAS  C:\Users\acest\AppData\Local\Temp\cctDK88S.s 			page 6


 286 01e8 0D       		.uleb128 0xd
 287 01e9 FB080000 		.4byte	.LASF35
 288 01ed 06       		.byte	0x6
 289 01ee C9       		.byte	0xc9
 290 01ef 22       		.byte	0x22
 291 01f0 AE050000 		.4byte	0x5ae
 292 01f4 48       		.byte	0x48
 293 01f5 0D       		.uleb128 0xd
 294 01f6 13010000 		.4byte	.LASF36
 295 01fa 06       		.byte	0x6
 296 01fb CE       		.byte	0xce
 297 01fc 21       		.byte	0x21
 298 01fd 2E010000 		.4byte	0x12e
 299 0201 4C       		.byte	0x4c
 300 0202 0D       		.uleb128 0xd
 301 0203 FE030000 		.4byte	.LASF37
 302 0207 06       		.byte	0x6
 303 0208 D2       		.byte	0xd2
 304 0209 21       		.byte	0x21
 305 020a 22010000 		.4byte	0x122
 306 020e 4D       		.byte	0x4d
 307 020f 0D       		.uleb128 0xd
 308 0210 62080000 		.4byte	.LASF38
 309 0214 06       		.byte	0x6
 310 0215 D7       		.byte	0xd7
 311 0216 21       		.byte	0x21
 312 0217 3A010000 		.4byte	0x13a
 313 021b 4E       		.byte	0x4e
 314 021c 0E       		.uleb128 0xe
 315 021d 7500     		.ascii	"u\000"
 316 021f 06       		.byte	0x6
 317 0220 2801     		.2byte	0x128
 318 0222 21       		.byte	0x21
 319 0223 83060000 		.4byte	0x683
 320 0227 50       		.byte	0x50
 321 0228 0F       		.uleb128 0xf
 322 0229 590A0000 		.4byte	.LASF39
 323 022d 06       		.byte	0x6
 324 022e 2D01     		.2byte	0x12d
 325 0230 21       		.byte	0x21
 326 0231 7A030000 		.4byte	0x37a
 327 0235 54       		.byte	0x54
 328 0236 0F       		.uleb128 0xf
 329 0237 F7090000 		.4byte	.LASF40
 330 023b 06       		.byte	0x6
 331 023c 3301     		.2byte	0x133
 332 023e 21       		.byte	0x21
 333 023f A7030000 		.4byte	0x3a7
 334 0243 58       		.byte	0x58
 335 0244 0F       		.uleb128 0xf
 336 0245 B4020000 		.4byte	.LASF41
 337 0249 06       		.byte	0x6
 338 024a 3901     		.2byte	0x139
 339 024c 21       		.byte	0x21
 340 024d 5E010000 		.4byte	0x15e
 341 0251 60       		.byte	0x60
 342 0252 0F       		.uleb128 0xf
ARM GAS  C:\Users\acest\AppData\Local\Temp\cctDK88S.s 			page 7


 343 0253 09060000 		.4byte	.LASF42
 344 0257 06       		.byte	0x6
 345 0258 4001     		.2byte	0x140
 346 025a 22       		.byte	0x22
 347 025b 5C070000 		.4byte	0x75c
 348 025f 64       		.byte	0x64
 349 0260 0F       		.uleb128 0xf
 350 0261 A6050000 		.4byte	.LASF43
 351 0265 06       		.byte	0x6
 352 0266 4401     		.2byte	0x144
 353 0268 21       		.byte	0x21
 354 0269 46010000 		.4byte	0x146
 355 026d 68       		.byte	0x68
 356 026e 0F       		.uleb128 0xf
 357 026f 23040000 		.4byte	.LASF44
 358 0273 06       		.byte	0x6
 359 0274 4B01     		.2byte	0x14b
 360 0276 22       		.byte	0x22
 361 0277 A6000000 		.4byte	0xa6
 362 027b 6C       		.byte	0x6c
 363 027c 00       		.byte	0
 364 027d 03       		.uleb128 0x3
 365 027e A2060000 		.4byte	.LASF45
 366 0282 05       		.byte	0x5
 367 0283 8A       		.byte	0x8a
 368 0284 1F       		.byte	0x1f
 369 0285 89020000 		.4byte	0x289
 370 0289 10       		.uleb128 0x10
 371 028a BA040000 		.4byte	.LASF47
 372 028e B0       		.byte	0xb0
 373 028f 06       		.byte	0x6
 374 0290 8A01     		.2byte	0x18a
 375 0292 08       		.byte	0x8
 376 0293 08030000 		.4byte	0x308
 377 0297 0F       		.uleb128 0xf
 378 0298 15090000 		.4byte	.LASF48
 379 029c 06       		.byte	0x6
 380 029d 8E01     		.2byte	0x18e
 381 029f 21       		.byte	0x21
 382 02a0 93070000 		.4byte	0x793
 383 02a4 00       		.byte	0
 384 02a5 0F       		.uleb128 0xf
 385 02a6 520A0000 		.4byte	.LASF49
 386 02aa 06       		.byte	0x6
 387 02ab 9201     		.2byte	0x192
 388 02ad 21       		.byte	0x21
 389 02ae E9050000 		.4byte	0x5e9
 390 02b2 10       		.byte	0x10
 391 02b3 0F       		.uleb128 0xf
 392 02b4 3E0A0000 		.4byte	.LASF50
 393 02b8 06       		.byte	0x6
 394 02b9 9901     		.2byte	0x199
 395 02bb 21       		.byte	0x21
 396 02bc 10060000 		.4byte	0x610
 397 02c0 28       		.byte	0x28
 398 02c1 0F       		.uleb128 0xf
 399 02c2 0F040000 		.4byte	.LASF51
ARM GAS  C:\Users\acest\AppData\Local\Temp\cctDK88S.s 			page 8


 400 02c6 06       		.byte	0x6
 401 02c7 9E01     		.2byte	0x19e
 402 02c9 21       		.byte	0x21
 403 02ca 82010000 		.4byte	0x182
 404 02ce 30       		.byte	0x30
 405 02cf 0F       		.uleb128 0xf
 406 02d0 F2090000 		.4byte	.LASF52
 407 02d4 06       		.byte	0x6
 408 02d5 A401     		.2byte	0x1a4
 409 02d7 21       		.byte	0x21
 410 02d8 2F030000 		.4byte	0x32f
 411 02dc 34       		.byte	0x34
 412 02dd 0F       		.uleb128 0xf
 413 02de 0C010000 		.4byte	.LASF53
 414 02e2 06       		.byte	0x6
 415 02e3 A901     		.2byte	0x1a9
 416 02e5 22       		.byte	0x22
 417 02e6 07080000 		.4byte	0x807
 418 02ea 38       		.byte	0x38
 419 02eb 0F       		.uleb128 0xf
 420 02ec B2080000 		.4byte	.LASF54
 421 02f0 06       		.byte	0x6
 422 02f1 AD01     		.2byte	0x1ad
 423 02f3 21       		.byte	0x21
 424 02f4 8E010000 		.4byte	0x18e
 425 02f8 3C       		.byte	0x3c
 426 02f9 0E       		.uleb128 0xe
 427 02fa 64626700 		.ascii	"dbg\000"
 428 02fe 06       		.byte	0x6
 429 02ff B101     		.2byte	0x1b1
 430 0301 21       		.byte	0x21
 431 0302 56030000 		.4byte	0x356
 432 0306 AC       		.byte	0xac
 433 0307 00       		.byte	0
 434 0308 03       		.uleb128 0x3
 435 0309 56050000 		.4byte	.LASF55
 436 030d 07       		.byte	0x7
 437 030e 3F       		.byte	0x3f
 438 030f 12       		.byte	0x12
 439 0310 ED000000 		.4byte	0xed
 440 0314 0B       		.uleb128 0xb
 441 0315 19010000 		.4byte	.LASF56
 442 0319 04       		.byte	0x4
 443 031a 07       		.byte	0x7
 444 031b 44       		.byte	0x44
 445 031c 10       		.byte	0x10
 446 031d 2F030000 		.4byte	0x32f
 447 0321 0D       		.uleb128 0xd
 448 0322 71060000 		.4byte	.LASF57
 449 0326 07       		.byte	0x7
 450 0327 48       		.byte	0x48
 451 0328 21       		.byte	0x21
 452 0329 08030000 		.4byte	0x308
 453 032d 00       		.byte	0
 454 032e 00       		.byte	0
 455 032f 03       		.uleb128 0x3
 456 0330 D9050000 		.4byte	.LASF58
ARM GAS  C:\Users\acest\AppData\Local\Temp\cctDK88S.s 			page 9


 457 0334 07       		.byte	0x7
 458 0335 49       		.byte	0x49
 459 0336 03       		.byte	0x3
 460 0337 14030000 		.4byte	0x314
 461 033b 0B       		.uleb128 0xb
 462 033c 230A0000 		.4byte	.LASF59
 463 0340 04       		.byte	0x4
 464 0341 08       		.byte	0x8
 465 0342 3E       		.byte	0x3e
 466 0343 10       		.byte	0x10
 467 0344 56030000 		.4byte	0x356
 468 0348 0D       		.uleb128 0xd
 469 0349 88030000 		.4byte	.LASF60
 470 034d 08       		.byte	0x8
 471 034e 46       		.byte	0x46
 472 034f 24       		.byte	0x24
 473 0350 C0000000 		.4byte	0xc0
 474 0354 00       		.byte	0
 475 0355 00       		.byte	0
 476 0356 03       		.uleb128 0x3
 477 0357 B8030000 		.4byte	.LASF61
 478 035b 08       		.byte	0x8
 479 035c 51       		.byte	0x51
 480 035d 03       		.byte	0x3
 481 035e 3B030000 		.4byte	0x33b
 482 0362 03       		.uleb128 0x3
 483 0363 84000000 		.4byte	.LASF62
 484 0367 09       		.byte	0x9
 485 0368 6D       		.byte	0x6d
 486 0369 12       		.byte	0x12
 487 036a ED000000 		.4byte	0xed
 488 036e 03       		.uleb128 0x3
 489 036f 1F060000 		.4byte	.LASF63
 490 0373 09       		.byte	0x9
 491 0374 79       		.byte	0x79
 492 0375 12       		.byte	0x12
 493 0376 ED000000 		.4byte	0xed
 494 037a 03       		.uleb128 0x3
 495 037b CD020000 		.4byte	.LASF64
 496 037f 0A       		.byte	0xa
 497 0380 32       		.byte	0x32
 498 0381 18       		.byte	0x18
 499 0382 86030000 		.4byte	0x386
 500 0386 0B       		.uleb128 0xb
 501 0387 DD020000 		.4byte	.LASF65
 502 038b 04       		.byte	0x4
 503 038c 0A       		.byte	0xa
 504 038d 38       		.byte	0x38
 505 038e 08       		.byte	0x8
 506 038f A1030000 		.4byte	0x3a1
 507 0393 0D       		.uleb128 0xd
 508 0394 020B0000 		.4byte	.LASF66
 509 0398 0A       		.byte	0xa
 510 0399 39       		.byte	0x39
 511 039a 1A       		.byte	0x1a
 512 039b A1030000 		.4byte	0x3a1
 513 039f 00       		.byte	0
ARM GAS  C:\Users\acest\AppData\Local\Temp\cctDK88S.s 			page 10


 514 03a0 00       		.byte	0
 515 03a1 06       		.uleb128 0x6
 516 03a2 04       		.byte	0x4
 517 03a3 7A030000 		.4byte	0x37a
 518 03a7 03       		.uleb128 0x3
 519 03a8 4B050000 		.4byte	.LASF67
 520 03ac 0A       		.byte	0xa
 521 03ad 3F       		.byte	0x3f
 522 03ae 19       		.byte	0x19
 523 03af B3030000 		.4byte	0x3b3
 524 03b3 0B       		.uleb128 0xb
 525 03b4 17080000 		.4byte	.LASF68
 526 03b8 08       		.byte	0x8
 527 03b9 0A       		.byte	0xa
 528 03ba 45       		.byte	0x45
 529 03bb 08       		.byte	0x8
 530 03bc DB030000 		.4byte	0x3db
 531 03c0 0D       		.uleb128 0xd
 532 03c1 020B0000 		.4byte	.LASF66
 533 03c5 0A       		.byte	0xa
 534 03c6 46       		.byte	0x46
 535 03c7 1A       		.byte	0x1a
 536 03c8 DB030000 		.4byte	0x3db
 537 03cc 00       		.byte	0
 538 03cd 0D       		.uleb128 0xd
 539 03ce 1D0B0000 		.4byte	.LASF69
 540 03d2 0A       		.byte	0xa
 541 03d3 47       		.byte	0x47
 542 03d4 1A       		.byte	0x1a
 543 03d5 DB030000 		.4byte	0x3db
 544 03d9 04       		.byte	0x4
 545 03da 00       		.byte	0
 546 03db 06       		.uleb128 0x6
 547 03dc 04       		.byte	0x4
 548 03dd A7030000 		.4byte	0x3a7
 549 03e1 03       		.uleb128 0x3
 550 03e2 40060000 		.4byte	.LASF70
 551 03e6 0A       		.byte	0xa
 552 03e7 4E       		.byte	0x4e
 553 03e8 22       		.byte	0x22
 554 03e9 ED030000 		.4byte	0x3ed
 555 03ed 0B       		.uleb128 0xb
 556 03ee CE090000 		.4byte	.LASF71
 557 03f2 0C       		.byte	0xc
 558 03f3 0A       		.byte	0xa
 559 03f4 55       		.byte	0x55
 560 03f5 08       		.byte	0x8
 561 03f6 22040000 		.4byte	0x422
 562 03fa 0D       		.uleb128 0xd
 563 03fb 020B0000 		.4byte	.LASF66
 564 03ff 0A       		.byte	0xa
 565 0400 56       		.byte	0x56
 566 0401 1A       		.byte	0x1a
 567 0402 22040000 		.4byte	0x422
 568 0406 00       		.byte	0
 569 0407 0D       		.uleb128 0xd
 570 0408 1D0B0000 		.4byte	.LASF69
ARM GAS  C:\Users\acest\AppData\Local\Temp\cctDK88S.s 			page 11


 571 040c 0A       		.byte	0xa
 572 040d 57       		.byte	0x57
 573 040e 1A       		.byte	0x1a
 574 040f 22040000 		.4byte	0x422
 575 0413 04       		.byte	0x4
 576 0414 0D       		.uleb128 0xd
 577 0415 06020000 		.4byte	.LASF72
 578 0419 0A       		.byte	0xa
 579 041a 58       		.byte	0x58
 580 041b 19       		.byte	0x19
 581 041c 46010000 		.4byte	0x146
 582 0420 08       		.byte	0x8
 583 0421 00       		.byte	0
 584 0422 06       		.uleb128 0x6
 585 0423 04       		.byte	0x4
 586 0424 E1030000 		.4byte	0x3e1
 587 0428 03       		.uleb128 0x3
 588 0429 00000000 		.4byte	.LASF73
 589 042d 0A       		.byte	0xa
 590 042e 5F       		.byte	0x5f
 591 042f 1E       		.byte	0x1e
 592 0430 34040000 		.4byte	0x434
 593 0434 0B       		.uleb128 0xb
 594 0435 12070000 		.4byte	.LASF74
 595 0439 0C       		.byte	0xc
 596 043a 0A       		.byte	0xa
 597 043b 64       		.byte	0x64
 598 043c 08       		.byte	0x8
 599 043d 69040000 		.4byte	0x469
 600 0441 0D       		.uleb128 0xd
 601 0442 020B0000 		.4byte	.LASF66
 602 0446 0A       		.byte	0xa
 603 0447 65       		.byte	0x65
 604 0448 1A       		.byte	0x1a
 605 0449 69040000 		.4byte	0x469
 606 044d 00       		.byte	0
 607 044e 0D       		.uleb128 0xd
 608 044f 1D0B0000 		.4byte	.LASF69
 609 0453 0A       		.byte	0xa
 610 0454 66       		.byte	0x66
 611 0455 1A       		.byte	0x1a
 612 0456 69040000 		.4byte	0x469
 613 045a 04       		.byte	0x4
 614 045b 0D       		.uleb128 0xd
 615 045c 4C080000 		.4byte	.LASF75
 616 0460 0A       		.byte	0xa
 617 0461 67       		.byte	0x67
 618 0462 19       		.byte	0x19
 619 0463 6E030000 		.4byte	0x36e
 620 0467 08       		.byte	0x8
 621 0468 00       		.byte	0
 622 0469 06       		.uleb128 0x6
 623 046a 04       		.byte	0x4
 624 046b 28040000 		.4byte	0x428
 625 046f 10       		.uleb128 0x10
 626 0470 17040000 		.4byte	.LASF76
 627 0474 20       		.byte	0x20
ARM GAS  C:\Users\acest\AppData\Local\Temp\cctDK88S.s 			page 12


 628 0475 0B       		.byte	0xb
 629 0476 9301     		.2byte	0x193
 630 0478 08       		.byte	0x8
 631 0479 E9040000 		.4byte	0x4e9
 632 047d 0E       		.uleb128 0xe
 633 047e 723000   		.ascii	"r0\000"
 634 0481 0B       		.byte	0xb
 635 0482 9401     		.2byte	0x194
 636 0484 19       		.byte	0x19
 637 0485 ED000000 		.4byte	0xed
 638 0489 00       		.byte	0
 639 048a 0E       		.uleb128 0xe
 640 048b 723100   		.ascii	"r1\000"
 641 048e 0B       		.byte	0xb
 642 048f 9501     		.2byte	0x195
 643 0491 19       		.byte	0x19
 644 0492 ED000000 		.4byte	0xed
 645 0496 04       		.byte	0x4
 646 0497 0E       		.uleb128 0xe
 647 0498 723200   		.ascii	"r2\000"
 648 049b 0B       		.byte	0xb
 649 049c 9601     		.2byte	0x196
 650 049e 19       		.byte	0x19
 651 049f ED000000 		.4byte	0xed
 652 04a3 08       		.byte	0x8
 653 04a4 0E       		.uleb128 0xe
 654 04a5 723300   		.ascii	"r3\000"
 655 04a8 0B       		.byte	0xb
 656 04a9 9701     		.2byte	0x197
 657 04ab 19       		.byte	0x19
 658 04ac ED000000 		.4byte	0xed
 659 04b0 0C       		.byte	0xc
 660 04b1 0E       		.uleb128 0xe
 661 04b2 72313200 		.ascii	"r12\000"
 662 04b6 0B       		.byte	0xb
 663 04b7 9801     		.2byte	0x198
 664 04b9 19       		.byte	0x19
 665 04ba ED000000 		.4byte	0xed
 666 04be 10       		.byte	0x10
 667 04bf 0F       		.uleb128 0xf
 668 04c0 4C040000 		.4byte	.LASF77
 669 04c4 0B       		.byte	0xb
 670 04c5 9901     		.2byte	0x199
 671 04c7 19       		.byte	0x19
 672 04c8 ED000000 		.4byte	0xed
 673 04cc 14       		.byte	0x14
 674 04cd 0E       		.uleb128 0xe
 675 04ce 706300   		.ascii	"pc\000"
 676 04d1 0B       		.byte	0xb
 677 04d2 9A01     		.2byte	0x19a
 678 04d4 19       		.byte	0x19
 679 04d5 ED000000 		.4byte	0xed
 680 04d9 18       		.byte	0x18
 681 04da 0F       		.uleb128 0xf
 682 04db F6040000 		.4byte	.LASF78
 683 04df 0B       		.byte	0xb
 684 04e0 9B01     		.2byte	0x19b
ARM GAS  C:\Users\acest\AppData\Local\Temp\cctDK88S.s 			page 13


 685 04e2 19       		.byte	0x19
 686 04e3 ED000000 		.4byte	0xed
 687 04e7 1C       		.byte	0x1c
 688 04e8 00       		.byte	0
 689 04e9 10       		.uleb128 0x10
 690 04ea 97070000 		.4byte	.LASF79
 691 04ee 28       		.byte	0x28
 692 04ef 0B       		.byte	0xb
 693 04f0 B701     		.2byte	0x1b7
 694 04f2 08       		.byte	0x8
 695 04f3 7E050000 		.4byte	0x57e
 696 04f7 0F       		.uleb128 0xf
 697 04f8 A60A0000 		.4byte	.LASF80
 698 04fc 0B       		.byte	0xb
 699 04fd B801     		.2byte	0x1b8
 700 04ff 19       		.byte	0x19
 701 0500 ED000000 		.4byte	0xed
 702 0504 00       		.byte	0
 703 0505 0E       		.uleb128 0xe
 704 0506 723400   		.ascii	"r4\000"
 705 0509 0B       		.byte	0xb
 706 050a B901     		.2byte	0x1b9
 707 050c 19       		.byte	0x19
 708 050d ED000000 		.4byte	0xed
 709 0511 04       		.byte	0x4
 710 0512 0E       		.uleb128 0xe
 711 0513 723500   		.ascii	"r5\000"
 712 0516 0B       		.byte	0xb
 713 0517 BA01     		.2byte	0x1ba
 714 0519 19       		.byte	0x19
 715 051a ED000000 		.4byte	0xed
 716 051e 08       		.byte	0x8
 717 051f 0E       		.uleb128 0xe
 718 0520 723600   		.ascii	"r6\000"
 719 0523 0B       		.byte	0xb
 720 0524 BB01     		.2byte	0x1bb
 721 0526 19       		.byte	0x19
 722 0527 ED000000 		.4byte	0xed
 723 052b 0C       		.byte	0xc
 724 052c 0E       		.uleb128 0xe
 725 052d 723700   		.ascii	"r7\000"
 726 0530 0B       		.byte	0xb
 727 0531 BC01     		.2byte	0x1bc
 728 0533 19       		.byte	0x19
 729 0534 ED000000 		.4byte	0xed
 730 0538 10       		.byte	0x10
 731 0539 0E       		.uleb128 0xe
 732 053a 723800   		.ascii	"r8\000"
 733 053d 0B       		.byte	0xb
 734 053e BD01     		.2byte	0x1bd
 735 0540 19       		.byte	0x19
 736 0541 ED000000 		.4byte	0xed
 737 0545 14       		.byte	0x14
 738 0546 0E       		.uleb128 0xe
 739 0547 723900   		.ascii	"r9\000"
 740 054a 0B       		.byte	0xb
 741 054b BE01     		.2byte	0x1be
ARM GAS  C:\Users\acest\AppData\Local\Temp\cctDK88S.s 			page 14


 742 054d 19       		.byte	0x19
 743 054e ED000000 		.4byte	0xed
 744 0552 18       		.byte	0x18
 745 0553 0E       		.uleb128 0xe
 746 0554 72313000 		.ascii	"r10\000"
 747 0558 0B       		.byte	0xb
 748 0559 BF01     		.2byte	0x1bf
 749 055b 19       		.byte	0x19
 750 055c ED000000 		.4byte	0xed
 751 0560 1C       		.byte	0x1c
 752 0561 0E       		.uleb128 0xe
 753 0562 72313100 		.ascii	"r11\000"
 754 0566 0B       		.byte	0xb
 755 0567 C001     		.2byte	0x1c0
 756 0569 19       		.byte	0x19
 757 056a ED000000 		.4byte	0xed
 758 056e 20       		.byte	0x20
 759 056f 0F       		.uleb128 0xf
 760 0570 000A0000 		.4byte	.LASF81
 761 0574 0B       		.byte	0xb
 762 0575 C401     		.2byte	0x1c4
 763 0577 19       		.byte	0x19
 764 0578 ED000000 		.4byte	0xed
 765 057c 24       		.byte	0x24
 766 057d 00       		.byte	0
 767 057e 10       		.uleb128 0x10
 768 057f 7F0A0000 		.4byte	.LASF82
 769 0583 2C       		.byte	0x2c
 770 0584 0B       		.byte	0xb
 771 0585 DF01     		.2byte	0x1df
 772 0587 08       		.byte	0x8
 773 0588 A8050000 		.4byte	0x5a8
 774 058c 0E       		.uleb128 0xe
 775 058d 737000   		.ascii	"sp\000"
 776 0590 0B       		.byte	0xb
 777 0591 E001     		.2byte	0x1e0
 778 0593 1A       		.byte	0x1a
 779 0594 A8050000 		.4byte	0x5a8
 780 0598 00       		.byte	0
 781 0599 0F       		.uleb128 0xf
 782 059a 02090000 		.4byte	.LASF83
 783 059e 0B       		.byte	0xb
 784 059f E101     		.2byte	0x1e1
 785 05a1 19       		.byte	0x19
 786 05a2 E9040000 		.4byte	0x4e9
 787 05a6 04       		.byte	0x4
 788 05a7 00       		.byte	0
 789 05a8 06       		.uleb128 0x6
 790 05a9 04       		.byte	0x4
 791 05aa 6F040000 		.4byte	0x46f
 792 05ae 06       		.uleb128 0x6
 793 05af 04       		.byte	0x4
 794 05b0 16010000 		.4byte	0x116
 795 05b4 0B       		.uleb128 0xb
 796 05b5 C8000000 		.4byte	.LASF84
 797 05b9 18       		.byte	0x18
 798 05ba 06       		.byte	0x6
ARM GAS  C:\Users\acest\AppData\Local\Temp\cctDK88S.s 			page 15


 799 05bb 64       		.byte	0x64
 800 05bc 10       		.byte	0x10
 801 05bd E9050000 		.4byte	0x5e9
 802 05c1 0D       		.uleb128 0xd
 803 05c2 20070000 		.4byte	.LASF85
 804 05c6 06       		.byte	0x6
 805 05c7 68       		.byte	0x68
 806 05c8 21       		.byte	0x21
 807 05c9 28040000 		.4byte	0x428
 808 05cd 00       		.byte	0
 809 05ce 0D       		.uleb128 0xd
 810 05cf 7F030000 		.4byte	.LASF86
 811 05d3 06       		.byte	0x6
 812 05d4 73       		.byte	0x73
 813 05d5 21       		.byte	0x21
 814 05d6 62030000 		.4byte	0x362
 815 05da 0C       		.byte	0xc
 816 05db 0D       		.uleb128 0xd
 817 05dc E5020000 		.4byte	.LASF87
 818 05e0 06       		.byte	0x6
 819 05e1 79       		.byte	0x79
 820 05e2 21       		.byte	0x21
 821 05e3 05010000 		.4byte	0x105
 822 05e7 10       		.byte	0x10
 823 05e8 00       		.byte	0
 824 05e9 03       		.uleb128 0x3
 825 05ea 79050000 		.4byte	.LASF88
 826 05ee 06       		.byte	0x6
 827 05ef 7B       		.byte	0x7b
 828 05f0 03       		.byte	0x3
 829 05f1 B4050000 		.4byte	0x5b4
 830 05f5 0B       		.uleb128 0xb
 831 05f6 FA010000 		.4byte	.LASF89
 832 05fa 08       		.byte	0x8
 833 05fb 06       		.byte	0x6
 834 05fc 80       		.byte	0x80
 835 05fd 10       		.byte	0x10
 836 05fe 10060000 		.4byte	0x610
 837 0602 0D       		.uleb128 0xd
 838 0603 67080000 		.4byte	.LASF90
 839 0607 06       		.byte	0x6
 840 0608 84       		.byte	0x84
 841 0609 21       		.byte	0x21
 842 060a A7030000 		.4byte	0x3a7
 843 060e 00       		.byte	0
 844 060f 00       		.byte	0
 845 0610 03       		.uleb128 0x3
 846 0611 DF000000 		.4byte	.LASF91
 847 0615 06       		.byte	0x6
 848 0616 85       		.byte	0x85
 849 0617 03       		.byte	0x3
 850 0618 F5050000 		.4byte	0x5f5
 851 061c 03       		.uleb128 0x3
 852 061d 6E070000 		.4byte	.LASF92
 853 0621 06       		.byte	0x6
 854 0622 8A       		.byte	0x8a
 855 0623 14       		.byte	0x14
ARM GAS  C:\Users\acest\AppData\Local\Temp\cctDK88S.s 			page 16


 856 0624 28060000 		.4byte	0x628
 857 0628 06       		.uleb128 0x6
 858 0629 04       		.byte	0x4
 859 062a 8E010000 		.4byte	0x18e
 860 062e 0B       		.uleb128 0xb
 861 062f 3B080000 		.4byte	.LASF93
 862 0633 08       		.byte	0x8
 863 0634 06       		.byte	0x6
 864 0635 8F       		.byte	0x8f
 865 0636 10       		.byte	0x10
 866 0637 49060000 		.4byte	0x649
 867 063b 0D       		.uleb128 0xd
 868 063c 67080000 		.4byte	.LASF90
 869 0640 06       		.byte	0x6
 870 0641 93       		.byte	0x93
 871 0642 21       		.byte	0x21
 872 0643 A7030000 		.4byte	0x3a7
 873 0647 00       		.byte	0
 874 0648 00       		.byte	0
 875 0649 03       		.uleb128 0x3
 876 064a BD020000 		.4byte	.LASF94
 877 064e 06       		.byte	0x6
 878 064f 94       		.byte	0x94
 879 0650 03       		.byte	0x3
 880 0651 2E060000 		.4byte	0x62e
 881 0655 11       		.uleb128 0x11
 882 0656 0C       		.byte	0xc
 883 0657 06       		.byte	0x6
 884 0658 A0       		.byte	0xa0
 885 0659 03       		.byte	0x3
 886 065a 83060000 		.4byte	0x683
 887 065e 12       		.uleb128 0x12
 888 065f 0D070000 		.4byte	.LASF95
 889 0663 06       		.byte	0x6
 890 0664 A4       		.byte	0xa4
 891 0665 21       		.byte	0x21
 892 0666 7A030000 		.4byte	0x37a
 893 066a 12       		.uleb128 0x12
 894 066b 67080000 		.4byte	.LASF90
 895 066f 06       		.byte	0x6
 896 0670 A8       		.byte	0xa8
 897 0671 21       		.byte	0x21
 898 0672 A7030000 		.4byte	0x3a7
 899 0676 12       		.uleb128 0x12
 900 0677 3E090000 		.4byte	.LASF96
 901 067b 06       		.byte	0x6
 902 067c AC       		.byte	0xac
 903 067d 21       		.byte	0x21
 904 067e E1030000 		.4byte	0x3e1
 905 0682 00       		.byte	0
 906 0683 11       		.uleb128 0x11
 907 0684 04       		.byte	0x4
 908 0685 06       		.byte	0x6
 909 0686 EB       		.byte	0xeb
 910 0687 03       		.byte	0x3
 911 0688 F3060000 		.4byte	0x6f3
 912 068c 12       		.uleb128 0x12
ARM GAS  C:\Users\acest\AppData\Local\Temp\cctDK88S.s 			page 17


 913 068d B80A0000 		.4byte	.LASF97
 914 0691 06       		.byte	0x6
 915 0692 F2       		.byte	0xf2
 916 0693 21       		.byte	0x21
 917 0694 52010000 		.4byte	0x152
 918 0698 12       		.uleb128 0x12
 919 0699 4B020000 		.4byte	.LASF98
 920 069d 06       		.byte	0x6
 921 069e F9       		.byte	0xf9
 922 069f 21       		.byte	0x21
 923 06a0 52010000 		.4byte	0x152
 924 06a4 13       		.uleb128 0x13
 925 06a5 F7030000 		.4byte	.LASF99
 926 06a9 06       		.byte	0x6
 927 06aa 0001     		.2byte	0x100
 928 06ac 22       		.byte	0x22
 929 06ad A6000000 		.4byte	0xa6
 930 06b1 13       		.uleb128 0x13
 931 06b2 6B030000 		.4byte	.LASF100
 932 06b6 06       		.byte	0x6
 933 06b7 0701     		.2byte	0x107
 934 06b9 22       		.byte	0x22
 935 06ba F3060000 		.4byte	0x6f3
 936 06be 13       		.uleb128 0x13
 937 06bf 81070000 		.4byte	.LASF101
 938 06c3 06       		.byte	0x6
 939 06c4 0C01     		.2byte	0x10c
 940 06c6 21       		.byte	0x21
 941 06c7 52010000 		.4byte	0x152
 942 06cb 13       		.uleb128 0x13
 943 06cc 7D000000 		.4byte	.LASF102
 944 06d0 06       		.byte	0x6
 945 06d1 1501     		.2byte	0x115
 946 06d3 22       		.byte	0x22
 947 06d4 21070000 		.4byte	0x721
 948 06d8 13       		.uleb128 0x13
 949 06d9 A5040000 		.4byte	.LASF103
 950 06dd 06       		.byte	0x6
 951 06de 1E01     		.2byte	0x11e
 952 06e0 22       		.byte	0x22
 953 06e1 5C070000 		.4byte	0x75c
 954 06e5 13       		.uleb128 0x13
 955 06e6 04030000 		.4byte	.LASF104
 956 06ea 06       		.byte	0x6
 957 06eb 2601     		.2byte	0x126
 958 06ed 21       		.byte	0x21
 959 06ee 5E010000 		.4byte	0x15e
 960 06f2 00       		.byte	0
 961 06f3 06       		.uleb128 0x6
 962 06f4 04       		.byte	0x4
 963 06f5 1C060000 		.4byte	0x61c
 964 06f9 0B       		.uleb128 0xb
 965 06fa 62050000 		.4byte	.LASF105
 966 06fe 0C       		.byte	0xc
 967 06ff 0C       		.byte	0xc
 968 0700 34       		.byte	0x34
 969 0701 10       		.byte	0x10
ARM GAS  C:\Users\acest\AppData\Local\Temp\cctDK88S.s 			page 18


 970 0702 21070000 		.4byte	0x721
 971 0706 0D       		.uleb128 0xd
 972 0707 67080000 		.4byte	.LASF90
 973 070b 0C       		.byte	0xc
 974 070c 35       		.byte	0x35
 975 070d 19       		.byte	0x19
 976 070e A7030000 		.4byte	0x3a7
 977 0712 00       		.byte	0
 978 0713 0C       		.uleb128 0xc
 979 0714 636E7400 		.ascii	"cnt\000"
 980 0718 0C       		.byte	0xc
 981 0719 37       		.byte	0x37
 982 071a 19       		.byte	0x19
 983 071b 6A010000 		.4byte	0x16a
 984 071f 08       		.byte	0x8
 985 0720 00       		.byte	0
 986 0721 06       		.uleb128 0x6
 987 0722 04       		.byte	0x4
 988 0723 F9060000 		.4byte	0x6f9
 989 0727 0B       		.uleb128 0xb
 990 0728 E9090000 		.4byte	.LASF106
 991 072c 10       		.byte	0x10
 992 072d 0D       		.byte	0xd
 993 072e 39       		.byte	0x39
 994 072f 08       		.byte	0x8
 995 0730 5C070000 		.4byte	0x75c
 996 0734 0D       		.uleb128 0xd
 997 0735 67080000 		.4byte	.LASF90
 998 0739 0D       		.byte	0xd
 999 073a 3A       		.byte	0x3a
 1000 073b 19       		.byte	0x19
 1001 073c A7030000 		.4byte	0x3a7
 1002 0740 00       		.byte	0
 1003 0741 0D       		.uleb128 0xd
 1004 0742 8E000000 		.4byte	.LASF33
 1005 0746 0D       		.byte	0xd
 1006 0747 3C       		.byte	0x3c
 1007 0748 1A       		.byte	0x1a
 1008 0749 28060000 		.4byte	0x628
 1009 074d 08       		.byte	0x8
 1010 074e 0D       		.uleb128 0xd
 1011 074f 020B0000 		.4byte	.LASF66
 1012 0753 0D       		.byte	0xd
 1013 0754 3E       		.byte	0x3e
 1014 0755 1A       		.byte	0x1a
 1015 0756 25080000 		.4byte	0x825
 1016 075a 0C       		.byte	0xc
 1017 075b 00       		.byte	0
 1018 075c 06       		.uleb128 0x6
 1019 075d 04       		.byte	0x4
 1020 075e 27070000 		.4byte	0x727
 1021 0762 06       		.uleb128 0x6
 1022 0763 04       		.byte	0x4
 1023 0764 7D020000 		.4byte	0x27d
 1024 0768 10       		.uleb128 0x10
 1025 0769 AC040000 		.4byte	.LASF107
 1026 076d 10       		.byte	0x10
ARM GAS  C:\Users\acest\AppData\Local\Temp\cctDK88S.s 			page 19


 1027 076e 06       		.byte	0x6
 1028 076f 5C01     		.2byte	0x15c
 1029 0771 10       		.byte	0x10
 1030 0772 93070000 		.4byte	0x793
 1031 0776 0F       		.uleb128 0xf
 1032 0777 3E090000 		.4byte	.LASF96
 1033 077b 06       		.byte	0x6
 1034 077c 6101     		.2byte	0x161
 1035 077e 21       		.byte	0x21
 1036 077f E1030000 		.4byte	0x3e1
 1037 0783 00       		.byte	0
 1038 0784 0F       		.uleb128 0xf
 1039 0785 05070000 		.4byte	.LASF108
 1040 0789 06       		.byte	0x6
 1041 078a 6501     		.2byte	0x165
 1042 078c 22       		.byte	0x22
 1043 078d 28060000 		.4byte	0x628
 1044 0791 0C       		.byte	0xc
 1045 0792 00       		.byte	0
 1046 0793 14       		.uleb128 0x14
 1047 0794 99050000 		.4byte	.LASF109
 1048 0798 06       		.byte	0x6
 1049 0799 6601     		.2byte	0x166
 1050 079b 03       		.byte	0x3
 1051 079c 68070000 		.4byte	0x768
 1052 07a0 10       		.uleb128 0x10
 1053 07a1 91090000 		.4byte	.LASF110
 1054 07a5 14       		.byte	0x14
 1055 07a6 06       		.byte	0x6
 1056 07a7 6B01     		.2byte	0x16b
 1057 07a9 10       		.byte	0x10
 1058 07aa F5070000 		.4byte	0x7f5
 1059 07ae 0F       		.uleb128 0xf
 1060 07af 4B090000 		.4byte	.LASF34
 1061 07b3 06       		.byte	0x6
 1062 07b4 6F01     		.2byte	0x16f
 1063 07b6 22       		.byte	0x22
 1064 07b7 BA000000 		.4byte	0xba
 1065 07bb 00       		.byte	0
 1066 07bc 0F       		.uleb128 0xf
 1067 07bd 25080000 		.4byte	.LASF111
 1068 07c1 06       		.byte	0x6
 1069 07c2 7501     		.2byte	0x175
 1070 07c4 22       		.byte	0x22
 1071 07c5 AE050000 		.4byte	0x5ae
 1072 07c9 04       		.byte	0x4
 1073 07ca 0F       		.uleb128 0xf
 1074 07cb 29040000 		.4byte	.LASF112
 1075 07cf 06       		.byte	0x6
 1076 07d0 7901     		.2byte	0x179
 1077 07d2 22       		.byte	0x22
 1078 07d3 AE050000 		.4byte	0x5ae
 1079 07d7 08       		.byte	0x8
 1080 07d8 0F       		.uleb128 0xf
 1081 07d9 E80A0000 		.4byte	.LASF113
 1082 07dd 06       		.byte	0x6
 1083 07de 7F01     		.2byte	0x17f
ARM GAS  C:\Users\acest\AppData\Local\Temp\cctDK88S.s 			page 20


 1084 07e0 22       		.byte	0x22
 1085 07e1 AE050000 		.4byte	0x5ae
 1086 07e5 0C       		.byte	0xc
 1087 07e6 0F       		.uleb128 0xf
 1088 07e7 53070000 		.4byte	.LASF114
 1089 07eb 06       		.byte	0x6
 1090 07ec 8301     		.2byte	0x183
 1091 07ee 22       		.byte	0x22
 1092 07ef AE050000 		.4byte	0x5ae
 1093 07f3 10       		.byte	0x10
 1094 07f4 00       		.byte	0
 1095 07f5 14       		.uleb128 0x14
 1096 07f6 B9090000 		.4byte	.LASF115
 1097 07fa 06       		.byte	0x6
 1098 07fb 8501     		.2byte	0x185
 1099 07fd 03       		.byte	0x3
 1100 07fe A0070000 		.4byte	0x7a0
 1101 0802 07       		.uleb128 0x7
 1102 0803 F5070000 		.4byte	0x7f5
 1103 0807 06       		.uleb128 0x6
 1104 0808 04       		.byte	0x4
 1105 0809 02080000 		.4byte	0x802
 1106 080d 03       		.uleb128 0x3
 1107 080e 110B0000 		.4byte	.LASF116
 1108 0812 0C       		.byte	0xc
 1109 0813 38       		.byte	0x38
 1110 0814 03       		.byte	0x3
 1111 0815 F9060000 		.4byte	0x6f9
 1112 0819 03       		.uleb128 0x3
 1113 081a 6F0A0000 		.4byte	.LASF117
 1114 081e 0D       		.byte	0xd
 1115 081f 34       		.byte	0x34
 1116 0820 19       		.byte	0x19
 1117 0821 27070000 		.4byte	0x727
 1118 0825 06       		.uleb128 0x6
 1119 0826 04       		.byte	0x4
 1120 0827 19080000 		.4byte	0x819
 1121 082b 15       		.uleb128 0x15
 1122 082c 28       		.byte	0x28
 1123 082d 0E       		.byte	0xe
 1124 082e 34       		.byte	0x34
 1125 082f 09       		.byte	0x9
 1126 0830 9B080000 		.4byte	0x89b
 1127 0834 0D       		.uleb128 0xd
 1128 0835 8E040000 		.4byte	.LASF118
 1129 0839 0E       		.byte	0xe
 1130 083a 35       		.byte	0x35
 1131 083b 1A       		.byte	0x1a
 1132 083c 9B080000 		.4byte	0x89b
 1133 0840 00       		.byte	0
 1134 0841 0C       		.uleb128 0xc
 1135 0842 746F7000 		.ascii	"top\000"
 1136 0846 0E       		.byte	0xe
 1137 0847 37       		.byte	0x37
 1138 0848 1A       		.byte	0x1a
 1139 0849 9B080000 		.4byte	0x89b
 1140 084d 04       		.byte	0x4
ARM GAS  C:\Users\acest\AppData\Local\Temp\cctDK88S.s 			page 21


 1141 084e 0D       		.uleb128 0xd
 1142 084f E0050000 		.4byte	.LASF119
 1143 0853 0E       		.byte	0xe
 1144 0854 39       		.byte	0x39
 1145 0855 1A       		.byte	0x1a
 1146 0856 9B080000 		.4byte	0x89b
 1147 085a 08       		.byte	0x8
 1148 085b 0D       		.uleb128 0xd
 1149 085c D7020000 		.4byte	.LASF120
 1150 0860 0E       		.byte	0xe
 1151 0861 3A       		.byte	0x3a
 1152 0862 1A       		.byte	0x1a
 1153 0863 9B080000 		.4byte	0x89b
 1154 0867 0C       		.byte	0xc
 1155 0868 0C       		.uleb128 0xc
 1156 0869 636E7400 		.ascii	"cnt\000"
 1157 086d 0E       		.byte	0xe
 1158 086e 3B       		.byte	0x3b
 1159 086f 19       		.byte	0x19
 1160 0870 24000000 		.4byte	0x24
 1161 0874 10       		.byte	0x10
 1162 0875 0D       		.uleb128 0xd
 1163 0876 45090000 		.4byte	.LASF121
 1164 087a 0E       		.byte	0xe
 1165 087b 3C       		.byte	0x3c
 1166 087c 19       		.byte	0x19
 1167 087d A1080000 		.4byte	0x8a1
 1168 0881 14       		.byte	0x14
 1169 0882 0C       		.uleb128 0xc
 1170 0883 717700   		.ascii	"qw\000"
 1171 0886 0E       		.byte	0xe
 1172 0887 3D       		.byte	0x3d
 1173 0888 19       		.byte	0x19
 1174 0889 49060000 		.4byte	0x649
 1175 088d 18       		.byte	0x18
 1176 088e 0C       		.uleb128 0xc
 1177 088f 717200   		.ascii	"qr\000"
 1178 0892 0E       		.byte	0xe
 1179 0893 3E       		.byte	0x3e
 1180 0894 19       		.byte	0x19
 1181 0895 49060000 		.4byte	0x649
 1182 0899 20       		.byte	0x20
 1183 089a 00       		.byte	0
 1184 089b 06       		.uleb128 0x6
 1185 089c 04       		.byte	0x4
 1186 089d 52010000 		.4byte	0x152
 1187 08a1 04       		.uleb128 0x4
 1188 08a2 01       		.byte	0x1
 1189 08a3 02       		.byte	0x2
 1190 08a4 C7030000 		.4byte	.LASF122
 1191 08a8 03       		.uleb128 0x3
 1192 08a9 070B0000 		.4byte	.LASF123
 1193 08ad 0E       		.byte	0xe
 1194 08ae 3F       		.byte	0x3f
 1195 08af 03       		.byte	0x3
 1196 08b0 2B080000 		.4byte	0x82b
 1197 08b4 03       		.uleb128 0x3
ARM GAS  C:\Users\acest\AppData\Local\Temp\cctDK88S.s 			page 22


 1198 08b5 26070000 		.4byte	.LASF124
 1199 08b9 0F       		.byte	0xf
 1200 08ba 47       		.byte	0x47
 1201 08bb 11       		.byte	0x11
 1202 08bc C0080000 		.4byte	0x8c0
 1203 08c0 06       		.uleb128 0x6
 1204 08c1 04       		.byte	0x4
 1205 08c2 C6080000 		.4byte	0x8c6
 1206 08c6 16       		.uleb128 0x16
 1207 08c7 A6000000 		.4byte	0xa6
 1208 08cb DA080000 		.4byte	0x8da
 1209 08cf 17       		.uleb128 0x17
 1210 08d0 24000000 		.4byte	0x24
 1211 08d4 17       		.uleb128 0x17
 1212 08d5 30000000 		.4byte	0x30
 1213 08d9 00       		.byte	0
 1214 08da 06       		.uleb128 0x6
 1215 08db 04       		.byte	0x4
 1216 08dc D5000000 		.4byte	0xd5
 1217 08e0 0B       		.uleb128 0xb
 1218 08e1 B6050000 		.4byte	.LASF125
 1219 08e5 04       		.byte	0x4
 1220 08e6 10       		.byte	0x10
 1221 08e7 38       		.byte	0x38
 1222 08e8 08       		.byte	0x8
 1223 08e9 FB080000 		.4byte	0x8fb
 1224 08ed 0D       		.uleb128 0xd
 1225 08ee 020B0000 		.4byte	.LASF66
 1226 08f2 10       		.byte	0x10
 1227 08f3 39       		.byte	0x39
 1228 08f4 1A       		.byte	0x1a
 1229 08f5 FB080000 		.4byte	0x8fb
 1230 08f9 00       		.byte	0
 1231 08fa 00       		.byte	0
 1232 08fb 06       		.uleb128 0x6
 1233 08fc 04       		.byte	0x4
 1234 08fd E0080000 		.4byte	0x8e0
 1235 0901 15       		.uleb128 0x15
 1236 0902 10       		.byte	0x10
 1237 0903 10       		.byte	0x10
 1238 0904 40       		.byte	0x40
 1239 0905 09       		.byte	0x9
 1240 0906 3F090000 		.4byte	0x93f
 1241 090a 0D       		.uleb128 0xd
 1242 090b 020B0000 		.4byte	.LASF66
 1243 090f 10       		.byte	0x10
 1244 0910 41       		.byte	0x41
 1245 0911 1A       		.byte	0x1a
 1246 0912 FB080000 		.4byte	0x8fb
 1247 0916 00       		.byte	0
 1248 0917 0D       		.uleb128 0xd
 1249 0918 460A0000 		.4byte	.LASF126
 1250 091c 10       		.byte	0x10
 1251 091d 42       		.byte	0x42
 1252 091e 19       		.byte	0x19
 1253 091f 24000000 		.4byte	0x24
 1254 0923 04       		.byte	0x4
ARM GAS  C:\Users\acest\AppData\Local\Temp\cctDK88S.s 			page 23


 1255 0924 0D       		.uleb128 0xd
 1256 0925 76060000 		.4byte	.LASF127
 1257 0929 10       		.byte	0x10
 1258 092a 44       		.byte	0x44
 1259 092b 19       		.byte	0x19
 1260 092c 30000000 		.4byte	0x30
 1261 0930 08       		.byte	0x8
 1262 0931 0D       		.uleb128 0xd
 1263 0932 AB000000 		.4byte	.LASF128
 1264 0936 10       		.byte	0x10
 1265 0937 45       		.byte	0x45
 1266 0938 19       		.byte	0x19
 1267 0939 B4080000 		.4byte	0x8b4
 1268 093d 0C       		.byte	0xc
 1269 093e 00       		.byte	0
 1270 093f 03       		.uleb128 0x3
 1271 0940 07090000 		.4byte	.LASF129
 1272 0944 10       		.byte	0x10
 1273 0945 47       		.byte	0x47
 1274 0946 03       		.byte	0x3
 1275 0947 01090000 		.4byte	0x901
 1276 094b 15       		.uleb128 0x15
 1277 094c 1C       		.byte	0x1c
 1278 094d 10       		.byte	0x10
 1279 094e 4D       		.byte	0x4d
 1280 094f 09       		.byte	0x9
 1281 0950 6F090000 		.4byte	0x96f
 1282 0954 0C       		.uleb128 0xc
 1283 0955 73656D00 		.ascii	"sem\000"
 1284 0959 10       		.byte	0x10
 1285 095a 4E       		.byte	0x4e
 1286 095b 19       		.byte	0x19
 1287 095c 0D080000 		.4byte	0x80d
 1288 0960 00       		.byte	0
 1289 0961 0D       		.uleb128 0xd
 1290 0962 20080000 		.4byte	.LASF130
 1291 0966 10       		.byte	0x10
 1292 0967 50       		.byte	0x50
 1293 0968 19       		.byte	0x19
 1294 0969 3F090000 		.4byte	0x93f
 1295 096d 0C       		.byte	0xc
 1296 096e 00       		.byte	0
 1297 096f 03       		.uleb128 0x3
 1298 0970 D20A0000 		.4byte	.LASF131
 1299 0974 10       		.byte	0x10
 1300 0975 51       		.byte	0x51
 1301 0976 03       		.byte	0x3
 1302 0977 4B090000 		.4byte	0x94b
 1303 097b 0B       		.uleb128 0xb
 1304 097c 50090000 		.4byte	.LASF132
 1305 0980 44       		.byte	0x44
 1306 0981 11       		.byte	0x11
 1307 0982 50       		.byte	0x50
 1308 0983 10       		.byte	0x10
 1309 0984 A3090000 		.4byte	0x9a3
 1310 0988 0D       		.uleb128 0xd
 1311 0989 B30A0000 		.4byte	.LASF133
ARM GAS  C:\Users\acest\AppData\Local\Temp\cctDK88S.s 			page 24


 1312 098d 11       		.byte	0x11
 1313 098e 54       		.byte	0x54
 1314 098f 1D       		.byte	0x1d
 1315 0990 6F090000 		.4byte	0x96f
 1316 0994 00       		.byte	0
 1317 0995 0C       		.uleb128 0xc
 1318 0996 6D627800 		.ascii	"mbx\000"
 1319 099a 11       		.byte	0x11
 1320 099b 58       		.byte	0x58
 1321 099c 1D       		.byte	0x1d
 1322 099d A8080000 		.4byte	0x8a8
 1323 09a1 1C       		.byte	0x1c
 1324 09a2 00       		.byte	0
 1325 09a3 03       		.uleb128 0x3
 1326 09a4 3D040000 		.4byte	.LASF134
 1327 09a8 11       		.byte	0x11
 1328 09a9 59       		.byte	0x59
 1329 09aa 03       		.byte	0x3
 1330 09ab 7B090000 		.4byte	0x97b
 1331 09af 15       		.uleb128 0x15
 1332 09b0 50       		.byte	0x50
 1333 09b1 12       		.byte	0x12
 1334 09b2 34       		.byte	0x34
 1335 09b3 09       		.byte	0x9
 1336 09b4 480A0000 		.4byte	0xa48
 1337 09b8 0D       		.uleb128 0xd
 1338 09b9 8E040000 		.4byte	.LASF118
 1339 09bd 12       		.byte	0x12
 1340 09be 35       		.byte	0x35
 1341 09bf 1A       		.byte	0x1a
 1342 09c0 DA080000 		.4byte	0x8da
 1343 09c4 00       		.byte	0
 1344 09c5 0C       		.uleb128 0xc
 1345 09c6 746F7000 		.ascii	"top\000"
 1346 09ca 12       		.byte	0x12
 1347 09cb 37       		.byte	0x37
 1348 09cc 1A       		.byte	0x1a
 1349 09cd DA080000 		.4byte	0x8da
 1350 09d1 04       		.byte	0x4
 1351 09d2 0D       		.uleb128 0xd
 1352 09d3 E0050000 		.4byte	.LASF119
 1353 09d7 12       		.byte	0x12
 1354 09d8 39       		.byte	0x39
 1355 09d9 1A       		.byte	0x1a
 1356 09da DA080000 		.4byte	0x8da
 1357 09de 08       		.byte	0x8
 1358 09df 0D       		.uleb128 0xd
 1359 09e0 D7020000 		.4byte	.LASF120
 1360 09e4 12       		.byte	0x12
 1361 09e5 3A       		.byte	0x3a
 1362 09e6 1A       		.byte	0x1a
 1363 09e7 DA080000 		.4byte	0x8da
 1364 09eb 0C       		.byte	0xc
 1365 09ec 0C       		.uleb128 0xc
 1366 09ed 636E7400 		.ascii	"cnt\000"
 1367 09f1 12       		.byte	0x12
 1368 09f2 3B       		.byte	0x3b
ARM GAS  C:\Users\acest\AppData\Local\Temp\cctDK88S.s 			page 25


 1369 09f3 19       		.byte	0x19
 1370 09f4 24000000 		.4byte	0x24
 1371 09f8 10       		.byte	0x10
 1372 09f9 0D       		.uleb128 0xd
 1373 09fa 45090000 		.4byte	.LASF121
 1374 09fe 12       		.byte	0x12
 1375 09ff 3C       		.byte	0x3c
 1376 0a00 19       		.byte	0x19
 1377 0a01 A1080000 		.4byte	0x8a1
 1378 0a05 14       		.byte	0x14
 1379 0a06 0C       		.uleb128 0xc
 1380 0a07 77747200 		.ascii	"wtr\000"
 1381 0a0b 12       		.byte	0x12
 1382 0a0c 3D       		.byte	0x3d
 1383 0a0d 19       		.byte	0x19
 1384 0a0e 1C060000 		.4byte	0x61c
 1385 0a12 18       		.byte	0x18
 1386 0a13 0C       		.uleb128 0xc
 1387 0a14 72747200 		.ascii	"rtr\000"
 1388 0a18 12       		.byte	0x12
 1389 0a19 3E       		.byte	0x3e
 1390 0a1a 19       		.byte	0x19
 1391 0a1b 1C060000 		.4byte	0x61c
 1392 0a1f 1C       		.byte	0x1c
 1393 0a20 0D       		.uleb128 0xd
 1394 0a21 AE0A0000 		.4byte	.LASF135
 1395 0a25 12       		.byte	0x12
 1396 0a26 40       		.byte	0x40
 1397 0a27 19       		.byte	0x19
 1398 0a28 19080000 		.4byte	0x819
 1399 0a2c 20       		.byte	0x20
 1400 0a2d 0D       		.uleb128 0xd
 1401 0a2e 38040000 		.4byte	.LASF136
 1402 0a32 12       		.byte	0x12
 1403 0a33 41       		.byte	0x41
 1404 0a34 19       		.byte	0x19
 1405 0a35 19080000 		.4byte	0x819
 1406 0a39 30       		.byte	0x30
 1407 0a3a 0D       		.uleb128 0xd
 1408 0a3b AD080000 		.4byte	.LASF137
 1409 0a3f 12       		.byte	0x12
 1410 0a40 42       		.byte	0x42
 1411 0a41 19       		.byte	0x19
 1412 0a42 19080000 		.4byte	0x819
 1413 0a46 40       		.byte	0x40
 1414 0a47 00       		.byte	0
 1415 0a48 03       		.uleb128 0x3
 1416 0a49 37090000 		.4byte	.LASF138
 1417 0a4d 12       		.byte	0x12
 1418 0a4e 48       		.byte	0x48
 1419 0a4f 03       		.byte	0x3
 1420 0a50 AF090000 		.4byte	0x9af
 1421 0a54 0B       		.uleb128 0xb
 1422 0a55 F3000000 		.4byte	.LASF139
 1423 0a59 10       		.byte	0x10
 1424 0a5a 13       		.byte	0x13
 1425 0a5b A9       		.byte	0xa9
ARM GAS  C:\Users\acest\AppData\Local\Temp\cctDK88S.s 			page 26


 1426 0a5c 10       		.byte	0x10
 1427 0a5d 890A0000 		.4byte	0xa89
 1428 0a61 0D       		.uleb128 0xd
 1429 0a62 020B0000 		.4byte	.LASF66
 1430 0a66 13       		.byte	0x13
 1431 0a67 AD       		.byte	0xad
 1432 0a68 1A       		.byte	0x1a
 1433 0a69 890A0000 		.4byte	0xa89
 1434 0a6d 00       		.byte	0
 1435 0a6e 0D       		.uleb128 0xd
 1436 0a6f 62080000 		.4byte	.LASF38
 1437 0a73 13       		.byte	0x13
 1438 0a74 B1       		.byte	0xb1
 1439 0a75 19       		.byte	0x19
 1440 0a76 76010000 		.4byte	0x176
 1441 0a7a 04       		.byte	0x4
 1442 0a7b 0D       		.uleb128 0xd
 1443 0a7c 4B090000 		.4byte	.LASF34
 1444 0a80 13       		.byte	0x13
 1445 0a81 B3       		.byte	0xb3
 1446 0a82 19       		.byte	0x19
 1447 0a83 C5000000 		.4byte	0xc5
 1448 0a87 08       		.byte	0x8
 1449 0a88 00       		.byte	0
 1450 0a89 06       		.uleb128 0x6
 1451 0a8a 04       		.byte	0x4
 1452 0a8b 540A0000 		.4byte	0xa54
 1453 0a8f 03       		.uleb128 0x3
 1454 0a90 610A0000 		.4byte	.LASF140
 1455 0a94 13       		.byte	0x13
 1456 0a95 B7       		.byte	0xb7
 1457 0a96 03       		.byte	0x3
 1458 0a97 540A0000 		.4byte	0xa54
 1459 0a9b 0B       		.uleb128 0xb
 1460 0a9c 220B0000 		.4byte	.LASF141
 1461 0aa0 04       		.byte	0x4
 1462 0aa1 13       		.byte	0x13
 1463 0aa2 BC       		.byte	0xbc
 1464 0aa3 10       		.byte	0x10
 1465 0aa4 B60A0000 		.4byte	0xab6
 1466 0aa8 0D       		.uleb128 0xd
 1467 0aa9 020B0000 		.4byte	.LASF66
 1468 0aad 13       		.byte	0x13
 1469 0aae BD       		.byte	0xbd
 1470 0aaf 1A       		.byte	0x1a
 1471 0ab0 B60A0000 		.4byte	0xab6
 1472 0ab4 00       		.byte	0
 1473 0ab5 00       		.byte	0
 1474 0ab6 06       		.uleb128 0x6
 1475 0ab7 04       		.byte	0x4
 1476 0ab8 8F0A0000 		.4byte	0xa8f
 1477 0abc 03       		.uleb128 0x3
 1478 0abd 330A0000 		.4byte	.LASF142
 1479 0ac1 13       		.byte	0x13
 1480 0ac2 BE       		.byte	0xbe
 1481 0ac3 03       		.byte	0x3
 1482 0ac4 9B0A0000 		.4byte	0xa9b
ARM GAS  C:\Users\acest\AppData\Local\Temp\cctDK88S.s 			page 27


 1483 0ac8 0B       		.uleb128 0xb
 1484 0ac9 D2030000 		.4byte	.LASF143
 1485 0acd 14       		.byte	0x14
 1486 0ace 13       		.byte	0x13
 1487 0acf C4       		.byte	0xc4
 1488 0ad0 10       		.byte	0x10
 1489 0ad1 F00A0000 		.4byte	0xaf0
 1490 0ad5 0D       		.uleb128 0xd
 1491 0ad6 CF070000 		.4byte	.LASF144
 1492 0ada 13       		.byte	0x13
 1493 0adb C8       		.byte	0xc8
 1494 0adc 19       		.byte	0x19
 1495 0add 8F0A0000 		.4byte	0xa8f
 1496 0ae1 00       		.byte	0
 1497 0ae2 0D       		.uleb128 0xd
 1498 0ae3 8C0A0000 		.4byte	.LASF145
 1499 0ae7 13       		.byte	0x13
 1500 0ae8 CD       		.byte	0xcd
 1501 0ae9 1A       		.byte	0x1a
 1502 0aea A6000000 		.4byte	0xa6
 1503 0aee 10       		.byte	0x10
 1504 0aef 00       		.byte	0
 1505 0af0 03       		.uleb128 0x3
 1506 0af1 85020000 		.4byte	.LASF146
 1507 0af5 13       		.byte	0x13
 1508 0af6 CE       		.byte	0xce
 1509 0af7 03       		.byte	0x3
 1510 0af8 C80A0000 		.4byte	0xac8
 1511 0afc 0B       		.uleb128 0xb
 1512 0afd C9040000 		.4byte	.LASF147
 1513 0b01 10       		.byte	0x10
 1514 0b02 13       		.byte	0x13
 1515 0b03 D5       		.byte	0xd5
 1516 0b04 10       		.byte	0x10
 1517 0b05 170B0000 		.4byte	0xb17
 1518 0b09 0D       		.uleb128 0xd
 1519 0b0a CF070000 		.4byte	.LASF144
 1520 0b0e 13       		.byte	0x13
 1521 0b0f D9       		.byte	0xd9
 1522 0b10 19       		.byte	0x19
 1523 0b11 8F0A0000 		.4byte	0xa8f
 1524 0b15 00       		.byte	0
 1525 0b16 00       		.byte	0
 1526 0b17 03       		.uleb128 0x3
 1527 0b18 E0040000 		.4byte	.LASF148
 1528 0b1c 13       		.byte	0x13
 1529 0b1d DA       		.byte	0xda
 1530 0b1e 03       		.byte	0x3
 1531 0b1f FC0A0000 		.4byte	0xafc
 1532 0b23 0B       		.uleb128 0xb
 1533 0b24 BE070000 		.4byte	.LASF149
 1534 0b28 1C       		.byte	0x1c
 1535 0b29 13       		.byte	0x13
 1536 0b2a E1       		.byte	0xe1
 1537 0b2b 10       		.byte	0x10
 1538 0b2c 4B0B0000 		.4byte	0xb4b
 1539 0b30 0D       		.uleb128 0xd
ARM GAS  C:\Users\acest\AppData\Local\Temp\cctDK88S.s 			page 28


 1540 0b31 CF070000 		.4byte	.LASF144
 1541 0b35 13       		.byte	0x13
 1542 0b36 E5       		.byte	0xe5
 1543 0b37 19       		.byte	0x19
 1544 0b38 8F0A0000 		.4byte	0xa8f
 1545 0b3c 00       		.byte	0
 1546 0b3d 0C       		.uleb128 0xc
 1547 0b3e 73656D00 		.ascii	"sem\000"
 1548 0b42 13       		.byte	0x13
 1549 0b43 E9       		.byte	0xe9
 1550 0b44 19       		.byte	0x19
 1551 0b45 0D080000 		.4byte	0x80d
 1552 0b49 10       		.byte	0x10
 1553 0b4a 00       		.byte	0
 1554 0b4b 03       		.uleb128 0x3
 1555 0b4c 95040000 		.4byte	.LASF150
 1556 0b50 13       		.byte	0x13
 1557 0b51 EA       		.byte	0xea
 1558 0b52 03       		.byte	0x3
 1559 0b53 230B0000 		.4byte	0xb23
 1560 0b57 0B       		.uleb128 0xb
 1561 0b58 9C000000 		.4byte	.LASF151
 1562 0b5c 38       		.byte	0x38
 1563 0b5d 13       		.byte	0x13
 1564 0b5e F1       		.byte	0xf1
 1565 0b5f 10       		.byte	0x10
 1566 0b60 7F0B0000 		.4byte	0xb7f
 1567 0b64 0D       		.uleb128 0xd
 1568 0b65 CF070000 		.4byte	.LASF144
 1569 0b69 13       		.byte	0x13
 1570 0b6a F5       		.byte	0xf5
 1571 0b6b 19       		.byte	0x19
 1572 0b6c 8F0A0000 		.4byte	0xa8f
 1573 0b70 00       		.byte	0
 1574 0b71 0C       		.uleb128 0xc
 1575 0b72 6D627800 		.ascii	"mbx\000"
 1576 0b76 13       		.byte	0x13
 1577 0b77 F9       		.byte	0xf9
 1578 0b78 19       		.byte	0x19
 1579 0b79 A8080000 		.4byte	0x8a8
 1580 0b7d 10       		.byte	0x10
 1581 0b7e 00       		.byte	0
 1582 0b7f 03       		.uleb128 0x3
 1583 0b80 ED070000 		.4byte	.LASF152
 1584 0b84 13       		.byte	0x13
 1585 0b85 FA       		.byte	0xfa
 1586 0b86 03       		.byte	0x3
 1587 0b87 570B0000 		.4byte	0xb57
 1588 0b8b 10       		.uleb128 0x10
 1589 0b8c 23090000 		.4byte	.LASF153
 1590 0b90 54       		.byte	0x54
 1591 0b91 13       		.byte	0x13
 1592 0b92 0101     		.2byte	0x101
 1593 0b94 10       		.byte	0x10
 1594 0b95 B60B0000 		.4byte	0xbb6
 1595 0b99 0F       		.uleb128 0xf
 1596 0b9a CF070000 		.4byte	.LASF144
ARM GAS  C:\Users\acest\AppData\Local\Temp\cctDK88S.s 			page 29


 1597 0b9e 13       		.byte	0x13
 1598 0b9f 0501     		.2byte	0x105
 1599 0ba1 19       		.byte	0x19
 1600 0ba2 8F0A0000 		.4byte	0xa8f
 1601 0ba6 00       		.byte	0
 1602 0ba7 0F       		.uleb128 0xf
 1603 0ba8 77020000 		.4byte	.LASF154
 1604 0bac 13       		.byte	0x13
 1605 0bad 0901     		.2byte	0x109
 1606 0baf 19       		.byte	0x19
 1607 0bb0 A3090000 		.4byte	0x9a3
 1608 0bb4 10       		.byte	0x10
 1609 0bb5 00       		.byte	0
 1610 0bb6 14       		.uleb128 0x14
 1611 0bb7 38030000 		.4byte	.LASF155
 1612 0bbb 13       		.byte	0x13
 1613 0bbc 0A01     		.2byte	0x10a
 1614 0bbe 03       		.byte	0x3
 1615 0bbf 8B0B0000 		.4byte	0xb8b
 1616 0bc3 10       		.uleb128 0x10
 1617 0bc4 910A0000 		.4byte	.LASF156
 1618 0bc8 60       		.byte	0x60
 1619 0bc9 13       		.byte	0x13
 1620 0bca 1101     		.2byte	0x111
 1621 0bcc 10       		.byte	0x10
 1622 0bcd EE0B0000 		.4byte	0xbee
 1623 0bd1 0F       		.uleb128 0xf
 1624 0bd2 CF070000 		.4byte	.LASF144
 1625 0bd6 13       		.byte	0x13
 1626 0bd7 1501     		.2byte	0x115
 1627 0bd9 19       		.byte	0x19
 1628 0bda 8F0A0000 		.4byte	0xa8f
 1629 0bde 00       		.byte	0
 1630 0bdf 0F       		.uleb128 0xf
 1631 0be0 6C060000 		.4byte	.LASF157
 1632 0be4 13       		.byte	0x13
 1633 0be5 1901     		.2byte	0x119
 1634 0be7 19       		.byte	0x19
 1635 0be8 480A0000 		.4byte	0xa48
 1636 0bec 10       		.byte	0x10
 1637 0bed 00       		.byte	0
 1638 0bee 14       		.uleb128 0x14
 1639 0bef 21010000 		.4byte	.LASF158
 1640 0bf3 13       		.byte	0x13
 1641 0bf4 1A01     		.2byte	0x11a
 1642 0bf6 03       		.byte	0x3
 1643 0bf7 C30B0000 		.4byte	0xbc3
 1644 0bfb 10       		.uleb128 0x10
 1645 0bfc 2D060000 		.4byte	.LASF159
 1646 0c00 48       		.byte	0x48
 1647 0c01 13       		.byte	0x13
 1648 0c02 2001     		.2byte	0x120
 1649 0c04 10       		.byte	0x10
 1650 0c05 880C0000 		.4byte	0xc88
 1651 0c09 0E       		.uleb128 0xe
 1652 0c0a 6D747800 		.ascii	"mtx\000"
 1653 0c0e 13       		.byte	0x13
ARM GAS  C:\Users\acest\AppData\Local\Temp\cctDK88S.s 			page 30


 1654 0c0f 2501     		.2byte	0x125
 1655 0c11 19       		.byte	0x19
 1656 0c12 19080000 		.4byte	0x819
 1657 0c16 00       		.byte	0
 1658 0c17 0F       		.uleb128 0xf
 1659 0c18 2C010000 		.4byte	.LASF160
 1660 0c1c 13       		.byte	0x13
 1661 0c1d 2C01     		.2byte	0x12c
 1662 0c1f 19       		.byte	0x19
 1663 0c20 BC0A0000 		.4byte	0xabc
 1664 0c24 10       		.byte	0x10
 1665 0c25 0F       		.uleb128 0xf
 1666 0c26 EF020000 		.4byte	.LASF161
 1667 0c2a 13       		.byte	0x13
 1668 0c2b 3001     		.2byte	0x130
 1669 0c2d 19       		.byte	0x19
 1670 0c2e 3F090000 		.4byte	0x93f
 1671 0c32 14       		.byte	0x14
 1672 0c33 0F       		.uleb128 0xf
 1673 0c34 B5070000 		.4byte	.LASF162
 1674 0c38 13       		.byte	0x13
 1675 0c39 3501     		.2byte	0x135
 1676 0c3b 19       		.byte	0x19
 1677 0c3c BC0A0000 		.4byte	0xabc
 1678 0c40 24       		.byte	0x24
 1679 0c41 0F       		.uleb128 0xf
 1680 0c42 EE030000 		.4byte	.LASF163
 1681 0c46 13       		.byte	0x13
 1682 0c47 3B01     		.2byte	0x13b
 1683 0c49 19       		.byte	0x19
 1684 0c4a BC0A0000 		.4byte	0xabc
 1685 0c4e 28       		.byte	0x28
 1686 0c4f 0F       		.uleb128 0xf
 1687 0c50 D7040000 		.4byte	.LASF164
 1688 0c54 13       		.byte	0x13
 1689 0c55 3F01     		.2byte	0x13f
 1690 0c57 19       		.byte	0x19
 1691 0c58 3F090000 		.4byte	0x93f
 1692 0c5c 2C       		.byte	0x2c
 1693 0c5d 0F       		.uleb128 0xf
 1694 0c5e A4080000 		.4byte	.LASF165
 1695 0c62 13       		.byte	0x13
 1696 0c63 4501     		.2byte	0x145
 1697 0c65 19       		.byte	0x19
 1698 0c66 BC0A0000 		.4byte	0xabc
 1699 0c6a 3C       		.byte	0x3c
 1700 0c6b 0F       		.uleb128 0xf
 1701 0c6c 8F050000 		.4byte	.LASF166
 1702 0c70 13       		.byte	0x13
 1703 0c71 4B01     		.2byte	0x14b
 1704 0c73 19       		.byte	0x19
 1705 0c74 BC0A0000 		.4byte	0xabc
 1706 0c78 40       		.byte	0x40
 1707 0c79 0F       		.uleb128 0xf
 1708 0c7a 84040000 		.4byte	.LASF167
 1709 0c7e 13       		.byte	0x13
 1710 0c7f 5101     		.2byte	0x151
ARM GAS  C:\Users\acest\AppData\Local\Temp\cctDK88S.s 			page 31


 1711 0c81 19       		.byte	0x19
 1712 0c82 BC0A0000 		.4byte	0xabc
 1713 0c86 44       		.byte	0x44
 1714 0c87 00       		.byte	0
 1715 0c88 14       		.uleb128 0x14
 1716 0c89 A3070000 		.4byte	.LASF168
 1717 0c8d 13       		.byte	0x13
 1718 0c8e 5301     		.2byte	0x153
 1719 0c90 03       		.byte	0x3
 1720 0c91 FB0B0000 		.4byte	0xbfb
 1721 0c95 18       		.uleb128 0x18
 1722 0c96 99080000 		.4byte	.LASF213
 1723 0c9a 13       		.byte	0x13
 1724 0c9b 5E01     		.2byte	0x15e
 1725 0c9d 1A       		.byte	0x1a
 1726 0c9e 880C0000 		.4byte	0xc88
 1727 0ca2 19       		.uleb128 0x19
 1728 0ca3 950C0000 		.4byte	0xc95
 1729 0ca7 14       		.byte	0x14
 1730 0ca8 48       		.byte	0x48
 1731 0ca9 13       		.byte	0x13
 1732 0caa 1A       		.uleb128 0x1a
 1733 0cab 50000000 		.4byte	.LASF172
 1734 0caf 14       		.byte	0x14
 1735 0cb0 3103     		.2byte	0x331
 1736 0cb2 06       		.byte	0x6
 1737 0cb3 C50C0000 		.4byte	0xcc5
 1738 0cb7 1B       		.uleb128 0x1b
 1739 0cb8 64707000 		.ascii	"dpp\000"
 1740 0cbc 14       		.byte	0x14
 1741 0cbd 3103     		.2byte	0x331
 1742 0cbf 27       		.byte	0x27
 1743 0cc0 C50C0000 		.4byte	0xcc5
 1744 0cc4 00       		.byte	0
 1745 0cc5 06       		.uleb128 0x6
 1746 0cc6 04       		.byte	0x4
 1747 0cc7 EE0B0000 		.4byte	0xbee
 1748 0ccb 1C       		.uleb128 0x1c
 1749 0ccc 99020000 		.4byte	.LASF169
 1750 0cd0 14       		.byte	0x14
 1751 0cd1 1B03     		.2byte	0x31b
 1752 0cd3 0D       		.byte	0xd
 1753 0cd4 C50C0000 		.4byte	0xcc5
 1754 0cd8 F70C0000 		.4byte	0xcf7
 1755 0cdc 1D       		.uleb128 0x1d
 1756 0cdd 4B090000 		.4byte	.LASF34
 1757 0ce1 14       		.byte	0x14
 1758 0ce2 1B03     		.2byte	0x31b
 1759 0ce4 2B       		.byte	0x2b
 1760 0ce5 BA000000 		.4byte	0xba
 1761 0ce9 1E       		.uleb128 0x1e
 1762 0cea 64707000 		.ascii	"dpp\000"
 1763 0cee 14       		.byte	0x14
 1764 0cef 1C03     		.2byte	0x31c
 1765 0cf1 0F       		.byte	0xf
 1766 0cf2 C50C0000 		.4byte	0xcc5
 1767 0cf6 00       		.byte	0
ARM GAS  C:\Users\acest\AppData\Local\Temp\cctDK88S.s 			page 32


 1768 0cf7 1C       		.uleb128 0x1c
 1769 0cf8 7D090000 		.4byte	.LASF170
 1770 0cfc 14       		.byte	0x14
 1771 0cfd FA02     		.2byte	0x2fa
 1772 0cff 0D       		.byte	0xd
 1773 0d00 C50C0000 		.4byte	0xcc5
 1774 0d04 300D0000 		.4byte	0xd30
 1775 0d08 1D       		.uleb128 0x1d
 1776 0d09 4B090000 		.4byte	.LASF34
 1777 0d0d 14       		.byte	0x14
 1778 0d0e FA02     		.2byte	0x2fa
 1779 0d10 2D       		.byte	0x2d
 1780 0d11 BA000000 		.4byte	0xba
 1781 0d15 1D       		.uleb128 0x1d
 1782 0d16 FB070000 		.4byte	.LASF171
 1783 0d1a 14       		.byte	0x14
 1784 0d1b FA02     		.2byte	0x2fa
 1785 0d1d 3A       		.byte	0x3a
 1786 0d1e 24000000 		.4byte	0x24
 1787 0d22 1E       		.uleb128 0x1e
 1788 0d23 64707000 		.ascii	"dpp\000"
 1789 0d27 14       		.byte	0x14
 1790 0d28 FB02     		.2byte	0x2fb
 1791 0d2a 0F       		.byte	0xf
 1792 0d2b C50C0000 		.4byte	0xcc5
 1793 0d2f 00       		.byte	0
 1794 0d30 1A       		.uleb128 0x1a
 1795 0d31 070A0000 		.4byte	.LASF173
 1796 0d35 14       		.byte	0x14
 1797 0d36 DE02     		.2byte	0x2de
 1798 0d38 06       		.byte	0x6
 1799 0d39 4B0D0000 		.4byte	0xd4b
 1800 0d3d 1D       		.uleb128 0x1d
 1801 0d3e 79040000 		.4byte	.LASF174
 1802 0d42 14       		.byte	0x14
 1803 0d43 DE02     		.2byte	0x2de
 1804 0d45 36       		.byte	0x36
 1805 0d46 4B0D0000 		.4byte	0xd4b
 1806 0d4a 00       		.byte	0
 1807 0d4b 06       		.uleb128 0x6
 1808 0d4c 04       		.byte	0x4
 1809 0d4d B60B0000 		.4byte	0xbb6
 1810 0d51 1C       		.uleb128 0x1c
 1811 0d52 5E020000 		.4byte	.LASF175
 1812 0d56 14       		.byte	0x14
 1813 0d57 C802     		.2byte	0x2c8
 1814 0d59 15       		.byte	0x15
 1815 0d5a 4B0D0000 		.4byte	0xd4b
 1816 0d5e 7D0D0000 		.4byte	0xd7d
 1817 0d62 1D       		.uleb128 0x1d
 1818 0d63 4B090000 		.4byte	.LASF34
 1819 0d67 14       		.byte	0x14
 1820 0d68 C802     		.2byte	0x2c8
 1821 0d6a 3A       		.byte	0x3a
 1822 0d6b BA000000 		.4byte	0xba
 1823 0d6f 1F       		.uleb128 0x1f
 1824 0d70 79040000 		.4byte	.LASF174
ARM GAS  C:\Users\acest\AppData\Local\Temp\cctDK88S.s 			page 33


 1825 0d74 14       		.byte	0x14
 1826 0d75 C902     		.2byte	0x2c9
 1827 0d77 17       		.byte	0x17
 1828 0d78 4B0D0000 		.4byte	0xd4b
 1829 0d7c 00       		.byte	0
 1830 0d7d 1C       		.uleb128 0x1c
 1831 0d7e 13030000 		.4byte	.LASF176
 1832 0d82 14       		.byte	0x14
 1833 0d83 9802     		.2byte	0x298
 1834 0d85 15       		.byte	0x15
 1835 0d86 4B0D0000 		.4byte	0xd4b
 1836 0d8a 060E0000 		.4byte	0xe06
 1837 0d8e 1D       		.uleb128 0x1d
 1838 0d8f 4B090000 		.4byte	.LASF34
 1839 0d93 14       		.byte	0x14
 1840 0d94 9802     		.2byte	0x298
 1841 0d96 3C       		.byte	0x3c
 1842 0d97 BA000000 		.4byte	0xba
 1843 0d9b 1D       		.uleb128 0x1d
 1844 0d9c B1090000 		.4byte	.LASF177
 1845 0da0 14       		.byte	0x14
 1846 0da1 9902     		.2byte	0x299
 1847 0da3 37       		.byte	0x37
 1848 0da4 24000000 		.4byte	0x24
 1849 0da8 1D       		.uleb128 0x1d
 1850 0da9 34050000 		.4byte	.LASF178
 1851 0dad 14       		.byte	0x14
 1852 0dae 9A02     		.2byte	0x29a
 1853 0db0 37       		.byte	0x37
 1854 0db1 24000000 		.4byte	0x24
 1855 0db5 1D       		.uleb128 0x1d
 1856 0db6 ED040000 		.4byte	.LASF179
 1857 0dba 14       		.byte	0x14
 1858 0dbb 9B02     		.2byte	0x29b
 1859 0dbd 39       		.byte	0x39
 1860 0dbe 30000000 		.4byte	0x30
 1861 0dc2 1F       		.uleb128 0x1f
 1862 0dc3 BC000000 		.4byte	.LASF180
 1863 0dc7 14       		.byte	0x14
 1864 0dc8 9C02     		.2byte	0x29c
 1865 0dca 0A       		.byte	0xa
 1866 0dcb 24000000 		.4byte	0x24
 1867 0dcf 1F       		.uleb128 0x1f
 1868 0dd0 C2000000 		.4byte	.LASF181
 1869 0dd4 14       		.byte	0x14
 1870 0dd5 9C02     		.2byte	0x29c
 1871 0dd7 11       		.byte	0x11
 1872 0dd8 24000000 		.4byte	0x24
 1873 0ddc 1F       		.uleb128 0x1f
 1874 0ddd 79040000 		.4byte	.LASF174
 1875 0de1 14       		.byte	0x14
 1876 0de2 9D02     		.2byte	0x29d
 1877 0de4 17       		.byte	0x17
 1878 0de5 4B0D0000 		.4byte	0xd4b
 1879 0de9 20       		.uleb128 0x20
 1880 0dea 1F       		.uleb128 0x1f
 1881 0deb 33070000 		.4byte	.LASF182
ARM GAS  C:\Users\acest\AppData\Local\Temp\cctDK88S.s 			page 34


 1882 0def 14       		.byte	0x14
 1883 0df0 AD02     		.2byte	0x2ad
 1884 0df2 0C       		.byte	0xc
 1885 0df3 9B080000 		.4byte	0x89b
 1886 0df7 1F       		.uleb128 0x1f
 1887 0df8 53040000 		.4byte	.LASF183
 1888 0dfc 14       		.byte	0x14
 1889 0dfd AE02     		.2byte	0x2ae
 1890 0dff 0E       		.byte	0xe
 1891 0e00 DA080000 		.4byte	0x8da
 1892 0e04 00       		.byte	0
 1893 0e05 00       		.byte	0
 1894 0e06 1A       		.uleb128 0x1a
 1895 0e07 0B020000 		.4byte	.LASF184
 1896 0e0b 14       		.byte	0x14
 1897 0e0c 7A02     		.2byte	0x27a
 1898 0e0e 06       		.byte	0x6
 1899 0e0f 210E0000 		.4byte	0xe21
 1900 0e13 1B       		.uleb128 0x1b
 1901 0e14 646D7000 		.ascii	"dmp\000"
 1902 0e18 14       		.byte	0x14
 1903 0e19 7A02     		.2byte	0x27a
 1904 0e1b 2D       		.byte	0x2d
 1905 0e1c 210E0000 		.4byte	0xe21
 1906 0e20 00       		.byte	0
 1907 0e21 06       		.uleb128 0x6
 1908 0e22 04       		.byte	0x4
 1909 0e23 7F0B0000 		.4byte	0xb7f
 1910 0e27 1C       		.uleb128 0x1c
 1911 0e28 B0060000 		.4byte	.LASF185
 1912 0e2c 14       		.byte	0x14
 1913 0e2d 6402     		.2byte	0x264
 1914 0e2f 10       		.byte	0x10
 1915 0e30 210E0000 		.4byte	0xe21
 1916 0e34 530E0000 		.4byte	0xe53
 1917 0e38 1D       		.uleb128 0x1d
 1918 0e39 4B090000 		.4byte	.LASF34
 1919 0e3d 14       		.byte	0x14
 1920 0e3e 6402     		.2byte	0x264
 1921 0e40 31       		.byte	0x31
 1922 0e41 BA000000 		.4byte	0xba
 1923 0e45 1E       		.uleb128 0x1e
 1924 0e46 646D7000 		.ascii	"dmp\000"
 1925 0e4a 14       		.byte	0x14
 1926 0e4b 6502     		.2byte	0x265
 1927 0e4d 12       		.byte	0x12
 1928 0e4e 210E0000 		.4byte	0xe21
 1929 0e52 00       		.byte	0
 1930 0e53 1C       		.uleb128 0x1c
 1931 0e54 D4060000 		.4byte	.LASF186
 1932 0e58 14       		.byte	0x14
 1933 0e59 4302     		.2byte	0x243
 1934 0e5b 10       		.byte	0x10
 1935 0e5c 210E0000 		.4byte	0xe21
 1936 0e60 8A0E0000 		.4byte	0xe8a
 1937 0e64 1D       		.uleb128 0x1d
 1938 0e65 4B090000 		.4byte	.LASF34
ARM GAS  C:\Users\acest\AppData\Local\Temp\cctDK88S.s 			page 35


 1939 0e69 14       		.byte	0x14
 1940 0e6a 4302     		.2byte	0x243
 1941 0e6c 33       		.byte	0x33
 1942 0e6d BA000000 		.4byte	0xba
 1943 0e71 1B       		.uleb128 0x1b
 1944 0e72 6E00     		.ascii	"n\000"
 1945 0e74 14       		.byte	0x14
 1946 0e75 4302     		.2byte	0x243
 1947 0e77 40       		.byte	0x40
 1948 0e78 24000000 		.4byte	0x24
 1949 0e7c 1E       		.uleb128 0x1e
 1950 0e7d 646D7000 		.ascii	"dmp\000"
 1951 0e81 14       		.byte	0x14
 1952 0e82 4402     		.2byte	0x244
 1953 0e84 12       		.byte	0x12
 1954 0e85 210E0000 		.4byte	0xe21
 1955 0e89 00       		.byte	0
 1956 0e8a 1A       		.uleb128 0x1a
 1957 0e8b EB060000 		.4byte	.LASF187
 1958 0e8f 14       		.byte	0x14
 1959 0e90 2702     		.2byte	0x227
 1960 0e92 06       		.byte	0x6
 1961 0e93 A50E0000 		.4byte	0xea5
 1962 0e97 1B       		.uleb128 0x1b
 1963 0e98 64737000 		.ascii	"dsp\000"
 1964 0e9c 14       		.byte	0x14
 1965 0e9d 2702     		.2byte	0x227
 1966 0e9f 31       		.byte	0x31
 1967 0ea0 A50E0000 		.4byte	0xea5
 1968 0ea4 00       		.byte	0
 1969 0ea5 06       		.uleb128 0x6
 1970 0ea6 04       		.byte	0x4
 1971 0ea7 4B0B0000 		.4byte	0xb4b
 1972 0eab 1C       		.uleb128 0x1c
 1973 0eac FB040000 		.4byte	.LASF188
 1974 0eb0 14       		.byte	0x14
 1975 0eb1 1102     		.2byte	0x211
 1976 0eb3 12       		.byte	0x12
 1977 0eb4 A50E0000 		.4byte	0xea5
 1978 0eb8 D70E0000 		.4byte	0xed7
 1979 0ebc 1D       		.uleb128 0x1d
 1980 0ebd 4B090000 		.4byte	.LASF34
 1981 0ec1 14       		.byte	0x14
 1982 0ec2 1102     		.2byte	0x211
 1983 0ec4 35       		.byte	0x35
 1984 0ec5 BA000000 		.4byte	0xba
 1985 0ec9 1E       		.uleb128 0x1e
 1986 0eca 64737000 		.ascii	"dsp\000"
 1987 0ece 14       		.byte	0x14
 1988 0ecf 1202     		.2byte	0x212
 1989 0ed1 14       		.byte	0x14
 1990 0ed2 A50E0000 		.4byte	0xea5
 1991 0ed6 00       		.byte	0
 1992 0ed7 1C       		.uleb128 0x1c
 1993 0ed8 7C060000 		.4byte	.LASF189
 1994 0edc 14       		.byte	0x14
 1995 0edd F201     		.2byte	0x1f2
ARM GAS  C:\Users\acest\AppData\Local\Temp\cctDK88S.s 			page 36


 1996 0edf 12       		.byte	0x12
 1997 0ee0 A50E0000 		.4byte	0xea5
 1998 0ee4 0E0F0000 		.4byte	0xf0e
 1999 0ee8 1D       		.uleb128 0x1d
 2000 0ee9 4B090000 		.4byte	.LASF34
 2001 0eed 14       		.byte	0x14
 2002 0eee F201     		.2byte	0x1f2
 2003 0ef0 37       		.byte	0x37
 2004 0ef1 BA000000 		.4byte	0xba
 2005 0ef5 1B       		.uleb128 0x1b
 2006 0ef6 6E00     		.ascii	"n\000"
 2007 0ef8 14       		.byte	0x14
 2008 0ef9 F201     		.2byte	0x1f2
 2009 0efb 43       		.byte	0x43
 2010 0efc 6A010000 		.4byte	0x16a
 2011 0f00 1E       		.uleb128 0x1e
 2012 0f01 64737000 		.ascii	"dsp\000"
 2013 0f05 14       		.byte	0x14
 2014 0f06 F301     		.2byte	0x1f3
 2015 0f08 14       		.byte	0x14
 2016 0f09 A50E0000 		.4byte	0xea5
 2017 0f0d 00       		.byte	0
 2018 0f0e 1A       		.uleb128 0x1a
 2019 0f0f E4080000 		.4byte	.LASF190
 2020 0f13 14       		.byte	0x14
 2021 0f14 D801     		.2byte	0x1d8
 2022 0f16 06       		.byte	0x6
 2023 0f17 290F0000 		.4byte	0xf29
 2024 0f1b 1B       		.uleb128 0x1b
 2025 0f1c 64627000 		.ascii	"dbp\000"
 2026 0f20 14       		.byte	0x14
 2027 0f21 D801     		.2byte	0x1d8
 2028 0f23 2B       		.byte	0x2b
 2029 0f24 290F0000 		.4byte	0xf29
 2030 0f28 00       		.byte	0
 2031 0f29 06       		.uleb128 0x6
 2032 0f2a 04       		.byte	0x4
 2033 0f2b 170B0000 		.4byte	0xb17
 2034 0f2f 1C       		.uleb128 0x1c
 2035 0f30 37020000 		.4byte	.LASF191
 2036 0f34 14       		.byte	0x14
 2037 0f35 C201     		.2byte	0x1c2
 2038 0f37 0F       		.byte	0xf
 2039 0f38 290F0000 		.4byte	0xf29
 2040 0f3c 5B0F0000 		.4byte	0xf5b
 2041 0f40 1D       		.uleb128 0x1d
 2042 0f41 4B090000 		.4byte	.LASF34
 2043 0f45 14       		.byte	0x14
 2044 0f46 C201     		.2byte	0x1c2
 2045 0f48 2F       		.byte	0x2f
 2046 0f49 BA000000 		.4byte	0xba
 2047 0f4d 1E       		.uleb128 0x1e
 2048 0f4e 64627000 		.ascii	"dbp\000"
 2049 0f52 14       		.byte	0x14
 2050 0f53 C301     		.2byte	0x1c3
 2051 0f55 11       		.byte	0x11
 2052 0f56 290F0000 		.4byte	0xf29
ARM GAS  C:\Users\acest\AppData\Local\Temp\cctDK88S.s 			page 37


 2053 0f5a 00       		.byte	0
 2054 0f5b 1C       		.uleb128 0x1c
 2055 0f5c D7070000 		.4byte	.LASF192
 2056 0f60 14       		.byte	0x14
 2057 0f61 A201     		.2byte	0x1a2
 2058 0f63 0F       		.byte	0xf
 2059 0f64 290F0000 		.4byte	0xf29
 2060 0f68 940F0000 		.4byte	0xf94
 2061 0f6c 1D       		.uleb128 0x1d
 2062 0f6d 4B090000 		.4byte	.LASF34
 2063 0f71 14       		.byte	0x14
 2064 0f72 A201     		.2byte	0x1a2
 2065 0f74 31       		.byte	0x31
 2066 0f75 BA000000 		.4byte	0xba
 2067 0f79 1D       		.uleb128 0x1d
 2068 0f7a FB070000 		.4byte	.LASF171
 2069 0f7e 14       		.byte	0x14
 2070 0f7f A201     		.2byte	0x1a2
 2071 0f81 3E       		.byte	0x3e
 2072 0f82 24000000 		.4byte	0x24
 2073 0f86 1E       		.uleb128 0x1e
 2074 0f87 64627000 		.ascii	"dbp\000"
 2075 0f8b 14       		.byte	0x14
 2076 0f8c A301     		.2byte	0x1a3
 2077 0f8e 11       		.byte	0x11
 2078 0f8f 290F0000 		.4byte	0xf29
 2079 0f93 00       		.byte	0
 2080 0f94 1A       		.uleb128 0x1a
 2081 0f95 CD080000 		.4byte	.LASF193
 2082 0f99 14       		.byte	0x14
 2083 0f9a 8601     		.2byte	0x186
 2084 0f9c 06       		.byte	0x6
 2085 0f9d AF0F0000 		.4byte	0xfaf
 2086 0fa1 1B       		.uleb128 0x1b
 2087 0fa2 726F7000 		.ascii	"rop\000"
 2088 0fa6 14       		.byte	0x14
 2089 0fa7 8601     		.2byte	0x186
 2090 0fa9 32       		.byte	0x32
 2091 0faa AF0F0000 		.4byte	0xfaf
 2092 0fae 00       		.byte	0
 2093 0faf 06       		.uleb128 0x6
 2094 0fb0 04       		.byte	0x4
 2095 0fb1 F00A0000 		.4byte	0xaf0
 2096 0fb5 1C       		.uleb128 0x1c
 2097 0fb6 60090000 		.4byte	.LASF194
 2098 0fba 14       		.byte	0x14
 2099 0fbb 6501     		.2byte	0x165
 2100 0fbd 16       		.byte	0x16
 2101 0fbe AF0F0000 		.4byte	0xfaf
 2102 0fc2 E10F0000 		.4byte	0xfe1
 2103 0fc6 1D       		.uleb128 0x1d
 2104 0fc7 8C0A0000 		.4byte	.LASF145
 2105 0fcb 14       		.byte	0x14
 2106 0fcc 6501     		.2byte	0x165
 2107 0fce 39       		.byte	0x39
 2108 0fcf A6000000 		.4byte	0xa6
 2109 0fd3 1E       		.uleb128 0x1e
ARM GAS  C:\Users\acest\AppData\Local\Temp\cctDK88S.s 			page 38


 2110 0fd4 726F7000 		.ascii	"rop\000"
 2111 0fd8 14       		.byte	0x14
 2112 0fd9 6601     		.2byte	0x166
 2113 0fdb 18       		.byte	0x18
 2114 0fdc AF0F0000 		.4byte	0xfaf
 2115 0fe0 00       		.byte	0
 2116 0fe1 1C       		.uleb128 0x1c
 2117 0fe2 23020000 		.4byte	.LASF195
 2118 0fe6 14       		.byte	0x14
 2119 0fe7 4C01     		.2byte	0x14c
 2120 0fe9 16       		.byte	0x16
 2121 0fea AF0F0000 		.4byte	0xfaf
 2122 0fee 0D100000 		.4byte	0x100d
 2123 0ff2 1D       		.uleb128 0x1d
 2124 0ff3 4B090000 		.4byte	.LASF34
 2125 0ff7 14       		.byte	0x14
 2126 0ff8 4C01     		.2byte	0x14c
 2127 0ffa 36       		.byte	0x36
 2128 0ffb BA000000 		.4byte	0xba
 2129 0fff 1E       		.uleb128 0x1e
 2130 1000 726F7000 		.ascii	"rop\000"
 2131 1004 14       		.byte	0x14
 2132 1005 4D01     		.2byte	0x14d
 2133 1007 18       		.byte	0x18
 2134 1008 AF0F0000 		.4byte	0xfaf
 2135 100c 00       		.byte	0
 2136 100d 1C       		.uleb128 0x1c
 2137 100e A0030000 		.4byte	.LASF196
 2138 1012 14       		.byte	0x14
 2139 1013 2C01     		.2byte	0x12c
 2140 1015 16       		.byte	0x16
 2141 1016 AF0F0000 		.4byte	0xfaf
 2142 101a 46100000 		.4byte	0x1046
 2143 101e 1D       		.uleb128 0x1d
 2144 101f 4B090000 		.4byte	.LASF34
 2145 1023 14       		.byte	0x14
 2146 1024 2C01     		.2byte	0x12c
 2147 1026 3A       		.byte	0x3a
 2148 1027 BA000000 		.4byte	0xba
 2149 102b 1D       		.uleb128 0x1d
 2150 102c 8C0A0000 		.4byte	.LASF145
 2151 1030 14       		.byte	0x14
 2152 1031 2D01     		.2byte	0x12d
 2153 1033 34       		.byte	0x34
 2154 1034 A6000000 		.4byte	0xa6
 2155 1038 1E       		.uleb128 0x1e
 2156 1039 726F7000 		.ascii	"rop\000"
 2157 103d 14       		.byte	0x14
 2158 103e 2E01     		.2byte	0x12e
 2159 1040 18       		.byte	0x18
 2160 1041 AF0F0000 		.4byte	0xfaf
 2161 1045 00       		.byte	0
 2162 1046 21       		.uleb128 0x21
 2163 1047 C5060000 		.4byte	.LASF214
 2164 104b 14       		.byte	0x14
 2165 104c FB       		.byte	0xfb
 2166 104d 06       		.byte	0x6
ARM GAS  C:\Users\acest\AppData\Local\Temp\cctDK88S.s 			page 39


 2167 104e 22       		.uleb128 0x22
 2168 104f 3A070000 		.4byte	.LASF198
 2169 1053 14       		.byte	0x14
 2170 1054 E3       		.byte	0xe3
 2171 1055 17       		.byte	0x17
 2172 1056 B60A0000 		.4byte	0xab6
 2173 105a 8C100000 		.4byte	0x108c
 2174 105e 23       		.uleb128 0x23
 2175 105f 4B090000 		.4byte	.LASF34
 2176 1063 14       		.byte	0x14
 2177 1064 E3       		.byte	0xe3
 2178 1065 33       		.byte	0x33
 2179 1066 BA000000 		.4byte	0xba
 2180 106a 24       		.uleb128 0x24
 2181 106b 646C7000 		.ascii	"dlp\000"
 2182 106f 14       		.byte	0x14
 2183 1070 E3       		.byte	0xe3
 2184 1071 45       		.byte	0x45
 2185 1072 8C100000 		.4byte	0x108c
 2186 1076 25       		.uleb128 0x25
 2187 1077 64657000 		.ascii	"dep\000"
 2188 107b 14       		.byte	0x14
 2189 107c E4       		.byte	0xe4
 2190 107d 12       		.byte	0x12
 2191 107e B60A0000 		.4byte	0xab6
 2192 1082 26       		.uleb128 0x26
 2193 1083 EA000000 		.4byte	.LASF197
 2194 1087 A2100000 		.4byte	0x10a2
 2195 108b 00       		.byte	0
 2196 108c 06       		.uleb128 0x6
 2197 108d 04       		.byte	0x4
 2198 108e BC0A0000 		.4byte	0xabc
 2199 1092 09       		.uleb128 0x9
 2200 1093 B5000000 		.4byte	0xb5
 2201 1097 A2100000 		.4byte	0x10a2
 2202 109b 0A       		.uleb128 0xa
 2203 109c 30000000 		.4byte	0x30
 2204 10a0 0F       		.byte	0xf
 2205 10a1 00       		.byte	0
 2206 10a2 07       		.uleb128 0x7
 2207 10a3 92100000 		.4byte	0x1092
 2208 10a7 27       		.uleb128 0x27
 2209 10a8 61040000 		.4byte	.LASF200
 2210 10ac 14       		.byte	0x14
 2211 10ad D4       		.byte	0xd4
 2212 10ae 0D       		.byte	0xd
 2213 10af E0100000 		.4byte	0x10e0
 2214 10b3 24       		.uleb128 0x24
 2215 10b4 64657000 		.ascii	"dep\000"
 2216 10b8 14       		.byte	0x14
 2217 10b9 D4       		.byte	0xd4
 2218 10ba 34       		.byte	0x34
 2219 10bb B60A0000 		.4byte	0xab6
 2220 10bf 24       		.uleb128 0x24
 2221 10c0 646C7000 		.ascii	"dlp\000"
 2222 10c4 14       		.byte	0x14
 2223 10c5 D5       		.byte	0xd5
ARM GAS  C:\Users\acest\AppData\Local\Temp\cctDK88S.s 			page 40


 2224 10c6 31       		.byte	0x31
 2225 10c7 8C100000 		.4byte	0x108c
 2226 10cb 24       		.uleb128 0x24
 2227 10cc 6D7000   		.ascii	"mp\000"
 2228 10cf 14       		.byte	0x14
 2229 10d0 D6       		.byte	0xd6
 2230 10d1 34       		.byte	0x34
 2231 10d2 E0100000 		.4byte	0x10e0
 2232 10d6 26       		.uleb128 0x26
 2233 10d7 EA000000 		.4byte	.LASF197
 2234 10db F6100000 		.4byte	0x10f6
 2235 10df 00       		.byte	0
 2236 10e0 06       		.uleb128 0x6
 2237 10e1 04       		.byte	0x4
 2238 10e2 3F090000 		.4byte	0x93f
 2239 10e6 09       		.uleb128 0x9
 2240 10e7 B5000000 		.4byte	0xb5
 2241 10eb F6100000 		.4byte	0x10f6
 2242 10ef 0A       		.uleb128 0xa
 2243 10f0 30000000 		.4byte	0x30
 2244 10f4 17       		.byte	0x17
 2245 10f5 00       		.byte	0
 2246 10f6 07       		.uleb128 0x7
 2247 10f7 E6100000 		.4byte	0x10e6
 2248 10fb 22       		.uleb128 0x22
 2249 10fc C2050000 		.4byte	.LASF199
 2250 1100 14       		.byte	0x14
 2251 1101 B6       		.byte	0xb6
 2252 1102 17       		.byte	0x17
 2253 1103 B60A0000 		.4byte	0xab6
 2254 1107 44110000 		.4byte	0x1144
 2255 110b 23       		.uleb128 0x23
 2256 110c 4B090000 		.4byte	.LASF34
 2257 1110 14       		.byte	0x14
 2258 1111 B6       		.byte	0xb6
 2259 1112 3A       		.byte	0x3a
 2260 1113 BA000000 		.4byte	0xba
 2261 1117 24       		.uleb128 0x24
 2262 1118 646C7000 		.ascii	"dlp\000"
 2263 111c 14       		.byte	0x14
 2264 111d B7       		.byte	0xb7
 2265 111e 3A       		.byte	0x3a
 2266 111f 8C100000 		.4byte	0x108c
 2267 1123 24       		.uleb128 0x24
 2268 1124 6D7000   		.ascii	"mp\000"
 2269 1127 14       		.byte	0x14
 2270 1128 B8       		.byte	0xb8
 2271 1129 3D       		.byte	0x3d
 2272 112a E0100000 		.4byte	0x10e0
 2273 112e 25       		.uleb128 0x25
 2274 112f 64657000 		.ascii	"dep\000"
 2275 1133 14       		.byte	0x14
 2276 1134 B9       		.byte	0xb9
 2277 1135 12       		.byte	0x12
 2278 1136 B60A0000 		.4byte	0xab6
 2279 113a 26       		.uleb128 0x26
 2280 113b EA000000 		.4byte	.LASF197
ARM GAS  C:\Users\acest\AppData\Local\Temp\cctDK88S.s 			page 41


 2281 113f 54110000 		.4byte	0x1154
 2282 1143 00       		.byte	0
 2283 1144 09       		.uleb128 0x9
 2284 1145 B5000000 		.4byte	0xb5
 2285 1149 54110000 		.4byte	0x1154
 2286 114d 0A       		.uleb128 0xa
 2287 114e 30000000 		.4byte	0x30
 2288 1152 16       		.byte	0x16
 2289 1153 00       		.byte	0
 2290 1154 07       		.uleb128 0x7
 2291 1155 44110000 		.4byte	0x1144
 2292 1159 27       		.uleb128 0x27
 2293 115a 54060000 		.4byte	.LASF201
 2294 115e 14       		.byte	0x14
 2295 115f A7       		.byte	0xa7
 2296 1160 0D       		.byte	0xd
 2297 1161 87110000 		.4byte	0x1187
 2298 1165 24       		.uleb128 0x24
 2299 1166 64657000 		.ascii	"dep\000"
 2300 116a 14       		.byte	0x14
 2301 116b A7       		.byte	0xa7
 2302 116c 34       		.byte	0x34
 2303 116d B60A0000 		.4byte	0xab6
 2304 1171 24       		.uleb128 0x24
 2305 1172 646C7000 		.ascii	"dlp\000"
 2306 1176 14       		.byte	0x14
 2307 1177 A8       		.byte	0xa8
 2308 1178 31       		.byte	0x31
 2309 1179 8C100000 		.4byte	0x108c
 2310 117d 26       		.uleb128 0x26
 2311 117e EA000000 		.4byte	.LASF197
 2312 1182 F6100000 		.4byte	0x10f6
 2313 1186 00       		.byte	0
 2314 1187 22       		.uleb128 0x22
 2315 1188 12050000 		.4byte	.LASF202
 2316 118c 14       		.byte	0x14
 2317 118d 88       		.byte	0x88
 2318 118e 17       		.byte	0x17
 2319 118f B60A0000 		.4byte	0xab6
 2320 1193 DD110000 		.4byte	0x11dd
 2321 1197 23       		.uleb128 0x23
 2322 1198 4B090000 		.4byte	.LASF34
 2323 119c 14       		.byte	0x14
 2324 119d 88       		.byte	0x88
 2325 119e 3A       		.byte	0x3a
 2326 119f BA000000 		.4byte	0xba
 2327 11a3 24       		.uleb128 0x24
 2328 11a4 646C7000 		.ascii	"dlp\000"
 2329 11a8 14       		.byte	0x14
 2330 11a9 89       		.byte	0x89
 2331 11aa 3A       		.byte	0x3a
 2332 11ab 8C100000 		.4byte	0x108c
 2333 11af 23       		.uleb128 0x23
 2334 11b0 FB070000 		.4byte	.LASF171
 2335 11b4 14       		.byte	0x14
 2336 11b5 8A       		.byte	0x8a
 2337 11b6 35       		.byte	0x35
ARM GAS  C:\Users\acest\AppData\Local\Temp\cctDK88S.s 			page 42


 2338 11b7 24000000 		.4byte	0x24
 2339 11bb 23       		.uleb128 0x23
 2340 11bc 76060000 		.4byte	.LASF127
 2341 11c0 14       		.byte	0x14
 2342 11c1 8B       		.byte	0x8b
 2343 11c2 37       		.byte	0x37
 2344 11c3 30000000 		.4byte	0x30
 2345 11c7 25       		.uleb128 0x25
 2346 11c8 64657000 		.ascii	"dep\000"
 2347 11cc 14       		.byte	0x14
 2348 11cd 8C       		.byte	0x8c
 2349 11ce 12       		.byte	0x12
 2350 11cf B60A0000 		.4byte	0xab6
 2351 11d3 26       		.uleb128 0x26
 2352 11d4 EA000000 		.4byte	.LASF197
 2353 11d8 54110000 		.4byte	0x1154
 2354 11dc 00       		.byte	0
 2355 11dd 22       		.uleb128 0x22
 2356 11de BD080000 		.4byte	.LASF203
 2357 11e2 14       		.byte	0x14
 2358 11e3 74       		.byte	0x74
 2359 11e4 17       		.byte	0x17
 2360 11e5 B60A0000 		.4byte	0xab6
 2361 11e9 12120000 		.4byte	0x1212
 2362 11ed 23       		.uleb128 0x23
 2363 11ee CF070000 		.4byte	.LASF144
 2364 11f2 14       		.byte	0x14
 2365 11f3 74       		.byte	0x74
 2366 11f4 36       		.byte	0x36
 2367 11f5 B60A0000 		.4byte	0xab6
 2368 11f9 24       		.uleb128 0x24
 2369 11fa 646C7000 		.ascii	"dlp\000"
 2370 11fe 14       		.byte	0x14
 2371 11ff 75       		.byte	0x75
 2372 1200 33       		.byte	0x33
 2373 1201 8C100000 		.4byte	0x108c
 2374 1205 28       		.uleb128 0x28
 2375 1206 1D0B0000 		.4byte	.LASF69
 2376 120a 14       		.byte	0x14
 2377 120b 76       		.byte	0x76
 2378 120c 12       		.byte	0x12
 2379 120d B60A0000 		.4byte	0xab6
 2380 1211 00       		.byte	0
 2381 1212 22       		.uleb128 0x22
 2382 1213 89070000 		.4byte	.LASF204
 2383 1217 14       		.byte	0x14
 2384 1218 67       		.byte	0x67
 2385 1219 17       		.byte	0x17
 2386 121a B60A0000 		.4byte	0xab6
 2387 121e 45120000 		.4byte	0x1245
 2388 1222 23       		.uleb128 0x23
 2389 1223 4B090000 		.4byte	.LASF34
 2390 1227 14       		.byte	0x14
 2391 1228 67       		.byte	0x67
 2392 1229 31       		.byte	0x31
 2393 122a BA000000 		.4byte	0xba
 2394 122e 24       		.uleb128 0x24
ARM GAS  C:\Users\acest\AppData\Local\Temp\cctDK88S.s 			page 43


 2395 122f 646C7000 		.ascii	"dlp\000"
 2396 1233 14       		.byte	0x14
 2397 1234 67       		.byte	0x67
 2398 1235 43       		.byte	0x43
 2399 1236 8C100000 		.4byte	0x108c
 2400 123a 25       		.uleb128 0x25
 2401 123b 7000     		.ascii	"p\000"
 2402 123d 14       		.byte	0x14
 2403 123e 68       		.byte	0x68
 2404 123f 12       		.byte	0x12
 2405 1240 B60A0000 		.4byte	0xab6
 2406 1244 00       		.byte	0
 2407 1245 27       		.uleb128 0x27
 2408 1246 92030000 		.4byte	.LASF205
 2409 124a 14       		.byte	0x14
 2410 124b 62       		.byte	0x62
 2411 124c 14       		.byte	0x14
 2412 124d 5E120000 		.4byte	0x125e
 2413 1251 24       		.uleb128 0x24
 2414 1252 646C7000 		.ascii	"dlp\000"
 2415 1256 14       		.byte	0x14
 2416 1257 62       		.byte	0x62
 2417 1258 2E       		.byte	0x2e
 2418 1259 8C100000 		.4byte	0x108c
 2419 125d 00       		.byte	0
 2420 125e 27       		.uleb128 0x27
 2421 125f 02010000 		.4byte	.LASF206
 2422 1263 14       		.byte	0x14
 2423 1264 56       		.byte	0x56
 2424 1265 0D       		.byte	0xd
 2425 1266 95120000 		.4byte	0x1295
 2426 126a 24       		.uleb128 0x24
 2427 126b 737000   		.ascii	"sp\000"
 2428 126e 14       		.byte	0x14
 2429 126f 56       		.byte	0x56
 2430 1270 23       		.byte	0x23
 2431 1271 BA000000 		.4byte	0xba
 2432 1275 24       		.uleb128 0x24
 2433 1276 647000   		.ascii	"dp\000"
 2434 1279 14       		.byte	0x14
 2435 127a 56       		.byte	0x56
 2436 127b 2D       		.byte	0x2d
 2437 127c A8000000 		.4byte	0xa8
 2438 1280 25       		.uleb128 0x25
 2439 1281 6900     		.ascii	"i\000"
 2440 1283 14       		.byte	0x14
 2441 1284 57       		.byte	0x57
 2442 1285 0C       		.byte	0xc
 2443 1286 30000000 		.4byte	0x30
 2444 128a 25       		.uleb128 0x25
 2445 128b 6300     		.ascii	"c\000"
 2446 128d 14       		.byte	0x14
 2447 128e 58       		.byte	0x58
 2448 128f 08       		.byte	0x8
 2449 1290 AE000000 		.4byte	0xae
 2450 1294 00       		.byte	0
 2451 1295 27       		.uleb128 0x27
ARM GAS  C:\Users\acest\AppData\Local\Temp\cctDK88S.s 			page 44


 2452 1296 E6050000 		.4byte	.LASF207
 2453 129a 11       		.byte	0x11
 2454 129b 80       		.byte	0x80
 2455 129c 14       		.byte	0x14
 2456 129d F3120000 		.4byte	0x12f3
 2457 12a1 24       		.uleb128 0x24
 2458 12a2 6F667000 		.ascii	"ofp\000"
 2459 12a6 11       		.byte	0x11
 2460 12a7 80       		.byte	0x80
 2461 12a8 3C       		.byte	0x3c
 2462 12a9 F3120000 		.4byte	0x12f3
 2463 12ad 23       		.uleb128 0x23
 2464 12ae B1090000 		.4byte	.LASF177
 2465 12b2 11       		.byte	0x11
 2466 12b3 80       		.byte	0x80
 2467 12b4 48       		.byte	0x48
 2468 12b5 24000000 		.4byte	0x24
 2469 12b9 23       		.uleb128 0x23
 2470 12ba 34050000 		.4byte	.LASF178
 2471 12be 11       		.byte	0x11
 2472 12bf 81       		.byte	0x81
 2473 12c0 33       		.byte	0x33
 2474 12c1 24000000 		.4byte	0x24
 2475 12c5 23       		.uleb128 0x23
 2476 12c6 ED040000 		.4byte	.LASF179
 2477 12ca 11       		.byte	0x11
 2478 12cb 81       		.byte	0x81
 2479 12cc 42       		.byte	0x42
 2480 12cd 30000000 		.4byte	0x30
 2481 12d1 23       		.uleb128 0x23
 2482 12d2 53040000 		.4byte	.LASF183
 2483 12d6 11       		.byte	0x11
 2484 12d7 82       		.byte	0x82
 2485 12d8 32       		.byte	0x32
 2486 12d9 A6000000 		.4byte	0xa6
 2487 12dd 23       		.uleb128 0x23
 2488 12de 33070000 		.4byte	.LASF182
 2489 12e2 11       		.byte	0x11
 2490 12e3 82       		.byte	0x82
 2491 12e4 41       		.byte	0x41
 2492 12e5 9B080000 		.4byte	0x89b
 2493 12e9 26       		.uleb128 0x26
 2494 12ea EA000000 		.4byte	.LASF197
 2495 12ee F6100000 		.4byte	0x10f6
 2496 12f2 00       		.byte	0
 2497 12f3 06       		.uleb128 0x6
 2498 12f4 04       		.byte	0x4
 2499 12f5 A3090000 		.4byte	0x9a3
 2500 12f9 27       		.uleb128 0x27
 2501 12fa 6C000000 		.4byte	.LASF208
 2502 12fe 10       		.byte	0x10
 2503 12ff BD       		.byte	0xbd
 2504 1300 14       		.byte	0x14
 2505 1301 29130000 		.4byte	0x1329
 2506 1305 24       		.uleb128 0x24
 2507 1306 6D7000   		.ascii	"mp\000"
 2508 1309 10       		.byte	0x10
ARM GAS  C:\Users\acest\AppData\Local\Temp\cctDK88S.s 			page 45


 2509 130a BD       		.byte	0xbd
 2510 130b 34       		.byte	0x34
 2511 130c E0100000 		.4byte	0x10e0
 2512 1310 23       		.uleb128 0x23
 2513 1311 FB070000 		.4byte	.LASF171
 2514 1315 10       		.byte	0x10
 2515 1316 BE       		.byte	0xbe
 2516 1317 2C       		.byte	0x2c
 2517 1318 24000000 		.4byte	0x24
 2518 131c 23       		.uleb128 0x23
 2519 131d AB000000 		.4byte	.LASF128
 2520 1321 10       		.byte	0x10
 2521 1322 BF       		.byte	0xbf
 2522 1323 32       		.byte	0x32
 2523 1324 B4080000 		.4byte	0x8b4
 2524 1328 00       		.byte	0
 2525 1329 29       		.uleb128 0x29
 2526 132a 57030000 		.4byte	.LASF209
 2527 132e 0F       		.byte	0xf
 2528 132f 96       		.byte	0x96
 2529 1330 15       		.byte	0x15
 2530 1331 A6000000 		.4byte	0xa6
 2531 1335 23       		.uleb128 0x23
 2532 1336 FB070000 		.4byte	.LASF171
 2533 133a 0F       		.byte	0xf
 2534 133b 96       		.byte	0x96
 2535 133c 30       		.byte	0x30
 2536 133d 24000000 		.4byte	0x24
 2537 1341 23       		.uleb128 0x23
 2538 1342 76060000 		.4byte	.LASF127
 2539 1346 0F       		.byte	0xf
 2540 1347 96       		.byte	0x96
 2541 1348 3F       		.byte	0x3f
 2542 1349 30000000 		.4byte	0x30
 2543 134d 00       		.byte	0
 2544 134e 00       		.byte	0
 2545              		.section	.gnu.debuglto_.debug_abbrev,"e",%progbits
 2546              	.Ldebug_abbrev0:
 2547 0000 01       		.uleb128 0x1
 2548 0001 11       		.uleb128 0x11
 2549 0002 01       		.byte	0x1
 2550 0003 25       		.uleb128 0x25
 2551 0004 0E       		.uleb128 0xe
 2552 0005 13       		.uleb128 0x13
 2553 0006 0B       		.uleb128 0xb
 2554 0007 03       		.uleb128 0x3
 2555 0008 0E       		.uleb128 0xe
 2556 0009 1B       		.uleb128 0x1b
 2557 000a 0E       		.uleb128 0xe
 2558 000b 10       		.uleb128 0x10
 2559 000c 17       		.uleb128 0x17
 2560 000d 00       		.byte	0
 2561 000e 00       		.byte	0
 2562 000f 02       		.uleb128 0x2
 2563 0010 24       		.uleb128 0x24
 2564 0011 00       		.byte	0
 2565 0012 0B       		.uleb128 0xb
ARM GAS  C:\Users\acest\AppData\Local\Temp\cctDK88S.s 			page 46


 2566 0013 0B       		.uleb128 0xb
 2567 0014 3E       		.uleb128 0x3e
 2568 0015 0B       		.uleb128 0xb
 2569 0016 03       		.uleb128 0x3
 2570 0017 08       		.uleb128 0x8
 2571 0018 00       		.byte	0
 2572 0019 00       		.byte	0
 2573 001a 03       		.uleb128 0x3
 2574 001b 16       		.uleb128 0x16
 2575 001c 00       		.byte	0
 2576 001d 03       		.uleb128 0x3
 2577 001e 0E       		.uleb128 0xe
 2578 001f 3A       		.uleb128 0x3a
 2579 0020 0B       		.uleb128 0xb
 2580 0021 3B       		.uleb128 0x3b
 2581 0022 0B       		.uleb128 0xb
 2582 0023 39       		.uleb128 0x39
 2583 0024 0B       		.uleb128 0xb
 2584 0025 49       		.uleb128 0x49
 2585 0026 13       		.uleb128 0x13
 2586 0027 00       		.byte	0
 2587 0028 00       		.byte	0
 2588 0029 04       		.uleb128 0x4
 2589 002a 24       		.uleb128 0x24
 2590 002b 00       		.byte	0
 2591 002c 0B       		.uleb128 0xb
 2592 002d 0B       		.uleb128 0xb
 2593 002e 3E       		.uleb128 0x3e
 2594 002f 0B       		.uleb128 0xb
 2595 0030 03       		.uleb128 0x3
 2596 0031 0E       		.uleb128 0xe
 2597 0032 00       		.byte	0
 2598 0033 00       		.byte	0
 2599 0034 05       		.uleb128 0x5
 2600 0035 0F       		.uleb128 0xf
 2601 0036 00       		.byte	0
 2602 0037 0B       		.uleb128 0xb
 2603 0038 0B       		.uleb128 0xb
 2604 0039 00       		.byte	0
 2605 003a 00       		.byte	0
 2606 003b 06       		.uleb128 0x6
 2607 003c 0F       		.uleb128 0xf
 2608 003d 00       		.byte	0
 2609 003e 0B       		.uleb128 0xb
 2610 003f 0B       		.uleb128 0xb
 2611 0040 49       		.uleb128 0x49
 2612 0041 13       		.uleb128 0x13
 2613 0042 00       		.byte	0
 2614 0043 00       		.byte	0
 2615 0044 07       		.uleb128 0x7
 2616 0045 26       		.uleb128 0x26
 2617 0046 00       		.byte	0
 2618 0047 49       		.uleb128 0x49
 2619 0048 13       		.uleb128 0x13
 2620 0049 00       		.byte	0
 2621 004a 00       		.byte	0
 2622 004b 08       		.uleb128 0x8
ARM GAS  C:\Users\acest\AppData\Local\Temp\cctDK88S.s 			page 47


 2623 004c 35       		.uleb128 0x35
 2624 004d 00       		.byte	0
 2625 004e 49       		.uleb128 0x49
 2626 004f 13       		.uleb128 0x13
 2627 0050 00       		.byte	0
 2628 0051 00       		.byte	0
 2629 0052 09       		.uleb128 0x9
 2630 0053 01       		.uleb128 0x1
 2631 0054 01       		.byte	0x1
 2632 0055 49       		.uleb128 0x49
 2633 0056 13       		.uleb128 0x13
 2634 0057 01       		.uleb128 0x1
 2635 0058 13       		.uleb128 0x13
 2636 0059 00       		.byte	0
 2637 005a 00       		.byte	0
 2638 005b 0A       		.uleb128 0xa
 2639 005c 21       		.uleb128 0x21
 2640 005d 00       		.byte	0
 2641 005e 49       		.uleb128 0x49
 2642 005f 13       		.uleb128 0x13
 2643 0060 2F       		.uleb128 0x2f
 2644 0061 0B       		.uleb128 0xb
 2645 0062 00       		.byte	0
 2646 0063 00       		.byte	0
 2647 0064 0B       		.uleb128 0xb
 2648 0065 13       		.uleb128 0x13
 2649 0066 01       		.byte	0x1
 2650 0067 03       		.uleb128 0x3
 2651 0068 0E       		.uleb128 0xe
 2652 0069 0B       		.uleb128 0xb
 2653 006a 0B       		.uleb128 0xb
 2654 006b 3A       		.uleb128 0x3a
 2655 006c 0B       		.uleb128 0xb
 2656 006d 3B       		.uleb128 0x3b
 2657 006e 0B       		.uleb128 0xb
 2658 006f 39       		.uleb128 0x39
 2659 0070 0B       		.uleb128 0xb
 2660 0071 01       		.uleb128 0x1
 2661 0072 13       		.uleb128 0x13
 2662 0073 00       		.byte	0
 2663 0074 00       		.byte	0
 2664 0075 0C       		.uleb128 0xc
 2665 0076 0D       		.uleb128 0xd
 2666 0077 00       		.byte	0
 2667 0078 03       		.uleb128 0x3
 2668 0079 08       		.uleb128 0x8
 2669 007a 3A       		.uleb128 0x3a
 2670 007b 0B       		.uleb128 0xb
 2671 007c 3B       		.uleb128 0x3b
 2672 007d 0B       		.uleb128 0xb
 2673 007e 39       		.uleb128 0x39
 2674 007f 0B       		.uleb128 0xb
 2675 0080 49       		.uleb128 0x49
 2676 0081 13       		.uleb128 0x13
 2677 0082 38       		.uleb128 0x38
 2678 0083 0B       		.uleb128 0xb
 2679 0084 00       		.byte	0
ARM GAS  C:\Users\acest\AppData\Local\Temp\cctDK88S.s 			page 48


 2680 0085 00       		.byte	0
 2681 0086 0D       		.uleb128 0xd
 2682 0087 0D       		.uleb128 0xd
 2683 0088 00       		.byte	0
 2684 0089 03       		.uleb128 0x3
 2685 008a 0E       		.uleb128 0xe
 2686 008b 3A       		.uleb128 0x3a
 2687 008c 0B       		.uleb128 0xb
 2688 008d 3B       		.uleb128 0x3b
 2689 008e 0B       		.uleb128 0xb
 2690 008f 39       		.uleb128 0x39
 2691 0090 0B       		.uleb128 0xb
 2692 0091 49       		.uleb128 0x49
 2693 0092 13       		.uleb128 0x13
 2694 0093 38       		.uleb128 0x38
 2695 0094 0B       		.uleb128 0xb
 2696 0095 00       		.byte	0
 2697 0096 00       		.byte	0
 2698 0097 0E       		.uleb128 0xe
 2699 0098 0D       		.uleb128 0xd
 2700 0099 00       		.byte	0
 2701 009a 03       		.uleb128 0x3
 2702 009b 08       		.uleb128 0x8
 2703 009c 3A       		.uleb128 0x3a
 2704 009d 0B       		.uleb128 0xb
 2705 009e 3B       		.uleb128 0x3b
 2706 009f 05       		.uleb128 0x5
 2707 00a0 39       		.uleb128 0x39
 2708 00a1 0B       		.uleb128 0xb
 2709 00a2 49       		.uleb128 0x49
 2710 00a3 13       		.uleb128 0x13
 2711 00a4 38       		.uleb128 0x38
 2712 00a5 0B       		.uleb128 0xb
 2713 00a6 00       		.byte	0
 2714 00a7 00       		.byte	0
 2715 00a8 0F       		.uleb128 0xf
 2716 00a9 0D       		.uleb128 0xd
 2717 00aa 00       		.byte	0
 2718 00ab 03       		.uleb128 0x3
 2719 00ac 0E       		.uleb128 0xe
 2720 00ad 3A       		.uleb128 0x3a
 2721 00ae 0B       		.uleb128 0xb
 2722 00af 3B       		.uleb128 0x3b
 2723 00b0 05       		.uleb128 0x5
 2724 00b1 39       		.uleb128 0x39
 2725 00b2 0B       		.uleb128 0xb
 2726 00b3 49       		.uleb128 0x49
 2727 00b4 13       		.uleb128 0x13
 2728 00b5 38       		.uleb128 0x38
 2729 00b6 0B       		.uleb128 0xb
 2730 00b7 00       		.byte	0
 2731 00b8 00       		.byte	0
 2732 00b9 10       		.uleb128 0x10
 2733 00ba 13       		.uleb128 0x13
 2734 00bb 01       		.byte	0x1
 2735 00bc 03       		.uleb128 0x3
 2736 00bd 0E       		.uleb128 0xe
ARM GAS  C:\Users\acest\AppData\Local\Temp\cctDK88S.s 			page 49


 2737 00be 0B       		.uleb128 0xb
 2738 00bf 0B       		.uleb128 0xb
 2739 00c0 3A       		.uleb128 0x3a
 2740 00c1 0B       		.uleb128 0xb
 2741 00c2 3B       		.uleb128 0x3b
 2742 00c3 05       		.uleb128 0x5
 2743 00c4 39       		.uleb128 0x39
 2744 00c5 0B       		.uleb128 0xb
 2745 00c6 01       		.uleb128 0x1
 2746 00c7 13       		.uleb128 0x13
 2747 00c8 00       		.byte	0
 2748 00c9 00       		.byte	0
 2749 00ca 11       		.uleb128 0x11
 2750 00cb 17       		.uleb128 0x17
 2751 00cc 01       		.byte	0x1
 2752 00cd 0B       		.uleb128 0xb
 2753 00ce 0B       		.uleb128 0xb
 2754 00cf 3A       		.uleb128 0x3a
 2755 00d0 0B       		.uleb128 0xb
 2756 00d1 3B       		.uleb128 0x3b
 2757 00d2 0B       		.uleb128 0xb
 2758 00d3 39       		.uleb128 0x39
 2759 00d4 0B       		.uleb128 0xb
 2760 00d5 01       		.uleb128 0x1
 2761 00d6 13       		.uleb128 0x13
 2762 00d7 00       		.byte	0
 2763 00d8 00       		.byte	0
 2764 00d9 12       		.uleb128 0x12
 2765 00da 0D       		.uleb128 0xd
 2766 00db 00       		.byte	0
 2767 00dc 03       		.uleb128 0x3
 2768 00dd 0E       		.uleb128 0xe
 2769 00de 3A       		.uleb128 0x3a
 2770 00df 0B       		.uleb128 0xb
 2771 00e0 3B       		.uleb128 0x3b
 2772 00e1 0B       		.uleb128 0xb
 2773 00e2 39       		.uleb128 0x39
 2774 00e3 0B       		.uleb128 0xb
 2775 00e4 49       		.uleb128 0x49
 2776 00e5 13       		.uleb128 0x13
 2777 00e6 00       		.byte	0
 2778 00e7 00       		.byte	0
 2779 00e8 13       		.uleb128 0x13
 2780 00e9 0D       		.uleb128 0xd
 2781 00ea 00       		.byte	0
 2782 00eb 03       		.uleb128 0x3
 2783 00ec 0E       		.uleb128 0xe
 2784 00ed 3A       		.uleb128 0x3a
 2785 00ee 0B       		.uleb128 0xb
 2786 00ef 3B       		.uleb128 0x3b
 2787 00f0 05       		.uleb128 0x5
 2788 00f1 39       		.uleb128 0x39
 2789 00f2 0B       		.uleb128 0xb
 2790 00f3 49       		.uleb128 0x49
 2791 00f4 13       		.uleb128 0x13
 2792 00f5 00       		.byte	0
 2793 00f6 00       		.byte	0
ARM GAS  C:\Users\acest\AppData\Local\Temp\cctDK88S.s 			page 50


 2794 00f7 14       		.uleb128 0x14
 2795 00f8 16       		.uleb128 0x16
 2796 00f9 00       		.byte	0
 2797 00fa 03       		.uleb128 0x3
 2798 00fb 0E       		.uleb128 0xe
 2799 00fc 3A       		.uleb128 0x3a
 2800 00fd 0B       		.uleb128 0xb
 2801 00fe 3B       		.uleb128 0x3b
 2802 00ff 05       		.uleb128 0x5
 2803 0100 39       		.uleb128 0x39
 2804 0101 0B       		.uleb128 0xb
 2805 0102 49       		.uleb128 0x49
 2806 0103 13       		.uleb128 0x13
 2807 0104 00       		.byte	0
 2808 0105 00       		.byte	0
 2809 0106 15       		.uleb128 0x15
 2810 0107 13       		.uleb128 0x13
 2811 0108 01       		.byte	0x1
 2812 0109 0B       		.uleb128 0xb
 2813 010a 0B       		.uleb128 0xb
 2814 010b 3A       		.uleb128 0x3a
 2815 010c 0B       		.uleb128 0xb
 2816 010d 3B       		.uleb128 0x3b
 2817 010e 0B       		.uleb128 0xb
 2818 010f 39       		.uleb128 0x39
 2819 0110 0B       		.uleb128 0xb
 2820 0111 01       		.uleb128 0x1
 2821 0112 13       		.uleb128 0x13
 2822 0113 00       		.byte	0
 2823 0114 00       		.byte	0
 2824 0115 16       		.uleb128 0x16
 2825 0116 15       		.uleb128 0x15
 2826 0117 01       		.byte	0x1
 2827 0118 27       		.uleb128 0x27
 2828 0119 19       		.uleb128 0x19
 2829 011a 49       		.uleb128 0x49
 2830 011b 13       		.uleb128 0x13
 2831 011c 01       		.uleb128 0x1
 2832 011d 13       		.uleb128 0x13
 2833 011e 00       		.byte	0
 2834 011f 00       		.byte	0
 2835 0120 17       		.uleb128 0x17
 2836 0121 05       		.uleb128 0x5
 2837 0122 00       		.byte	0
 2838 0123 49       		.uleb128 0x49
 2839 0124 13       		.uleb128 0x13
 2840 0125 00       		.byte	0
 2841 0126 00       		.byte	0
 2842 0127 18       		.uleb128 0x18
 2843 0128 34       		.uleb128 0x34
 2844 0129 00       		.byte	0
 2845 012a 03       		.uleb128 0x3
 2846 012b 0E       		.uleb128 0xe
 2847 012c 3A       		.uleb128 0x3a
 2848 012d 0B       		.uleb128 0xb
 2849 012e 3B       		.uleb128 0x3b
 2850 012f 05       		.uleb128 0x5
ARM GAS  C:\Users\acest\AppData\Local\Temp\cctDK88S.s 			page 51


 2851 0130 39       		.uleb128 0x39
 2852 0131 0B       		.uleb128 0xb
 2853 0132 49       		.uleb128 0x49
 2854 0133 13       		.uleb128 0x13
 2855 0134 3F       		.uleb128 0x3f
 2856 0135 19       		.uleb128 0x19
 2857 0136 3C       		.uleb128 0x3c
 2858 0137 19       		.uleb128 0x19
 2859 0138 00       		.byte	0
 2860 0139 00       		.byte	0
 2861 013a 19       		.uleb128 0x19
 2862 013b 34       		.uleb128 0x34
 2863 013c 00       		.byte	0
 2864 013d 47       		.uleb128 0x47
 2865 013e 13       		.uleb128 0x13
 2866 013f 3A       		.uleb128 0x3a
 2867 0140 0B       		.uleb128 0xb
 2868 0141 3B       		.uleb128 0x3b
 2869 0142 0B       		.uleb128 0xb
 2870 0143 39       		.uleb128 0x39
 2871 0144 0B       		.uleb128 0xb
 2872 0145 00       		.byte	0
 2873 0146 00       		.byte	0
 2874 0147 1A       		.uleb128 0x1a
 2875 0148 2E       		.uleb128 0x2e
 2876 0149 01       		.byte	0x1
 2877 014a 3F       		.uleb128 0x3f
 2878 014b 19       		.uleb128 0x19
 2879 014c 03       		.uleb128 0x3
 2880 014d 0E       		.uleb128 0xe
 2881 014e 3A       		.uleb128 0x3a
 2882 014f 0B       		.uleb128 0xb
 2883 0150 3B       		.uleb128 0x3b
 2884 0151 05       		.uleb128 0x5
 2885 0152 39       		.uleb128 0x39
 2886 0153 0B       		.uleb128 0xb
 2887 0154 27       		.uleb128 0x27
 2888 0155 19       		.uleb128 0x19
 2889 0156 01       		.uleb128 0x1
 2890 0157 13       		.uleb128 0x13
 2891 0158 00       		.byte	0
 2892 0159 00       		.byte	0
 2893 015a 1B       		.uleb128 0x1b
 2894 015b 05       		.uleb128 0x5
 2895 015c 00       		.byte	0
 2896 015d 03       		.uleb128 0x3
 2897 015e 08       		.uleb128 0x8
 2898 015f 3A       		.uleb128 0x3a
 2899 0160 0B       		.uleb128 0xb
 2900 0161 3B       		.uleb128 0x3b
 2901 0162 05       		.uleb128 0x5
 2902 0163 39       		.uleb128 0x39
 2903 0164 0B       		.uleb128 0xb
 2904 0165 49       		.uleb128 0x49
 2905 0166 13       		.uleb128 0x13
 2906 0167 00       		.byte	0
 2907 0168 00       		.byte	0
ARM GAS  C:\Users\acest\AppData\Local\Temp\cctDK88S.s 			page 52


 2908 0169 1C       		.uleb128 0x1c
 2909 016a 2E       		.uleb128 0x2e
 2910 016b 01       		.byte	0x1
 2911 016c 3F       		.uleb128 0x3f
 2912 016d 19       		.uleb128 0x19
 2913 016e 03       		.uleb128 0x3
 2914 016f 0E       		.uleb128 0xe
 2915 0170 3A       		.uleb128 0x3a
 2916 0171 0B       		.uleb128 0xb
 2917 0172 3B       		.uleb128 0x3b
 2918 0173 05       		.uleb128 0x5
 2919 0174 39       		.uleb128 0x39
 2920 0175 0B       		.uleb128 0xb
 2921 0176 27       		.uleb128 0x27
 2922 0177 19       		.uleb128 0x19
 2923 0178 49       		.uleb128 0x49
 2924 0179 13       		.uleb128 0x13
 2925 017a 01       		.uleb128 0x1
 2926 017b 13       		.uleb128 0x13
 2927 017c 00       		.byte	0
 2928 017d 00       		.byte	0
 2929 017e 1D       		.uleb128 0x1d
 2930 017f 05       		.uleb128 0x5
 2931 0180 00       		.byte	0
 2932 0181 03       		.uleb128 0x3
 2933 0182 0E       		.uleb128 0xe
 2934 0183 3A       		.uleb128 0x3a
 2935 0184 0B       		.uleb128 0xb
 2936 0185 3B       		.uleb128 0x3b
 2937 0186 05       		.uleb128 0x5
 2938 0187 39       		.uleb128 0x39
 2939 0188 0B       		.uleb128 0xb
 2940 0189 49       		.uleb128 0x49
 2941 018a 13       		.uleb128 0x13
 2942 018b 00       		.byte	0
 2943 018c 00       		.byte	0
 2944 018d 1E       		.uleb128 0x1e
 2945 018e 34       		.uleb128 0x34
 2946 018f 00       		.byte	0
 2947 0190 03       		.uleb128 0x3
 2948 0191 08       		.uleb128 0x8
 2949 0192 3A       		.uleb128 0x3a
 2950 0193 0B       		.uleb128 0xb
 2951 0194 3B       		.uleb128 0x3b
 2952 0195 05       		.uleb128 0x5
 2953 0196 39       		.uleb128 0x39
 2954 0197 0B       		.uleb128 0xb
 2955 0198 49       		.uleb128 0x49
 2956 0199 13       		.uleb128 0x13
 2957 019a 00       		.byte	0
 2958 019b 00       		.byte	0
 2959 019c 1F       		.uleb128 0x1f
 2960 019d 34       		.uleb128 0x34
 2961 019e 00       		.byte	0
 2962 019f 03       		.uleb128 0x3
 2963 01a0 0E       		.uleb128 0xe
 2964 01a1 3A       		.uleb128 0x3a
ARM GAS  C:\Users\acest\AppData\Local\Temp\cctDK88S.s 			page 53


 2965 01a2 0B       		.uleb128 0xb
 2966 01a3 3B       		.uleb128 0x3b
 2967 01a4 05       		.uleb128 0x5
 2968 01a5 39       		.uleb128 0x39
 2969 01a6 0B       		.uleb128 0xb
 2970 01a7 49       		.uleb128 0x49
 2971 01a8 13       		.uleb128 0x13
 2972 01a9 00       		.byte	0
 2973 01aa 00       		.byte	0
 2974 01ab 20       		.uleb128 0x20
 2975 01ac 0B       		.uleb128 0xb
 2976 01ad 01       		.byte	0x1
 2977 01ae 00       		.byte	0
 2978 01af 00       		.byte	0
 2979 01b0 21       		.uleb128 0x21
 2980 01b1 2E       		.uleb128 0x2e
 2981 01b2 00       		.byte	0
 2982 01b3 3F       		.uleb128 0x3f
 2983 01b4 19       		.uleb128 0x19
 2984 01b5 03       		.uleb128 0x3
 2985 01b6 0E       		.uleb128 0xe
 2986 01b7 3A       		.uleb128 0x3a
 2987 01b8 0B       		.uleb128 0xb
 2988 01b9 3B       		.uleb128 0x3b
 2989 01ba 0B       		.uleb128 0xb
 2990 01bb 39       		.uleb128 0x39
 2991 01bc 0B       		.uleb128 0xb
 2992 01bd 27       		.uleb128 0x27
 2993 01be 19       		.uleb128 0x19
 2994 01bf 00       		.byte	0
 2995 01c0 00       		.byte	0
 2996 01c1 22       		.uleb128 0x22
 2997 01c2 2E       		.uleb128 0x2e
 2998 01c3 01       		.byte	0x1
 2999 01c4 03       		.uleb128 0x3
 3000 01c5 0E       		.uleb128 0xe
 3001 01c6 3A       		.uleb128 0x3a
 3002 01c7 0B       		.uleb128 0xb
 3003 01c8 3B       		.uleb128 0x3b
 3004 01c9 0B       		.uleb128 0xb
 3005 01ca 39       		.uleb128 0x39
 3006 01cb 0B       		.uleb128 0xb
 3007 01cc 27       		.uleb128 0x27
 3008 01cd 19       		.uleb128 0x19
 3009 01ce 49       		.uleb128 0x49
 3010 01cf 13       		.uleb128 0x13
 3011 01d0 01       		.uleb128 0x1
 3012 01d1 13       		.uleb128 0x13
 3013 01d2 00       		.byte	0
 3014 01d3 00       		.byte	0
 3015 01d4 23       		.uleb128 0x23
 3016 01d5 05       		.uleb128 0x5
 3017 01d6 00       		.byte	0
 3018 01d7 03       		.uleb128 0x3
 3019 01d8 0E       		.uleb128 0xe
 3020 01d9 3A       		.uleb128 0x3a
 3021 01da 0B       		.uleb128 0xb
ARM GAS  C:\Users\acest\AppData\Local\Temp\cctDK88S.s 			page 54


 3022 01db 3B       		.uleb128 0x3b
 3023 01dc 0B       		.uleb128 0xb
 3024 01dd 39       		.uleb128 0x39
 3025 01de 0B       		.uleb128 0xb
 3026 01df 49       		.uleb128 0x49
 3027 01e0 13       		.uleb128 0x13
 3028 01e1 00       		.byte	0
 3029 01e2 00       		.byte	0
 3030 01e3 24       		.uleb128 0x24
 3031 01e4 05       		.uleb128 0x5
 3032 01e5 00       		.byte	0
 3033 01e6 03       		.uleb128 0x3
 3034 01e7 08       		.uleb128 0x8
 3035 01e8 3A       		.uleb128 0x3a
 3036 01e9 0B       		.uleb128 0xb
 3037 01ea 3B       		.uleb128 0x3b
 3038 01eb 0B       		.uleb128 0xb
 3039 01ec 39       		.uleb128 0x39
 3040 01ed 0B       		.uleb128 0xb
 3041 01ee 49       		.uleb128 0x49
 3042 01ef 13       		.uleb128 0x13
 3043 01f0 00       		.byte	0
 3044 01f1 00       		.byte	0
 3045 01f2 25       		.uleb128 0x25
 3046 01f3 34       		.uleb128 0x34
 3047 01f4 00       		.byte	0
 3048 01f5 03       		.uleb128 0x3
 3049 01f6 08       		.uleb128 0x8
 3050 01f7 3A       		.uleb128 0x3a
 3051 01f8 0B       		.uleb128 0xb
 3052 01f9 3B       		.uleb128 0x3b
 3053 01fa 0B       		.uleb128 0xb
 3054 01fb 39       		.uleb128 0x39
 3055 01fc 0B       		.uleb128 0xb
 3056 01fd 49       		.uleb128 0x49
 3057 01fe 13       		.uleb128 0x13
 3058 01ff 00       		.byte	0
 3059 0200 00       		.byte	0
 3060 0201 26       		.uleb128 0x26
 3061 0202 34       		.uleb128 0x34
 3062 0203 00       		.byte	0
 3063 0204 03       		.uleb128 0x3
 3064 0205 0E       		.uleb128 0xe
 3065 0206 49       		.uleb128 0x49
 3066 0207 13       		.uleb128 0x13
 3067 0208 34       		.uleb128 0x34
 3068 0209 19       		.uleb128 0x19
 3069 020a 00       		.byte	0
 3070 020b 00       		.byte	0
 3071 020c 27       		.uleb128 0x27
 3072 020d 2E       		.uleb128 0x2e
 3073 020e 01       		.byte	0x1
 3074 020f 03       		.uleb128 0x3
 3075 0210 0E       		.uleb128 0xe
 3076 0211 3A       		.uleb128 0x3a
 3077 0212 0B       		.uleb128 0xb
 3078 0213 3B       		.uleb128 0x3b
ARM GAS  C:\Users\acest\AppData\Local\Temp\cctDK88S.s 			page 55


 3079 0214 0B       		.uleb128 0xb
 3080 0215 39       		.uleb128 0x39
 3081 0216 0B       		.uleb128 0xb
 3082 0217 27       		.uleb128 0x27
 3083 0218 19       		.uleb128 0x19
 3084 0219 01       		.uleb128 0x1
 3085 021a 13       		.uleb128 0x13
 3086 021b 00       		.byte	0
 3087 021c 00       		.byte	0
 3088 021d 28       		.uleb128 0x28
 3089 021e 34       		.uleb128 0x34
 3090 021f 00       		.byte	0
 3091 0220 03       		.uleb128 0x3
 3092 0221 0E       		.uleb128 0xe
 3093 0222 3A       		.uleb128 0x3a
 3094 0223 0B       		.uleb128 0xb
 3095 0224 3B       		.uleb128 0x3b
 3096 0225 0B       		.uleb128 0xb
 3097 0226 39       		.uleb128 0x39
 3098 0227 0B       		.uleb128 0xb
 3099 0228 49       		.uleb128 0x49
 3100 0229 13       		.uleb128 0x13
 3101 022a 00       		.byte	0
 3102 022b 00       		.byte	0
 3103 022c 29       		.uleb128 0x29
 3104 022d 2E       		.uleb128 0x2e
 3105 022e 01       		.byte	0x1
 3106 022f 03       		.uleb128 0x3
 3107 0230 0E       		.uleb128 0xe
 3108 0231 3A       		.uleb128 0x3a
 3109 0232 0B       		.uleb128 0xb
 3110 0233 3B       		.uleb128 0x3b
 3111 0234 0B       		.uleb128 0xb
 3112 0235 39       		.uleb128 0x39
 3113 0236 0B       		.uleb128 0xb
 3114 0237 27       		.uleb128 0x27
 3115 0238 19       		.uleb128 0x19
 3116 0239 49       		.uleb128 0x49
 3117 023a 13       		.uleb128 0x13
 3118 023b 00       		.byte	0
 3119 023c 00       		.byte	0
 3120 023d 00       		.byte	0
 3121              		.section	.gnu.debuglto_.debug_line,"e",%progbits
 3122              	.Ldebug_line0:
 3123 0000 2A030000 		.4byte	.LELT0-.LSLT0
 3124              	.LSLT0:
 3125 0004 0400     		.2byte	0x4
 3126 0006 24030000 		.4byte	.LELTP0-.LASLTP0
 3127              	.LASLTP0:
 3128 000a 01       		.byte	0x1
 3129 000b 01       		.byte	0x1
 3130 000c 01       		.byte	0x1
 3131 000d F6       		.byte	0xf6
 3132 000e F2       		.byte	0xf2
 3133 000f 0D       		.byte	0xd
 3134 0010 00       		.byte	0
 3135 0011 01       		.byte	0x1
ARM GAS  C:\Users\acest\AppData\Local\Temp\cctDK88S.s 			page 56


 3136 0012 01       		.byte	0x1
 3137 0013 01       		.byte	0x1
 3138 0014 01       		.byte	0x1
 3139 0015 00       		.byte	0
 3140 0016 00       		.byte	0
 3141 0017 00       		.byte	0
 3142 0018 01       		.byte	0x1
 3143 0019 00       		.byte	0
 3144 001a 00       		.byte	0
 3145 001b 01       		.byte	0x1
 3146 001c 2E2E2F2E 		.ascii	"../../../../../ChibiStudio/chibios2111/os/oslib/src"
 3146      2E2F2E2E 
 3146      2F2E2E2F 
 3146      2E2E2F43 
 3146      68696269 
 3147 004f 00       		.byte	0
 3148 0050 633A5C63 		.ascii	"c:\\chibistudio\\chibios2111\\os\\common\\ports\\ar"
 3148      68696269 
 3148      73747564 
 3148      696F5C63 
 3148      68696269 
 3149 007d 6D2D636F 		.ascii	"m-common"
 3149      6D6D6F6E 
 3150 0085 00       		.byte	0
 3151 0086 633A5C63 		.ascii	"c:\\chibistudio\\chibios2111\\os\\common\\ports\\ar"
 3151      68696269 
 3151      73747564 
 3151      696F5C63 
 3151      68696269 
 3152 00b3 6D76372D 		.ascii	"mv7-m-alt"
 3152      6D2D616C 
 3152      74
 3153 00bc 00       		.byte	0
 3154 00bd 633A5C63 		.ascii	"c:\\chibistudio\\chibios2111\\os\\oslib\\include"
 3154      68696269 
 3154      73747564 
 3154      696F5C63 
 3154      68696269 
 3155 00e8 00       		.byte	0
 3156 00e9 633A5C63 		.ascii	"c:\\chibistudio\\chibios2111\\os\\rt\\include"
 3156      68696269 
 3156      73747564 
 3156      696F5C63 
 3156      68696269 
 3157 0111 00       		.byte	0
 3158 0112 633A5C63 		.ascii	"c:\\chibistudio\\tools\\gnu tools arm embedded\\10."
 3158      68696269 
 3158      73747564 
 3158      696F5C74 
 3158      6F6F6C73 
 3159 0141 33203230 		.ascii	"3 2021.10\\arm-none-eabi\\include\\machine"
 3159      32312E31 
 3159      305C6172 
 3159      6D2D6E6F 
 3159      6E652D65 
 3160 0168 00       		.byte	0
 3161 0169 633A5C63 		.ascii	"c:\\chibistudio\\tools\\gnu tools arm embedded\\10."
ARM GAS  C:\Users\acest\AppData\Local\Temp\cctDK88S.s 			page 57


 3161      68696269 
 3161      73747564 
 3161      696F5C74 
 3161      6F6F6C73 
 3162 0198 33203230 		.ascii	"3 2021.10\\arm-none-eabi\\include\\sys"
 3162      32312E31 
 3162      305C6172 
 3162      6D2D6E6F 
 3162      6E652D65 
 3163 01bb 00       		.byte	0
 3164 01bc 633A5C63 		.ascii	"c:\\chibistudio\\tools\\gnu tools arm embedded\\10."
 3164      68696269 
 3164      73747564 
 3164      696F5C74 
 3164      6F6F6C73 
 3165 01eb 33203230 		.ascii	"3 2021.10\\lib\\gcc\\arm-none-eabi\\10.3.1\\include"
 3165      32312E31 
 3165      305C6C69 
 3165      625C6763 
 3165      635C6172 
 3166 0219 00       		.byte	0
 3167 021a 00       		.byte	0
 3168 021b 73746464 		.ascii	"stddef.h\000"
 3168      65662E68 
 3168      00
 3169 0224 08       		.uleb128 0x8
 3170 0225 00       		.uleb128 0
 3171 0226 00       		.uleb128 0
 3172 0227 5F646566 		.ascii	"_default_types.h\000"
 3172      61756C74 
 3172      5F747970 
 3172      65732E68 
 3172      00
 3173 0238 06       		.uleb128 0x6
 3174 0239 00       		.uleb128 0
 3175 023a 00       		.uleb128 0
 3176 023b 5F737464 		.ascii	"_stdint.h\000"
 3176      696E742E 
 3176      6800
 3177 0245 07       		.uleb128 0x7
 3178 0246 00       		.uleb128 0
 3179 0247 00       		.uleb128 0
 3180 0248 63687479 		.ascii	"chtypes.h\000"
 3180      7065732E 
 3180      6800
 3181 0252 02       		.uleb128 0x2
 3182 0253 00       		.uleb128 0
 3183 0254 00       		.uleb128 0
 3184 0255 63686561 		.ascii	"chearly.h\000"
 3184      726C792E 
 3184      6800
 3185 025f 05       		.uleb128 0x5
 3186 0260 00       		.uleb128 0
 3187 0261 00       		.uleb128 0
 3188 0262 63686F62 		.ascii	"chobjects.h\000"
 3188      6A656374 
 3188      732E6800 
ARM GAS  C:\Users\acest\AppData\Local\Temp\cctDK88S.s 			page 58


 3189 026e 05       		.uleb128 0x5
 3190 026f 00       		.uleb128 0
 3191 0270 00       		.uleb128 0
 3192 0271 63687266 		.ascii	"chrfcu.h\000"
 3192      63752E68 
 3192      00
 3193 027a 05       		.uleb128 0x5
 3194 027b 00       		.uleb128 0
 3195 027c 00       		.uleb128 0
 3196 027d 63686465 		.ascii	"chdebug.h\000"
 3196      6275672E 
 3196      6800
 3197 0287 05       		.uleb128 0x5
 3198 0288 00       		.uleb128 0
 3199 0289 00       		.uleb128 0
 3200 028a 63687469 		.ascii	"chtime.h\000"
 3200      6D652E68 
 3200      00
 3201 0293 05       		.uleb128 0x5
 3202 0294 00       		.uleb128 0
 3203 0295 00       		.uleb128 0
 3204 0296 63686C69 		.ascii	"chlists.h\000"
 3204      7374732E 
 3204      6800
 3205 02a0 05       		.uleb128 0x5
 3206 02a1 00       		.uleb128 0
 3207 02a2 00       		.uleb128 0
 3208 02a3 6368636F 		.ascii	"chcore.h\000"
 3208      72652E68 
 3208      00
 3209 02ac 03       		.uleb128 0x3
 3210 02ad 00       		.uleb128 0
 3211 02ae 00       		.uleb128 0
 3212 02af 63687365 		.ascii	"chsem.h\000"
 3212      6D2E6800 
 3213 02b7 05       		.uleb128 0x5
 3214 02b8 00       		.uleb128 0
 3215 02b9 00       		.uleb128 0
 3216 02ba 63686D74 		.ascii	"chmtx.h\000"
 3216      782E6800 
 3217 02c2 05       		.uleb128 0x5
 3218 02c3 00       		.uleb128 0
 3219 02c4 00       		.uleb128 0
 3220 02c5 63686D62 		.ascii	"chmboxes.h\000"
 3220      6F786573 
 3220      2E6800
 3221 02d0 04       		.uleb128 0x4
 3222 02d1 00       		.uleb128 0
 3223 02d2 00       		.uleb128 0
 3224 02d3 63686D65 		.ascii	"chmemcore.h\000"
 3224      6D636F72 
 3224      652E6800 
 3225 02df 04       		.uleb128 0x4
 3226 02e0 00       		.uleb128 0
 3227 02e1 00       		.uleb128 0
 3228 02e2 63686D65 		.ascii	"chmempools.h\000"
 3228      6D706F6F 
ARM GAS  C:\Users\acest\AppData\Local\Temp\cctDK88S.s 			page 59


 3228      6C732E68 
 3228      00
 3229 02ef 04       		.uleb128 0x4
 3230 02f0 00       		.uleb128 0
 3231 02f1 00       		.uleb128 0
 3232 02f2 63686F62 		.ascii	"chobjfifos.h\000"
 3232      6A666966 
 3232      6F732E68 
 3232      00
 3233 02ff 04       		.uleb128 0x4
 3234 0300 00       		.uleb128 0
 3235 0301 00       		.uleb128 0
 3236 0302 63687069 		.ascii	"chpipes.h\000"
 3236      7065732E 
 3236      6800
 3237 030c 04       		.uleb128 0x4
 3238 030d 00       		.uleb128 0
 3239 030e 00       		.uleb128 0
 3240 030f 63686661 		.ascii	"chfactory.h\000"
 3240      63746F72 
 3240      792E6800 
 3241 031b 04       		.uleb128 0x4
 3242 031c 00       		.uleb128 0
 3243 031d 00       		.uleb128 0
 3244 031e 63686661 		.ascii	"chfactory.c\000"
 3244      63746F72 
 3244      792E6300 
 3245 032a 01       		.uleb128 0x1
 3246 032b 00       		.uleb128 0
 3247 032c 00       		.uleb128 0
 3248 032d 00       		.byte	0
 3249              	.LELTP0:
 3250              	.LELT0:
 3251              		.section	.gnu.debuglto_.debug_str,"eMS",%progbits,1
 3252              	.LASF73:
 3253 0000 63685F64 		.ascii	"ch_delta_list_t\000"
 3253      656C7461 
 3253      5F6C6973 
 3253      745F7400 
 3254              	.LASF211:
 3255 0010 2E2E2F2E 		.ascii	"../../../../../ChibiStudio/chibios2111/os/oslib/src"
 3255      2E2F2E2E 
 3255      2F2E2E2F 
 3255      2E2E2F43 
 3255      68696269 
 3256 0043 2F636866 		.ascii	"/chfactory.c\000"
 3256      6163746F 
 3256      72792E63 
 3256      00
 3257              	.LASF172:
 3258 0050 63684661 		.ascii	"chFactoryReleasePipe\000"
 3258      63746F72 
 3258      7952656C 
 3258      65617365 
 3258      50697065 
 3259              	.LASF4:
 3260 0065 73697A65 		.ascii	"size_t\000"
ARM GAS  C:\Users\acest\AppData\Local\Temp\cctDK88S.s 			page 60


 3260      5F7400
 3261              	.LASF208:
 3262 006c 6368506F 		.ascii	"chPoolObjectInit\000"
 3262      6F6C4F62 
 3262      6A656374 
 3262      496E6974 
 3262      00
 3263              	.LASF102:
 3264 007d 77747365 		.ascii	"wtsemp\000"
 3264      6D7000
 3265              	.LASF62:
 3266 0084 73797374 		.ascii	"systime_t\000"
 3266      696D655F 
 3266      7400
 3267              	.LASF33:
 3268 008e 6F776E65 		.ascii	"owner\000"
 3268      7200
 3269              	.LASF25:
 3270 0094 74707269 		.ascii	"tprio_t\000"
 3270      6F5F7400 
 3271              	.LASF151:
 3272 009c 63685F64 		.ascii	"ch_dyn_mailbox\000"
 3272      796E5F6D 
 3272      61696C62 
 3272      6F7800
 3273              	.LASF128:
 3274 00ab 70726F76 		.ascii	"provider\000"
 3274      69646572 
 3274      00
 3275              	.LASF17:
 3276 00b4 696E7433 		.ascii	"int32_t\000"
 3276      325F7400 
 3277              	.LASF180:
 3278 00bc 73697A65 		.ascii	"size1\000"
 3278      3100
 3279              	.LASF181:
 3280 00c2 73697A65 		.ascii	"size2\000"
 3280      3200
 3281              	.LASF84:
 3282 00c8 63685F76 		.ascii	"ch_virtual_timers_list\000"
 3282      69727475 
 3282      616C5F74 
 3282      696D6572 
 3282      735F6C69 
 3283              	.LASF91:
 3284 00df 72656769 		.ascii	"registry_t\000"
 3284      73747279 
 3284      5F7400
 3285              	.LASF197:
 3286 00ea 5F5F6675 		.ascii	"__func__\000"
 3286      6E635F5F 
 3286      00
 3287              	.LASF139:
 3288 00f3 63685F64 		.ascii	"ch_dyn_element\000"
 3288      796E5F65 
 3288      6C656D65 
 3288      6E7400
ARM GAS  C:\Users\acest\AppData\Local\Temp\cctDK88S.s 			page 61


 3289              	.LASF206:
 3290 0102 636F7079 		.ascii	"copy_name\000"
 3290      5F6E616D 
 3290      6500
 3291              	.LASF53:
 3292 010c 636F6E66 		.ascii	"config\000"
 3292      696700
 3293              	.LASF36:
 3294 0113 73746174 		.ascii	"state\000"
 3294      6500
 3295              	.LASF56:
 3296 0119 63685F72 		.ascii	"ch_rfcu\000"
 3296      66637500 
 3297              	.LASF158:
 3298 0121 64796E5F 		.ascii	"dyn_pipe_t\000"
 3298      70697065 
 3298      5F7400
 3299              	.LASF160:
 3300 012c 6F626A5F 		.ascii	"obj_list\000"
 3300      6C697374 
 3300      00
 3301              	.LASF210:
 3302 0135 474E5520 		.ascii	"GNU C17 10.3.1 20210824 (release) -mcpu=cortex-m4 -"
 3302      43313720 
 3302      31302E33 
 3302      2E312032 
 3302      30323130 
 3303 0168 6D746875 		.ascii	"mthumb -mfloat-abi=soft -march=armv7e-m -ggdb -O2 -"
 3303      6D62202D 
 3303      6D666C6F 
 3303      61742D61 
 3303      62693D73 
 3304 019b 666F6D69 		.ascii	"fomit-frame-pointer -falign-functions=16 -ffunction"
 3304      742D6672 
 3304      616D652D 
 3304      706F696E 
 3304      74657220 
 3305 01ce 2D736563 		.ascii	"-sections -fdata-sections -fno-common -flto\000"
 3305      74696F6E 
 3305      73202D66 
 3305      64617461 
 3305      2D736563 
 3306              	.LASF89:
 3307 01fa 63685F72 		.ascii	"ch_registry\000"
 3307      65676973 
 3307      74727900 
 3308              	.LASF72:
 3309 0206 7072696F 		.ascii	"prio\000"
 3309      00
 3310              	.LASF184:
 3311 020b 63684661 		.ascii	"chFactoryReleaseMailbox\000"
 3311      63746F72 
 3311      7952656C 
 3311      65617365 
 3311      4D61696C 
 3312              	.LASF195:
 3313 0223 63684661 		.ascii	"chFactoryFindObject\000"
ARM GAS  C:\Users\acest\AppData\Local\Temp\cctDK88S.s 			page 62


 3313      63746F72 
 3313      7946696E 
 3313      644F626A 
 3313      65637400 
 3314              	.LASF191:
 3315 0237 63684661 		.ascii	"chFactoryFindBuffer\000"
 3315      63746F72 
 3315      7946696E 
 3315      64427566 
 3315      66657200 
 3316              	.LASF98:
 3317 024b 65786974 		.ascii	"exitcode\000"
 3317      636F6465 
 3317      00
 3318              	.LASF5:
 3319 0254 5F5F7569 		.ascii	"__uint8_t\000"
 3319      6E74385F 
 3319      7400
 3320              	.LASF175:
 3321 025e 63684661 		.ascii	"chFactoryFindObjectsFIFO\000"
 3321      63746F72 
 3321      7946696E 
 3321      644F626A 
 3321      65637473 
 3322              	.LASF154:
 3323 0277 6669666F 		.ascii	"fifo\000"
 3323      00
 3324              	.LASF10:
 3325 027c 6C6F6E67 		.ascii	"long int\000"
 3325      20696E74 
 3325      00
 3326              	.LASF146:
 3327 0285 72656769 		.ascii	"registered_object_t\000"
 3327      73746572 
 3327      65645F6F 
 3327      626A6563 
 3327      745F7400 
 3328              	.LASF169:
 3329 0299 63684661 		.ascii	"chFactoryFindPipe\000"
 3329      63746F72 
 3329      7946696E 
 3329      64506970 
 3329      6500
 3330              	.LASF23:
 3331 02ab 74737461 		.ascii	"tstate_t\000"
 3331      74655F74 
 3331      00
 3332              	.LASF41:
 3333 02b4 6570656E 		.ascii	"epending\000"
 3333      64696E67 
 3333      00
 3334              	.LASF94:
 3335 02bd 74687265 		.ascii	"threads_queue_t\000"
 3335      6164735F 
 3335      71756575 
 3335      655F7400 
 3336              	.LASF64:
ARM GAS  C:\Users\acest\AppData\Local\Temp\cctDK88S.s 			page 63


 3337 02cd 63685F6C 		.ascii	"ch_list_t\000"
 3337      6973745F 
 3337      7400
 3338              	.LASF120:
 3339 02d7 72647074 		.ascii	"rdptr\000"
 3339      7200
 3340              	.LASF65:
 3341 02dd 63685F6C 		.ascii	"ch_list\000"
 3341      69737400 
 3342              	.LASF87:
 3343 02e5 6C617374 		.ascii	"laststamp\000"
 3343      7374616D 
 3343      7000
 3344              	.LASF161:
 3345 02ef 6F626A5F 		.ascii	"obj_pool\000"
 3345      706F6F6C 
 3345      00
 3346              	.LASF3:
 3347 02f8 7369676E 		.ascii	"signed char\000"
 3347      65642063 
 3347      68617200 
 3348              	.LASF104:
 3349 0304 65776D61 		.ascii	"ewmask\000"
 3349      736B00
 3350              	.LASF16:
 3351 030b 75696E74 		.ascii	"uint8_t\000"
 3351      385F7400 
 3352              	.LASF176:
 3353 0313 63684661 		.ascii	"chFactoryCreateObjectsFIFO\000"
 3353      63746F72 
 3353      79437265 
 3353      6174654F 
 3353      626A6563 
 3354              	.LASF30:
 3355 032e 636F7265 		.ascii	"core_id_t\000"
 3355      5F69645F 
 3355      7400
 3356              	.LASF155:
 3357 0338 64796E5F 		.ascii	"dyn_objects_fifo_t\000"
 3357      6F626A65 
 3357      6374735F 
 3357      6669666F 
 3357      5F7400
 3358              	.LASF27:
 3359 034b 6576656E 		.ascii	"eventmask_t\000"
 3359      746D6173 
 3359      6B5F7400 
 3360              	.LASF209:
 3361 0357 6368436F 		.ascii	"chCoreAllocAlignedI\000"
 3361      7265416C 
 3361      6C6F6341 
 3361      6C69676E 
 3361      65644900 
 3362              	.LASF100:
 3363 036b 77747472 		.ascii	"wttrp\000"
 3363      7000
 3364              	.LASF6:
ARM GAS  C:\Users\acest\AppData\Local\Temp\cctDK88S.s 			page 64


 3365 0371 756E7369 		.ascii	"unsigned char\000"
 3365      676E6564 
 3365      20636861 
 3365      7200
 3366              	.LASF86:
 3367 037f 6C617374 		.ascii	"lasttime\000"
 3367      74696D65 
 3367      00
 3368              	.LASF60:
 3369 0388 70616E69 		.ascii	"panic_msg\000"
 3369      635F6D73 
 3369      6700
 3370              	.LASF205:
 3371 0392 64796E5F 		.ascii	"dyn_list_init\000"
 3371      6C697374 
 3371      5F696E69 
 3371      7400
 3372              	.LASF196:
 3373 03a0 63684661 		.ascii	"chFactoryRegisterObject\000"
 3373      63746F72 
 3373      79526567 
 3373      69737465 
 3373      724F626A 
 3374              	.LASF61:
 3375 03b8 73797374 		.ascii	"system_debug_t\000"
 3375      656D5F64 
 3375      65627567 
 3375      5F7400
 3376              	.LASF122:
 3377 03c7 5F426F6F 		.ascii	"_Bool\000"
 3377      6C00
 3378              	.LASF15:
 3379 03cd 63686172 		.ascii	"char\000"
 3379      00
 3380              	.LASF143:
 3381 03d2 63685F72 		.ascii	"ch_registered_static_object\000"
 3381      65676973 
 3381      74657265 
 3381      645F7374 
 3381      61746963 
 3382              	.LASF163:
 3383 03ee 73656D5F 		.ascii	"sem_list\000"
 3383      6C697374 
 3383      00
 3384              	.LASF99:
 3385 03f7 77746F62 		.ascii	"wtobjp\000"
 3385      6A7000
 3386              	.LASF37:
 3387 03fe 666C6167 		.ascii	"flags\000"
 3387      7300
 3388              	.LASF21:
 3389 0404 73746B61 		.ascii	"stkalign_t\000"
 3389      6C69676E 
 3389      5F7400
 3390              	.LASF51:
 3391 040f 636F7265 		.ascii	"core_id\000"
 3391      5F696400 
ARM GAS  C:\Users\acest\AppData\Local\Temp\cctDK88S.s 			page 65


 3392              	.LASF76:
 3393 0417 706F7274 		.ascii	"port_extctx\000"
 3393      5F657874 
 3393      63747800 
 3394              	.LASF44:
 3395 0423 6D706F6F 		.ascii	"mpool\000"
 3395      6C00
 3396              	.LASF112:
 3397 0429 6D61696E 		.ascii	"mainthread_end\000"
 3397      74687265 
 3397      61645F65 
 3397      6E6400
 3398              	.LASF136:
 3399 0438 776D7478 		.ascii	"wmtx\000"
 3399      00
 3400              	.LASF134:
 3401 043d 6F626A65 		.ascii	"objects_fifo_t\000"
 3401      6374735F 
 3401      6669666F 
 3401      5F7400
 3402              	.LASF77:
 3403 044c 6C725F74 		.ascii	"lr_thd\000"
 3403      686400
 3404              	.LASF183:
 3405 0453 6F626A62 		.ascii	"objbuf\000"
 3405      756600
 3406              	.LASF32:
 3407 045a 72717565 		.ascii	"rqueue\000"
 3407      756500
 3408              	.LASF200:
 3409 0461 64796E5F 		.ascii	"dyn_release_object_pool\000"
 3409      72656C65 
 3409      6173655F 
 3409      6F626A65 
 3409      63745F70 
 3410              	.LASF174:
 3411 0479 646F6670 		.ascii	"dofp\000"
 3411      00
 3412              	.LASF28:
 3413 047e 636E745F 		.ascii	"cnt_t\000"
 3413      7400
 3414              	.LASF167:
 3415 0484 70697065 		.ascii	"pipe_list\000"
 3415      5F6C6973 
 3415      7400
 3416              	.LASF118:
 3417 048e 62756666 		.ascii	"buffer\000"
 3417      657200
 3418              	.LASF150:
 3419 0495 64796E5F 		.ascii	"dyn_semaphore_t\000"
 3419      73656D61 
 3419      70686F72 
 3419      655F7400 
 3420              	.LASF103:
 3421 04a5 77746D74 		.ascii	"wtmtxp\000"
 3421      787000
 3422              	.LASF107:
ARM GAS  C:\Users\acest\AppData\Local\Temp\cctDK88S.s 			page 66


 3423 04ac 63685F72 		.ascii	"ch_ready_list\000"
 3423      65616479 
 3423      5F6C6973 
 3423      7400
 3424              	.LASF47:
 3425 04ba 63685F6F 		.ascii	"ch_os_instance\000"
 3425      735F696E 
 3425      7374616E 
 3425      636500
 3426              	.LASF147:
 3427 04c9 63685F64 		.ascii	"ch_dyn_object\000"
 3427      796E5F6F 
 3427      626A6563 
 3427      7400
 3428              	.LASF164:
 3429 04d7 73656D5F 		.ascii	"sem_pool\000"
 3429      706F6F6C 
 3429      00
 3430              	.LASF148:
 3431 04e0 64796E5F 		.ascii	"dyn_buffer_t\000"
 3431      62756666 
 3431      65725F74 
 3431      00
 3432              	.LASF179:
 3433 04ed 6F626A61 		.ascii	"objalign\000"
 3433      6C69676E 
 3433      00
 3434              	.LASF78:
 3435 04f6 78707372 		.ascii	"xpsr\000"
 3435      00
 3436              	.LASF188:
 3437 04fb 63684661 		.ascii	"chFactoryFindSemaphore\000"
 3437      63746F72 
 3437      7946696E 
 3437      6453656D 
 3437      6170686F 
 3438              	.LASF202:
 3439 0512 64796E5F 		.ascii	"dyn_create_object_heap\000"
 3439      63726561 
 3439      74655F6F 
 3439      626A6563 
 3439      745F6865 
 3440              	.LASF13:
 3441 0529 5F5F7569 		.ascii	"__uint64_t\000"
 3441      6E743634 
 3441      5F7400
 3442              	.LASF178:
 3443 0534 6F626A6E 		.ascii	"objn\000"
 3443      00
 3444              	.LASF12:
 3445 0539 6C6F6E67 		.ascii	"long unsigned int\000"
 3445      20756E73 
 3445      69676E65 
 3445      6420696E 
 3445      7400
 3446              	.LASF67:
 3447 054b 63685F71 		.ascii	"ch_queue_t\000"
ARM GAS  C:\Users\acest\AppData\Local\Temp\cctDK88S.s 			page 67


 3447      75657565 
 3447      5F7400
 3448              	.LASF55:
 3449 0556 72666375 		.ascii	"rfcu_mask_t\000"
 3449      5F6D6173 
 3449      6B5F7400 
 3450              	.LASF105:
 3451 0562 63685F73 		.ascii	"ch_semaphore\000"
 3451      656D6170 
 3451      686F7265 
 3451      00
 3452              	.LASF46:
 3453 056f 63685F74 		.ascii	"ch_thread\000"
 3453      68726561 
 3453      6400
 3454              	.LASF88:
 3455 0579 76697274 		.ascii	"virtual_timers_list_t\000"
 3455      75616C5F 
 3455      74696D65 
 3455      72735F6C 
 3455      6973745F 
 3456              	.LASF166:
 3457 058f 6669666F 		.ascii	"fifo_list\000"
 3457      5F6C6973 
 3457      7400
 3458              	.LASF109:
 3459 0599 72656164 		.ascii	"ready_list_t\000"
 3459      795F6C69 
 3459      73745F74 
 3459      00
 3460              	.LASF43:
 3461 05a6 7265616C 		.ascii	"realprio\000"
 3461      7072696F 
 3461      00
 3462              	.LASF29:
 3463 05af 75636E74 		.ascii	"ucnt_t\000"
 3463      5F7400
 3464              	.LASF125:
 3465 05b6 706F6F6C 		.ascii	"pool_header\000"
 3465      5F686561 
 3465      64657200 
 3466              	.LASF199:
 3467 05c2 64796E5F 		.ascii	"dyn_create_object_pool\000"
 3467      63726561 
 3467      74655F6F 
 3467      626A6563 
 3467      745F706F 
 3468              	.LASF58:
 3469 05d9 72666375 		.ascii	"rfcu_t\000"
 3469      5F7400
 3470              	.LASF119:
 3471 05e0 77727074 		.ascii	"wrptr\000"
 3471      7200
 3472              	.LASF207:
 3473 05e6 63684669 		.ascii	"chFifoObjectInitAligned\000"
 3473      666F4F62 
 3473      6A656374 
ARM GAS  C:\Users\acest\AppData\Local\Temp\cctDK88S.s 			page 68


 3473      496E6974 
 3473      416C6967 
 3474              	.LASF11:
 3475 05fe 5F5F7569 		.ascii	"__uint32_t\000"
 3475      6E743332 
 3475      5F7400
 3476              	.LASF42:
 3477 0609 6D74786C 		.ascii	"mtxlist\000"
 3477      69737400 
 3478              	.LASF1:
 3479 0611 6C6F6E67 		.ascii	"long long int\000"
 3479      206C6F6E 
 3479      6720696E 
 3479      7400
 3480              	.LASF63:
 3481 061f 73797369 		.ascii	"sysinterval_t\000"
 3481      6E746572 
 3481      76616C5F 
 3481      7400
 3482              	.LASF159:
 3483 062d 63685F6F 		.ascii	"ch_objects_factory\000"
 3483      626A6563 
 3483      74735F66 
 3483      6163746F 
 3483      727900
 3484              	.LASF70:
 3485 0640 63685F70 		.ascii	"ch_priority_queue_t\000"
 3485      72696F72 
 3485      6974795F 
 3485      71756575 
 3485      655F7400 
 3486              	.LASF201:
 3487 0654 64796E5F 		.ascii	"dyn_release_object_heap\000"
 3487      72656C65 
 3487      6173655F 
 3487      6F626A65 
 3487      63745F68 
 3488              	.LASF157:
 3489 066c 70697065 		.ascii	"pipe\000"
 3489      00
 3490              	.LASF57:
 3491 0671 6D61736B 		.ascii	"mask\000"
 3491      00
 3492              	.LASF127:
 3493 0676 616C6967 		.ascii	"align\000"
 3493      6E00
 3494              	.LASF189:
 3495 067c 63684661 		.ascii	"chFactoryCreateSemaphore\000"
 3495      63746F72 
 3495      79437265 
 3495      61746553 
 3495      656D6170 
 3496              	.LASF0:
 3497 0695 756E7369 		.ascii	"unsigned int\000"
 3497      676E6564 
 3497      20696E74 
 3497      00
ARM GAS  C:\Users\acest\AppData\Local\Temp\cctDK88S.s 			page 69


 3498              	.LASF45:
 3499 06a2 6F735F69 		.ascii	"os_instance_t\000"
 3499      6E737461 
 3499      6E63655F 
 3499      7400
 3500              	.LASF185:
 3501 06b0 63684661 		.ascii	"chFactoryFindMailbox\000"
 3501      63746F72 
 3501      7946696E 
 3501      644D6169 
 3501      6C626F78 
 3502              	.LASF214:
 3503 06c5 5F5F6661 		.ascii	"__factory_init\000"
 3503      63746F72 
 3503      795F696E 
 3503      697400
 3504              	.LASF186:
 3505 06d4 63684661 		.ascii	"chFactoryCreateMailbox\000"
 3505      63746F72 
 3505      79437265 
 3505      6174654D 
 3505      61696C62 
 3506              	.LASF187:
 3507 06eb 63684661 		.ascii	"chFactoryReleaseSemaphore\000"
 3507      63746F72 
 3507      7952656C 
 3507      65617365 
 3507      53656D61 
 3508              	.LASF108:
 3509 0705 63757272 		.ascii	"current\000"
 3509      656E7400 
 3510              	.LASF95:
 3511 070d 6C697374 		.ascii	"list\000"
 3511      00
 3512              	.LASF74:
 3513 0712 63685F64 		.ascii	"ch_delta_list\000"
 3513      656C7461 
 3513      5F6C6973 
 3513      7400
 3514              	.LASF85:
 3515 0720 646C6973 		.ascii	"dlist\000"
 3515      7400
 3516              	.LASF124:
 3517 0726 6D656D67 		.ascii	"memgetfunc_t\000"
 3517      65746675 
 3517      6E635F74 
 3517      00
 3518              	.LASF182:
 3519 0733 6D736762 		.ascii	"msgbuf\000"
 3519      756600
 3520              	.LASF198:
 3521 073a 64796E5F 		.ascii	"dyn_find_object\000"
 3521      66696E64 
 3521      5F6F626A 
 3521      65637400 
 3522              	.LASF31:
 3523 074a 74687265 		.ascii	"thread_t\000"
ARM GAS  C:\Users\acest\AppData\Local\Temp\cctDK88S.s 			page 70


 3523      61645F74 
 3523      00
 3524              	.LASF114:
 3525 0753 69646C65 		.ascii	"idlethread_end\000"
 3525      74687265 
 3525      61645F65 
 3525      6E6400
 3526              	.LASF2:
 3527 0762 6C6F6E67 		.ascii	"long double\000"
 3527      20646F75 
 3527      626C6500 
 3528              	.LASF92:
 3529 076e 74687265 		.ascii	"thread_reference_t\000"
 3529      61645F72 
 3529      65666572 
 3529      656E6365 
 3529      5F7400
 3530              	.LASF101:
 3531 0781 73656E74 		.ascii	"sentmsg\000"
 3531      6D736700 
 3532              	.LASF204:
 3533 0789 64796E5F 		.ascii	"dyn_list_find\000"
 3533      6C697374 
 3533      5F66696E 
 3533      6400
 3534              	.LASF79:
 3535 0797 706F7274 		.ascii	"port_intctx\000"
 3535      5F696E74 
 3535      63747800 
 3536              	.LASF168:
 3537 07a3 6F626A65 		.ascii	"objects_factory_t\000"
 3537      6374735F 
 3537      66616374 
 3537      6F72795F 
 3537      7400
 3538              	.LASF162:
 3539 07b5 6275665F 		.ascii	"buf_list\000"
 3539      6C697374 
 3539      00
 3540              	.LASF149:
 3541 07be 63685F64 		.ascii	"ch_dyn_semaphore\000"
 3541      796E5F73 
 3541      656D6170 
 3541      686F7265 
 3541      00
 3542              	.LASF144:
 3543 07cf 656C656D 		.ascii	"element\000"
 3543      656E7400 
 3544              	.LASF192:
 3545 07d7 63684661 		.ascii	"chFactoryCreateBuffer\000"
 3545      63746F72 
 3545      79437265 
 3545      61746542 
 3545      75666665 
 3546              	.LASF152:
 3547 07ed 64796E5F 		.ascii	"dyn_mailbox_t\000"
 3547      6D61696C 
ARM GAS  C:\Users\acest\AppData\Local\Temp\cctDK88S.s 			page 71


 3547      626F785F 
 3547      7400
 3548              	.LASF171:
 3549 07fb 73697A65 		.ascii	"size\000"
 3549      00
 3550              	.LASF14:
 3551 0800 6C6F6E67 		.ascii	"long long unsigned int\000"
 3551      206C6F6E 
 3551      6720756E 
 3551      7369676E 
 3551      65642069 
 3552              	.LASF68:
 3553 0817 63685F71 		.ascii	"ch_queue\000"
 3553      75657565 
 3553      00
 3554              	.LASF130:
 3555 0820 706F6F6C 		.ascii	"pool\000"
 3555      00
 3556              	.LASF111:
 3557 0825 6D61696E 		.ascii	"mainthread_base\000"
 3557      74687265 
 3557      61645F62 
 3557      61736500 
 3558              	.LASF26:
 3559 0835 6D73675F 		.ascii	"msg_t\000"
 3559      7400
 3560              	.LASF93:
 3561 083b 63685F74 		.ascii	"ch_threads_queue\000"
 3561      68726561 
 3561      64735F71 
 3561      75657565 
 3561      00
 3562              	.LASF75:
 3563 084c 64656C74 		.ascii	"delta\000"
 3563      6100
 3564              	.LASF20:
 3565 0852 706F7274 		.ascii	"port_stkalign_t\000"
 3565      5F73746B 
 3565      616C6967 
 3565      6E5F7400 
 3566              	.LASF38:
 3567 0862 72656673 		.ascii	"refs\000"
 3567      00
 3568              	.LASF90:
 3569 0867 71756575 		.ascii	"queue\000"
 3569      6500
 3570              	.LASF212:
 3571 086d 433A5C55 		.ascii	"C:\\Users\\acest\\Desktop\\R.A.C.E\\race_project\000"
 3571      73657273 
 3571      5C616365 
 3571      73745C44 
 3571      65736B74 
 3572              	.LASF213:
 3573 0899 63685F66 		.ascii	"ch_factory\000"
 3573      6163746F 
 3573      727900
 3574              	.LASF165:
ARM GAS  C:\Users\acest\AppData\Local\Temp\cctDK88S.s 			page 72


 3575 08a4 6D62785F 		.ascii	"mbx_list\000"
 3575      6C697374 
 3575      00
 3576              	.LASF137:
 3577 08ad 726D7478 		.ascii	"rmtx\000"
 3577      00
 3578              	.LASF54:
 3579 08b2 6D61696E 		.ascii	"mainthread\000"
 3579      74687265 
 3579      616400
 3580              	.LASF203:
 3581 08bd 64796E5F 		.ascii	"dyn_list_unlink\000"
 3581      6C697374 
 3581      5F756E6C 
 3581      696E6B00 
 3582              	.LASF193:
 3583 08cd 63684661 		.ascii	"chFactoryReleaseObject\000"
 3583      63746F72 
 3583      7952656C 
 3583      65617365 
 3583      4F626A65 
 3584              	.LASF190:
 3585 08e4 63684661 		.ascii	"chFactoryReleaseBuffer\000"
 3585      63746F72 
 3585      7952656C 
 3585      65617365 
 3585      42756666 
 3586              	.LASF35:
 3587 08fb 77616261 		.ascii	"wabase\000"
 3587      736500
 3588              	.LASF83:
 3589 0902 72656773 		.ascii	"regs\000"
 3589      00
 3590              	.LASF129:
 3591 0907 6D656D6F 		.ascii	"memory_pool_t\000"
 3591      72795F70 
 3591      6F6F6C5F 
 3591      7400
 3592              	.LASF48:
 3593 0915 726C6973 		.ascii	"rlist\000"
 3593      7400
 3594              	.LASF22:
 3595 091b 746D6F64 		.ascii	"tmode_t\000"
 3595      655F7400 
 3596              	.LASF153:
 3597 0923 63685F64 		.ascii	"ch_dyn_objects_fifo\000"
 3597      796E5F6F 
 3597      626A6563 
 3597      74735F66 
 3597      69666F00 
 3598              	.LASF138:
 3599 0937 70697065 		.ascii	"pipe_t\000"
 3599      5F7400
 3600              	.LASF96:
 3601 093e 70717565 		.ascii	"pqueue\000"
 3601      756500
 3602              	.LASF121:
ARM GAS  C:\Users\acest\AppData\Local\Temp\cctDK88S.s 			page 73


 3603 0945 72657365 		.ascii	"reset\000"
 3603      7400
 3604              	.LASF34:
 3605 094b 6E616D65 		.ascii	"name\000"
 3605      00
 3606              	.LASF132:
 3607 0950 63685F6F 		.ascii	"ch_objects_fifo\000"
 3607      626A6563 
 3607      74735F66 
 3607      69666F00 
 3608              	.LASF194:
 3609 0960 63684661 		.ascii	"chFactoryFindObjectByPointer\000"
 3609      63746F72 
 3609      7946696E 
 3609      644F626A 
 3609      65637442 
 3610              	.LASF170:
 3611 097d 63684661 		.ascii	"chFactoryCreatePipe\000"
 3611      63746F72 
 3611      79437265 
 3611      61746550 
 3611      69706500 
 3612              	.LASF110:
 3613 0991 63685F6F 		.ascii	"ch_os_instance_config\000"
 3613      735F696E 
 3613      7374616E 
 3613      63655F63 
 3613      6F6E6669 
 3614              	.LASF7:
 3615 09a7 73686F72 		.ascii	"short int\000"
 3615      7420696E 
 3615      7400
 3616              	.LASF177:
 3617 09b1 6F626A73 		.ascii	"objsize\000"
 3617      697A6500 
 3618              	.LASF115:
 3619 09b9 6F735F69 		.ascii	"os_instance_config_t\000"
 3619      6E737461 
 3619      6E63655F 
 3619      636F6E66 
 3619      69675F74 
 3620              	.LASF71:
 3621 09ce 63685F70 		.ascii	"ch_priority_queue\000"
 3621      72696F72 
 3621      6974795F 
 3621      71756575 
 3621      6500
 3622              	.LASF19:
 3623 09e0 75696E74 		.ascii	"uint64_t\000"
 3623      36345F74 
 3623      00
 3624              	.LASF106:
 3625 09e9 63685F6D 		.ascii	"ch_mutex\000"
 3625      75746578 
 3625      00
 3626              	.LASF52:
 3627 09f2 72666375 		.ascii	"rfcu\000"
ARM GAS  C:\Users\acest\AppData\Local\Temp\cctDK88S.s 			page 74


 3627      00
 3628              	.LASF40:
 3629 09f7 6D736771 		.ascii	"msgqueue\000"
 3629      75657565 
 3629      00
 3630              	.LASF81:
 3631 0a00 6C725F65 		.ascii	"lr_exc\000"
 3631      786300
 3632              	.LASF173:
 3633 0a07 63684661 		.ascii	"chFactoryReleaseObjectsFIFO\000"
 3633      63746F72 
 3633      7952656C 
 3633      65617365 
 3633      4F626A65 
 3634              	.LASF59:
 3635 0a23 63685F73 		.ascii	"ch_system_debug\000"
 3635      79737465 
 3635      6D5F6465 
 3635      62756700 
 3636              	.LASF142:
 3637 0a33 64796E5F 		.ascii	"dyn_list_t\000"
 3637      6C697374 
 3637      5F7400
 3638              	.LASF50:
 3639 0a3e 7265676C 		.ascii	"reglist\000"
 3639      69737400 
 3640              	.LASF126:
 3641 0a46 6F626A65 		.ascii	"object_size\000"
 3641      63745F73 
 3641      697A6500 
 3642              	.LASF49:
 3643 0a52 76746C69 		.ascii	"vtlist\000"
 3643      737400
 3644              	.LASF39:
 3645 0a59 77616974 		.ascii	"waiting\000"
 3645      696E6700 
 3646              	.LASF140:
 3647 0a61 64796E5F 		.ascii	"dyn_element_t\000"
 3647      656C656D 
 3647      656E745F 
 3647      7400
 3648              	.LASF117:
 3649 0a6f 6D757465 		.ascii	"mutex_t\000"
 3649      785F7400 
 3650              	.LASF24:
 3651 0a77 74726566 		.ascii	"trefs_t\000"
 3651      735F7400 
 3652              	.LASF82:
 3653 0a7f 706F7274 		.ascii	"port_context\000"
 3653      5F636F6E 
 3653      74657874 
 3653      00
 3654              	.LASF145:
 3655 0a8c 6F626A70 		.ascii	"objp\000"
 3655      00
 3656              	.LASF156:
 3657 0a91 63685F64 		.ascii	"ch_dyn_pipe\000"
ARM GAS  C:\Users\acest\AppData\Local\Temp\cctDK88S.s 			page 75


 3657      796E5F70 
 3657      69706500 
 3658              	.LASF18:
 3659 0a9d 75696E74 		.ascii	"uint32_t\000"
 3659      33325F74 
 3659      00
 3660              	.LASF80:
 3661 0aa6 62617365 		.ascii	"basepri\000"
 3661      70726900 
 3662              	.LASF135:
 3663 0aae 636D7478 		.ascii	"cmtx\000"
 3663      00
 3664              	.LASF133:
 3665 0ab3 66726565 		.ascii	"free\000"
 3665      00
 3666              	.LASF97:
 3667 0ab8 7264796D 		.ascii	"rdymsg\000"
 3667      736700
 3668              	.LASF8:
 3669 0abf 73686F72 		.ascii	"short unsigned int\000"
 3669      7420756E 
 3669      7369676E 
 3669      65642069 
 3669      6E7400
 3670              	.LASF131:
 3671 0ad2 67756172 		.ascii	"guarded_memory_pool_t\000"
 3671      6465645F 
 3671      6D656D6F 
 3671      72795F70 
 3671      6F6F6C5F 
 3672              	.LASF113:
 3673 0ae8 69646C65 		.ascii	"idlethread_base\000"
 3673      74687265 
 3673      61645F62 
 3673      61736500 
 3674              	.LASF9:
 3675 0af8 5F5F696E 		.ascii	"__int32_t\000"
 3675      7433325F 
 3675      7400
 3676              	.LASF66:
 3677 0b02 6E657874 		.ascii	"next\000"
 3677      00
 3678              	.LASF123:
 3679 0b07 6D61696C 		.ascii	"mailbox_t\000"
 3679      626F785F 
 3679      7400
 3680              	.LASF116:
 3681 0b11 73656D61 		.ascii	"semaphore_t\000"
 3681      70686F72 
 3681      655F7400 
 3682              	.LASF69:
 3683 0b1d 70726576 		.ascii	"prev\000"
 3683      00
 3684              	.LASF141:
 3685 0b22 63685F64 		.ascii	"ch_dyn_list\000"
 3685      796E5F6C 
 3685      69737400 
ARM GAS  C:\Users\acest\AppData\Local\Temp\cctDK88S.s 			page 76


 3686              		.text
 3687              		.section	.gnu.lto_.profile.b3bfdb17,"e",%progbits
 3688 0000 789C6362 		.ascii	"x\234cb\000\001\000\000\022\000\003"
 3688      00010000 
 3688      120003
 3689              		.text
 3690              		.section	.gnu.lto_.icf.b3bfdb17,"e",%progbits
 3691 0000 789C01D0 		.ascii	"x\234\001\320\000/\377\304\000\000\000\000\000\000\000"
 3691      002FFFC4 
 3691      00000000 
 3691      000000
 3692 000f 00000000 		.ascii	"\000\000\000\000!\000\365\262\255\220\005\001\222\367"
 3692      2100F5B2 
 3692      AD900501 
 3692      92F7
 3693 001d DFC20502 		.ascii	"\337\302\005\002\331\241\233V\003\204\213\274\271\015"
 3693      D9A19B56 
 3693      03848BBC 
 3693      B90D
 3694 002b 04C9B2FA 		.ascii	"\004\311\262\372\237\013\005\350\334\345\337\012\006"
 3694      9F0B05E8 
 3694      DCE5DF0A 
 3694      06
 3695 0038 A3EDDCB0 		.ascii	"\243\355\334\260\006\007\356\216\250x\010\215\360\356"
 3695      0607EE8E 
 3695      A878088D 
 3695      F0EE
 3696 0046 FA0509B4 		.ascii	"\372\005\011\264\344\370\233\002\012\363\344\304\261"
 3696      E4F89B02 
 3696      0AF3E4C4 
 3696      B1
 3697 0053 050B8B8C 		.ascii	"\005\013\213\214\311\201\006\014\223\342\343\276\002"
 3697      C981060C 
 3697      93E2E3BE 
 3697      02
 3698 0060 0DA0E29C 		.ascii	"\015\240\342\234\212\012\016\316\314\257\326\007\017"
 3698      8A0A0ECE 
 3698      CCAFD607 
 3698      0F
 3699 006d 86EE8FD2 		.ascii	"\206\356\217\322\007\020\245\311\266\034\021\313\256"
 3699      0710A5C9 
 3699      B61C11CB 
 3699      AE
 3700 007a B3900312 		.ascii	"\263\220\003\022\322\371\357\232\017\023\305\314\214"
 3700      D2F9EF9A 
 3700      0F13C5CC 
 3700      8C
 3701 0087 AE0A148B 		.ascii	"\256\012\024\213\202\277\252\016\025\254\270\333\346"
 3701      82BFAA0E 
 3701      15ACB8DB 
 3701      E6
 3702 0094 0816A0B5 		.ascii	"\010\026\240\265\224\230\013\027\231\305\311\372\010"
 3702      94980B17 
 3702      99C5C9FA 
 3702      08
 3703 00a1 18C0FCBA 		.ascii	"\030\300\374\272\032\031\261\327\313\301\002\032\223"
 3703      1A19B1D7 
ARM GAS  C:\Users\acest\AppData\Local\Temp\cctDK88S.s 			page 77


 3703      CBC1021A 
 3703      93
 3704 00ae 92BF8505 		.ascii	"\222\277\205\005\033\324\272\255\243\013\034\350\271"
 3704      1BD4BAAD 
 3704      A30B1CE8 
 3704      B9
 3705 00bb B7E40D1D 		.ascii	"\267\344\015\035\227\205\354\350\007\036\306\317\242"
 3705      9785ECE8 
 3705      071EC6CF 
 3705      A2
 3706 00c8 C50A1FDA 		.ascii	"\305\012\037\332\314\365\314\011 \272\350\371\243\012"
 3706      CCF5CC09 
 3706      20BAE8F9 
 3706      A30A
 3707 00d6 00B27964 		.ascii	"\000\262yd,"
 3707      2C
 3708              		.text
 3709              		.section	.gnu.lto_.ipa_sra.b3bfdb17,"e",%progbits
 3710 0000 789C9D92 		.ascii	"x\234\235\222\311\222\3020\014D\335R0\206I\315\276\257"
 3710      C992C230 
 3710      0C44DD52 
 3710      308649CD 
 3710      BEAF
 3711 0012 5CF84F42 		.ascii	"\\\370OB\015\377\215%y\313T\306\007\240\354\330\221"
 3711      0DFF8D25 
 3711      79CB54C6 
 3711      07A0ECD8 
 3711      91
 3712 0023 DCAFA578 		.ascii	"\334\257\245x?\270\362\3339\2123d0\353\003\026 \220"
 3712      3FB8F2DB 
 3712      398A3364 
 3712      30EB0316 
 3712      2090
 3713 0035 0B6E2D4B 		.ascii	"\013n-Kf\231qH\307\002Y$\016&\034\306\030\232\342\024"
 3713      66997148 
 3713      C7025924 
 3713      0E261CC6 
 3713      189AE214 
 3714 0049 D867A566 		.ascii	"\330g\245f\254$\015\246|\212\002Q\325\245\355|\007Y"
 3714      AC240DA6 
 3714      7C8A0251 
 3714      D5A5ED7C 
 3714      0759
 3715 005b 39B719B8 		.ascii	"9\267\031\270x\023\000p\214ya\305\031\251oY\315`\222"
 3715      78130070 
 3715      8C7961C5 
 3715      19A96F59 
 3715      CD6092
 3716 006e 49E2DBD6 		.ascii	"I\342\333\326\207\237)\2004C\031\353\034A\343\012I\003"
 3716      879F2980 
 3716      344319EB 
 3716      1C41E30A 
 3716      4903
 3717 0080 A1694BEE 		.ascii	"\241iK\356\210.\311\254Eo\305DN\030\032#)m\346eKEP\033"
 3717      882EC9AC 
 3717      456FC544 
 3717      4E181A23 
ARM GAS  C:\Users\acest\AppData\Local\Temp\cctDK88S.s 			page 78


 3717      296DE665 
 3718 0098 8B2B2A7B 		.ascii	"\213+*{\262\263\302\037\243\234\376\257k\323\365;\200"
 3718      B2B3C21F 
 3718      A39CFEAF 
 3718      6BD3F53B 
 3718      80
 3719 00a9 4BDB8B2D 		.ascii	"K\333\213-\267\271\201\365\306\334\225\014\262\350\255"
 3719      B7B981F5 
 3719      C6DC950C 
 3719      B2E8AD
 3720 00b8 3ED804EF 		.ascii	">\330\004\357R\215Vl\225\301}&!\223\252S\3718E5_\210"
 3720      528D566C 
 3720      95C17D26 
 3720      2193AA53 
 3720      F9384535 
 3721 00ce C47EE8B2 		.ascii	"\304~\350\262\0373\216\352)<\375EQ\301,\226\367\334"
 3721      1F338EEA 
 3721      293CFD45 
 3721      51C12C96 
 3721      F7DC
 3722 00e0 45BCFC57 		.ascii	"E\274\374W\321\353\205\025\275uq\357K\025}\014\355-"
 3722      D1EB8515 
 3722      BD7571EF 
 3722      4B157D0C 
 3722      ED2D
 3723 00f2 68905E4F 		.ascii	"h\220^ON\276^\007:\372t\254\032\340\351wL\376\014\362"
 3723      4EBE5E07 
 3723      3AFA74AC 
 3723      1AE0E977 
 3723      4CFE0CF2 
 3724 0106 D9B5F0B5 		.ascii	"\331\265\360\265d\341\373\302j\177\272\250\335\022\312"
 3724      64E1FBC2 
 3724      6A7FBAA8 
 3724      DD12CA
 3725 0115 9D01B810 		.ascii	"\235\001\270\020\027\216"
 3725      178E
 3726              		.text
 3727              		.section	.gnu.lto_.inline.b3bfdb17,"e",%progbits
 3728 0000 789CA554 		.ascii	"x\234\245T]k\023A\024=3\263\331\335&\333lj\223\326\217"
 3728      5D6B1341 
 3728      143D33B3 
 3728      D9DD26DB 
 3728      6C6A93D6 
 3729 0015 A881FE17 		.ascii	"\250\201\376\027\037\3677\210V\255>\371\013$\251\244"
 3729      1FF73788 
 3729      56AD3EF9 
 3729      0B24A9A4 
 3730 0025 14032658 		.ascii	"\024\003&X\011\212 }\310C)>X\333\202\350\203\301\017"
 3730      098A207D 
 3730      C843293E 
 3730      58DB82E8 
 3730      83C10F
 3731 0038 ACB50822 		.ascii	"\254\265\010\"h\005\353\203\330\274\330\227 \205\372"
 3731      6805EB83 
 3731      D8BCD897 
 3731      2085FA
 3732 0047 54EFCC7E 		.ascii	"T\357\314~$\273&)Y\207e\367\356\235{\347\334{\316\314"
ARM GAS  C:\Users\acest\AppData\Local\Temp\cctDK88S.s 			page 79


 3732      24BB2629 
 3732      598765F7 
 3732      EE9D7BE7 
 3732      DC7BCECC 
 3733 005b DC35118C 		.ascii	"\3345\021\214\002`\026i\360+\014\034(\221y\003\320\225"
 3733      02601669 
 3733      F02B0C1C 
 3733      28917903 
 3733      D095
 3734 006d 6B9A4B17 		.ascii	"k\232K\027\022i0\210\232Ss\350\233\336\377\364\3433"
 3734      12693088 
 3734      9A5373E8 
 3734      9BDEFFF4 
 3734      E333
 3735 007f BFC66834 		.ascii	"\277\306h4\004@\217\226loo\357\362\031\312*\007YL-p"
 3735      04408F96 
 3735      6C6F6FEF 
 3735      F219CA2A 
 3735      07594C2D 
 3736 0094 81430B6C 		.ascii	"\201C\013lhj-\006\271\326\236IA\326ZkkE\001'?\334_\235"
 3736      686A2D06 
 3736      B9D69E49 
 3736      41D65A6B 
 3736      6B450127 
 3737 00ac E39722C0 		.ascii	"\343\227\"\300\332(\275\270\004\026\260\311\277\301"
 3737      DA28BDB8 
 3737      0416B0C9 
 3737      BFC1
 3738 00ba 671803E1 		.ascii	"g\030\003\3412\351\357]\254\312Q\305\326\234\2766r\345"
 3738      32E9EF5D 
 3738      ACCA51C5 
 3738      D69CBE36 
 3738      72E5
 3739 00cc 8F950ABF 		.ascii	"\217\225\012\277J\310\371o\177~=\024T\274\271Q^\337"
 3739      4AC8F96F 
 3739      7F7E3D14 
 3739      54BCB951 
 3739      5EDF
 3740 00de F7571116 		.ascii	"\367W\021\026\275X\315I ={P/\012Y\243\346\302\020^\251"
 3740      BD58CD49 
 3740      203D7B50 
 3740      2F0A59A3 
 3740      E6C2105E 
 3741 00f3 27391E86 		.ascii	"'9\036\206\252W\307\350\213\357\317w\205W/W<Y_\036l"
 3741      AA57C7E8 
 3741      8BEFCF77 
 3741      85572F57 
 3741      3C595F1E 
 3742 0108 B6A33CDD 		.ascii	"\266\243<\335j\275l\213\363.O\256\255xR\005\360\252"
 3742      6ABD6C8B 
 3742      F32E4FAE 
 3742      AD785205 
 3742      F0AA
 3743 011a 53750C58 		.ascii	"Su\014X\204\367X\\f\034\327\033B\334\021\015\241\021"
 3743      84F7585C 
 3743      661CD71B 
 3743      42DC110D 
ARM GAS  C:\Users\acest\AppData\Local\Temp\cctDK88S.s 			page 80


 3743      A111
 3744 012c 64819DA3 		.ascii	"d\201\235\243?\270\277\2074l\211\244\321\0044\237q\030"
 3744      3FB8BF87 
 3744      346C89A4 
 3744      D104349F 
 3744      7118
 3745 013e B3C56233 		.ascii	"\263\305b3\242\210\311a\220\331\024\3230=\3024\277\003"
 3745      A288C961 
 3745      90D914D3 
 3745      303DC234 
 3745      BF03
 3746 0150 1393C4CC 		.ascii	"\023\223\304\314\302\000f\250_\251\272\014\036\201\275"
 3746      C20066A8 
 3746      5FA9BA0C 
 3746      1E81BD
 3747 015f F3EEDEFC 		.ascii	"\363\356\336\374\000rt\252\011\232\273t7=IXD\317N|z"
 3747      007274AA 
 3747      099ABB74 
 3747      373D4958 
 3747      44CF4E7C 
 3748 0174 784AEA53 		.ascii	"xJ\352SuRH\021\336b@\016[c>1l\235\305#DR\257\271uZ\310"
 3748      75524811 
 3748      DE62400E 
 3748      5B633E31 
 3748      6C9DC523 
 3749 018f D1C4016D 		.ascii	"\321\304\001m;pK\206\213\350\026Ut\310\212\272,\267"
 3749      3B704B86 
 3749      8BE81655 
 3749      74C88ABA 
 3749      2CB7
 3750 01a1 38A461AF 		.ascii	"8\244a\257\266\266\336\250d\235v\372WEOw\262\027\350"
 3750      B6B6DEA8 
 3750      649D76FA 
 3750      57454F77 
 3750      B217E8
 3751 01b4 524AA7CB 		.ascii	"RJ\247\313w\330HQ\324\222\312\354\275\313\275@b\224"
 3751      77D84851 
 3751      D492CAEC 
 3751      BDCBBD40 
 3751      6294
 3752 01c6 C94AFDFF 		.ascii	"\311J\375\377\014\306\353oKM%_v\371\366\315\246\010"
 3752      0CC6EB6F 
 3752      4B4D255F 
 3752      76F9F6CD 
 3752      A608
 3753 01d8 D3192486 		.ascii	"\323\031$\206?c\001\236\242,\321\377tup\303\025\037"
 3753      3F63019E 
 3753      A22CD1FF 
 3753      747570C3 
 3753      151F
 3754 01ea 43EEE7B3 		.ascii	"C\356\347\263vE\012*\357\005]N\353\365WO_Gz\346\312"
 3754      76450A2A 
 3754      EF055D4E 
 3754      EBF5574F 
 3754      5F477AE6 
 3755 01ff BCD8A561 		.ascii	"\274\330\245ag-:5\266\244P\231\376\354x\\*\262HR\320"
 3755      672D3A35 
ARM GAS  C:\Users\acest\AppData\Local\Temp\cctDK88S.s 			page 81


 3755      B6A45099 
 3755      FEEC785C 
 3755      2AB24852 
 3756 0214 A2DF9371 		.ascii	"\242\337\223qdO\356\211\353,\220\303\330\312\223\345"
 3756      644FEE89 
 3756      EB2C90C3 
 3756      D8CA93E5 
 3757 0224 DF0AB9B3 		.ascii	"\337\012\271\263\273\007$\322m\021\025r\"n\365\223a"
 3757      BB0724D2 
 3757      6D111572 
 3757      226EF593 
 3757      61
 3758 0235 45CCE115 		.ascii	"E\314\341\0259\216\011Rd\341HE\374\326z(\242.\262\177"
 3758      398E0952 
 3758      64E14845 
 3758      FCD67A28 
 3758      A22EB27F 
 3759 0249 253911B7 		.ascii	"%9\021\267\251\223aIF\206\226\344\024\2466\337\037\356"
 3759      A9936149 
 3759      468696E4 
 3759      14A636DF 
 3759      1FEE
 3760 025b 514F74D2 		.ascii	"QOt\322\033\")\235^o\334\373\032\346\243\271\366\274"
 3760      1B22299D 
 3760      5E6FDCFB 
 3760      1AE6A3B9 
 3760      F6BC
 3761 026d 08F7A84C 		.ascii	"\010\367\250L\362Y]\373\317\357;\023\314f\003_\276S"
 3761      F2595DFB 
 3761      CFEF3B13 
 3761      CC66035F 
 3761      BE53
 3762 027f 829191D7 		.ascii	"\202\221\221\327\230\177\203E\030\2519^T>.%\247\303"
 3762      987F8345 
 3762      18A9395E 
 3762      543E2E25 
 3762      A7C3
 3763 0291 94A486A6 		.ascii	"\224\244\206\246\344\314\377\037\274>2\237\215\333S"
 3763      E4CCFF1F 
 3763      BC3E329F 
 3763      8DDB53
 3764 02a0 21DC9335 		.ascii	"!\334\2235tO\370\013\202\025\241\037"
 3764      744FF80B 
 3764      8215A11F 
 3765              		.text
 3766              		.section	.gnu.lto_.jmpfuncs.b3bfdb17,"e",%progbits
 3767 0000 789CCD58 		.ascii	"x\234\315X\315n\0321\020\366\330\3068\204\000!\204\244"
 3767      CD6E1A31 
 3767      10F6D8C6 
 3767      38840021 
 3767      84A4
 3768 0012 0DF939E7 		.ascii	"\015\3719\347\3247\350-\217\005\227>A\317iO\034\362"
 3768      D437E82D 
 3768      8F05973E 
 3768      41CF694F 
 3768      1CF2
 3769 0024 02C921AA 		.ascii	"\002\311!\252T\252\276D\217<F\017\225\322Y\317.1^\233"
ARM GAS  C:\Users\acest\AppData\Local\Temp\cctDK88S.s 			page 82


 3769      54AABE44 
 3769      8F3C460F 
 3769      95D259CF 
 3769      2E315E9B 
 3770 0038 9D749D2A 		.ascii	"\235t\235*\226,`\354\371\374\315\370\363\330\342f,6"
 3770      962C60EC 
 3770      F9FCCDF8 
 3770      F3D8E266 
 3770      2C36
 3771 004a ED4A4800 		.ascii	"\355JH\000\005Ke\260\367\214\236\243\015V\032\004\366"
 3771      054B65B0 
 3771      F78C9EA3 
 3771      0D561A04 
 3771      F6
 3772 005b 276C43A1 		.ascii	"'lC\241\347\020\232\344g\205\223=3~+a\016\026K50\201"
 3772      E7109AE4 
 3772      6785933D 
 3772      337E2B61 
 3772      0E164B35 
 3773 0071 03388721 		.ascii	"\0038\207!\000}8\033\256\0041X\003\326\231\255\203\225"
 3773      007D381B 
 3773      AE043158 
 3773      03D699AD 
 3773      8395
 3774 0083 152CF681 		.ascii	"\025,\366\201\216\370 \273\320\204\020\256}D*PD&\313"
 3774      8EF820BB 
 3774      D08410AE 
 3774      7D442A50 
 3774      4426CB
 3775 0096 E8B08FB0 		.ascii	"\350\260\217\260\037\032\273\2060L\344\177\017\360\000"
 3775      1F1ABB86 
 3775      304CE47F 
 3775      0FF000
 3776 00a5 7ADEA927 		.ascii	"z\336\251'@\206&cE$O\232\351\031\211\241\356\251j&\014"
 3776      40862663 
 3776      45244F9A 
 3776      E91989A1 
 3776      EEA96A26 
 3777 00ba 06BA8B32 		.ascii	"\006\272\2132\305\030\307X\"~\210\325q\2630\342\003"
 3777      C518C758 
 3777      227E88D5 
 3777      71B330E2 
 3777      03
 3778 00cb 59CE32BC 		.ascii	"Y\3162\274\254E\260\230\3716\0251Q\021\323\221\300\303"
 3778      AC45B098 
 3778      F9361531 
 3778      5111D391 
 3778      C0C3
 3779 00dd DFDD9A17 		.ascii	"\337\335\232\027S|\021l\253\213\375\036z\271!5;A\035"
 3779      537C116C 
 3779      AB8BFD1E 
 3779      7AB92135 
 3779      3B411D
 3780 00f0 7908BF53 		.ascii	"y\010\277S\010\221|\357\021\250\227J\007j\331\351\344"
 3780      08917CEF 
 3780      11A8974A 
 3780      076AD9E9 
ARM GAS  C:\Users\acest\AppData\Local\Temp\cctDK88S.s 			page 83


 3780      E4
 3781 0101 EC290FAC 		.ascii	"\354)\017\254W\234\202*U5\334}\177T\363\222\330\027"
 3781      579C822A 
 3781      5535DC7D 
 3781      7F54F392 
 3781      D817
 3782 0113 C2AA0F62 		.ascii	"\302\252\017b\251&wJ|A^X\006\020a\365T6\200[\005\305"
 3782      A926774A 
 3782      7C415E58 
 3782      061061F5 
 3782      5436805B 
 3783 0129 F8B11B47 		.ascii	"\370\261\033G\377O\340\262\360\010h\024\353\304<\271"
 3783      FF4FE0B2 
 3783      F0086814 
 3783      EBC43CB9 
 3784 0139 99F7ED39 		.ascii	"\231\367\3559\206?\376\371*K\307\314\215\316\350\214"
 3784      863FFEF9 
 3784      2A4BC7CC 
 3784      8DCEE88C 
 3785 0149 93493B93 		.ascii	"\223I;\223v&\3655L\0259N\251\204L\311\346GP\314\207"
 3785      7626F535 
 3785      4C15394E 
 3785      A9844CC9 
 3785      E64750CC 
 3786 015e 1DCCF486 		.ascii	"\035\314\364\206\331\317\335\314&ntB\314\340;4\260\202"
 3786      D9CFDDCC 
 3786      266E7442 
 3786      CCE03B34 
 3786      B082
 3787 0170 15C00F90 		.ascii	"\025\300\017\220\216\311\211[\251\343\345\177k\201\201"
 3787      8EC9895B 
 3787      A9E3E57F 
 3787      6B8181
 3788 017f 5722472C 		.ascii	"W\"G,\217\330\211P[1\305\375\266\363\222\010\227C`X"
 3788      8FD88950 
 3788      5B31C5FD 
 3788      B6F39208 
 3788      97436058 
 3789 0193 1C81E200 		.ascii	"\034\201\342\000p&\307\244\307a\313\002\037!\021v\336"
 3789      7026C7A4 
 3789      C761CB02 
 3789      1F211176 
 3789      DE
 3790 01a4 F24D3AA4 		.ascii	"\362M:\244e;\274\355\212\334\012\377u\273\306\236\302"
 3790      653BBCED 
 3790      8ADC0AFF 
 3790      75BBC69E 
 3790      C2
 3791 01b5 0C8F72E2 		.ascii	"\014\217r\342\032\224p\355]\356\221\002bwo6$ErC\307"
 3791      1A9470ED 
 3791      5DEE9102 
 3791      62776F36 
 3791      24457243 
 3792 01ca 6C14BDFC 		.ascii	"l\024\275\374{\333\227?'\202\243\214\022M\262f\201O"
 3792      7BDB973F 
 3792      2782A38C 
 3792      124DB266 
ARM GAS  C:\Users\acest\AppData\Local\Temp\cctDK88S.s 			page 84


 3792      814F
 3793 01dc 482B5D1E 		.ascii	"H+]\036\223\335Zi\307\344\330{5\235\362\350$\237C\336"
 3793      93DD5A69 
 3793      C7E4D87B 
 3793      359DF2E8 
 3793      249F43DE 
 3794 01f0 CE2F4443 		.ascii	"\316/DCA\222\014\205\213V\221M3\356v\222-\013\374\204"
 3794      41920C85 
 3794      8B56914D 
 3794      33EE7692 
 3794      2D0BFC84 
 3795 0204 76DBE6A8 		.ascii	"v\333\346\250\014\257\237\267\323l\225\201#\024V\211"
 3795      0CAF9FB7 
 3795      D36C9581 
 3795      23145689 
 3796 0214 30A99503 		.ascii	"0\251\225\0033\336\302\277\340\245U\341]F\235$\211\262"
 3796      33DEC2BF 
 3796      E0A555E1 
 3796      5D469D24 
 3796      89B2
 3797 0226 C0DF934E 		.ascii	"\300\337\223N\366rT\205vL\316\350A[\251\240\354=\226"
 3797      F6725485 
 3797      764CCEE8 
 3797      415BA9A0 
 3797      EC3D96
 3798 0239 6F9FA706 		.ascii	"o\237\247\006\346\263\367e\322j\320Q\267YGI\"\254\330"
 3798      E6B3F765 
 3798      D26AD051 
 3798      B7594749 
 3798      22ACD8
 3799 024c 6719B594 		.ascii	"g\031\265\224$\313\002?'-\355\347\320R;&\027o\257\236"
 3799      24CB023F 
 3799      272DEDE7 
 3799      D0523B26 
 3799      176FAF9E 
 3800 0260 D8A627C7 		.ascii	"\330\246'\307\272\376\207\303?T\226\313\214jHRf\201"
 3800      BAFE87C3 
 3800      3F5496CB 
 3800      8C6A4852 
 3800      6681
 3801 0272 5F911AFA 		.ascii	"_\221\032\3729\324\320\216\211\370\013\033\246\312\000"
 3801      39D4D08E 
 3801      89F80B1B 
 3801      A6CA00
 3802              		.text
 3803              		.section	.gnu.lto_.pureconst.b3bfdb17,"e",%progbits
 3804 0000 789C05C1 		.ascii	"x\234\005\301\213\025\301P\000D\301GnHp\210\374,\202"
 3804      8B15C150 
 3804      0044C147 
 3804      6E487088 
 3804      FC2C82
 3805 0013 94A5B43D 		.ascii	"\224\245\264=\333\207\376\314|K)k\321\346\3076T\206"
 3805      DB87FECC 
 3805      7C4B296B 
 3805      D1E6C736 
 3805      5486
 3806 0025 506B17F6 		.ascii	"Pk\027\366\241\011\255\016\341\030N\341\034.\352\302"
ARM GAS  C:\Users\acest\AppData\Local\Temp\cctDK88S.s 			page 85


 3806      A109AD0E 
 3806      E1184EE1 
 3806      1C2EEAC2 
 3807 0035 D5F466D0 		.ascii	"\325\364f\320h&3\353fd\356z\230\247Y\3642o\363\321j"
 3807      682633EB 
 3807      6664EE7A 
 3807      98A759F4 
 3807      326FF3D1 
 3808 004a FE09C311 		.ascii	"\376\011\303\021\211"
 3808      89
 3809              		.text
 3810              		.section	.gnu.lto_.lto.b3bfdb17,"e",%progbits
 3811 0000 09000400 		.ascii	"\011\000\004\000\001\000\000\000"
 3811      01000000 
 3812              		.text
 3813              		.section	.gnu.lto_chCoreAllocAlignedI.269.b3bfdb17,"e",%progbits
 3814 0000 789C558F 		.ascii	"x\234U\217\277KBQ\024\307\317\271\347>\245\255%ht2Z"
 3814      BF4B4251 
 3814      14C7CFB9 
 3814      E73EA5AD 
 3814      25687432 
 3815 0015 2483486A 		.ascii	"$\203Hjq\354/h\311\345y\337+/\250\017|:\324\3425\264"
 3815      71EC2F68 
 3815      C9E579DF 
 3815      2B2FA80F 
 3815      7C3AD4E2 
 3816 002b C1C5B435 		.ascii	"\301\305\2645$\036okhQ\262Zlj\015\027\377\205h\212 "
 3816      241E6F6B 
 3816      6851B25A 
 3816      6C6A0D17 
 3816      FF85688A 
 3817 0040 6808ECBC 		.ascii	"h\010\354\274\024*8\007\316\217\017\337\363=\313\010"
 3817      142A3807 
 3817      CE8F0FDF 
 3817      F33DCB08 
 3818 0050 70000049 		.ascii	"p\000\000IN$\300^\267-\300\030\223\215\013lt\333O\327"
 3818      4E24C05E 
 3818      B72DC018 
 3818      938D0B6C 
 3818      74DB4FD7 
 3819 0064 03890FF8 		.ascii	"\003\211\017\3703@\250\013\254\343\005]\022\366(dX."
 3819      3340A80B 
 3819      ACE3055D 
 3819      12F62864 
 3819      582E
 3820 0076 2AC4C4FA 		.ascii	"*\304\304\372\330\230\317\346t\322\212\267\366B\022"
 3820      D898CFE6 
 3820      74D28AB7 
 3820      F64212
 3821 0085 D0E7F510 		.ascii	"\320\347\365\020q\300\362\000\214\321.\2541\362\374"
 3821      71C0F200 
 3821      8CD12EAC 
 3821      31F2FC
 3822 0094 32326609 		.ascii	"22f\011B\"\274\305?\014\017\262\303d\304\355\317\271"
 3822      4222BCC5 
 3822      3F0C0FB2 
 3822      C364C4ED 
ARM GAS  C:\Users\acest\AppData\Local\Temp\cctDK88S.s 			page 86


 3822      CFB9
 3823 00a6 D9829378 		.ascii	"\331\202\223x\367\237\223\331G\366\032\203\350B\344"
 3823      F79F93D9 
 3823      47F61A83 
 3823      E842E4
 3824 00b5 99F36662 		.ascii	"\231\363fb\215\315\327\254c\314\307j\177*c\002q\204"
 3824      8DCDD7AC 
 3824      63CCC76A 
 3824      7F2A6302 
 3824      7184
 3825 00c7 6CEA1E2D 		.ascii	"l\352\036-\210\274@\207\242\227\214D3\0068'1o\032\334"
 3825      88BC4087 
 3825      A2978C44 
 3825      33063827 
 3825      316F1ADC 
 3826 00db BCA209E2 		.ascii	"\274\242\011\342\360\206gW[\001YM\024!Y}b\321\200D@"
 3826      F0866757 
 3826      5B01594D 
 3826      1421597D 
 3826      62D18044 
 3827 00f0 143D2791 		.ascii	"\024='\221Eb\360\216\247\011F\242\233\035\302_9\200"
 3827      4562F08E 
 3827      A70946A2 
 3827      9B1DC25F 
 3827      3980
 3828 0102 8CDAC9A9 		.ascii	"\214\332\311\251\202\316k\277Zs\2647\257=\1773\235N"
 3828      82CE6BBF 
 3828      5A73B437 
 3828      AF3D7F33 
 3828      9D4E
 3829 0114 E73C9FA3 		.ascii	"\347<\237\243\250\3639]V\305\232\343\362\262\344\226"
 3829      A8F3395D 
 3829      56C59AE3 
 3829      F2B2E496 
 3830 0124 94577153 		.ascii	"\224WqS\005\220\276>qWT\341\320VU\257r\234R)\333\311"
 3830      0590BE3E 
 3830      715754E1 
 3830      D05655AF 
 3830      729C5229 
 3831 013a 6C6FD8CA 		.ascii	"lo\330\312\001\313.\352\243\3627\223\372t\003"
 3831      01CB2EEA 
 3831      A3F23793 
 3831      FA7403
 3832              		.text
 3833              		.section	.gnu.lto_chFifoObjectInitAligned.286.b3bfdb17,"e",%progbits
 3834 0000 789C6D92 		.ascii	"x\234m\222\317k\023Q\020\307\347\273\263\331d\023[\253"
 3834      CF6B1351 
 3834      10C7E7BB 
 3834      B3D96413 
 3834      5BAB
 3835 0012 20EAAD28 		.ascii	" \352\255(\245x\011\215\027\177\340!g\377\000OAH6M\263"
 3835      A578098D 
 3835      177FE021 
 3835      67FF004F 
 3835      4148364D 
 3836 0027 12B3E236 		.ascii	"\022\263\3426\207z\351k\255JsI[=\250\324\240\313\"^"
 3836      877AE96B 
ARM GAS  C:\Users\acest\AppData\Local\Temp\cctDK88S.s 			page 87


 3836      AD4A7349 
 3836      5B3DA8D4 
 3836      A0CB225E 
 3837 003b 4441D4D6 		.ascii	"DA\324\326\237\2616\036*\202?\316\202\024\004\361 \305"
 3837      9FB1361E 
 3837      2A823FCE 
 3837      821404F1 
 3837      20C5
 3838 004d 938782CE 		.ascii	"\223\207\202\316\356\306\266\021\227}\357\315\314~\336"
 3838      EEC6B611 
 3838      977DEFCD 
 3838      CC7EDE
 3839 005c 7766E7BD 		.ascii	"wf\347\275\233\032\321\030\021\355\227\001&\314\315"
 3839      9B1AD118 
 3839      11ED9701 
 3839      26CCCD
 3840 006b D635524A 		.ascii	"\3265RJe\343\032&f\353&^#\364@\343\032\306q\231\017"
 3840      65E31A26 
 3840      66EB265E 
 3840      23F440E3 
 3840      1AC67199 
 3841 0080 88FB6B6A 		.ascii	"\210\373kjy)va\217\317DM\031\3413\317\230c\237\001\275"
 3841      79297661 
 3841      8FCF444D 
 3841      19E133CF 
 3841      98639F01 
 3842 0095 6369E817 		.ascii	"ci\350\027\213\217\321`K\251\367\353\013J\231\3443\343"
 3842      8B8FD160 
 3842      4BA9F7EB 
 3842      0B4A99E4 
 3842      33E3
 3843 00a7 31640F1E 		.ascii	"1d\017\036\001\017AA {k \340ND\334\325\363\227T\237"
 3843      010F4141 
 3843      207B6B20 
 3843      E04E44DC 
 3843      D5F39754 
 3844 00bc EEB38EC5 		.ascii	"\356\263\216\305nN\317\336\015\271\223!\2676\375\365"
 3844      6E4ECFDE 
 3844      0DB99321 
 3844      B736FDF5 
 3845 00cc 7AEF0C02 		.ascii	"z\357\014\002\356\351\277\334b\310Y\221^\275\243\027"
 3845      EEE9BFDC 
 3845      62C85991 
 3845      5EBDA317 
 3846 00dc C3F36E2E 		.ascii	"\303\363n.\226m\207\\%\322\253\267#=\003/\2739#\373"
 3846      966D875C 
 3846      25D2ABB7 
 3846      233D032F 
 3846      BB3923FB 
 3847 00f0 21E4DC48 		.ascii	"!\344\334Ho\272\243\027\307\253n.\236\375<@d\374\355"
 3847      6FBAA317 
 3847      C7AB6E2E 
 3847      9EFD3C40 
 3847      64FCED
 3848 0103 88C4E8DE 		.ascii	"\210\304\350\336\307XK\255\377n(\365no\363\223\336\243"
 3848      C7584BAD 
 3848      FF6E28F5 
ARM GAS  C:\Users\acest\AppData\Local\Temp\cctDK88S.s 			page 88


 3848      6E6FF393 
 3848      DEA3
 3849 0115 012D4887 		.ascii	"\001-H\207\236A\007\026`\000O\020\007^ !\373\023Aw\314"
 3849      9E410716 
 3849      60004F10 
 3849      075E2021 
 3849      FB134177 
 3850 012a 14B0245B 		.ascii	"\024\260$[\033\034\234\201\322\241ZD3\254E\316\2048"
 3850      1B1C9C81 
 3850      D2A15A44 
 3850      33AC45CE 
 3850      8438
 3851 013c DFA156AF 		.ascii	"\337\241V\257\255 X\367mL\253\363I\372\201\311+ux\234"
 3851      AD2058F7 
 3851      6D4CABF3 
 3851      49FA81C9 
 3851      2B75789C 
 3852 0150 E8B49F11 		.ascii	"\350\264\237\021\034\311\355\340\364\356\014\372\234"
 3852      1CC9EDE0 
 3852      F4EE0CFA 
 3852      9C
 3853 015d F4A455CB 		.ascii	"\364\244U\313alHB\011\237Sh\343FP\353T\300|\223\177"
 3853      616C4842 
 3853      099F5368 
 3853      E34650EB 
 3853      54C07C93 
 3854 0172 4FE08DE4 		.ascii	"O\340\215\344^\303\305~\211i>ok\212\010\211\244\307"
 3854      5EC3C57E 
 3854      89693E6F 
 3854      6B8A0889 
 3854      A4C7
 3855 0184 86C7719F 		.ascii	"\206\307q\237{\302d\315\344\026\246\267\311Z\207\321"
 3855      7BC264CD 
 3855      E416A6B7 
 3855      C95A87D1 
 3856 0194 3C96BCDB 		.ascii	"<\226\274\333C\346\376fA\346F\031\273\377WF\037V\244"
 3856      43E6FE66 
 3856      41E64619 
 3856      BBFF5746 
 3856      1F56A4
 3857 01a7 0C6C29C3 		.ascii	"\014l)\303\304\333\2562v4\231\203\024\246\307\2510\305"
 3857      C4DBAE32 
 3857      76349983 
 3857      14A6C7A9 
 3857      30C5
 3858 01b9 4EFA89C9 		.ascii	"N\372\211\311/\017\216\207\367\256\301\330l\025\321"
 3858      2F0F8E87 
 3858      F7AEC1D8 
 3858      6C15D1
 3859 01c8 11EB68CE 		.ascii	"\021\353h\316*\333\005\333\035\255\025m'\262\035\367"
 3859      2ADB05DB 
 3859      1DAD156D 
 3859      27B21DF7 
 3860 01d8 602693C9 		.ascii	"`&\223\3119\256\274\025\273\220\263\253V\245V\034\226"
 3860      39AEBC15 
 3860      BB90B3AB 
 3860      56A5561C 
ARM GAS  C:\Users\acest\AppData\Local\Temp\cctDK88S.s 			page 89


 3860      96
 3861 01e9 8F4EE154 		.ascii	"\217N\341T\311.9n\272L\354\224\316\354\262\312\245\274"
 3861      C92E396E 
 3861      BA4CEC94 
 3861      CEECB2CA 
 3861      A5BC
 3862 01fb 35EA9C1D 		.ascii	"5\352\234\035K[\351|\361\360\241\241\274U\244\270P\256"
 3862      4B5BE97C 
 3862      F1F0A1A1 
 3862      BC55A4B8 
 3862      50AE
 3863 020d 7D6E5897 		.ascii	"}nX\227\265\232\220)_\261G\252\206\030\205Z\3118\355"
 3863      B59A9029 
 3863      5FB147AA 
 3863      8618855A 
 3863      C938ED
 3864 0220 8EC8F207 		.ascii	"\216\310\362\007\213a\352\365"
 3864      8B61EAF5 
 3865              		.text
 3866              		.section	.gnu.lto_dyn_list_find.338.b3bfdb17,"e",%progbits
 3867 0000 789C5552 		.ascii	"x\234URMkSA\024\235;w\362^>lu\323\215t\341\242\"\212"
 3867      4D6B5341 
 3867      149D3B77 
 3867      F25E3E6C 
 3867      75D38D74 
 3868 0018 24AD828A 		.ascii	"$\255\202\212tQ\211\376\001\245\273\200\244I\304h5!"
 3868      745189FE 
 3868      01A5BB80 
 3868      A449C468 
 3868      3521
 3869 002a 1F0B577D 		.ascii	"\037\013W}m\243\205TLR\245u\321\224\362\010\322ZP*\226"
 3869      6DA38554 
 3869      4C52A575 
 3869      D194F208 
 3869      D25A502A 
 3870 003f 7E4663B3 		.ascii	"~Fc\263\010\272P\021\244\005w-bS\241\024\335H)\324;"
 3870      08BA5011 
 3870      A405772D 
 3870      6253A114 
 3870      DD4829D4 
 3871 0054 D3977E84 		.ascii	"\323\227~\204\311\313\235;\347\236sr\346ms\306\262\214"
 3871      C9CB9D3B 
 3871      E79E7372 
 3871      E66D73C6 
 3871      B28C
 3872 0066 B1147DC1 		.ascii	"\261\024}\301\316` \227\346\3140\2146\235\303`.\275"
 3872      CE602097 
 3872      E6CC308C 
 3872      369DC360 
 3872      2EBD
 3873 0078 947F23A0 		.ascii	"\224\177#\240\010\252\201<\225s-U\026Q<\314\325\217"
 3873      08AA813C 
 3873      95732D55 
 3873      16513CCC 
 3873      D58F
 3874 008a CF145B85 		.ascii	"\317\024[\205\200\241\\\372W\276U\035\333`p\2626\253"
 3874      80A15CFA 
ARM GAS  C:\Users\acest\AppData\Local\Temp\cctDK88S.s 			page 90


 3874      57BE551D 
 3874      DB6070B2 
 3874      36AB
 3875 009c F1DE5C3F 		.ascii	"\361\336\\?\247A\005\353\313\325\2531\035\272\367\330"
 3875      A74105EB 
 3875      CBD5AB31 
 3875      1DBAF7D8 
 3876 00ac 81757114 		.ascii	"\201uq\0246M\207.\256\261\375\317S\034F\030\300\002"
 3876      364D872E 
 3876      AEB1FDCF 
 3876      531C4618 
 3876      C002
 3877 00be 32105605 		.ascii	"2\020V\005p\342t\3110\376\375\034\372\262\352\032\036"
 3877      70E274C9 
 3877      30FEFD1C 
 3877      FAB2EA1A 
 3877      1E
 3878 00cf 2B890272 		.ascii	"+\211\002r6B\200)\200\267 \207\010\210Qv\212@_\2533"
 3878      36428029 
 3878      80B72087 
 3878      08885176 
 3878      8A405FAB 
 3879 00e4 86E16005 		.ascii	"\206\341`\005D\230\206\003\030j$\315&\211\353\207]`"
 3879      44988603 
 3879      186A24CD 
 3879      2689EB87 
 3879      5D60
 3880 00f6 7F6F9F71 		.ascii	"\177o\237q\214\250\004\314\036\006\212\344\253\246]"
 3880      8CA804CC 
 3880      1E068AE4 
 3880      ABA65D
 3881 0105 CA0CC89F 		.ascii	"\312\014\310\237\223\204\336\\.\247\353\263\335vR\206"
 3881      9384DE5C 
 3881      2EA7EBB3 
 3881      DD765286 
 3882 0115 7938A49D 		.ascii	"y8\244\235\234k\322\030,\200t$3\244E\273\327\337l%c"
 3882      9C6BD218 
 3882      2C807424 
 3882      33A445BB 
 3882      D7DF6C25 
 3883 012a 7B276318 		.ascii	"{'c\030;\215\317\313\023\031p\001Q\3338=4\224pA\025"
 3883      3B8DCFCB 
 3883      13197001 
 3883      51DB383D 
 3883      34947041 
 3884 013f D700E640 		.ascii	"\327\000\346@\227[;\300\0148d\345Td,\203\354\345\217"
 3884      975B3BC0 
 3884      0C3864E5 
 3884      54642C83 
 3884      ECE58F
 3885 0152 950B6094 		.ascii	"\225\013`\224\350~\220\253\272\233\352u0V&+\016\212"
 3885      E87E90AB 
 3885      BA9BEA75 
 3885      3056262B 
 3885      0E8A
 3886 0164 966D40CF 		.ascii	"\226m@\317\302x\203\211\272\225\223Pv_\310\313Zk,\240"
 3886      C2788389 
ARM GAS  C:\Users\acest\AppData\Local\Temp\cctDK88S.s 			page 91


 3886      BA959350 
 3886      765FC8CB 
 3886      5A6B2CA0 
 3887 0178 6EA206EF 		.ascii	"n\242\006\357\2005\323^\031\177\017yeq\035zF\333I\204"
 3887      8035D35E 
 3887      197F0F79 
 3887      65711D7A 
 3887      46DB4984 
 3888 018c 2615DD54 		.ascii	"&\025\335TE\376\221,\342\247\305\337\253\270\2472]\341"
 3888      45FE912C 
 3888      E2A7C5DF 
 3888      ABB8A732 
 3888      5DE1
 3889 019e 52E259FA 		.ascii	"R\342Y\372;7\021,\015\276\257A\234v\223r\376\240Z\226"
 3889      3B37112C 
 3889      0DBEAF41 
 3889      9C769372 
 3889      FEA05A96 
 3890 01b2 8A031649 		.ascii	"\212\003\026I\205\370R\026\304\006e\332m\302\243\321"
 3890      85F85216 
 3890      C40665DA 
 3890      6DC2A3D1 
 3891 01c2 F326BD40 		.ascii	"\363&\275@\300\013\350\034\221\000\3424\321.9]@\270"
 3891      C00BE81C 
 3891      9100E234 
 3891      D12E395D 
 3891      40B8
 3892 01d4 23AC0AA9 		.ascii	"#\254\012\251\265r\007\201\340\214z\023\262(\376\346"
 3892      B5720781 
 3892      E08C7A13 
 3892      B228FEE6 
 3893 01e4 3F1FDFF3 		.ascii	"?\037\337\3633[!\367[\340$M\024\362\330\266\\\310\177"
 3893      335B21F7 
 3893      5BE0244D 
 3893      14F2D8B6 
 3893      5CC87F
 3894 01f7 DCF75BAC 		.ascii	"\334\367[\2548k\251T\321DG\315\347X\335\276Q\313e\035"
 3894      386BA954 
 3894      D14447CD 
 3894      E758DDBE 
 3894      51CB651D 
 3895 020b 54C825B7 		.ascii	"T\310%\267\2628\252\262p(I\215\000\206\2608{\332\230"
 3895      B238AAB2 
 3895      7028498D 
 3895      0086B038 
 3895      7BDA98
 3896 021e 3A422BA6 		.ascii	":B+\246\307 \005\310g\325KM\212W\332\334\002\252t\376"
 3896      C72005C8 
 3896      67D54B4D 
 3896      8A57DADC 
 3896      02AA74FE 
 3897 0232 647E4C92 		.ascii	"d~L\222\3306\346\033\211F\237\250\335\327\037\311bJ"
 3897      D836E61B 
 3897      89469FA8 
 3897      DDD71FC9 
 3897      624A
 3898 0244 C3841426 		.ascii	"\303\204\024&:\005##\332Hq\315.\3112\010\023\265kf\354"
ARM GAS  C:\Users\acest\AppData\Local\Temp\cctDK88S.s 			page 92


 3898      3A052323 
 3898      DA4871CD 
 3898      2EC93208 
 3898      13B56B66 
 3899 0259 ACF7B2AF 		.ascii	"\254\367\262\257=\036\212\305}\376@(\236\360]\015\305"
 3899      3D1E8AC5 
 3899      7DFE4028 
 3899      9EF05D0D 
 3899      C5
 3900 026a EF262251 		.ascii	"\357&\"Q\337u\367\025\267\327}\315\027\243\366\315h"
 3900      DF75F715 
 3900      B7D77DCD 
 3900      17A3F6CD 
 3900      68
 3901 027b 2C722714 		.ascii	",r'\024H\2606\267\333spyo\207;\3027\022\311`8\342\011"
 3901      48B036B7 
 3901      DB737079 
 3901      6F873BC2 
 3901      3712C960 
 3902 0292 C83A123F 		.ascii	"\310:\022?\327\322\322\342\211\304iu\206;<\361X\200"
 3902      D7D2D2E2 
 3902      89C46975 
 3902      863B3CF1 
 3902      5880
 3903 02a4 0E6EF903 		.ascii	"\016n\371\003\211H\354\201;\300\304}\377\275P\303\201"
 3903      8948EC81 
 3903      3BC0C47D 
 3903      FFBD50C3 
 3903      81
 3904 02b5 8EDB1FBC 		.ascii	"\216\333\037\274t\261\331\037\0102\014vF!\372\037\342"
 3904      74B1D91F 
 3904      08320C76 
 3904      4621FA1F 
 3904      E2
 3905 02c6 DE3502   		.ascii	"\3365\002"
 3906              		.text
 3907              		.section	.gnu.lto_dyn_create_object_heap.340.b3bfdb17,"e",%progbits
 3908 0000 789C4D91 		.ascii	"x\234M\221Mh\023A\024\307\347\315\233|\026\202\027/"
 3908      4D681341 
 3908      14C7E7CD 
 3908      9B7C1682 
 3908      172F
 3909 0012 5E2C0691 		.ascii	"^,\006\221\202l\214\036\024O\321*xV\274\005$\335\254"
 3909      826C8C1E 
 3909      144FD12A 
 3909      7856BC05 
 3909      24DDAC
 3910 0025 1A8DDD90 		.ascii	"\032\215\335\220M\016z\3114m\025\332C>Z\250\2661H\214"
 3910      4D0E7AC9 
 3910      346D15DA 
 3910      433E5AA8 
 3910      B631488C 
 3911 0039 E0AD828A 		.ascii	"\340\255\202\212\215\215uKQ\241\247R\350Y)\344\020\017"
 3911      8D8D754B 
 3911      51A1A752 
 3911      E85929E4 
 3911      100F
ARM GAS  C:\Users\acest\AppData\Local\Temp\cctDK88S.s 			page 93


 3912 004b 2578D220 		.ascii	"%x\322 \352\233\335R\003\263;\357\375\337o\336\307\314"
 3912      EA9BDD52 
 3912      03B33BEF 
 3912      FDDF6FDE 
 3912      C7CC
 3913 005d 15CED853 		.ascii	"\025\316\330S\306\330E\372\300\303\240Z\231\341LJ\031"
 3913      C6D845FA 
 3913      C0C3A05A 
 3913      99E14C4A 
 3913      19
 3914 006e F3713E55 		.ascii	"\363q>U\231\345\260\016\325\326\257\243b\262\022\332"
 3914      99E5B00E 
 3914      D5D6AFA3 
 3914      62B212DA 
 3915 007e FBFC7058 		.ascii	"\373\374pX \314\373\335\270\200\211J\320\261\200\025"
 3915      20CCFBDD 
 3915      B880894A 
 3915      D0B18015 
 3916 008e 380A28F0 		.ascii	"8\012(\360\302\034\326\020\252\330D\006b\337\002\030"
 3916      C21CD610 
 3916      AAD84406 
 3916      62DF0218 
 3917 009e 1EB1A5FC 		.ascii	"\036\261\245\374\331Yx\334\031\252\275\264E\0239\253"
 3917      D95978DC 
 3917      19AABDB4 
 3917      451339AB 
 3918 00ae 13F016E0 		.ascii	"\023\360\026\340\015PUF f\330\011\202\266\372+R\006"
 3918      0D505546 
 3918      2066D809 
 3918      82B6FA2B 
 3918      5206
 3919 00c0 581311DE 		.ascii	"X\023\021\336\301\177\006V\200\244\374BX\221\263\340"
 3919      C17F0656 
 3919      80A4FC42 
 3919      5891B3E0 
 3920 00d0 A0AF9E4C 		.ascii	"\240\257\236L?\222\207(\231\200\326 \372\236P\221\177"
 3920      3F928728 
 3920      9980D620 
 3920      FA9E5091 
 3920      7F
 3921 00e1 EEA02517 		.ascii	"\356\240%\027\355-\276X\012\225I\367\300\352 \332VR"
 3921      ED2DBE58 
 3921      0A9549F7 
 3921      C0EA20DA 
 3921      5652
 3922 00f3 7ED941E7 		.ascii	"~\331A\347\367\321\245\216\213z\341\303 \272\246\244"
 3922      F7D1A58E 
 3922      8B7AE1C3 
 3922      20BAA6A4 
 3923 0103 FC6AD86D 		.ascii	"\374j\330mv\021\324v\\\361\265O3\241\362\204\237f\202"
 3923      7611D476 
 3923      5CF1B54F 
 3923      33A1F284 
 3923      9F6682
 3924 0116 8F83076C 		.ascii	"\217\203\007l\232,\377%\354u,\245\257\223\240\026\371"
 3924      9A2CFF25 
 3924      EC752CA5 
ARM GAS  C:\Users\acest\AppData\Local\Temp\cctDK88S.s 			page 94


 3924      AF93A016 
 3924      F9
 3925 0127 CBDB1E5B 		.ascii	"\313\333\036[\376\376[\222\362\353\310\237\366\353\300"
 3925      FEFE5B92 
 3925      F2EBC89F 
 3925      F6EBC0
 3926 0136 10D0C49C 		.ascii	"\020\320\304\234.j\005\004\320\000\036u\310\013\324"
 3926      2E6A0504 
 3926      D0001E75 
 3926      C80BD4
 3927 0145 9F0FA8B2 		.ascii	"\237\017\250\262_E\031+!+\227\3736\200\264\031+#w\235"
 3927      5F45192B 
 3927      212B97FB 
 3927      3680B419 
 3927      2B23779D 
 3928 0159 4972BE83 		.ascii	"Ir\276\203\334mm\006T\011e\266\203j;v\360\333\335\016"
 3928      DC6D6D06 
 3928      540965B6 
 3928      836A3B76 
 3928      F0DBDD0E 
 3929 016d B21E4C3F 		.ascii	"\262\036L?;\323@\317\024\360&\372\352H\2354\020\033"
 3929      3BD340CF 
 3929      14F026FA 
 3929      EA489D34 
 3929      101B
 3930 017f 48F7E727 		.ascii	"H\367\347'\2468L\025)\354\340;\233\300\2720\325\335"
 3930      A6384C15 
 3930      29ECE03B 
 3930      9BC0BA30 
 3930      D5DD
 3931 0191 38428A7A 		.ascii	"8B\212zA\356\274\222*\212s\335\255o\314)\332\003_\003"
 3931      41EEBC92 
 3931      2A8A73DD 
 3931      AD6FCC29 
 3931      DA035F03 
 3932 01a5 FD4EBE40 		.ascii	"\375N\276@]\365\347\346k\240\267\201\276&\006\035^T"
 3932      5DF5E7E6 
 3932      6BA0B781 
 3932      BE26061D 
 3932      5E54
 3933 01b7 0E9AFC01 		.ascii	"\016\232\374\001\305\0301*U\037\0006\200\257\355\364"
 3933      C518312A 
 3933      551F0036 
 3933      80AFEDF4 
 3934 01c7 FCD43365 		.ascii	"\374\3243eA\241\306\003\027.\332\252\326\311\321\363"
 3934      41A1C603 
 3934      172EDAAA 
 3934      D6C9D1F3 
 3935 01d7 F1EB9691 		.ascii	"\361\353\226\221\265\342\011\335\260r\361K\206u7gf\342"
 3935      B5E209DD 
 3935      B072F14B 
 3935      86753767 
 3935      66E2
 3936 01e9 57B50BDA 		.ascii	"W\265\013\332\250v9\236%\371F&k\3361\364\034\213iZd"
 3936      A876399E 
 3936      25F94626 
 3936      6BDE31F4 
ARM GAS  C:\Users\acest\AppData\Local\Temp\cctDK88S.s 			page 95


 3936      1C8B695A 
 3937 01fe 708DDE4E 		.ascii	"p\215\336N\215\245\256\345\362\311\224\031\321\225m"
 3937      8DA5AEE5 
 3937      F2C99419 
 3937      D1956D
 3938 020d 5AA7A3D1 		.ascii	"Z\247\243\321h\304\264h\245Sc\021+\253S\340fB\317\231"
 3938      68C4B468 
 3938      A5536311 
 3938      2BAB53E0 
 3938      6642CF99 
 3939 0221 D9FB9ACE 		.ascii	"\331\373\232\316\304x\342\236qx@\321\022\311sgO%\364"
 3939      C478E29E 
 3939      717840D1 
 3939      12C97367 
 3939      4F25F4
 3940 0234 24C3643A 		.ascii	"$\303d:#\254\324\003\303\223H\247n\215c\322\310\374"
 3940      23ACD403 
 3940      C39348A7 
 3940      6E8D63D2 
 3940      C8FC
 3941 0246 030188EF 		.ascii	"\003\001\210\357\245"
 3941      A5
 3942              		.text
 3943              		.section	.gnu.lto_dyn_release_object_heap.341.b3bfdb17,"e",%progbits
 3944 0000 789C7552 		.ascii	"x\234uR\315K\024a\030\177~\363\316~%\330\251K'\261\""
 3944      CD4B1461 
 3944      187F7EF3 
 3944      CE7E25D8 
 3944      A94B27B1 
 3945 0015 029BD50E 		.ascii	"\002\233\325\016\025\235\014\253?\240\350\266\020\353"
 3945      159D0CAB 
 3945      3FA0E8B6 
 3945      10EB
 3946 0023 EC445BD6 		.ascii	"\354D[\326.;S\320\311\361\243\202\015rW\203\300\314"
 3946      2E3B53D0 
 3946      C9F1A382 
 3946      0D725783 
 3946      C0CC
 3947 0035 83AC615D 		.ascii	"\203\254a]\202@3\323\334\334\314\300\203\021\011A\035"
 3947      824033D3 
 3947      DCDCCCC0 
 3947      83110941 
 3947      1D
 3948 0046 6243A8D0 		.ascii	"bC\250\320\315:U\004\366\274\357\2702X\275\314\314\373"
 3948      CD3A5504 
 3948      F6BCEFB8 
 3948      3258BDCC 
 3948      CCFB
 3949 0058 7CFD7ECF 		.ascii	"|\375~\317\307<\015\202\250\237\210\216\361\213\000"
 3949      C73C0D82 
 3949      A89F888E 
 3949      F18B00
 3950 0067 A1379FD5 		.ascii	"\2417\237\325\310u\335\346\220\246u\345\257kx\002\326"
 3950      C875DDE6 
 3950      90A675E5 
 3950      AF6B7802 
 3950      D6
ARM GAS  C:\Users\acest\AppData\Local\Temp\cctDK88S.s 			page 96


 3951 0078 EAF4EE7C 		.ascii	"\352\364\356|\255\272\005n\206=\277\216\216|6\342\371"
 3951      ADBA056E 
 3951      863DBF8E 
 3951      8E7C36E2 
 3951      F9
 3952 0089 9B43A076 		.ascii	"\233C\240vM\350h\327\332\373\304\036\266\374X\272\265"
 3952      4DE868D7 
 3952      DAFBC41E 
 3952      B6FC58BA 
 3952      B5
 3953 009a 301C7247 		.ascii	"0\034rG\212(p\206A~\325\031\020\350\025\005\001\350"
 3953      8A287086 
 3953      417ED519 
 3953      10E81505 
 3953      01E8
 3954 00ac EB92863A 		.ascii	"\353\222\206:\226D\232v\027]\367\325\362\270\353F\250"
 3954      96449A76 
 3954      175DF7D5 
 3954      F2B8EB46 
 3954      A8
 3955 00bd 20041E81 		.ascii	" \004\036\2011\030\003FA\030g\022\341,\325\313\310,"
 3955      31180346 
 3955      41186712 
 3955      E12CD5CB 
 3955      C82C
 3956 00cf 54E8EADB 		.ascii	"T\350\352\333\341\376\332\034\333u<\366\207NH\223\363"
 3956      E1FEDA1C 
 3956      DB753CF6 
 3956      874E4893 
 3956      F3
 3957 00e0 AD9E28A8 		.ascii	"\255\236(\250\322r}\004\211\273\001\231|\227\204VJ\331"
 3957      D2727D04 
 3957      89BB0199 
 3957      7C978456 
 3957      4AD9
 3958 00f2 DA5C4758 		.ascii	"\332\\GX\246\231d,\252\330)\0209WvrXP)\322\365T\301"
 3958      A699642C 
 3958      AAD82910 
 3958      39577672 
 3958      585029D2 
 3959 0109 449FBA54 		.ascii	"D\237\272T\342\345\322m\225X`\332\017.\252\032WvT\223"
 3959      E2E5D26D 
 3959      955860DA 
 3959      0F2EAA1A 
 3959      57765493 
 3960 011d 2C0C5FAB 		.ascii	",\014_\253&\231\366\027X\2047\006\305\265\362\321\337"
 3960      2699F617 
 3960      58843706 
 3960      C5B5F2D1 
 3960      DF
 3961 012e C406D78C 		.ascii	"\304\006\327\214j\342\347\337\\\233\232\235Y\347\012"
 3961      6AE2E7DF 
 3961      5C9B9A9D 
 3961      59E70A
 3962 013d CA817F7D 		.ascii	"\312\201\177}(P\002\236A\366\314d\377k\227\374\355\362"
 3962      2850029E 
 3962      41F6CC64 
ARM GAS  C:\Users\acest\AppData\Local\Temp\cctDK88S.s 			page 97


 3962      FF6B97FC 
 3962      EDF2
 3963 014f 9430CBF2 		.ascii	"\2240\313\362s\325)\033\300\352\203\327\201\242\373"
 3963      73D5291B 
 3963      C0EA83D7 
 3963      81A2FB
 3964 015e 7BADC775 		.ascii	"{\255\307u\347\366V\336OD\266\000<W.o\2347\244 \002"
 3964      E7F656DE 
 3964      4F44B600 
 3964      3C572E6F 
 3964      9C37A420 
 3965 0173 41F9092B 		.ascii	"A\371\011+ \365\010z36\273Bp\213D9\241yJ\027+_\340\226"
 3965      20F5087A 
 3965      3336BB42 
 3965      708B4439 
 3965      A1794A17 
 3966 018b 47E721EF 		.ascii	"G\347!\357\372\215Oy\254f\223a\242\206*\350\234\274"
 3966      FA8D4F79 
 3966      AC669361 
 3966      A2862AE8 
 3966      9CBC
 3967 019d 27864460 		.ascii	"'\206D`}'\274\332\357\312\305\342\252\203Cl\230\003"
 3967      7D27BCDA 
 3967      EFCAC5E2 
 3967      AA83436C 
 3967      9803
 3968 01af 357A6A08 		.ascii	"5zj\010/qG\255S\005]\003W\2270$#\002\022\027\302\032"
 3968      2F7147AD 
 3968      53055D03 
 3968      57973024 
 3968      23021217 
 3969 01c5 9FAD926F 		.ascii	"\237\255\222o5\213*\305\210\370\007\307\274\307\301"
 3969      358B2AC5 
 3969      88F807C7 
 3969      BCC7C1
 3970 01d4 5855C414 		.ascii	"XU\304\024\327\371\031\335\237J\333\331\342Qy\373\232"
 3970      D7F919DD 
 3970      9F4ADBD9 
 3970      E25179FB 
 3970      9A
 3971 01e5 13E2FEBB 		.ascii	"\023\342\376\273\362~\325\320*w\337\015\255 \302\203"
 3971      F27ED5D0 
 3971      2A77DF0D 
 3971      AD20C283 
 3972 01f5 4293582E 		.ascii	"B\223X.\231\177T\204\350\027\302,j\225\251\221\010^"
 3972      997F5484 
 3972      E817C22C 
 3972      6A95A991 
 3972      085E
 3973 0207 8041FAE2 		.ascii	"\200A\372\342\306\030\276\243\363\303\342|X\356\241"
 3973      C618BEA3 
 3973      F3C3E27C 
 3973      58EEA1
 3974 0216 3C3D029E 		.ascii	"<=\002\236\257\263(\325\206\226C\261\223\266\225\261"
 3974      AFB328D5 
 3974      869643B1 
 3974      93B695B1 
ARM GAS  C:\Users\acest\AppData\Local\Temp\cctDK88S.s 			page 98


 3975 0226 6371D3B2 		.ascii	"cq\323\262\235\330\021\313>\347\244\322\261\343\306"
 3975      9DD811CB 
 3975      3EE7A4D2 
 3975      B1E3C6
 3976 0235 61A3C538 		.ascii	"a\243\3058\032\313\260\371T:\223:k\231\0165\033F\324"
 3976      1ACBB0F9 
 3976      543A933A 
 3976      6B990E35 
 3976      1B46D4
 3977 0248 FFB49C49 		.ascii	"\377\264\234I\266&O8\027\023\311T\324\224r\312\336\327"
 3977      B6264F38 
 3977      1713C954 
 3977      D49472CA 
 3977      DED7
 3978 025a D4D4144D 		.ascii	"\324\324\024M\331\374\264%[\243v\306d\307\351\270\351"
 3978      D9FCB425 
 3978      5BA376C6 
 3978      64C7E9B8 
 3978      E9
 3979 026b A432970D 		.ascii	"\2442\227\015\223D\302Jo\363\031\214x\342\340\201\306"
 3979      9344C24A 
 3979      6FF3198C 
 3979      78E2E081 
 3979      C6
 3980 027c B899604F 		.ascii	"\270\231`O[ZOg\254K!\253\315:o]p\376\000\036\2318s"
 3980      5B5A4F67 
 3980      AC4B21AB 
 3980      CD3A6F5D 
 3980      70FE001E 
 3981              		.text
 3982              		.section	.gnu.lto_dyn_create_object_pool.342.b3bfdb17,"e",%progbits
 3983 0000 789C4D91 		.ascii	"x\234M\221\317k\023A\024\307\337\233\267\371\325@\360"
 3983      CF6B1341 
 3983      14C7DF9B 
 3983      B7F9D540 
 3983      F0
 3984 0011 A2072F86 		.ascii	"\242\007/\206\200\210 \033\243\007\305S4\372\017(\336"
 3984      8088201B 
 3984      A307C553 
 3984      34FA0F28 
 3984      DE
 3985 0022 02926E56 		.ascii	"\002\222nV\214\266f\311&\007O\231\246\251b\003\346G"
 3985      8CB666C9 
 3985      26074F99 
 3985      A6A96203 
 3985      E647
 3986 0034 955E6A94 		.ascii	"\225^j\224\030A\020\324\203b\352\257\256\024\365\320"
 3986      184110D4 
 3986      8362EAAF 
 3986      AE14F5D0 
 3987 0044 4BF12F90 		.ascii	"K\361/\220B\017\361P\243\202\264\241P\337\354J\015\314"
 3987      420FF150 
 3987      A382B4A1 
 3987      50DFEC4A 
 3987      0DCC
 3988 0056 EEBCF9BE 		.ascii	"\356\274\371\276\317\274\367\235\231}\002\340\036\000"
 3988      CFBCF79D 
ARM GAS  C:\Users\acest\AppData\Local\Temp\cctDK88S.s 			page 99


 3988      997D02E0 
 3988      1E00
 3989 0064 9CE10F7D 		.ascii	"\234\341\017}\200\255\346\254\000)e2 D\265Y\023\270"
 3989      80ADE6AC 
 3989      00296532 
 3989      2044B559 
 3989      13B8
 3990 0076 84ADC5AD 		.ascii	"\204\255\305\255\003\332t3\262\361\371fT#\274\033\364"
 3990      03DA7433 
 3990      B2F1F966 
 3990      5423BC1B 
 3990      F4
 3991 0087 F21A4E35 		.ascii	"\362\032N5\307\334\010\241,H\303\262(\317\321\002a\213"
 3991      C7DC08A1 
 3991      2C48C3B2 
 3991      28CFD102 
 3991      618B
 3992 0099 BA04A8FD 		.ascii	"\272\004\250\375\213\020\243\207\035)7\327\3477\326"
 3992      8B10A387 
 3992      1D2937D7 
 3992      E737D6
 3993 00a8 C30B4F1C 		.ascii	"\303\013O\034\255K\002\332\014\274B|\211\334\025\030"
 3993      AD4B02DA 
 3993      0CBC427C 
 3993      89DC1518 
 3994 00b8 240B0E31 		.ascii	"$\013\0161\264:\354I\031\202.\021\276\306\377\014\366"
 3994      B43AEC49 
 3994      19822E11 
 3994      BEC6FF0C 
 3994      F6
 3995 00c9 90A5522D 		.ascii	"\220\245R-\246\310\032\272\350\213\0373\267\344\036"
 3995      A6C81ABA 
 3995      E88B1F33 
 3995      B7E41E
 3996 00d8 2EA6E1E2 		.ascii	".\246\341\342(\372\206Q\2554\357\242u\017\035l>~\020"
 3996      28FA8651 
 3996      AD34EFA2 
 3996      750F1D6C 
 3996      3E7E10
 3997 00eb 69B0EEC3 		.ascii	"i\260\356\303\267\243\350;%\225\036\305<\007-T\323A"
 3997      B7A3E83B 
 3997      25951EC5 
 3997      3C072D54 
 3997      D341
 3998 00fd C56F7D9A 		.ascii	"\305o}\232\2154\246\202l\024\337\217n\370\300vK\317"
 3998      8D34A682 
 3998      6C14DF8F 
 3998      6EF8C076 
 3998      4BCF
 3999 010f 627E3752 		.ascii	"b~7R\372\022\013j\360\372\371W\237#\267w\352R~\211\337"
 3999      FA120B6A 
 3999      F0FAF957 
 3999      9F23B777 
 3999      EA527E89 
 4000 0124 5E7E7A1F 		.ascii	"^~z\037\307\220\317!\370\370=\324\220m\371\324.?r\327"
 4000      C790CF21 
 4000      F8F83DD4 
ARM GAS  C:\Users\acest\AppData\Local\Temp\cctDK88S.s 			page 100


 4000      906DF9D4 
 4000      2E3F72D7 
 4001 0138 804A00D4 		.ascii	"\200J\000\324\011\032\215\241\203(\035\200\006\011o"
 4001      091A8DA1 
 4001      83281D80 
 4001      06096F
 4002 0147 31CD8BEF 		.ascii	"1\315\213\357(\327~\257\204Ty\025\376\011\253)\266\373"
 4002      28D77EAF 
 4002      84547915 
 4002      FE09AB29 
 4002      B6FB
 4003 0159 5BDB0EC3 		.ascii	"[\333\016\303\000g\036\036\357\220\257\212\242K\376"
 4003      00671E1E 
 4003      EF90AF8A 
 4003      A24BFE
 4004 0168 36B18B0E 		.ascii	"6\261\213\016Q\207\370B\002\314T\242\334\214\323.\276"
 4004      5187F842 
 4004      02CC54A2 
 4004      DC8CD32E 
 4004      BE
 4005 0179 B382D0C7 		.ascii	"\263\202\320\307j\177y?+\352I\204{\355\252)\315\365"
 4005      6A7F793F 
 4005      2BEA4984 
 4005      7BEDAA29 
 4005      CDF5
 4006 018b 57BF81DB 		.ascii	"W\277\201\333t\200\376\016\005\334z\301\266\362\347"
 4006      7480FE0E 
 4006      05DC7AC1 
 4006      B6F2E7
 4007 019a D5EB90BF 		.ascii	"\325\353\220\277K!\027\326\232\273\016\177a%\311\200"
 4007      4B2117D6 
 4007      9ABB0E7F 
 4007      6125C980 
 4008 01aa AA3344C4 		.ascii	"\2523D\304\217(\356\374\034\004\3310\227 M\235\015="
 4008      8F28EEFC 
 4008      1C04D930 
 4008      97204D9D 
 4008      0D3D
 4009 01bc B8E2A846 		.ascii	"\270\342\250FGR\247\322\027m\263`\2473\206i\027\323"
 4009      4752A7D2 
 4009      176DB360 
 4009      A7338669 
 4009      17D3
 4010 01ce 674DFB5A 		.ascii	"gM\373Z1o\245\317\353\247\365\224~.]`\371\222U\310_"
 4010      316FA5CF 
 4010      EBA7F594 
 4010      7E2E5D60 
 4010      F99255C8 
 4011 01e3 358D2224 		.ascii	"5\215\"$u=>:RWr\343\271\013\305R6\227\217\033*\316\333"
 4011      753D3E3A 
 4011      525772E3 
 4011      B90BC552 
 4011      36978F1B 
 4012 01fa C7128944 		.ascii	"\307\022\211D<o\363\230\310\215\307\355\202\301\211"
 4012      3C6FF398 
 4012      C88DC7ED 
 4012      82C189
ARM GAS  C:\Users\acest\AppData\Local\Temp\cctDK88S.s 			page 101


 4013 0209 CB19A398 		.ascii	"\313\031\243\230/\334\320\015\320\256g&\315\275#\212"
 4013      2FDCD00D 
 4013      D0AE6726 
 4013      CDBD238A 
 4014 0219 9EC99E3C 		.ascii	"\236\311\236<q4cd\201\262\023\226\230\264(kZ\177\001"
 4014      71346364 
 4014      81B21396 
 4014      98B4286B 
 4014      5A7F01
 4015 022c E386DFCC 		.ascii	"\343\206\337\314"
 4016              		.text
 4017              		.section	.gnu.lto_dyn_release_object_pool.343.b3bfdb17,"e",%progbits
 4018 0000 789C7552 		.ascii	"x\234uR\335K\024Q\024?g\316\354\316N\301\366\324KO\332"
 4018      DD4B1451 
 4018      143F67CE 
 4018      ECCE4EC1 
 4018      F6D44B4F 
 4019 0015 0711C4AC 		.ascii	"\007\021\304\254\366P\341\223a\365\007\024\275-\310"
 4019      F650E193 
 4019      61F50714 
 4019      BD2DC8
 4020 0024 BA3BD196 		.ascii	"\272;\321\226\266\313\316\024\364\344\370Q\302\006\271"
 4020      B6CBCE14 
 4020      F4E4F851 
 4020      C206B9
 4021 0033 6B5150EA 		.ascii	"kQP\352\203,ia\365 \231\225\346\352j\237\364A\324S\020"
 4021      832C6961 
 4021      F5209995 
 4021      E6EA6A9F 
 4021      F441D453 
 4022 0048 610815BA 		.ascii	"a\010\025\272\230\017\245\021\330\271wve\260\272\314"
 4022      980FA511 
 4022      D8B97776 
 4022      65B0BACC 
 4023 0058 CCBDE7E3 		.ascii	"\314\275\347\343\367;\347w\347\324\023@\017\000\034"
 4023      F73BE777 
 4023      E7D41340 
 4023      0F001C
 4024 0067 E4177D80 		.ascii	"\344\027}\200]\331\264\002\216\343\324j\212\322\226"
 4024      5DD9B402 
 4024      8EE3D46A 
 4024      8AD296
 4025 0076 3DAFE018 		.ascii	"=\257\340\030\262U\241\266g\203r'\274\024p\343*\266"
 4025      B255A1B6 
 4025      67837227 
 4025      BC1470E3 
 4025      2AB6
 4026 0088 64D3BA1B 		.ascii	"d\323\272\033\257\325\020\232\025R\261Yi\276H;\330\263"
 4026      AFD5109A 
 4026      1552B159 
 4026      69BE483B 
 4026      D8B3
 4027 009a 347B65B0 		.ascii	"4{e\260_s\006\362\230\343\012\275\374\312\325M\330E"
 4027      5F7306F2 
 4027      98E30ABD 
 4027      FCCAD54D 
 4027      D845
ARM GAS  C:\Users\acest\AppData\Local\Temp\cctDK88S.s 			page 102


 4028 00ac 3942544B 		.ascii	"9BTK'\005+\370DI\330\236w\2347s#\216\243C\216\010\357"
 4028      27052BF8 
 4028      4449D89E 
 4028      779C3773 
 4028      238EA343 
 4029 00c3 21637018 		.ascii	"!cp\030\361.\002\2160\011\331C\225\"3\2152u\341V\377"
 4029      F12E028E 
 4029      3009D943 
 4029      9522338D 
 4029      3275E156 
 4030 00d8 D56086FD 		.ascii	"\325`\206\375*\336\367\246>\020.{\\\246^(\245\336\356"
 4030      2ADEF7A6 
 4030      3E102E7B 
 4030      5CA65E28 
 4030      A5DEEE
 4031 00eb B826537D 		.ascii	"\270&S}\370\320\233:*\\\366\213J\000\277\354\220\245"
 4031      F8D09B3A 
 4031      2A5CF68B 
 4031      4A00BFEC 
 4031      90A5
 4032 00fd 000A5C16 		.ascii	"\000\012\\\026E\237\333\004\264XH\0073-\001\321\321"
 4032      459FDB04 
 4032      B4584807 
 4032      332D01D1 
 4032      D1
 4033 010e 23C66219 		.ascii	"#\306b\031;\216\000\366\331\255\234\346\227\206\010"
 4033      3B8E00F6 
 4033      D9AD9CE6 
 4033      978608
 4034 011d E5258C2E 		.ascii	"\345%\214.\313M\026\236+\270\205\011'\274\340I)g~K\271"
 4034      CB4D169E 
 4034      2BB88509 
 4034      27BCE049 
 4034      29677E4B 
 4035 0132 C8607F47 		.ascii	"\310`\177G\271\310\204\267\301ItoLr\315\177\366\352"
 4035      B9C884B7 
 4035      C149746F 
 4035      4C72CD7F 
 4035      F6EA
 4036 0144 5DE59A92 		.ascii	"]\345\232\222z\227\377\346Zs/S%.\277\3707\037\207\010"
 4036      7A97FFE6 
 4036      5A732F53 
 4036      252EBFF8 
 4036      371F8708 
 4037 0158 A7110B28 		.ascii	"\247\021\013(43\331\377\344\202W.\337\022>\341\363c"
 4037      3433D9FF 
 4037      E482572E 
 4037      DF123EE1 
 4037      F363
 4038 016a A9941DC8 		.ascii	"\251\224\035\310\346\235\267\276\274\363{\245\323q~"
 4038      E69DB7BE 
 4038      BCF37BA5 
 4038      D3717E
 4039 0179 D62C752F 		.ascii	"\326,u/\352\353\021\371\027p{#<L9\362\373\305GC\276"
 4039      EAEB11F9 
 4039      17707B23 
 4039      3C4C39F2 
ARM GAS  C:\Users\acest\AppData\Local\Temp\cctDK88S.s 			page 103


 4039      FBC54743 
 4040 018e 6B5DA2A1 		.ascii	"k]\242\241\223\340\335\360\364<\240\223\007\310\220"
 4040      93E0DDF0 
 4040      F43CA093 
 4040      07C890
 4041 019d E21A6D6C 		.ascii	"\342\032ml|Cg\346\373+\024\373\346\325\317\314bp\215"
 4041      7C4367E6 
 4041      FB2B14FB 
 4041      E6D5CFCC 
 4041      62708D
 4042 01b0 E347108A 		.ascii	"\343G\020\212\330:z\203\372\310W\232!W\300u1\210\334"
 4042      D83A7A83 
 4042      FAC8579A 
 4042      2157C075 
 4042      3188DC
 4043 01c3 BAD6C78E 		.ascii	"\272\326\307\216g\010U\256\031\300\347\330#\307\257"
 4043      670855AE 
 4043      19C0E7D8 
 4043      23C7AF
 4044 01d2 886DDDE7 		.ascii	"\210m\335\347f\261\217\374\014\025\270\000\256\360\332"
 4044      66B18FFC 
 4044      0C15B800 
 4044      AEF0DA
 4045 01e1 20F816D2 		.ascii	" \370\026\322X\246\030\240\177p\274t9\030+\233X\346"
 4045      58A618A0 
 4045      7F70BC74 
 4045      39182B9B 
 4045      58E6
 4046 01f3 3EBF62FB 		.ascii	">\277b\373\227\302&\366\270T\356|g\210n~\230\331-\005"
 4046      97C226F6 
 4046      B854EE7C 
 4046      67886E7E 
 4046      98D92D05 
 4047 0207 2DF06CB4 		.ascii	"-\360l\264\243\222#\275\227\024\201\345\226\271\272"
 4047      A39223BD 
 4047      971481E5 
 4047      96B9BA
 4048 0216 96A37500 		.ascii	"\226\243u\000\277PgK)\216\015\350\370\024\031\247\276"
 4048      BF50674B 
 4048      298E0DE8 
 4048      F81419A7 
 4048      BE
 4049 0227 5FBD8945 		.ascii	"_\275\211El\375\224}\035\020\363(V'\241\033k\315\013"
 4049      6CFD947D 
 4049      1D10F328 
 4049      5627A11B 
 4049      6BCD0B
 4050 023a 73675D4D 		.ascii	"sg]M\370\210e\246\254p$jZvx\277i\235\260\023\311\360"
 4050      F88865A6 
 4050      AC70246A 
 4050      5A7678BF 
 4050      699DB013 
 4051 0250 21639F51 		.ascii	"!c\237Qg\034\010\247\330]\237L%\216\233Q\033j\015#\344"
 4051      671C08A7 
 4051      D85D9F4C 
 4051      258E9B51 
 4051      1B6A0D23 
ARM GAS  C:\Users\acest\AppData\Local\Temp\cctDK88S.s 			page 104


 4052 0265 7DEA8EC5 		.ascii	"}\352\216\305\033\342\207\355S\261x\"\024\025\347\204"
 4052      1BE287ED 
 4052      53B17822 
 4052      1415E784 
 4053 0275 B5ABBABA 		.ascii	"\265\253\272\272:\224\260\370i\2147\204\254T\224\003"
 4053      3A94B0F8 
 4053      698C3784 
 4053      AC549403 
 4054 0285 4723513B 		.ascii	"G#Q;\221:cD\201bfr\243\307aDb{\367TE\2421\2164&\225"
 4054      913A6344 
 4054      81626672 
 4054      A3C76144 
 4054      627BF754 
 4055 02a0 A6A49A4C 		.ascii	"\246\244\232L\231\2475\263\321l2O\332\177\000\310\""
 4055      99A735B3 
 4055      D16C324F 
 4055      DA7F00C8 
 4055      22
 4056 02b1 47FC     		.ascii	"G\374"
 4057              		.text
 4058              		.section	.gnu.lto_dyn_find_object.344.b3bfdb17,"e",%progbits
 4059 0000 789C6D51 		.ascii	"x\234mQ\317kSA\020\236\331\331$\015\226V\020/\236\202"
 4059      CF6B5341 
 4059      109ED9D9 
 4059      240D9656 
 4059      102F9E82 
 4060 0014 2052282F 		.ascii	" R(/\215\"\212x\250D/\036\025o\001I_\236\030\255&\344"
 4060      8D228A78 
 4060      A8442F1E 
 4060      156F0149 
 4060      5F9E18AD 
 4061 002a 25074FDD 		.ascii	"%\007O\335\374P!E\322DARb-1H=\011\266\305V[\032\310"
 4061      FC502145 
 4061      D2444152 
 4061      622D3148 
 4061      3D09B6C5 
 4062 0042 C18385AA 		.ascii	"\301\203\205\252\177\200B\300J[(AP<\010u\366Ec\002\302"
 4062      7F8042C0 
 4062      4A5B2841 
 4062      503C0875 
 4062      F6456302 
 4063 0057 BC9D9D79 		.ascii	"\274\235\235y\337\367\315\217\035\022\000%\000\270\300"
 4063      DFF7CD8F 
 4063      1D120025 
 4063      00B8C0
 4064 0066 1FBA004B 		.ascii	"\037\272\000K\305\274\000\245\324\250G\210lqR\340*N"
 4064      C5BC00A5 
 4064      D4A84788 
 4064      6C7152E0 
 4064      2A4E
 4065 0078 CF6F0ECB 		.ascii	"\317o\016\313\\q`s\275|@\022>\354 $\246\213\371\275"
 4065      5C716073 
 4065      BD7C4012 
 4065      3EEC2024 
 4065      A68BF9BD 
 4066 008c D505C920 		.ascii	"\325\005\311 '\2010!H\342\004>\240\012a\211j\004(\377"
 4066      27813021 
ARM GAS  C:\Users\acest\AppData\Local\Temp\cctDK88S.s 			page 105


 4066      48E2043E 
 4066      A00A6189 
 4066      6A0428FF 
 4067 00a0 DC107D43 		.ascii	"\334\020}Cu\245~~y\364\356\353\276\312\\]\326H\300\014"
 4067      75A57E7E 
 4067      79F4EEEB 
 4067      BECA5C5D 
 4067      D648C00C 
 4068 00b4 03161117 		.ascii	"\003\026\021\027\220\253\003\003)\016G\031\364~gI)/"
 4068      90AB0303 
 4068      290E4719 
 4068      F47E6749 
 4068      292F
 4069 00c6 D488F015 		.ascii	"\324\210\360\025va8\221\372\344\323\270Il\003\357g\357"
 4069      76613891 
 4069      FAE4D3B8 
 4069      496C03EF 
 4069      67EF
 4070 00d8 A9FD2C25 		.ascii	"\251\375,%q\271\027(S\333\276\266d\001\265;\302\350"
 4070      71B91728 
 4070      53DBBEB6 
 4070      6401B53B 
 4070      C2E8
 4071 00ea D6FADBFC 		.ascii	"\326\372\333\374\300T\272\217+\343\033\354\251\235\372"
 4071      C054BA8F 
 4071      2BE31BEC 
 4071      A99DFA
 4072 00f9 E17303AE 		.ascii	"\341s\003\256\240\356Ho\202\215\243\027\037]u\365k\257"
 4072      A0EE486F 
 4072      828DA317 
 4072      1F5D75F5 
 4072      6BAF
 4073 010b A0D4E733 		.ascii	"\240\324\3473\323\215\247O\320\313c,\241d}\227K\037"
 4073      D38DA74F 
 4073      D0CB632C 
 4073      A1647D97 
 4073      4B1F
 4074 011d 6EC4D7E8 		.ascii	"n\304\327\350q\210P \275\025%Q\325\001\246H\264\203"
 4074      71885020 
 4074      BD152551 
 4074      D501A648 
 4074      B483
 4075 012f 3407DBA8 		.ascii	"4\007\333\250\232\345\015t|eP\273\303\235\243\371r\020"
 4075      9AE50D74 
 4075      7C6550BB 
 4075      C39DA3F9 
 4075      7210
 4076 0141 5A7867F6 		.ascii	"Zxg\366x\225<9\0245r\317\020\213U\211\252\344\256\221"
 4076      78953C39 
 4076      143572CF 
 4076      108B5589 
 4076      AAE4AE91 
 4077 0155 8731191F 		.ascii	"\2071\031\037\353W\235\253j.\262\316\026\346\266\032"
 4077      EB579DAB 
 4077      6A2EB2CE 
 4077      16E6B61A 
 4078 0165 8738A3F7 		.ascii	"\2078\243\367*\234\376uE\372P\236\337\024\235\212\313"
ARM GAS  C:\Users\acest\AppData\Local\Temp\cctDK88S.s 			page 106


 4078      2A9CFE75 
 4078      45FA509E 
 4078      DF149D8A 
 4078      CB
 4079 0176 1B027631 		.ascii	"\033\002v1\263\362\274\277J\372\021\236\3517\342\331"
 4079      B3F2BCBF 
 4079      4AFA119E 
 4079      E937E2D9 
 4080 0186 FB98886B 		.ascii	"\373\230\210k\010#\355\320\213u|\354\014\275\213\331"
 4080      0823EDD0 
 4080      8B757CEC 
 4080      0CBD8BD9 
 4081 0196 CADDEF5C 		.ascii	"\312\335\357\\\311\305\004-\355E\324\012\255<\376\245"
 4081      C9C5042D 
 4081      ED45D40A 
 4081      AD3CFEA5 
 4082 01a6 CFF5FF87 		.ascii	"\317\365\377\207\337h\363\231\347\264!{\007_\343\206"
 4082      DF68F399 
 4082      E7B4217B 
 4082      075FE386 
 4083 01b6 BF6166F6 		.ascii	"\277af\366\204\236\000\364\232\360\337\232\000\206\203"
 4083      849E00F4 
 4083      9AF0DF9A 
 4083      008683
 4084 01c5 A743976D 		.ascii	"\247C\227m+a\207\302\246e'C\347,\373F2\026\017]4\316"
 4084      2B6187C2 
 4084      A6652743 
 4084      E72CFB46 
 4084      32160F5D 
 4085 01db 1A41E37C 		.ascii	"\032A\343|(\301\351+\361D\354\272e&a\3240\374\335\026"
 4085      28C1E92B 
 4085      F144ECBA 
 4085      652661D4 
 4085      30FCDD16 
 4086 01ef BC161D8B 		.ascii	"\274\026\035\213^J\246\"\321\230\337\324\367\230},\020"
 4086      5E4AA622 
 4086      D198DFD4 
 4086      F7987D2C 
 4086      10
 4087 0200 08F86336 		.ascii	"\010\370c6\333xt\314o'L\376q5l&c\211\333\206\011\362"
 4087      DB7874CC 
 4087      6F274CFE 
 4087      71356C26 
 4087      6389DB86 
 4088 0216 56F8A675 		.ascii	"V\370\246u\260+c\204#\247N\216\204\315\010Pd<N\021+"
 4088      B02B6384 
 4088      23A74E8E 
 4088      84CD0850 
 4088      643C4E11 
 4089 022b FE1BDE93 		.ascii	"\376\033\336\223\351W"
 4089      E957
 4090              		.text
 4091              		.section	.gnu.lto___factory_init.345.b3bfdb17,"e",%progbits
 4092 0000 789C9597 		.ascii	"x\234\225\227\375O[U\030\307\317sN\201\262\027\234S"
 4092      FD4F5B55 
 4092      18C7CF73 
 4092      4E81B217 
ARM GAS  C:\Users\acest\AppData\Local\Temp\cctDK88S.s 			page 107


 4092      9C53
 4093 0012 63A24649 		.ascii	"c\242FI\234o\211)\3034Q\027\223\315\240\377\300\214"
 4093      9C6F8929 
 4093      C3345117 
 4093      93CDA0FF 
 4093      C08C
 4094 0024 BF3531AC 		.ascii	"\27751\254\255Y\025lm;\023\375e\327\016$2\225\267m\270"
 4094      AD59156C 
 4094      6D3B13FD 
 4094      65D70E24 
 4094      3295B76D 
 4095 0039 85115FEA 		.ascii	"\205\021_\352D\215[\324\2611`P\006\243\010\243\274\215"
 4095      448D5BD4 
 4095      B1316050 
 4095      06A308A3 
 4095      BC8D
 4096 004b 3757C39C 		.ascii	"7W\303\234\316\260E\027D\315\252\214\341s\3569\265\367"
 4096      CEB04517 
 4096      44CDAA8C 
 4096      E173EE39 
 4096      B5F7
 4097 005d EC729741 		.ascii	"\354r\227A\332\364\236{\037>\347\373\375\336\347\271"
 4097      DAF49E7B 
 4097      1F3EE7FB 
 4097      FDDEE7B9 
 4098 006d 943D6B08 		.ascii	"\224=k\0109K\010y\020\337\300\010\324\326TR\242i\332"
 4098      394B0879 
 4098      10DFC008 
 4098      D4D65452 
 4098      A269DA
 4099 0080 961C0A6F 		.ascii	"\226\034\012o\327T\346B3\350+ ;)\354\204:\366\030.S"
 4099      D754E642 
 4099      33E82B20 
 4099      3B29EC84 
 4099      3AF6182E 
 4100 0095 17EB17E2 		.ascii	"\027\353\027\342\2405\305 \312\010i\304\267\374\311"
 4100      A035C520 
 4100      CA0869C4 
 4100      B7FCC9
 4101 00a4 962B7B03 		.ascii	"\226+{\003\003\375\030\340\030\020\\\324\262(\036\333"
 4101      03FD18E0 
 4101      18105CD4 
 4101      B2281EDB 
 4102 00b4 E411857C 		.ascii	"\344\021\205|<b\001~\345\221\230\246\315\365w\327\347"
 4102      3C62017E 
 4102      E59198A6 
 4102      CDF577D7 
 4102      E7
 4103 00c5 55238CC1 		.ascii	"U#\214\301\011\340\277\324\002p\034\010\264\362S\341"
 4103      09E0BFD4 
 4103      02701C08 
 4103      B4F253E1 
 4104 00d5 910D58F6 		.ascii	"\221\015X\366\020/[\210\277\336\247\331\322e$S\206["
 4104      102F5B88 
 4104      BFDEA7D9 
 4104      D2652453 
 4104      865B
ARM GAS  C:\Users\acest\AppData\Local\Temp\cctDK88S.s 			page 108


 4105 00e7 F21D515A 		.ascii	"\362\035QZK\257\023\332\360\\3\347p=\320\236\326\240"
 4105      4BAF13DA 
 4105      F05C33E7 
 4105      703DD09E 
 4105      D6A0
 4106 00f9 0BA2D0A1 		.ascii	"\013\242\320\241/X%\244wO\265V.\226\337\333\240\305"
 4106      2F5825A4 
 4106      774FB556 
 4106      2E96DFDB 
 4106      A0C5
 4107 010b 906C834E 		.ascii	"\220l\203N\340E\222\314\015\332\302\345\017K\001\251"
 4107      E04592CC 
 4107      0DDAC2E5 
 4107      0F4B01A9 
 4108 011b 8EE9CEF7 		.ascii	"\216\351\316\367r4]\203\250$\231J\241\201\305\215\334"
 4108      72345D83 
 4108      A824994A 
 4108      A181C58D 
 4108      DC
 4109 012c EBE5770B 		.ascii	"\353\345w\013n\026\2342r\273\221\233\025\256^\216+*"
 4109      6E169C32 
 4109      72BB919B 
 4109      15AE5E8E 
 4109      2B2A
 4110 013e 49A65272 		.ascii	"I\246Rr\317\030\271K\247\357\021\334l8m\344\366\"7;"
 4110      CF18B94B 
 4110      A7EF11DC 
 4110      6C386DE4 
 4110      F622373B 
 4111 0152 DCB01C57 		.ascii	"\334\260\034WT\222Le&\263\024f\026\007\350\001\350\222"
 4111      54924C65 
 4111      26B31466 
 4111      1607E801 
 4111      E892
 4112 0164 C9513DB9 		.ascii	"\311Q=\271>\220a\335r\370\203N\350W\302\037H\207\177"
 4112      3E9061DD 
 4112      72F8834E 
 4112      E857C21F 
 4112      48877F
 4113 0177 AB8854C2 		.ascii	"\253\210T\302\011\203\012\"\261,\302\"~^S\215\321\224"
 4113      09830A22 
 4113      B12CC222 
 4113      7E5E538D 
 4113      D194
 4114 0189 E513CB28 		.ascii	"\345\023\313(\225\232\233\304\3222\344\204Q\200\021"
 4114      959A9BC4 
 4114      D232E484 
 4114      518011
 4115 0198 80612596 		.ascii	"\200a%\226\261\225\306\222\032w\302\270\342ib\245\261"
 4115      B195C692 
 4115      1A77C2B8 
 4115      E26962A5 
 4115      B1
 4116 01a9 B44C3A61 		.ascii	"\264L:aJAL\2578\331\244\023\316)\210\244\216\340%GF"
 4116      4A414CAF 
 4116      38D9A413 
 4116      CE2988A4 
ARM GAS  C:\Users\acest\AppData\Local\Temp\cctDK88S.s 			page 109


 4116      8EE02547 
 4117 01be B362DAB5 		.ascii	"\263b\332\265\245*M\233\331\334v\355\360\252\325\204"
 4117      A52A4D9B 
 4117      D9DC76ED 
 4117      F0AAD584 
 4118 01ce 5431FE18 		.ascii	"T1\376\030\320l\240\305\010\251fT,v\341\3422h\027\026"
 4118      D06CA0C5 
 4118      08A96654 
 4118      2C76E1E2 
 4118      32681716 
 4119 01e2 8780CC01 		.ascii	"\207\200\314\001&X\0064\312r\032\031#\3511\267\353\252"
 4119      26580634 
 4119      CA721A19 
 4119      23E931B7 
 4119      EBAA
 4120 01f4 F4F3F626 		.ascii	"\364\363\366&q\372\020`\322\271p\036`F\277\270\021Y"
 4120      71FA1060 
 4120      D2B9701E 
 4120      6046BFB8 
 4120      1159
 4121 0206 4D0F44D9 		.ascii	"M\017D\331*\370\011\016\362\347E\031D4m\026\233w5\\"
 4121      2AF8090E 
 4121      F2E74519 
 4121      44346D16 
 4121      9B77355C 
 4122 021a 00541865 		.ascii	"\000T\030ek\364m>\\\217\037\221|\234h\013\344/\012\362"
 4122      6BF46D3E 
 4122      5C8F1F91 
 4122      7C9C680B 
 4122      E42F0AF2 
 4123 022e FE285B0B 		.ascii	"\376([\013\027\021\011\006$\203_9\222\363~\336[\261"
 4123      17110906 
 4123      24835F39 
 4123      92F37EDE 
 4123      5BB1
 4124 0240 0FF081A0 		.ascii	"\017\360\201\240\263\367\307s\341$\220+\0209p)Ojg\260"
 4124      B3F7C773 
 4124      E124902B 
 4124      10397029 
 4124      4F6A67B0 
 4125 0254 2EBD1133 		.ascii	".\275\0213n\264\026.\001\314\002\321w\301\272<\270\214"
 4125      6EB4162E 
 4125      01CC02D1 
 4125      77C1BA3C 
 4125      B88C
 4126 0266 BB50FE70 		.ascii	"\273P\376p\261\020\366\233QXKoO\016\207\374n\222vEJ"
 4126      B110F69B 
 4126      51584B6F 
 4126      4F0E87FC 
 4126      6E927645 
 4127 027b 8B7C44F1 		.ascii	"\213|D\361\200?\271tm\007\244\357.+\374\234\021?\213"
 4127      803FB974 
 4127      6D07A4EF 
 4127      2E2BFC9C 
 4127      113F8B
 4128 028e 51DE067F 		.ascii	"Q\336\006\177 \234\031\3406\230O\303\363q\266\271\275"
 4128      209C19E0 
ARM GAS  C:\Users\acest\AppData\Local\Temp\cctDK88S.s 			page 110


 4128      36984FC3 
 4128      F371B6B9 
 4128      BD
 4129 029f 7570A758 		.ascii	"up\247X\306A/\263G\331\355\215X(\322\371\363\357=\377"
 4129      C6412FB3 
 4129      47D9ED8D 
 4129      5828D2F9 
 4129      F3EF3DFF 
 4130 02b3 EEC67CFA 		.ascii	"\356\306|\372D>u\211\\\370\236\337\345\012y\227\327"
 4130      443E7589 
 4130      5CF89EDF 
 4130      E50A7997 
 4130      D7
 4131 02c4 37E244F5 		.ascii	"7\342D\365Y\336\335\253FI\3553G\243\233\271\252\224"
 4131      59DEDDAB 
 4131      4649ED33 
 4131      47A39BB9 
 4131      AA94
 4132 02d6 49D53F5C 		.ascii	"I\325?\\\025\374%\005\331n\020\022ewd\342\350\322\343"
 4132      15FC2505 
 4132      D96E1012 
 4132      657764E2 
 4132      E8D2E3
 4133 02e9 D0E593B4 		.ascii	"\320\345\223\264p\021\320Q\031P\277U@\213\346\306\270"
 4133      7011D051 
 4133      1950BF55 
 4133      408BE6C6 
 4133      B8
 4134 02fa 8E526C4A 		.ascii	"\216RlJ\372Kjc\014d\032\343\214\25116X4F\004\377NRC"
 4134      FA4B6A63 
 4134      0C641AE3 
 4134      8CA93136 
 4134      58344604 
 4135 0312 63ECA27A 		.ascii	"c\354\242zc\014X\011+\247\306\306\030\024\215\361\016"
 4135      630C5809 
 4135      2BA7C6C6 
 4135      18148DF1 
 4135      0E
 4136 0323 BD515A05 		.ascii	"\275QZ\005U\032\243_\372n\225\276\007\255\360\357R\223"
 4136      551AA35F 
 4136      FA6E95BE 
 4136      07ADF0EF 
 4136      5293
 4137 0335 EF4A8467 		.ascii	"\357J\204g)\360\335T\361\235\310\370\0362\371~\324\302"
 4137      29F0DD54 
 4137      F19DC8F8 
 4137      1E32F97E 
 4137      D4C2
 4138 0347 F70714DE 		.ascii	"\367\007\024\3367\372\256\022\276\023V\302j\214\302"
 4138      37FAAE12 
 4138      BE1356C2 
 4138      6A8CC2
 4139 0356 5209E1BB 		.ascii	"R\011\341\273\326$\255N\365=(}\267K\337\303V\370\275"
 4139      D624AD4E 
 4139      F53D287D 
 4139      B74BDFC3 
 4139      56F8BD
ARM GAS  C:\Users\acest\AppData\Local\Temp\cctDK88S.s 			page 111


 4140 0369 D43410FB 		.ascii	"\3244\020\373\020\236\255\264^=\375\177 Fd\377\335'"
 4140      109EADB4 
 4140      5E3DFD7F 
 4140      204664FF 
 4140      DD27
 4141 037b 96A3371B 		.ascii	"\226\2437\033\210\261\314@\2345\015\304\230\345@4Pe"
 4141      88B1CC40 
 4141      9C350DC4 
 4141      98E54034 
 4141      5065
 4142 038d 20526220 		.ascii	" Rb \016\232T5\352N\367SX\270Q\2042\014\303\351\031"
 4142      0E9A5435 
 4142      EA4EF753 
 4142      58B85184 
 4142      320CC3E9 
 4143 03a2 18491F8C 		.ascii	"\030I\037\214\312p&d8\343V\341|ln\212OPF\216\222\374"
 4143      CA702664 
 4143      38E356E1 
 4143      7C6C6E8A 
 4143      4F50468E 
 4144 03b8 A76A534C 		.ascii	"\247jSLd\232b\322\324\024\317X4\305!\012\237\031\233"
 4144      649A62D2 
 4144      D414CF58 
 4144      34C5210A 
 4144      9F199B
 4145 03cb E273D114 		.ascii	"\342s\321\024\023V\302\276P\232b\\4\305\227&i_\251M"
 4145      1356C2BE 
 4145      509A625C 
 4145      34C59726 
 4145      695FA94D 
 4146 03df 312E7D27 		.ascii	"1.}'\245\357)+\374\327f\337\207\021nW\340GT\337\323"
 4146      A5EF292B 
 4146      FCD766DF 
 4146      87116E57 
 4146      E04754DF 
 4147 03f4 19DF3F98 		.ascii	"\031\337?\230|\307\210\205\361o)|c4\376\2350>m\245\254"
 4147      7CC78885 
 4147      F16F297C 
 4147      6334FE9D 
 4147      303E6DA5 
 4148 0409 59790A4C 		.ascii	"Yy\012L\012\343\307L\332\216\253\306\247\244\361yi\374"
 4148      0AE3C74C 
 4148      DA8EABC6 
 4148      A7A4F179 
 4148      69FC
 4149 041b 9C15FE84 		.ascii	"\234\025\376\204\331x+\302s\025x\233j<\2311\376\243"
 4149      D9782BC2 
 4149      7315789B 
 4149      6A3C9931 
 4149      FEA3
 4150 042d C9788F95 		.ascii	"\311x\217\225\361\016\012'\215\306;\205\361\244\225"
 4150      F10E0A27 
 4150      8DC63B85 
 4150      F1A495
 4151 043c B22EE58E 		.ascii	"\262.\345\216'\205\361S&m\335\252q\374\336B\346!r\376"
 4151      2785F153 
 4151      266DDDAA 
ARM GAS  C:\Users\acest\AppData\Local\Temp\cctDK88S.s 			page 112


 4151      71FCDE42 
 4151      E62172FE 
 4152 0450 EA56FDDF 		.ascii	"\352V\375\337\214*\006\342\353H$\306\227\217\027mr\275"
 4152      8C2A06E2 
 4152      EB4824C6 
 4152      978F176D 
 4152      72BD
 4153 0462 18F20643 		.ascii	"\030\362\006C\256b\2677\024v=\347\015\275\032\366\007"
 4153      AE62B737 
 4153      14763DE7 
 4153      0DBD1AF6 
 4153      07
 4154 0473 5C5B1DCF 		.ascii	"\\[\035\317:\212\034\317\273\202x\372\245@\320\377\212"
 4154      3A8A1CCF 
 4154      BB8278FA 
 4154      A540D0FF 
 4154      8A
 4155 0484 D71D265B 		.ascii	"\327\035&[\034\216\002\343\253h\273o\233\357\205\360"
 4155      1C8E02E3 
 4155      AB68BB6F 
 4155      9BEF85F0 
 4156 0494 0E8FCF5F 		.ascii	"\016\217\317_\340\346\307\376\320\023\205\205\205\005"
 4156      E0E6C7FE 
 4156      D0138585 
 4156      8505
 4157 04a2 FE10BE4A 		.ascii	"\376\020\276J|\333\012BA7^x\271\330\035\366\007\337"
 4157      7CDB0A42 
 4157      41375E78 
 4157      B9D81DF6 
 4157      07DF
 4158 04b4 74B809F3 		.ascii	"t\270\011\363\224\004\3562\234p\024{\236zrc\261\333"
 4158      9404EE32 
 4158      9C70147B 
 4158      9E7A7263 
 4158      B1DB
 4159 04c6 436869E0 		.ascii	"Chi\340i\367&\227N\011\351D\227\201\350\362\207\\:\321"
 4159      69F72697 
 4159      4E09E944 
 4159      9781E8F2 
 4159      875C3AD1 
 4160 04da E57BCD5D 		.ascii	"\345{\315]\262\303\343\305\213\245\336\322\200\337_"
 4160      B2C3E3C5 
 4160      8BA5DED2 
 4160      80DF5F
 4161 04e9 12726C27 		.ascii	"\022rl'\266\220\357-\257\035U\276\341\363x\203\377\001"
 4161      B690EF2D 
 4161      AF1D55BE 
 4161      E1F37883 
 4161      FF01
 4162 04fb 781BE11C 		.ascii	"x\033\341\034"
 4163              		.text
 4164              		.section	.gnu.lto_chFactoryRegisterObject.346.b3bfdb17,"e",%progbits
 4165 0000 789C7552 		.ascii	"x\234uRKhSA\024\275\347\3154\351\317\324R\334\270\312"
 4165      4B685341 
 4165      14BDE7CD 
 4165      34E9CFD4 
 4165      52DCB8CA 
ARM GAS  C:\Users\acest\AppData\Local\Temp\cctDK88S.s 			page 113


 4166 0014 4644282F 		.ascii	"FD(/\215 \212\253Ju#\270Q\334\005$M#\246~^\310g\341"
 4166      8D208AAB 
 4166      4A7523B8 
 4166      51DC0524 
 4166      4D23A67E 
 4167 002c AAAF3108 		.ascii	"\252\2571\010m\301&\255 \2555\224\362\220\202\013\027"
 4167      6DC126AD 
 4167      20AD3594 
 4167      F290820B 
 4167      17
 4168 003d AD18B5A5 		.ascii	"\255\030\265\245QQ\251\337~\334\371\003\301J\\h\021"
 4168      5151A9DF 
 4168      7EDCF903 
 4168      C14A5C68 
 4168      11
 4169 004e 2AA5087A 		.ascii	"*\245\010zgRj\242\026\34613w\316;\347\314\271\323(\210"
 4169      67526AA2 
 4169      16E63133 
 4169      77CE3BE7 
 4169      CCB9D328 
 4170 0063 0689E830 		.ascii	"\006\211\3500\177\250\"\014d{\015\262m\273\325m\030"
 4170      7FA8220C 
 4170      647B0DB2 
 4170      6DBBD56D 
 4170      18
 4171 0074 17B27D06 		.ascii	"\027\262}\006\2461<\261\324,\323Y\317\322\363\241&)"
 4171      A6313CB1 
 4171      D42CD359 
 4171      CFD2F3A1 
 4171      2629
 4172 0086 70790321 		.ascii	"py\003!\321\235\355\375\374jR2H\027@]\206\220\350\302"
 4172      D19DEDFD 
 4172      FC6A5232 
 4172      4817405D 
 4172      8690E8C2 
 4173 009a A0181118 		.ascii	"\240\030\021\030\020\216 \310\365\025\340\335U\260\355"
 4173      108E20C8 
 4173      F515E0DD 
 4173      55B0ED
 4174 00a9 D54F57DE 		.ascii	"\325OW\336\316\326\215\214\027\244#\014\3121\340\026"
 4174      CED68D8C 
 4174      17A4230C 
 4174      CA31E016 
 4175 00b9 30095627 		.ascii	"0\011V'\006\212(\355d\320\334Z\336\266k\310\021\002"
 4175      068A28ED 
 4175      64D0DC5A 
 4175      DEB66BC8 
 4175      1102
 4176 00cb B75186E1 		.ascii	"\267Q\206\341B2\347U\270>h\340\362\273\236\253\236\014"
 4176      4232E755 
 4176      B83E68E0 
 4176      F2BB9EAB 
 4176      9E0C
 4177 00dd 1C16BD53 		.ascii	"\034\026\275S\011\224\311\033\336\022e\006j\332\241"
 4177      0994C91B 
 4177      DE126506 
 4177      6ADAA1
ARM GAS  C:\Users\acest\AppData\Local\Temp\cctDK88S.s 			page 114


 4178 00ec D0EF7B2E 		.ascii	"\320\357{.y2\335\325\254\214{\250\320N\346\275.\302"
 4178      7932DDD5 
 4178      AC8C7BA8 
 4178      D04EE6BD 
 4178      2EC2
 4179 00fe 14942395 		.ascii	"\024\224#\225\004\017\336\335\\\250*\330?\177\365\333"
 4179      040FDEDD 
 4179      5CA82AD8 
 4179      3F7FF5DB 
 4180 010e F6B7236B 		.ascii	"\366\267#kS3\265\265\022\310C\003\335\300]F\365\013"
 4180      5333B5B5 
 4180      12C84303 
 4180      DDC05D46 
 4180      F50B
 4181 0120 15852D61 		.ascii	"\025\205-a\027\2102\302(m\272y\363\005\366\307\351E"
 4181      178832C2 
 4181      286DBA79 
 4181      F305F6C7 
 4181      E945
 4182 0132 E879AE89 		.ascii	"\350y\256\211\226\221\366R\032\206#\252r\002\332\231"
 4182      9691F652 
 4182      1A8623AA 
 4182      7202DA99 
 4183 0142 4AC5A5CD 		.ascii	"J\305\245\315\351\272k\\\350\362u\260}7\012\300\214"
 4183      E9BA6B5C 
 4183      E8F275B0 
 4183      7D370AC0 
 4183      8C
 4184 0153 3E6C614A 		.ascii	">laJ\266\\\215\373\270\246\314\245\221\322\205\032<"
 4184      B65C8DFB 
 4184      B8A6CCA5 
 4184      91D2851A 
 4184      3C
 4185 0164 0007EF88 		.ascii	"\000\007\357\210Z\255\361Zi\\\034\315bL\2704_]\216\003"
 4185      5AADF15A 
 4185      695C1CCD 
 4185      624CB834 
 4185      5F5D8E03 
 4186 0178 A6312137 		.ascii	"\2461!7\021xT.\260\272\342\370\035Q\217\307\254\201"
 4186      1178542E 
 4186      B0BAE2F8 
 4186      1D518FC7 
 4186      AC81
 4187 018a 758DFC4A 		.ascii	"u\215\374J\272\306\021[\360D\311lB2[N\222\377\241H<"
 4187      BAC6115B 
 4187      F044C96C 
 4187      42325B4E 
 4187      92FFA148 
 4188 019f 78CA2446 		.ascii	"x\312$F\005I\003\236\225\274ne\257)/\347\307.\265\355"
 4188      0549039E 
 4188      95BC6E65 
 4188      AF292FE7 
 4188      C72EB5ED 
 4189 01b3 371C5111 		.ascii	"7\034Q\021\351\342\303\355\\Q\211\030\272\037*L1?4\261"
 4189      E9E2C3ED 
 4189      5C518918 
 4189      BA1F2A4C 
ARM GAS  C:\Users\acest\AppData\Local\Temp\cctDK88S.s 			page 115


 4189      313F34B1 
 4190 01c7 646C84F9 		.ascii	"dl\204\371a\321\240\257H\015\027\033\264<\353\215\327"
 4190      61D1A0AF 
 4190      480D171B 
 4190      B43CEB8D 
 4190      D7
 4191 01d8 3BA2917F 		.ascii	";\242\221\177\303\013\320zJ\022/Y\\\250{\2735\211\254"
 4191      C30BD07A 
 4191      4A122F59 
 4191      5CA87BBB 
 4191      3589AC
 4192 01eb ECC80ACB 		.ascii	"\354\310\012\313U\264\242t\233\377]m\376\237\006,\374"
 4192      55B4A274 
 4192      9BFF5D6D 
 4192      FE9F062C 
 4192      FC
 4193 01fc DD80C5F2 		.ascii	"\335\200\305\362\006\2546\321w\244F\367\250\233\221"
 4193      06AC36D1 
 4193      77A446F7 
 4193      A89B91
 4194 020b 7A19F8F3 		.ascii	"z\031\370\3632\210\232\333\366\007\216\307\303\261x"
 4194      32889ADB 
 4194      F6078EC7 
 4194      C3B178
 4195 021a 20180AC7 		.ascii	" \030\012\307\023\201\203\341\370\351\204\025\015\034"
 4195      138183E1 
 4195      F8E98415 
 4195      0D1C
 4196 0228 350F986D 		.ascii	"5\017\230m\346\241@\214\313'\2421\2533\034JP\253i\372"
 4196      E6A1408C 
 4196      CB27A231 
 4196      AB331C4A 
 4196      50AB69FA 
 4197 023c CA47DBA9 		.ascii	"\312G\333\251H{\344X\"\331\021\261|!\265\266\342\273"
 4197      487BE458 
 4197      22D911B1 
 4197      7C21B5B6 
 4197      E2BB
 4198 024e FD7EBFCF 		.ascii	"\375~\277\317\212\3638\023i\367\305c!>8\031\014%\254"
 4198      8AF33813 
 4198      69F7C563 
 4198      213E3819 
 4198      0C25AC
 4199 0261 D8793344 		.ascii	"\330y3D\362\\\360lx[Y\305\014v\354\333\333\022\014u"
 4199      F25CF06C 
 4199      785B59C5 
 4199      0C76ECDB 
 4199      DB120C75 
 4200 0275 90B4DA3B 		.ascii	"\220\264\332;\243\"fE\177\003-t%\275"
 4200      A3226645 
 4200      7F032D74 
 4200      25BD
 4201              		.text
 4202              		.section	.gnu.lto_chFactoryFindObject.347.b3bfdb17,"e",%progbits
 4203 0000 789C7550 		.ascii	"x\234uP\313k\023A\034\376};\273M\037\352\315^\233\203"
 4203      CB6B1341 
 4203      1CFE7D3B 
ARM GAS  C:\Users\acest\AppData\Local\Temp\cctDK88S.s 			page 116


 4203      BB4D1FEA 
 4203      CD5E9B83 
 4204 0014 0F84B269 		.ascii	"\017\204\262i\004Q<U\242\377\200\342AX\220\355f\305"
 4204      04513C55 
 4204      A2FF80E2 
 4204      415890ED 
 4204      66C5
 4205 0026 F8DAB0BB 		.ascii	"\370\332\260\2739x\352$\304K\013mS\017^\322P\312\"\271"
 4205      3978EA24 
 4205      C44B0B6D 
 4205      530F5ED2 
 4205      50CA22B9 
 4206 003a 79A9582D 		.ascii	"y\251X-\326\200\025|\\\244\007\205\342I\020EAKO\036"
 4206      D680157C 
 4206      5CA40785 
 4206      E2491045 
 4206      414B4F1E 
 4207 004e 0AF53793 		.ascii	"\012\3657\223\202[ma\206\231\371\346\343{\374\206\015"
 4207      825B6D61 
 4207      8699F9E6 
 4207      E37BFC86 
 4207      0D
 4208 005f A229223A 		.ascii	"\242)\":\306\033\2020\333\2300HJ9\2321PmL\374Z_4\261"
 4208      C61B8230 
 4208      DB983048 
 4208      4A399A31 
 4208      506D4CFC 
 4209 0077 0C0D80C6 		.ascii	"\014\015\200\306\015\214\343\276h\012\314\212\204\311"
 4209      0D8CE3BE 
 4209      680ACC8A 
 4209      84C9
 4210 0085 E6CE0DC8 		.ascii	"\346\316\015\310\236\350H\371\373\313\203\346\273\201"
 4210      9EE848F9 
 4210      FBCB83E6 
 4210      BB81
 4211 0093 66BB6326 		.ascii	"f\273c&\302\240\026\023\036\003\213`eb\242(\323q&\275"
 4211      C2A01613 
 4211      1E038B60 
 4211      6562A228 
 4211      D37126BD 
 4212 00a7 FFB92465 		.ascii	"\377\271$e\037%B\340\011R\034\006*\233C]\346$\324q\224"
 4212      1F2542E0 
 4212      09521C06 
 4212      2A9B435D 
 4212      E624D471 
 4213 00bc D91B7393 		.ascii	"\331\033s\223S\207f\252\275,\210\247\330%Y\331\036\352"
 4213      538766AA 
 4213      BD2C88A7 
 4213      D82559D9 
 4213      1EEA
 4214 00ce 213C8332 		.ascii	"!<\2032R\341y\361\353\321\232\325\221[\333\323R~\275"
 4214      52E179F1 
 4214      EBD19AD5 
 4214      915BDBD3 
 4214      527EBD
 4215 00e1 B2F5E947 		.ascii	"\262\365\351G\177\206\303-\301\322D\232\026\252\232"
 4215      7F86C32D 
ARM GAS  C:\Users\acest\AppData\Local\Temp\cctDK88S.s 			page 117


 4215      C1D2449A 
 4215      16AA9A
 4216 00f0 34213B44 		.ascii	"4!;D3\302\350>\252\374\370\016\371y\371\003\364\271"
 4216      33C2E83E 
 4216      AAFCF80E 
 4216      F979F903 
 4216      F4B9
 4217 0102 32481BA8 		.ascii	"2H\033\250g\251\016#\021fK@\207R=-\235K\343V[h\370!"
 4217      67A90E23 
 4217      11664B40 
 4217      87523D2D 
 4217      9D4BE356 
 4218 011a 38790F56 		.ascii	"8y\017V\200\347\372s\204%9m\006/0\247r\325Q\323@/:\340"
 4218      80E7FA73 
 4218      8425396D 
 4218      062F30A7 
 4218      72D551D3 
 4219 0132 4126A24F 		.ascii	"A&\242O{\254)\217{\363\015,\010K\353\365\267xd\264 "
 4219      7BAC298F 
 4219      7BF30D2C 
 4219      084BEBF5 
 4219      B77864B4 
 4220 0147 C43E062F 		.ascii	"\304>\006/\323\006\337VYh\000\253l\201\035\213\366\221"
 4220      D306DF56 
 4220      596800AB 
 4220      6C811D8B 
 4220      F691
 4221 0159 441CC0AB 		.ascii	"D\034\300\253\256\307A\366\250e\2712\253k\273\217\\"
 4221      AEC741F6 
 4221      A865B932 
 4221      AB6BBB8F 
 4221      5C
 4222 016a 6D57A7AE 		.ascii	"mW\247\256\366^F\257\377k\362\346\337&o\323M\326\007"
 4222      F65E46AF 
 4222      FF6BF2E6 
 4222      DF266FD3 
 4222      4DD607
 4223 017d 6913B5F9 		.ascii	"i\023\265\371S\312\212\324\210\361w\304D\303\205\263"
 4223      53CA8AD4 
 4223      88F177C4 
 4223      44C385B3 
 4224 018d CEE5C80F 		.ascii	"\316\345\310\017#\307\365\374(v\316\373\321\3158(;\027"
 4224      23C7F5FC 
 4224      2876CEFB 
 4224      D1CD3828 
 4224      3B17
 4225 019f ED7376C1 		.ascii	"\355sv\301\276\340\204\014_-\207\301\015\337\213i\324"
 4225      BEE0840C 
 4225      5F2D87C1 
 4225      0DDF8B69 
 4225      D4
 4226 01b0 B673E955 		.ascii	"\266s\351U\270^\032+]\212+\305R\220\363\324=\210N\346"
 4226      B85E1A2B 
 4226      5D8A2BC5 
 4226      5290F3D4 
 4226      3D884EE6 
 4227 01c4 F3F95C10 		.ascii	"\363\371\\\020\361\272U\032\313E\241\307\037\327\\/"
ARM GAS  C:\Users\acest\AppData\Local\Temp\cctDK88S.s 			page 118


 4227      F1BA551A 
 4227      CB45A1C7 
 4227      1FD75C2F 
 4228 01d4 0EC2BBB6 		.ascii	"\016\302\273\266G\346\035\367\266\1778\205\330n\361"
 4228      47E61DF7 
 4228      B67F3885 
 4228      D86EF1
 4229 01e3 CCE911D7 		.ascii	"\314\351\021\327+\222\010\203\362\037\321\026\322 "
 4229      2B920883 
 4229      F21FD116 
 4229      D220
 4230              		.text
 4231              		.section	.gnu.lto_chFactoryFindObjectByPointer.348.b3bfdb17,"e",%progbits
 4232 0000 789C8553 		.ascii	"x\234\205S\377KSQ\024\277\347\236\373\266\351\326\254"
 4232      FF4B5351 
 4232      14BFE79E 
 4232      FBB6E9D6 
 4232      AC
 4233 0011 1F240841 		.ascii	"\037$\010A\241o\004\261eAE\004\031\326?PD\277\014B\347"
 4233      A16F04B1 
 4233      65414504 
 4233      19D63F50 
 4233      44BF0C42 
 4234 0026 222BD8DA 		.ascii	"\"+\330\332\346\017\375\344\323\254@A\235\205\365\203"
 4234      E60FFDE4 
 4234      D3AC4041 
 4234      9D85F583 
 4235 0036 4A3C1E31 		.ascii	"J<\0361\013\012\303H\253\225X\031jJ_\250\365\005\215"
 4235      0B0AC348 
 4235      AB955819 
 4235      6A4A5FA8 
 4235      F5058D
 4236 0049 8C601698 		.ascii	"\214`\026\230\325/\025Q\235{\337\346\246!\215\273\367"
 4236      D52F1551 
 4236      9D7BDFE6 
 4236      A6218DBB 
 4236      F7
 4237 005a CE3BF79C 		.ascii	"\316;\367\234\3179\237\317=w\\0\326\314\030;K\177\310"
 4237      CF399FCF 
 4237      3D775C30 
 4237      D6CC183B 
 4237      4B7FC8
 4238 006d 63D0166B 		.ascii	"c\320\026k\344L\327\3652;\207\366Xcr\342\232\200[\240"
 4238      E44CD7F5 
 4238      323B87F6 
 4238      586372E2 
 4238      9A805BA0 
 4239 0081 1CC81B62 		.ascii	"\034\310\033b\316\344\303A\024'c\356\356\276\304v!\340"
 4239      CEE4C341 
 4239      142763EE 
 4239      EEBEC476 
 4239      21E0
 4240 0093 7C9BF125 		.ascii	"|\233\361%5jW\373\032\264\367d\222m\374D\254\211S\246"
 4240      356A57FB 
 4240      1AB4F764 
 4240      926DFC44 
 4240      AC8953A6 
ARM GAS  C:\Users\acest\AppData\Local\Temp\cctDK88S.s 			page 119


 4241 00a7 8A3B1D73 		.ascii	"\212;\035s\253<\273\212\377<jS1\016\250\233+\006\254"
 4241      AB3CBB8A 
 4241      FF3C6A53 
 4241      310EA89B 
 4241      2B06AC
 4242 00ba 96A3D06C 		.ascii	"\226\243\320l\344\254\3456\226\375\235\301\016\2046"
 4242      E4ACE536 
 4242      96FD9DC1 
 4242      0E8436
 4243 00c9 34918148 		.ascii	"4\221\201H[\000%\353\006t\375\373\207sc\243\316\216"
 4243      5B0025EB 
 4243      0674FDFB 
 4243      877363A3 
 4243      CE8E
 4244 00db F8803091 		.ascii	"\370\2000\221\263.\012\270\016\320\0132\211\0021\304"
 4244      B32E0AB8 
 4244      0ED00B32 
 4244      890231C4 
 4245 00eb D652D0E3 		.ascii	"\326R\320\343\037}\272\236\307LD\270\00191\344\250\031"
 4245      1F7DBA9E 
 4245      C74C44B8 
 4245      013931E4 
 4245      A819
 4246 00fd 2AB6229B 		.ascii	"*\266\"\233@\276VS\364\354xS\263\273\265\316A\200\320"
 4246      40BE5653 
 4246      F4EC7853 
 4246      B3BBB5CE 
 4246      4180D0
 4247 0110 0FF3206B 		.ascii	"\017\363 k\236\025\333\030\334\004YHJE\213\276\256>"
 4247      9E15DB18 
 4247      DC045948 
 4247      4A458BBE 
 4247      AE3E
 4248 0122 D506F45F 		.ascii	"\325\006\364_\177Zt\375\263\357O\307\357\374\245 \221"
 4248      7F5A74FD 
 4248      B3EF4FC7 
 4248      EFFCA520 
 4248      91
 4249 0133 393D04CA 		.ascii	"9=\004\312\207\220)\032Y\334!-'@\037\270\244U\240\260"
 4249      8790291A 
 4249      59DC212D 
 4249      27401FB8 
 4249      A455A0B0 
 4250 0147 580BB24B 		.ascii	"X\013\262Ko\2466\203>\300X+re\327\221\375\021\364\251"
 4250      6FA63683 
 4250      3EC0582B 
 4250      7265D791 
 4250      FD11F4A9 
 4251 015b CE641EE9 		.ascii	"\316d\036\351\307f\240\376vw\221\201\2164{Mu\333\000"
 4251      C766A0FE 
 4251      76779181 
 4251      8E347B4D 
 4251      75DB00
 4252 016e 9CCC382A 		.ascii	"\234\3148*\006\027eU\033$\000n\253\315\015$ij\207\211"
 4252      06176555 
 4252      1B24006E 
 4252      ABCD0D24 
ARM GAS  C:\Users\acest\AppData\Local\Temp\cctDK88S.s 			page 120


 4252      696A8789 
 4253 0182 76B8039D 		.ascii	"v\270\003\235\262]\351\210?\002\023\035p\227<\222\320"
 4253      B25DE988 
 4253      3F02131D 
 4253      70973C92 
 4253      D0
 4254 0193 47A8BF70 		.ascii	"G\250\277p\214z `U\255'\011l\026\032J\230B\316\353\222"
 4254      8C7A2060 
 4254      55AD2709 
 4254      6C161A4A 
 4254      9842CEEB 
 4255 01a8 418BD419 		.ascii	"A\213\324\031\314\255CZ\345\303=\002\345\214R\353\225"
 4255      CCAD435A 
 4255      E5C33D02 
 4255      E58C52EB 
 4255      95
 4256 01b9 C309F781 		.ascii	"\303\011\367\201Z7\321\245\240{\2273\311\016G\006?\275"
 4256      5A37D1A5 
 4256      A07B9733 
 4256      C90E4706 
 4256      3FBD
 4257 01cb C7397A37 		.ascii	"\3079z7\222\334\342\3466\020\322\3348Xe,\334%\006\012"
 4257      92DCE2E6 
 4257      3610D2DC 
 4257      3858652C 
 4257      DC25060A 
 4258 01df 1802962E 		.ascii	"\030\002\226.\203\360\220\312H:\323\320\220\272WIi\006"
 4258      83F090CA 
 4258      483AD3D0 
 4258      90BA5749 
 4258      6906
 4259 01f1 3AD590B4 		.ascii	":\325\220\264\242\370\3269\276b\016\273?\211\012{\272"
 4259      A2F8D639 
 4259      BE620EBB 
 4259      3F890A7B 
 4259      BA
 4260 0202 D0409E41 		.ascii	"\320@\236A\214/Q\220\005\0222\333\274\033\206\011UX"
 4260      8C2F5190 
 4260      051232DB 
 4260      BC1B8609 
 4260      5558
 4261 0214 1AA50A4D 		.ascii	"\032\245\012M\332\037!\207F\2503p\242\343\324\0034\220"
 4261      DA1F2187 
 4261      46A83370 
 4261      A2E3D403 
 4261      3490
 4262 0226 1697ED15 		.ascii	"\026\227\355\025\200:\216\331F\370\037\346\330B\314"
 4262      803A8ED9 
 4262      46F81FE6 
 4262      D842CC
 4263 0235 710B93B0 		.ascii	"q\013\223\260T\203\011jp\236\332|Q\265\237\374\243\366"
 4263      5483096A 
 4263      709EDA7C 
 4263      51B59FFC 
 4263      A3F6
 4264 0247 D3856A3F 		.ascii	"\323\205j?\313U\3731\251\375\023\012H;\331A+j/\315\316"
 4264      CB55FB31 
ARM GAS  C:\Users\acest\AppData\Local\Temp\cctDK88S.s 			page 121


 4264      A9FD130A 
 4264      483BD941 
 4264      2B6A2FCD 
 4265 025c E1ACECCF 		.ascii	"\341\254\354\317\223\371\231\251\232v\031\350\3120I"
 4265      93F999A9 
 4265      9A7619E8 
 4265      CA3049
 4266 026b ADC90A9E 		.ascii	"\255\311\012\236\313\344y\226I\334k\342RxA\016[z\200"
 4266      CBE47996 
 4266      49DC6BE2 
 4266      5278410E 
 4266      5B7A80
 4267 027e 36A90172 		.ascii	"6\251\001r\251\023\220wZ\027\351:\365eLm\011k\000\366"
 4267      A9139077 
 4267      5A17E93A 
 4267      F5654C6D 
 4267      096B00F6 
 4268 0292 CB92746A 		.ascii	"\313\222tj\323\345\344Z\204\347\313\\\236q\217\234\336"
 4268      D3E5E45A 
 4268      84E7CB5C 
 4268      9E718F9C 
 4268      DE
 4269 02a3 57D6F42A 		.ascii	"W\326\364*\242\251U&.\203\327\352.\022?As\313g\372\337"
 4269      A2A95526 
 4269      2E83D7EA 
 4269      2E123F41 
 4269      73CB67FA 
 4270 02b8 C9F2DA95 		.ascii	"\311\362\332\225D\200\032\260\367%\316\026\315\361|"
 4270      44801AB0 
 4270      F725CE16 
 4270      CDF17C
 4271 02c7 B3709E17 		.ascii	"\263p\236\027Wx\342\037\205'\027*\3746W\341Ik\236\035"
 4271      5778E21F 
 4271      8527172A 
 4271      FC3657E1 
 4271      496B9E1D 
 4272 02db 9733B7F5 		.ascii	"\2273\267\365\253\344k\250\231\371\011\032\215\003]"
 4272      ABE46BA8 
 4272      99F9091A 
 4272      8D035D
 4273 02ea FB21B05F 		.ascii	"\373!\260_Z)i\267 \\\316\\q\306\326\227o\363\355\213"
 4273      5A2969B7 
 4273      205CCE5C 
 4273      71C6D697 
 4273      6FF3ED8B 
 4274 02fe 04C2115F 		.ascii	"\004\302\021_\205?\020\211\372v\005\"G\242\301\220o"
 4274      853F1089 
 4274      FA760522 
 4274      47A2C190 
 4274      6F
 4275 030f 8F67A7A7 		.ascii	"\217g\247\247\334\263\333\027&\367\201P8x8\340\217\262"
 4275      DCB3DB17 
 4275      26F78150 
 4275      387838E0 
 4275      8FB2
 4276 0321 328FC79B 		.ascii	"2\217\307\233\273\312\017UWV\357\215\326TU\007\275~"
 4276      BBCA0F55 
ARM GAS  C:\Users\acest\AppData\Local\Temp\cctDK88S.s 			page 122


 4276      5756EF8D 
 4276      D6545507 
 4276      BD7E
 4277 0333 6907231B 		.ascii	"i\007#\033KKK\275\301\010\255\243\325\225\336H\330O"
 4277      4B4B4BBD 
 4277      C108ADA3 
 4277      D595DE48 
 4277      D84F
 4278 0345 1B072BFC 		.ascii	"\033\007+\374\321`\370\270\307\317D\260\362p\2500\307"
 4278      D160F8B8 
 4278      C7CF44B0 
 4278      F270A830 
 4278      C7
 4279 0356 E3A9A8DA 		.ascii	"\343\251\250\332\272eC\205\277\212a8\030\372\013\356"
 4279      BA654385 
 4279      BF8A6138 
 4279      18FA0BEE 
 4280 0366 76B941   		.ascii	"v\271A"
 4281              		.text
 4282              		.section	.gnu.lto_chFactoryReleaseObject.349.b3bfdb17,"e",%progbits
 4283 0000 789C7592 		.ascii	"x\234u\222\317k\023A\024\307\337w\3376m\374\255\340"
 4283      CF6B1341 
 4283      14C7DF77 
 4283      DF366DFC 
 4283      ADE0
 4284 0012 A597163C 		.ascii	"\245\227\026<\210\240\233\306\203\212\247J\364\037P"
 4284      88A09BC6 
 4284      838AA74A 
 4284      F41F50
 4285 0021 BCC882A4 		.ascii	"\274\310\202\244\233\025\243\302\206\335\365\340\251"
 4285      9B15A3C2 
 4285      86DDF5E0 
 4285      A9
 4286 002e D3100473 		.ascii	"\323\020\004s0\266\012^4bY\2447\021\374\021\261j\024"
 4286      30B60A5E 
 4286      346259A4 
 4286      3711FC11 
 4286      B16A14
 4287 0041 5454528B 		.ascii	"TTR\213GO\"X\244\007)=\365\240\350\233\335\324n\265"
 4287      474F2258 
 4287      A407293D 
 4287      F5A0E89B 
 4287      DDD46EB5 
 4288 0055 0E33F0DE 		.ascii	"\0163\360\336\367\355|\346;o\3265\210.\021\321\016Y"
 4288      F7ED7CE6 
 4288      3B6FD635 
 4288      882E11D1 
 4288      0E59
 4289 0067 60C2C478 		.ascii	"`\302\304x\335 \245\324p\257\201\261\361z\026\217\021"
 4289      DD20A5D4 
 4289      70AF81B1 
 4289      F17A168F 
 4289      11
 4290 0078 67A05103 		.ascii	"g\240Q\003\243\270\312\273$]\372z\375r\007j\252\215"
 4290      A3B8CABB 
 4290      245DFA7A 
 4290      FD72076A 
ARM GAS  C:\Users\acest\AppData\Local\Temp\cctDK88S.s 			page 123


 4290      AA8D
 4291 008a 88899AB2 		.ascii	"\210\211\232\262\342q\2031\301\021\003f720(\021Whg["
 4291      E2718331 
 4291      C1110366 
 4291      37323028 
 4291      11576867 
 4292 009f A9D9F996 		.ascii	"\251\331\371\226RY\212\230\361\010\262\007\017\201\007"
 4292      52598A98 
 4292      F108B207 
 4292      0F8107
 4293 00ae 202D84B7 		.ascii	" -\204\267\007\2102\313$\321\350\356\307\236\266\372"
 4293      078832CB 
 4293      24D1E8EE 
 4293      C79EB6FA 
 4294 00be F1ABA1D4 		.ascii	"\361\253\241\324\3179\334\332#\307Gl\232@K\212\015\326"
 4294      CF39DCDA 
 4294      23C7476C 
 4294      9A404B8A 
 4294      0DD6
 4295 00d0 069509D5 		.ascii	"\006\225\011\325&\272\302F\222\214I2\017\365\345\336"
 4295      26BAC246 
 4295      928C4932 
 4295      0FF5E5DE 
 4296 00e0 27D0026A 		.ascii	"'\320\002j\203T\203\021qO\223\361\307X\006:\212\365"
 4296      83548311 
 4296      714F93F1 
 4296      C758063A 
 4296      8AF5
 4297 00f2 CC14C7F2 		.ascii	"\314\024\307\362\035\015\356\3054\360$.\016\011\253"
 4297      1D0DEEC5 
 4297      34F0242E 
 4297      0E09AB
 4298 0101 2FE23E3C 		.ascii	"/\342><\305Mm\246\206j,d\361\014\322\212\210\327\305"
 4298      C54D6DA6 
 4298      866A2C64 
 4298      F10CD28A 
 4298      88D7C5
 4299 0114 87DCEFA7 		.ascii	"\207\334\357\247\357\250^\253c\222\321\2053\022\236"
 4299      EFA85EAB 
 4299      6392D185 
 4299      33129E
 4300 0123 00BE0D44 		.ascii	"\000\276\015D\274~\222M\264\323\314\015x!Lh\246\376"
 4300      BC7E924D 
 4300      B4D3CC0D 
 4300      78214C68 
 4300      A6FE
 4301 0135 4658265E 		.ascii	"FX&^J\272\200\213]\263\033\233,\257\221 \327r\371*\355"
 4301      4ABA808B 
 4301      5DB31B9B 
 4301      2CAF9120 
 4301      D772F92A 
 4302 014a 72A93397 		.ascii	"r\2513\227\215x\023^\013\324\350\032mu\366E\274\031"
 4302      8D78135E 
 4302      0BD4E81A 
 4302      6D75F645 
 4302      BC19
 4303 015c 6FB4D5FF 		.ascii	"o\264\325\3770\336\246\031\255\031\315\330\202w\302"
ARM GAS  C:\Users\acest\AppData\Local\Temp\cctDK88S.s 			page 124


 4303      30DEA619 
 4303      AD19CDD8 
 4303      8277C2
 4304 016b E034632B 		.ascii	"\3404c+\336'\327\335\026_w\272\177uK\023\342Z\370\231"
 4304      DE27D7DD 
 4304      165F77BA 
 4304      7F754B13 
 4304      E25AF899 
 4305 017f 7F1AF9E1 		.ascii	"\177\032\371\341\357F\316.7r\021\325\317\317O\304\177"
 4305      EF46CE2E 
 4305      377211D5 
 4305      CFCF4FC4 
 4305      7F
 4306 0190 4E83B1F2 		.ascii	"N\203\261\362\244D\273\013\007\355\343\201\353\007v"
 4306      A444BB0B 
 4306      07EDE381 
 4306      EB0776
 4307 019f D17183D0 		.ascii	"\321q\203\320>\354\006gC\257b\037\265\016Y\005\353\210"
 4307      3EEC0667 
 4307      43AF621F 
 4307      B50E5905 
 4307      EB88
 4308 01b1 ED8B7CB2 		.ascii	"\355\213|\262\342{g\\'\244a\313\312\245g\341ty\244|"
 4308      E27B675C 
 4308      27A461CB 
 4308      CAA567E1 
 4308      7479A47C 
 4309 01c5 2C3C5F2A 		.ascii	",<_*{9G\307^\2607\237\317\347\274@\346\271\362H.\360"
 4309      7B3947C7 
 4309      5EB0379F 
 4309      CFE7BC40 
 4309      E6B9F248 
 4310 01db 1D299C2A 		.ascii	"\035)\234*:\241\347_\260\034b\337\253lO\011V\261t`\377"
 4310      3AA1E75F 
 4310      B01C62DF 
 4310      AB6C4F09 
 4310      56B17460 
 4311 01f0 50D129D1 		.ascii	"P\321)\321o~0\331\320"
 4311      6F7E30D9 
 4311      D0
 4312              		.text
 4313              		.section	.gnu.lto_chFactoryCreateBuffer.350.b3bfdb17,"e",%progbits
 4314 0000 789C7551 		.ascii	"x\234uQQHSQ\030\376\277s\3566\227\246\366\320K\222\215"
 4314      51485351 
 4314      18FEBF73 
 4314      EE3697A6 
 4314      F6D04B92 
 4315 0015 20A2884D 		.ascii	" \242\210M\203(z2\254\227\036\213\336\0061\357\026\255"
 4315      83287A32 
 4315      AC971E8B 
 4315      DE0631EF 
 4315      16AD
 4316 0027 AC8DDDED 		.ascii	"\254\215\335\355\241^\274\3520PA\247\221\020k\330\270"
 4316      A15EBCEA 
 4316      305041A7 
 4316      91106BD8 
 4316      B8
ARM GAS  C:\Users\acest\AppData\Local\Temp\cctDK88S.s 			page 125


 4317 0038 842F2184 		.ascii	"\204/!\204\246e\321J\250H\242\214@B\350\301\2100L\244"
 4317      A665D14A 
 4317      A848A28C 
 4317      4042E8C1 
 4317      88304CA4 
 4318 004c 2783A8FE 		.ascii	"'\203\250\376s6l+\204s\3579\347;\337\371\277\357\377"
 4318      73366C2B 
 4318      8473EF39 
 4318      E73BDFF9 
 4318      BFEFFF
 4319 005f CEBA201A 		.ascii	"\316\272 \032&\242\223\374\301E\030\312\364\012\262"
 4319      26A293FC 
 4319      C14518CA 
 4319      F40AB2
 4320 006e 6DBBC523 		.ascii	"m\273\305#Dw\246O\3401\346ngw\033\351L\355\344\307O"
 4320      4477A64F 
 4320      E031E66E 
 4320      67771BE9 
 4320      4CEDE4C7 
 4321 0083 3B0D89EB 		.ascii	";\015\211\353\033\014\003\235\231\336\205\325\011\203"
 4321      1B0C039D 
 4321      99DE85D5 
 4321      0983
 4322 0091 491A0075 		.ascii	"I\032\000u\010i\240\003\3032+1$\035I0J+\300\267\257"
 4322      0869A003 
 4322      C3322B31 
 4322      241D4930 
 4322      4A2BC0B7 
 4323 00a6 60DBEB9F 		.ascii	"`\333\353\237G^}\363d\307\012\206#\005\345\2300\011"
 4323      475E7DF3 
 4323      64C70A86 
 4323      2305E598 
 4323      3009
 4324 00b8 4C80D589 		.ascii	"L\200\325\211\2112N{\231\364vy\332\266\275\344H\211"
 4324      89324E7B 
 4324      99F47679 
 4324      DAB6BDE4 
 4324      4889
 4325 00ca 29947118 		.ascii	")\224q\030H\2554*^\037\212\304_%\242\201\007\225D#\365"
 4325      48AD342A 
 4325      5E1F8AC4 
 4325      5F25A281 
 4325      07954423 
 4326 00df A3B15872 		.ascii	"\243\261Xr\020j\332\303\354\265\271\273\275\265\203"
 4326      106ADAC3 
 4326      ECB5B9BB 
 4326      BDB583
 4327 00ee 9D55AC8C 		.ascii	"\235U\254\214\031Th\247zv\271\011\217\240\034\251$x"
 4327      195468A7 
 4327      7A76B909 
 4327      8FA01CA9 
 4327      2478
 4328 0100 F06EFC9D 		.ascii	"\360n\374\235\253`\377\374=`\333\013\355\375\263\343"
 4328      AB60FFFC 
 4328      3D60DB0B 
 4328      EDFDB3E3 
 4329 0110 53A80197 		.ascii	"S\250\001\227v\011\376\0117\360\020\036`\032^}\221\006"
ARM GAS  C:\Users\acest\AppData\Local\Temp\cctDK88S.s 			page 126


 4329      7609FE09 
 4329      37F0101E 
 4329      601A5E7D 
 4329      9106
 4330 0122 A44AC536 		.ascii	"\244J\3056`\027\210\006\245(n:y\363\025\366\322\310"
 4330      60178806 
 4330      A5286E3A 
 4330      79F315F6 
 4330      D2C8
 4331 0134 22F47CB3 		.ascii	"\"\364|\263\201\326\220\366Q\032\302\221\356\234\204"
 4331      81D690F6 
 4331      511AC291 
 4331      EE9C84
 4332 0143 36A902F2 		.ascii	"6\251\002\362h\237\032\367\214I\015\337QrU(\000O\364"
 4332      689F1AF7 
 4332      8C490DDF 
 4332      51725528 
 4332      004FF4
 4333 0156 61139764 		.ascii	"a\023\227d\367^<\305-\3453\215.\015l\3013\360\0338\262"
 4333      F75E3CC5 
 4333      2DE5338D 
 4333      2E0D6CC1 
 4333      33F01B38 
 4334 016b 5A6BE41A 		.ascii	"Zk\344\032h\025\335\331\236\3272/\221\227nU\335\205"
 4334      6815DDD9 
 4334      9ED7322F 
 4334      91976E55 
 4334      DD85
 4335 017d 7A16BEE6 		.ascii	"z\026\276\346\313K\257\226\250\311q\374\224\227\236"
 4335      CB4BAF96 
 4335      A8C971FC 
 4335      94979E
 4336 018c 4D349F97 		.ascii	"M4\237\227kN\257\334\257s\344V\274`Y\224d\327\277\334"
 4336      6B4EAFDC 
 4336      AF73E456 
 4336      BC605994 
 4336      64D7BFDC 
 4337 01a0 F038B216 		.ascii	"\3608\262\026/\225r\276\330\202\013l\246\216=t\3718"
 4337      2F9572BE 
 4337      D8820B6C 
 4337      A68E3D74 
 4337      F938
 4338 01b2 1296D276 		.ascii	"\022\226\322v\246\270\365e\244\227gw0\242hBG\256B\222"
 4338      A6B8F565 
 4338      A4976777 
 4338      30A26842 
 4338      47AE4292 
 4339 01c6 1FFA9732 		.ascii	"\037\372\2272b#\244\231E\241\234\337\323\316E\211M\332"
 4339      6223A499 
 4339      45A19CDF 
 4339      D3CE4589 
 4339      4DDA
 4340 01d8 79CF6875 		.ascii	"y\317hu1\263\372\234\224\312\270\300~n\315\221\333t"
 4340      31B3FA9C 
 4340      94CAB8C0 
 4340      7E6ECD91 
 4340      DB74
ARM GAS  C:\Users\acest\AppData\Local\Temp\cctDK88S.s 			page 127


 4341 01ea 21A332ED 		.ascii	"!\2432\355y\226\254\210\331\240\315\302}\363_\270o\377"
 4341      7996AC88 
 4341      D9A0CDC2 
 4341      7DF35FB8 
 4341      6FFF
 4342 01fc 0D77BE3C 		.ascii	"\015w\276<\334\367\015\364\035]\243\207Tw\244^\035\177"
 4342      DCF70DF4 
 4342      1D5DA387 
 4342      5477A45E 
 4342      1D7F
 4343 020e 5F9DE840 		.ascii	"_\235\350@\353\321\340\031+\222\260\202!3b%\203\307"
 4343      EBD1E019 
 4343      2B92B082 
 4343      21336225 
 4343      83C7
 4344 0220 23D6C564 		.ascii	"#\326\305d,\036<\345?\346o\365\237\010&\030>\033O\304"
 4344      2C1E3CE5 
 4344      3FE66FF5 
 4344      9F082618 
 4344      3E1B4FC4 
 4345 0234 2E44CC24 		.ascii	".D\314$\265\370\375\201\362\321z>\332\026=\235L\205"
 4345      B5F8FD81 
 4345      F2D17A3E 
 4345      DA163D9D 
 4345      4C85
 4346 0246 A3B180A9 		.ascii	"\243\261\200\251\3261\353`sss f\361h\217\266\005\254"
 4346      D631EB60 
 4346      73737320 
 4346      66F1688F 
 4346      B605AC
 4347 0259 84C907E7 		.ascii	"\204\311\007\347Bf2\226\270\3427\311\270\034\272\024"
 4347      42663296 
 4347      B8E237C9 
 4347      B81CBA14 
 4348 0269 D95E86F8 		.ascii	"\331^\206\370C\341#\207\233Bf\230\014+z5\"\303m\361"
 4348      43E12387 
 4348      9B426698 
 4348      0C2B7A35 
 4348      22C36DF1 
 4349 027d 3FE3791A 		.ascii	"?\343y\0324"
 4349      34
 4350              		.text
 4351              		.section	.gnu.lto_chFactoryFindBuffer.351.b3bfdb17,"e",%progbits
 4352 0000 789C7550 		.ascii	"x\234uPMk\023A\030~\237\235\335\246\265\352\315\233"
 4352      4D6B1341 
 4352      187E9F9D 
 4352      DDA6B5EA 
 4352      CD9B
 4353 0012 845C5414 		.ascii	"\204\\T\024\3314\202(\202P\211\376\001\305\333\202l"
 4353      D9348228 
 4353      825089FE 
 4353      01C5DB82 
 4353      6C
 4354 0023 362BC6AF 		.ascii	"6+\306\257\015\273\033\320S'!^R\260\037\036\012\022"
 4354      0DBB1BD0 
 4354      5327215E 
 4354      52B01F1E 
ARM GAS  C:\Users\acest\AppData\Local\Temp\cctDK88S.s 			page 128


 4354      0A12
 4355 0035 43298BE4 		.ascii	"C)\213\344\326\203U\253\242.\250\240\202 ^\274Y\020"
 4355      D68355AB 
 4355      A22EA8A0 
 4355      82205EBC 
 4355      5910
 4356 0047 4411C4E2 		.ascii	"D\021\304\342IA\250\357L\012n\375\200\031f\346\231\207"
 4356      4941A8EF 
 4356      4C0A6EFD 
 4356      801966E6 
 4356      9987
 4357 0059 E7E3DD63 		.ascii	"\347\343\335c\020]%\242\235\274!\010\2633\035\203\244"
 4357      105D25A2 
 4357      9DBC2108 
 4357      B3331D83 
 4357      A4
 4358 006a 94E33903 		.ascii	"\224\3439\003\315\231\316\312\217%\023\017\240\001\320"
 4358      CD99CECA 
 4358      8F25130F 
 4358      A001D0
 4359 0079 8481095C 		.ascii	"\204\201\011\\\023]\201Y\2210\331\\\277\001\205\335"
 4359      135D8159 
 4359      9130D95C 
 4359      BF0185DD 
 4360 0089 A994DF3F 		.ascii	"\251\224\337?\314u\276\346\272\375\324L\204A=&\334\006"
 4360      CC75BEE6 
 4360      BAFDD44C 
 4360      84413D26 
 4360      DC06
 4361 009b 96C0CAC4 		.ascii	"\226\300\312\304DQ\247]Lz\275\262,\345\010%B\340.2\034"
 4361      4451A75D 
 4361      4C7ABDB2 
 4361      2CE50825 
 4361      42E02E32 
 4362 00b0 061A697E 		.ascii	"\006\032i~\300\234\204:v0{ur\261\263u\2729\314\202\270"
 4362      C09C843A 
 4362      76307B75 
 4362      72B1B375 
 4362      BA39CC82 
 4363 00c5 870D928D 		.ascii	"\207\015\222\215W\371!\302}(#\025\236\027\277\026\337"
 4363      57F921C2 
 4363      7D282315 
 4363      9E17BF16 
 4363      DF
 4364 00d6 58A9FCB9 		.ascii	"X\251\374\2716%\345\333K_\272\037Gs\034n\031\226&\322"
 4364      3625E5DB 
 4364      4B5FBA1F 
 4364      47731C6E 
 4364      199626D2 
 4365 00ea 9450D5A4 		.ascii	"\224P\325\244\011\231\022M\013c\360h\362\3433\344\373"
 4365      0999124D 
 4365      0B63F068 
 4365      F2E333E4 
 4365      FB
 4366 00fb B977D0E7 		.ascii	"\271w\320\347\365<\255\242]\2406\214D\230=\001\035J"
 4366      F53CADA2 
 4366      5DA0368C 
ARM GAS  C:\Users\acest\AppData\Local\Temp\cctDK88S.s 			page 129


 4366      44983D01 
 4366      1D4A
 4367 010d F5B4742E 		.ascii	"\365\264t.\215[}\241\341\233\340\344Cx\004<\324\237"
 4367      8D5B7DA1 
 4367      E19BE0E4 
 4367      4378043C 
 4367      D49F
 4368 011f 632CC969 		.ascii	"c,\311isx\214\033*W\033-\015\014#\005\0172\021#\332"
 4368      73788C1B 
 4368      2A571B2D 
 4368      0D0C2305 
 4368      0F321123 
 4369 0134 A3A73CAE 		.ascii	"\243\247<\256\314G\013\302\322r\233z<1Z\020\342?\372"
 4369      CC470BC2 
 4369      D2729B7A 
 4369      3C315A10 
 4369      E23FFA
 4370 0147 4FB2FAFD 		.ascii	"O\262\372\375\303\211\030\305S6\300\272\301\247\355"
 4370      C38918C5 
 4370      5336C0BA 
 4370      C1A7ED
 4371 0156 89D88C67 		.ascii	"\211\330\214g\003\207-\354\320*pa\026\327f\267\270\330"
 4371      03872DEC 
 4371      D02A7061 
 4371      16D766B7 
 4371      B8D8
 4372 0168 864603E9 		.ascii	"\206F\003\351\177\371<\377\253\307\213?{\274\314\366"
 4372      7FF93CFF 
 4372      ABC78B3F 
 4372      7BBCCCF6 
 4373 0178 B893A76F 		.ascii	"\270\223\247oh\315\357WV\244\006\214\337\003&\332[>"
 4373      68CDEF57 
 4373      56A4068C 
 4373      DF0326DA 
 4373      5B3E
 4374 018a E49C8CFC 		.ascii	"\344\234\214\3740r\\\317\217b\347\250\037\235\213\203"
 4374      30725CCF 
 4374      8F62E7A8 
 4374      1F9D8B83 
 4375 019a BA73DC3E 		.ascii	"\272s\334>b\227\355cN\310\360\251z\030\234\365\275\230"
 4375      6297ED63 
 4375      4EC8F0A9 
 4375      7A189CF5 
 4375      BD98
 4376 01ac C66DBB98 		.ascii	"\306m\273\230]\3453\265J\355D\334\250\326\202\242\247"
 4376      5DE533B5 
 4376      4AED44DC 
 4376      A8D682A2 
 4376      A7
 4377 01bd EE41B4AF 		.ascii	"\356A\264\257T*\025\203\210\327\371Z\245\030\205\036"
 4377      542A1583 
 4377      88D7F95A 
 4377      A518851E 
 4378 01cd 7F9C76BD 		.ascii	"\177\234v\2758\010/\333\036\231\027\335\013\376\266"
 4378      38082FDB 
 4378      1E9917DD 
 4378      0BFEB6
ARM GAS  C:\Users\acest\AppData\Local\Temp\cctDK88S.s 			page 130


 4379 01dc 0C62BBD5 		.ascii	"\014b\273\325\203\007\306\\\257J\242Z\251\377\002\012"
 4379      8307C65C 
 4379      AF4AA25A 
 4379      A9FF020A 
 4380 01ec DDD02B   		.ascii	"\335\320+"
 4381              		.text
 4382              		.section	.gnu.lto_chFactoryReleaseBuffer.352.b3bfdb17,"e",%progbits
 4383 0000 789C6D91 		.ascii	"x\234m\221\317k\023A\024\307\337w\3376m\374}\361\032"
 4383      CF6B1341 
 4383      14C7DF77 
 4383      DF366DFC 
 4383      7DF11A
 4384 0013 0B1E4490 		.ascii	"\013\036D\220\335\306\203\025O\225\350?\240x[\224d\023"
 4384      DDC68315 
 4384      4F95E83F 
 4384      A0785B94 
 4384      6413
 4385 0025 312A6CD8 		.ascii	"1*l\330]\017\236:\015\361`.\261?\300\203\232CY\2447"
 4385      5D0F9E3A 
 4385      0DF1602E 
 4385      B13FC083 
 4385      9A4359A4 
 4386 003a 4F6AC45F 		.ascii	"Oj\304_\253P\005\025\024\257\202\210\240\224\036J\021"
 4386      AB500515 
 4386      14AF8288 
 4386      A0941E4A 
 4386      11
 4387 004b 841E0AF5 		.ascii	"\204\036\012\365\315l\252Q;\314\300{\3377\363\231/\357"
 4387      CD6CAA51 
 4387      3BCCC07B 
 4387      DF37F399 
 4387      2FEF
 4388 005d 152CA2EB 		.ascii	"\025,\242\353D\264_\016\23003\335\266H)51laj\272\235"
 4388      44B45F0E 
 4388      983033DD 
 4388      B6482935 
 4388      316C616A 
 4389 0073 C723980C 		.ascii	"\307#\230\0144ia\022\263|P\322\265o7{\357\241\026R$"
 4389      34696112 
 4389      B37C50D2 
 4389      B56F377B 
 4389      EFA11652 
 4390 0088 4CD49563 		.ascii	"L\324\225c\326m\306\014'\014\330\375\310\302\250D\334"
 4390      D66DC60C 
 4390      270CD8FD 
 4390      C8C2A844 
 4390      DC
 4391 0099 A003A952 		.ascii	"\240\003\251R\037>\365\224\312S\302\214\207\2207x\000"
 4391      1F3EF594 
 4391      CA53C28C 
 4391      87903778 
 4391      00
 4392 00aa DC076921 		.ascii	"\334\007i!\276U \312m\222D\243{\037\207R\265\276\321"
 4392      BE5520CA 
 4392      6D9244A3 
 4392      7B1F8752 
 4392      B5BED1
ARM GAS  C:\Users\acest\AppData\Local\Temp\cctDK88S.s 			page 131


 4393 00bd 516AF13B 		.ascii	"Qj\361;\236\273\362}\302\266\015\364\244\330amP\331"
 4393      9EBBF27D 
 4393      C2B60DF4 
 4393      A4D8616D 
 4393      50D9
 4394 00cf 5029D10D 		.ascii	"P)\321\015\266\262dJ\222e\250\257??\203V\321\032\245"
 4394      B6B2644A 
 4394      9265A8AF 
 4394      3F3F8356 
 4394      D11AA5
 4395 00e2 16AC8487 		.ascii	"\026\254\204\207\272\214\337\306r\320\221\321s\013l"
 4395      BA8CDFC6 
 4395      72D091D1 
 4395      730B6C
 4396 00f1 E4BB1A3C 		.ascii	"\344\273\032<\214'\300cS\034\023\326H\302#x\212;\332"
 4396      8C27C063 
 4396      531C13D6 
 4396      48C22378 
 4396      8A3BDA
 4397 0104 4C0B4D23 		.ascii	"L\013M#\344\361\014\322\212\204\267\231O\326\012\264"
 4397      E4F10CD2 
 4397      8A84B799 
 4397      4FD60AB4 
 4398 0114 82E65C1B 		.ascii	"\202\346\\\033\363\214>\234\221\361\004\260\264/\341"
 4398      F38C3E9C 
 4398      91F104B0 
 4398      B42FE1
 4399 0123 EDF36C23 		.ascii	"\355\363l#\035d\356\300\013aB3\365\035a\331x)\351*\256"
 4399      1D64EEC0 
 4399      0B614233 
 4399      F51D61D9 
 4399      7829E92A 
 4400 0138 F5CDEEEC 		.ascii	"\365\315\356\354\262L#Cn\345rq\320\345\322\221\204w"
 4400      B24C2343 
 4400      6EE57271 
 4400      D0E5D291 
 4400      8477
 4401 014a E19520AD 		.ascii	"\341\225 \255\276M\215\334\215\327\231\317=\306\347"
 4401      BE4D8DDC 
 4401      8DD799CF 
 4401      3DC6E7
 4402 0159 7AE1EF5E 		.ascii	"z\341\357^d\270\255\330o\376\353\300\333\177;\360n\263"
 4402      64B8ADD8 
 4402      6FFEEBC0 
 4402      DB7F3BF0 
 4402      6EB3
 4403 016b 033FD0FC 		.ascii	"\003?\320\374\262q\326\214\274\303\3703\013\242C\245"
 4403      B271D68C 
 4403      BCC3F833 
 4403      0BA243A5 
 4404 017b 63DE99A8 		.ascii	"c\336\231\250\026F^\331\257E\261w\242\026]\212\203\206"
 4404      16465ED9 
 4404      AF45B177 
 4404      A2165D8A 
 4404      8386
 4405 018d 77CA39EE 		.ascii	"w\3129\356\224\234\223^(\362\271F\030\\\254\3711M8\216"
 4405      949C935E 
ARM GAS  C:\Users\acest\AppData\Local\Temp\cctDK88S.s 			page 132


 4405      28F2B946 
 4405      185CACF9 
 4405      314D388E 
 4406 01a1 3BB84B17 		.ascii	";\270K\027\352\225\372\351\370J\265\036\270\276\216"
 4406      EA95FAE9 
 4406      F84AB51E 
 4406      B8BE8E
 4407 01b0 83E870B1 		.ascii	"\203\350p\261Xt\203H\366\345z\305\215B_\012\347\313"
 4407      58748348 
 4407      F6E57AC5 
 4407      8D425F0A 
 4407      E7CB
 4408 01c2 7E1C8457 		.ascii	"~\034\204W\035\237\270Zi\354\035\020\234r\365\350\370"
 4408      1D9FB85A 
 4408      69EC1D10 
 4408      9C72F5E8 
 4408      F8
 4409 01d3 58D9AFD2 		.ascii	"X\331\257\322/\373\010\305&"
 4409      2FFB08C5 
 4409      26
 4410              		.text
 4411              		.section	.gnu.lto_chFactoryCreateSemaphore.353.b3bfdb17,"e",%progbits
 4412 0000 789C7552 		.ascii	"x\234uRMHTQ\030\275\347\3357\216?\345O\345&\262$\010"
 4412      4D485451 
 4412      18BDE7DD 
 4412      378E3FE5 
 4412      4FE526B2 
 4413 0016 09E28D06 		.ascii	"\011\342\215\006Q\264R\246Z\264,\332\015\304\370f\242"
 4413      51B452A6 
 4413      5AB42CDA 
 4413      0DC4F866 
 4413      A2
 4414 0027 E9C719E6 		.ascii	"\351\307\031\346\315,\334\344u\234~p\252qLhc\203\311"
 4414      CD2CDCE4 
 4414      759C7E70 
 4414      AA714C68 
 4414      6383C9
 4415 003a 2384166D 		.ascii	"#\204\026m\222\354\217\246\254$\245\224~\220Z(\030\221"
 4415      92EC8FA6 
 4415      AC24A594 
 4415      7E905A28 
 4415      1891
 4416 004c 1A940492 		.ascii	"\032\224\004\222\201`\337\275\212\275)\204\373x\357"
 4416      8160DFBD 
 4416      8ABD2984 
 4416      FB78EF
 4417 005b 7EF7DC73 		.ascii	"~\367\334s\016\347\274\006\316X\007c\3540=p1tf\3325"
 4417      0EE7BC06 
 4417      CE580763 
 4417      EC303D70 
 4417      317466DA 
 4418 0070 2684A877 		.ascii	"&\204\250wkZ[&\245\3411Fnvo\327\223\231\322\376\211"
 4418      6B5A5B26 
 4418      A5E13146 
 4418      6E766FD7 
 4418      9399D2FE 
 4419 0085 CF553A47 		.ascii	"\317U:G\327*BGk\246}\364\322\340!\002\251\001X\213\306"
ARM GAS  C:\Users\acest\AppData\Local\Temp\cctDK88S.s 			page 133


 4419      D72A4247 
 4419      6BA67DF4 
 4419      D2E02102 
 4419      A901588B 
 4420 009a 75B4E01A 		.ascii	"u\264\340\032\357\346\350\3446g\320W\276\200\352\235"
 4420      EFE6E8E4 
 4420      3667D057 
 4420      BE80EA9D 
 4421 00aa 392116BE 		.ascii	"9!\026\276\\\237\035-\356\356\313\3516\327X\226\000"
 4421      5C9F1D2D 
 4421      EEEECBE9 
 4421      36D75896 
 4421      00
 4422 00bb FDC05D90 		.ascii	"\375\300]\220:# \217\260\032\002\215\375\030\020\242"
 4422      3A23208F 
 4422      B01A028D 
 4422      FD1810A2 
 4423 00cb 88D99CE3 		.ascii	"\210\331\234\343\036\034\030\032\304\247\253$.\005V"
 4423      1E1C181A 
 4423      C4A7AB24 
 4423      2E0556
 4424 00da 439263A9 		.ascii	"C\222c\251\266\213\242\234\250t\334\317\007\352\361"
 4424      B68BA29C 
 4424      A874DCCF 
 4424      07EAF1
 4425 00e9 F9AA65CA 		.ascii	"\371\252e\312+\220\257\035D;\367-\235*\355h-$e<D\236"
 4425      2B90AF1D 
 4425      443BF72D 
 4425      9D2AED68 
 4425      2D24653C 
 4426 00ff 765C6C2D 		.ascii	"v\\l-`x\004\351H&A\213vw\336\272rbq)-\304\370\271\253"
 4426      607804E9 
 4426      4826418B 
 4426      7677DEBA 
 4426      72627129 
 4427 0118 83B79F57 		.ascii	"\203\267\237W\224\200\250].`\000n\011/\004\036\0206"
 4427      9480A85D 
 4427      2E60006E 
 4427      092F041E 
 4427      1036
 4428 012a CD652042 		.ascii	"\315e B\207\310Q\232\\[\336\264\322f\026bj|\022\352"
 4428      87C8519A 
 4428      5C5BDEB4 
 4428      D2661662 
 4428      6A7C12EA 
 4429 013e FD691B9B 		.ascii	"\375i\033\233C\262\232%\241\331\274 \313\241\374\311"
 4429      43B29A25 
 4429      A1D9BC20 
 4429      CBA1FCC9 
 4430 014e 6CDCCAA2 		.ascii	"l\334\312\242\232\273\373\270\032\337\222J\205\310\001"
 4430      9ABBFBB8 
 4430      1ADF924A 
 4430      85C801
 4431 015d 4FD4612D 		.ascii	"O\324a-Q\222\361\"<\305\015i1\211\204\032\024\343\031"
 4431      5192F122 
 4431      3CC50D69 
 4431      3189841A 
ARM GAS  C:\Users\acest\AppData\Local\Temp\cctDK88S.s 			page 134


 4431      14E319
 4432 0170 287E9B97 		.ascii	"(~\233\227(\215\011\251q\241\247\271\227\273\025\335"
 4432      288D09A9 
 4432      71A1A7B9 
 4432      97BB15DD 
 4433 0180 BA2CA5CC 		.ascii	"\272,\245\314z\271k\015\376\027N\376\201\305\257e6_"
 4433      7AB96B0D 
 4433      FE174EFE 
 4433      81C5AF65 
 4433      365F
 4434 0192 8F972481 		.ascii	"\217\227$\201\025\211\205_Cn\233\227bH\252\254A\362"
 4434      1589855F 
 4434      436E9B97 
 4434      6248AAAC 
 4434      41F2
 4435 01a4 CA49B2A0 		.ascii	"\312I\262\240H\3120L$Z\036I9F\226\255V\220\325D5\305"
 4435      48CA304C 
 4435      245A1E49 
 4435      394696AD 
 4435      5690D544 
 4436 01ba 472E95EB 		.ascii	"G.\225\353yJh\006\311\231\301\3154\221\201h\252\024"
 4436      794A6806 
 4436      C999C1CD 
 4436      34918168 
 4436      AA14
 4437 01cc 9925FF78 		.ascii	"\231%\377xy*\243\255f\371{Rc\337\221\350j\247\273P\016"
 4437      792AA3AD 
 4437      66F97B52 
 4437      63DF91E8 
 4437      6AA7BB50 
 4438 01e1 48727A8B 		.ascii	"Hrz\213\3157\320M\274vF\265\021o\310\002\227\026$\206"
 4438      CD37D04D 
 4438      BC7646B5 
 4438      116FC802 
 4438      97162486 
 4439 01f5 6CBB304A 		.ascii	"l\2730J\274s8\277\322\301\246\254<&\242^N\370J\245\247"
 4439      BC7338BF 
 4439      D2C1A6AC 
 4439      3C26A25E 
 4439      4EF84AA5 
 4440 020a E777B744 		.ascii	"\347w\267D\316\362J\323\331ZU\275\373\257\252\367\377"
 4440      CEF24AD3 
 4440      D95A55BD 
 4440      FBAFAAF7 
 4440      FF
 4441 021b 56F5C159 		.ascii	"V\365\301YUg#\373\211D\317\036\031\002\223\377\020\376"
 4441      556723FB 
 4441      8944CF1E 
 4441      190293FF 
 4441      10FE
 4442 022d FE438CED 		.ascii	"\376C\214\355\362\356\367\035\263\202Q\313\3477\203"
 4442      F2EEF71D 
 4442      B38251CB 
 4442      E73783
 4443 023c 56CC7720 		.ascii	"V\314w h\235\216\205#\276#F\203\3415\016\372\2424>\036"
 4443      689D8E85 
 4443      23BE2346 
ARM GAS  C:\Users\acest\AppData\Local\Temp\cctDK88S.s 			page 135


 4443      83E1350E 
 4443      FAA2343E 
 4444 0251 89864F05 		.ascii	"\211\206O\005\315\030\2537\014\217syO\206\032CGc\361"
 4444      CD18AB37 
 4444      0C8F7379 
 4444      4F861A43 
 4444      4763F1
 4445 0264 4028EC31 		.ascii	"@(\3541\345w\330\332]WW\347\011[\264\316\204\032=V\324"
 4445      E577D8DA 
 4445      5D5757E7 
 4445      095BB4CE 
 4445      841A3D56 
 4446 0279 A483137E 		.ascii	"\244\203\023~3\026\2166\033&\323\233\374g\203\225\216"
 4446      33168E36 
 4446      1B26D39B 
 4446      FC678395 
 4446      8E
 4447 028a 89E10FEC 		.ascii	"\211\341\017\354\333[\3537\003\014M<`E\376\000\320\313"
 4447      DB5BEB37 
 4447      030C4D3C 
 4447      6045FE00 
 4447      D0CB
 4448 029c 3190     		.ascii	"1\220"
 4449              		.text
 4450              		.section	.gnu.lto_chFactoryFindSemaphore.354.b3bfdb17,"e",%progbits
 4451 0000 789C7550 		.ascii	"x\234uPKh\023Q\024\275gn\246i\375,\\\010n*\331\370\003"
 4451      4B681351 
 4451      14BD676E 
 4451      A669FD2C 
 4451      5C086E2A 
 4452 0017 99348228 		.ascii	"\2314\202(.\244\022\025\327\212\273\001\231L\"\306\337"
 4452      2EA41215 
 4452      D78ABB01 
 4452      994C22C6 
 4452      DF
 4453 0028 8499C9A2 		.ascii	"\204\231\311\242\253\276\306t\223\202\265q\341FC)\203"
 4453      ABBEC674 
 4453      9382B571 
 4453      E1464329 
 4453      83
 4454 0039 54371A50 		.ascii	"T7\032P\254\377`-X7\025At\341\306\202 \202X\305\205"
 4454      ACFF602D 
 4454      58371541 
 4454      74E1C682 
 4454      208258C5 
 4455 004e 0B41EFBC 		.ascii	"\013A\357\274\024\234\372\201\373x\357\236w8\347\236"
 4455      149CFA81 
 4455      FB78EF9E 
 4455      7738E79E 
 4456 005e 6B1944E7 		.ascii	"k\031D\347\211h\263\0340\2419\3210H)5\230602\321x=6"
 4456      8968B31C 
 4456      30A139D1 
 4456      30482935 
 4456      98363032 
 4457 0076 7B10F7A1 		.ascii	"{\020\367\241\001\320\260\201a\\\344\313\214&GBN-\277"
 4457      01D0B081 
 4457      615CE4CB 
ARM GAS  C:\Users\acest\AppData\Local\Temp\cctDK88S.s 			page 136


 4457      8C264742 
 4457      4E2DBF
 4458 0089 80CCB68E 		.ascii	"\200\314\266\216R\337\337_\272\326\336\372\344\334\350"
 4458      52DFDF5F 
 4458      BAD6DEFA 
 4458      E4DCE8
 4459 0098 A1880D6A 		.ascii	"\241\210\015j\011\3416p\013\242LB\344\012m\021\322\213"
 4459      09E13670 
 4459      0BA24C42 
 4459      E40A6D11 
 4459      D28B
 4460 00aa 4F334AF5 		.ascii	"O3J\365Q\304\214;Hp\004\250>\350\3572\307\020_\233\204"
 4460      51C48C3B 
 4460      487004A8 
 4460      3EE8EF32 
 4460      C7105F9B 
 4461 00bf BD74BD7D 		.ascii	"\275t\275}\363\035TSA$q\027+D\253\363\375=\204{\210"
 4461      F31D5453 
 4461      41247117 
 4461      2B44ABF3 
 4461      FD3D847B 
 4462 00d4 ADE2F1A5 		.ascii	"\255\342\361\245\244\273\361\322\354\250\037?\307\225"
 4462      A4BBF1D2 
 4462      ECA81F3F 
 4462      C795
 4463 00e2 5A68A0BD 		.ascii	"Zh\240\275\360yn]Z\006\234\201\251\2514\316q<\225\202"
 4463      F0796E5D 
 4463      5A069C81 
 4463      A9A934CE 
 4463      713C9582 
 4464 00f6 EA105D60 		.ascii	"\352\020]`\243\333\214H\363\021j\361\325\342\006}\277"
 4464      A3DB8C48 
 4464      F3116AF1 
 4464      D5E2067D 
 4464      BF
 4465 0107 29D012EA 		.ascii	")\320\022\352\031\252\303\2108\325b\350\301\342\254"
 4465      19AAC388 
 4465      38D562E8 
 4465      C1E2AC
 4466 0116 A69E4DE3 		.ascii	"\246\236M\343\3464k\370*d\372\036<\002\036\352\317\001"
 4466      E6346BF8 
 4466      2A64FA1E 
 4466      3C021EEA 
 4466      CF01
 4467 0128 91EC8D38 		.ascii	"\221\354\2158\215\307\270\022OVGM\003\275\350@\226\031"
 4467      8DC7B812 
 4467      4F56474D 
 4467      03BDE840 
 4467      9619
 4468 013a 719FF678 		.ascii	"q\237\366x\033{\214N\016M\261\251\345V\265dk4\305\374"
 4468      1B7B8C4E 
 4468      0E4DB1A9 
 4468      E556B564 
 4468      6B34C5FC 
 4469 014e 1FFDD9A4 		.ascii	"\037\375\331\244\376\207\275\021\257\306S1\300\262\301"
 4469      FE87BD11 
 4469      AFC65331 
ARM GAS  C:\Users\acest\AppData\Local\Temp\cctDK88S.s 			page 137


 4469      C0B2C1
 4470 015d F4C688D7 		.ascii	"\364\306\210\327`\256\353\260V\034j\031\011,\342\332"
 4470      60AEEBB0 
 4470      561C6A19 
 4470      092CE2DA 
 4471 016d EC8B045B 		.ascii	"\354\213\004[\221\250+\375/\237g\177\345\230\3773\307"
 4471      91A82BFD 
 4471      2F9F677F 
 4471      E598FF33 
 4471      C7
 4472 017e F3648E6F 		.ascii	"\363d\216o\005\372\212\332\344\316\330\212\342\005\343"
 4472      05FA8ADA 
 4472      E4CED88A 
 4472      E205E3
 4473 018d F78289B6 		.ascii	"\367\202\211\266\347\367\330G\203\222\037\330\216[\012"
 4473      E7F7D847 
 4473      83921FD8 
 4473      8E5B0A
 4474 019c 427B7F29 		.ascii	"B{\177)8\025z\025\373\260\265\317\312[\007l_\340c\025"
 4474      38157A15 
 4474      FBB0B5CF 
 4474      CA5B076C 
 4474      5FE06315 
 4475 01b0 DF3B5972 		.ascii	"\337;YrC\032\264\254l\262\362'\312\205\362\221\260Z"
 4475      431AB4AC 
 4475      6CB2F227 
 4475      CA85F291 
 4475      B05A
 4476 01c2 2C7B5937 		.ascii	",{Y7~{\301\216\\.\227\365\002\251\323\345B6\360]\371"
 4476      7E7BC18E 
 4476      5C2E97F5 
 4476      02A9D3E5 
 4476      4236F05D 
 4477 01d7 38EEB8A1 		.ascii	"8\356\270\241\347\017Y.\245\316:gJ\353\023\210\345\024"
 4477      E70F592E 
 4477      A5CE3A67 
 4477      4AEB1388 
 4477      E514
 4478 01e9 77EF1A70 		.ascii	"w\357\032p\334\"q1\250\374\002\030\376\324\326"
 4478      DC227131 
 4478      A8FC0218 
 4478      FED4D6
 4479              		.text
 4480              		.section	.gnu.lto_chFactoryReleaseSemaphore.355.b3bfdb17,"e",%progbits
 4481 0000 789C7592 		.ascii	"x\234u\222\317k\324P\020\307\347\233I\267\273\376\256"
 4481      CF6BD450 
 4481      10C7E79B 
 4481      49B7BBFE 
 4481      AE
 4482 0011 20F42216 		.ascii	" \364\"\026<\210P\262]/\025O\225\325\177@\361\026\220"
 4482      3C8850B2 
 4482      5D2F154F 
 4482      95D57F40 
 4482      F11690
 4483 0024 6D76C5B5 		.ascii	"mv\305\265B\226$\036<\365uY\012\356e\333*\264\207\272"
 4483      4296241E 
 4483      3CF57559 
ARM GAS  C:\Users\acest\AppData\Local\Temp\cctDK88S.s 			page 138


 4483      0AEE65DB 
 4483      2AB487BA 
 4484 0038 8712A437 		.ascii	"\207\022\2447)b]QK\024TT\260\325\277@,\225*X\212 \354"
 4484      29625D51 
 4484      4B145454 
 4484      B0D5BF40 
 4484      2C952A58 
 4485 004f 41D049B2 		.ascii	"A\320I\262\325Tkx\017f\276\223|\346\373\346eD#\272A"
 4485      D5546B78 
 4485      0F66BE93 
 4485      7CE6FBE6 
 4485      654423BA 
 4486 0064 44476583 		.ascii	"DGe\203\011S\223u\215\224RC\335\032\306&\353\031<D\224"
 4486      09539375 
 4486      8D945243 
 4486      DD1AC626 
 4486      EB193C44 
 4487 0079 8146358C 		.ascii	"\201F5\214\342&\037\227\264\2756\275\274\320\253\346"
 4487      E2261F97 
 4487      B4BD36BD 
 4487      BCD0ABE6 
 4488 0089 03F84CD4 		.ascii	"\003\370L\324\224\035=\263\214)\366\031\320;\221\206"
 4488      941D3DB3 
 4488      8C29F619 
 4488      D03B9186 
 4489 0099 3E89B842 		.ascii	">\211\270B\307\002\245V>\267\224\312\220\317\214\007"
 4489      C702A556 
 4489      3EB794CA 
 4489      90CF8C07 
 4490 00a9 906FB008 		.ascii	"\220o\260\010\334\007\205\2027}\230(\265E\022\215\356"
 4490      DC078582 
 4490      377D9828 
 4490      B545128D 
 4490      EE
 4491 00ba BEEF0AD4 		.ascii	"\276\357\012\324\217\237\015\245\276\177\302\372\202"
 4491      8F9F0DA5 
 4491      BE7FC2FA 
 4491      82
 4492 00c7 2EFD7DD6 		.ascii	".\375}\326u\240%\325\006\207\016\225\016\025\020M\260"
 4492      75A025D5 
 4492      06870E95 
 4492      0E15104D 
 4492      B0
 4493 00d8 16276392 		.ascii	"\026'c\222|\201\372xo\265\2276Q\353\243\0324\237\273"
 4493      7C81FA78 
 4493      6FB59736 
 4493      51EBA31A 
 4493      349FBB
 4494 00eb 9A8CDFCE 		.ascii	"\232\214\337\316R\010\243HO\315s$\337\011\301\335x\014"
 4494      5208A348 
 4494      4FCD7324 
 4494      DF09C1DD 
 4494      780C
 4495 00fd 3C8A8A03 		.ascii	"<\212\212\003\302J\373\234\306\023\334\016\335\324P"
 4495      C24AFB9C 
 4495      C613DC0E 
 4495      DDD450
ARM GAS  C:\Users\acest\AppData\Local\Temp\cctDK88S.s 			page 139


 4496 010c 8D840C96 		.ascii	"\215\204\014\226 \263\360yW\324d\321\242\015To\3251"
 4496      20B3F079 
 4496      57D464D1 
 4496      A20D546F 
 4496      D531
 4497 011e C7E8C019 		.ascii	"\307\350\300\0311O\000\353G|\336=\307:\202$s\017\236"
 4497      314F00EB 
 4497      477CDE3D 
 4497      C73A8224 
 4497      730F9E
 4498 0131 0A132133 		.ascii	"\012\023!3|GX:\236I\272\211\361\216\331\275M\226\353"
 4498      7C47583A 
 4498      9E49BA89 
 4498      F18ED9BD 
 4498      4D96EB
 4499 0144 88913BB9 		.ascii	"\210\221;\271|\236t\331\332\230\231\025\306>\274\020"
 4499      7C9E74D9 
 4499      DA989915 
 4499      C63EBC10 
 4500 0154 AAD671DA 		.ascii	"\252\326q\332\376:\223\362y?^\206f\377Cy\225\244\264"
 4500      FE3A93F2 
 4500      793F5E86 
 4500      66FF4379 
 4500      95A4B4
 4501 0167 63CA01BC 		.ascii	"c\312\001\274\026\012o\243\364\340M|\344\203\321\221"
 4501      160A6FA3 
 4501      F4E04D7C 
 4501      E483D191 
 4502 0177 97ACED63 		.ascii	"\227\254\355c\215\231;5x\373\3170\227\377\036\346\312"
 4502      8D993B35 
 4502      78FBCF30 
 4502      97FF1EE6 
 4502      CA
 4503 0188 D630BFA1 		.ascii	"\3260\277\241\372\341\335j:\372\177\032\214?\367J\324"
 4503      FAE1DD6A 
 4503      3AFA7F1A 
 4503      8C3FF74A 
 4503      D4
 4504 0199 9F3F655E 		.ascii	"\237?e^pK\216k\026\254\222\353\231gJ\356\210gW\314s"
 4504      704B8E6B 
 4504      16AC92EB 
 4504      99674AEE 
 4504      886757CC 
 4505 01ae C669236F 		.ascii	"\306i#o\2345\035\221/V\034\373J\311\362h\3100\262\311"
 4505      9C351D91 
 4505      2F561CFB 
 4505      4AC9F268 
 4505      C830B2C9 
 4506 01c2 95BF5C1E 		.ascii	"\225\277\\\036.\237\367\256\025\313v\326\012c\333=\221"
 4506      2E9FF7AE 
 4506      15CB76D6 
 4506      0A63DB3D 
 4506      91
 4507 01d3 CBE5B2B6 		.ascii	"\313\345\262\266+\353jy8\353:\226\024.\025,\317v\256"
 4507      2BEB6A79 
 4507      38EB3A96 
 4507      142E152C 
ARM GAS  C:\Users\acest\AppData\Local\Temp\cctDK88S.s 			page 140


 4507      CF76AE
 4508 01e6 1B1671D1 		.ascii	"\033\026q\321\255\034J\010F\241xrp\240`\025\351\027"
 4508      AD1C4A08 
 4508      46A17872 
 4508      70A06015 
 4508      E917
 4509 01f8 4043DE7C 		.ascii	"@C\336|"
 4510              		.text
 4511              		.section	.gnu.lto_chFactoryCreateMailbox.356.b3bfdb17,"e",%progbits
 4512 0000 789C7552 		.ascii	"x\234uRKhSA\024\235;\367\245M\214\306\372\003\221\010"
 4512      4B685341 
 4512      149D3BF7 
 4512      A54D8CC6 
 4512      FA039108 
 4513 0014 41101524 		.ascii	"A\020\025$i\004\261\270\252TE\\*\356\002\232\346\203"
 4513      6904B1B8 
 4513      AA54455C 
 4513      2AEE029A 
 4513      E683
 4514 0026 51DB847C 		.ascii	"Q\333\204|\026\256:Mb*m\245\246\0264\022C\015\017\351"
 4514      16AE3A4D 
 4514      622A6DA5 
 4514      A6163412 
 4514      430D0FE9 
 4515 003a CED65AAC 		.ascii	"\316\326Z\254Vil\027U\254\"j\375l\024\253V\253(\325"
 4515      56696C17 
 4515      55AC226A 
 4515      FD6C14AB 
 4515      56AB28D5 
 4516 004e 551605BD 		.ascii	"U\026\005\2753)5Q\012\363\346\315\334w\346\2363\347"
 4516      33293551 
 4516      0AF3E6CD 
 4516      DC77E69E 
 4516      33E7
 4517 0060 BC63C8D8 		.ascii	"\274c\310\330y\306\330Az\300\300\240;\335\316\231\020"
 4517      79C6D841 
 4517      7AC0C0A0 
 4517      3BDDCE99 
 4517      10
 4518 0071 A2BE9AF3 		.ascii	"\242\276\232\363D\272\203\303=xt5\273IK\246-Co?l\324"
 4518      44BA83C3 
 4518      3D787435 
 4518      BB494BA6 
 4518      2D436F3F 
 4519 0087 107A1611 		.ascii	"\020z\026\021\032\264\246\333?_\036\337O U\000\326\302"
 4519      1AB4A6DB 
 4519      3F5F1EDF 
 4519      4F205500 
 4519      D6C2
 4520 0099 518316B8 		.ascii	"Q\203\026\270\200Y\204n\324\221\201\266\260\002\260"
 4520      8059846E 
 4520      D49181B6 
 4520      B002B0
 4521 00a8 6D2B0851 		.ascii	"m+\010Q\374t\261c\3206\2268s@G\316r\004\030\002\270"
 4521      FC74B163 
 4521      D0369638 
 4521      734047CE 
ARM GAS  C:\Users\acest\AppData\Local\Temp\cctDK88S.s 			page 141


 4521      72041802 
 4522 00bd 09C4CE08 		.ascii	"\011\304\316\010\210!\266\205@O\277\015\013ab:\"\334"
 4522      8821B685 
 4522      404FBF0D 
 4522      0B61623A 
 4522      22DC
 4523 00cf 82320C15 		.ascii	"\2022\014\025b\037\255\022\327\001%\340\331D\233\250"
 4523      621FAD12 
 4523      D70125E0 
 4523      D9449BA8 
 4524 00df D17422BD 		.ascii	"\321t\"\275]\011\324b?\255\245\226\347@\2766\023z\256"
 4524      5D09D462 
 4524      3FADA596 
 4524      E740BE36 
 4524      137AAE
 4525 00f2 73B0EF3D 		.ascii	"s\260\357=\210n\001\304\015#P\301\036\233\267V1\270"
 4525      886E01C4 
 4525      0D2350C1 
 4525      1E9BB756 
 4525      31B8
 4526 0104 0B5293F4 		.ascii	"\013R\223\364\202\006\355\256?3\024\304\374\357.!\336"
 4526      8206EDAE 
 4526      3F3314C4 
 4526      FCEF2E21 
 4526      DE
 4527 0115 5D828181 		.ascii	"]\202\201\201\342\313\014\267\000\2657p9!MU\032M\334"
 4527      E2CB0CB7 
 4527      00B53770 
 4527      39214D55 
 4527      1A4DDC
 4528 0128 0870074C 		.ascii	"\010p\007L\000\303`VMX\027J\217\204\006\242@\006#/m"
 4528      00C36056 
 4528      4D58174A 
 4528      8F8406A2 
 4528      4006232F 
 4529 013d 5A69F315 		.ascii	"Zi\363\025\304tff\275zg\375l\016\2226\226\004\256cu"
 4529      C4746666 
 4529      BD7A67FD 
 4529      6C0E9236 
 4529      9604AE63 
 4530 0152 0E414996 		.ascii	"\016AI\226v\031\225jU7\366\241*_\223\304&(\000\214\252"
 4530      7619956A 
 4530      5537F6A1 
 4530      2A5F93C4 
 4530      2628008C 
 4531 0167 8FB5D4D2 		.ascii	"\217\265\324\322\250\3432\270\017W\244\346$\304U\301"
 4531      A8E332B8 
 4531      0F57A4E6 
 4531      24C455C1 
 4532 0177 0C634089 		.ascii	"\014c@\211\350\270\\q\364\373\331\017HdS\2572\011\177"
 4532      E8B85C71 
 4532      F4FBD90F 
 4532      486453AF 
 4532      32097F
 4533 018a 1E218F46 		.ascii	"\036!\217F\331\337\000\026Y\356OMd\306-y\344\371\022"
 4533      D9DF0016 
 4533      59EE4F4D 
ARM GAS  C:\Users\acest\AppData\Local\Temp\cctDK88S.s 			page 142


 4533      64C62D79 
 4533      E4F912
 4534 019d AD013452 		.ascii	"\255\0014R\324f\313\243Yq\257\310QJ,\217\246%\304L\224"
 4534      D466CBA3 
 4534      5971AFC8 
 4534      514A2C8F 
 4534      A625C44C 
 4535 01b2 8B294E66 		.ascii	"\213)Nf\212Dk\201\007$\010\026\004\015Of\242:\256\204"
 4535      8A446B81 
 4535      07240816 
 4535      040D4F66 
 4535      A23AAE84 
 4536 01c6 87521311 		.ascii	"\207R\023\021\225XHf\015\251\213\333\310,\342RBG\310"
 4536      95584866 
 4536      0DA98BDB 
 4536      C82CE252 
 4536      4247C8
 4537 01d9 945948CE 		.ascii	"\224YH\316\216o\240\212\204q\025\214\264\017\337tN\247"
 4537      8E6FA08A 
 4537      8471158C 
 4537      B40FDF74 
 4537      4EA7
 4538 01eb F9A27DA3 		.ascii	"\371\242}\2433[I|\274\247\235\316\242\022C\354}V\035"
 4538      335B497C 
 4538      BCA79DCE 
 4538      A21243EC 
 4538      7D561D
 4539 01fe 57D14998 		.ascii	"W\321I\230,wg5<&1\\\212\241\302\027\272A\025<\241\276"
 4539      2C776735 
 4539      3C26315C 
 4539      8AA1C217 
 4539      BA41153C 
 4540 0214 74F71BA9 		.ascii	"t\367\033\251\357\206<j\013d\014\352\350\346\251^s)"
 4540      EF863C6A 
 4540      0B640CEA 
 4540      E8E6A95E 
 4540      7329
 4541 0226 8C353944 		.ascii	"\21459DyqT\010j\264V\011\321*s\234\"\311\025\001jl\251"
 4541      79715408 
 4541      6AB45609 
 4541      D12A739C 
 4541      22C91501 
 4542 023d D89EFF17 		.ascii	"\330\236\377\027\333\213\177c\233*\217\355\265\237\375"
 4542      DB8B7F63 
 4542      9B2A8FED 
 4542      B59FFD
 4543 024c 8278EF4E 		.ascii	"\202x\357N\351\016\223\377\023\374\375\237\030\333\336"
 4543      E90E93FF 
 4543      13FCFD9F 
 4543      18DBDE
 4544 025b B0DB7524 		.ascii	"\260\333u$\342\013G\\n\217/\022u\355\365ENF\203!\327"
 4544      E20B475C 
 4544      6E8F2F12 
 4544      75EDF545 
 4544      4E468321 
 4545 0270 21FB1E7B 		.ascii	"!\373\036{\203}\237+L\345\243\241p\360\204\317\023e"
 4545      837D9F2B 
ARM GAS  C:\Users\acest\AppData\Local\Temp\cctDK88S.s 			page 143


 4545      4CE5A3A1 
 4545      70F084CF 
 4545      1365
 4546 0282 F576BBA3 		.ascii	"\365v\273\243|4\034\0174\006\016Gc\336@\320\341\221"
 4546      7C341C0F 
 4546      34060E47 
 4546      63DE40D0 
 4546      E191
 4547 0294 EB606487 		.ascii	"\353`d\207\323\351t\004#4N\005\032\035\221\260\207>"
 4547      D3E97404 
 4547      23344E05 
 4547      1A1D91B0 
 4547      873E
 4548 02a6 F8DD9E68 		.ascii	"\370\335\236h0|\332\356aZ\263\273\311\267\256\254bw"
 4548      307CDAEE 
 4548      615AB3BB 
 4548      C9B7AEAC 
 4548      6277
 4549 02b8 7BEB76D5 		.ascii	"{\353v\325\272=^\006\315\350m\012\375\001\250\207:4"
 4549      BA3D5E06 
 4549      CDE86D0A 
 4549      FD01A887 
 4549      3A34
 4550              		.text
 4551              		.section	.gnu.lto_chFactoryFindMailbox.357.b3bfdb17,"e",%progbits
 4552 0000 789C7550 		.ascii	"x\234uPMk\023Q\024\275gn\246i\375X\270(\270\250\220"
 4552      4D6B1351 
 4552      14BD676E 
 4552      A669FD58 
 4552      B828B8A8 
 4553 0015 8D8A2093 		.ascii	"\215\212 \223F\020E\020*Qq\255\270\033\220t2\326\250"
 4553      46104510 
 4553      2A5171AD 
 4553      B81B9074 
 4553      32D6A8
 4554 0028 75C2CC64 		.ascii	"u\302\314d\321U_c\272\251`m\\\270\260\015\245\014\222"
 4554      D1555F63 
 4554      BAA9606D 
 4554      5CB8B00D 
 4554      A50C92
 4555 003b 9D6095C6 		.ascii	"\235`\225\306\212\032\254\005\025+\342?P\220\252\033"
 4555      8A1AAC05 
 4555      152BE23F 
 4555      5090AA1B 
 4556 004b AB2B4141 		.ascii	"\253+AA\357\274\024\234\372\001\367\361\336=\357p\316"
 4556      EFBC149C 
 4556      FA01F7F1 
 4556      DE3DEF70 
 4556      CE
 4557 005c 3DD73288 		.ascii	"=\3272\210\256\022\321.9`B}j\302 \245\324@\332\300\330"
 4557      AE12D12E 
 4557      3960427D 
 4557      6AC220A5 
 4557      D440DAC0 
 4558 0071 D4C4E799 		.ascii	"\324\304\347\231\245\343x\000\015\200F\015\214\342:"
 4558      A5E37800 
 4558      0D80460D 
ARM GAS  C:\Users\acest\AppData\Local\Temp\cctDK88S.s 			page 144


 4558      8CE23A
 4559 0080 4F33EA1C 		.ascii	"O3\352\034\0119\265\376\0022{\332J}{\177\343\345|\346"
 4559      0939B5FE 
 4559      02327BDA 
 4559      4A7D7B7F 
 4559      E3E57CE6 
 4560 0094 C9E5F113 		.ascii	"\311\345\361\023\021\033\324\020\302=\340.D\231\204"
 4560      111BD410 
 4560      C23DE02E 
 4560      449984
 4561 00a3 C865DA2D 		.ascii	"\310e\332-\244\327\037[J\365P\304\214\005$8\002TZ}\035"
 4561      A4D71F5B 
 4561      4AF550C4 
 4561      8C052438 
 4561      02545A7D 
 4562 00b8 E615C4D7 		.ascii	"\346\025\304\327Na\257\255\3147\337B\325\025D\022\367"
 4562      4E61AFAD 
 4562      CC37DF42 
 4562      D5154412 
 4562      F7
 4563 00c9 B141B4B2 		.ascii	"\261A\264\262\334\327EXDl\025\217/%\335\3557f[\375\370"
 4563      DCD74558 
 4563      446C158F 
 4563      2F25DDED 
 4563      37665BFD 
 4564 00de 39A9D4EA 		.ascii	"9\251\324\3524\276\254|\177\265--\003\266`j*Mr\034O"
 4564      34BEAC7C 
 4564      7FB52D2D 
 4564      03B6606A 
 4564      2A4D721C 
 4565 00f3 A5A0DA44 		.ascii	"\245\240\332D\327\330\3504c\322|\202zwsu\273\276\033"
 4565      D7D8E834 
 4565      63D27C82 
 4565      7A777375 
 4565      BBBE1B
 4566 0106 43B4865A 		.ascii	"C\264\206Z\206j0\"N5\030z\2608\253\251g\323\270\331"
 4566      866A3022 
 4566      4E35187A 
 4566      B038ABA9 
 4566      67D3B8D9 
 4567 011a 640DDF82 		.ascii	"d\015\337\202L\337\205G\300C\375\331/\222\335\021\247"
 4567      4CDF8547 
 4567      C043FDD9 
 4567      2F92DD11 
 4567      A7
 4568 012b F11833F1 		.ascii	"\361\0303\361d5T5\320\2156d\231\021\367h\217;\261\307"
 4568      64355435 
 4568      D08D3664 
 4568      9911F768 
 4568      8F3BB1C7 
 4569 013f F86C658E 		.ascii	"\370le\216M-\267\251![\2439\346\377\350/%\365?\034\216"
 4569      4D2DB7A9 
 4569      215BA339 
 4569      E6FFE82F 
 4569      25F53F1C 
 4570 0154 78339E8A 		.ascii	"x3\236\212\001\326\015\232;\"\336\202\345\216\303Vq"
 4570      01D60D9A 
ARM GAS  C:\Users\acest\AppData\Local\Temp\cctDK88S.s 			page 145


 4570      3B22DE82 
 4570      E58EC356 
 4570      71
 4571 0165 A86624B0 		.ascii	"\250f$\260\210k\263\005\011\266!QG\372_>\317\376\312"
 4571      886BB305 
 4571      09B62151 
 4571      47FA5F3E 
 4571      CFFECA
 4572 0178 F1FCCF1C 		.ascii	"\361\374\317\034/\2229\026\207\350+\252\263\373c+\212"
 4572      2F923916 
 4572      87E82BAA 
 4572      B3FB632B 
 4572      8A
 4573 0189 178CDF0B 		.ascii	"\027\214\337\013&\332\233?d\237\016\\?\260\013\216\033"
 4573      26DA9B3F 
 4573      649F0E5C 
 4573      3FB00B8E 
 4573      1B
 4574 019a 84F65137 		.ascii	"\204\366Q7\270\020ze\373\244u\304\312[\307l_\3403e\337"
 4574      B8107A65 
 4574      FBA475C4 
 4574      CA5BC76C 
 4574      5FE03365 
 4575 01af 3BEF3A21 		.ascii	";\357:!\015XV6Y\371s\245\301\322\251\260R,yY'~{\301"
 4575      0D585636 
 4575      59F973A5 
 4575      C1D2A9B0 
 4575      522C7959 
 4576 01c7 BE5C2E97 		.ascii	"\276\\.\227\365\002\251\213\245\301l\340;\362q\266\340"
 4576      F502A98B 
 4576      A5C16CE0 
 4576      3BF271B6 
 4576      E0
 4577 01d8 849E3F62 		.ascii	"\204\236?b9\224\272T\030v{\023\210U(\036<\320_p\212"
 4577      3994BA54 
 4577      18767B13 
 4577      8855281E 
 4577      3CD05F70 
 4578 01ed C4C5E1F2 		.ascii	"\304\305\341\362/\242~\324\244"
 4578      2FA27ED4 
 4578      A4
 4579              		.text
 4580              		.section	.gnu.lto_chFactoryReleaseMailbox.358.b3bfdb17,"e",%progbits
 4581 0000 789C6D91 		.ascii	"x\234m\221\317k\023A\024\307\337w\3376M\374}\021z\020"
 4581      CF6B1341 
 4581      14C7DF77 
 4581      DF364DFC 
 4581      7D117A10 
 4582 0014 0C781041 		.ascii	"\014x\020A6\215\007\025O\225\324\177@\361\266 \351&"
 4582      368D0715 
 4582      4F95D47F 
 4582      40F1B620 
 4582      E926
 4583 0026 6AAAB261 		.ascii	"j\252\262aw=x\3524\304CsI\333\024z\2519\224Az\363 \325"
 4583      773D78EA 
 4583      34C44373 
 4583      49DB147A 
ARM GAS  C:\Users\acest\AppData\Local\Temp\cctDK88S.s 			page 146


 4583      A9399441 
 4584 003e 8A3F5805 		.ascii	"\212?X\005\025\324\203\010\036\005\021\324\322\203\024"
 4584      15D48308 
 4584      1E0511D4 
 4584      D28314
 4585 004d 4F2A057D 		.ascii	"O*\005}\263\233j\324\0163\360\336\367\315|\346\313{"
 4585      B39B6AD4 
 4585      0E33F0DE 
 4585      F7CD7CE6 
 4585      CB7B
 4586 005f 798B688A 		.ascii	"y\213h\212\210\016\310\001\023fgZ\026)\245F\006-L\316"
 4586      880EC801 
 4586      1366675A 
 4586      1629A546 
 4586      062D4CCE 
 4587 0073 B472B887 		.ascii	"\264r\270\207$\003MX\230@\207\017I\372\355\343\374\217"
 4587      24034D58 
 4587      9840870F 
 4587      49FAEDE3 
 4587      FC8F
 4588 0085 DB436A29 		.ascii	"\333Cj)\206f\242\256\234d-0fY3`\367\"\013y\211\270N"
 4588      8666A2AE 
 4588      9C642D30 
 4588      66593360 
 4588      F7220B79 
 4589 009c 0763A55E 		.ascii	"\007c\245^\277[Q*G\232\031w!op\007X\006\031!\352\354"
 4589      BF5B512A 
 4589      479A1977 
 4589      216F7007 
 4589      58061921 
 4590 00b2 23CA6C92 		.ascii	"#\312l\222D\243[o\006b\265\361\263\255\324\333O\230"
 4590      44A35B6F 
 4590      0662B5F1 
 4590      B3ADD4DB 
 4590      4F98
 4591 00c4 5AB6E57F 		.ascii	"Z\266\345\177\315\266\015\254H\265\315\306\241\262\241"
 4591      CDB60DAC 
 4591      48B5CDC6 
 4591      A1B2A1
 4592 00d3 62A269B6 		.ascii	"b\242i\266\322dR\2225\250\017\337?\017\321:\232yj\302"
 4592      D2645292 
 4592      35A80FDF 
 4592      3F0FD13A 
 4592      9A796AC2 
 4593 00e7 D23CD065 		.ascii	"\322<\320e\374v\226\201\211\022=\263\304\211|\323\200"
 4593      FC769681 
 4593      89123DB3 
 4593      C4897CD3 
 4593      80
 4594 00f8 07F100B8 		.ascii	"\007\361\000\270\237\024\207\205\225\325\234\305C\334"
 4594      9F148785 
 4594      95D59CC5 
 4594      43DC
 4595 0106 306E9A68 		.ascii	"0n\232h$B\016\217 \275\320\274-\371d\343\002}Ac\256"
 4595      24420E8F 
 4595      20BDD0BC 
 4595      2DF964E3 
ARM GAS  C:\Users\acest\AppData\Local\Temp\cctDK88S.s 			page 147


 4595      027D4163 
 4596 011b 8545460F 		.ascii	"\205EF\017\316Hy\002X\335\257y\373\"\333\210\373\231"
 4596      CE487902 
 4596      58DDAF79 
 4596      FB22DB88 
 4596      FB99
 4597 012d 3BF05898 		.ascii	";\360X\2300LsGX6\236H\272\216\353=\263;\273,\343H\221"
 4597      304C7347 
 4597      58369E48 
 4597      BA8EEB3D 
 4597      B33BBB2C 
 4598 0144 5BB97CDA 		.ascii	"[\271|\332\357r\365\250\346]x&H\253g\323 w\343y\352"
 4598      EF72F5A8 
 4598      E65D7826 
 4598      48AB67D3 
 4598      2077E379 
 4599 0159 734FE273 		.ascii	"sO\342sz\374\357^\244\270\255\330/\376\353\300\313\177"
 4599      7AFCEF5E 
 4599      A4B8ADD8 
 4599      2FFEEBC0 
 4599      CB7F
 4600 016b 3BF06AB3 		.ascii	";\360j\263\003_\321x\337Y\313&Co3\376\014\203\350p\351"
 4600      035FD178 
 4600      DF59CB26 
 4600      436F33FE 
 4600      0C83E870 
 4601 0180 847B36AC 		.ascii	"\204{6\254\006\241[\366\252a\344\216V\303K\221_wO;'"
 4601      06A15BF6 
 4601      AA61E48E 
 4601      56C34B91 
 4601      5F774F3B 
 4602 0195 9D9273CA 		.ascii	"\235\222s\312\015D>W\017\374\361\252\027\321\210\343"
 4602      0D443E57 
 4602      0FFCF1AA 
 4602      17D188E3 
 4603 01a5 14FA77E9 		.ascii	"\024\372w\351bm\254v&\272Z\251\371\005\317\304~x\244"
 4603      626DAC76 
 4603      26BA5AA9 
 4603      F905CFC4 
 4603      7E78A4
 4604 01b8 582C16FC 		.ascii	"X,\026\374P\366\345\332X!\014<)\234/{\221\037\\s<\342"
 4604      50F6E5DA 
 4604      58210C3C 
 4604      299C2F7B 
 4604      911F5C73 
 4605 01ce CA95FADE 		.ascii	"\312\225\372\336>\301)W\216\037\033.{\025\372\005\352"
 4605      3EC12957 
 4605      8E1F1B2E 
 4605      7B15FA05 
 4605      EA
 4606 01df A3C645   		.ascii	"\243\306E"
 4607              		.text
 4608              		.section	.gnu.lto_chFactoryCreateObjectsFIFO.359.b3bfdb17,"e",%progbits
 4609 0000 789C7593 		.ascii	"x\234u\223mh[e\024\307\237\377}\356M\322i\372j\272\261"
 4609      6D685B65 
 4609      14C79FFF 
 4609      7DEE4DD2 
ARM GAS  C:\Users\acest\AppData\Local\Temp\cctDK88S.s 			page 148


 4609      69FA6ABA 
 4610 0015 221461A8 		.ascii	"\"\024a\250 \351:\024\305O\223\252\014?*~\013H\232\246"
 4610      20E93A14 
 4610      C54F93AA 
 4610      0C3F2A7E 
 4610      0B489AA6 
 4611 0029 33EDD694 		.ascii	"3\355\326\224\274|\320/\273Kc\007\235\270\245+nv\265"
 4611      BC7CD02F 
 4611      BB4B6307 
 4611      9DB8A52B 
 4611      6E76B5
 4612 003c B8701905 		.ascii	"\270p\031\005E\333\341\305vm]m7\347|\333|gl\253]\347"
 4612      45DBE1C5 
 4612      766D5D6D 
 4612      37E77CDB 
 4612      7C676CAB 
 4613 0052 C0B65382 		.ascii	"\300\266S\202 V)\326s\236\233&id\345\366<\271\377\373"
 4613      205629D6 
 4613      739E9B26 
 4613      6964E5F6 
 4613      3CB9FFFB 
 4614 0066 BBE79CE7 		.ascii	"\273\347\234\347\377\234\273`\010qN\010\361\034\375"
 4614      FF9CBB60 
 4614      08714E08 
 4614      F11CFD
 4615 0075 C310E8CF 		.ascii	"\303\020\350\317\364i\3024\315\335nM\353\311\034\326"
 4615      F469C234 
 4615      CDDD6E4D 
 4615      EBC91CD6 
 4616 0085 70015F9C 		.ascii	"p\001_\234\032z@Og*\355\371[\367\353\022\003\005B\307"
 4616      1A7A404F 
 4616      672AEDF9 
 4616      5BF7EB12 
 4616      030542C7 
 4617 0099 C14CDFFA 		.ascii	"\301L\337\372\373s\317\022\244\004\210\003\232\324q"
 4617      FB73CF12 
 4617      A4048803 
 4617      9AD471
 4618 00a8 00C7E490 		.ascii	"\000\307\344\220D\277\264\244\200\236\377\0054><c\232"
 4618      44BFB4A4 
 4618      809EFF05 
 4618      343E3C63 
 4618      9A
 4619 00b9 ABB78F8F 		.ascii	"\253\267\217\217\333\217\316\366\274\266\307\222\232"
 4619      DB8FCEF6 
 4619      BCB6C792 
 4619      9A
 4620 00c6 1826C006 		.ascii	"\030&\300\006>\004U\027\004\312n\361 AW\326\306M\263"
 4620      3E045517 
 4620      04CA6EF1 
 4620      204157D6 
 4620      C64DB3
 4621 00d9 425852E2 		.ascii	"BXR\342#\2240$$\337h`\3560\024\230\233\260\247n\301"
 4621      23943024 
 4621      24DF6860 
 4621      EE301498 
 4621      9BB0A76E 
ARM GAS  C:\Users\acest\AppData\Local\Temp\cctDK88S.s 			page 149


 4622 00ee ACB5A8EA 		.ascii	"\254\265\250\352\304fRO\236T\3441\207\034=kw\357al\262"
 4622      C466524F 
 4622      9E54E431 
 4622      871C3D6B 
 4622      77EF616C 
 4623 0103 1C1B51D8 		.ascii	"\034\033Q\330\211|\302I\373\027'\241\201\351\315\244"
 4623      897CC249 
 4623      FB1727A1 
 4623      81E9CDA4 
 4624 0113 91B41B9C 		.ascii	"\221\264\033\234&O\201\227\035\214O\333S7a\366\233\240"
 4624      264F8197 
 4624      1D8C4FDB 
 4624      533761F6 
 4624      9BA0
 4625 0125 DDE01C36 		.ascii	"\335\340\0346\355'y]e>]\244\247lk\203\326\361I\031}"
 4625      ED27795D 
 4625      653E5DA4 
 4625      A76C6B83 
 4625      D6F14919 
 4626 013a 59D1EF15 		.ascii	"Y\321\357\025\350+\203lB#\243se\350l\203K\340<0\013"
 4626      E82B836C 
 4626      4223A373 
 4626      65E86C83 
 4626      4BE03C30 
 4627 014f CC804DA4 		.ascii	"\314\200M\244\263\343\227\317\024K\315\333\253\013\371"
 4627      B3E397CF 
 4627      144BCDDB 
 4627      AB0BF9
 4628 015e 522E7C5A 		.ascii	"R.|Z\366\376_\252\324D\221\276a\3476h7>+\243\227\271"
 4628      F6FE5FAA 
 4628      D44491BE 
 4628      61E73668 
 4628      373E2BA3 
 4629 0174 DA25E022 		.ascii	"\332%\340\"\004\035\264H.5\220n\024\352;\217>\370\326"
 4629      041DB448 
 4629      2E35906E 
 4629      14EA3B8F 
 4629      3EF8D6
 4630 0187 9831D7D6 		.ascii	"\2301\327\326\217\230\346\317\357bll|mP\333\016vM\343"
 4630      8F98E6CF 
 4630      EF626C6C 
 4630      7C6D50DB 
 4630      0E764DE3 
 4631 019b 2039E81C 		.ascii	" 9\350\034\014\016.\016n\016\036\016|\322\036/\3601"
 4631      0C0E2E0E 
 4631      6E0E1E0E 
 4631      7CD21E2F 
 4631      F031
 4632 01ad 2A81B3A8 		.ascii	"*\201\263\250\022\024\252\201)\324\360.k\005\325\251"
 4632      1214AA81 
 4632      29D4F02E 
 4632      6B05D5A9 
 4633 01bd 03C6E113 		.ascii	"\003\306\341\023T\256\236{\331*\270\033qD\362 \232:"
 4633      54AE9E7B 
 4633      D92AB81B 
 4633      7144F220 
 4633      9A3A
ARM GAS  C:\Users\acest\AppData\Local\Temp\cctDK88S.s 			page 150


 4634 01cf CC19218E 		.ascii	"\314\031!\216J\315\2719H7\3130\027\377^\336\246\326"
 4634      4ACDB939 
 4634      4837CB30 
 4634      17FF5EDE 
 4634      A6D6
 4635 01e1 7F3AD4F2 		.ascii	"\177:\324\362o\207\310!\335(\322\320,Y1,\241\016\223"
 4635      6F87C821 
 4635      DD28D2D0 
 4635      2C59312C 
 4635      A10E93
 4636 01f4 47738B32 		.ascii	"Gs\2132B\351[F\244\222Os\357\367\340+\340K\365p'e\366"
 4636      42E95B46 
 4636      A4924F73 
 4636      EFF7E02B 
 4636      E04BF570 
 4637 020b 58F25E7C 		.ascii	"X\362^|\215\267\331\3564RJ\360\3422\310\024KV\252\032"
 4637      8DB7D9EE 
 4637      34524AF0 
 4637      E232C814 
 4637      4B56AA1A 
 4638 021f 039DE277 		.ascii	"\003\235\342w\364\014\365\376\206\254\244\313\233%]"
 4638      F40CF5FE 
 4638      86ACA4CB 
 4638      9B255D
 4639 022e 0974A365 		.ascii	"\011t\243e\235j\006\326\351\257\212\364T\216uI\034C"
 4639      9D6A06D6 
 4639      E9AF8AF4 
 4639      548E7549 
 4639      1C43
 4640 0240 6F1EBA41 		.ascii	"o\036\272AwU\012\224\224-\325H6\220\240\022\037_\331"
 4640      77550A94 
 4640      942DD548 
 4640      3690A012 
 4640      1F5FD9
 4641 0253 56CCAC67 		.ascii	"V\314\254ge\265\223\311\307\342(g1Hv4\275P\321\245d"
 4641      65B593C9 
 4641      C7E22867 
 4641      31487634 
 4641      BD50D1A5 
 4642 0268 6FE1DE4D 		.ascii	"o\341\336M\022\276A\261X\215\252\356v\212\235gA\025"
 4642      12BE41B1 
 4642      588DAAEE 
 4642      768A9D67 
 4642      4115
 4643 027a 3BE9141B 		.ascii	";\351\024\033\355e\246V\365T\3550\263,(fl\243\241\013"
 4643      ED65A656 
 4643      F554ED30 
 4643      B32C2866 
 4643      6CA3A10B 
 4644 028e D48D47A5 		.ascii	"\324\215G\245\252%\177\0175f\245O9Y5L\337\267\310\312"
 4644      AA257F0F 
 4644      3566A54F 
 4644      3959354C 
 4644      DFB7C8CA 
 4645 02a2 BABB58FB 		.ascii	"\272\273X\373C\251\265\253w\006\007\\\226\254\306\217"
 4645      43A9B5AB 
 4645      7706075C 
ARM GAS  C:\Users\acest\AppData\Local\Temp\cctDK88S.s 			page 151


 4645      96ACC68F 
 4646 02b2 642FF2F6 		.ascii	"d/\362\366\216\337\031<J\316\326\340'\266XU\361Z\252"
 4646      8EDF193C 
 4646      4ACED6E0 
 4646      27B65855 
 4646      F15AAA
 4647 02c5 3C753243 		.ascii	"<u2C\202Ou2A\235,!\2754\267\235\024\266@Sc\313\003!"
 4647      824F7532 
 4647      419D2C21 
 4647      BD34B79D 
 4647      14B64053 
 4648 02dd AFBEBE98 		.ascii	"\257\276\276\230\321\012\0031\2712\002|\256\366\177"
 4648      D10A0331 
 4648      B932027C 
 4648      AEF67F
 4649 02ec A6F73625 		.ascii	"\246\3676%\250\317\277!\360\275p\322^bU\301\323+\017"
 4649      A8CFBF21 
 4649      F0BD70D2 
 4649      5E6255C1 
 4649      D32B0F
 4650 02ff 39E09F24 		.ascii	"9\340\237$m%\320q\207\230\213,(\346;\305\244\006\372"
 4650      6D25D071 
 4650      87988B2C 
 4650      28E63BC5 
 4650      A406FA
 4651 0312 48A9505B 		.ascii	"H\251P[\243\275\214\354\260d\035\361\270Z:9\367\341"
 4651      A3BD8CEC 
 4651      B0641DF1 
 4651      B85A3A39 
 4651      F7E1
 4652 0324 1A6D4DE3 		.ascii	"\032mM\343\255\221\360+\371\341\301uj4\207\267L\335"
 4652      AD91F02B 
 4652      F9E1C175 
 4652      6A3487B7 
 4652      4CDD
 4653 0336 9949DF30 		.ascii	"\231I\3370\235;9V\3418\256\306\207\012\327[\324\021"
 4653      9D3B3956 
 4653      E138AEC6 
 4653      870AD75B 
 4653      D411
 4654 0348 EF46DF3C 		.ascii	"\357F\337<\336\327VN\260/\233\207Z\027w\033\345\205"
 4654      DED7564E 
 4654      B02F9B87 
 4654      5A17771B 
 4654      E585
 4655 035a FF8DF2CD 		.ascii	"\377\215\362\315\362Q^,\035\345\371N\361\007R\357<\306"
 4655      F2515E2C 
 4655      1DE5F94E 
 4655      F10752EF 
 4655      3CC6
 4656 036c 360BFED4 		.ascii	"6\013\376\324P\374\324\204x\244\345\311\300\213\361"
 4656      50FCD484 
 4656      78A4E5C9 
 4656      C08BF1
 4657 037b 702C1E08 		.ascii	"p,\036\010\206\302\361D\340\351p\2743\021\355\016<\357"
 4657      86C2F144 
 4657      E0E970BC 
ARM GAS  C:\Users\acest\AppData\Local\Temp\cctDK88S.s 			page 152


 4657      3311ED0E 
 4657      3CEF
 4658 038d 7FCADFE2 		.ascii	"\177\312\337\342\177&\020#\371\245\356X\264#\034J\210"
 4658      7F261023 
 4658      F9A5EE58 
 4658      B4231C4A 
 4658      88
 4659 039e DD7E7F53 		.ascii	"\335~\177S\351\325\362r\2445\362B\"\331\026\2116\205"
 4659      E9D5F272 
 4659      A435F242 
 4659      22D91689 
 4659      3685
 4660 03b0 F87734BE 		.ascii	"\370w4\276\253\271\271\271)\032\247k_\244\265)\036\013"
 4660      ABB9B9B9 
 4660      291AA76B 
 4660      5FA4B529 
 4660      1E0B
 4661 03c2 D183F660 		.ascii	"\321\203\366`(\021\215\275\342\017\011\275+\270?\354"
 4661      28118DBD 
 4661      E20F09BD 
 4661      2BB83FEC 
 4662 03d2 2B51FCC1 		.ascii	"+Q\374\301\266'\036\337\031\014\265\011w\264\265#\036"
 4662      B6271EDF 
 4662      190CB509 
 4662      77B4B523 
 4662      1E
 4663 03e3 7935ACD3 		.ascii	"y5\254\323\332\345\241\020\334\027\331\333\245\267E"
 4663      DAE5A110 
 4663      DC17D9DB 
 4663      A5B745
 4664 03f2 DBBB0DD6 		.ascii	"\333\273\015\326w\251\330\354\242'\255\311v\327\376"
 4664      77A9D8EC 
 4664      A227ADC9 
 4664      76D7FE
 4665 0401 F85E5AFE 		.ascii	"\370^Z\376\003\253i\022\223"
 4665      03AB6912 
 4665      93
 4666              		.text
 4667              		.section	.gnu.lto_chFactoryFindObjectsFIFO.360.b3bfdb17,"e",%progbits
 4668 0000 789C7550 		.ascii	"x\234uPKk\023Q\030\375\316\334\231\246\365\261\024J"
 4668      4B6B1351 
 4668      18FDCEDC 
 4668      99A6F5B1 
 4668      144A
 4669 0012 5759F840 		.ascii	"WY\370@\220I#\212\322U%*\256\025w\0032\235L1>2af\262"
 4669      9049238A 
 4669      D255252A 
 4669      AE157703 
 4669      329D4C31 
 4670 002b 70D59B98 		.ascii	"p\325\233\230n\352\"&.T\324P\312 \335\211\370H\032\037"
 4670      6EEA2226 
 4670      2E54D450 
 4670      CA20DD89 
 4670      F8481A1F 
 4671 003f 0DB6E263 		.ascii	"\015\266\342c\243\024\374\001\026\004q\241\305\225\210"
 4671      A314FC01 
 4671      160471A1 
ARM GAS  C:\Users\acest\AppData\Local\Temp\cctDK88S.s 			page 153


 4671      C59588
 4672 004e A0DFDC14 		.ascii	"\240\337\334\024\234\372\200\357r\357w\356\341\234\357"
 4672      9CFA80EF 
 4672      72EF77EE 
 4672      E19CEF
 4673 005d 7C598DA8 		.ascii	"|Y\215\250ND;\371@\020\232\215\031\215\244\224\343)"
 4673      4E443BF9 
 4673      40109A8D 
 4673      198DA494 
 4673      E329
 4674 006f 0D95C6CC 		.ascii	"\015\225\306\314\233\356\322Q<\202\002@S\032\246pE\334"
 4674      9BEED251 
 4674      3C820240 
 4674      531AA670 
 4674      45DC
 4675 0081 14688A88 		.ascii	"\024h\212\210\311\372\372\013H\357\356I\371\355\303"
 4675      C9FAFA0B 
 4675      48EFEE49 
 4675      F9EDC3
 4676 0090 D56BED7D 		.ascii	"\325k\355}\317.N\037\213\204F-&<\000\356\203\225\211"
 4676      CF2E4E1F 
 4676      8B84462D 
 4676      263C00EE 
 4676      839589
 4677 00a3 89A244BB 		.ascii	"\211\242D\273\230\364\366{G\312!\212\204@\033\011\016"
 4677      98F4F67B 
 4677      47CA218A 
 4677      84401B09 
 4677      0E
 4678 00b4 03E5D591 		.ascii	"\003\345\325\221>\363\022\342k\007\263\327\256\267\037"
 4678      3EF312E2 
 4678      6B07B3D7 
 4678      AEB71F
 4679 00c3 BF876C4A 		.ascii	"\277\207lJ\260$\026\260A\264\374ed\200\320El\025\217"
 4679      B02416B0 
 4679      41B4FC65 
 4679      6480D045 
 4679      6C158F
 4680 00d6 CFC5DD9D 		.ascii	"\317\305\335\235\025\243'\177\374\254K\371b\001\225"
 4680      15A3277F 
 4680      FCAC4BF9 
 4680      620195
 4681 00e5 BB9D7737 		.ascii	"\273\235w7\264\024O\330\201\241\270T\027q>\251C\366"
 4681      B4144FD8 
 4681      81A1B854 
 4681      17713EA9 
 4681      43F6
 4682 00f7 882E0BAD 		.ascii	"\210.\013\255\337T\270\371\004\271z\357\363\260\272"
 4682      DF54B8F9 
 4682      04B97AEF 
 4682      F3B0BA
 4683 0106 1F16690D 		.ascii	"\037\026i\015\2654\325\240EBo\011\250\311\342\260\206"
 4683      B534D5A0 
 4683      45426F09 
 4683      A8C9E2B0 
 4683      86
 4684 0117 1A4EE1C6 		.ascii	"\032N\341\306\274P\360m\360\370\003x\012<Q\237\243,"
ARM GAS  C:\Users\acest\AppData\Local\Temp\cctDK88S.s 			page 154


 4684      BC50F06D 
 4684      F0F80378 
 4684      0A3C519F 
 4684      A32C
 4685 0129 39188914 		.ascii	"9\030\211\024\026q+\036\255\206\252\002\006\321\003"
 4685      16712B1E 
 4685      AD86AA02 
 4685      06D103
 4686 0138 6F331243 		.ascii	"o3\022C\312\243\033{L\31760'\014\245\267\251\305{\243"
 4686      CAA31B7B 
 4686      4CCF3630 
 4686      270CA5B7 
 4686      A9C57BA3 
 4687 014c 3921FE63 		.ascii	"9!\376c\260\2244\370\270\314B\233\261\314\026X\267\230"
 4687      B09434F8 
 4687      B8CC429B 
 4687      B1CC1658 
 4687      B798
 4688 015e DF1E892D 		.ascii	"\337\036\211-x\336\367\330\312\036\3254Gfue\267\310"
 4688      78DEF7D8 
 4688      CA1ED534 
 4688      47667565 
 4688      B7C8
 4689 0170 D13664EA 		.ascii	"\3216d\352k\377\313\350\345_I^\375\231\344u2\311J\221"
 4689      6BFFCBE8 
 4689      E55F495E 
 4689      FD99E475 
 4689      32C94A91 
 4690 0184 BEA23ABB 		.ascii	"\276\242:\273?\266\242x\305\370\275b\242=\2711\353d"
 4690      3FB6A278 
 4690      C5F8BD62 
 4690      A23DB931 
 4690      EB64
 4691 0196 E0FA8165 		.ascii	"\340\372\201e;n\020Z\207\335\340l\350\225\254\343\346"
 4691      3B6E105A 
 4691      87DDE06C 
 4691      E895ACE3 
 4691      E6
 4692 01a7 2133671E 		.ascii	"!3g\036\261|\206O\225|\357\214\353\2044n\232\231d\345"
 4692      B17C864F 
 4692      957CEF8C 
 4692      EB84346E 
 4692      9A9964E5 
 4693 01bb 4E17260A 		.ascii	"N\027&\012'\302r\276\340e\234\370\355\005{\263\331l"
 4693      27C272BE 
 4693      E0659CF8 
 4693      ED057BB3 
 4693      D96C
 4694 01cd C60BB8CE 		.ascii	"\306\013\270\316\025&2\201\357\360\307\244\355\204\236"
 4694      15263281 
 4694      EFF0C7A4 
 4694      ED849E
 4695 01dc 7FC17448 		.ascii	"\177\301tH/\332\347\335m\011\304\264\363\007\017\214"
 4695      2FDAE7DD 
 4695      6D09C4B4 
 4695      F3070F8C 
 4696 01ec DA4E9EF4 		.ascii	"\332N\236\364\2747Y\372\005\375.\326\037"
ARM GAS  C:\Users\acest\AppData\Local\Temp\cctDK88S.s 			page 155


 4696      BC3759FA 
 4696      05FD2ED6 
 4696      1F
 4697              		.text
 4698              		.section	.gnu.lto_chFactoryReleaseObjectsFIFO.361.b3bfdb17,"e",%progbits
 4699 0000 789C6D91 		.ascii	"x\234m\221\315k\023Q\024\305\357\231;M\023\2777Bq\025"
 4699      CD6B1351 
 4699      14C5EF99 
 4699      3B4D13BF 
 4699      37427115 
 4700 0014 50104126 		.ascii	"P\020A&\215\233\026W\225\324\177@q7 \351$\305\2500a"
 4700      8D9B1657 
 4700      95D47F40 
 4700      713720E9 
 4700      24C5A830 
 4701 0029 66BA70D5 		.ascii	"f\272p\325\327\0207\331\304\324\202B5\213\362\220\354"
 4701      D71037D9 
 4701      C4D48242 
 4701      358BF290 
 4701      EC
 4702 003a 5C692ADA 		.ascii	"\\i*\3322\012*\370\001\342_ BQ\\\264\305\225\013A\357"
 4702      320A2AF8 
 4702      01E25F20 
 4702      42515CB4 
 4702      C5950B41 
 4703 004f BC4935DA 		.ascii	"\274I5\332\016\357\301\275\3472\277w87o\021\265\210"
 4703      0EEFC1BD 
 4703      E732BF77 
 4703      38376F11 
 4703      B588
 4704 0061 E8B85C30 		.ascii	"\350\270\\0a\261\323\262H)55ja\241\323\312\341\011L"
 4704      61B1D3B2 
 4704      48293535 
 4704      6A61A1D3 
 4704      CAE1094C 
 4705 0075 079AB730 		.ascii	"\007\232\2670\217\333|J\332\037\033w\326\373c\252\027"
 4705      8FDB7C4A 
 4705      DA1F1B77 
 4705      D6FB63AA 
 4705      17
 4706 0086 43335157 		.ascii	"C3QW\256\371\3561\026Y3`\017*\013y\251\270N'c\245>l"
 4706      AEF9EE31 
 4706      16593360 
 4706      0F2A0B79 
 4706      A9B84E27 
 4707 009e AE2A9523 		.ascii	"\256*\225#\315\214>\344\037<\006\036\201\022an\355\030"
 4707      CD8C3EE4 
 4707      1F3C061E 
 4707      8112616E 
 4707      ED18
 4708 00b0 51668724 		.ascii	"Qf\207$\032=\3748\022\253\237\277\332Jm|\301\373\276"
 4708      1A3DFC38 
 4708      12AB9FBF 
 4708      DA4A6D7C 
 4708      C1FBBE
 4709 00c3 2DEF6BB6 		.ascii	"-\357k\266m`U\246mN\034*\033*&\272\305V\332,H\363\015"
 4709      6D6055A6 
ARM GAS  C:\Users\acest\AppData\Local\Temp\cctDK88S.s 			page 156


 4709      6D4E1C2A 
 4709      1B2A26BA 
 4709      C556DA2C 
 4710 00da EA73676B 		.ascii	"\352sgk\214\266\321\314S\023\226\346\221.\343\217\263"
 4710      8CB6D1CC 
 4710      531396E6 
 4710      912EE38F 
 4710      B3
 4711 00eb 0C92CAE8 		.ascii	"\014\222\312\350\231\036\033\371A\002\036\3053\340\251"
 4711      991E1BF9 
 4711      41021EC5 
 4711      33E0A9
 4712 00fa 198E0B2B 		.ascii	"\031\216\013+\2539\2135\334O\3344\3210B\016\353\220"
 4712      AB398B35 
 4712      DC4FDC34 
 4712      D130420E 
 4712      EB90
 4713 010c 2C34EF33 		.ascii	",4\3573\217,\371\264\211\306R\013+\214\001\234\221\362"
 4713      8F2CF9B4 
 4713      89C6520B 
 4713      2B8C019C 
 4713      91F2
 4714 011e 04D03BA1 		.ascii	"\004\320;\241y\377\012\333\210\207\231\007\360\\\230"
 4714      79FF0ADB 
 4714      88879907 
 4714      F05C98
 4715 012d 4898227C 		.ascii	"H\230\"|\025\226\215\027\322n\343\346\300\354\301.\313"
 4715      15968D17 
 4715      D26EE3E6 
 4715      C0ECC12E 
 4715      CB
 4716 013e 3A52E45E 		.ascii	":R\344^._\016\273\354Mh>\204W\202\264\0066\023\344a"
 4716      2E5F0EBB 
 4716      EC4D683E 
 4716      845782B4 
 4716      063613E4 
 4717 0153 BC4E7D1E 		.ascii	"\274N}\0361>\357\372\377f\221\342\366b\277\331\225\300"
 4717      313EEFFA 
 4717      FF6691E2 
 4717      F662BFD9 
 4717      95C0
 4718 0165 DBFF1378 		.ascii	"\333\377\023x\267\223\300w4>-oe\315\322\333\214\277"
 4718      B793C077 
 4718      343E2D6F 
 4718      65CDD2DB 
 4718      8CBF
 4719 0177 CB203A5D 		.ascii	"\313 :]:\353^\012\253A\350\226\275j\030\271\323\325"
 4719      3AEB5E0A 
 4719      AB41E896 
 4719      BD6A18B9 
 4719      D3D5
 4720 0189 F05AE4D7 		.ascii	"\360Z\344\327\335\013\3169\247\344\234w\003\221/\327"
 4720      DD0BCE39 
 4720      A7E49C77 
 4720      03912FD7 
 4721 0199 03FF6AD5 		.ascii	"\003\377j\325\213h\312q\012\303\247t\2456S\273\030\315"
 4721      8B68CA71 
ARM GAS  C:\Users\acest\AppData\Local\Temp\cctDK88S.s 			page 157


 4721      0AC3A774 
 4721      A53653BB 
 4721      18CD
 4722 01ab 556A7EC1 		.ascii	"Uj~\301Kj?<S,\026\013~(\347zm\246\020\006\236\014f\313"
 4722      4B6A3F3C 
 4722      532C160B 
 4722      7E28E77A 
 4722      6DA61006 
 4723 01c3 5EE40737 		.ascii	"^\344\0077\034\217\354\212?[?:\2448\345\312\344\304"
 4723      1C8FEC8A 
 4723      3F5B3F3A 
 4723      A438E5CA 
 4723      E4C4
 4724 01d5 78D9ABD0 		.ascii	"x\331\253\320o\200\337\305\350"
 4724      6F80DFC5 
 4724      E8
 4725              		.text
 4726              		.section	.gnu.lto_chFactoryCreatePipe.362.b3bfdb17,"e",%progbits
 4727 0000 789C7552 		.ascii	"x\234uR]HSa\030~\337\357=sS\323\376A\006\302\010\242"
 4727      5D485361 
 4727      187EDFEF 
 4727      3D7353D3 
 4727      FE4106C2 
 4728 0016 82D8348A 		.ascii	"\202\3304\212\242+C\213\350\262\350n\024s[\264\3766"
 4728      A22B438B 
 4728      E8B2E86E 
 4728      14735BB4 
 4728      FE36
 4729 0028 76B68BBA 		.ascii	"v\266\213\272\3618\227\205\006:5\274p\015\033\207\360"
 4729      F1389785 
 4729      063A35BC 
 4729      700D1B87 
 4729      F0
 4730 0039 2E0C45FB 		.ascii	".\014E\373\303\231\321\017&\204\025\322E!F\220]\224"
 4730      C399D10F 
 4730      268415D2 
 4730      45214690 
 4730      5D94
 4731 004b EC2631CB 		.ascii	"\354&1\313\336\357\333\260\255\020\276\363\363=\347"
 4731      DEEFDBB0 
 4731      AD10BEF3 
 4731      F33DE7
 4732 005a F9DEE779 		.ascii	"\371\336\347y\237\3674\020@7\000\034\343\013-\200]\211"
 4732      9FF73410 
 4732      4037001C 
 4732      E30B2D80 
 4732      5D89
 4733 006c 36018661 		.ascii	"6\001\206a\324Y\205hI\264\013|\214\223\267\223\333\264"
 4733      D4598568 
 4733      49B40B7C 
 4733      8C93B793 
 4733      DBB4
 4734 007e 78A272F8 		.ascii	"x\242r\370\343\247j\215\260g\225\241as\242m\346\345"
 4734      E3A76A8D 
 4734      B06795A1 
 4734      6173A26D 
 4734      E6E5
ARM GAS  C:\Users\acest\AppData\Local\Temp\cctDK88S.s 			page 158


 4735 0090 C4112629 		.ascii	"\304\021&)\000\241I\220\206M\330MI\302.2\011P\313\277"
 4735      00A14990 
 4735      864DD84D 
 4735      49C22E32 
 4735      0950CBBF 
 4736 00a4 213A7665 		.ascii	"!:ve\014c\361s\357\322\310\336\361\226\253GM\022\220"
 4736      0C63F173 
 4736      EFD2C8DE 
 4736      F196AB47 
 4736      4D1290
 4737 00b7 62C230E2 		.ascii	"b\3020\342\020\262:0\221B\260\203I\257?\214\032F)\230"
 4737      10B23A30 
 4737      9142B083 
 4737      49AF3F8C 
 4737      1A462998 
 4738 00cb 44388205 		.ascii	"D8\202\005\034\006\242\327\355\222\327\2169\342R\236"
 4738      1C06A2D7 
 4738      ED92D78E 
 4738      39E2529E 
 4739 00db A8E1FD62 		.ascii	"\250\341\375b\242\026\275i\317\225\354D\371\330\316"
 4739      A216BD69 
 4739      CF95EC44 
 4739      F9D8CE
 4740 00ea EC859F23 		.ascii	"\354\205\237#\313\263ht\031\310\332\370\020\213\324"
 4740      CBB36874 
 4740      19C8DAF8 
 4740      108BD4
 4741 00f9 A3697B09 		.ascii	"\243i{\011\340#\224\236d\026\274xww\332\2221\226W:\014"
 4741      E023949E 
 4741      6416BC78 
 4741      7777DA92 
 4741      3196573A 
 4742 010e 63660C9B 		.ascii	"cf\014\233\007\027\247\222\242\002\271\274E\360\255"
 4742      0717A792 
 4742      A202B9BC 
 4742      45F0AD
 4743 011d 84F826AC 		.ascii	"\204\370&\254\210\017\320\2068\212e\352<t\220\214\307"
 4743      880FD086 
 4743      388A65EA 
 4743      3C74908C 
 4743      C7
 4744 012e D0D0C800 		.ascii	"\320\320\310\000t\222\310m\232y\363\025\215\271\037"
 4744      7492C86D 
 4744      9A79F315 
 4744      8DB91F
 4745 013d DFABD473 		.ascii	"\337\253\324s)\010\013\030w@\034\205I\326\024\241r+"
 4745      29080B18 
 4745      77401C85 
 4745      49D614A1 
 4745      722B
 4746 014f 93B229C3 		.ascii	"\223\262)\303\012\267\015\220\202\357H\315R\314 \216"
 4746      0AB70D90 
 4746      82EF48CD 
 4746      52CC208E 
 4747 015f A98F355C 		.ascii	"\251\2175\\\322fR\031\216\343-i7\2161\005\224\343\023"
 4747      D2665219 
 4747      8EE32D69 
ARM GAS  C:\Users\acest\AppData\Local\Temp\cctDK88S.s 			page 159


 4747      378E3105 
 4747      94E313
 4748 0172 E46198B4 		.ascii	"\344a\230\264Ni\374\016\3027lI\266\376\022i\3024Yeu"
 4748      4E69FC0E 
 4748      C2376C49 
 4748      B6FE1269 
 4748      C2345965 
 4749 0187 0BCE022B 		.ascii	"\013\316\002+_s\244\251LiT\244x\020\220&\333\032\242"
 4749      5F73A4A9 
 4749      4C6954A4 
 4749      78109026 
 4749      DB1AA2
 4750 019a CF0A4547 		.ascii	"\317\012EG\237&\263\\\276\022\237\2630\346\205\027W"
 4750      9F26B35C 
 4750      BE129FB3 
 4750      30E68517 
 4750      57
 4751 01ab FA4E99B4 		.ascii	"\372N\231\264\036_H\355t\256\011\013\262\235\015\354"
 4751      1E5F48ED 
 4751      74AE090B 
 4751      B29D0DEC 
 4752 01bb 22E6E050 		.ascii	"\"\346\340PXK\031\352\315V\301<\306\347'\354\214H\232"
 4752      584B19EA 
 4752      CD56C13C 
 4752      C6E727EC 
 4752      8C489A
 4753 01ce 50D9CB98 		.ascii	"P\331\313\230\350\375\215\271\204X\215\251/\273\223"
 4753      E8FD8DB9 
 4753      84588DA9 
 4753      2FBB93
 4754 01dd BDC77ADA 		.ascii	"\275\307z\332\370\254PfX}\240\332\244\215|\022'\013"
 4754      F8AC5066 
 4754      587DA0DA 
 4754      A48D7C12 
 4754      270B
 4755 01ef 53D884AF 		.ascii	"S\330\204\257\330\214\220f\030\370\302\035\224\340\024"
 4755      D88C9066 
 4755      18F8C21D 
 4755      94E014
 4756 01fe D7E5D6EF 		.ascii	"\327\345\326\357\265\276+I\023\345\305 \327zk\177y."
 4756      B5BE2B49 
 4756      13E5C520 
 4756      D77A6B7F 
 4756      792E
 4757 0210 F5CD2922 		.ascii	"\365\315)\"\331\271P\024\253I[\224\023\255x`\203\354"
 4757      D9B95014 
 4757      AB495B94 
 4757      13AD7860 
 4757      83EC
 4758 0222 B968521A 		.ascii	"\271hR\032\2545\237\351\377\346\363\346\337\371\274"
 4758      AC359FE9 
 4758      FFE6F3E6 
 4758      DFF9BC
 4759 0231 2D9CCF50 		.ascii	"-\234\317P\030\262\030\353\337'\343\001\371\343\340"
 4759      18B218EB 
 4759      DF27E301 
 4759      F9E3E0
ARM GAS  C:\Users\acest\AppData\Local\Temp\cctDK88S.s 			page 160


 4760 0240 DF1F0760 		.ascii	"\337\037\007`w\375A\367I\335\037\326\335\036\257_\217"
 4760      77FD41F7 
 4760      49DD1FD6 
 4760      DD1EAF5F 
 4760      8F
 4761 0251 B81BFCFA 		.ascii	"\270\033\374\372\371H0\344>\356<\344\254w\036v\207\031"
 4761      F94830E4 
 4761      3EEE3CE4 
 4761      AC771E76 
 4761      8719
 4762 0263 3E1D0A07 		.ascii	">\035\012\007\317\371\275\021\250s:]\205\253\376l\240"
 4762      CFF9BD11 
 4762      A8733A5D 
 4762      85ABFE6C 
 4762      A0
 4763 0274 31702212 		.ascii	"1p\"\022\365\005\202.\257|\017\352{jkk]A\235\327\205"
 4763      F505822E 
 4763      AF7C0FEA 
 4763      7B6A6B6B 
 4763      5D419DD7 
 4764 0289 40A34B0F 		.ascii	"@\243K\017{\371\303\031\2177\022\014_vzA\273\344\271"
 4764      7BF9C319 
 4764      8F37120C 
 4764      5F767A41 
 4764      BBE4B9
 4765 029c E8DF5A80 		.ascii	"\350\337Z\2008=\276\003\373k<^\037hz\340\212\237|\241"
 4765      383DBE03 
 4765      FB6B3C5E 
 4765      1F687AE0 
 4765      8A9F7CA1 
 4766 02b0 D01F8E71 		.ascii	"\320\037\216q4\340"
 4766      34E0
 4767              		.text
 4768              		.section	.gnu.lto_chFactoryFindPipe.363.b3bfdb17,"e",%progbits
 4769 0000 789C7550 		.ascii	"x\234uPKh\023Q\024\275gn\246i\375,\\\210\355.\033\025"
 4769      4B681351 
 4769      14BD676E 
 4769      A669FD2C 
 4769      5C88ED2E 
 4770 0016 41268D28 		.ascii	"A&\215(\212\270\250D\305\265\342.P\322\311\210\3617"
 4770      8AB8A844 
 4770      C5B5E22E 
 4770      50D2C988 
 4770      F137
 4771 0028 C3CC64D1 		.ascii	"\303\314d\321U_c\272\251`\233\210\350BC)\203t\347Fi"
 4771      555F63BA 
 4771      A9609B88 
 4771      E8424329 
 4771      8374E746 
 4772 003d 63FD44AA 		.ascii	"c\375D\252\340\027\304\255\202\"\370\251\253R7\012\001"
 4772      E017C4AD 
 4772      8222F8A9 
 4772      AB52370A 
 4772      01
 4773 004e 7BE7A560 		.ascii	"{\347\245`\352\007\356\343\275{\336\341\234{\256e\020"
 4773      EA07EEE3 
 4773      BD7BDEE1 
ARM GAS  C:\Users\acest\AppData\Local\Temp\cctDK88S.s 			page 161


 4773      9C7BAE65 
 4773      10
 4774 005f 5D22A26D 		.ascii	"]\"\242mr\300\204Zu\334 \245\324@\322\300hu\374\313"
 4774      72C0845A 
 4774      75DC20A5 
 4774      D440D2C0 
 4774      6875FCCB 
 4775 0073 CB852398 		.ascii	"\313\205#\230\207\006@#\006Fp\231\2573j\034\0119\261"
 4775      87064023 
 4775      06467099 
 4775      AF336A1C 
 4775      0939B1
 4776 0086 FA02523B 		.ascii	"\372\002R;\232J\375\370tu\276\261\373\321\205\261\243"
 4776      9A4AFDF8 
 4776      7475BEB1 
 4776      FBD185B1 
 4776      A3
 4777 0097 111B5417 		.ascii	"\021\033T\027\302\035\3406D\231\204\310\036m\027\322"
 4777      C21DE036 
 4777      449984C8 
 4777      1E6D17D2 
 4778 00a7 EBB7734A 		.ascii	"\353\267sJ\365P\304\214Ytp\004(\275\353k3/\"\276\266"
 4778      F550C48C 
 4778      59747004 
 4778      28BDEB6B 
 4778      332F22BE 
 4779 00bc 0A7BE95E 		.ascii	"\012{\351^\243\365\001\252\246 \222h`\215hi\261\257"
 4779      A3F501AA 
 4779      A6209268 
 4779      608D6869 
 4779      B1AF
 4780 00ce 8B7017B1 		.ascii	"\213p\027\261U<\276\224t\267\336\230M\325\3725\241\324"
 4780      553CBE94 
 4780      74B7DE98 
 4780      4DD5FA35 
 4780      A1D4
 4781 00e0 FB17A8BE 		.ascii	"\373\027\250\276\232\375\274))\003\316\301\324T\232"
 4781      9AFDBC29 
 4781      2903CEC1 
 4781      D4549A
 4782 00ef E0389E4A 		.ascii	"\3408\236J@5\211&\331h7\243\322|\203\372\370s\271W\337"
 4782      40358926 
 4782      D96837A3 
 4782      D27C83FA 
 4782      F873B957 
 4783 0104 2D9F9650 		.ascii	"-\237\226PIQ\005F\304\211:C\017\026g5\365l\0327gX\303"
 4783      49510546 
 4783      C4893A43 
 4783      0F166735 
 4783      F56C1A37 
 4784 011b 3721D377 		.ascii	"7!\323w\341\001p_\177\366\213dw\304I<\304\215x\262\012"
 4784      E101705F 
 4784      7FF68B64 
 4784      77C4493C 
 4784      C48D78B2 
 4785 0130 CA1AE846 		.ascii	"\312\032\350F\023\262\314\210{\264\307d \036cS\203\323"
 4785      13B2CC88 
ARM GAS  C:\Users\acest\AppData\Local\Temp\cctDK88S.s 			page 162


 4785      7BB4C764 
 4785      201E6353 
 4785      83D3
 4786 0142 6C6AB975 		.ascii	"lj\271uu\331\032M3\377G\177\241S\177\346@\304\353\361"
 4786      75D91A4D 
 4786      33FF477F 
 4786      A1537FE6 
 4786      40C4EBF1 
 4787 0156 580CB06A 		.ascii	"X\014\260j\360uK\304\033\360\244\355\260Q\034\312)\011"
 4787      F0754BC4 
 4787      1BF0A4ED 
 4787      B0511CCA 
 4787      2909
 4788 0168 2CE2DAEC 		.ascii	",\342\332\354\312\367\336\265\211\332\322\377\362y\372"
 4788      CAF7DEB5 
 4788      89DAD2FF 
 4788      F279FA
 4789 0177 578E677F 		.ascii	"W\216g\177\346x\336\231\343Z@\313(O\355\211\255(^0~"
 4789      E678DE99 
 4789      E35A40CB 
 4789      284FED89 
 4789      AD285E30 
 4790 018c 2F986867 		.ascii	"/\230hgv\177\356D\340\370A.o;A\230;\344\004gB\327\313"
 4790      767FEE44 
 4790      E0F8412E 
 4790      6F3B4198 
 4790      3BE40467 
 4791 01a3 1DB30E5A 		.ascii	"\035\263\016ZY\353p\316\027x\320\363\335\323\216\035"
 4791      59EB70CE 
 4791      1778D0F3 
 4791      DDD38E1D 
 4792 01b3 D28065A5 		.ascii	"\322\200e\245;+{\2528T<\036\226\012E7m\307o7\330\225"
 4792      3B2B7BAA 
 4792      38543C1E 
 4792      960A4537 
 4792      6DC76F37 
 4793 01c9 C964D26E 		.ascii	"\311d\322n u\2668\224\016|[>N\346\355\320\365\207-\233"
 4793      2075B638 
 4793      940E7C5B 
 4793      3E4EE6ED 
 4793      D0F5872D 
 4794 01de 12E7F3E7 		.ascii	"\022\347\363\347\234\315\035\210\225/\354\333\333\237"
 4794      9CCD1D88 
 4794      952FECDB 
 4794      DB9F
 4795 01ec B70BC405 		.ascii	"\267\013\304\005\317[\001\203>\325`"
 4795      CF5B0183 
 4795      3ED560
 4796              		.text
 4797              		.section	.gnu.lto_chFactoryReleasePipe.364.b3bfdb17,"e",%progbits
 4798 0000 789C6D91 		.ascii	"x\234m\221\317k\023A\024\307\337w\3376M\374U/B=\031"
 4798      CF6B1341 
 4798      14C7DF77 
 4798      DF364DFC 
 4798      552F423D 
 4799 0015 F020826C 		.ascii	"\360 \202l\032\017*\236*\321\177@\361\266 \351&bT\330"
 4799      1A0F2A9E 
ARM GAS  C:\Users\acest\AppData\Local\Temp\cctDK88S.s 			page 163


 4799      2AD17F40 
 4799      F1B620E9 
 4799      266254D8 
 4800 0029 65673D78 		.ascii	"eg=x\3524\304\203\271\304V\301\213\346P\026\351\315"
 4800      EA34C483 
 4800      B9C456C1 
 4800      8BE65016 
 4800      E9CD
 4801 003b 93B6C11F 		.ascii	"\223\266\301\037\254\202\012*(^\004\017\"B\240z\220"
 4801      AC820A2A 
 4801      285E040F 
 4801      2242A07A 
 4801      90
 4802 004c 6A2F3D08 		.ascii	"j/=\010\372v6\325h;\314\300{\3377\363\231/\357\025-"
 4802      FA7636D5 
 4802      683BCCC0 
 4802      7BDF37F3 
 4802      992FEF15 
 4803 0061 A2AB44B4 		.ascii	"\242\253D\264W\016\23007\333\266Hk=9jaf\266]@\017&\003"
 4803      570E9830 
 4803      37DBB648 
 4803      6B3D396A 
 4803      6166B65D 
 4804 0079 4D5B98C6 		.ascii	"M[\230\306u\336/\351Z\377\346\227\336\270^H\0203QW\216"
 4804      75DE2FE9 
 4804      5AFFE697 
 4804      DEB85E48 
 4804      10335157 
 4805 008e 59B71873 		.ascii	"Y\267\030s\0343`\017\"\013E\2118\240}\211\326o\337,"
 4805      1C33600F 
 4805      220B4589 
 4805      38A07D89 
 4805      D66FDF2C 
 4806 00a2 695DA098 		.ascii	"i]\240\230\031\213\2207\270\017\334\003\245B\264\270"
 4806      198B9037 
 4806      B80FDC03 
 4806      A542B4B8 
 4807 00b2 9B28B74E 		.ascii	"\233(\267N\022\215\356\276\033I\364\317_\035\255\373"
 4807      128DEEBE 
 4807      1B49F4CF 
 4807      5F1DADFB 
 4808 00c2 7DACF56C 		.ascii	"}\254\365l\371?f\333\006\226\244\332\341\324\241\266"
 4808      F93F66DB 
 4808      0696A4DA 
 4808      E1D4A1B6 
 4809 00d2 A113A26B 		.ascii	"\241\023\242kle\311\214$_\241?\277_\035\247\025\264"
 4809      6C65C98C 
 4809      245FA13F 
 4809      BF5F1DA7 
 4809      15B4
 4810 00e4 8AD48215 		.ascii	"\212\324\202\025\363H\227\361\307Y\016id\364\334\002"
 4810      F34897F1 
 4810      C7590E69 
 4810      64F4DC02 
 4811 00f4 1BF94E0A 		.ascii	"\033\371N\012\036\305C\340\201)N\010+\037s\036\217p"
 4811      1EC543E0 
 4811      81294E08 
ARM GAS  C:\Users\acest\AppData\Local\Temp\cctDK88S.s 			page 164


 4811      2B1F731E 
 4811      8F70
 4812 0106 3B75D342 		.ascii	";u\323B\323\010\005<\206\364\"\346-\346\223\017\212"
 4812      D308053C 
 4812      86F422E6 
 4812      2DE6930F 
 4812      8A
 4813 0117 BEA179A3 		.ascii	"\276\241y\243\215y\306\000\316\310x\002X\336\023\363"
 4813      8D79C600 
 4813      CEC87802 
 4813      58DE13F3 
 4814 0127 D679B691 		.ascii	"\326y\266\221\0143\267\341\2110\2212\323;\302\262\361"
 4814      0C33B7E1 
 4814      89309132 
 4814      D33BC2B2 
 4814      F1
 4815 0138 54D2155C 		.ascii	"T\322\025\\\031\230\335\336e\031G\206\334\314\345\263"
 4815      1998DDDE 
 4815      65194786 
 4815      DCCCE5B3 
 4816 0148 6197CB87 		.ascii	"a\227\313\207b\336\201\347\202\264\0066S\344\030^d>"
 4816      62DE81E7 
 4816      82B40636 
 4816      53E4185E 
 4816      643E
 4817 015a 771A9F1F 		.ascii	"w\032\237\037\325\277\275\310p\233\261_n\350\300\253"
 4817      D5BFBDC8 
 4817      709BB15F 
 4817      6EE8C0AB 
 4818 016a FF3BF07A 		.ascii	"\377;\360z\275\003?\320\374\364}5o\206\336a\374\035"
 4818      BD033FD0 
 4818      FCF47D35 
 4818      6F86DE61 
 4818      FC1D
 4819 017c 06D181CA 		.ascii	"\006\321\201\312Q\367\264\252\207\312\255zu\025\271"
 4819      51F7B4AA 
 4819      87CAAD7A 
 4819      7515B9
 4820 018b C7EBEA42 		.ascii	"\307\353\352B\344\007\356I\347\230SqN\270\241\310g\202"
 4820      E407EE49 
 4820      E7985371 
 4820      4EB8A1C8 
 4820      6782
 4821 019d D03F5FF7 		.ascii	"\320?_\367\"\232t\234\322\360\256\234kL5NE\227j\015"
 4821      229A749C 
 4821      D2F0AE9C 
 4821      6B4C354E 
 4821      45976A0D 
 4822 01b1 BFE4A5B1 		.ascii	"\277\344\245\261\257\016\226\313\345\222\257d_lL\225"
 4822      AF0E96CB 
 4822      E592AF64 
 4822      5F6C4C95 
 4823 01c1 54E849E1 		.ascii	"T\350I\341l\325\213\374\360\262\343\021\327\202`\327"
 4823      6CD58BFC 
 4823      F0B2E311 
 4823      D78260D7 
 4824 01d1 90E0546B 		.ascii	"\220\340TkG\016OT\275\032\375\006[h\307d"
ARM GAS  C:\Users\acest\AppData\Local\Temp\cctDK88S.s 			page 165


 4824      470E4F54 
 4824      BD1AFD06 
 4824      5B68C764 
 4825              		.text
 4826              		.section	.gnu.lto_dyn_create_object_pool.part.0.388.b3bfdb17,"e",%progbits
 4827 0000 789C7554 		.ascii	"x\234uT\355O\233U\024\277\347\336\247}\236\266\264\303"
 4827      ED4F9B55 
 4827      14BFE7DE 
 4827      A77D9EB6 
 4827      B4C3
 4828 0012 E9A2F113 		.ascii	"\351\242\361\023Y$\213\306\024p1.S\023\014\352\037\240"
 4828      59248BC6 
 4828      1470312E 
 4828      53130CEA 
 4828      1FA0
 4829 0024 F11B8961 		.ascii	"\361\033\211am\315\320\3156\224~\360\213{V*$%\216\302"
 4829      6DCDD0CD 
 4829      36947EF0 
 4829      8B7B562A 
 4829      24258EC2 
 4830 0038 18B0C9CB 		.ascii	"\030\260\311\313\3221\205/l\276l\2609\034\302\200\241"
 4830      D231852F 
 4830      6CBE6CB0 
 4830      391CC280 
 4830      A1
 4831 0049 5219336E 		.ascii	"R\0313n\231N\021\202\001\214\310\246\304\015_\360\234"
 4831      994E1182 
 4831      018CC8A6 
 4831      C40D5FF0 
 4831      9C
 4832 005a 7BFBF2A0 		.ascii	"{\373\362\240\322\264\3679=\347w~\347\334\337=\367y"
 4832      D2B4F739 
 4832      3DE7777E 
 4832      E7DCDF3D 
 4832      F779
 4833 006c 5367AC8B 		.ascii	"Sg\254\2131v\036\177\340bp,\012\3144\315R\335\011[\345"
 4833      31761E7F 
 4833      E062702C 
 4833      0ACC34CD 
 4833      52DD095B 
 4834 0081 93F39AC6 		.ascii	"\223\363\232\306z\016\243\3209x\322\246\305\032=\263"
 4834      7A0EA3D0 
 4834      3978D2A6 
 4834      C51A3DB3 
 4835 0091 C337766B 		.ascii	"\3037vk\002\2166%o\035\252\323%F\203#\215q\256\362l"
 4835      028E3625 
 4835      6F1DAAD3 
 4835      25468323 
 4835      8D71AEF2 
 4836 00a6 BC96F05F 		.ascii	"\274\226\360_A\357\300\340SZ[b\026\256\215\017\013\315"
 4836      41EFC0E0 
 4836      535A5B62 
 4836      16AE8D0F 
 4836      0BCD
 4837 00b8 CEEB1A5D 		.ascii	"\316\353\032]\010\330%]h\030\232\016G\336\317WI\206"
 4837      08D8255D 
 4837      68189A0E 
ARM GAS  C:\Users\acest\AppData\Local\Temp\cctDK88S.s 			page 166


 4837      47DECF57 
 4837      4986
 4838 00ca A4EB1D7F 		.ascii	"\244\353\035\177\036\353H\207\003\016f\031\201\035p"
 4838      1EEB4887 
 4838      030E6619 
 4838      811D70
 4839 00d9 72A1D9EC 		.ascii	"r\241\331\354\272\341\200\003\334\306`H\003].,\3759"
 4839      BAE18003 
 4839      DCC66048 
 4839      035D2E2C 
 4839      FD39
 4840 00eb 2CDA0534 		.ascii	",\332\0054\211n\301@K[\000\005h=<d\232w\346[\227\347"
 4840      896EC140 
 4840      4B5B0005 
 4840      683D3C64 
 4840      9A77E65B 
 4841 0101 5DED3D43 		.ascii	"]\355=CZ\267\340\254\0231g\000>\002\312\243p\"\027\201"
 4841      5AB7E0AC 
 4841      13316700 
 4841      3E02CAA3 
 4841      70221781 
 4842 0115 7404CE62 		.ascii	"t\004\316b\024\263E\210\326\035\010\232Z\0330M\007\353"
 4842      14B34588 
 4842      D61D089A 
 4842      5A1B304D 
 4842      07EB
 4843 0127 16020620 		.ascii	"\026\002\006 G\001\347\000]\221\372\355;$\221ID\012"
 4843      4701E700 
 4843      5D91FAED 
 4843      3B249149 
 4843      440A
 4844 0139 011B1092 		.ascii	"\001\033\020\222\254\0362l\247\177y\253\316\314G\254"
 4844      AC1E326C 
 4844      A77F79AB 
 4844      CECC47AC 
 4845 0149 061F5BD9 		.ascii	"\006\037[\331. V\213\264Z\331\024\0026 $[C\226m\345"
 4845      2E20568B 
 4845      B45AD914 
 4845      02362024 
 4845      5B43966D 
 4846 015e CEC92E4F 		.ascii	"\316\311.O\002\0036\370\304\312v\221\\\221\023V6\205"
 4846      020336F8 
 4846      C4CA7691 
 4846      5C911356 
 4846      3685
 4847 0170 800D08A6 		.ascii	"\200\015\010\246\266\332$\371\012\211\357\356h\334\223"
 4847      B6DA24F9 
 4847      0A89EFEE 
 4847      68DC93
 4848 017f 3868A026 		.ascii	"8h\240&\360\251\225p\030U\211\364mG\230]\376\241\320"
 4848      F0A99570 
 4848      185589F4 
 4848      6D47985D 
 4848      FEA1D0
 4849 0192 48368D4A 		.ascii	"H6\215J\304\012X&\013\254Y\014\023.\201T\030\023\200"
 4849      C40A5826 
 4849      0BAC590C 
ARM GAS  C:\Users\acest\AppData\Local\Temp\cctDK88S.s 			page 167


 4849      132E8154 
 4849      181380
 4850 01a5 EAB5E4EA 		.ascii	"\352\265\344\352\015\324\324\272O\233X\317\016c\230"
 4850      0DD4D4BA 
 4850      4F9B58CF 
 4850      0E6398
 4851 01b4 C9612714 		.ascii	"\311a'\0243\030\247j\361B\302\266\345\260\247j\352T"
 4851      3318A76A 
 4851      F142C2B6 
 4851      E5B0A76A 
 4851      EA54
 4852 01c6 6F3A5C96 		.ascii	"o:\\\226\330t\225\011B\233\205\252\267\011\240l\212"
 4852      D8749509 
 4852      429B85AA 
 4852      B709A06C 
 4852      8A
 4853 01d7 7E2633C5 		.ascii	"~&3\305\261\234X}sMR,\001\237[\363\277\220\007\271\364"
 4853      B19C587D 
 4853      734D522C 
 4853      019F5BF3 
 4853      BF9007B9 
 4854 01ec 50A6CEF2 		.ascii	"P\246\316\362|\275\252\243p\220\303\245\365\352\260"
 4854      7CBDAAA3 
 4854      7090C3A5 
 4854      F5EAB0
 4855 01fb 509E6895 		.ascii	"P\236h\225\224\006\244\254\224_\222+\262\372_J\205\203"
 4855      9406A4AC 
 4855      945F922B 
 4855      B2FA5F4A 
 4855      8583
 4856 020d 1C4E51DA 		.ascii	"\034NQ\332q\332\007&w\302\024\300$\272G\211k3\215 \247"
 4856      71DA0726 
 4856      77C214C0 
 4856      24BA4789 
 4856      6B338D20 
 4857 0222 D166D280 		.ascii	"\321f\322\200U\032:\200\253\000\323\370\367\012\220"
 4857      551A3A80 
 4857      AB00D3F8 
 4857      F70A90
 4858 0231 2AE8B329 		.ascii	"*\350\263)\017\026\243\222\227\340\324\264\3154\377"
 4858      0F16A392 
 4858      97E0D4B4 
 4858      CD34FF
 4859 0240 5C6F30CD 		.ascii	"\\o0\315o\037\271\367~\000\030\002N\307&\360L\035\032"
 4859      6F1FB9F7 
 4859      7E001802 
 4859      4EC726F0 
 4859      4C1D1A
 4860 0253 439C8D16 		.ascii	"C\234\215\026d\232\306\233\2079\006-\016\"v\322\342"
 4860      649AC69B 
 4860      8739062D 
 4860      0E2276D2 
 4860      E2
 4861 0264 0218843C 		.ascii	"\002\030\204<\032\0007-\036\200\363X\245A\260\303\213"
 4861      1A00372D 
 4861      1E80F358 
 4861      A541B0C3 
ARM GAS  C:\Users\acest\AppData\Local\Temp\cctDK88S.s 			page 168


 4861      8B
 4862 0275 53334C9A 		.ascii	"S3L\232Ne\012\226\020<c.\2019{4\345\300\375\262\025"
 4862      4E650A96 
 4862      103C632E 
 4862      81397B34 
 4862      E5C0FDB2 
 4863 028a 881D8F24 		.ascii	"\210\035\217$\005\217\001\357\026\316N\2747,)PE\027"
 4863      058F01EF 
 4863      16CE4EBC 
 4863      372C2950 
 4863      4517
 4864 029c 82A205D8 		.ascii	"\202\242\005\330\012\306$\376\235\024\260E\210-\214"
 4864      0AC624FE 
 4864      9D14B045 
 4864      882D8C
 4865 02ab 3C881EBA 		.ascii	"<\210\036\272\355\034\324\213 !\304\207\277\376\255"
 4865      ED1CD48B 
 4865      2021C487 
 4865      BFFEAD
 4866 02ba A7693B52 		.ascii	"\247i;R\234%\270y\271Y\227!mf\365\312\365L\3113H\261"
 4866      9C25B879 
 4866      B9599721 
 4866      6D66F5CA 
 4866      F54CC933 
 4867 02d0 0CD1E6F8 		.ascii	"\014\321\346\370*O\012z}\274\013\330u\036\362\301\327"
 4867      2A4F0A7A 
 4867      7DBC0BD8 
 4867      751EF2C1 
 4867      D7
 4868 02e1 F2688BE9 		.ascii	"\362h\213\351%\325-\334p\015:\260\021\026\003\345p\300"
 4868      25D52DDC 
 4868      700D3AB0 
 4868      111603E5 
 4868      70C0
 4869 02f3 752C261B 		.ascii	"u,&\033\232\304\206<\312\234BS\022\317\335\034;\004"
 4869      9AC4863C 
 4869      CA9C4253 
 4869      12CFDD1C 
 4869      3B04
 4870 0305 28B22CF2 		.ascii	"(\262,\362\375\230\003\337\204\322\\\261\313\307o\364"
 4870      FD9803DF 
 4870      84D25CB1 
 4870      CBC76FF4 
 4871 0315 881E77A1 		.ascii	"\210\036w\241^\324\267\216\"Rk\250\274ij\262\265h)\211"
 4871      5ED4B78E 
 4871      22526BA8 
 4871      BC696AB2 
 4871      B5682989 
 4872 0329 99140EB4 		.ascii	"\231\024\016\264\271\344\325\245E\3054\311\361{\216"
 4872      B9E4D5A5 
 4872      45C534C9 
 4872      F17B8E
 4873 0338 F5EE18C7 		.ascii	"\365\356\030\307]\324|P;\217Q\033\002p*\262\255\331"
 4873      5DD47C50 
 4873      3B8F511B 
 4873      02702AB2 
 4873      ADD9
ARM GAS  C:\Users\acest\AppData\Local\Temp\cctDK88S.s 			page 169


 4874 034a 68836DF5 		.ascii	"h\203m\365O'\205=\375R\024\300\3446=\204\374&\263\215"
 4874      4F27853D 
 4874      FD5214C0 
 4874      E4363D84 
 4874      FC26B38D 
 4875 035e 69C4AAEE 		.ascii	"i\304\252\356\376\310\320\215\242\313\300\312\031:j"
 4875      FEC8D08D 
 4875      A2CBC0CA 
 4875      193A6A
 4876 036d C320BA96 		.ascii	"\303 \272\226Ew\232\313Hs\331\011v\023X\206\343/\305"
 4876      45779ACB 
 4876      4873D909 
 4876      76135886 
 4876      E32FC5
 4877 0380 D15EFB78 		.ascii	"\321^\373xR8q\033j\233\353\370\331\242\270hsN\011]\037"
 4877      5238711B 
 4877      6A9BEBF8 
 4877      D9A2B868 
 4877      734E095D 
 4878 0395 73D3312E 		.ascii	"s\3231.\216`?v\302\331\3251\256\201\206\302j\032r\332"
 4878      8E603F76 
 4878      C2D9D531 
 4878      AE8186C2 
 4878      6A1A72DA 
 4879 03a9 F454FF8A 		.ascii	"\364T\377\212\201\333]\003\035\025\226>C\377\256\177"
 4879      81DB5D03 
 4879      1D15963E 
 4879      43FFAE7F 
 4880 03b9 46F91C70 		.ascii	"F\371\034p\003\264\276\376\373\220Q_\356\177\000\225"
 4880      03B4BEFE 
 4880      FB90515F 
 4880      EE7F0095 
 4881 03c9 B44F0CFF 		.ascii	"\264O\014\3774\207\367S\021\257\277\375$\206T\013jB"
 4881      3487F753 
 4881      11AFBFFD 
 4881      2486540B 
 4881      6A42
 4882 03db 1A84DE15 		.ascii	"\032\204\336\025\357{O\310!4~\310NDt\346\214\034B\272"
 4882      EF7B4FC8 
 4882      21347EC8 
 4882      4E4474E6 
 4882      8C1C42BA 
 4883 03ef 7B993D67 		.ascii	"{\231=g\365a\231\316\231\354\373\254\207\244\270\275"
 4883      F56199CE 
 4883      99ECFBAC 
 4883      87A4B8BD 
 4884 03ff E0F9F7D8 		.ascii	"\340\371\367\330\320\314\364`\261-0\213C\203h\252\234"
 4884      D0CCF460 
 4884      B12D308B 
 4884      438368AA 
 4884      9C
 4885 0410 0FEAACCE 		.ascii	"\017\352\254\316\251\211\273\320\273-)\362\322\"jr\324"
 4885      A989BBD0 
 4885      BB2D29F2 
 4885      D2226A72 
 4885      D4
 4886 0421 24C73D49 		.ascii	"$\307=I\341\202y\305!\337\275?\"\005\307\2161g%\376"
ARM GAS  C:\Users\acest\AppData\Local\Temp\cctDK88S.s 			page 170


 4886      E18279C5 
 4886      21DFBD3F 
 4886      2205C78E 
 4886      316725FE 
 4887 0435 336C566B 		.ascii	"3lVk+, P^\225<Y\347\242\252\323\262\350\371?\352\036"
 4887      2B2C2050 
 4887      5E953C59 
 4887      E7A2AAD3 
 4887      B2E8F93F 
 4888 044b 795B9614 		.ascii	"y[\226\024w\346>]M\201\034CGs\372R\336\2461L\012\267"
 4888      77E63E5D 
 4888      4D811C43 
 4888      4773FA52 
 4888      DEA6314C 
 4889 0461 3C0C3796 		.ascii	"<\0147\226\023\313\267\360\030h,\270\321\271\272\027"
 4889      13CBB7F0 
 4889      18682CB8 
 4889      D1B9BA17 
 4890 0471 650485A5 		.ascii	"e\004\205\245\016\037-\333]\376R8P\025.\257\360\005"
 4890      0E1F2DDB 
 4890      5DFE5238 
 4890      50152EAF 
 4890      F005
 4891 0483 C2D5E5CF 		.ascii	"\302\325\345\317\006\302\257U\007C\345/x\237\361\226"
 4891      06C2AF55 
 4891      0743E52F 
 4891      789FF196 
 4892 0493 799F2BAF 		.ascii	"y\237+\257B\367\313\241\252\340\253\001_5+\365z\213"
 4892      42F7CBA1 
 4892      AAE0AB01 
 4892      5F352BF5 
 4892      7A8B
 4893 04a5 ACDFB2BD 		.ascii	"\254\337\262\275\225{*_\254\216\370+\203E>\262\203\341"
 4893      957B2A5F 
 4893      AC8EF82B 
 4893      83453EB2 
 4893      83E1
 4894 04b7 C74A4A4A 		.ascii	"\307JJJ\212\202a\374\356\253\334S\024\256\362a\340\225"
 4894      8A8261FC 
 4894      EEABDC53 
 4894      14AEF261 
 4894      E095
 4895 04c9 0A5F75B0 		.ascii	"\012_u\260\352\015\257\217i\257W\354\017l\263x\274\025"
 4895      EA0DAF8F 
 4895      69AF57EC 
 4895      0F6CB378 
 4895      BC15
 4896 04db FE5D4F14 		.ascii	"\376]O\024W\370\374L\370\367\205\370\376\220\360\007"
 4896      57F8FC4C 
 4896      F8F785F8 
 4896      FE90F007 
 4897 04eb 42E0834A 		.ascii	"B\340\203J\036\016q\177\350\037dG\236D"
 4897      1E0E717F 
 4897      E81F6447 
 4897      9E44
 4898              		.text
 4899              		.section	.gnu.lto_dyn_release_object_pool.part.0.390.b3bfdb17,"e",%progbits
ARM GAS  C:\Users\acest\AppData\Local\Temp\cctDK88S.s 			page 171


 4900 0000 789C7553 		.ascii	"x\234uS\337k\034U\024\276\337=wf'\205FA}\021\204\370"
 4900      DF6B1C55 
 4900      14BEDF3D 
 4900      77662785 
 4900      46417D11 
 4901 0016 A388209B 		.ascii	"\243\210 \233\246\017*\342C$\372\017(\276-H\262\231"
 4901      A60F2AE2 
 4901      4324FA0F 
 4901      28BE2D48 
 4901      B299
 4902 0028 9268EA2E 		.ascii	"\222h\352.\273c\301\247Ncja\253\315\256\332V4\211\260"
 4902      BB63C1A7 
 4902      4E636A61 
 4902      ABCDAEDA 
 4902      563489B0 
 4903 003c 2CA6D5AA 		.ascii	",\246\325\252HEcM\314\232\325\256i\355\332(EA(\322("
 4903      4845634D 
 4903      CC9AD5AE 
 4903      69EDDA28 
 4903      454128D2 
 4904 0051 34DAC660 		.ascii	"4\332\306`\021\372C\321s\356\354v'\376\030v\207s\317"
 4904      11FA43D1 
 4904      73EEEC76 
 4904      27FE1876 
 4904      8773CF
 4905 0064 F9CE77BE 		.ascii	"\371\316w\276s\316\235\037\215R\223J\251\227\371\217"
 4905      73CE9D1F 
 4905      8D52934A 
 4905      A997F98F 
 4906 0074 0E855746 		.ascii	"\016\205WF\241\3020\354Mh=V\332\243q\022\337\326\027"
 4906      A1C230EC 
 4906      4D683D56 
 4906      DAA37112 
 4906      DFD617
 4907 0087 C83C5BEA 		.ascii	"\310<[\352<43\367\200!\354{\357\372\010`\260\277T\370"
 4907      3C3433F7 
 4907      8021EC7B 
 4907      EFFA0860 
 4907      B0BF54F8 
 4908 009b F5F559C3 		.ascii	"\365\365Y\303\030\353\360\260\317\213B\216\036\215r"
 4908      18EBF0B0 
 4908      CF8B428E 
 4908      1E8D72
 4909 00aa 6DCE73A5 		.ascii	"m\316s\245N\313\341\342@\251\240#D\002;K\205\372\354"
 4909      4ECBE1E2 
 4909      40A9A023 
 4909      44023B4B 
 4909      85FAEC
 4910 00bd 6D588872 		.ascii	"mX\210r\241vh2\236\343&\260C;\252\375\274D\023\204\273"
 4910      A1766832 
 4910      9EE326B0 
 4910      433BAAFD 
 4910      BC441384 
 4911 00d2 1873E9A7 		.ascii	"\030s\351\247\003\207\247\023\341\301**\244\324\024"
 4911      0387A713 
 4911      E1C12A2A 
 4911      A4D414
ARM GAS  C:\Users\acest\AppData\Local\Temp\cctDK88S.s 			page 172


 4912 00e1 35E3122A 		.ascii	"5\343\022*\266\275\2206\336\3477g\275H\025\002L\323"
 4912      B6BD9036 
 4912      DEE73767 
 4912      BD481502 
 4912      4CD3
 4913 00f3 D2E8628B 		.ascii	"\322\350b\213\262\022\271\263\032\206\247\316\317\204"
 4913      B212B9B3 
 4913      1A86A7CE 
 4913      CF84
 4914 0101 6187AA10 		.ascii	"a\207\252\020a\006L\207\017\201\017\240\360\0213Qp\344"
 4914      61064C87 
 4914      0F810FA0 
 4914      F0113351 
 4914      70E4
 4915 0113 56C11427 		.ascii	"V\301\024'\302\252i!\260\016!4T@\213m\355\355\351W;"
 4915      C2AA6921 
 4915      B00E2134 
 4915      54408B6D 
 4915      EDEDE957 
 4916 0128 8B1C30F8 		.ascii	"\213\0340\3708\3166+\256`>\316\026!\260\016a\331\366"
 4916      38CE362B 
 4916      AE603ECE 
 4916      1621B00E 
 4916      61D9F6
 4917 013b B6D9DED9 		.ascii	"\266\331\336\331\375\232es\360I\234m^\\\301\2118[\204"
 4917      FD9A6573 
 4917      F0499C6D 
 4917      5E5CC189 
 4917      385B84
 4918 014e C03A84B2 		.ascii	"\300:\204\262\355\273vJ\370\024\312Z\020\013R\247d\353"
 4918      EDBB764A 
 4918      F814CA5A 
 4918      100B52A7 
 4918      64EB
 4919 0160 6C923AAB 		.ascii	"l\222:\253\265Bgq\247'-\326\230F\267h>\343\011\006\273"
 4919      B5426771 
 4919      A7272DD6 
 4919      9846B768 
 4919      3EE30906 
 4920 0175 EEB02C72 		.ascii	"\356\260,r\220\320\3476\215\366\267U\236\257E*\011\307"
 4920      90D0E736 
 4920      8DF6B755 
 4920      9EAF452A 
 4920      09C7
 4921 0187 E2C9753B 		.ascii	"\342\311u;\301\013\267\267\212\034\236\336\335*r,\256"
 4921      C10BB7B7 
 4921      8A1C9EDE 
 4921      DD2A722C 
 4921      AE
 4922 0198 B58E48A8 		.ascii	"\265\216H\250\345\272\260\034\237\3375\256E;\277\313"
 4922      E5BAB01C 
 4922      9FDF35AE 
 4922      453BBFCB 
 4923 01a8 FFE6FAC7 		.ascii	"\377\346\372\307\024\027\233\\\256\334\2243G\010\307"
 4923      14179B5C 
 4923      AEDC9433 
 4923      4708C7
ARM GAS  C:\Users\acest\AppData\Local\Temp\cctDK88S.s 			page 173


 4924 01b7 812FD8BF 		.ascii	"\201/\330\277 d\377\327.\342\355\362\224\360%\333' "
 4924      2064FFD7 
 4924      2EE2EDF2 
 4924      94F025DB 
 4924      2720
 4925 01c9 9DB243F3 		.ascii	"\235\262C\363Q\356\236\355ty\317\336\033m\253\252-\216"
 4925      51EE9EED 
 4925      7479CFDE 
 4925      1B6DABAA 
 4925      2D8E
 4926 01db 9F4DD531 		.ascii	"\237M\3251\253\211\203\226V\305H\033\202x\367k'\014"
 4926      AB898396 
 4926      56C5481B 
 4926      8278F76B 
 4926      270C
 4927 01ed FFF86B3C 		.ascii	"\377\370k<\014'\266\334\260\021\300Qh\276s.\311\313"
 4927      0C27B6DC 
 4927      B011C051 
 4927      68BE732E 
 4927      C9CB
 4928 01ff 4845475E 		.ascii	"HEG^.0\207\004P\205'7R\251qRo~\177\366\036\246(\222"
 4928      2E308704 
 4928      50852737 
 4928      52A97152 
 4928      6F7E7FF6 
 4929 0217 3EBEF0CB 		.ascii	">\276\360\3132O^\375\214\360\354\357\365\015\374]\251"
 4929      324F5EFD 
 4929      8CF0ECEF 
 4929      F50DFC5D 
 4929      A9
 4930 0228 158C9DAB 		.ascii	"\025\214\235\253\015\224\011enO\236q\242\357*\223\213"
 4930      0D940965 
 4930      6E4F9E71 
 4930      A2EF2A93 
 4930      8B
 4931 0239 022B92B9 		.ascii	"\002+\222\2718\331\270\271\231p\271Nj\025\243\263+\267"
 4931      38D9B8B9 
 4931      9970B94E 
 4931      6A15A3B3 
 4931      2BB7
 4932 024b 94899ADF 		.ascii	"\224\211\232\337\002\331\035\276\001\256\225`\016\234"
 4932      02D91DBE 
 4932      01AE9560 
 4932      0E9C
 4933 0259 82DACC83 		.ascii	"\202\332\314\203\343\016\\,a\222\353\363\030$k\255p"
 4933      E30E5C2C 
 4933      6192EBF3 
 4933      18246BAD 
 4933      70
 4934 026a 5AC790A6 		.ascii	"Z\307\220\246\205<\267Q\240\337\264\240\314lk]\345Z"
 4934      853CB751 
 4934      A0DFB4A0 
 4934      CC6C6B5D 
 4934      E55A
 4935 027c EA0A4C99 		.ascii	"\352\012L\231\034mD\223g\233\020I<\20604V\323\350\017"
 4935      1C6D4493 
 4935      679B1049 
ARM GAS  C:\Users\acest\AppData\Local\Temp\cctDK88S.s 			page 174


 4935      3C863034 
 4935      56D3E80F 
 4936 0290 571B1B78 		.ascii	"W\033\033x3\262 9v\361\262\254\321+\243\340\\\313u\261"
 4936      33B22039 
 4936      76F1B2AC 
 4936      D12BA3E0 
 4936      5CCB75B1 
 4937 02a4 FE3CA453 		.ascii	"\376<\244S\321~\350:n3\246\303Y\247\370\3645\305<\225"
 4937      D17EE83A 
 4937      6E33A6C3 
 4937      59A7F8F4 
 4937      35C53C95 
 4938 02b8 95DA56C6 		.ascii	"\225\332V\306\226\311\225\241\\\201\303\007\232Z\032"
 4938      96C995A1 
 4938      5C81C307 
 4938      9A5A1A
 4939 02c7 6287B73A 		.ascii	"b\207\267:w\020\254\304}+\322\024\011y\001\377\245\244"
 4939      7710ACC4 
 4939      7D2BD214 
 4939      097901FF 
 4939      A5A4
 4940 02d9 4BAE4264 		.ascii	"K\256Bd\034eE\236U\364gC\2535\354\352Rc\320\025\362"
 4940      1C65459E 
 4940      55F46743 
 4940      AB35ECEA 
 4940      5263D015 
 4941 02ee A6644F65 		.ascii	"\246dOe\221\303*:\244\230\307\2634g\346/y\254\233\025"
 4941      91C32A3A 
 4941      A498C7B3 
 4941      3467E62F 
 4941      79AC9B15 
 4942 0302 3A8DA521 		.ascii	":\215\245!\256\227h\326\373\215\353\225\276\362\270"
 4942      AE9768D6 
 4942      FB8DEB95 
 4942      BEF2B8
 4943 0311 5C7361B0 		.ascii	"\\sa\260\001Y\337\335}\367\247\036\313\373\271|\252"
 4943      0159DFDD 
 4943      7DF7A71E 
 4943      CBFBB97C 
 4943      AA
 4944 0322 3FEDE783 		.ascii	"?\355\347\203\324C~\376\311 \223M=\222|0\331\227|8\225"
 4944      D4437EFE 
 4944      C920934D 
 4944      3D927C30 
 4944      D9977C38 
 4945 0337 63F7E3D9 		.ascii	"c\367\343\331\\\346\011?\035\250\336d\262;\376\353\033"
 4945      5CE6093F 
 4945      1DA8DE64 
 4945      B23BFEEB 
 4945      1B
 4946 0348 1A1E187E 		.ascii	"\032\036\030~4xzp8\323\235\026;\223\337\322\323\323"
 4946      34787A70 
 4946      38D39D16 
 4946      3B93DFD2 
 4946      D3D3
 4947 035a D39DC9F3 		.ascii	"\323\235\311\363odx\240;\237Ks`k\177:\310\344\236I\246"
 4947      6F6478A0 
ARM GAS  C:\Users\acest\AppData\Local\Temp\cctDK88S.s 			page 175


 4947      3B9F4B73 
 4947      606B7F3A 
 4947      C8E49E49 
 4948 036f 150DFAD9 		.ascii	"\025\015\372\331\233b\216d\377\340}\367n\356O\017rd"
 4948      9B628E64 
 4948      FFE07DF7 
 4948      6EEE4F0F 
 4948      7264
 4949 0381 24ABB765 		.ascii	"$\253\267eM6\347oO\370#\3766\377\251\340o.*\312I"
 4949      4D36E76F 
 4949      4FF823FE 
 4949      36FFA9E0 
 4949      6F2E2ACA 
 4950              		.text
 4951              		.section	.gnu.lto_dyn_create_object_heap.part.0.391.b3bfdb17,"e",%progbits
 4952 0000 789C7554 		.ascii	"x\234uT\355S\224U\024\277\277\347>\273\317\276\300B"
 4952      ED539455 
 4952      14BFBFE7 
 4952      3EBBCFBE 
 4952      C042
 4953 0012 94334E9F 		.ascii	"\2243N\237\2341\307i\246Y|\231&\307j\206\306\352\017"
 4953      9C31C769 
 4953      A6597C99 
 4953      26C76A86 
 4953      C6EA0F
 4954 0025 A8E91B33 		.ascii	"\250\351\0333\015.[n\221\354\260\354\207\372\342# \316"
 4954      0D2E5B6E 
 4954      91ECB0EC 
 4954      87FAE223 
 4954      20CE
 4955 0037 C0140B62 		.ascii	"\300\024\013b\242\0221+&~A{\005\025\2120^\004\"\324"
 4955      A212312B 
 4955      267E417B 
 4955      05158A30 
 4955      5E0422D4 
 4956 004b 8CD242C4 		.ascii	"\214\322B\304\241\021*\0075'C\213\316\271w\227}\250"
 4956      A1112A07 
 4956      3527438B 
 4956      CEB97797 
 4956      7DA8
 4957 005d DCD97D9E 		.ascii	"\334\331}\236\263\347\376\316\357\234\373;\347\336K"
 4957      B3E7FECE 
 4957      EF9CFB3B 
 4957      E7DE4B
 4958 006c 96104784 		.ascii	"\226\020G\204\020'\351\007\277\300\201\012\010\333\266"
 4958      1027E907 
 4958      BFC0810A 
 4958      08DBB6
 4959 007b 0B2C1FF2 		.ascii	"\013,\037\362\324\3330*\353k\015\014\241\245\347\260"
 4959      D4DB302A 
 4959      EB6B0D0C 
 4959      A1A5E7B0 
 4960 008b CBACAA0F 		.ascii	"\313\254\252\017L\367]\334lJ\354oH\3368\261\313R\030"
 4960      4CF75DDC 
 4960      6C4AEC6F 
 4960      48DE38B1 
 4960      CB5218
ARM GAS  C:\Users\acest\AppData\Local\Temp\cctDK88S.s 			page 176


 4961 009e 137BEB6B 		.ascii	"\023{\353k\014\035\3472\252\031?\201\243]=O\231M\211"
 4961      0C1DE732 
 4961      AA193F81 
 4961      A35D3D4F 
 4961      994D89
 4962 00b1 694C0CF6 		.ascii	"iL\014\366I\323m\354\256\367\023`\223r\221\3411-\354"
 4962      49D36DEC 
 4962      AEF71360 
 4962      937291E1 
 4962      312DEC
 4963 00c4 FD305707 		.ascii	"\3750W\007y\024\335h\377\363\224G9\274\330\271\304\010"
 4963      7914DD68 
 4963      FFF39447 
 4963      39BCD8B9 
 4963      C408
 4964 00d6 B1C36748 		.ascii	"\261\303gH\323\345\266<^\3540\\\002\275&,\365\020\251"
 4964      D3E5B63C 
 4964      5EEC305C 
 4964      02BD262C 
 4964      F510A9
 4965 00e9 CF1ED92C 		.ascii	"\317\036\331,\321 \333\244\200\231\262\200Ud=\332k\333"
 4965      D120DBA4 
 4965      8099B280 
 4965      55643DDA 
 4965      6BDB
 4966 00fb 7766F635 		.ascii	"wf\3665\315\370\233\333{\3156i\210\026\302|\012|\002"
 4966      CDF89BDB 
 4966      7BCD3669 
 4966      8816C27C 
 4966      0A7C02
 4967 010e 8EE3E544 		.ascii	"\216\343\345Df\005\251\025|F\253\024-\243\374\\K\240"
 4967      6605A915 
 4967      7C46AB14 
 4967      2DA3FC5C 
 4967      4BA0
 4968 0120 F1852EDB 		.ascii	"\361\205.\333\366\2126)\321\205\014\005N\200\\\361}"
 4968      F68A3629 
 4968      D1850C05 
 4968      4E805CF1 
 4968      7D
 4969 0131 ABD72A22 		.ascii	"\253\327*\"\233\2114\002\313\020\212\254\026i\266\343"
 4969      9B893402 
 4969      CB108AAC 
 4969      1669B6E3 
 4970 0141 FB77EDB6 		.ascii	"\373w\355\266s\011k\342\224\223\255\233\260f\374\220"
 4970      73096BE2 
 4970      9493AD9B 
 4970      B066FC90 
 4971 0151 934D23B0 		.ascii	"\223M#\260\014\241\330\352\226\330\346\017\034>\030"
 4971      0CA1D8EA 
 4971      96D8E60F 
 4971      1C3E18
 4972 0160 48D0820B 		.ascii	"H\320\202\013\237;\331\276`W\374\230\223M#\260\014\241"
 4972      9F3BD9BE 
 4972      6057FC98 
 4972      934D23B0 
 4972      0CA1
ARM GAS  C:\Users\acest\AppData\Local\Temp\cctDK88S.s 			page 177


 4973 0172 D81A336C 		.ascii	"\330\0323l\007g4\233\033_:\331\372\330\025?\345d\323"
 4973      0767349B 
 4973      1B5F3AD9 
 4973      FAD8153F 
 4973      E564D3
 4974 0185 082C4308 		.ascii	"\010,C\010-\334\001\305\267\206\371\232\373k\002\211"
 4974      2DDC01C5 
 4974      B786F99A 
 4974      FB6B0289 
 4975 0195 9D1E5218 		.ascii	"\235\036R\030_9\011\373I\343\370\340j\202\271\325\037"
 4975      5F3909FB 
 4975      49E3F8E0 
 4975      6A82B9D5 
 4975      1F
 4976 01a6 5E1A580A 		.ascii	"^\032X\012\343\024U\253D:\012\316(A\001\203P\375\242"
 4976      E31455AB 
 4976      443A0ACE 
 4976      28410183 
 4976      50FDA2
 4977 01b9 0070BE96 		.ascii	"\000p\276\226L\276\256\312\352\354\3436\345\263p\206"
 4977      4CBEAECA 
 4977      EAECE336 
 4977      E5B37086 
 4978 01c9 220D6CC4 		.ascii	"\"\015l\304:\201a\316V\263\206\261\255\031\354\261\312"
 4978      3A8161CE 
 4978      56B386B1 
 4978      AD19ECB1 
 4978      CA
 4979 01da DDBA3637 		.ascii	"\335\27267F\0246\225e\224\321\366\032]\333(8\232W\277"
 4979      46143695 
 4979      6594D1F6 
 4979      1A5DDB28 
 4979      389A57BF 
 4980 01ee 56913299 		.ascii	"V\2212\231\021\253\343j\203\022Kb\314\031\377\215\032"
 4980      11ABE36A 
 4980      83124B62 
 4980      CC19FF8D 
 4980      1A
 4981 01ff 8BB947D2 		.ascii	"\213\271G\322y\232fju\036\215C\006\227\322\353\260\203"
 4981      799A666A 
 4981      751E8D43 
 4981      0697D2EB 
 4981      B083
 4982 0211 F2D03E45 		.ascii	"\362\320>E\351\301Y'\3459v\305o\377\227R\343\220\301"
 4982      E9C15927 
 4982      E53976C5 
 4982      6FFF9752 
 4982      E390C1
 4983 0224 694A379D 		.ascii	"iJ7\235\235;\223\033p\036\030'\367\020s\335O#d4\272"
 4983      9D3B931B 
 4983      701E1827 
 4983      F71073DD 
 4983      4F236434 
 4984 0239 9F34704A 		.ascii	"\2374pJ\303\015\370\016\270@\177\277\005\253B>\227\366"
 4984      C30DF80E 
 4984      B8407FBF 
 4984      05AB423E 
ARM GAS  C:\Users\acest\AppData\Local\Temp\cctDK88S.s 			page 178


 4984      97F6
 4985 024b 50324E39 		.ascii	"P2N9\210c\347\\\266}o\261\316\266\2737\346\255\004\320"
 4985      8863E75C 
 4985      B67D6FB1 
 4985      CEB6BB37 
 4985      E6AD04D0 
 4986 025f 0B03380D 		.ascii	"\013\0038\015\311\2753\251\261^:\310\343\254\3578\235"
 4986      C9BD33A9 
 4986      B15E3AC8 
 4986      E3ACEF38 
 4986      9D
 4987 0270 638AF408 		.ascii	"c\212\364\010\012\364\362\303\307\354~~d\001=\310\346"
 4987      0AF4F2C3 
 4987      C7EC7E7E 
 4987      64013DC8 
 4987      E6
 4988 0281 2908F023 		.ascii	")\010\360#\0078I\251\352\244\3303;>%\224\351\323\246"
 4988      073849A9 
 4988      EAA4D833 
 4988      3B3E2594 
 4988      E9D3A6
 4989 0294 140969A4 		.ascii	"\024\011i\244\3159\330\323\227\207\275\264i1\217\352"
 4989      CD39D8D3 
 4989      9787BDB4 
 4989      69318FEA 
 4990 02a4 D67852CA 		.ascii	"\326xR\312*\030m\322\327BGQ\360\355\340\207HJ$%9\263"
 4990      2A186DD2 
 4990      D7424751 
 4990      F0EDE087 
 4990      484A2425 
 4991 02ba 085EB18A 		.ascii	"\010^\261\212\212\"\224\212\274A:\314\242\352\332\351"
 4991      8A22948A 
 4991      BC413ACC 
 4991      A2EADAE9 
 4992 02ca 87C9C360 		.ascii	"\207\311\303`\003\372\226IH\371\361\255\277\255T\202"
 4992      03FA9649 
 4992      48F9F1AD 
 4992      BFAD5482 
 4993 02da 5BC38648 		.ascii	"[\303\206H\030\366P\243\245\226\314\251\333g\277O'\277"
 4993      18F650A3 
 4993      A596CCA9 
 4993      DB67BF4F 
 4993      27BF
 4994 02ec 4B14D751 		.ascii	"K\024\327Q\321Xs\333HJ\276\221>\000\325\237M|\270\250"
 4994      D15873DB 
 4994      484ABE91 
 4994      3E00D59F 
 4994      4D7CB8A8 
 4995 0300 3ABD8E6F 		.ascii	":\275\216o\3006\031\300%\274G%\211*h\207\027?R2U\320"
 4995      C03619C0 
 4995      25BC4725 
 4995      892A6887 
 4995      173F5232 
 4996 0316 381594A3 		.ascii	"8\025\224\243\315\363d\232L|\365\247\201w@\232\353\035"
 4996      CDF3649A 
 4996      4C7CF5A7 
 4996      8177409A 
ARM GAS  C:\Users\acest\AppData\Local\Temp\cctDK88S.s 			page 179


 4996      EB1D
 4997 0328 0E78E99A 		.ascii	"\016x\351\232U\346\274[\275~\347WE\253\237\224\343\272"
 4997      55E6BC5B 
 4997      BD7EE757 
 4997      45AB9F94 
 4997      E3BA
 4998 033a DDA42997 		.ascii	"\335\244)\227F\215\260mS\225VQ\300\262&\245\217lC\361"
 4998      468DB06D 
 4998      53955651 
 4998      C0B226A5 
 4998      8F6C43F1 
 4999 034e 7A94C5C9 		.ascii	"z\224\305\311\\\212\343\217\014\353\237\003\006\355"
 4999      5C8AE38F 
 4999      0CEB9F03 
 4999      06ED
 5000 035c A2F2A3EA 		.ascii	"\242\362\243\352\031Zu\023\200\206d\25147o\260\251\366"
 5000      195A7513 
 5000      808664A9 
 5000      34376FB0 
 5000      A9F6
 5001 036e E9A4B452 		.ascii	"\351\244\264R7\256\204P\333\314a\344\345\3646.\020\326"
 5001      37AE8450 
 5001      DBCC61E4 
 5001      E5F4362E 
 5001      10D6
 5002 0380 D2A2A4E9 		.ascii	"\322\242\244\351\372\311\345\245\314i:.\303\313t\357"
 5002      FAC9E5A5 
 5002      CC693A2E 
 5002      C3CB74EF 
 5003 0390 CE66A7B8 		.ascii	"\316f\247\270<).\213aW\270Y\232\343/\315\321\\\375x"
 5003      3C292E8B 
 5003      6157B859 
 5003      9AE32FCD 
 5003      D15CFD78 
 5004 03a4 52FA691B 		.ascii	"R\372i\033z\233\213\364II\305\233\363+\350\342@6\267"
 5004      7A9B8BF4 
 5004      4949C59B 
 5004      F32BE8E2 
 5004      4036B7
 5005 03b7 71F67480 		.ascii	"q\366t\200\202\031g\3516.\300E\302\232&q\272\255\261"
 5005      821967E9 
 5005      362EC045 
 5005      C29A2671 
 5005      BAADB1
 5006 03ca CE790F6D 		.ascii	"\316y\017mw\001\036RX\371\274\326d\347\224\366\3710"
 5006      77011E52 
 5006      58F9BCD6 
 5006      64E794F6 
 5006      F930
 5007 03dc 09B3A3F3 		.ascii	"\011\263\243\363!b\264\256w\256$%\335g\372~\271J\307"
 5007      2162B4AE 
 5007      77AE2425 
 5007      DD67FA7E 
 5007      B94AC7
 5008 03ef 55132FBE 		.ascii	"U\023/\276\375$-\351\022\364\204\324I\353\375\232\216"
 5008      FD242DE9 
 5008      12F484D4 
ARM GAS  C:\Users\acest\AppData\Local\Temp\cctDK88S.s 			page 180


 5008      49EBFD9A 
 5008      8E
 5009 0400 23528DA3 		.ascii	"#R\215\243\347\312\322DTL\335U\343\310G1\275\347%}D"
 5009      E7CAD244 
 5009      544CDD55 
 5009      E3C84731 
 5009      BDE7257D 
 5010 0415 BA72A1EA 		.ascii	"\272r\241\352\276\347c)n^\013\374{lxf\332)Y.~\246\241"
 5010      BEE76329 
 5010      6E5E0BFC 
 5010      7B6C7866 
 5010      DA29592E 
 5011 042c 811EE407 		.ascii	"\201\036\344\007\240{\265\250'\256\373\350\212\244L"
 5011      A07BB5A8 
 5011      27AEFBE8 
 5011      8AA44C
 5012 043b 8B68AA51 		.ascii	"\213h\252QS\034yI\231\205Y\315\241\256\3429\2420\250"
 5012      531C7949 
 5012      998559CD 
 5012      A1AEE239 
 5012      A230A8
 5013 044e 628A99AF 		.ascii	"b\212\231\257\371\015\367\313\365 ~% M(\261\252<{G\240"
 5013      F90DF7CB 
 5013      F5207E25 
 5013      204D28B1 
 5013      AA3C7B47 
 5014 0463 3B15F83F 		.ascii	";\025\370?\352vuZ\256k\356\364y\332?\0025\206\336\306"
 5014      EA76755A 
 5014      AE6BEEF4 
 5014      79DA3F02 
 5014      3586DEC6 
 5015 0477 D4F1BCC9 		.ascii	"\324\361\274\311c\230\224\001\325\214\000\245\223-\023"
 5015      63989401 
 5015      D58C00A5 
 5015      932D13
 5016 0486 D486213E 		.ascii	"\324\206!>\201\236\261\037\266\221\214\320X\256\360"
 5016      819EB11F 
 5016      B6918CD0 
 5016      58AEF0
 5017 0495 B12D9B0B 		.ascii	"\261-\233\013_\212\205\313b\205E\241p\254\274\360\331"
 5017      5F8A85CB 
 5017      628545A1 
 5017      70ACBCF0 
 5017      D9
 5018 04a6 70ECF5F2 		.ascii	"p\354\365\362\322h\341\013\301g\202[\202\317\025\226"
 5018      D268E10B 
 5018      C167825B 
 5018      82CF1596 
 5019 04b6 91FBE568 		.ascii	"\221\373\345hY\351k\341P\271(\010\006\363\235\337-\333"
 5019      59E96BE1 
 5019      50B92808 
 5019      06F39DDF 
 5019      2DDB
 5020 04c8 225B232F 		.ascii	"\"[#/\226\307\213#\245\371!\266Kc\033\326\257_\237_"
 5020      96C78B23 
 5020      A5F921B6 
 5020      4B631BD6 
ARM GAS  C:\Users\acest\AppData\Local\Temp\cctDK88S.s 			page 181


 5020      AF5F9F5F 
 5021 04dc 1AA36F49 		.ascii	"\032\243oIdk~\254,D\013\257\024\205\312K\313\336\014"
 5021      646B7EAC 
 5021      2C440BAF 
 5021      1485CA4B 
 5021      CBDE0C
 5022 04ef 8684B9BD 		.ascii	"\206\204\271\275\350\215\360\012\207'XT\274\351\211"
 5022      E88DF00A 
 5022      87275854 
 5022      BCE989
 5023 04fe 7545A162 		.ascii	"uE\241b!\213K\242f,\362V\330UT\022yu\273,\016G\021B"
 5023      218B4BA2 
 5023      662CF256 
 5023      D8555412 
 5023      7975BB2C 
 5024 0516 C488458D 		.ascii	"\304\210E\215\342\350?t\252\274\241"
 5024      E2E83F74 
 5024      AABCA1
 5025              		.text
 5026              		.section	.gnu.lto_dyn_release_object_heap.part.0.392.b3bfdb17,"e",%progbits
 5027 0000 789C7553 		.ascii	"x\234uS\357k\024g\020~\237\235woW\261\251\224\366\213"
 5027      EF6B1467 
 5027      107E9F9D 
 5027      776F57B1 
 5027      A994F68B 
 5028 0014 20045B29 		.ascii	" \004[)\202\\\214\037l\221~\210D\377\201\226~;(\311"
 5028      825C8C1F 
 5028      6C917E88 
 5028      44FF8196 
 5028      7E3B28C9 
 5029 0028 652569D3 		.ascii	"e%i\323\336q\267\025\374\344\232^[85\271\363G-\326\244"
 5029      DE71B715 
 5029      FCE49A5E 
 5029      5B3835B9 
 5029      F3472DD6 
 5030 003d 705C445B 		.ascii	"p\\D[hi)5\265\211\271\346\324SC\243\021D\241\245\024"
 5030      68692935 
 5030      B589B9E6 
 5030      D45343A3 
 5030      1144A1A5 
 5031 0052 83605A8D 		.ascii	"\203`Z\215iE\360G\241\316\274{g6\326.{\313\2743\317"
 5031      6945F047 
 5031      A1CEBC7B 
 5031      6736D62E 
 5031      7BCBBC33 
 5032 0067 3CF3CCCC 		.ascii	"<\363\314\314{\375Z\251CJ\251\375\374\303\022\205O\373"
 5032      7BFD5AA9 
 5032      434AA9FD 
 5032      FCC31285 
 5032      4FFB
 5033 0079 A0822068 		.ascii	"\240\202 hs,+W\334e\341<\256\324&H\177Pl:62\366\232"
 5033      732C2B57 
 5033      DC65E13C 
 5033      AED42648 
 5033      7F506C3A 
 5034 0091 261CF866 		.ascii	"&\034\370fy\010\320\370\244\230\277\375\371\250f\214"
 5034      7908D0F8 
ARM GAS  C:\Users\acest\AppData\Local\Temp\cctDK88S.s 			page 182


 5034      A498BFFD 
 5034      F9A8668C 
 5035 00a1 71B838E0 		.ascii	"q\2708\340\206!\333\352\013sM\316G\305&\303\021\303"
 5035      8621DBEA 
 5035      0B734DCE 
 5035      47C526C3 
 5035      11C3
 5036 00b3 C162DE0A 		.ascii	"\301b\336\012\021\016v\026\363W\276Z\205\3610\027j\207"
 5036      110E7616 
 5036      F357BE5A 
 5036      85F13017 
 5036      6A87
 5037 00c5 45DAB563 		.ascii	"E\332\265c\016vX\266Zx\366\321a\302\032\306\334\273"
 5037      0E7658B6 
 5037      5A78F6D1 
 5037      61C21AC6 
 5037      DCBB
 5038 00d7 7EF0C2B0 		.ascii	"~\360\302\260\023\034\255\240LJ\015Q=.\241\302\202\027"
 5038      131CADA0 
 5038      4C4A0D51 
 5038      3D2EA1C2 
 5038      8217
 5039 00e9 D2C677FC 		.ascii	"\322\306w\374\345\254\275T&@\327-\013\315lQZ\"/W\202"
 5039      E5ACBD54 
 5039      2640D72D 
 5039      0BCD6C51 
 5039      5A222F57 
 5040 00fe E0E2CD91 		.ascii	"\340\342\315\221 X\242\312D\030\001\323\3418\360=\024"
 5040      2058A2CA 
 5040      441801D3 
 5040      E138F03D 
 5040      14
 5041 010f 7E6026F2 		.ascii	"~`&\362\257\257\022L\341pP\321\015\004\026!\204\206"
 5041      AFAF124C 
 5041      E17050D1 
 5041      0D041621 
 5041      8486
 5042 0121 F268B0CD 		.ascii	"\362h\260\315_\035>\324T\340\200\306\217Q\266Qq\371"
 5042      5F1D3ED4 
 5042      54E080C6 
 5042      8F51B651 
 5042      71F9
 5043 0133 7F45D942 		.ascii	"\177E\331B\004\026!\224\021\0343}\341$\224\261 \026"
 5043      04162194 
 5043      111C337D 
 5043      E12494B1 
 5043      2016
 5044 0145 A44EBFA9 		.ascii	"\244N\277\251\263Z\352\314U\363M\205\235\256\210\252"
 5044      B35AEACC 
 5044      55F34D85 
 5044      9DAE88AA 
 5045 0155 308DD5A0 		.ascii	"0\215\325\240\371\211{\366?|\311\260\310AB\023&\215"
 5045      F9897BF6 
 5045      3F7CC9B0 
 5045      C8414213 
 5045      268D
 5046 0167 F62DA8BC 		.ascii	"\366-\250\274Y\375\314\250$T\243\311\247L\317\267^l"
ARM GAS  C:\Users\acest\AppData\Local\Temp\cctDK88S.s 			page 183


 5046      59FDCCA8 
 5046      2454A3C9 
 5046      A74CCFB7 
 5046      5E6C
 5047 0179 14B930FC 		.ascii	"\024\2710\374q\243H5\252\365\024B\241\206\353\326L\264"
 5047      71A34835 
 5047      AAF51442 
 5047      A186EBD6 
 5047      4CB4
 5048 018b E3C75C67 		.ascii	"\343\307\\gL\307\367\377\313\365D\337g\352\\1\331\355"
 5048      4CC7F7FF 
 5048      CBF544DF 
 5048      67EA5C31 
 5048      D9ED
 5049 019d ED6F0935 		.ascii	"\355o\0115\3404\373\307\205\354\377\332E\264]\236\022"
 5049      E034FBC7 
 5049      85ECFFDA 
 5049      45B45D9E 
 5049      12
 5050 01ae CEB17D16 		.ascii	"\316\261}\026\322);,>\312m1\235\316\354\352\177\336"
 5050      D2293B2C 
 5050      3ECA6D31 
 5050      9DCEECEA 
 5050      7FDE
 5051 01c0 B4AA16C4 		.ascii	"\264\252\026\304\361\263\272\2223\2328hhU\204tR\020"
 5051      F1B3BA92 
 5051      339A3868 
 5051      68558474 
 5051      5210
 5052 01d2 5F5FB283 		.ascii	"__\262\203\340\237\177\007\202\340\327\215\317-\003"
 5052      E09F7F07 
 5052      82E0D78D 
 5052      CF2D03
 5053 01e1 700216DF 		.ascii	"p\002\026\337\022\233\344\243\245\242-\237\0300\006"
 5053      129BE4A3 
 5053      A5A22D9F 
 5053      183006
 5054 01f0 47AE8F52 		.ascii	"G\256\217R\003\244\276\370\345\332\006\316.\220u~\342"
 5054      03A4BEF8 
 5054      E5DA06CE 
 5054      2E90757E 
 5054      E2
 5055 0201 CF191EBA 		.ascii	"\317\031\036\272\372\003\301\265\273\265\245\374'P\263"
 5055      FA03C1B5 
 5055      BBB5A5FC 
 5055      2750B3
 5056 0210 C8DDA876 		.ascii	"\310\335\250v\226\010%\356L\236\001\242\253\345\301"
 5056      960825EE 
 5056      4C9E01A2 
 5056      ABE5C1
 5057 021f 73022B90 		.ascii	"s\002+\220\27638\265\242\236p\277Fj\016}\243\263+KD"
 5057      BE3338B5 
 5057      A29E70BF 
 5057      466A0E7D 
 5057      A3B32B4B 
 5058 0234 F58B4B66 		.ascii	"\365\213Kf}G\300\265b\314\201\237\241\326\361\314X\274"
 5058      7D47C0B5 
ARM GAS  C:\Users\acest\AppData\Local\Temp\cctDK88S.s 			page 184


 5058      62CC819F 
 5058      A1D6F1CC 
 5058      58BC
 5059 0246 8D290C72 		.ascii	"\215)\014r}\236\200d\315\347/[\021\244n o<#\320\213"
 5059      7D9E8064 
 5059      CDE72F5B 
 5059      11A46E20 
 5059      6F3C23D0 
 5060 025b 0D28339B 		.ascii	"\015(3\233Z\017\271\226z\000]\"\333\322\242\3115M\210"
 5060      5A0FB996 
 5060      7A005D22 
 5060      DBD2A2C9 
 5060      354D88
 5061 026e 249E4010 		.ascii	"$\236@\020h\243\251\357\367\361\311\245\274\024\331"
 5061      68A3A9EF 
 5061      F7F1C9A5 
 5061      BC14D9
 5062 027d 8D1C9B79 		.ascii	"\215\034\233yO\306h\223)p\256\341\272S\333\015\351T"
 5062      4FC66893 
 5062      2970AEE1 
 5062      BA53DB0D 
 5062      E954
 5063 028f B41F7B96 		.ascii	"\264\037{\226\333\214\350\260\027)\276\364X1Oe\266\272"
 5063      DB8CE8B0 
 5063      1729BEF4 
 5063      58314F65 
 5063      B6BA
 5064 02a1 95B1258A 		.ascii	"\225\261%\212\311P\036\300\346\003\015Mw\263\303\235"
 5064      C9501EC0 
 5064      E6030D4D 
 5064      77B3C39D 
 5065 02b1 1B3B0A56 		.ascii	"\033;\012V\022\3732\324\024\012\331\203\247)i\226[\020"
 5065      12FB32D4 
 5065      140AD983 
 5065      A7296996 
 5065      5B10
 5066 02c3 1A275891 		.ascii	"\032'X\221c\024MOZj\036\271f\225\203U&gH\366\304\261"
 5066      63144D4F 
 5066      5A6A1EB9 
 5066      66958355 
 5066      266748F6 
 5067 02d9 32B952C9 		.ascii	"2\271R\311\341A\352\337\306\357\271,\232\345\331S\323"
 5067      E141EADF 
 5067      C6EFB92C 
 5067      9AE5D953 
 5067      D3
 5068 02ea DD5CCCA9 		.ascii	"\335\\\314\251\027\373\233\213]\236t\271V}[0\001\331"
 5068      17FB9B8B 
 5068      5D9E74B9 
 5068      567D5B30 
 5068      01D9
 5069 02fc DDDAF68D 		.ascii	"\335\332\366\215\2117\263^&\233\350HzY?\261\331\313"
 5069      8937B35E 
 5069      269BE848 
 5069      7A593FB1 
 5069      D9CB
 5070 030e BEE3A7D2 		.ascii	"\276\343\247\322\211\327\343\233\342\355\361-\211\014"
ARM GAS  C:\Users\acest\AppData\Local\Temp\cctDK88S.s 			page 185


 5070      89D7E39B 
 5070      E2EDF12D 
 5070      890C
 5071 031c BBDF4A67 		.ascii	"\273\337JgRo{I_\265\305\343-\321\267\275\273\247\263"
 5071      526F7B49 
 5071      5FB5C5E3 
 5071      2DD1B7BD 
 5071      BBA7B3
 5072 032f E70DFFFD 		.ascii	"\347\015\377\375\256\236TKR\354Tv}kkkK*\313ooOgK6\223"
 5072      AE9E544B 
 5072      52EC5476 
 5072      7D6B6B6B 
 5072      4B2ACB6F 
 5073 0349 E4C0D68E 		.ascii	"\344\300\326\216\244\237\312l\217'\025uy\351\027\"\216"
 5073      A49FCA6C 
 5073      8F271575 
 5073      79E91722 
 5073      8E
 5074 035a 7847D7AB 		.ascii	"xG\327\253\257\254\353Hvq\2447\255\323\031o\233\343"
 5074      AFACEB48 
 5074      7671A437 
 5074      ADD3196F 
 5074      9BE3
 5075 036c F57AEF7A 		.ascii	"\365z\357z\357\371\217\000`j\261H"
 5075      EFF98F00 
 5075      606AB148 
 5076              		.text
 5077              		.section	.gnu.lto_.symbol_nodes.b3bfdb17,"e",%progbits
 5078 0000 789C7D94 		.ascii	"x\234}\224\311n\023A\020\206\273\253b\217\227\340}\337"
 5078      C96E1341 
 5078      1086BBAB 
 5078      628F97E0 
 5078      7DDF
 5079 0012 B36F7692 		.ascii	"\263ov\222\023\017\200\362(\274G\331\310\002\016 \005"
 5079      130F80F2 
 5079      28BC47D9 
 5079      C8020E20 
 5079      05
 5080 0023 C1158490 		.ascii	"\301\025\204\220OpG\001\011\011Y\341\302! \024\002!"
 5080      4F704701 
 5080      090959E1 
 5080      C2212014 
 5080      0221
 5081 0035 2CC1094B 		.ascii	",\301\011K\010a\027b\021\011\343\364L\267\203R\314\251"
 5081      08611762 
 5081      1109E3F4 
 5081      4CB78352 
 5081      CCA9
 5082 0047 345FFDF3 		.ascii	"4_\375\363uukz\305'\204\200\263@\242n?}r~I\010\022b"
 5082      75756B7A 
 5082      C5278480 
 5082      B340A26E 
 5082      3F7D727E 
 5083 005f E172A331 		.ascii	"\341r\2431+\244\350>\360\000H^]\353\034u\341\215z\017"
 5083      2BA4E83E 
 5083      F000485E 
 5083      5DEB1C75 
ARM GAS  C:\Users\acest\AppData\Local\Temp\cctDK88S.s 			page 186


 5083      E18D7A0F 
 5084 0073 7C0C0407 		.ascii	"|\014\004\007\242\007\350% \344i\023\251\357\374\326"
 5084      A207E825 
 5084      20E46913 
 5084      A9EFFCD6 
 5085 0083 FD75D14B 		.ascii	"\375u\321K\353\340\342\025 \317\374\374\257\333\362"
 5085      EBE0E215 
 5085      20CFFCFC 
 5085      AFDBF2
 5086 0092 D0F04924 		.ascii	"\320\360I$\357\277\2532\331G@\326\362\365;;\342\320"
 5086      EFBFAB32 
 5086      D94740D6 
 5086      F2F53B3B 
 5086      E2D0
 5087 00a4 EC2924DF 		.ascii	"\354)$\337\177\304\313@~^|\032)\300\213\037\002\005"
 5087      7FC4CB40 
 5087      7E5E7C1A 
 5087      29C08B1F 
 5087      0205
 5088 00b6 79F12A50 		.ascii	"y\361*P\377\201\375\270YoH\007z\356\201h\034\353v=\001"
 5088      FF81FDB8 
 5088      596F4807 
 5088      7AEE8168 
 5088      1CEB763D 
 5089 00cb 3AC275C1 		.ascii	":\302u\301\032P\210\205O\201\302\275k\353e\317\200\""
 5089      1A508885 
 5089      4F81C2BD 
 5089      6BEB65CF 
 5089      8022
 5090 00dd 6CF03950 		.ascii	"l\3609P\224\205/\200b,\\\007\212\263\360%P\202\205\035"
 5090      94852F80 
 5090      622C5C07 
 5090      8AB3F025 
 5090      5082851D 
 5091 00f1 A0240B37 		.ascii	"\240$\0137\200R,\334\004J\263\360\025P\206\205\257\201"
 5091      80522CDC 
 5091      044AB3F0 
 5091      15508685 
 5091      AF81
 5092 0103 B22C7C03 		.ascii	"\262,|\003\224c\341[\240<\013\267\200\012,|\007Td\341"
 5092      9463E15B 
 5092      A03C0BB7 
 5092      800A2C7C 
 5092      075464E1 
 5093 0117 36508985 		.ascii	"6P\211\205\357\201\312\034\224\037\200*{\316S\336o\020"
 5093      EF81CA1C 
 5093      941F802A 
 5093      7BCE53DE 
 5093      6F10
 5094 0129 DD9FB84B 		.ascii	"\335\237\270K\3457\240\001\216\355\002\015r\254\216"
 5094      E537A001 
 5094      8EED020D 
 5094      72AC8E
 5095 0138 34C4B13D 		.ascii	"4\304\261=\240a\216}\001\032\341\330w\240Q\216\375\004"
 5095      A0618E7D 
 5095      011AE1D8 
 5095      77A0518E 
ARM GAS  C:\Users\acest\AppData\Local\Temp\cctDK88S.s 			page 187


 5095      FD04
 5096 014a 1AE3D86F 		.ascii	"\032\343\330o\240q\216}\004\232\340\330\016\320$\307"
 5096      A0718E7D 
 5096      049AE0D8 
 5096      0ED024C7 
 5097 015a 3E034D71 		.ascii	">\003Mq\354\023P\225c?\200j\034\373\0034\315\261\023"
 5097      EC135095 
 5097      633F806A 
 5097      1CFB0334 
 5097      CDB113
 5098 016d 48330C43 		.ascii	"H3\014C1\240\216v\016\345\340\335\366\366\006\312M\211"
 5098      31A08E76 
 5098      0EE5E0DD 
 5098      F6F606CA 
 5098      4D89
 5099 017f 20D5CBB6 		.ascii	" \325\313\266D\034Q\345\242]\016\253\262\351E\034R\345"
 5099      441C51E5 
 5099      A25D0EAB 
 5099      B2E9451C 
 5099      52E5
 5100 0191 A617FB46 		.ascii	"\246\027\373F\325\0356\207\036\251\256+;\345qn\324\266"
 5100      D51D3687 
 5100      1EA9AE2B 
 5100      3BE5716E 
 5100      D4B6
 5101 01a3 17BD63D7 		.ascii	"\027\275c\327\272WA+\210\226\272)\333\026\372\306\335"
 5101      BA57412B 
 5101      8896BA29 
 5101      DB16FAC6 
 5101      DD
 5102 01b4 8CDF64FC 		.ascii	"\214\337d\374>\235\011L\270\231`\300\315\364O\271\013"
 5102      3E9D094C 
 5102      B89960C0 
 5102      CDF44FB9 
 5102      0B
 5103 01c5 ED9F74E4 		.ascii	"\355\237t\344\226.[q\014\325Ty\034C\036U]\221\030\252"
 5103      962E5B71 
 5103      0CD55479 
 5103      1C431E55 
 5103      5D9118AA 
 5104 01d9 3A4BB630 		.ascii	":K\2660\254y\0304\017W\365H\221\332\276\251%1R\375z"
 5104      AC791834 
 5104      0F57F548 
 5104      91DABEA9 
 5104      253152FD 
 5105 01ee 7129279B 		.ascii	"q)'\233\001\273Z\270u\241 \027C\030\255\271\366\250"
 5105      01BB5AB8 
 5105      75A12017 
 5105      4318ADB9 
 5105      F6A8
 5106 0200 A5D35127 		.ascii	"\245\323Q'm\357XL\177=\346\327{\027\233^=\3239\007]"
 5106      6DEF584C 
 5106      7F3DE6D7 
 5106      7B179B5E 
 5106      3DD33907 
 5107 0215 7BCC695D 		.ascii	"{\314i]\2640\256[\343f!q\263\220\204V%\202\232'\214"
 5107      B430AE5B 
ARM GAS  C:\Users\acest\AppData\Local\Temp\cctDK88S.s 			page 188


 5107      E3662171 
 5107      B3908456 
 5107      25829A27 
 5108 022a 2AA9F349 		.ascii	"*\251\363I3hrF\251\354\003I:\255-\013S\2725eT)\243J"
 5108      33687246 
 5108      A9EC0349 
 5108      3AAD2D0B 
 5108      53BA3565 
 5109 0242 6B55DA4C 		.ascii	"kU\332L\2256\252\214\316g\234\251:\366\313!\245\262"
 5109      9536AA8C 
 5109      CE679CA9 
 5109      3AF6CB21 
 5109      A5B2
 5110 0254 47C9B89F 		.ascii	"G\311\270\237\012`V\267f\215*kT9\255\312\231\251rF\225"
 5110      0A6056B7 
 5110      668D2A6B 
 5110      5439ADCA 
 5110      99A97246 
 5111 0269 7778D32E 		.ascii	"wx\323.]W\020\363\250\\\235\030\346\335\261\342X\320"
 5111      5D5710F3 
 5111      A85C9D18 
 5111      E6DDB1E2 
 5111      58D0
 5112 027b AE827115 		.ascii	"\256\202q\025\214\253\250]E\343*\032WI\347K\346\260"
 5112      8CABA85D 
 5112      45E32A1A 
 5112      5749E74B 
 5112      E6B0
 5113 028d 4AB34A65 		.ascii	"J\263Jeo[\311m\265\260\254[\313FU6\252\212VU\214\252"
 5113      6F5BC96D 
 5113      B5B0AC5B 
 5113      CB465536 
 5113      AA8A5655 
 5114 02a3 A255E22F 		.ascii	"\242U\342/*n\263r"
 5114      2A6EB372 
 5115              		.text
 5116              		.section	.gnu.lto_.refs.b3bfdb17,"e",%progbits
 5117 0000 789C654F 		.ascii	"x\234eOK\026\2020\020\0133\305\272\240\024\374\201("
 5117      4B168230 
 5117      100B33C5 
 5117      BAA014FC 
 5117      8128
 5118 0012 EA86252B 		.ascii	"\352\206%+V\034\311\373_\300P|\322>\027y\231L\323\314"
 5118      561CC9FB 
 5118      5FC0507C 
 5118      D23E1779 
 5118      994CD3CC 
 5119 0026 CC3B03EA 		.ascii	"\314;\003\352B\234 s\026\022\340!\360\324\015\353\206"
 5119      429C2073 
 5119      1612E021 
 5119      F0D40DEB 
 5119      86
 5120 0037 DC93170C 		.ascii	"\334\223\027\014\354\017\324#\353\221<\221'\362L\236"
 5120      EC0FD423 
 5120      EB913C91 
 5120      27F24C9E 
 5121 0047 614A71CA 		.ascii	"aJq\312*\377\242\200\372\255\263G^\201SVU\021-\321\301"
ARM GAS  C:\Users\acest\AppData\Local\Temp\cctDK88S.s 			page 189


 5121      2AFFA280 
 5121      FAADB347 
 5121      5E815356 
 5121      55112DD1 
 5122 005c D4F2EBE6 		.ascii	"\324\362\353\346a\276\036\326_;\242\204\036\343\014"
 5122      61BE1ED6 
 5122      5F3BA284 
 5122      1EE30C
 5123 006b 3D6D6E0B 		.ascii	"=mn\013sN':\350%v\233\346/\273]\337m\330A\257Iv\027"
 5123      734E273A 
 5123      E825769B 
 5123      E62FBB5D 
 5123      DF6DD841 
 5124 0083 67EB4D9C 		.ascii	"g\353M\234\011\367/w\353=q\366\211\363\261\355\353\241"
 5124      09F72F77 
 5124      EB3D71F6 
 5124      89F3B1ED 
 5124      EBA1
 5125 0095 CFC4F98A 		.ascii	"\317\304\371\212\235\370\000\2069\012\337"
 5125      9DF80086 
 5125      390ADF
 5126              		.text
 5127              		.section	.gnu.lto_.decls.b3bfdb17,"e",%progbits
 5128 0000 789CA57B 		.ascii	"x\234\245{yXTW\232\367=\367T\025P \030Q\263\231\264"
 5128      79585457 
 5128      9AF73DF7 
 5128      54155020 
 5128      1851B399 
 5129 0015 9D984EFE 		.ascii	"\235\230N\376\2306\321N'\335\351\231\3573\311\264\275"
 5129      9836D14E 
 5129      27DDE999 
 5129      EF33C9B4 
 5129      BD
 5130 0026 A5BB7D92 		.ascii	"\245\273}\222\351\231\351\264\3630\010\245\322\255`"
 5130      E999E9B4 
 5130      F33008A5 
 5130      D2AD60
 5131 0035 8AB293CC 		.ascii	"\212\262\223\3143\317\363\025 \262\311\346\202\310&"
 5131      33CFF315 
 5131      20B2C9E6 
 5131      82C826
 5132 0044 088AA808 		.ascii	"\010\212\250\010\004\225UeQ\026\001\001\025\225\010"
 5132      04955565 
 5132      51160101 
 5132      159508
 5133 0053 882008E2 		.ascii	"\210 \010\342\002\202\002\002\362\275g\271K\025\327"
 5133      02820202 
 5133      F2BD67B9 
 5133      4B15D7
 5134 0062 6D86E4AD 		.ascii	"m\206\344\255\272u\356\357\274\373\373\236sn\2257\377"
 5134      BA75EEEF 
 5134      BCFBFB9E 
 5134      736E9537 
 5134      FF
 5135 0073 5110BE75 		.ascii	"Q\020\276u\026\204\266\331\2020\015\177?\024\004\241"
 5135      1684B6D9 
 5135      82300D7F 
ARM GAS  C:\Users\acest\AppData\Local\Temp\cctDK88S.s 			page 190


 5135      3F1404A1 
 5136 0083 19E865A0 		.ascii	"\031\350e\240\363@\037!A\370\005\320\333p}\002h9\\\217"
 5136      F3401F21 
 5136      41F805D0 
 5136      DB707D02 
 5136      68395C8F 
 5137 0097 C3FB67F0 		.ascii	"\303\373g\360\376\005\320J\240?\303\347\325\360\236"
 5137      FE05D04A 
 5137      A03FC3E7 
 5137      D5F09E
 5138 00a6 02940AB4 		.ascii	"\002\224\012\264\037(\013h\015\214\277\005\357\007\200"
 5138      1F280B68 
 5138      0D8CBF05 
 5138      EF0780
 5139 00b5 9A815C80 		.ascii	"\232\201\\\2002\2010\320\377\003\272\015\367\235\200"
 5139      328130D0 
 5139      FF03BA0D 
 5139      F79D80
 5140 00c4 BAE1BA03 		.ascii	"\272\341\272\003\350*P'\3205\240\353@]@\355@=@\357\001"
 5140      E82A5027 
 5140      D035A0EB 
 5140      405D40ED 
 5140      403D40EF 
 5141 00d9 EE26BCDF 		.ascii	"\356&\274\337\003\032\001\022DAp\0062\002\271\003\315"
 5141      031A0112 
 5141      44417006 
 5141      3202B903 
 5141      CD
 5142 00ea 015A00F4 		.ascii	"\001Z\000\364*\320\233@o\000\375\010h1\320R\240\017"
 5142      2AD09B40 
 5142      6F00FD08 
 5142      6831D052 
 5142      A00F
 5143 00fc 803E02FA 		.ascii	"\200>\002\372\004h9\320o\201>\007\372W\240/\201V\001"
 5143      046839D0 
 5143      6F813E07 
 5143      FA57A02F 
 5143      815601
 5144 010f AD06FA2B 		.ascii	"\255\006\372+\220\005\350\033\240\377\006\332\004\024"
 5144      9005E81B 
 5144      A0FF06DA 
 5144      0414
 5145 011d 0AB40528 		.ascii	"\012\264\005(\012(\011h/\320a\240#@\205@\307\201*\201"
 5145      0A280968 
 5145      2FD061A0 
 5145      23408540 
 5145      C7812A81 
 5146 0131 AA81CE02 		.ascii	"\252\201\316\002\235\003\272\000t\021\250\033h\000h"
 5146      9D03BA00 
 5146      7411A81B 
 5146      680068
 5147 0140 0488A83D 		.ascii	"\004\210\250=\006\357\352\277\026,\010\016\360>\007"
 5147      06EFEABF 
 5147      162C080E 
 5147      F03E07
 5148 014f 68AEC07C 		.ascii	"h\256\300|F\374K|Z\003\023\252\021\303\211\334\376("
 5148      46FC4B7C 
ARM GAS  C:\Users\acest\AppData\Local\Temp\cctDK88S.s 			page 191


 5148      5A0313AA 
 5148      11C389DC 
 5148      FE28
 5149 0161 BBF9E40F 		.ascii	"\273\371\344\017\351\300\007\360\276V\305\347#\244\360"
 5149      E9C007F0 
 5149      BE56C5E7 
 5149      23A4F0
 5150 0170 91E2300E 		.ascii	"\221\3420\016s\037\002\375\034\256_\000\232\200\353"
 5150      731F02FD 
 5150      1CAE5F00 
 5150      9A80EB
 5151 017f 7CA049A0 		.ascii	"|\240I\240l\240\367al\012\3363D&\357\247\360\371C \035"
 5151      6CA0F761 
 5151      6C0ADE33 
 5151      4426EFA7 
 5151      F0F94320 
 5152 0194 57E008B7 		.ascii	"W\340\010\267{\257\206\016=`\207\253J>\311\035)\027"
 5152      7BAF860E 
 5152      3D6087AB 
 5152      4A3EC91D 
 5152      2917
 5153 01a6 1E111F0B 		.ascii	"\036\021\037\013,\366\347\340\275\036hZd\372%\212,\277"
 5153      2CF6E7E0 
 5153      BD1E685A 
 5153      64FA258A 
 5153      2CBF
 5154 01b8 60BA9001 		.ascii	"`\272\220\001\357g\341\275\211\333Kb\235\244!\353CP"
 5154      EF67E1BD 
 5154      89DB4B62 
 5154      9DA421EB 
 5154      4350
 5155 01ca C8F931B2 		.ascii	"\310\3711\262$\233\011\303!\370\214\340\375\025\316"
 5155      249B09C3 
 5155      21F88CE0 
 5155      FD15CE
 5156 01d9 83C820F9 		.ascii	"\203\310 \371A\370.\320\340\373K\340k\264\363#\341\275"
 5156      41F82ED0 
 5156      E0FB4BE0 
 5156      6BB4F323 
 5156      E1BD
 5157 01eb 9FE73FD1 		.ascii	"\237\347?\321\235\324\200\010\214~\310\343\331\310\371"
 5157      9DD48008 
 5157      8C7EC8E3 
 5157      D9C8F9
 5158 01fa 927C73C0 		.ascii	"\222|s\300,\367\354\377\346q\276Z\372\222\332\220tu"
 5158      2CF7ECFF 
 5158      E671BE5A 
 5158      FA92DA90 
 5158      7475
 5159 020c 84772795 		.ascii	"\204w'\225\256F\256\253\263\006\317\267\270\017\264"
 5159      AE46AEAB 
 5159      B306CFB7 
 5159      B80FB4
 5160 021b 743D60A7 		.ascii	"t=`\247\257\0230{\301N\3379\\_w\015\336\375\370\361"
 5160      AF13307B 
 5160      C14EDF39 
 5160      5C5F770D 
ARM GAS  C:\Users\acest\AppData\Local\Temp\cctDK88S.s 			page 192


 5160      DEFDF8F1 
 5161 022f FABEADF2 		.ascii	"\372\276\255\362\255\304_\342KX\215\360\032\265\377"
 5161      ADC45FE2 
 5161      4B588DF0 
 5161      1AB5FF
 5162 023e FBBD8EF1 		.ascii	"\373\275\216\361R\353+\351Jb\246\207w#\360u\006\032"
 5162      52EB2BE9 
 5162      4A62A687 
 5162      7723F075 
 5162      061A
 5163 0250 15597F20 		.ascii	"\025Y\177 =\244YdyCtp\341\275\206\364\017\027\3005\210"
 5163      3DA45964 
 5163      79437470 
 5163      E1BD86F4 
 5163      0F17C035 
 5164 0265 4CCFEBBC 		.ascii	"L\317\353\274gd\360\376!\365\222n\273\036b\020XO\230"
 5164      6764F0FE 
 5164      21F5926E 
 5164      BB1E6210 
 5164      584F98
 5165 0278 0D73E763 		.ascii	"\015s\347cV\247\244\246\316>\2466\377C\307t\225\364"
 5165      56A7A4A6 
 5165      CE3EA636 
 5165      FF43C774 
 5165      95F4
 5166 028a 5DCEFB1B 		.ascii	"]\316\373\033\251\247\307\351Jb\230\311}\345\302\355"
 5166      A9A7C7E9 
 5166      4A6298C9 
 5166      7DE5C2ED 
 5167 029a 2331FD25 		.ascii	"#1\375%\257#IW\242\347'|l1\357\025F\3367\264t1\351l"
 5167      AF234957 
 5167      A2E7277C 
 5167      6C31EF15 
 5167      46DE37B4 
 5168 02b2 EB4BD2E5 		.ascii	"\353K\322\345qz\010*=H\254D\225l\"s)\227I\342\3658\231"
 5168      717A082A 
 5168      3D48AC44 
 5168      956C2273 
 5168      299749E2 
 5169 02c9 EB35EC27 		.ascii	"\3535\354'\266\223\034\220dJ\261!z\250\345\377R\225"
 5169      B6931C90 
 5169      644AB121 
 5169      7AA8E5FF 
 5169      5295
 5170 02db 1FBFE07A 		.ascii	"\037\277\340z\220>'\305\351:\267\377c\304r\247\211\347"
 5170      903E27C5 
 5170      E93AB7FF 
 5170      63C472A7 
 5170      89E7
 5171 02ed E5075CAF 		.ascii	"\345\007\\\257\307\351\264Q\243\327-W\351\240\345\013"
 5171      C7E9B451 
 5171      A3D72D57 
 5171      E9A0E50B 
 5172 02fd 4917278D 		.ascii	"I\027'\215\330\220\272\220\342\362\261*6d\354#\256\313"
 5172      D890BA90 
 5172      E2F2B12A 
 5172      3664EC23 
ARM GAS  C:\Users\acest\AppData\Local\Temp\cctDK88S.s 			page 193


 5172      AECB
 5173 030f 9C27E813 		.ascii	"\234'\350\023l\347\243\317x\\\244>\3648\235\220J\027"
 5173      6CE7A3CF 
 5173      785CA43E 
 5173      F4389D90 
 5173      4A17
 5174 0321 D29F5E84 		.ascii	"\322\237^\204\317]\242\022'\222\303z\201\255W\027\371"
 5174      CF5DA212 
 5174      2792C37A 
 5174      81AD5717 
 5174      F9
 5175 0332 BAD6FD04 		.ascii	"\272\326\375\004=\"\355\362C\322\343y\363\243\203\333"
 5175      3D22EDF2 
 5175      43D2E379 
 5175      F3A383DB 
 5176 0342 BEFC19F2 		.ascii	"\276\374\031\362c\007\000_\260\213\305gO\211\305\357"
 5176      6307005F 
 5176      B08BC567 
 5176      4F89C5EF 
 5177 0352 782C4495 		.ascii	"x,D\225|\322K1\227\377k\225\016\277\345:\274\361\004"
 5177      7CD24B31 
 5177      97FF6B95 
 5177      0EBFE53A 
 5177      BCF104
 5178 0365 BBF70270 		.ascii	"\273\367\002p\276J\376\027\334n\262\267x\011?\177\235"
 5178      BE4AFE17 
 5178      DC6EB2B7 
 5178      78093F7F 
 5178      9D
 5179 0376 7E4EFA17 		.ascii	"~N\372\027\314}\031\356\337T\345\206\324OV\360\270|"
 5179      CC7D19EE 
 5179      DF54E586 
 5179      D44F56F0 
 5179      B87C
 5180 0388 AEAAD981 		.ascii	"\256\252\331\201'\350\227m\027\027I\277\347\215\313"
 5180      27E8976D 
 5180      171749BF 
 5180      E78DCB
 5181 0397 55EE937F 		.ascii	"U\356\223\177}\206\270\034\325\250\221/\236\022\227"
 5181      7D86B81C 
 5181      D5A8912F 
 5181      9E1297
 5182 03a6 CF9FB146 		.ascii	"\317\237\261F\376\240\362\005\031\373\362\031j\3444"
 5182      FEA0F205 
 5182      19FBF219 
 5182      6AE434
 5183 03b5 00E7A974 		.ascii	"\000\347\251tYiW#dO\362\254u\362\027d\273O\221\362\206"
 5183      59695723 
 5183      644FF2AC 
 5183      75F21764 
 5183      BB4F91F2 
 5184 03ca F4F97FE7 		.ascii	"\364\371\177\347\261Y\245\252\231\275O\320\253\301."
 5184      B159A5AA 
 5184      99BD4FD0 
 5184      ABC12E
 5185 03d9 36925ECF 		.ascii	"6\222^\317\033\233.\356\213\325\317\020\233\026\215"
 5185      1B9B2EEE 
ARM GAS  C:\Users\acest\AppData\Local\Temp\cctDK88S.s 			page 194


 5185      8BD5CF10 
 5185      9B168D
 5186 03e8 9A59F994 		.ascii	"\232Y\371\224\330\374\345)5\363o*\035\376\372\0145\323"
 5186      D8FCE529 
 5186      35F36F2A 
 5186      1DFEFA0C 
 5186      35D3
 5187 03fa 0FC01755 		.ascii	"\017\300\027U\362W\333\305#\014\261\375\342GO\360\205"
 5187      F257DBC5 
 5187      230CB1FD 
 5187      E2474FF0 
 5187      85
 5188 040b 7D5C4C88 		.ascii	"}\\L\210\355+_\201\361i\244\350F\326\336U<.\026U\\\204"
 5188      ED2B5F81 
 5188      F169A4E8 
 5188      46D6DE55 
 5188      3C2E1655 
 5189 0421 27E83764 		.ascii	"'\3507d\027\027I\277\347\215K;\367\3117\317\020\227"
 5189      171749BF 
 5189      E78D4B3B 
 5189      F7C937CF 
 5189      1097
 5190 0433 718DB8AC 		.ascii	"q\215\270\254~J\\LO\211\213\247J\207\377~\206\2708\351"
 5190      7E4A5C4C 
 5190      4F898BA7 
 5190      4A87FF7E 
 5190      86B838E9 
 5191 0447 6DEB443A 		.ascii	"m\353D:OIqy\365\011\375\314>\036\311\360\036\017\264"
 5191      4F497179 
 5191      F509FDCC 
 5191      3E1EC9F0 
 5191      1E0FB4
 5192 045a 00C68755 		.ascii	"\000\306\207U:\221}P\002\217\307&U<F\236\240\327\013"
 5192      3A917D50 
 5192      028FC726 
 5192      553C469E 
 5192      A0D70B
 5193 046d 7ADB7848 		.ascii	"z\333xHz=o<z\270/B\237!\036/\353g\306#\345)\361H~J<"
 5193      7A3D6F3C 
 5193      7AB82F42 
 5193      9F211E2F 
 5193      EB67C623 
 5194 0488 76A974D8 		.ascii	"v\251t\330\362\014\361x\221\367\321\307\355\333ky\\"
 5194      F20CF178 
 5194      91F7D1C7 
 5194      EDDB6B79 
 5194      5C
 5195 0499 5EC3EC8C 		.ascii	"^\303\354\214\363:\274\027\210\312\031g7b\373\037\262"
 5195      F33ABC17 
 5195      88CA1967 
 5195      3762FB1F 
 5195      B2
 5196 04aa 5F22FAFC 		.ascii	"_\"\372\374\202\313&g\034\262\347!\373 \262\357!cd\035"
 5196      82CB2667 
 5196      1CB2E721 
 5196      FB20B2EF 
 5196      2163641D 
ARM GAS  C:\Users\acest\AppData\Local\Temp\cctDK88S.s 			page 195


 5197 04be 21FBFC37 		.ascii	"!\373\37471;S\332\377\275\375\204\263\311\001\316\233"
 5197      313B53DA 
 5197      FFBDFD84 
 5197      B3C901CE 
 5197      9B
 5198 04cf C85D04F3 		.ascii	"\310]\004\363K\271=\022o\322\233\311>\237\354\367\217"
 5198      4BB93D12 
 5198      6FD29BC9 
 5198      3E9FECF7 
 5198      8F
 5199 04e0 6BF0FE39 		.ascii	"k\360\3769\337\233?\351<U\253\262\363-\314\316\363\025"
 5199      DF9B3FE9 
 5199      3C55ABB2 
 5199      F32DCCCE 
 5199      F315
 5200 04f2 FF435B49 		.ascii	"\377C[I\276-\340\266Vj\350\363+\035{.\240e\253d\347"
 5200      BE2DE0B6 
 5200      566AE8F3 
 5200      2B1D7B2E 
 5200      A065AB64 
 5201 0507 8F606E95 		.ascii	"\217`n\225\235\235$\226or;\2535\370n\305h\016\322\301"
 5201      9D9D2496 
 5201      6F723BAB 
 5201      35F86EC5 
 5201      680ED2C1 
 5202 051b EB5CB490 		.ascii	"\353\\\264\220^;\322\3532\001\213\344\336\333\210<\000"
 5202      5E3BD2EB 
 5202      32018BE4 
 5202      DEDB883C 
 5202      00
 5203 052c 71A35702 		.ascii	"q\243W\002v\020\336\265\322\277./\001\225 \312`\205"
 5203      7610DEB5 
 5203      D2BF2E2F 
 5203      019520CA 
 5203      6085
 5204 053e 335E2D24 		.ascii	"3^-$b\361\246u\363\022c\231\325:h-\333\344$\240\243"
 5204      62F1A675 
 5204      F3126399 
 5204      D53A682D 
 5204      DBE424A0 
 5205 0553 081D4102 		.ascii	"\010\035A\002:\216`b)B\305\010\025!\274^\300f\202\315"
 5205      3A8E6062 
 5205      2942C508 
 5205      1521BC5E 
 5205      C06682CD 
 5206 0567 9C8CEA71 		.ascii	"\234\214\352qsg\254\312(\033T\206P9\002$\\\003\340\324"
 5206      7367ACCA 
 5206      281B5486 
 5206      50390224 
 5206      5C03E0D4 
 5207 057b EDF0ADD8 		.ascii	"\355\360\255\330\205rK\255\320\221;\214\237\200*\020"
 5207      85724BAD 
 5207      D0913B8C 
 5207      9F802A10 
 5208 058b D77936D5 		.ascii	"\327y6\325\323\212p\000b\003\0160\257\350b\344qg\243"
 5208      D38A7000 
 5208      62030E30 
ARM GAS  C:\Users\acest\AppData\Local\Temp\cctDK88S.s 			page 196


 5208      AFE862E4 
 5208      7167A3
 5209 059e 956B0183 		.ascii	"\225k\001\203\322\264j\320\345]T\205\360f\004\374\015"
 5209      D2B46AD0 
 5209      E55D5485 
 5209      F06604FC 
 5209      0D
 5210 05af 53175A9A 		.ascii	"S\027Z\232\034\214\257\"\004\377\203\224>kE\000\026"
 5210      1C8CAF22 
 5210      04FF8394 
 5210      3E6B4500 
 5210      16
 5211 05c0 D04FD07B 		.ascii	"\320O\320{\002\252A\250\026\300g\020\252C\"\\\006Z\255"
 5211      02AA41A8 
 5211      16C06710 
 5211      AA43225C 
 5211      065AAD
 5212 05d3 933F8077 		.ascii	"\223?\200w\340\236\33798n\234\003\3347Y\255\377\011"
 5212      E09EDF39 
 5212      386E9C03 
 5212      DC3759AD 
 5212      FF09
 5213 05e5 43A800A1 		.ascii	"C\250\000\241c\204{=\242\022\200\263c}|o\227\263\373"
 5213      63847B3D 
 5213      A21280B3 
 5213      637D7C6F 
 5213      97B3FB
 5214 05f8 A2458B18 		.ascii	"\242E\213\030\254L'\240S\010U\"ja\003\261\0205!\324"
 5214      AC4C27A0 
 5214      53085522 
 5214      6A6103B1 
 5214      103521D4 
 5215 060c 88D05962 		.ascii	"\210\320Yb*\200\306\216\205\017\354u\015\260\226\005"
 5215      2A80C68E 
 5215      850FEC75 
 5215      0DB09605 
 5216 061c B8001F74 		.ascii	"\270\000\037t\232\242$\306\364e\211\000*\346\366\007"
 5216      9AA224C6 
 5216      F4658900 
 5216      2AE6F607 
 5217 062c 8758676F 		.ascii	"\207XgorA'\020*\244\030\311\264w\005\342m\202\031l?"
 5217      72412710 
 5217      2AA418C9 
 5217      B47705E2 
 5217      6D82196C 
 5218 0641 1DE51A13 		.ascii	"\035\345\032\023\200\301I\350\344\014\314\022\001\237"
 5218      80C149E8 
 5218      E40CCC12 
 5218      019F
 5219 064f 22C68B43 		.ascii	"\"\306\213C\343g\322\260\373\014\375\2325\364\003\364"
 5219      E367D2B0 
 5219      FB0CFD9A 
 5219      35F403F4 
 5220 065f B1FBF5E7 		.ascii	"\261\373\365\347\214J(\316)L\317K\241x\211\276\276\303"
 5220      8C4A28CE 
 5220      294CCF4B 
 5220      A17889BE 
ARM GAS  C:\Users\acest\AppData\Local\Temp\cctDK88S.s 			page 197


 5220      BEC3
 5221 0671 1247A41F 		.ascii	"\022G\244\037\026\320\017\235\010\237\343\321qa\003"
 5221      16D00F9D 
 5221      089FE3D1 
 5221      716103
 5222 0680 02BE0479 		.ascii	"\002\276\004yt\005\350\032\325\245k$;S\264\315\204\016"
 5222      7405E81A 
 5222      D5A56B24 
 5222      3B53B4CD 
 5222      840E
 5223 0692 84AEF24C 		.ascii	"\204\256\362L\3007)h\333\231\260\001\243-\250S\001\021"
 5223      C0372968 
 5223      DB99B001 
 5223      A32DA853 
 5223      0111
 5224 06a4 2EB7836A 		.ascii	".\267\203j\034\025\035\257):\222-\000\276Oc~\351\316"
 5224      1C151DAF 
 5224      293A922D 
 5224      00BE4F63 
 5224      7EE9CE
 5225 06b7 D06E1219 		.ascii	"\320n\022\031\305p\346e\"\360:5\274\027!\322\012\211"
 5225      C570E665 
 5225      22F03A35 
 5225      BC1721D2 
 5225      0A89
 5226 06c9 2B0B47A2 		.ascii	"+\013G\242\243\203\034\2545\020\264.\204\272)b\246\303"
 5226      A3831CAC 
 5226      3510B42E 
 5226      84BA2962 
 5226      A6C3
 5227 06db 73A38258 		.ascii	"s\243\202XP\272\250\303\257\333;\034T\353\031\356jv"
 5227      50BAA8C3 
 5227      AFDB3B1C 
 5227      54EB19EE 
 5227      6A76
 5228 06ed 719F21B3 		.ascii	"q\237!\263\323^&>,\012\270\204\326\234\201\326\234\003"
 5228      D35E263E 
 5228      2C0AB884 
 5228      D69C81D6 
 5228      9C03
 5229 06ff BD22267F 		.ascii	"\275\"&\177\203O\212\204U~DV\264NNn\271\304n!\300\001"
 5229      834F8A84 
 5229      557E4456 
 5229      B44E4E6E 
 5229      B9C46E21 
 5230 0715 A701846E 		.ascii	"\247\001\204nB\226\032\222c\362#\035l\354\274\202\320"
 5230      42961A92 
 5230      63F2231D 
 5230      6CECBC82 
 5230      D0
 5231 0726 F700EC43 		.ascii	"\367\000\354C\350\016\2259\210\320])\373\022\342\356"
 5231      E80E9539 
 5231      88D05D29 
 5231      FB12E2EE 
 5232 0736 9A93809F 		.ascii	"\232\223\200\237\013\272\215P?EH6\360\344\003T\356m"
 5232      0BBA8D50 
 5232      3F454836 
ARM GAS  C:\Users\acest\AppData\Local\Temp\cctDK88S.s 			page 198


 5232      F0E40354 
 5232      EE6D
 5233 0748 A8022717 		.ascii	"\250\002'\027t\003\241v\012\221\362\223\347\325(\325"
 5233      7403A176 
 5233      0A91F293 
 5233      E7D528D5 
 5234 0758 EF6AC016 		.ascii	"\357j\300\026\177\367\031R\207\354\245\342 ,\340P\240"
 5234      7FF71952 
 5234      87ECA5E2 
 5234      202CE050 
 5234      A0
 5235 0769 284CACFD 		.ascii	"(L\254\375\263\334a\376\014Y\221\200\011\247\255\303"
 5235      B3DC61FE 
 5235      0C599180 
 5235      09A7ADC3 
 5236 0779 A3358699 		.ascii	"\2435\206\231\315d\014\001\0068\215\"\364\000\3414\012"
 5236      CD640C01 
 5236      06388D22 
 5236      F400E134 
 5236      0A
 5237 078a EDCC3B9E 		.ascii	"\355\314;\236j\260\315\215\207\010M(\271Q{\374\374e"
 5237      6AB0CD8D 
 5237      87084D28 
 5237      B9517BFC 
 5237      FC65
 5238 079c A4E4C684 		.ascii	"\244\344\306\204b\337$\311\215l\312\345^jB\215\236\264"
 5238      62DF24C9 
 5238      8D6CCAE5 
 5238      5E6A428D 
 5238      9EB4
 5239 07ae 4B10E007 		.ascii	"K\020\340\007\237\323/\206\006\273\321\317\343\010="
 5239      9FD32F86 
 5239      06BBD1CF 
 5239      E3083D
 5240 07bd 42348345 		.ascii	"B4\203E\232\301\263\341\356\246\316\357s\334^\004\201"
 5240      9AC1B3E1 
 5240      EEA6CEEF 
 5240      73DC5E04 
 5240      81
 5241 07ce B7AC     		.ascii	"\267\254"
 5242 07d0 D6B9680D 		.ascii	"\326\271h\015\012\020\221\225\264\335@Q@\323\264\015"
 5242      0A109195 
 5242      B4DD4051 
 5242      40D3B40D 
 5243 07e0 88F593C5 		.ascii	"\210\365\223\305a\316\212\324@Q\226\032$\022\325\360"
 5243      61CE8AD4 
 5243      4051961A 
 5243      2412D5F0 
 5244 07f0 312A77A8 		.ascii	"1*w\250a4\331M\003\2066\211\034\230\210\215%Y\355\335"
 5244      6134D94D 
 5244      03863689 
 5244      1C98888D 
 5244      2559EDDD 
 5245 0804 06D25266 		.ascii	"\006\322Rf\364\024\001m& \024.\2420\021\205\212(D\344"
 5245      F414016D 
 5245      2620142E 
 5245      A2301185 
ARM GAS  C:\Users\acest\AppData\Local\Temp\cctDK88S.s 			page 199


 5245      8A2844E4 
 5246 0818 E91B9712 		.ascii	"\351\033\227\022\311\3237XDS\210\340l\302\312\363w\013"
 5246      C9D33758 
 5246      445388E0 
 5246      6CC2CAF3 
 5246      770B
 5247 082a CFDF3FA3 		.ascii	"\317\337?\243\221\231\030\326w\3029\004\034q\337\006"
 5247      919918D6 
 5247      77C23904 
 5247      1C71DF06 
 5248 083a A3EA3B61 		.ascii	"\243\352;a\225\254\357L\3222\260\303@~LQcc\007\002\262"
 5248      95ACEF4C 
 5248      D232B0C3 
 5248      407E4C51 
 5248      63630702 
 5249 084f 67CDEC3B 		.ascii	"g\315\354;\021\242\246\025\220\311\215\247z\317\272"
 5249      11A2A615 
 5249      90C98DA7 
 5249      7ACFBA
 5250 085e DA64F265 		.ascii	"\332d\362e\204.\021\276\221tB\264\210\350\243_R\022"
 5250      842E11BE 
 5250      917442B4 
 5250      88E8A35F 
 5250      5212
 5251 0870 FBD3FF40 		.ascii	"\373\323\377@4\330\"\242aDnK\016\222\254%Y\234\222n"
 5251      34D822A2 
 5251      61446E4B 
 5251      0E92AC25 
 5251      599C926E 
 5252 0884 A5A6DC43 		.ascii	"\245\246\334C\250\215\202X\212\312jF\350\210\232\007"
 5252      A88D8258 
 5252      8ACA6A46 
 5252      E8889A07 
 5253 0894 BA2FB4A9 		.ascii	"\272/\264\251\333#\223\211bD;\2518M\307Z\333)\201fF"
 5253      DB239389 
 5253      62443BA9 
 5253      384DC75A 
 5253      DB298166 
 5254 08a9 AA0EE7F1 		.ascii	"\252\016\347\361\221\205\030\216\233\270\220\260\323"
 5254      9185188E 
 5254      9BB890B0 
 5254      D3
 5255 08b6 8D25A5A4 		.ascii	"\215%\245\244:\272\317\354:\361\"\332E\371%p\023\306"
 5255      3ABACFEC 
 5255      3AF122DA 
 5255      45F92570 
 5255      13C6
 5256 08c8 BEEBCD6D 		.ascii	"\276\353\315mY\264\335J\243\306*\015\000v\2256MU\014"
 5256      59B4DD4A 
 5256      A3C62A0D 
 5256      00769536 
 5256      4D550C
 5257 08db 9F3815E0 		.ascii	"\2378\025\3406\263\251$\332\260\304\321z\001\357\320"
 5257      36B3A924 
 5257      DAB0C4D1 
 5257      7A01EFD0 
 5258 08eb 13471687 		.ascii	"\023G\026\207\037I\327\261\325\316IDi\"T\263\016\336"
ARM GAS  C:\Users\acest\AppData\Local\Temp\cctDK88S.s 			page 200


 5258      1F49D7B1 
 5258      D5CE4944 
 5258      692254B3 
 5258      0EDE
 5259 08fd E8CAB7C9 		.ascii	"\350\312\267\311\205/|)\344\216\200v\213(U\304\2110"
 5259      852F7C29 
 5259      E48E8076 
 5259      8B2855C4 
 5259      8930
 5260 090f 378DCC15 		.ascii	"7\215\314\025\357^l\2510\314\354:\351\242M\327\021/"
 5260      EF5E6CA9 
 5260      30CCEC3A 
 5260      E9A24DD7 
 5260      112F
 5261 0921 2516473A 		.ascii	"%\026G:(\231\234\241\344\0009m\342L\340\227\015\224"
 5261      28999CA1 
 5261      E400396D 
 5261      E24CE097 
 5261      0D94
 5262 0933 075448F8 		.ascii	"\007TH\370\316)\035>^\354B\263\3326\263/\"\324B\246"
 5262      CE291D3E 
 5262      5EEC42B3 
 5262      DA36B32F 
 5262      22D442A6 
 5263 0947 1DA096E4 		.ascii	"\035\240\226\344\212(GD\331\":,\242\203\"\372ND\207"
 5263      8A284744 
 5263      D9223A2C 
 5263      A28322FA 
 5263      4E4487
 5264 095a 4494C7B3 		.ascii	"D\224\307\263|\354\301@n\216+\353^\343\264{\035P\304"
 5264      7CECC140 
 5264      6E8E2BEB 
 5264      5EE3B47B 
 5264      1D50C4
 5265 096d 562ADD6B 		.ascii	"V*\335k\212u\257$\021\355\024\011D\362\351\0059\313"
 5265      8A75AF24 
 5265      11ED1409 
 5265      44F2E905 
 5265      39CB
 5266 097f 07C74736 		.ascii	"\007\307G6\020\267\357\025\321>Q\315EU\010\017\013)"
 5266      10B7EF15 
 5266      D13E51CD 
 5266      4555080F 
 5266      0B29
 5267 0991 1780EC99 		.ascii	"\027\200\354\231\011\341\365tW\306d\332`TK\306m\031"
 5267      09E1F574 
 5267      57C664DA 
 5267      60544BC6 
 5267      6D19
 5268 09a3 B27F0684 		.ascii	"\262\177\006\204\252;\370\350\236\216\350\002\352f\331"
 5268      AA3BF8E8 
 5268      9E8EE802 
 5268      EA66D9
 5269 09b2 A81B27CA 		.ascii	"\250\033'\312\272L\036\261Z\261\013\304\013%S\010\011"
 5269      BA4C1EB1 
 5269      5AB10BC4 
 5269      0B255308 
ARM GAS  C:\Users\acest\AppData\Local\Temp\cctDK88S.s 			page 201


 5269      09
 5270 09c3 203719C4 		.ascii	" 7\031\304\340a\032\271\304\234-\267\\\335\355=\213"
 5270      E0611AB9 
 5270      C49C2DB7 
 5270      5CDDED3D 
 5270      8B
 5271 09d4 F2C5A7FA 		.ascii	"\362\305\247\372\026R&\257\361\302[\213h\332\216=\274"
 5271      165226AF 
 5271      F1C25B8B 
 5271      68DA8E3D 
 5271      BC
 5272 09e5 5B76F4FD 		.ascii	"[v\364\375m,/cE\324\012\352\210r%\312js!\333E\264\015"
 5272      6D2C2F63 
 5272      45D40AEA 
 5272      887225CA 
 5272      6A7321DB 
 5273 09fc B268AB48 		.ascii	"\262h\253H@ \344(\350\317\023<\267\220\327\337\021\021"
 5273      4020E428 
 5273      E8CF133C 
 5273      B790D7DF 
 5273      1111
 5274 0a0e EDA0F7A5 		.ascii	"\355\240\367\245X_\220\024/0\3205so\345\003\243\373"
 5274      585F9014 
 5274      2F30D035 
 5274      736FE503 
 5274      A3FB
 5275 0a20 0C9E85F6 		.ascii	"\014\236\205\366<\001\272\253\246sD\265;)R\374Y,R@E"
 5275      3C01BAAB 
 5275      A67344B5 
 5275      3B2952FC 
 5275      592C5240 
 5276 0a35 6BDEA493 		.ascii	"k\336\244\223\002P\355\211JH^V\031\004|\326\300\252"
 5276      0250ED89 
 5276      4A485E56 
 5276      19047CD6 
 5276      C0AA
 5277 0a47 762E2B63 		.ascii	"v.+c\204o\022-\014\011\305\007\307\234\026-rg{\264\370"
 5277      846F122D 
 5277      0C09C507 
 5277      C79C162D 
 5277      72677BB4 
 5278 0a5c 4CB24703 		.ascii	"L\262G\003\345a\003T*\242J\245\303\274+'Qr5k\203k`\027"
 5278      E5610354 
 5278      2AA24AA5 
 5278      C3BC2B27 
 5278      5172356B 
 5279 0a74 44103353 		.ascii	"D\0203S\221\033tRD'\300\240\343\024\005\006\225\213"
 5279      911B7452 
 5279      4427C0A0 
 5279      E3140506 
 5279      958B
 5280 0a86 A88296EC 		.ascii	"\250\202\226\354]j\2775\251\373\264\272\2749\374\224"
 5280      5D6ABF35 
 5280      A9FBB4BA 
 5280      BC39FC94 
 5281 0a96 3D9C6C8D 		.ascii	"=\234l\215\012Gn\253\312\356\264\"\224\034\004p\220"
 5281      0A476EAB 
ARM GAS  C:\Users\acest\AppData\Local\Temp\cctDK88S.s 			page 202


 5281      CAEEB422 
 5281      941C0470 
 5281      90
 5282 0aa7 03694183 		.ascii	"\003iA\203\023\273C\0205d\260(\223\266IfD\255\275\021"
 5282      13BB4310 
 5282      3564B028 
 5282      93B64966 
 5282      44ADBD11 
 5283 0abb 337A7335 		.ascii	"3zs5\005\201\310\032\252^,a'6'\037\274\341:\263\217"
 5283      0581C81A 
 5283      AA5E2C61 
 5283      2736271F 
 5283      BCE13AB3 
 5284 0ad0 9FB1C112 		.ascii	"\237\261\301\0223\276\033\033P\351V\247\350VOtK!\314"
 5284      33BE1B1B 
 5284      50E956A7 
 5284      E8564F74 
 5284      4B21CC
 5285 0ae3 0C9DB5E9 		.ascii	"\014\235\265\351\207\235X\242\3456d\262\374`\3325>^"
 5285      879D58A2 
 5285      E53664B2 
 5285      FC60DA35 
 5285      3E5E
 5286 0af5 3BDE921B 		.ascii	";\336\222\033(\010$\236\025Q\223\224d\255\231\352&\337"
 5286      2808249E 
 5286      15519394 
 5286      64AD99EA 
 5286      26DF
 5287 0b07 A834791E 		.ascii	"\2504y\036\005\234C\215\250>\226\223\3522\263\3137\333"
 5287      059C438D 
 5287      A83E9693 
 5287      EA32B3CB 
 5287      37DB
 5288 0b19 B324BB91 		.ascii	"\263$\273\2213=\217\014\252\035\260b\307yb\307I\007"
 5288      333D8F0C 
 5288      AA1DB062 
 5288      C77962C7 
 5288      4907
 5289 0b2b 963E3F63 		.ascii	"\226>?c\373_\014F\305\334\030\256ra\251\223{\333\306"
 5289      FB5F0C46 
 5289      C5DC18AE 
 5289      7261A993 
 5289      7BDBC6
 5290 0b3e A8560DA3 		.ascii	"\250V\015\243r\3073\325u\321\252\324\305\214\304\271"
 5290      72C733D5 
 5290      75D1AAD4 
 5290      C58CC4B9 
 5291 0b4e 28A216C8 		.ascii	"(\242\026\310\204\013\024\005Z^\202B\244\2219K\215j"
 5291      840B1405 
 5291      5A5E8242 
 5291      A491394B 
 5291      8D6A
 5292 0b60 8A08D0BB 		.ascii	"\212\010\320\273\317@\177o\217&\273\"\353\331\227\024"
 5292      CF407F6F 
 5292      8F26BB22 
 5292      EBD99714 
 5293 0b70 93AE2826 		.ascii	"\223\256(&\265\021\223\332\270I\027\370\312\246\307"
ARM GAS  C:\Users\acest\AppData\Local\Temp\cctDK88S.s 			page 203


 5293      B51193DA 
 5293      B84917F8 
 5293      CAA6C7
 5294 0b7f 83345895 		.ascii	"\2034X\225-\003\235\263\270]\221Yj\273\272\265\354\332"
 5294      2D039DB3 
 5294      B85D9159 
 5294      6ABBBAB5 
 5294      ECDA
 5295 0b91 C5215095 		.ascii	"\305!P\225\235\024\302\012Y\303\256\253\"\352\000M\333"
 5295      9D14C20A 
 5295      59C3AEAB 
 5295      22EA004D 
 5295      DB
 5296 0ba2 290A34BD 		.ascii	")\0124\275&\242.j\327}jW\325\305\304$\344>\003~\335"
 5296      26A22E6A 
 5296      D77D6A57 
 5296      D5C5C424 
 5296      E43E037E 
 5297 0bb7 1E0ED0E3 		.ascii	"\036\016\320\343\255\315wT\333\275\036\305\262^\221"
 5297      ADCD7754 
 5297      DBBD1EC5 
 5297      B25E91
 5298 0bc6 1F579A98 		.ascii	"\037W\232\230UV=\016ud#\235|\304\200\267\363\2212\366"
 5298      55563D0E 
 5298      7564239D 
 5298      7CC480B7 
 5298      F39132F6 
 5299 0bda F61EDEE5 		.ascii	"\366\036\336\345\010\231\012\224\341H\270o\012\331U"
 5299      08990A94 
 5299      E148B86F 
 5299      0AD955
 5300 0be9 6B775C19 		.ascii	"kw\\\031\022\321=\221\037W\0163\320\375\335\017\364"
 5300      12D13D91 
 5300      1F570E33 
 5300      D0FDDD0F 
 5300      F4
 5301 0bfa B6A06105 		.ascii	"\266\240a\005\004\200\213\273v\345\210\212\216#\212"
 5301      04808BBB 
 5301      76E5888A 
 5301      8E238A
 5302 0c09 8EF789F7 		.ascii	"\216\367\211\367\013(\227\353\303\207F\354\316\310\017"
 5302      0B2897EB 
 5302      C38746EC 
 5302      CEC80F
 5303 0c18 44342A89 		.ascii	"D4*\211*\243\240\362#=\207]mAc\012\010\000\301\215\035"
 5303      2AA3A0F2 
 5303      233D875D 
 5303      6D41630A 
 5303      0800C18D 
 5304 0c2d 07551BCC 		.ascii	"\007U\033\314qE\324C\332\037\035wo\313\253u\324<\257"
 5304      7145D443 
 5304      DA1F1D77 
 5304      6FCBAB75 
 5304      D43CAF
 5305 0c40 82B409EA 		.ascii	"\202\264\011\352\335G\"\232\204M\244\264\350\346\356"
 5305      DD47229A 
 5305      844DA4B4 
ARM GAS  C:\Users\acest\AppData\Local\Temp\cctDK88S.s 			page 204


 5305      E8E6EE
 5306 0c4f 2B6FE48B 		.ascii	"+o\344\213\356}\021\015R\224\306r\371\210\255s\017E"
 5306      EE7D110D 
 5306      5294C672 
 5306      F988AD73 
 5306      0F45
 5307 0c61 B225B487 		.ascii	"\262%\264\207\260\015\331\340C\266\322\261\315\316\204"
 5307      B00DD9E0 
 5307      43B6D2B1 
 5307      CDCE84
 5308 0c70 FD668754 		.ascii	"\375f\207T\351\356\232;.3[\315\230\206j\370!Di\032("
 5308      E9EE9A3B 
 5308      2E335BCD 
 5308      98866AF8 
 5308      2144691A 
 5309 0c85 C889FA78 		.ascii	"\310\211\372x$\263c\226\206\217Q f^\216s\"!^\000\033"
 5309      24B36396 
 5309      868F5120 
 5309      665E8E73 
 5309      22215E00 
 5310 0c9a 76FA0647 		.ascii	"v\372\006G\017:\257\276*\262\006\031\313l\237\011\204"
 5310      0F3AAFBE 
 5310      2AB20619 
 5310      CB6C9F09 
 5310      84
 5311 0cab 100488DB 		.ascii	"\020\004\210\333\214Q0\324\2678r*#C\265\273\017\305"
 5311      8C5130D4 
 5311      B738722A 
 5311      2343B5BB 
 5311      0FC5
 5312 0cbd B2756118 		.ascii	"\262ua\030X\357!\234^\272\334\023\337\352\314v7l\233"
 5312      58EF219C 
 5312      5EBADC13 
 5312      DFEACC76 
 5312      376C9B
 5313 0cd0 439C9772 		.ascii	"C\234\227r\260\271\201;/\014\223\035@,\266\333\001\020"
 5313      B0B9813B 
 5313      2F0C931D 
 5313      402CB6DB 
 5313      0110
 5314 0ce2 AE13F7E8 		.ascii	"\256\023\367\350n\204\355iT\010\325\236&\224\257\245"
 5314      6E84ED69 
 5314      5408D59E 
 5314      2694AFA5 
 5315 0cf2 D370F6C0 		.ascii	"\323p\366\300\004#\225\237\262K\030\274\31365 (s\206"
 5315      0423959F 
 5315      B24B18BC 
 5315      CB363520 
 5315      287386
 5316 0d05 20BE737F 		.ascii	" \276s\177\304$\005a\024\200\325\220\013J\224r\303\024"
 5316      C4240561 
 5316      1480D590 
 5316      0B4A9472 
 5316      C314
 5317 0d17 517745B5 		.ascii	"QwE\265\250;\242]\031\367\211\350\006\031\003\014x+"
 5317      A83BA25D 
 5317      19F789E8 
ARM GAS  C:\Users\acest\AppData\Local\Temp\cctDK88S.s 			page 205


 5317      0619030C 
 5317      782B
 5318 0d29 02A3288C 		.ascii	"\002\243(\214\3420\332\001\373r\214\266c\342\351h\214"
 5318      E230DA01 
 5318      FB728CB6 
 5318      63E2E968 
 5318      8C
 5319 0d3a 22318AC1 		.ascii	"\"1\212\301h\033f\371\224;\305\022\005T\3304S\005fl"
 5319      681B66F9 
 5319      943BC512 
 5319      0554D834 
 5319      5305666C 
 5320 0d4e B8A241B8 		.ascii	"\270\242A\270\215\261\267\037\263%\002\210\355\226\210"
 5320      8DB1B71F 
 5320      B3250288 
 5320      ED9688
 5321 0d5d D8FA5076 		.ascii	"\330\372Pv\307\036\033w\2507p\343L\031\300\354\233\211"
 5321      C71E1B77 
 5321      A83770E3 
 5321      4C19C0EC 
 5321      9B89
 5322 0d6f 81C5A383 		.ascii	"\201\305\243\203&I\337\331;\241\352~\304\354F;\361\263"
 5322      2649DFD9 
 5322      3BA1EA7E 
 5322      C4EC463B 
 5322      F1B3
 5323 0d81 5B0EDDF4 		.ascii	"[\016\335\364T\341\226dGy\203\221\235e\263\301H\304"
 5323      54E19664 
 5323      47798391 
 5323      9D65B3C1 
 5323      48C4
 5324 0d93 1A0DB588 		.ascii	"\032\015\265\2107\324x\214nQ\210\344\360\031\015u@D"
 5324      37D4788C 
 5324      6E5188E4 
 5324      F0190D75 
 5324      4044
 5325 0da5 3741A37E 		.ascii	"7A\243~\212\002\215va\224@\304\342\036j@DnV\276\263"
 5325      8A028D76 
 5325      619440C4 
 5325      E21E6A40 
 5325      446E56BE 
 5326 0dba FB0C7812 		.ascii	"\373\014x\022\266\203\00340\254\266UUH\311\212OR0\005"
 5326      B6830334 
 5326      30ACB655 
 5326      5548C98A 
 5326      4F523005 
 5327 0dce A43E6ACA 		.ascii	"\244>j\312r\246\025S\246\375\024\215<\032H\336\035\353"
 5327      72A61553 
 5327      A6FD148D 
 5327      3C1A48DE 
 5327      1DEB
 5328 0de0 A230D9AD 		.ascii	"\2420\331\2550I%\0053H\225\312\275\273o\324\305\266"
 5328      30492505 
 5328      334895CA 
 5328      BDBB6FD4 
 5328      C5B6
 5329 0df2 9935DB3C 		.ascii	"\2315\333<\025\314\334[\321\256\332\354\355Q\270\244"
ARM GAS  C:\Users\acest\AppData\Local\Temp\cctDK88S.s 			page 206


 5329      15CCDC5B 
 5329      D1AEDAEC 
 5329      ED51B8A4 
 5330 0e02 53557487 		.ascii	"SUt\207{;2\334\026\271\023\304\024\177\024\226\216I"
 5330      7B3B32DC 
 5330      16B913C4 
 5330      147F1496 
 5330      8E49
 5331 0e14 FFD96B5F 		.ascii	"\377\331k_e\364<CM\347m!\015\023\020\230\236A\3354I"
 5331      65F43C43 
 5331      4DE76D21 
 5331      0D131098 
 5331      9E41DD34 
 5332 0e29 358A7DD0 		.ascii	"5\212}\320\031L;\271-v\237\015\026p\207;k\366\353\024"
 5332      194C3BB9 
 5332      2D769F0D 
 5332      1670873B 
 5332      6BF6EB14 
 5333 0e3d C5321569 		.ascii	"\3052\025i\373\231\217\332\367\\\277\250\002L+\3550"
 5333      FB998FDA 
 5333      F75CBFA8 
 5333      024C2BED 
 5333      30
 5334 0e4e 8B017262 		.ascii	"\213\001rb\367\345\253\226\204-\012\340\000qP\210Q\300"
 5334      F7E5AB96 
 5334      842D0AE0 
 5334      00715088 
 5334      51C0
 5335 0e60 5140DB8D 		.ascii	"Q@\333\215\264\267\015\325\037\303sm\034\225\215\321"
 5335      B4B70DD5 
 5335      1FC3736D 
 5335      1C958DD1 
 5336 0e70 61CC9786 		.ascii	"a\314\227\206T\012j,\256\275\342`\013\312Q@\004p\245"
 5336      540A6A2C 
 5336      AEBDE260 
 5336      0BCA5140 
 5336      0470A5
 5337 0e83 3C4E1593 		.ascii	"<N\025\223\\E\351<\252\223!6\266\272\025/\242\356,,"
 5337      5C45E93C 
 5337      AA932136 
 5337      B6BA152F 
 5337      A2EE2C2C 
 5338 0e97 CD2FFF29 		.ascii	"\315/\377)k[y\324\241G\264\332Vv:\3639\364\255C\330"
 5338      6B5B79D4 
 5338      A147B4DA 
 5338      56763AF3 
 5338      39F4AD43 
 5339 0eac 1EC29A89 		.ascii	"\036\302\232\211\315\201U \030p\343w\030\345S\257\367"
 5339      CD815520 
 5339      1870E377 
 5339      18E553AF 
 5339      F7
 5340 0ebd 8189B781 		.ascii	"\201\211\267\201\356\001\215R+\322n\2174 \333\234(\304"
 5340      EE018D52 
 5340      2BD26E8F 
 5340      3420DB9C 
 5340      28C4
ARM GAS  C:\Users\acest\AppData\Local\Temp\cctDK88S.s 			page 207


 5341 0ecf A8483235 		.ascii	"\250H25\310\231\200B\302\013\276\307\266\240b\005\004"
 5341      C8998042 
 5341      C20BBEC7 
 5341      B6A06205 
 5341      04
 5342 0ee0 80B345D9 		.ascii	"\200\263E\331\245\252\307\311%\212f\245\314\324\302"
 5342      A5AAC7C9 
 5342      258A66A5 
 5342      CCD4C2
 5343 0eef 8E23D33A 		.ascii	"\216#\323:f\352`!\177\230Q\212Q\001\330\252eh\221b\350"
 5343      66EA6021 
 5343      7F98518A 
 5343      5101D8AA 
 5343      65689162 
 5344 0f04 B119104D 		.ascii	"\261\031\020MCORC\217ct\202\027\377\350P\3436\227Es"
 5344      434F5243 
 5344      8F637482 
 5344      17FFE850 
 5344      E3369745 
 5345 0f19 C9B23B78 		.ascii	"\311\262;x8]O\032\0238\003\316V\345\330n\031\264gFb"
 5345      385D4F1A 
 5345      133803CE 
 5345      56E5D86E 
 5345      19B46746 
 5346 0f2e 5D4ED995 		.ascii	"]N\331\225aT\201\371\266\267\230\267H\242\014\236\311"
 5346      615481F9 
 5346      B6B798B7 
 5346      48A20C9E 
 5346      C9
 5347 0f3f 049CB0FF 		.ascii	"\004\234\260\377\200\3652M\010[n9\366\334\310\311\361"
 5347      80F5324D 
 5347      085B6E39 
 5347      F6DCC8C9 
 5347      F1
 5348 0f50 6451A64E 		.ascii	"dQ\246Nz\374E\236\207\035\357\216\3105\360\347c\247"
 5348      7AFC459E 
 5348      871DEF8E 
 5348      C835F0E7 
 5348      63A7
 5349 0f62 C80A187C 		.ascii	"\310\012\030|\267\363\002\222\020\247\311Hv\347\331"
 5349      B7F30292 
 5349      10A7C948 
 5349      76E7D9
 5350 0f71 56478D87 		.ascii	"VG\215\207b\325\320\022\252X\222\037\353MHQUA\265\342"
 5350      62D5D012 
 5350      AA58921F 
 5350      EB4D4851 
 5350      5541B5E2 
 5351 0f85 B71A1A2B 		.ascii	"\267\032\032+\034K\3039u2\252W\013\206j\261\004\334"
 5351      1C4BC339 
 5351      7532AA57 
 5351      0B866AB1 
 5351      04DC
 5352 0f97 4D808E29 		.ascii	"M\200\216)w\206+\364\266"
 5352      77862BF4 
 5352      B6
 5353 0fa0 7B17BE8D 		.ascii	"{\027\276\215\207\034\251\247F\235\305\250\021\243\006"
ARM GAS  C:\Users\acest\AppData\Local\Temp\cctDK88S.s 			page 208


 5353      871CA9A7 
 5353      469DC5A8 
 5353      11A306
 5354 0faf EEA5C106 		.ascii	"\356\245\301\006\366\224\010\352\257\216\"\354\237\022"
 5354      F69408EA 
 5354      AF8E22EC 
 5354      9F12
 5355 0fbd 9125A096 		.ascii	"\221%\240\226?\360:\203\311\203\263z\215\316\221[\307"
 5355      3FF03A83 
 5355      C983B37A 
 5355      8DCE915B 
 5355      C7
 5356 0fce 9D5D89D1 		.ascii	"\235]\211\321A\312G\355\354\243\364\231\365pQs\257\306"
 5356      41CA47ED 
 5356      ECA3F499 
 5356      F5705173 
 5356      AFC6
 5357 0fe0 53A4620D 		.ascii	"S\244b\015\305\000=:y\355\232\253br\223\"\264\231\224"
 5357      C5003D3A 
 5357      79ED9AAB 
 5357      62729322 
 5357      B49994
 5358 0ff3 7FBAB380 		.ascii	"\177\272\263\200\263\201\012\200\312\200j\201\316"
 5358      B3810A80 
 5358      CA806A81 
 5358      CE
 5359 1000 015D01BA 		.ascii	"\001]\001\272\356\314\266\2525l\017[\246\303\243\304"
 5359      EECCB6AA 
 5359      356C0F5B 
 5359      A6C3A3C4 
 5360 1010 3973C70A 		.ascii	"9s\307\012bB\034\244\307+t\221)<\026\236\030\301\036"
 5360      62421CA4 
 5360      C72B7491 
 5360      293C169E 
 5360      18C11E
 5361 1023 0A42873A 		.ascii	"\012B\207:\217Q\257\"\346\266\274\224\347\336\016c\366"
 5361      8F51AF22 
 5361      E6B6BC94 
 5361      E7DE0E63 
 5361      F6
 5362 1034 03E6A20D 		.ascii	"\003\346\242\015\206\356,\370\236`B\001\265\330\200"
 5362      86EE2CF8 
 5362      9E604201 
 5362      B5D880
 5363 1043 5A9455BB 		.ascii	"Z\224U\273\217\257V\320\314.Q\214\344miQ&\2406\205\321"
 5363      8FAF56D0 
 5363      CC2E518C 
 5363      E46D6951 
 5363      26A03685 
 5364 1058 651B46AA 		.ascii	"e\033F\252\275Nd\204\214\271`+L\245\321\264\"\255\315"
 5364      BD4E6484 
 5364      8CB9602B 
 5364      4CA5D1B4 
 5364      22ADCD
 5365 106b 465A8B4A 		.ascii	"FZ\213JZC\226\274\221\250\263\001)\261\315R\204\235"
 5365      5A4396BC 
 5365      91A8B301 
ARM GAS  C:\Users\acest\AppData\Local\Temp\cctDK88S.s 			page 209


 5365      29B1CD52 
 5365      849D
 5366 107d 9BE9229B 		.ascii	"\233\351\"\233\342\276\202\321\367\220\335\255\024\006"
 5366      E2BE82D1 
 5366      F790DDAD 
 5366      1406
 5367 108b 31BD8ED1 		.ascii	"1\275\216\3215\214:1\352\300\350*F\335\030ua\324\216"
 5367      358C3A31 
 5367      EAC0E82A 
 5367      46DD1875 
 5367      61D48E
 5368 109e 510F8FF2 		.ascii	"Q\017\217\362\301\356\222v\227\036D\277\373\325y#\204"
 5368      C1EE9276 
 5368      971E44BF 
 5368      FBD57923 
 5368      84
 5369 10af 2E7F002F 		.ascii	".\177\000/F\341K,\314\265\212V\321\340\215E#6boc\015"
 5369      46E14B2C 
 5369      CCB58A56 
 5369      D1E08D45 
 5369      2336626F 
 5370 10c5 7AFD9D11 		.ascii	"z\375\235\021\274\314Q|\307\315\350\270\277\022\315"
 5370      BCCC517C 
 5370      C7CDE8B8 
 5370      BF12CD
 5371 10d4 36EA1D45 		.ascii	"6\352\035E\261\317\301\333\370\316CtHL5,\\f\325yo\231"
 5371      B1CFC1DB 
 5371      F8CE4374 
 5371      484C352C 
 5371      5C66D579 
 5372 10ea D7E76015 		.ascii	"\327\347`\025c\3760\367'\313\340\265\317\241\006y\303"
 5372      63FE30F7 
 5372      27CBE0B5 
 5372      CFA10679 
 5372      C3
 5373 10fb AC153AC7 		.ascii	"\254\025:\307\331p\325\347`\034\301\251\221\006\357"
 5373      D970D5E7 
 5373      601CC1A9 
 5373      9106EF
 5374 110a 0631F46D 		.ascii	"\0061\364mX\217\215\336KI\361/st|\335\255\002W\340\345"
 5374      588F8DDE 
 5374      4B49F12F 
 5374      73747CDD 
 5374      AD0257E0 
 5375 111f 82E0E898 		.ascii	"\202\340\350\230{x\236\261\317\301\015X\274\343\275"
 5375      7B789EB1 
 5375      CFC10D58 
 5375      BCE3BD
 5376 112e 70B6F742 		.ascii	"p\266\367B\267\032\244\367\3666\316}G\000%\274\227."
 5376      B71AA4F7 
 5376      F636CE7D 
 5376      470025BC 
 5376      972E
 5377 1140 5D261A81 		.ascii	"]&\032\201\263\316\261\006-\305\310e\251\365\332\300"
 5377      B3CEB106 
 5377      2DC5C865 
 5377      A9F5DAC0 
ARM GAS  C:\Users\acest\AppData\Local\Temp\cctDK88S.s 			page 210


 5378 1150 8B46BDD1 		.ascii	"\213F\275\321\351\365\205\357\010\202\267\260\\\004"
 5378      E9F585EF 
 5378      0882B7B0 
 5378      5C04
 5379 115e BE785AFA 		.ascii	"\276xZ\372C\016 \323[\371\210\320;Fq\251\210\177\327"
 5379      430E20D3 
 5379      5BF988D0 
 5379      3B4671A9 
 5379      887FD7
 5380 1171 E72008A2 		.ascii	"\347 \010\242\270\020JP\347\350\342\202\254\360\346"
 5380      B8104A50 
 5380      E7E8E282 
 5380      ACF0E6
 5381 1180 E4F13BEF 		.ascii	"\344\361;\357\025K\215B\237\203\010\267\346\352\240"
 5381      154B8D42 
 5381      9F8308B7 
 5381      E6EAA0
 5382 118f 572065A6 		.ascii	"W e\246\321  \024\372\025\324\013\375\217\274 \376\202"
 5382      D1202014 
 5382      FA15D40B 
 5382      FD8FBC20 
 5382      FE82
 5383 11a1 C847C47E 		.ascii	"\310G\304~\227-\211\241\343\244\027\211\034M lT~\343"
 5383      972D89A1 
 5383      E3A41789 
 5383      1C4D206C 
 5383      547EE3
 5384 11b4 D7042072 		.ascii	"\327\004 r>\322\267\241\210\315\341B\310\253\212\271"
 5384      3ED2B7A1 
 5384      88CDE142 
 5384      C8AB8AB9 
 5385 11c4 0C411C22 		.ascii	"\014A\034\"\361as8@\236\313/\211\014\012\026\325s\350"
 5385      F1617338 
 5385      409ECB2F 
 5385      890C0A16 
 5385      D573E8
 5386 11d7 3C1BC515 		.ascii	"<\033\305\025\226\202\314VRI`\037\310)o\333\225\020"
 5386      9682CC56 
 5386      5249601F 
 5386      C8296FDB 
 5386      9510
 5387 11e9 7D2FF92E 		.ascii	"}/\371.(\367T\3676W4/f\231\200\360.\027\341\215\230"
 5387      28F754F7 
 5387      3657342F 
 5387      669980F0 
 5387      2E17E18D 
 5388 11fe 78EB5871 		.ascii	"x\353Xq\367\265\226\367+\202\254\373\341\376\257\311"
 5388      F7B596F7 
 5388      2B82ACFB 
 5388      E1FEAFC9 
 5389 120e 5708FD7C 		.ascii	"W\010\375|\341\203\355\037dg\037F7\360\212\254\037\341"
 5389      E183ED1F 
 5389      64671F46 
 5389      37F08AAC 
 5389      1FE1
 5390 1220 5E17DA5C 		.ascii	"^\027\332\\\217\324z\331.\225\260\363\271\245,\225\245"
 5390      8FD47AD9 
ARM GAS  C:\Users\acest\AppData\Local\Temp\cctDK88S.s 			page 211


 5390      2E95B0F3 
 5390      B9A52C95 
 5390      A5
 5391 1231 71CD8576 		.ascii	"q\315\205v\307\316}6\200\376m\345\361\252\235\312m\245"
 5391      C7CE7D36 
 5391      80FE6DE5 
 5391      F1AA9DCA 
 5391      6DA5
 5392 1243 40EEF0AD 		.ascii	"@\356\360\255\314\325\306~\027\2724\334\301t\361\250"
 5392      CCD5C67E 
 5392      17BA34DC 
 5392      C174F1A8 
 5393 1253 BE7E28CC 		.ascii	"\276~(\314H\007R1\272K\326\212k\245\323\211zy\255\200"
 5393      48075231 
 5393      BA4BD68A 
 5393      6BA5D389 
 5393      7A79AD80 
 5394 1267 2D9AB458 		.ascii	"-\232\264X\014\201\302\203\300\206\032\326z\243\366"
 5394      0C81C283 
 5394      C0861AD6 
 5394      7AA3F6
 5395 1276 90436377 		.ascii	"\220CcwD\2245\025Y_\206{h@\266l@\266l\353\"\3345\213"
 5395      44943515 
 5395      595F867B 
 5395      6840B66C 
 5395      40B66CEB 
 5396 128e 4EC8AD0B 		.ascii	"N\310\255\013\201\322\015\264\222\207\333\000\036\226"
 5396      81D20DB4 
 5396      9287DB00 
 5396      1E96
 5397 129c C1C332F8 		.ascii	"\301\3032\370\354B|o\026Q2\375lT\032\246:\355\025\331"
 5397      EC427C6F 
 5397      165132FD 
 5397      6C541AA6 
 5397      3AED15D9 
 5398 12b0 373E3905 		.ascii	"7>9\005\275Nt`\015z@t\274\021\233\027%\362%o\224\014"
 5398      BD4E7460 
 5398      0D7A4074 
 5398      BC119B17 
 5398      25F2256F 
 5399 12c6 6CDED13F 		.ascii	"l\336\321?)JK\336\030\031\271~#&\304U\032\031'#\261"
 5399      294A4BDE 
 5399      1819B97E 
 5399      2326C455 
 5399      1A192723 
 5400 12db 17DBEBEC 		.ascii	"\027\333\353\354\266+[\341\254\252x\357t\301\265h\273"
 5400      B62B5BE1 
 5400      ACAA78EF 
 5400      74C1B568 
 5400      BB
 5401 12ec 67038536 		.ascii	"g\003\2056\200\232\312\232r\325C\263I\305\275S\314\275"
 5401      809ACA9A 
 5401      72D543B3 
 5401      49C5BD53 
 5401      CCBD
 5402 12fe 978B6E5D 		.ascii	"\227\213n]fk\363\024F\017\211\320\270\304\360\277\310"
 5402      666BF314 
ARM GAS  C:\Users\acest\AppData\Local\Temp\cctDK88S.s 			page 212


 5402      460F89D0 
 5402      B8C4F0BF 
 5402      C8
 5403 130f CE5C2BFB 		.ascii	"\316\\+\373r\032\254~$\371\362\341]k\363{r\222L\303"
 5403      721AAC7E 
 5403      24F9F2E1 
 5403      5D6BF37B 
 5403      72924CC3 
 5404 1323 1958F6CE 		.ascii	"\031X\366\316}\331;;\336\302\341\256\002\336\357J\344"
 5404      7DD93B3B 
 5404      DEC2E1AE 
 5404      02DEEF4A 
 5404      E4
 5405 1334 5C09CE8B 		.ascii	"\\\011\316\213\2625E@A:Y\317\236\201\352m\316\266\206"
 5405      B2354540 
 5405      413A59CF 
 5405      9E81EA6D 
 5405      CEB686
 5406 1347 44886AC0 		.ascii	"D\210j\300\205}%-\252\357d7\351dC\310\317C\311\271!"
 5406      857D252D 
 5406      AAEF6437 
 5406      E96443C8 
 5406      CF43C9B9 
 5407 135c 6D7A8AA5 		.ascii	"mz\212\245E\260\216\206\240|\352x\206\233\2248\233u"
 5407      45B08E86 
 5407      A07CEA78 
 5407      869B9438 
 5407      9B75
 5408 136e 309270B0 		.ascii	"0\222p\260\367\242\203\2249!d$'\242ix\226V\346\204A"
 5408      F7A28394 
 5408      39216424 
 5408      27A26978 
 5408      9656E684 
 5409 1383 3F0ED571 		.ascii	"?\016\325qk\267\016\\k\377Gfm\3142\270\205\002\271^"
 5409      6BB70E5C 
 5409      6BFF4766 
 5409      6DCC32B8 
 5409      8502B95E 
 5410 1397 289C5C4B 		.ascii	"(\234\\K\366N\374\220\240c\222R\313D8;\022\\\200\012"
 5410      F64EFC90 
 5410      A0639252 
 5410      CB44383B 
 5410      125C800A 
 5411 13ab 1720E104 		.ascii	"\027 \341\004|\022\274\322\341\372t\245\243\210\212"
 5411      7C12BCD2 
 5411      E1FA74A5 
 5411      A3888A
 5412 13ba 5B76B525 		.ascii	"[v\265%\260\324\002\365\242\311\310\275\035\347\246"
 5412      B0D402F5 
 5412      A2C9C8BD 
 5412      1DE7A6
 5413 13c9 DD342214 		.ascii	"\3354\"\024\013\022b\270\316\203\2072C\\\233\254\326"
 5413      0B1262B8 
 5413      CE838732 
 5413      435C9BAC 
 5413      D6
 5414 13da 542B9CF8 		.ascii	"T+\234\370u(RRd+\271\226\024\316\264U\030p[T\270-\212"
ARM GAS  C:\Users\acest\AppData\Local\Temp\cctDK88S.s 			page 213


 5414      75285252 
 5414      642BB996 
 5414      14CEB455 
 5414      18705B54 
 5415 13f1 C20F40E1 		.ascii	"\302\017@\341\355nO\375f3\216h\327\\\031;j\224,\330"
 5415      ED6E4FFD 
 5415      66338E68 
 5415      D75C193B 
 5415      6A942CD8 
 5416 1405 49460E6D 		.ascii	"IF\016m\252x\200%\267\307\223\221\242\242cgE-\267'\200"
 5416      AA788025 
 5416      B7C79391 
 5416      A2A26367 
 5416      452DB727 
 5417 141a CC5D9209 		.ascii	"\314]\222\011\361=\021\222\011\011:\264CR-\221\\K&\204"
 5417      F13D1192 
 5417      09093AB4 
 5417      43522D91 
 5417      5C4B2684 
 5418 142e BC696302 		.ascii	"\274ic\002\340\266\253p\333\025\023\016\272\011\370"
 5418      E0B6AB70 
 5418      DB15130E 
 5418      BA09F8
 5419 143d 8C9B6643 		.ascii	"\214\233fC)\273\333\363\235\354\341\335D\277\334\233"
 5419      29BBDBF3 
 5419      9DECE1DD 
 5419      44BFDC9B 
 5420 144d 69FFA2E1 		.ascii	"i\377\242\341\3404`\227*i\327\270Wvp\232\016\245HR\367"
 5420      E0346097 
 5420      2A69D7B8 
 5420      5776709A 
 5420      0EA54852 
 5421 1462 906B49BB 		.ascii	"\220kI\273\3267l\264\003\\\262\012\227\254h\327E5\013"
 5421      D6376CB4 
 5421      035CB20A 
 5421      97AC68D7 
 5421      45350B
 5422 1475 2989AA33 		.ascii	")\211\2523j\310\335\013@?\266\344\247\327\016\271\276"
 5422      6AC8DD0B 
 5422      403FB6E4 
 5422      A7D70EB9 
 5422      BE
 5423 1486 110FE227 		.ascii	"\021\017\342'\252\277\"\305\267\014n\242\014\235T|\031"
 5423      AABF22C5 
 5423      B70C6EA2 
 5423      0C9D547C 
 5423      19
 5424 1497 B2E8AA85 		.ascii	"\262\350\252\205x\2102\355\037\3334\340\306;\021\261"
 5424      788832ED 
 5424      1FDB34E0 
 5424      C63B11B1 
 5425 14a7 F6C1F0D8 		.ascii	"\366\301\360\330%G)\032\373\211\265\301\301\201\313"
 5425      2547291A 
 5425      FB89B5C1 
 5425      C181CB
 5426 14b6 6C4BEFB8 		.ascii	"lK\357\270\210\016(\245Wu\355\326\200\335y\350\224\015"
 5426      880E28A5 
ARM GAS  C:\Users\acest\AppData\Local\Temp\cctDK88S.s 			page 214


 5426      5775EDD6 
 5426      80DD79E8 
 5426      940D
 5427 14c8 A0B33DE1 		.ascii	"\240\263=\341\234\352\371\325A\2456\017\261\332\014"
 5427      9CEAF9D5 
 5427      41A5360F 
 5427      B1DA0C
 5428 14d7 AD0F9F56 		.ascii	"\255\017\237V\032\364!\235lY6\350\233\3050\233\272\203"
 5428      1AF4219D 
 5428      6C5936E8 
 5428      9BC5309B 
 5428      BA83
 5429 14e9 73DDA869 		.ascii	"s\335\250im\2654\356V\360l6\234~e\3432e\343\"\027\342"
 5429      6DB534EE 
 5429      56F06C36 
 5429      9C7E65E3 
 5429      3265E322 
 5430 14ff B0D954B5 		.ascii	"\260\331T\265KU9N\2221\304\272v\353\245sXKR\036L\316"
 5430      4B55394E 
 5430      9231C4BA 
 5430      76EBA573 
 5430      584B521E 
 5431 1515 659286AE 		.ascii	"e\222\206\256\356\270\204\211\244\334\244\010\271\303"
 5431      EEB88489 
 5431      A4DCA408 
 5431      B9C3
 5432 1523 E7E9508E 		.ascii	"\347\351P\216,)G\226t\355\0078y\266\226\033/oO\2778"
 5432      2C294796 
 5432      74ED0738 
 5432      79B6961B 
 5432      2F6F4FBF 
 5433 1538 4B4BD051 		.ascii	"KK\320Q\230{\204\011\032)\213\355p\241\202\032\024A"
 5433      987B8409 
 5433      1A298BED 
 5433      70A1821A 
 5433      1441
 5434 154a 4775285F 		.ascii	"Gu(_\026\224/\013:\372\003\\L\005\345\024\3379\303\216"
 5434      16942F0B 
 5434      3AFA035C 
 5434      4C05E514 
 5434      DF39C38E 
 5435 155e 4287584B 		.ascii	"B\207XK\030K\011\231\245\221\024E0\265\220\033t25r\026"
 5435      184B0999 
 5435      A5911445 
 5435      30B5901B 
 5435      74323572 
 5436 1573 755D5403 		.ascii	"u]T\003\317\212\"\035*\220\245\024\310R\266\377\000"
 5436      CF8A221D 
 5436      2A90A514 
 5436      C852B6FF 
 5436      00
 5437 1584 37CFD63C 		.ascii	"7\317\326<\222\365\205\337\313q\223<YJ\322\242n\377"
 5437      92F585DF 
 5437      CB71933C 
 5437      594AD2A2 
 5437      6EFF
 5438 1596 C8A45DD8 		.ascii	"\310\244]\330\253EtB\011{Soh\214\335\323\34236\200\362"
ARM GAS  C:\Users\acest\AppData\Local\Temp\cctDK88S.s 			page 215


 5438      AB457442 
 5438      097B536F 
 5438      688CDDD3 
 5438      E2333680 
 5439 15ab 5B91A3AA 		.ascii	"[\221\243\252\305\347\244\222\027eL\361\375]e-N\262"
 5439      C5E7A492 
 5439      17654CF1 
 5439      FD5D652D 
 5439      4EB2
 5440 15bd 6D658A13 		.ascii	"me\212\023\313A\343\343\014s,\371N\231\0235\356\314"
 5440      CB41E3E3 
 5440      0C732CF9 
 5440      4E991335 
 5440      EECC
 5441 15cf ED10292F 		.ascii	"\355\020)/\312\341\324-\233W\"\233w\345u|C;/\256\346"
 5441      CAE1D42D 
 5441      9B57229B 
 5441      77E5757C 
 5441      433B2FAE 
 5442 15e4 4F4D602D 		.ascii	"OM`-I\247\311c`&)qj<[O\303\025\036-\207\353\264\016"
 5442      49A7C963 
 5442      60262971 
 5442      6A3C5B4F 
 5442      C3151E2D 
 5443 15fc 55CA922A 		.ascii	"U\312\222*eI9\257\343\011*)(\2723\201\035e\313X\270"
 5443      654939AF 
 5443      E3092A29 
 5443      28BA3381 
 5443      1D65CB58 
 5444 1611 1AAFDE4B 		.ascii	"\032\257\336Kr\325\210W-\314\255a\202\342\372\367\367"
 5444      72D58857 
 5444      2DCCAD61 
 5444      82E2FAF7 
 5444      F7
 5445 1622 33930A1B 		.ascii	"3\223\012\033y\274j\341`*\213\251\226\305D\275\216\267"
 5445      79BC6AE1 
 5445      602A8BA9 
 5445      96C544BD 
 5445      8EB7
 5446 1634 BE40A644 		.ascii	"\276@\246D\235\213\334\306\014\272\315\342\225\337\026"
 5446      9D8BDCC6 
 5446      0CBACDE2 
 5446      95DF16
 5447 1643 B0C92059 		.ascii	"\260\311 YXO\342u\2763\372\222\335\363\256\006\021\235"
 5447      584FE275 
 5447      BE33FA92 
 5447      DDF3AE06 
 5447      119D
 5448 1655 55C2513F 		.ascii	"U\302Q?Z\237e\267\3066\333\000B\342[2U\317\346\032\225"
 5448      5A9F65B7 
 5448      C636DB00 
 5448      42E25B32 
 5448      55CFE61A 
 5449 166a 783531C5 		.ascii	"x51\305s\306\212;\035d\333\232\024/6\203\306\015\014"
 5449      73C68A3B 
 5449      1D64DB9A 
 5449      142F3683 
ARM GAS  C:\Users\acest\AppData\Local\Temp\cctDK88S.s 			page 216


 5449      C60D0C
 5450 167d 937B2061 		.ascii	"\223{ a\207#5\356fc\270\024\257f\035\252\223\315\253"
 5450      872335EE 
 5450      6663B814 
 5450      AF661DAA 
 5450      93CDAB
 5451 1690 93CDBBF4 		.ascii	"\223\315\273\364\032>\370\202f\274n\355\2740OKP\013"
 5451      1A3EF882 
 5451      66BC6EED 
 5451      BC304F4B 
 5451      500B
 5452 16a2 CCBDC004 		.ascii	"\314\275\300\004\265v\217\246\263\352\312\312\333\300"
 5452      B5768FA6 
 5452      B3EACACA 
 5452      DBC0
 5453 16b0 BCD8A243 		.ascii	"\274\330\242C\347e1\347e1\007_\303\025TLFbW\014[\275"
 5453      E76531E7 
 5453      6531075F 
 5453      C315544C 
 5453      4662570C 
 5454 16c6 9A58B0E2 		.ascii	"\232X\260\342&\223\0169h\004\253\225\034\261\231\230"
 5454      26930E39 
 5454      6804AB95 
 5454      1CB19998 
 5455 16d6 9D1DB752 		.ascii	"\235\035\267RYq5\346\305K\366\264\352\320%Y\320%YP\370"
 5455      597135E6 
 5455      C54BF6B4 
 5455      EAD02559 
 5455      D0255950 
 5456 16eb 6BB8ED85 		.ascii	"k\270\355\205\247\227W\033\011Wgro\277\335\257\320."
 5456      A797571B 
 5456      09576772 
 5456      6FBFDDAF 
 5456      D02E
 5457 16fd 88A84389 		.ascii	"\210\250C\211FnF\362W\266\367\277\267\271\177\2463q"
 5457      466E46F2 
 5457      57B6F7BF 
 5457      B7B97FA6 
 5457      3371
 5458 170f 40AF44EB 		.ascii	"@\257D\353\252\022\255N\246\371\266\272\272ae9\351T"
 5458      AA12AD4E 
 5458      A6F9B6BA 
 5458      BA616539 
 5458      E954
 5459 1721 9C780D14 		.ascii	"\234x\015\024ng\230s\301\005{t\324\272\210\374\324k"
 5459      6E679873 
 5459      C1057B74 
 5459      D4BA88FC 
 5459      D46B
 5460 1733 C81A0EF0 		.ascii	"\310\032\016\360\331\000@Wd\363\256\310\346\235_\200"
 5460      D9004057 
 5460      64F3AEC8 
 5460      E69D5F80 
 5461 1743 87B5C315 		.ascii	"\207\265\303\025T=}\032k\211\352\201\311\327\231\250"
 5461      543D7D1A 
 5461      6B89EA81 
 5461      C9D799A8 
ARM GAS  C:\Users\acest\AppData\Local\Temp\cctDK88S.s 			page 217


 5462 1753 0B4D377B 		.ascii	"\013M7{\2154^\365\371<^=:\324-\313\351V\366%\013p\350"
 5462      8D345EF5 
 5462      F93C5E3D 
 5462      3AD42DCB 
 5462      E956F625 
 5463 176a 1C3225BF 		.ascii	"\0342%\277rh\023\363Z'\213W~o\3471\235F\274\372\311"
 5463      726813F3 
 5463      5A278B57 
 5463      7E6FE731 
 5463      9D46BCFA 
 5464 177f 5C26E646 		.ascii	"\\&\346FFD'M\213\301\207\371r\274\372u\350\206,\350"
 5464      4644274D 
 5464      8BC187F9 
 5464      72BCFA75 
 5464      E8862CE8 
 5465 1793 862C68F3 		.ascii	"\206,h\363\002\234:\347\251\333\232[$\\\255\207\207"
 5465      029C3AE7 
 5465      A9DB9A5B 
 5465      245CAD87 
 5465      87
 5466 17a4 0EBA4823 		.ascii	"\016\272H#\267\311HAU\302\025W\311\011w\310H\337\203"
 5466      B7C94841 
 5466      55C21557 
 5466      C90977C8 
 5466      48DF83
 5467 17b7 EF421D6C 		.ascii	"\357B\035lC\326.\242A%d\211a\307j\354\276\357\273n\003"
 5467      43D62EA2 
 5467      41256489 
 5467      61C76AEC 
 5467      BEEFBB6E 
 5468 17cc 08D91C53 		.ascii	"\010\331\034S"
 5469 17d0 A77A243D 		.ascii	"\247z$=\244\304\364\036o\365\343\001\251\312JzOq\364"
 5469      A4C4F41E 
 5469      6FF5E301 
 5469      A9CA4A7A 
 5469      4F71F4
 5470 17e3 30187597 		.ascii	"0\030u\227a\3567\337\034e\233\204\302\243G\344\230\016"
 5470      61EE37DF 
 5470      1C659B84 
 5470      C2A347E4 
 5470      980E
 5471 17f5 EBD080EC 		.ascii	"\353\320\200\354\202\001\331\005S\257\340\2229\2321"
 5471      8201D905 
 5471      53AFE092 
 5471      399A31
 5472 1804 8D88EF1A 		.ascii	"\215\210\357\032\020\265D\215\302\344\007\274\330\207"
 5472      10B5448D 
 5472      C2E407BC 
 5472      D887
 5473 1812 EE6DA58B 		.ascii	"\356m\245\213vn|\001\217\351\250\016\335\227\345\334"
 5473      766E7C01 
 5473      8FE9A80E 
 5473      DD97E5DC 
 5474 1822 97E534BF 		.ascii	"\227\3454\277\202/P9\227\233\302\302\331\271\347\036"
 5474      822F5039 
 5474      979BC2C2 
 5474      D9B9E71E 
ARM GAS  C:\Users\acest\AppData\Local\Temp\cctDK88S.s 			page 218


 5475 1832 8BE9D1A1 		.ascii	"\213\351\321\241\256\022G\215\230N\300\334\207\274\357"
 5475      AE12478D 
 5475      984EC0DC 
 5475      87BCEF
 5476 1841 44ECEA76 		.ascii	"D\354\352v\240\026\235(\220c:\241C\343\262\240qYP\356"
 5476      A0169D28 
 5476      90633AA1 
 5476      43E3B2A0 
 5476      715950EE 
 5477 1855 2B7870CE 		.ascii	"+xp\316\323k\360\021\011X\344\256\250$\273\200\365\203"
 5477      D36BF011 
 5477      0958E4AE 
 5477      A824BB80 
 5477      F583
 5478 1867 74BD1C8F 		.ascii	"t\275\034\217\357\263C\257\333-qIX\015(=s\342\237\224"
 5478      EFB343AF 
 5478      DB2D7149 
 5478      580D283D 
 5478      73E29F94 
 5479 187b 7805E8E5 		.ascii	"x\005\350\345x\005\352\351\375\350\342\364Ng\331\270"
 5479      7805EAE9 
 5479      FDE8E2F4 
 5479      4E67D9B8 
 5480 188b 40BD6C5D 		.ascii	"@\275l]\220\036\216T\314\272\261\350\266\355l9xX0\322"
 5480      901E8E54 
 5480      CCBAB1E8 
 5480      B6ED6C39 
 5480      785830D2 
 5481 189f 29C52B48 		.ascii	")\305+H\217\246d\363\246d\363F_\306\233\3345\343\325"
 5481      8FA664F3 
 5481      A664F346 
 5481      5FC69BDC 
 5481      35E3D5
 5482 18b2 561F5B8F 		.ascii	"V\037[\217\265D\205\200\250\315L\235\353]\251\203TT"
 5482      B5448580 
 5482      A8CD4C9D 
 5482      EB5DA983 
 5482      5454
 5483 18c4 6E49118F 		.ascii	"nI\021\217W\210\036\005\353%9\301zIN\335\3138\216\312"
 5483      57881E05 
 5483      EB2539C1 
 5483      7A494EDD 
 5483      CB388ECA 
 5484 18d8 49CF8FD8 		.ascii	"I\317\217\330\301\344\000K\"\307Z\336u\327I#^\02107"
 5484      C1E4004B 
 5484      22C75ADE 
 5484      75D74923 
 5484      5E113037 
 5485 18ec 9C8909AE 		.ascii	"\234\211\011\256\212\254a5\330_$\307+B\217\302dAa\262"
 5485      8AAC6135 
 5485      D85F24C7 
 5485      2B428FC2 
 5485      644161B2 
 5486 1900 A0032FE3 		.ascii	"\240\003/\343\203TPKpu3\244\255\225<\202h>\271\250<"
 5486      8354504B 
 5486      707533A4 
 5486      AD953C82 
ARM GAS  C:\Users\acest\AppData\Local\Temp\cctDK88S.s 			page 219


 5486      683EB9A8 
 5487 1915 28F51DF2 		.ascii	"(\365\035\362\2606R\236\023I\376A\005\234\236\334\005"
 5487      B036529E 
 5487      1349FE41 
 5487      059C9EDC 
 5487      05
 5488 1926 5C4D671C 		.ascii	"\\Mg\034\210;4Dj\022\305\300\035\\O\307\272:\243\366"
 5488      883B3444 
 5488      6A12C5C0 
 5488      1D5C4FC7 
 5488      BA3AA3F6 
 5489 193a 91ED13DA 		.ascii	"\221\355\023\332\012\022b\365\270\231\216von9\341LF"
 5489      0A1262F5 
 5489      B8998E76 
 5489      6F6E39E1 
 5489      4C46
 5490 194c B7C3E836 		.ascii	"\267\303\3506\375S\263#\216@n\224\335h\223w\312;\365"
 5490      FD53B323 
 5490      8E406E94 
 5490      DD689377 
 5490      CA3BF5
 5491 195f B895B23A 		.ascii	"\270\225\262:~\277\275\226\344/\332\305lM>\231\222\240"
 5491      7EBFBD96 
 5491      E42FDAC5 
 5491      6C4D3E99 
 5491      92A0
 5492 1971 ACF75F32 		.ascii	"\254\367_2w\240\004\220\223\010\024\317@{oV\345@\357"
 5492      77A00490 
 5492      930814CF 
 5492      407B6F56 
 5492      E540EF
 5493 1984 0B85B3E4 		.ascii	"\013\205\263\344\311\342:\224d\255\010\264n\261.\274"
 5493      C9E23A94 
 5493      64AD08B4 
 5493      6EB12EBC 
 5494 1994 870184A2 		.ascii	"\207\001\204\242\231\205h\007\340\243\231\215\305s5"
 5494      99856807 
 5494      E0A3998D 
 5494      C57335
 5495 19a3 337873C2 		.ascii	"3xs\302\215XW\3511C\212\3761\307\352T%=\013\253\016"
 5495      8D5857E9 
 5495      31438AFE 
 5495      31C7EA54 
 5495      253D0BAB 
 5496 19b8 4CD8EDE1 		.ascii	"L\330\355\341\362E5\240\270\276(M\365\2448MI\340=L\363"
 5496      F24535A0 
 5496      B8BE284D 
 5496      F5A4384D 
 5496      49E03D4C 
 5497 19cd D290BE03 		.ascii	"\322\220\276\003\314-{\364h7\0219Rp\377\267\032\341"
 5497      CC2D7BF4 
 5497      68371139 
 5497      5270FFB7 
 5497      1AE1
 5498 19df CF00EDD3 		.ascii	"\317\000\355\323\331\234\332\261\326<7\032\311\007\003"
 5498      D99CDAB1 
 5498      D63C371A 
ARM GAS  C:\Users\acest\AppData\Local\Temp\cctDK88S.s 			page 220


 5498      C90703
 5499 19ee 65250B69 		.ascii	"e%\013i$3\364(Y\216d2\263\262V\333\312\220\350\255u"
 5499      2433F428 
 5499      598E6432 
 5499      B3B256DB 
 5499      CA90E8AD 
 5500 1a03 986FB533 		.ascii	"\230o\2653\037gd\226bC\321\311\312>\273\337\354\306"
 5500      1F676496 
 5500      6243D1C9 
 5500      CA3EBBDF 
 5500      ECC6
 5501 1a15 886AC0D4 		.ascii	"\210j\300\324\376\\\365/n\016(F\036d\012\017\016\347"
 5501      FE5CF52F 
 5501      6E0E2846 
 5501      1E640A0F 
 5501      0EE7
 5502 1a27 8F318907 		.ascii	"\2171\211\007\365h?\021y1e\342\201\326Q,\033\254<\304"
 5502      F5683F11 
 5502      793165E2 
 5502      81D6512C 
 5502      1BAC3CC4 
 5503 1a3b 264DE554 		.ascii	"&M\345Tmq V\026\306\245\324\006;\200\215\331z\264O\266"
 5503      6D712056 
 5503      16C6A5D4 
 5503      063B808D 
 5503      D97AB44F 
 5504 1a50 711FB3B1 		.ascii	"q\037\263\261s\356S\327\227\\\"\360\300\325\360\016"
 5504      73EE53D7 
 5504      975C22F0 
 5504      C0D5F00E 
 5505 1a60 2749853C 		.ascii	"'I\205<2R\270\365\350n\255\276\230\017*|\307T\210+\370"
 5505      3252B8F5 
 5505      E86EADBE 
 5505      980F2A7C 
 5505      C754882B 
 5506 1a75 2E9E964C 		.ascii	".\236\226L\356\211\340\220\262\331\"\334C9\262\0069"
 5506      EE89E090 
 5506      B2D922DC 
 5506      4339B206 
 5506      39
 5507 1a86 4C83E9B9 		.ascii	"L\203\351\271\232O\032\022;\216M*e\254|\301R\000\354"
 5507      9A4F1A12 
 5507      3B8E4D2A 
 5507      65AC7CC1 
 5507      5200EC
 5508 1a99 8F31F6A7 		.ascii	"\2171\366\247\353c\310\206\030\374V\274ws\224\025\255"
 5508      EB63C886 
 5508      18FC56BC 
 5508      77739415 
 5508      AD
 5509 1aaa 809BE8A8 		.ascii	"\200\233\350\250\314\377(\343\0371O\363\230\031q+\322"
 5509      CCFF28E3 
 5509      1F314FF3 
 5509      9819712B 
 5509      D2
 5510 1abb 4D92574C 		.ascii	"M\222WL\354\271]\020\267\027k\330S\012\002K\230\300"
 5510      ECB95D10 
ARM GAS  C:\Users\acest\AppData\Local\Temp\cctDK88S.s 			page 221


 5510      B7176BD8 
 5510      530A024B 
 5510      98C0
 5511 1acd C29D9BCB 		.ascii	"\302\235\233\313\035\251\300\322`&\260T\217\212d\201"
 5511      1DA9C0D2 
 5511      6026B054 
 5511      8F8A6481 
 5512 1add 454C60DC 		.ascii	"EL`\334\274\247\272\364$\021\030XR9\314\022\253\024"
 5512      BCA7BAF4 
 5512      24111858 
 5512      5239CC12 
 5512      AB14
 5513 1aef A3323212 		.ascii	"\24322\022W\324\026\251\365K\353\012P\241\234\251\020"
 5513      57D416A9 
 5513      F54BEB0A 
 5513      50A19CA9 
 5513      10
 5514 1b00 3876398D 		.ascii	"8v9\215Fu\2544\177\210w\241\012=:!+q\202)\221\245i\365"
 5514      4675AC34 
 5514      7F8877A1 
 5514      0A3D3A21 
 5514      2B718229 
 5515 1b18 C4F52341 		.ascii	"\304\365#A\242\206\215U \3404\357\215\335\227\2173\033"
 5515      A2868D55 
 5515      20E034EF 
 5515      8DDD978F 
 5515      331B
 5516 1b2a 43B98D55 		.ascii	"C\271\215UztJf\177\212\261?B\331\007\3369R\311,\010"
 5516      7A744A66 
 5516      7F8AB13F 
 5516      42D907DE 
 5516      3952C92C 
 5517 1b3f 668F1587 		.ascii	"f\217\025\207\343\243s\245\247\210\265\304\242\222\234"
 5517      E3A373A5 
 5517      A788B5C4 
 5517      A2929C
 5518 1b4e BC4AF98B 		.ascii	"\274J\371\213\2633dd{p\372~\331\361ud$\373\301h\271"
 5518      B3336464 
 5518      7B70FA7E 
 5518      D9F17564 
 5518      24FBC168 
 5519 1b63 D689A401 		.ascii	"\326\211\244\001\224\252gJ\205\024G\357\234\305s\371"
 5519      94AA674A 
 5519      851447EF 
 5519      9CC573F9 
 5520 1b73 30CDE506 		.ascii	"0\315\345\006=\252\221\225\252aJ\325S\245\242\256\336"
 5520      3DAA9195 
 5520      AA614AD5 
 5520      53A5A2AE 
 5520      DE
 5521 1b84 DDC78AE5 		.ascii	"\335\307\212\345!SjK\325\261$\255\005\241\031\37071"
 5521      21536A4B 
 5521      D5B124AD 
 5521      05A119F8 
 5521      3731
 5522 1b96 FE151DD5 		.ascii	"\376\025\035\325\007\235)\377\334}\327~\016\355O\204"
 5522      079D29FF 
ARM GAS  C:\Users\acest\AppData\Local\Temp\cctDK88S.s 			page 222


 5522      DC7DD77E 
 5522      0EED4F84 
 5523 1ba6 BBA85116 		.ascii	"\273\250Q\026\320\310\004\264Q\001\273S\306\376H\223"
 5523      D0C804B4 
 5523      5101BB53 
 5523      C6FE4893 
 5524 1bb6 FA4A104D 		.ascii	"\372J\020Mj@\236\227\221\347\031\262\217\"\217\205\227"
 5524      6A409E97 
 5524      91E719B2 
 5524      8F228F85 
 5524      97
 5525 1bc7 9F1629B4 		.ascii	"\237\026)\264Q\206\266\310\320\026\006\275G\241\271"
 5525      5186B6C8 
 5525      D01606BD 
 5525      47A1B9
 5526 1bd6 89BD671C 		.ascii	"\211\275g\034\370\272@>\357\331\233r\316IZ\021.k\256"
 5526      F8BA403E 
 5526      EFD99B72 
 5526      CE495A11 
 5526      2E6BAE
 5527 1be9 0817AED4 		.ascii	"\010\027\256\3245\262\201/\321\367\0041\331\027\267"
 5527      35B2812F 
 5527      D1F70431 
 5527      D917B7
 5528 1bf8 47CFA37D 		.ascii	"G\317\243}\205v\211\240-\017\\\1778>\217\376{\205\343"
 5528      857689A0 
 5528      2D0F5C7F 
 5528      383E8FFE 
 5528      7B85E3
 5529 1c0b BBFAF319 		.ascii	"\273\372\363\031\274]/\340\011*uh\367\360>rJCW\365\250"
 5529      BC5D2FE0 
 5529      092A7568 
 5529      F7F03E72 
 5529      4A4357F5 
 5530 1c20 83FE8AF6 		.ascii	"\203\376\212\366\340\316\214&\007\276|\240N\302d\363"
 5530      E0CE8C26 
 5530      07BE7CA0 
 5530      4EC264F3 
 5531 1c30 CE8B8146 		.ascii	"\316\213\201F\373\244D\327\340v\027P\033S\367f\333\364"
 5531      FBA444D7 
 5531      E0761750 
 5531      1B53F766 
 5531      DBF4
 5532 1c42 19C41790 		.ascii	"\031\304\027\220\204,\003]@\\\3107Bzt\211/\037\255\200"
 5532      842C035D 
 5532      405CC837 
 5532      427A7489 
 5532      2F1FAD80 
 5533 1c56 BEC44C0E 		.ascii	"\276\304L\016\232\257yf<\325s>\306\356iq\037B\275J\243"
 5533      9AAF7966 
 5533      3CD5733E 
 5533      C6EE6971 
 5533      1F42BD4A 
 5534 1c6b BCDBB5B5 		.ascii	"\274\333\265\265\300\356\0109d\0038\325t.P\365\264\376"
 5534      C0EE0839 
 5534      640338D5 
 5534      742E50F5 
ARM GAS  C:\Users\acest\AppData\Local\Temp\cctDK88S.s 			page 223


 5534      B4FE
 5535 1c7d 86D249FB 		.ascii	"\206\322I\373\230\236a;\277\033`kf\237\036\365\020\363"
 5535      989E613B 
 5535      BF1B606B 
 5535      669F1EF5 
 5535      10F3
 5536 1c8f AA3AA306 		.ascii	"\252:\243\006\365\032\331q\023\324\355g\223\012\352"
 5536      F51AD971 
 5536      13D4ED67 
 5536      930AEA
 5537 1c9e 2203D9CA 		.ascii	"\"\003\331\312\237\020W\022d\240\351qS\217\256\313\221"
 5537      9F105712 
 5537      64A0E971 
 5537      538FAECB 
 5537      91
 5538 1caf BCCECCDA 		.ascii	"\274\316\314\3326_s\275h\277\325\037\307\212\"\014\243"
 5538      365F73BD 
 5538      68BFD51F 
 5538      C78A220C 
 5538      A3
 5539 1cc0 DB8F5B30 		.ascii	"\333\217[0\356*Vl;qw\334\356\350\265\023\253\001\255"
 5539      EE2A566C 
 5539      3B7177DC 
 5539      EEE8B513 
 5539      AB01AD
 5540 1cd3 3977CA54 		.ascii	"9w\312T\333\360A\305\314!\246qh\345\341Vg*rH\217\356"
 5540      DBF041C5 
 5540      CC21A671 
 5540      68E5E156 
 5540      672A7248 
 5541 1ce9 10915347 		.ascii	"\020\221SG\222\312\265\314\034\0063\357\261I\261!\245"
 5541      92CAB5CC 
 5541      1C0633EF 
 5541      B149B121 
 5541      A5
 5542 1cfa C9B49D16 		.ascii	"\311\264\235\026\246\034\014\370\202Z9\254G\267d+o1"
 5542      A61C0CF8 
 5542      825A39AC 
 5542      47B7642B 
 5542      6F31
 5543 1d0c 2B33E60B 		.ascii	"+3\346\0138\207Z\232\336^\262\331I\375O`\330\027\204"
 5543      38875A9A 
 5543      DE5EB2D9 
 5543      49FD4F60 
 5543      D81784
 5544 1d1f 0FF4CFF8 		.ascii	"\017\364\317\370\005\341\346\351\242\213\306\267\342"
 5544      05E1E6E9 
 5544      A28BC6B7 
 5544      E2
 5545 1d2c 63C813EC 		.ascii	"c\310\023\354\200\374\177\330J\236\325\217\352\321}"
 5545      80FC7FD8 
 5545      4A9ED58F 
 5545      EAD17D
 5546 1d3b 22913383 		.ascii	"\"\2213\203-\272^X\261\347e\322\261c\343\317\252\236"
 5546      2DBA5E58 
 5546      B1E765D2 
 5546      B163E3CF 
ARM GAS  C:\Users\acest\AppData\Local\Temp\cctDK88S.s 			page 224


 5546      AA9E
 5547 1d4d D6C42ABF 		.ascii	"\326\304*\277\031\031\347a\312\334\272]\365\333\347"
 5547      1919E761 
 5547      CADCBA5D 
 5547      F5DBE7
 5548 1d5c 23AA1FFF 		.ascii	"#\252\037\3771\300\211\366\223Y\252\237\200\344+n\233"
 5548      31C089F6 
 5548      9359AA9F 
 5548      80E42B6E 
 5548      9B
 5549 1d6d 6080A4E3 		.ascii	"`\200\244\343\215%\252\037Nd+\200I\336\034\217\205\034"
 5549      8D25AA1F 
 5549      4E642B80 
 5549      49DE1C8F 
 5549      851C
 5550 1d7f 579D6933 		.ascii	"W\235i3\024\300\024oT\361\235\021*\016\365\312\357\257"
 5550      14C0146F 
 5550      54F19D11 
 5550      2A0EF5CA 
 5550      EFAF
 5551 1d91 1F31C0EE 		.ascii	"\0371\300\356\330\341\033*@\242\302a\232\001\322\022"
 5551      D8E11B2A 
 5551      40A2C261 
 5551      9A01D212 
 5552 1da1 4F6C51ED 		.ascii	"OlQ\355x\206\224oD\254\006\346\265s\355\325*\035\022"
 5552      7886946F 
 5552      44AC06E6 
 5552      B573EDD5 
 5552      2A1D12
 5553 1db4 94335800 		.ascii	"\2243X\000\003D]\351\317Vm'\322\024@ \000p\371\374\247"
 5553      03445DE9 
 5553      CF566D27 
 5553      D2144020 
 5553      0070F9FC 
 5554 1dc9 3F65DE64 		.ascii	"?e\336d\200\221\361\310\236i\345\341\203\352)\370f\003"
 5554      8091F1C8 
 5554      9E69E5E1 
 5554      83EA29F8 
 5554      6603
 5555 1ddb 346F037F 		.ascii	"4o\003\177\316|\253[~\012\276\331\200\202\014\374\371"
 5555      CE7CAB5B 
 5555      7E0ABED9 
 5555      80820CFC 
 5555      F9
 5556 1dec 7108B996 		.ascii	"q\010\271\226\366\320\355o\022\357\327\304\306\251\302"
 5556      F6D0ED6F 
 5556      12EFD7C4 
 5556      C6A9C2
 5557 1dfb 13A6A815 		.ascii	"\023\246\250\025\312\364N:\266{\237J\357X\005\020\306"
 5557      CAF44E3A 
 5557      B67B9F4A 
 5557      EF580510 
 5557      C6
 5558 1e0c 00D6DA13 		.ascii	"\000\326\332\023\035\252\264oV|\027\316\000W/\246\035"
 5558      1DAAB46F 
 5558      567C17CE 
 5558      00572FA6 
ARM GAS  C:\Users\acest\AppData\Local\Temp\cctDK88S.s 			page 225


 5558      1D
 5559 1e1d 52FD1A76 		.ascii	"R\375\032vT\001D0\300\370\266\357GU\375\241A\001l!\256"
 5559      54014430 
 5559      C0F8B6EF 
 5559      4755FDA1 
 5559      41016C21 
 5560 1e32 69D6764D 		.ascii	"i\326vM\372@z\205\326N'\032\014\214\222\374p&\210\371"
 5560      FA407A85 
 5560      D64E271A 
 5560      0C8C92FC 
 5560      702688F9 
 5561 1e46 2106C138 		.ascii	"!\006\3018\212\224\374\020C\256%?\234^\204\257\316\327"
 5561      8A94FC10 
 5561      43AE253F 
 5561      9C5E84AF 
 5561      CED7
 5562 1e58 5E3837C7 		.ascii	"^87\307V\310\307\367\255\304\373\017\016\005\377MZ&"
 5562      56C8C7F7 
 5562      ADC4FB0F 
 5562      0E05FF4D 
 5562      5A26
 5563 1e6a B791819A 		.ascii	"\267\221\201\232\023\003m\006\015-v\000\373\355\\\013"
 5563      13036D06 
 5563      0D2D7600 
 5563      FBED5C0B 
 5564 1e7a 581EA782 		.ascii	"X\036\247\202\035\350\027A\277\206\033(VR#\216\\Kj\214"
 5564      1DE81741 
 5564      BF861B28 
 5564      5652238E 
 5564      5C4B6A8C 
 5565 1e8e BF05ECF2 		.ascii	"\277\005\354\362\037\035\270\245\372\251l\227\342\212"
 5565      1F1DB8A5 
 5565      FAA96C97 
 5565      E28A
 5566 1e9c 9DCC5727 		.ascii	"\235\314W'SK\242UO\333\356)\251\034\317\000Y\341\345"
 5566      534BA255 
 5566      4FDBEE29 
 5566      A91CCF00 
 5566      59E1E5
 5567 1eaf D3AA82BC 		.ascii	"\323\252\202\274\251p\330\305\000iI;N\250\3021\255\244"
 5567      A970D8C5 
 5567      0069493B 
 5567      4EA8C231 
 5567      ADA4
 5568 1ec1 720203A4 		.ascii	"r\002\003\244\304D\036Q\375\364%^\001$2@GQe\260*g\206"
 5568      C4441E51 
 5568      FDF4255E 
 5568      01243240 
 5568      475165B0 
 5569 1ed8 1511490C 		.ascii	"\025\021I\014\220\027\330\257\376\367\016\265\212\222"
 5569      9017D8AF 
 5569      FEF70EB5 
 5569      8A92
 5570 1ee6 C90CB073 		.ascii	"\311\014\260s\307\356/\225\373\005\012\203\024\022\360"
 5570      C7EE2F95 
 5570      FB050A83 
 5570      1412F0
ARM GAS  C:\Users\acest\AppData\Local\Temp\cctDK88S.s 			page 226


 5571 1ef5 411A8DC2 		.ascii	"A\032\215\302\361S\215\354\330\222l`\035\373d\345\377"
 5571      F1538DEC 
 5571      D8926C60 
 5571      1DFB64E5 
 5571      FF
 5572 1f06 910E56A9 		.ascii	"\221\016V\251\304\367\333Ko\3459k\370~\017\3704\315"
 5572      C4F7DB4B 
 5572      6FE5396B 
 5572      F87E0FF8 
 5572      34CD
 5573 1f18 A07C0D77 		.ascii	"\240|\015w\364\375r\351k\270=\006\264[\362~:\271\226"
 5573      F4FD72E9 
 5573      6BB83D06 
 5573      B45BF27E 
 5573      3AB996
 5574 1f2b BCDFB188 		.ascii	"\274\337\261\2100\234\034KR\371\256T\321+\203\351\335"
 5574      309C1C4B 
 5574      52F9AE54 
 5574      D12B83E9 
 5574      DD
 5575 1f3c 50937F47 		.ascii	"P\223\177G\325\006*\024\300^\006\330\024\025\334\241"
 5575      D5062A14 
 5575      C05E06D8 
 5575      1415DCA1 
 5576 1f4c AA962A05 		.ascii	"\252\226*\005\260\217\211\325\231M\253\375\377\357\342"
 5576      B08F89D5 
 5576      994DABFD 
 5576      FFEFE2
 5577 1f5b C5EFAAFF 		.ascii	"\305\357\252\377\377t\255\317*\237/,\033\275}\374\336"
 5577      FF74ADCF 
 5577      2A9F2F2C 
 5577      1BBD7DFC 
 5577      DE
 5578 1f6c F522D77E 		.ascii	"\365\"\327~\376K\227,Y\362\256\237?\374\277\316g\325"
 5578      FE4B972C 
 5578      59F2AE9F 
 5578      3FFCBFCE 
 5578      67D5
 5579 1f7e BBFE662F 		.ascii	"\273\376f/\270\261\332\323\313\342g\376v\261\227\343"
 5579      B8B1DAD3 
 5579      CBE267FE 
 5579      76B197E3 
 5580 1f8e AFFEF0A7 		.ascii	"\257\376\360\247\205\237.\371P\230\247\032\\\354\351"
 5580      859F2EF9 
 5580      5098A71A 
 5580      5CECE9
 5581 1f9d FDB30F   		.ascii	"\375\263\017"
 5582 1fa0 DFF3F4F2 		.ascii	"\337\363\364\362\026\014\033\275|-\036\026\235\257\351"
 5582      160C1BBD 
 5582      7C2D1E16 
 5582      9DAFE9
 5583 1faf 1B8BABD7 		.ascii	"\033\213\253\327Z\017\357o}=L\353L\353M\2760\346\271"
 5583      5A0FEF6F 
 5583      7D3D4CEB 
 5583      4CEB4DBE 
 5583      30E6B9
 5584 1fc2 DEA4F35A 		.ascii	"\336\244\363Z\353i\376\231\327G+\251,\177*w\245J\356"
ARM GAS  C:\Users\acest\AppData\Local\Temp\cctDK88S.s 			page 227


 5584      EB69FE99 
 5584      D7472BA9 
 5584      2C7F2A77 
 5584      A54AEE
 5585 1fd5 4A3FFF95 		.ascii	"J?\377\225T\356J\037_\257u\033\275M+\0251k\205Y*v d"
 5585      54EE4A1F 
 5585      5FAF751B 
 5585      BD4D2B15 
 5585      316B8559 
 5586 1fed B5D964C2 		.ascii	"\265\331d\302\376\246\365\372\2576\2326\232\034A\034"
 5586      FEA6F5FA 
 5586      AF369A36 
 5586      9A1C411C 
 5587 1ffd BD304A   		.ascii	"\2750J"
 5588 2000 1700D960 		.ascii	"\027\000\331`6\375\375'O\026g\266\250d\255\003\220?"
 5588      36FDFD27 
 5588      4F1667B6 
 5588      A864AD03 
 5588      903F
 5589 2012 4872011E 		.ascii	"Hr\001\036\300\331s\303Z?\263\011\203Mzj\327\222\347"
 5589      C0D973C3 
 5589      5A3FB309 
 5589      834D7A6A 
 5589      D792E7
 5590 2025 6005D381 		.ascii	"`\005\323\201\221\263\314\205h\343\347\267N\357\271"
 5590      91B3CC85 
 5590      68E3E7B7 
 5590      4EEFB9
 5591 2034 CE678DAF 		.ascii	"\316g\215\257\263\337\252\277\232\274,\036\376>\377"
 5591      B3DFAABF 
 5591      9ABC2C1E 
 5591      FE3EFF
 5592 2043 65329017 		.ascii	"e2\220\027\017\2133\271\353\261\326\344\351m2;n0\373"
 5592      0F8B33B9 
 5592      EBB1D6E4 
 5592      E96D323B 
 5592      6E30FB
 5593 2056 FDDD072E 		.ascii	"\375\335\007.\\\326\233\326\2571YVo\364\365\362\260"
 5593      5CD69BD6 
 5593      AF315956 
 5593      6FF4F5F2 
 5593      B0
 5594 2067 FCFCF9FC 		.ascii	"\374\374\371\374\006S\011Kb\316,\270\006\027zP\021\226"
 5594      0653094B 
 5594      62CE2CB8 
 5594      06177A50 
 5594      1196
 5595 2079 796B367A 		.ascii	"yk6z\232\275M\336\0366\243n`2\323\312\337c\265\317j"
 5595      9ABD4DDE 
 5595      1E36A36E 
 5595      6032D3CA 
 5595      DF63B5CF 
 5596 208e 3FBC7ED5 		.ascii	"?\274~\3257\342W_\317\206a\313Z3\250\345\317\274\372"
 5596      37E2575F 
 5596      CF8661CB 
 5596      5A33A8E5 
 5596      CFBCFA
ARM GAS  C:\Users\acest\AppData\Local\Temp\cctDK88S.s 			page 228


 5597 20a1 D3E7F001 		.ascii	"\323\347\360\001\347\007\032\270\331\360\360\260\350"
 5597      E7071AB8 
 5597      D9F0F0B0 
 5597      E8
 5598 20ae CD267F93 		.ascii	"\315&\177\223E\357\361\011q\211\331{\203\305\254_\357"
 5598      45EFF109 
 5598      7189D97B 
 5598      83C5AC5F 
 5598      EF
 5599 20bf BF06C6BF 		.ascii	"\277\006\306\2776\3035\266\370m0\254\332\270z\265\311"
 5599      36C335B6 
 5599      F86D30AC 
 5599      DAB87AB5 
 5599      C9
 5600 20d0 2C7E65FE 		.ascii	",~e\376\3609\355^\345\367\215\211\310tZ\357\351\263"
 5600      F039ED5E 
 5600      E5F78D89 
 5600      C8745AEF 
 5600      E9B3
 5601 20e2 0E3E3CB7 		.ascii	"\016><\267\347@m\342\001\302\303U\355\022\017\213\003"
 5601      E7406DE2 
 5601      01C2C355 
 5601      ED120F8B 
 5601      03
 5602 20f3 CFBE57C1 		.ascii	"\317\276W\301+f\323\032\340g2\203#\375-\236\026\037"
 5602      2B66D31A 
 5602      E0673283 
 5602      23FD2D9E 
 5602      161F
 5603 2105 2FEE3E1D 		.ascii	"/\356>\035\274mpW\335\345\261\266\314\342\005\301>\273"
 5603      BC6D7057 
 5603      DDE5B1B6 
 5603      CCE205C1 
 5603      3EBB
 5604 2117 904B66A3 		.ascii	"\220Kf\243\207e6\277%g\213\233\315'\017\271\230\270"
 5604      876536BF 
 5604      25678B9B 
 5604      CD270FB9 
 5604      98B8
 5605 2129 49B354D7 		.ascii	"I\263T\327\036\026w\033\306LW\035y\231c?\012i\306\261"
 5605      1E16771B 
 5605      C64C571D 
 5605      7999633F 
 5605      0A69C6B1 
 5606 213d 1B7C3698 		.ascii	"\033|6\230t\364\345\353\365\226o\364~_\373\232\314N"
 5606      74F4E5EB 
 5606      F5966FF4 
 5606      7E5FFB9A 
 5606      CC4E
 5607 214f 72AC1DD9 		.ascii	"r\254\035\331\233\207\205T\325\372\215\026\3237\016"
 5607      9B878554 
 5607      D5FA8D16 
 5607      D3370E
 5608 215e F4F5F94A 		.ascii	"\364\365\371J\000\030\203\013u^\360\216\315\026\363"
 5608      0018830B 
 5608      755EF08E 
 5608      CD16F3
ARM GAS  C:\Users\acest\AppData\Local\Temp\cctDK88S.s 			page 229


 5609 216d 1CCE14FA 		.ascii	"\034\316\024\372\020\370\305\327\013\314\302_[\314\016"
 5609      10F8C5D7 
 5609      0BCCC25F 
 5609      5BCC0E
 5610 217c 1B7D7C2D 		.ascii	"\033}|-?\203\3620\003\356\203\347\213\0241\200\204\311"
 5610      3F83F230 
 5610      03EE83E7 
 5610      8B143180 
 5610      84C9
 5611 218e 402E3C2C 		.ascii	"@.<,F\3112\305NR\321F\351\302\303b`\005\246\337\340"
 5611      46C932C5 
 5611      4E52D146 
 5611      E9C2C362 
 5611      6005A6DF 
 5612 21a3 B9C6E4EF 		.ascii	"\271\306\344\357\014\0376\360\222\233\245\272\376\237"
 5612      0C1F36F0 
 5612      929BA5BA 
 5612      FE9F
 5613 21b1 941A994E 		.ascii	"\224\032\231N4\321m\3647y\353HI\353\310\2203\2571r="
 5613      34D16DF4 
 5613      3779EB48 
 5613      49EBC890 
 5613      33AF3172 
 5614 21c6 4B750DD9 		.ascii	"Ku\015\331\240\224\366Rp\004\330\356D5'z:\321X\221+"
 5614      A094F652 
 5614      7004D8EE 
 5614      4435277A 
 5614      3AD15891 
 5615 21db 47A84276 		.ascii	"G\250Bv\001\311\300. g\330\005\004\226\326.\275 #s\324"
 5615      01C9C02E 
 5615      2067D805 
 5615      0496D62E 
 5615      BD202373 
 5616 21f0 25CCBA26 		.ascii	"%\314\272&\235F@x\311\007\202\223\247y\375\337?4\375"
 5616      9D464078 
 5616      C9078293 
 5616      A779FDDF 
 5616      3F34FD
 5617 2203 78BD60F4 		.ascii	"x\275`\364\3623C8\177\274\376}\001\222\347SH\261\217"
 5617      F2334338 
 5617      7FBCFE7D 
 5617      0192E753 
 5617      48B18F
 5618 2216 D7ADF3F3 		.ascii	"\327\255\363\363\372\230\364&\223\367o\236\263C\203"
 5618      FA98F426 
 5618      93F76F9E 
 5618      B34383
 5619 2225 25C0CF24 		.ascii	"%\300\317$uh\352\351\325>\276\336\377\360\351G+\377"
 5619      7568EAE9 
 5619      D53EBEDE 
 5619      FFF0E947 
 5619      2BFF
 5620 2237 E46F32FB 		.ascii	"\344o2\373\257\364\3642\371[V\376\263\311\377oP\331"
 5620      AFF4F432 
 5620      F95B56FE 
 5620      B3C9FF6F 
 5620      50D9
ARM GAS  C:\Users\acest\AppData\Local\Temp\cctDK88S.s 			page 230


 5621 2249 2B3F5FFC 		.ascii	"+?_\374\361\342O\027\377r\245\031\206=\240\325\021\215"
 5621      F1E24F17 
 5621      FF72A519 
 5621      863DA0D5 
 5621      118D
 5622 225b 8565FFCB 		.ascii	"\205e\377\313\225I\240%C\304r\037\274\350\265v9\270"
 5622      9549A025 
 5622      43C4721F 
 5622      BCE8B576 
 5622      39B8
 5623 226d F18FF4C3 		.ascii	"\361\217\364\303o|},\334\272\327\010\316\0132\321b\222"
 5623      6F7C7D2C 
 5623      DCBAD708 
 5623      CE0B32D1 
 5623      6292
 5624 227f 4A933868 		.ascii	"J\2238h\361\006O\263e\361{\363\265\357\276N\206\315"
 5624      F1064FB3 
 5624      65F17BF3 
 5624      B5EFBE4E 
 5624      86CD
 5625 2291 50FD9EFE 		.ascii	"P\375\236\376Z\263^|\314m\015Y$\372\217\227E\356j\311"
 5625      5AB35E7C 
 5625      CC6D0D59 
 5625      24FA8F97 
 5625      45EE6AC9 
 5626 22a5 52CDD292 		.ascii	"R\315\322\222En\273zHA\367\360\001k\211\371\354\343"
 5626      456EBB7A 
 5626      4841F7F0 
 5626      016B89F9 
 5626      ECE3
 5627 22b7 E7BC1531 		.ascii	"\347\274\0251O\270\313\343\313\301Wll\201\306\330'\337"
 5627      4FB8CBE3 
 5627      CBC1576C 
 5627      6C81C6D8 
 5627      27DF
 5628 22c9 AEF083C2 		.ascii	"\256\360\203\3024\231\347\253\030Q\241\354\376<y\370"
 5628      3499E7AB 
 5628      1851A1EC 
 5628      FE3C79F8 
 5629 22d9 536AC127 		.ascii	"Sj\301'\264\225\331rgc3\030\260\341\227\354\030|!u\273"
 5629      B495D972 
 5629      67633318 
 5629      B0E197EC 
 5629      187C2175 
 5630 22ee F9363CE4 		.ascii	"\3716<\344\341\227\355\331hL`\234~\317\032\343\\\033"
 5630      E197EDD9 
 5630      684C609C 
 5630      7ECF1AE3 
 5630      5C1B
 5631 2300 3E7CF045 		.ascii	">|\360E{.|\374\025;\036\314H\377\345\277Y\376\307\227"
 5631      7B2E7CFC 
 5631      153B1ECC 
 5631      48FFE5BF 
 5631      59FEC797 
 5632 2314 34BC436F 		.ascii	"4\274Co\274\252\355\031z\317\335\216\337\012\250\355"
 5632      BCAAED19 
 5632      7ACFDD8E 
ARM GAS  C:\Users\acest\AppData\Local\Temp\cctDK88S.s 			page 231


 5632      DF0AA8ED 
 5633 2324 176C1891 		.ascii	"\027l\030\221\221\271\366\034\310\240\272\"\227\233"
 5633      91B9F61C 
 5633      C8A0BA22 
 5633      979B
 5634 2332 FDD6FF8B 		.ascii	"\375\326\377\213\337\206\3378\370[\314\276^\3537\350"
 5634      DF86DF38 
 5634      F85BCCBE 
 5634      5EEB37E8 
 5635 2342 366C349B 		.ascii	"6l4\233t\000]\355\340\353\007\375\324\357kx\367\365"
 5635      74005DED 
 5635      E0EB07FD 
 5635      D4EF6B78 
 5635      F7F5
 5636 2354 DDB86EDD 		.ascii	"\335\270n\335\277\333\325\254\205\254\375+\327\370n"
 5636      BFDBD5AC 
 5636      85ACFD2B 
 5636      D7F86E
 5637 2363 5C48AF16 		.ascii	"\\H\257\026B\355/4\255_e\362\206\225\177\345\222\367"
 5637      42ED2F34 
 5637      AD5F65F2 
 5637      86957FE5 
 5637      92F7
 5638 2375 16FF64E1 		.ascii	"\026\377d\341\322\367\226.Y\274\344\275\225p\347\307"
 5638      D2F7962E 
 5638      59BCE4BD 
 5638      9570E7C7 
 5639 2385 C0C4F463 		.ascii	"\300\304\364c\223\347*\037\271\254A\240\217\357\032"
 5639      93E72A1F 
 5639      B9AC41A0 
 5639      8FEF1A
 5640 2394 B2047AAD 		.ascii	"\262\004z\255\375\375'J\025\201\263\177\305\366\017"
 5640      FDFD274A 
 5640      1581B37F 
 5640      C5F60F
 5641 23a3 2B80EF67 		.ascii	"+\200\357g~\236\336\037\233\315\236\337\276n3<\243\350"
 5641      7E9EDE1F 
 5641      9BCD9EDF 
 5641      BE6E333C 
 5641      A3E8
 5642 23b5 A01D9371 		.ascii	"\240\035\223qj\223\221]/\207\355\033t\254_C\352\252"
 5642      6A93915D 
 5642      2F87ED1B 
 5642      74AC5F43 
 5642      EAAA
 5643 23c7 9B8F910D 		.ascii	"\233\217\221\015\221\273/2\340\014f\260U\371\275\345"
 5643      91BB2F32 
 5643      E00C66B0 
 5643      55F9BDE5 
 5644 23d7 1B65D899 		.ascii	"\033e\330\231~\376\223/0\371\233\023\275\376\014\256"
 5644      7EFE932F 
 5644      30F99B13 
 5644      BDFE0CAE 
 5645 23e7 0CD09660 		.ascii	"\014\320\226`\217\201\2268\254\366]\350\277\301\344"
 5645      8F819638 
 5645      ACF65DE8 
 5645      BFC1E4
ARM GAS  C:\Users\acest\AppData\Local\Temp\cctDK88S.s 			page 232


 5646 23f6 05D32065 		.ascii	"\005\323 e\224i\260\350\022w+\003d\347\310K\350\005"
 5646      9469B0E8 
 5646      12772B03 
 5646      64E7C84B 
 5646      E805
 5647 2408 BB3E0AFB 		.ascii	"\273>\012\373#\271\265m\364]\347\343\3737\245\325\371"
 5647      23B9B56D 
 5647      F45DE7E3 
 5647      FB37A5D5 
 5647      F9
 5648 2419 705E36AA 		.ascii	"p^6\252:y\371m\370\326\203\354y\377?\021\357%!"
 5648      3A79F96D 
 5648      F8D683EC 
 5648      79FF3F11 
 5648      EF2521
 5649              		.text
 5650              		.section	.gnu.lto_.symtab.b3bfdb17,"e",%progbits
 5651 0000 5F5F6661 		.ascii	"__factory_init\000"
 5651      63746F72 
 5651      795F696E 
 5651      697400
 5652 000f 00       		.ascii	"\000"
 5653 0010 00       		.ascii	"\000"
 5654 0011 00       		.ascii	"\000"
 5655 0012 00000000 		.ascii	"\000\000\000\000\000\000\000\000"
 5655      00000000 
 5656 001a 26020000 		.ascii	"&\002\000\000"
 5657 001e 63685F66 		.ascii	"ch_factory\000"
 5657      6163746F 
 5657      727900
 5658 0029 00       		.ascii	"\000"
 5659 002a 00       		.ascii	"\000"
 5660 002b 00       		.ascii	"\000"
 5661 002c 00000000 		.ascii	"\000\000\000\000\000\000\000\000"
 5661      00000000 
 5662 0034 F8020000 		.ascii	"\370\002\000\000"
 5663 0038 63684661 		.ascii	"chFactoryRegisterObject\000"
 5663      63746F72 
 5663      79526567 
 5663      69737465 
 5663      724F626A 
 5664 0050 00       		.ascii	"\000"
 5665 0051 00       		.ascii	"\000"
 5666 0052 00       		.ascii	"\000"
 5667 0053 00000000 		.ascii	"\000\000\000\000\000\000\000\000"
 5667      00000000 
 5668 005b 2E020000 		.ascii	".\002\000\000"
 5669 005f 63684661 		.ascii	"chFactoryFindObject\000"
 5669      63746F72 
 5669      7946696E 
 5669      644F626A 
 5669      65637400 
 5670 0073 00       		.ascii	"\000"
 5671 0074 00       		.ascii	"\000"
 5672 0075 00       		.ascii	"\000"
 5673 0076 00000000 		.ascii	"\000\000\000\000\000\000\000\000"
 5673      00000000 
ARM GAS  C:\Users\acest\AppData\Local\Temp\cctDK88S.s 			page 233


 5674 007e 32020000 		.ascii	"2\002\000\000"
 5675 0082 63684661 		.ascii	"chFactoryFindObjectByPointer\000"
 5675      63746F72 
 5675      7946696E 
 5675      644F626A 
 5675      65637442 
 5676 009f 00       		.ascii	"\000"
 5677 00a0 00       		.ascii	"\000"
 5678 00a1 00       		.ascii	"\000"
 5679 00a2 00000000 		.ascii	"\000\000\000\000\000\000\000\000"
 5679      00000000 
 5680 00aa 36020000 		.ascii	"6\002\000\000"
 5681 00ae 63684661 		.ascii	"chFactoryReleaseObject\000"
 5681      63746F72 
 5681      7952656C 
 5681      65617365 
 5681      4F626A65 
 5682 00c5 00       		.ascii	"\000"
 5683 00c6 00       		.ascii	"\000"
 5684 00c7 00       		.ascii	"\000"
 5685 00c8 00000000 		.ascii	"\000\000\000\000\000\000\000\000"
 5685      00000000 
 5686 00d0 3A020000 		.ascii	":\002\000\000"
 5687 00d4 63684661 		.ascii	"chFactoryCreateBuffer\000"
 5687      63746F72 
 5687      79437265 
 5687      61746542 
 5687      75666665 
 5688 00ea 00       		.ascii	"\000"
 5689 00eb 00       		.ascii	"\000"
 5690 00ec 00       		.ascii	"\000"
 5691 00ed 00000000 		.ascii	"\000\000\000\000\000\000\000\000"
 5691      00000000 
 5692 00f5 42020000 		.ascii	"B\002\000\000"
 5693 00f9 63684661 		.ascii	"chFactoryFindBuffer\000"
 5693      63746F72 
 5693      7946696E 
 5693      64427566 
 5693      66657200 
 5694 010d 00       		.ascii	"\000"
 5695 010e 00       		.ascii	"\000"
 5696 010f 00       		.ascii	"\000"
 5697 0110 00000000 		.ascii	"\000\000\000\000\000\000\000\000"
 5697      00000000 
 5698 0118 46020000 		.ascii	"F\002\000\000"
 5699 011c 63684661 		.ascii	"chFactoryReleaseBuffer\000"
 5699      63746F72 
 5699      7952656C 
 5699      65617365 
 5699      42756666 
 5700 0133 00       		.ascii	"\000"
 5701 0134 00       		.ascii	"\000"
 5702 0135 00       		.ascii	"\000"
 5703 0136 00000000 		.ascii	"\000\000\000\000\000\000\000\000"
 5703      00000000 
 5704 013e 4A020000 		.ascii	"J\002\000\000"
 5705 0142 63684661 		.ascii	"chFactoryCreateSemaphore\000"
ARM GAS  C:\Users\acest\AppData\Local\Temp\cctDK88S.s 			page 234


 5705      63746F72 
 5705      79437265 
 5705      61746553 
 5705      656D6170 
 5706 015b 00       		.ascii	"\000"
 5707 015c 00       		.ascii	"\000"
 5708 015d 00       		.ascii	"\000"
 5709 015e 00000000 		.ascii	"\000\000\000\000\000\000\000\000"
 5709      00000000 
 5710 0166 52020000 		.ascii	"R\002\000\000"
 5711 016a 63684661 		.ascii	"chFactoryFindSemaphore\000"
 5711      63746F72 
 5711      7946696E 
 5711      6453656D 
 5711      6170686F 
 5712 0181 00       		.ascii	"\000"
 5713 0182 00       		.ascii	"\000"
 5714 0183 00       		.ascii	"\000"
 5715 0184 00000000 		.ascii	"\000\000\000\000\000\000\000\000"
 5715      00000000 
 5716 018c 56020000 		.ascii	"V\002\000\000"
 5717 0190 63684661 		.ascii	"chFactoryReleaseSemaphore\000"
 5717      63746F72 
 5717      7952656C 
 5717      65617365 
 5717      53656D61 
 5718 01aa 00       		.ascii	"\000"
 5719 01ab 00       		.ascii	"\000"
 5720 01ac 00       		.ascii	"\000"
 5721 01ad 00000000 		.ascii	"\000\000\000\000\000\000\000\000"
 5721      00000000 
 5722 01b5 5A020000 		.ascii	"Z\002\000\000"
 5723 01b9 63684661 		.ascii	"chFactoryCreateMailbox\000"
 5723      63746F72 
 5723      79437265 
 5723      6174654D 
 5723      61696C62 
 5724 01d0 00       		.ascii	"\000"
 5725 01d1 00       		.ascii	"\000"
 5726 01d2 00       		.ascii	"\000"
 5727 01d3 00000000 		.ascii	"\000\000\000\000\000\000\000\000"
 5727      00000000 
 5728 01db 62020000 		.ascii	"b\002\000\000"
 5729 01df 63684661 		.ascii	"chFactoryFindMailbox\000"
 5729      63746F72 
 5729      7946696E 
 5729      644D6169 
 5729      6C626F78 
 5730 01f4 00       		.ascii	"\000"
 5731 01f5 00       		.ascii	"\000"
 5732 01f6 00       		.ascii	"\000"
 5733 01f7 00000000 		.ascii	"\000\000\000\000\000\000\000\000"
 5733      00000000 
 5734 01ff 66020000 		.ascii	"f\002\000\000"
 5735 0203 63684661 		.ascii	"chFactoryReleaseMailbox\000"
 5735      63746F72 
 5735      7952656C 
ARM GAS  C:\Users\acest\AppData\Local\Temp\cctDK88S.s 			page 235


 5735      65617365 
 5735      4D61696C 
 5736 021b 00       		.ascii	"\000"
 5737 021c 00       		.ascii	"\000"
 5738 021d 00       		.ascii	"\000"
 5739 021e 00000000 		.ascii	"\000\000\000\000\000\000\000\000"
 5739      00000000 
 5740 0226 6A020000 		.ascii	"j\002\000\000"
 5741 022a 63684661 		.ascii	"chFactoryCreateObjectsFIFO\000"
 5741      63746F72 
 5741      79437265 
 5741      6174654F 
 5741      626A6563 
 5742 0245 00       		.ascii	"\000"
 5743 0246 00       		.ascii	"\000"
 5744 0247 00       		.ascii	"\000"
 5745 0248 00000000 		.ascii	"\000\000\000\000\000\000\000\000"
 5745      00000000 
 5746 0250 74020000 		.ascii	"t\002\000\000"
 5747 0254 63684661 		.ascii	"chFactoryFindObjectsFIFO\000"
 5747      63746F72 
 5747      7946696E 
 5747      644F626A 
 5747      65637473 
 5748 026d 00       		.ascii	"\000"
 5749 026e 00       		.ascii	"\000"
 5750 026f 00       		.ascii	"\000"
 5751 0270 00000000 		.ascii	"\000\000\000\000\000\000\000\000"
 5751      00000000 
 5752 0278 78020000 		.ascii	"x\002\000\000"
 5753 027c 63684661 		.ascii	"chFactoryReleaseObjectsFIFO\000"
 5753      63746F72 
 5753      7952656C 
 5753      65617365 
 5753      4F626A65 
 5754 0298 00       		.ascii	"\000"
 5755 0299 00       		.ascii	"\000"
 5756 029a 00       		.ascii	"\000"
 5757 029b 00000000 		.ascii	"\000\000\000\000\000\000\000\000"
 5757      00000000 
 5758 02a3 7C020000 		.ascii	"|\002\000\000"
 5759 02a7 63684661 		.ascii	"chFactoryCreatePipe\000"
 5759      63746F72 
 5759      79437265 
 5759      61746550 
 5759      69706500 
 5760 02bb 00       		.ascii	"\000"
 5761 02bc 00       		.ascii	"\000"
 5762 02bd 00       		.ascii	"\000"
 5763 02be 00000000 		.ascii	"\000\000\000\000\000\000\000\000"
 5763      00000000 
 5764 02c6 84020000 		.ascii	"\204\002\000\000"
 5765 02ca 63684661 		.ascii	"chFactoryFindPipe\000"
 5765      63746F72 
 5765      7946696E 
 5765      64506970 
 5765      6500
ARM GAS  C:\Users\acest\AppData\Local\Temp\cctDK88S.s 			page 236


 5766 02dc 00       		.ascii	"\000"
 5767 02dd 00       		.ascii	"\000"
 5768 02de 00       		.ascii	"\000"
 5769 02df 00000000 		.ascii	"\000\000\000\000\000\000\000\000"
 5769      00000000 
 5770 02e7 88020000 		.ascii	"\210\002\000\000"
 5771 02eb 63684661 		.ascii	"chFactoryReleasePipe\000"
 5771      63746F72 
 5771      7952656C 
 5771      65617365 
 5771      50697065 
 5772 0300 00       		.ascii	"\000"
 5773 0301 00       		.ascii	"\000"
 5774 0302 00       		.ascii	"\000"
 5775 0303 00000000 		.ascii	"\000\000\000\000\000\000\000\000"
 5775      00000000 
 5776 030b 8C020000 		.ascii	"\214\002\000\000"
 5777 030f 6368436F 		.ascii	"chCoreAllocFromTopI\000"
 5777      7265416C 
 5777      6C6F6346 
 5777      726F6D54 
 5777      6F704900 
 5778 0323 00       		.ascii	"\000"
 5779 0324 02       		.ascii	"\002"
 5780 0325 00       		.ascii	"\000"
 5781 0326 00000000 		.ascii	"\000\000\000\000\000\000\000\000"
 5781      00000000 
 5782 032e 8E020000 		.ascii	"\216\002\000\000"
 5783 0332 63684D42 		.ascii	"chMBObjectInit\000"
 5783      4F626A65 
 5783      6374496E 
 5783      697400
 5784 0341 00       		.ascii	"\000"
 5785 0342 02       		.ascii	"\002"
 5786 0343 00       		.ascii	"\000"
 5787 0344 00000000 		.ascii	"\000\000\000\000\000\000\000\000"
 5787      00000000 
 5788 034c A5020000 		.ascii	"\245\002\000\000"
 5789 0350 63684775 		.ascii	"chGuardedPoolLoadArray\000"
 5789      61726465 
 5789      64506F6F 
 5789      6C4C6F61 
 5789      64417272 
 5790 0367 00       		.ascii	"\000"
 5791 0368 02       		.ascii	"\002"
 5792 0369 00       		.ascii	"\000"
 5793 036a 00000000 		.ascii	"\000\000\000\000\000\000\000\000"
 5793      00000000 
 5794 0372 AE020000 		.ascii	"\256\002\000\000"
 5795 0376 63684775 		.ascii	"chGuardedPoolObjectInitAligned\000"
 5795      61726465 
 5795      64506F6F 
 5795      6C4F626A 
 5795      65637449 
 5796 0395 00       		.ascii	"\000"
 5797 0396 02       		.ascii	"\002"
 5798 0397 00       		.ascii	"\000"
ARM GAS  C:\Users\acest\AppData\Local\Temp\cctDK88S.s 			page 237


 5799 0398 00000000 		.ascii	"\000\000\000\000\000\000\000\000"
 5799      00000000 
 5800 03a0 B4020000 		.ascii	"\264\002\000\000"
 5801 03a4 6368506F 		.ascii	"chPoolAlloc\000"
 5801      6F6C416C 
 5801      6C6F6300 
 5802 03b0 00       		.ascii	"\000"
 5803 03b1 02       		.ascii	"\002"
 5804 03b2 00       		.ascii	"\000"
 5805 03b3 00000000 		.ascii	"\000\000\000\000\000\000\000\000"
 5805      00000000 
 5806 03bb B8020000 		.ascii	"\270\002\000\000"
 5807 03bf 6368506F 		.ascii	"chPoolFree\000"
 5807      6F6C4672 
 5807      656500
 5808 03ca 00       		.ascii	"\000"
 5809 03cb 02       		.ascii	"\002"
 5810 03cc 00       		.ascii	"\000"
 5811 03cd 00000000 		.ascii	"\000\000\000\000\000\000\000\000"
 5811      00000000 
 5812 03d5 BD020000 		.ascii	"\275\002\000\000"
 5813 03d9 63684865 		.ascii	"chHeapAllocAligned\000"
 5813      6170416C 
 5813      6C6F6341 
 5813      6C69676E 
 5813      656400
 5814 03ec 00       		.ascii	"\000"
 5815 03ed 02       		.ascii	"\002"
 5816 03ee 00       		.ascii	"\000"
 5817 03ef 00000000 		.ascii	"\000\000\000\000\000\000\000\000"
 5817      00000000 
 5818 03f7 C3020000 		.ascii	"\303\002\000\000"
 5819 03fb 63684865 		.ascii	"chHeapFree\000"
 5819      61704672 
 5819      656500
 5820 0406 00       		.ascii	"\000"
 5821 0407 02       		.ascii	"\002"
 5822 0408 00       		.ascii	"\000"
 5823 0409 00000000 		.ascii	"\000\000\000\000\000\000\000\000"
 5823      00000000 
 5824 0411 C7020000 		.ascii	"\307\002\000\000"
 5825 0415 6368506F 		.ascii	"chPoolObjectInitAligned\000"
 5825      6F6C4F62 
 5825      6A656374 
 5825      496E6974 
 5825      416C6967 
 5826 042d 00       		.ascii	"\000"
 5827 042e 02       		.ascii	"\002"
 5828 042f 00       		.ascii	"\000"
 5829 0430 00000000 		.ascii	"\000\000\000\000\000\000\000\000"
 5829      00000000 
 5830 0438 CE020000 		.ascii	"\316\002\000\000"
 5831 043c 63684D74 		.ascii	"chMtxObjectInit\000"
 5831      784F626A 
 5831      65637449 
 5831      6E697400 
 5832 044c 00       		.ascii	"\000"
ARM GAS  C:\Users\acest\AppData\Local\Temp\cctDK88S.s 			page 238


 5833 044d 02       		.ascii	"\002"
 5834 044e 00       		.ascii	"\000"
 5835 044f 00000000 		.ascii	"\000\000\000\000\000\000\000\000"
 5835      00000000 
 5836 0457 D2020000 		.ascii	"\322\002\000\000"
 5837 045b 63684D74 		.ascii	"chMtxUnlock\000"
 5837      78556E6C 
 5837      6F636B00 
 5838 0467 00       		.ascii	"\000"
 5839 0468 02       		.ascii	"\002"
 5840 0469 00       		.ascii	"\000"
 5841 046a 00000000 		.ascii	"\000\000\000\000\000\000\000\000"
 5841      00000000 
 5842 0472 D4020000 		.ascii	"\324\002\000\000"
 5843 0476 63684D74 		.ascii	"chMtxLock\000"
 5843      784C6F63 
 5843      6B00
 5844 0480 00       		.ascii	"\000"
 5845 0481 02       		.ascii	"\002"
 5846 0482 00       		.ascii	"\000"
 5847 0483 00000000 		.ascii	"\000\000\000\000\000\000\000\000"
 5847      00000000 
 5848 048b D6020000 		.ascii	"\326\002\000\000"
 5849 048f 63685365 		.ascii	"chSemObjectInit\000"
 5849      6D4F626A 
 5849      65637449 
 5849      6E697400 
 5850 049f 00       		.ascii	"\000"
 5851 04a0 02       		.ascii	"\002"
 5852 04a1 00       		.ascii	"\000"
 5853 04a2 00000000 		.ascii	"\000\000\000\000\000\000\000\000"
 5853      00000000 
 5854 04aa EB020000 		.ascii	"\353\002\000\000"
 5855 04ae 63685069 		.ascii	"chPipeObjectInit\000"
 5855      70654F62 
 5855      6A656374 
 5855      496E6974 
 5855      00
 5856 04bf 00       		.ascii	"\000"
 5857 04c0 02       		.ascii	"\002"
 5858 04c1 00       		.ascii	"\000"
 5859 04c2 00000000 		.ascii	"\000\000\000\000\000\000\000\000"
 5859      00000000 
 5860 04ca F4020000 		.ascii	"\364\002\000\000"
 5861              		.text
 5862              		.section	.gnu.lto_.ext_symtab.b3bfdb17,"e",%progbits
 5863 0000 01       		.ascii	"\001"
 5864 0001 01       		.ascii	"\001"
 5865 0002 00       		.ascii	"\000"
 5866 0003 02       		.ascii	"\002"
 5867 0004 01       		.ascii	"\001"
 5868 0005 01       		.ascii	"\001"
 5869 0006 00       		.ascii	"\000"
 5870 0007 01       		.ascii	"\001"
 5871 0008 00       		.ascii	"\000"
 5872 0009 01       		.ascii	"\001"
 5873 000a 00       		.ascii	"\000"
ARM GAS  C:\Users\acest\AppData\Local\Temp\cctDK88S.s 			page 239


 5874 000b 01       		.ascii	"\001"
 5875 000c 00       		.ascii	"\000"
 5876 000d 01       		.ascii	"\001"
 5877 000e 00       		.ascii	"\000"
 5878 000f 01       		.ascii	"\001"
 5879 0010 00       		.ascii	"\000"
 5880 0011 01       		.ascii	"\001"
 5881 0012 00       		.ascii	"\000"
 5882 0013 01       		.ascii	"\001"
 5883 0014 00       		.ascii	"\000"
 5884 0015 01       		.ascii	"\001"
 5885 0016 00       		.ascii	"\000"
 5886 0017 01       		.ascii	"\001"
 5887 0018 00       		.ascii	"\000"
 5888 0019 01       		.ascii	"\001"
 5889 001a 00       		.ascii	"\000"
 5890 001b 01       		.ascii	"\001"
 5891 001c 00       		.ascii	"\000"
 5892 001d 01       		.ascii	"\001"
 5893 001e 00       		.ascii	"\000"
 5894 001f 01       		.ascii	"\001"
 5895 0020 00       		.ascii	"\000"
 5896 0021 01       		.ascii	"\001"
 5897 0022 00       		.ascii	"\000"
 5898 0023 01       		.ascii	"\001"
 5899 0024 00       		.ascii	"\000"
 5900 0025 01       		.ascii	"\001"
 5901 0026 00       		.ascii	"\000"
 5902 0027 01       		.ascii	"\001"
 5903 0028 00       		.ascii	"\000"
 5904 0029 01       		.ascii	"\001"
 5905 002a 00       		.ascii	"\000"
 5906 002b 01       		.ascii	"\001"
 5907 002c 00       		.ascii	"\000"
 5908 002d 01       		.ascii	"\001"
 5909 002e 00       		.ascii	"\000"
 5910 002f 01       		.ascii	"\001"
 5911 0030 00       		.ascii	"\000"
 5912 0031 01       		.ascii	"\001"
 5913 0032 00       		.ascii	"\000"
 5914 0033 01       		.ascii	"\001"
 5915 0034 00       		.ascii	"\000"
 5916 0035 01       		.ascii	"\001"
 5917 0036 00       		.ascii	"\000"
 5918 0037 01       		.ascii	"\001"
 5919 0038 00       		.ascii	"\000"
 5920 0039 01       		.ascii	"\001"
 5921 003a 00       		.ascii	"\000"
 5922 003b 01       		.ascii	"\001"
 5923 003c 00       		.ascii	"\000"
 5924 003d 01       		.ascii	"\001"
 5925 003e 00       		.ascii	"\000"
 5926 003f 01       		.ascii	"\001"
 5927 0040 00       		.ascii	"\000"
 5928 0041 01       		.ascii	"\001"
 5929 0042 00       		.ascii	"\000"
 5930 0043 01       		.ascii	"\001"
ARM GAS  C:\Users\acest\AppData\Local\Temp\cctDK88S.s 			page 240


 5931 0044 00       		.ascii	"\000"
 5932 0045 01       		.ascii	"\001"
 5933 0046 00       		.ascii	"\000"
 5934              		.text
 5935              		.section	.gnu.lto_.opts,"e",%progbits
 5936 0000 272D666E 		.ascii	"'-fno-openmp' '-fno-openacc' '-fno-pie' '-fcf-prote"
 5936      6F2D6F70 
 5936      656E6D70 
 5936      2720272D 
 5936      666E6F2D 
 5937 0033 6374696F 		.ascii	"ction=none' '-g' '-mcpu=cortex-m4' '-mthumb' '-mflo"
 5937      6E3D6E6F 
 5937      6E652720 
 5937      272D6727 
 5937      20272D6D 
 5938 0066 61742D61 		.ascii	"at-abi=soft' '-mlibarch=armv7e-m' '-march=armv7e-m'"
 5938      62693D73 
 5938      6F667427 
 5938      20272D6D 
 5938      6C696261 
 5939 0099 20272D4F 		.ascii	" '-O2' '-fomit-frame-pointer' '-falign-functions=16"
 5939      32272027 
 5939      2D666F6D 
 5939      69742D66 
 5939      72616D65 
 5940 00cc 2720272D 		.ascii	"' '-ffunction-sections' '-fdata-sections' '-fno-com"
 5940      6666756E 
 5940      6374696F 
 5940      6E2D7365 
 5940      6374696F 
 5941 00ff 6D6F6E27 		.ascii	"mon' '-flto' '-Xassembler' '-alms=./build/lst/chfac"
 5941      20272D66 
 5941      6C746F27 
 5941      20272D58 
 5941      61737365 
 5942 0132 746F7279 		.ascii	"tory.lst'\000"
 5942      2E6C7374 
 5942      2700
 5943              		.text
 5944              		.comm	__gnu_lto_slim,1,1
 5945              		.ident	"GCC: (GNU Arm Embedded Toolchain 10.3-2021.10) 10.3.1 20210824 (release)"
ARM GAS  C:\Users\acest\AppData\Local\Temp\cctDK88S.s 			page 241


DEFINED SYMBOLS
                            *ABS*:00000000 chfactory.c
C:\Users\acest\AppData\Local\Temp\cctDK88S.s:38     .gnu.debuglto_.debug_info:00000000 chfactory.c.ad870acd
                            *COM*:00000001 __gnu_lto_slim

NO UNDEFINED SYMBOLS
