ARM GAS  C:\Users\acest\AppData\Local\Temp\ccYcWBPs.s 			page 1


   1              		.cpu cortex-m4
   2              		.arch armv7e-m
   3              		.fpu softvfp
   4              		.eabi_attribute 20, 1
   5              		.eabi_attribute 21, 1
   6              		.eabi_attribute 23, 3
   7              		.eabi_attribute 24, 1
   8              		.eabi_attribute 25, 1
   9              		.eabi_attribute 26, 1
  10              		.eabi_attribute 30, 2
  11              		.eabi_attribute 34, 1
  12              		.eabi_attribute 18, 4
  13              		.file	"chmboxes.c"
  14              		.file 1 "c:\\chibistudio\\tools\\gnu tools arm embedded\\10.3 2021.10\\lib\\gcc\\arm-none-eabi\\10
  15              		.file 2 "c:\\chibistudio\\tools\\gnu tools arm embedded\\10.3 2021.10\\arm-none-eabi\\include\\mac
  16              		.file 3 "c:\\chibistudio\\tools\\gnu tools arm embedded\\10.3 2021.10\\arm-none-eabi\\include\\sys
  17              		.file 4 "c:\\chibistudio\\chibios2111\\os\\rt\\include\\chearly.h"
  18              		.file 5 "c:\\chibistudio\\chibios2111\\os\\rt\\include\\chtime.h"
  19              		.file 6 "c:\\chibistudio\\chibios2111\\os\\rt\\include\\chlists.h"
  20              		.file 7 "c:\\chibistudio\\chibios2111\\os\\rt\\include\\chobjects.h"
  21              		.file 8 "c:\\chibistudio\\chibios2111\\os\\oslib\\include\\chmboxes.h"
  22              		.file 9 "../../../../../ChibiStudio/chibios2111/os/oslib/src/chmboxes.c"
  23              		.file 10 "c:\\chibistudio\\chibios2111\\os\\rt\\include\\chthreads.h"
  24              		.file 11 "c:\\chibistudio\\chibios2111\\os\\rt\\include\\chsys.h"
  25              		.file 12 "c:\\chibistudio\\chibios2111\\os\\common\\ports\\armv7-m-alt\\chcore.h"
  26              		.file 13 "c:\\chibistudio\\chibios2111\\os\\common\\ext\\arm\\cmsis\\core\\include\\cmsis_gcc.h"
  27              		.section	.gnu.debuglto_.debug_info,"e",%progbits
  28              	.Ldebug_info0:
  29              		.hidden	chmboxes.c.b2fc0e2a
  30              		.weak	chmboxes.c.b2fc0e2a
  31              	chmboxes.c.b2fc0e2a:
  32 0000 F2050000 		.4byte	0x5f2
  33 0004 0400     		.2byte	0x4
  34 0006 00000000 		.4byte	.Ldebug_abbrev0
  35 000a 04       		.byte	0x4
  36 000b 01       		.uleb128 0x1
  37 000c 21020000 		.4byte	.LASF57
  38 0010 0C       		.byte	0xc
  39 0011 93010000 		.4byte	.LASF58
  40 0015 83000000 		.4byte	.LASF59
  41 0019 00000000 		.4byte	.Ldebug_line0
  42 001d 02       		.uleb128 0x2
  43 001e 04       		.byte	0x4
  44 001f 05       		.byte	0x5
  45 0020 696E7400 		.ascii	"int\000"
  46 0024 03       		.uleb128 0x3
  47 0025 3E000000 		.4byte	.LASF7
  48 0029 01       		.byte	0x1
  49 002a D1       		.byte	0xd1
  50 002b 17       		.byte	0x17
  51 002c 30000000 		.4byte	0x30
  52 0030 04       		.uleb128 0x4
  53 0031 04       		.byte	0x4
  54 0032 07       		.byte	0x7
  55 0033 86010000 		.4byte	.LASF0
  56 0037 04       		.uleb128 0x4
  57 0038 08       		.byte	0x8
ARM GAS  C:\Users\acest\AppData\Local\Temp\ccYcWBPs.s 			page 2


  58 0039 05       		.byte	0x5
  59 003a 0D010000 		.4byte	.LASF1
  60 003e 04       		.uleb128 0x4
  61 003f 08       		.byte	0x8
  62 0040 04       		.byte	0x4
  63 0041 01010000 		.4byte	.LASF2
  64 0045 04       		.uleb128 0x4
  65 0046 01       		.byte	0x1
  66 0047 06       		.byte	0x6
  67 0048 5A010000 		.4byte	.LASF3
  68 004c 04       		.uleb128 0x4
  69 004d 01       		.byte	0x1
  70 004e 08       		.byte	0x8
  71 004f 39010000 		.4byte	.LASF4
  72 0053 04       		.uleb128 0x4
  73 0054 02       		.byte	0x2
  74 0055 05       		.byte	0x5
  75 0056 34000000 		.4byte	.LASF5
  76 005a 04       		.uleb128 0x4
  77 005b 02       		.byte	0x2
  78 005c 07       		.byte	0x7
  79 005d DD010000 		.4byte	.LASF6
  80 0061 03       		.uleb128 0x3
  81 0062 76030000 		.4byte	.LASF8
  82 0066 02       		.byte	0x2
  83 0067 4D       		.byte	0x4d
  84 0068 18       		.byte	0x18
  85 0069 6D000000 		.4byte	0x6d
  86 006d 04       		.uleb128 0x4
  87 006e 04       		.byte	0x4
  88 006f 05       		.byte	0x5
  89 0070 2A010000 		.4byte	.LASF9
  90 0074 03       		.uleb128 0x3
  91 0075 4B030000 		.4byte	.LASF10
  92 0079 02       		.byte	0x2
  93 007a 4F       		.byte	0x4f
  94 007b 19       		.byte	0x19
  95 007c 80000000 		.4byte	0x80
  96 0080 04       		.uleb128 0x4
  97 0081 04       		.byte	0x4
  98 0082 07       		.byte	0x7
  99 0083 25030000 		.4byte	.LASF11
 100 0087 04       		.uleb128 0x4
 101 0088 08       		.byte	0x8
 102 0089 07       		.byte	0x7
 103 008a 66010000 		.4byte	.LASF12
 104 008e 03       		.uleb128 0x3
 105 008f FD010000 		.4byte	.LASF13
 106 0093 03       		.byte	0x3
 107 0094 2C       		.byte	0x2c
 108 0095 13       		.byte	0x13
 109 0096 61000000 		.4byte	0x61
 110 009a 03       		.uleb128 0x3
 111 009b 7D010000 		.4byte	.LASF14
 112 009f 03       		.byte	0x3
 113 00a0 30       		.byte	0x30
 114 00a1 14       		.byte	0x14
ARM GAS  C:\Users\acest\AppData\Local\Temp\ccYcWBPs.s 			page 3


 115 00a2 74000000 		.4byte	0x74
 116 00a6 03       		.uleb128 0x3
 117 00a7 CB030000 		.4byte	.LASF15
 118 00ab 04       		.byte	0x4
 119 00ac 58       		.byte	0x58
 120 00ad 19       		.byte	0x19
 121 00ae 8E000000 		.4byte	0x8e
 122 00b2 04       		.uleb128 0x4
 123 00b3 01       		.byte	0x1
 124 00b4 08       		.byte	0x8
 125 00b5 F8010000 		.4byte	.LASF16
 126 00b9 05       		.uleb128 0x5
 127 00ba B2000000 		.4byte	0xb2
 128 00be 03       		.uleb128 0x3
 129 00bf E6020000 		.4byte	.LASF17
 130 00c3 05       		.byte	0x5
 131 00c4 79       		.byte	0x79
 132 00c5 12       		.byte	0x12
 133 00c6 9A000000 		.4byte	0x9a
 134 00ca 03       		.uleb128 0x3
 135 00cb F0000000 		.4byte	.LASF18
 136 00cf 06       		.byte	0x6
 137 00d0 3F       		.byte	0x3f
 138 00d1 19       		.byte	0x19
 139 00d2 D6000000 		.4byte	0xd6
 140 00d6 06       		.uleb128 0x6
 141 00d7 B0030000 		.4byte	.LASF21
 142 00db 08       		.byte	0x8
 143 00dc 06       		.byte	0x6
 144 00dd 45       		.byte	0x45
 145 00de 08       		.byte	0x8
 146 00df FE000000 		.4byte	0xfe
 147 00e3 07       		.uleb128 0x7
 148 00e4 D9030000 		.4byte	.LASF19
 149 00e8 06       		.byte	0x6
 150 00e9 46       		.byte	0x46
 151 00ea 1A       		.byte	0x1a
 152 00eb FE000000 		.4byte	0xfe
 153 00ef 00       		.byte	0
 154 00f0 07       		.uleb128 0x7
 155 00f1 BF030000 		.4byte	.LASF20
 156 00f5 06       		.byte	0x6
 157 00f6 47       		.byte	0x47
 158 00f7 1A       		.byte	0x1a
 159 00f8 FE000000 		.4byte	0xfe
 160 00fc 04       		.byte	0x4
 161 00fd 00       		.byte	0
 162 00fe 08       		.uleb128 0x8
 163 00ff 04       		.byte	0x4
 164 0100 CA000000 		.4byte	0xca
 165 0104 06       		.uleb128 0x6
 166 0105 DF000000 		.4byte	.LASF22
 167 0109 08       		.byte	0x8
 168 010a 07       		.byte	0x7
 169 010b 8F       		.byte	0x8f
 170 010c 10       		.byte	0x10
 171 010d 1F010000 		.4byte	0x11f
ARM GAS  C:\Users\acest\AppData\Local\Temp\ccYcWBPs.s 			page 4


 172 0111 07       		.uleb128 0x7
 173 0112 33010000 		.4byte	.LASF23
 174 0116 07       		.byte	0x7
 175 0117 93       		.byte	0x93
 176 0118 21       		.byte	0x21
 177 0119 CA000000 		.4byte	0xca
 178 011d 00       		.byte	0
 179 011e 00       		.byte	0
 180 011f 03       		.uleb128 0x3
 181 0120 13000000 		.4byte	.LASF24
 182 0124 07       		.byte	0x7
 183 0125 94       		.byte	0x94
 184 0126 03       		.byte	0x3
 185 0127 04010000 		.4byte	0x104
 186 012b 09       		.uleb128 0x9
 187 012c 28       		.byte	0x28
 188 012d 08       		.byte	0x8
 189 012e 34       		.byte	0x34
 190 012f 09       		.byte	0x9
 191 0130 9B010000 		.4byte	0x19b
 192 0134 07       		.uleb128 0x7
 193 0135 09030000 		.4byte	.LASF25
 194 0139 08       		.byte	0x8
 195 013a 35       		.byte	0x35
 196 013b 1A       		.byte	0x1a
 197 013c 9B010000 		.4byte	0x19b
 198 0140 00       		.byte	0
 199 0141 0A       		.uleb128 0xa
 200 0142 746F7000 		.ascii	"top\000"
 201 0146 08       		.byte	0x8
 202 0147 37       		.byte	0x37
 203 0148 1A       		.byte	0x1a
 204 0149 9B010000 		.4byte	0x19b
 205 014d 04       		.byte	0x4
 206 014e 07       		.uleb128 0x7
 207 014f FB000000 		.4byte	.LASF26
 208 0153 08       		.byte	0x8
 209 0154 39       		.byte	0x39
 210 0155 1A       		.byte	0x1a
 211 0156 9B010000 		.4byte	0x19b
 212 015a 08       		.byte	0x8
 213 015b 07       		.uleb128 0x7
 214 015c B9030000 		.4byte	.LASF27
 215 0160 08       		.byte	0x8
 216 0161 3A       		.byte	0x3a
 217 0162 1A       		.byte	0x1a
 218 0163 9B010000 		.4byte	0x19b
 219 0167 0C       		.byte	0xc
 220 0168 0A       		.uleb128 0xa
 221 0169 636E7400 		.ascii	"cnt\000"
 222 016d 08       		.byte	0x8
 223 016e 3B       		.byte	0x3b
 224 016f 19       		.byte	0x19
 225 0170 24000000 		.4byte	0x24
 226 0174 10       		.byte	0x10
 227 0175 07       		.uleb128 0x7
 228 0176 70030000 		.4byte	.LASF28
ARM GAS  C:\Users\acest\AppData\Local\Temp\ccYcWBPs.s 			page 5


 229 017a 08       		.byte	0x8
 230 017b 3C       		.byte	0x3c
 231 017c 19       		.byte	0x19
 232 017d A1010000 		.4byte	0x1a1
 233 0181 14       		.byte	0x14
 234 0182 0A       		.uleb128 0xa
 235 0183 717700   		.ascii	"qw\000"
 236 0186 08       		.byte	0x8
 237 0187 3D       		.byte	0x3d
 238 0188 19       		.byte	0x19
 239 0189 1F010000 		.4byte	0x11f
 240 018d 18       		.byte	0x18
 241 018e 0A       		.uleb128 0xa
 242 018f 717200   		.ascii	"qr\000"
 243 0192 08       		.byte	0x8
 244 0193 3E       		.byte	0x3e
 245 0194 19       		.byte	0x19
 246 0195 1F010000 		.4byte	0x11f
 247 0199 20       		.byte	0x20
 248 019a 00       		.byte	0
 249 019b 08       		.uleb128 0x8
 250 019c 04       		.byte	0x4
 251 019d A6000000 		.4byte	0xa6
 252 01a1 04       		.uleb128 0x4
 253 01a2 01       		.byte	0x1
 254 01a3 02       		.byte	0x2
 255 01a4 0F020000 		.4byte	.LASF29
 256 01a8 03       		.uleb128 0x3
 257 01a9 05020000 		.4byte	.LASF30
 258 01ad 08       		.byte	0x8
 259 01ae 3F       		.byte	0x3f
 260 01af 03       		.byte	0x3
 261 01b0 2B010000 		.4byte	0x12b
 262 01b4 05       		.uleb128 0x5
 263 01b5 A8010000 		.4byte	0x1a8
 264 01b9 0B       		.uleb128 0xb
 265 01ba D2010000 		.4byte	.LASF32
 266 01be 09       		.byte	0x9
 267 01bf ED01     		.2byte	0x1ed
 268 01c1 07       		.byte	0x7
 269 01c2 A6000000 		.4byte	0xa6
 270 01c6 EE010000 		.4byte	0x1ee
 271 01ca 0C       		.uleb128 0xc
 272 01cb 6D627000 		.ascii	"mbp\000"
 273 01cf 09       		.byte	0x9
 274 01d0 ED01     		.2byte	0x1ed
 275 01d2 1D       		.byte	0x1d
 276 01d3 EE010000 		.4byte	0x1ee
 277 01d7 0D       		.uleb128 0xd
 278 01d8 0E000000 		.4byte	.LASF31
 279 01dc 09       		.byte	0x9
 280 01dd ED01     		.2byte	0x1ed
 281 01df 29       		.byte	0x29
 282 01e0 9B010000 		.4byte	0x19b
 283 01e4 0E       		.uleb128 0xe
 284 01e5 47010000 		.4byte	.LASF35
 285 01e9 04020000 		.4byte	0x204
ARM GAS  C:\Users\acest\AppData\Local\Temp\ccYcWBPs.s 			page 6


 286 01ed 00       		.byte	0
 287 01ee 08       		.uleb128 0x8
 288 01ef 04       		.byte	0x4
 289 01f0 A8010000 		.4byte	0x1a8
 290 01f4 0F       		.uleb128 0xf
 291 01f5 B9000000 		.4byte	0xb9
 292 01f9 04020000 		.4byte	0x204
 293 01fd 10       		.uleb128 0x10
 294 01fe 30000000 		.4byte	0x30
 295 0202 0A       		.byte	0xa
 296 0203 00       		.byte	0
 297 0204 05       		.uleb128 0x5
 298 0205 F4010000 		.4byte	0x1f4
 299 0209 0B       		.uleb128 0xb
 300 020a 80030000 		.4byte	.LASF33
 301 020e 09       		.byte	0x9
 302 020f BC01     		.2byte	0x1bc
 303 0211 07       		.byte	0x7
 304 0212 A6000000 		.4byte	0xa6
 305 0216 58020000 		.4byte	0x258
 306 021a 0C       		.uleb128 0xc
 307 021b 6D627000 		.ascii	"mbp\000"
 308 021f 09       		.byte	0x9
 309 0220 BC01     		.2byte	0x1bc
 310 0222 24       		.byte	0x24
 311 0223 EE010000 		.4byte	0x1ee
 312 0227 0D       		.uleb128 0xd
 313 0228 0E000000 		.4byte	.LASF31
 314 022c 09       		.byte	0x9
 315 022d BC01     		.2byte	0x1bc
 316 022f 30       		.byte	0x30
 317 0230 9B010000 		.4byte	0x19b
 318 0234 0D       		.uleb128 0xd
 319 0235 D1030000 		.4byte	.LASF34
 320 0239 09       		.byte	0x9
 321 023a BC01     		.2byte	0x1bc
 322 023c 44       		.byte	0x44
 323 023d BE000000 		.4byte	0xbe
 324 0241 11       		.uleb128 0x11
 325 0242 C4030000 		.4byte	.LASF37
 326 0246 09       		.byte	0x9
 327 0247 BD01     		.2byte	0x1bd
 328 0249 09       		.byte	0x9
 329 024a A6000000 		.4byte	0xa6
 330 024e 0E       		.uleb128 0xe
 331 024f 47010000 		.4byte	.LASF35
 332 0253 68020000 		.4byte	0x268
 333 0257 00       		.byte	0
 334 0258 0F       		.uleb128 0xf
 335 0259 B9000000 		.4byte	0xb9
 336 025d 68020000 		.4byte	0x268
 337 0261 10       		.uleb128 0x10
 338 0262 30000000 		.4byte	0x30
 339 0266 11       		.byte	0x11
 340 0267 00       		.byte	0
 341 0268 05       		.uleb128 0x5
 342 0269 58020000 		.4byte	0x258
ARM GAS  C:\Users\acest\AppData\Local\Temp\ccYcWBPs.s 			page 7


 343 026d 0B       		.uleb128 0xb
 344 026e 23000000 		.4byte	.LASF36
 345 0272 09       		.byte	0x9
 346 0273 9F01     		.2byte	0x19f
 347 0275 07       		.byte	0x7
 348 0276 A6000000 		.4byte	0xa6
 349 027a B3020000 		.4byte	0x2b3
 350 027e 0C       		.uleb128 0xc
 351 027f 6D627000 		.ascii	"mbp\000"
 352 0283 09       		.byte	0x9
 353 0284 9F01     		.2byte	0x19f
 354 0286 23       		.byte	0x23
 355 0287 EE010000 		.4byte	0x1ee
 356 028b 0D       		.uleb128 0xd
 357 028c 0E000000 		.4byte	.LASF31
 358 0290 09       		.byte	0x9
 359 0291 9F01     		.2byte	0x19f
 360 0293 2F       		.byte	0x2f
 361 0294 9B010000 		.4byte	0x19b
 362 0298 0D       		.uleb128 0xd
 363 0299 D1030000 		.4byte	.LASF34
 364 029d 09       		.byte	0x9
 365 029e 9F01     		.2byte	0x19f
 366 02a0 43       		.byte	0x43
 367 02a1 BE000000 		.4byte	0xbe
 368 02a5 11       		.uleb128 0x11
 369 02a6 C4030000 		.4byte	.LASF37
 370 02aa 09       		.byte	0x9
 371 02ab A001     		.2byte	0x1a0
 372 02ad 09       		.byte	0x9
 373 02ae A6000000 		.4byte	0xa6
 374 02b2 00       		.byte	0
 375 02b3 0B       		.uleb128 0xb
 376 02b4 C5000000 		.4byte	.LASF38
 377 02b8 09       		.byte	0x9
 378 02b9 7001     		.2byte	0x170
 379 02bb 07       		.byte	0x7
 380 02bc A6000000 		.4byte	0xa6
 381 02c0 E8020000 		.4byte	0x2e8
 382 02c4 0C       		.uleb128 0xc
 383 02c5 6D627000 		.ascii	"mbp\000"
 384 02c9 09       		.byte	0x9
 385 02ca 7001     		.2byte	0x170
 386 02cc 21       		.byte	0x21
 387 02cd EE010000 		.4byte	0x1ee
 388 02d1 0C       		.uleb128 0xc
 389 02d2 6D736700 		.ascii	"msg\000"
 390 02d6 09       		.byte	0x9
 391 02d7 7001     		.2byte	0x170
 392 02d9 2C       		.byte	0x2c
 393 02da A6000000 		.4byte	0xa6
 394 02de 0E       		.uleb128 0xe
 395 02df 47010000 		.4byte	.LASF35
 396 02e3 F8020000 		.4byte	0x2f8
 397 02e7 00       		.byte	0
 398 02e8 0F       		.uleb128 0xf
 399 02e9 B9000000 		.4byte	0xb9
ARM GAS  C:\Users\acest\AppData\Local\Temp\ccYcWBPs.s 			page 8


 400 02ed F8020000 		.4byte	0x2f8
 401 02f1 10       		.uleb128 0x10
 402 02f2 30000000 		.4byte	0x30
 403 02f6 0E       		.byte	0xe
 404 02f7 00       		.byte	0
 405 02f8 05       		.uleb128 0x5
 406 02f9 E8020000 		.4byte	0x2e8
 407 02fd 0B       		.uleb128 0xb
 408 02fe AF000000 		.4byte	.LASF39
 409 0302 09       		.byte	0x9
 410 0303 3F01     		.2byte	0x13f
 411 0305 07       		.byte	0x7
 412 0306 A6000000 		.4byte	0xa6
 413 030a 4C030000 		.4byte	0x34c
 414 030e 0C       		.uleb128 0xc
 415 030f 6D627000 		.ascii	"mbp\000"
 416 0313 09       		.byte	0x9
 417 0314 3F01     		.2byte	0x13f
 418 0316 28       		.byte	0x28
 419 0317 EE010000 		.4byte	0x1ee
 420 031b 0C       		.uleb128 0xc
 421 031c 6D736700 		.ascii	"msg\000"
 422 0320 09       		.byte	0x9
 423 0321 3F01     		.2byte	0x13f
 424 0323 33       		.byte	0x33
 425 0324 A6000000 		.4byte	0xa6
 426 0328 0D       		.uleb128 0xd
 427 0329 D1030000 		.4byte	.LASF34
 428 032d 09       		.byte	0x9
 429 032e 3F01     		.2byte	0x13f
 430 0330 46       		.byte	0x46
 431 0331 BE000000 		.4byte	0xbe
 432 0335 11       		.uleb128 0x11
 433 0336 C4030000 		.4byte	.LASF37
 434 033a 09       		.byte	0x9
 435 033b 4001     		.2byte	0x140
 436 033d 09       		.byte	0x9
 437 033e A6000000 		.4byte	0xa6
 438 0342 0E       		.uleb128 0xe
 439 0343 47010000 		.4byte	.LASF35
 440 0347 5C030000 		.4byte	0x35c
 441 034b 00       		.byte	0
 442 034c 0F       		.uleb128 0xf
 443 034d B9000000 		.4byte	0xb9
 444 0351 5C030000 		.4byte	0x35c
 445 0355 10       		.uleb128 0x10
 446 0356 30000000 		.4byte	0x30
 447 035a 15       		.byte	0x15
 448 035b 00       		.byte	0
 449 035c 05       		.uleb128 0x5
 450 035d 4C030000 		.4byte	0x34c
 451 0361 0B       		.uleb128 0xb
 452 0362 10030000 		.4byte	.LASF40
 453 0366 09       		.byte	0x9
 454 0367 2201     		.2byte	0x122
 455 0369 07       		.byte	0x7
 456 036a A6000000 		.4byte	0xa6
ARM GAS  C:\Users\acest\AppData\Local\Temp\ccYcWBPs.s 			page 9


 457 036e A7030000 		.4byte	0x3a7
 458 0372 0C       		.uleb128 0xc
 459 0373 6D627000 		.ascii	"mbp\000"
 460 0377 09       		.byte	0x9
 461 0378 2201     		.2byte	0x122
 462 037a 27       		.byte	0x27
 463 037b EE010000 		.4byte	0x1ee
 464 037f 0C       		.uleb128 0xc
 465 0380 6D736700 		.ascii	"msg\000"
 466 0384 09       		.byte	0x9
 467 0385 2201     		.2byte	0x122
 468 0387 32       		.byte	0x32
 469 0388 A6000000 		.4byte	0xa6
 470 038c 0D       		.uleb128 0xd
 471 038d D1030000 		.4byte	.LASF34
 472 0391 09       		.byte	0x9
 473 0392 2201     		.2byte	0x122
 474 0394 45       		.byte	0x45
 475 0395 BE000000 		.4byte	0xbe
 476 0399 11       		.uleb128 0x11
 477 039a C4030000 		.4byte	.LASF37
 478 039e 09       		.byte	0x9
 479 039f 2301     		.2byte	0x123
 480 03a1 09       		.byte	0x9
 481 03a2 A6000000 		.4byte	0xa6
 482 03a6 00       		.byte	0
 483 03a7 12       		.uleb128 0x12
 484 03a8 50010000 		.4byte	.LASF41
 485 03ac 09       		.byte	0x9
 486 03ad F3       		.byte	0xf3
 487 03ae 07       		.byte	0x7
 488 03af A6000000 		.4byte	0xa6
 489 03b3 D9030000 		.4byte	0x3d9
 490 03b7 13       		.uleb128 0x13
 491 03b8 6D627000 		.ascii	"mbp\000"
 492 03bc 09       		.byte	0x9
 493 03bd F3       		.byte	0xf3
 494 03be 1C       		.byte	0x1c
 495 03bf EE010000 		.4byte	0x1ee
 496 03c3 13       		.uleb128 0x13
 497 03c4 6D736700 		.ascii	"msg\000"
 498 03c8 09       		.byte	0x9
 499 03c9 F3       		.byte	0xf3
 500 03ca 27       		.byte	0x27
 501 03cb A6000000 		.4byte	0xa6
 502 03cf 0E       		.uleb128 0xe
 503 03d0 47010000 		.4byte	.LASF35
 504 03d4 E9030000 		.4byte	0x3e9
 505 03d8 00       		.byte	0
 506 03d9 0F       		.uleb128 0xf
 507 03da B9000000 		.4byte	0xb9
 508 03de E9030000 		.4byte	0x3e9
 509 03e2 10       		.uleb128 0x10
 510 03e3 30000000 		.4byte	0x30
 511 03e7 09       		.byte	0x9
 512 03e8 00       		.byte	0
 513 03e9 05       		.uleb128 0x5
ARM GAS  C:\Users\acest\AppData\Local\Temp\ccYcWBPs.s 			page 10


 514 03ea D9030000 		.4byte	0x3d9
 515 03ee 12       		.uleb128 0x12
 516 03ef 92030000 		.4byte	.LASF42
 517 03f3 09       		.byte	0x9
 518 03f4 C2       		.byte	0xc2
 519 03f5 07       		.byte	0x7
 520 03f6 A6000000 		.4byte	0xa6
 521 03fa 38040000 		.4byte	0x438
 522 03fe 13       		.uleb128 0x13
 523 03ff 6D627000 		.ascii	"mbp\000"
 524 0403 09       		.byte	0x9
 525 0404 C2       		.byte	0xc2
 526 0405 23       		.byte	0x23
 527 0406 EE010000 		.4byte	0x1ee
 528 040a 13       		.uleb128 0x13
 529 040b 6D736700 		.ascii	"msg\000"
 530 040f 09       		.byte	0x9
 531 0410 C2       		.byte	0xc2
 532 0411 2E       		.byte	0x2e
 533 0412 A6000000 		.4byte	0xa6
 534 0416 14       		.uleb128 0x14
 535 0417 D1030000 		.4byte	.LASF34
 536 041b 09       		.byte	0x9
 537 041c C2       		.byte	0xc2
 538 041d 41       		.byte	0x41
 539 041e BE000000 		.4byte	0xbe
 540 0422 15       		.uleb128 0x15
 541 0423 C4030000 		.4byte	.LASF37
 542 0427 09       		.byte	0x9
 543 0428 C3       		.byte	0xc3
 544 0429 09       		.byte	0x9
 545 042a A6000000 		.4byte	0xa6
 546 042e 0E       		.uleb128 0xe
 547 042f 47010000 		.4byte	.LASF35
 548 0433 48040000 		.4byte	0x448
 549 0437 00       		.byte	0
 550 0438 0F       		.uleb128 0xf
 551 0439 B9000000 		.4byte	0xb9
 552 043d 48040000 		.4byte	0x448
 553 0441 10       		.uleb128 0x10
 554 0442 30000000 		.4byte	0x30
 555 0446 10       		.byte	0x10
 556 0447 00       		.byte	0
 557 0448 05       		.uleb128 0x5
 558 0449 38040000 		.4byte	0x438
 559 044d 12       		.uleb128 0x12
 560 044e 69000000 		.4byte	.LASF43
 561 0452 09       		.byte	0x9
 562 0453 A5       		.byte	0xa5
 563 0454 07       		.byte	0x7
 564 0455 A6000000 		.4byte	0xa6
 565 0459 8E040000 		.4byte	0x48e
 566 045d 13       		.uleb128 0x13
 567 045e 6D627000 		.ascii	"mbp\000"
 568 0462 09       		.byte	0x9
 569 0463 A5       		.byte	0xa5
 570 0464 22       		.byte	0x22
ARM GAS  C:\Users\acest\AppData\Local\Temp\ccYcWBPs.s 			page 11


 571 0465 EE010000 		.4byte	0x1ee
 572 0469 13       		.uleb128 0x13
 573 046a 6D736700 		.ascii	"msg\000"
 574 046e 09       		.byte	0x9
 575 046f A5       		.byte	0xa5
 576 0470 2D       		.byte	0x2d
 577 0471 A6000000 		.4byte	0xa6
 578 0475 14       		.uleb128 0x14
 579 0476 D1030000 		.4byte	.LASF34
 580 047a 09       		.byte	0x9
 581 047b A5       		.byte	0xa5
 582 047c 40       		.byte	0x40
 583 047d BE000000 		.4byte	0xbe
 584 0481 15       		.uleb128 0x15
 585 0482 C4030000 		.4byte	.LASF37
 586 0486 09       		.byte	0x9
 587 0487 A6       		.byte	0xa6
 588 0488 09       		.byte	0x9
 589 0489 A6000000 		.4byte	0xa6
 590 048d 00       		.byte	0
 591 048e 16       		.uleb128 0x16
 592 048f D4000000 		.4byte	.LASF44
 593 0493 09       		.byte	0x9
 594 0494 85       		.byte	0x85
 595 0495 06       		.byte	0x6
 596 0496 B0040000 		.4byte	0x4b0
 597 049a 13       		.uleb128 0x13
 598 049b 6D627000 		.ascii	"mbp\000"
 599 049f 09       		.byte	0x9
 600 04a0 85       		.byte	0x85
 601 04a1 1C       		.byte	0x1c
 602 04a2 EE010000 		.4byte	0x1ee
 603 04a6 0E       		.uleb128 0xe
 604 04a7 47010000 		.4byte	.LASF35
 605 04ab 04020000 		.4byte	0x204
 606 04af 00       		.byte	0
 607 04b0 16       		.uleb128 0x16
 608 04b1 41030000 		.4byte	.LASF45
 609 04b5 09       		.byte	0x9
 610 04b6 71       		.byte	0x71
 611 04b7 06       		.byte	0x6
 612 04b8 C9040000 		.4byte	0x4c9
 613 04bc 13       		.uleb128 0x13
 614 04bd 6D627000 		.ascii	"mbp\000"
 615 04c1 09       		.byte	0x9
 616 04c2 71       		.byte	0x71
 617 04c3 1B       		.byte	0x1b
 618 04c4 EE010000 		.4byte	0x1ee
 619 04c8 00       		.byte	0
 620 04c9 16       		.uleb128 0x16
 621 04ca 1B010000 		.4byte	.LASF46
 622 04ce 09       		.byte	0x9
 623 04cf 57       		.byte	0x57
 624 04d0 06       		.byte	0x6
 625 04d1 01050000 		.4byte	0x501
 626 04d5 13       		.uleb128 0x13
 627 04d6 6D627000 		.ascii	"mbp\000"
ARM GAS  C:\Users\acest\AppData\Local\Temp\ccYcWBPs.s 			page 12


 628 04da 09       		.byte	0x9
 629 04db 57       		.byte	0x57
 630 04dc 20       		.byte	0x20
 631 04dd EE010000 		.4byte	0x1ee
 632 04e1 13       		.uleb128 0x13
 633 04e2 62756600 		.ascii	"buf\000"
 634 04e6 09       		.byte	0x9
 635 04e7 57       		.byte	0x57
 636 04e8 2C       		.byte	0x2c
 637 04e9 9B010000 		.4byte	0x19b
 638 04ed 13       		.uleb128 0x13
 639 04ee 6E00     		.ascii	"n\000"
 640 04f0 09       		.byte	0x9
 641 04f1 57       		.byte	0x57
 642 04f2 38       		.byte	0x38
 643 04f3 24000000 		.4byte	0x24
 644 04f7 0E       		.uleb128 0xe
 645 04f8 47010000 		.4byte	.LASF35
 646 04fc F8020000 		.4byte	0x2f8
 647 0500 00       		.byte	0
 648 0501 17       		.uleb128 0x17
 649 0502 45000000 		.4byte	.LASF47
 650 0506 08       		.byte	0x8
 651 0507 A7       		.byte	0xa7
 652 0508 16       		.byte	0x16
 653 0509 24000000 		.4byte	0x24
 654 050d 1E050000 		.4byte	0x51e
 655 0511 13       		.uleb128 0x13
 656 0512 6D627000 		.ascii	"mbp\000"
 657 0516 08       		.byte	0x8
 658 0517 A7       		.byte	0xa7
 659 0518 39       		.byte	0x39
 660 0519 1E050000 		.4byte	0x51e
 661 051d 00       		.byte	0
 662 051e 08       		.uleb128 0x8
 663 051f 04       		.byte	0x4
 664 0520 B4010000 		.4byte	0x1b4
 665 0524 17       		.uleb128 0x17
 666 0525 57000000 		.4byte	.LASF48
 667 0529 08       		.byte	0x8
 668 052a 98       		.byte	0x98
 669 052b 16       		.byte	0x16
 670 052c 24000000 		.4byte	0x24
 671 0530 41050000 		.4byte	0x541
 672 0534 13       		.uleb128 0x13
 673 0535 6D627000 		.ascii	"mbp\000"
 674 0539 08       		.byte	0x8
 675 053a 98       		.byte	0x98
 676 053b 39       		.byte	0x39
 677 053c 1E050000 		.4byte	0x51e
 678 0540 00       		.byte	0
 679 0541 17       		.uleb128 0x17
 680 0542 A3030000 		.4byte	.LASF49
 681 0546 08       		.byte	0x8
 682 0547 88       		.byte	0x88
 683 0548 16       		.byte	0x16
 684 0549 24000000 		.4byte	0x24
ARM GAS  C:\Users\acest\AppData\Local\Temp\ccYcWBPs.s 			page 13


 685 054d 5E050000 		.4byte	0x55e
 686 0551 13       		.uleb128 0x13
 687 0552 6D627000 		.ascii	"mbp\000"
 688 0556 08       		.byte	0x8
 689 0557 88       		.byte	0x88
 690 0558 34       		.byte	0x34
 691 0559 1E050000 		.4byte	0x51e
 692 055d 00       		.byte	0
 693 055e 18       		.uleb128 0x18
 694 055f F4020000 		.4byte	.LASF50
 695 0563 0A       		.byte	0xa
 696 0564 CD01     		.2byte	0x1cd
 697 0566 14       		.byte	0x14
 698 0567 79050000 		.4byte	0x579
 699 056b 0C       		.uleb128 0xc
 700 056c 74717000 		.ascii	"tqp\000"
 701 0570 0A       		.byte	0xa
 702 0571 CD01     		.2byte	0x1cd
 703 0573 3A       		.byte	0x3a
 704 0574 79050000 		.4byte	0x579
 705 0578 00       		.byte	0
 706 0579 08       		.uleb128 0x8
 707 057a 04       		.byte	0x4
 708 057b 1F010000 		.4byte	0x11f
 709 057f 18       		.uleb128 0x18
 710 0580 56030000 		.4byte	.LASF51
 711 0584 0B       		.byte	0xb
 712 0585 A501     		.2byte	0x1a5
 713 0587 14       		.byte	0x14
 714 0588 96050000 		.4byte	0x596
 715 058c 0E       		.uleb128 0xe
 716 058d 47010000 		.4byte	.LASF35
 717 0591 A6050000 		.4byte	0x5a6
 718 0595 00       		.byte	0
 719 0596 0F       		.uleb128 0xf
 720 0597 B9000000 		.4byte	0xb9
 721 059b A6050000 		.4byte	0x5a6
 722 059f 10       		.uleb128 0x10
 723 05a0 30000000 		.4byte	0x30
 724 05a4 0B       		.byte	0xb
 725 05a5 00       		.byte	0
 726 05a6 05       		.uleb128 0x5
 727 05a7 96050000 		.4byte	0x596
 728 05ab 19       		.uleb128 0x19
 729 05ac 79000000 		.4byte	.LASF52
 730 05b0 0B       		.byte	0xb
 731 05b1 9701     		.2byte	0x197
 732 05b3 14       		.byte	0x14
 733 05b4 19       		.uleb128 0x19
 734 05b5 15020000 		.4byte	.LASF53
 735 05b9 0C       		.byte	0xc
 736 05ba 1F03     		.2byte	0x31f
 737 05bc 1B       		.byte	0x1b
 738 05bd 19       		.uleb128 0x19
 739 05be 37030000 		.4byte	.LASF54
 740 05c2 0C       		.byte	0xc
 741 05c3 0B03     		.2byte	0x30b
ARM GAS  C:\Users\acest\AppData\Local\Temp\ccYcWBPs.s 			page 14


 742 05c5 1B       		.byte	0x1b
 743 05c6 18       		.uleb128 0x18
 744 05c7 00000000 		.4byte	.LASF55
 745 05cb 0D       		.byte	0xd
 746 05cc EB01     		.2byte	0x1eb
 747 05ce 1B       		.byte	0x1b
 748 05cf E1050000 		.4byte	0x5e1
 749 05d3 0D       		.uleb128 0xd
 750 05d4 F0010000 		.4byte	.LASF56
 751 05d8 0D       		.byte	0xd
 752 05d9 EB01     		.2byte	0x1eb
 753 05db 32       		.byte	0x32
 754 05dc 9A000000 		.4byte	0x9a
 755 05e0 00       		.byte	0
 756 05e1 1A       		.uleb128 0x1a
 757 05e2 62030000 		.4byte	.LASF60
 758 05e6 06       		.byte	0x6
 759 05e7 DE       		.byte	0xde
 760 05e8 14       		.byte	0x14
 761 05e9 13       		.uleb128 0x13
 762 05ea 717000   		.ascii	"qp\000"
 763 05ed 06       		.byte	0x6
 764 05ee DE       		.byte	0xde
 765 05ef 2E       		.byte	0x2e
 766 05f0 FE000000 		.4byte	0xfe
 767 05f4 00       		.byte	0
 768 05f5 00       		.byte	0
 769              		.section	.gnu.debuglto_.debug_abbrev,"e",%progbits
 770              	.Ldebug_abbrev0:
 771 0000 01       		.uleb128 0x1
 772 0001 11       		.uleb128 0x11
 773 0002 01       		.byte	0x1
 774 0003 25       		.uleb128 0x25
 775 0004 0E       		.uleb128 0xe
 776 0005 13       		.uleb128 0x13
 777 0006 0B       		.uleb128 0xb
 778 0007 03       		.uleb128 0x3
 779 0008 0E       		.uleb128 0xe
 780 0009 1B       		.uleb128 0x1b
 781 000a 0E       		.uleb128 0xe
 782 000b 10       		.uleb128 0x10
 783 000c 17       		.uleb128 0x17
 784 000d 00       		.byte	0
 785 000e 00       		.byte	0
 786 000f 02       		.uleb128 0x2
 787 0010 24       		.uleb128 0x24
 788 0011 00       		.byte	0
 789 0012 0B       		.uleb128 0xb
 790 0013 0B       		.uleb128 0xb
 791 0014 3E       		.uleb128 0x3e
 792 0015 0B       		.uleb128 0xb
 793 0016 03       		.uleb128 0x3
 794 0017 08       		.uleb128 0x8
 795 0018 00       		.byte	0
 796 0019 00       		.byte	0
 797 001a 03       		.uleb128 0x3
 798 001b 16       		.uleb128 0x16
ARM GAS  C:\Users\acest\AppData\Local\Temp\ccYcWBPs.s 			page 15


 799 001c 00       		.byte	0
 800 001d 03       		.uleb128 0x3
 801 001e 0E       		.uleb128 0xe
 802 001f 3A       		.uleb128 0x3a
 803 0020 0B       		.uleb128 0xb
 804 0021 3B       		.uleb128 0x3b
 805 0022 0B       		.uleb128 0xb
 806 0023 39       		.uleb128 0x39
 807 0024 0B       		.uleb128 0xb
 808 0025 49       		.uleb128 0x49
 809 0026 13       		.uleb128 0x13
 810 0027 00       		.byte	0
 811 0028 00       		.byte	0
 812 0029 04       		.uleb128 0x4
 813 002a 24       		.uleb128 0x24
 814 002b 00       		.byte	0
 815 002c 0B       		.uleb128 0xb
 816 002d 0B       		.uleb128 0xb
 817 002e 3E       		.uleb128 0x3e
 818 002f 0B       		.uleb128 0xb
 819 0030 03       		.uleb128 0x3
 820 0031 0E       		.uleb128 0xe
 821 0032 00       		.byte	0
 822 0033 00       		.byte	0
 823 0034 05       		.uleb128 0x5
 824 0035 26       		.uleb128 0x26
 825 0036 00       		.byte	0
 826 0037 49       		.uleb128 0x49
 827 0038 13       		.uleb128 0x13
 828 0039 00       		.byte	0
 829 003a 00       		.byte	0
 830 003b 06       		.uleb128 0x6
 831 003c 13       		.uleb128 0x13
 832 003d 01       		.byte	0x1
 833 003e 03       		.uleb128 0x3
 834 003f 0E       		.uleb128 0xe
 835 0040 0B       		.uleb128 0xb
 836 0041 0B       		.uleb128 0xb
 837 0042 3A       		.uleb128 0x3a
 838 0043 0B       		.uleb128 0xb
 839 0044 3B       		.uleb128 0x3b
 840 0045 0B       		.uleb128 0xb
 841 0046 39       		.uleb128 0x39
 842 0047 0B       		.uleb128 0xb
 843 0048 01       		.uleb128 0x1
 844 0049 13       		.uleb128 0x13
 845 004a 00       		.byte	0
 846 004b 00       		.byte	0
 847 004c 07       		.uleb128 0x7
 848 004d 0D       		.uleb128 0xd
 849 004e 00       		.byte	0
 850 004f 03       		.uleb128 0x3
 851 0050 0E       		.uleb128 0xe
 852 0051 3A       		.uleb128 0x3a
 853 0052 0B       		.uleb128 0xb
 854 0053 3B       		.uleb128 0x3b
 855 0054 0B       		.uleb128 0xb
ARM GAS  C:\Users\acest\AppData\Local\Temp\ccYcWBPs.s 			page 16


 856 0055 39       		.uleb128 0x39
 857 0056 0B       		.uleb128 0xb
 858 0057 49       		.uleb128 0x49
 859 0058 13       		.uleb128 0x13
 860 0059 38       		.uleb128 0x38
 861 005a 0B       		.uleb128 0xb
 862 005b 00       		.byte	0
 863 005c 00       		.byte	0
 864 005d 08       		.uleb128 0x8
 865 005e 0F       		.uleb128 0xf
 866 005f 00       		.byte	0
 867 0060 0B       		.uleb128 0xb
 868 0061 0B       		.uleb128 0xb
 869 0062 49       		.uleb128 0x49
 870 0063 13       		.uleb128 0x13
 871 0064 00       		.byte	0
 872 0065 00       		.byte	0
 873 0066 09       		.uleb128 0x9
 874 0067 13       		.uleb128 0x13
 875 0068 01       		.byte	0x1
 876 0069 0B       		.uleb128 0xb
 877 006a 0B       		.uleb128 0xb
 878 006b 3A       		.uleb128 0x3a
 879 006c 0B       		.uleb128 0xb
 880 006d 3B       		.uleb128 0x3b
 881 006e 0B       		.uleb128 0xb
 882 006f 39       		.uleb128 0x39
 883 0070 0B       		.uleb128 0xb
 884 0071 01       		.uleb128 0x1
 885 0072 13       		.uleb128 0x13
 886 0073 00       		.byte	0
 887 0074 00       		.byte	0
 888 0075 0A       		.uleb128 0xa
 889 0076 0D       		.uleb128 0xd
 890 0077 00       		.byte	0
 891 0078 03       		.uleb128 0x3
 892 0079 08       		.uleb128 0x8
 893 007a 3A       		.uleb128 0x3a
 894 007b 0B       		.uleb128 0xb
 895 007c 3B       		.uleb128 0x3b
 896 007d 0B       		.uleb128 0xb
 897 007e 39       		.uleb128 0x39
 898 007f 0B       		.uleb128 0xb
 899 0080 49       		.uleb128 0x49
 900 0081 13       		.uleb128 0x13
 901 0082 38       		.uleb128 0x38
 902 0083 0B       		.uleb128 0xb
 903 0084 00       		.byte	0
 904 0085 00       		.byte	0
 905 0086 0B       		.uleb128 0xb
 906 0087 2E       		.uleb128 0x2e
 907 0088 01       		.byte	0x1
 908 0089 3F       		.uleb128 0x3f
 909 008a 19       		.uleb128 0x19
 910 008b 03       		.uleb128 0x3
 911 008c 0E       		.uleb128 0xe
 912 008d 3A       		.uleb128 0x3a
ARM GAS  C:\Users\acest\AppData\Local\Temp\ccYcWBPs.s 			page 17


 913 008e 0B       		.uleb128 0xb
 914 008f 3B       		.uleb128 0x3b
 915 0090 05       		.uleb128 0x5
 916 0091 39       		.uleb128 0x39
 917 0092 0B       		.uleb128 0xb
 918 0093 27       		.uleb128 0x27
 919 0094 19       		.uleb128 0x19
 920 0095 49       		.uleb128 0x49
 921 0096 13       		.uleb128 0x13
 922 0097 01       		.uleb128 0x1
 923 0098 13       		.uleb128 0x13
 924 0099 00       		.byte	0
 925 009a 00       		.byte	0
 926 009b 0C       		.uleb128 0xc
 927 009c 05       		.uleb128 0x5
 928 009d 00       		.byte	0
 929 009e 03       		.uleb128 0x3
 930 009f 08       		.uleb128 0x8
 931 00a0 3A       		.uleb128 0x3a
 932 00a1 0B       		.uleb128 0xb
 933 00a2 3B       		.uleb128 0x3b
 934 00a3 05       		.uleb128 0x5
 935 00a4 39       		.uleb128 0x39
 936 00a5 0B       		.uleb128 0xb
 937 00a6 49       		.uleb128 0x49
 938 00a7 13       		.uleb128 0x13
 939 00a8 00       		.byte	0
 940 00a9 00       		.byte	0
 941 00aa 0D       		.uleb128 0xd
 942 00ab 05       		.uleb128 0x5
 943 00ac 00       		.byte	0
 944 00ad 03       		.uleb128 0x3
 945 00ae 0E       		.uleb128 0xe
 946 00af 3A       		.uleb128 0x3a
 947 00b0 0B       		.uleb128 0xb
 948 00b1 3B       		.uleb128 0x3b
 949 00b2 05       		.uleb128 0x5
 950 00b3 39       		.uleb128 0x39
 951 00b4 0B       		.uleb128 0xb
 952 00b5 49       		.uleb128 0x49
 953 00b6 13       		.uleb128 0x13
 954 00b7 00       		.byte	0
 955 00b8 00       		.byte	0
 956 00b9 0E       		.uleb128 0xe
 957 00ba 34       		.uleb128 0x34
 958 00bb 00       		.byte	0
 959 00bc 03       		.uleb128 0x3
 960 00bd 0E       		.uleb128 0xe
 961 00be 49       		.uleb128 0x49
 962 00bf 13       		.uleb128 0x13
 963 00c0 34       		.uleb128 0x34
 964 00c1 19       		.uleb128 0x19
 965 00c2 00       		.byte	0
 966 00c3 00       		.byte	0
 967 00c4 0F       		.uleb128 0xf
 968 00c5 01       		.uleb128 0x1
 969 00c6 01       		.byte	0x1
ARM GAS  C:\Users\acest\AppData\Local\Temp\ccYcWBPs.s 			page 18


 970 00c7 49       		.uleb128 0x49
 971 00c8 13       		.uleb128 0x13
 972 00c9 01       		.uleb128 0x1
 973 00ca 13       		.uleb128 0x13
 974 00cb 00       		.byte	0
 975 00cc 00       		.byte	0
 976 00cd 10       		.uleb128 0x10
 977 00ce 21       		.uleb128 0x21
 978 00cf 00       		.byte	0
 979 00d0 49       		.uleb128 0x49
 980 00d1 13       		.uleb128 0x13
 981 00d2 2F       		.uleb128 0x2f
 982 00d3 0B       		.uleb128 0xb
 983 00d4 00       		.byte	0
 984 00d5 00       		.byte	0
 985 00d6 11       		.uleb128 0x11
 986 00d7 34       		.uleb128 0x34
 987 00d8 00       		.byte	0
 988 00d9 03       		.uleb128 0x3
 989 00da 0E       		.uleb128 0xe
 990 00db 3A       		.uleb128 0x3a
 991 00dc 0B       		.uleb128 0xb
 992 00dd 3B       		.uleb128 0x3b
 993 00de 05       		.uleb128 0x5
 994 00df 39       		.uleb128 0x39
 995 00e0 0B       		.uleb128 0xb
 996 00e1 49       		.uleb128 0x49
 997 00e2 13       		.uleb128 0x13
 998 00e3 00       		.byte	0
 999 00e4 00       		.byte	0
 1000 00e5 12       		.uleb128 0x12
 1001 00e6 2E       		.uleb128 0x2e
 1002 00e7 01       		.byte	0x1
 1003 00e8 3F       		.uleb128 0x3f
 1004 00e9 19       		.uleb128 0x19
 1005 00ea 03       		.uleb128 0x3
 1006 00eb 0E       		.uleb128 0xe
 1007 00ec 3A       		.uleb128 0x3a
 1008 00ed 0B       		.uleb128 0xb
 1009 00ee 3B       		.uleb128 0x3b
 1010 00ef 0B       		.uleb128 0xb
 1011 00f0 39       		.uleb128 0x39
 1012 00f1 0B       		.uleb128 0xb
 1013 00f2 27       		.uleb128 0x27
 1014 00f3 19       		.uleb128 0x19
 1015 00f4 49       		.uleb128 0x49
 1016 00f5 13       		.uleb128 0x13
 1017 00f6 01       		.uleb128 0x1
 1018 00f7 13       		.uleb128 0x13
 1019 00f8 00       		.byte	0
 1020 00f9 00       		.byte	0
 1021 00fa 13       		.uleb128 0x13
 1022 00fb 05       		.uleb128 0x5
 1023 00fc 00       		.byte	0
 1024 00fd 03       		.uleb128 0x3
 1025 00fe 08       		.uleb128 0x8
 1026 00ff 3A       		.uleb128 0x3a
ARM GAS  C:\Users\acest\AppData\Local\Temp\ccYcWBPs.s 			page 19


 1027 0100 0B       		.uleb128 0xb
 1028 0101 3B       		.uleb128 0x3b
 1029 0102 0B       		.uleb128 0xb
 1030 0103 39       		.uleb128 0x39
 1031 0104 0B       		.uleb128 0xb
 1032 0105 49       		.uleb128 0x49
 1033 0106 13       		.uleb128 0x13
 1034 0107 00       		.byte	0
 1035 0108 00       		.byte	0
 1036 0109 14       		.uleb128 0x14
 1037 010a 05       		.uleb128 0x5
 1038 010b 00       		.byte	0
 1039 010c 03       		.uleb128 0x3
 1040 010d 0E       		.uleb128 0xe
 1041 010e 3A       		.uleb128 0x3a
 1042 010f 0B       		.uleb128 0xb
 1043 0110 3B       		.uleb128 0x3b
 1044 0111 0B       		.uleb128 0xb
 1045 0112 39       		.uleb128 0x39
 1046 0113 0B       		.uleb128 0xb
 1047 0114 49       		.uleb128 0x49
 1048 0115 13       		.uleb128 0x13
 1049 0116 00       		.byte	0
 1050 0117 00       		.byte	0
 1051 0118 15       		.uleb128 0x15
 1052 0119 34       		.uleb128 0x34
 1053 011a 00       		.byte	0
 1054 011b 03       		.uleb128 0x3
 1055 011c 0E       		.uleb128 0xe
 1056 011d 3A       		.uleb128 0x3a
 1057 011e 0B       		.uleb128 0xb
 1058 011f 3B       		.uleb128 0x3b
 1059 0120 0B       		.uleb128 0xb
 1060 0121 39       		.uleb128 0x39
 1061 0122 0B       		.uleb128 0xb
 1062 0123 49       		.uleb128 0x49
 1063 0124 13       		.uleb128 0x13
 1064 0125 00       		.byte	0
 1065 0126 00       		.byte	0
 1066 0127 16       		.uleb128 0x16
 1067 0128 2E       		.uleb128 0x2e
 1068 0129 01       		.byte	0x1
 1069 012a 3F       		.uleb128 0x3f
 1070 012b 19       		.uleb128 0x19
 1071 012c 03       		.uleb128 0x3
 1072 012d 0E       		.uleb128 0xe
 1073 012e 3A       		.uleb128 0x3a
 1074 012f 0B       		.uleb128 0xb
 1075 0130 3B       		.uleb128 0x3b
 1076 0131 0B       		.uleb128 0xb
 1077 0132 39       		.uleb128 0x39
 1078 0133 0B       		.uleb128 0xb
 1079 0134 27       		.uleb128 0x27
 1080 0135 19       		.uleb128 0x19
 1081 0136 01       		.uleb128 0x1
 1082 0137 13       		.uleb128 0x13
 1083 0138 00       		.byte	0
ARM GAS  C:\Users\acest\AppData\Local\Temp\ccYcWBPs.s 			page 20


 1084 0139 00       		.byte	0
 1085 013a 17       		.uleb128 0x17
 1086 013b 2E       		.uleb128 0x2e
 1087 013c 01       		.byte	0x1
 1088 013d 03       		.uleb128 0x3
 1089 013e 0E       		.uleb128 0xe
 1090 013f 3A       		.uleb128 0x3a
 1091 0140 0B       		.uleb128 0xb
 1092 0141 3B       		.uleb128 0x3b
 1093 0142 0B       		.uleb128 0xb
 1094 0143 39       		.uleb128 0x39
 1095 0144 0B       		.uleb128 0xb
 1096 0145 27       		.uleb128 0x27
 1097 0146 19       		.uleb128 0x19
 1098 0147 49       		.uleb128 0x49
 1099 0148 13       		.uleb128 0x13
 1100 0149 01       		.uleb128 0x1
 1101 014a 13       		.uleb128 0x13
 1102 014b 00       		.byte	0
 1103 014c 00       		.byte	0
 1104 014d 18       		.uleb128 0x18
 1105 014e 2E       		.uleb128 0x2e
 1106 014f 01       		.byte	0x1
 1107 0150 03       		.uleb128 0x3
 1108 0151 0E       		.uleb128 0xe
 1109 0152 3A       		.uleb128 0x3a
 1110 0153 0B       		.uleb128 0xb
 1111 0154 3B       		.uleb128 0x3b
 1112 0155 05       		.uleb128 0x5
 1113 0156 39       		.uleb128 0x39
 1114 0157 0B       		.uleb128 0xb
 1115 0158 27       		.uleb128 0x27
 1116 0159 19       		.uleb128 0x19
 1117 015a 01       		.uleb128 0x1
 1118 015b 13       		.uleb128 0x13
 1119 015c 00       		.byte	0
 1120 015d 00       		.byte	0
 1121 015e 19       		.uleb128 0x19
 1122 015f 2E       		.uleb128 0x2e
 1123 0160 00       		.byte	0
 1124 0161 03       		.uleb128 0x3
 1125 0162 0E       		.uleb128 0xe
 1126 0163 3A       		.uleb128 0x3a
 1127 0164 0B       		.uleb128 0xb
 1128 0165 3B       		.uleb128 0x3b
 1129 0166 05       		.uleb128 0x5
 1130 0167 39       		.uleb128 0x39
 1131 0168 0B       		.uleb128 0xb
 1132 0169 27       		.uleb128 0x27
 1133 016a 19       		.uleb128 0x19
 1134 016b 00       		.byte	0
 1135 016c 00       		.byte	0
 1136 016d 1A       		.uleb128 0x1a
 1137 016e 2E       		.uleb128 0x2e
 1138 016f 01       		.byte	0x1
 1139 0170 03       		.uleb128 0x3
 1140 0171 0E       		.uleb128 0xe
ARM GAS  C:\Users\acest\AppData\Local\Temp\ccYcWBPs.s 			page 21


 1141 0172 3A       		.uleb128 0x3a
 1142 0173 0B       		.uleb128 0xb
 1143 0174 3B       		.uleb128 0x3b
 1144 0175 0B       		.uleb128 0xb
 1145 0176 39       		.uleb128 0x39
 1146 0177 0B       		.uleb128 0xb
 1147 0178 27       		.uleb128 0x27
 1148 0179 19       		.uleb128 0x19
 1149 017a 00       		.byte	0
 1150 017b 00       		.byte	0
 1151 017c 00       		.byte	0
 1152              		.section	.gnu.debuglto_.debug_line,"e",%progbits
 1153              	.Ldebug_line0:
 1154 0000 D5020000 		.4byte	.LELT0-.LSLT0
 1155              	.LSLT0:
 1156 0004 0400     		.2byte	0x4
 1157 0006 CF020000 		.4byte	.LELTP0-.LASLTP0
 1158              	.LASLTP0:
 1159 000a 01       		.byte	0x1
 1160 000b 01       		.byte	0x1
 1161 000c 01       		.byte	0x1
 1162 000d F6       		.byte	0xf6
 1163 000e F2       		.byte	0xf2
 1164 000f 0D       		.byte	0xd
 1165 0010 00       		.byte	0
 1166 0011 01       		.byte	0x1
 1167 0012 01       		.byte	0x1
 1168 0013 01       		.byte	0x1
 1169 0014 01       		.byte	0x1
 1170 0015 00       		.byte	0
 1171 0016 00       		.byte	0
 1172 0017 00       		.byte	0
 1173 0018 01       		.byte	0x1
 1174 0019 00       		.byte	0
 1175 001a 00       		.byte	0
 1176 001b 01       		.byte	0x1
 1177 001c 2E2E2F2E 		.ascii	"../../../../../ChibiStudio/chibios2111/os/oslib/src"
 1177      2E2F2E2E 
 1177      2F2E2E2F 
 1177      2E2E2F43 
 1177      68696269 
 1178 004f 00       		.byte	0
 1179 0050 633A5C63 		.ascii	"c:\\chibistudio\\chibios2111\\os\\common\\ext\\arm\\"
 1179      68696269 
 1179      73747564 
 1179      696F5C63 
 1179      68696269 
 1180 007d 636D7369 		.ascii	"cmsis\\core\\include"
 1180      735C636F 
 1180      72655C69 
 1180      6E636C75 
 1180      6465
 1181 008f 00       		.byte	0
 1182 0090 633A5C63 		.ascii	"c:\\chibistudio\\chibios2111\\os\\common\\ports\\ar"
 1182      68696269 
 1182      73747564 
 1182      696F5C63 
ARM GAS  C:\Users\acest\AppData\Local\Temp\ccYcWBPs.s 			page 22


 1182      68696269 
 1183 00bd 6D76372D 		.ascii	"mv7-m-alt"
 1183      6D2D616C 
 1183      74
 1184 00c6 00       		.byte	0
 1185 00c7 633A5C63 		.ascii	"c:\\chibistudio\\chibios2111\\os\\oslib\\include"
 1185      68696269 
 1185      73747564 
 1185      696F5C63 
 1185      68696269 
 1186 00f2 00       		.byte	0
 1187 00f3 633A5C63 		.ascii	"c:\\chibistudio\\chibios2111\\os\\rt\\include"
 1187      68696269 
 1187      73747564 
 1187      696F5C63 
 1187      68696269 
 1188 011b 00       		.byte	0
 1189 011c 633A5C63 		.ascii	"c:\\chibistudio\\tools\\gnu tools arm embedded\\10."
 1189      68696269 
 1189      73747564 
 1189      696F5C74 
 1189      6F6F6C73 
 1190 014b 33203230 		.ascii	"3 2021.10\\arm-none-eabi\\include\\machine"
 1190      32312E31 
 1190      305C6172 
 1190      6D2D6E6F 
 1190      6E652D65 
 1191 0172 00       		.byte	0
 1192 0173 633A5C63 		.ascii	"c:\\chibistudio\\tools\\gnu tools arm embedded\\10."
 1192      68696269 
 1192      73747564 
 1192      696F5C74 
 1192      6F6F6C73 
 1193 01a2 33203230 		.ascii	"3 2021.10\\arm-none-eabi\\include\\sys"
 1193      32312E31 
 1193      305C6172 
 1193      6D2D6E6F 
 1193      6E652D65 
 1194 01c5 00       		.byte	0
 1195 01c6 633A5C63 		.ascii	"c:\\chibistudio\\tools\\gnu tools arm embedded\\10."
 1195      68696269 
 1195      73747564 
 1195      696F5C74 
 1195      6F6F6C73 
 1196 01f5 33203230 		.ascii	"3 2021.10\\lib\\gcc\\arm-none-eabi\\10.3.1\\include"
 1196      32312E31 
 1196      305C6C69 
 1196      625C6763 
 1196      635C6172 
 1197 0223 00       		.byte	0
 1198 0224 00       		.byte	0
 1199 0225 73746464 		.ascii	"stddef.h\000"
 1199      65662E68 
 1199      00
 1200 022e 08       		.uleb128 0x8
 1201 022f 00       		.uleb128 0
 1202 0230 00       		.uleb128 0
ARM GAS  C:\Users\acest\AppData\Local\Temp\ccYcWBPs.s 			page 23


 1203 0231 5F646566 		.ascii	"_default_types.h\000"
 1203      61756C74 
 1203      5F747970 
 1203      65732E68 
 1203      00
 1204 0242 06       		.uleb128 0x6
 1205 0243 00       		.uleb128 0
 1206 0244 00       		.uleb128 0
 1207 0245 5F737464 		.ascii	"_stdint.h\000"
 1207      696E742E 
 1207      6800
 1208 024f 07       		.uleb128 0x7
 1209 0250 00       		.uleb128 0
 1210 0251 00       		.uleb128 0
 1211 0252 63686561 		.ascii	"chearly.h\000"
 1211      726C792E 
 1211      6800
 1212 025c 05       		.uleb128 0x5
 1213 025d 00       		.uleb128 0
 1214 025e 00       		.uleb128 0
 1215 025f 63687469 		.ascii	"chtime.h\000"
 1215      6D652E68 
 1215      00
 1216 0268 05       		.uleb128 0x5
 1217 0269 00       		.uleb128 0
 1218 026a 00       		.uleb128 0
 1219 026b 63686C69 		.ascii	"chlists.h\000"
 1219      7374732E 
 1219      6800
 1220 0275 05       		.uleb128 0x5
 1221 0276 00       		.uleb128 0
 1222 0277 00       		.uleb128 0
 1223 0278 63686F62 		.ascii	"chobjects.h\000"
 1223      6A656374 
 1223      732E6800 
 1224 0284 05       		.uleb128 0x5
 1225 0285 00       		.uleb128 0
 1226 0286 00       		.uleb128 0
 1227 0287 63686D62 		.ascii	"chmboxes.h\000"
 1227      6F786573 
 1227      2E6800
 1228 0292 04       		.uleb128 0x4
 1229 0293 00       		.uleb128 0
 1230 0294 00       		.uleb128 0
 1231 0295 63686D62 		.ascii	"chmboxes.c\000"
 1231      6F786573 
 1231      2E6300
 1232 02a0 01       		.uleb128 0x1
 1233 02a1 00       		.uleb128 0
 1234 02a2 00       		.uleb128 0
 1235 02a3 63687468 		.ascii	"chthreads.h\000"
 1235      72656164 
 1235      732E6800 
 1236 02af 05       		.uleb128 0x5
 1237 02b0 00       		.uleb128 0
 1238 02b1 00       		.uleb128 0
 1239 02b2 63687379 		.ascii	"chsys.h\000"
ARM GAS  C:\Users\acest\AppData\Local\Temp\ccYcWBPs.s 			page 24


 1239      732E6800 
 1240 02ba 05       		.uleb128 0x5
 1241 02bb 00       		.uleb128 0
 1242 02bc 00       		.uleb128 0
 1243 02bd 6368636F 		.ascii	"chcore.h\000"
 1243      72652E68 
 1243      00
 1244 02c6 03       		.uleb128 0x3
 1245 02c7 00       		.uleb128 0
 1246 02c8 00       		.uleb128 0
 1247 02c9 636D7369 		.ascii	"cmsis_gcc.h\000"
 1247      735F6763 
 1247      632E6800 
 1248 02d5 02       		.uleb128 0x2
 1249 02d6 00       		.uleb128 0
 1250 02d7 00       		.uleb128 0
 1251 02d8 00       		.byte	0
 1252              	.LELTP0:
 1253              	.LELT0:
 1254              		.section	.gnu.debuglto_.debug_str,"eMS",%progbits,1
 1255              	.LASF55:
 1256 0000 5F5F7365 		.ascii	"__set_BASEPRI\000"
 1256      745F4241 
 1256      53455052 
 1256      4900
 1257              	.LASF31:
 1258 000e 6D736770 		.ascii	"msgp\000"
 1258      00
 1259              	.LASF24:
 1260 0013 74687265 		.ascii	"threads_queue_t\000"
 1260      6164735F 
 1260      71756575 
 1260      655F7400 
 1261              	.LASF36:
 1262 0023 63684D42 		.ascii	"chMBFetchTimeout\000"
 1262      46657463 
 1262      6854696D 
 1262      656F7574 
 1262      00
 1263              	.LASF5:
 1264 0034 73686F72 		.ascii	"short int\000"
 1264      7420696E 
 1264      7400
 1265              	.LASF7:
 1266 003e 73697A65 		.ascii	"size_t\000"
 1266      5F7400
 1267              	.LASF47:
 1268 0045 63684D42 		.ascii	"chMBGetFreeCountI\000"
 1268      47657446 
 1268      72656543 
 1268      6F756E74 
 1268      4900
 1269              	.LASF48:
 1270 0057 63684D42 		.ascii	"chMBGetUsedCountI\000"
 1270      47657455 
 1270      73656443 
 1270      6F756E74 
ARM GAS  C:\Users\acest\AppData\Local\Temp\ccYcWBPs.s 			page 25


 1270      4900
 1271              	.LASF43:
 1272 0069 63684D42 		.ascii	"chMBPostTimeout\000"
 1272      506F7374 
 1272      54696D65 
 1272      6F757400 
 1273              	.LASF52:
 1274 0079 63685379 		.ascii	"chSysLock\000"
 1274      734C6F63 
 1274      6B00
 1275              	.LASF59:
 1276 0083 433A5C55 		.ascii	"C:\\Users\\acest\\Desktop\\R.A.C.E\\race_project\000"
 1276      73657273 
 1276      5C616365 
 1276      73745C44 
 1276      65736B74 
 1277              	.LASF39:
 1278 00af 63684D42 		.ascii	"chMBPostAheadTimeoutS\000"
 1278      506F7374 
 1278      41686561 
 1278      6454696D 
 1278      656F7574 
 1279              	.LASF38:
 1280 00c5 63684D42 		.ascii	"chMBPostAheadI\000"
 1280      506F7374 
 1280      41686561 
 1280      644900
 1281              	.LASF44:
 1282 00d4 63684D42 		.ascii	"chMBResetI\000"
 1282      52657365 
 1282      744900
 1283              	.LASF22:
 1284 00df 63685F74 		.ascii	"ch_threads_queue\000"
 1284      68726561 
 1284      64735F71 
 1284      75657565 
 1284      00
 1285              	.LASF18:
 1286 00f0 63685F71 		.ascii	"ch_queue_t\000"
 1286      75657565 
 1286      5F7400
 1287              	.LASF26:
 1288 00fb 77727074 		.ascii	"wrptr\000"
 1288      7200
 1289              	.LASF2:
 1290 0101 6C6F6E67 		.ascii	"long double\000"
 1290      20646F75 
 1290      626C6500 
 1291              	.LASF1:
 1292 010d 6C6F6E67 		.ascii	"long long int\000"
 1292      206C6F6E 
 1292      6720696E 
 1292      7400
 1293              	.LASF46:
 1294 011b 63684D42 		.ascii	"chMBObjectInit\000"
 1294      4F626A65 
 1294      6374496E 
ARM GAS  C:\Users\acest\AppData\Local\Temp\ccYcWBPs.s 			page 26


 1294      697400
 1295              	.LASF9:
 1296 012a 6C6F6E67 		.ascii	"long int\000"
 1296      20696E74 
 1296      00
 1297              	.LASF23:
 1298 0133 71756575 		.ascii	"queue\000"
 1298      6500
 1299              	.LASF4:
 1300 0139 756E7369 		.ascii	"unsigned char\000"
 1300      676E6564 
 1300      20636861 
 1300      7200
 1301              	.LASF35:
 1302 0147 5F5F6675 		.ascii	"__func__\000"
 1302      6E635F5F 
 1302      00
 1303              	.LASF41:
 1304 0150 63684D42 		.ascii	"chMBPostI\000"
 1304      506F7374 
 1304      4900
 1305              	.LASF3:
 1306 015a 7369676E 		.ascii	"signed char\000"
 1306      65642063 
 1306      68617200 
 1307              	.LASF12:
 1308 0166 6C6F6E67 		.ascii	"long long unsigned int\000"
 1308      206C6F6E 
 1308      6720756E 
 1308      7369676E 
 1308      65642069 
 1309              	.LASF14:
 1310 017d 75696E74 		.ascii	"uint32_t\000"
 1310      33325F74 
 1310      00
 1311              	.LASF0:
 1312 0186 756E7369 		.ascii	"unsigned int\000"
 1312      676E6564 
 1312      20696E74 
 1312      00
 1313              	.LASF58:
 1314 0193 2E2E2F2E 		.ascii	"../../../../../ChibiStudio/chibios2111/os/oslib/src"
 1314      2E2F2E2E 
 1314      2F2E2E2F 
 1314      2E2E2F43 
 1314      68696269 
 1315 01c6 2F63686D 		.ascii	"/chmboxes.c\000"
 1315      626F7865 
 1315      732E6300 
 1316              	.LASF32:
 1317 01d2 63684D42 		.ascii	"chMBFetchI\000"
 1317      46657463 
 1317      684900
 1318              	.LASF6:
 1319 01dd 73686F72 		.ascii	"short unsigned int\000"
 1319      7420756E 
 1319      7369676E 
ARM GAS  C:\Users\acest\AppData\Local\Temp\ccYcWBPs.s 			page 27


 1319      65642069 
 1319      6E7400
 1320              	.LASF56:
 1321 01f0 62617365 		.ascii	"basePri\000"
 1321      50726900 
 1322              	.LASF16:
 1323 01f8 63686172 		.ascii	"char\000"
 1323      00
 1324              	.LASF13:
 1325 01fd 696E7433 		.ascii	"int32_t\000"
 1325      325F7400 
 1326              	.LASF30:
 1327 0205 6D61696C 		.ascii	"mailbox_t\000"
 1327      626F785F 
 1327      7400
 1328              	.LASF29:
 1329 020f 5F426F6F 		.ascii	"_Bool\000"
 1329      6C00
 1330              	.LASF53:
 1331 0215 706F7274 		.ascii	"port_unlock\000"
 1331      5F756E6C 
 1331      6F636B00 
 1332              	.LASF57:
 1333 0221 474E5520 		.ascii	"GNU C17 10.3.1 20210824 (release) -mcpu=cortex-m4 -"
 1333      43313720 
 1333      31302E33 
 1333      2E312032 
 1333      30323130 
 1334 0254 6D746875 		.ascii	"mthumb -mfloat-abi=soft -march=armv7e-m -ggdb -O2 -"
 1334      6D62202D 
 1334      6D666C6F 
 1334      61742D61 
 1334      62693D73 
 1335 0287 666F6D69 		.ascii	"fomit-frame-pointer -falign-functions=16 -ffunction"
 1335      742D6672 
 1335      616D652D 
 1335      706F696E 
 1335      74657220 
 1336 02ba 2D736563 		.ascii	"-sections -fdata-sections -fno-common -flto\000"
 1336      74696F6E 
 1336      73202D66 
 1336      64617461 
 1336      2D736563 
 1337              	.LASF17:
 1338 02e6 73797369 		.ascii	"sysinterval_t\000"
 1338      6E746572 
 1338      76616C5F 
 1338      7400
 1339              	.LASF50:
 1340 02f4 63685468 		.ascii	"chThdQueueObjectInit\000"
 1340      64517565 
 1340      75654F62 
 1340      6A656374 
 1340      496E6974 
 1341              	.LASF25:
 1342 0309 62756666 		.ascii	"buffer\000"
 1342      657200
ARM GAS  C:\Users\acest\AppData\Local\Temp\ccYcWBPs.s 			page 28


 1343              	.LASF40:
 1344 0310 63684D42 		.ascii	"chMBPostAheadTimeout\000"
 1344      506F7374 
 1344      41686561 
 1344      6454696D 
 1344      656F7574 
 1345              	.LASF11:
 1346 0325 6C6F6E67 		.ascii	"long unsigned int\000"
 1346      20756E73 
 1346      69676E65 
 1346      6420696E 
 1346      7400
 1347              	.LASF54:
 1348 0337 706F7274 		.ascii	"port_lock\000"
 1348      5F6C6F63 
 1348      6B00
 1349              	.LASF45:
 1350 0341 63684D42 		.ascii	"chMBReset\000"
 1350      52657365 
 1350      7400
 1351              	.LASF10:
 1352 034b 5F5F7569 		.ascii	"__uint32_t\000"
 1352      6E743332 
 1352      5F7400
 1353              	.LASF51:
 1354 0356 63685379 		.ascii	"chSysUnlock\000"
 1354      73556E6C 
 1354      6F636B00 
 1355              	.LASF60:
 1356 0362 63685F71 		.ascii	"ch_queue_init\000"
 1356      75657565 
 1356      5F696E69 
 1356      7400
 1357              	.LASF28:
 1358 0370 72657365 		.ascii	"reset\000"
 1358      7400
 1359              	.LASF8:
 1360 0376 5F5F696E 		.ascii	"__int32_t\000"
 1360      7433325F 
 1360      7400
 1361              	.LASF33:
 1362 0380 63684D42 		.ascii	"chMBFetchTimeoutS\000"
 1362      46657463 
 1362      6854696D 
 1362      656F7574 
 1362      5300
 1363              	.LASF42:
 1364 0392 63684D42 		.ascii	"chMBPostTimeoutS\000"
 1364      506F7374 
 1364      54696D65 
 1364      6F757453 
 1364      00
 1365              	.LASF49:
 1366 03a3 63684D42 		.ascii	"chMBGetSizeI\000"
 1366      47657453 
 1366      697A6549 
 1366      00
ARM GAS  C:\Users\acest\AppData\Local\Temp\ccYcWBPs.s 			page 29


 1367              	.LASF21:
 1368 03b0 63685F71 		.ascii	"ch_queue\000"
 1368      75657565 
 1368      00
 1369              	.LASF27:
 1370 03b9 72647074 		.ascii	"rdptr\000"
 1370      7200
 1371              	.LASF20:
 1372 03bf 70726576 		.ascii	"prev\000"
 1372      00
 1373              	.LASF37:
 1374 03c4 7264796D 		.ascii	"rdymsg\000"
 1374      736700
 1375              	.LASF15:
 1376 03cb 6D73675F 		.ascii	"msg_t\000"
 1376      7400
 1377              	.LASF34:
 1378 03d1 74696D65 		.ascii	"timeout\000"
 1378      6F757400 
 1379              	.LASF19:
 1380 03d9 6E657874 		.ascii	"next\000"
 1380      00
 1381              		.text
 1382              		.section	.gnu.lto_.profile.b3bfb8d8,"e",%progbits
 1383 0000 789C6362 		.ascii	"x\234cb\000\001\000\000\022\000\003"
 1383      00010000 
 1383      120003
 1384              		.text
 1385              		.section	.gnu.lto_.icf.b3bfb8d8,"e",%progbits
 1386 0000 789CF362 		.ascii	"x\234\363b@\000\036\206C=\353:\270\031\273\317N\370"
 1386      40001E86 
 1386      433DEB3A 
 1386      B819BBCF 
 1386      4EF8
 1387 0012 CFC8F462 		.ascii	"\317\310\364b\351\355\277\214\314\267\266=|\313\302"
 1387      E9EDBF8C 
 1387      CCB7B63D 
 1387      7CCBC2
 1388 0021 B2E2FFDF 		.ascii	"\262\342\377\337\231\234\254\233\273\037\256gd\273\376"
 1388      999CAC9B 
 1388      BB1FAE67 
 1388      64BBFE
 1389 0030 F0C37B46 		.ascii	"\360\303{Fv\260\010\307\356\255\213N\260r.\274\264\366"
 1389      76B008C7 
 1389      EEAD8B4E 
 1389      B0722EBC 
 1389      B4F6
 1390 0042 0B3F1758 		.ascii	"\013?\027X\204{\326\322\017k\230\030\000\220\344%\360"
 1390      847BD6D2 
 1390      0F6B9818 
 1390      0090E425 
 1390      F0
 1391              		.text
 1392              		.section	.gnu.lto_.ipa_sra.b3bfb8d8,"e",%progbits
 1393 0000 789C7D8C 		.ascii	"x\234}\214I\022\300 \010\004g\000\243Y\036\235\374<"
 1393      4912C020 
 1393      08046700 
ARM GAS  C:\Users\acest\AppData\Local\Temp\ccYcWBPs.s 			page 30


 1393      A3591E9D 
 1393      FC3C
 1394 0012 1131C549 		.ascii	"\0211\305I8@AO\027\342\257\013\212T\244\377\330[\210"
 1394      3840414F 
 1394      17E2AF0B 
 1394      8A54A4FF 
 1394      D85B88
 1395 0025 86CA7EBB 		.ascii	"\206\312~\273\355\273i&\251\342C\0027\355\260\357\216"
 1395      EDBB6926 
 1395      A9E24302 
 1395      37EDB0EF 
 1395      8E
 1396 0036 8E080721 		.ascii	"\216\010\007!EfN\301m\345\251KO\313\236}\3459\206'\\"
 1396      45664EC1 
 1396      6DE5A94B 
 1396      4FCB9E7D 
 1396      E5398627 
 1397 004b D3F35888 		.ascii	"\323\363X\210\316,\302\013\250\346\003\266"
 1397      CE2CC20B 
 1397      A8E603B6 
 1398              		.text
 1399              		.section	.gnu.lto_.inline.b3bfb8d8,"e",%progbits
 1400 0000 789CBD94 		.ascii	"x\234\275\224Ak\023Q\020\307\347\315\274M\237iM\323"
 1400      416B1351 
 1400      10C7E7CD 
 1400      BC4D9F69 
 1400      4DD3
 1401 0012 9BE2A1A1 		.ascii	"\233\342\241\241\340\335\217\220O\220\317\220&ik=\325"
 1401      E0DD8F90 
 1401      4F90CF90 
 1401      26696B3D 
 1401      D5
 1402 0023 2F206B4F 		.ascii	"/ kO\261 .*\026D$\320\0051U\202m)\004r\250\250\020\324"
 1402      B1202E2A 
 1402      164424D0 
 1402      05315582 
 1402      6D290472 
 1403 003b 522A247A 		.ascii	"R*$zQ\360RQ\020rh\254\224\036\234y\233\335d\203Z\202"
 1403      51F05251 
 1403      107268AC 
 1403      941E9C79 
 1403      9BDD6483 
 1404 0051 E02EBBFB 		.ascii	"\340.\273\373\237\235\377\233y\314\217\335}\007\242"
 1404      9F9DFF9B 
 1404      79CC8FDD 
 1404      7D07A2
 1405 0060 630260D2 		.ascii	"c\002`\322u\335\035\232W\204\312'y\247\370\251\254\360"
 1405      75DD1D9A 
 1405      5784CA27 
 1405      79A7F8A9 
 1405      ACF0
 1406 0072 09F9A193 		.ascii	"\011\371\241\223\342\3009\200\264\265\316!\360\311\322"
 1406      E2C03980 
 1406      B4B5CE21 
 1406      F0C9D2
 1407 0081 C522E848 		.ascii	"\305\"\350HM\310\012Hq\320\241\005\205`\253\320@\031"
 1407      4DC80A48 
ARM GAS  C:\Users\acest\AppData\Local\Temp\ccYcWBPs.s 			page 31


 1407      71D0A105 
 1407      8560ABD0 
 1407      4019
 1408 0093 6D8D2580 		.ascii	"m\215%\200\244\025\266\214\262\262\200\240#\315%\001"
 1408      A415B68C 
 1408      B2B280A0 
 1408      23CD2501 
 1409 00a3 48AAA197 		.ascii	"H\252\241\227\353\013\004\303i\217K\003F\225\022\201"
 1409      EB0B04C3 
 1409      698F4B03 
 1409      46951281 
 1410 00b3 904ADC27 		.ascii	"\220J\334')\233\306q\221^\216 S\2557\337\323\025\245"
 1410      299BC671 
 1410      915E8E20 
 1410      53AD37DF 
 1410      D315A5
 1411 00c6 C21DE0CC 		.ascii	"\302\035\340\314\275\267\335..\002\244\226\357n\356"
 1411      BDB7DD2E 
 1411      2E02A496 
 1411      EF6EEE
 1412 00d5 E142B04E 		.ascii	"\341B\260N\237U\266\305\241\011*D-\265\335i\005\377"
 1412      9F55B6C5 
 1412      A1092A44 
 1412      2DB5DD69 
 1412      05FF
 1413 00e7 DCD24989 		.ascii	"\334\322I\211\337\313\311\351\300\371\346\343\243\023"
 1413      DFCBC9E9 
 1413      C0F9E6E3 
 1413      A313
 1414 00f5 DEE0182C 		.ascii	"\336\340\030,\371D\267\211o<\201\212\262#\240Hi\240"
 1414      F944B789 
 1414      6F3C818A 
 1414      B223A048 
 1414      69A0
 1415 0107 4C2882F1 		.ascii	"L(\202\3618@n\220c\1776\232\330\024\300unv-\3264\232"
 1415      38406E90 
 1415      637F369A 
 1415      D814C075 
 1415      6E762DD6 
 1416 011d 9841702C 		.ascii	"\230Ap,\230\022\030P\317\267\333\3074\313SL\313${\021"
 1416      98121850 
 1416      CFB7DBC7 
 1416      34CB534C 
 1416      CB247B11 
 1417 0131 070399CC 		.ascii	"\007\003\231\314`&\243A[]\324pi\320\225\345\213\356"
 1417      6026A341 
 1417      5B5DD470 
 1417      69D095E5 
 1417      8BEE
 1418 0143 AFFDFC81 		.ascii	"\257\375\374\201\234\311\016\270\226\330ug\375U\307"
 1418      9CC90EB8 
 1418      96D87567 
 1418      FD55C7
 1419 0152 BA5C25B6 		.ascii	"\272\\%\266\232\273u(6\216\200N\252\353\333\034X\224"
 1419      9ABB7528 
 1419      368E804E 
 1419      AAEBDB1C 
ARM GAS  C:\Users\acest\AppData\Local\Temp\ccYcWBPs.s 			page 32


 1419      5894
 1420 0164 CE9AFB68 		.ascii	"\316\232\373h\025K\274\032\264]\303&O\205`\265\235n"
 1420      154BBC1A 
 1420      B45DC326 
 1420      4F8560B5 
 1420      9D6E
 1421 0176 02663E3D 		.ascii	"\002f>=k~\210\001\272\270\261Z9\022@\223\365j\371\335"
 1421      6B7E8801 
 1421      BAB8B15A 
 1421      39124093 
 1421      F56AF9DD 
 1422 018a A980C646 		.ascii	"\251\200\306F\002d\340\302\201\177s\005/\367\000\251"
 1422      0264E0C2 
 1422      817F7305 
 1422      2FF700A9 
 1423 019a 2D35329C 		.ascii	"-52\234\374\277\303\241o\235\335.\025\376+\034\375\271"
 1423      FCBFC3A1 
 1423      6F9DDD2E 
 1423      15FE2B1C 
 1423      FDB9
 1424 01ac D5D8A01E 		.ascii	"\325\330\240\036\234D\253Uk\015\301\251\014\3019\003"
 1424      9C44AB55 
 1424      6B0DC1A9 
 1424      0CC13903 
 1425 01bc D3D5E34D 		.ascii	"\323\325\343M/\006g\272\375\360\311\212\205s\313\377"
 1425      2F0667BA 
 1425      FDF0C98A 
 1425      8573CBFF 
 1426 01cc 5AA6F953 		.ascii	"Z\246\371S\340$G\2023\016\347\336<8\370\310_\217\211"
 1426      E0244782 
 1426      330EE7DE 
 1426      3C38F8C8 
 1426      5F8F89
 1427 01df C1B9EA53 		.ascii	"\301\271\352SB\276$\376\265\204\030\372\260~\203F\205"
 1427      42BE24FE 
 1427      B58418FA 
 1427      B07E8346 
 1427      85
 1428 01f0 FC62FF9E 		.ascii	"\374b\377\236\364_a\245\373\260\322CH\234\033\313\355"
 1428      F45F61A5 
 1428      FBB0D243 
 1428      489C1BCB 
 1428      ED
 1429 0201 86CC8A91 		.ascii	"\206\314\212\221\250F\243\366\205f\215p\220\033=\335"
 1429      A846A3F6 
 1429      85668D70 
 1429      901B3DDD 
 1430 0211 7DF11D8B 		.ascii	"}\361\035\213FK\010\272\373\262^\245\242$\344J\274\336"
 1430      464B08BA 
 1430      FBB25EA5 
 1430      A224E44A 
 1430      BCDE
 1431 0223 2FEF6189 		.ascii	"/\357a\211\023&\266\322Ur\217^\330\030\264\015\245\322"
 1431      1326B6D2 
 1431      55728F5E 
 1431      D818B40D 
 1431      A5D2
ARM GAS  C:\Users\acest\AppData\Local\Temp\ccYcWBPs.s 			page 33


 1432 0235 8E8AEC79 		.ascii	"\216\212\354yk\307\276=/v\216\001mX`\2251!6\023p\203"
 1432      6BC7BE3D 
 1432      2F768E01 
 1432      6D586095 
 1432      31213613 
 1433 024b 5FA2E449 		.ascii	"_\242\344I\241"
 1433      A1
 1434              		.text
 1435              		.section	.gnu.lto_.jmpfuncs.b3bfb8d8,"e",%progbits
 1436 0000 789CB592 		.ascii	"x\234\265\222\353\015\3020\014\204}vh\322\202\304\246"
 1436      EB0DC230 
 1436      0C847D76 
 1436      68D282C4 
 1436      A6
 1437 0011 8C903203 		.ascii	"\214\2202\0033t\004\036\177\273\0318\351\203\264\015"
 1437      3374041E 
 1437      7FBB1938 
 1437      E983B40D 
 1438 0021 15208864 		.ascii	"\025 \210dYu\317\271\373\244\034\204\306\263#\001`\353"
 1438      5975CFB9 
 1438      FBA41C84 
 1438      C6B32301 
 1438      60EB
 1439 0033 46580B5A 		.ascii	"FX\013Z\244\337\241\263qGV\005Z\003\322\272\353\331"
 1439      A4DFA1B3 
 1439      71475605 
 1439      5A03D2BA 
 1439      EBD9
 1440 0045 834FD288 		.ascii	"\203O\322\210\005\272\026gq\344\340\243\322\0075\031"
 1440      05BA1667 
 1440      71E4E0A3 
 1440      D2073519 
 1441 0055 D762B98A 		.ascii	"\327b\271\2123p\321vE\"\345`\247n\304\306\317WH\322"
 1441      3370D176 
 1441      4522E560 
 1441      A76EC4C6 
 1441      CF5748D2 
 1442 0069 70A5CAAA 		.ascii	"p\245\312\252\265\233\215\347\371\005\224\207\350\223"
 1442      B59B8DE7 
 1442      F9059487 
 1442      E893
 1443 0077 74C19F7F 		.ascii	"t\301\237\177U\036\015C\036\364\206E&\226\361\311RM"
 1443      551E0D43 
 1443      1EF48645 
 1443      2696F1C9 
 1443      524D
 1444 0089 19DF8D62 		.ascii	"\031\337\215b\311\220{5\003nH\374\213\377\002O\315\354"
 1444      C9907B35 
 1444      036E48FC 
 1444      8BFF024F 
 1444      CDEC
 1445 009b 8F60DD97 		.ascii	"\217`\335\227\260\345\344\351u\260\257\227\363\260k"
 1445      B0E5E4E9 
 1445      75B0AF97 
 1445      F3B06B
 1446 00aa EF6C6256 		.ascii	"\357lbV\245\260x\013v\030-|\267\0110>\310@\017_f\323"
 1446      A5B0780B 
ARM GAS  C:\Users\acest\AppData\Local\Temp\ccYcWBPs.s 			page 34


 1446      76182D7C 
 1446      B709303E 
 1446      C8400F5F 
 1447 00c0 6E       		.ascii	"n"
 1448              		.text
 1449              		.section	.gnu.lto_.pureconst.b3bfb8d8,"e",%progbits
 1450 0000 789C05C1 		.ascii	"x\234\005\301\011\001\000 \014\003\261\001W~\033\230"
 1450      09010020 
 1450      0C03B101 
 1450      577E1B98 
 1451 0010 AE94A923 		.ascii	"\256\224\251#y\021q\303\024SS\315\220\222\351f\244\246"
 1451      791171C3 
 1451      145353CD 
 1451      9092E966 
 1451      A4A6
 1452 0022 5966A78E 		.ascii	"Yf\247\216\371\235#\010`"
 1452      F99D2308 
 1452      60
 1453              		.text
 1454              		.section	.gnu.lto_.lto.b3bfb8d8,"e",%progbits
 1455 0000 09000400 		.ascii	"\011\000\004\000\001\000\000\000"
 1455      01000000 
 1456              		.text
 1457              		.section	.gnu.lto_chMBObjectInit.335.b3bfb8d8,"e",%progbits
 1458 0000 789C9554 		.ascii	"x\234\225T]lSU\034?\277{\332\336\336\026\320D\243>\231"
 1458      5D6C5355 
 1458      1C3FBF7B 
 1458      DADEDE16 
 1458      D044A33E 
 1459 0015 46630CC6 		.ascii	"Fc\014\306tt\306\230\360\242f~\274k|\273\211Y\273\222"
 1459      7474C698 
 1459      F0A2667E 
 1459      BC6B7CBB 
 1459      8959BB92 
 1460 0029 15072DBD 		.ascii	"\025\007-\275]\342\033\327\262\020\323\220\325m \011"
 1460      5DE21BD7 
 1460      B210D390 
 1460      D56D2009 
 1461 0039 197B681A 		.ascii	"\031{h\032eOS\023q \214\"J\013\373(*$\304\370\001s3"
 1461      654F5313 
 1461      71208C22 
 1461      4A0BFB28 
 1461      2A24C4F8 
 1462 0050 9D6438B7 		.ascii	"\235d8\267\210%\016\361\177\316\275\267\267\305\214"
 1462      88250EF1 
 1462      7FCEBDB7 
 1462      B7C58C
 1463 005f 6C4D7B7B 		.ascii	"lM{{\377\347\376>\316\371\235\377\271\257\251\214\375"
 1463      FFE7FE3E 
 1463      CEF99DFF 
 1463      B9AFA98C 
 1463      FD
 1464 0070 CB187B92 		.ascii	"\313\030{\222~\340\014\203\0039\205\231\246\371\222"
 1464      7EE00C83 
 1464      03398599 
 1464      A6F992
 1465 007f AAE0BD81 		.ascii	"\252\340\275\201\234\206\323\220\025\330^\005{1\304"
ARM GAS  C:\Users\acest\AppData\Local\Temp\ccYcWBPs.s 			page 35


 1465      9C86D390 
 1465      15D85E05 
 1465      7B31C4
 1466 008e B752599F 		.ascii	"\267RY\237?<v\016\346\261\022\212\234\261\021\372\311"
 1466      3F3C760E 
 1466      E6B1128A 
 1466      9CB111FA 
 1466      C9
 1467 009f CF30C720 		.ascii	"\3170\307 /r\300c\337)\010\321\035O\262\247K\246y\251"
 1467      2F72C063 
 1467      DF2908D1 
 1467      1D4FB2A7 
 1467      4BA679A9 
 1468 00b3 326E9A1A 		.ascii	"2n\232\032+r\216/@\034\034\007>\007\023\003\306\025"
 1468      2B728E2F 
 1468      401C1C07 
 1468      3E071303 
 1468      C615
 1469 00c5 4DE0DE87 		.ascii	"M\340\336\207\005\374\321\006zp\242\025\3501\256K\340"
 1469      05FCD106 
 1469      7A70A215 
 1469      E831AE4B 
 1469      E0
 1470 00d6 011B58B7 		.ascii	"\001\033X\267\201^|\331\012\364\032\213\032c>{n\012"
 1470      815E7CD9 
 1470      0AF41A8B 
 1470      1A633E7B 
 1470      6E0A
 1471 00e8 71E43D30 		.ascii	"q\344=0\001\346\024\012\316\310\202\367\313?!X\277\234"
 1471      01E6140A 
 1471      CEC882F7 
 1471      CB3F2158 
 1471      BF9C
 1472 00fa 3B5A7D7C 		.ascii	";Z}|\330,y\212\334\207\022\004\310\322\304YZ\252\317"
 1472      D82C798A 
 1472      DC871204 
 1472      C8D2C459 
 1472      5AAACF
 1473 010d B81120E4 		.ascii	"\270\021 \344S\0029q\373\310\001\325\254\230\015$s\221"
 1473      53023971 
 1473      FBC801D5 
 1473      AC980D24 
 1473      7391
 1474 011f 56143E11 		.ascii	"V\024>\021\324\\\004_\321\330i!e;\343\034\034\347\212"
 1474      D45C045F 
 1474      D1D86921 
 1474      653BE31C 
 1474      1CE78A
 1475 0132 EB7CBC7F 		.ascii	"\353|\274\177\242\374\250\345\254\342\033\210\271\332"
 1475      A2FCA8E5 
 1475      ACE21B88 
 1475      B9DA
 1476 0140 7AE7C959 		.ascii	"z\347\311Y5\026\202\2163\3151\037$d_\310\2012\027\332"
 1476      3516828E 
 1476      33CD311F 
 1476      24645FC8 
 1476      813217DA 
ARM GAS  C:\Users\acest\AppData\Local\Temp\ccYcWBPs.s 			page 36


 1477 0154 645D7D01 		.ascii	"d]}\001e\032\373Zh\211(Pq\226\277\201\005\214\317Gp"
 1477      651AFB5A 
 1477      68892850 
 1477      7196BF81 
 1477      058CCF47 
 1478 0169 F1DE054C 		.ascii	"\361\336\005L:\013\330\350|\246il\2521\237\0319\037"
 1478      3A0BD8E8 
 1478      7CA6696C 
 1478      AA319F19 
 1478      391F
 1479 017b 0119FBCE 		.ascii	"\001\031\373\316[2W\357\346\315\322\337\301\261_G~\031"
 1479      5B3257EF 
 1479      E6CDD2DF 
 1479      C1B15F47 
 1479      7E19
 1480 018d 561E0270 		.ascii	"V\036\002p\012~`\034\032p\022\001\332T\177P\264\300"
 1480      0A7E601C 
 1480      1A701201 
 1480      DA547F50 
 1480      B4C0
 1481 019f 66BAA85B 		.ascii	"f\272\250[\304\205\261<\027\255jz`\226\030\373\200+"
 1481      C485B13C 
 1481      17AD6A7A 
 1481      609618FB 
 1481      802B
 1482 01b1 56B18F8A 		.ascii	"V\261\217\212\337a\316\256\220=\375?\321\270\314\336"
 1482      DF61CEAE 
 1482      903DFD3F 
 1482      D1B8CCDE 
 1483 01c1 F2B19BC8 		.ascii	"\362\261\233\310\036Yx\300\356O.W\361\221\350\360cT"
 1483      1E5978C0 
 1483      EE4F2E57 
 1483      F191E8F0 
 1483      6354
 1484 01d3 6A05EEC7 		.ascii	"j\005\356\307%\260mT\373E\373}\213\243\242\177\012\\"
 1484      25B06D54 
 1484      FB45FB7D 
 1484      8BA3A27F 
 1484      0A5C
 1485 01e5 93F4DB24 		.ascii	"\223\364\333$\330\340\257\315\372\236XpY\377\254\217"
 1485      D8E0AFCD 
 1485      FA9E5870 
 1485      59FFAC8F 
 1486 01f5 7585588A 		.ascii	"u\205X\212\313\272#Y\373>\331\277\250\024x\240`\315"
 1486      CBBA2359 
 1486      FB3ED9BF 
 1486      A81478A0 
 1486      60CD
 1487 0207 D70B8F18 		.ascii	"\327\013\217\030\374l\3774\015\006\013B$ \264\227rw"
 1487      FC6CFF34 
 1487      0D060B42 
 1487      2420B497 
 1487      7277
 1488 0219 705FF1AB 		.ascii	"p_\361\253$\316\205xP\212\337\265\246\264\\\273\337"
 1488      24CE8578 
 1488      508ADFB5 
 1488      A6B45CBB 
ARM GAS  C:\Users\acest\AppData\Local\Temp\ccYcWBPs.s 			page 37


 1488      DF
 1489 022a 94BCF881 		.ascii	"\224\274\370\201X\036\306\204\263\037V\246\003\345u"
 1489      581EC684 
 1489      B31F56A6 
 1489      03E575
 1490 0239 3003F889 		.ascii	"0\003\370\211\230^\213\031\260\231Ce\261\033\331\320"
 1490      985E8B19 
 1490      B0994365 
 1490      B11BD9D0 
 1491 0249 338459CA 		.ascii	"3\204Y\312\177\332\327\377\240B\235\307>\346\215w\207"
 1491      7FDAD7FF 
 1491      A0429DC7 
 1491      3EE68D77 
 1491      87
 1492 025a 94ABCF9D 		.ascii	"\224\253\317\235U]A\032\2655\203\270N\232\3246}\002"
 1492      555D411A 
 1492      B53583B8 
 1492      4E9AD436 
 1492      7D02
 1493 026c 5513A711 		.ascii	"U\023\247\021\263\240\276\224\242t\310pM\356\366\312"
 1493      B3A0BE94 
 1493      A274C870 
 1493      4DEEF6CA 
 1494 027c E8A19323 		.ascii	"\350\241\223#\037\202\016\231t=\363\263F'@L\371`\016"
 1494      1F820E99 
 1494      743DF3B3 
 1494      4627404C 
 1494      F9600E
 1495 028f 05BEC5DE 		.ascii	"\005\276\305\336x\037\036\223\206\324FAa5\327\260\252"
 1495      781F1E93 
 1495      86D44641 
 1495      6135D7B0 
 1495      AA
 1496 02a0 3D52E49B 		.ascii	"=R\344\2330O^\2528\251\0157\025\277\331\242\344V\026"
 1496      304F5EAA 
 1496      38A90D37 
 1496      15BFD9A2 
 1496      E45616
 1497 02b3 52D26D71 		.ascii	"R\322mqx\265\237\334*\226\333@U\303\005k\267G\035+\325"
 1497      78B59FDC 
 1497      2A96DB40 
 1497      55C3056B 
 1497      B7471D2B 
 1498 02c8 B5DA24AC 		.ascii	"\265\332$\254jVL5E<Z \037\2778\231\266\336\354P\265"
 1498      6A564C35 
 1498      453C5A20 
 1498      1FBF3899 
 1498      B6DEEC50 
 1499 02dd 89BE06E9 		.ascii	"\211\276\006\351\006\2214\227\224]\032=4!\227)\316\273"
 1499      06913497 
 1499      945D1A3D 
 1499      34219729 
 1499      CEBB
 1500 02ef 1C581D3C 		.ascii	"\034X\035<\341\241h\304\253G\252\036T\327\023\375\370"
 1500      E1A168C4 
 1500      AB47AA1E 
 1500      54D713FD 
ARM GAS  C:\Users\acest\AppData\Local\Temp\ccYcWBPs.s 			page 38


 1500      F8
 1501 0300 FC5AD1DF 		.ascii	"\374Z\321\337$\307@K\364\177\270\321_\004\026[\242\237"
 1501      24C7404B 
 1501      F47FB8D1 
 1501      5F04165B 
 1501      A29F
 1502 0312 74A39F72 		.ascii	"t\243\237r\243\337\334\210>\324\022\375\237\367D\277"
 1502      A3DFDC88 
 1502      3ED412FD 
 1502      9FF744BF 
 1503 0322 6C453FD9 		.ascii	"lE?\331\034\375\212-Jn\323B\2529\372\0317\372\352\377"
 1503      1CFD8A2D 
 1503      4A6ED342 
 1503      AA39FA19 
 1503      37FAEAFF 
 1504 0336 A20FB5A4 		.ascii	"\242\017\265\244\370Ws\212\267\254\350g\034\275\265"
 1504      F857738A 
 1504      B7ACE867 
 1504      1CBDB5
 1505 0345 A26F21D5 		.ascii	"\242o!\325\255\350\035\222\023\375\024\304\253\315\212"
 1505      ADE81D92 
 1505      13FD14C4 
 1505      ABCD8A
 1506 0354 BE60454F 		.ascii	"\276`EO/M\266\214\354\265\303\257\313\214\363\034\326"
 1506      2F4DB68C 
 1506      ECB5C3AF 
 1506      CB8CF31C 
 1506      D6
 1507 0365 CB295B12 		.ascii	"\313)[\022\345\263\035\333\365\267\214x\332\320;cq#"
 1507      E5B31DDB 
 1507      F5B78C78 
 1507      DAD03B63 
 1507      7123
 1508 0377 A3BF1237 		.ascii	"\243\277\0227\336\311$S\372\033\341\227\303\035\341"
 1508      DEC92453 
 1508      FA1BE197 
 1508      C31DE1
 1509 0386 57F5340D 		.ascii	"W\3654\015\277\235J'w\306c\031\366b8\334\326\374\355"
 1509      BF9D4A27 
 1509      77C66319 
 1509      F66238DC 
 1509      D6FCED
 1510 0399 E84E4413 		.ascii	"\350ND\023ofz\273\022\311\266\230\270O\032\355\221H"
 1510      6F667ABB 
 1510      12C9B698 
 1510      B84F1AED 
 1510      9148
 1511 03ab A42D69D0 		.ascii	"\244-i\320\267'\021m3\3221z\260+\232|7n\204c\214\357"
 1511      B727116D 
 1511      33D2317A 
 1511      B02B9A7C 
 1511      376E8463 
 1512 03c1 8AA61E76 		.ascii	"\212\246\036v\353p\264}Gl[\274\275\223\361h\357\016"
 1512      EB70B47D 
 1512      476C5BBC 
 1512      BD93F168 
 1512      EF0E
ARM GAS  C:\Users\acest\AppData\Local\Temp\ccYcWBPs.s 			page 39


 1513 03d3 ECE6993D 		.ascii	"\354\346\231=\251\347c\333u)eHY\275IVO\032z:\243'v\307"
 1513      A9E763DB 
 1513      75296548 
 1513      59BD4956 
 1513      4F1A7A3A 
 1514 03eb 7A7ABBE2 		.ascii	"zz\273\342\364$\323\235\216wv\031\341n\246\354I=\267"
 1514      F424D39D 
 1514      8E777619 
 1514      E16EA6EC 
 1514      493DB7
 1515 03fe 01620F81 		.ascii	"\001b\017\201\004\355?\254\012\233\332"
 1515      04ED3FAC 
 1515      0A9BDA
 1516              		.text
 1517              		.section	.gnu.lto_chMBReset.336.b3bfb8d8,"e",%progbits
 1518 0000 789C8D52 		.ascii	"x\234\215RKL\023Q\024\275w^i\251.4\321\270\320M\325"
 1518      4B4C1351 
 1518      14BD775E 
 1518      69A92E34 
 1518      D1B8D04D 
 1519 0015 10630285 		.ascii	"\020c\002\205\2621a#\006\334ab4\356&1\3558J\225a\232"
 1519      B2316123 
 1519      06DC6162 
 1519      34EE2631 
 1519      ED384A95 
 1520 002b 79C5C08A 		.ascii	"y\305\300\212\021\320\005\013\321J\324H\255\211\351"
 1520      11D0050B 
 1520      D14AD448 
 1520      AD89E9
 1521 003a 4257C685 		.ascii	"BW\306\205\010\362\253|\024\343\002\342'\232B$\020\\"
 1521      08F2AB7C 
 1521      14E302E2 
 1521      279A4224 
 1521      105C
 1522 004c E046D24A 		.ascii	"\340F\322J`\001\342}oj\333\225q2\237w\317\275\357\234"
 1522      6001E27D 
 1522      6F6ADB95 
 1522      71329F77 
 1522      CFBDEF9C 
 1523 0060 7BCF9B76 		.ascii	"{\317\233v\006p\005\001\016\003\0002\300\330\355n\005"
 1523      06700501 
 1523      0E030032 
 1523      C0D8ED6E 
 1523      05
 1524 0071 6CDBAEF5 		.ascii	"l\333\256\365(x\355v\267\027\007QF\010\355\012\266\343"
 1524      2878ED76 
 1524      B7170751 
 1524      4608ED0A 
 1524      B6E3
 1525 0083 1D7694C2 		.ascii	"\035v\224\302\215\357\367V&\320~\222\302$mO\320#\257"
 1525      8DEFF756 
 1525      26D07E92 
 1525      C2246D4F 
 1525      D023AF
 1526 0096 38C3184B 		.ascii	"8\303\030K2DWn\245\240\217V\314\204#)\333\236\035\032"
 1526      3244576E 
 1526      A5A08F56 
ARM GAS  C:\Users\acest\AppData\Local\Temp\ccYcWBPs.s 			page 40


 1526      CC842329 
 1526      DB9E1D1A 
 1527 00aa B06D2F24 		.ascii	"\260m/$\031\303\227H{\260\037\361\005)\023\300\207\275"
 1527      19C39748 
 1527      7BB01FF1 
 1527      052913C0 
 1527      87BD
 1528 00bc 00EE1C93 		.ascii	"\000\356\034\223B[\344\032\361\025\012N\267P\\\013\000"
 1528      425BE41A 
 1528      F1150A4E 
 1528      B7505C0B 
 1528      00
 1529 00cd B59260CA 		.ascii	"\265\222`\312_$~\177j\336\0158D\030\023\030s\212\205"
 1529      5F247E7F 
 1529      6ADE0D38 
 1529      44181318 
 1529      738A85
 1530 00e0 D246EFCD 		.ascii	"\322F\357\315\271\231\375q;\345J2\027\216\240\240r\304"
 1530      B999FD71 
 1530      3BE54A32 
 1530      178EA0A0 
 1530      72C4
 1531 00f2 70943A76 		.ascii	"p\224:v\361\217;\251\262LT\216\306\372\006\313':\355"
 1531      F18F3BA9 
 1531      B24C548E 
 1531      C6FA06CB 
 1531      273AED
 1532 0105 693B5F0B 		.ascii	"i;_\013\205Zg&\2416\3609\356\3061\002\207\005\233\350"
 1532      855A6726 
 1532      A136F039 
 1532      EEC63102 
 1532      87059BE8 
 1533 0119 1553C5FD 		.ascii	"\025S\305\375\305\027\006v9\015\272\012\015^_\243\006"
 1533      C5170676 
 1533      390DBA0A 
 1533      0D5E5FA3 
 1533      06
 1534 012a C7092B81 		.ascii	"\307\011+\201\202\336\330\177\351m,\223\336$\201\023"
 1534      82DED87F 
 1534      E96D2C93 
 1534      DE248113 
 1535 013a 79BD29A9 		.ascii	"y\275)\251'j\236}(I\331\233\333=vj}\347Jgl;\241\320"
 1535      276A9E7D 
 1535      2849D99B 
 1535      DB3D766A 
 1535      7DE74A67 
 1536 0152 61E100A5 		.ascii	"a\341\000\245z\2308;\333\205v\012\340\026S\234\240\223"
 1536      7A98383B 
 1536      DB85760A 
 1536      E016539C 
 1536      A093
 1537 0164 821F682F 		.ascii	"\202\037h/}y\213\342\233]\354\375\366\340.\222u\022"
 1537      7D798BE2 
 1537      9B5DECFD 
 1537      F6E02E92 
 1537      7512
 1538 0176 CDA6BD32 		.ascii	"\315\246\2752\235\335J\366g\276\356\241\011%\3749s\037"
ARM GAS  C:\Users\acest\AppData\Local\Temp\ccYcWBPs.s 			page 41


 1538      9DDD4AF6 
 1538      67BEEEA1 
 1538      0925FC39 
 1538      731F
 1539 0188 05DEE1A3 		.ascii	"\005\336\341\243\271\305a\272\260J\226=\215\367/<D\032"
 1539      B9C561BA 
 1539      B04A963D 
 1539      8DF72F3C 
 1539      441A
 1540 019a 5F960D2D 		.ascii	"_\226\015-x\3615\302O\3548$\232\233\025\247wpQ\271Q"
 1540      78F135C2 
 1540      4FEC3824 
 1540      9A9B15A7 
 1540      777051B9 
 1541 01af 9A6425B4 		.ascii	"\232d%\264t\211\337j\032\201\276\370\016\361\2554\354"
 1541      7489DF6A 
 1541      1A81BEF8 
 1541      0EF1AD34 
 1541      EC
 1542 01c0 E0B2CCBB 		.ascii	"\340\262\314\273e\362\275\243\262\272\231\374\224)\005"
 1542      65F2BDA3 
 1542      B2BA99FC 
 1542      942905
 1543 01cf E1B1E0CD 		.ascii	"\341\261\340\315,\366\376J\227I\205\365\364>\211l\215"
 1543      2CF6FE4A 
 1543      974985F5 
 1543      F43E896C 
 1543      8D
 1544 01e0 8F3490C3 		.ascii	"\2174\220\303\260\212]>\350B%\311<\011F\306<f\264,\225"
 1544      B08A5D3E 
 1544      E84225C9 
 1544      3C0946C6 
 1544      3C66B42C 
 1545 01f5 A5690F65 		.ascii	"\245i\017e;sYo\202y\304\337\265C\246\346=\271\321\037"
 1545      3B73596F 
 1545      8279C4DF 
 1545      B543A6E6 
 1545      3DB9D11F 
 1546 0209 F4D1E8E3 		.ascii	"\364\321\350\343N\363\217\346\3569rK\317\373\034\261"
 1546      4EF38FE6 
 1546      EE39724B 
 1546      CFFB1CB1 
 1547 0219 91399939 		.ascii	"\2219\2319\224\177-}:\2203\347\2670g\302\331x'\2337"
 1547      947F2D7D 
 1547      3A9033E7 
 1547      B73067C2 
 1547      D978279B 
 1548 022e 6732670E 		.ascii	"g2g\016\024\2333U0\347M\26199\033f\244!\305\263\307"
 1548      149B3355 
 1548      30E74DB1 
 1548      39391B66 
 1548      A421C5B3 
 1549 0243 B2343B9D 		.ascii	"\2624;\2357d(\334\312\214\324\213I\305\325\303\3209"
 1549      376428DC 
 1549      CA8CD48B 
 1549      49C5D5C3 
 1549      D039
ARM GAS  C:\Users\acest\AppData\Local\Temp\ccYcWBPs.s 			page 42


 1550 0255 C48E9408 		.ascii	"\304\216\224\010\313\353j\324s\\\267\270\032\324t\036"
 1550      CBEB6AD4 
 1550      735CB7B8 
 1550      1AD4741E 
 1551 0265 55EB757E 		.ascii	"U\353u~%jF\3243\376\023\376:\377I\325\"\370|\3042/\353"
 1551      256A46D4 
 1551      33FE13FE 
 1551      3AFF49D5 
 1551      22F87CC4 
 1552 027c 5A148EFB 		.ascii	"Z\024\216\373\375\225\305w]c8\024>\033m\271\0206+5\261"
 1552      FD95C577 
 1552      5D633814 
 1552      3E1B6DB9 
 1552      10362B35 
 1553 0291 36797520 		.ascii	"6yu \020\25049\335M\341P%\2674J\030!\263U\347~\015\230"
 1553      10A83439 
 1553      DD4DE150 
 1553      25B7344A 
 1553      1821B355 
 1554 02a9 118AEC2D 		.ascii	"\021\212\354-\304\376P\365E\255J\257\016B@\253Q%\001"
 1554      C4FE50F5 
 1554      45AD4AAF 
 1554      0E4240AB 
 1554      512501
 1555 02bc 97646A11 		.ascii	"\227dj\021\231jr\325\212\252\341f\255\251\345\202N\031"
 1555      996A72D5 
 1555      8AAAE166 
 1555      ADA9E582 
 1555      4E19
 1556 02ce DEC6FD8D 		.ascii	"\336\306\375\215\340\011\005\271~\332\0127\374{\247"
 1556      E00905B9 
 1556      7EDA0A37 
 1556      FC7BA7
 1557 02dd 661A86D9 		.ascii	"f\032\206\331\254\352\255Q5h\031\252f\360\260\000-\275"
 1557      ACEAAD51 
 1557      356819AA 
 1557      66F0B000 
 1557      2DBD
 1558 02ef 4028A0F3 		.ascii	"@(\240\363\2274\215Hk\377\213,bZQ.\350\256\036\2530"
 1558      97348D48 
 1558      6BFF8B2C 
 1558      625A512E 
 1558      E8AE1EAB 
 1559 0304 2A824D51 		.ascii	"*\202MQ\252\023\224D\260\373\324\3313>\321Y\304\012"
 1559      AA139444 
 1559      B0FBD4D9 
 1559      333ED159 
 1559      C40A
 1560 0316 97FBCAAA 		.ascii	"\227\373\312\252@\261\300c\350\206i\265\301\037\037"
 1560      40B1C063 
 1560      E88669B5 
 1560      C11F1F
 1561 0325 04AFF8   		.ascii	"\004\257\370"
 1562              		.text
 1563              		.section	.gnu.lto_chMBResetI.337.b3bfb8d8,"e",%progbits
 1564 0000 789C8D92 		.ascii	"x\234\215\222\317k\023Q\020\307\347\273\263\273mb\305"
 1564      CF6B1351 
ARM GAS  C:\Users\acest\AppData\Local\Temp\ccYcWBPs.s 			page 43


 1564      10C7E7BB 
 1564      B3BB6D62 
 1564      C5
 1565 0011 8B7AF250 		.ascii	"\213z\362P\024\021A6M\216^\254D/\036\025o\001\351\256"
 1565      14114136 
 1565      4D8E5EAC 
 1565      442F1E15 
 1565      6F01E9AE 
 1566 0025 2B462D1B 		.ascii	"+F-\033\262\021<\331\327b\021\002\022[\005A\264BX$7"
 1566      B2113CD9 
 1566      D7621102 
 1566      125B0541 
 1566      B4425824 
 1567 003a 11D4A6B6 		.ascii	"\021\324\246\266\325\010\212R-\250\177\201\004\005\365"
 1567      D5088A52 
 1567      2DA87F81 
 1567      0405F5
 1568 0049 20A52078 		.ascii	" \245 x\020t\336n\223(\024\355\362~\315\354|\336w\346"
 1568      1074DE6E 
 1568      932814ED 
 1568      F27ECDEC 
 1568      7CDE77E6 
 1569 005d BDD73488 		.ascii	"\275\3274\210.\023\321.\351`\302\364T\325 \245\324p"
 1569      2E13D12E 
 1569      E960C2F4 
 1569      54D520A5 
 1569      D470
 1570 006f 9F81F1A9 		.ascii	"\237\201\361\251j\012s\210-\320\230\2011\\\343\275b"
 1570      6A0A7388 
 1570      2DD09881 
 1570      315CE3BD 
 1570      62
 1571 0080 FEF874E3 		.ascii	"\376\370t\343\312\013\250F\013\021\023\315H\217\277"
 1571      CA0BA846 
 1571      0B1113CD 
 1571      488FBF
 1572 008f 5B8C698E 		.ascii	"[\214i\216\0300\327V\006\006e\305\001\355i)\365v\241"
 1572      1830D756 
 1572      060665C5 
 1572      01ED6929 
 1572      F576A1
 1573 00a2 A9548A22 		.ascii	"\251T\212\"f\314B\030<\002\036\202\264#\274\231\"\262"
 1573      66CC4218 
 1573      3C021E82 
 1573      B423BC99 
 1573      22B2
 1574 00b4 3B3B898F 		.ascii	";;\211\217\356\275\267Z\352\347\257\232R\313\037\321"
 1574      EEBDB75A 
 1574      EAE7AF9A 
 1574      52CB1FD1 
 1575 00c4 D83D6000 		.ascii	"\330=`\000M\230\022kZ2X\266\036\210j\254SU&T\213\350"
 1575      4D98126B 
 1575      5A3258B6 
 1575      1E886AAC 
 1575      53552654 
 1576 00da 2A1B8931 		.ascii	"*\033\2111.\306W\250\366\235\245\355\361|\177\011z\336"
 1576      2EC657A8 
ARM GAS  C:\Users\acest\AppData\Local\Temp\ccYcWBPs.s 			page 44


 1576      F69DA5ED 
 1576      F17C7F09 
 1576      7ADE
 1577 00ec D91DDA0F 		.ascii	"\331\035\332\017\322\364\015\023\013_\266\325\271\223"
 1577      D2F40D13 
 1577      0B5FB6D5 
 1577      B993
 1578 00fa 2A43A77F 		.ascii	"*C\247\177W\027\333\037\261]\227\334\037\203\206\022"
 1578      5717DB1F 
 1578      B15D97DC 
 1578      1F838612 
 1579 010a D3C43C6E 		.ascii	"\323\304<n\307\271\011\266R\375\216Nh\203\327\211]\224"
 1579      C7B909B6 
 1579      52FD8E4E 
 1579      6883D789 
 1579      5D94
 1580 011c 58A941F6 		.ascii	"X\251A\366\216\305fE~#\330S\301\214\0366\227`\253\215"
 1580      8EC56645 
 1580      7E23D853 
 1580      C18C1E36 
 1580      9760AB8D 
 1581 0130 2DFFA0FA 		.ascii	"-\377\240\372\360L(\311L\227\320\217\244\356\371\215"
 1581      F04C28C9 
 1581      4C97D08F 
 1581      A4EEF98D 
 1582 0140 90293C17 		.ascii	"\220)<\027\322L\310\024\342\023j/&\344\365*\352lu\341"
 1582      D24CC814 
 1582      E2136A2F 
 1582      26E4F52A 
 1582      EA6C75E1 
 1583 0154 1D3D587C 		.ascii	"\035=X|k|\032/\205\227;\270\244c>\313C\260\360J\022"
 1583      6B7C1A2F 
 1583      85973BB8 
 1583      A4633ECB 
 1583      43B0F04A 
 1584 0169 58C1E4A0 		.ascii	"X\301\344\240\370\214\2107\315$\247`i\205\001\\\214"
 1584      F88C8837 
 1584      CD24A760 
 1584      6985015C 
 1584      8C
 1585 017a 78732CF2 		.ascii	"xs,\362$\335\325\260\377\247\361F4\354\2774\226\327"
 1585      24DDD5B0 
 1585      FFA7F146 
 1585      34ECBF34 
 1585      96D7
 1586 018c D5B0F11A 		.ascii	"\325\260\361\032z\377UL|xw$~\2145F\357m\020\355\313"
 1586      7AFF554C 
 1586      7C787724 
 1586      7E8C3546 
 1586      EF6D10ED 
 1587 01a1 EF2F1C0F 		.ascii	"\357/\034\017\375rX\030\361\374\260R8\344\207g+A\251"
 1587      FD725818 
 1587      F1FCB052 
 1587      38E48767 
 1587      2B41A9
 1588 01b4 70D439E8 		.ascii	"p\3249\350\344\235\303\205\262\270O\224\312\301\031"
 1588      E49DC385 
ARM GAS  C:\Users\acest\AppData\Local\Temp\ccYcWBPs.s 			page 45


 1588      B2B84F94 
 1588      CAC119
 1589 01c3 DFABD001 		.ascii	"\337\253\320\001\307\311\374\331\362\247\213n\361X\345"
 1589      C7C9FCD9 
 1589      F2A78B6E 
 1589      F158E5
 1590 01d2 FCC96290 		.ascii	"\374\311b\220\361\364:\010s\331l6\023\204\322\316\025"
 1590      F1F43A08 
 1590      73D96C36 
 1590      1384D2CE 
 1590      15
 1591 01e3 DD4C58F6 		.ascii	"\335LX\366\344\307\250\033\\\360C\307#\036uK[{\266\343"
 1591      E4C7A81B 
 1591      5CF043C7 
 1591      231E754B 
 1591      5B7BB6E3 
 1592 01f7 E64E7943 		.ascii	"\346NyC~n\204~\003\206I\376\373"
 1592      7E6E847E 
 1592      038649FE 
 1592      FB
 1593              		.text
 1594              		.section	.gnu.lto_chMBPostTimeout.338.b3bfb8d8,"e",%progbits
 1595 0000 789C8D54 		.ascii	"x\234\215T[h\024W\030\376\3779\223\275\020\020\241%"
 1595      5B681457 
 1595      18FEFF39 
 1595      93BD1010 
 1595      A125
 1596 0012 0FED4313 		.ascii	"\017\355C\023!\025!n.PJ\363R%\372\246 J\337\006dw2\352"
 1596      2115216E 
 1596      2E504AF3 
 1596      5225FAA6 
 1596      204ADF06 
 1597 002a B4196799 		.ascii	"\264\031g\2313\021\363R'\211\215\"\342%1F\222M\224\020"
 1597      3311F352 
 1597      27898D22 
 1597      E2253146 
 1597      924D9410 
 1598 003e 451F4A5B 		.ascii	"E\037J[0\032\233\252\353\255\315\245\361\232@\311\032"
 1598      301A9BAA 
 1598      EBADCDA5 
 1598      F19A40C9 
 1598      1A
 1599 004f 03696DB5 		.ascii	"\003im\265T\032v#\311\203\267\377\234Y\262\233\027\011"
 1599      541A7623 
 1599      C983B7FF 
 1599      9C59B29B 
 1599      1709
 1600 0061 0C7BCEF9 		.ascii	"\014{\316\371\316w\276\357\377\277s\330OT\200o\021\340"
 1600      CE77BEEF 
 1600      FFBF73D8 
 1600      4F54806F 
 1600      11E0
 1601 0073 53004006 		.ascii	"S\000@\006\330z\374\220\002\236\347\255\013*\330x\374"
 1601      D87AFC90 
 1601      029EE7AD 
 1601      0B2AD878 
 1601      FC
ARM GAS  C:\Users\acest\AppData\Local\Temp\ccYcWBPs.s 			page 46


 1602 0084 D03FDF5F 		.ascii	"\320?\337_T\361:J\000a\237\202\373\260\215%\030\266"
 1602      54F13A4A 
 1602      00619F82 
 1602      FBB08D25 
 1602      18B6
 1603 0096 B23E22AB 		.ascii	"\262>\"\253\331\031b\361\032\242,<\355\030{\212\211"
 1603      D91962F1 
 1603      1AA22C3C 
 1603      ED187B8A 
 1603      89
 1604 00a7 F349B58F 		.ascii	"\363I\265\217)\320C\204~\304\213$\016@Df\303\352\244"
 1604      29D04384 
 1604      7EC48B24 
 1604      0E404466 
 1604      C3EAA4
 1605 00ba E7DD1F19 		.ascii	"\347\335\037\031\360\2740\3641\206\2271\217C\000\237"
 1605      F0BC30F4 
 1605      31869731 
 1605      8F43009F 
 1606 00ca 0A09DE41 		.ascii	"\012\011\336A\204\325\244v\177*KT\360\312R\242\302\237"
 1606      84D5A476 
 1606      7F2A4B54 
 1606      F0CA52A2 
 1606      C29F
 1607 00dc 4BE261F4 		.ascii	"K\342a\364\025\0176\037\360V\222\247\212\203K\211*\177"
 1607      150F361F 
 1607      F05692A7 
 1607      8A834B89 
 1607      2A7F
 1608 00ee 19F2BD4F 		.ascii	"\031\362\275O\240\030JIv\366\356\331\226\025\307\032"
 1608      A0184A49 
 1608      76F6EED9 
 1608      9615C71A 
 1609 00fe 4342F72A 		.ascii	"CB\367*.)\2227\206\003\200\327P\224\016\240\320\201"
 1609      2E299237 
 1609      860380D7 
 1609      50940EA0 
 1609      D081
 1610 0110 00D01C31 		.ascii	"\000\320\0341)O\007\350\364\300\177U@y\364P\177Y$1x"
 1610      294F07E8 
 1610      F4C07F55 
 1610      4079F450 
 1610      7F592431 
 1611 0125 E7319DBA 		.ascii	"\3471\235\272A\030\223Vc\222,\012[\230<\222\272\367"
 1611      41189356 
 1611      63922C0A 
 1611      5B983C92 
 1611      BAF7
 1612 0137 51C21379 		.ascii	"Q\302\023y\024\340-\024R\276\031\336F\202\370\243BQ"
 1612      14E02D14 
 1612      52BE19DE 
 1612      4682F8A3 
 1612      4251
 1613 0149 94609E68 		.ascii	"\224`\236h\353\272Rv\253\331\033\362\026\271\220\343"
 1613      EBBA5276 
 1613      ABD91BF2 
 1613      16B990E3 
ARM GAS  C:\Users\acest\AppData\Local\Temp\ccYcWBPs.s 			page 47


 1614 0159 FA014AFF 		.ascii	"\372\001J\377\211D\000\357\020xS\250\001\325\207\277"
 1614      894400EF 
 1614      107853A8 
 1614      01D587BF 
 1615 0169 E6D79798 		.ascii	"\346\327\227\230~V\344\027\250\346\012\374\356%\025"
 1615      7E56E417 
 1615      A8E60AFC 
 1615      EE2515
 1616 0178 38445801 		.ascii	"8DX\001\344\374\256/\313o\341/\362\033!px\321oT\372"
 1616      E4FCAE2F 
 1616      CB6FE12F 
 1616      F21B2170 
 1616      78D16F54 
 1617 018d 110729AA 		.ascii	"\021\007)\252\037\036\026$\275Wo\217z\311\371\302\261"
 1617      1F1E1624 
 1617      BD576F8F 
 1617      7AC9F9C2 
 1617      B1
 1618 019e B37FCF4E 		.ascii	"\263\177\317N\225\206\025\304\001\244N\177F\025\361"
 1618      958615C4 
 1618      01A44E7F 
 1618      4615F1
 1619 01ad 17F41385 		.ascii	"\027\364\023\205\243L\274*OE/\011p\214)\376\242\231"
 1619      A34CBC2A 
 1619      4F452F09 
 1619      708C29FE 
 1619      A299
 1620 01bf 16FFA237 		.ascii	"\026\377\2427\323=\212r\374\261P\014\231\027\355O:O"
 1620      D33D8A72 
 1620      FCB1500C 
 1620      9917ED4F 
 1620      3A4F
 1621 01d1 22652AC1 		.ascii	"\"e*\301\314dX\2622\027\316]J\377\361\001\265.\341\211"
 1621      CC6458B2 
 1621      3217CE5D 
 1621      4AFFF101 
 1621      B52EE189 
 1622 01e5 F4291478 		.ascii	"\364)\024xS1\005\"^a\001VHZ\177\367\245\351n\244\\$"
 1622      53310522 
 1622      5E610156 
 1622      485A7FF7 
 1622      A5E96EA4 
 1623 01fb 6D703A8C 		.ascii	"mp:\214\277!\374\217M\253D\325\177\212k-\231SZ\350\001"
 1623      BF21FC8F 
 1623      4DAB44D5 
 1623      7F8A6B2D 
 1623      99535AE8 
 1624 0210 0468AA8A 		.ascii	"\004h\252\212w\177\027\201F\274\207\350_^\311\274\334"
 1624      777F1781 
 1624      46BC87E8 
 1624      5F5EC9BC 
 1624      DC
 1625 0221 0FCACD07 		.ascii	"\017\312\315\007\276\313\354\371s\343\351\020\210\360"
 1625      BECBECF9 
 1625      73E3E910 
 1625      88F0
 1626 022f 856EFA45 		.ascii	"\205n\372E\373\334d\251t\230\237,\222\310\353\326\324"
ARM GAS  C:\Users\acest\AppData\Local\Temp\ccYcWBPs.s 			page 48


 1626      FBDC64A9 
 1626      74989F2C 
 1626      92C8EBD6 
 1626      D4
 1627 0240 268A1E66 		.ascii	"&\212\036f\261\345\314\027\275,\260\037\225>\026\352"
 1627      B1E5CC17 
 1627      BD2CB01F 
 1627      953E16EA 
 1628 0250 61145A2F 		.ascii	"a\024Z/Sz\031\353e\024v\330/\371\032\022C\036\357\367"
 1628      537A19EB 
 1628      651476D8 
 1628      2FF91A12 
 1628      431EEFF7 
 1629 0264 7BA7A63B 		.ascii	"{\247\246;\273\250\351!\277\354\323\251\016\337h\346"
 1629      BBA8E921 
 1629      BFECD3A9 
 1629      0EDF68E6 
 1630 0274 A72EDFE6 		.ascii	"\247.\337\346jJ\356\254Z\374\231\031\3778\033\313\033"
 1630      6A4AEEAC 
 1630      5AFC9919 
 1630      FF381BCB 
 1630      1B
 1631 0285 11CBB07F 		.ascii	"\021\313\260\177\260-\263\030\313H6\026\310\217e4\027"
 1631      B02DB318 
 1631      CB483616 
 1631      C88F6534 
 1631      17
 1632 0296 CBEFF9B1 		.ascii	"\313\357\371\261d\003\030\227Q\344w\335\232\241\256"
 1632      64031897 
 1632      51E477DD 
 1632      9AA1AE
 1633 02a5 47B25DBF 		.ascii	"G\262]\277\272\231\022\377\007\220\306\2463\237\211"
 1633      BA9912FF 
 1633      0790C6A6 
 1633      339F89
 1634 02b4 0E405C2D 		.ascii	"\016@\\-\372\267\331\224\024\313\262\232j\355+n8\\\213"
 1634      FAB7D994 
 1634      14CBB29A 
 1634      6AED2B6E 
 1634      385C8B
 1635 02c7 EA0677B5 		.ascii	"\352\006w\265\015\006\377\306\265\343\332\326\310\372"
 1635      0D06FFC6 
 1635      B5E3DAD6 
 1635      C8FA
 1636 02d5 484D64A3 		.ascii	"HMd\243\346\020\274=\356\330_\033\272\013_F\"\345\371"
 1636      E610BC3D 
 1636      EED85F1B 
 1636      BA0B5F46 
 1636      22E5F9
 1637 02e8 5FCD2E33 		.ascii	"_\315.3fns\353kM\273\\\027s\233WUVV\226\333\234\276"
 1637      666E73EB 
 1637      6B4DBB5C 
 1637      17739B57 
 1637      55565696 
 1638 02ff 3A3356CE 		.ascii	":3V\316\035\2356\254\230\275\327\340\021\035\230\025"
 1638      1D9D36AC 
 1638      98BDD7E0 
ARM GAS  C:\Users\acest\AppData\Local\Temp\ccYcWBPs.s 			page 49


 1638      111D9815 
 1639 030f 8B7F985B 		.ascii	"\213\177\230[GbU;\364\012\243*J\033|g\3205-\303\256"
 1639      4762553B 
 1639      F40AA32A 
 1639      4A1B7C67 
 1639      D0352DC3 
 1640 0324 77034E6D 		.ascii	"w\003Nm\003-+\365jMjr\251\257\345\351k6\327\034W3w\353"
 1640      032D2BF5 
 1640      6A4D6A72 
 1640      A9AFE5E9 
 1640      6B36D71C 
 1641 033c 75F5B506 		.ascii	"u\365\265\006\355\360\006\036\331\005\301X\224\033["
 1641      EDF0061E 
 1641      D905C158 
 1641      941B5B
 1642 034b 1C73D3FB 		.ascii	"\034s\323\373O\352\266e\331\2735c\257\253E\035K\323"
 1642      4FEAB665 
 1642      D9BB3563 
 1642      AFAB451D 
 1642      4BD3
 1643 035d 2D6E0AD0 		.ascii	"-n\012\3201r\202\002\332\276S\327It\335\262\304\342"
 1643      31728202 
 1643      DABE53D7 
 1643      4974DDB2 
 1643      C4E2
 1644 036f B6E37221 		.ascii	"\266\343r!\267\347\363\265\326\332h\235K<!I\002+7o\333"
 1644      B7E7F3B5 
 1644      D6DA689D 
 1644      4B3C2149 
 1644      022B376F 
 1645 0384 5A2C2A8B 		.ascii	"Z,*\213;fYqi\005(\016\004-\303\262\235\006x\007\013"
 1645      3B665971 
 1645      6905280E 
 1645      042DC3B2 
 1645      9D067807 
 1646 0399 13E74B   		.ascii	"\023\347K"
 1647              		.text
 1648              		.section	.gnu.lto_chMBPostTimeoutS.339.b3bfb8d8,"e",%progbits
 1649 0000 789C8555 		.ascii	"x\234\205U]l\024U\024\276g\356\354\314\354.\335\266"
 1649      5D6C1455 
 1649      14BE67EE 
 1649      ECCCEC2E 
 1649      DDB6
 1650 0012 949F07A0 		.ascii	"\224\237\007\2404F\323\230\230-\360\240\011\211\021"
 1650      3446D398 
 1650      982DF0A0 
 1650      098911
 1651 0021 83C607DF 		.ascii	"\203\306\007\3374\276mb\350\262J\221\272\244S\242\276"
 1651      34BE6D62 
 1651      E8B24A91 
 1651      BAA453A2 
 1651      BE
 1652 0032 E8D09645 		.ascii	"\350\320\226E\267\306\356Rl\241\2265N\012VM\024\261"
 1652      B7C6EE52 
 1652      6CA19635 
 1652      4E0A564D 
 1652      14B1
ARM GAS  C:\Users\acest\AppData\Local\Temp\ccYcWBPs.s 			page 50


 1653 0044 95825816 		.ascii	"\225\202X\026\313\357V\027ZA\202D \225*\255\202\313"
 1653      CBEF5617 
 1653      5A418244 
 1653      20952AAD 
 1653      82CB
 1654 0056 AF8550F1 		.ascii	"\257\205P\361\234{g\266-Bl\332;w\316~\337w\276s\316"
 1654      9C7B67B6 
 1654      2D426CDA 
 1654      3B77CE7E 
 1654      DF77BE73 
 1655 006b BDDB3F75 		.ascii	"\275\333?u\306\006\031c]\370\007~\006\033\222q\205Y"
 1655      C6061963 
 1655      5DF8077E 
 1655      061B9271 
 1655      8559
 1656 007d 96B54457 		.ascii	"\226\265DW\240\031\367\260\027\304\033W6'v\300\345\221"
 1656      A019F7B0 
 1656      17C41B57 
 1656      362776C0 
 1656      E591
 1657 008f CF14B521 		.ascii	"\317\024\265!\031hj9\376\270\252*\353\222~\021\331\224"
 1657      19686A39 
 1657      FEB8AA2A 
 1657      EB927E11 
 1657      D994
 1658 00a1 180211F2 		.ascii	"\030\002\021\362(\261\244\037\361e\352\372d@<5h\315"
 1658      28B1A41F 
 1658      F165EAFA 
 1658      64403C35 
 1658      68CD
 1659 00b3 2BEAB079 		.ascii	"+\352\260y\203}y\367\241g\\QCiCQ\301\334\214\022B\313"
 1659      837D79F7 
 1659      A1675C51 
 1659      43694351 
 1659      C1DC8C12 
 1660 00c9 07CD8684 		.ascii	"\007\315\206\204{am\322'v\300\336R\270\352\321t\303"
 1660      7B616DD2 
 1660      2776C0DE 
 1660      52B8EAD1 
 1660      74C3
 1661 00db E705DCB2 		.ascii	"\347\005\334\262\211\237f\336\316a\003\357\340\014T"
 1661      899F66DE 
 1661      CE6103EF 
 1661      E00C54
 1662 00ea 670750F6 		.ascii	"g\007P\3660\322\306\206[\343\277C{gZ\355\340\012K!\240"
 1662      30D2C686 
 1662      5BE3BF43 
 1662      7B675AED 
 1662      E00A4B21 
 1663 00ff 1BA00B88 		.ascii	"\033\240\013\210\204@\036e\345i\313:\326\337cY^\326"
 1663      84401E65 
 1663      E569CB3A 
 1663      D6DF6359 
 1663      5ED6
 1664 0111 C139EC84 		.ascii	"\3019\354\204I\030\014\230\377\350\204{\033X9\252\035"
 1664      49180C98 
 1664      FFE8847B 
ARM GAS  C:\Users\acest\AppData\Local\Temp\ccYcWBPs.s 			page 51


 1664      1B5839AA 
 1664      1D
 1665 0122 3BE30015 		.ascii	";\343\000\025\3305\025\250\230q\203\200\357\202T|\247"
 1665      D83515A8 
 1665      98718380 
 1665      EF82547C 
 1665      A7
 1666 0133 7EBD5584 		.ascii	"~\275U\2049U\370f*P5[\014\231{#\320\343!\224\3155~\034"
 1666      3955F866 
 1666      2A50355B 
 1666      0C997B23 
 1666      D0E32194 
 1667 014b 0B24D61A 		.ascii	"\013$\326\032\244\373-L1i\332\206\306\240\027\310:c"
 1667      A4FB2D4C 
 1667      3169DA86 
 1667      C6A017C8 
 1667      3A63
 1668 015d 0A123486 		.ascii	"\012\0224\206{\200\264`S\256\261\033\361\243[K\333-"
 1668      7B80B460 
 1668      53AEB11B 
 1668      F1A35B4B 
 1668      DB2D
 1669 016f 2AD1230A 		.ascii	"*\321#\012P\034>\354\003\014\231I\037\345!d\357@\317"
 1669      501C3EEC 
 1669      030C9949 
 1669      1FE52164 
 1669      EF40CF
 1670 0182 7BBA75D8 		.ascii	"{\272u\330\312#\331\004RvD\243\236\035m\346\360\035"
 1670      CA23D904 
 1670      527644A3 
 1670      9E1D6DE6 
 1670      F01D
 1671 0194 06F792D6 		.ascii	"\006\367\222\326\2444\233\326\315\231\234\006\\\362"
 1671      A4349BD6 
 1671      CD999C06 
 1671      5CF2
 1672 01a2 7E9166C0 		.ascii	"~\221f\300M\223;z\240Q\226sW\222\375\223\223\\\2649"
 1672      4D933B7A 
 1672      A0519673 
 1672      5792FD93 
 1672      935CB439 
 1673 01b6 1CC0601F 		.ascii	"\034\300`\037)1\254\012\016\272U\211\0229\034\316\227"
 1673      2931AC0A 
 1673      0EBA5589 
 1673      12391CCE 
 1673      97
 1674 01c7 98EBD99A 		.ascii	"\230\353\331\232\012$\300\025\344\256\340\021\221\270"
 1674      0A24C015 
 1674      E4AEE011 
 1674      91B8
 1675 01d5 EB7F131F 		.ascii	"\353\177\023\037\231\222xH\207\214\223\230\213\304\375"
 1675      99927848 
 1675      878C9398 
 1675      8BC4FD
 1676 01e4 40B91003 		.ascii	"@\271\020\003\330\351/\006=i\353\366\235&+\375\267?"
 1676      D8E92F06 
 1676      3D69EBF6 
ARM GAS  C:\Users\acest\AppData\Local\Temp\ccYcWBPs.s 			page 52


 1676      9D262BFD 
 1676      B73F
 1677 01f6 7EE8B75C 		.ascii	"~\350\267\\\246\274\014h\300*.\232\007\027]\243E\247"
 1677      A6BC0C68 
 1677      C02A2E9A 
 1677      07175DA3 
 1677      45A7
 1678 0208 C5A085CE 		.ascii	"\305\240\205\316\203\341\243\305\217\213w\032-\205\000"
 1678      83E1A3C5 
 1678      8F8B771A 
 1678      2D8500
 1679 0217 3D50449F 		.ascii	"=PD\237\026\003\354\201\022\032\341L\200\3350\207bs"
 1679      1603EC81 
 1679      121AE14C 
 1679      80DD3087 
 1679      6273
 1680 0229 71F1CDA3 		.ascii	"q\361\315\243\245\224h\363ia\254\211\263OO\265>\012"
 1680      A59468F3 
 1680      6961AC89 
 1680      B34F4FB5 
 1680      3E0A
 1681 023b 569AB104 		.ascii	"V\232\261\004W\304\276\036\367\243`\015\265f\2758\015"
 1681      57C4BE1E 
 1681      F7A3600D 
 1681      B566BD38 
 1681      0D
 1682 024c B1FD203B 		.ascii	"\261\375 ;K<\267d\305\373\003\214\320\034\013\263T\202"
 1682      4B3CB764 
 1682      C5FB038C 
 1682      D01C0BB3 
 1682      5482
 1683 025e 7B448C00 		.ascii	"{D\214\000\333\003\342\321\235U\330%\250\333\363I\300"
 1683      DB03E2D1 
 1683      9D55D825 
 1683      A8DBF349 
 1683      C0
 1684 026f E6EEE5E0 		.ascii	"\346\356\345\340\242\263\333\350\376a\263\3746/\204"
 1684      A2B3DBE8 
 1684      FE61B3FC 
 1684      362F84
 1685 027e 1F802D90 		.ascii	"\037\200-\220\257\032da\213\270]#\3200\322W\2114\342"
 1685      AF1A6461 
 1685      8BB85D23 
 1685      D030D257 
 1685      8934E2
 1686 0291 6820EF5A 		.ascii	"h \357Z\202\253c\333?\272\310\363\336\366b\202Q\250"
 1686      82AB63DB 
 1686      3FBAC8F3 
 1686      DEF66282 
 1686      51A8
 1687 02a3 2BC32383 		.ascii	"+\303#\203B\024\272z\361\375Tc+`\207\005\340\253\376"
 1687      4214BA7A 
 1687      F1FD5463 
 1687      2B608705 
 1687      E0ABFE
 1688 02b6 1690D09D 		.ascii	"\026\220\320\235\375 \241\007\\\350\257_\306\021xP\002"
 1688      FD20A107 
ARM GAS  C:\Users\acest\AppData\Local\Temp\ccYcWBPs.s 			page 53


 1688      5CE8AF5F 
 1688      C6117850 
 1688      02
 1689 02c7 7765BC70 		.ascii	"we\274p\010\244\333\3316/r\334z\034\267\330\246idu\000"
 1689      08A4DBD9 
 1689      362F72DC 
 1689      7A1CB7D8 
 1689      A6696475 
 1690 02dc AD3608AB 		.ascii	"\2556\010\253\0050\210V\201\216\216`\215<h\3639\367"
 1690      05308856 
 1690      818E8E60 
 1690      8D3C68F3 
 1690      39F7
 1691 02ee C51E47AC 		.ascii	"\305\036G\254\342`\353\273b\303\334\346s1\013R(\360"
 1691      E260EBBB 
 1691      62C3DCE6 
 1691      73310B52 
 1691      28F0
 1692 0300 730C3DCD 		.ascii	"s\014=\315\303\020\245\364\201J\202\267\327\237\300"
 1692      C310A5F4 
 1692      814A82B7 
 1692      D79FC0
 1693 030f 6029C6C9 		.ascii	"`)\306\311\366\271\257\237etde\011\231|\011\227\251"
 1693      F6B9AF9F 
 1693      65746465 
 1693      09997C09 
 1693      97A9
 1694 0321 847E59C2 		.ascii	"\204~Y\302\365L\013\300\367r\1773\343\270\302\316\317"
 1694      F54C0BC0 
 1694      F7727F33 
 1694      E3B8C2CE 
 1694      CF
 1695 0332 BF8FAB00 		.ascii	"\277\217\253\000\234DW\234I~\335\271\235\215\037b9\031"
 1695      9C44579C 
 1695      497EDDB9 
 1695      9D8D1F62 
 1695      3919
 1696 0344 9924377E 		.ascii	"\231$7~\345\352y\003\007O\2671?\015\2643\337\231\204"
 1696      E5EA7903 
 1696      074FB731 
 1696      3F0DB433 
 1696      DF9984
 1697 0357 A76E3436 		.ascii	"\247n46=?\210\201,\227\371\012l\356\271\377|u8\205)"
 1697      3D3F8881 
 1697      2C97F90A 
 1697      6CEEB9FF 
 1697      7C753885 
 1698 036c 5514C0AA 		.ascii	"U\024\300\252w\304N(6\327\220@\027\005\331\2718\270"
 1698      77C44E28 
 1698      36D79040 
 1698      1705D9B9 
 1698      38B8
 1699 037e D40B05F7 		.ascii	"\324\013\005\367\340\236\226\\\344\020\272md\2263$\374"
 1699      E09E965C 
 1699      E410BA6D 
 1699      64963324 
 1699      FC
ARM GAS  C:\Users\acest\AppData\Local\Temp\ccYcWBPs.s 			page 54


 1700 038f 7A9624DC 		.ascii	"z\226$\334+$\367\013 h\24606\030 \363g\372V\212L:y\277"
 1700      2B24F70B 
 1700      2068A630 
 1700      361820F3 
 1700      67FA568A 
 1701 03a7 053AB65E 		.ascii	"\005:\266^\375\353\363}?\366\320\320o\201\201sP\333"
 1701      FDEBF37D 
 1701      3FF6D0D0 
 1701      6F818173 
 1701      50DB
 1702 03b9 BCB7C08B 		.ascii	"\274\267\300\213\365\251\331\223\327\014\352c\202kk"
 1702      F5A9D993 
 1702      D70CEA63 
 1702      826B6B
 1703 03c8 BBEBBD6E 		.ascii	"\273\353\275n\215W\306\355\353\242#\322\352\260\342"
 1703      8D57C6ED 
 1703      EBA223D2 
 1703      EAB0E2
 1704 03d7 7AED0CDC 		.ascii	"z\355\014\334\303\353Y\327\253!\272\245O\351\326)\321"
 1704      C3EB59D7 
 1704      AB21BAA5 
 1704      4FE9D629 
 1704      D1
 1705 03e8 ADFAF6D8 		.ascii	"\255\372\366\3308\016\322gs/U\201\367\366\256&t\376"
 1705      380ED267 
 1705      732F5581 
 1705      F7F6AE26 
 1705      74FE
 1706 03fa B7098530 		.ascii	"\267\011\2050$f\206\302>!uV6~c\034\225\374\371\356\225"
 1706      246686C2 
 1706      3E217556 
 1706      367E631C 
 1706      95FCF9EE 
 1707 040f 4E1031E6 		.ascii	"N\0201\346p\213\340<r=\2145\270\315\362\3020\0167\007"
 1707      708BE03C 
 1707      723D8C35 
 1707      B8CDF2C2 
 1707      300E3707 
 1708 0423 EBCA30A6 		.ascii	"\353\3120\246t\360\342\224\364\354'?\323\351\310\224"
 1708      74F0E294 
 1708      F4EC273F 
 1708      D3E9C894 
 1709 0433 8824B900 		.ascii	"\210$\271\000\202\352\035\320\214\024it8\375\275\026"
 1709      82EA1DD0 
 1709      8C146974 
 1709      38FDBD16 
 1710 0443 10F51937 		.ascii	"\020\365\0317\016\266\235\236\270\227\343\362\342o\214"
 1710      0EB69D9E 
 1710      B897E3F2 
 1710      E26F8C
 1711 0452 5F475BD3 		.ascii	"_G[\323\362\266\312\357mk\024mi\216\255\316B\262\365"
 1711      F2B6CAEF 
 1711      6D6B146D 
 1711      698EADCE 
 1711      42B2F5
 1712 0465 8763CBE6 		.ascii	"\207c\313\346%\"\347\254\024\001l:\301\305\035|\266"
 1712      2522E7AC 
ARM GAS  C:\Users\acest\AppData\Local\Temp\ccYcWBPs.s 			page 55


 1712      14016C3A 
 1712      C1C51D7C 
 1712      B6
 1713 0476 BC05BDA8 		.ascii	"\274\005\275\250-\375\335\311\026\320\224/\364\341i"
 1713      2DFDDDC9 
 1713      16D0942F 
 1713      F4E169
 1714 0485 2F21EF8A 		.ascii	"/!\357\212\363\205\321\304}?m\273p\004\377]\240Go\376"
 1714      F385D1C4 
 1714      7D3F6DBB 
 1714      7004FF5D 
 1714      A0476FFE 
 1715 0499 6BED0AD4 		.ascii	"k\355\012\324-A5\020\207\001$\341M\336{uL\034\370K\240"
 1715      2D413510 
 1715      870124E1 
 1715      4DDE7B75 
 1715      4C1CF84B 
 1716 04ae 6F7B0D85 		.ascii	"o{\015\205\214\324\315\025\250\000\202V\227&\275G\226"
 1716      8CD4CD15 
 1716      A8008256 
 1716      9726BD47 
 1716      96
 1717 04bf 2E0EBD60 		.ascii	".\016\275`Fj\314\320\262p\304\254\015=\0251_\251\215"
 1717      466ACCD0 
 1717      B270C4AC 
 1717      0D3D1531 
 1717      5FA98D
 1718 04d2 AE0E3D17 		.ascii	"\256\016=\027|2\2704\370t\250\006\303/\256\256\211\256"
 1718      7C32B834 
 1718      F874A806 
 1718      C32FAEAE 
 1718      89AE
 1719 04e4 8C846BD9 		.ascii	"\214\204k\331\023\301`\305\344\337\245+\252*\253\236"
 1719      13C160C5 
 1719      E4DFA52B 
 1719      AA2AAB9E 
 1720 04f4 AF5DB3BC 		.ascii	"\257]\263\274*Z\021\246}\324\\\264p\341\302\212\250"
 1720      2A5A11A6 
 1720      7DD45CB4 
 1720      70E1C28A 
 1720      A8
 1721 0505 89BFABAA 		.ascii	"\211\277\253\252*+\314\2320~P]\031}=b\006\303\214WW"
 1721      2A2BCC9A 
 1721      307E505D 
 1721      197D3D62 
 1721      06C38C57 
 1722 051a AE9E31F1 		.ascii	"\256\2361\361\036\254\\\364RxAd\3212\374\300|Y\257\255"
 1722      1EAC5CF4 
 1722      52784164 
 1722      D132FCC0 
 1722      7C59AFAD 
 1723 052e AA8E44D7 		.ascii	"\252\216D\327\324j5\313\337\300\327\307\302\213CB\323"
 1723      D46A35CB 
 1723      DFC0D7C7 
 1723      C28B4342 
 1723      D3
 1724 053f 14FAA149 		.ascii	"\024\372\241I\372\241\250\031\022\372\241\252W\303\253"
ARM GAS  C:\Users\acest\AppData\Local\Temp\ccYcWBPs.s 			page 56


 1724      FAA1A819 
 1724      12FAA1AA 
 1724      57C3AB
 1725 054e D62C8F84 		.ascii	"\326,\217\204\362\232+\330\277&\325\352="
 1725      F29A2BD8 
 1725      BF26D5EA 
 1725      3D
 1726              		.text
 1727              		.section	.gnu.lto_chMBPostI.340.b3bfb8d8,"e",%progbits
 1728 0000 789C8554 		.ascii	"x\234\205ToL[U\024\277\347\336\327\367\012\205N;`\211"
 1728      6F4C5B55 
 1728      14BFE7DE 
 1728      D7F70A85 
 1728      4E3B6089 
 1729 0014 46438C66 		.ascii	"FC\214f11e\360\305d\037\334\014\372\311o\232}{\211Y"
 1729      313165F0 
 1729      C5641FDC 
 1729      0CFAC96F 
 1729      9A7D7B89 
 1730 0029 BBEAAA9B 		.ascii	"\273\352\252\233%<\226\354\203\221\267\002\305\224\304"
 1730      253C96EC 
 1730      8391B702 
 1730      C594C4
 1731 0038 D141601A 		.ascii	"\321A`\032\206\311\223\031\324\304\2778\330\306\260"
 1731      86C99319 
 1731      D4C4BF38 
 1731      D8C6B0
 1732 0047 AC0283C5 		.ascii	"\254\002\203\305\0251h\346tA\314tH\246\335\214\021\227"
 1732      153168E6 
 1732      7441CC74 
 1732      48A6DD8C 
 1732      1197
 1733 0059 2D78CE7D 		.ascii	"-x\316}\177(n\304\244\275\275\367\274\337\371\375~\347"
 1733      7F286EC4 
 1733      A4BDBDF7 
 1733      BCDFF9FD 
 1733      7EE7
 1734 006b 9CFB7A50 		.ascii	"\234\373zPe,\307\030{\025\277\340gp$\223\346\3144\315"
 1734      652CC718 
 1734      7B15BFE0 
 1734      67702493 
 1734      E6CC34CD 
 1735 007f 9D1AE7ED 		.ascii	"\235\032\347\355\231\016\016\247\341\350\233\273\224"
 1735      990E0EA7 
 1735      E1E89BBB 
 1735      94
 1736 008c 964CF0EA 		.ascii	"\226L\360\352/\357\357P\004o\315\004\316t\377\360\204"
 1736      2FEFEF50 
 1736      046FCD04 
 1736      CE74FFF0 
 1736      84
 1737 009d D29E09E6 		.ascii	"\322\236\011\346\226\337\001E\341m\231\000&T+\251LP"
 1737      96DF0145 
 1737      E16D9900 
 1737      26542BA9 
 1737      4C50
 1738 00af FEFAA0C7 		.ascii	"\376\372\240\307#Q\2417\223\236\232\036Q\220G\00648"
ARM GAS  C:\Users\acest\AppData\Local\Temp\ccYcWBPs.s 			page 57


 1738      2351A137 
 1738      939E9A1E 
 1738      51904706 
 1738      3438
 1739 00c1 E43D04D6 		.ascii	"\344=\004\326\314\205\342S5h\206.\321'\340\210\030\020"
 1739      CC85E253 
 1739      3568862E 
 1739      D127E088 
 1739      1810
 1740 00d3 0C146707 		.ascii	"\014\024g\007P\375(\342V\256\364.\377\012}\203Ye@p\326"
 1740      50FD28E2 
 1740      56AEF42E 
 1740      FF0A7D83 
 1740      59654070 
 1741 00e8 8F80CF01 		.ascii	"\217\200\317\001\206\000\3752\004\212\004\333\2325\315"
 1741      8600FD32 
 1741      048A04DB 
 1741      9A35CD
 1742 00f7 D9D111D3 		.ascii	"\331\321\021\323,a\003B\3000\024a0`\014k\204{\035\330"
 1742      2C610342 
 1742      C0301461 
 1742      30600C6B 
 1742      847B1DD8 
 1743 010b 56649BCD 		.ascii	"Vd\233\315;@\016'\327\003\271\221\323\030\303v`\224"
 1743      3B400E27 
 1743      D703B991 
 1743      D318C376 
 1743      6094
 1744 011d 318E3972 		.ascii	"1\2169r\0170\012$D*+#\351\374\361\007\373L\262\242H"
 1744      0F300A24 
 1744      442A2B23 
 1744      E9FCF107 
 1744      FB4CB2A2 
 1745 0132 21EEE4C3 		.ascii	"!\356\344\303\031\300\220\221)E\344#\204\034\2738\366"
 1745      19C09091 
 1745      2945E423 
 1745      841CBB38 
 1745      F6
 1746 0143 86669E33 		.ascii	"\206f\2363=$[C\332\316UtstU\300\030\306N\023U\221\312"
 1746      3D245B43 
 1746      DACE5574 
 1746      737455C0 
 1746      18C64E13 
 1747 015a D1B6FB8B 		.ascii	"\321\266\373\213U\300\315\315J\225\257]\225B~\242#\330"
 1747      55C0CDCD 
 1747      4A95AF5D 
 1747      95427EA2 
 1747      23D8
 1748 016c 79C87F87 		.ascii	"y\310\177\207F\266Hc\345\232%`\034\203_\020\023\025"
 1748      46B64863 
 1748      E59A2560 
 1748      1C835F10 
 1748      1315
 1749 017e 0867DDA2 		.ascii	"\010g\335\242d\205\002\276\364*,\214\034\357\017v\202"
 1749      648502BE 
 1749      F42A2C8C 
 1749      1CEF0F76 
ARM GAS  C:\Users\acest\AppData\Local\Temp\ccYcWBPs.s 			page 58


 1749      82
 1750 018f 4B285CC2 		.ascii	"K(\\\302\011)<\364\277\302\023\353\204\0275\230t\204"
 1750      09293CF4 
 1750      BFC213EB 
 1750      84173598 
 1750      7484
 1751 01a1 85149E02 		.ascii	"\205\024\236\002\322\"\314Gs\276\254yk\365\260\231\375"
 1751      D222CC47 
 1751      73BEAC79 
 1751      6BF5B099 
 1751      FD
 1752 01b2 3BB0DCDE 		.ascii	";\260\334\336\373\3074\337\0024\004\005\027\237\017"
 1752      FBC734DF 
 1752      02340405 
 1752      179F0F
 1753 01c1 1755A545 		.ascii	"\027U\245E\303E\363\343\342/\005\030\201\000\305\312"
 1753      C345F3E3 
 1753      E22F0518 
 1753      8100C5CA 
 1754 01d1 014E4188 		.ascii	"\001NA\210v\233q)\251\240\245\222pU\2640vX\320\3652"
 1754      769B7129 
 1754      A9A0A592 
 1754      7055B430 
 1754      7658D0F5 
 1755 01e6 1530B38C 		.ascii	"\0250\263\214u\012n\037Z\360\360\033\230\213\227\362"
 1755      750A6E1F 
 1755      5AF0F01B 
 1755      988B97F2 
 1756 01f6 3D80FD96 		.ascii	"=\200\375\226\373\037\363\362\367!oY\274\261\211\375"
 1756      FB1FF3F2 
 1756      F7216F59 
 1756      BCB189FD 
 1757 0206 0EC9D1F7 		.ascii	"\016\311\321\367\312-\341^C!\233\363.]_\254\267\324"
 1757      CA2DE15E 
 1757      43219BF3 
 1757      2E5D5FAC 
 1757      B7D4
 1758 0218 12A5300D 		.ascii	"\022\2450\015l\233}\364\301\014\034\243\373\302\226"
 1758      6C9B7DF4 
 1758      C10C1CA3 
 1758      FBC296
 1759 0227 A0752977 		.ascii	"\240u)w\037\246Q\216O^OR\027\343'\276\275)<\365\333"
 1759      1FA6518E 
 1759      4F5E4F52 
 1759      17E327BE 
 1759      BD293CF5 
 1760 023c 5231598D 		.ascii	"R1Y\215SG\"\012\375y\275\273\277\243\027\260I\022\360"
 1760      5347220A 
 1760      FD79BDBB 
 1760      BFA317B0 
 1760      4912F0
 1761 024f D9F91EB0 		.ascii	"\331\371\036\260\241\303\347\035\350\270\013\375\371"
 1761      A1C3E71D 
 1761      E8B80BFD 
 1761      F9
 1762 025c 933402CF 		.ascii	"\2234\002\317\332\300\2233%\220\003\333\355\026K\004"
 1762      DAC09333 
ARM GAS  C:\Users\acest\AppData\Local\Temp\ccYcWBPs.s 			page 59


 1762      259003DB 
 1762      ED164B04 
 1763 026c 1CB78AE3 		.ascii	"\034\267\212\343\026[\021 \253_\241\325Vi\265\014.\240"
 1763      165B1120 
 1763      AB5FA1D5 
 1763      5669B50C 
 1763      2EA0
 1764 027e 55A0E9CB 		.ascii	"U\240\351\313\254\245\207-\021\332\020;\213X\356`[\206"
 1764      ACA5872D 
 1764      11DA103B 
 1764      8B58EE60 
 1764      5B86
 1765 0290 52578425 		.ascii	"RW\204%6[\004\013Q\340\373\024z\252\300\020I\226\200"
 1765      365B040B 
 1765      51E0FB14 
 1765      7AAAC010 
 1765      499680
 1766 02a3 4284B7DA 		.ascii	"B\204\267\332\3471X\211q\262\275p\342\031F\267\316."
 1766      E7315889 
 1766      71B2BD70 
 1766      E21946B7 
 1766      CE2E
 1767 02b5 61D22BE1 		.ascii	"a\322+\341:\2250e\227\360\327\014\216\342\234\275\377"
 1767      3A953065 
 1767      97F0D70C 
 1767      8EE29CBD 
 1767      FF
 1768 02c6 67C67115 		.ascii	"g\306q\025\264D\325\006\256\312\341\033t%\230\235\237"
 1768      B444D506 
 1768      AECAE11B 
 1768      7425989D 
 1768      9F
 1769 02d7 5C18EE78 		.ascii	"\\\030\356x\033\313\231\264E\012\267\027Wu\034,\275"
 1769      1BCB99B4 
 1769      450AB717 
 1769      57751C2C 
 1769      BD
 1770 02e8 4FDE30D0 		.ascii	"O\3360\320M\2253\010\245\353\203\211\302\332 V\363\334"
 1770      4D953308 
 1770      A5EB8389 
 1770      C2DA2056 
 1770      F3DC
 1771 02fa D62BB384 		.ascii	"\326+\263\204o\343\371\2520\217\222\0122`\325\237\246"
 1771      6FE3F9AA 
 1771      308F920A 
 1771      3260D59F 
 1771      A6
 1772 030b 26B82554 		.ascii	"&\270%TL\240\273\216\331\2054\270\251W\313\356\222\373"
 1772      4CA0BB8E 
 1772      D98534B8 
 1772      A957CBEE 
 1772      92FB
 1773 031d 9D9D8B39 		.ascii	"\235\235\2139\204~k\251\322\031\222\012\314N\342x\343"
 1773      847E6BA9 
 1773      D219920A 
 1773      CC4EE278 
 1773      E3
ARM GAS  C:\Users\acest\AppData\Local\Temp\ccYcWBPs.s 			page 60


 1774 032e 89EE2220 		.ascii	"\211\356\" \250\\\032\353\014\221\373\313\271\210T\012"
 1774      A85C1AEB 
 1774      0C91FBCB 
 1774      B988540A 
 1775 033e 38EE7DD3 		.ascii	"8\356}\323\363\326\012x\356\273\346\204\255?\317]\003"
 1775      F3D60A78 
 1775      EEBBE684 
 1775      AD3FCF5D 
 1775      03
 1776 034f 83E57731 		.ascii	"\203\345w1p\3115\020\222,\352\372\036\364\316Q\017Z"
 1776      70C93510 
 1776      922CEAFA 
 1776      1EF4CE51 
 1776      0F5A
 1777 0361 FA52D770 		.ascii	"\372R\327p<\032\266\212\274\005\341\277\245\015\336"
 1777      3C1AB68A 
 1777      BC05E1BF 
 1777      A50DDE
 1778 0370 595A102E 		.ascii	"YZ\020.\313I \263&\251\216I\252dw\032\231\374^O\036"
 1778      CB4920B3 
 1778      26A98E49 
 1778      AA64771A 
 1778      99FC5E4F 
 1779 0385 584BC498 		.ascii	"XK\304\230\223\273\011\0260\327\307X\253\333\002?\374"
 1779      93BB0916 
 1779      30D7C758 
 1779      ABDB023F 
 1779      FC
 1780 0396 84332B40 		.ascii	"\2043+@[5\306\360|O\277m\332O~\356\245\213\020\222\""
 1780      5B35C6F0 
 1780      7C4FBF6D 
 1780      DA4F7EEE 
 1780      A58B1092 
 1781 03ab 1FDB5568 		.ascii	"\037\333Uhk/\364\015H\356D \275m7A\266\226\303k\374"
 1781      6B2FF40D 
 1781      48EE4420 
 1781      BD6D3741 
 1781      B696C36B 
 1782 03c0 C3D5821F 		.ascii	"\303\325\202\037o\202}dj\252\313\3316\213\013]q\374"
 1782      6F827D64 
 1782      6AAACBD9 
 1782      368B0B5D 
 1782      71FC
 1783 03d2 7B009B20 		.ascii	"{\000\233 \231\245\336>V\277]\337e\304\032\015}w4f4"
 1783      99A5DE3E 
 1783      56BF5DDF 
 1783      65C41A0D 
 1783      7D773466 
 1784 03e7 E94FC58C 		.ascii	"\351O\305\214\227\233\022\015\372\263\341'\303\365\341"
 1784      979B120D 
 1784      FAB3E127 
 1784      C3F5E1
 1785 03f6 A7F5460C 		.ascii	"\247\365F\014?\337\320\230x)\026mb;\302\341\232\342"
 1785      3FDFD098 
 1785      7829166D 
 1785      623BC2E1 
 1785      9AE2
ARM GAS  C:\Users\acest\AppData\Local\Temp\ccYcWBPs.s 			page 61


 1786 0408 4FFDDE78 		.ascii	"O\375\336x$\376\\\323\201=\361DM\224\366\011\243\256"
 1786      24FE5CD3 
 1786      813DF144 
 1786      4D94F609 
 1786      A3AE
 1787 041a B6B6B626 		.ascii	"\266\266\266&a\340g_<Rc4F\361\301\376H\342`\314\010"
 1787      61E0675F 
 1787      3C526334 
 1787      46F1C1FE 
 1787      48E260CC 
 1788 042f 4799D81F 		.ascii	"G\231\330\037i\250X;\207#u/D\267\305\352v\343\003\343"
 1788      69A8583B 
 1788      8723752F 
 1788      44B7C5EA 
 1788      76E303E3 
 1789 0443 C5C7A3DB 		.ascii	"\305\307\243\333uIbHB\275\210PO\030\272$\324\343\257"
 1789      75496248 
 1789      42BD8850 
 1789      4F18BA24 
 1789      D4E3AF
 1790 0456 44F71DD8 		.ascii	"D\367\035\330\023\323=\222\275\354_\364\211^\271"
 1790      13D33D92 
 1790      BDEC5FF4 
 1790      895EB9
 1791              		.text
 1792              		.section	.gnu.lto_chMBPostAheadTimeout.341.b3bfb8d8,"e",%progbits
 1793 0000 789C8D52 		.ascii	"x\234\215R]h\024W\024>g\356\354n\026\241\010\026\037"
 1793      5D681457 
 1793      143E67EE 
 1793      EC6E16A1 
 1793      08161F
 1794 0013 EA43A310 		.ascii	"\352C\243\020E\210\233\037Z\212\276TI\373V\241(}\033"
 1794      45889B1F 
 1794      5A8ABE54 
 1794      49FB56A1 
 1794      287D1B
 1795 0026 90DDC954 		.ascii	"\220\335\311T\247\3158\313\334I1/uL4\212\330\252\211"
 1795      A7CD38CB 
 1795      DC49312F 
 1795      754C348A 
 1795      D8AA89
 1796 0039 363559A3 		.ascii	"65Y\243\204 \372T\012jc\343\317\266\376%\233\332\330"
 1796      8420FA54 
 1796      0A6A63E3 
 1796      CFB6FE25 
 1796      9BDAD8
 1797 004c 1AA16C8A 		.ascii	"\032\241l\212\201\370G\005i\330U\222\007\177z\316\235"
 1797      81F84705 
 1797      69D85592 
 1797      077F7ACE 
 1797      9D
 1798 005d 25BB7929 		.ascii	"%\273y)\3020\367\336\357~\367\373\316\371\356}W\007"
 1798      C230F7DE 
 1798      EF7EF7FB 
 1798      CEF9EE7D 
 1798      5707
 1799 006f F81A0156 		.ascii	"\370\032\001V\002\000\012\300\256\303\3735\010\202`"
ARM GAS  C:\Users\acest\AppData\Local\Temp\ccYcWBPs.s 			page 62


 1799      02000AC0 
 1799      AEC3FB35 
 1799      088260
 1800 007e 7D4CC35D 		.ascii	"}L\303]\207\367\217\337:\253\343\025T\000\302N\015w"
 1800      87F78FDF 
 1800      3AABE315 
 1800      5400C24E 
 1800      0D77
 1801 0090 62B7C808 		.ascii	"b\267\310\010\354\022\203D\326K3\304\352\325D\231{\330"
 1801      EC128344 
 1801      D64B33C4 
 1801      EAD54499 
 1801      7BD8
 1802 00a2 93FB0733 		.ascii	"\223\373\0073\247\263\372\240\320\240\237\010\347\020"
 1802      A7B3FAA0 
 1802      D0A09F08 
 1802      E710
 1803 00b0 CF923800 		.ascii	"\317\2228\000\021\205\013\253\262Ap{|(\010\3420(\004"
 1803      11850BAB 
 1803      B241707B 
 1803      7C2808E2 
 1803      302804
 1804 00c3 FE84151C 		.ascii	"\376\204\025\034\002d!\312\274}\010\253H\355\366\223"
 1804      026421CA 
 1804      BC7D08AB 
 1804      48EDF693 
 1805 00d3 1251C30B 		.ascii	"\022Q\303\013\013\211\232|\255\210\0070T\374\246co\260"
 1805      0B899A7C 
 1805      AD880730 
 1805      54FCA663 
 1805      6FB0
 1806 00e5 983C751C 		.ascii	"\230<u\034^H\324\345\201X\350}\004y\250!\331\231\261"
 1806      5E48D4E5 
 1806      8158E87D 
 1806      0479A821 
 1806      D999B1
 1807 00f8 339D6F1D 		.ascii	"3\235o\035\332U\305\272\227pA\221\362X,\012x\031\271"
 1807      DA55C5BA 
 1807      97704191 
 1807      F2582C0A 
 1807      7819B9
 1808 010b 74008D0E 		.ascii	"t\000\215\016D\201\346\210Yu:\312->z\017(\217~\352\257"
 1808      4481E688 
 1808      59753ACA 
 1808      2D3E7A0F 
 1808      288F7EEA 
 1809 0120 846486AF 		.ascii	"\204d\206\257\377M\247~!L(\253[\212\314\205\315\345"
 1809      FF4DA77E 
 1809      214C28AB 
 1809      5B8ACC85 
 1809      CDE5
 1810 0132 BF9D1C7F 		.ascii	"\277\235\034\177'\023p\036\021\274\212,\025\232\341"
 1810      2713701E 
 1810      11BC8A2C 
 1810      159AE1
 1811 0141 352448DE 		.ascii	"5$H\336Y\304E1\363Hw\337\205\332\253\035\301H0\317\205"
 1811      59C44531 
ARM GAS  C:\Users\acest\AppData\Local\Temp\ccYcWBPs.s 			page 63


 1811      F34877DF 
 1811      85DAAB1D 
 1811      C14830CF 
 1812 0156 32370C90 		.ascii	"27\014\220\335\206\356f\242x\235\300_Y\015\250>\274"
 1812      DD86EE66 
 1812      A2789DC0 
 1812      5F590DA8 
 1812      3EBC
 1813 0168 51595F66 		.ascii	"QY_f\352\342\312\260@\275\\\340\236\347T\340\010a\021"
 1813      EAE2CAB0 
 1813      40BD5CE0 
 1813      9EE754E0 
 1813      086111
 1814 017b 28FB5D79 		.ascii	"(\373]y#\277\271\007\344\227#pt\336oL\371\021\007)\252"
 1814      23BFB907 
 1814      E4972370 
 1814      74DE6F4C 
 1814      F9110729 
 1815 0190 1FFE8C64 		.ascii	"\037\376\214d\203\027\257\017\006\331\331E\271\321\307"
 1815      8317AF0F 
 1815      06D9D945 
 1815      B9D1C7
 1816 019f 33F9D571 		.ascii	"3\371\325q\015q\010\251\323\237QG\274\210a\242pP\360"
 1816      0D7108A9 
 1816      D39F5147 
 1816      BC8861A2 
 1816      7050F0
 1817 01b2 AB0A740C 		.ascii	"\253\012t\014\262\000\207\204\026.:h\361\004\203\351"
 1817      B2008784 
 1817      162E3A68 
 1817      F10483E9 
 1818 01c2 9E3BA8C6 		.ascii	"\236;\250\306\336%<\024\237\036\275\327\373\035R\246"
 1818      DE253C14 
 1818      9F1EBDD7 
 1818      FB1D52A6 
 1819 01d2 0A2CE6E3 		.ascii	"\012,\346\343\212U<s\352|\341\257%\324\272\202\357\026"
 1819      8A553C73 
 1819      EA7CE1AF 
 1819      25D4BA82 
 1819      EF16
 1820 01e4 BE47C6DB 		.ascii	"\276G\306\333\253)\020~\205\021\254W\264s\307\317O\035"
 1820      AB29107E 
 1820      8511AC57 
 1820      B473C7CF 
 1820      4F1D
 1821 01f6 47CA45D1 		.ascii	"G\312E\321\206\247\342x\023\341_l_\301U\337\347k]\376"
 1821      86A7E278 
 1821      13E15F6C 
 1821      5FC155DF 
 1821      E76B5DFE 
 1822 020a 4CEBA407 		.ascii	"L\353\244\007\300\217H\347w\377;\002\2158\216\030^\336"
 1822      C08F48E7 
 1822      77FF3B02 
 1822      8D388E18 
 1822      5EDE
 1823 021c F259B51F 		.ascii	"\362Y\265\037S\233\177\204.3\247OM\024\252\200\303g"
 1823      539B7F84 
ARM GAS  C:\Users\acest\AppData\Local\Temp\ccYcWBPs.s 			page 64


 1823      2E33A74F 
 1823      4D14AA80 
 1823      C367
 1824 022e DDC2D3A3 		.ascii	"\335\302\323\243\317\3625\312a6\277T!/\247\217m\244"
 1824      CFF235CA 
 1824      6136BF54 
 1824      212FA78F 
 1824      6DA4
 1825 0240 E861063B 		.ascii	"\350a\006;O\256\035\020\321\335\250\015\212\252~A\241"
 1825      4FAE1D10 
 1825      D1DDA80D 
 1825      8AAA7E41 
 1825      A1
 1826 0251 0D086D40 		.ascii	"\015\010m@\210\001Aa\307\303\222/#1\324\361\023a\357"
 1826      88014161 
 1826      C7C3922F 
 1826      2331D4F1 
 1826      1361EF
 1827 0264 D4746F1F 		.ascii	"\324to\0375=\022\226}b\262'4\232\376\261/\264\2714\251"
 1827      353D1296 
 1827      7D62B227 
 1827      349AFEB1 
 1827      2FB4B934 
 1828 0279 7656CCFF 		.ascii	"vV\314\377\246'\226\225by\305\261\214\206\007\273\213"
 1828      A6279695 
 1828      6279C5B1 
 1828      8C8607BB 
 1828      8B
 1829 028a F3B1E44A 		.ascii	"\363\261\344J\261@e,c\345X~\253\214\245\024\300\204"
 1829      B140652C 
 1829      63E5587E 
 1829      AB8CA514 
 1829      C084
 1830 029c 8AA2B2EB 		.ascii	"\212\242\262\353\256\"u\235+u\375\242\253/\302=\026"
 1830      AE22759D 
 1830      2B75FDA2 
 1830      AB2FC23D 
 1830      16
 1831 02ad B0FDE4FB 		.ascii	"\260\375\344\373\334\001\360\325bx\233\355Y^\3266\255"
 1831      DC01F0D5 
 1831      62789BED 
 1831      595ED636 
 1831      AD
 1832 02be 333E9396 		.ascii	"3>\223\226'\215\244iI\337\370\310\222_\372n\332\330"
 1832      278DA469 
 1832      49DFF8C8 
 1832      925FFA6E 
 1832      DAD8
 1833 02d0 94D89068 		.ascii	"\224\330\220hJ|lx\004oI{\356\027\226\351\303\207\211"
 1833      4A7C6C78 
 1833      046F497B 
 1833      EE1796E9 
 1833      C38789
 1834 02e3 445DE5D7 		.ascii	"D]\345\327\264\315N\331\233\375\326f\333\2553y\356\312"
 1834      B4CD4ED9 
 1834      9BFDD666 
 1834      DBAD3379 
ARM GAS  C:\Users\acest\AppData\Local\Temp\ccYcWBPs.s 			page 65


 1834      EECA
 1835 02f5 C6868686 		.ascii	"\306\206\206\206:W\322\327b\247\352\244g\322\206\223"
 1835      3A57D2D7 
 1835      62A7EAA4 
 1835      67D28693 
 1836 0305 72775832 		.ascii	"rwX2a\202pR\351\267\313\353D\252\361s\263\336jL\322"
 1836      61827052 
 1836      E9B7CBEB 
 1836      44AAF173 
 1836      B3DE6A4C 
 1837 031a 86DC1AF3 		.ascii	"\206\334\032\363m\307r[\375\250\327\334F\313\006s\235"
 1837      6DC7725B 
 1837      FDA8D7DC 
 1837      46CB0673 
 1837      9D
 1838 032b A134A5D2 		.ascii	"\2414\245\3227*\364\015W\032\236o\330\333\315\226\326"
 1838      372AF40D 
 1838      571A9E6F 
 1838      D8DBCD96 
 1838      D6
 1839 033c 668B7664 		.ascii	"f\213vd\233Ll\203X*)\255O=\373\223\377?i\272\216\343"
 1839      9B4C6C83 
 1839      582A29AD 
 1839      4F3DFB93 
 1839      FF3F69BA 
 1840 0352 6E37AC1D 		.ascii	"n7\254\035\276\221\364\034\303t\244\315\240g\225\005"
 1840      BE91F41C 
 1840      C374A4CD 
 1840      A0679505 
 1841 0362 19DAB2D5 		.ascii	"\031\332\262\3254It\375\033\211\245]\317\227,\367\325"
 1841      344974FD 
 1841      1B89A55D 
 1841      CF972CF7 
 1841      D5
 1842 0373 076B9C35 		.ascii	"\007k\2345\311\026\237x,I\002\2137n\336T\315\225\245"
 1842      C9169F78 
 1842      2C49028B 
 1842      376EDE54 
 1842      CD95A5
 1843 0386 3DBBB6BA 		.ascii	"=\273\266\272\246\0364\017b\216\345\270^\033\374\007"
 1843      A61E340F 
 1843      628EE5B8 
 1843      5E1BFC07 
 1844 0396 2D19E708 		.ascii	"-\031\347\010"
 1845              		.text
 1846              		.section	.gnu.lto_chMBPostAheadTimeoutS.342.b3bfb8d8,"e",%progbits
 1847 0000 789C8555 		.ascii	"x\234\205UolSU\024\277\347\335\327\327\327\226v0\266"
 1847      6F6C5355 
 1847      14BFE7DD 
 1847      D7D7D796 
 1847      7630B6
 1848 0013 41621883 		.ascii	"Ab\030\203h\210\321t\300\007MHT\014\032?\370M\343\267"
 1848      6888D174 
 1848      C0074D48 
 1848      540C1A3F 
 1848      F84DE3B7 
 1849 0027 2686952A 		.ascii	"&\206\225*Ef\311\336H\364\213>\272Q\3100[\313\277\301"
ARM GAS  C:\Users\acest\AppData\Local\Temp\ccYcWBPs.s 			page 66


 1849      4566C9DE 
 1849      48F48B3E 
 1849      BA51C830 
 1849      5BCBBFC1 
 1850 003b 9C253683 		.ascii	"\234%6\203LID`sC\020\012\203\011\233\362gB\021PBf\026"
 1850      4C494460 
 1850      7343100A 
 1850      83099BF2 
 1850      67421150 
 1851 0052 56CCB043 		.ascii	"V\314\260C\201\215\260\314s\356}\257\333\024t\351n\357"
 1851      818DB0CC 
 1851      73EE7DAF 
 1851      DB1474E9 
 1851      6EEF
 1852 0064 3DEF777E 		.ascii	"=\357w~\277\3379\367\336\327\027u\306\372\030cm\370"
 1852      BFDF39F7 
 1852      DED71775 
 1852      C6FA1863 
 1852      6DF8
 1853 0076 0F1E069B 		.ascii	"\017\036\006\233\023u\0123Ms\251S\201-8\207c V\\\331"
 1853      13750A33 
 1853      4D73A953 
 1853      812D3887 
 1853      6320565C 
 1854 008b 193F00C3 		.ascii	"\031?\000\303\331\275\212Z\233\3605l\277\370\202\252"
 1854      D9BD8A5A 
 1854      9BF0356C 
 1854      BFF882AA 
 1855 009b 2AEB131E 		.ascii	"*\353\023\036\021\331\021\357\007\021r(\261\204\007"
 1855      11D911EF 
 1855      07117228 
 1855      B18407
 1856 00aa F165EA86 		.ascii	"\361e\352\206\204O|k\320\230gt\302\316\315\251\341}"
 1856      844F7C6B 
 1856      D0986774 
 1856      C2CECDA9 
 1856      E17D
 1857 00bc BDAFD9A4 		.ascii	"\275\257\331\244\272\322\204\244\"s'R\010.7l\321%\334"
 1857      BAD284A4 
 1857      22732752 
 1857      082E376C 
 1857      D125DC
 1858 00cf 05EB126E 		.ascii	"\005\353\022n1\003\366\261\302U\207\346\324\335.\300"
 1858      3103F6B1 
 1858      C25587E6 
 1858      D4DD2EC0 
 1859 00df 299BF8DB 		.ascii	")\233\370\333\302\2339l\346-\234\201j\315\000\312\236"
 1859      C29B396C 
 1859      E62D9C81 
 1859      6ACD00CA 
 1859      9E
 1860 00f0 C6B49181 		.ascii	"\306\264\221\201\306\361,4\267\246\325\026\256\260$"
 1860      C6F12C34 
 1860      B7A6D516 
 1860      AEB024
 1861 00ff 02DA01DA 		.ascii	"\002\332\001\332\200\222\020\310#lA\3324\317\377\334"
 1861      809210C8 
ARM GAS  C:\Users\acest\AppData\Local\Temp\ccYcWBPs.s 			page 67


 1861      236C41DA 
 1861      34CFFFDC 
 1862 010f 699A2ED6 		.ascii	"i\232.\326\3029t\300$\014\006\214z\215p\033\201-@\266"
 1862      C23974C0 
 1862      240C068C 
 1862      7A8D701B 
 1862      812D40B6 
 1863 0123 F3BF5B40 		.ascii	"\363\277[@\005\016M\005*\306\247\002\370\011H\306\372"
 1863      050E4D05 
 1863      2AC6A702 
 1863      F80948C6 
 1863      FA
 1864 0134 9A0DE674 		.ascii	"\232\015\346t\324T\341\360T\240j\264jR{+\320\327SH\233"
 1864      D454E1F0 
 1864      54A06AB4 
 1864      6A527B2B 
 1864      D0D75348 
 1865 0149 DBB837E6 		.ascii	"\333\2707\346\213\257\323\211\367;\230b\322h\3274\006"
 1865      8BAFD389 
 1865      F73B9862 
 1865      D268D734 
 1865      06
 1866 015a 4781AC33 		.ascii	"G\201\2543\246`\002f'\261\272\264\310&\255\221{u\347"
 1866      A6600266 
 1866      27B1BAB4 
 1866      C826AD91 
 1866      7B75E7
 1867 016d 7697369B 		.ascii	"v\2276\233T\242C\024\240X\371p\0340d$\334\244C\310\243"
 1867      54A24314 
 1867      A058F970 
 1867      1C306424 
 1867      DCA443C8 
 1868 0182 A3E7EA9D 		.ascii	"\243\347\352\235\346i3\217d\023H\331\021\015\355t\236"
 1868      E669338F 
 1868      641348D9 
 1868      110DED74 
 1868      9E
 1869 0193 DDC6E104 		.ascii	"\335\306\341\004\006\217\021\327$\231\035\353\237\230"
 1869      068F11D7 
 1869      24991DEB 
 1869      9F98
 1870 01a1 2C0376F2 		.ascii	",\003v\362I!s\301\226\311\235;\265I\226\363\017\221"
 1870      492173C1 
 1870      96C99D3B 
 1870      B54996F3 
 1870      0F91
 1871 01b3 93934446 		.ascii	"\223\223DF\206R\034Na\260\213\230\030V\005\335vU\242"
 1871      86521C4E 
 1871      61B08B98 
 1871      185605DD 
 1871      7655A2
 1872 01c6 440EA7F3 		.ascii	"D\016\247\363%\346:w'}q\260\011\271MxF\010\267\375\257"
 1872      25E63A77 
 1872      277D71B0 
 1872      09B94D78 
 1872      4608B7FD 
 1873 01db F09929C2 		.ascii	"\360\231)\302\375N\350\261\204\271\020\356\005\322B"
ARM GAS  C:\Users\acest\AppData\Local\Temp\ccYcWBPs.s 			page 68


 1873      FD4EE8B1 
 1873      84B910EE 
 1873      05D242
 1874 01ea 0C60A7F7 		.ascii	"\014`\247\367\3659\322\346\303\361\0063}\3373\236\275"
 1874      F539D2E6 
 1874      C3F10633 
 1874      7DDF339E 
 1874      BD
 1875 01fb 993BF6CC 		.ascii	"\231;\366\314|\240\015Vq\320\034885\032\2344\3504\320"
 1875      7CA00D56 
 1875      71D01C38 
 1875      38351A9C 
 1875      34E834D0 
 1876 020f 79D0DD34 		.ascii	"y\320\3354\363\3200\215\226^\034\\>\032f\000tB!=\230"
 1876      F3D0308D 
 1876      965E1C5C 
 1876      3E1A6600 
 1876      7442213D 
 1877 0224 0970048A 		.ascii	"\011p\004\212i3g\003|\013s(V\212\203{.\015e\2246\217"
 1877      69336703 
 1877      7C0B7328 
 1877      568A837B 
 1877      2E0D6594 
 1878 023a 06C61A38 		.ascii	"\006\306\0328\373\362J\343s`\246\031\213sE\314kp~\013"
 1878      FBF24AE3 
 1878      7360A619 
 1878      8B7345CC 
 1878      6B707E0B 
 1879 024e CCFE44C6 		.ascii	"\314\376D\306\205\373\"\246\3332%\342\2731#\326\363"
 1879      85FB22A6 
 1879      DB3225E2 
 1879      BB3123D6 
 1879      F3
 1880 025f 19A13996 		.ascii	"\031\2419\226h\252\004w\210\030\001\232$nWFa\267!z\344"
 1880      68AA0477 
 1880      8818019A 
 1880      246E5746 
 1880      61B7217A 
 1881 0274 0B5F8ADB 		.ascii	"\013_\212\333\327\204\213\036\357\241\233\210m\363\244"
 1881      D7848B1E 
 1881      EFA19B88 
 1881      6DF3A4
 1882 0283 F80CF811 		.ascii	"\370\014\370\021\330B\271\324\340,|&\356Y\026j\263]"
 1882      D842B9D4 
 1882      E02C7C26 
 1882      EE59166A 
 1882      B35D
 1883 0295 15984639 		.ascii	"\025\230F9\032\310[\027\347\352\310\327\237\017\361"
 1883      1AC85B17 
 1883      E7EAC8D7 
 1883      9F0FF1
 1884 02a4 BCB74328 		.ascii	"\274\267C(p\013\242exx\220\210B\177\016mKnj\004\354"
 1884      700BA265 
 1884      78789088 
 1884      427F0E6D 
 1884      4B6E6A04 
 1885 02b9 B5001CEC 		.ascii	"\265\000\034\354\335\016\022\332\321\013\022z\312\206"
ARM GAS  C:\Users\acest\AppData\Local\Temp\ccYcWBPs.s 			page 69


 1885      DD0E12DA 
 1885      D10B127A 
 1885      CA86
 1886 02c7 FEB6BF0E 		.ascii	"\376\266\277\016\201\335\022x\250\307\005\337\203t;"
 1886      81DD1278 
 1886      A8C705DF 
 1886      83743B
 1887 02d6 2BC50B2D 		.ascii	"+\305\013-\267\016\313-\266i\032Y\275\200Vk\205U/\364"
 1887      B70ECB2D 
 1887      B6691A59 
 1887      BD80566B 
 1887      85552FF4 
 1888 02ea A155A043 		.ascii	"\241U\240C$\262\262O\246\370\234\307b/\"V\261\2605m"
 1888      24B2B24F 
 1888      A6F89CC7 
 1888      622F2256 
 1888      B1B0356D 
 1889 02fe B1019EE2 		.ascii	"\261\001\236\342\245\250\202)\024\270\032COs1D\222n"
 1889      A5A88229 
 1889      14B81A43 
 1889      4F733144 
 1889      926E
 1890 0310 5089F0E1 		.ascii	"P\211\360\341\206K\030,\3038\331\276\361\315\353\214"
 1890      864B182C 
 1890      C338D9BE 
 1890      F1CDEB8C 
 1891 0320 0EAF2CA1 		.ascii	"\016\257,\241'_\3020\225\320+K\270\333\263\035\340\007"
 1891      275FC230 
 1891      95D02B4B 
 1891      B8DBB31D 
 1891      E007
 1892 0332 391FEDB1 		.ascii	"9\037\355\261\\a\347\347=\306\225\017.\243+\316d~\364"
 1892      5C61E7E7 
 1892      3DC6950F 
 1892      2EA32BCE 
 1892      647EF4
 1893 0345 46C7A65D 		.ascii	"F\307\246]XN\217\024\311\215\23588\240\343\306\323\275"
 1893      584E8F14 
 1893      C98D9D38 
 1893      38A0E3C6 
 1893      D3BD
 1894 0357 CCEF06DA 		.ascii	"\314\357\006\332\231g\355\204#z+V\230\337\210\303\031"
 1894      9967ED84 
 1894      237A2B56 
 1894      98DF88C3 
 1894      19
 1895 0368 2E7B5794 		.ascii	".{W\224\342\216\307\357\257\023\256\240\244\212\004"
 1895      E28EC7EF 
 1895      AF13AEA0 
 1895      A48A04
 1896 0377 58F581D8 		.ascii	"X\365\201\330\257X\207\206\011\362E\372p||\274\200X"
 1896      AF588786 
 1896      09F245FA 
 1896      707C7CBC 
 1896      8058
 1897 0389 727597C0 		.ascii	"ru\227\300\346h-z\004\311/\222\004\223\311\331\265\256"
 1897      E6682D7A 
ARM GAS  C:\Users\acest\AppData\Local\Temp\ccYcWBPs.s 			page 70


 1897      04C92F92 
 1897      0493C9D9 
 1897      B5AE
 1898 039b 55824627 		.ascii	"U\202F'c\017\300\211}U\377\370\352\370O\235\264\243"
 1898      630FC089 
 1898      7D55FFF8 
 1898      EAF84F9D 
 1898      B4A3
 1899 03ad 0F40C726 		.ascii	"\017@\307&\253M\256\007\340B\363\352\331\313\177\351"
 1899      AB4DAE07 
 1899      E042F3EA 
 1899      D9CB7FE9 
 1900 03bd D4A438D7 		.ascii	"\324\2448\327\326\265\327\270\354\002\356\214\365\313"
 1900      D6B5D7B8 
 1900      EC02EE8C 
 1900      F5CB
 1901 03cb 72A5B131 		.ascii	"r\245\2611\334\037w\012\225\256\20144\240\344\015\371"
 1901      DC1F770A 
 1901      95AE8134 
 1901      34A0E40D 
 1901      F9
 1902 03dc 1E61E8BA 		.ascii	"\036a\350\272m\310-z\343\234\322\233\013Vo\262\336\024"
 1902      6DC82D7A 
 1902      E39CD29B 
 1902      0B566FB2 
 1902      DE14
 1903 03ee F7FC576F 		.ascii	"\367\374Won\344{\023m\312\026['\020\177\205D\302 \316"
 1903      6EE47B13 
 1903      6DCA165B 
 1903      27107F85 
 1903      44C220CE 
 1904 0402 1524807E 		.ascii	"\025$\200~@\235\331\202\271\257\204\3546\307\306\260"
 1904      409DD982 
 1904      B9AF84EC 
 1904      36C7C6B0 
 1905 0412 8FB8B92E 		.ascii	"\217\270\271.\302\027\200ey\242\205\336\177i\025\300"
 1905      C2178065 
 1905      79A285DE 
 1905      7F6915C0 
 1906 0422 80D87A64 		.ascii	"\200\330zd\232&\230\256H\217[\353\220\311k'\016\226"
 1906      9A2698AE 
 1906      488F5BEB 
 1906      90C96B27 
 1906      0E96
 1907 0434 4E2462CC 		.ascii	"N$b\314\312\235\01671\327\301X\255m\313\005\203xFr\260"
 1907      CA9D0E37 
 1907      31D7C158 
 1907      AD6DCB05 
 1907      83784672 
 1908 0449 BE0C634A 		.ascii	"\276\014cJ\013\237\221\224\315\360\222\237B:y3\205\310"
 1908      0B9F9194 
 1908      CDF0929F 
 1908      423A7933 
 1908      85C8
 1909 045b D51204D5 		.ascii	"\325\022\004\325X\240\242$q\264\360b\361\350z\211h\234"
 1909      58A0A224 
 1909      71B4F062 
ARM GAS  C:\Users\acest\AppData\Local\Temp\ccYcWBPs.s 			page 71


 1909      F1E87A89 
 1909      689C
 1910 046d 7EAFBBE9 		.ascii	"~\257\273\351\332\304\365\276/\337\037[\353\356\242"
 1910      DAC4F5BE 
 1910      2FDF1F5B 
 1910      EBEEA2
 1911 047c 2D5FDED6 		.ascii	"-_\336\326\202G\333\032B[\232e\253\265\200l\335\266"
 1911      8247DB1A 
 1911      425B9A65 
 1911      ABB5806C 
 1911      DDB6
 1912 048e 6CA578B1 		.ascii	"l\245x\261\320,I\022\000\251R|f\013\237%/\323Q\344\226"
 1912      D02C4912 
 1912      00A9527C 
 1912      660B9F25 
 1912      2FD351E4 
 1913 04a3 2646335E 		.ascii	"&F3^:O\203]\370\274\230\274+\326{\247\201\2733{\006"
 1913      3A4F835D 
 1913      F8BC98BC 
 1913      2BD67BA7 
 1913      81BB337B 
 1914 04b8 CFE0EF0F 		.ascii	"\317\340\357\017zt\345\337\216w \272\024\331@\034;\220"
 1914      7A74E5DF 
 1914      8E7720BA 
 1914      14D9401C 
 1914      3B90
 1915 04ca 091FF1FA 		.ascii	"\011\037\361\372\203\243\342\336\014\203\363^;q\353"
 1915      83A3E2DE 
 1915      0C83F35E 
 1915      3B71EB
 1916 04d9 B73BC248 		.ascii	"\267;\302H\001\"/\232&\302g\227-\011\274e\204\252\214"
 1916      01222F9A 
 1916      26C26797 
 1916      2D09BC65 
 1916      84AA8C
 1917 04ec C0F260C8 		.ascii	"\300\362`\310\250\016\274\0222\336\253\216\254\011\274"
 1917      A80EBC12 
 1917      32DEAB8E 
 1917      AC09BC
 1918 04fb E17FD9BF 		.ascii	"\341\177\331\277\314\377j\240\012\303o\257\251\212\254"
 1918      CCFF6AA0 
 1918      0AC36FAF 
 1918      A98AAC
 1919 050a 0A05ABD9 		.ascii	"\012\005\253\331K~\177\371\344\317\262\225\341\212\360"
 1919      4B7E7FF9 
 1919      E4CFB295 
 1919      E18AF0
 1920 0519 9BD56B57 		.ascii	"\233\325kW\204#\345A\232G\214\305\213\026-*\217\030"
 1920      8423E541 
 1920      9A478CC5 
 1920      8B162D2A 
 1920      8F18
 1921 052b F8591DAE 		.ascii	"\370Y\035\256(7\252\202\370\240\262\"\362A\310\360\007"
 1921      2837AA82 
 1921      F8A0B222 
 1921      F241C8F0 
 1921      07
ARM GAS  C:\Users\acest\AppData\Local\Temp\ccYcWBPs.s 			page 72


 1922 053c 19AFAC58 		.ascii	"\031\257\254XS4\261\366W,~'\2700\264x9>0\336uV\207+"
 1922      5334B1F6 
 1922      572C7E27 
 1922      B830B478 
 1922      393E30DE 
 1923 0554 4391B5D5 		.ascii	"C\221\265\325Z\325\212\017q\371|pI@p\032\202?0\211?"
 1923      5AD58A0F 
 1923      71F97C70 
 1923      4940701A 
 1923      823F3089 
 1924 0569 10310282 		.ascii	"\0201\002\202?\020~?\270z\355\212P \317\271\222\375"
 1924      3F107E3F 
 1924      B87AED8A 
 1924      5020CFB9 
 1924      92FD
 1925 057b 0DA39D03 		.ascii	"\015\243\235\003\251"
 1925      A9
 1926              		.text
 1927              		.section	.gnu.lto_chMBPostAheadI.343.b3bfb8d8,"e",%progbits
 1928 0000 789C8554 		.ascii	"x\234\205TmlSe\024~\317}\357\275m\367\321M3\2669\243"
 1928      6D6C5365 
 1928      147ECF7D 
 1928      EFBD6DF7 
 1928      D14D33B6 
 1929 0016 598C8690 		.ascii	"Y\214\206\220\230\216\355\217\011?\0043\375\345?\015"
 1929      988EED8F 
 1929      093F0433 
 1929      FDE53F0D 
 1930 0026 FFAE31B4 		.ascii	"\377\2561\264T\251\002]vG\342\017\343.\335\227\351\022"
 1930      54A9025D 
 1930      7647E20F 
 1930      E32EDD97 
 1930      E912
 1931 0038 5961D970 		.ascii	"Ya\331p\2313\251\303\240\3740\342dC\030t\214\0166\202"
 1931      9933A9C3 
 1931      A0FC30E2 
 1931      64431874 
 1931      8C0E3682 
 1932 004c 6C925132 		.ascii	"l\222Q2\027\202CL+\231v\032\303\300\341<\347\275\037"
 1932      1782434C 
 1932      2B99761A 
 1932      C3C0E13C 
 1932      E7BD1F
 1933 005f ED02D3A4 		.ascii	"\355\002\323\244}\373\276\347>\347y\236s\316\333;\251"
 1933      7DFBBEE7 
 1933      3EE7799E 
 1933      73CEDB3B 
 1933      A9
 1934 0070 3236CE18 		.ascii	"26\316\030{\037\277\340fp0\026\225\230a\030\333\\\222"
 1934      7B1FBFE0 
 1934      66703016 
 1934      95986118 
 1934      DB5C92
 1935 0083 D411EB94 		.ascii	"\324\021\353\224\340\024\034\376x\273\334\022\363\246"
 1935      E0141CFE 
 1935      78BBDC12 
 1935      F3A6
ARM GAS  C:\Users\acest\AppData\Local\Temp\ccYcWBPs.s 			page 73


 1936 0091 7FF972AB 		.ascii	"\177\371r\253\314\245\326X\341h\367\374\213rG\314;~"
 1936      CCA5D658 
 1936      E168F7FC 
 1936      8B7247CC 
 1936      3B7E
 1937 00a3 E7339065 		.ascii	"\3473\220e\251-V\210\011\325r{\314+~\025\350qHT\350"
 1937      A92D5688 
 1937      09D5727B 
 1937      CC2B7E15 
 1937      E8714854 
 1938 00b8 8D457F4F 		.ascii	"\215E\177O\217\310\310#\002.\330\357<\004\326,qYQ]\320"
 1938      8FC8C823 
 1938      022ED8EF 
 1938      3C04D62C 
 1938      7159515D 
 1939 00cd 0C87783F 		.ascii	"\014\207x?\207\203|\2203\220\255\035@\365&\304-\337"
 1939      87837C90 
 1939      3390AD1D 
 1939      40F526C4 
 1939      2DDF
 1940 00df EE4DDF81 		.ascii	"\356M\337\201\376\243\011y\220Kl\000\001\337\002\014"
 1940      FEA30979 
 1940      904B6C00 
 1940      01DF020C 
 1941 00ef 01FA6508 		.ascii	"\001\372e\010\344a\2661a\030\323\223#\206\341a\203\234"
 1941      E461B631 
 1941      6118D393 
 1941      2386E161 
 1941      839C
 1942 0101 C330E461 		.ascii	"\3030\344a0\240\237W\010\367!\260\215\3106=o\001%8\271"
 1942      30A09F57 
 1942      08F721B0 
 1942      8DC8363D 
 1942      6F012538 
 1943 0116 1628E933 		.ascii	"\026(\3513\012c\330\016\2142&a\216\330\003\234\006\022"
 1943      0A63D80E 
 1943      8C322661 
 1943      8ED8039C 
 1943      0612
 1944 0128 2295E591 		.ascii	"\"\225\345\221\350\225#O\367\033dE\026B\222\225\017"
 1944      E895234F 
 1944      F71B6445 
 1944      16429295 
 1944      0F
 1945 0139 A380213D 		.ascii	"\243\200!=V\200\310\347\010yf\354\306G.\343\242\341"
 1945      5680C8E7 
 1945      087966EC 
 1945      C6472EE3 
 1945      A2E1
 1946 014b 20590E69 		.ascii	" Y\016i:W\321\315\365\007\012\234\301\330)\242\312S"
 1946      3A57D1CD 
 1946      F5070A9C 
 1946      C1D829A2 
 1946      CA53
 1947 015d 39DCF664 		.ascii	"9\334\366d\276\012\330\271\011\2412c\253d\257$;\275"
 1947      BE0AD8B9 
 1947      09A13263 
ARM GAS  C:\Users\acest\AppData\Local\Temp\ccYcWBPs.s 			page 74


 1947      AB64AF24 
 1947      3BBD
 1948 016f 5DFBDD0F 		.ascii	"]\373\335\017i$\3624\226\027\343\034\3060x\226\230\250"
 1948      6924F234 
 1948      9617E31C 
 1948      C6307896 
 1948      98A8
 1949 0181 40386717 		.ascii	"@8g\027%*\344p\336\2510;rd\300\333\0056!\267\011\223"
 1949      252AE470 
 1949      DEA9303B 
 1949      7264C0DB 
 1949      053621B7 
 1950 0197 4278E87F 		.ascii	"Bx\350\177\205\223k\204\027\\0a\011s!|\001H\2130_\375"
 1950      85936B84 
 1950      175C3061 
 1950      0973217C 
 1950      01488B30 
 1951 01ad A0248C95 		.ascii	"\240$\214\225\325\003F\342na\372X_*#=\0014\004\031\027"
 1951      D50346E2 
 1951      6E61FA58 
 1951      5F2A233D 
 1951      01340419 
 1952 01c2 45C14555 		.ascii	"E\301EUiq\321\342\246\205f\346*\300\305]\0040\002\305"
 1952      6971D1E2 
 1952      A68566E6 
 1952      2AC0C55D 
 1952      043002C5 
 1953 01d6 142B05F8 		.ascii	"\024+\005\370\016\312h\267\001\027O9-\025\204\253\244"
 1953      0ECA68B7 
 1953      01174F39 
 1953      2D1584AB 
 1953      A4
 1954 01e7 85B1039C 		.ascii	"\205\261\003\234.\232!\203\221`\254\213K\346\241\005"
 1954      2E9A2183 
 1954      9160AC8B 
 1954      4BE6A105 
 1955 01f7 0FBF82B1 		.ascii	"\017\277\202\2610\233\352\001\354\274\330\247R\342\367"
 1955      309BEA01 
 1955      ECBCD8A7 
 1955      52E2F7
 1956 0206 19675998 		.ascii	"\031gY\230\257`\277A\344\364\027\305qn_H.\332\3649]"
 1956      AF60BF41 
 1956      E4F417C5 
 1956      716E5F48 
 1956      2EDAF439 
 1957 021b 64ACBC20 		.ascii	"d\254\274 \316\213`\022\330f\363\250\300\024|B7\207"
 1957      CE8B6012 
 1957      D866F3A8 
 1957      C0147C42 
 1957      3787
 1958 022d 65A03533 		.ascii	"e\24053^\205i\224\243\210\213J\352|\354\304\265\373"
 1958      5E856994 
 1958      A3888B4A 
 1958      EA7CECC4 
 1958      B5FB
 1959 023f DC51BF2B 		.ascii	"\334Q\277+\024#\3258\177$\242\320\237K\335\003\235\275"
 1959      1423D538 
ARM GAS  C:\Users\acest\AppData\Local\Temp\ccYcWBPs.s 			page 75


 1959      7F24A2D0 
 1959      9F4BDD03 
 1959      9DBD
 1960 0251 80ED1280 		.ascii	"\200\355\022\200o.\365\200\011\035\276dA\307l\350\255"
 1960      6F2EF580 
 1960      091DBE64 
 1960      41C76CE8 
 1960      AD
 1961 0262 AFA3083C 		.ascii	"\257\243\010<g\002ONy`\034L\267\025q^l\271\225-\267"
 1961      67024F4E 
 1961      79601C4C 
 1961      B715715E 
 1961      6CB9952D 
 1962 0277 D88A42B2 		.ascii	"\330\212B\262z\031\255\266\012\253E\360=Z\005\272\007"
 1962      7A19ADB6 
 1962      0AAB45F0 
 1962      3D5A05BA 
 1962      07
 1963 0288 222BF36C 		.ascii	"\"+\363l\234\227\255\213\235F\254da[\206\332o\3638\337"
 1963      9C97AD8B 
 1963      9D46AC64 
 1963      615B86DA 
 1963      6FF338DF 
 1964 029c 802A9842 		.ascii	"\200*\230B\201\271v\364T\216!\222\364\200L\204+\035"
 1964      81B976F4 
 1964      548E2192 
 1964      F4804C84 
 1964      2B1D
 1965 02ae B318442B 		.ascii	"\263\030D+\345d\373\346\211W\031\335?\263\204\011\247"
 1965      E564FBE6 
 1965      895719DD 
 1965      3FB38409 
 1965      A7
 1966 02bf 84252AE1 		.ascii	"\204%*\341\202Y\302_S8\212\213\346\376\336\224\345\312"
 1966      8259C25F 
 1966      53388A8B 
 1966      E6FEDE94 
 1966      E5CA
 1967 02d1 1BE795EB 		.ascii	"\033\347\225\353\270*\206\253\350\21233?rs\270\363S"
 1967      B82A86AB 
 1967      E88A3333 
 1967      3F7273B8 
 1967      F353
 1968 02e3 2C67C214 		.ascii	",g\302\024\311>8~\366\015\034,\375\263\234a\240\233"
 1968      C93E387E 
 1968      F60D1C2C 
 1968      FDB39C61 
 1968      A09B
 1969 02f5 4A6B10F2 		.ascii	"Jk\020\362\241c\311ln\020\367R\222\331\273\2228W\326"
 1969      A163C96C 
 1969      6E10F752 
 1969      92D9BB92 
 1969      3857D6
 1970 0308 9FAF0AB3 		.ascii	"\237\257\012\263()#\003V}\274\3752\326\241b\202\371"
 1970      28292303 
 1970      567DBCFD 
 1970      32D6A162 
ARM GAS  C:\Users\acest\AppData\Local\Temp\ccYcWBPs.s 			page 76


 1970      82F9
 1971 031a CA5A595D 		.ascii	"\312ZY]]-!\226l4\0116\307\321\222G\220\\7I0\231\254"
 1971      5D2D2196 
 1971      6C340936 
 1971      C7D19247 
 1971      905C3749 
 1972 0331 FD38EE17 		.ascii	"\3758\356\0274e\2265er6\276\014\216\265\277S\334T[\304"
 1972      34659635 
 1972      657236BE 
 1972      0C8EB5BF 
 1972      53DC545B 
 1973 0346 A6BBB0E9 		.ascii	"\246\273\260\351\220\002SeVrT\212\037\2412g\253\270"
 1973      90025365 
 1973      5672548A 
 1973      1FA13267 
 1973      ABB8
 1974 0358 04ADBAB6 		.ascii	"\004\255\272\266\342U\253\342LQ\234\273\377\253\342"
 1974      E255ABE2 
 1974      4C519CBB 
 1974      FFABE2
 1975 0367 79A7E248 		.ascii	"y\247\342H_\246\314\272W*0\221\220\226\360\357\212\004"
 1975      5FA6CCBA 
 1975      572A3091 
 1975      9096F0EF 
 1975      8A04
 1976 0379 700350A8 		.ascii	"p\003P\250T0wU\221\337\376\366E\354\216\007;Nx/X\236"
 1976      54307755 
 1976      91DFFEF6 
 1976      45EC8E07 
 1976      3B4E782F 
 1977 038f 738D297A 		.ascii	"s\215)zH\313\013?\211\201\"\223G0\365\316\011\217\335"
 1977      48CB0B3F 
 1977      89812293 
 1977      4730F5CE 
 1977      098FDD
 1978 03a2 51642AB0 		.ascii	"Qd*\260\023\323O\345\0221f\345\226\300-\314\305ww\253"
 1978      13D34FE5 
 1978      123166E5 
 1978      96C02DCC 
 1978      C57777AB 
 1979 03b6 6DCB0D3F 		.ascii	"m\313\015?\343\350\263\320V\2151<\227\016\230\335( "
 1979      E3E8B3D0 
 1979      568D313C 
 1979      970E98DD 
 1979      2820
 1980 03c8 3F8FD17D 		.ascii	"?\217\321}z\\\210\364U\211\366\270r\357\205? \262\015"
 1980      7A5C88F4 
 1980      5589F6B8 
 1980      72EF853F 
 1980      20B20D
 1981 03db 81F4A7BD 		.ascii	"\201\364\247\275\017\242\\\011>\220\376\031]r\343\205"
 1981      0FA25C09 
 1981      3E90FE19 
 1981      5D72E385 
 1982 03eb 328F4CBD 		.ascii	"2\217L\2756cm\233\371\300\325\020\276e\300$\210$h\212"
 1982      36636D9B 
 1982      F9C0D510 
ARM GAS  C:\Users\acest\AppData\Local\Temp\ccYcWBPs.s 			page 77


 1982      BE65C024 
 1982      8824688A 
 1983 03ff CFD76FD1 		.ascii	"\317\327o\321\266\353\301F]\333\021\010\352M\332\313"
 1983      B6EBC146 
 1983      5DDB1108 
 1983      EA4DDACB 
 1984 040f 41FDDDA6 		.ascii	"A\375\335\246p\203\366\232\357%_\275\357\025\255\021"
 1984      7083F69A 
 1984      EF255FBD 
 1984      EF15AD11 
 1985 041f C36F3634 		.ascii	"\303o64\206\337\011\006\232\330V\237\257&\377S\277+"
 1985      86DF0906 
 1985      9AD8569F 
 1985      AF26FF53 
 1985      BF2B
 1986 0431 E40FBDDE 		.ascii	"\344\017\275\336\264og(\\\023\240}X\257\253\255\255"
 1986      B46F6728 
 1986      5C13A07D 
 1986      58AFABAD 
 1986      AD
 1987 0442 AD09EBF8 		.ascii	"\255\011\353\370\331\035\362\327\350\215\001|\260\307"
 1987      D91DF2D7 
 1987      E88D017C 
 1987      B0C7
 1988 0450 1F7E2FA8 		.ascii	"\037~/\250\373\002\214\357\3617\224\345\316>\177\335"
 1988      FB028CEF 
 1988      F13794E5 
 1988      CE3E7FDD 
 1989 0460 5B81CDC1 		.ascii	"[\201\315\301\272\035\370@\177\373\205\300\026M\220"
 1989      BA1DF840 
 1989      7FFB85C0 
 1989      164D90
 1990 046f E88250CB 		.ascii	"\350\202P\313#\324\302\272&\010\265\320\336\300\356"
 1990      23D4C2BA 
 1990      2608B5D0 
 1990      DEC0EE
 1991 047e 7D3B839A 		.ascii	"};\203\232C\262\213\375\013\030uz1"
 1991      43B28BFD 
 1991      0B18757A 
 1991      31
 1992              		.text
 1993              		.section	.gnu.lto_chMBFetchTimeout.344.b3bfb8d8,"e",%progbits
 1994 0000 789C8D52 		.ascii	"x\234\215R[h\024I\024\275\267\253g&\263\202\010\312"
 1994      5B681449 
 1994      14BDB7AB 
 1994      6726B382 
 1994      08CA
 1995 0012 7EE88751 		.ascii	"~\350\207Q\210\"$\223\007\254\262\376\250d\367o\205"
 1995      88222493 
 1995      07ACB2FE 
 1995      A864F76F 
 1995      85
 1996 0023 45F1AF41 		.ascii	"E\361\257Af:\255\266\246\355\241\253#\346+m\262\306"
 1996      663AADB6 
 1996      A6EDA1AB 
 1996      23E62B6D 
 1996      B2C6
ARM GAS  C:\Users\acest\AppData\Local\Temp\ccYcWBPs.s 			page 78


 1997 0035 45F19164 		.ascii	"E\361\221d\343+c\224\020\305\017\305\007>\022\215f|"
 1997      E32B6394 
 1997      10C50FC5 
 1997      073E128D 
 1997      667C
 1998 0047 EDC644CD 		.ascii	"\355\306D\315\256F\320D6\020\024aQ\2143J\362\341\272"
 1998      AE46D044 
 1998      36101461 
 1998      518C334A 
 1998      F2E1BA
 1999 005a DEAA6E32 		.ascii	"\336\252n2\223\237Eh\272\252N\235\272\347\334S5_\005"
 1999      939F4568 
 1999      BAAA4E9D 
 1999      BAE7DC53 
 1999      355F05
 2000 006d A8438045 		.ascii	"\250C\200E\000\200\014\260\271i\267\002\236\347\255"
 2000      00800CB0 
 2000      B969B702 
 2000      9EE7AD
 2001 007c 8C28B8A3 		.ascii	"\214(\270\243i\367\304\233K*\366\242\004\020\352\024"
 2001      69F7C49B 
 2001      4B2AF6A2 
 2001      0410EA14 
 2002 008c ACC31696 		.ascii	"\254\303\026\226b\330\314:\211\254\0063\304\302%D\231"
 2002      62D8CC3A 
 2002      89AC0633 
 2002      C4C22544 
 2002      99
 2003 009d 7C75A8F7 		.ascii	"|u\250\367-\246N\247\325N\246@;\021.#^\242\342\000D"
 2003      2DA64EA7 
 2003      D54EA640 
 2003      3B112E23 
 2003      5EA2E200 
 2004 00b2 64362C4E 		.ascii	"d6,N{\336\237\003]\236\027\205N\306\360*\346q\010\340"
 2004      7BDE9F03 
 2004      5D9E1785 
 2004      4EC6F02A 
 2004      E67108E0 
 2005 00c6 9F4541F6 		.ascii	"\237EA\366+\372\304\321\200\250b\367t\242\312\367\204"
 2005      2BFAC4D1 
 2005      80A862F7 
 2005      74A2CAF7 
 2005      84
 2006 00d7 04716F40 		.ascii	"\004qo@\334\323\260\313\233E\232!\274>\235\030\342\207"
 2006      DCD3B0CB 
 2006      9B459A21 
 2006      BC3E9D18 
 2006      E287
 2007 00e9 43BE762B 		.ascii	"C\276v+\212\241\210L\216\367\235m\234y`G\001Y\304\033"
 2007      8AA1884C 
 2007      8EF79D6D 
 2007      9C796047 
 2007      0159C41B 
 2008 00fd 38CD243F 		.ascii	"8\315$?\031\012\003\336Da\035@\241\003a\2409bZ\236\016"
 2008      190A03DE 
 2008      44611D40 
 2008      A10361A0 
ARM GAS  C:\Users\acest\AppData\Local\Temp\ccYcWBPs.s 			page 79


 2008      39625A9E 
 2009 0112 D3E9AE57 		.ascii	"\323\351\256WK\201\362h\247\376\002$\325s\357\005\235"
 2009      4B81F268 
 2009      A7FE0224 
 2009      D573EF05 
 2009      9D
 2010 0123 BA451893 		.ascii	"\272E\030\223R\217$Y\030\233|\261odpn\312\023y\204\361"
 2010      528F2459 
 2010      189B7CB1 
 2010      6F64706E 
 2010      CA137984 
 2011 0138 0E8A52BE 		.ascii	"\016\212R\276\030\336E\202\370\223\031\302\224`\036"
 2011      18DE4582 
 2011      F89319C2 
 2011      94601E
 2012 0147 6C69EB2E 		.ascii	"li\353.\276\323\340\365yS\\\310q\375\000\245\376\323"
 2012      BED3E0F5 
 2012      79535CC8 
 2012      71FD00A5 
 2012      FED3
 2013 0159 5418EF11 		.ascii	"T\030\357\021x[T\003\362\207\277\347\373K\215\236\017"
 2013      785B5403 
 2013      F287BFE7 
 2013      FB4B8D9E 
 2013      0F
 2014 016a 0CAA3983 		.ascii	"\014\2529\203;?\222\301>\302B\220\323\353\375*\275\311"
 2014      3B3F92C1 
 2014      3EC24290 
 2014      D3EBFD2A 
 2014      BDC9
 2015 017c 97A4D74F 		.ascii	"\227\244\327O\340\375)\275\001\251G\034\244\250\316"
 2015      E0FD29BD 
 2015      01A9471C 
 2015      A4A8CE
 2016 018b 3D0EA5BD 		.ascii	"=\016\245\275O\377\355\367\322\0233z\367\276\036\037"
 2016      4FFFEDF7 
 2016      D213337A 
 2016      F7BE1E1F 
 2017 019b 2C892A88 		.ascii	",\211*\210]H\235^C\025\261\007\375Da?\023\257\312S\321"
 2017      5D489D5E 
 2017      4315B107 
 2017      FD44613F 
 2017      13AFCA53 
 2018 01b0 4B031C60 		.ascii	"K\003\034`\212\277h\240\305?\350\2155\215\240\034\177"
 2018      8ABF68A0 
 2018      C53FE88D 
 2018      358DA01C 
 2018      7F
 2019 01c1 9B2786EC 		.ascii	"\233'\206\354\373\326\277\217\036D\312T\202\331\341"
 2019      FBD6BF8F 
 2019      1E44CA54 
 2019      82D9E1
 2020 01d0 A86465CF 		.ascii	"\250de\317\236\272\222y6\233Z\227\360\323\314a\024x"
 2020      9EBA9279 
 2020      369B5A97 
 2020      F0D3CC61 
 2020      1478
ARM GAS  C:\Users\acest\AppData\Local\Temp\ccYcWBPs.s 			page 80


 2021 01e2 7D210522 		.ascii	"}!\005\"^a\030\313$\255\373\330\225\321cH\271H\332\365"
 2021      5E6118CB 
 2021      24ADFBD8 
 2021      95D16348 
 2021      B948DAF5 
 2022 01f6 D128FE81 		.ascii	"\321(\376\201\360\016\353\027\012\327/\305\265.\370"
 2022      F00EEB17 
 2022      0AD72FC5 
 2022      B52EF8
 2023 0205 A834D203 		.ascii	"\2504\322\003\210\320T\025\357\236\256\214F\034D|(\223"
 2023      88D05415 
 2023      EF9EAE8C 
 2023      461C447C 
 2023      2893
 2024 0217 5C3029F7 		.ascii	"\\0)\367\013\344\346_\276\312\370\231SC\231\002\020"
 2024      0BE4E65F 
 2024      BECAF899 
 2024      53439902 
 2024      10
 2025 0228 E18BBA99 		.ascii	"\341\213\272\231\367\255\037\206\213\244\302\304\360"
 2025      F7AD1F86 
 2025      8BA4C2C4 
 2025      F0
 2026 0235 B712F9F7 		.ascii	"\267\022\371\367\342\363\325\024=\214c\343\211\357;"
 2026      E2F3D514 
 2026      3D8C63E3 
 2026      89EF3B
 2027 0244 58F81754 		.ascii	"X\370\027T:Y\264\235Qh\035L\351`\254\203Q\330\337\370"
 2027      3A59B49D 
 2027      51681D4C 
 2027      E960AC83 
 2027      51D8DFF8 
 2028 0258 966F2231 		.ascii	"\226o\"1\344\361#~\357\324\364\3216j\272\317\267}|\344"
 2028      E4F1237E 
 2028      EFD4F4D1 
 2028      366ABACF 
 2028      B77D7CE4 
 2029 026c 902F3476 		.ascii	"\220/4v\241\315\227\271\341\363\026N\375\306\206\346"
 2029      A1CD97B9 
 2029      E1F3164E 
 2029      FDC686E6 
 2030 027c 05B17C16 		.ascii	"\005\261|\026\261\334\367\017\266d\247b\351\017b\201"
 2030      B1DCF70F 
 2030      B664A762 
 2030      E90F6281 
 2031 028c FC580672 		.ascii	"\374X\006r\261<\310\217%\010`HF\221\337us\226\272\356"
 2031      B13CC88F 
 2031      25086048 
 2031      4691DF75 
 2031      7396BAEE 
 2032 02a0 0FBAFE34 		.ascii	"\017\272\3764\366<$z\314`\375\211\357D\007 \256\026"
 2032      F63C247A 
 2032      CC60FD89 
 2032      EF440720 
 2032      AE16
 2033 02b2 FDDBAC4F 		.ascii	"\375\333\254O\213eq\345rm\0357\034\256\305u\203\273"
 2033      8B6571E5 
ARM GAS  C:\Users\acest\AppData\Local\Temp\ccYcWBPs.s 			page 81


 2033      726D1D37 
 2033      1CAEC575 
 2033      83BB
 2034 02c4 DA0F06DF 		.ascii	"\332\017\006\337\342\332ImMlU\2542\366\243\346\020\274"
 2034      E2DA496D 
 2034      4D6C55AC 
 2034      32F6A3E6 
 2034      10BC
 2035 02d6 3EE9D89B 		.ascii	">\351\330\233\015\335\205\025\261Xi\376W\271\311L\230"
 2035      0DDD8515 
 2035      B15869FE 
 2035      57B9C94C 
 2035      98
 2036 02e7 6BDD9A2A 		.ascii	"k\335\232*\323.\325\305\334\346\025\345\345\345\245"
 2036      D32ED5C5 
 2036      DCE615E5 
 2036      E5E5A5
 2037 02f6 36A7AFDA 		.ascii	"6\247\257\332L\224rG\247\015+ao7xL\007f%\222sr\353X"
 2037      4C947247 
 2037      A70D2B61 
 2037      6F37784C 
 2037      07662592 
 2038 030e A262835E 		.ascii	"\242b\203^fT\304A\265\370\306d\3045-\303\256q\303NU"
 2038      6654C441 
 2038      B5F8C664 
 2038      C4352DC3 
 2038      AE71C34E 
 2039 0323 2DADCBF5 		.ascii	"-\255\313\365\345\232,\312\245\200\226'\240\331\\s\\"
 2039      E59A2CCA 
 2039      A5809627 
 2039      A0D95C73 
 2039      5C
 2040 0334 CDDCAA57 		.ascii	"\315\334\252W\327T\031\264\303kyl\023D\022qn\374\354"
 2040      D75419B4 
 2040      C36B796C 
 2040      13441271 
 2040      6EFCEC
 2041 0347 983FFDFF 		.ascii	"\230?\375\377I\335\266,{\253flw\265\270ci\272\305M\001"
 2041      49DDB62C 
 2041      7BAB666C 
 2041      77B5B863 
 2041      69BAC54D 
 2042 035c 3A46AEA0 		.ascii	":F\256\240\200\326o\324u*\272\362\253\212%m\307\345"
 2042      80D66FD4 
 2042      752ABAF2 
 2042      AB8A256D 
 2042      C7E5
 2043 036e A2DCB665 		.ascii	"\242\334\266e%VI\274\332%\236(I\005f\255^\273\246P8"
 2043      255649BC 
 2043      DA259E28 
 2043      490566AD 
 2043      5EBBA650 
 2044 0383 4B3A6671 		.ascii	"K:fqaQ\031(\016D,\303\262\235Z\370\002\242\250\347\361"
 2044      61511928 
 2044      0E442CC3 
 2044      B29D5AF8 
 2044      02A2A8E7 
ARM GAS  C:\Users\acest\AppData\Local\Temp\ccYcWBPs.s 			page 82


 2045              		.text
 2046              		.section	.gnu.lto_chMBFetchTimeoutS.345.b3bfb8d8,"e",%progbits
 2047 0000 789C7D54 		.ascii	"x\234}ToL[U\024\277\347\335\327\276\327\226\266\200"
 2047      6F4C5B55 
 2047      14BFE7DD 
 2047      D7BED796 
 2047      B680
 2048 0012 854F4B43 		.ascii	"\205OKCL\314bb\312\340\203&K\2143h\374\256\361\333K"
 2048      4CCC6262 
 2048      CAE08326 
 2048      4B8C3368 
 2048      FCAEF1DB 
 2049 0027 CC5AAAEB 		.ascii	"\314Z\252\353\034\026y%\321/\372h\0313\365\017-\260"
 2049      1C167925 
 2049      D12FFA68 
 2049      1933F50F 
 2049      2DB0
 2050 0039 310823B1 		.ascii	"1\010#\261\251\023\377ef\202\242\016V\206\022Gf\246"
 2050      A913FF65 
 2050      6682A20E 
 2050      56861247 
 2050      66A6
 2051 004b 0EE70CB1 		.ascii	"\016\347\014\261\211S2 a\266\303)\323\021<\347\276\327"
 2051      89533220 
 2051      61B6C329 
 2051      D3113CE7 
 2051      BED7
 2052 005d 028A6BDA 		.ascii	"\002\212k\332\373\356=\357w~\347w\177\347\336>og\354"
 2052      FBEE3DEF 
 2052      777EE777 
 2052      7FE7DE3E 
 2052      6F67EC
 2053 0070 12636C14 		.ascii	"\022cl\024\177\340b\320\223NJ\3140\214}\212\004\275"
 2053      7FE062D0 
 2053      934E4ACC 
 2053      308C7D8A 
 2053      04BD
 2054 0082 3887B320 		.ascii	"8\207\263 V\\\032H\235\206\342\322{\222\334\231\366"
 2054      565C1A48 
 2054      9D86E2D2 
 2054      7B92DC99 
 2054      F6
 2055 0093 741F9B7B 		.ascii	"t\037\233{P\226\245\303i\227\210\034O]\005\021\262I"
 2055      5096A5C3 
 2055      6997881C 
 2055      4F5D0511 
 2055      B249
 2056 00a5 5D6917E2 		.ascii	"]i\027\342\353\344#i\217x\332\241\277\314\250\300@O"
 2056      EBE42369 
 2056      8F78DAA1 
 2056      BFCCA8C0 
 2056      404F
 2057 00b7 A6F8FEC5 		.ascii	"\246\370\376\305\307J\244\2524\210\244\"s\000)\004\227"
 2057      C74AA4AA 
 2057      3488A422 
 2057      73002904 
 2057      97
ARM GAS  C:\Users\acest\AppData\Local\Temp\ccYcWBPs.s 			page 83


 2058 00c8 137A5513 		.ascii	"\023zU\023\356\200\216\264S\314\200\275,q\331fWT\247"
 2058      EE808EB4 
 2058      53CC80BD 
 2058      2C71D966 
 2058      5754A7
 2059 00db 0370CA36 		.ascii	"\003p\3126?\275|\210C\017\317r\006\2625\003\250\273"
 2059      3FBD7C88 
 2059      430FCF72 
 2059      06B23503 
 2059      A8BB
 2060 00ed 17D3D616 		.ascii	"\027\323\326\026\372o\257\300\320HN\316r\211\015#`\014"
 2060      FA6FAFC0 
 2060      D0484ECE 
 2060      72890D23 
 2060      600C
 2061 00ff 60142809 		.ascii	"`\024(\011\201<\312v\347\014\343\233\013\343\206\341"
 2061      813CCA76 
 2061      E70CE39B 
 2061      0BE386E1 
 2062 010f 6059CEE1 		.ascii	"`Y\316\341\023\330\202\301\200>H\204\374\0250\201\213"
 2062      13D882C1 
 2062      803E4884 
 2062      FC153081 
 2062      8B
 2063 0120 1650864F 		.ascii	"\026P\206O\267\003e\375m\001|\335\002\276\2268bTbM\033"
 2063      B70365FD 
 2063      6D017CDD 
 2063      02BE9638 
 2063      6254624D 
 2064 0135 7CBE1D68 		.ascii	"|\276\035h\323Ge\263\366Q\240\307=(\262\260\376A\227"
 2064      D34765B3 
 2064      F651A0C7 
 2064      3D28B2B0 
 2064      FE4197
 2065 0148 27D5A1A2 		.ascii	"'\325\241\242D\230\200m\"\365)\331\316`\022H:\366\006"
 2065      4498806D 
 2065      22F529D9 
 2065      CE601248 
 2065      3AF606
 2066 015b 13B055C3 		.ascii	"\023\260U\303\270\273\234\310\246Zkk\311\361\267\374"
 2066      B8BB9CC8 
 2066      A65A6B6B 
 2066      C9F1B7FC 
 2067 016b 43066DD1 		.ascii	"C\006m\321.6\000V>L\001\206\364Q'\325!\344\344\317\277"
 2067      2E360056 
 2067      3E4C0186 
 2067      F45127D5 
 2067      21E4E4CF 
 2068 0180 BDA1185F 		.ascii	"\275\241\030_\031e$\333D\232\216\330\311\263\013\375"
 2068      196524DB 
 2068      449A8ED8 
 2068      C9B30BFD 
 2069 0190 1CCE61F0 		.ascii	"\034\316a\360,q1,\010\323\242 b\000\265\234\372\316"
 2069      2C71312C 
 2069      08D3A220 
 2069      6200B59C 
 2069      FACE
ARM GAS  C:\Users\acest\AppData\Local\Temp\ccYcWBPs.s 			page 84


 2070 01a2 96336E6F 		.ascii	"\2263not\033\306\265\350\211\351\325\011\330\205\025"
 2070      741BC6B5 
 2070      E889E9D5 
 2070      09D88515 
 2071 01b2 C741C6DD 		.ascii	"\307A\306\335I\012\016\212J\206\010\233\2348\250.\034"
 2071      490A0E8A 
 2071      4A86089B 
 2071      9C38A82E 
 2071      1C
 2072 01c3 1C15B474 		.ascii	"\034\025\264t\323\340\241\245\027\007g%\015U\264\254"
 2072      D3E0A1A5 
 2072      17076725 
 2072      0D55B4AC 
 2073 01d3 0638033E 		.ascii	"\0068\003>\332h-\300gX\247\233\263w\177\354\277\037"
 2073      DA682DC0 
 2073      6758A79B 
 2073      B3777FEC 
 2073      BF1F
 2074 01e5 8C1C6329 		.ascii	"\214\034c).\211y\002\347\313`\\\375{\336\201\322\304"
 2074      2E897902 
 2074      E7CB605C 
 2074      FD7BDE81 
 2074      D2C4
 2075 01f7 7463BE56 		.ascii	"tc\276V<\323y\261\276\233\021\232\343\036\014\231\340"
 2075      3CD379B1 
 2075      BE9B119A 
 2075      E31E0C99 
 2075      E0
 2076 0208 8A8811A0 		.ascii	"\212\210\021\240\317/\036\003y\211]\207\370\231w<\031"
 2076      CF2F1E03 
 2076      79895D87 
 2076      F899773C 
 2076      19
 2077 0219 AE582785 		.ascii	"\256X'\205\013'O\322a\304\016\2702\030\370\022\330\036"
 2077      0B274FD2 
 2077      61C40EB8 
 2077      3218F812 
 2077      D81E
 2078 022b 73A9C00C 		.ascii	"s\251\300\014\234\020Gm\011:\227\246\203\230F9\012\230"
 2078      9C10476D 
 2078      093A97A6 
 2078      83984639 
 2078      0A98
 2079 023d 072FC5E5 		.ascii	"\007/\305\345\265\017\337\\\341em\037a\201e\210\327"
 2079      B50FDF5C 
 2079      E1656D1F 
 2079      61816588 
 2079      D7
 2080 024e A17F4844 		.ascii	"\241\177HD\241\325\342\321B\262\037\320B\001\2709{\014"
 2080      A1D5E2D1 
 2080      42B21FD0 
 2080      4201B839 
 2080      7B0C
 2081 0260 E00B737E 		.ascii	"\340\013s~k\026\204\232%TSe\251\261[j\320\225\012\222"
 2081      6B16849A 
 2081      25545365 
 2081      A9B15B6A 
ARM GAS  C:\Users\acest\AppData\Local\Temp\ccYcWBPs.s 			page 85


 2081      D0950A92 
 2082 0274 721EA574 		.ascii	"r\036\245t\012)n\230E)\300L\246xa\275guAE#\250UeuU\304"
 2082      0A296E98 
 2082      4529C04C 
 2082      A67861BD 
 2082      67754145 
 2083 028f E129ABB3 		.ascii	"\341)\253\263\305\227\273\252\313\342\306\362\334\254"
 2083      C597BBAA 
 2083      CBE2C6F2 
 2083      DCAC
 2084 029d 5793E1EA 		.ascii	"W\223\341\352\377\357Y\206\257\261\220\204\004\327!"
 2084      FFEF5986 
 2084      AFB19084 
 2084      04D721
 2085 02ac 71BAEB7B 		.ascii	"q\272\353{\236\341\016L\240s\202\331\205$\224R\027k"
 2085      9EE10E4C 
 2085      A07382D9 
 2085      85249452 
 2085      176B
 2086 02be 76C8BD68 		.ascii	"v\310\275h\346b\016\241\217\277\272\216F8\255\315\311"
 2086      E6620EA1 
 2086      8FBFBA8E 
 2086      4638ADCD 
 2086      C9
 2087 02cf C04A3525 		.ascii	"\300J5%b\374\026\230I\271b\021r\361\242\226^`\226\020"
 2087      62FC1698 
 2087      49B96211 
 2087      72F1A296 
 2087      5E609610 
 2088 02e3 FDB1DFEC 		.ascii	"\375\261\337\354\230?\303+\356\244y\016\353r\263O\371"
 2088      983FC32B 
 2088      EEA4790E 
 2088      EB72B34F 
 2088      F9
 2089 02f4 E9834272 		.ascii	"\351\203Br\005\231\360\027 \264J\356>5\365\303\357*"
 2089      0599F017 
 2089      20B44AEE 
 2089      3E35F5C3 
 2089      EF2A
 2090 0306 399FE2F6 		.ascii	"9\237\342\366\216\261\204\243\344\312\215\365s\246\217"
 2090      8EB184A3 
 2090      E4CA8DF5 
 2090      73A68F
 2091 0315 A635BB32 		.ascii	"\2465\2732\334}\2472\227\261\214\314,\331\013R\011:"
 2091      DC7DA732 
 2091      97B18CCC 
 2091      2CD90B52 
 2091      093A
 2092 0327 E2D9017B 		.ascii	"\342\331\001{\245d\205[4C\331\326\214\011\321\214\304"
 2092      A564855B 
 2092      3443D9D6 
 2092      8C09D18C 
 2092      C4
 2093 0338 50171984 		.ascii	"P\027\031\204\007\300evn\003?\336\177\371<\342\376\017"
 2093      07C06576 
 2093      6E033FDE 
 2093      7FF93CE2 
ARM GAS  C:\Users\acest\AppData\Local\Temp\ccYcWBPs.s 			page 86


 2093      FE0F
 2094 034a B907E6C5 		.ascii	"\271\007\346\305a@r\217\240\273d\366\266/\211l\336r"
 2094      6140728F 
 2094      A0BB64F6 
 2094      B62F896C 
 2094      DE72
 2095 035c 83FC9B89 		.ascii	"\203\374\233\211\030\263r\275\360\023\346\332\030\353"
 2095      18B372BD 
 2095      F013E6DA 
 2095      18EB
 2096 036a 2C79EE04 		.ascii	",y\356\004\274?\254\000\207\3530&ey\345\260\251\333"
 2096      BC3FAC00 
 2096      87EB3026 
 2096      6579E5B0 
 2096      A9DB
 2097 037c 4B9A543A 		.ascii	"K\232T:\213U\242\310\234\037A\011\013T=L~g\371]\342"
 2097      8B55A2C8 
 2097      9C1F4109 
 2097      0B543D4C 
 2097      7E67F95D 
 2098 0391 D515BFD8 		.ascii	"\325\025\277\330\243\372\307\314\340\374\346u(\232\367"
 2098      A3FAC7CC 
 2098      E0FCE675 
 2098      289AF7
 2099 03a0 AD2F7913 		.ascii	"\255/y\023eU\226e\355\336Y\326/(\313n\311\032\361\222"
 2099      65559665 
 2099      EDDE59D6 
 2099      2F28CB6E 
 2099      C91AF192 
 2100 03b4 AC5F2D59 		.ascii	"\254_-Y\031\356\0235}\303d>Rexu\226\327\230Wm\022\271"
 2100      19EE1335 
 2100      7DC3643E 
 2100      52657875 
 2100      96D79857 
 2101 03cb 7DA2DC6A 		.ascii	"}\242\334j\336M\375_\234F?}\244]\262nB7w^>\271x\036"
 2101      DE4DFD5F 
 2101      9C463F7D 
 2101      A45DB26E 
 2101      4237775E 
 2102 03e3 FFA750A3 		.ascii	"\377\247P\243\243\374or\003\342\373\220M\026\307D6\023"
 2102      A3FC6F72 
 2102      03E2FB90 
 2102      4D16C744 
 2102      3613
 2103 03f5 5EE2F9E2 		.ascii	"^\342\371\342-q\257\256\2012C\272}\352\344\237\021\244"
 2103      2D71AFAE 
 2103      813243BA 
 2103      7DEAE49F 
 2103      11A4
 2104 0407 009117CF 		.ascii	"\000\221\027\317\021\341}M{\265'\365p\233\256\355\017"
 2104      11E17D4D 
 2104      7BB527F5 
 2104      709BAEED 
 2104      0F
 2105 0418 85F598F6 		.ascii	"\205\365\230\366HX\1776\026m\325\036\017<\034h\012<"
 2105      48587F36 
 2105      166DD51E 
ARM GAS  C:\Users\acest\AppData\Local\Temp\ccYcWBPs.s 			page 87


 2105      0F3C1C68 
 2105      0A3C
 2106 042a AAB561F8 		.ascii	"\252\265a\370\251\326\266\350\301p(\306\036\012\004"
 2106      A9D6B6E8 
 2106      C17028C6 
 2106      1E0A04
 2107 0439 EAB77E9B 		.ascii	"\352\267~\233\016D\202\221'b\355\315\221h}\210\346Q"
 2107      0E448291 
 2107      2762EDCD 
 2107      91687D88 
 2107      E651
 2108 044b BDB1A1A1 		.ascii	"\275\261\241\241\241>\252\343\367P$X\257\267\205\360"
 2108      A13EAAE3 
 2108      F7502458 
 2108      AFB785F0 
 2109 045b 454B30FA 		.ascii	"EK0\372BX\017\204\030o\011\266\3726\327\201`\343\323"
 2109      42580F84 
 2109      186F09B6 
 2109      FA36D781 
 2109      60E3D3
 2110 046e A13DE1C6 		.ascii	"\241=\341\306\375Ln\321\237iUb\221\226p\264=fok~\021"
 2110      FD4C6ED1 
 2110      9F695562 
 2110      919670B4 
 2110      3D666F6B 
 2111 0484 D70F84F6 		.ascii	"\327\017\204\366j\202T\027\005\264-\005\264\250\256"
 2111      6A825417 
 2111      05B42D05 
 2111      B4A8AE
 2112 0493 89025AE4 		.ascii	"\211\002Z\344\271\320\241\366\346\260V&=\300\376\001"
 2112      B9D0A1F6 
 2112      E6B05626 
 2112      3DC0FE01 
 2113 04a3 EFB7767C 		.ascii	"\357\267v|"
 2114              		.text
 2115              		.section	.gnu.lto_chMBFetchI.346.b3bfb8d8,"e",%progbits
 2116 0000 789C7D54 		.ascii	"x\234}TmHdU\030>\3579g\346\216\316\307\372\303\010\002"
 2116      6D486455 
 2116      183EEF39 
 2116      67E68ECE 
 2116      C7FAC308 
 2117 0015 4D82650B 		.ascii	"M\202e\013\226q\365O \204\206E\377\013\377\335X\234"
 2117      9671F54F 
 2117      20848645 
 2117      FF0BFFDD 
 2117      589C
 2118 0027 D9A99D76 		.ascii	"\331\251\235vm\304\353B?*o3~1\206v7Q\003\023\2325q\373"
 2118      6DC4EB42 
 2118      3F2A6F33 
 2118      7E318676 
 2118      37510313 
 2119 003f B3106ED9 		.ascii	"\263\020n\331\256\273;\233\331\207QlK\255\030\350\200"
 2119      AEBB3B9B 
 2119      D987516C 
 2119      4BAD18E8 
 2119      80
 2120 0050 5069901F 		.ascii	"Pi\220\037\231d\246\330\373\236{\347\216[\3460s\356"
ARM GAS  C:\Users\acest\AppData\Local\Temp\ccYcWBPs.s 			page 88


 2120      9964A6D8 
 2120      FB9E7BE7 
 2120      8E5BE630 
 2120      73EE
 2121 0062 39E73ECF 		.ascii	"9\347>\317\363>\347y\357\235r\017c\2371\306^\305\037"
 2121      F33EE779 
 2121      EF9D720F 
 2121      639F31C6 
 2121      5EC51F
 2122 0075 F8185CB4 		.ascii	"\370\030\\\264\322\234\231\246Y\247q\336e\365p\270\016"
 2122      D29C99A6 
 2122      59A771DE 
 2122      65F570B8 
 2122      0E
 2123 0086 43EF34C8 		.ascii	"C\3574\310\224\025Z\376\371\203Z)x\273\345\177o\343"
 2123      94155AFE 
 2123      F9835A29 
 2123      78BBE57F 
 2123      6FE3
 2124 0098 8B276497 		.ascii	"\213'd\227\025\312\365Nr)y\207\345GB\205\354\264B\352"
 2124      15CAF54E 
 2124      72297987 
 2124      E5474285 
 2124      ECB442EA 
 2125 00ac EA810157 		.ascii	"\352\201\001W\304\013\203Vz\256;\365\014\352\250\015"
 2125      C40B8356 
 2125      7AAE3BF5 
 2125      0CEAA80D 
 2126 00bc 0DDE706F 		.ascii	"\015\336po\002k\343Bz\274\032\264\301\333bX\300E1*\030"
 2126      026BE342 
 2126      7ABC1AB4 
 2126      C1DB6258 
 2126      C045312A 
 2127 00d1 48670650 		.ascii	"Hg\006P\361\030\342\266\177\032\\X\203\341\361\254\034"
 2127      F118E2B6 
 2127      7F1A5C58 
 2127      83E1F1AC 
 2127      1C
 2128 00e2 159C8D20 		.ascii	"\025\234\215 \340*\300\004\240_\206@\221`'\262\246y"
 2128      E02AC004 
 2128      A05F8640 
 2128      916027B2 
 2128      A679
 2129 00f4 E7C6A469 		.ascii	"\347\306\244i\026\261Q!\340c8\200\301\015c\226\244E"
 2129      16B15121 
 2129      E0633880 
 2129      C10D6396 
 2129      A445
 2130 0106 37D8C079 		.ascii	"7\330\300y\007(\341\223\373\201\322\230\023\214y\031"
 2130      0728E193 
 2130      FB81D298 
 2130      138C7919 
 2131 0116 95C02C90 		.ascii	"\225\300,\220\243\346\000S@\205\210\274}-=\371~\371"
 2131      A3E60053 
 2131      408588BC 
 2131      7D2D3DF9 
 2131      7EF9
ARM GAS  C:\Users\acest\AppData\Local\Temp\ccYcWBPs.s 			page 89


 2132 0128 B049563C 		.ascii	"\260IV<\252\0208|\270\001\270eL\024#\3628!o\256\354"
 2132      AA10387C 
 2132      B801B865 
 2132      4C1423F2 
 2132      38216FAE 
 2133 013d F56AE697 		.ascii	"\365j\346\227\246\213d\005\244\355\334\213g\033\332"
 2133      A68B6405 
 2133      A4EDDC8B 
 2133      671BDA
 2134 014c D5E026EE 		.ascii	"\325\340&\356]')\252\015\267T=\202\\\271\353\311\232"
 2134      5D2729AA 
 2134      0DB7543D 
 2134      825CB9EB 
 2134      C99A
 2135 015e BBFB7DA6 		.ascii	"\273\373}\246\271\366Zn\367\322\233\360\000\007\230"
 2135      B9F65A6E 
 2135      F7D29BF0 
 2135      000798
 2136 016d 048156BD 		.ascii	"\004\201V\275\022\007\256\341\240\371\310\271:O1\016"
 2136      1207AEE1 
 2136      A0F9C8B9 
 2136      3A4F310E 
 2137 017d 3E3FCD02 		.ascii	">?\315\0024\004\011\027\302\241\250\004\340\032\012"
 2137      34040917 
 2137      C2A1A804 
 2137      E01A0A
 2138 018c F6094ADD 		.ascii	"\366\011J\335\224`f\031{Kp{\221\302\305\257`.\335\312"
 2138      94606619 
 2138      7B4B707B 
 2138      91C2C5AF 
 2138      602EDDCA 
 2139 01a0 0D00DA50 		.ascii	"\015\000\332P\363\357r\352\372\210;,\335{\230\255Br"
 2139      F3EF72EA 
 2139      FA883B2C 
 2139      DD7B98AD 
 2139      4272
 2140 01b2 EA723023 		.ascii	"\352r0#4\247;B\2452F]\365\215\212\342\214\340p\033\330"
 2140      34A73B42 
 2140      A532465D 
 2140      F58D8AE2 
 2140      8CE0701B 
 2141 01c7 297BA9C1 		.ascii	"){\251\301\247\360.\305\310V\240}e\372!\244\021GS]\243"
 2141      A7F02EC5 
 2141      C856A07D 
 2141      65FA21A4 
 2141      1147535D 
 2142 01dc EAE2F647 		.ascii	"\352\342\366G\367v\204[}CULV`\030(D[\233[\375\353\351"
 2142      F776845B 
 2142      7D43554C 
 2142      56601828 
 2142      445B9B5B 
 2143 01f3 41C03C14 		.ascii	"A\300<\024`k\026\355e\355\371_\263\240\334\254\2042"
 2143      606B16ED 
 2143      65EDF95F 
 2143      B3A0DCAC 
 2143      8432
 2144 0205 22FFD478 		.ascii	"\"\377\324x\0347x^?Y\231A+\355\312J\000>G+\300l\245"
ARM GAS  C:\Users\acest\AppData\Local\Temp\ccYcWBPs.s 			page 90


 2144      1C37785E 
 2144      3F599941 
 2144      2BEDCA4A 
 2144      003E472B 
 2145 021c E4FA5E72 		.ascii	"\344\372^r\377y<(\305\356\232\023$\021t\315\311\251"
 2145      FF793C28 
 2145      C5EE9A13 
 2145      241174CD 
 2145      C9A9
 2146 022e A92BBF14 		.ascii	"\251+\277\024\314m\346\270]\2574#|\377\177f\011_a!\216"
 2146      CC6DE6B8 
 2146      5DAF3423 
 2146      7CFF7F66 
 2146      095F6121 
 2147 0243 0AAB90FA 		.ascii	"\012\253\220\372\260sFdD\021\022\250\347\310^OC\236"
 2147      B0734664 
 2147      441112A8 
 2147      E7C85E4F 
 2147      439E
 2148 0255 BA5C7A08 		.ascii	"\272\\z\010\367k\233\213\034B\017\365\374\206A\024;"
 2148      F76B9B8B 
 2148      1C420FF5 
 2148      FC864114 
 2148      3B
 2149 0266 8793C0F2 		.ascii	"\207\223\300\36259)~\003\314\226\\p\004\271\272QB7\220"
 2149      3539297E 
 2149      03CC965C 
 2149      7004B9BA 
 2149      51423790 
 2150 027a A54CFFE1 		.ascii	"\245L\377\341t\254,#\374Gy\276\203u\205\335\247\305"
 2150      74AC2C23 
 2150      FC4779BE 
 2150      837585DD 
 2150      A7C5
 2151 028c E988B2EC 		.ascii	"\351\210\262\354wb\360\214,\316m\202\033\303\2379a\307"
 2151      7762F08C 
 2151      2CCE6D82 
 2151      1BC39F39 
 2151      61C7
 2152 029e F0604604 		.ascii	"\360`F\004\216\222\274\213\222\2229\026\177\340y\350"
 2152      8E92BC8B 
 2152      92923916 
 2152      7FE079E8 
 2153 02ae 78F010EC 		.ascii	"x\360\020\354\367\371c\007TI\357\375\311\377\255\222"
 2153      F7F96307 
 2153      5449EFFD 
 2153      C9FFAD92 
 2154 02be 4F0D7752 		.ascii	"O\015wR\032A\267O\373\3709\366\257P\307\003\377Q\017"
 2154      1A41B74F 
 2154      FBF839F6 
 2154      AF50C703 
 2154      FF510F
 2155 02d1 C29CEA3C 		.ascii	"\302\234\352<\252\007\225\234\265\364(\261\372\323\250"
 2155      AA07959C 
 2155      B5F428B1 
 2155      FAD3A8
 2156 02e0 1672BB51 		.ascii	"\026r\273QV \342\236\303\015\301<r\361\277\261=\037"
ARM GAS  C:\Users\acest\AppData\Local\Temp\ccYcWBPs.s 			page 91


 2156      5620E29E 
 2156      C30DC13C 
 2156      72F1BFB1 
 2156      3D1F
 2157 02f2 7011FC88 		.ascii	"p\021\374\210R\353\320Q\201{\270>6b\033\017\221'\037"
 2157      52EBD051 
 2157      817BB83E 
 2157      36621B0F 
 2157      91271F
 2158 0305 3D7825AA 		.ascii	"=x%\252H\177D\235D+\274^\277C\262\016\201\024\311\016"
 2158      487F449D 
 2158      442BBC5E 
 2158      BF43B20E 
 2158      8114C90E 
 2159 0319 48827378 		.ascii	"H\202sx\235\177\273\267\341\303\347\320^2\357\230\345"
 2159      9D7FBBB7 
 2159      E1C3E7D0 
 2159      5E32EF98 
 2159      E5
 2160 032a B5A76D62 		.ascii	"\265\247mb\325\352\014\342\333\012\266B2K\3358Y_\243"
 2160      D5EA0CE2 
 2160      DB0AB642 
 2160      324BDD38 
 2160      595FA3
 2161 033d 3718B116 		.ascii	"7\030\261\026Co\214\306\214V\375\251\230q\2565\321\254"
 2161      436F8CC6 
 2161      8C56FDA9 
 2161      9871AE35 
 2161      D1AC
 2162 034f 3F1B7E32 		.ascii	"?\033~2\\\037~Zo\301\355\323\315-\211\227b\321VV\033"
 2162      5C1F7E5A 
 2162      6FC1EDD3 
 2162      CD2D8997 
 2162      62D15656 
 2163 0364 0E571EFC 		.ascii	"\016W\036\374\326\237\215G\342\317\265^8\023OTFi\236"
 2163      D69F8D47 
 2163      E2CFB55E 
 2163      38134F54 
 2163      46699E
 2164 0377 30AAABAA 		.ascii	"0\252\253\252\252*\023\006~\317\307#\225FK\024o4E\022"
 2164      AA2A1306 
 2164      7ECFC723 
 2164      95464B14 
 2164      6F344512 
 2165 038b AFC48C70 		.ascii	"\257\304\214p\224\211\246Hsia\035\216T\277\020=\025"
 2165      9489A648 
 2165      7369611D 
 2165      8E54BF10 
 2165      3D15
 2166 039d AB6E64B2 		.ascii	"\253nd\262\311x\261\371\361h\215\256T\014\245\250\037"
 2166      C978B1F9 
 2166      F1688DAE 
 2166      540CA5A8 
 2166      1F
 2167 03ae 50D41386 		.ascii	"P\324\023\206\256\024\365\370\313\321\363\027\316\304"
 2167      AE14F5F8 
 2167      CBD1F317 
ARM GAS  C:\Users\acest\AppData\Local\Temp\ccYcWBPs.s 			page 92


 2167      CEC4
 2168 03bc 7457E52C 		.ascii	"tW\345,\373\007\355\323\365\267"
 2168      FB07EDD3 
 2168      F5B7
 2169              		.text
 2170              		.section	.gnu.lto_.symbol_nodes.b3bfb8d8,"e",%progbits
 2171 0000 789C7591 		.ascii	"x\234u\221MK\303@\020\206g\337I7M\332t\241\202\005\013"
 2171      4D4BC340 
 2171      108667DF 
 2171      49374DDA 
 2171      74A18205 
 2172 0015 FA2FFC7B 		.ascii	"\372/\374{S%x.\010\012\236s\322\203w\351I\242G\277\277"
 2172      5325782E 
 2172      080A9E73 
 2172      D28377E9 
 2172      49A247BF 
 2173 002a AA222A01 		.ascii	"\252\"*\001\301\223'\257\232t\327\234\2349\275\360\274"
 2173      C19327AF 
 2173      9A74D79C 
 2173      9C39BDF0 
 2173      BC
 2174 003b CFB0CCEE 		.ascii	"\317\260\314\356\200\210p\016\241I=\221\231\236\021"
 2174      8088700E 
 2174      A1493D91 
 2174      999E11
 2175 004a 09D1D164 		.ascii	"\011\321\321d\303\220\241fp\0111*\274\200@\205\327\020"
 2175      C390A166 
 2175      7009312A 
 2175      BC804085 
 2175      D710
 2176 005c DE9FEFAE 		.ascii	"\336\237\357\256\377\307\256 \221*\336@:*\274\203Xm"
 2176      FFC7AE20 
 2176      912ADE40 
 2176      3A2ABC83 
 2176      586D
 2177 006e EB2D2456 		.ascii	"\353-$V\305{HW\205sH\242m}\200\244\252\370\010\351i"
 2177      C57B4857 
 2177      857348A2 
 2177      6D7D80A4 
 2177      AAF808E9 
 2178 0083 D0BC40FA 		.ascii	"\320\274@\372?a\326\026\005j\016\335P\363\014\3114\366"
 2178      3F61D616 
 2178      056A0EDD 
 2178      50F30CC9 
 2178      34F6
 2179 0095 061968EC 		.ascii	"\006\031h\354\025\342\024\306\246\357\237\222\247m\254"
 2179      15E214C6 
 2179      A6EF9F92 
 2179      A76DAC
 2180 00a4 5246F8BF 		.ascii	"RF\370\277\343\230\221\265\005v\233\237[CS\2540g\213"
 2180      E39891B5 
 2180      05769B9F 
 2180      5B4353AC 
 2180      30678B
 2181 00b7 54D569F0 		.ascii	"T\325i\360}\272\367\304\246\032s\304\276\371\036s\307"
 2181      7DBAF7C4 
 2181      A61A73C4 
ARM GAS  C:\Users\acest\AppData\Local\Temp\ccYcWBPs.s 			page 93


 2181      BEF91E73 
 2181      C7
 2182 00c8 6D1F9C7C 		.ascii	"m\037\234|\261\311Gl\335_\325z\251\030\263\015R\261"
 2182      B1C9476C 
 2182      DD5FD57A 
 2182      A918B30D 
 2182      52B1
 2183 00da CAB16DA5 		.ascii	"\312\261m\245n\220\312\021'^\312\2278\361RY\247 \225"
 2183      6E90CA11 
 2183      275ECA97 
 2183      38F15259 
 2183      A72095
 2184 00ed CB9C26AD 		.ascii	"\313\234&\255\324s\263\331\341G\275jH\27786\304\203"
 2184      D473B3D9 
 2184      E147BD6A 
 2184      48BF3836 
 2184      C483
 2185              		.text
 2186              		.section	.gnu.lto_.refs.b3bfb8d8,"e",%progbits
 2187 0000 789C6364 		.ascii	"x\234cd\000\002\000\000\012\000\002"
 2187      00020000 
 2187      0A0002
 2188              		.text
 2189              		.section	.gnu.lto_.decls.b3bfb8d8,"e",%progbits
 2190 0000 789CC558 		.ascii	"x\234\305X\011T\224\327\025\376\357{\263\376\254*6\311"
 2190      095494D7 
 2190      15FEEF7B 
 2190      B3FEAC2A 
 2190      36C9
 2191 0012 C9696A16 		.ascii	"\311ij\026\033\232V\014\230\3046\3354F\255\331j5\236"
 2191      1B9A560C 
 2191      98C436DD 
 2191      3446ADD9 
 2191      6A359E
 2192 0025 9EE470CE 		.ascii	"\236\344p\316\024g\306@\003\214\316\014F{N{F\021\021"
 2192      1467C640 
 2192      038CCE0C 
 2192      467B4E7B 
 2192      461111
 2193 0038 15D4680C 		.ascii	"\025\324h\014Q\216{\202q\035\"\012\210\313\010b\020"
 2193      518E7B82 
 2193      711D220A 
 2193      88CB0862 
 2193      10
 2194 0049 C5888A3B 		.ascii	"\305\210\212;\256QQ@0\340\212K\357{\3776\003\203\325"
 2194      AE515140 
 2194      30E08A4B 
 2194      EF7BFF36 
 2194      0383D5
 2195 005c E69CF697 		.ascii	"\346\234\366\227\373\317\373\337\273\367~\337\275\367"
 2195      FBCFFBDF 
 2195      BBF77EDF 
 2195      BDF7
 2196 006a 2DFFEFD4 		.ascii	"-\377\357\324\036\202\320\242\023\004\223Q\020\036\340"
 2196      1E82D0A2 
 2196      13049351 
 2196      101EE0
ARM GAS  C:\Users\acest\AppData\Local\Temp\ccYcWBPs.s 			page 94


 2197 0079 15260842 		.ascii	"\025&\010B\015J\010J)\212\017\245\005\345$\3125\224"
 2197      0D4A084A 
 2197      298A0FA5 
 2197      05E524CA 
 2197      3594
 2198 008b 1F503E40 		.ascii	"\037P>@iE1\240lG\271)HW$\212\016\320\027\212\210\022"
 2198      694531A0 
 2198      6C47B929 
 2198      4857248A 
 2198      0ED0178A 
 2199 00a1 89D21DE5 		.ascii	"\211\322\035\345\011\224\247P\236F\371)\312\363(\275"
 2199      0994A750 
 2199      9E46F929 
 2199      CAF328BD 
 2200 00b1 515E4289 		.ascii	"Q^B\211Cy\025\345u\224\337\201\320\3512\023A`\234\022"
 2200      437915E5 
 2200      7594DF81 
 2200      D0E93213 
 2200      41609C12 
 2201 00c5 51BAA344 		.ascii	"Q\272\243D\311||2?\306\343\367 qj\226y\036F9 \307\320"
 2201      C97C7C32 
 2201      3FC6E3F7 
 2201      20716A96 
 2201      791E4639 
 2202 00dc 807219A5 		.ascii	"\200r\031\245\036\345\012\312E\224&\224K(\207\344X\367"
 2202      1EE50ACA 
 2202      45942694 
 2202      4B2887E4 
 2202      58F7
 2203 00ee A334A250 		.ascii	"\2434\242P\231\377@\224\301(\214NQ\007>=\211\344\267"
 2203      99FF4094 
 2203      C1288C4E 
 2203      51073E3D 
 2203      89E4B7
 2204 0101 239FA1A8 		.ascii	"#\237\241\250\374.\312\010\224\221(F\224\367Q^\221c"
 2204      FC2ECA08 
 2204      94912846 
 2204      94F7515E 
 2204      9163
 2205 0113 3209524E 		.ascii	"2\011RN>D\211G\261\240$\240\330\344|\275\032$\366n\210"
 2205      3E448947 
 2205      B1A024A0 
 2205      D8E47CBD 
 2205      1A24F66E 
 2206 0128 15DE45EC 		.ascii	"\025\336E\354\255r\274\245r=\224\270\355 \325%\226q"
 2206      AD72BCA5 
 2206      723D94B8 
 2206      ED20D525 
 2206      9671
 2207 013a 90E3AF97 		.ascii	"\220\343\257\227s\340\037;\213\227\010\022v\\\020\354"
 2207      73E01F3B 
 2207      8B970812 
 2207      765C10EC 
 2208 014a DE3828FA 		.ascii	"\3368(\372\341n\227\261ov\210u\014J\204l\317\360\272"
 2208      E16E97B1 
 2208      6F768875 
 2208      0C4A846C 
ARM GAS  C:\Users\acest\AppData\Local\Temp\ccYcWBPs.s 			page 95


 2208      CFF0BA
 2209 015d 77116364 		.ascii	"w\021cd\020\214g\021\343\311.0\022A\212\311'h\363\355"
 2209      108C6711 
 2209      E3C92E30 
 2209      12418AC9 
 2209      2768F3ED 
 2210 0171 4339E68F 		.ascii	"C9\346\217@\233\213\245A\342V\362\236\204\362\0339\017"
 2210      409B8BA5 
 2210      41E256F2 
 2210      9E84F21B 
 2210      390F
 2211 0183 2CEE2B72 		.ascii	",\356+r>.\3129i\224s\301\306\031?\007\3128\024\227<"
 2211      3E2ECA39 
 2211      699473C1 
 2211      C6193F07 
 2211      CA381497 
 2212 0198 179579D9 		.ascii	"\027\225y\331\361\352\213\274{\004\341\375c8\033\036"
 2212      F1EA8BBC 
 2212      7B04E1FD 
 2212      63381B1E 
 2213 01a8 C2512F48 		.ascii	"\302Q/Hk\250#\277\216W\377\377\262fOwQ\263\247\202`"
 2213      6BA823BF 
 2213      8E57FFFF 
 2213      B2664F77 
 2213      51B3A782 
 2214 01bd F4FB3FD6 		.ascii	"\364\373?\326\354r\207\232=\365\0305\373\355\377\250"
 2214      EC72879A 
 2214      3DF51835 
 2214      FBEDFFA8 
 2215 01cd 660A4756 		.ascii	"f\012GV\263\237>B\315\336\226\367\223\216\274|A\352"
 2215      B39F3E42 
 2215      CDDE96F7 
 2215      938EBC7C 
 2215      41EA
 2216 01df E64679CE 		.ascii	"\346Fy\316\257n\275\273\250\333\363Ap\206\"\316O\036"
 2216      AF6EBDBB 
 2216      A8DBF341 
 2216      708622CE 
 2216      4F1E
 2217 01f1 82A3E4C1 		.ascii	"\202\243\344\301\340\227\007%\007\035\343\177X\275\224"
 2217      E0970725 
 2217      071DE37F 
 2217      58BD94
 2218 0200 1C283951 		.ascii	"\034(9Q\366\032\226\217\347\037\241N\243\220g\267.x"
 2218      F61A968F 
 2218      E71FA14E 
 2218      A39067B7 
 2218      2E78
 2219 0212 2682B6D7 		.ascii	"&\202\266\327\031\036\201\243R\237`\234\330^\377\322"
 2219      191E81A3 
 2219      529F609C 
 2219      D85EFFD2 
 2220 0222 43EAF229 		.ascii	"C\352\362)\205\017\200\035\210\021\274%P\"\364\365\360"
 2220      850F801D 
 2220      8811BC25 
 2220      5022F4F5 
 2220      F0
ARM GAS  C:\Users\acest\AppData\Local\Temp\ccYcWBPs.s 			page 96


 2221 0233 6BD96801 		.ascii	"k\331h\0016I\026o\205P\013\323\354\016:\274GA\257\205"
 2221      3649166F 
 2221      85500BD3 
 2221      EC0E3ABC 
 2221      4741AF85 
 2222 0247 947CDA7A 		.ascii	"\224|\332z\263\322 \372<\236\026\217o\212Y\200\315\000"
 2222      B3D220FA 
 2222      3C9E168F 
 2222      6F8A5980 
 2222      CD00
 2223 0259 25204031 		.ascii	"% @1\240\227\"\200\215\000\205\200\312\006\356\334\310"
 2223      A0972280 
 2223      8D008580 
 2223      CA06EEDC 
 2223      C8
 2224 026a 5BCCEB04 		.ascii	"[\314\353\004:F@\353\346\303\265e\006\321\323\321z\033"
 2224      3A4640EB 
 2224      E6C3B565 
 2224      06D1D3D1 
 2224      7A1B
 2225 027c A01A5A6F 		.ascii	"\240\032Zo\005\330\002\250vd\341\346lc(\007YR\246\203"
 2225      05D802A8 
 2225      7664E1E6 
 2225      6C632807 
 2225      5952A683 
 2226 0290 ED202B0A 		.ascii	"\355 +\012\340\003Ab\324\213\337M\234\227O\352z\222"
 2226      E0034162 
 2226      D48BDF4D 
 2226      9C974FEA 
 2226      7A92
 2227 02a2 260BD421 		.ascii	"&\013\324!P\017\2063\025e\0060\310smk\363I\017)6\037"
 2227      500F8633 
 2227      15650630 
 2227      C8736D6B 
 2227      F3490F29 
 2228 02b8 8F0B7603 		.ascii	"\217\013v\003T\001\342\261<\315\343Js\253\262\032\304"
 2228      5401E2B1 
 2228      3CCDE34A 
 2228      73ABB21A 
 2228      C4
 2229 02c9 40A53D9A 		.ascii	"@\245=\232\022\363\322\224^i\322\030\355\325\030U\343"
 2229      12F3D294 
 2229      5E69D218 
 2229      EDD51855 
 2229      E3
 2230 02da 8D2E665E 		.ascii	"\215.f^\014G\256^[\034\322\343\205\027\320\311\024\364"
 2230      0C47AE5E 
 2230      5B1CD2E3 
 2230      8517D0C9 
 2230      14F4
 2231 02ec A313A01C 		.ascii	"\243\023\240\034\240\0148\340w\314\027\324\000\354g"
 2231      A00C38E0 
 2231      77CC17D4 
 2231      00EC67
 2232 02fb 1ED1D1AD 		.ascii	"\036\321\321\255\334\031\263\312\303\3630\017\241\350"
 2232      DC19B3CA 
 2232      C3F3300F 
ARM GAS  C:\Users\acest\AppData\Local\Temp\ccYcWBPs.s 			page 97


 2232      A1E8
 2233 0309 03F67115 		.ascii	"\003\366q\025\305i_\201\345\206\251ys\3223=\221\222"
 2233      C5695F81 
 2233      E586A979 
 2233      73D2333D 
 2233      9192
 2234 031b 4E65279D 		.ascii	"Ne'\235X\306\355B\353\271\232\320\036\235@\367t\004"
 2234      58C6ED42 
 2234      EBB99AD0 
 2234      1E9D40F7 
 2234      7404
 2235 032d 5D4875B7 		.ascii	"]Hu\267\362\026-1\365\350Lp\027\300A\256{\210)\342\360"
 2235      F2162D31 
 2235      F5E84C70 
 2235      17C041AE 
 2235      7B8829E2 
 2236 0342 AD969CD5 		.ascii	"\255\226\234\325_v\237\304\331\035\000\370\226\217K"
 2236      5F769FC4 
 2236      D91D00F8 
 2236      968F4B
 2237 0351 CA0A32CD 		.ascii	"\312\0122\315!\014}z\373\316I\021\235\321k\003<\362"
 2237      210C7D7A 
 2237      FBCE4911 
 2237      9DD16B03 
 2237      3CF2
 2238 0363 FA44D245 		.ascii	"\372D\322ED\240+\230\225a\363\364\302\345\272\247\001"
 2238      44A02B98 
 2238      9561F3F4 
 2238      C2E5BAA7 
 2238      01
 2239 0374 F0CF4CE0 		.ascii	"\360\317L\340$L\366xt\370\203\001\327{\246\204\012\320"
 2239      244CF678 
 2239      74F88301 
 2239      D77BA684 
 2239      0AD0
 2240 0386 0F5E16E0 		.ascii	"\017^\026\340\030`\227\000\307\001N\000]\205\266\353"
 2240      18609700 
 2240      C7014E00 
 2240      5D85B6EB 
 2241 0396 500A5136 		.ascii	"P\012Q6\243l#\222\327hi\012\020Z\301\034w\337\322\272"
 2241      A36C2392 
 2241      D768690A 
 2241      105AC11C 
 2241      77DFD2BA 
 2242 03aa 757328D6 		.ascii	"us(\326@\2724Z\347\001\3161\356\0278\251\006\200+\000"
 2242      40BA345A 
 2242      E701CE31 
 2242      EE1738A9 
 2242      06802B00 
 2243 03be F5009701 		.ascii	"\365\000\227\001.\0024\001\\\002hT*\343\235\337\356"
 2243      2E023401 
 2243      5C026854 
 2243      2AE39DDF 
 2243      EE
 2244 03cf 940A530A 		.ascii	"\224\012S\012P\007\314FI\372\021\340\261\243_\357=\344"
 2244      5007CC46 
 2244      49FA11E0 
ARM GAS  C:\Users\acest\AppData\Local\Temp\ccYcWBPs.s 			page 98


 2244      B1A35FEF 
 2244      3DE4
 2245 03e1 6C0E85C3 		.ascii	"l\016\205\303\000\025\\E\311\316NI\205\315\225\333m"
 2245      00155C45 
 2245      C9CE4E49 
 2245      85CD95DB 
 2245      6D
 2246 03f2 632B7D80 		.ascii	"c+}\200\223\026N\007x)SU\274w\212\271\027T9\325YE\236"
 2246      93164E07 
 2246      78295355 
 2246      BC778AB9 
 2246      175439D5 
 2247 0409 02CDAACE 		.ascii	"\002\315\252\316\231\000\035\277Y\322\244\252\234\355"
 2247      99001DBF 
 2247      59D2A4AA 
 2247      9CED
 2248 0417 A4C2E9B6 		.ascii	"\244\302\351\266\334\377A\307\270 \335\357\003\350\356"
 2248      DCFF41C7 
 2248      B820DDEF 
 2248      03E8EE
 2249 0426 D0B8DC2D 		.ascii	"\320\270\334-\364xh(\346\034\216r\025V\0049d\204\241"
 2249      F4786828 
 2249      E61C8E72 
 2249      15560439 
 2249      6484A1
 2250 0439 1ECAEABD 		.ascii	"\036\312\352\275p\375\314\306\360\036\035\023\013W\341"
 2250      70FDCCC6 
 2250      F01E1D13 
 2250      0B57E1
 2251 0448 3FA6168D 		.ascii	"?\246\026\215\213\362?\235g\326\226Q\263F\264\005\270"
 2251      8BF23F9D 
 2251      67D69651 
 2251      B346B405 
 2251      B8
 2252 0459 C2CCF6E5 		.ascii	"\302\314\366\345?\347\343\276 \013\037\307\367\344\177"
 2252      3FE7E3BE 
 2252      200B1FC7 
 2252      F7E47F
 2253 0468 D387EF3E 		.ascii	"\323\207\357>\276.w\037\324\252\231r\2612L\2039\254"
 2253      BE2E771F 
 2253      D4AA9972 
 2253      B1324C83 
 2253      39AC
 2254 047a B96995F6 		.ascii	"\271i\225\366\217\027\325\275\357E\014l:\017l_\245\357"
 2254      8F17D5BD 
 2254      EF450C6C 
 2254      3A0F6C5F 
 2254      A5EF
 2255 048c 4678E79D 		.ascii	"Fx\347\235\355\006\240\016\372\276\016\320\306|\257"
 2255      ED06A00E 
 2255      FABE0ED0 
 2255      C67CAF
 2256 049b 3E5F5A17 		.ascii	">_Z\027z\001\370\333\245\316\006\230\253\327\360&\012"
 2256      7A01F8DB 
 2256      A5CE0698 
 2256      ABD7F026 
 2256      0A
ARM GAS  C:\Users\acest\AppData\Local\Temp\ccYcWBPs.s 			page 99


 2257 04ac 1F5221CA 		.ascii	"\037R!\312C<\304`\243D\244\"\265\211\225\360Lt\033\035"
 2257      433CC460 
 2257      A344A422 
 2257      B58995F0 
 2257      4C741B1D 
 2258 04c0 6022D111 		.ascii	"`\"\321\021\242ie9D\212z\023!\365F\233\030}\007\326"
 2258      A2696539 
 2258      448A7A13 
 2258      21F5469B 
 2258      187D07D6 
 2259 04d4 9025865E 		.ascii	"\220%\206^\003<:\333\314\236\365F\017\231\375^T\277"
 2259      033C3ADB 
 2259      CC9EF546 
 2259      0F99FD5E 
 2259      54BF
 2260 04e6 0178AF37 		.ascii	"\001x\2577V\202\015\255\206\353L\221\330\2527\212mt"
 2260      56820DAD 
 2260      86EB4C91 
 2260      D8AA378A 
 2260      6D74
 2261 04f8 49B6C156 		.ascii	"I\266\301VM\246\275\210\353_\264\305Ea\352\007\230L"
 2261      4DA6BD88 
 2261      EB5FB4C5 
 2261      4561EA07 
 2261      984C
 2262 050a CF4494D1 		.ascii	"\317D\224\3212:\004\337pM\336u=\305zc\004\272\210\266"
 2262      323A04DF 
 2262      704DDE75 
 2262      3DC57A63 
 2262      04BA88B6 
 2263 051e F58AB4F5 		.ascii	"\365\212\264\365\212\250\004\275\315&FE\013H\302\026"
 2263      8AA804BD 
 2263      CD264645 
 2263      0B48C216 
 2264 052e 17378088 		.ascii	"\0277\200\210\350Yg\252\2048\012\241q\236\263\015O\210"
 2264      E85967AA 
 2264      84380AA1 
 2264      719EB30D 
 2264      4F88
 2265 0540 7AD1FC4C 		.ascii	"z\321\374L\257h<O\205!\004\375\322\007\312\005F\304"
 2265      AF683C4F 
 2265      852104FD 
 2265      D207CA05 
 2265      46C4
 2266 0552 B4698F00 		.ascii	"\264i\217\000\321\"\211#\364\355z<\002\011\351\205\273"
 2266      D1228923 
 2266      F4ED7A3C 
 2266      0209E985 
 2266      BB
 2267 0563 83CE141A 		.ascii	"\203\316\024\032\212\233\272\316d\266\274m\033\036'"
 2267      8A9BBACE 
 2267      64B6BC6D 
 2267      1B1E27
 2268 0572 0AF54682 		.ascii	"\012\365F\202CQ:\360\020\320,E\203\000P\034\206)\344"
 2268      43513AF0 
 2268      10D02C45 
 2268      8300501C 
ARM GAS  C:\Users\acest\AppData\Local\Temp\ccYcWBPs.s 			page 100


 2268      8629E4
 2269 0585 FFD80DE4 		.ascii	"\377\330\015\344\033\260G\220\276\310\024\030\336\317"
 2269      1BB04790 
 2269      BEC81418 
 2269      DECF
 2270 0593 365E226B 		.ascii	"6^\"k3\025\251W\375\221\333L\201\310~\210|\240\201d"
 2270      3315A957 
 2270      FD91DB4C 
 2270      81C87E88 
 2270      7CA08164 
 2271 05a7 2383B0BB 		.ascii	"#\203\260\273\237sU\005d\025\305\217d#+\250\266r\223"
 2271      9F735505 
 2271      6415C58F 
 2271      64232BA8 
 2271      B67293
 2272 05ba 617065E2 		.ascii	"ape\342o\303\355\002\210k.\005\325\255BI\220\036p\336"
 2272      6FC3ED02 
 2272      886B2E05 
 2272      D5AD4249 
 2272      901E70DE 
 2273 05ce EC987B22 		.ascii	"\354\230{\"S\177\221\035\206-\033\367\205A\317\331\003"
 2273      537F911D 
 2273      862D1BF7 
 2273      8541CFD9 
 2273      03
 2274 05df 04A005D2 		.ascii	"\004\240\005\322\222\332^\222\257\3231e\334o\034\330"
 2274      92DA5E92 
 2274      AFD33165 
 2274      DC6F1CD8 
 2275 05ef 3175C1A5 		.ascii	"1u\301\2459\341\274\003Wl;\233u'2\012r \340\200\022"
 2275      39E1BC03 
 2275      576C3B9B 
 2275      7527320A 
 2275      7220E080 
 2276 0604 E09E763C 		.ascii	"\340\236v<\025\357Z\325N\003\317/\\\220~\012\233\367"
 2276      15EF5AD5 
 2276      4E03CF2F 
 2276      5C907E0A 
 2276      9BF7
 2277 0616 962C0DD7 		.ascii	"\226,\015\327V\304}mE<\220\026\326\226\314\372U\021"
 2277      56C47D6D 
 2277      453C9016 
 2277      D696CCFA 
 2277      5511
 2278 0628 1C1263BA 		.ascii	"\034\022c\272\013|k%|k\215\304\321\266\242\353o=\201"
 2278      0B7C6B25 
 2278      7C6B8DC4 
 2278      D1B6A2EB 
 2278      6F3D81
 2279 063b BE1B3D9E 		.ascii	"\276\033=\236(H\204\311\004&a\342!\0353\343!\334\376"
 2279      284884C9 
 2279      042661E2 
 2279      211D33E3 
 2279      21DCFE
 2280 064e EAA4C246 		.ascii	"\352\244\302F\343s\271\271\236[sN]\275\364\313\263\270"
 2280      E373B9B9 
 2280      9E5B734E 
ARM GAS  C:\Users\acest\AppData\Local\Temp\ccYcWBPs.s 			page 101


 2280      5DBDF4CB 
 2280      B3B8
 2281 0660 1F65A081 		.ascii	"\037e\240\201\211)\301\035\231\210\200-\001n\003\334"
 2281      8929C11D 
 2281      9988802D 
 2281      016E03DC 
 2282 0670 82B7769B 		.ascii	"\202\267v\233\351Z\035\263\\\271~\177\241QAf\321\267"
 2282      E95A1DB3 
 2282      5CB97E7F 
 2282      A1514166 
 2282      D1B7
 2283 0682 7F352F2C 		.ascii	"\1775/,\010X&\202M\225\300\026\357\252\252\241\014\314"
 2283      08582682 
 2283      4D95C016 
 2283      EFAAAAA1 
 2283      0CCC
 2284 0694 9B9D81A7 		.ascii	"\233\235\201\247#n\304xzd\022\310 \012N\006Qpr\314\264"
 2284      236EC478 
 2284      7A6412C8 
 2284      200A4E06 
 2284      517072CC 
 2285 06a9 98E3144F 		.ascii	"\230\343\024O.j\010\347F\227\323\375\215\262T\243,\325"
 2285      2E6A08E7 
 2285      4697D3FD 
 2285      8DB254A3 
 2285      2CD5
 2286 06bb C86BA665 		.ascii	"\310k\246e\334\350\340\372\033\307L\234\334M\211\334"
 2286      DCE8E0FA 
 2286      1BC74C9C 
 2286      DC4D89DC 
 2287 06cb 94FCED4B 		.ascii	"\224\374\355K\314\274\0037\247\231\004{\276X7\177[\230"
 2287      CCBC0337 
 2287      A799047B 
 2287      BE58377F 
 2287      5B98
 2288 06dd C23F9BF5 		.ascii	"\302?\233\365\334^{R\247\006\200jJ\004\263\320\177\216"
 2288      DC5E7B52 
 2288      A706806A 
 2288      4A04B3D0 
 2288      7F8E
 2289 06ef 1441EEDE 		.ascii	"\024A\356\336\345\013\"\030\231\226\351\227\306\255"
 2289      E50B2218 
 2289      9996E997 
 2289      C6AD
 2290 06fd 644B1A47 		.ascii	"dK\032Ga\206Je\206J\345\252\221\036\344T\274W\363\233"
 2290      61864A65 
 2290      864AE5AA 
 2290      911EE454 
 2290      BC57F39B 
 2291 0711 F59C7FB5 		.ascii	"\365\234\177\265\0264\032\315Q\215\346\250F\325&z\236"
 2291      16341ACD 
 2291      518DE6A8 
 2291      46D5267A 
 2291      9E
 2292 0722 1B356C7B 		.ascii	"\0335l{0^a\313\350\237.\271\375O\205\353<\3065}w\321"
 2292      305E61CB 
 2292      E89F2EB9 
ARM GAS  C:\Users\acest\AppData\Local\Temp\ccYcWBPs.s 			page 102


 2292      FD4F85EB 
 2292      3CC6357D 
 2293 0738 494330B2 		.ascii	"IC0\262\363\321\331g\022\331\205\363\012v\213\034\271"
 2293      F3D1D967 
 2293      12D985F3 
 2293      0A768B1C 
 2293      B9
 2294 0749 2153459E 		.ascii	"!SE\236O`\256\212<WE\3167\322&\216|\264\261nc(7z\220"
 2294      4F60AE8A 
 2294      3C5745CE 
 2294      37D2268E 
 2294      7CB4B16E 
 2295 0762 E54F3757 		.ascii	"\345O7W5\312U\215\356\351i\272\236\031e]\2719G\252Q"
 2295      35CA558D 
 2295      EEE969BA 
 2295      9E19655D 
 2295      B93947AA 
 2296 0777 5580D102 		.ascii	"U\200\321\002\325h\201jt\326@s\271\321\271\212\354\\"
 2296      D568816A 
 2296      74D64073 
 2296      B9D1B98A 
 2296      EC5C
 2297 0789 2931F533 		.ascii	")1\3653\374\351\345\251Fy\252\321\006=\315\327\007-"
 2297      FCE9E5A9 
 2297      4679AAD1 
 2297      063DCDD7 
 2297      072D
 2298 079b ECE12335 		.ascii	"\354\341#5\337\207)kn1K\315\375Ys\366\210J\262\226\260"
 2298      DF87296B 
 2298      6E314BCD 
 2298      FD5973F6 
 2298      884AB296 
 2299 07b0 9E13472E 		.ascii	"\236\023G.\335\327\007K\3262\004X*%\253lfC\006\257\254"
 2299      DDD7074B 
 2299      D6320458 
 2299      2A25AB6C 
 2299      664306AF 
 2300 07c5 F76EB6CA 		.ascii	"\367n\266\312f\031\201E*\233E"
 2300      66198145 
 2300      2A9B45
 2301 07d0 2A9B2C1D 		.ascii	"*\233,\035-\341l\252/\316/\007n\264=\300h\205j\264B"
 2301      2DE16CAA 
 2301      2FCE2F07 
 2301      6EB43DC0 
 2301      68856AB4 
 2302 07e5 356AD2D1 		.ascii	"5j\322\321*n\264|_\316R\2520f!4e\265\325\201B8\237\021"
 2302      2A6EB47C 
 2302      5FCE52AA 
 2302      30662134 
 2302      65B5D581 
 2303 07fd 5E76B0F5 		.ascii	"^v\260\365\2561\030\341\257\321\335J\211\360\232\222"
 2303      AE3118E1 
 2303      AFD1DD4A 
 2303      89F09A92 
 2304 080d DDCB08C7 		.ascii	"\335\313\010\307\256\233\245b\177M\340+\025\373+\025"
 2304      AE9BA562 
 2304      7F4DE02B 
ARM GAS  C:\Users\acest\AppData\Local\Temp\ccYcWBPs.s 			page 103


 2304      15FB2B15 
 2305 081d BB84D25A 		.ascii	"\273\204\322Z}\260yUW\327\272\314\020\270\001\341;\345"
 2305      7DB07955 
 2305      57D7BACC 
 2305      10B801E1 
 2305      3BE5
 2306 082f 5AA26E40 		.ascii	"Z\242n@\315\005\033\313C\003\025j\003\024\036\034:r"
 2306      CD051BCB 
 2306      4303156A 
 2306      03141E1C 
 2306      3A72
 2307 0841 07B41D6A 		.ascii	"\007\264\035j\035Qw\250\365\022\317\257\233\2429\342"
 2307      1D5177A8 
 2307      F512CFAF 
 2307      9BA239E2 
 2308 0851 7A828727 		.ascii	"z\202\207'{\361<\263\370_A\266\211\002$\353\225,n\245"
 2308      7BF13CB3 
 2308      F85F41B6 
 2308      890224EB 
 2308      952C6EA5 
 2309 0865 A76FC03D 		.ascii	"\247o\300=\011\337\350\362\232g\027<\273#}I4\016\303"
 2309      09DFE8F2 
 2309      9A67173C 
 2309      BB237D49 
 2309      340EC3
 2310 0878 6A35B0D5 		.ascii	"j5\260\325\374\364\240y\006\246\235Y\232\263G\014\342"
 2310      FCF4A079 
 2310      06A69D59 
 2310      9AB3470C 
 2310      E2
 2311 0889 105F38C1 		.ascii	"\020_8\301!}\004\3148\260\2152\177\305\233[\275\177"
 2311      217D04CC 
 2311      38B08D32 
 2311      7FC59B5B 
 2311      BD7F
 2312 089b CDF39411 		.ascii	"\315\363\224\021\034\204\015\252\273\015\222\2733\206"
 2312      1C840DAA 
 2312      BB0D92BB 
 2312      3386
 2313 08a9 A0136C55 		.ascii	"\240\023lU\323\356\215\240DP\304\"\250\370\374\202/"
 2313      D3EE8DA0 
 2313      4450C422 
 2313      A8F8FC82 
 2313      2F
 2314 08ba 2258754A 		.ascii	"\"XuJ\020\262X\212\341N\361\374I&9\206\226\305\275y"
 2314      10B2588A 
 2314      E14EF1FC 
 2314      49263986 
 2314      96C5BD79 
 2315 08ce 0C250436 		.ascii	"\014%\0046\251\240\233$\320\353\034\364\306\232\023"
 2315      A9A09B24 
 2315      D0EB1CF4 
 2315      C69A13
 2316 08dd 4522D36E 		.ascii	"E\"\323n\2316cj\216\007\206\263xKU\335R\"\037FU[f\346"
 2316      9936636A 
 2316      8E0786B3 
 2316      784B55DD 
ARM GAS  C:\Users\acest\AppData\Local\Temp\ccYcWBPs.s 			page 104


 2316      52221F46 
 2317 08f5 856AC93E 		.ascii	"\205j\311>\240\035\007[Q\205f\032\371\306\274\377\344"
 2317      A01D075B 
 2317      5185661A 
 2317      F9C6BCFF 
 2317      E4
 2318 0906 4AE914AA 		.ascii	"J\351\024\252\226\"XX\261\372lD\220\014\371\220\356"
 2318      96225858 
 2318      B1FA6C44 
 2318      900CF990 
 2318      EE
 2319 0917 766C3C37 		.ascii	"vl<7;\227}\326l\313\014\301\267g\234G;t8\004\333dx\330"
 2319      3B977DD6 
 2319      6CCB0CC1 
 2319      B7679C47 
 2319      3B743804 
 2320 092f C1DAEAEA 		.ascii	"\301\332\352\352\015\241\237q\224\332u\273o\033\224"
 2320      0DA19F71 
 2320      94DA75BB 
 2320      6F1B94
 2321 093e B43094A2 		.ascii	"\2640\224\242\023_^'APv\242m\271\214R\234\327\274\277"
 2321      135F5E27 
 2321      415076A2 
 2321      6DB98C52 
 2321      9CD7BCBF 
 2322 0952 1554949D 		.ascii	"\025T\224\235\004\312\024\224\012\326VPN\211t\025Gi"
 2322      04CA1494 
 2322      0AD65650 
 2322      4E897415 
 2322      4769
 2323 0964 ACB8BC37 		.ascii	"\254\270\2747\254\363\313\335.\022\370r\267\361\352"
 2323      ACF3CBDD 
 2323      2E12F872 
 2323      B7F1EA
 2324 0973 5DAF5EFD 		.ascii	"]\257^\375>\305#PIK%\272\354\013/\323\015\314\233\341"
 2324      3EC52350 
 2324      494B25BA 
 2324      EC0B2FD3 
 2324      0DCC9BE1 
 2325 0987 DEA1DAFD 		.ascii	"\336\241\332\375FQ\372|\341\237,e\223\250\374\315\262"
 2325      4651FA7C 
 2325      E19F2C65 
 2325      93A8FCCD 
 2325      B2
 2326 0998 9B4015EA 		.ascii	"\233@\025\352\356!\260\227\260&\022\274\3733\374e\221"
 2326      EE21B097 
 2326      B02612BC 
 2326      FB33FC65 
 2326      91
 2327 09a9 2EBFB385 		.ascii	".\277\263\205v\227\336\234\377\206]jd\325\204\003H\337"
 2327      7697DE9C 
 2327      FF865D6A 
 2327      64D58403 
 2327      48DF
 2328 09bb 3306D4CC 		.ascii	"3\006\324\314/\231\266\307\034\214\306w\234\306>\302"
 2328      2F99B6C7 
 2328      1C8CC677 
ARM GAS  C:\Users\acest\AppData\Local\Temp\ccYcWBPs.s 			page 105


 2328      9CC63EC2 
 2329 09cb 358DFC78 		.ascii	"5\215\374x\3765\233k\347/\226E\370{\256!\260\237y>@"
 2329      FE359B6B 
 2329      E72F9645 
 2329      F87BAE21 
 2329      B09F793E 
 2330 09e0 B80DCBC0 		.ascii	"\270\015\313\300\206\363\276M~\353+S[_\007%\205\252"
 2330      86F3BE4D 
 2330      7EEB2B53 
 2330      5B5F0725 
 2330      85AA
 2331 09f2 93DE76BF 		.ascii	"\223\336v\277O\334BM\341\020\233\023\305F\201\356\342"
 2331      4FDC424D 
 2331      E1109B13 
 2331      C54681EE 
 2331      E2
 2332 0a03 B99C5156 		.ascii	"\271\234QV\236\307*\006\207%\303\331\323\016\275\306"
 2332      9EC72A06 
 2332      8725C3D9 
 2332      D30EBDC6 
 2333 0a13 0BF8AD54 		.ascii	"\013\370\255T\300\343\331_d\031\203\024\360\030\222"
 2333      C0E3D95F 
 2333      64198314 
 2333      F01892
 2334 0a22 39AA4C93 		.ascii	"9\252L\223\243\367\275\355}\312\323=x\366\315\256$8"
 2334      A3F7BDED 
 2334      7DCAD33D 
 2334      78F6CDAE 
 2334      2438
 2335 0a34 06B55205 		.ascii	"\006\265R\005\341\010\201\343\354I\251\341\256\020\272"
 2335      E10881E3 
 2335      EC49A9E1 
 2335      AE10BA
 2336 0a43 D424196D 		.ascii	"\324$\031mZ~\2556\266L2\372\023cxB\251\372I\326V,V\207"
 2336      5A7EAD36 
 2336      B64C32FA 
 2336      13637842 
 2336      A9FA49D6 
 2337 0a5b D03A5327 		.ascii	"\320:S'\246\334\303\242\374\202\271\306R\351\345d\362"
 2337      A6DCC3A2 
 2337      FC82B9C6 
 2337      52E9E564 
 2337      F2
 2338 0a6c 2FD8E286 		.ascii	"/\330\342\206:\031\367\024\201\323\354I\361\2625\204"
 2338      3A19F714 
 2338      81D3EC49 
 2338      F1B23584 
 2339 0a7c AE342BB8 		.ascii	"\2564+\2705\307\002p\317(\270gY[\261x \322BsW\270\327"
 2339      35C70270 
 2339      CF28B867 
 2339      595BB178 
 2339      20D24273 
 2340 0a93 3EEF807B 		.ascii	">\357\200{N\306=O\340{\366\244x)\014a_\031\307\212\217"
 2340      4EC63D4F 
 2340      E07BF6A4 
 2340      78290C61 
 2340      5F19C78A 
ARM GAS  C:\Users\acest\AppData\Local\Temp\ccYcWBPs.s 			page 106


 2341 0aa8 8B5A310A 		.ascii	"\213Z1\012\264b\\\220\222\276\271\2764[\247)\314\322"
 2341      B4625C90 
 2341      92BEB9BE 
 2341      345BA729 
 2341      CCD2
 2342 0aba 142E4A0A 		.ascii	"\024.J\012\227\3532f\362\377\322\230\342{\374\357\264"
 2342      97EB3266 
 2342      F2FFD298 
 2342      E27BFCEF 
 2342      B4
 2343 0acb 1B3BBF39 		.ascii	"\033;\2779\025\242y\277\244y\257\227\274g\024\256\271"
 2343      15A279BF 
 2343      A479AF97 
 2343      BC6714AE 
 2343      B9
 2344 0adc ED379B4A 		.ascii	"\3557\233J4\205\313l\262\370x\032\266|V\375\271\264"
 2344      3485CB6C 
 2344      B2F8781A 
 2344      B67C56FD 
 2344      B9B4
 2345 0aee E7FB82BF 		.ascii	"\347\373\202\277\225nkZ\261\326\017\246A\363\322(\301"
 2345      956E6B5A 
 2345      B1D60FA6 
 2345      41F3D228 
 2345      C1
 2346 0aff B4A57BD7 		.ascii	"\264\245{\327\207\362\271\325(\315\255SYEGM\352\334"
 2346      87F2B9D5 
 2346      28CDAD53 
 2346      5945474D 
 2346      EADC
 2347 0b11 2AD5B6CC 		.ascii	"*\325\266\314\253\230\277&%\333\336\371\271\025\312"
 2347      AB98BF26 
 2347      25DBDEF9 
 2347      B915CA
 2348 0b20 1EF4020E 		.ascii	"\036\364\002\016\301\025\245^\315\254\255dz\207H\253"
 2348      C115A55E 
 2348      CDACAD64 
 2348      7A8748AB 
 2349 0b30 A50A7BBF 		.ascii	"\245\012{\277\223_\251$\365\026E\375\032k+\352\223D"
 2349      935FA924 
 2349      F51645FD 
 2349      1A6B2BEA 
 2349      9344
 2350 0b42 7A5A562F 		.ascii	"zZV/\016P\377AQoemE}\205\3106\263\362\255\231z-\302"
 2350      0E50FF41 
 2350      516F656D 
 2350      457D85C8 
 2350      36B3F2AD 
 2351 0b5a 655A846D 		.ascii	"eZ\204ml/\376CLL_\377\277A\211I\243\223F\272\323lI\216"
 2351      6C2FFE43 
 2351      4C4C5FFF 
 2351      BF418949 
 2351      A39346BA 
 2352 0b72 BE56D676 		.ascii	"\276V\326v\270\342bcc\373:\\\370\227\2344\272\257\313"
 2352      B8E26263 
 2352      63FB3A5C 
 2352      F8979C34 
ARM GAS  C:\Users\acest\AppData\Local\Temp\ccYcWBPs.s 			page 107


 2352      BAAFCB
 2353 0b85 69C58194 		.ascii	"i\305\201\224\321\216\011vW\214\3254\364\275Q\275\006"
 2353      D18E0976 
 2353      578CD534 
 2353      F4BD51BD 
 2353      06
 2354 0b96 C5F617A2 		.ascii	"\305\366\027\242\264\276\230\321qc\254/\333\343\022"
 2354      B4BE98D1 
 2354      7163AC2F 
 2354      DBE312
 2355 0ba5 04832BE9 		.ascii	"\004\203+\351\037v\213[\237\342\372\310\342&\343>\211"
 2355      1F768B5B 
 2355      9FE2FAC8 
 2355      E226E33E 
 2355      89
 2356 0bb6 B4265ADC 		.ascii	"\264&Z\334\211N{\202\315e\031\227fO\263\353\371]\227"
 2356      894E7B82 
 2356      CD651997 
 2356      664FB3EB 
 2356      F95D97
 2357 0bc9 6A9FE036 		.ascii	"j\237\3406\341\030\177\022\225\206\305\255\033\353\264"
 2357      E1187F12 
 2357      9586C5AD 
 2357      1BEBB4
 2358 0bd8 8FEF677D 		.ascii	"\217\357g}=\2363qqV\361~\254\342\035\256x\247;>)\325"
 2358      3D9E3371 
 2358      7156F17E 
 2358      ACE21DAE 
 2358      78A73B3E 
 2359 0bee 9A9C66B3 		.ascii	"\232\234f\263\343H2*\271b\022\205W\037\303\3061\372"
 2359      E348322A 
 2359      B9621285 
 2359      571FC3C6 
 2359      31FA
 2360 0c00 EF762BB7 		.ascii	"\357v+\267\212\010\340\206\274\235v\227\335\255\267"
 2360      8A08E086 
 2360      BC9D7697 
 2360      DDADB7
 2361 0c0f BCE17024 		.ascii	"\274\341p$Sk*>\333\306\272\235\372O\234x\247n\307X\303"
 2361      536B2A3E 
 2361      DBC6BA9D 
 2361      FA4F9C78 
 2361      A76EC758 
 2362 0c24 E8B43163 		.ascii	"\350\2641c\354N2\316\331\377\341x<s~\220r\246\022\005"
 2362      EC4E32CE 
 2362      D9FFE178 
 2362      3C737E90 
 2362      72A61205 
 2363 0c38 734A4252 		.ascii	"sJBR2>X\334a\256\211\256\244T\267\3359>!\331\342\246"
 2363      323E58DC 
 2363      61AE89AE 
 2363      A454B7DD 
 2363      393E21D9 
 2364 0c4e B1AF09E6 		.ascii	"\261\257\011\346\004g\312\370\376\366>)\202hu8\335\366"
 2364      0467CAF8 
 2364      FEF63E29 
 2364      82687538 
ARM GAS  C:\Users\acest\AppData\Local\Temp\ccYcWBPs.s 			page 108


 2364      DDF6
 2365 0c60 097D525E 		.ascii	"\011}R^\021\302\255\211\357\276\361g\316xXj\222\373"
 2365      11C2AD89 
 2365      EFBEF167 
 2365      CE78586A 
 2365      92FB
 2366 0c72 57835E8F 		.ascii	"W\203^\217\037\345\262;]\361\011V\273\313\035\377\246"
 2366      1FE5B23B 
 2366      5DF10956 
 2366      BBCB1DFF 
 2366      A6
 2367 0c83 DDF53112 		.ascii	"\335\3651\022\213\037\02130fP\314\340x'v[\306:\035L"
 2367      8B1F1133 
 2367      306650CC 
 2367      E0782776 
 2367      5BC63A1D 
 2368 0c98 5FF8E38F 		.ascii	"_\370\343\217+5\322@\354\021,%\303\314j3\222\265\206"
 2368      2B35D240 
 2368      EC112C25 
 2368      C3CC6A33 
 2368      92B586
 2369 0cab 3B5CEEF7 		.ascii	";\\\356\367\223R\354\2164\367\310\210\016\035f\345y"
 2369      9352EC8E 
 2369      34F7C888 
 2369      0E1D66E5 
 2369      79
 2370 0cbc 584FA535 		.ascii	"XO\24550\021\263\254\350G\005\353\015\017\350\034\326"
 2370      3011B3AC 
 2370      E84705EB 
 2370      0D0FE81C 
 2370      D6
 2371 0ccd 8D3D0EB1 		.ascii	"\215=\016\261\273\255\211\212Ud\307\036Q\355\030\206"
 2371      BBAD898A 
 2371      5564C71E 
 2371      51ED1886 
 2372 0cdd 63EF27DA 		.ascii	"c\357'\332\336\264\363*\016LN\036\3668\263A\236\002"
 2372      DEB4F32A 
 2372      0E4C4E1E 
 2372      F638B341 
 2372      9E02
 2373 0cef 581B7433 		.ascii	"X\033t3\322\232\210AZ\023\355\266\264d\373\310\270\307"
 2373      D29A8841 
 2373      5A13EDB6 
 2373      B464FBC8 
 2373      B8C7
 2374 0d01 70834636 		.ascii	"p\203F6\364\021\305\251\014N\345T\024\356\335\374\371"
 2374      F411C5A9 
 2374      0C4EE554 
 2374      14EEDDFC 
 2374      F9
 2375 0d12 BD87537F 		.ascii	"\275\207S\177X\230:\345\223\260\250\222\321_\330\263"
 2375      58983AE5 
 2375      93B0A892 
 2375      D15FD8B3 
 2376 0d22 5669531A 		.ascii	"ViS\032\316\216~q\270&\254\211\011\3160\213\005soyc"
 2376      CE8E7E71 
 2376      B826AC89 
ARM GAS  C:\Users\acest\AppData\Local\Temp\ccYcWBPs.s 			page 109


 2376      09CE308B 
 2376      05736F79 
 2377 0d37 E0C8C1C3 		.ascii	"\340\310\301\303G\014\013KH\376$a\242\013\215\223\223"
 2377      470C0B4B 
 2377      48FE2461 
 2377      A20B8D93 
 2377      93
 2378 0d48 52EDEF3C 		.ascii	"R\355\357<\234\246\325\221\222\342H\215G\330x\234`\361"
 2378      9CA6D591 
 2378      92E2488D 
 2378      47D8789C 
 2378      60F1
 2379 0d5a D6145712 		.ascii	"\326\024W\022\353t\3325\366\254\313\362\221\325\312"
 2379      EB74DA35 
 2379      F6ACCBF2 
 2379      91D5CA
 2380 0d69 26282661 		.ascii	"&(&a\242\353\035\207\365\343\330\307\211~\"\237\334"
 2380      A2EB1D87 
 2380      F5E3D8C7 
 2380      897E229F 
 2380      DC
 2381 0d7a 6371DA5A 		.ascii	"cq\332Z\222\321v\300#Qb\352\256x>\353\373\244\364IH"
 2381      92D176C0 
 2381      235162EA 
 2381      AE783EEB 
 2381      FBA4F449 
 2382 0d8f 76A31E23 		.ascii	"v\243\036#\206\256B8\215Q\251\314Y\010w\233\306\333"
 2382      86AE4238 
 2382      8D51A9CC 
 2382      5908779B 
 2382      C6DB
 2383 0da1 A1ACEA43 		.ascii	"\241\254\352C\355\356\221\270\317H\263\004\037\2068"
 2383      EDEE91B8 
 2383      CF48B304 
 2383      1F8638
 2384 0db0 EDF6418E 		.ascii	"\355\366A\216\264T\267\332\203K\304&\365\374\033;\236"
 2384      B454B7DA 
 2384      834BC426 
 2384      F5FC1B3B 
 2384      9E
 2385 0dc1 59A5     		.ascii	"Y\245"
 2386              		.text
 2387              		.section	.gnu.lto_.symtab.b3bfb8d8,"e",%progbits
 2388 0000 63684D42 		.ascii	"chMBObjectInit\000"
 2388      4F626A65 
 2388      6374496E 
 2388      697400
 2389 000f 00       		.ascii	"\000"
 2390 0010 00       		.ascii	"\000"
 2391 0011 00       		.ascii	"\000"
 2392 0012 00000000 		.ascii	"\000\000\000\000\000\000\000\000"
 2392      00000000 
 2393 001a 04010000 		.ascii	"\004\001\000\000"
 2394 001e 63684D42 		.ascii	"chMBResetI\000"
 2394      52657365 
 2394      744900
 2395 0029 00       		.ascii	"\000"
ARM GAS  C:\Users\acest\AppData\Local\Temp\ccYcWBPs.s 			page 110


 2396 002a 00       		.ascii	"\000"
 2397 002b 00       		.ascii	"\000"
 2398 002c 00000000 		.ascii	"\000\000\000\000\000\000\000\000"
 2398      00000000 
 2399 0034 08010000 		.ascii	"\010\001\000\000"
 2400 0038 63684D42 		.ascii	"chMBReset\000"
 2400      52657365 
 2400      7400
 2401 0042 00       		.ascii	"\000"
 2402 0043 00       		.ascii	"\000"
 2403 0044 00       		.ascii	"\000"
 2404 0045 00000000 		.ascii	"\000\000\000\000\000\000\000\000"
 2404      00000000 
 2405 004d 0A010000 		.ascii	"\012\001\000\000"
 2406 0051 63684D42 		.ascii	"chMBPostTimeoutS\000"
 2406      506F7374 
 2406      54696D65 
 2406      6F757453 
 2406      00
 2407 0062 00       		.ascii	"\000"
 2408 0063 00       		.ascii	"\000"
 2409 0064 00       		.ascii	"\000"
 2410 0065 00000000 		.ascii	"\000\000\000\000\000\000\000\000"
 2410      00000000 
 2411 006d 10010000 		.ascii	"\020\001\000\000"
 2412 0071 63684D42 		.ascii	"chMBPostTimeout\000"
 2412      506F7374 
 2412      54696D65 
 2412      6F757400 
 2413 0081 00       		.ascii	"\000"
 2414 0082 00       		.ascii	"\000"
 2415 0083 00       		.ascii	"\000"
 2416 0084 00000000 		.ascii	"\000\000\000\000\000\000\000\000"
 2416      00000000 
 2417 008c 12010000 		.ascii	"\022\001\000\000"
 2418 0090 63684D42 		.ascii	"chMBPostI\000"
 2418      506F7374 
 2418      4900
 2419 009a 00       		.ascii	"\000"
 2420 009b 00       		.ascii	"\000"
 2421 009c 00       		.ascii	"\000"
 2422 009d 00000000 		.ascii	"\000\000\000\000\000\000\000\000"
 2422      00000000 
 2423 00a5 17010000 		.ascii	"\027\001\000\000"
 2424 00a9 63684D42 		.ascii	"chMBPostAheadTimeoutS\000"
 2424      506F7374 
 2424      41686561 
 2424      6454696D 
 2424      656F7574 
 2425 00bf 00       		.ascii	"\000"
 2426 00c0 00       		.ascii	"\000"
 2427 00c1 00       		.ascii	"\000"
 2428 00c2 00000000 		.ascii	"\000\000\000\000\000\000\000\000"
 2428      00000000 
 2429 00ca 19010000 		.ascii	"\031\001\000\000"
 2430 00ce 63684D42 		.ascii	"chMBPostAheadTimeout\000"
 2430      506F7374 
ARM GAS  C:\Users\acest\AppData\Local\Temp\ccYcWBPs.s 			page 111


 2430      41686561 
 2430      6454696D 
 2430      656F7574 
 2431 00e3 00       		.ascii	"\000"
 2432 00e4 00       		.ascii	"\000"
 2433 00e5 00       		.ascii	"\000"
 2434 00e6 00000000 		.ascii	"\000\000\000\000\000\000\000\000"
 2434      00000000 
 2435 00ee 1B010000 		.ascii	"\033\001\000\000"
 2436 00f2 63684D42 		.ascii	"chMBPostAheadI\000"
 2436      506F7374 
 2436      41686561 
 2436      644900
 2437 0101 00       		.ascii	"\000"
 2438 0102 00       		.ascii	"\000"
 2439 0103 00       		.ascii	"\000"
 2440 0104 00000000 		.ascii	"\000\000\000\000\000\000\000\000"
 2440      00000000 
 2441 010c 1D010000 		.ascii	"\035\001\000\000"
 2442 0110 63684D42 		.ascii	"chMBFetchTimeoutS\000"
 2442      46657463 
 2442      6854696D 
 2442      656F7574 
 2442      5300
 2443 0122 00       		.ascii	"\000"
 2444 0123 00       		.ascii	"\000"
 2445 0124 00       		.ascii	"\000"
 2446 0125 00000000 		.ascii	"\000\000\000\000\000\000\000\000"
 2446      00000000 
 2447 012d 23010000 		.ascii	"#\001\000\000"
 2448 0131 63684D42 		.ascii	"chMBFetchTimeout\000"
 2448      46657463 
 2448      6854696D 
 2448      656F7574 
 2448      00
 2449 0142 00       		.ascii	"\000"
 2450 0143 00       		.ascii	"\000"
 2451 0144 00       		.ascii	"\000"
 2452 0145 00000000 		.ascii	"\000\000\000\000\000\000\000\000"
 2452      00000000 
 2453 014d 25010000 		.ascii	"%\001\000\000"
 2454 0151 63684D42 		.ascii	"chMBFetchI\000"
 2454      46657463 
 2454      684900
 2455 015c 00       		.ascii	"\000"
 2456 015d 00       		.ascii	"\000"
 2457 015e 00       		.ascii	"\000"
 2458 015f 00000000 		.ascii	"\000\000\000\000\000\000\000\000"
 2458      00000000 
 2459 0167 2A010000 		.ascii	"*\001\000\000"
 2460 016b 63685468 		.ascii	"chThdDequeueAllI\000"
 2460      64446571 
 2460      75657565 
 2460      416C6C49 
 2460      00
 2461 017c 00       		.ascii	"\000"
 2462 017d 02       		.ascii	"\002"
ARM GAS  C:\Users\acest\AppData\Local\Temp\ccYcWBPs.s 			page 112


 2463 017e 00       		.ascii	"\000"
 2464 017f 00000000 		.ascii	"\000\000\000\000\000\000\000\000"
 2464      00000000 
 2465 0187 32010000 		.ascii	"2\001\000\000"
 2466 018b 63685363 		.ascii	"chSchRescheduleS\000"
 2466      68526573 
 2466      63686564 
 2466      756C6553 
 2466      00
 2467 019c 00       		.ascii	"\000"
 2468 019d 02       		.ascii	"\002"
 2469 019e 00       		.ascii	"\000"
 2470 019f 00000000 		.ascii	"\000\000\000\000\000\000\000\000"
 2470      00000000 
 2471 01a7 35010000 		.ascii	"5\001\000\000"
 2472 01ab 63685468 		.ascii	"chThdEnqueueTimeoutS\000"
 2472      64456E71 
 2472      75657565 
 2472      54696D65 
 2472      6F757453 
 2473 01c0 00       		.ascii	"\000"
 2474 01c1 02       		.ascii	"\002"
 2475 01c2 00       		.ascii	"\000"
 2476 01c3 00000000 		.ascii	"\000\000\000\000\000\000\000\000"
 2476      00000000 
 2477 01cb 3A010000 		.ascii	":\001\000\000"
 2478 01cf 63685468 		.ascii	"chThdDequeueNextI\000"
 2478      64446571 
 2478      75657565 
 2478      4E657874 
 2478      4900
 2479 01e1 00       		.ascii	"\000"
 2480 01e2 02       		.ascii	"\002"
 2481 01e3 00       		.ascii	"\000"
 2482 01e4 00000000 		.ascii	"\000\000\000\000\000\000\000\000"
 2482      00000000 
 2483 01ec 3C010000 		.ascii	"<\001\000\000"
 2484              		.text
 2485              		.section	.gnu.lto_.ext_symtab.b3bfb8d8,"e",%progbits
 2486 0000 01       		.ascii	"\001"
 2487 0001 01       		.ascii	"\001"
 2488 0002 00       		.ascii	"\000"
 2489 0003 01       		.ascii	"\001"
 2490 0004 00       		.ascii	"\000"
 2491 0005 01       		.ascii	"\001"
 2492 0006 00       		.ascii	"\000"
 2493 0007 01       		.ascii	"\001"
 2494 0008 00       		.ascii	"\000"
 2495 0009 01       		.ascii	"\001"
 2496 000a 00       		.ascii	"\000"
 2497 000b 01       		.ascii	"\001"
 2498 000c 00       		.ascii	"\000"
 2499 000d 01       		.ascii	"\001"
 2500 000e 00       		.ascii	"\000"
 2501 000f 01       		.ascii	"\001"
 2502 0010 00       		.ascii	"\000"
 2503 0011 01       		.ascii	"\001"
ARM GAS  C:\Users\acest\AppData\Local\Temp\ccYcWBPs.s 			page 113


 2504 0012 00       		.ascii	"\000"
 2505 0013 01       		.ascii	"\001"
 2506 0014 00       		.ascii	"\000"
 2507 0015 01       		.ascii	"\001"
 2508 0016 00       		.ascii	"\000"
 2509 0017 01       		.ascii	"\001"
 2510 0018 00       		.ascii	"\000"
 2511 0019 01       		.ascii	"\001"
 2512 001a 00       		.ascii	"\000"
 2513 001b 01       		.ascii	"\001"
 2514 001c 00       		.ascii	"\000"
 2515 001d 01       		.ascii	"\001"
 2516 001e 00       		.ascii	"\000"
 2517 001f 01       		.ascii	"\001"
 2518 0020 00       		.ascii	"\000"
 2519              		.text
 2520              		.section	.gnu.lto_.opts,"e",%progbits
 2521 0000 272D666E 		.ascii	"'-fno-openmp' '-fno-openacc' '-fno-pie' '-fcf-prote"
 2521      6F2D6F70 
 2521      656E6D70 
 2521      2720272D 
 2521      666E6F2D 
 2522 0033 6374696F 		.ascii	"ction=none' '-g' '-mcpu=cortex-m4' '-mthumb' '-mflo"
 2522      6E3D6E6F 
 2522      6E652720 
 2522      272D6727 
 2522      20272D6D 
 2523 0066 61742D61 		.ascii	"at-abi=soft' '-mlibarch=armv7e-m' '-march=armv7e-m'"
 2523      62693D73 
 2523      6F667427 
 2523      20272D6D 
 2523      6C696261 
 2524 0099 20272D4F 		.ascii	" '-O2' '-fomit-frame-pointer' '-falign-functions=16"
 2524      32272027 
 2524      2D666F6D 
 2524      69742D66 
 2524      72616D65 
 2525 00cc 2720272D 		.ascii	"' '-ffunction-sections' '-fdata-sections' '-fno-com"
 2525      6666756E 
 2525      6374696F 
 2525      6E2D7365 
 2525      6374696F 
 2526 00ff 6D6F6E27 		.ascii	"mon' '-flto' '-Xassembler' '-alms=./build/lst/chmbo"
 2526      20272D66 
 2526      6C746F27 
 2526      20272D58 
 2526      61737365 
 2527 0132 7865732E 		.ascii	"xes.lst'\000"
 2527      6C737427 
 2527      00
 2528              		.text
 2529              		.comm	__gnu_lto_slim,1,1
 2530              		.ident	"GCC: (GNU Arm Embedded Toolchain 10.3-2021.10) 10.3.1 20210824 (release)"
ARM GAS  C:\Users\acest\AppData\Local\Temp\ccYcWBPs.s 			page 114


DEFINED SYMBOLS
                            *ABS*:00000000 chmboxes.c
C:\Users\acest\AppData\Local\Temp\ccYcWBPs.s:31     .gnu.debuglto_.debug_info:00000000 chmboxes.c.b2fc0e2a
                            *COM*:00000001 __gnu_lto_slim

NO UNDEFINED SYMBOLS
