ARM GAS  C:\Users\acest\AppData\Local\Temp\ccHjnHGW.s 			page 1


   1              		.cpu cortex-m4
   2              		.arch armv7e-m
   3              		.fpu softvfp
   4              		.eabi_attribute 20, 1
   5              		.eabi_attribute 21, 1
   6              		.eabi_attribute 23, 3
   7              		.eabi_attribute 24, 1
   8              		.eabi_attribute 25, 1
   9              		.eabi_attribute 26, 1
  10              		.eabi_attribute 30, 2
  11              		.eabi_attribute 34, 1
  12              		.eabi_attribute 18, 4
  13              		.file	"chmempools.c"
  14              		.file 1 "c:\\chibistudio\\tools\\gnu tools arm embedded\\10.3 2021.10\\lib\\gcc\\arm-none-eabi\\10
  15              		.file 2 "c:\\chibistudio\\tools\\gnu tools arm embedded\\10.3 2021.10\\arm-none-eabi\\include\\mac
  16              		.file 3 "c:\\chibistudio\\tools\\gnu tools arm embedded\\10.3 2021.10\\arm-none-eabi\\include\\sys
  17              		.file 4 "c:\\chibistudio\\chibios2111\\os\\rt\\include\\chearly.h"
  18              		.file 5 "c:\\chibistudio\\chibios2111\\os\\rt\\include\\chtime.h"
  19              		.file 6 "c:\\chibistudio\\chibios2111\\os\\rt\\include\\chlists.h"
  20              		.file 7 "c:\\chibistudio\\chibios2111\\os\\rt\\include\\chsem.h"
  21              		.file 8 "c:\\chibistudio\\chibios2111\\os\\oslib\\include\\chmemcore.h"
  22              		.file 9 "c:\\chibistudio\\chibios2111\\os\\oslib\\include\\chmempools.h"
  23              		.file 10 "../../../../../ChibiStudio/chibios2111/os/oslib/src/chmempools.c"
  24              		.file 11 "c:\\chibistudio\\chibios2111\\os\\rt\\include\\chsys.h"
  25              		.file 12 "c:\\chibistudio\\chibios2111\\os\\common\\ports\\armv7-m-alt\\chcore.h"
  26              		.file 13 "c:\\chibistudio\\chibios2111\\os\\common\\ext\\arm\\cmsis\\core\\include\\cmsis_gcc.h"
  27              		.section	.gnu.debuglto_.debug_info,"e",%progbits
  28              	.Ldebug_info0:
  29              		.hidden	chmempools.c.dae5b0de
  30              		.weak	chmempools.c.dae5b0de
  31              	chmempools.c.dae5b0de:
  32 0000 84050000 		.4byte	0x584
  33 0004 0400     		.2byte	0x4
  34 0006 00000000 		.4byte	.Ldebug_abbrev0
  35 000a 04       		.byte	0x4
  36 000b 01       		.uleb128 0x1
  37 000c 06020000 		.4byte	.LASF60
  38 0010 0C       		.byte	0xc
  39 0011 E9000000 		.4byte	.LASF61
  40 0015 2A000000 		.4byte	.LASF62
  41 0019 00000000 		.4byte	.Ldebug_line0
  42 001d 02       		.uleb128 0x2
  43 001e 04       		.byte	0x4
  44 001f 05       		.byte	0x5
  45 0020 696E7400 		.ascii	"int\000"
  46 0024 03       		.uleb128 0x3
  47 0025 0F000000 		.4byte	.LASF4
  48 0029 01       		.byte	0x1
  49 002a D1       		.byte	0xd1
  50 002b 17       		.byte	0x17
  51 002c 30000000 		.4byte	0x30
  52 0030 04       		.uleb128 0x4
  53 0031 04       		.byte	0x4
  54 0032 07       		.byte	0x7
  55 0033 F4030000 		.4byte	.LASF0
  56 0037 04       		.uleb128 0x4
  57 0038 08       		.byte	0x8
ARM GAS  C:\Users\acest\AppData\Local\Temp\ccHjnHGW.s 			page 2


  58 0039 05       		.byte	0x5
  59 003a 9C000000 		.4byte	.LASF1
  60 003e 04       		.uleb128 0x4
  61 003f 08       		.byte	0x8
  62 0040 04       		.byte	0x4
  63 0041 90000000 		.4byte	.LASF2
  64 0045 04       		.uleb128 0x4
  65 0046 01       		.byte	0x1
  66 0047 06       		.byte	0x6
  67 0048 AA010000 		.4byte	.LASF3
  68 004c 03       		.uleb128 0x3
  69 004d 3E010000 		.4byte	.LASF5
  70 0051 02       		.byte	0x2
  71 0052 2B       		.byte	0x2b
  72 0053 18       		.byte	0x18
  73 0054 58000000 		.4byte	0x58
  74 0058 04       		.uleb128 0x4
  75 0059 01       		.byte	0x1
  76 005a 08       		.byte	0x8
  77 005b 61010000 		.4byte	.LASF6
  78 005f 04       		.uleb128 0x4
  79 0060 02       		.byte	0x2
  80 0061 05       		.byte	0x5
  81 0062 05000000 		.4byte	.LASF7
  82 0066 04       		.uleb128 0x4
  83 0067 02       		.byte	0x2
  84 0068 07       		.byte	0x7
  85 0069 E6010000 		.4byte	.LASF8
  86 006d 03       		.uleb128 0x3
  87 006e 9F030000 		.4byte	.LASF9
  88 0072 02       		.byte	0x2
  89 0073 4D       		.byte	0x4d
  90 0074 18       		.byte	0x18
  91 0075 79000000 		.4byte	0x79
  92 0079 04       		.uleb128 0x4
  93 007a 04       		.byte	0x4
  94 007b 05       		.byte	0x5
  95 007c 2A010000 		.4byte	.LASF10
  96 0080 03       		.uleb128 0x3
  97 0081 5F030000 		.4byte	.LASF11
  98 0085 02       		.byte	0x2
  99 0086 4F       		.byte	0x4f
 100 0087 19       		.byte	0x19
 101 0088 8C000000 		.4byte	0x8c
 102 008c 04       		.uleb128 0x4
 103 008d 04       		.byte	0x4
 104 008e 07       		.byte	0x7
 105 008f 40030000 		.4byte	.LASF12
 106 0093 04       		.uleb128 0x4
 107 0094 08       		.byte	0x8
 108 0095 07       		.byte	0x7
 109 0096 AA000000 		.4byte	.LASF13
 110 009a 03       		.uleb128 0x3
 111 009b 7D000000 		.4byte	.LASF14
 112 009f 03       		.byte	0x3
 113 00a0 18       		.byte	0x18
 114 00a1 13       		.byte	0x13
ARM GAS  C:\Users\acest\AppData\Local\Temp\ccHjnHGW.s 			page 3


 115 00a2 4C000000 		.4byte	0x4c
 116 00a6 03       		.uleb128 0x3
 117 00a7 CB020000 		.4byte	.LASF15
 118 00ab 03       		.byte	0x3
 119 00ac 2C       		.byte	0x2c
 120 00ad 13       		.byte	0x13
 121 00ae 6D000000 		.4byte	0x6d
 122 00b2 03       		.uleb128 0x3
 123 00b3 C6010000 		.4byte	.LASF16
 124 00b7 03       		.byte	0x3
 125 00b8 30       		.byte	0x30
 126 00b9 14       		.byte	0x14
 127 00ba 80000000 		.4byte	0x80
 128 00be 03       		.uleb128 0x3
 129 00bf 01040000 		.4byte	.LASF17
 130 00c3 04       		.byte	0x4
 131 00c4 58       		.byte	0x58
 132 00c5 19       		.byte	0x19
 133 00c6 A6000000 		.4byte	0xa6
 134 00ca 03       		.uleb128 0x3
 135 00cb DF020000 		.4byte	.LASF18
 136 00cf 04       		.byte	0x4
 137 00d0 5C       		.byte	0x5c
 138 00d1 19       		.byte	0x19
 139 00d2 A6000000 		.4byte	0xa6
 140 00d6 04       		.uleb128 0x4
 141 00d7 01       		.byte	0x1
 142 00d8 08       		.byte	0x8
 143 00d9 01020000 		.4byte	.LASF19
 144 00dd 05       		.uleb128 0x5
 145 00de D6000000 		.4byte	0xd6
 146 00e2 03       		.uleb128 0x3
 147 00e3 00030000 		.4byte	.LASF20
 148 00e7 05       		.byte	0x5
 149 00e8 79       		.byte	0x79
 150 00e9 12       		.byte	0x12
 151 00ea B2000000 		.4byte	0xb2
 152 00ee 03       		.uleb128 0x3
 153 00ef 85000000 		.4byte	.LASF21
 154 00f3 06       		.byte	0x6
 155 00f4 3F       		.byte	0x3f
 156 00f5 19       		.byte	0x19
 157 00f6 FA000000 		.4byte	0xfa
 158 00fa 06       		.uleb128 0x6
 159 00fb B4030000 		.4byte	.LASF24
 160 00ff 08       		.byte	0x8
 161 0100 06       		.byte	0x6
 162 0101 45       		.byte	0x45
 163 0102 08       		.byte	0x8
 164 0103 22010000 		.4byte	0x122
 165 0107 07       		.uleb128 0x7
 166 0108 00000000 		.4byte	.LASF22
 167 010c 06       		.byte	0x6
 168 010d 46       		.byte	0x46
 169 010e 1A       		.byte	0x1a
 170 010f 22010000 		.4byte	0x122
 171 0113 00       		.byte	0
ARM GAS  C:\Users\acest\AppData\Local\Temp\ccHjnHGW.s 			page 4


 172 0114 07       		.uleb128 0x7
 173 0115 EF030000 		.4byte	.LASF23
 174 0119 06       		.byte	0x6
 175 011a 47       		.byte	0x47
 176 011b 1A       		.byte	0x1a
 177 011c 22010000 		.4byte	0x122
 178 0120 04       		.byte	0x4
 179 0121 00       		.byte	0
 180 0122 08       		.uleb128 0x8
 181 0123 04       		.byte	0x4
 182 0124 EE000000 		.4byte	0xee
 183 0128 09       		.uleb128 0x9
 184 0129 04       		.byte	0x4
 185 012a 06       		.uleb128 0x6
 186 012b 92030000 		.4byte	.LASF25
 187 012f 0C       		.byte	0xc
 188 0130 07       		.byte	0x7
 189 0131 34       		.byte	0x34
 190 0132 10       		.byte	0x10
 191 0133 52010000 		.4byte	0x152
 192 0137 07       		.uleb128 0x7
 193 0138 5B010000 		.4byte	.LASF26
 194 013c 07       		.byte	0x7
 195 013d 35       		.byte	0x35
 196 013e 19       		.byte	0x19
 197 013f EE000000 		.4byte	0xee
 198 0143 00       		.byte	0
 199 0144 0A       		.uleb128 0xa
 200 0145 636E7400 		.ascii	"cnt\000"
 201 0149 07       		.byte	0x7
 202 014a 37       		.byte	0x37
 203 014b 19       		.byte	0x19
 204 014c CA000000 		.4byte	0xca
 205 0150 08       		.byte	0x8
 206 0151 00       		.byte	0
 207 0152 03       		.uleb128 0x3
 208 0153 92010000 		.4byte	.LASF27
 209 0157 07       		.byte	0x7
 210 0158 38       		.byte	0x38
 211 0159 03       		.byte	0x3
 212 015a 2A010000 		.4byte	0x12a
 213 015e 04       		.uleb128 0x4
 214 015f 01       		.byte	0x1
 215 0160 02       		.byte	0x2
 216 0161 E5020000 		.4byte	.LASF28
 217 0165 03       		.uleb128 0x3
 218 0166 D9010000 		.4byte	.LASF29
 219 016a 08       		.byte	0x8
 220 016b 47       		.byte	0x47
 221 016c 11       		.byte	0x11
 222 016d 71010000 		.4byte	0x171
 223 0171 08       		.uleb128 0x8
 224 0172 04       		.byte	0x4
 225 0173 77010000 		.4byte	0x177
 226 0177 0B       		.uleb128 0xb
 227 0178 28010000 		.4byte	0x128
 228 017c 8B010000 		.4byte	0x18b
ARM GAS  C:\Users\acest\AppData\Local\Temp\ccHjnHGW.s 			page 5


 229 0180 0C       		.uleb128 0xc
 230 0181 24000000 		.4byte	0x24
 231 0185 0C       		.uleb128 0xc
 232 0186 30000000 		.4byte	0x30
 233 018a 00       		.byte	0
 234 018b 06       		.uleb128 0x6
 235 018c 34030000 		.4byte	.LASF30
 236 0190 04       		.byte	0x4
 237 0191 09       		.byte	0x9
 238 0192 38       		.byte	0x38
 239 0193 08       		.byte	0x8
 240 0194 A6010000 		.4byte	0x1a6
 241 0198 07       		.uleb128 0x7
 242 0199 00000000 		.4byte	.LASF22
 243 019d 09       		.byte	0x9
 244 019e 39       		.byte	0x39
 245 019f 1A       		.byte	0x1a
 246 01a0 A6010000 		.4byte	0x1a6
 247 01a4 00       		.byte	0
 248 01a5 00       		.byte	0
 249 01a6 08       		.uleb128 0x8
 250 01a7 04       		.byte	0x4
 251 01a8 8B010000 		.4byte	0x18b
 252 01ac 0D       		.uleb128 0xd
 253 01ad 10       		.byte	0x10
 254 01ae 09       		.byte	0x9
 255 01af 40       		.byte	0x40
 256 01b0 09       		.byte	0x9
 257 01b1 EA010000 		.4byte	0x1ea
 258 01b5 07       		.uleb128 0x7
 259 01b6 00000000 		.4byte	.LASF22
 260 01ba 09       		.byte	0x9
 261 01bb 41       		.byte	0x41
 262 01bc 1A       		.byte	0x1a
 263 01bd A6010000 		.4byte	0x1a6
 264 01c1 00       		.byte	0
 265 01c2 07       		.uleb128 0x7
 266 01c3 D3020000 		.4byte	.LASF31
 267 01c7 09       		.byte	0x9
 268 01c8 42       		.byte	0x42
 269 01c9 19       		.byte	0x19
 270 01ca 24000000 		.4byte	0x24
 271 01ce 04       		.byte	0x4
 272 01cf 07       		.uleb128 0x7
 273 01d0 A9030000 		.4byte	.LASF32
 274 01d4 09       		.byte	0x9
 275 01d5 44       		.byte	0x44
 276 01d6 19       		.byte	0x19
 277 01d7 30000000 		.4byte	0x30
 278 01db 08       		.byte	0x8
 279 01dc 07       		.uleb128 0x7
 280 01dd F7020000 		.4byte	.LASF33
 281 01e1 09       		.byte	0x9
 282 01e2 45       		.byte	0x45
 283 01e3 19       		.byte	0x19
 284 01e4 65010000 		.4byte	0x165
 285 01e8 0C       		.byte	0xc
ARM GAS  C:\Users\acest\AppData\Local\Temp\ccHjnHGW.s 			page 6


 286 01e9 00       		.byte	0
 287 01ea 03       		.uleb128 0x3
 288 01eb 0E030000 		.4byte	.LASF34
 289 01ef 09       		.byte	0x9
 290 01f0 47       		.byte	0x47
 291 01f1 03       		.byte	0x3
 292 01f2 AC010000 		.4byte	0x1ac
 293 01f6 0D       		.uleb128 0xd
 294 01f7 1C       		.byte	0x1c
 295 01f8 09       		.byte	0x9
 296 01f9 4D       		.byte	0x4d
 297 01fa 09       		.byte	0x9
 298 01fb 1A020000 		.4byte	0x21a
 299 01ff 0A       		.uleb128 0xa
 300 0200 73656D00 		.ascii	"sem\000"
 301 0204 09       		.byte	0x9
 302 0205 4E       		.byte	0x4e
 303 0206 19       		.byte	0x19
 304 0207 52010000 		.4byte	0x152
 305 020b 00       		.byte	0
 306 020c 07       		.uleb128 0x7
 307 020d EA030000 		.4byte	.LASF35
 308 0211 09       		.byte	0x9
 309 0212 50       		.byte	0x50
 310 0213 19       		.byte	0x19
 311 0214 EA010000 		.4byte	0x1ea
 312 0218 0C       		.byte	0xc
 313 0219 00       		.byte	0
 314 021a 03       		.uleb128 0x3
 315 021b D3000000 		.4byte	.LASF36
 316 021f 09       		.byte	0x9
 317 0220 51       		.byte	0x51
 318 0221 03       		.byte	0x3
 319 0222 F6010000 		.4byte	0x1f6
 320 0226 0E       		.uleb128 0xe
 321 0227 C1000000 		.4byte	.LASF41
 322 022b 0A       		.byte	0xa
 323 022c 4501     		.2byte	0x145
 324 022e 06       		.byte	0x6
 325 022f 4E020000 		.4byte	0x24e
 326 0233 0F       		.uleb128 0xf
 327 0234 676D7000 		.ascii	"gmp\000"
 328 0238 0A       		.byte	0xa
 329 0239 4501     		.2byte	0x145
 330 023b 2F       		.byte	0x2f
 331 023c 4E020000 		.4byte	0x24e
 332 0240 10       		.uleb128 0x10
 333 0241 AF030000 		.4byte	.LASF37
 334 0245 0A       		.byte	0xa
 335 0246 4501     		.2byte	0x145
 336 0248 3A       		.byte	0x3a
 337 0249 28010000 		.4byte	0x128
 338 024d 00       		.byte	0
 339 024e 08       		.uleb128 0x8
 340 024f 04       		.byte	0x4
 341 0250 1A020000 		.4byte	0x21a
 342 0254 11       		.uleb128 0x11
ARM GAS  C:\Users\acest\AppData\Local\Temp\ccHjnHGW.s 			page 7


 343 0255 78010000 		.4byte	.LASF39
 344 0259 0A       		.byte	0xa
 345 025a 2E01     		.2byte	0x12e
 346 025c 07       		.byte	0x7
 347 025d 28010000 		.4byte	0x128
 348 0261 8B020000 		.4byte	0x28b
 349 0265 0F       		.uleb128 0xf
 350 0266 676D7000 		.ascii	"gmp\000"
 351 026a 0A       		.byte	0xa
 352 026b 2E01     		.2byte	0x12e
 353 026d 38       		.byte	0x38
 354 026e 4E020000 		.4byte	0x24e
 355 0272 10       		.uleb128 0x10
 356 0273 07040000 		.4byte	.LASF38
 357 0277 0A       		.byte	0xa
 358 0278 2F01     		.2byte	0x12f
 359 027a 2F       		.byte	0x2f
 360 027b E2000000 		.4byte	0xe2
 361 027f 12       		.uleb128 0x12
 362 0280 7000     		.ascii	"p\000"
 363 0282 0A       		.byte	0xa
 364 0283 3001     		.2byte	0x130
 365 0285 09       		.byte	0x9
 366 0286 28010000 		.4byte	0x128
 367 028a 00       		.byte	0
 368 028b 11       		.uleb128 0x11
 369 028c 62000000 		.4byte	.LASF40
 370 0290 0A       		.byte	0xa
 371 0291 1301     		.2byte	0x113
 372 0293 07       		.byte	0x7
 373 0294 28010000 		.4byte	0x128
 374 0298 C4020000 		.4byte	0x2c4
 375 029c 0F       		.uleb128 0xf
 376 029d 676D7000 		.ascii	"gmp\000"
 377 02a1 0A       		.byte	0xa
 378 02a2 1301     		.2byte	0x113
 379 02a4 39       		.byte	0x39
 380 02a5 4E020000 		.4byte	0x24e
 381 02a9 10       		.uleb128 0x10
 382 02aa 07040000 		.4byte	.LASF38
 383 02ae 0A       		.byte	0xa
 384 02af 1401     		.2byte	0x114
 385 02b1 30       		.byte	0x30
 386 02b2 E2000000 		.4byte	0xe2
 387 02b6 12       		.uleb128 0x12
 388 02b7 6D736700 		.ascii	"msg\000"
 389 02bb 0A       		.byte	0xa
 390 02bc 1501     		.2byte	0x115
 391 02be 09       		.byte	0x9
 392 02bf BE000000 		.4byte	0xbe
 393 02c3 00       		.byte	0
 394 02c4 13       		.uleb128 0x13
 395 02c5 7B030000 		.4byte	.LASF42
 396 02c9 0A       		.byte	0xa
 397 02ca F7       		.byte	0xf7
 398 02cb 06       		.byte	0x6
 399 02cc FA020000 		.4byte	0x2fa
ARM GAS  C:\Users\acest\AppData\Local\Temp\ccHjnHGW.s 			page 8


 400 02d0 14       		.uleb128 0x14
 401 02d1 676D7000 		.ascii	"gmp\000"
 402 02d5 0A       		.byte	0xa
 403 02d6 F7       		.byte	0xf7
 404 02d7 34       		.byte	0x34
 405 02d8 4E020000 		.4byte	0x24e
 406 02dc 14       		.uleb128 0x14
 407 02dd 7000     		.ascii	"p\000"
 408 02df 0A       		.byte	0xa
 409 02e0 F7       		.byte	0xf7
 410 02e1 3F       		.byte	0x3f
 411 02e2 28010000 		.4byte	0x128
 412 02e6 14       		.uleb128 0x14
 413 02e7 6E00     		.ascii	"n\000"
 414 02e9 0A       		.byte	0xa
 415 02ea F7       		.byte	0xf7
 416 02eb 49       		.byte	0x49
 417 02ec 24000000 		.4byte	0x24
 418 02f0 15       		.uleb128 0x15
 419 02f1 6F010000 		.4byte	.LASF47
 420 02f5 0A030000 		.4byte	0x30a
 421 02f9 00       		.byte	0
 422 02fa 16       		.uleb128 0x16
 423 02fb DD000000 		.4byte	0xdd
 424 02ff 0A030000 		.4byte	0x30a
 425 0303 17       		.uleb128 0x17
 426 0304 30000000 		.4byte	0x30
 427 0308 16       		.byte	0x16
 428 0309 00       		.byte	0
 429 030a 05       		.uleb128 0x5
 430 030b FA020000 		.4byte	0x2fa
 431 030f 13       		.uleb128 0x13
 432 0310 BD030000 		.4byte	.LASF43
 433 0314 0A       		.byte	0xa
 434 0315 E2       		.byte	0xe2
 435 0316 06       		.byte	0x6
 436 0317 40030000 		.4byte	0x340
 437 031b 14       		.uleb128 0x14
 438 031c 676D7000 		.ascii	"gmp\000"
 439 0320 0A       		.byte	0xa
 440 0321 E2       		.byte	0xe2
 441 0322 3C       		.byte	0x3c
 442 0323 4E020000 		.4byte	0x24e
 443 0327 18       		.uleb128 0x18
 444 0328 6A030000 		.4byte	.LASF44
 445 032c 0A       		.byte	0xa
 446 032d E3       		.byte	0xe3
 447 032e 2C       		.byte	0x2c
 448 032f 24000000 		.4byte	0x24
 449 0333 18       		.uleb128 0x18
 450 0334 A9030000 		.4byte	.LASF32
 451 0338 0A       		.byte	0xa
 452 0339 E4       		.byte	0xe4
 453 033a 2E       		.byte	0x2e
 454 033b 30000000 		.4byte	0x30
 455 033f 00       		.byte	0
 456 0340 13       		.uleb128 0x13
ARM GAS  C:\Users\acest\AppData\Local\Temp\ccHjnHGW.s 			page 9


 457 0341 33010000 		.4byte	.LASF45
 458 0345 0A       		.byte	0xa
 459 0346 CF       		.byte	0xcf
 460 0347 06       		.byte	0x6
 461 0348 64030000 		.4byte	0x364
 462 034c 14       		.uleb128 0x14
 463 034d 6D7000   		.ascii	"mp\000"
 464 0350 0A       		.byte	0xa
 465 0351 CF       		.byte	0xcf
 466 0352 20       		.byte	0x20
 467 0353 64030000 		.4byte	0x364
 468 0357 18       		.uleb128 0x18
 469 0358 AF030000 		.4byte	.LASF37
 470 035c 0A       		.byte	0xa
 471 035d CF       		.byte	0xcf
 472 035e 2A       		.byte	0x2a
 473 035f 28010000 		.4byte	0x128
 474 0363 00       		.byte	0
 475 0364 08       		.uleb128 0x8
 476 0365 04       		.byte	0x4
 477 0366 EA010000 		.4byte	0x1ea
 478 036a 13       		.uleb128 0x13
 479 036b 9E010000 		.4byte	.LASF46
 480 036f 0A       		.byte	0xa
 481 0370 B7       		.byte	0xb7
 482 0371 06       		.byte	0x6
 483 0372 A3030000 		.4byte	0x3a3
 484 0376 14       		.uleb128 0x14
 485 0377 6D7000   		.ascii	"mp\000"
 486 037a 0A       		.byte	0xa
 487 037b B7       		.byte	0xb7
 488 037c 21       		.byte	0x21
 489 037d 64030000 		.4byte	0x364
 490 0381 18       		.uleb128 0x18
 491 0382 AF030000 		.4byte	.LASF37
 492 0386 0A       		.byte	0xa
 493 0387 B7       		.byte	0xb7
 494 0388 2B       		.byte	0x2b
 495 0389 28010000 		.4byte	0x128
 496 038d 19       		.uleb128 0x19
 497 038e 70687000 		.ascii	"php\000"
 498 0392 0A       		.byte	0xa
 499 0393 B8       		.byte	0xb8
 500 0394 17       		.byte	0x17
 501 0395 A6010000 		.4byte	0x1a6
 502 0399 15       		.uleb128 0x15
 503 039a 6F010000 		.4byte	.LASF47
 504 039e B3030000 		.4byte	0x3b3
 505 03a2 00       		.byte	0
 506 03a3 16       		.uleb128 0x16
 507 03a4 DD000000 		.4byte	0xdd
 508 03a8 B3030000 		.4byte	0x3b3
 509 03ac 17       		.uleb128 0x17
 510 03ad 30000000 		.4byte	0x30
 511 03b1 0B       		.byte	0xb
 512 03b2 00       		.byte	0
 513 03b3 05       		.uleb128 0x5
ARM GAS  C:\Users\acest\AppData\Local\Temp\ccHjnHGW.s 			page 10


 514 03b4 A3030000 		.4byte	0x3a3
 515 03b8 1A       		.uleb128 0x1a
 516 03b9 56000000 		.4byte	.LASF48
 517 03bd 0A       		.byte	0xa
 518 03be A1       		.byte	0xa1
 519 03bf 07       		.byte	0x7
 520 03c0 28010000 		.4byte	0x128
 521 03c4 E0030000 		.4byte	0x3e0
 522 03c8 14       		.uleb128 0x14
 523 03c9 6D7000   		.ascii	"mp\000"
 524 03cc 0A       		.byte	0xa
 525 03cd A1       		.byte	0xa1
 526 03ce 22       		.byte	0x22
 527 03cf 64030000 		.4byte	0x364
 528 03d3 1B       		.uleb128 0x1b
 529 03d4 AF030000 		.4byte	.LASF37
 530 03d8 0A       		.byte	0xa
 531 03d9 A2       		.byte	0xa2
 532 03da 09       		.byte	0x9
 533 03db 28010000 		.4byte	0x128
 534 03df 00       		.byte	0
 535 03e0 1A       		.uleb128 0x1a
 536 03e1 52030000 		.4byte	.LASF49
 537 03e5 0A       		.byte	0xa
 538 03e6 81       		.byte	0x81
 539 03e7 07       		.byte	0x7
 540 03e8 28010000 		.4byte	0x128
 541 03ec 11040000 		.4byte	0x411
 542 03f0 14       		.uleb128 0x14
 543 03f1 6D7000   		.ascii	"mp\000"
 544 03f4 0A       		.byte	0xa
 545 03f5 81       		.byte	0x81
 546 03f6 23       		.byte	0x23
 547 03f7 64030000 		.4byte	0x364
 548 03fb 1B       		.uleb128 0x1b
 549 03fc AF030000 		.4byte	.LASF37
 550 0400 0A       		.byte	0xa
 551 0401 82       		.byte	0x82
 552 0402 09       		.byte	0x9
 553 0403 28010000 		.4byte	0x128
 554 0407 15       		.uleb128 0x15
 555 0408 6F010000 		.4byte	.LASF47
 556 040c 21040000 		.4byte	0x421
 557 0410 00       		.byte	0
 558 0411 16       		.uleb128 0x16
 559 0412 DD000000 		.4byte	0xdd
 560 0416 21040000 		.4byte	0x421
 561 041a 17       		.uleb128 0x17
 562 041b 30000000 		.4byte	0x30
 563 041f 0C       		.byte	0xc
 564 0420 00       		.byte	0
 565 0421 05       		.uleb128 0x5
 566 0422 11040000 		.4byte	0x411
 567 0426 13       		.uleb128 0x13
 568 0427 B6010000 		.4byte	.LASF50
 569 042b 0A       		.byte	0xa
 570 042c 6A       		.byte	0x6a
ARM GAS  C:\Users\acest\AppData\Local\Temp\ccHjnHGW.s 			page 11


 571 042d 06       		.byte	0x6
 572 042e 5B040000 		.4byte	0x45b
 573 0432 14       		.uleb128 0x14
 574 0433 6D7000   		.ascii	"mp\000"
 575 0436 0A       		.byte	0xa
 576 0437 6A       		.byte	0x6a
 577 0438 25       		.byte	0x25
 578 0439 64030000 		.4byte	0x364
 579 043d 14       		.uleb128 0x14
 580 043e 7000     		.ascii	"p\000"
 581 0440 0A       		.byte	0xa
 582 0441 6A       		.byte	0x6a
 583 0442 2F       		.byte	0x2f
 584 0443 28010000 		.4byte	0x128
 585 0447 14       		.uleb128 0x14
 586 0448 6E00     		.ascii	"n\000"
 587 044a 0A       		.byte	0xa
 588 044b 6A       		.byte	0x6a
 589 044c 39       		.byte	0x39
 590 044d 24000000 		.4byte	0x24
 591 0451 15       		.uleb128 0x15
 592 0452 6F010000 		.4byte	.LASF47
 593 0456 6B040000 		.4byte	0x46b
 594 045a 00       		.byte	0
 595 045b 16       		.uleb128 0x16
 596 045c DD000000 		.4byte	0xdd
 597 0460 6B040000 		.4byte	0x46b
 598 0464 17       		.uleb128 0x17
 599 0465 30000000 		.4byte	0x30
 600 0469 0F       		.byte	0xf
 601 046a 00       		.byte	0
 602 046b 05       		.uleb128 0x5
 603 046c 5B040000 		.4byte	0x45b
 604 0470 13       		.uleb128 0x13
 605 0471 1C030000 		.4byte	.LASF51
 606 0475 0A       		.byte	0xa
 607 0476 4D       		.byte	0x4d
 608 0477 06       		.byte	0x6
 609 0478 B5040000 		.4byte	0x4b5
 610 047c 14       		.uleb128 0x14
 611 047d 6D7000   		.ascii	"mp\000"
 612 0480 0A       		.byte	0xa
 613 0481 4D       		.byte	0x4d
 614 0482 2D       		.byte	0x2d
 615 0483 64030000 		.4byte	0x364
 616 0487 18       		.uleb128 0x18
 617 0488 6A030000 		.4byte	.LASF44
 618 048c 0A       		.byte	0xa
 619 048d 4D       		.byte	0x4d
 620 048e 38       		.byte	0x38
 621 048f 24000000 		.4byte	0x24
 622 0493 18       		.uleb128 0x18
 623 0494 A9030000 		.4byte	.LASF32
 624 0498 0A       		.byte	0xa
 625 0499 4E       		.byte	0x4e
 626 049a 27       		.byte	0x27
 627 049b 30000000 		.4byte	0x30
ARM GAS  C:\Users\acest\AppData\Local\Temp\ccHjnHGW.s 			page 12


 628 049f 18       		.uleb128 0x18
 629 04a0 F7020000 		.4byte	.LASF33
 630 04a4 0A       		.byte	0xa
 631 04a5 4E       		.byte	0x4e
 632 04a6 3B       		.byte	0x3b
 633 04a7 65010000 		.4byte	0x165
 634 04ab 15       		.uleb128 0x15
 635 04ac 6F010000 		.4byte	.LASF47
 636 04b0 C5040000 		.4byte	0x4c5
 637 04b4 00       		.byte	0
 638 04b5 16       		.uleb128 0x16
 639 04b6 DD000000 		.4byte	0xdd
 640 04ba C5040000 		.4byte	0x4c5
 641 04be 17       		.uleb128 0x17
 642 04bf 30000000 		.4byte	0x30
 643 04c3 17       		.byte	0x17
 644 04c4 00       		.byte	0
 645 04c5 05       		.uleb128 0x5
 646 04c6 B5040000 		.4byte	0x4b5
 647 04ca 1C       		.uleb128 0x1c
 648 04cb 0F040000 		.4byte	.LASF52
 649 04cf 09       		.byte	0x9
 650 04d0 5101     		.2byte	0x151
 651 04d2 14       		.byte	0x14
 652 04d3 F2040000 		.4byte	0x4f2
 653 04d7 0F       		.uleb128 0xf
 654 04d8 676D7000 		.ascii	"gmp\000"
 655 04dc 09       		.byte	0x9
 656 04dd 5101     		.2byte	0x151
 657 04df 3C       		.byte	0x3c
 658 04e0 4E020000 		.4byte	0x24e
 659 04e4 10       		.uleb128 0x10
 660 04e5 AF030000 		.4byte	.LASF37
 661 04e9 09       		.byte	0x9
 662 04ea 5101     		.2byte	0x151
 663 04ec 47       		.byte	0x47
 664 04ed 28010000 		.4byte	0x128
 665 04f1 00       		.byte	0
 666 04f2 1C       		.uleb128 0x1c
 667 04f3 48010000 		.4byte	.LASF53
 668 04f7 09       		.byte	0x9
 669 04f8 2B01     		.2byte	0x12b
 670 04fa 14       		.byte	0x14
 671 04fb 1A050000 		.4byte	0x51a
 672 04ff 0F       		.uleb128 0xf
 673 0500 676D7000 		.ascii	"gmp\000"
 674 0504 09       		.byte	0x9
 675 0505 2B01     		.2byte	0x12b
 676 0507 3E       		.byte	0x3e
 677 0508 4E020000 		.4byte	0x24e
 678 050c 10       		.uleb128 0x10
 679 050d AF030000 		.4byte	.LASF37
 680 0511 09       		.byte	0x9
 681 0512 2B01     		.2byte	0x12b
 682 0514 49       		.byte	0x49
 683 0515 28010000 		.4byte	0x128
 684 0519 00       		.byte	0
ARM GAS  C:\Users\acest\AppData\Local\Temp\ccHjnHGW.s 			page 13


 685 051a 1D       		.uleb128 0x1d
 686 051b CF010000 		.4byte	.LASF54
 687 051f 09       		.byte	0x9
 688 0520 D2       		.byte	0xd2
 689 0521 14       		.byte	0x14
 690 0522 3E050000 		.4byte	0x53e
 691 0526 14       		.uleb128 0x14
 692 0527 6D7000   		.ascii	"mp\000"
 693 052a 09       		.byte	0x9
 694 052b D2       		.byte	0xd2
 695 052c 2D       		.byte	0x2d
 696 052d 64030000 		.4byte	0x364
 697 0531 18       		.uleb128 0x18
 698 0532 AF030000 		.4byte	.LASF37
 699 0536 09       		.byte	0x9
 700 0537 D2       		.byte	0xd2
 701 0538 37       		.byte	0x37
 702 0539 28010000 		.4byte	0x128
 703 053d 00       		.byte	0
 704 053e 1C       		.uleb128 0x1c
 705 053f 6F030000 		.4byte	.LASF55
 706 0543 0B       		.byte	0xb
 707 0544 A501     		.2byte	0x1a5
 708 0546 14       		.byte	0x14
 709 0547 55050000 		.4byte	0x555
 710 054b 15       		.uleb128 0x15
 711 054c 6F010000 		.4byte	.LASF47
 712 0550 B3030000 		.4byte	0x3b3
 713 0554 00       		.byte	0
 714 0555 1E       		.uleb128 0x1e
 715 0556 20000000 		.4byte	.LASF56
 716 055a 0B       		.byte	0xb
 717 055b 9701     		.2byte	0x197
 718 055d 14       		.byte	0x14
 719 055e 1E       		.uleb128 0x1e
 720 055f EB020000 		.4byte	.LASF57
 721 0563 0C       		.byte	0xc
 722 0564 1F03     		.2byte	0x31f
 723 0566 1B       		.byte	0x1b
 724 0567 1E       		.uleb128 0x1e
 725 0568 16000000 		.4byte	.LASF58
 726 056c 0C       		.byte	0xc
 727 056d 0B03     		.2byte	0x30b
 728 056f 1B       		.byte	0x1b
 729 0570 1F       		.uleb128 0x1f
 730 0571 DC030000 		.4byte	.LASF63
 731 0575 0D       		.byte	0xd
 732 0576 EB01     		.2byte	0x1eb
 733 0578 1B       		.byte	0x1b
 734 0579 10       		.uleb128 0x10
 735 057a F9010000 		.4byte	.LASF59
 736 057e 0D       		.byte	0xd
 737 057f EB01     		.2byte	0x1eb
 738 0581 32       		.byte	0x32
 739 0582 B2000000 		.4byte	0xb2
 740 0586 00       		.byte	0
 741 0587 00       		.byte	0
ARM GAS  C:\Users\acest\AppData\Local\Temp\ccHjnHGW.s 			page 14


 742              		.section	.gnu.debuglto_.debug_abbrev,"e",%progbits
 743              	.Ldebug_abbrev0:
 744 0000 01       		.uleb128 0x1
 745 0001 11       		.uleb128 0x11
 746 0002 01       		.byte	0x1
 747 0003 25       		.uleb128 0x25
 748 0004 0E       		.uleb128 0xe
 749 0005 13       		.uleb128 0x13
 750 0006 0B       		.uleb128 0xb
 751 0007 03       		.uleb128 0x3
 752 0008 0E       		.uleb128 0xe
 753 0009 1B       		.uleb128 0x1b
 754 000a 0E       		.uleb128 0xe
 755 000b 10       		.uleb128 0x10
 756 000c 17       		.uleb128 0x17
 757 000d 00       		.byte	0
 758 000e 00       		.byte	0
 759 000f 02       		.uleb128 0x2
 760 0010 24       		.uleb128 0x24
 761 0011 00       		.byte	0
 762 0012 0B       		.uleb128 0xb
 763 0013 0B       		.uleb128 0xb
 764 0014 3E       		.uleb128 0x3e
 765 0015 0B       		.uleb128 0xb
 766 0016 03       		.uleb128 0x3
 767 0017 08       		.uleb128 0x8
 768 0018 00       		.byte	0
 769 0019 00       		.byte	0
 770 001a 03       		.uleb128 0x3
 771 001b 16       		.uleb128 0x16
 772 001c 00       		.byte	0
 773 001d 03       		.uleb128 0x3
 774 001e 0E       		.uleb128 0xe
 775 001f 3A       		.uleb128 0x3a
 776 0020 0B       		.uleb128 0xb
 777 0021 3B       		.uleb128 0x3b
 778 0022 0B       		.uleb128 0xb
 779 0023 39       		.uleb128 0x39
 780 0024 0B       		.uleb128 0xb
 781 0025 49       		.uleb128 0x49
 782 0026 13       		.uleb128 0x13
 783 0027 00       		.byte	0
 784 0028 00       		.byte	0
 785 0029 04       		.uleb128 0x4
 786 002a 24       		.uleb128 0x24
 787 002b 00       		.byte	0
 788 002c 0B       		.uleb128 0xb
 789 002d 0B       		.uleb128 0xb
 790 002e 3E       		.uleb128 0x3e
 791 002f 0B       		.uleb128 0xb
 792 0030 03       		.uleb128 0x3
 793 0031 0E       		.uleb128 0xe
 794 0032 00       		.byte	0
 795 0033 00       		.byte	0
 796 0034 05       		.uleb128 0x5
 797 0035 26       		.uleb128 0x26
 798 0036 00       		.byte	0
ARM GAS  C:\Users\acest\AppData\Local\Temp\ccHjnHGW.s 			page 15


 799 0037 49       		.uleb128 0x49
 800 0038 13       		.uleb128 0x13
 801 0039 00       		.byte	0
 802 003a 00       		.byte	0
 803 003b 06       		.uleb128 0x6
 804 003c 13       		.uleb128 0x13
 805 003d 01       		.byte	0x1
 806 003e 03       		.uleb128 0x3
 807 003f 0E       		.uleb128 0xe
 808 0040 0B       		.uleb128 0xb
 809 0041 0B       		.uleb128 0xb
 810 0042 3A       		.uleb128 0x3a
 811 0043 0B       		.uleb128 0xb
 812 0044 3B       		.uleb128 0x3b
 813 0045 0B       		.uleb128 0xb
 814 0046 39       		.uleb128 0x39
 815 0047 0B       		.uleb128 0xb
 816 0048 01       		.uleb128 0x1
 817 0049 13       		.uleb128 0x13
 818 004a 00       		.byte	0
 819 004b 00       		.byte	0
 820 004c 07       		.uleb128 0x7
 821 004d 0D       		.uleb128 0xd
 822 004e 00       		.byte	0
 823 004f 03       		.uleb128 0x3
 824 0050 0E       		.uleb128 0xe
 825 0051 3A       		.uleb128 0x3a
 826 0052 0B       		.uleb128 0xb
 827 0053 3B       		.uleb128 0x3b
 828 0054 0B       		.uleb128 0xb
 829 0055 39       		.uleb128 0x39
 830 0056 0B       		.uleb128 0xb
 831 0057 49       		.uleb128 0x49
 832 0058 13       		.uleb128 0x13
 833 0059 38       		.uleb128 0x38
 834 005a 0B       		.uleb128 0xb
 835 005b 00       		.byte	0
 836 005c 00       		.byte	0
 837 005d 08       		.uleb128 0x8
 838 005e 0F       		.uleb128 0xf
 839 005f 00       		.byte	0
 840 0060 0B       		.uleb128 0xb
 841 0061 0B       		.uleb128 0xb
 842 0062 49       		.uleb128 0x49
 843 0063 13       		.uleb128 0x13
 844 0064 00       		.byte	0
 845 0065 00       		.byte	0
 846 0066 09       		.uleb128 0x9
 847 0067 0F       		.uleb128 0xf
 848 0068 00       		.byte	0
 849 0069 0B       		.uleb128 0xb
 850 006a 0B       		.uleb128 0xb
 851 006b 00       		.byte	0
 852 006c 00       		.byte	0
 853 006d 0A       		.uleb128 0xa
 854 006e 0D       		.uleb128 0xd
 855 006f 00       		.byte	0
ARM GAS  C:\Users\acest\AppData\Local\Temp\ccHjnHGW.s 			page 16


 856 0070 03       		.uleb128 0x3
 857 0071 08       		.uleb128 0x8
 858 0072 3A       		.uleb128 0x3a
 859 0073 0B       		.uleb128 0xb
 860 0074 3B       		.uleb128 0x3b
 861 0075 0B       		.uleb128 0xb
 862 0076 39       		.uleb128 0x39
 863 0077 0B       		.uleb128 0xb
 864 0078 49       		.uleb128 0x49
 865 0079 13       		.uleb128 0x13
 866 007a 38       		.uleb128 0x38
 867 007b 0B       		.uleb128 0xb
 868 007c 00       		.byte	0
 869 007d 00       		.byte	0
 870 007e 0B       		.uleb128 0xb
 871 007f 15       		.uleb128 0x15
 872 0080 01       		.byte	0x1
 873 0081 27       		.uleb128 0x27
 874 0082 19       		.uleb128 0x19
 875 0083 49       		.uleb128 0x49
 876 0084 13       		.uleb128 0x13
 877 0085 01       		.uleb128 0x1
 878 0086 13       		.uleb128 0x13
 879 0087 00       		.byte	0
 880 0088 00       		.byte	0
 881 0089 0C       		.uleb128 0xc
 882 008a 05       		.uleb128 0x5
 883 008b 00       		.byte	0
 884 008c 49       		.uleb128 0x49
 885 008d 13       		.uleb128 0x13
 886 008e 00       		.byte	0
 887 008f 00       		.byte	0
 888 0090 0D       		.uleb128 0xd
 889 0091 13       		.uleb128 0x13
 890 0092 01       		.byte	0x1
 891 0093 0B       		.uleb128 0xb
 892 0094 0B       		.uleb128 0xb
 893 0095 3A       		.uleb128 0x3a
 894 0096 0B       		.uleb128 0xb
 895 0097 3B       		.uleb128 0x3b
 896 0098 0B       		.uleb128 0xb
 897 0099 39       		.uleb128 0x39
 898 009a 0B       		.uleb128 0xb
 899 009b 01       		.uleb128 0x1
 900 009c 13       		.uleb128 0x13
 901 009d 00       		.byte	0
 902 009e 00       		.byte	0
 903 009f 0E       		.uleb128 0xe
 904 00a0 2E       		.uleb128 0x2e
 905 00a1 01       		.byte	0x1
 906 00a2 3F       		.uleb128 0x3f
 907 00a3 19       		.uleb128 0x19
 908 00a4 03       		.uleb128 0x3
 909 00a5 0E       		.uleb128 0xe
 910 00a6 3A       		.uleb128 0x3a
 911 00a7 0B       		.uleb128 0xb
 912 00a8 3B       		.uleb128 0x3b
ARM GAS  C:\Users\acest\AppData\Local\Temp\ccHjnHGW.s 			page 17


 913 00a9 05       		.uleb128 0x5
 914 00aa 39       		.uleb128 0x39
 915 00ab 0B       		.uleb128 0xb
 916 00ac 27       		.uleb128 0x27
 917 00ad 19       		.uleb128 0x19
 918 00ae 01       		.uleb128 0x1
 919 00af 13       		.uleb128 0x13
 920 00b0 00       		.byte	0
 921 00b1 00       		.byte	0
 922 00b2 0F       		.uleb128 0xf
 923 00b3 05       		.uleb128 0x5
 924 00b4 00       		.byte	0
 925 00b5 03       		.uleb128 0x3
 926 00b6 08       		.uleb128 0x8
 927 00b7 3A       		.uleb128 0x3a
 928 00b8 0B       		.uleb128 0xb
 929 00b9 3B       		.uleb128 0x3b
 930 00ba 05       		.uleb128 0x5
 931 00bb 39       		.uleb128 0x39
 932 00bc 0B       		.uleb128 0xb
 933 00bd 49       		.uleb128 0x49
 934 00be 13       		.uleb128 0x13
 935 00bf 00       		.byte	0
 936 00c0 00       		.byte	0
 937 00c1 10       		.uleb128 0x10
 938 00c2 05       		.uleb128 0x5
 939 00c3 00       		.byte	0
 940 00c4 03       		.uleb128 0x3
 941 00c5 0E       		.uleb128 0xe
 942 00c6 3A       		.uleb128 0x3a
 943 00c7 0B       		.uleb128 0xb
 944 00c8 3B       		.uleb128 0x3b
 945 00c9 05       		.uleb128 0x5
 946 00ca 39       		.uleb128 0x39
 947 00cb 0B       		.uleb128 0xb
 948 00cc 49       		.uleb128 0x49
 949 00cd 13       		.uleb128 0x13
 950 00ce 00       		.byte	0
 951 00cf 00       		.byte	0
 952 00d0 11       		.uleb128 0x11
 953 00d1 2E       		.uleb128 0x2e
 954 00d2 01       		.byte	0x1
 955 00d3 3F       		.uleb128 0x3f
 956 00d4 19       		.uleb128 0x19
 957 00d5 03       		.uleb128 0x3
 958 00d6 0E       		.uleb128 0xe
 959 00d7 3A       		.uleb128 0x3a
 960 00d8 0B       		.uleb128 0xb
 961 00d9 3B       		.uleb128 0x3b
 962 00da 05       		.uleb128 0x5
 963 00db 39       		.uleb128 0x39
 964 00dc 0B       		.uleb128 0xb
 965 00dd 27       		.uleb128 0x27
 966 00de 19       		.uleb128 0x19
 967 00df 49       		.uleb128 0x49
 968 00e0 13       		.uleb128 0x13
 969 00e1 01       		.uleb128 0x1
ARM GAS  C:\Users\acest\AppData\Local\Temp\ccHjnHGW.s 			page 18


 970 00e2 13       		.uleb128 0x13
 971 00e3 00       		.byte	0
 972 00e4 00       		.byte	0
 973 00e5 12       		.uleb128 0x12
 974 00e6 34       		.uleb128 0x34
 975 00e7 00       		.byte	0
 976 00e8 03       		.uleb128 0x3
 977 00e9 08       		.uleb128 0x8
 978 00ea 3A       		.uleb128 0x3a
 979 00eb 0B       		.uleb128 0xb
 980 00ec 3B       		.uleb128 0x3b
 981 00ed 05       		.uleb128 0x5
 982 00ee 39       		.uleb128 0x39
 983 00ef 0B       		.uleb128 0xb
 984 00f0 49       		.uleb128 0x49
 985 00f1 13       		.uleb128 0x13
 986 00f2 00       		.byte	0
 987 00f3 00       		.byte	0
 988 00f4 13       		.uleb128 0x13
 989 00f5 2E       		.uleb128 0x2e
 990 00f6 01       		.byte	0x1
 991 00f7 3F       		.uleb128 0x3f
 992 00f8 19       		.uleb128 0x19
 993 00f9 03       		.uleb128 0x3
 994 00fa 0E       		.uleb128 0xe
 995 00fb 3A       		.uleb128 0x3a
 996 00fc 0B       		.uleb128 0xb
 997 00fd 3B       		.uleb128 0x3b
 998 00fe 0B       		.uleb128 0xb
 999 00ff 39       		.uleb128 0x39
 1000 0100 0B       		.uleb128 0xb
 1001 0101 27       		.uleb128 0x27
 1002 0102 19       		.uleb128 0x19
 1003 0103 01       		.uleb128 0x1
 1004 0104 13       		.uleb128 0x13
 1005 0105 00       		.byte	0
 1006 0106 00       		.byte	0
 1007 0107 14       		.uleb128 0x14
 1008 0108 05       		.uleb128 0x5
 1009 0109 00       		.byte	0
 1010 010a 03       		.uleb128 0x3
 1011 010b 08       		.uleb128 0x8
 1012 010c 3A       		.uleb128 0x3a
 1013 010d 0B       		.uleb128 0xb
 1014 010e 3B       		.uleb128 0x3b
 1015 010f 0B       		.uleb128 0xb
 1016 0110 39       		.uleb128 0x39
 1017 0111 0B       		.uleb128 0xb
 1018 0112 49       		.uleb128 0x49
 1019 0113 13       		.uleb128 0x13
 1020 0114 00       		.byte	0
 1021 0115 00       		.byte	0
 1022 0116 15       		.uleb128 0x15
 1023 0117 34       		.uleb128 0x34
 1024 0118 00       		.byte	0
 1025 0119 03       		.uleb128 0x3
 1026 011a 0E       		.uleb128 0xe
ARM GAS  C:\Users\acest\AppData\Local\Temp\ccHjnHGW.s 			page 19


 1027 011b 49       		.uleb128 0x49
 1028 011c 13       		.uleb128 0x13
 1029 011d 34       		.uleb128 0x34
 1030 011e 19       		.uleb128 0x19
 1031 011f 00       		.byte	0
 1032 0120 00       		.byte	0
 1033 0121 16       		.uleb128 0x16
 1034 0122 01       		.uleb128 0x1
 1035 0123 01       		.byte	0x1
 1036 0124 49       		.uleb128 0x49
 1037 0125 13       		.uleb128 0x13
 1038 0126 01       		.uleb128 0x1
 1039 0127 13       		.uleb128 0x13
 1040 0128 00       		.byte	0
 1041 0129 00       		.byte	0
 1042 012a 17       		.uleb128 0x17
 1043 012b 21       		.uleb128 0x21
 1044 012c 00       		.byte	0
 1045 012d 49       		.uleb128 0x49
 1046 012e 13       		.uleb128 0x13
 1047 012f 2F       		.uleb128 0x2f
 1048 0130 0B       		.uleb128 0xb
 1049 0131 00       		.byte	0
 1050 0132 00       		.byte	0
 1051 0133 18       		.uleb128 0x18
 1052 0134 05       		.uleb128 0x5
 1053 0135 00       		.byte	0
 1054 0136 03       		.uleb128 0x3
 1055 0137 0E       		.uleb128 0xe
 1056 0138 3A       		.uleb128 0x3a
 1057 0139 0B       		.uleb128 0xb
 1058 013a 3B       		.uleb128 0x3b
 1059 013b 0B       		.uleb128 0xb
 1060 013c 39       		.uleb128 0x39
 1061 013d 0B       		.uleb128 0xb
 1062 013e 49       		.uleb128 0x49
 1063 013f 13       		.uleb128 0x13
 1064 0140 00       		.byte	0
 1065 0141 00       		.byte	0
 1066 0142 19       		.uleb128 0x19
 1067 0143 34       		.uleb128 0x34
 1068 0144 00       		.byte	0
 1069 0145 03       		.uleb128 0x3
 1070 0146 08       		.uleb128 0x8
 1071 0147 3A       		.uleb128 0x3a
 1072 0148 0B       		.uleb128 0xb
 1073 0149 3B       		.uleb128 0x3b
 1074 014a 0B       		.uleb128 0xb
 1075 014b 39       		.uleb128 0x39
 1076 014c 0B       		.uleb128 0xb
 1077 014d 49       		.uleb128 0x49
 1078 014e 13       		.uleb128 0x13
 1079 014f 00       		.byte	0
 1080 0150 00       		.byte	0
 1081 0151 1A       		.uleb128 0x1a
 1082 0152 2E       		.uleb128 0x2e
 1083 0153 01       		.byte	0x1
ARM GAS  C:\Users\acest\AppData\Local\Temp\ccHjnHGW.s 			page 20


 1084 0154 3F       		.uleb128 0x3f
 1085 0155 19       		.uleb128 0x19
 1086 0156 03       		.uleb128 0x3
 1087 0157 0E       		.uleb128 0xe
 1088 0158 3A       		.uleb128 0x3a
 1089 0159 0B       		.uleb128 0xb
 1090 015a 3B       		.uleb128 0x3b
 1091 015b 0B       		.uleb128 0xb
 1092 015c 39       		.uleb128 0x39
 1093 015d 0B       		.uleb128 0xb
 1094 015e 27       		.uleb128 0x27
 1095 015f 19       		.uleb128 0x19
 1096 0160 49       		.uleb128 0x49
 1097 0161 13       		.uleb128 0x13
 1098 0162 01       		.uleb128 0x1
 1099 0163 13       		.uleb128 0x13
 1100 0164 00       		.byte	0
 1101 0165 00       		.byte	0
 1102 0166 1B       		.uleb128 0x1b
 1103 0167 34       		.uleb128 0x34
 1104 0168 00       		.byte	0
 1105 0169 03       		.uleb128 0x3
 1106 016a 0E       		.uleb128 0xe
 1107 016b 3A       		.uleb128 0x3a
 1108 016c 0B       		.uleb128 0xb
 1109 016d 3B       		.uleb128 0x3b
 1110 016e 0B       		.uleb128 0xb
 1111 016f 39       		.uleb128 0x39
 1112 0170 0B       		.uleb128 0xb
 1113 0171 49       		.uleb128 0x49
 1114 0172 13       		.uleb128 0x13
 1115 0173 00       		.byte	0
 1116 0174 00       		.byte	0
 1117 0175 1C       		.uleb128 0x1c
 1118 0176 2E       		.uleb128 0x2e
 1119 0177 01       		.byte	0x1
 1120 0178 03       		.uleb128 0x3
 1121 0179 0E       		.uleb128 0xe
 1122 017a 3A       		.uleb128 0x3a
 1123 017b 0B       		.uleb128 0xb
 1124 017c 3B       		.uleb128 0x3b
 1125 017d 05       		.uleb128 0x5
 1126 017e 39       		.uleb128 0x39
 1127 017f 0B       		.uleb128 0xb
 1128 0180 27       		.uleb128 0x27
 1129 0181 19       		.uleb128 0x19
 1130 0182 01       		.uleb128 0x1
 1131 0183 13       		.uleb128 0x13
 1132 0184 00       		.byte	0
 1133 0185 00       		.byte	0
 1134 0186 1D       		.uleb128 0x1d
 1135 0187 2E       		.uleb128 0x2e
 1136 0188 01       		.byte	0x1
 1137 0189 03       		.uleb128 0x3
 1138 018a 0E       		.uleb128 0xe
 1139 018b 3A       		.uleb128 0x3a
 1140 018c 0B       		.uleb128 0xb
ARM GAS  C:\Users\acest\AppData\Local\Temp\ccHjnHGW.s 			page 21


 1141 018d 3B       		.uleb128 0x3b
 1142 018e 0B       		.uleb128 0xb
 1143 018f 39       		.uleb128 0x39
 1144 0190 0B       		.uleb128 0xb
 1145 0191 27       		.uleb128 0x27
 1146 0192 19       		.uleb128 0x19
 1147 0193 01       		.uleb128 0x1
 1148 0194 13       		.uleb128 0x13
 1149 0195 00       		.byte	0
 1150 0196 00       		.byte	0
 1151 0197 1E       		.uleb128 0x1e
 1152 0198 2E       		.uleb128 0x2e
 1153 0199 00       		.byte	0
 1154 019a 03       		.uleb128 0x3
 1155 019b 0E       		.uleb128 0xe
 1156 019c 3A       		.uleb128 0x3a
 1157 019d 0B       		.uleb128 0xb
 1158 019e 3B       		.uleb128 0x3b
 1159 019f 05       		.uleb128 0x5
 1160 01a0 39       		.uleb128 0x39
 1161 01a1 0B       		.uleb128 0xb
 1162 01a2 27       		.uleb128 0x27
 1163 01a3 19       		.uleb128 0x19
 1164 01a4 00       		.byte	0
 1165 01a5 00       		.byte	0
 1166 01a6 1F       		.uleb128 0x1f
 1167 01a7 2E       		.uleb128 0x2e
 1168 01a8 01       		.byte	0x1
 1169 01a9 03       		.uleb128 0x3
 1170 01aa 0E       		.uleb128 0xe
 1171 01ab 3A       		.uleb128 0x3a
 1172 01ac 0B       		.uleb128 0xb
 1173 01ad 3B       		.uleb128 0x3b
 1174 01ae 05       		.uleb128 0x5
 1175 01af 39       		.uleb128 0x39
 1176 01b0 0B       		.uleb128 0xb
 1177 01b1 27       		.uleb128 0x27
 1178 01b2 19       		.uleb128 0x19
 1179 01b3 00       		.byte	0
 1180 01b4 00       		.byte	0
 1181 01b5 00       		.byte	0
 1182              		.section	.gnu.debuglto_.debug_line,"e",%progbits
 1183              	.Ldebug_line0:
 1184 0000 D5020000 		.4byte	.LELT0-.LSLT0
 1185              	.LSLT0:
 1186 0004 0400     		.2byte	0x4
 1187 0006 CF020000 		.4byte	.LELTP0-.LASLTP0
 1188              	.LASLTP0:
 1189 000a 01       		.byte	0x1
 1190 000b 01       		.byte	0x1
 1191 000c 01       		.byte	0x1
 1192 000d F6       		.byte	0xf6
 1193 000e F2       		.byte	0xf2
 1194 000f 0D       		.byte	0xd
 1195 0010 00       		.byte	0
 1196 0011 01       		.byte	0x1
 1197 0012 01       		.byte	0x1
ARM GAS  C:\Users\acest\AppData\Local\Temp\ccHjnHGW.s 			page 22


 1198 0013 01       		.byte	0x1
 1199 0014 01       		.byte	0x1
 1200 0015 00       		.byte	0
 1201 0016 00       		.byte	0
 1202 0017 00       		.byte	0
 1203 0018 01       		.byte	0x1
 1204 0019 00       		.byte	0
 1205 001a 00       		.byte	0
 1206 001b 01       		.byte	0x1
 1207 001c 2E2E2F2E 		.ascii	"../../../../../ChibiStudio/chibios2111/os/oslib/src"
 1207      2E2F2E2E 
 1207      2F2E2E2F 
 1207      2E2E2F43 
 1207      68696269 
 1208 004f 00       		.byte	0
 1209 0050 633A5C63 		.ascii	"c:\\chibistudio\\chibios2111\\os\\common\\ext\\arm\\"
 1209      68696269 
 1209      73747564 
 1209      696F5C63 
 1209      68696269 
 1210 007d 636D7369 		.ascii	"cmsis\\core\\include"
 1210      735C636F 
 1210      72655C69 
 1210      6E636C75 
 1210      6465
 1211 008f 00       		.byte	0
 1212 0090 633A5C63 		.ascii	"c:\\chibistudio\\chibios2111\\os\\common\\ports\\ar"
 1212      68696269 
 1212      73747564 
 1212      696F5C63 
 1212      68696269 
 1213 00bd 6D76372D 		.ascii	"mv7-m-alt"
 1213      6D2D616C 
 1213      74
 1214 00c6 00       		.byte	0
 1215 00c7 633A5C63 		.ascii	"c:\\chibistudio\\chibios2111\\os\\oslib\\include"
 1215      68696269 
 1215      73747564 
 1215      696F5C63 
 1215      68696269 
 1216 00f2 00       		.byte	0
 1217 00f3 633A5C63 		.ascii	"c:\\chibistudio\\chibios2111\\os\\rt\\include"
 1217      68696269 
 1217      73747564 
 1217      696F5C63 
 1217      68696269 
 1218 011b 00       		.byte	0
 1219 011c 633A5C63 		.ascii	"c:\\chibistudio\\tools\\gnu tools arm embedded\\10."
 1219      68696269 
 1219      73747564 
 1219      696F5C74 
 1219      6F6F6C73 
 1220 014b 33203230 		.ascii	"3 2021.10\\arm-none-eabi\\include\\machine"
 1220      32312E31 
 1220      305C6172 
 1220      6D2D6E6F 
 1220      6E652D65 
ARM GAS  C:\Users\acest\AppData\Local\Temp\ccHjnHGW.s 			page 23


 1221 0172 00       		.byte	0
 1222 0173 633A5C63 		.ascii	"c:\\chibistudio\\tools\\gnu tools arm embedded\\10."
 1222      68696269 
 1222      73747564 
 1222      696F5C74 
 1222      6F6F6C73 
 1223 01a2 33203230 		.ascii	"3 2021.10\\arm-none-eabi\\include\\sys"
 1223      32312E31 
 1223      305C6172 
 1223      6D2D6E6F 
 1223      6E652D65 
 1224 01c5 00       		.byte	0
 1225 01c6 633A5C63 		.ascii	"c:\\chibistudio\\tools\\gnu tools arm embedded\\10."
 1225      68696269 
 1225      73747564 
 1225      696F5C74 
 1225      6F6F6C73 
 1226 01f5 33203230 		.ascii	"3 2021.10\\lib\\gcc\\arm-none-eabi\\10.3.1\\include"
 1226      32312E31 
 1226      305C6C69 
 1226      625C6763 
 1226      635C6172 
 1227 0223 00       		.byte	0
 1228 0224 00       		.byte	0
 1229 0225 73746464 		.ascii	"stddef.h\000"
 1229      65662E68 
 1229      00
 1230 022e 08       		.uleb128 0x8
 1231 022f 00       		.uleb128 0
 1232 0230 00       		.uleb128 0
 1233 0231 5F646566 		.ascii	"_default_types.h\000"
 1233      61756C74 
 1233      5F747970 
 1233      65732E68 
 1233      00
 1234 0242 06       		.uleb128 0x6
 1235 0243 00       		.uleb128 0
 1236 0244 00       		.uleb128 0
 1237 0245 5F737464 		.ascii	"_stdint.h\000"
 1237      696E742E 
 1237      6800
 1238 024f 07       		.uleb128 0x7
 1239 0250 00       		.uleb128 0
 1240 0251 00       		.uleb128 0
 1241 0252 63686561 		.ascii	"chearly.h\000"
 1241      726C792E 
 1241      6800
 1242 025c 05       		.uleb128 0x5
 1243 025d 00       		.uleb128 0
 1244 025e 00       		.uleb128 0
 1245 025f 63687469 		.ascii	"chtime.h\000"
 1245      6D652E68 
 1245      00
 1246 0268 05       		.uleb128 0x5
 1247 0269 00       		.uleb128 0
 1248 026a 00       		.uleb128 0
 1249 026b 63686C69 		.ascii	"chlists.h\000"
ARM GAS  C:\Users\acest\AppData\Local\Temp\ccHjnHGW.s 			page 24


 1249      7374732E 
 1249      6800
 1250 0275 05       		.uleb128 0x5
 1251 0276 00       		.uleb128 0
 1252 0277 00       		.uleb128 0
 1253 0278 63687365 		.ascii	"chsem.h\000"
 1253      6D2E6800 
 1254 0280 05       		.uleb128 0x5
 1255 0281 00       		.uleb128 0
 1256 0282 00       		.uleb128 0
 1257 0283 63686D65 		.ascii	"chmemcore.h\000"
 1257      6D636F72 
 1257      652E6800 
 1258 028f 04       		.uleb128 0x4
 1259 0290 00       		.uleb128 0
 1260 0291 00       		.uleb128 0
 1261 0292 63686D65 		.ascii	"chmempools.h\000"
 1261      6D706F6F 
 1261      6C732E68 
 1261      00
 1262 029f 04       		.uleb128 0x4
 1263 02a0 00       		.uleb128 0
 1264 02a1 00       		.uleb128 0
 1265 02a2 63686D65 		.ascii	"chmempools.c\000"
 1265      6D706F6F 
 1265      6C732E63 
 1265      00
 1266 02af 01       		.uleb128 0x1
 1267 02b0 00       		.uleb128 0
 1268 02b1 00       		.uleb128 0
 1269 02b2 63687379 		.ascii	"chsys.h\000"
 1269      732E6800 
 1270 02ba 05       		.uleb128 0x5
 1271 02bb 00       		.uleb128 0
 1272 02bc 00       		.uleb128 0
 1273 02bd 6368636F 		.ascii	"chcore.h\000"
 1273      72652E68 
 1273      00
 1274 02c6 03       		.uleb128 0x3
 1275 02c7 00       		.uleb128 0
 1276 02c8 00       		.uleb128 0
 1277 02c9 636D7369 		.ascii	"cmsis_gcc.h\000"
 1277      735F6763 
 1277      632E6800 
 1278 02d5 02       		.uleb128 0x2
 1279 02d6 00       		.uleb128 0
 1280 02d7 00       		.uleb128 0
 1281 02d8 00       		.byte	0
 1282              	.LELTP0:
 1283              	.LELT0:
 1284              		.section	.gnu.debuglto_.debug_str,"eMS",%progbits,1
 1285              	.LASF22:
 1286 0000 6E657874 		.ascii	"next\000"
 1286      00
 1287              	.LASF7:
 1288 0005 73686F72 		.ascii	"short int\000"
 1288      7420696E 
ARM GAS  C:\Users\acest\AppData\Local\Temp\ccHjnHGW.s 			page 25


 1288      7400
 1289              	.LASF4:
 1290 000f 73697A65 		.ascii	"size_t\000"
 1290      5F7400
 1291              	.LASF58:
 1292 0016 706F7274 		.ascii	"port_lock\000"
 1292      5F6C6F63 
 1292      6B00
 1293              	.LASF56:
 1294 0020 63685379 		.ascii	"chSysLock\000"
 1294      734C6F63 
 1294      6B00
 1295              	.LASF62:
 1296 002a 433A5C55 		.ascii	"C:\\Users\\acest\\Desktop\\R.A.C.E\\race_project\000"
 1296      73657273 
 1296      5C616365 
 1296      73745C44 
 1296      65736B74 
 1297              	.LASF48:
 1298 0056 6368506F 		.ascii	"chPoolAlloc\000"
 1298      6F6C416C 
 1298      6C6F6300 
 1299              	.LASF40:
 1300 0062 63684775 		.ascii	"chGuardedPoolAllocTimeoutS\000"
 1300      61726465 
 1300      64506F6F 
 1300      6C416C6C 
 1300      6F635469 
 1301              	.LASF14:
 1302 007d 75696E74 		.ascii	"uint8_t\000"
 1302      385F7400 
 1303              	.LASF21:
 1304 0085 63685F71 		.ascii	"ch_queue_t\000"
 1304      75657565 
 1304      5F7400
 1305              	.LASF2:
 1306 0090 6C6F6E67 		.ascii	"long double\000"
 1306      20646F75 
 1306      626C6500 
 1307              	.LASF1:
 1308 009c 6C6F6E67 		.ascii	"long long int\000"
 1308      206C6F6E 
 1308      6720696E 
 1308      7400
 1309              	.LASF13:
 1310 00aa 6C6F6E67 		.ascii	"long long unsigned int\000"
 1310      206C6F6E 
 1310      6720756E 
 1310      7369676E 
 1310      65642069 
 1311              	.LASF41:
 1312 00c1 63684775 		.ascii	"chGuardedPoolFree\000"
 1312      61726465 
 1312      64506F6F 
 1312      6C467265 
 1312      6500
 1313              	.LASF36:
ARM GAS  C:\Users\acest\AppData\Local\Temp\ccHjnHGW.s 			page 26


 1314 00d3 67756172 		.ascii	"guarded_memory_pool_t\000"
 1314      6465645F 
 1314      6D656D6F 
 1314      72795F70 
 1314      6F6F6C5F 
 1315              	.LASF61:
 1316 00e9 2E2E2F2E 		.ascii	"../../../../../ChibiStudio/chibios2111/os/oslib/src"
 1316      2E2F2E2E 
 1316      2F2E2E2F 
 1316      2E2E2F43 
 1316      68696269 
 1317 011c 2F63686D 		.ascii	"/chmempools.c\000"
 1317      656D706F 
 1317      6F6C732E 
 1317      6300
 1318              	.LASF10:
 1319 012a 6C6F6E67 		.ascii	"long int\000"
 1319      20696E74 
 1319      00
 1320              	.LASF45:
 1321 0133 6368506F 		.ascii	"chPoolFree\000"
 1321      6F6C4672 
 1321      656500
 1322              	.LASF5:
 1323 013e 5F5F7569 		.ascii	"__uint8_t\000"
 1323      6E74385F 
 1323      7400
 1324              	.LASF53:
 1325 0148 63684775 		.ascii	"chGuardedPoolFreeI\000"
 1325      61726465 
 1325      64506F6F 
 1325      6C467265 
 1325      654900
 1326              	.LASF26:
 1327 015b 71756575 		.ascii	"queue\000"
 1327      6500
 1328              	.LASF6:
 1329 0161 756E7369 		.ascii	"unsigned char\000"
 1329      676E6564 
 1329      20636861 
 1329      7200
 1330              	.LASF47:
 1331 016f 5F5F6675 		.ascii	"__func__\000"
 1331      6E635F5F 
 1331      00
 1332              	.LASF39:
 1333 0178 63684775 		.ascii	"chGuardedPoolAllocTimeout\000"
 1333      61726465 
 1333      64506F6F 
 1333      6C416C6C 
 1333      6F635469 
 1334              	.LASF27:
 1335 0192 73656D61 		.ascii	"semaphore_t\000"
 1335      70686F72 
 1335      655F7400 
 1336              	.LASF46:
 1337 019e 6368506F 		.ascii	"chPoolFreeI\000"
ARM GAS  C:\Users\acest\AppData\Local\Temp\ccHjnHGW.s 			page 27


 1337      6F6C4672 
 1337      65654900 
 1338              	.LASF3:
 1339 01aa 7369676E 		.ascii	"signed char\000"
 1339      65642063 
 1339      68617200 
 1340              	.LASF50:
 1341 01b6 6368506F 		.ascii	"chPoolLoadArray\000"
 1341      6F6C4C6F 
 1341      61644172 
 1341      72617900 
 1342              	.LASF16:
 1343 01c6 75696E74 		.ascii	"uint32_t\000"
 1343      33325F74 
 1343      00
 1344              	.LASF54:
 1345 01cf 6368506F 		.ascii	"chPoolAdd\000"
 1345      6F6C4164 
 1345      6400
 1346              	.LASF29:
 1347 01d9 6D656D67 		.ascii	"memgetfunc_t\000"
 1347      65746675 
 1347      6E635F74 
 1347      00
 1348              	.LASF8:
 1349 01e6 73686F72 		.ascii	"short unsigned int\000"
 1349      7420756E 
 1349      7369676E 
 1349      65642069 
 1349      6E7400
 1350              	.LASF59:
 1351 01f9 62617365 		.ascii	"basePri\000"
 1351      50726900 
 1352              	.LASF19:
 1353 0201 63686172 		.ascii	"char\000"
 1353      00
 1354              	.LASF60:
 1355 0206 474E5520 		.ascii	"GNU C17 10.3.1 20210824 (release) -mcpu=cortex-m4 -"
 1355      43313720 
 1355      31302E33 
 1355      2E312032 
 1355      30323130 
 1356 0239 6D746875 		.ascii	"mthumb -mfloat-abi=soft -march=armv7e-m -ggdb -O2 -"
 1356      6D62202D 
 1356      6D666C6F 
 1356      61742D61 
 1356      62693D73 
 1357 026c 666F6D69 		.ascii	"fomit-frame-pointer -falign-functions=16 -ffunction"
 1357      742D6672 
 1357      616D652D 
 1357      706F696E 
 1357      74657220 
 1358 029f 2D736563 		.ascii	"-sections -fdata-sections -fno-common -flto\000"
 1358      74696F6E 
 1358      73202D66 
 1358      64617461 
 1358      2D736563 
ARM GAS  C:\Users\acest\AppData\Local\Temp\ccHjnHGW.s 			page 28


 1359              	.LASF15:
 1360 02cb 696E7433 		.ascii	"int32_t\000"
 1360      325F7400 
 1361              	.LASF31:
 1362 02d3 6F626A65 		.ascii	"object_size\000"
 1362      63745F73 
 1362      697A6500 
 1363              	.LASF18:
 1364 02df 636E745F 		.ascii	"cnt_t\000"
 1364      7400
 1365              	.LASF28:
 1366 02e5 5F426F6F 		.ascii	"_Bool\000"
 1366      6C00
 1367              	.LASF57:
 1368 02eb 706F7274 		.ascii	"port_unlock\000"
 1368      5F756E6C 
 1368      6F636B00 
 1369              	.LASF33:
 1370 02f7 70726F76 		.ascii	"provider\000"
 1370      69646572 
 1370      00
 1371              	.LASF20:
 1372 0300 73797369 		.ascii	"sysinterval_t\000"
 1372      6E746572 
 1372      76616C5F 
 1372      7400
 1373              	.LASF34:
 1374 030e 6D656D6F 		.ascii	"memory_pool_t\000"
 1374      72795F70 
 1374      6F6F6C5F 
 1374      7400
 1375              	.LASF51:
 1376 031c 6368506F 		.ascii	"chPoolObjectInitAligned\000"
 1376      6F6C4F62 
 1376      6A656374 
 1376      496E6974 
 1376      416C6967 
 1377              	.LASF30:
 1378 0334 706F6F6C 		.ascii	"pool_header\000"
 1378      5F686561 
 1378      64657200 
 1379              	.LASF12:
 1380 0340 6C6F6E67 		.ascii	"long unsigned int\000"
 1380      20756E73 
 1380      69676E65 
 1380      6420696E 
 1380      7400
 1381              	.LASF49:
 1382 0352 6368506F 		.ascii	"chPoolAllocI\000"
 1382      6F6C416C 
 1382      6C6F6349 
 1382      00
 1383              	.LASF11:
 1384 035f 5F5F7569 		.ascii	"__uint32_t\000"
 1384      6E743332 
 1384      5F7400
 1385              	.LASF44:
ARM GAS  C:\Users\acest\AppData\Local\Temp\ccHjnHGW.s 			page 29


 1386 036a 73697A65 		.ascii	"size\000"
 1386      00
 1387              	.LASF55:
 1388 036f 63685379 		.ascii	"chSysUnlock\000"
 1388      73556E6C 
 1388      6F636B00 
 1389              	.LASF42:
 1390 037b 63684775 		.ascii	"chGuardedPoolLoadArray\000"
 1390      61726465 
 1390      64506F6F 
 1390      6C4C6F61 
 1390      64417272 
 1391              	.LASF25:
 1392 0392 63685F73 		.ascii	"ch_semaphore\000"
 1392      656D6170 
 1392      686F7265 
 1392      00
 1393              	.LASF9:
 1394 039f 5F5F696E 		.ascii	"__int32_t\000"
 1394      7433325F 
 1394      7400
 1395              	.LASF32:
 1396 03a9 616C6967 		.ascii	"align\000"
 1396      6E00
 1397              	.LASF37:
 1398 03af 6F626A70 		.ascii	"objp\000"
 1398      00
 1399              	.LASF24:
 1400 03b4 63685F71 		.ascii	"ch_queue\000"
 1400      75657565 
 1400      00
 1401              	.LASF43:
 1402 03bd 63684775 		.ascii	"chGuardedPoolObjectInitAligned\000"
 1402      61726465 
 1402      64506F6F 
 1402      6C4F626A 
 1402      65637449 
 1403              	.LASF63:
 1404 03dc 5F5F7365 		.ascii	"__set_BASEPRI\000"
 1404      745F4241 
 1404      53455052 
 1404      4900
 1405              	.LASF35:
 1406 03ea 706F6F6C 		.ascii	"pool\000"
 1406      00
 1407              	.LASF23:
 1408 03ef 70726576 		.ascii	"prev\000"
 1408      00
 1409              	.LASF0:
 1410 03f4 756E7369 		.ascii	"unsigned int\000"
 1410      676E6564 
 1410      20696E74 
 1410      00
 1411              	.LASF17:
 1412 0401 6D73675F 		.ascii	"msg_t\000"
 1412      7400
 1413              	.LASF38:
ARM GAS  C:\Users\acest\AppData\Local\Temp\ccHjnHGW.s 			page 30


 1414 0407 74696D65 		.ascii	"timeout\000"
 1414      6F757400 
 1415              	.LASF52:
 1416 040f 63684775 		.ascii	"chGuardedPoolAdd\000"
 1416      61726465 
 1416      64506F6F 
 1416      6C416464 
 1416      00
 1417              		.text
 1418              		.section	.gnu.lto_.profile.b3bfe561,"e",%progbits
 1419 0000 789C6361 		.ascii	"x\234ca\000\002F\006\006\000\000+\000\006"
 1419      00024606 
 1419      0600002B 
 1419      0006
 1420              		.text
 1421              		.section	.gnu.lto_.icf.b3bfe561,"e",%progbits
 1422 0000 789CF364 		.ascii	"x\234\363d@\000\036\206\345_\256\256ebln\234\033\317"
 1422      40001E86 
 1422      E55FAEAE 
 1422      65626C6E 
 1422      9C1BCF
 1423 0013 B4E9E6E7 		.ascii	"\264\351\346\347\331\034\314\267;\366\257de\371\263"
 1423      D91CCCB7 
 1423      3BF6AF64 
 1423      65F9B3
 1424 0022 7DCB6C1E 		.ascii	"}\313l\036\326\2773\246\236be\373\361\255\371\014\037"
 1424      D6BF33A6 
 1424      9E6265FB 
 1424      F1ADF90C 
 1424      1F
 1425 0033 FB9D054B 		.ascii	"\373\235\005K\276\263q\254\232\364\364\024?\347\216"
 1425      BEB371AC 
 1425      9AF4F414 
 1425      3FE78E
 1426 0042 E59D8FB9 		.ascii	"\345\235\217\271\270\036\355\233\275\227\221\373}\363"
 1426      B81EED9B 
 1426      BD9791FB 
 1426      7DF3
 1427 0050 8A47DC0C 		.ascii	"\212G\334\014\0005\260#\346"
 1427      0035B023 
 1427      E6
 1428              		.text
 1429              		.section	.gnu.lto_.ipa_sra.b3bfe561,"e",%progbits
 1430 0000 789C5D4E 		.ascii	"x\234]N\211\021\2000\010K\002j}\206v\230N\350\004B\375"
 1430      89118030 
 1430      084B026A 
 1430      7D867698 
 1430      4EE80442 
 1431 0015 E5AE5C48 		.ascii	"\345\256\\HC\302\206\247\026\320\252\241\032\335YM\001"
 1431      43C286A7 
 1431      16D0AAA1 
 1431      1ADD594D 
 1431      01
 1432 0026 4A82207D 		.ascii	"J\202 }q\002n\212\216|\242\343W\224}FK\035\214\\C\252"
 1432      71026E8A 
 1432      8E7CA2E3 
 1432      57947D46 
ARM GAS  C:\Users\acest\AppData\Local\Temp\ccHjnHGW.s 			page 31


 1432      4B1D8C5C 
 1433 003c D82F18AE 		.ascii	"\330/\030\256\251\323-\353\0378|\015\300\2423.\314Z"
 1433      A9D32DEB 
 1433      1F387C0D 
 1433      C0A2332E 
 1433      CC5A
 1434 004e EA919F6D 		.ascii	"\352\221\237mT\372\265/5\317d5\351\265\335t\234\323"
 1434      54FAB52F 
 1434      35CF6435 
 1434      E9B5DD74 
 1434      9CD3
 1435 0060 B43B7DE2 		.ascii	"\264;}\342\310\343\200UI\354\260_\010v"
 1435      C8E38055 
 1435      49ECB05F 
 1435      0876
 1436              		.text
 1437              		.section	.gnu.lto_.inline.b3bfe561,"e",%progbits
 1438 0000 789C7D52 		.ascii	"x\234}R\273N\002Q\020=3sy,\013\006\375\002\276\300o"
 1438      BB4E0251 
 1438      103D3373 
 1438      792C0B06 
 1438      FD02BEC0 
 1439 0015 F00BF61B 		.ascii	"\360\013\366\033T\036\212\225\376\200A[-V\013\023cH"
 1439      541E8A95 
 1439      FE80415B 
 1439      2D560B13 
 1439      6348
 1440 0027 8CA1B0A2 		.ascii	"\214\241\260\242\331J\033(\260\2611\204\322\306\212"
 1440      D94A1B28 
 1440      B0B13184 
 1440      D2C68A
 1441 0036 D6864A13 		.ascii	"\326\206J\023q\356l\3005!lr\263\347\336{f\346\234\231"
 1441      71EE6CC0 
 1441      35216C72 
 1441      B3E7DE7B 
 1441      66E69C99 
 1442 004a FBCD587E 		.ascii	"\373\315X~e`c\366\365\370\301\007\344p\322\223\334\265"
 1442      656063F6 
 1442      F5F8C107 
 1442      E470D293 
 1442      DCB5
 1443 005c F44408B2 		.ascii	"\364D\010\262\013\220\242\005\000\244f\200!;(\002g\235"
 1443      0B90A205 
 1443      00A46680 
 1443      213B2802 
 1443      679D
 1444 006e 4EE714C8 		.ascii	"N\347\024\310\353\257\303\015\006\203\014\3563\212\214"
 1444      EBAFC30D 
 1444      06830CEE 
 1444      338A8C
 1445 007d 9CC22137 		.ascii	"\234\302!7\224HOW\357\211\3549FU\327b\247\233\314M-"
 1445      94484F57 
 1445      EF89EC39 
 1445      4655D762 
 1445      A79BCC4D 
 1446 0092 7B53732A 		.ascii	"{Ss*+\277\0058p\034\305\021\241\340\023K\223\300.\255"
 1446      2BBF0538 
ARM GAS  C:\Users\acest\AppData\Local\Temp\ccHjnHGW.s 			page 32


 1446      701CC511 
 1446      A1E0134B 
 1446      93C02EAD 
 1447 00a6 06940C34 		.ascii	"\006\224\0144}Y\350\252t\237\307\023n\023\261I\325\243"
 1447      7D59E8AA 
 1447      749FC713 
 1447      6E13B149 
 1447      D5A3
 1448 00b8 CDC1F8E2 		.ascii	"\315\301\370\342\216\333@\360\371\322\037I\31335\261"
 1448      8EDB40F0 
 1448      F9D21F49 
 1448      CB3335B1 
 1449 00c8 20FC99CF 		.ascii	" \374\231\317\007\334\"\361n\363\264\355\351\307K\244"
 1449      07DC22F1 
 1449      6EF3B4ED 
 1449      E9C74BA4 
 1450 00d8 E1052521 		.ascii	"\341\005%!\277\326`\365\317`\025\322M\246\227\\w\232"
 1450      BFD660F5 
 1450      CF6015D2 
 1450      4DA6975C 
 1450      779A
 1451 00ea 9EC6B7C9 		.ascii	"\236\306\267\311\224\275#\347u\2116W\033\020G\016E\013"
 1451      94BD23E7 
 1451      75893657 
 1451      1B10470E 
 1451      450B
 1452 00fc 3DC85AC8 		.ascii	"=\310Z\310$6*yf\316\216\207\334$Zjql\314:\322,\362_"
 1452      24362A79 
 1452      66CE8E87 
 1452      DC245A6A 
 1452      716CCC3A 
 1453 0114 8B5B6258 		.ascii	"\213[bX\343\2144\264n\025\014i\251 \005i\251\2025\357"
 1453      E38C34B4 
 1453      6E150C69 
 1453      A9200569 
 1453      A98235EF 
 1454 0128 5EC55889 		.ascii	"^\305X\211\242\357\326\352\276z\375~\006j\242\374\226"
 1454      A2EFD6EA 
 1454      BE7AFD7E 
 1454      066AA2FC 
 1454      96
 1455 0139 8C6E6465 		.ascii	"\214nde\310J\037\256\222\206\306Q`\325\3435\336\225"
 1455      C84A1FAE 
 1455      9286C651 
 1455      60D5E335 
 1455      DE95
 1456 014b 4B29B784 		.ascii	"K)\267\204\320\224f\353\2546A%\233r\350a\034\205\010"
 1456      D09466EB 
 1456      AC364125 
 1456      9B72E861 
 1456      1C8508
 1457 015e 6DDC4799 		.ascii	"m\334G\231\007\020$\263\207\204\017\325\357k\177v.\315"
 1457      071024B3 
 1457      87840FD5 
 1457      EF6B7F76 
 1457      2ECD
 1458 0170 C5032893 		.ascii	"\305\003(\223^N\002u\365\013\361\216\241F"
ARM GAS  C:\Users\acest\AppData\Local\Temp\ccHjnHGW.s 			page 33


 1458      5E4E0275 
 1458      F50BF18E 
 1458      A146
 1459              		.text
 1460              		.section	.gnu.lto_.jmpfuncs.b3bfe561,"e",%progbits
 1461 0000 789C6D50 		.ascii	"x\234mP\333\015\3020\020\263\357B\233>\244\356\3034"
 1461      DB0DC230 
 1461      10B3EF42 
 1461      9B3EA4EE 
 1461      C334
 1462 0012 4C527660 		.ascii	"LRv`\206\216\000\377\214\301'\233\300%M\240Jr\222\025"
 1462      868E00FF 
 1462      8CC1279B 
 1462      C0254DA0 
 1462      4A729215 
 1463 0026 DDCBF6E5 		.ascii	"\335\313\366\345E\374b\006\311\353\246\203\003\370t"
 1463      45FC6206 
 1463      C9EBA683 
 1463      03F874
 1464 0035 84E163B1 		.ascii	"\204\341c\261\240\312\317o\320\3314\2270o\200A\014*"
 1464      A0CACF6F 
 1464      D0D93497 
 1464      306F8041 
 1464      0C2A
 1465 0047 6AD53E55 		.ascii	"j\325>U\273\320\321\304*n\005\013\242\310\221z\245\310"
 1465      BBD0D1C4 
 1465      2A6E050B 
 1465      A2C8917A 
 1465      A5C8
 1466 0059 4948CD44 		.ascii	"IH\315D\3351\351\263\206\317\312\316\243\334\247\334"
 1466      DD31E9B3 
 1466      86CFCACE 
 1466      A3DCA7DC 
 1467 0069 74D391DC 		.ascii	"t\323\221\334\237X\213\245\211\377I\300'bo6f\361\227"
 1467      9F588BA5 
 1467      89FF49C0 
 1467      27626F36 
 1467      66F197
 1468 007c 9A8677F2 		.ascii	"\232\206w\362\301\240P\271_Y\232\036\002\035\023\235"
 1468      C1A050B9 
 1468      5F599A1E 
 1468      021D139D 
 1469 008c 6B5CD5D8 		.ascii	"k\\\325\330\031\263\205p\033\244u\312\356a:\336\035"
 1469      19B38570 
 1469      1BA475CA 
 1469      EE613ADE 
 1469      1D
 1470 009d FFB6A550 		.ascii	"\377\266\245P\345_\016\340w\320"
 1470      E55F0EE0 
 1470      77D0
 1471              		.text
 1472              		.section	.gnu.lto_.pureconst.b3bfe561,"e",%progbits
 1473 0000 789C05C1 		.ascii	"x\234\005\301\011\001\000 \010\003\300\241\303?\200"
 1473      09010020 
 1473      0803C0A1 
 1473      C33F80
 1474 000f 012C0D51 		.ascii	"\001,\015Q\226\316\273\007\340 h\311\"\257I\312<\331"
ARM GAS  C:\Users\acest\AppData\Local\Temp\ccHjnHGW.s 			page 34


 1474      96CEBB07 
 1474      E02068C9 
 1474      22AF49CA 
 1474      3CD9
 1475 0021 E43D39EE 		.ascii	"\344=9\356\224-\371\016~\222R\007\360"
 1475      942DF90E 
 1475      7E925207 
 1475      F0
 1476              		.text
 1477              		.section	.gnu.lto_.lto.b3bfe561,"e",%progbits
 1478 0000 09000400 		.ascii	"\011\000\004\000\001\000\000\000"
 1478      01000000 
 1479              		.text
 1480              		.section	.gnu.lto_chPoolObjectInitAligned.335.b3bfe561,"e",%progbits
 1481 0000 789C7D92 		.ascii	"x\234}\222\315k\324@\030\306\337g&\233f=\354I\305\243"
 1481      CD6BD440 
 1481      18C6DF67 
 1481      269B663D 
 1481      EC49C5A3 
 1482 0014 E84104C9 		.ascii	"\350A\004\311v\005/\202`\331\352\037\240x\013\310~\004"
 1482      76052F82 
 1482      60D9EA1F 
 1482      A0780BC8 
 1482      7E04
 1483 0026 8DEE9A35 		.ascii	"\215\356\2325\211\036\274t\332\213\320\036v\333\005"
 1483      891EBC74 
 1483      DA8BD01E 
 1483      76DB05
 1484 0035 05B12B94 		.ascii	"\005\261+\224 \365\344I[\277#J\361\250\036\205\242T"
 1484      20F5E449 
 1484      5BBF234A 
 1484      F1A81E85 
 1484      A254
 1485 0047 041514AD 		.ascii	"\004\025\024\255\227\202\205\372N6\352\2366\314$\363"
 1485      978285FA 
 1485      4E36EA9E 
 1485      36CC24F3 
 1486 0057 BE797E4F 		.ascii	"\276y~Of\036rD\020\365\210h/OH\302\334\354\264 \245"
 1486      661E7244 
 1486      10F58868 
 1486      2F4F48C2 
 1486      DCECB420 
 1487 006c D4D11181 		.ascii	"\324\321\021\201\311\331\351<\236!\255@\023\002\023"
 1487      C9D9E93C 
 1487      9E21AD40 
 1487      130213
 1488 007b E8CAFD5C 		.ascii	"\350\312\375\\n|\272>\377\002j1A,\031\347\231^7%\346"
 1488      6E7CBA3E 
 1488      FF026A31 
 1488      412C19E7 
 1488      995E3725 
 1489 0090 642C0123 		.ascii	"d,\001#[\011\354\346\225\274H\373\022\245^\257.+\225"
 1489      5B09ECE6 
 1489      95BC48FB 
 1489      12A55EAF 
 1489      2E2B95
 1490 00a3 A7584A2C 		.ascii	"\247XJ,\201\031\334\007\356\201\260\314&2\332\264\264"
ARM GAS  C:\Users\acest\AppData\Local\Temp\ccHjnHGW.s 			page 35


 1490      8119DC07 
 1490      EE81B0CC 
 1490      2632DAB4 
 1490      B4
 1491 00b4 72067DE9 		.ascii	"r\006}\351F&5\360`P\372\220\245Ft5\257\245\235\276\364"
 1491      462635F0 
 1491      6050FA90 
 1491      A5467435 
 1491      AFA59DBE 
 1492 00c9 47EF63B7 		.ascii	"G\357c\267\320\341~\016\217\006\245\217u+\352\246\322"
 1492      D0E17E0E 
 1492      8F06A58F 
 1492      752BEAA6 
 1492      D2
 1493 00da 6B99EBEF 		.ascii	"k\231\353\357\314\325\304\223A\351S\226\232\321\255"
 1493      CCD5C493 
 1493      41E95396 
 1493      9AD1AD
 1494 00e9 3C91991E 		.ascii	"<\221\231\036\206\217\314Y\360y\356\276\315%js\253\255"
 1494      868FCC59 
 1494      F079EEBE 
 1494      CD256A73 
 1494      ABAD
 1495 00fb D4B75DBD 		.ascii	"\324\267]\275%c\233\000\333\032`\300\004o\333\002o\210"
 1495      25639B00 
 1495      DB1A60C0 
 1495      046FDB02 
 1495      6F88
 1496 010d A82D755E 		.ascii	"\250-u^\312\200J\210:R\364\213I.\276B\255\275Y\201~"
 1496      CA804A88 
 1496      3A52F48B 
 1496      492EBE42 
 1496      ADBD5981 
 1497 0122 EEF9775B 		.ascii	"\356\371w[{g\322wL\255/\026\262\220$tp\267u\314\237"
 1497      7B67D277 
 1497      4CAD2F16 
 1497      B2902474 
 1497      70B775CC 
 1498 0137 452C4716 		.ascii	"E,G\026x\177\011h\224k+\226\026\236c^\007\254\245\026"
 1498      787F0968 
 1498      946B2B96 
 1498      169E635E 
 1498      07ACA516 
 1499 014b FAA6AB6C 		.ascii	"\372\246\253l\312\0367\276\354\030B\032x\311$\023\013"
 1499      CA1E37BE 
 1499      EC18421A 
 1499      78C92413 
 1499      0B
 1500 015c D24AA9F7 		.ascii	"\322J\251\367\177\251\302\020*\207\025\246\204\246D"
 1500      7FA9C210 
 1500      2A8715A6 
 1500      84A644
 1501 016b 4AFDCCA8 		.ascii	"J\375\314\250;\333\207P&^1%5e\320:\246>\374:\236\376"
 1501      3BDB8750 
 1501      265E3125 
 1501      3565D03A 
 1501      A63EFC3A 
ARM GAS  C:\Users\acest\AppData\Local\Temp\ccHjnHGW.s 			page 36


 1502 0181 116D89FF 		.ascii	"\021m\211\377\331\020\035(\037vN\205n\020:\225\232\033"
 1502      D9101D28 
 1502      1F764E85 
 1502      6E103A95 
 1502      9A1B
 1503 0193 46CEB81B 		.ascii	"F\316\270\033\236\217\374\226s\302\036\263\313\3661"
 1503      9E8FFC96 
 1503      73C21EB3 
 1503      CBF631
 1504 01a2 27E0F6E9 		.ascii	"'\340\366\351V\340\237sk\021\215\331vqp\224\317zU\357"
 1504      56E09F73 
 1504      6B118DD9 
 1504      76717094 
 1504      CF7A55EF 
 1505 01b6 6474A9EE 		.ascii	"dt\251\356\371\305\232^\373\341\301R\251T\364C\036\015"
 1505      F9C59A5E 
 1505      FBE1C152 
 1505      A954F443 
 1505      1E0D
 1506 01c8 AF5A0C83 		.ascii	"\257Z\014\203\032\277h\272\315\226\3577B\273F\242\331"
 1506      1ABF68BA 
 1506      CD96EF37 
 1506      42BB46A2 
 1506      D9
 1507 01d9 DA39D8B0 		.ascii	"\3329\330\260\353\025\367Pu\264\356\222\021zW\334\\"
 1507      EB15F750 
 1507      75B4EE92 
 1507      117A57DC 
 1507      5C
 1508 01ea A5E19DB9 		.ascii	"\245\341\235\271`\361\367.{u7\370\003\242\245\350\025"
 1508      60F1F72E 
 1508      7B7537F8 
 1508      03A2A5E8 
 1508      15
 1509              		.text
 1510              		.section	.gnu.lto_chPoolLoadArray.336.b3bfe561,"e",%progbits
 1511 0000 789C8D56 		.ascii	"x\234\215V{lSU\030?\337=\267\275\355J&\211\006\023\211"
 1511      7B6C5355 
 1511      183FDF3D 
 1511      B7BDED4A 
 1511      26890613 
 1512 0015 C9204163 		.ascii	"\311 Ac\002{H\210Hb\002\231\306\1774Q\320\204?n$[\327"
 1512      027B4888 
 1512      48620299 
 1512      C67F3451 
 1512      D0843F6E 
 1513 002c 4871A5A5 		.ascii	"Hq\245\245-F\376\342\322\361H6p\017\226a\240\333L3\021"
 1513      2D46FEE2 
 1513      D2F14836 
 1513      700F9661 
 1513      A0DB4C33 
 1514 0041 313C03C8 		.ascii	"1<\003\310`\203\342\204\002\203\001c\017\330\200\301"
 1514      6083E284 
 1514      02830163 
 1514      0FD880C1 
 1515 0051 04714459 		.ascii	"\004qDY\351D\266\205\207\3379\347\336\333\273\271\020"
 1515      E944B685 
ARM GAS  C:\Users\acest\AppData\Local\Temp\ccHjnHGW.s 			page 37


 1515      87DF39E7 
 1515      DEDBBBB9 
 1515      10
 1516 0062 9AA63DFD 		.ascii	"\232\246=\375\316\357\373}\217\337w\316\255\303I\310"
 1516      CEEFFB7D 
 1516      8FDF77CE 
 1516      ADC349C8 
 1517 0072 4120244C 		.ascii	"A $L\010\001;\201\252\312R\211h\2326_\221\240\272\262"
 1517      08013B81 
 1517      AACA5289 
 1517      689A365F 
 1517      91A0BAB2 
 1518 0086 F451ED7E 		.ascii	"\364Q\355~\031\232\201\033(T\35736e\251\244\262L\302"
 1518      199A811B 
 1518      2854EF33 
 1518      3665A9A4 
 1518      B24CC2
 1519 0099 9DF6E4E8 		.ascii	"\235\366\344\350\\y]e\346\356\362u\212l\2035\225\245"
 1519      5C795D65 
 1519      E6EEF275 
 1519      8A6C8335 
 1519      95A5
 1520 00ab 83751287 		.ascii	"\203u\022\207\000Y-Q4\255\226d\002q\031\236\341\353"
 1520      00592D51 
 1520      34AD9664 
 1520      0271199E 
 1520      E1EB
 1521 00bd 257341F4 		.ascii	"%sA\364\327f\372\026\242\207\357l\351i\001mG\034\032"
 1521      D766FA16 
 1521      A287EF6C 
 1521      E969016D 
 1521      471C1A
 1522 00d0 28217554 		.ascii	"(!uT\337\214R\250\242\015\024@\326W\022d\341\212\256"
 1522      DF8C52A8 
 1522      A20D1440 
 1522      D6571264 
 1522      E18AAE
 1523 00e3 206FC635 		.ascii	" o\3065\355\342\371\303\232\346$\015\224\302/\200>p"
 1523      EDE2F9C3 
 1523      9AE6240D 
 1523      94C22F80 
 1523      3E70
 1524 00f5 08809582 		.ascii	"\010\200\225\202\206\360~\007\303\225\201\000\366\351"
 1524      86F07E07 
 1524      C3958100 
 1524      F6E9
 1525 0103 40191AC7 		.ascii	"@\031\032\307\002\345p3\007n\322\201#:\320\006G\307"
 1525      02E57033 
 1525      076ED281 
 1525      233AD006 
 1525      47C7
 1526 0115 026DE184 		.ascii	"\002m\341\204\203\020\273\236\033E\037\276\0068\006"
 1526      8310BB9E 
 1526      1B451FBE 
 1526      063806
 1527 0124 2C4BE63C 		.ascii	",K\346<|\254t\347\217\257F\265\270ld$\351\376p\034X"
 1527      7CAC74E7 
ARM GAS  C:\Users\acest\AppData\Local\Temp\ccHjnHGW.s 			page 38


 1527      8FAF46B5 
 1527      B86C6424 
 1527      E9FE701C 
 1528 0139 4EDB3310 		.ascii	"N\3333\0209\203#/\325nT\264\323\232<>wD\212\262\351"
 1528      3983232F 
 1528      D56E54B4 
 1528      D39A3C3E 
 1528      77448AB2 
 1529 014e 9931BC77 		.ascii	"\2311\274w\247\012^\031NXy\177\005V\302\276\211x\005"
 1529      A70A5E19 
 1529      4E58797F 
 1529      0556C2BE 
 1529      897805
 1530 0161 92A49182 		.ascii	"\222\244\221\202\327\316\232=\370)\264\000\304\321\334"
 1530      D7CE9A3D 
 1530      F829B400 
 1530      C4D1DC
 1531 0170 CCD88C40 		.ascii	"\314\330\214@\311\372\015U\231\025`\344D\015\337\223"
 1531      C9FA0D55 
 1531      991560E4 
 1531      440DDF93 
 1532 0180 3CFB7376 		.ascii	"<\373sv3J\351\316\015.\314gm\326\377\322?\251\207\021"
 1532      334AE9CE 
 1532      0D2ECC67 
 1532      6DD6FFD2 
 1532      3FA98711 
 1533 0194 798F341E 		.ascii	"y\2174\036\000k\336&c\202\347\335=!\343\270\304\023"
 1533      006BDE26 
 1533      6382E7DD 
 1533      3D21E3B8 
 1533      C413
 1534 01a6 96C40F77 		.ascii	"\226\304\017w\315\206\323\000\247\320\374\033\2433\354"
 1534      CD86D300 
 1534      A7D0FC1B 
 1534      A333EC
 1535 01b5 D1BE86D7 		.ascii	"\321\276\206\327\011\234A\223l\232\352\022\327p\232"
 1535      099C4193 
 1535      6C9AEA12 
 1535      D7709A
 1536 01c4 CFA2CDC6 		.ascii	"\317\242\315\306\373\251\231e\016\357\255\352\275\360"
 1536      FBA99965 
 1536      0EEFADEA 
 1536      BDF0
 1537 01d2 9AC8CB0E 		.ascii	"\232\310\313\016\347\200\251\250\007;\217y\331\303#"
 1537      E780A9A8 
 1537      073B8F79 
 1537      D9C323
 1538 01e1 663F7B6A 		.ascii	"f?{j\2665\316l)\021\035\025X\222\306Z\022\353\214\332"
 1538      B635CE6C 
 1538      29111D15 
 1538      5892C65A 
 1538      12EB8CDA 
 1539 01f5 A10D8DAD 		.ascii	"\241\015\215\255\214\215\215\011\\0F\203\326\360<E\235"
 1539      8C8D8D09 
 1539      5C304683 
 1539      D6F03C45 
 1539      9D
ARM GAS  C:\Users\acest\AppData\Local\Temp\ccHjnHGW.s 			page 39


 1540 0206 27F67CA1 		.ascii	"'\366|\241\227\251\300%\304\332\015\266vv\0047)|\256"
 1540      97A9C025 
 1540      C4DA0DB6 
 1540      76760437 
 1540      297CAE
 1541 0219 D80FB675 		.ascii	"\330\017\266u\331\034\201\344\340\017VeL\257\016\256"
 1541      D91C81E4 
 1541      E00F5665 
 1541      4CAF0EAE 
 1542 0229 CCBF461F 		.ascii	"\314\277F\037\223\365\211\025\023\015U\207E\225\344"
 1542      93F58915 
 1542      130D5587 
 1542      4595E4
 1543 0238 E09D1A4E 		.ascii	"\340\235\032N%\372lRuqI\326(\343\251\306\311\3215\246"
 1543      25FA6C52 
 1543      757149D6 
 1543      28E3A9C6 
 1543      C9D135A6 
 1544 024c EAD9D00D 		.ascii	"\352\331\320\015\320\011\242\367v\243\314\344\360\235"
 1544      D009A2F7 
 1544      76A3CCE4 
 1544      F09D
 1545 025a B2CC8A35 		.ascii	"\262\314\2125\016\243Hb-\022\233\003Wq}\005\364\372"
 1545      0EA34862 
 1545      2D129B03 
 1545      57717D05 
 1545      F4FA
 1546 026c F84476CE 		.ascii	"\370Dv\316\026\034JZ\277\015\017\021\331\2136\007I\313"
 1546      161C4A5A 
 1546      BF0D0F11 
 1546      D98B3607 
 1546      49CB
 1547 027e 71FC85E4 		.ascii	"q\374\205\344\030\276\215r\\G\3435S\216\033\\\016\206"
 1547      18BE8D72 
 1547      5C47E335 
 1547      538E1B5C 
 1547      0E86
 1548 0290 D9D36E8B 		.ascii	"\331\323n\213k\217\237\225k\361G\256\236\222z\274\255"
 1548      6B8F9F95 
 1548      6BF147AE 
 1548      9E927ABC 
 1548      AD
 1549 02a1 2603C011 		.ascii	"&\003\300\021\220\000\232\000o\252#`#\270R\360\320;"
 1549      90009A00 
 1549      6FAA2360 
 1549      23B852F0 
 1549      D03B
 1550 02b3 1C0087C1 		.ascii	"\034\000\207\301\311l\031\314\346B\233BH9%\311\321\035"
 1550      C96C19CC 
 1550      E6429B42 
 1550      483925C9 
 1550      D11D
 1551 02c5 73418B13 		.ascii	"sA\213\023RA%\276.\301\365=\320\372\033q^\361{\272\371"
 1551      524125BE 
 1551      2EC1F53D 
 1551      D0FA1B71 
 1551      5EF17BBA 
ARM GAS  C:\Users\acest\AppData\Local\Temp\ccHjnHGW.s 			page 40


 1552 02da D1DF841E 		.ascii	"\321\337\204\036\010\243\225\353\272\023\324\304\035"
 1552      08A395EB 
 1552      BA13D4C4 
 1552      1D
 1553 02e7 4F48F81D 		.ascii	"OH\370\035\311\302S\030\303\012\371\262\005\2272\333"
 1553      C9C25318 
 1553      C30AF9B2 
 1553      059732DB 
 1554 02f7 1D7A52DD 		.ascii	"\035zR\335\361m\015\340\220s\354\3256'\021\210Si\360"
 1554      F16D0DE0 
 1554      9073ECD5 
 1554      36271188 
 1554      5369F0
 1555 030a E9343835 		.ascii	"\351485\264\030\233\307\241\227\005T\033\032\211\336"
 1555      B4189BC7 
 1555      A1970554 
 1555      1B1A89DE 
 1556 031a D88A0C67 		.ascii	"\330\212\014g\205y\250G7\037\334u(u\345e\034Sn\356L"
 1556      8579A847 
 1556      371FDC75 
 1556      2875E565 
 1556      1C536EEE 
 1557 032f 7D073A73 		.ascii	"}\007:s\033\277^\355\220\313a\267\032\016\365\325\002"
 1557      1BBF5EED 
 1557      90CB61B7 
 1557      1A0EF5D5 
 1557      02
 1558 0340 CE30871D 		.ascii	"\3160\207\035\355s\302E \203\020\231\316Z\270\225\335"
 1558      ED73C245 
 1558      20831099 
 1558      CE5AB895 
 1558      DD
 1559 0351 7ED37EA6 		.ascii	"~\323~\246\353Q`'.e\366\344\270\005\004\277\241\037"
 1559      EB516027 
 1559      2E65F6E4 
 1559      B80504BF 
 1559      A11F
 1560 0363 E0265775 		.ascii	"\340&Wu\332n\276\237\3017o\213(\311\003\273:R\016\302"
 1560      DA6EBE9F 
 1560      C1376F8B 
 1560      28C903BB 
 1560      3A520EC2 
 1561 0377 0E0AE34D 		.ascii	"\016\012\343M\215D\377\351\231\301#<\352\231\302-Ob"
 1561      8D44FFE9 
 1561      99C1233C 
 1561      EA99C22D 
 1561      4F62
 1562 0389 0F27897C 		.ascii	"\017'\211|:\323\225v\033\225\376\336W\346\302\271\341"
 1562      3AD39576 
 1562      1B95FEDE 
 1562      57E6C2B9 
 1562      E1
 1563 039a 1E0F5A9D 		.ascii	"\036\017Z\235\320\303\226\221\357\227\340<\351\210\376"
 1563      D0C39691 
 1563      EF97E03C 
 1563      E988FE
 1564 03a9 87AD5304 		.ascii	"\207\255S\004a\353x\031\236\272\310}\2104\015\274\022"
ARM GAS  C:\Users\acest\AppData\Local\Temp\ccHjnHGW.s 			page 41


 1564      61EB7819 
 1564      9EBAC87D 
 1564      88340DBC 
 1564      12
 1565 03ba A32EFD61 		.ascii	"\243.\375aBy\246\333\001Uua4\370\003H.N\017\237\333"
 1565      4279A6DB 
 1565      01557561 
 1565      34F80348 
 1565      2E4E0F9F 
 1566 03cf BB508B17 		.ascii	"\273P\213\027=\213\206^\311\322\277A\367Q\322>\2230"
 1566      3D8B865E 
 1566      C9D2BF41 
 1566      F751D23E 
 1566      9330
 1567 03e1 280C089F 		.ascii	"(\014\010\237\035|\353\036:\361\321\306\030<he\033\367"
 1567      1D7CEB1E 
 1567      3AF1D1C6 
 1567      183C6865 
 1567      1BF7
 1568 03f3 AFF92973 		.ascii	"\257\371)s\242@\177J\314\351/#\222\250!r\263\0235d\207"
 1568      A2407F4A 
 1568      CCE92F23 
 1568      92A82172 
 1568      B3133564 
 1569 0408 CAA85E0C 		.ascii	"\312\250^\014LW\246\256\353\326m\250k\257\350B}\357"
 1569      4C57A6AE 
 1569      EBD66DA8 
 1569      6BAFE842 
 1569      7DEF
 1570 041a 167D7BDF 		.ascii	"\026}{\3376\321\311\346\336\361\205wL\325\225\177\312"
 1570      36D1C9E6 
 1570      DEF18577 
 1570      4CD5957F 
 1570      CA
 1571 042b 94BF261C 		.ascii	"\224\277&\0347\017\231\312_\327\225'V\345o\244\225\357"
 1571      370F99CA 
 1571      5FD79527 
 1571      56E56FA4 
 1571      95EF
 1572 043d B32AAF6B 		.ascii	"\263*\257k|\237\253m\025\266j\010\205\275\256\377|\\"
 1572      7C9FAB6D 
 1572      15B66A08 
 1572      85BDAEFF 
 1572      7C5C
 1573 044f 7D2593DD 		.ascii	"}%\223\335\322\306\244\012\353\223\324\321\317\360\201"
 1573      D2C6A40A 
 1573      EB93D4D1 
 1573      CFF081
 1574 045e C39E3BC6 		.ascii	"\303\236;\306\274\213\334\333\025!\315\0331\252\360"
 1574      BC8BDCDB 
 1574      1521CD1B 
 1574      31AAF0
 1575 046d 3E0911C6 		.ascii	">\011\021\306ib\203\007\330)\011\303\336\207\222\375"
 1575      69628307 
 1575      D82909C3 
 1575      DE8792FD 
 1576 047d EBDF8B51 		.ascii	"\353\337\213Q'v\014]\004\331\021\354\237\223\323u\343"
ARM GAS  C:\Users\acest\AppData\Local\Temp\ccHjnHGW.s 			page 42


 1576      27760C5D 
 1576      04D911EC 
 1576      9F93D375 
 1576      E3
 1577 048e D1424874 		.ascii	"\321BHt\375\234\030\315\210Q\033+\317\246\377\351\340"
 1577      FD9C18CD 
 1577      88511B2B 
 1577      CFA6FFE9 
 1577      E0
 1578 049f D0268466 		.ascii	"\320&\204f\360C)#\265&\353\20722\237\360-\033\256%\316"
 1578      F0432923 
 1578      B526EB87 
 1578      32329FF0 
 1578      2D1BAE25 
 1579 04b4 2766AA39 		.ascii	"'f\2529\261\0210o2\000k\007\362M>\376\377d\0240\001"
 1579      B111306F 
 1579      32006B07 
 1579      F24D3EFE 
 1579      FF641430 
 1580 04c9 C0FF3718 		.ascii	"\300\3777\030\233\3265\253\010\033\005[\214J\334\224"
 1580      9BD635AB 
 1580      081B055B 
 1580      8C4ADC94 
 1581 04d9 418F352F 		.ascii	"A\2175/f\236\025\324f^\022)T\270\367C\356]N\201\233"
 1581      669E15D4 
 1581      665E1229 
 1581      54B8F743 
 1581      EE5D4E81 
 1582 04ee 2371F66B 		.ascii	"#q\366kf\376<\365\363\220'\030R\013\334\236PX}\337\023"
 1582      66FE3CF5 
 1582      F3902718 
 1582      520BDC9E 
 1582      50587DDF 
 1583 0503 FA2AEC0F 		.ascii	"\372*\354\017\250\013\263\027d\347g\177\240\006\321"
 1583      A80BB317 
 1583      64E7677F 
 1583      A006D1
 1584 0512 BC2410F4 		.ascii	"\274$\020\364/\363\270\303dAvv\216\365\235\277\324["
 1584      2FF3B8C3 
 1584      64417676 
 1584      8EF59DBF 
 1584      D45B
 1585 0524 E85D145E 		.ascii	"\350]\024^Y\344\365\347\270\331\332\037z;///\307\037"
 1585      59E4F5E7 
 1585      B8D9DA1F 
 1585      7A3B2F2F 
 1585      2FC71F
 1586 0537 C277B1B7 		.ascii	"\302w\261\2670'\024t\343\206\317\343\013\370\375\305"
 1586      30271474 
 1586      E386CFE3 
 1586      0BF8FDC5 
 1587 0547 A16C3791 		.ascii	"\241l7\221|\201)VCvQ\201gNan\221\207@\000\226\277\353"
 1587      7C812956 
 1587      43765181 
 1587      674E616E 
 1587      91874000 
 1588 055e 9EA7729E 		.ascii	"\236\247r\236\020\347T-\234\252?\244rN\325\273\334]"
ARM GAS  C:\Users\acest\AppData\Local\Temp\ccHjnHGW.s 			page 43


 1588      10E7542D 
 1588      9CAA3FA4 
 1588      724ED5BB 
 1588      DC5D
 1589 0570 BCB2C8A3 		.ascii	"\274\262\310\243Zh\226\022\331_\270,\220\367|\367`\330"
 1589      5A689612 
 1589      D95FB82C 
 1589      90F77CF7 
 1589      60D8
 1590 0582 E21B5AC5 		.ascii	"\342\033Z\305\334\224\302\202\220\347\223\240\367\243"
 1590      DC94C282 
 1590      90E793A0 
 1590      F7A3
 1591 0590 E77BBAFD 		.ascii	"\347{\272\375>\237\177\271\352\371&\254\026\004}\252"
 1591      3E9F7FB9 
 1591      EAF926AC 
 1591      16047DAA 
 1592 05a0 DB17F232 		.ascii	"\333\027\3622c\320\223&d\246%_\272\335H:\377\205\310"
 1592      63D09326 
 1592      64A6255F 
 1592      BADD483A 
 1592      FF85C8
 1593 05b3 02FE6038 		.ascii	"\002\376`8\304\350\276~g\226oVAq\030q\214\022\011h`"
 1593      C4E8BE7E 
 1593      67966F56 
 1593      41711871 
 1593      8C120968 
 1594 05c8 6960F2C7 		.ascii	"i`\362\307\213\026f\261\354\002A\357\314\254\031\271"
 1594      8B1666B1 
 1594      EC0241EF 
 1594      CCAC19B9 
 1595 05d8 440A1205 		.ascii	"D\012\022\005\013\366\007W\221\377\000\212G\253\334"
 1595      0BF60757 
 1595      91FF008A 
 1595      47ABDC
 1596              		.text
 1597              		.section	.gnu.lto_chPoolAllocI.337.b3bfe561,"e",%progbits
 1598 0000 789C6D52 		.ascii	"x\234mR\317kSA\020\236\331\335\227_H.B\017\342A\004"
 1598      CF6B5341 
 1598      109ED9DD 
 1598      975F482E 
 1598      420FE241 
 1599 0015 51A1BC34 		.ascii	"Q\241\2744B/\236Z\242\377\200\305[@\233\344\201\251"
 1599      422F9E5A 
 1599      A2FF80C5 
 1599      5B409BE4 
 1599      81A9
 1600 0027 0D2FE6C5 		.ascii	"\015/\346\305s\2675\010\246\2074\225 \321\032$<\245"
 1600      73B73508 
 1600      A6873495 
 1600      20D11A24 
 1600      3CA5
 1601 0039 EA41212D 		.ascii	"\352A!-V\033i\320[\024j\275y-4\332\036$\010\202\250"
 1601      561B69D0 
 1601      5B146ABD 
 1601      792D34DA 
 1601      1E240882 
ARM GAS  C:\Users\acest\AppData\Local\Temp\ccHjnHGW.s 			page 44


 1602 004e A8B3FBDA 		.ascii	"\250\263\373\332$\007a\223\235\231\375f\276of^\232\001"
 1602      24076193 
 1602      9D99FD66 
 1602      BE6F665E 
 1602      9A01
 1603 0060 94006082 		.ascii	"\224\000`\202~\350\003\\,\027\031H)\307\374\214\335"
 1603      7EE8035C 
 1603      2C171948 
 1603      29C7FC8C 
 1603      DD
 1604 0071 28CF335C 		.ascii	"(\3173\\\307\273\215\316\260(\224\303\235\367\325\303"
 1604      C7BB8DCE 
 1604      B02894C3 
 1604      9DF7D5C3 
 1605 0081 8263A51C 		.ascii	"\202c\245\034\322\357\002+\001\017i\340l\271\370\371"
 1605      D2EF022B 
 1605      010F69E0 
 1605      6CB9F8F9 
 1606 0091 C98A20B0 		.ascii	"\311\212 \260\016 \3140.\014\234\301\333|\211\343\""
 1606      0E20CC30 
 1606      2E0C9CC1 
 1606      DB7C89E3 
 1606      22
 1607 00a2 7739A0D8 		.ascii	"w9\240\330\267\020\217\235nI\371c\347\316\255\035\\"
 1607      B7108F9D 
 1607      6E49F963 
 1607      E7CEAD1D 
 1607      5C
 1608 00b3 5A6E0997 		.ascii	"Zn\011\2273\250\021`\025q\005I\006\020\220_\203\223"
 1608      33A81160 
 1608      15710549 
 1608      0610905F 
 1608      8393
 1609 00c5 04FAF06E 		.ascii	"\004\372\360nM\312 \270\234\343\013\354cp\015)\224\357"
 1609      4DCA20B8 
 1609      9CE30BEC 
 1609      63700D29 
 1609      94EF
 1610 00d7 FA3DEC3C 		.ascii	"\372=\354<\252\353\004\341\273\305\2077\303\013\263"
 1610      AAEB04E1 
 1610      BBC58737 
 1610      C30BB3
 1611 00e6 012A892F 		.ascii	"\001*\211/\007\023^Q\341\374/\277O[*\276N\001u\310\177"
 1611      07135E51 
 1611      E1FC2FBF 
 1611      4F5B2ABE 
 1611      4E0175C8 
 1612 00fb F6D168C9 		.ascii	"\366\321h\311\337\177KRn\236\332l>\015\206\004\021\012"
 1612      DF7F4B52 
 1612      6E9EDA6C 
 1612      3E0D8604 
 1612      110A
 1613 010d 4341353E 		.ascii	"CA5>\200\304\027\364j\224\270jY\012\224-\200\005\316"
 1613      80C417F4 
 1613      6A94B86A 
 1613      590A942D 
 1613      8005CE
ARM GAS  C:\Users\acest\AppData\Local\Temp\ccHjnHGW.s 			page 45


 1614 0120 3C67969C 		.ascii	"<g\226\234=\224\333\2256\352\273\332\036\322\367=\317"
 1614      3D94DB95 
 1614      36EABBDA 
 1614      1ED2F73D 
 1614      CF
 1615 0131 3FDEFBDB 		.ascii	"?\336\373\333\256\205\340+\3165\037\037\252\363\340"
 1615      AE85E02B 
 1615      CE351F1F 
 1615      AAF3E0
 1616 0140 FE3CB856 		.ascii	"\376<\270V\377HMn9\354r\243\316\003\330D\030!\237\372"
 1616      FF484D6E 
 1616      39EC72A3 
 1616      CE03D844 
 1616      18219FFA 
 1617 0154 10F81AEF 		.ascii	"\020\370\032\357s5\225=\234{\020%\021\224\251K5\250"
 1617      7335953D 
 1617      9C7B1025 
 1617      1194A94B 
 1617      35A8
 1618 0166 F82E1676 		.ascii	"\370.\026v\337\036\241\010\232\012B\212\370V\265\321"
 1618      DF1EA108 
 1618      9A0A428A 
 1618      F856B5D1 
 1619 0176 613D45AB 		.ascii	"a=E\253m\346\021\036\255\363\203\005\210>!\021\370T"
 1619      6DE6111E 
 1619      ADF38305 
 1619      883E2111 
 1619      F854
 1620 0188 F6C6005F 		.ascii	"\366\306\000_\213\370\324\032(\255[\374\216\007\320"
 1620      8BF8D41A 
 1620      28AD5BFC 
 1620      8E07D0
 1621 0197 2FFC3FDA 		.ascii	"/\374?\332\336x\332\250\266&\027\317\351\033AM\336E"
 1621      DE78DAA8 
 1621      B62617CF 
 1621      E91B414D 
 1621      DE45
 1622 01a9 51E74601 		.ascii	"Q\347F\001\231\313\3755U\217R]\036\3200\24375\203\232"
 1622      99CBFD35 
 1622      558F525D 
 1622      1ED030A3 
 1622      3735839A 
 1623 01bd 1A03DD94 		.ascii	"\032\003\335\224O\353\335h\207\324j\224\371\211\372"
 1623      4FEBDD68 
 1623      87D46A94 
 1623      F989FA
 1624 01cc FB463D8F 		.ascii	"\373F=\217\2527\200\237\250\224\362?[\227\251\256\020"
 1624      AA37809F 
 1624      A894F23F 
 1624      5B97A9AE 
 1624      10
 1625 01dd 6A15D85F 		.ascii	"j\025\330_\005\300p\354l\374\242c\345\234\370d\322r"
 1625      05C070EC 
 1625      6CFCA263 
 1625      E59CF864 
 1625      D272
 1626 01ef F2F17396 		.ascii	"\362\361s\226s5og\343\027\314q3f\236\217\347(|)\233"
ARM GAS  C:\Users\acest\AppData\Local\Temp\ccHjnHGW.s 			page 46


 1626      73356F67 
 1626      E317CC71 
 1626      33669E8F 
 1626      E7287C29 
 1627 0204 B3A7AC64 		.ascii	"\263\247\254d\036\306M32xbW\322\211\364D\376z*mG\222"
 1627      1EC64D33 
 1627      32786257 
 1627      D289F444 
 1627      FE7A2A6D 
 1628 021a CAB69D33 		.ascii	"\312\266\2353\321h4b;t\246\323\211\210\223K\322C\306"
 1628      D1683462 
 1628      3B74A6D3 
 1628      8988934B 
 1628      D243C6
 1629 022d CA646D7B 		.ascii	"\312dm{\3321\223\3002\331\241\301\200\231\232\264F\023"
 1629      DA3193C0 
 1629      32D9A1C1 
 1629      80999AB4 
 1629      4613
 1630 023f 23290B84 		.ascii	"#)\013\204\235\230\312\376\003\313(\376\320"
 1630      9D98CAFE 
 1630      03CB28FE 
 1630      D0
 1631              		.text
 1632              		.section	.gnu.lto_chPoolAlloc.338.b3bfe561,"e",%progbits
 1633 0000 789C8D53 		.ascii	"x\234\215S]H\024Q\030\375\276\271\343\256&D\020\370"
 1633      5D481451 
 1633      18FDBEB9 
 1633      E3AE2644 
 1633      10F8
 1634 0012 502F1A58 		.ascii	"P/\032X\004\272j\020AO\212\365f\020Io\003\262;\016\271"
 1634      04BA6A10 
 1634      414F8AF5 
 1634      6610496F 
 1634      03B23B0E 
 1635 0027 E536DBCC 		.ascii	"\3456\333\314\024\371\344\270\232\017\006Y\212)\272"
 1635      14F9E4B8 
 1635      9A0F0659 
 1635      8A29BA
 1636 0036 5A8A822F 		.ascii	"Z\212\202/\022\201\231Z\326\366\343o\204b\006\246\221"
 1636      1281995A 
 1636      D6F6E36F 
 1636      846206A6 
 1636      91
 1637 0047 20191841 		.ascii	" \031\030A\262[h`?\337\275\263\270\333K\004\303\334"
 1637      B25B6860 
 1637      3FDFBDB3 
 1637      B8DB4B04 
 1637      C3DC
 1638 0059 7BCF3DF7 		.ascii	"{\317=\367|\347;wf\214\001\230\010p\020\000\220\001"
 1638      7CE73B77 
 1638      668C0198 
 1638      08701000 
 1638      9001
 1639 006b 36DD6A90 		.ascii	"6\335j\220\300\266\355B\267\2045\267\032&\007\006e|"
 1639      C0B6ED42 
 1639      B78435B7 
ARM GAS  C:\Users\acest\AppData\Local\Temp\ccHjnHGW.s 			page 47


 1639      1A260706 
 1639      657C
 1640 007d 840240A8 		.ascii	"\204\002@\250\226\260\032\233Y\230a\023\353%\262\034"
 1640      96B01A9B 
 1640      59986113 
 1640      EB25B21C 
 1641 008d 9F21661E 		.ascii	"\237!f\036\216\330\366\326Z\353\364\032\206\373#r/\223"
 1641      8ED8F6D6 
 1641      5AEBF41A 
 1641      86FB2372 
 1641      2F93
 1642 009f A08B080F 		.ascii	"\240\213\010\017\020\007I\034\200\210\354\022\034\""
 1642      1007491C 
 1642      8088EC12 
 1642      1C22
 1643 00ad D2DCCCB0 		.ascii	"\322\334\314\260m\247A/c\370\020\2238\004XSn\207y\035"
 1643      6DA7412F 
 1643      63F81093 
 1643      38045853 
 1643      6E87791D 
 1644 00c1 F9904DEC 		.ascii	"\371\220M\354\215\231\276\372\3357kRI\020G\360/I\353"
 1644      8D99BEFA 
 1644      DD376B52 
 1644      491047F0 
 1644      2F49EB
 1645 00d4 8DDB0538 		.ascii	"\215\333\0058\212\274\020\200D\007\\@s\304\307\342\264"
 1645      8ABC1080 
 1645      44075C40 
 1645      73C4C7E2 
 1645      B4
 1646 00e5 8B3C0F7F 		.ascii	"\213<\017\177:\002\344\276\213\334\304\221p\377\370"
 1646      3A02E4BE 
 1646      8BDCC491 
 1646      70FFF8
 1647 00f4 7B3A3546 		.ascii	"{:5F\030\023\245\236\01327\2665xcyv_\330\346\356e|\212"
 1647      1813A59E 
 1647      0B3237B6 
 1647      35786379 
 1647      765FD8E6 
 1648 010c 5CCA2986 		.ascii	"\\\312)\206\021$\310\372\261+nj\353CS\307H\316\213Z"
 1648      1124C8FA 
 1648      B12B6E6A 
 1648      EB4353C7 
 1648      48CE8B5A 
 1649 0120 7BCADEE1 		.ascii	"{\312\336\341B\202\353\264+\352\277\015\273\360\031"
 1649      4282EBB4 
 1649      2BEABF0D 
 1649      BBF019
 1650 012f 814FB81A 		.ascii	"\201O\270\032\220?|\236\354/\2742\234\341\030\224\023"
 1650      903F7C9E 
 1650      EC2FBC32 
 1650      9CE11894 
 1650      13
 1651 0140 06AF7D27 		.ascii	"\006\257}'\203/\011K\201D\275\247\377Uo\353#\325\233"
 1651      832F094B 
 1651      8144BDA7 
 1651      FF556FEB 
ARM GAS  C:\Users\acest\AppData\Local\Temp\ccHjnHGW.s 			page 48


 1651      23D59B
 1652 0153 20707CA7 		.ascii	" p|\247\336\244\250G\034\244\250\356\315\247D\354\355"
 1652      DEA4A847 
 1652      1CA4A8EE 
 1652      CDA744EC 
 1652      ED
 1653 0164 DF8D7664 		.ascii	"\337\215vd3}z\274yv@\242[\306a\224E\216\320\310\370"
 1653      337D7ABC 
 1653      797640A2 
 1653      5BC66194 
 1653      458ED0C8 
 1654 0179 CDDB32DA 		.ascii	"\315\3332\332\021\200\233Lr\026\265\264\370\214\366"
 1654      11809B4C 
 1654      7216B5B4 
 1654      F88CF6
 1655 0188 6ACB2B14 		.ascii	"j\313+\024c[:\037b\335-\037\332o#%)\300\330R\232`\305"
 1655      635B3A1F 
 1655      62DD2D1F 
 1655      DA6F2325 
 1655      29C0D852 
 1656 019f C6FA86A2 		.ascii	"\306\372\206\242\213{\251a\001\277\215\266!\307C\231"
 1656      8B7BA961 
 1656      01BF8DB6 
 1656      21C74399 
 1657 01af 1403FF52 		.ascii	"\024\003\377Rd\314\027\264\365\360\320J'R\032\202\366"
 1657      64CC17B4 
 1657      F5F0D04A 
 1657      27521A82 
 1657      F6
 1658 01c0 68250D5F 		.ascii	"h%\015_ |\305\320\001\356u\221_f\326\272TO\327\236B"
 1658      207CC5D0 
 1658      01EE7591 
 1658      5F66D6BA 
 1658      544FD79E 
 1659 01d5 53997F9B 		.ascii	"S\231\177\2333\0104\342+\304i\221_\326\027\261\357\022"
 1659      330834E2 
 1659      2BC46991 
 1659      5FD617B1 
 1659      EF12
 1660 01e7 9BAF9D2A 		.ascii	"\233\257\235*\033\217\373\026\242\251\300#\347\272\321"
 1660      1B8FFB16 
 1660      A2A9C023 
 1660      E7BAD1
 1661 01f6 EE966F4B 		.ascii	"\356\226oK\331\242\302\346R\206@~\316\277+\241\300a"
 1661      D9A2C2E6 
 1661      5286407E 
 1661      CEBF2BA1 
 1661      C061
 1662 0208 03EBEE1E 		.ascii	"\003\353\356\036\355ar\035J\275\314\335\305(\252\036"
 1662      ED61721D 
 1662      4ABDCCDD 
 1662      C528AA1E 
 1663 0218 46D354C7 		.ascii	"F\323T\307\354(\322\2368\330\351tM\355\266wP\273/\035"
 1663      EC28D29E 
 1663      38D8E974 
 1663      4DEDB677 
 1663      50BB2F1D 
ARM GAS  C:\Users\acest\AppData\Local\Temp\ccHjnHGW.s 			page 49


 1664 022c C377965B 		.ascii	"\303w\226[\235\022\253\367;\234\002c\313b\347\300\316"
 1664      9D12ABF7 
 1664      3B9C0263 
 1664      CB62E7C0 
 1664      CE
 1665 023d 6B75617F 		.ascii	"kua\177<\220_<\220q\347`sl'\220\211x \220\034\310d\""
 1665      3C905F3C 
 1665      9071E760 
 1665      736C2790 
 1665      89782090 
 1666 0255 90A9E440 		.ascii	"\220\251\344@\342\255\317\211\020\222\373m\212Q\277"
 1666      E2ADCF89 
 1666      1092FB6D 
 1666      8A51BF
 1667 0264 13F17EB7 		.ascii	"\023\361~\267C\313\374o\205(\206Dw\3747id\350\334c("
 1667      43CBFC6F 
 1667      85288644 
 1667      77FC3769 
 1667      64E8DC63 
 1668 0279 C29739C5 		.ascii	"\302\2279\305\307\225\263\246f\230\212W\325LK9\241\231"
 1668      C795B3A6 
 1668      66988A57 
 1668      D54C4B39 
 1668      A199
 1669 028b 172C3DA8 		.ascii	"\027,=\250\234\361\024y\212='\025\203\340\262\240\241"
 1669      9CF11479 
 1669      8A3D2715 
 1669      83E0B2A0 
 1669      A1
 1670 029c 9FD7540B 		.ascii	"\237\327T\013\212<\236\274\344\247\270\302\357\363\227"
 1670      8A3C9EBC 
 1670      E4A7B8C2 
 1670      EFF397
 1671 02ab 5A97CBFD 		.ascii	"Z\227\313\375z\236\312\347\272y\244\240\240 O7\351\251"
 1671      7A9ECAE7 
 1671      BA79A4A0 
 1671      A0204F37 
 1671      E9A9
 1672 02bd F4FBF24C 		.ascii	"\364\373\362LC\245\215\200\026\010\352z\245\351QA\012"
 1672      43A58D80 
 1672      1608EA7A 
 1672      A5E95141 
 1672      0A
 1673 02ce 04339201 		.ascii	"\0043\222\001O\271W;\352\313/\327@\326}\347\203\005"
 1673      4FB9573B 
 1673      EACB2FD7 
 1673      40D67DE7 
 1673      8305
 1674 02e0 EA714508 		.ascii	"\352qE\010\231BTI\022UtS1,\305\177Q\255\274\\\256\321"
 1674      99425449 
 1674      12557453 
 1674      312CC57F 
 1674      51ADBC5C 
 1675 02f6 8E59657A 		.ascii	"\216Yez*\300\355\363\232\332i\303_\362\357\223\252\036"
 1675      2AC0EDF3 
 1675      9ADA69C3 
 1675      5FF2EF93 
ARM GAS  C:\Users\acest\AppData\Local\Temp\ccHjnHGW.s 			page 50


 1675      AA1E
 1676 0308 08E81715 		.ascii	"\010\350\027\025\355\252\245x\215\200\242\006L?\007"
 1676      EDAAA578 
 1676      8D80A206 
 1676      4C3F07
 1677 0317 0D2D21C8 		.ascii	"\015-!\310\241\262s\252J\242\205\377%\026\324\015\313"
 1677      A1B273AA 
 1677      4AA285FF 
 1677      2516D40D 
 1677      CB
 1678 0328 E472578E 		.ascii	"\344rW\216\345\006r\275\225\026\361\270$\011\3549Uz"
 1678      E50672BD 
 1678      9516F1B8 
 1678      2409EC39 
 1678      557A
 1679 033a 26933B0B 		.ascii	"&\223;\013\032\376\234\314\354|\220\014pS\327\272Q\005"
 1679      1AFE9CCC 
 1679      EC7C900C 
 1679      7053D7BA 
 1679      5105
 1680 034c 7F000F88 		.ascii	"\177\000\017\210\310\233"
 1680      C89B
 1681              		.text
 1682              		.section	.gnu.lto_chPoolFreeI.339.b3bfe561,"e",%progbits
 1683 0000 789C6D51 		.ascii	"x\234mQMh\023Q\020\236ogwc\020z\222\236E\021\021d\323"
 1683      4D681351 
 1683      109E6F67 
 1683      7763107A 
 1683      929E4511 
 1684 0017 085E3C59 		.ascii	"\010^<Y\242W\017\212\267@i6\013Mm\3305\273\236\373\222"
 1684      A2570F8A 
 1684      B7406936 
 1684      0B4D6DD8 
 1684      35BB9EFB 
 1685 002c 634A49D2 		.ascii	"cJI\322\200^T$\004\251'Oj\324T\243\350A\012\"^\275H"
 1685      805E5424 
 1685      04A9274F 
 1685      6AD454A3 
 1685      E8410A22 
 1686 0043 A06005B5 		.ascii	"\240`\005\265\012j\016b\235}\211v\017.\363v~\336|\363"
 1686      0A6A0E62 
 1686      9D7D8976 
 1686      0F2EF376 
 1686      7EDE7CF3 
 1687 0057 CDCC1B81 		.ascii	"\315\314\033\201\250MD\207\345\200\011k\255\272AJ\251"
 1687      A84D4487 
 1687      E580096B 
 1687      ADBA414A 
 1687      A9
 1688 0068 D32903D5 		.ascii	"\323)\003\325V=\215\015h\017\264l`\031m>&\356h\353\332"
 1688      563D8D0D 
 1688      680FB46C 
 1688      60196D3E 
 1688      26EE68EB 
 1689 007d 979750EB 		.ascii	"\227\227P\353\003t\231\350\246\034\375]g\254q\227\001"
 1689      037499E8 
 1689      A61CFD5D 
ARM GAS  C:\Users\acest\AppData\Local\Temp\ccHjnHGW.s 			page 51


 1689      67AC7197 
 1689      01
 1690 008e 73621938 		.ascii	"sb\0318(\026_\246\243\003\245\336\274\352)\225\246."
 1690      28165FA6 
 1690      A303A5DE 
 1690      BCEA2995 
 1690      A62E
 1691 00a0 331E4030 		.ascii	"3\036@0\270\017\334\003\241'E8\372a\307\231+\030\247"
 1691      B80FDC03 
 1691      A1274538 
 1691      FA61C799 
 1691      2B18A7
 1692 00b3 BE9BA49A 		.ascii	"\276\233\244\232x\230L}$\251fTMi*n\"VG$\177g\264\265"
 1692      78984C7D 
 1692      24A96654 
 1692      4D692A6E 
 1692      22564724 
 1693 00cb 32D5ACEE 		.ascii	"2\325\254\356\353\262\205\307I@_\246\213VS\266\266\342"
 1693      EBB285C7 
 1693      49405FA6 
 1693      8B5653B6 
 1693      B6E2
 1694 00dd F8860444 		.ascii	"\370\206\004D\350\356[k\240~\3556\224\332u\266\373\303"
 1694      E8EE5B6B 
 1694      A07EED36 
 1694      94DA75B6 
 1694      FBC3
 1695 00ef 740A90EA 		.ascii	"t\012\220\352\322z\017\266\360ZD\015\216\327\240L\250"
 1695      D27A0FB6 
 1695      F05A440D 
 1695      8ED7A04C 
 1695      A8
 1696 0100 0151938D 		.ascii	"\001Q\223\215\261S\025\347#\324\360\353&D\327n\315I"
 1696      B15315E7 
 1696      23D4F0EB 
 1696      2644D76E 
 1696      CD49
 1697 0112 E10E43C7 		.ascii	"\341\016C\307\276oNk\375S\337\251C\377~\303\337\373"
 1697      BE6F4E6B 
 1697      FD53DFA9 
 1697      43FF7EC3 
 1697      DFFB
 1698 0124 E9336AFD 		.ascii	"\3513j\375\355\003\035\266'\253a\335\374\355x\271\322"
 1698      ED031DB6 
 1698      27AB61DD 
 1698      FCED78B9 
 1698      D2
 1699 0135 B6DD91C0 		.ascii	"\266\335\221\300\023\320\314\330\265\360\0247\364V\005"
 1699      13D0CCD8 
 1699      B5F01437 
 1699      F45605
 1700 0144 B653FF84 		.ascii	"\266S\377\204\011\310\332\003\255\213\233\022f<K\240"
 1700      09C8DA03 
 1700      AD8B9B12 
 1700      663C4BA0 
 1701 0154 9E0B4AA6 		.ascii	"\236\013J\246\023\026M\333z\215\270\300\325;S\177Q\037"
 1701      13164DDB 
ARM GAS  C:\Users\acest\AppData\Local\Temp\ccHjnHGW.s 			page 52


 1701      7A8DB8C0 
 1701      D53B537F 
 1701      511F
 1702 0166 8CFF70BD 		.ascii	"\214\377p\275\030s\305c|C\355}\373\234~\314\006co~\242"
 1702      1873C563 
 1702      7C43ED7D 
 1702      FB9C7ECC 
 1702      06636F7E 
 1703 017b E3B953F9 		.ascii	"\343\271S\371\213\241W\011\363\363\256\027F\3713^x)"
 1703      8BA15709 
 1703      F3F3AE17 
 1703      46F9335E 
 1703      7829
 1704 018d F283FC79 		.ascii	"\362\203\374yg\326\3119g\363\025\011\317\005\025\177"
 1704      67D6C939 
 1704      67F31509 
 1704      CF05157F 
 1705 019d D173239A 		.ascii	"\321s#\232u\234LRr\013\245B\351Bt\245X\3623nl\373\341"
 1705      759C4C52 
 1705      720BA542 
 1705      E94274A5 
 1705      58F2336E 
 1706 01b4 896C369B 		.ascii	"\211l6\233\361C\221\245R!\023V\\\271({\345\300\367\227"
 1706      F14391A5 
 1706      52211356 
 1706      5CB9287B 
 1706      E5C0F797 
 1707 01c8 42C725A3 		.ascii	"B\307%\243\034L'\003Nq\336;Y\230)zd\372\205\305\200"
 1707      1C4C2703 
 1707      4E71DE3B 
 1707      5998297A 
 1707      64FA85C5 
 1708 01dd 8385E00F 		.ascii	"\203\205\340\017.\226\3210"
 1708      2E96D130 
 1709              		.text
 1710              		.section	.gnu.lto_chPoolFree.340.b3bfe561,"e",%progbits
 1711 0000 789C8D54 		.ascii	"x\234\215T]l\024U\024\276g\356\376ti\322\230h\372\240"
 1711      5D6C1455 
 1711      14BE67EE 
 1711      FE7469D2 
 1711      9868FAA0 
 1712 0014 2F0BA631 		.ascii	"/\013\2461&e\333J\214\011O\220\342\033&\006\342\333"
 1712      2665DB4A 
 1712      8C094F90 
 1712      E21B2606 
 1712      E2DB
 1713 0026 C466773A 		.ascii	"\304fw:\261\213]f\231\031T\236\230.\376$m\264\355\022"
 1713      B18B5D66 
 1713      9919549E 
 1713      982EFE24 
 1713      6DB4ED12 
 1714 003a 8A69172A 		.ascii	"\212i\027*\315\326\324'b\242\265--,\005l\241\330\026"
 1714      CDD6D427 
 1714      62A2B52D 
 1714      2D2C056C 
 1714      A1D816
 1715 004d E80A6E2B 		.ascii	"\350\012n+\325j\243\230 \353\256\225\232\010z\316\235"
ARM GAS  C:\Users\acest\AppData\Local\Temp\ccHjnHGW.s 			page 53


 1715      D56AA398 
 1715      20EBAE95 
 1715      9A087ACE 
 1715      9D
 1716 005e D91F1B63 		.ascii	"\331\037\033c\330\314\356\336{\356w\276\363\363\235"
 1716      D8CCEEDE 
 1716      7BEE77BE 
 1716      F3F39D
 1717 006d 3BA36EC6 		.ascii	";\243n\306\336\004\306\236f\214\001g\020\357n\227\230"
 1717      DE04C69E 
 1717      668C0167 
 1717      10EF6E97 
 1717      98
 1718 007e 65593BBC 		.ascii	"eY;\274\022\264u\267\373\340\014\210\035\260\303\022"
 1718      12B475B7 
 1718      FBE00C88 
 1718      1DB0C312 
 1719 008e 1C86A3FC 		.ascii	"\034\206\243\374Y\334\256\257\036\357\237\002k(\005"
 1719      59DCAEAF 
 1719      1EEF9F02 
 1719      6B2805
 1720 009d 49CED849 		.ascii	"I\316\330I\374\212O\202C\234'9\200\313YI\340\307\025"
 1720      FC8A4F82 
 1720      439C2739 
 1720      80CB5949 
 1720      E0C715
 1721 00b0 3FC09E49 		.ascii	"?\300\236IY\326\374\364\210e\371X\222s\370\002\320\007"
 1721      59D6FCF4 
 1721      8865F958 
 1721      9273F802 
 1721      D007
 1722 00c2 86013E07 		.ascii	"\206\001>\007\006#H\302\315\253\036Bv\200\015\3158P"
 1722      062348C2 
 1722      CDAB1E42 
 1722      76800DCD 
 1722      3850
 1723 00d4 178C9643 		.ascii	"\027\214\226C\307\020\3522oz\030\363\210\260\230\034"
 1723      C710EA32 
 1723      6F7A18F3 
 1723      88B0981C 
 1724 00e4 E3E82776 		.ascii	"\343\350'v\000\343@)x(\301\205mtx\222K\005Kb\350\322"
 1724      00E34029 
 1724      7828C185 
 1724      6D747892 
 1724      4B054B62 
 1725 00fa 9287C104 		.ascii	"\222\207\301\004\3328\331\370\244\000S\264\365\317>"
 1725      DA38D9F8 
 1725      A40053B4 
 1725      F5CF3E
 1726 0109 589C7B32 		.ascii	"X\234{2a\245\\I\356\206s@TN@*\320m\376\271\011\2215"
 1726      61A55C49 
 1726      EE867340 
 1726      544E402A 
 1726      D06DFEB9 
 1727 0120 84BC1DEF 		.ascii	"\204\274\035\357\033\255\275p\304\232\266\212XV\302"
 1727      1BADBD70 
 1727      C49AB68A 
ARM GAS  C:\Users\acest\AppData\Local\Temp\ccHjnHGW.s 			page 54


 1727      5856C2
 1728 012f DA2DA068 		.ascii	"\332-\240h#\351\204\007\316\243\361,\261Q\2660Y\310"
 1728      23E98407 
 1728      CEA3F12C 
 1728      B151B630 
 1728      59C8
 1729 0141 8FDF1249 		.ascii	"\217\337\022I\011\276\263\347O\277\212\201\337\366'"
 1729      09BEB3E7 
 1729      4FBF8A81 
 1729      DFF627
 1730 0150 B9072E22 		.ascii	"\271\007.\"\326U`\273\204l\346\373^Q\034m\350\350\313"
 1730      D65560BB 
 1730      846CE6FB 
 1730      5E511C6D 
 1730      E8E8CB
 1731 0163 62CAD97B 		.ascii	"b\312\331{\203\361\252.(\364\262\3505%z\371\207\307"
 1731      83F1AA2E 
 1731      28F4B2E8 
 1731      35257AF9 
 1731      87C7
 1732 0175 E1CFF64F 		.ascii	"\341\317\366O\035\020\251nh\371\224\223\252M\265\332"
 1732      1D10A96E 
 1732      68F99493 
 1732      AA4DB5DA 
 1733 0185 23A8EC5E 		.ascii	"#\250\354^\027\251.\213^\267y7Rm\220\344\362\277\252"
 1733      17A92E8B 
 1733      5EB77937 
 1733      526D90E4 
 1733      F2BFAA
 1734 0198 DE065700 		.ascii	"\336\006W\000\246\301\356\275\253Pfv}\265\243\252\253"
 1734      A6C1EEBD 
 1734      AB506676 
 1734      7DB5A3AA 
 1734      AB
 1735 01a9 ADA25024 		.ascii	"\255\242P$+/\022\233\003Wq=\003N}B\277\264\243\237\273"
 1735      2B2F129B 
 1735      0357713D 
 1735      034E7D42 
 1735      BFB4A39F 
 1736 01be A4DF3B6B 		.ascii	"\244\337;k\210\234E\233\207\225\3448\367Hr\254\377\210"
 1736      889C459B 
 1736      8795E438 
 1736      F74872AC 
 1736      FF88
 1737 01d0 72CCA371 		.ascii	"r\314\243q\256(\3075!\007aN_w\247\254\277\376\356\264"
 1737      AE28C735 
 1737      2107614E 
 1737      5F77A7AC 
 1737      BFFEEEB4 
 1738 01e4 52F72BFB 		.ascii	"R\367+\373\337\353\375iL\362I\200S\211S0\006.\034B\204"
 1738      DFEBFD69 
 1738      4CF24980 
 1738      53895330 
 1738      062E1C42 
 1739 01f9 7772BA13 		.ascii	"wr\272\023\226\013\254\024c]\\\2627Gp\363\013X+7f\201"
 1739      960BAC14 
 1739      635D5CB2 
ARM GAS  C:\Users\acest\AppData\Local\Temp\ccHjnHGW.s 			page 55


 1739      374770F3 
 1739      0B582B37 
 1740 020f FEF3A78E 		.ascii	"\376\363\247\216\335\356\355\001\2341a\315g|\3428?1"
 1740      DDEEED01 
 1740      9C3161CD 
 1740      677CE238 
 1740      3F31
 1741 0221 389CBBF5 		.ascii	"8\234\273\3658\216\2020\247s\037\002\331c~\034\020\272"
 1741      388E8230 
 1741      A7731F02 
 1741      D9637E1C 
 1741      10BA
 1742 0233 246EA817 		.ascii	"$n\250\027\260;\211\341\345\023\200s\"`g\226}p\001\330"
 1742      B03B89E1 
 1742      E5138073 
 1742      22606796 
 1742      7D7001D8 
 1743 0247 3D886DA1 		.ascii	"=\210m\2414\227$,e\363]\351]l\"I\342\242\353\272\000"
 1743      3497242C 
 1743      65F35DE9 
 1743      5D6C2249 
 1743      E2A2EBBA 
 1744 025c 0CFF210D 		.ascii	"\014\377!\015pCtnsV\234W\210\303\233v\224\354\370\340"
 1744      7043746E 
 1744      73569C57 
 1744      88C39B76 
 1744      94ECF8E0 
 1745 0270 42AE82D1 		.ascii	"B\256\202\3210\022o\356\324\261\33735\"\302\375L\265"
 1745      30126FEE 
 1745      D4B1DF33 
 1745      3522C2FD 
 1745      4CB5
 1746 0282 B03C1858 		.ascii	"\260<\030X\333M\027I\2444\015\003xg\304\362\012.9!~"
 1746      DB4D1749 
 1746      A4340D03 
 1746      7867C4F2 
 1746      0A2E3921 
 1747 0297 58EEA844 		.ascii	"X\356\250Dy\204\323o3>\370J`?jB\331\034\304\312\332"
 1747      7984D36F 
 1747      333EF84A 
 1747      603F6A42 
 1747      D91CC4CA 
 1748 02ac 4CB5CD69 		.ascii	"L\265\315i\303\266\024\177V\036V\262_!6~\347\211\001"
 1748      C3B6147F 
 1748      561E56B2 
 1748      5F21367E 
 1748      E78901
 1749 02bf 5E782B70 		.ascii	"^x+p\221\354\307\200\255\365a4\370\006X=\366S\214G\006"
 1749      91ECC780 
 1749      ADF56134 
 1749      F806583D 
 1749      F6538C47 
 1750 02d4 4EE0DB84 		.ascii	"N\340\333\204\242\241W\266\375.8>\236\222\317&\014\012"
 1750      A2A157B6 
 1750      FD2E383E 
 1750      9E92CF26 
 1750      0C0A
ARM GAS  C:\Users\acest\AppData\Local\Temp\ccHjnHGW.s 			page 56


 1751 02e6 4BB6CF90 		.ascii	"K\266\317\2208\372\026\235\304\004a\014\021\264{V\370"
 1751      38FA169D 
 1751      C404610C 
 1751      11B47B56 
 1751      F8
 1752 02f7 F77C52F5 		.ascii	"\367|R\365_\201~\226\310i\271\020\311\256!\366]z\226"
 1752      5F817E96 
 1752      C869B910 
 1752      C9AE21F6 
 1752      5D7A96
 1753 030a 5E7634BD 		.ascii	"^v4\275\205\372mu\277\256r\304\355\355Cqm\251W\372\027"
 1753      85FA6D75 
 1753      BFAE72C4 
 1753      EDED4371 
 1753      6DA957FA 
 1754 031f 8F3BC79F 		.ascii	"\217;\307\237\366\331\355\234X\334X\372\302S\216\374"
 1754      F6D9ED9C 
 1754      58DC58FA 
 1754      C2538EFC 
 1755 032f 0F49FE39 		.ascii	"\017I\3769\333\361h\276(\377\274#?+\227\377ZI\376\353"
 1755      DBF168BE 
 1755      28FFBC23 
 1755      3F2B97FF 
 1755      5A49FEEB 
 1756 0343 E5F23B42 		.ascii	"\345\362;B\177/$/W7\236Guq\266Y\016\267\017&\327v\221"
 1756      7F2F242F 
 1756      57379E47 
 1756      7571B659 
 1756      0EB70F26 
 1757 035a 96F4E9E4 		.ascii	"\226\364\351\344`\217i,E\333\332\306\355\362+\206\252"
 1757      608F692C 
 1757      45DBDAC6 
 1757      EDF22B86 
 1757      AA
 1758 036b 1B725051 		.ascii	"\033rPQ\015S\336\245\032\257\233ZT\336\023\330\031h"
 1758      0D53DEA5 
 1758      1AAF9B5A 
 1758      54DE13D8 
 1758      1968
 1759 037d 0CBC28EB 		.ascii	"\014\274(\353hn\212\352\332>U1\331\316@\240\256\374"
 1759      686E8AEA 
 1759      DA3E5531 
 1759      D9CE40A0 
 1759      AEFC
 1760 038f 696C0987 		.ascii	"il\011\207\302{\315\203\315a\255N\241\265f<\327\320"
 1760      C27BCD83 
 1760      CD61AD4E 
 1760      A1B5663C 
 1760      D7D0
 1761 03a1 D050A719 		.ascii	"\320P\247\031\370\264\206Cu\206\256\340AD\215D5\255"
 1761      F8B48643 
 1761      7586AEE0 
 1761      41448D44 
 1761      35AD
 1762 03b3 D508284C 		.ascii	"\325\010(L\212D\253\313\015\201\346\240\372|\250\276"
 1762      8A44ABCB 
 1762      0D81E6A0 
ARM GAS  C:\Users\acest\AppData\Local\Temp\ccHjnHGW.s 			page 57


 1762      FA7CA8BE 
 1763 03c3 59652E2D 		.ascii	"Ye.-\264/\332\240l\227\005\221!H\3452RY3d\335\224\303"
 1763      B42FDAA0 
 1763      6C970591 
 1763      2148E532 
 1763      52593364 
 1764 03da FB95D683 		.ascii	"\373\225\326\203\315*\236\030\207\214@\013\363\206\202"
 1764      CD2A9E18 
 1764      878C400B 
 1764      F38682
 1765 03e9 86FAB21E 		.ascii	"\206\372\262\036\336\375\377\236\212\026\211h\373e\365"
 1765      DEFDFF9E 
 1765      8A168968 
 1765      FB65F5
 1766 03f8 2D530EEA 		.ascii	"-S\016\352\021Y\211\030a2\352j\211\220LM\257)\012\222"
 1766      11598918 
 1766      6132EA6A 
 1766      89904C4D 
 1766      AF290A92 
 1767 040c EE7824B2 		.ascii	"\356x$\262\250\246\233\006\321\275\361\302\326\310\326"
 1767      A8A69B06 
 1767      D1BDF1C2 
 1767      D6C8D6
 1768 041b 60AB8938 		.ascii	"`\253\2118\242D\002\036m\211>\366\322\336=~\312.\252"
 1768      A244021E 
 1768      6D893EF6 
 1768      D2DE3D7E 
 1768      CA2EAA
 1769 042e 876BFD35 		.ascii	"\207k\3755\365L\322\231\027+\327\364C\354\037\217\216"
 1769      F54CD299 
 1769      172BD7F4 
 1769      43EC1F8F 
 1769      8E
 1770 043f 64EA     		.ascii	"d\352"
 1771              		.text
 1772              		.section	.gnu.lto_chGuardedPoolObjectInitAligned.341.b3bfe561,"e",%progbits
 1773 0000 789C7554 		.ascii	"x\234uTKhSA\024\235\363\346\275|\032m7~\266E\021Q$m"
 1773      4B685341 
 1773      149DF3E6 
 1773      BD7C1A6D 
 1773      377EB645 
 1774 0018 1537E242 		.ascii	"\0257\342B\251\256\005\305]@\332\364\241\321\306\304"
 1774      A9AE05C5 
 1774      5D40DAF4 
 1774      A1D1C6C4 
 1775 0028 BCC6859B 		.ascii	"\274\306\205\233\216\255Z(Bm+\024\332&B\014~p!\"j\375"
 1775      8EAD5A28 
 1775      426D2B14 
 1775      DA26420C 
 1775      7E702122 
 1776 003e 54A3B51F 		.ascii	"T\243\265\037\333\372\005\021\177(-\322*(\261\202\270"
 1776      DBFA0511 
 1776      7F282DD2 
 1776      2A28B182 
 1776      B8
 1777 004f 28E89D99 		.ascii	"(\350\235\231\244&\326\206\367\362\356\334w\316\231"
 1777      A426D686 
ARM GAS  C:\Users\acest\AppData\Local\Temp\ccHjnHGW.s 			page 58


 1777      F7F2EEDC 
 1777      77CE99
 1778 005e 73EF9DE4 		.ascii	"s\357\235\344\242\311X\2121\266\222np\206\216\366V\203"
 1778      A2C9588A 
 1778      31B6926E 
 1778      70868EF6 
 1778      5683
 1779 0070 0921B6B8 		.ascii	"\011!\266\270\015\034mo\365\242\037j\005\326h\240\021"
 1779      0D1C6D6F 
 1779      F5A21F6A 
 1779      05D668A0 
 1779      11
 1780 0081 9D7C0D2D 		.ascii	"\235|\015-\177}\352\032\035\206\270\220A\2323\226\244"
 1780      7F7DEA1A 
 1780      1D86B890 
 1780      419A3396 
 1780      A4
 1781 0092 5B7D7A39 		.ascii	"[}z9:x\232\003f.2PN\021?\304Vg\204x6\333'\204\227\245"
 1781      3A789A03 
 1781      662E3250 
 1781      4E113FC4 
 1781      56678478 
 1782 00ac 39C70D10 		.ascii	"9\307\015\020\007\327\201k`2\021\357qI\334I(`v\254\245"
 1782      07D7816B 
 1782      603211EF 
 1782      7149DC49 
 1782      286076AC 
 1783 00c1 ABF41449 		.ascii	"\253\364\024I\233\270Y\0144\343\347\025\260=\007\034"
 1783      9BB8590C 
 1783      34E3E715 
 1783      B03D071C 
 1784 00d1 1FD6400B 		.ascii	"\037\326@\013\267\213\201V\374\252\2131W\316\033\210"
 1784      B78B8156 
 1784      FCAA8B31 
 1784      57CE1B88 
 1785 00e1 A362E02E 		.ascii	"\243b\340.\244K\336\245\036J#qVk\270p\017\022\2415 "
 1785      A44BDEA5 
 1785      1E4A2371 
 1785      566BB870 
 1785      0F12A135 
 1786 00f6 4B73C567 		.ascii	"Ks\305g=\004[%a\243\303\207F\204\231\207\261\2770]\267"
 1786      3D045B25 
 1786      61A3C387 
 1786      46849987 
 1786      B1BF305D 
 1787 010b 966A4E16 		.ascii	"\226jN\026\370\236\223z S\361\026\357\277R\305\345\021"
 1787      F89E937A 
 1787      2053F116 
 1787      EFBF52C5 
 1787      E511
 1788 011d AC402A39 		.ascii	"\254@*9\331YP\331\234\324C\231\212w\316\223*n\000\301"
 1788      D95950D9 
 1788      9CD44399 
 1788      8A77CE93 
 1788      2A6E00C1 
 1789 0131 B414EF46 		.ascii	"\264\024\357F\201\2426\347\306P\241\342\260L\305\317"
 1789      81A236E7 
ARM GAS  C:\Users\acest\AppData\Local\Temp\ccHjnHGW.s 			page 59


 1789      C650A1E2 
 1789      B04CC5CF 
 1790 0141 CC53D430 		.ascii	"\314S\3240\366\027\246\025]4\375\276\251\015\030\001"
 1790      F617A615 
 1790      5D34FDBE 
 1790      A90D1801 
 1791 0151 068101E0 		.ascii	"\006\201\001\340>\275\354\227\202\262\333x\244:,\261"
 1791      3EBDEC97 
 1791      82B2DB78 
 1791      A43A2CB1 
 1792 0161 975F5819 		.ascii	"\227_X\0311\373\273M\210\251\315_{\177z}\240\261x\014"
 1792      31FBBB4D 
 1792      88A9CD5F 
 1792      7B7F7A7D 
 1792      A0B1780C 
 1793 0175 A00F2670 		.ascii	"\240\017&p\013\026p\207pm\\\0366aBd\030;\305\015\275"
 1793      0B167087 
 1793      706D5C1E 
 1793      36614264 
 1793      183BC50D 
 1794 018a 68A6C517 		.ascii	"h\246\305\027\210\211\304S\320\263\251|-e\263=\227\262"
 1794      8889C453 
 1794      D0B3A97C 
 1794      2D65B33D 
 1794      97B2
 1795 019c 02722AEC 		.ascii	"\002r*\354</:o\\\025y\016\312\332\017w\232{St\362\306"
 1795      3C2F3A6F 
 1795      5C15790E 
 1795      CADA0F77 
 1795      9A7B5374 
 1796 01b2 55B69292 		.ascii	"U\266\222\222\2364/\301c$$\353\230DM\253q?\001\031W"
 1796      9E342FC1 
 1796      632424EB 
 1796      98444DAB 
 1796      713F0119 
 1797 01c7 F25404C6 		.ascii	"\362T\004\306r\341\000R\334\324\341 \205\226\016G\324"
 1797      72E10052 
 1797      DCD4E120 
 1797      85960E47 
 1797      D4
 1798 01d8 46F42390 		.ascii	"F\364#\220\266&o\237\360Q\245\312\341\363!/FU\270b\356"
 1798      B6266F9F 
 1798      F051A5CA 
 1798      E1F3212F 
 1798      4655B862 
 1799 01ed 6BE28D8B 		.ascii	"k\342\215\213}C\323\314\205\322\234A\027\026)\203\324"
 1799      7D43D3CC 
 1799      85D29C41 
 1799      17162983 
 1799      D4
 1800 01fe 811269ED 		.ascii	"\201\022i\3559\230\3645m\244\271\017/\310\030d\347$"
 1800      3998F435 
 1800      6DA4B90F 
 1800      2FC81864 
 1800      E724
 1801 0210 D2A77798 		.ascii	"\322\247w\230x?\004)\321\375y\351BD\023/\211hH\2426"
 1801      783F0429 
ARM GAS  C:\Users\acest\AppData\Local\Temp\ccHjnHGW.s 			page 60


 1801      D1FD79E9 
 1801      4244132F 
 1801      896848A2 
 1802 0225 2C263EE4 		.ascii	",&>\344I\245\013\221,\274\"\022\327$K\221\276\347H\027"
 1802      49A50B91 
 1802      2CBC2212 
 1802      D7244B91 
 1802      BEE74817 
 1803 0239 972C4472 		.ascii	"\227,Dr\3435\221L5\334g\252K\037\023O\345\377\202\234"
 1803      E335914C 
 1803      35DC67AA 
 1803      4B1F134F 
 1803      E5FF829C 
 1804 024d 7DBE692C 		.ascii	"}\276i,\3372\226o\230.$Y&\325O\267\322~\310\017iz\371"
 1804      DF32966F 
 1804      982E2459 
 1804      26D54FB7 
 1804      D27EC80F 
 1805 0264 FF46B408 		.ascii	"\377F\264\010oi\033\253`D\036\274#\225,\216\227S\216"
 1805      6F691BAB 
 1805      60441EBC 
 1805      23952C8E 
 1805      97538E
 1806 0277 8C2C4E52 		.ascii	"\214,NR\275,\245{Z*\255\226\261\031rse\207:\015m\034"
 1806      BD2CA57B 
 1806      5A2AAD96 
 1806      B1197273 
 1806      65873A0D 
 1807 028d FAF43465 		.ascii	"\372\3644e\344r]\365\246\300n\307\2169\201\232\240\355"
 1807      E4725DF5 
 1807      A6C06EC7 
 1807      8E39819A 
 1807      A0ED
 1808 029f 3404B6D9 		.ascii	"4\004\266\331\316\201\206H4\260\323\277\325_\355\337"
 1808      CE818648 
 1808      34B0D3BF 
 1808      D55FEDDF 
 1809 02af 1E88517A 		.ascii	"\036\210QzO4\026\331o\007\033\330V\277\277\242\360\252"
 1809      4F3416D9 
 1809      6F071BD8 
 1809      56BFBFA2 
 1809      F0AA
 1810 02c1 DE17AA0D 		.ascii	"\336\027\252\015\355j\210\327\205\"\025A\031G\234\365"
 1810      ED6A88D7 
 1810      85221541 
 1810      19479CF5 
 1811 02d1 55555515 		.ascii	"UUU\025\021\207\256\372Pm\205\023\013\322\213\260\035"
 1811      1187AEFA 
 1811      506D8513 
 1811      0BD28BB0 
 1811      1D
 1812 02e2 8E4622F5 		.ascii	"\216F\"\365\216?\310\370\336ptYa\306_Wco\254\255\254"
 1812      8E3FC8F8 
 1812      DE707459 
 1812      61C65F57 
 1812      636FACAD 
 1813 02f7 B399E984 		.ascii	"\263\231\351\204\216\330VM}h\357A#\034\365\320\236\207"
ARM GAS  C:\Users\acest\AppData\Local\Temp\ccHjnHGW.s 			page 61


 1813      8ED8564D 
 1813      7D68EF41 
 1813      231CF5D0 
 1813      9E87
 1814 0309 437576EC 		.ascii	"Cuv\354\017:/\234\271"
 1814      0F3A2F9C 
 1814      B9
 1815              		.text
 1816              		.section	.gnu.lto_chGuardedPoolLoadArray.342.b3bfe561,"e",%progbits
 1817 0000 789C6D53 		.ascii	"x\234mS]H\024Q\024\276\337\334;\256\273D\365\324kRD"
 1817      5D481451 
 1817      14BEDFDC 
 1817      3BAEBB44 
 1817      F5D46B52 
 1818 0015 04316610 		.ascii	"\0041f\020\224P\024\026\364l\365\020\014D\256Km\251"
 1818      94501416 
 1818      F46CF510 
 1818      0C44AE4B 
 1818      6DA9
 1819 0027 B339BBCF 		.ascii	"\2639\273\317\335v\323@E]K#\260\240e\010#(\012*3\263"
 1819      DD76D340 
 1819      455D4B23 
 1819      B0A06508 
 1819      23280A2A 
 1820 003d 550BAD87 		.ascii	"U\013\255\207\024\037\362%(\244\202~0)(\023k;\367\356"
 1820      141FF225 
 1820      28A4827E 
 1820      30292813 
 1820      6B3BF7EE 
 1821 0051 B8ADD130 		.ascii	"\270\255\3210\273s\346;\337\371\316\317\234\233\341"
 1821      BB73E63B 
 1821      DFF9CECF 
 1821      9C9BE1
 1822 0060 8CBD608C 		.ascii	"\214\275`\214\305\351\207\022\206\256t\213\301\244\224"
 1822      C5E98712 
 1822      86AE748B 
 1822      C1A494
 1823 006f BB03062E 		.ascii	"\273\003\006.\244[^?\276#\360\010\032\340\270p{\311"
 1823      A45B5E3F 
 1823      BE23F008 
 1823      1AE0B870 
 1823      7BC9
 1824 0081 298C54BA 		.ascii	")\214T\272\325 \317\324\334\302v\321\224^y\263\243)"
 1824      D520CFD4 
 1824      DCC276D1 
 1824      945E79B3 
 1824      A329
 1825 0093 204C9C49 		.ascii	" L\234I\267L\217\033\232\002v\332\340\004\2356\004C"
 1825      B74C8F1B 
 1825      9A0276DA 
 1825      E0049D36 
 1825      0443
 1826 00a5 562047D7 		.ascii	"V G\327\252\202\301\374\353<\337D\354\371w\027\277\214"
 1826      AA82C1FC 
 1826      EB3CDF44 
 1826      ECF97717 
 1826      BF8C
ARM GAS  C:\Users\acest\AppData\Local\Temp\ccHjnHGW.s 			page 62


 1827 00b7 41F665E1 		.ascii	"A\366e\341Q=W\270\357\354\345\350\342\036\007\204o\031"
 1827      513D57B8 
 1827      EFECE5E8 
 1827      E21E0784 
 1827      6F19
 1828 00c9 28238B9F 		.ascii	"(#\213\237b\033\263RN~\356\2272\310<\316q\037\024\203"
 1828      621BB352 
 1828      4E7EEE97 
 1828      32C83CCE 
 1828      711F1483 
 1829 00dd 7BC05D30 		.ascii	"{\300]0\005$&M\305kC\236\230\363\211\002\017\226\023"
 1829      0524264D 
 1829      C56B439E 
 1829      98F38902 
 1829      0F9613
 1830 00f0 45E29526 		.ascii	"E\342\225&\266\373\304K\251sr\265\360\270\211\207\313"
 1830      B6FBC44B 
 1830      A97372B5 
 1830      F0B88987 
 1830      CB
 1831 0101 8966E2BD 		.ascii	"\211f\342\275\311X\211_\033(F\333\300\020T\225*x~\262"
 1831      C958895F 
 1831      1B2846DB 
 1831      C0105495 
 1831      2A787EB2 
 1832 0115 E57AEBDA 		.ascii	"\345z\353\332^\231\025K\025\301\217\307c\250\232\246"
 1832      5E99154B 
 1832      15C18FC7 
 1832      63A89AA6 
 1833 0125 83C4DCA0 		.ascii	"\203\304\334\240\230C?\207\332\002r\\\212\177k'f\276"
 1833      98433F87 
 1833      DA02725C 
 1833      8A7F6B27 
 1833      66BE
 1834 0137 6DFE7C99 		.ascii	"m\376|\231\356\247\365\303)\271_50\\\254;\002\325\302"
 1834      EEA7F5C3 
 1834      29B95F35 
 1834      305CAC3B 
 1834      02D5C2
 1835 014a DBFFE9E6 		.ascii	"\333\377\351\346\231\354/3\257[B\303\356\377}\000\243"
 1835      99EC2F33 
 1835      AF5B42C3 
 1835      EEFF7D00 
 1835      A3
 1836 015b 4096E047 		.ascii	"@\226\340GJM\265\205'\272\025\305\2725ef\345b\256C\312"
 1836      4A4DB585 
 1836      27BA15C5 
 1836      BA356566 
 1836      E562AE43 
 1837 0170 DCAEDED1 		.ascii	"\334\256\336\321\033\036V\000\030\200\001\014\202\276"
 1837      1B1E5600 
 1837      1880010C 
 1837      82BE
 1838 017e E4004C46 		.ascii	"\344\000LFV\200\206RR\012\364#\250\260\220\302\030\353"
 1838      56808652 
 1838      520AF423 
 1838      A8B090C2 
ARM GAS  C:\Users\acest\AppData\Local\Temp\ccHjnHGW.s 			page 63


 1838      18EB
 1839 0190 E06C6EA1 		.ascii	"\340ln\241o;d\226\261Nnh;E\366G\310\231o\023P\317u\205"
 1839      6F3B6496 
 1839      B14E6E68 
 1839      3B45F647 
 1839      C8996F13 
 1840 01a8 BF99EF6A 		.ascii	"\277\231\357j\013:9O7M\217\361\002\357\347\204A\317"
 1840      0B3A394F 
 1840      374D8FF1 
 1840      02EFE784 
 1840      41CF
 1841 01ba 64191598 		.ascii	"d\031\025\230\341\245ys\224L\241\274\337\256vO\365\364"
 1841      E1A57973 
 1841      944CA1BC 
 1841      DFAE764F 
 1841      F5F4
 1842 01cc 80CAD5DC 		.ascii	"\200\312\325\334\351\227A<\005\233CS\031;\013\303\343"
 1842      E997413C 
 1842      059B4353 
 1842      193B0BC3 
 1842      E3
 1843 01dd 812BB423 		.ascii	"\201+\264#\344\244H\212\360\362\361s\277Fr\007\251W"
 1843      E4A4488A 
 1843      F0F2F173 
 1843      BF467207 
 1843      A957
 1844 01ef D5F2925E 		.ascii	"\325\362\222^>\327\342*6\213\344\340u+\303\003\376\212"
 1844      3ED7E22A 
 1844      368BE4E0 
 1844      752BC303 
 1844      FE8A
 1845 0201 713DF86B 		.ascii	"q=\370kj\345\3736z<HJ\030\323\330\026\202J=\036\302"
 1845      6AE5FB36 
 1845      7A3C484A 
 1845      18D3D816 
 1845      824A3D1E 
 1846 0216 382EAB2D 		.ascii	"8.\253-P\357}\226Z\226g\004\250\321\315\"u\247ygF\005"
 1846      50EF7D96 
 1846      5A966704 
 1846      A8D1CD22 
 1846      75A77967 
 1847 022c 0952CCE7 		.ascii	"\011R\314\347\032\240\332\203:[z\312P\224\336\346m\031"
 1847      1AA0DA83 
 1847      3A5B7ACA 
 1847      5094DEE6 
 1847      6D19
 1848 023e 1ECA7053 		.ascii	"\036\312pS\2453\375\343\240\251\203D\015\351\231\010"
 1848      A533FDE3 
 1848      A0A98344 
 1848      0DE99908 
 1849 024e D296C29F 		.ascii	"\322\226\302\237Ir7\323.\223lC\353\351Y\314\374\230"
 1849      497237D3 
 1849      2E936C43 
 1849      EBE959CC 
 1849      FC98
 1850 0260 6803B5C5 		.ascii	"h\003\265\305>\340\354\207\252\202\236>9\013\240\002"
 1850      3EE0EC87 
ARM GAS  C:\Users\acest\AppData\Local\Temp\ccHjnHGW.s 			page 64


 1850      AA829E3E 
 1850      390BA002 
 1851 0270 40278F72 		.ascii	"@'\217r\363\331\234M\264\005\230\031nh(\304\333\323"
 1851      F3D99C4D 
 1851      B4059819 
 1851      6E6828C4 
 1851      DBD3
 1852 0282 87556427 		.ascii	"\207Ud'7\013\337\350+\222o\272\253ut\007\207\206\223"
 1852      370BDFE8 
 1852      2B926FBA 
 1852      AB757407 
 1852      878693
 1853 0295 59F5B6B9 		.ascii	"Y\365\266\271\252\322>\344F\032]\373h8\342\306\355\275"
 1853      AAD23EE4 
 1853      461A5DFB 
 1853      6838E2C6 
 1853      EDBD
 1854 02a7 11F764DC 		.ascii	"\021\367d\334\211\331\325\326\036\253\312\332g7\022"
 1854      89D9D5D6 
 1854      1EABCADA 
 1854      673712
 1855 02b6 7C24D6E8 		.ascii	"|$\326\350\234\210\204\343l\217e\225\027\337U\307\243"
 1855      9C8884E3 
 1855      6C8F6595 
 1855      17DF55C7 
 1855      A3
 1856 02c7 35D103F1 		.ascii	"5\321\003\361Dm\324)\017+\333q\267VTT\224;.\335u\321"
 1856      446DD429 
 1856      0F2BDB71 
 1856      B7565454 
 1856      943B2EDD 
 1857 02dd 9A72B731 		.ascii	"\232r\2671L\216\372H}\314q\352\\+\314\370\261\372\330"
 1857      4C8EFA48 
 1857      7DCC71EA 
 1857      5C2BCCF8 
 1857      B1FAD8
 1858 02f0 9A62C4AA 		.ascii	"\232b\304\252=\032\331V\263\2456\302\020C\303\216p\245"
 1858      3D1AD956 
 1858      B3A536C2 
 1858      1043C38E 
 1858      70A5
 1859 0302 AD855C2D 		.ascii	"\255\205\\-j\027\211\332\216kkQ;\332\020\256K\324F\354"
 1859      6A1789DA 
 1859      8E6B6B51 
 1859      3BDA10AE 
 1859      4BD446EC 
 1860 0316 2299E34C 		.ascii	"\"\231\343L85'b\177\000\211\276\210\344"
 1860      38352762 
 1860      7F0089BE 
 1860      88E4
 1861              		.text
 1862              		.section	.gnu.lto_chGuardedPoolAllocTimeoutS.343.b3bfe561,"e",%progbits
 1863 0000 789C6D90 		.ascii	"x\234m\220OHTQ\024\306\317w\317{\216\343\237Y\024\264"
 1863      4F485451 
 1863      14C6CF77 
 1863      CF7B8EE3 
 1863      9F5914B4 
ARM GAS  C:\Users\acest\AppData\Local\Temp\ccHjnHGW.s 			page 65


 1864 0014 08223711 		.ascii	"\010\"7\021\201\274\321\250M+\305j\321\262h7\020\316"
 1864      81BCD1A8 
 1864      4D2BC56A 
 1864      D1B26837 
 1864      10CE
 1865 0026 F8B02987 		.ascii	"\370\260)\2077\315\233Y{\265)\320\002\035\025\006\304"
 1865      37CD9B59 
 1865      7BB529D0 
 1865      021D1506 
 1865      C4
 1866 0037 66313C42 		.ascii	"f1<B\251p\323\037+\253\201j\025E\011\255\202\240 \313"
 1866      A970D31F 
 1866      2BAB816A 
 1866      154509AD 
 1866      82A020CB 
 1867 004b 08D15619 		.ascii	"\010\321V\031A\235\373\024\377@p\337{\367\236\373\235"
 1867      419DFB14 
 1867      FF4070DF 
 1867      7BF79EFB 
 1867      9D
 1868 005c F3FDDE97 		.ascii	"\363\375\336\227TDe\":)\017l\302XiX\221\326\272#\242"
 1868      54446522 
 1868      3A290F6C 
 1868      C2586958 
 1868      91D6BA23 
 1869 0071 54B1744D 		.ascii	"T\261tM\341\011\026\227\307w[\227K\261\311\322\217V"
 1869      E1091697 
 1869      C7775B97 
 1869      4BB1C9D2 
 1869      8F56
 1870 0083 8B31511A 		.ascii	"\2131Q\032\376\372\352H(\2610\260)\007\365+\266\320"
 1870      FEFAEA48 
 1870      28B130B0 
 1870      2907F52B 
 1870      B6D0
 1871 0095 8F719E62 		.ascii	"\217q\236b\214q\300\004kc\007\264\034\252i\375\353K"
 1871      8C71C004 
 1871      6B6307B4 
 1871      1CAA69FD 
 1871      EB4B
 1872 00a7 F9D612A6 		.ascii	"\371\326\022\246\246kV\300\212*\"\270\007\334\2058\223"
 1872      A66B56C0 
 1872      8A2A22B8 
 1872      07DC8538 
 1872      93
 1873 00b8 08F9121D 		.ascii	"\010\371\022\035\024\321\333\2659\255\243\0240\343\001"
 1873      14D1DBB5 
 1873      39ADA314 
 1873      30E301
 1874 00c7 B669A450 		.ascii	"\266i\244P\230\262\215\356:B\341\312\355\241\311\330"
 1874      98B28DEE 
 1874      3A42E1CA 
 1874      EDA1C9D8 
 1875 00d7 2802317D 		.ascii	"(\0021}\270Sh\025f\354\365\221\0230\237\003\002\270"
 1875      B8536815 
 1875      66ECF591 
 1875      13309F03 
ARM GAS  C:\Users\acest\AppData\Local\Temp\ccHjnHGW.s 			page 66


 1875      02B8
 1876 00e9 7267E66A 		.ascii	"rg\346jlt\240>`\033\217\261\303\273p\337\256#\314\303"
 1876      6C74A03E 
 1876      601B8FB1 
 1876      C3BB70DF 
 1876      AE23CCC3 
 1877 00fd 10991464 		.ascii	"\020\231\024d\311iv\301\256\351?\177G\264\376zjm~\266"
 1877      C96976C1 
 1877      AEE93F7F 
 1877      47B4FE7A 
 1877      6A6D7EB6 
 1878 0111 A10932B9 		.ascii	"\241\0112\271N\311+\302\362R60\207\010\360\010Q\323"
 1878      4EC92BC2 
 1878      F2523630 
 1878      8708F008 
 1878      51D3
 1879 0123 DC686A44 		.ascii	"\334hjD#l\322\320\026t\215h\224\325\372a@\016\337\241"
 1879      236CD2D0 
 1879      16748D68 
 1879      94D5FA61 
 1879      400EDFA1 
 1880 0137 3F7F5888 		.ascii	"?\177X\210J\236\341\366\343.Z\306\340\304\360kT\031"
 1880      4A9EE1F6 
 1880      E32E5AC6 
 1880      E0C4F06B 
 1880      5419
 1881 0149 1B317148 		.ascii	"\0331qH{\023\322\363m\177\300\365Ua}\032\326\332\244"
 1881      7B13D2F3 
 1881      6D7FC0F5 
 1881      55617D1A 
 1881      D6DAA4
 1882 015c 24E8513C 		.ascii	"$\350Q<\303\015\003Y\0145M\002\204\232\360\256\340J"
 1882      C30D0359 
 1882      0C354D02 
 1882      849AF0AE 
 1882      E04A
 1883 016e 4B95A345 		.ascii	"K\225\243E\250\200\033*2\206dh\225#\0017\212\331`\213"
 1883      A8801B2A 
 1883      32866468 
 1883      95230137 
 1883      8AD9608B 
 1884 0182 F0C975E8 		.ascii	"\360\311u\350\273\272\000ZBq\351\371^\251\030S;\314"
 1884      BBBA005A 
 1884      4271E9F9 
 1884      5EA91853 
 1884      3BCC
 1885 0194 C0C0F2BB 		.ascii	"\300\300\362\273\241O\213j\023vM\224!\342{iV\233`\373"
 1885      A14F8B6A 
 1885      13764D94 
 1885      21E27B69 
 1885      569B60FB 
 1886 01a8 FE07D684 		.ascii	"\376\007\326\204\027\002\206\015\260\351f\011\011/C"
 1886      1702860D 
 1886      B0E96609 
 1886      092F43
 1887 01b7 B0A28035 		.ascii	"\260\242\2005\206`\315\025\023\220\214\0128\026\372"
 1887      8660CD15 
ARM GAS  C:\Users\acest\AppData\Local\Temp\ccHjnHGW.s 			page 67


 1887      13908C0A 
 1887      3816FA
 1888 01c6 595BE1FC 		.ascii	"Y[\341\374\304`\207\\\231_\373\015\206\243*\345\325"
 1888      C460875C 
 1888      995FFB0D 
 1888      86A32AE5 
 1888      D5
 1889 01d7 7A894A7A 		.ascii	"z\211Jz\371M9-\261b+V\242\326\256c\211\263\276\233\363"
 1889      F94D392D 
 1889      B1622B56 
 1889      A2D6AE63 
 1889      89B3BE9B 
 1890 01ec 13DD29D7 		.ascii	"\023\335)\327\317'\216\273\376\305\274\227M\234v:\235"
 1890      CF278EBB 
 1890      FEC5BC97 
 1890      4D9C763A 
 1890      9D
 1891 01fd 2EE74422 		.ascii	".\347D\"'\345s\331\234w\301M\345\251\323q\342\333W\327"
 1891      27E573D9 
 1891      9C77C14D 
 1891      E5A9D371 
 1891      E2DB57D7 
 1892 0211 F974327D 		.ascii	"\371t2}&_\350I{\361\224\331{\376\341\366\366\366\270"
 1892      265FE849 
 1892      7BF194D9 
 1892      7BFEE1F6 
 1892      F6F6B8
 1893 0224 E7CBEA4B 		.ascii	"\347\313\352K'\343~.%\027\0317\223\365\274>\337I\021"
 1893      27E37E2E 
 1893      25171937 
 1893      93F5BC3E 
 1893      DF4911
 1894 0237 F766B27B 		.ascii	"\367f\262{\266W\234\236n\367h\262\255\307\245H>\235"
 1894      B6579C9E 
 1894      6EF768B2 
 1894      ADC7A548 
 1894      3E9D
 1895 0249 71BD429E 		.ascii	"q\275B\2363~\357?\033\234\365y"
 1895      337EEF3F 
 1895      1B9CF579 
 1896              		.text
 1897              		.section	.gnu.lto_chGuardedPoolAllocTimeout.344.b3bfe561,"e",%progbits
 1898 0000 789C8D52 		.ascii	"x\234\215R[H\024Q\030\376\3779\263\273ZPA\320C\275X"
 1898      5B481451 
 1898      18FEFF39 
 1898      B3BB5A50 
 1898      41D043BD 
 1899 0015 6011D8AA 		.ascii	"`\021\330\252Q\004>\031\326[A\024\275\015\304:\0165"
 1899      51043E19 
 1899      D65B4114 
 1899      BD0DC43A 
 1899      0E35
 1900 0027 E534DBCC 		.ascii	"\3454\333\314l\344\223\243VPD\231]\214\\\255d\203z\351"
 1900      6CE493A3 
 1900      56504499 
 1900      5D8C5CAD 
 1900      64837AE9 
ARM GAS  C:\Users\acest\AppData\Local\Temp\ccHjnHGW.s 			page 68


 1901 003b 4617EDBA 		.ascii	"F\027\355\272e\027\355\242]\024J\303\005)\250\036Rv"
 1901      6517EDA2 
 1901      5D144AC3 
 1901      0529A81E 
 1901      5276
 1902 004d 13B7A8EC 		.ascii	"\023\267\250\354?g\026w{\211`\3319\363\237\357|\267"
 1902      3F671677 
 1902      7B8960D9 
 1902      39F39FEF 
 1902      7CB7
 1903 005f 335F1940 		.ascii	"3_\031@\015\002,\004\000d\200M\207\367K\340\272ny@\302"
 1903      0D022C04 
 1903      0064804D 
 1903      87F74BE0 
 1903      BA6E7940 
 1904 0074 BAC3FB27 		.ascii	"\272\303\373'z\257\312x\007\305\000\241V\302Z<\302\242"
 1904      7AAFCA78 
 1904      07C500A1 
 1904      56C25A3C 
 1904      C2A2
 1905 0086 0C9B588C 		.ascii	"\014\233X\214\300rf\205X\2608\356\272\351\217\315\303"
 1905      C0726685 
 1905      58B038EE 
 1905      BAE98FCD 
 1905      C3
 1906 0097 9F317A2E 		.ascii	"\2371z..\307\230\004m\004\270\206x\225\310\001\010\310"
 1906      2EC79804 
 1906      6D04B886 
 1906      7895C801 
 1906      08C8
 1907 00a9 76C02202 		.ascii	"v\300\"\002\275Lw\270n>\304\030\303\033\230\203\241"
 1907      BD4C77B8 
 1907      6E3EC418 
 1907      C31B9883 
 1907      A1
 1908 00ba 41E42327 		.ascii	"A\344#'d\007P\000\307\022\237\233g4b\214\311\330\371"
 1908      64075000 
 1908      C7129F9B 
 1908      6734628C 
 1908      C9D8F9
 1909 00cd 37508E24 		.ascii	"7P\216$e\217\362(\362G!G\177:\277wFc]\036)\343-\374"
 1909      658FF228 
 1909      F2472147 
 1909      7F3ABF77 
 1909      46635D1E 
 1910 00e5 4B3B3229 		.ascii	"K;2)\373\001o#w\004 \321\001?\320\032\361\2568\355\247"
 1910      FB016F23 
 1910      770420D1 
 1910      013FD01A 
 1910      F1AE38ED 
 1911 00fa 701DE3CB 		.ascii	"p\035\343\313\200b\266\221\355\314$z\341\321{:u\217"
 1911      8062B691 
 1911      EDCC247A 
 1911      E1D17B3A 
 1911      758F
 1912 010c 664C4875 		.ascii	"fLHu\01307\226~yp\250on\324\3451}x\0379\225'\206\017"
 1912      0B303796 
ARM GAS  C:\Users\acest\AppData\Local\Temp\ccHjnHGW.s 			page 69


 1912      7E7970A8 
 1912      6F6ED4E5 
 1912      317D781F 
 1913 0125 C8AE2FF2 		.ascii	"\310\256/\362}Z\306T\372GSKgQW\203\333\355Na!\213\365"
 1913      7D5AC654 
 1913      FA47534B 
 1913      67515783 
 1913      DBED4E61 
 1914 013c 7A11FA03 		.ascii	"z\021\372\003Q?v\3210\316\331\200\374\341\303\\\177"
 1914      513F76D1 
 1914      30CED980 
 1914      FCE1C35C 
 1914      7F
 1915 014d D1C4A545 		.ascii	"\321\304\245E\236A9kp\3178\031|L3\037d\365\356\375\227"
 1915      9E41396B 
 1915      70CF3819 
 1915      7C4C331F 
 1915      64F5EEFD 
 1916 0162 5EFA03E9 		.ascii	"^\372\003\351Q\"|2\245\327#\364\010\203T\325\305\327"
 1916      51227C32 
 1916      A5D723F4 
 1916      088354D5 
 1916      C5D7
 1917 0174 BEB8FB73 		.ascii	"\276\270\373s\362\220\033\237\230\236\330\3276\331+"
 1917      F2901B9F 
 1917      989ED8D7 
 1917      36D92B
 1918 0183 E549881D 		.ascii	"\345I\210\035HIo\242O\224\011\207\030\377N\\\031\335"
 1918      48496FA2 
 1918      4F940987 
 1918      18FF4E5C 
 1918      19DD
 1919 0195 38402393 		.ascii	"8@#\223\274\227\006z\371\202\356\310\2537(\236\375\263"
 1919      BC97067A 
 1919      F982EEC8 
 1919      AB37289E 
 1919      FDB3
 1920 01a7 F923D579 		.ascii	"\371#\325yl\370\344q\244:\30505\230/P\251\361\263\327"
 1920      6CF8E471 
 1920      A43AC530 
 1920      35982F50 
 1920      A9F1B3D7 
 1921 01bb 936F6753 		.ascii	"\223ogSj1\036H\236@>\257/\240.\370w\345\303\022\001"
 1921      6A311E48 
 1921      9E403EAF 
 1921      2FA02EF8 
 1921      77E5C312 
 1922 01d0 3BD37A3D 		.ascii	";\323z=\321\212T\211\200\335J\344\343#\204Q\254_\300"
 1922      D18A5489 
 1922      80DD4AE4 
 1922      E3238451 
 1922      AC5FC0
 1923 01e3 0D0FF31B 		.ascii	"\015\017\363\033\235?*\355\245\273\367\323R\346_\362"
 1923      9D3F2AED 
 1923      A5BBF7D3 
 1923      52E65FF2 
 1924 01f3 73047AE2 		.ascii	"s\004z\342\013\304g\242\304\371I\261\037\020\233}\236"
ARM GAS  C:\Users\acest\AppData\Local\Temp\ccHjnHGW.s 			page 70


 1924      0BC467A2 
 1924      C4F949B1 
 1924      1F109B7D 
 1924      9E
 1925 0204 CAD8B7B3 		.ascii	"\312\330\267\263\375\311<\340\275s\336d\347\261o\203"
 1925      FDC93CE0 
 1925      BD73DE64 
 1925      E7B16F83 
 1926 0214 85426162 		.ascii	"\205Babp\216\230\374\272\322\272\226Z\2071\334szf;\363"
 1926      708E98FC 
 1926      BAD2BA96 
 1926      5A8731DC 
 1926      737A663B 
 1927 0229 ED4629C6 		.ascii	"\355F)\306\362\332\030\365\325\316\244vF\026\363=\277"
 1927      F2DA18F5 
 1927      D5CEA476 
 1927      4616F33D 
 1927      BF
 1928 023a B791B6C5 		.ascii	"\267\221\266\305\331w^pJ|\262\205\022?\366<\237\032"
 1928      D9775E70 
 1928      4A7CB285 
 1928      123FF63C 
 1928      9F1A
 1929 024c 6AF65446 		.ascii	"j\366TF.\267x\032w\206\304\316\202\251\277\221\376y"
 1929      2EB7781A 
 1929      7786C4CE 
 1929      82A9BF91 
 1929      FE79
 1930 025e 994E7EF3 		.ascii	"\231N~\363N\236x\007\217\244\246:\351\316t\002\271\235"
 1930      4E9E7807 
 1930      8FA4A63A 
 1930      E9CE7402 
 1930      B99D
 1931 0270 F4643B79 		.ascii	"\364d;y\232\333I&\375k\321Cn\344\246\024E\356\316D\376"
 1931      9ADB4926 
 1931      FD6BD143 
 1931      6EE4A614 
 1931      45EECE44 
 1932 0285 39D2EAE3 		.ascii	"9\322\352\343\001\223X\177z9O\000\374^\321\273\312\372"
 1932      0193587F 
 1932      7A394F00 
 1932      FC5ED1BB 
 1932      CAFA
 1933 0297 387F2DAA 		.ascii	"8\177-\252(S6\332\232e+!U\263\035e\225fos\314\260\262"
 1933      285336DA 
 1933      9A652B21 
 1933      55B31D65 
 1933      95666F73 
 1934 02ae 3EB83258 		.ascii	">\2702X\021\\\255X4\336\024\266\314\255\232\352\300"
 1934      115CAD58 
 1934      34DE14B6 
 1934      CCAD9AEA 
 1934      C0
 1935 02bf CA60B038 		.ascii	"\312`\2608\367W\261E\257\32478\221*\335,V\371\332\264"
 1935      F757B145 
 1935      AFD43738 
 1935      912ADD2C 
ARM GAS  C:\Users\acest\AppData\Local\Temp\ccHjnHGW.s 			page 71


 1935      56F9DAB4 
 1936 02d3 97969696 		.ascii	"\227\226\226\226\026\2336\375\252\365\312b\333Ri\303"
 1936      169B36FD 
 1936      AAF5CA62 
 1936      DB5269C3 
 1937 02e3 D08CB069 		.ascii	"\320\214\260iV\333A\025\330f#<'w\022\254\012i\313+K"
 1937      56DB4115 
 1937      D866233C 
 1937      277712AC 
 1937      0A69CB2B 
 1938 02f8 AA340838 		.ascii	"\2524\0108\272\241\231\021\007\303\245j\231\"\350lA"
 1938      BAA19911 
 1938      07C3A56A 
 1938      9922E86C 
 1938      41
 1939 0309 ADE4502B 		.ascii	"\255\344P+\246\255X\216\242oW\253#U\032\355\3305vp\013"
 1939      A6AD588E 
 1939      A26F57AB 
 1939      23551AED 
 1939      D8357670 
 1940 031e 042A43B6 		.ascii	"\004*C\266\266\316\322\327\374\373\244j\032\206\271"
 1940      B6CED2D7 
 1940      FCFBA46A 
 1940      1A86B9
 1941 032d 5DD17639 		.ascii	"]\321v9J\3102\024\325\260u>\264\264,!\037m\332\254\252"
 1941      4AC83214 
 1941      D5B0753E 
 1941      B4B42C21 
 1941      1F6DDAAC 
 1942 0342 445AFE5F 		.ascii	"DZ\376_da\323rlN\267s\305\022cI\250\332!\034\247$\202"
 1942      6461D372 
 1942      6C4EB773 
 1942      C5126349 
 1942      A8DA211C 
 1943 0359 596B37AC 		.ascii	"Yk7\254/\340\316\302\226^TPX\002\222\005\001\212nZ5"
 1943      2FE0CEC2 
 1943      965E5450 
 1943      58029205 
 1943      018A6E5A 
 1944 036e F0071F6D 		.ascii	"\360\007\037m\334L"
 1944      DC4C
 1945              		.text
 1946              		.section	.gnu.lto_chGuardedPoolFree.345.b3bfe561,"e",%progbits
 1947 0000 789C8D55 		.ascii	"x\234\215UmPTU\030>\357\236\375`\201\310\262\341G\375"
 1947      6D505455 
 1947      183EEF9E 
 1947      FD6081C8 
 1947      B2E147FD 
 1948 0014 086DA8A9 		.ascii	"\010m\250\251p\201&\246\311_:\344L?r\246\321i\246\037"
 1948      708126A6 
 1948      C95F3AE4 
 1948      4C3F72A6 
 1948      D169A61F 
 1949 0028 776260D9 		.ascii	"wb`\331\2215\326\273\355\335m\362\227\327\205\232\211"
 1949      9135D6BB 
 1949      EDDD6DF2 
 1949      97D7859A 
ARM GAS  C:\Users\acest\AppData\Local\Temp\ccHjnHGW.s 			page 72


 1949      89
 1950 0039 2014531A 		.ascii	" \024S\032@l\234\245d\032u\022\333P\001\227\314\220"
 1950      406C9CA5 
 1950      641A7512 
 1950      DB500197 
 1950      CC90
 1951 004b 16BF1094 		.ascii	"\026\277\020\224\017\215$+q\0226\210DG\264\367=\367"
 1951      0F8D242B 
 1951      71123688 
 1951      4447B4F7 
 1951      3DF7
 1952 005d DEDDC551 		.ascii	"\336\335\305Q\307\235\005\316y\317\363>\357\307y\336"
 1952      C79D05CE 
 1952      79CFF33E 
 1952      EFC779DE 
 1953 006d 438F8DB1 		.ascii	"C\217\215\261\357\201\261\347\030c\300\031\324m\255"
 1953      EF81B1E7 
 1953      1863C019 
 1953      D46DAD
 1954 007c 32315555 		.ascii	"21UUW\330L\260yk\225\035\216\200\330\001\333d\202M\260"
 1954      57D84CB0 
 1954      796B951D 
 1954      8E80D801 
 1954      DB64824D 
 1955 0091 8DBF88DB 		.ascii	"\215\277\210\333\271?\352k\242\240\356\211@\2103\326"
 1955      B93FEA6B 
 1955      A2A0EE89 
 1955      408833D6 
 1956 00a1 8C3FE2D3 		.ascii	"\214?\342\323\304\241\216\2078\200Y_\231 \013W\374\003"
 1956      C4A18E87 
 1956      3880595F 
 1956      99200B57 
 1956      FC03
 1957 00b3 F6424455 		.ascii	"\366BDU\317\214\265\253\252\235\2058\207\037\000} \014"
 1957      CF8CB5AB 
 1957      AA9D8538 
 1957      871F007D 
 1957      200C
 1958 00c5 4091D110 		.ascii	"@\221\321\020h#\017^\015\032\360\226\0164\303\241\205"
 1958      68230F5E 
 1958      0D1AF096 
 1958      0E34C3A1 
 1958      85
 1959 00d6 40732062 		.ascii	"@s bf\314\252\207\344\350#\326\000\035@\301\255\224"
 1959      66CCAA87 
 1959      E4E823D6 
 1959      001D40C1 
 1959      AD94
 1960 00e8 5A4F01C3 		.ascii	"ZO\001\303\234\233\271\311\2604\265\036\277he\320\211"
 1960      9C9BB9C9 
 1960      B034B51E 
 1960      BF6865D0 
 1960      89
 1961 00f9 364E367E 		.ascii	"6N6~L\200)\322\\\370\363\321\323O7\251\021s\210[\340"
 1961      4C8029D2 
 1961      5CF8F3D1 
 1961      D34F37A9 
ARM GAS  C:\Users\acest\AppData\Local\Temp\ccHjnHGW.s 			page 73


 1961      1173885B 
 1962 010e 28109516 		.ascii	"(\020\225\026\014\2504K\340f*\"\263\011\031\253k<\224"
 1962      0CA8344B 
 1962      E0662A22 
 1962      B30919AB 
 1962      6B3C94
 1963 0121 73AC423D 		.ascii	"s\254B=\241\306\261,\201\325\212\247h\355\203MV\350"
 1963      A1C6B12C 
 1963      81D58AA7 
 1963      68ED834D 
 1963      56E8
 1964 0133 466317B1 		.ascii	"Fc\027\261Q\256\360\243\221\037\037\026I\011\276\256"
 1964      51AEF0A3 
 1964      911F1F16 
 1964      4909BEAE 
 1965 0143 EEFDEF61 		.ascii	"\356\375\357a\340\312\254\020\267\302O\2105\033l\307"
 1965      E0CAAC10 
 1965      B7C24F88 
 1965      351B6CC7 
 1966 0153 912D5063 		.ascii	"\221-Pc\023\305\321\206\216~\326\352\243b-\320\223\310"
 1966      13C5D186 
 1966      8E7ED6EA 
 1966      A3622DD0 
 1966      93C8
 1967 0165 FFD68ED1 		.ascii	"\377\326\216\321\336g\265\374\265\256Z\014\226\023@"
 1967      DE67B5FC 
 1967      B5AE5A0C 
 1967      961340
 1968 0174 7DBD6B8F 		.ascii	"}\275k\217\307\233\030\252\266i\331/\354?\"\265\354"
 1968      C79B18AA 
 1968      B669D92F 
 1968      EC3F22B5 
 1968      EC
 1969 0185 0DC2D6E7 		.ascii	"\015\302\326\347\273+\3247\215\356\307\011\177\001\352"
 1969      BB2BD437 
 1969      8DEEC709 
 1969      7F01EA
 1970 0194 7F75EA7D 		.ascii	"\177u\352}\010\027\336\023\"\223\332\321W\000Q\200^"
 1970      0817DE13 
 1970      2293DAD1 
 1970      57005180 
 1970      5E
 1971 01a5 D02EC5A2 		.ascii	"\320.\305\242\227\001}\240\227\301\353\271\021<6\325"
 1971      97017DA0 
 1971      97C1EBB9 
 1971      113C36D5 
 1972 01b5 5297B105 		.ascii	"R\227\261\005\303\330\340TrCN\223)\360\237\325\210\214"
 1972      C3D8E054 
 1972      72434E93 
 1972      29F09FD5 
 1972      888C
 1973 01c7 397E9AA6 		.ascii	"9~\232\246\367N\203\262\0044\251\226\256\233\373\302"
 1973      F74E83B2 
 1973      0434A996 
 1973      AE9BFBC2 
 1974 01d7 A03547CB 		.ascii	"\2405G\3130\316xV\324\262\331v?\306{\2129\233T\314\334"
 1974      30CE7856 
ARM GAS  C:\Users\acest\AppData\Local\Temp\ccHjnHGW.s 			page 74


 1974      D4B2D976 
 1974      3FC67B8A 
 1974      399B54CC 
 1975 01ec E4ABD00F 		.ascii	"\344\253\320\017p\006\315'\211\356\301\227\311\222/"
 1975      7006CD27 
 1975      89EEC197 
 1975      C9922F
 1976 01fb 13450003 		.ascii	"\023E\000\003\270>\007\306=RcN\352:\265&t\372\361,\""
 1976      B83E07C6 
 1976      3D52634E 
 1976      EA3AB526 
 1976      74FAF12C 
 1977 0210 CFA3CDC6 		.ascii	"\317\243\315\306\022\262;\372H\262\233\273\202\262\033"
 1977      12B23BFA 
 1977      48B29BBB 
 1977      82B21B
 1978 021f 42E385B8 		.ascii	"B\343\205\270\354\206\205\354\010\263\277\337\022Qo"
 1978      EC8685EC 
 1978      08B3BFDF 
 1978      12516F
 1979 022e DFAD5523 		.ascii	"\337\255U#7\322j>\033\2175\276\234n\002h\007T\373a\260"
 1979      37D26A3E 
 1979      1B8F35BE 
 1979      9C6E0268 
 1979      0754FB61 
 1980 0243 E05C59AD 		.ascii	"\340\\Y\255\370+\205\261ZN\243\257\232A\2150\266\205"
 1980      F82B85B1 
 1980      5A4EA3AF 
 1980      9A418D30 
 1980      B685
 1981 0255 9BB44D05 		.ascii	"\233\264M\005n\256\201:\276\353<\320\337\231\226\355"
 1981      6EAE813A 
 1981      BEEB3CD0 
 1981      DF9996ED 
 1982 0265 BF36EC00 		.ascii	"\2776\354\000\034(a\235\031\261\213\343\231\313-\341"
 1982      1C28619D 
 1982      19B18BE3 
 1982      99CB2DE1 
 1983 0275 E9A1C5A8 		.ascii	"\351\241\305\250{a\036\234\376\022\310\036\314\302i"
 1983      7B611E9C 
 1983      FE12C81E 
 1983      CCC269
 1984 0284 A0B7C002 		.ascii	"\240\267\300\002y\002v\275)<\266\023p(\004\354\310\230"
 1984      790276BD 
 1984      293CB613 
 1984      702804EC 
 1984      C898
 1985 0296 1D701EA7 		.ascii	"\035p\036\247 \270\224rm\240\231^\362-\377$%\304I\272"
 1985      20B89472 
 1985      6DA0995E 
 1985      F22DFF24 
 1985      25C449BA 
 1986 02aa 667A952E 		.ascii	"fz\225.\002\303\277p\011`T\264o\311>q\236*\016\307\264"
 1986      02C3BF70 
 1986      096054B4 
 1986      6FC93E71 
 1986      9E2A0EC7 
ARM GAS  C:\Users\acest\AppData\Local\Temp\ccHjnHGW.s 			page 75


 1987 02bf 28B1DF5A 		.ascii	"(\261\337Z\006\246S\030M\036\361N\267l\377w$[D\2701"
 1987      06A65318 
 1987      4D1EF14E 
 1987      B76CFF77 
 1987      245B44B8 
 1988 02d4 92292CF3 		.ascii	"\222),\363\301\266\325\330p-\245^\330\215\017\204XF"
 1988      C1B6D5D8 
 1988      702DA55E 
 1988      D88D0F84 
 1988      5846
 1989 02e6 71C94566 		.ascii	"q\311Ef\263{\303\333\260\256>=\263sv\274e\201y\211\032"
 1989      B37BC3DB 
 1989      B0AE3E3D 
 1989      B37376BC 
 1989      65817989 
 1990 02fb DC353C1C 		.ascii	"\3345<\034\264U\222\024\3317|\301{\307EV_\003\3660\015"
 1990      B4559214 
 1990      D9377CC1 
 1990      7BC74556 
 1990      5F03F630 
 1991 0310 69615CEC 		.ascii	"ia\\\354\363\320\251\2433:y\320\022\342\351\360;\354"
 1991      F3D0A9A3 
 1991      333A79D0 
 1991      12E2E9F0 
 1991      3BEC
 1992 0322 E442F695 		.ascii	"\344B\366\225\364\234^\025\"\277\002F\000\224\024\\"
 1992      F49C5E15 
 1992      22BF0246 
 1992      0094145C 
 1993 0332 D697FDF1 		.ascii	"\326\227\375\361|\346\247/\275\213\242\021\331\374\023"
 1993      7CE6A72F 
 1993      BD8BA211 
 1993      D9FC13
 1994 0341 B5C3A040 		.ascii	"\265\303\240@|U\204b\322!\343\263\321L\255\310\250\200"
 1994      7C558462 
 1994      D221E3B3 
 1994      D14CADC8 
 1994      A880
 1995 0353 2D8DFF1A 		.ascii	"-\215\377\032\277\223\306&!\3301\361\324nn\321\363\264"
 1995      BF93C626 
 1995      21D831F1 
 1995      D46E6ED1 
 1995      F3B4
 1996 0365 41BA9167 		.ascii	"A\272\221g:\345\371'0J2\205D\373\027\346'$J^\261\252"
 1996      3AE5F927 
 1996      304A3285 
 1996      44FB17E6 
 1996      27244A5E 
 1997 037b EBA0FB58 		.ascii	"\353\240\373X\023\265=\206AaB\363\331#\216\256\241\223"
 1997      13B53D86 
 1997      416142F3 
 1997      D9238EAE 
 1997      A193
 1998 038d 899C3086 		.ascii	"\211\2340\206\010\272\365\224\360\337\321\232q\277@"
 1998      08BAF594 
 1998      F0DFD19A 
 1998      71BF40
ARM GAS  C:\Users\acest\AppData\Local\Temp\ccHjnHGW.s 			page 76


 1999 039c 574DE4F4 		.ascii	"WM\344\364\267\021I\253!\030\233\335{X\264\232\346\312"
 1999      B71149AB 
 1999      21189BDD 
 1999      7B58B49A 
 1999      E6CA
 2000 03ae 688126B8 		.ascii	"h\201&\270\216\305\304\366E\025B\255\017\350\360\236"
 2000      8EC5C4F6 
 2000      451542AD 
 2000      0FE8F09E 
 2001 03be CC10CF80 		.ascii	"\314\020\317\200I\344\344\013\272\233\002S\342&cP\231"
 2001      49E4E40B 
 2001      BA9B0253 
 2001      E2266350 
 2001      99
 2002 03cf C52A0123 		.ascii	"\305*\001#?\336\214F\264 W\210/\022\221o\007\333,(\011"
 2002      3FDE8C46 
 2002      B4205788 
 2002      2F12916F 
 2002      07DB2C28 
 2003 03e4 7A9D0C2D 		.ascii	"z\235\014-h\201\017d\242c\205\356\370D3\267\323?\237"
 2003      68810F64 
 2003      A26385EE 
 2003      F84433B7 
 2003      D33F9F
 2004 03f7 27C5D1C1 		.ascii	"'\305\321\301L}\006\032\032Q+\332D\214\357\032\255\327"
 2004      4C7D061A 
 2004      1A512BDA 
 2004      448CEF1A 
 2004      ADD7
 2005 0409 3DBF6BD4 		.ascii	"=\277k\324T\3279z\357\205\014<\243O\311\035\232\222"
 2005      54D7397A 
 2005      EF850C3C 
 2005      A34FC91D 
 2005      9A92
 2006 041b 0B9AE3B6 		.ascii	"\013\232\343\266\231\370\224\014\351S\302\222\247d8"
 2006      99F8940C 
 2006      E953C292 
 2006      A76438
 2007 042a 312523C9 		.ascii	"1%#\311S\242\317\303\214\230\214\344!\250\233\301!\300"
 2007      53A2CFC3 
 2007      8C988CE4 
 2007      21A89BC1 
 2007      21C0
 2008 043c 77804DE3 		.ascii	"w\200M\343v\376@\333*\222<}j9h\323\034\214\3206\247"
 2008      76FE40DB 
 2008      2A923C7D 
 2008      6A3968D3 
 2008      1C8CD036 
 2009 0451 70B9F48E 		.ascii	"p\271\364\216\342\362)R\261\323\245\370\2457\\\312\373"
 2009      E2F22952 
 2009      B1D3A5F8 
 2009      A5375CCA 
 2009      FB
 2010 0462 7ED92BAD 		.ascii	"~\331+\255q\254t\024:VI>4\027y}\362z\227\323\317V:\034"
 2010      71AC7414 
 2010      3A56493E 
 2010      3417797D 
ARM GAS  C:\Users\acest\AppData\Local\Temp\ccHjnHGW.s 			page 77


 2010      F27A97D3 
 2011 047a B9C9DFC2 		.ascii	"\271\311\337\3022w\211{\255?P\352\226s\235\264\226\225"
 2011      3277897B 
 2011      AD3F50EA 
 2011      96739DB4 
 2011      9695
 2012 048c 57F2F3F3 		.ascii	"W\362\363\363se\005\277\345\356\222\\\305\347\304\003"
 2012      736505BF 
 2012      E5EE925C 
 2012      C5E7C403 
 2013 049c 8FCBE395 		.ascii	"\217\313\343\225\345r\305\341d|\235\307\233\231lq\224"
 2013      E572C5E1 
 2013      647C9DC7 
 2013      9B996C71 
 2013      94
 2014 04ad 16BB0A4A 		.ascii	"\026\273\012J\362J]\314,\227\254\367\346;\227K\202I"
 2014      F24A5DCC 
 2014      2C97ACF7 
 2014      E63B974B 
 2014      8249
 2015 04bf 11AC5212 		.ascii	"\021\254R\022\253$+\222\317/\27178\313\003\245.<Q6*"
 2015      AB242B92 
 2015      CF2FB937 
 2015      38CB03A5 
 2015      2E3C5136 
 2016 04d4 8E32662B 		.ascii	"\2162f+)V\\o\373\334o=\334\323){<\362\006\311\365\221"
 2016      29565C6F 
 2016      FBDC6F3D 
 2016      DCD3297B 
 2016      3CF206C9 
 2017 04ea 5F2AF679 		.ascii	"_*\366y$\247Gq\223\321\347J\020\222\251h\235\323\211"
 2017      24A74771 
 2017      93D1E74A 
 2017      1092A968 
 2017      9DD389
 2018 04fd A42B1E89 		.ascii	"\244+\036\211\314+\373\374\012\321}\370\3322\317\262"
 2018      CC2BFBFC 
 2018      0AD17DF8 
 2018      DA32CFB2 
 2019 050d E2723FE2 		.ascii	"\342r?\342\210\022\011\270\267\314\373\372\303ID\207"
 2019      881209B8 
 2019      B7CCFBFA 
 2019      C3494487 
 2020 051d 92CA89F7 		.ascii	"\222\312\211\367\244\214\231<\336E\253\327\256\311\242"
 2020      A48C993C 
 2020      DE45ABD7 
 2020      AEC9A2
 2021 052c D2BC3E77 		.ascii	"\322\274>wNVv\0363\371\230\015!\262o#\373\037\246\320"
 2021      4E56761E 
 2021      33F9980D 
 2021      21B26F23 
 2021      FB1FA6D0 
 2022 0540 248E     		.ascii	"$\216"
 2023              		.text
 2024              		.section	.gnu.lto_chPoolAllocI.part.0.357.b3bfe561,"e",%progbits
 2025 0000 789C7552 		.ascii	"x\234uRMh\023A\024~of6?E\"\364\3409\010RD\331\264b="
 2025      4D681341 
ARM GAS  C:\Users\acest\AppData\Local\Temp\ccHjnHGW.s 			page 78


 2025      147E6F66 
 2025      363F4522 
 2025      F4E03908 
 2026 001a 786A899E 		.ascii	"xj\211\236\274)\336\002\332$\013\2466\356\232]\317\235"
 2026      BC29DE02 
 2026      DA240BA6 
 2026      36EE9A5D 
 2026      CF9D
 2027 002c C628981E 		.ascii	"\306(\230\036\222\370C/\365\207%\212z\021\374\2431\321"
 2027      92F8432F 
 2027      F587258A 
 2027      7A11FCA3 
 2027      31D1
 2028 003e 462C1E2A 		.ascii	"F,\036*\202?'\021<\010E\342\241\004O\242\242\276\231"
 2028      823F2711 
 2028      3C0845E2 
 2028      A1044FA2 
 2028      A2BE99
 2029 0051 4D4D3C14 		.ascii	"MM<\024fg\336\274\357\347\315\274\235\353\014\240\002"
 2029      6667DEBC 
 2029      EFE7CDBC 
 2029      9DEB0CA0 
 2029      02
 2030 0062 0087E8C3 		.ascii	"\000\207\350\303\020\340\225\010H)'\302\006\016\353"
 2030      10E09508 
 2030      482927C2 
 2030      060EEB
 2031 0071 95B1B3B5 		.ascii	"\225\261\263\265y\206\313\270p\277\271O\224j\261\316"
 2031      7986CBB8 
 2031      70BFB94F 
 2031      946AB1CE 
 2032 0081 EB95A8E0 		.ascii	"\353\225\250\340x\2716\244q\201s\265\362\227\273{\365"
 2032      78B936A4 
 2032      718173B5 
 2032      F297BB7B 
 2032      F5
 2033 0092 0661D660 		.ascii	"\006a\326`\\\340,^\342\213\034/\362:\007\024\275\010"
 2033      5CE02C5E 
 2033      E28B1C2F 
 2033      F23A0714 
 2033      BD08
 2034 00a4 314ED1CE 		.ascii	"1N\321\316\266\224\337\327\026.\254\341\342\355\266"
 2034      B694DFD7 
 2034      162EACE1 
 2034      E2EDB6
 2035 00b3 A87306D7 		.ascii	"\250s\006\327\210\363\010\361!\322\011@\301\325>\202"
 2035      88F308F1 
 2035      21D20940 
 2035      C1D53E82 
 2036 00c3 3D041F13 		.ascii	"=\004\037\023Jj~Z\315#Dz\363jI\312(\3249\307%\354[`"
 2036      4A6A7E5A 
 2036      CD23447A 
 2036      F36A49CA 
 2036      28D439C7 
 2037 00db 0329E575 		.ascii	"\003)\345u\303#\332H*\243\200\201\3771 \260\233G\265"
 2037      C323DA48 
 2037      2AA38081 
ARM GAS  C:\Users\acest\AppData\Local\Temp\ccHjnHGW.s 			page 79


 2037      FF3120B0 
 2037      9B47B5
 2038 00ee EC206EB7 		.ascii	"\354 n\267|\363|\254:\027\241\272\330\0344lQe\357g\230"
 2038      7CF37CAC 
 2038      3A17A1BA 
 2038      D81C346C 
 2038      5165EF67 
 2039 0103 6821BD51 		.ascii	"h!\275Q\320\323\1772U\242\024\207\015\025\016\252\200"
 2039      D0D37F32 
 2039      55A21487 
 2039      0D150EAA 
 2039      80
 2040 0114 04CF50DF 		.ascii	"\004\317P\337\202\004\240\006\355\357\2753\244\374\365"
 2040      8204A006 
 2040      EDEFBD33 
 2040      A4FCF5
 2041 0123 A722656B 		.ascii	"\247\"ek\327\360\020\">AFz\301i2\204\232\014%\013\264"
 2041      D7F01022 
 2041      3E41467A 
 2041      C1693284 
 2041      9A0C250B 
 2042 0138 50E1EA77 		.ascii	"P\341\352wH\241C#\0109T9\333\010\277\242\374\334(o\201"
 2042      48A14323 
 2042      08395439 
 2042      DB08BFA2 
 2042      FCDC286F 
 2043 014d 752CB6EE 		.ascii	"u,\266\356l\3659\353u\233\353#\336B2\014\371t\2026\302"
 2043      6CF539EB 
 2043      759BEB23 
 2043      DE42320C 
 2043      F9748236 
 2044 0162 2849E87E 		.ascii	"(I\350~a|\216WU\003\240\203\245\316\213S\244Q\202\260"
 2044      617C8E57 
 2044      5503A083 
 2044      A5CE8B53 
 2044      A45182B0 
 2045 0176 EE3F9037 		.ascii	"\356?\2207o\324>>\340=\357\346*\013\274c>\347\2338F"
 2045      6FD43E3E 
 2045      E03DEFE6 
 2045      2A0BBC63 
 2045      3EE79B38 
 2046 018b 70851C95 		.ascii	"p\205\034\225^1\243>\027\233\020\015|IDzq\320\305sq"
 2046      5E31A33E 
 2046      179B100D 
 2046      7C49447A 
 2046      71D0C573 
 2047 01a0 9F1B541B 		.ascii	"\237\033T\033\310\227\024u\036\245z\3058\335\232\362"
 2047      C8971475 
 2047      1EA57AC5 
 2047      38DD9AF2 
 2048 01b0 BAF43295 		.ascii	"\272\3642\225\246u\273>\224\350_\2708\001\232\025R\250"
 2048      A675BB3E 
 2048      94E85FB8 
 2048      38019A15 
 2048      52A8
 2049 01c2 AFDEA6A6 		.ascii	"\257\336\246\246\177XE\370\206\305\033\343\012\001\370"
 2049      7F5845F8 
ARM GAS  C:\Users\acest\AppData\Local\Temp\ccHjnHGW.s 			page 80


 2049      86C51BE3 
 2049      0A01F8
 2050 01d1 812134D9 		.ascii	"\201!4\331\357\267\307\311\216\177z\357P\3770\360P\365"
 2050      EFB7C7C9 
 2050      8E7F7AEF 
 2050      50FF30F0 
 2050      50F5
 2051 01e3 7727F7A7 		.ascii	"w'\367\247\216\272V\301MMe,\327K\035\260\334\223\236"
 2051      8EBA56C1 
 2051      4D4D652C 
 2051      D74B1DB0 
 2051      DC939E
 2052 01f6 EDA40E9B 		.ascii	"\355\244\016\233\223f\322<\230*P\372\230S\260\247\255"
 2052      9366D23C 
 2052      982A50FA 
 2052      9853B0A7 
 2052      AD
 2053 0207 8C0793A6 		.ascii	"\214\007\223\246\231\030\034\311\023\271t\356\210w&"
 2053      99181CC9 
 2053      13B974EE 
 2053      887726
 2054 0216 9BB31319 		.ascii	"\233\263\023\031\025\333\356\236\261\261\261\204\355"
 2054      15DBEE9E 
 2054      B1B1B184 
 2054      ED
 2055 0223 D298C9A5 		.ascii	"\322\230\311\245\023n!C@\336\312;\266=\343\232\031`"
 2055      136E2143 
 2055      40DECA3B 
 2055      B63DE39A 
 2055      1960
 2056 0235 7967DB60 		.ascii	"yg\333`\302\314NY\343\351\321\254\005\302NO;\177\001"
 2056      C2CC4E59 
 2056      E3E9D1AC 
 2056      05C24E4F 
 2056      3B7F01
 2057 0248 0731FB84 		.ascii	"\0071\373\204"
 2058              		.text
 2059              		.section	.gnu.lto_.symbol_nodes.b3bfe561,"e",%progbits
 2060 0000 789C75D1 		.ascii	"x\234u\321=O\302`\024\005\340{\317\255\264\024h\007"
 2060      3D4FC260 
 2060      1405E07B 
 2060      CFADB414 
 2060      6807
 2061 0012 1356FF06 		.ascii	"\023V\377\006\211?\356\264\011\016n2\272;0\2320\301"
 2061      893FEEB4 
 2061      090E6E32 
 2061      BA3B309A 
 2061      30C1
 2062 0024 C8E26244 		.ascii	"\310\342bD\374B\302`Z#\263\213\213\213R[IL\274g:\311"
 2062      FC42C260 
 2062      5A23B38B 
 2062      8B8B525B 
 2062      494CBC67 
 2063 003a 73DEE5BE 		.ascii	"s\336\345\276\307\020\021\274\201\222\355\022\350\331"
 2063      C71011BC 
 2063      8192ED12 
 2063      E8D9
ARM GAS  C:\Users\acest\AppData\Local\Temp\ccHjnHGW.s 			page 81


 2064 0048 8D0845A6 		.ascii	"\215\010E\246\303<\317 *U\260\000\365\017\317\262\\"
 2064      C33CCF20 
 2064      2A55B000 
 2064      F50FCFB2 
 2064      5C
 2065 0059 7FF116C4 		.ascii	"\177\361\026\304\373\347x\360\237-As\037\336\201\201"
 2065      FBE778F0 
 2065      9F2D4173 
 2065      1FDE8181 
 2066 0069 8BF7E081 		.ascii	"\213\367\340\201\213\017`\313\305G0tq\005F.>\203m\027"
 2066      8B0F60CB 
 2066      C5473074 
 2066      7105462E 
 2066      3E836D17 
 2067 007d D760ECE2 		.ascii	"\327`\354\342\023\330qn\240/`\367\253\311\321\317@\252"
 2067      13D8716E 
 2067      A02F60F7 
 2067      ABC9D1CF 
 2067      40AA
 2068 008f 5B57AA05 		.ascii	"[W\252\005\330\363\254\004\023\317^\301\324\261@\246"
 2068      D8F3AC04 
 2068      13CF5EC1 
 2068      D4B140A6 
 2069 009f A3CDC4F4 		.ascii	"\243\315\304\364C\315\344r{}\256:\017-h\276\241\014"
 2069      43CDE472 
 2069      7B7DAE3A 
 2069      0F2D68BE 
 2069      A10C
 2070 00b1 2DECD6F5 		.ascii	"-\354\326\365\"\261\250W\327\241Zd\313\323b\013\235"
 2070      22B1A857 
 2070      D7A15A64 
 2070      CBD3620B 
 2070      9D
 2071 00c2 B7AC1DED 		.ascii	"\267\254\035\355\267q\332l\017-N\232\332\267N<:Y]\331"
 2071      B771DA6C 
 2071      0F2D4E9A 
 2071      DAB74E3C 
 2071      3A595DD9 
 2072 00d6 6E2BDFDF 		.ascii	"n+\337\337\231\250\230"
 2072      99A898
 2073              		.text
 2074              		.section	.gnu.lto_.refs.b3bfe561,"e",%progbits
 2075 0000 789C6364 		.ascii	"x\234cd\000\002\000\000\012\000\002"
 2075      00020000 
 2075      0A0002
 2076              		.text
 2077              		.section	.gnu.lto_.decls.b3bfe561,"e",%progbits
 2078 0000 789CA558 		.ascii	"x\234\245XiPTW\026~\347\276^\037`\223@\222\312R\031"
 2078      69505457 
 2078      167EE7BE 
 2078      5E1F6093 
 2078      4092CA52 
 2079 0015 B354C554 		.ascii	"\263T\305TE\024\234\254?\246p\234$c\305I\254\230\314"
 2079      45149CAC 
 2079      3FA6709C 
 2079      2463C549 
 2079      AC98CC
ARM GAS  C:\Users\acest\AppData\Local\Temp\ccHjnHGW.s 			page 82


 2080 0028 54525431 		.ascii	"TRT1mw\017t\002\264\351nL\314d\246\236\240A@\001%\213"
 2080      6D770F74 
 2080      02B4E96E 
 2080      4CCC64A6 
 2080      9EA04140 
 2081 003f 51510C89 		.ascii	"QQ\014\211\353\030\333%\001\203F\026M\020\210\033\242"
 2081      EB18DB25 
 2081      01834616 
 2081      4D10881B 
 2081      A2
 2082 0050 A289120D 		.ascii	"\242\211\022\015\212\033\202\030\304\210:\347\336\373"
 2082      8A1B8218 
 2082      C4883AE7 
 2082      DEFB
 2083 005e B6862699 		.ascii	"\266\206&\231\324\264\234\356\373\356;\347\373\276s"
 2083      D4B49CEE 
 2083      FBEE3BE7 
 2083      FBBE73
 2084 006d EEB96F31 		.ascii	"\356\271o1\030/\010\027L\202\360\211Y\020n\342'F\020"
 2084      182F0817 
 2084      4C82F089 
 2084      59106EE2 
 2084      274610
 2085 0080 847D68F4 		.ascii	"\204}h\364\267\032m+\332+h;\320v\242\325\241\245\241"
 2085      B71A6D2B 
 2085      DA2B683B 
 2085      D076A2D5 
 2085      A1A5A1
 2086 0093 35A30DA0 		.ascii	"5\243\015\240]G\273\201fA# \260O,\215\307q<\332]h\321"
 2086      5D47BB81 
 2086      66412320 
 2086      B04F2C8D 
 2086      C7713CDA 
 2087 00aa 68F7A0DD 		.ascii	"h\367\240\335\207\366\000\332#h\211h\343\320\236@\373"
 2087      87F600DA 
 2087      23688968 
 2087      E3D09E40 
 2087      FB
 2088 00bb 03DA3368 		.ascii	"\003\3323h\177A\233\214\366\222\202c\374<L\004\301\216"
 2088      7F419B8C 
 2088      F6928263 
 2088      FC3C4C04 
 2088      C18E
 2089 00cd BFE968B7 		.ascii	"\277\351h\267\242\305+\334\325\006}}\212.LG\270\214"
 2089      A2C52BDC 
 2089      D5067D7D 
 2089      8A2E4C47 
 2089      B88C
 2090 00df D68B7609 		.ascii	"\326\213v\011\255\007\215B\306G\300}\224\360\\\007\343"
 2090      AD078D42 
 2090      C647C07D 
 2090      94F05C07 
 2090      E3
 2091 00f0 A629D87F 		.ascii	"\246)\330\177\005\216I9Rp\354\004\316\323\210&*<M\012"
 2091      058E4939 
 2091      5270EC04 
 2091      CED38826 
ARM GAS  C:\Users\acest\AppData\Local\Temp\ccHjnHGW.s 			page 83


 2091      2A3C4D0A 
 2092 0104 17D547F3 		.ascii	"\027\325G\363MC\363*\271\276\216\226\245\344>\015-\020"
 2092      4D43F32A 
 2092      B9BE8E96 
 2092      A5E43E0D 
 2092      2D10
 2093 0116 41C39D4A 		.ascii	"A\303\235Jn*\177\232\242\241Y\320\271\202\030\027\205"
 2093      6E2A7F9A 
 2093      A2A159D0 
 2093      B9821817 
 2093      85
 2094 0127 460C9C74 		.ascii	"F\014\234tLk\033\023\001\363\311a0i>j\036*&\375X\005"
 2094      4C6B1B13 
 2094      01F3C961 
 2094      30693E6A 
 2094      1E2A26FD 
 2095 013d BE466906 		.ascii	"\276Fi\006\315\252\336\350\010\370\023\020\3376L\335"
 2095      CDAADEE8 
 2095      08F81310 
 2095      DF364CDD 
 2096 014d 8CBA8D7A 		.ascii	"\214\272\215z)\314}\021\260\236E\247\250a\260\324\372"
 2096      29CC7D11 
 2096      B09E45A7 
 2096      A861B0D4 
 2096      FA
 2097 015e 0FAEBD11 		.ascii	"\017\256\275\021\227j\177`\220\366_\252\367+\204\367"
 2097      976A7F60 
 2097      90F65FAA 
 2097      F72B84F7 
 2098 016e A8918FF6 		.ascii	"\250\221\217\366\262\332K\224\233\366\023\355\353k\202"
 2098      B2DA4B94 
 2098      9BF613ED 
 2098      EB6B82
 2099 017d DE5767D0 		.ascii	"\336Wg\320\262\201\367\372\323\312o\2770\264\327\256"
 2099      B281F7FA 
 2099      D3CA6FBF 
 2099      30B4D7AE 
 2100 018d 0ABC371E 		.ascii	"\012\2747\036Q\366\000\355m*\243r\220\216\177E\310{"
 2100      51F600ED 
 2100      6D2AA372 
 2100      908E7F45 
 2100      C87B
 2101 019f 40D07B8F 		.ascii	"@\320{\217j\231\216\201\217\203\256\203(\234\275\012"
 2101      6A998E81 
 2101      8F83AE83 
 2101      289CBD0A 
 2102 01af 07DD3B6F 		.ascii	"\007\335;o)\373h\360\307\205\316\016!\274\007(>\335"
 2102      29FB68F0 
 2102      C785CE0E 
 2102      21BC0728 
 2102      3EDD
 2103 01c1 A7CF01CF 		.ascii	"\247\317\001\317\357\272\222#\315m\006\316MRjl\354\267"
 2103      EFBA9223 
 2103      CD6D06CE 
 2103      4D526A6C 
 2103      ECB7
 2104 01d3 AB0A27E5 		.ascii	"\253\012'\345KT\366i\244\236HCgi\030>c\337\275\2156"
ARM GAS  C:\Users\acest\AppData\Local\Temp\ccHjnHGW.s 			page 84


 2104      4B54F669 
 2104      A49E4843 
 2104      6769183E 
 2104      63DFBD8D 
 2105 01e8 D6D077E3 		.ascii	"\326\320w\343\206\351\273\304\010\034o G\33405S{E\275"
 2105      86E9BBC4 
 2105      081C6F20 
 2105      47DC3035 
 2105      537B45BD 
 2106 01fc 26A97C6A 		.ascii	"&\251|j\355\032\225<\377\211sS\320\336A{\001\370\365"
 2106      ED1A953C 
 2106      FF897353 
 2106      D0DE417B 
 2106      01F8F5
 2107 020f 425DC726 		.ascii	"B]\307&%_\232\307\023\021z\352\337\006}/)\327\253Hk"
 2107      255F9AC7 
 2107      13117AEA 
 2107      DF067D2F 
 2107      29D7AB48 
 2108 0224 7B77845A 		.ascii	"{w\204ZP]u\312\272R=;\224u\256Uj\333#\350}\364K{{\201"
 2108      505D75CA 
 2108      BA523D3B 
 2108      9475AE55 
 2108      6ADB23E8 
 2109 023e 08AF00BD 		.ascii	"\010\257\000\275X;\330H\020\2110Ff\237\023S\005\370"
 2109      583BD848 
 2109      10893046 
 2109      669F1353 
 2109      05F8
 2110 0250 82474C8A 		.ascii	"\202GL\212\022]\324\363V0\341w<\214\\,\222\005\275W"
 2110      125DD4F3 
 2110      5630E177 
 2110      3C8C5C2C 
 2110      9205BD57 
 2111 0264 1A2C528D 		.ascii	"\032,R\215,w\3135\263\354\002|\011\260\005\004\250\002"
 2111      2C77CB35 
 2111      B3EC027C 
 2111      09B00504 
 2111      A802
 2112 0276 44A904F8 		.ascii	"D\251\004\370\034`3\240[\177\375\325^G4s+\2573\3419"
 2112      1C6033A0 
 2112      5B7FFDD5 
 2112      5E473473 
 2112      2BAF33E1 
 2113 028b EE27C056 		.ascii	"\356'\300V\374\302\363\227\312\0275\230i\321\360\224"
 2113      FCC2F397 
 2113      CA173598 
 2113      69D1F094 
 2114 029b 0F8F2B0E 		.ascii	"\017\217+\016\316\231\355`\307\325\000\333\200\221\022"
 2114      CE99ED60 
 2114      C7D500DB 
 2114      809112
 2115 02aa 461A8B67 		.ascii	"F\032\213gg\265\037Y\357\270\003\305\235\227\345xH\203"
 2115      67B51F59 
 2115      EFB803C5 
 2115      9D97E578 
 2115      4883
ARM GAS  C:\Users\acest\AppData\Local\Temp\ccHjnHGW.s 			page 85


 2116 02bc 1A80ED14 		.ascii	"\032\200\355\024\254\026\231\277\342\200\315\003_\346"
 2116      AC1699BF 
 2116      E280CD03 
 2116      5FE6
 2117 02ca 47E984B5 		.ascii	"G\351\204\265\2401\326\001\012\023\304\327\250W\317"
 2117      A031D601 
 2117      0A13C4D7 
 2117      A857CF
 2118 02d9 B757CA1C 		.ascii	"\267W\312\034\021\274\240\036\024?t:\335\321q\331\246"
 2118      11BCA01E 
 2118      143F743A 
 2118      DDD171D9 
 2118      A6
 2119 02ea 3BD5E950 		.ascii	";\325\351P;\361K|S\020\337\241n\355\033\266\225[\342"
 2119      3BF14B7C 
 2119      5310DFA1 
 2119      6EED1BB6 
 2119      955BE2
 2120 02fd 78D16A58 		.ascii	"x\321jX\301\340\033\200\006\206\302$\355\332\326r\030"
 2120      C1E01B80 
 2120      0686C224 
 2120      EDDAD672 
 2120      18
 2121 030e 749C061D 		.ascii	"t\234\006\035g\027\323l*\352^\3246\"\356A\231z\3105"
 2121      6717D36C 
 2121      2AEA5ED4 
 2121      3622EE41 
 2121      997AC835 
 2122 0322 26AD9808 		.ascii	"&\255\230\010\323Ha\240\211\"!@\177\250\340jp\011\026"
 2122      D34861A0 
 2122      89222140 
 2122      7FA8E06A 
 2122      700916
 2123 0335 3C1A43E1 		.ascii	"<\032C\341kvZ\305\032\203\226H\351r;[o\232t:\203K3\010"
 2123      6B765AC5 
 2123      1A839648 
 2123      E9723B5B 
 2123      6F9A743A 
 2124 034d 7C196DEC 		.ascii	"|\031m\354;\226\325U\346E\216f\007\355\202X\007\002"
 2124      3B96D555 
 2124      E6458E66 
 2124      07ED8258 
 2124      0702
 2125 035f 1BD608E2 		.ascii	"\033\326\010\342\327X\256fV\212\023\227\327\255$\341"
 2125      D758AE66 
 2125      568A1397 
 2125      D7AD24E1 
 2126 036f 39B6021C 		.ascii	"9\266\002\034Tr\024[\231Sic\3769)\334\351\220\356DQ"
 2126      5472145B 
 2126      99536963 
 2126      FE3929DC 
 2126      E990EE44 
 2127 0384 2EE43618 		.ascii	".\3446\030\012zXW\326F\013\332NQ,\207\272z\226E\305"
 2127      0A7A5857 
 2127      D6460BDA 
 2127      4E512C87 
 2127      BA7A9645 
ARM GAS  C:\Users\acest\AppData\Local\Temp\ccHjnHGW.s 			page 86


 2128 0399 3D48AB31 		.ascii	"=H\2531\213W\243\005\340[`\204GY5\276\007\370N)H\325"
 2128      8B57A305 
 2128      E05B6084 
 2128      475935BE 
 2128      07F84E29 
 2129 03af A2E2E25C 		.ascii	"\242\342\342\\\253\334\200\215\320\006p\204y\030\013"
 2129      ABDC808D 
 2129      D0067084 
 2129      79180B
 2130 03be F22550AF 		.ascii	"\362%P\257PQn\236\034\213EkcE;\032\241h\035\275'\366"
 2130      50516E9E 
 2130      1C8B456B 
 2130      63453B1A 
 2130      A1681DBD 
 2131 03d4 45C70DE1 		.ascii	"E\307\015\341<4\230S\374\210\010\342\012BKda\373\306"
 2131      3C349853 
 2131      FC8808E2 
 2131      0A424B64 
 2131      61FBC6
 2132 03e7 CA4634E5 		.ascii	"\312F4\345\267\3045\204Bm*\\]l\222\344\301;\343$\240"
 2132      B7C43584 
 2132      426D2A5C 
 2132      5D6C92E4 
 2132      C13BE324 
 2133 03fc 1F229D00 		.ascii	"\037\"\235\000\370\001w\206\245\254d\323<kX\236\373"
 2133      F8017786 
 2133      A5AC64D3 
 2133      3C6B589E 
 2133      FB
 2134 040d 00F6A2E3 		.ascii	"\000\366\242\343q\200\016\306y\032\340\024\345D\217"
 2134      71800EC6 
 2134      791AE014 
 2134      E5448F
 2135 041c FEBDA517 		.ascii	"\376\275\245\027\375|\341\177\004hg\036j\016\337\002"
 2135      FD7CE17F 
 2135      0468671E 
 2135      6A0EDF02 
 2136 042c 4B02BD42 		.ascii	"K\002\275B\027rd\331\036\015\307\000\0160\027\236\205"
 2136      177264D9 
 2136      1E0DC700 
 2136      0E30179E 
 2136      85
 2137 043d 9AA67882 		.ascii	"\232\246x\202\351;>sn n\010k\347`V\326\025\367\360\256"
 2137      E93B3E73 
 2137      6E206E08 
 2137      6BE76056 
 2137      D615F7F0 
 2138 0452 00B10BD3 		.ascii	"\000\261\013\323\356E\273\2126[D\030\251z\365\367'-"
 2138      EE45BB8A 
 2138      365B4418 
 2138      A97AF5F7 
 2138      272D
 2139 0464 A8DF98C1 		.ascii	"\250\337\230\301\036\200\335\224\257\233!]\006\350\005"
 2139      1E80DD94 
 2139      AF9B215D 
 2139      06E805
 2140 0473 B804D0A3 		.ascii	"\270\004\320\243\256V\250`\236\262Z;\000.\002\365\013"
ARM GAS  C:\Users\acest\AppData\Local\Temp\ccHjnHGW.s 			page 87


 2140      AE56A860 
 2140      9EB25A3B 
 2140      002E02F5 
 2140      0B
 2141 0484 CB4259AE 		.ascii	"\313BY\256\271\312r\275\002\027\206\372$2\227\002\305"
 2141      B9CA72BD 
 2141      021786FA 
 2141      24329702 
 2141      C5
 2142 0495 05AF125D 		.ascii	"\005\257\022]a>\372\252w\347\327\027\215(\231)*[\245"
 2142      613EFAAA 
 2142      77E7D717 
 2142      8D289929 
 2142      2A5BA5
 2143 04a8 7BF0AA8B 		.ascii	"{\360\252\213E4\0172\377\334\314u1q\203s\200\237 b\026"
 2143      45340F32 
 2143      FFDCCC75 
 2143      31718373 
 2143      809F2062 
 2144 04bd B8707B76 		.ascii	"\270p{v\234\332=\"l\341\316\001\234\245\270WX\300U\200"
 2144      9CDA3D22 
 2144      6CE1CE01 
 2144      9CA5B857 
 2144      58C05580 
 2145 04d1 7E65D9BA 		.ascii	"~e\331\272WU<O\025\364\001\234\007zZ-\220\232-]\264"
 2145      57553C4F 
 2145      15F4019C 
 2145      077A5A2D 
 2145      909A2D5D 
 2146 04e6 A515324B 		.ascii	"\245\0252K\345\014\300~\346\304WD\223\271\204\311\\"
 2146      E50CC07E 
 2146      E6C45744 
 2146      93B984C9 
 2146      5C
 2147 04f7 73F2C077 		.ascii	"s\362\300wb\334`N\370\031\006\261\242k\337\374\205\273"
 2147      62DC604E 
 2147      F81906B1 
 2147      A26BDFFC 
 2147      85BB
 2148 0509 ADFA36BB 		.ascii	"\255\3726\273\246'>\300\257\221\353\347\257\330Dt\207"
 2148      A6273EC0 
 2148      AF91EBE7 
 2148      AFD84474 
 2148      87
 2149 051a 3EDDE13A 		.ascii	">\335\341:w\330^^]\034\243;\234\321\035n\360K\310C\332"
 2149      77D85E5E 
 2149      5D1CA33B 
 2149      9CD11D6E 
 2149      F04BC843 
 2150 052f 3DE321BC 		.ascii	"=\343!\274Fld\012w7\324\364\215\030zG\230I\320\007\005"
 2150      466C640A 
 2150      7737D4F4 
 2150      8D187A47 
 2150      9849D007 
 2151 0544 CA046ED2 		.ascii	"\312\004n\322;\302\332\223\325\337Gw\000\273+\231\334"
 2151      3BC2DA93 
 2151      D5DF4777 
ARM GAS  C:\Users\acest\AppData\Local\Temp\ccHjnHGW.s 			page 88


 2151      00BB2B99 
 2151      DC
 2152 0555 0070F831 		.ascii	"\000p\3701\374\222\204WE!^&2\261\270E\"\211\222\350"
 2152      FC928457 
 2152      45215E26 
 2152      32B1B845 
 2152      228992E8 
 2153 0569 961AE0DE 		.ascii	"\226\032\340\336Q\227\305d\033\031\345\220l\253\352"
 2153      5197C564 
 2153      1B19E590 
 2153      6CABEA
 2154 0578 215632DB 		.ascii	"!V2\333\010\351\264\272\245Q?\303\177H\271ed\262lr\317"
 2154      08E9B4BA 
 2154      A5513FC3 
 2154      7F48B965 
 2154      64B26C72 
 2155 058d BDADD32A 		.ascii	"\275\255\323*\223\222\347\343\307%\343w\247\265\001"
 2155      9392E7E3 
 2155      C725E377 
 2155      A7B501
 2156 059c DC1835D9 		.ascii	"\334\0305\331d\213\305Q\247U\272,\226\317\263\270\277"
 2156      648BC551 
 2156      A755BA2C 
 2156      96CFB3B8 
 2156      BF
 2157 05ad 25731EC2 		.ascii	"%s\036\302+\257\344N\212\307\032&\333l\367:\352\304"
 2157      2BAFE44E 
 2157      8AC71A26 
 2157      DB6CF73A 
 2157      EAC4
 2158 05bf 3AF1197C 		.ascii	":\361\031|\362\264\205>\273M\352\264:\020b\224{d\254"
 2158      F2B4853E 
 2158      BB4DEAB4 
 2158      3A106294 
 2158      7B64AC
 2159 05d2 7BA4A301 		.ascii	"{\244\243\001\314n\267\024?J@\021\356\244\244d\"!\262"
 2159      CC6EB714 
 2159      3F4A4011 
 2159      EEA4A464 
 2159      2221B2
 2160 05e5 C9D60049 		.ascii	"\311\326\000I\"D'\311?\234\273C2K\366{G\216\022\004"
 2160      224427C9 
 2160      3F9CBB43 
 2160      324BF67B 
 2160      478E1204 
 2161 05f9 B7F00C41 		.ascii	"\267\360\014A\\\361\246\372\001+r\272\365C\200Q\022"
 2161      5CF1A6FA 
 2161      012B72BA 
 2161      F5438051 
 2161      12
 2162 060a 4922E273 		.ascii	"I\"\342s\235\370xB\310H\354\013\223-:\032\257\030&\233"
 2162      9DF87842 
 2162      C848EC0B 
 2162      932D3A1A 
 2162      AF18269B 
 2163 061e 3DF539F7 		.ascii	"=\3659\367\344$I\350\264\022<\025ob5\322\"%\213\000"
 2163      E42449E8 
ARM GAS  C:\Users\acest\AppData\Local\Temp\ccHjnHGW.s 			page 89


 2163      B4123C15 
 2163      6F6235D2 
 2163      22258B00 
 2164 0632 30C78125 		.ascii	"0\307\201%d\377\350\027(_@\017\201\277e\2514l\236^s"
 2164      64FFE817 
 2164      285F400F 
 2164      81BF65A9 
 2164      346C9E5E 
 2165 0647 89E24D5D 		.ascii	"\211\342M]\370\254\366\243\214\251\003Qp\210\362 \000"
 2165      F8ACF6A3 
 2165      8CA90351 
 2165      7088F220 
 2165      00
 2166 0658 3C4621A1 		.ascii	"<F!\241\337\006p\315\005\024\027\025\207\307(\016Z\254"
 2166      DF0670CD 
 2166      05141715 
 2166      87C7280E 
 2166      5AAC
 2167 066a 32A41CCC 		.ascii	"2\244\034\314\231\030cX\\\230p\035R\320`UI\002?\300"
 2167      99186358 
 2167      5C98701D 
 2167      52D06055 
 2167      49023FC0 
 2168 067e BEA92D3D 		.ascii	"\276\251-=\232g>E\257\264\241\255K\035p[I\262\000b\233"
 2168      9A673E45 
 2168      AFB4A1AD 
 2168      4B1D705B 
 2168      49B20062 
 2169 0693 28881758 		.ascii	"(\210\027X\367\035\235\275\241\010\302n>\002\344\021"
 2169      F71D9DBD 
 2169      A108C26E 
 2169      3E02E411 
 2170 06a3 EDD6D371 		.ascii	"\355\326\323q\356\233\322\250\360{\023\356p\203\303"
 2170      EE9BD2A8 
 2170      F07B13EE 
 2170      7083C3
 2171 06b2 8115D5AD 		.ascii	"\201\025\325\255\206{\323\034\242\265|>a\016\345\313"
 2171      867BD31C 
 2171      A2B57C3E 
 2171      610EE5CB 
 2172 06c2 6F5E97D8 		.ascii	"o^\227\330\223I>a\217*\213\217}1`\217\3600R\210\351"
 2172      93493E61 
 2172      8F2A8B8F 
 2172      7D31608F 
 2172      F0305288 
 2173 06d7 16F0986D 		.ascii	"\026\360\230m\225\313;\244\373\027.\224\373\177:~z\341"
 2173      95CB3BA4 
 2173      FB172E94 
 2173      FB7F3A7E 
 2173      7AE1
 2174 06e9 83AB8AF2 		.ascii	"\203\253\212\362\344\275\262\\.\003\365\202w\025v\230"
 2174      E4BDB25C 
 2174      2E03F582 
 2174      77157698 
 2175 06f9 4BC702CC 		.ascii	"K\307\002\314\"\220K&\265[\357/Y(\227,)\257!\262,R\277"
 2175      22904B26 
 2175      B55BEF2F 
ARM GAS  C:\Users\acest\AppData\Local\Temp\ccHjnHGW.s 			page 90


 2175      5928972C 
 2175      29AF21B2 
 2176 0710 D906BFD9 		.ascii	"\331\006\277\331\252\237 \2361Q\212\234\256\315\365"
 2176      AA9F209E 
 2176      31518A9C 
 2176      AECDF5
 2177 071f 26260B2F 		.ascii	"&&\013/\251TV\357\302\342\020Q\236\250\212\011NT\257"
 2177      A95456EF 
 2177      C2E21051 
 2177      9EA88A09 
 2177      4E54AF
 2178 0732 DF500FEA 		.ascii	"\337P\017\352#U\011\235yov\305*\207\232\312|:\263\256"
 2178      2355099D 
 2178      796F76C5 
 2178      2A879ACA 
 2178      7C3AB3AE 
 2179 0746 EF4AED08 		.ascii	"\357J\355\010-\227t-\227R\244[\300s\231{\276\267k\004"
 2179      2D97742D 
 2179      9752A45B 
 2179      C073997B 
 2179      BEB76B04 
 2180 075a CDA5BBAC 		.ascii	"\315\245\273\254\376\215U\262\\\222\214g\241H\325\366"
 2180      FE8D55B2 
 2180      5C928C67 
 2180      A148D5F6 
 2181 076a 1E1DAB39 		.ascii	"\036\035\2539t\333\304\231f\032\264x\373\226\225&\225"
 2181      74DBC499 
 2181      661AB478 
 2181      FB969526 
 2181      95
 2182 077b 9BAACB2B 		.ascii	"\233\252\313+^\320$\262\2114\370\2002_]\276b}\214\252"
 2182      5ED024B2 
 2182      8934F880 
 2182      325F5DBE 
 2182      627D8CAA 
 2183 078f E5433AF3 		.ascii	"\345C:\363uMuNT\004-x\347\205\205\\K\327\307\333\357"
 2183      754D754E 
 2183      54042D78 
 2183      E785855C 
 2183      4BD7C7DB 
 2184 07a4 A1524247 		.ascii	"\241RBG\350m\000oz\262\011O\303\373\212\030\001G\252"
 2184      E86D006F 
 2184      7AB2094F 
 2184      C3FB8A18 
 2184      0147AA
 2185 07b7 94153671 		.ascii	"\224\0256q>\223\262\2518/\237\353\337\325A\365\313\311"
 2185      3E93B2A9 
 2185      382F9FEB 
 2185      DFD541F5 
 2185      CBC9
 2186 07c9 B4B68BB5 		.ascii	"\264\266\213\265\220\305Z"
 2186      90C55A
 2187 07d0 4895552C 		.ascii	"H\225U,c!g\372g\235s(b\251\370\276\302\363\363\264\272"
 2187      632167FA 
 2187      679D7328 
 2187      62A9F8BE 
 2187      C2F3F3B4 
ARM GAS  C:\Users\acest\AppData\Local\Temp\ccHjnHGW.s 			page 91


 2188 07e5 2DA55A2F 		.ascii	"-\245Z/T~\360\251\030Ak9\202-\343Z\017\036\336Ske\274"
 2188      547EF0A9 
 2188      18416B39 
 2188      822DE35A 
 2188      0F1EDE53 
 2189 07fc 17772A75 		.ascii	"\027w*u+'P\246\326m9\035\253\314g-\342j\306\334w\352"
 2189      2B2750A6 
 2189      D66D391D 
 2189      ABCC672D 
 2189      E26AC6DC 
 2190 0812 C86C07CB 		.ascii	"\310l\007\313pY\036\317p\246\211\206}\254\206U\320\261"
 2190      70591ECF 
 2190      70A68986 
 2190      7DAC8655 
 2190      D0B1
 2191 0824 1A566311 		.ascii	"\032Vc\0217\233\177\365i\372S2\3146Y\251\357\202-\333"
 2191      379B7FF5 
 2191      69FA5332 
 2191      CC3659A9 
 2191      EF822DDB 
 2192 0838 EB3B073D 		.ascii	"\353;\007=\313\342\035\306\340p}U\350\206E\337&\253"
 2192      CBE21DC6 
 2192      E0707D55 
 2192      E88645DF 
 2192      26AB
 2193 084a F46DB29A 		.ascii	"\364m\262\232\247\273\346x\3011;\243\\M`\005\245\254"
 2193      A7BBE678 
 2193      C1313BA3 
 2193      5C4D6005 
 2193      A5AC
 2194 085c 5AF0F932 		.ascii	"Z\360\3712[\204\032\255E\375kx\320GW\312&\263l\033\363"
 2194      5B841AAD 
 2194      45FD6B78 
 2194      D04757CA 
 2194      26B36C1B 
 2195 0871 B4F55C4B 		.ascii	"\264\365\\K\340\023mq>\321r-\266\210-,\327\226\365}"
 2195      E0136D71 
 2195      3ED1722D 
 2195      B6882D2C 
 2195      D796F57D 
 2196 0885 6D364694 		.ascii	"m6F\224\303\367\343\372\2639\2056\225\3713\326IK\317"
 2196      C3F7E3FA 
 2196      B3398536 
 2196      95F933D6 
 2196      494BCF
 2197 0898 9645DAA1 		.ascii	"\226E\332\241!D[\257\310]\221\373\276\205\255\316\332"
 2197      21445BAF 
 2197      C85D91FB 
 2197      BE85ADCE 
 2197      DA
 2198 08a9 334A5784 		.ascii	"3JW\204\010\254\323\210\327i\304\205f\261\213\021\177"
 2198      08ACD388 
 2198      D769C485 
 2198      66B18B11 
 2198      7F
 2199 08ba 387F61C8 		.ascii	"8\177a\310\306\324\036\313\327\324b\320F-h\243\026t"
 2199      C6D41ECB 
ARM GAS  C:\Users\acest\AppData\Local\Temp\ccHjnHGW.s 			page 92


 2199      D7D462D0 
 2199      462D68A3 
 2199      1674
 2200 08cc C024CEB1 		.ascii	"\300$\316\261Dl\245\236\037\232\034\252\330\317\251"
 2200      446CA59E 
 2200      1F9A1CAA 
 2200      D8CFA9
 2201 08db D8C68E81 		.ascii	"\330\306\216\201f)B\231*\021\354\013.v\345@M\025o\341"
 2201      66294299 
 2201      2A11EC0B 
 2201      2E76E540 
 2201      4D156FE1 
 2202 08ef 794D8AD8 		.ascii	"yM\212\330J\002\2335\336\315z\327\233\304E\226_\335"
 2202      4A029B35 
 2202      DECD7AD7 
 2202      9BC44596 
 2202      5FDD
 2203 0901 805F52DE 		.ascii	"\200_R\336\356\336M\375\242\252\244\232\316\034\\z\255"
 2203      EEDE4DFD 
 2203      A2AAA49A 
 2203      CE1C5C7A 
 2203      AD
 2204 0912 2F92926D 		.ascii	"/\222\222m\010\277\225+\311)X\260\207\327\340\242\276"
 2204      08BF952B 
 2204      C92958B0 
 2204      87D7E0A2 
 2204      BE
 2205 0923 62DB086C 		.ascii	"b\333\010l\321\264l\321\264\3540\213\033\230\226\242"
 2205      D1B46CD1 
 2205      B4EC308B 
 2205      1B9896A2 
 2206 0933 FDF34A79 		.ascii	"\375\363Jyk\374\310\265\354\350h)1\207w\033>\374\326"
 2206      6BFCC8B5 
 2206      ECE86829 
 2206      3187771B 
 2206      3EFCD6
 2207 0946 EADD76F1 		.ascii	"\352\335v\361\304\202\312\350p\207\3160\207\035{\367"
 2207      C482CAE8 
 2207      7087CE30 
 2207      871D7BF7 
 2208 0956 E7189E64 		.ascii	"\347\030\236d\352\364v\254\347B\363?\334x\2167E=\201"
 2208      EAF476AC 
 2208      E742F33F 
 2208      DC788E37 
 2208      453D81
 2209 0969 1AD614ED 		.ascii	"\032\326\024\355E\335\346\010\331\355D\301;xPe\323\274"
 2209      45DDE608 
 2209      D9ED44C1 
 2209      3B785065 
 2209      D3BC
 2210 097b 1CAC337B 		.ascii	"\034\2543{\354\256\316\265,\221\021w'\201\355Zr\333"
 2210      ECAECEB5 
 2210      2C911177 
 2210      2781ED5A 
 2210      72DB
 2211 098d D95D53AC 		.ascii	"\331]S\254\265Dl\304\356\346\235^\225\262\201\210-\314"
 2211      B5446CC4 
ARM GAS  C:\Users\acest\AppData\Local\Temp\ccHjnHGW.s 			page 93


 2211      EEE69D5E 
 2211      95B28188 
 2211      2DCC
 2212 099f EBE2C1D6 		.ascii	"\353\342\301\326:\313\320\267\202F\022\366V@~\332t\251"
 2212      3ACBD0B7 
 2212      824612F6 
 2212      56407EDA 
 2212      74A9
 2213 09b1 4457D744 		.ascii	"DW\327D4y\315(o\027\227\267\374\354\247+\201\312\353"
 2213      3479CD28 
 2213      6F1797B7 
 2213      FCECA72B 
 2213      81CAEB
 2214 09c4 DE55F16E 		.ascii	"\336U\361n\221\014\223\361$|\243\211\373\206\213kc\264"
 2214      910C93F1 
 2214      247CA389 
 2214      FB868B6B 
 2214      63B4
 2215 09d6 79D5454D 		.ascii	"y\325EM\221\326r\017\302\371\370KY\341\376\257D\226"
 2215      91D6720F 
 2215      C2F9F84B 
 2215      59E1FEAF 
 2215      4496
 2216 09e8 ECE62BA1 		.ascii	"\354\346+\241C#ks\313G\341Y\330\255\341\355\346xeV\352"
 2216      43236B73 
 2216      CB47E159 
 2216      D8ADE1ED 
 2216      E6786556 
 2217 09fd 7D21B7E0 		.ascii	"}!\267\340\260VO\232li\327\272\023\366\010\004-H\260"
 2217      B0564F9A 
 2217      6C69D7BA 
 2217      13F60804 
 2217      2D48B0
 2218 0a10 9FEBADDB 		.ascii	"\237\353\255\333\\X\343\240\014U{K\233r\255\210\337"
 2218      5C58E3A0 
 2218      0C557B4B 
 2218      9B72AD88 
 2218      DF
 2219 0a21 42609F86 		.ascii	"B`\237\206\277\217\343\257a\370\347w\236i\216\031\372"
 2219      BF8FE3AF 
 2219      61F8E777 
 2219      9E698E19 
 2219      FA
 2220 0a32 10D93AE8 		.ascii	"\020\331:\350!\362\363\256\201\220Y\253&\276\250\250"
 2220      21F2F3AE 
 2220      819059AB 
 2220      26BEA8A8 
 2221 0a42 CB7E0869 		.ascii	"\313~\010i\307\300Xq\023E\263\\?\320\272\327*\335\015"
 2221      C7C05871 
 2221      1345B35C 
 2221      3FD0BAD7 
 2221      2ADD0D
 2222 0a55 807F88D9 		.ascii	"\200\177\210\331)\327\315\024\005\030\007c\0058L\240"
 2222      29D7CD14 
 2222      05180763 
 2222      05384CA0 
 2223 0a65 0D7D8F10 		.ascii	"\015}\217\0208J\350\020[x\340w\370\213\340\255\025?"
ARM GAS  C:\Users\acest\AppData\Local\Temp\ccHjnHGW.s 			page 94


 2223      384AE810 
 2223      5B78E077 
 2223      F88BE0AD 
 2223      153F
 2224 0a77 6F156FE5 		.ascii	"o\025o\345\217\332\177\307)-\247\357\010#\340\257F\026"
 2224      8FDA7FC7 
 2224      292DA7EF 
 2224      0823E0AF 
 2224      4616
 2225 0a89 BA21B7CC 		.ascii	"\272!\267\314i\262G\222q\214\311\370\2360O+{\211z\202"
 2225      69B24792 
 2225      718CC9F8 
 2225      9E304F2B 
 2225      7B897A82 
 2226 0a9d B6CAC953 		.ascii	"\266\312\311Su\016#r;\201\343\010\010?\020\026#\210"
 2226      750E2372 
 2226      3B81E308 
 2226      083F1016 
 2226      2388
 2227 0aaf 55567CED 		.ascii	"UV|\355f\225(\254\253_b\301J\303I^\305\2229\007\036"
 2227      669528AC 
 2227      AB5F62C1 
 2227      4AC3495E 
 2227      C5923907 
 2228 0ac4 63853FC8 		.ascii	"c\205?\310\013\177d\336G\371\326\010\205?\205P\035\030"
 2228      0B7F64DE 
 2228      47F9D608 
 2228      853F8550 
 2228      1D18
 2229 0ad6 429F22FA 		.ascii	"B\237\"\372\017\337\010]\033]\237+\323\373N\003\301"
 2229      0FDF085D 
 2229      1B5D9F2B 
 2229      D3FB4E03 
 2229      C1
 2230 0ae7 737082D7 		.ascii	"sp\202\327\035~$p\232\036i\267lI\\n\343A\241\2025yQ"
 2230      1D7E2470 
 2230      9A1E69B7 
 2230      6C495C6E 
 2230      E341A182 
 2231 0afe F8B28925 		.ascii	"\370\262\211%\251ew\235N\365\256s\206\216\325\210E\222"
 2231      A965779D 
 2231      4EF5AE73 
 2231      868ED588 
 2231      4592
 2232 0b10 B8964754 		.ascii	"\270\226GT\035\251\350i\005-\002\273\347\254\032q\216"
 2232      1DA9E869 
 2232      052D02BB 
 2232      E7AC1A71 
 2232      8E
 2233 0b21 8ED58856 		.ascii	"\216\325\210VI<m\033\222\033\343\334\277rC\251\265\272"
 2233      493C6D1B 
 2233      921BE3DC 
 2233      BF7243A9 
 2233      B5BA
 2234 0b33 4A9667CB 		.ascii	"J\226g\313r\316\303\264?\341\274\242\364\002\201.z\244"
 2234      72CEC3B4 
 2234      3FE1BCA2 
ARM GAS  C:\Users\acest\AppData\Local\Temp\ccHjnHGW.s 			page 95


 2234      F402812E 
 2234      7AA4
 2235 0b45 A29C96C4 		.ascii	"\242\234\226\304\215v\036u\244b_[b\035O\357\3174\346"
 2235      8D761E75 
 2235      A4625F5B 
 2235      621D4FEF 
 2235      CF34E6
 2236 0b58 A2CADB4D 		.ascii	"\242\312\333M\307j\304W\222\370\225}8\336\236\017\007"
 2236      C76AC457 
 2236      92F8957D 
 2236      38DE9E0F 
 2236      07
 2237 0b69 F1F628BC 		.ascii	"\361\366(\274\227\010\364\322#\025\345\230D/\376\357"
 2237      9708F4D2 
 2237      2315E598 
 2237      442FFEEF 
 2238 0b79 2F7B55BF 		.ascii	"/{U\277\336\024\352\327\233\313|\225V\027\324\3364\274"
 2238      DE14EAD7 
 2238      9BCB7C95 
 2238      5617D4DE 
 2238      34BC
 2239 0b8b 7BEDD41D 		.ascii	"{\355\324\035~\342\016e\265\363\233\015\377\363T\251"
 2239      7EE20E65 
 2239      B5F39B0D 
 2239      FFF354A9 
 2240 0b9b 3BF4D1F5 		.ascii	";\364\321\365o\264\253k\260\272P_\003\364\272\242f\326"
 2240      6FB4AB6B 
 2240      B0BA505F 
 2240      03F4BAA2 
 2240      66D6
 2241 0bad 4FC7AAA6 		.ascii	"O\307\252\246F;B~\262\352b_\264\016\331\254C^\345\234"
 2241      463B427E 
 2241      B2EA625F 
 2241      B40ED9AC 
 2241      435EE59C 
 2242 0bc1 7B3E685F 		.ascii	"{>h_g\327\035B\272\303\317\312\016\335\327v\314\360"
 2242      67D71D42 
 2242      BAC3CFCA 
 2242      0EDDD776 
 2242      CCF0
 2243 0bd3 9F662DBA 		.ascii	"\237f-\272\3035\356\320\370]\350\232\341\351x\217\356"
 2243      C335EED0 
 2243      F85DE89A 
 2243      E1E9788F 
 2243      EE
 2244 0be4 3040551F 		.ascii	"0@U\037\345\252CG\225\033\"\227|]\225|\203\216U\311"
 2244      E5AA4347 
 2244      951B2297 
 2244      7C5D957C 
 2244      838E55C9 
 2245 0bf8 97EC4272 		.ascii	"\227\354BrB\302\030\343\337\204t\357T\357\224`\266\333"
 2245      42C218E3 
 2245      DF8474EF 
 2245      54EF9460 
 2245      B6DB
 2246 0c0a EB1BE3A2 		.ascii	"\353\033\343\242c_ )11q\214/\200\177\031\336\251c\002"
 2246      635F2029 
ARM GAS  C:\Users\acest\AppData\Local\Temp\ccHjnHGW.s 			page 96


 2246      3131718C 
 2246      2F807F19 
 2246      DEA96302 
 2247 0c1e 7E179EC8 		.ascii	"~\027\236\310\364dN\363\3712\002\011.\333\263\317\277"
 2247      F4644EF3 
 2247      F9320209 
 2247      2EDBB3CF 
 2247      BF
 2248 0c2f 3C7242E2 		.ascii	"<rB\342\343\302\355\306\331\004\267\323\363\350\324"
 2248      E3C2EDC6 
 2248      D904B7D3 
 2248      F3E8D4
 2249 0c3e B16E8F60 		.ascii	"\261n\217`\011x\337\366\244\006\243\361\\\232'\370\217"
 2249      0978DFF6 
 2249      A406A3F1 
 2249      5C9A27F8 
 2249      8F
 2250 0c4f EC2C576A 		.ascii	"\354,Wj\320\224\345y+\030E]S\323=N\267\307\377\244\353"
 2250      D094E579 
 2250      2B18455D 
 2250      53D33D4E 
 2250      B7C7FFA4 
 2251 0c64 A914C616 		.ascii	"\251\024\306\026`\314)\006\346\024_ \2051\247x\263\\"
 2251      60CC2906 
 2251      E6145F20 
 2251      8531A778 
 2251      B35C
 2252 0c76 19D96E4F 		.ascii	"\031\331nO\212\201']\020\003\236L\363\033\331\236l\217"
 2252      8A81275D 
 2252      10039E4C 
 2252      F31BD99E 
 2252      6C8F
 2253 0c88 CD959ECA 		.ascii	"\315\225\236\312\006\222:@\242i~\317\364q\277\014\356"
 2253      06923A40 
 2253      A2697ECF 
 2253      F471BF0C 
 2253      EE
 2254 0c99 0F1A9033 		.ascii	"\017\032\2203\320\211\302F#\006\";\247\245\373\374\036"
 2254      D089C246 
 2254      2306223B 
 2254      A7A5FBFC 
 2254      1E
 2255 0caa D1951534 		.ascii	"\321\225\0254\243\245\006\023\177\003\024\206#P\224"
 2255      A3A50613 
 2255      7F031486 
 2255      235094
 2256 0cb9 8642D5A0 		.ascii	"\206B\325\240h\2633\303\233\226\025\345\233\372\232"
 2256      68B333C3 
 2256      9B9615E5 
 2256      9BFA9A
 2257 0cc8 C7154CA5 		.ascii	"\307\025L\245\305\261M\363\373\246{\261\0121\230\227"
 2257      C5B14DF3 
 2257      FBA67BB1 
 2257      0A319897 
 2258 0cd8 CF3F2395 		.ascii	"\317?#\225\025&x[Z\266\323\357\366\270S\303fc\0023\002"
 2258      1526785B 
 2258      5AB6D3EF 
ARM GAS  C:\Users\acest\AppData\Local\Temp\ccHjnHGW.s 			page 97


 2258      F6B853C3 
 2258      66630233 
 2259 0ced DEACA0C7 		.ascii	"\336\254\240\307?\335\211Gb\342c\202\335\351\317\234"
 2259      3FDD8947 
 2259      62E26382 
 2259      DDE9CF9C 
 2260 0cfd FEB86774 		.ascii	"\376\270gt\246 \271|\376\240\347\255\321\231\277\027"
 2260      A620B97C 
 2260      FEA0E7AD 
 2260      D199BF17 
 2261 0d0d E25CE993 		.ascii	"\342\\\351\223\321\177|F\206\31751a\232\323\037L\030"
 2261      D17F7C46 
 2261      86CF3531 
 2261      619AD31F 
 2261      4C18
 2262 0d1f 1B6D9C7B 		.ascii	"\033m\234{d\302S)/\007<\376@\212\323\345\011\004S\376"
 2262      64C25329 
 2262      2F073CFE 
 2262      408AD3E5 
 2262      090453FE 
 2263 0d33 E409BC1E 		.ascii	"\344\011\274\036\364MKy1a|\302\204\204\247S\3748\235"
 2263      F44D4B79 
 2263      31617CC2 
 2263      8484A753 
 2263      FC389D
 2264 0d46 8AC2A84A 		.ascii	"\212\302\250Ja\374\377\333$\302\035\234\373\005\226"
 2264      61FCFFDB 
 2264      24C21D9C 
 2264      FB0596
 2265 0d55 F5C42C6F 		.ascii	"\365\304,op<\255\202\307\355\340\363\223|N\367x\277"
 2265      703CAD82 
 2265      C7EDE0F3 
 2265      937C4EF7 
 2265      78BF
 2266 0d67 DF3923CA 		.ascii	"\3379#\312\240Q\031?\343\367x&J\372\370^W\372\263\274"
 2266      A051193F 
 2266      E3F77826 
 2266      4AFAF85E 
 2266      57FAB3BC 
 2267 0d7b 321111EF 		.ascii	"2\021\021\357\012;\315\200^\362fz|\331\301)w\016{\352"
 2267      0A3BCD80 
 2267      5EF2667A 
 2267      7CD9C129 
 2267      770E7BEA 
 2268 0d8f 96B03394 		.ascii	"\226\2603\224\345\366\260\031M\037\352\235\342\311\324"
 2268      E5F6B019 
 2268      4D1FEA9D 
 2268      E2C9D4
 2269 0d9e 496F61C7 		.ascii	"Ioa\307\177sz\203*\21193\220\226\032\214\305yW\372\213"
 2269      7F737A83 
 2269      2A893933 
 2269      90961A8C 
 2269      C57957FA 
 2270 0db3 9E802BDD 		.ascii	"\236\200+\335\343\316\316\360LI\372-\235\343Jw\363\036"
 2270      E3CECEF0 
 2270      4C49FA2D 
 2270      9DE34A77 
ARM GAS  C:\Users\acest\AppData\Local\Temp\ccHjnHGW.s 			page 98


 2270      F31E
 2271 0dc5 44EC2998 		.ascii	"D\354)\230\2253c\242-\033W}\\\0226\221+\335\351\217"
 2271      953363A2 
 2271      2D1B577D 
 2271      5C123691 
 2271      2BDDE98F 
 2272 0dd9 49C5EE0C 		.ascii	"I\305\356\014\246\376q\374\224\247'\27781\306\231\361"
 2272      A6FE71FC 
 2272      94A727BF 
 2272      3831C699 
 2272      F1
 2273 0dea A6734620 		.ascii	"\246sF \325\233\225\341\315\362L\372e&\227/3\323\227"
 2273      D59B95E1 
 2273      CDF24CFA 
 2273      6526972F 
 2273      33D397
 2274 0dfd 95821B30 		.ascii	"\225\202\0330\005\033'\305\225\031\360\322I\277G\027"
 2274      051B27C5 
 2274      9519F0D2 
 2274      49BF4717 
 2275 0e0d 40A752D3 		.ascii	"@\247R\323\\.\324`W\326\303\355\306\321\224\031\201"
 2275      5C2ED460 
 2275      57D6C3ED 
 2275      C6D19419 
 2275      81
 2276 0e1e 493ED7EB 		.ascii	"I>\327\353\277i\023\314\240\273\311>\015\0333\025\313"
 2276      BF6913CC 
 2276      A0BBC93E 
 2276      0D1B3315 
 2276      CB
 2277 0e2f FD7AF2FF 		.ascii	"\375z\362\377$\216\272\007RX_\217\316\034\355\314\010"
 2277      248EBA07 
 2277      52585F8F 
 2277      CE1CEDCC 
 2277      08
 2278 0e40 A21F9548 		.ascii	"\242\037\225H\367\023\223\361r\026\005\213b\260\331"
 2278      F71393F1 
 2278      7216058B 
 2278      62B0D9
 2279 0e4f 6C1C1BBE 		.ascii	"l\034\033\276\266n\367\255C\226t\342\177\001\233Be\355"
 2279      B66EF7AD 
 2279      439674E2 
 2279      7F019B42 
 2279      65ED
 2280              		.text
 2281              		.section	.gnu.lto_.symtab.b3bfe561,"e",%progbits
 2282 0000 6368506F 		.ascii	"chPoolObjectInitAligned\000"
 2282      6F6C4F62 
 2282      6A656374 
 2282      496E6974 
 2282      416C6967 
 2283 0018 00       		.ascii	"\000"
 2284 0019 00       		.ascii	"\000"
 2285 001a 00       		.ascii	"\000"
 2286 001b 00000000 		.ascii	"\000\000\000\000\000\000\000\000"
 2286      00000000 
 2287 0023 14010000 		.ascii	"\024\001\000\000"
ARM GAS  C:\Users\acest\AppData\Local\Temp\ccHjnHGW.s 			page 99


 2288 0027 6368506F 		.ascii	"chPoolLoadArray\000"
 2288      6F6C4C6F 
 2288      61644172 
 2288      72617900 
 2289 0037 00       		.ascii	"\000"
 2290 0038 00       		.ascii	"\000"
 2291 0039 00       		.ascii	"\000"
 2292 003a 00000000 		.ascii	"\000\000\000\000\000\000\000\000"
 2292      00000000 
 2293 0042 1A010000 		.ascii	"\032\001\000\000"
 2294 0046 6368506F 		.ascii	"chPoolAllocI\000"
 2294      6F6C416C 
 2294      6C6F6349 
 2294      00
 2295 0053 00       		.ascii	"\000"
 2296 0054 00       		.ascii	"\000"
 2297 0055 00       		.ascii	"\000"
 2298 0056 00000000 		.ascii	"\000\000\000\000\000\000\000\000"
 2298      00000000 
 2299 005e 0C010000 		.ascii	"\014\001\000\000"
 2300 0062 6368506F 		.ascii	"chPoolAlloc\000"
 2300      6F6C416C 
 2300      6C6F6300 
 2301 006e 00       		.ascii	"\000"
 2302 006f 00       		.ascii	"\000"
 2303 0070 00       		.ascii	"\000"
 2304 0071 00000000 		.ascii	"\000\000\000\000\000\000\000\000"
 2304      00000000 
 2305 0079 1C010000 		.ascii	"\034\001\000\000"
 2306 007d 6368506F 		.ascii	"chPoolFreeI\000"
 2306      6F6C4672 
 2306      65654900 
 2307 0089 00       		.ascii	"\000"
 2308 008a 00       		.ascii	"\000"
 2309 008b 00       		.ascii	"\000"
 2310 008c 00000000 		.ascii	"\000\000\000\000\000\000\000\000"
 2310      00000000 
 2311 0094 21010000 		.ascii	"!\001\000\000"
 2312 0098 6368506F 		.ascii	"chPoolFree\000"
 2312      6F6C4672 
 2312      656500
 2313 00a3 00       		.ascii	"\000"
 2314 00a4 00       		.ascii	"\000"
 2315 00a5 00       		.ascii	"\000"
 2316 00a6 00000000 		.ascii	"\000\000\000\000\000\000\000\000"
 2316      00000000 
 2317 00ae 23010000 		.ascii	"#\001\000\000"
 2318 00b2 63684775 		.ascii	"chGuardedPoolObjectInitAligned\000"
 2318      61726465 
 2318      64506F6F 
 2318      6C4F626A 
 2318      65637449 
 2319 00d1 00       		.ascii	"\000"
 2320 00d2 00       		.ascii	"\000"
 2321 00d3 00       		.ascii	"\000"
 2322 00d4 00000000 		.ascii	"\000\000\000\000\000\000\000\000"
 2322      00000000 
ARM GAS  C:\Users\acest\AppData\Local\Temp\ccHjnHGW.s 			page 100


 2323 00dc 2C010000 		.ascii	",\001\000\000"
 2324 00e0 63684775 		.ascii	"chGuardedPoolAllocTimeoutS\000"
 2324      61726465 
 2324      64506F6F 
 2324      6C416C6C 
 2324      6F635469 
 2325 00fb 00       		.ascii	"\000"
 2326 00fc 00       		.ascii	"\000"
 2327 00fd 00       		.ascii	"\000"
 2328 00fe 00000000 		.ascii	"\000\000\000\000\000\000\000\000"
 2328      00000000 
 2329 0106 31010000 		.ascii	"1\001\000\000"
 2330 010a 63684775 		.ascii	"chGuardedPoolAllocTimeout\000"
 2330      61726465 
 2330      64506F6F 
 2330      6C416C6C 
 2330      6F635469 
 2331 0124 00       		.ascii	"\000"
 2332 0125 00       		.ascii	"\000"
 2333 0126 00       		.ascii	"\000"
 2334 0127 00000000 		.ascii	"\000\000\000\000\000\000\000\000"
 2334      00000000 
 2335 012f 33010000 		.ascii	"3\001\000\000"
 2336 0133 63684775 		.ascii	"chGuardedPoolFree\000"
 2336      61726465 
 2336      64506F6F 
 2336      6C467265 
 2336      6500
 2337 0145 00       		.ascii	"\000"
 2338 0146 00       		.ascii	"\000"
 2339 0147 00       		.ascii	"\000"
 2340 0148 00000000 		.ascii	"\000\000\000\000\000\000\000\000"
 2340      00000000 
 2341 0150 38010000 		.ascii	"8\001\000\000"
 2342 0154 63684775 		.ascii	"chGuardedPoolLoadArray\000"
 2342      61726465 
 2342      64506F6F 
 2342      6C4C6F61 
 2342      64417272 
 2343 016b 00       		.ascii	"\000"
 2344 016c 00       		.ascii	"\000"
 2345 016d 00       		.ascii	"\000"
 2346 016e 00000000 		.ascii	"\000\000\000\000\000\000\000\000"
 2346      00000000 
 2347 0176 3E010000 		.ascii	">\001\000\000"
 2348 017a 63685365 		.ascii	"chSemObjectInit\000"
 2348      6D4F626A 
 2348      65637449 
 2348      6E697400 
 2349 018a 00       		.ascii	"\000"
 2350 018b 02       		.ascii	"\002"
 2351 018c 00       		.ascii	"\000"
 2352 018d 00000000 		.ascii	"\000\000\000\000\000\000\000\000"
 2352      00000000 
 2353 0195 46010000 		.ascii	"F\001\000\000"
 2354 0199 63685365 		.ascii	"chSemWaitTimeoutS\000"
 2354      6D576169 
ARM GAS  C:\Users\acest\AppData\Local\Temp\ccHjnHGW.s 			page 101


 2354      7454696D 
 2354      656F7574 
 2354      5300
 2355 01ab 00       		.ascii	"\000"
 2356 01ac 02       		.ascii	"\002"
 2357 01ad 00       		.ascii	"\000"
 2358 01ae 00000000 		.ascii	"\000\000\000\000\000\000\000\000"
 2358      00000000 
 2359 01b6 4D010000 		.ascii	"M\001\000\000"
 2360 01ba 63685363 		.ascii	"chSchRescheduleS\000"
 2360      68526573 
 2360      63686564 
 2360      756C6553 
 2360      00
 2361 01cb 00       		.ascii	"\000"
 2362 01cc 02       		.ascii	"\002"
 2363 01cd 00       		.ascii	"\000"
 2364 01ce 00000000 		.ascii	"\000\000\000\000\000\000\000\000"
 2364      00000000 
 2365 01d6 50010000 		.ascii	"P\001\000\000"
 2366 01da 63685365 		.ascii	"chSemSignalI\000"
 2366      6D536967 
 2366      6E616C49 
 2366      00
 2367 01e7 00       		.ascii	"\000"
 2368 01e8 02       		.ascii	"\002"
 2369 01e9 00       		.ascii	"\000"
 2370 01ea 00000000 		.ascii	"\000\000\000\000\000\000\000\000"
 2370      00000000 
 2371 01f2 54010000 		.ascii	"T\001\000\000"
 2372              		.text
 2373              		.section	.gnu.lto_.ext_symtab.b3bfe561,"e",%progbits
 2374 0000 01       		.ascii	"\001"
 2375 0001 01       		.ascii	"\001"
 2376 0002 00       		.ascii	"\000"
 2377 0003 01       		.ascii	"\001"
 2378 0004 00       		.ascii	"\000"
 2379 0005 01       		.ascii	"\001"
 2380 0006 00       		.ascii	"\000"
 2381 0007 01       		.ascii	"\001"
 2382 0008 00       		.ascii	"\000"
 2383 0009 01       		.ascii	"\001"
 2384 000a 00       		.ascii	"\000"
 2385 000b 01       		.ascii	"\001"
 2386 000c 00       		.ascii	"\000"
 2387 000d 01       		.ascii	"\001"
 2388 000e 00       		.ascii	"\000"
 2389 000f 01       		.ascii	"\001"
 2390 0010 00       		.ascii	"\000"
 2391 0011 01       		.ascii	"\001"
 2392 0012 00       		.ascii	"\000"
 2393 0013 01       		.ascii	"\001"
 2394 0014 00       		.ascii	"\000"
 2395 0015 01       		.ascii	"\001"
 2396 0016 00       		.ascii	"\000"
 2397 0017 01       		.ascii	"\001"
 2398 0018 00       		.ascii	"\000"
ARM GAS  C:\Users\acest\AppData\Local\Temp\ccHjnHGW.s 			page 102


 2399 0019 01       		.ascii	"\001"
 2400 001a 00       		.ascii	"\000"
 2401 001b 01       		.ascii	"\001"
 2402 001c 00       		.ascii	"\000"
 2403 001d 01       		.ascii	"\001"
 2404 001e 00       		.ascii	"\000"
 2405              		.text
 2406              		.section	.gnu.lto_.opts,"e",%progbits
 2407 0000 272D666E 		.ascii	"'-fno-openmp' '-fno-openacc' '-fno-pie' '-fcf-prote"
 2407      6F2D6F70 
 2407      656E6D70 
 2407      2720272D 
 2407      666E6F2D 
 2408 0033 6374696F 		.ascii	"ction=none' '-g' '-mcpu=cortex-m4' '-mthumb' '-mflo"
 2408      6E3D6E6F 
 2408      6E652720 
 2408      272D6727 
 2408      20272D6D 
 2409 0066 61742D61 		.ascii	"at-abi=soft' '-mlibarch=armv7e-m' '-march=armv7e-m'"
 2409      62693D73 
 2409      6F667427 
 2409      20272D6D 
 2409      6C696261 
 2410 0099 20272D4F 		.ascii	" '-O2' '-fomit-frame-pointer' '-falign-functions=16"
 2410      32272027 
 2410      2D666F6D 
 2410      69742D66 
 2410      72616D65 
 2411 00cc 2720272D 		.ascii	"' '-ffunction-sections' '-fdata-sections' '-fno-com"
 2411      6666756E 
 2411      6374696F 
 2411      6E2D7365 
 2411      6374696F 
 2412 00ff 6D6F6E27 		.ascii	"mon' '-flto' '-Xassembler' '-alms=./build/lst/chmem"
 2412      20272D66 
 2412      6C746F27 
 2412      20272D58 
 2412      61737365 
 2413 0132 706F6F6C 		.ascii	"pools.lst'\000"
 2413      732E6C73 
 2413      742700
 2414              		.text
 2415              		.comm	__gnu_lto_slim,1,1
 2416              		.ident	"GCC: (GNU Arm Embedded Toolchain 10.3-2021.10) 10.3.1 20210824 (release)"
ARM GAS  C:\Users\acest\AppData\Local\Temp\ccHjnHGW.s 			page 103


DEFINED SYMBOLS
                            *ABS*:00000000 chmempools.c
C:\Users\acest\AppData\Local\Temp\ccHjnHGW.s:31     .gnu.debuglto_.debug_info:00000000 chmempools.c.dae5b0de
                            *COM*:00000001 __gnu_lto_slim

NO UNDEFINED SYMBOLS
