ARM GAS  C:\Users\acest\AppData\Local\Temp\ccF3dXUz.s 			page 1


   1              		.cpu cortex-m4
   2              		.arch armv7e-m
   3              		.fpu softvfp
   4              		.eabi_attribute 20, 1
   5              		.eabi_attribute 21, 1
   6              		.eabi_attribute 23, 3
   7              		.eabi_attribute 24, 1
   8              		.eabi_attribute 25, 1
   9              		.eabi_attribute 26, 1
  10              		.eabi_attribute 30, 2
  11              		.eabi_attribute 34, 1
  12              		.eabi_attribute 18, 4
  13              		.file	"chmsg.c"
  14              		.file 1 "c:\\chibistudio\\tools\\gnu tools arm embedded\\10.3 2021.10\\arm-none-eabi\\include\\mac
  15              		.file 2 "c:\\chibistudio\\tools\\gnu tools arm embedded\\10.3 2021.10\\arm-none-eabi\\include\\sys
  16              		.file 3 "c:\\chibistudio\\chibios2111\\os\\common\\ports\\arm-common\\chtypes.h"
  17              		.file 4 "c:\\chibistudio\\chibios2111\\os\\rt\\include\\chearly.h"
  18              		.file 5 "c:\\chibistudio\\chibios2111\\os\\rt\\include\\chobjects.h"
  19              		.file 6 "c:\\chibistudio\\chibios2111\\os\\rt\\include\\chrfcu.h"
  20              		.file 7 "c:\\chibistudio\\chibios2111\\os\\rt\\include\\chdebug.h"
  21              		.file 8 "c:\\chibistudio\\chibios2111\\os\\rt\\include\\chtime.h"
  22              		.file 9 "c:\\chibistudio\\chibios2111\\os\\rt\\include\\chlists.h"
  23              		.file 10 "c:\\chibistudio\\chibios2111\\os\\common\\ports\\armv7-m-alt\\chcore.h"
  24              		.file 11 "c:\\chibistudio\\chibios2111\\os\\rt\\include\\chsem.h"
  25              		.file 12 "c:\\chibistudio\\chibios2111\\os\\rt\\include\\chmtx.h"
  26              		.file 13 "../../../../../ChibiStudio/chibios2111/os/rt/src/chmsg.c"
  27              		.file 14 "c:\\chibistudio\\chibios2111\\os\\rt\\include\\chmsg.h"
  28              		.file 15 "c:\\chibistudio\\chibios2111\\os\\rt\\include\\chsys.h"
  29              		.file 16 "c:\\chibistudio\\chibios2111\\os\\common\\ext\\arm\\cmsis\\core\\include\\cmsis_gcc.h"
  30              		.file 17 "c:\\chibistudio\\chibios2111\\os\\rt\\include\\chthreads.h"
  31              		.section	.gnu.debuglto_.debug_info,"e",%progbits
  32              	.Ldebug_info0:
  33              		.hidden	chmsg.c.d98941a5
  34              		.weak	chmsg.c.d98941a5
  35              	chmsg.c.d98941a5:
  36 0000 EC090000 		.4byte	0x9ec
  37 0004 0400     		.2byte	0x4
  38 0006 00000000 		.4byte	.Ldebug_abbrev0
  39 000a 04       		.byte	0x4
  40 000b 01       		.uleb128 0x1
  41 000c 52020000 		.4byte	.LASF130
  42 0010 0C       		.byte	0xc
  43 0011 BB040000 		.4byte	.LASF131
  44 0015 96010000 		.4byte	.LASF132
  45 0019 00000000 		.4byte	.Ldebug_line0
  46 001d 02       		.uleb128 0x2
  47 001e 04       		.byte	0x4
  48 001f 05       		.byte	0x5
  49 0020 696E7400 		.ascii	"int\000"
  50 0024 03       		.uleb128 0x3
  51 0025 04       		.byte	0x4
  52 0026 07       		.byte	0x7
  53 0027 06020000 		.4byte	.LASF0
  54 002b 03       		.uleb128 0x3
  55 002c 08       		.byte	0x8
  56 002d 05       		.byte	0x5
  57 002e D0000000 		.4byte	.LASF1
ARM GAS  C:\Users\acest\AppData\Local\Temp\ccF3dXUz.s 			page 2


  58 0032 03       		.uleb128 0x3
  59 0033 08       		.byte	0x8
  60 0034 04       		.byte	0x4
  61 0035 57050000 		.4byte	.LASF2
  62 0039 03       		.uleb128 0x3
  63 003a 01       		.byte	0x1
  64 003b 06       		.byte	0x6
  65 003c DE000000 		.4byte	.LASF3
  66 0040 04       		.uleb128 0x4
  67 0041 37000000 		.4byte	.LASF7
  68 0045 01       		.byte	0x1
  69 0046 2B       		.byte	0x2b
  70 0047 18       		.byte	0x18
  71 0048 4C000000 		.4byte	0x4c
  72 004c 03       		.uleb128 0x3
  73 004d 01       		.byte	0x1
  74 004e 08       		.byte	0x8
  75 004f 77040000 		.4byte	.LASF4
  76 0053 03       		.uleb128 0x3
  77 0054 02       		.byte	0x2
  78 0055 05       		.byte	0x5
  79 0056 9C040000 		.4byte	.LASF5
  80 005a 03       		.uleb128 0x3
  81 005b 02       		.byte	0x2
  82 005c 07       		.byte	0x7
  83 005d DD050000 		.4byte	.LASF6
  84 0061 04       		.uleb128 0x4
  85 0062 8F050000 		.4byte	.LASF8
  86 0066 01       		.byte	0x1
  87 0067 4D       		.byte	0x4d
  88 0068 18       		.byte	0x18
  89 0069 6D000000 		.4byte	0x6d
  90 006d 03       		.uleb128 0x3
  91 006e 04       		.byte	0x4
  92 006f 05       		.byte	0x5
  93 0070 22010000 		.4byte	.LASF9
  94 0074 04       		.uleb128 0x4
  95 0075 C2010000 		.4byte	.LASF10
  96 0079 01       		.byte	0x1
  97 007a 4F       		.byte	0x4f
  98 007b 19       		.byte	0x19
  99 007c 80000000 		.4byte	0x80
 100 0080 03       		.uleb128 0x3
 101 0081 04       		.byte	0x4
 102 0082 07       		.byte	0x7
 103 0083 21020000 		.4byte	.LASF11
 104 0087 04       		.uleb128 0x4
 105 0088 34040000 		.4byte	.LASF12
 106 008c 01       		.byte	0x1
 107 008d 69       		.byte	0x69
 108 008e 19       		.byte	0x19
 109 008f 93000000 		.4byte	0x93
 110 0093 03       		.uleb128 0x3
 111 0094 08       		.byte	0x8
 112 0095 07       		.byte	0x7
 113 0096 7D000000 		.4byte	.LASF13
 114 009a 04       		.uleb128 0x4
ARM GAS  C:\Users\acest\AppData\Local\Temp\ccF3dXUz.s 			page 3


 115 009b 4E060000 		.4byte	.LASF14
 116 009f 02       		.byte	0x2
 117 00a0 18       		.byte	0x18
 118 00a1 13       		.byte	0x13
 119 00a2 40000000 		.4byte	0x40
 120 00a6 04       		.uleb128 0x4
 121 00a7 6F040000 		.4byte	.LASF15
 122 00ab 02       		.byte	0x2
 123 00ac 2C       		.byte	0x2c
 124 00ad 13       		.byte	0x13
 125 00ae 61000000 		.4byte	0x61
 126 00b2 04       		.uleb128 0x4
 127 00b3 2C050000 		.4byte	.LASF16
 128 00b7 02       		.byte	0x2
 129 00b8 30       		.byte	0x30
 130 00b9 14       		.byte	0x14
 131 00ba 74000000 		.4byte	0x74
 132 00be 04       		.uleb128 0x4
 133 00bf EF030000 		.4byte	.LASF17
 134 00c3 02       		.byte	0x2
 135 00c4 3C       		.byte	0x3c
 136 00c5 14       		.byte	0x14
 137 00c6 87000000 		.4byte	0x87
 138 00ca 05       		.uleb128 0x5
 139 00cb BE000000 		.4byte	0xbe
 140 00cf 04       		.uleb128 0x4
 141 00d0 3C050000 		.4byte	.LASF18
 142 00d4 03       		.byte	0x3
 143 00d5 48       		.byte	0x48
 144 00d6 1D       		.byte	0x1d
 145 00d7 BE000000 		.4byte	0xbe
 146 00db 04       		.uleb128 0x4
 147 00dc 81030000 		.4byte	.LASF19
 148 00e0 04       		.byte	0x4
 149 00e1 50       		.byte	0x50
 150 00e2 19       		.byte	0x19
 151 00e3 CF000000 		.4byte	0xcf
 152 00e7 04       		.uleb128 0x4
 153 00e8 50030000 		.4byte	.LASF20
 154 00ec 04       		.byte	0x4
 155 00ed 53       		.byte	0x53
 156 00ee 19       		.byte	0x19
 157 00ef 9A000000 		.4byte	0x9a
 158 00f3 04       		.uleb128 0x4
 159 00f4 35010000 		.4byte	.LASF21
 160 00f8 04       		.byte	0x4
 161 00f9 54       		.byte	0x54
 162 00fa 19       		.byte	0x19
 163 00fb 9A000000 		.4byte	0x9a
 164 00ff 04       		.uleb128 0x4
 165 0100 49040000 		.4byte	.LASF22
 166 0104 04       		.byte	0x4
 167 0105 55       		.byte	0x55
 168 0106 19       		.byte	0x19
 169 0107 9A000000 		.4byte	0x9a
 170 010b 04       		.uleb128 0x4
 171 010c 51040000 		.4byte	.LASF23
ARM GAS  C:\Users\acest\AppData\Local\Temp\ccF3dXUz.s 			page 4


 172 0110 04       		.byte	0x4
 173 0111 57       		.byte	0x57
 174 0112 19       		.byte	0x19
 175 0113 B2000000 		.4byte	0xb2
 176 0117 04       		.uleb128 0x4
 177 0118 41030000 		.4byte	.LASF24
 178 011c 04       		.byte	0x4
 179 011d 58       		.byte	0x58
 180 011e 19       		.byte	0x19
 181 011f A6000000 		.4byte	0xa6
 182 0123 04       		.uleb128 0x4
 183 0124 6E030000 		.4byte	.LASF25
 184 0128 04       		.byte	0x4
 185 0129 5A       		.byte	0x5a
 186 012a 19       		.byte	0x19
 187 012b B2000000 		.4byte	0xb2
 188 012f 04       		.uleb128 0x4
 189 0130 00020000 		.4byte	.LASF26
 190 0134 04       		.byte	0x4
 191 0135 5C       		.byte	0x5c
 192 0136 19       		.byte	0x19
 193 0137 A6000000 		.4byte	0xa6
 194 013b 04       		.uleb128 0x4
 195 013c 3F040000 		.4byte	.LASF27
 196 0140 04       		.byte	0x4
 197 0141 80       		.byte	0x80
 198 0142 12       		.byte	0x12
 199 0143 24000000 		.4byte	0x24
 200 0147 04       		.uleb128 0x4
 201 0148 76050000 		.4byte	.LASF28
 202 014c 04       		.byte	0x4
 203 014d 85       		.byte	0x85
 204 014e 1A       		.byte	0x1a
 205 014f 53010000 		.4byte	0x153
 206 0153 06       		.uleb128 0x6
 207 0154 30030000 		.4byte	.LASF43
 208 0158 70       		.byte	0x70
 209 0159 05       		.byte	0x5
 210 015a 9C       		.byte	0x9c
 211 015b 08       		.byte	0x8
 212 015c 36020000 		.4byte	0x236
 213 0160 07       		.uleb128 0x7
 214 0161 68647200 		.ascii	"hdr\000"
 215 0165 05       		.byte	0x5
 216 0166 AD       		.byte	0xad
 217 0167 05       		.byte	0x5
 218 0168 00060000 		.4byte	0x600
 219 016c 00       		.byte	0
 220 016d 07       		.uleb128 0x7
 221 016e 63747800 		.ascii	"ctx\000"
 222 0172 05       		.byte	0x5
 223 0173 B1       		.byte	0xb1
 224 0174 21       		.byte	0x21
 225 0175 4E050000 		.4byte	0x54e
 226 0179 0C       		.byte	0xc
 227 017a 08       		.uleb128 0x8
 228 017b 33020000 		.4byte	.LASF29
ARM GAS  C:\Users\acest\AppData\Local\Temp\ccF3dXUz.s 			page 5


 229 017f 05       		.byte	0x5
 230 0180 B6       		.byte	0xb6
 231 0181 21       		.byte	0x21
 232 0182 77030000 		.4byte	0x377
 233 0186 38       		.byte	0x38
 234 0187 08       		.uleb128 0x8
 235 0188 4C050000 		.4byte	.LASF30
 236 018c 05       		.byte	0x5
 237 018d BB       		.byte	0xbb
 238 018e 22       		.byte	0x22
 239 018f 0D070000 		.4byte	0x70d
 240 0193 40       		.byte	0x40
 241 0194 08       		.uleb128 0x8
 242 0195 4D020000 		.4byte	.LASF31
 243 0199 05       		.byte	0x5
 244 019a C0       		.byte	0xc0
 245 019b 22       		.byte	0x22
 246 019c 0F030000 		.4byte	0x30f
 247 01a0 44       		.byte	0x44
 248 01a1 08       		.uleb128 0x8
 249 01a2 63050000 		.4byte	.LASF32
 250 01a6 05       		.byte	0x5
 251 01a7 C9       		.byte	0xc9
 252 01a8 22       		.byte	0x22
 253 01a9 7E050000 		.4byte	0x57e
 254 01ad 48       		.byte	0x48
 255 01ae 08       		.uleb128 0x8
 256 01af 1C010000 		.4byte	.LASF33
 257 01b3 05       		.byte	0x5
 258 01b4 CE       		.byte	0xce
 259 01b5 21       		.byte	0x21
 260 01b6 F3000000 		.4byte	0xf3
 261 01ba 4C       		.byte	0x4c
 262 01bb 08       		.uleb128 0x8
 263 01bc 56060000 		.4byte	.LASF34
 264 01c0 05       		.byte	0x5
 265 01c1 D2       		.byte	0xd2
 266 01c2 21       		.byte	0x21
 267 01c3 E7000000 		.4byte	0xe7
 268 01c7 4D       		.byte	0x4d
 269 01c8 08       		.uleb128 0x8
 270 01c9 CB000000 		.4byte	.LASF35
 271 01cd 05       		.byte	0x5
 272 01ce D7       		.byte	0xd7
 273 01cf 21       		.byte	0x21
 274 01d0 FF000000 		.4byte	0xff
 275 01d4 4E       		.byte	0x4e
 276 01d5 09       		.uleb128 0x9
 277 01d6 7500     		.ascii	"u\000"
 278 01d8 05       		.byte	0x5
 279 01d9 2801     		.2byte	0x128
 280 01db 21       		.byte	0x21
 281 01dc 2E060000 		.4byte	0x62e
 282 01e0 50       		.byte	0x50
 283 01e1 0A       		.uleb128 0xa
 284 01e2 D2010000 		.4byte	.LASF36
 285 01e6 05       		.byte	0x5
ARM GAS  C:\Users\acest\AppData\Local\Temp\ccF3dXUz.s 			page 6


 286 01e7 2D01     		.2byte	0x12d
 287 01e9 21       		.byte	0x21
 288 01ea 4A030000 		.4byte	0x34a
 289 01ee 54       		.byte	0x54
 290 01ef 0A       		.uleb128 0xa
 291 01f0 13010000 		.4byte	.LASF37
 292 01f4 05       		.byte	0x5
 293 01f5 3301     		.2byte	0x133
 294 01f7 21       		.byte	0x21
 295 01f8 77030000 		.4byte	0x377
 296 01fc 58       		.byte	0x58
 297 01fd 0A       		.uleb128 0xa
 298 01fe 47030000 		.4byte	.LASF38
 299 0202 05       		.byte	0x5
 300 0203 3901     		.2byte	0x139
 301 0205 21       		.byte	0x21
 302 0206 23010000 		.4byte	0x123
 303 020a 60       		.byte	0x60
 304 020b 0A       		.uleb128 0xa
 305 020c 9B060000 		.4byte	.LASF39
 306 0210 05       		.byte	0x5
 307 0211 4001     		.2byte	0x140
 308 0213 22       		.byte	0x22
 309 0214 07070000 		.4byte	0x707
 310 0218 64       		.byte	0x64
 311 0219 0A       		.uleb128 0xa
 312 021a A6030000 		.4byte	.LASF40
 313 021e 05       		.byte	0x5
 314 021f 4401     		.2byte	0x144
 315 0221 21       		.byte	0x21
 316 0222 0B010000 		.4byte	0x10b
 317 0226 68       		.byte	0x68
 318 0227 0A       		.uleb128 0xa
 319 0228 17030000 		.4byte	.LASF41
 320 022c 05       		.byte	0x5
 321 022d 4B01     		.2byte	0x14b
 322 022f 22       		.byte	0x22
 323 0230 84050000 		.4byte	0x584
 324 0234 6C       		.byte	0x6c
 325 0235 00       		.byte	0
 326 0236 04       		.uleb128 0x4
 327 0237 C7050000 		.4byte	.LASF42
 328 023b 04       		.byte	0x4
 329 023c 8A       		.byte	0x8a
 330 023d 1F       		.byte	0x1f
 331 023e 42020000 		.4byte	0x242
 332 0242 0B       		.uleb128 0xb
 333 0243 B8050000 		.4byte	.LASF44
 334 0247 B0       		.byte	0xb0
 335 0248 05       		.byte	0x5
 336 0249 8A01     		.2byte	0x18a
 337 024b 08       		.byte	0x8
 338 024c C1020000 		.4byte	0x2c1
 339 0250 0A       		.uleb128 0xa
 340 0251 3A060000 		.4byte	.LASF45
 341 0255 05       		.byte	0x5
 342 0256 8E01     		.2byte	0x18e
ARM GAS  C:\Users\acest\AppData\Local\Temp\ccF3dXUz.s 			page 7


 343 0258 21       		.byte	0x21
 344 0259 3E070000 		.4byte	0x73e
 345 025d 00       		.byte	0
 346 025e 0A       		.uleb128 0xa
 347 025f 00010000 		.4byte	.LASF46
 348 0263 05       		.byte	0x5
 349 0264 9201     		.2byte	0x192
 350 0266 21       		.byte	0x21
 351 0267 BB050000 		.4byte	0x5bb
 352 026b 10       		.byte	0x10
 353 026c 0A       		.uleb128 0xa
 354 026d D5050000 		.4byte	.LASF47
 355 0271 05       		.byte	0x5
 356 0272 9901     		.2byte	0x199
 357 0274 21       		.byte	0x21
 358 0275 E2050000 		.4byte	0x5e2
 359 0279 28       		.byte	0x28
 360 027a 0A       		.uleb128 0xa
 361 027b 61000000 		.4byte	.LASF48
 362 027f 05       		.byte	0x5
 363 0280 9E01     		.2byte	0x19e
 364 0282 21       		.byte	0x21
 365 0283 3B010000 		.4byte	0x13b
 366 0287 30       		.byte	0x30
 367 0288 0A       		.uleb128 0xa
 368 0289 0D000000 		.4byte	.LASF49
 369 028d 05       		.byte	0x5
 370 028e A401     		.2byte	0x1a4
 371 0290 21       		.byte	0x21
 372 0291 E8020000 		.4byte	0x2e8
 373 0295 34       		.byte	0x34
 374 0296 0A       		.uleb128 0xa
 375 0297 6F050000 		.4byte	.LASF50
 376 029b 05       		.byte	0x5
 377 029c A901     		.2byte	0x1a9
 378 029e 22       		.byte	0x22
 379 029f B2070000 		.4byte	0x7b2
 380 02a3 38       		.byte	0x38
 381 02a4 0A       		.uleb128 0xa
 382 02a5 9D000000 		.4byte	.LASF51
 383 02a9 05       		.byte	0x5
 384 02aa AD01     		.2byte	0x1ad
 385 02ac 21       		.byte	0x21
 386 02ad 47010000 		.4byte	0x147
 387 02b1 3C       		.byte	0x3c
 388 02b2 09       		.uleb128 0x9
 389 02b3 64626700 		.ascii	"dbg\000"
 390 02b7 05       		.byte	0x5
 391 02b8 B101     		.2byte	0x1b1
 392 02ba 21       		.byte	0x21
 393 02bb 26030000 		.4byte	0x326
 394 02bf AC       		.byte	0xac
 395 02c0 00       		.byte	0
 396 02c1 04       		.uleb128 0x4
 397 02c2 AF030000 		.4byte	.LASF52
 398 02c6 06       		.byte	0x6
 399 02c7 3F       		.byte	0x3f
ARM GAS  C:\Users\acest\AppData\Local\Temp\ccF3dXUz.s 			page 8


 400 02c8 12       		.byte	0x12
 401 02c9 B2000000 		.4byte	0xb2
 402 02cd 06       		.uleb128 0x6
 403 02ce 3E010000 		.4byte	.LASF53
 404 02d2 04       		.byte	0x4
 405 02d3 06       		.byte	0x6
 406 02d4 44       		.byte	0x44
 407 02d5 10       		.byte	0x10
 408 02d6 E8020000 		.4byte	0x2e8
 409 02da 08       		.uleb128 0x8
 410 02db CD010000 		.4byte	.LASF54
 411 02df 06       		.byte	0x6
 412 02e0 48       		.byte	0x48
 413 02e1 21       		.byte	0x21
 414 02e2 C1020000 		.4byte	0x2c1
 415 02e6 00       		.byte	0
 416 02e7 00       		.byte	0
 417 02e8 04       		.uleb128 0x4
 418 02e9 85040000 		.4byte	.LASF55
 419 02ed 06       		.byte	0x6
 420 02ee 49       		.byte	0x49
 421 02ef 03       		.byte	0x3
 422 02f0 CD020000 		.4byte	0x2cd
 423 02f4 06       		.uleb128 0x6
 424 02f5 59040000 		.4byte	.LASF56
 425 02f9 04       		.byte	0x4
 426 02fa 07       		.byte	0x7
 427 02fb 3E       		.byte	0x3e
 428 02fc 10       		.byte	0x10
 429 02fd 0F030000 		.4byte	0x30f
 430 0301 08       		.uleb128 0x8
 431 0302 A7050000 		.4byte	.LASF57
 432 0306 07       		.byte	0x7
 433 0307 46       		.byte	0x46
 434 0308 24       		.byte	0x24
 435 0309 15030000 		.4byte	0x315
 436 030d 00       		.byte	0
 437 030e 00       		.byte	0
 438 030f 0C       		.uleb128 0xc
 439 0310 04       		.byte	0x4
 440 0311 21030000 		.4byte	0x321
 441 0315 05       		.uleb128 0x5
 442 0316 0F030000 		.4byte	0x30f
 443 031a 03       		.uleb128 0x3
 444 031b 01       		.byte	0x1
 445 031c 08       		.byte	0x8
 446 031d 6A050000 		.4byte	.LASF58
 447 0321 0D       		.uleb128 0xd
 448 0322 1A030000 		.4byte	0x31a
 449 0326 04       		.uleb128 0x4
 450 0327 52000000 		.4byte	.LASF59
 451 032b 07       		.byte	0x7
 452 032c 51       		.byte	0x51
 453 032d 03       		.byte	0x3
 454 032e F4020000 		.4byte	0x2f4
 455 0332 04       		.uleb128 0x4
 456 0333 85050000 		.4byte	.LASF60
ARM GAS  C:\Users\acest\AppData\Local\Temp\ccF3dXUz.s 			page 9


 457 0337 08       		.byte	0x8
 458 0338 6D       		.byte	0x6d
 459 0339 12       		.byte	0x12
 460 033a B2000000 		.4byte	0xb2
 461 033e 04       		.uleb128 0x4
 462 033f F2010000 		.4byte	.LASF61
 463 0343 08       		.byte	0x8
 464 0344 79       		.byte	0x79
 465 0345 12       		.byte	0x12
 466 0346 B2000000 		.4byte	0xb2
 467 034a 04       		.uleb128 0x4
 468 034b E5030000 		.4byte	.LASF62
 469 034f 09       		.byte	0x9
 470 0350 32       		.byte	0x32
 471 0351 18       		.byte	0x18
 472 0352 56030000 		.4byte	0x356
 473 0356 06       		.uleb128 0x6
 474 0357 58030000 		.4byte	.LASF63
 475 035b 04       		.byte	0x4
 476 035c 09       		.byte	0x9
 477 035d 38       		.byte	0x38
 478 035e 08       		.byte	0x8
 479 035f 71030000 		.4byte	0x371
 480 0363 08       		.uleb128 0x8
 481 0364 C6000000 		.4byte	.LASF64
 482 0368 09       		.byte	0x9
 483 0369 39       		.byte	0x39
 484 036a 1A       		.byte	0x1a
 485 036b 71030000 		.4byte	0x371
 486 036f 00       		.byte	0
 487 0370 00       		.byte	0
 488 0371 0C       		.uleb128 0xc
 489 0372 04       		.byte	0x4
 490 0373 4A030000 		.4byte	0x34a
 491 0377 04       		.uleb128 0x4
 492 0378 3A020000 		.4byte	.LASF65
 493 037c 09       		.byte	0x9
 494 037d 3F       		.byte	0x3f
 495 037e 19       		.byte	0x19
 496 037f 83030000 		.4byte	0x383
 497 0383 06       		.uleb128 0x6
 498 0384 46010000 		.4byte	.LASF66
 499 0388 08       		.byte	0x8
 500 0389 09       		.byte	0x9
 501 038a 45       		.byte	0x45
 502 038b 08       		.byte	0x8
 503 038c AB030000 		.4byte	0x3ab
 504 0390 08       		.uleb128 0x8
 505 0391 C6000000 		.4byte	.LASF64
 506 0395 09       		.byte	0x9
 507 0396 46       		.byte	0x46
 508 0397 1A       		.byte	0x1a
 509 0398 AB030000 		.4byte	0x3ab
 510 039c 00       		.byte	0
 511 039d 08       		.uleb128 0x8
 512 039e 41000000 		.4byte	.LASF67
 513 03a2 09       		.byte	0x9
ARM GAS  C:\Users\acest\AppData\Local\Temp\ccF3dXUz.s 			page 10


 514 03a3 47       		.byte	0x47
 515 03a4 1A       		.byte	0x1a
 516 03a5 AB030000 		.4byte	0x3ab
 517 03a9 04       		.byte	0x4
 518 03aa 00       		.byte	0
 519 03ab 0C       		.uleb128 0xc
 520 03ac 04       		.byte	0x4
 521 03ad 77030000 		.4byte	0x377
 522 03b1 04       		.uleb128 0x4
 523 03b2 69000000 		.4byte	.LASF68
 524 03b6 09       		.byte	0x9
 525 03b7 4E       		.byte	0x4e
 526 03b8 22       		.byte	0x22
 527 03b9 BD030000 		.4byte	0x3bd
 528 03bd 06       		.uleb128 0x6
 529 03be F0050000 		.4byte	.LASF69
 530 03c2 0C       		.byte	0xc
 531 03c3 09       		.byte	0x9
 532 03c4 55       		.byte	0x55
 533 03c5 08       		.byte	0x8
 534 03c6 F2030000 		.4byte	0x3f2
 535 03ca 08       		.uleb128 0x8
 536 03cb C6000000 		.4byte	.LASF64
 537 03cf 09       		.byte	0x9
 538 03d0 56       		.byte	0x56
 539 03d1 1A       		.byte	0x1a
 540 03d2 F2030000 		.4byte	0x3f2
 541 03d6 00       		.byte	0
 542 03d7 08       		.uleb128 0x8
 543 03d8 41000000 		.4byte	.LASF67
 544 03dc 09       		.byte	0x9
 545 03dd 57       		.byte	0x57
 546 03de 1A       		.byte	0x1a
 547 03df F2030000 		.4byte	0x3f2
 548 03e3 04       		.byte	0x4
 549 03e4 08       		.uleb128 0x8
 550 03e5 27040000 		.4byte	.LASF70
 551 03e9 09       		.byte	0x9
 552 03ea 58       		.byte	0x58
 553 03eb 19       		.byte	0x19
 554 03ec 0B010000 		.4byte	0x10b
 555 03f0 08       		.byte	0x8
 556 03f1 00       		.byte	0
 557 03f2 0C       		.uleb128 0xc
 558 03f3 04       		.byte	0x4
 559 03f4 B1030000 		.4byte	0x3b1
 560 03f8 04       		.uleb128 0x4
 561 03f9 6A010000 		.4byte	.LASF71
 562 03fd 09       		.byte	0x9
 563 03fe 5F       		.byte	0x5f
 564 03ff 1E       		.byte	0x1e
 565 0400 04040000 		.4byte	0x404
 566 0404 06       		.uleb128 0x6
 567 0405 EA000000 		.4byte	.LASF72
 568 0409 0C       		.byte	0xc
 569 040a 09       		.byte	0x9
 570 040b 64       		.byte	0x64
ARM GAS  C:\Users\acest\AppData\Local\Temp\ccF3dXUz.s 			page 11


 571 040c 08       		.byte	0x8
 572 040d 39040000 		.4byte	0x439
 573 0411 08       		.uleb128 0x8
 574 0412 C6000000 		.4byte	.LASF64
 575 0416 09       		.byte	0x9
 576 0417 65       		.byte	0x65
 577 0418 1A       		.byte	0x1a
 578 0419 39040000 		.4byte	0x439
 579 041d 00       		.byte	0
 580 041e 08       		.uleb128 0x8
 581 041f 41000000 		.4byte	.LASF67
 582 0423 09       		.byte	0x9
 583 0424 66       		.byte	0x66
 584 0425 1A       		.byte	0x1a
 585 0426 39040000 		.4byte	0x439
 586 042a 04       		.byte	0x4
 587 042b 08       		.uleb128 0x8
 588 042c 18000000 		.4byte	.LASF73
 589 0430 09       		.byte	0x9
 590 0431 67       		.byte	0x67
 591 0432 19       		.byte	0x19
 592 0433 3E030000 		.4byte	0x33e
 593 0437 08       		.byte	0x8
 594 0438 00       		.byte	0
 595 0439 0C       		.uleb128 0xc
 596 043a 04       		.byte	0x4
 597 043b F8030000 		.4byte	0x3f8
 598 043f 0B       		.uleb128 0xb
 599 0440 1B040000 		.4byte	.LASF74
 600 0444 20       		.byte	0x20
 601 0445 0A       		.byte	0xa
 602 0446 9301     		.2byte	0x193
 603 0448 08       		.byte	0x8
 604 0449 B9040000 		.4byte	0x4b9
 605 044d 09       		.uleb128 0x9
 606 044e 723000   		.ascii	"r0\000"
 607 0451 0A       		.byte	0xa
 608 0452 9401     		.2byte	0x194
 609 0454 19       		.byte	0x19
 610 0455 B2000000 		.4byte	0xb2
 611 0459 00       		.byte	0
 612 045a 09       		.uleb128 0x9
 613 045b 723100   		.ascii	"r1\000"
 614 045e 0A       		.byte	0xa
 615 045f 9501     		.2byte	0x195
 616 0461 19       		.byte	0x19
 617 0462 B2000000 		.4byte	0xb2
 618 0466 04       		.byte	0x4
 619 0467 09       		.uleb128 0x9
 620 0468 723200   		.ascii	"r2\000"
 621 046b 0A       		.byte	0xa
 622 046c 9601     		.2byte	0x196
 623 046e 19       		.byte	0x19
 624 046f B2000000 		.4byte	0xb2
 625 0473 08       		.byte	0x8
 626 0474 09       		.uleb128 0x9
 627 0475 723300   		.ascii	"r3\000"
ARM GAS  C:\Users\acest\AppData\Local\Temp\ccF3dXUz.s 			page 12


 628 0478 0A       		.byte	0xa
 629 0479 9701     		.2byte	0x197
 630 047b 19       		.byte	0x19
 631 047c B2000000 		.4byte	0xb2
 632 0480 0C       		.byte	0xc
 633 0481 09       		.uleb128 0x9
 634 0482 72313200 		.ascii	"r12\000"
 635 0486 0A       		.byte	0xa
 636 0487 9801     		.2byte	0x198
 637 0489 19       		.byte	0x19
 638 048a B2000000 		.4byte	0xb2
 639 048e 10       		.byte	0x10
 640 048f 0A       		.uleb128 0xa
 641 0490 13020000 		.4byte	.LASF75
 642 0494 0A       		.byte	0xa
 643 0495 9901     		.2byte	0x199
 644 0497 19       		.byte	0x19
 645 0498 B2000000 		.4byte	0xb2
 646 049c 14       		.byte	0x14
 647 049d 09       		.uleb128 0x9
 648 049e 706300   		.ascii	"pc\000"
 649 04a1 0A       		.byte	0xa
 650 04a2 9A01     		.2byte	0x19a
 651 04a4 19       		.byte	0x19
 652 04a5 B2000000 		.4byte	0xb2
 653 04a9 18       		.byte	0x18
 654 04aa 0A       		.uleb128 0xa
 655 04ab AF040000 		.4byte	.LASF76
 656 04af 0A       		.byte	0xa
 657 04b0 9B01     		.2byte	0x19b
 658 04b2 19       		.byte	0x19
 659 04b3 B2000000 		.4byte	0xb2
 660 04b7 1C       		.byte	0x1c
 661 04b8 00       		.byte	0
 662 04b9 0B       		.uleb128 0xb
 663 04ba 46000000 		.4byte	.LASF77
 664 04be 28       		.byte	0x28
 665 04bf 0A       		.byte	0xa
 666 04c0 B701     		.2byte	0x1b7
 667 04c2 08       		.byte	0x8
 668 04c3 4E050000 		.4byte	0x54e
 669 04c7 0A       		.uleb128 0xa
 670 04c8 28030000 		.4byte	.LASF78
 671 04cc 0A       		.byte	0xa
 672 04cd B801     		.2byte	0x1b8
 673 04cf 19       		.byte	0x19
 674 04d0 B2000000 		.4byte	0xb2
 675 04d4 00       		.byte	0
 676 04d5 09       		.uleb128 0x9
 677 04d6 723400   		.ascii	"r4\000"
 678 04d9 0A       		.byte	0xa
 679 04da B901     		.2byte	0x1b9
 680 04dc 19       		.byte	0x19
 681 04dd B2000000 		.4byte	0xb2
 682 04e1 04       		.byte	0x4
 683 04e2 09       		.uleb128 0x9
 684 04e3 723500   		.ascii	"r5\000"
ARM GAS  C:\Users\acest\AppData\Local\Temp\ccF3dXUz.s 			page 13


 685 04e6 0A       		.byte	0xa
 686 04e7 BA01     		.2byte	0x1ba
 687 04e9 19       		.byte	0x19
 688 04ea B2000000 		.4byte	0xb2
 689 04ee 08       		.byte	0x8
 690 04ef 09       		.uleb128 0x9
 691 04f0 723600   		.ascii	"r6\000"
 692 04f3 0A       		.byte	0xa
 693 04f4 BB01     		.2byte	0x1bb
 694 04f6 19       		.byte	0x19
 695 04f7 B2000000 		.4byte	0xb2
 696 04fb 0C       		.byte	0xc
 697 04fc 09       		.uleb128 0x9
 698 04fd 723700   		.ascii	"r7\000"
 699 0500 0A       		.byte	0xa
 700 0501 BC01     		.2byte	0x1bc
 701 0503 19       		.byte	0x19
 702 0504 B2000000 		.4byte	0xb2
 703 0508 10       		.byte	0x10
 704 0509 09       		.uleb128 0x9
 705 050a 723800   		.ascii	"r8\000"
 706 050d 0A       		.byte	0xa
 707 050e BD01     		.2byte	0x1bd
 708 0510 19       		.byte	0x19
 709 0511 B2000000 		.4byte	0xb2
 710 0515 14       		.byte	0x14
 711 0516 09       		.uleb128 0x9
 712 0517 723900   		.ascii	"r9\000"
 713 051a 0A       		.byte	0xa
 714 051b BE01     		.2byte	0x1be
 715 051d 19       		.byte	0x19
 716 051e B2000000 		.4byte	0xb2
 717 0522 18       		.byte	0x18
 718 0523 09       		.uleb128 0x9
 719 0524 72313000 		.ascii	"r10\000"
 720 0528 0A       		.byte	0xa
 721 0529 BF01     		.2byte	0x1bf
 722 052b 19       		.byte	0x19
 723 052c B2000000 		.4byte	0xb2
 724 0530 1C       		.byte	0x1c
 725 0531 09       		.uleb128 0x9
 726 0532 72313100 		.ascii	"r11\000"
 727 0536 0A       		.byte	0xa
 728 0537 C001     		.2byte	0x1c0
 729 0539 19       		.byte	0x19
 730 053a B2000000 		.4byte	0xb2
 731 053e 20       		.byte	0x20
 732 053f 0A       		.uleb128 0xa
 733 0540 7A030000 		.4byte	.LASF79
 734 0544 0A       		.byte	0xa
 735 0545 C401     		.2byte	0x1c4
 736 0547 19       		.byte	0x19
 737 0548 B2000000 		.4byte	0xb2
 738 054c 24       		.byte	0x24
 739 054d 00       		.byte	0
 740 054e 0B       		.uleb128 0xb
 741 054f 0E040000 		.4byte	.LASF80
ARM GAS  C:\Users\acest\AppData\Local\Temp\ccF3dXUz.s 			page 14


 742 0553 2C       		.byte	0x2c
 743 0554 0A       		.byte	0xa
 744 0555 DF01     		.2byte	0x1df
 745 0557 08       		.byte	0x8
 746 0558 78050000 		.4byte	0x578
 747 055c 09       		.uleb128 0x9
 748 055d 737000   		.ascii	"sp\000"
 749 0560 0A       		.byte	0xa
 750 0561 E001     		.2byte	0x1e0
 751 0563 1A       		.byte	0x1a
 752 0564 78050000 		.4byte	0x578
 753 0568 00       		.byte	0
 754 0569 0A       		.uleb128 0xa
 755 056a 52050000 		.4byte	.LASF81
 756 056e 0A       		.byte	0xa
 757 056f E101     		.2byte	0x1e1
 758 0571 19       		.byte	0x19
 759 0572 B9040000 		.4byte	0x4b9
 760 0576 04       		.byte	0x4
 761 0577 00       		.byte	0
 762 0578 0C       		.uleb128 0xc
 763 0579 04       		.byte	0x4
 764 057a 3F040000 		.4byte	0x43f
 765 057e 0C       		.uleb128 0xc
 766 057f 04       		.byte	0x4
 767 0580 DB000000 		.4byte	0xdb
 768 0584 0E       		.uleb128 0xe
 769 0585 04       		.byte	0x4
 770 0586 06       		.uleb128 0x6
 771 0587 CE030000 		.4byte	.LASF82
 772 058b 18       		.byte	0x18
 773 058c 05       		.byte	0x5
 774 058d 64       		.byte	0x64
 775 058e 10       		.byte	0x10
 776 058f BB050000 		.4byte	0x5bb
 777 0593 08       		.uleb128 0x8
 778 0594 7F050000 		.4byte	.LASF83
 779 0598 05       		.byte	0x5
 780 0599 68       		.byte	0x68
 781 059a 21       		.byte	0x21
 782 059b F8030000 		.4byte	0x3f8
 783 059f 00       		.byte	0
 784 05a0 08       		.uleb128 0x8
 785 05a1 A6040000 		.4byte	.LASF84
 786 05a5 05       		.byte	0x5
 787 05a6 73       		.byte	0x73
 788 05a7 21       		.byte	0x21
 789 05a8 32030000 		.4byte	0x332
 790 05ac 0C       		.byte	0xc
 791 05ad 08       		.uleb128 0x8
 792 05ae 9C030000 		.4byte	.LASF85
 793 05b2 05       		.byte	0x5
 794 05b3 79       		.byte	0x79
 795 05b4 21       		.byte	0x21
 796 05b5 CA000000 		.4byte	0xca
 797 05b9 10       		.byte	0x10
 798 05ba 00       		.byte	0
ARM GAS  C:\Users\acest\AppData\Local\Temp\ccF3dXUz.s 			page 15


 799 05bb 04       		.uleb128 0x4
 800 05bc B0000000 		.4byte	.LASF86
 801 05c0 05       		.byte	0x5
 802 05c1 7B       		.byte	0x7b
 803 05c2 03       		.byte	0x3
 804 05c3 86050000 		.4byte	0x586
 805 05c7 06       		.uleb128 0x6
 806 05c8 8A010000 		.4byte	.LASF87
 807 05cc 08       		.byte	0x8
 808 05cd 05       		.byte	0x5
 809 05ce 80       		.byte	0x80
 810 05cf 10       		.byte	0x10
 811 05d0 E2050000 		.4byte	0x5e2
 812 05d4 08       		.uleb128 0x8
 813 05d5 4F010000 		.4byte	.LASF88
 814 05d9 05       		.byte	0x5
 815 05da 84       		.byte	0x84
 816 05db 21       		.byte	0x21
 817 05dc 77030000 		.4byte	0x377
 818 05e0 00       		.byte	0
 819 05e1 00       		.byte	0
 820 05e2 04       		.uleb128 0x4
 821 05e3 21050000 		.4byte	.LASF89
 822 05e7 05       		.byte	0x5
 823 05e8 85       		.byte	0x85
 824 05e9 03       		.byte	0x3
 825 05ea C7050000 		.4byte	0x5c7
 826 05ee 04       		.uleb128 0x4
 827 05ef BB030000 		.4byte	.LASF90
 828 05f3 05       		.byte	0x5
 829 05f4 8A       		.byte	0x8a
 830 05f5 14       		.byte	0x14
 831 05f6 FA050000 		.4byte	0x5fa
 832 05fa 0C       		.uleb128 0xc
 833 05fb 04       		.byte	0x4
 834 05fc 47010000 		.4byte	0x147
 835 0600 0F       		.uleb128 0xf
 836 0601 0C       		.byte	0xc
 837 0602 05       		.byte	0x5
 838 0603 A0       		.byte	0xa0
 839 0604 03       		.byte	0x3
 840 0605 2E060000 		.4byte	0x62e
 841 0609 10       		.uleb128 0x10
 842 060a 7D060000 		.4byte	.LASF91
 843 060e 05       		.byte	0x5
 844 060f A4       		.byte	0xa4
 845 0610 21       		.byte	0x21
 846 0611 4A030000 		.4byte	0x34a
 847 0615 10       		.uleb128 0x10
 848 0616 4F010000 		.4byte	.LASF88
 849 061a 05       		.byte	0x5
 850 061b A8       		.byte	0xa8
 851 061c 21       		.byte	0x21
 852 061d 77030000 		.4byte	0x377
 853 0621 10       		.uleb128 0x10
 854 0622 B1050000 		.4byte	.LASF92
 855 0626 05       		.byte	0x5
ARM GAS  C:\Users\acest\AppData\Local\Temp\ccF3dXUz.s 			page 16


 856 0627 AC       		.byte	0xac
 857 0628 21       		.byte	0x21
 858 0629 B1030000 		.4byte	0x3b1
 859 062d 00       		.byte	0
 860 062e 0F       		.uleb128 0xf
 861 062f 04       		.byte	0x4
 862 0630 05       		.byte	0x5
 863 0631 EB       		.byte	0xeb
 864 0632 03       		.byte	0x3
 865 0633 9E060000 		.4byte	0x69e
 866 0637 10       		.uleb128 0x10
 867 0638 1E000000 		.4byte	.LASF93
 868 063c 05       		.byte	0x5
 869 063d F2       		.byte	0xf2
 870 063e 21       		.byte	0x21
 871 063f 17010000 		.4byte	0x117
 872 0643 10       		.uleb128 0x10
 873 0644 94000000 		.4byte	.LASF94
 874 0648 05       		.byte	0x5
 875 0649 F9       		.byte	0xf9
 876 064a 21       		.byte	0x21
 877 064b 17010000 		.4byte	0x117
 878 064f 11       		.uleb128 0x11
 879 0650 5C060000 		.4byte	.LASF95
 880 0654 05       		.byte	0x5
 881 0655 0001     		.2byte	0x100
 882 0657 22       		.byte	0x22
 883 0658 84050000 		.4byte	0x584
 884 065c 11       		.uleb128 0x11
 885 065d 12000000 		.4byte	.LASF96
 886 0661 05       		.byte	0x5
 887 0662 0701     		.2byte	0x107
 888 0664 22       		.byte	0x22
 889 0665 9E060000 		.4byte	0x69e
 890 0669 11       		.uleb128 0x11
 891 066a A8000000 		.4byte	.LASF97
 892 066e 05       		.byte	0x5
 893 066f 0C01     		.2byte	0x10c
 894 0671 21       		.byte	0x21
 895 0672 17010000 		.4byte	0x117
 896 0676 11       		.uleb128 0x11
 897 0677 1A020000 		.4byte	.LASF98
 898 067b 05       		.byte	0x5
 899 067c 1501     		.2byte	0x115
 900 067e 22       		.byte	0x22
 901 067f CC060000 		.4byte	0x6cc
 902 0683 11       		.uleb128 0x11
 903 0684 35050000 		.4byte	.LASF99
 904 0688 05       		.byte	0x5
 905 0689 1E01     		.2byte	0x11e
 906 068b 22       		.byte	0x22
 907 068c 07070000 		.4byte	0x707
 908 0690 11       		.uleb128 0x11
 909 0691 B4040000 		.4byte	.LASF100
 910 0695 05       		.byte	0x5
 911 0696 2601     		.2byte	0x126
 912 0698 21       		.byte	0x21
ARM GAS  C:\Users\acest\AppData\Local\Temp\ccF3dXUz.s 			page 17


 913 0699 23010000 		.4byte	0x123
 914 069d 00       		.byte	0
 915 069e 0C       		.uleb128 0xc
 916 069f 04       		.byte	0x4
 917 06a0 EE050000 		.4byte	0x5ee
 918 06a4 06       		.uleb128 0x6
 919 06a5 14050000 		.4byte	.LASF101
 920 06a9 0C       		.byte	0xc
 921 06aa 0B       		.byte	0xb
 922 06ab 34       		.byte	0x34
 923 06ac 10       		.byte	0x10
 924 06ad CC060000 		.4byte	0x6cc
 925 06b1 08       		.uleb128 0x8
 926 06b2 4F010000 		.4byte	.LASF88
 927 06b6 0B       		.byte	0xb
 928 06b7 35       		.byte	0x35
 929 06b8 19       		.byte	0x19
 930 06b9 77030000 		.4byte	0x377
 931 06bd 00       		.byte	0
 932 06be 07       		.uleb128 0x7
 933 06bf 636E7400 		.ascii	"cnt\000"
 934 06c3 0B       		.byte	0xb
 935 06c4 37       		.byte	0x37
 936 06c5 19       		.byte	0x19
 937 06c6 2F010000 		.4byte	0x12f
 938 06ca 08       		.byte	0x8
 939 06cb 00       		.byte	0
 940 06cc 0C       		.uleb128 0xc
 941 06cd 04       		.byte	0x4
 942 06ce A4060000 		.4byte	0x6a4
 943 06d2 06       		.uleb128 0x6
 944 06d3 31060000 		.4byte	.LASF102
 945 06d7 10       		.byte	0x10
 946 06d8 0C       		.byte	0xc
 947 06d9 39       		.byte	0x39
 948 06da 08       		.byte	0x8
 949 06db 07070000 		.4byte	0x707
 950 06df 08       		.uleb128 0x8
 951 06e0 4F010000 		.4byte	.LASF88
 952 06e4 0C       		.byte	0xc
 953 06e5 3A       		.byte	0x3a
 954 06e6 19       		.byte	0x19
 955 06e7 77030000 		.4byte	0x377
 956 06eb 00       		.byte	0
 957 06ec 08       		.uleb128 0x8
 958 06ed 4C050000 		.4byte	.LASF30
 959 06f1 0C       		.byte	0xc
 960 06f2 3C       		.byte	0x3c
 961 06f3 1A       		.byte	0x1a
 962 06f4 FA050000 		.4byte	0x5fa
 963 06f8 08       		.byte	0x8
 964 06f9 08       		.uleb128 0x8
 965 06fa C6000000 		.4byte	.LASF64
 966 06fe 0C       		.byte	0xc
 967 06ff 3E       		.byte	0x3e
 968 0700 1A       		.byte	0x1a
 969 0701 D1070000 		.4byte	0x7d1
ARM GAS  C:\Users\acest\AppData\Local\Temp\ccF3dXUz.s 			page 18


 970 0705 0C       		.byte	0xc
 971 0706 00       		.byte	0
 972 0707 0C       		.uleb128 0xc
 973 0708 04       		.byte	0x4
 974 0709 D2060000 		.4byte	0x6d2
 975 070d 0C       		.uleb128 0xc
 976 070e 04       		.byte	0x4
 977 070f 36020000 		.4byte	0x236
 978 0713 0B       		.uleb128 0xb
 979 0714 60030000 		.4byte	.LASF103
 980 0718 10       		.byte	0x10
 981 0719 05       		.byte	0x5
 982 071a 5C01     		.2byte	0x15c
 983 071c 10       		.byte	0x10
 984 071d 3E070000 		.4byte	0x73e
 985 0721 0A       		.uleb128 0xa
 986 0722 B1050000 		.4byte	.LASF92
 987 0726 05       		.byte	0x5
 988 0727 6101     		.2byte	0x161
 989 0729 21       		.byte	0x21
 990 072a B1030000 		.4byte	0x3b1
 991 072e 00       		.byte	0
 992 072f 0A       		.uleb128 0xa
 993 0730 2C040000 		.4byte	.LASF104
 994 0734 05       		.byte	0x5
 995 0735 6501     		.2byte	0x165
 996 0737 22       		.byte	0x22
 997 0738 FA050000 		.4byte	0x5fa
 998 073c 0C       		.byte	0xc
 999 073d 00       		.byte	0
 1000 073e 12       		.uleb128 0x12
 1001 073f 00000000 		.4byte	.LASF105
 1002 0743 05       		.byte	0x5
 1003 0744 6601     		.2byte	0x166
 1004 0746 03       		.byte	0x3
 1005 0747 13070000 		.4byte	0x713
 1006 074b 0B       		.uleb128 0xb
 1007 074c F8030000 		.4byte	.LASF106
 1008 0750 14       		.byte	0x14
 1009 0751 05       		.byte	0x5
 1010 0752 6B01     		.2byte	0x16b
 1011 0754 10       		.byte	0x10
 1012 0755 A0070000 		.4byte	0x7a0
 1013 0759 0A       		.uleb128 0xa
 1014 075a 4D020000 		.4byte	.LASF31
 1015 075e 05       		.byte	0x5
 1016 075f 6F01     		.2byte	0x16f
 1017 0761 22       		.byte	0x22
 1018 0762 0F030000 		.4byte	0x30f
 1019 0766 00       		.byte	0
 1020 0767 0A       		.uleb128 0xa
 1021 0768 DA010000 		.4byte	.LASF107
 1022 076c 05       		.byte	0x5
 1023 076d 7501     		.2byte	0x175
 1024 076f 22       		.byte	0x22
 1025 0770 7E050000 		.4byte	0x57e
 1026 0774 04       		.byte	0x4
ARM GAS  C:\Users\acest\AppData\Local\Temp\ccF3dXUz.s 			page 19


 1027 0775 0A       		.uleb128 0xa
 1028 0776 0D060000 		.4byte	.LASF108
 1029 077a 05       		.byte	0x5
 1030 077b 7901     		.2byte	0x179
 1031 077d 22       		.byte	0x22
 1032 077e 7E050000 		.4byte	0x57e
 1033 0782 08       		.byte	0x8
 1034 0783 0A       		.uleb128 0xa
 1035 0784 8C030000 		.4byte	.LASF109
 1036 0788 05       		.byte	0x5
 1037 0789 7F01     		.2byte	0x17f
 1038 078b 22       		.byte	0x22
 1039 078c 7E050000 		.4byte	0x57e
 1040 0790 0C       		.byte	0xc
 1041 0791 0A       		.uleb128 0xa
 1042 0792 8C060000 		.4byte	.LASF110
 1043 0796 05       		.byte	0x5
 1044 0797 8301     		.2byte	0x183
 1045 0799 22       		.byte	0x22
 1046 079a 7E050000 		.4byte	0x57e
 1047 079e 10       		.byte	0x10
 1048 079f 00       		.byte	0
 1049 07a0 12       		.uleb128 0x12
 1050 07a1 1C060000 		.4byte	.LASF111
 1051 07a5 05       		.byte	0x5
 1052 07a6 8501     		.2byte	0x185
 1053 07a8 03       		.byte	0x3
 1054 07a9 4B070000 		.4byte	0x74b
 1055 07ad 0D       		.uleb128 0xd
 1056 07ae A0070000 		.4byte	0x7a0
 1057 07b2 0C       		.uleb128 0xc
 1058 07b3 04       		.byte	0x4
 1059 07b4 AD070000 		.4byte	0x7ad
 1060 07b8 13       		.uleb128 0x13
 1061 07b9 63683000 		.ascii	"ch0\000"
 1062 07bd 0F       		.byte	0xf
 1063 07be 4101     		.2byte	0x141
 1064 07c0 16       		.byte	0x16
 1065 07c1 36020000 		.4byte	0x236
 1066 07c5 04       		.uleb128 0x4
 1067 07c6 EA010000 		.4byte	.LASF112
 1068 07ca 0C       		.byte	0xc
 1069 07cb 34       		.byte	0x34
 1070 07cc 19       		.byte	0x19
 1071 07cd D2060000 		.4byte	0x6d2
 1072 07d1 0C       		.uleb128 0xc
 1073 07d2 04       		.byte	0x4
 1074 07d3 C5070000 		.4byte	0x7c5
 1075 07d7 03       		.uleb128 0x3
 1076 07d8 01       		.byte	0x1
 1077 07d9 02       		.byte	0x2
 1078 07da 69040000 		.4byte	.LASF113
 1079 07de 14       		.uleb128 0x14
 1080 07df 07050000 		.4byte	.LASF133
 1081 07e3 0D       		.byte	0xd
 1082 07e4 D0       		.byte	0xd0
 1083 07e5 06       		.byte	0x6
ARM GAS  C:\Users\acest\AppData\Local\Temp\ccF3dXUz.s 			page 20


 1084 07e6 0B080000 		.4byte	0x80b
 1085 07ea 15       		.uleb128 0x15
 1086 07eb 747000   		.ascii	"tp\000"
 1087 07ee 0D       		.byte	0xd
 1088 07ef D0       		.byte	0xd0
 1089 07f0 1D       		.byte	0x1d
 1090 07f1 FA050000 		.4byte	0x5fa
 1091 07f5 15       		.uleb128 0x15
 1092 07f6 6D736700 		.ascii	"msg\000"
 1093 07fa 0D       		.byte	0xd
 1094 07fb D0       		.byte	0xd0
 1095 07fc 27       		.byte	0x27
 1096 07fd 17010000 		.4byte	0x117
 1097 0801 16       		.uleb128 0x16
 1098 0802 F4040000 		.4byte	.LASF120
 1099 0806 1B080000 		.4byte	0x81b
 1100 080a 00       		.byte	0
 1101 080b 17       		.uleb128 0x17
 1102 080c 21030000 		.4byte	0x321
 1103 0810 1B080000 		.4byte	0x81b
 1104 0814 18       		.uleb128 0x18
 1105 0815 24000000 		.4byte	0x24
 1106 0819 0C       		.byte	0xc
 1107 081a 00       		.byte	0
 1108 081b 0D       		.uleb128 0xd
 1109 081c 0B080000 		.4byte	0x80b
 1110 0820 19       		.uleb128 0x19
 1111 0821 02060000 		.4byte	.LASF115
 1112 0825 0D       		.byte	0xd
 1113 0826 BA       		.byte	0xba
 1114 0827 0B       		.byte	0xb
 1115 0828 FA050000 		.4byte	0x5fa
 1116 082c 48080000 		.4byte	0x848
 1117 0830 1A       		.uleb128 0x1a
 1118 0831 3A030000 		.4byte	.LASF114
 1119 0835 0D       		.byte	0xd
 1120 0836 BB       		.byte	0xbb
 1121 0837 0D       		.byte	0xd
 1122 0838 FA050000 		.4byte	0x5fa
 1123 083c 1B       		.uleb128 0x1b
 1124 083d 747000   		.ascii	"tp\000"
 1125 0840 0D       		.byte	0xd
 1126 0841 BC       		.byte	0xbc
 1127 0842 0D       		.byte	0xd
 1128 0843 FA050000 		.4byte	0x5fa
 1129 0847 00       		.byte	0
 1130 0848 19       		.uleb128 0x19
 1131 0849 25000000 		.4byte	.LASF116
 1132 084d 0D       		.byte	0xd
 1133 084e 98       		.byte	0x98
 1134 084f 0B       		.byte	0xb
 1135 0850 FA050000 		.4byte	0x5fa
 1136 0854 7C080000 		.4byte	0x87c
 1137 0858 1C       		.uleb128 0x1c
 1138 0859 45020000 		.4byte	.LASF117
 1139 085d 0D       		.byte	0xd
 1140 085e 98       		.byte	0x98
ARM GAS  C:\Users\acest\AppData\Local\Temp\ccF3dXUz.s 			page 21


 1141 085f 2B       		.byte	0x2b
 1142 0860 3E030000 		.4byte	0x33e
 1143 0864 1A       		.uleb128 0x1a
 1144 0865 3A030000 		.4byte	.LASF114
 1145 0869 0D       		.byte	0xd
 1146 086a 99       		.byte	0x99
 1147 086b 0D       		.byte	0xd
 1148 086c FA050000 		.4byte	0x5fa
 1149 0870 1B       		.uleb128 0x1b
 1150 0871 747000   		.ascii	"tp\000"
 1151 0874 0D       		.byte	0xd
 1152 0875 9A       		.byte	0x9a
 1153 0876 0D       		.byte	0xd
 1154 0877 FA050000 		.4byte	0x5fa
 1155 087b 00       		.byte	0
 1156 087c 19       		.uleb128 0x19
 1157 087d 1D030000 		.4byte	.LASF118
 1158 0881 0D       		.byte	0xd
 1159 0882 73       		.byte	0x73
 1160 0883 0B       		.byte	0xb
 1161 0884 FA050000 		.4byte	0x5fa
 1162 0888 A4080000 		.4byte	0x8a4
 1163 088c 1A       		.uleb128 0x1a
 1164 088d 3A030000 		.4byte	.LASF114
 1165 0891 0D       		.byte	0xd
 1166 0892 74       		.byte	0x74
 1167 0893 0D       		.byte	0xd
 1168 0894 FA050000 		.4byte	0x5fa
 1169 0898 1B       		.uleb128 0x1b
 1170 0899 747000   		.ascii	"tp\000"
 1171 089c 0D       		.byte	0xd
 1172 089d 75       		.byte	0x75
 1173 089e 0D       		.byte	0xd
 1174 089f FA050000 		.4byte	0x5fa
 1175 08a3 00       		.byte	0
 1176 08a4 19       		.uleb128 0x19
 1177 08a5 2B010000 		.4byte	.LASF119
 1178 08a9 0D       		.byte	0xd
 1179 08aa 51       		.byte	0x51
 1180 08ab 07       		.byte	0x7
 1181 08ac 17010000 		.4byte	0x117
 1182 08b0 E1080000 		.4byte	0x8e1
 1183 08b4 15       		.uleb128 0x15
 1184 08b5 747000   		.ascii	"tp\000"
 1185 08b8 0D       		.byte	0xd
 1186 08b9 51       		.byte	0x51
 1187 08ba 1B       		.byte	0x1b
 1188 08bb FA050000 		.4byte	0x5fa
 1189 08bf 15       		.uleb128 0x15
 1190 08c0 6D736700 		.ascii	"msg\000"
 1191 08c4 0D       		.byte	0xd
 1192 08c5 51       		.byte	0x51
 1193 08c6 25       		.byte	0x25
 1194 08c7 17010000 		.4byte	0x117
 1195 08cb 1A       		.uleb128 0x1a
 1196 08cc 3A030000 		.4byte	.LASF114
 1197 08d0 0D       		.byte	0xd
ARM GAS  C:\Users\acest\AppData\Local\Temp\ccF3dXUz.s 			page 22


 1198 08d1 52       		.byte	0x52
 1199 08d2 0D       		.byte	0xd
 1200 08d3 FA050000 		.4byte	0x5fa
 1201 08d7 16       		.uleb128 0x16
 1202 08d8 F4040000 		.4byte	.LASF120
 1203 08dc F1080000 		.4byte	0x8f1
 1204 08e0 00       		.byte	0
 1205 08e1 17       		.uleb128 0x17
 1206 08e2 21030000 		.4byte	0x321
 1207 08e6 F1080000 		.4byte	0x8f1
 1208 08ea 18       		.uleb128 0x18
 1209 08eb 24000000 		.4byte	0x24
 1210 08ef 09       		.byte	0x9
 1211 08f0 00       		.byte	0
 1212 08f1 0D       		.uleb128 0xd
 1213 08f2 E1080000 		.4byte	0x8e1
 1214 08f6 1D       		.uleb128 0x1d
 1215 08f7 6F060000 		.4byte	.LASF121
 1216 08fb 0E       		.byte	0xe
 1217 08fc CF       		.byte	0xcf
 1218 08fd 14       		.byte	0x14
 1219 08fe 1A090000 		.4byte	0x91a
 1220 0902 15       		.uleb128 0x15
 1221 0903 747000   		.ascii	"tp\000"
 1222 0906 0E       		.byte	0xe
 1223 0907 CF       		.byte	0xcf
 1224 0908 2C       		.byte	0x2c
 1225 0909 FA050000 		.4byte	0x5fa
 1226 090d 15       		.uleb128 0x15
 1227 090e 6D736700 		.ascii	"msg\000"
 1228 0912 0E       		.byte	0xe
 1229 0913 CF       		.byte	0xcf
 1230 0914 36       		.byte	0x36
 1231 0915 17010000 		.4byte	0x117
 1232 0919 00       		.byte	0
 1233 091a 1E       		.uleb128 0x1e
 1234 091b 7A010000 		.4byte	.LASF128
 1235 091f 0E       		.byte	0xe
 1236 0920 AD       		.byte	0xad
 1237 0921 14       		.byte	0x14
 1238 0922 D7070000 		.4byte	0x7d7
 1239 0926 36090000 		.4byte	0x936
 1240 092a 15       		.uleb128 0x15
 1241 092b 747000   		.ascii	"tp\000"
 1242 092e 0E       		.byte	0xe
 1243 092f AD       		.byte	0xad
 1244 0930 2E       		.byte	0x2e
 1245 0931 FA050000 		.4byte	0x5fa
 1246 0935 00       		.byte	0
 1247 0936 1F       		.uleb128 0x1f
 1248 0937 40060000 		.4byte	.LASF134
 1249 093b 11       		.byte	0x11
 1250 093c 5501     		.2byte	0x155
 1251 093e 19       		.byte	0x19
 1252 093f FA050000 		.4byte	0x5fa
 1253 0943 20       		.uleb128 0x20
 1254 0944 63060000 		.4byte	.LASF122
ARM GAS  C:\Users\acest\AppData\Local\Temp\ccF3dXUz.s 			page 23


 1255 0948 0F       		.byte	0xf
 1256 0949 A501     		.2byte	0x1a5
 1257 094b 14       		.byte	0x14
 1258 094c 5A090000 		.4byte	0x95a
 1259 0950 16       		.uleb128 0x16
 1260 0951 F4040000 		.4byte	.LASF120
 1261 0955 6A090000 		.4byte	0x96a
 1262 0959 00       		.byte	0
 1263 095a 17       		.uleb128 0x17
 1264 095b 21030000 		.4byte	0x321
 1265 095f 6A090000 		.4byte	0x96a
 1266 0963 18       		.uleb128 0x18
 1267 0964 24000000 		.4byte	0x24
 1268 0968 0B       		.byte	0xb
 1269 0969 00       		.byte	0
 1270 096a 0D       		.uleb128 0xd
 1271 096b 5A090000 		.4byte	0x95a
 1272 096f 21       		.uleb128 0x21
 1273 0970 FD040000 		.4byte	.LASF123
 1274 0974 0F       		.byte	0xf
 1275 0975 9701     		.2byte	0x197
 1276 0977 14       		.byte	0x14
 1277 0978 21       		.uleb128 0x21
 1278 0979 07010000 		.4byte	.LASF124
 1279 097d 0A       		.byte	0xa
 1280 097e 1F03     		.2byte	0x31f
 1281 0980 1B       		.byte	0x1b
 1282 0981 21       		.uleb128 0x21
 1283 0982 82060000 		.4byte	.LASF125
 1284 0986 0A       		.byte	0xa
 1285 0987 0B03     		.2byte	0x30b
 1286 0989 1B       		.byte	0x1b
 1287 098a 20       		.uleb128 0x20
 1288 098b 99050000 		.4byte	.LASF126
 1289 098f 10       		.byte	0x10
 1290 0990 EB01     		.2byte	0x1eb
 1291 0992 1B       		.byte	0x1b
 1292 0993 A5090000 		.4byte	0x9a5
 1293 0997 22       		.uleb128 0x22
 1294 0998 F8000000 		.4byte	.LASF127
 1295 099c 10       		.byte	0x10
 1296 099d EB01     		.2byte	0x1eb
 1297 099f 32       		.byte	0x32
 1298 09a0 B2000000 		.4byte	0xb2
 1299 09a4 00       		.byte	0
 1300 09a5 23       		.uleb128 0x23
 1301 09a6 55010000 		.4byte	.LASF129
 1302 09aa 09       		.byte	0x9
 1303 09ab 1801     		.2byte	0x118
 1304 09ad 1B       		.byte	0x1b
 1305 09ae AB030000 		.4byte	0x3ab
 1306 09b2 CE090000 		.4byte	0x9ce
 1307 09b6 24       		.uleb128 0x24
 1308 09b7 717000   		.ascii	"qp\000"
 1309 09ba 09       		.byte	0x9
 1310 09bb 1801     		.2byte	0x118
 1311 09bd 3C       		.byte	0x3c
ARM GAS  C:\Users\acest\AppData\Local\Temp\ccF3dXUz.s 			page 24


 1312 09be AB030000 		.4byte	0x3ab
 1313 09c2 25       		.uleb128 0x25
 1314 09c3 7000     		.ascii	"p\000"
 1315 09c5 09       		.byte	0x9
 1316 09c6 1901     		.2byte	0x119
 1317 09c8 0F       		.byte	0xf
 1318 09c9 AB030000 		.4byte	0x3ab
 1319 09cd 00       		.byte	0
 1320 09ce 26       		.uleb128 0x26
 1321 09cf 8C040000 		.4byte	.LASF135
 1322 09d3 09       		.byte	0x9
 1323 09d4 0601     		.2byte	0x106
 1324 09d6 14       		.byte	0x14
 1325 09d7 24       		.uleb128 0x24
 1326 09d8 717000   		.ascii	"qp\000"
 1327 09db 09       		.byte	0x9
 1328 09dc 0601     		.2byte	0x106
 1329 09de 30       		.byte	0x30
 1330 09df AB030000 		.4byte	0x3ab
 1331 09e3 24       		.uleb128 0x24
 1332 09e4 7000     		.ascii	"p\000"
 1333 09e6 09       		.byte	0x9
 1334 09e7 0601     		.2byte	0x106
 1335 09e9 40       		.byte	0x40
 1336 09ea AB030000 		.4byte	0x3ab
 1337 09ee 00       		.byte	0
 1338 09ef 00       		.byte	0
 1339              		.section	.gnu.debuglto_.debug_abbrev,"e",%progbits
 1340              	.Ldebug_abbrev0:
 1341 0000 01       		.uleb128 0x1
 1342 0001 11       		.uleb128 0x11
 1343 0002 01       		.byte	0x1
 1344 0003 25       		.uleb128 0x25
 1345 0004 0E       		.uleb128 0xe
 1346 0005 13       		.uleb128 0x13
 1347 0006 0B       		.uleb128 0xb
 1348 0007 03       		.uleb128 0x3
 1349 0008 0E       		.uleb128 0xe
 1350 0009 1B       		.uleb128 0x1b
 1351 000a 0E       		.uleb128 0xe
 1352 000b 10       		.uleb128 0x10
 1353 000c 17       		.uleb128 0x17
 1354 000d 00       		.byte	0
 1355 000e 00       		.byte	0
 1356 000f 02       		.uleb128 0x2
 1357 0010 24       		.uleb128 0x24
 1358 0011 00       		.byte	0
 1359 0012 0B       		.uleb128 0xb
 1360 0013 0B       		.uleb128 0xb
 1361 0014 3E       		.uleb128 0x3e
 1362 0015 0B       		.uleb128 0xb
 1363 0016 03       		.uleb128 0x3
 1364 0017 08       		.uleb128 0x8
 1365 0018 00       		.byte	0
 1366 0019 00       		.byte	0
 1367 001a 03       		.uleb128 0x3
 1368 001b 24       		.uleb128 0x24
ARM GAS  C:\Users\acest\AppData\Local\Temp\ccF3dXUz.s 			page 25


 1369 001c 00       		.byte	0
 1370 001d 0B       		.uleb128 0xb
 1371 001e 0B       		.uleb128 0xb
 1372 001f 3E       		.uleb128 0x3e
 1373 0020 0B       		.uleb128 0xb
 1374 0021 03       		.uleb128 0x3
 1375 0022 0E       		.uleb128 0xe
 1376 0023 00       		.byte	0
 1377 0024 00       		.byte	0
 1378 0025 04       		.uleb128 0x4
 1379 0026 16       		.uleb128 0x16
 1380 0027 00       		.byte	0
 1381 0028 03       		.uleb128 0x3
 1382 0029 0E       		.uleb128 0xe
 1383 002a 3A       		.uleb128 0x3a
 1384 002b 0B       		.uleb128 0xb
 1385 002c 3B       		.uleb128 0x3b
 1386 002d 0B       		.uleb128 0xb
 1387 002e 39       		.uleb128 0x39
 1388 002f 0B       		.uleb128 0xb
 1389 0030 49       		.uleb128 0x49
 1390 0031 13       		.uleb128 0x13
 1391 0032 00       		.byte	0
 1392 0033 00       		.byte	0
 1393 0034 05       		.uleb128 0x5
 1394 0035 35       		.uleb128 0x35
 1395 0036 00       		.byte	0
 1396 0037 49       		.uleb128 0x49
 1397 0038 13       		.uleb128 0x13
 1398 0039 00       		.byte	0
 1399 003a 00       		.byte	0
 1400 003b 06       		.uleb128 0x6
 1401 003c 13       		.uleb128 0x13
 1402 003d 01       		.byte	0x1
 1403 003e 03       		.uleb128 0x3
 1404 003f 0E       		.uleb128 0xe
 1405 0040 0B       		.uleb128 0xb
 1406 0041 0B       		.uleb128 0xb
 1407 0042 3A       		.uleb128 0x3a
 1408 0043 0B       		.uleb128 0xb
 1409 0044 3B       		.uleb128 0x3b
 1410 0045 0B       		.uleb128 0xb
 1411 0046 39       		.uleb128 0x39
 1412 0047 0B       		.uleb128 0xb
 1413 0048 01       		.uleb128 0x1
 1414 0049 13       		.uleb128 0x13
 1415 004a 00       		.byte	0
 1416 004b 00       		.byte	0
 1417 004c 07       		.uleb128 0x7
 1418 004d 0D       		.uleb128 0xd
 1419 004e 00       		.byte	0
 1420 004f 03       		.uleb128 0x3
 1421 0050 08       		.uleb128 0x8
 1422 0051 3A       		.uleb128 0x3a
 1423 0052 0B       		.uleb128 0xb
 1424 0053 3B       		.uleb128 0x3b
 1425 0054 0B       		.uleb128 0xb
ARM GAS  C:\Users\acest\AppData\Local\Temp\ccF3dXUz.s 			page 26


 1426 0055 39       		.uleb128 0x39
 1427 0056 0B       		.uleb128 0xb
 1428 0057 49       		.uleb128 0x49
 1429 0058 13       		.uleb128 0x13
 1430 0059 38       		.uleb128 0x38
 1431 005a 0B       		.uleb128 0xb
 1432 005b 00       		.byte	0
 1433 005c 00       		.byte	0
 1434 005d 08       		.uleb128 0x8
 1435 005e 0D       		.uleb128 0xd
 1436 005f 00       		.byte	0
 1437 0060 03       		.uleb128 0x3
 1438 0061 0E       		.uleb128 0xe
 1439 0062 3A       		.uleb128 0x3a
 1440 0063 0B       		.uleb128 0xb
 1441 0064 3B       		.uleb128 0x3b
 1442 0065 0B       		.uleb128 0xb
 1443 0066 39       		.uleb128 0x39
 1444 0067 0B       		.uleb128 0xb
 1445 0068 49       		.uleb128 0x49
 1446 0069 13       		.uleb128 0x13
 1447 006a 38       		.uleb128 0x38
 1448 006b 0B       		.uleb128 0xb
 1449 006c 00       		.byte	0
 1450 006d 00       		.byte	0
 1451 006e 09       		.uleb128 0x9
 1452 006f 0D       		.uleb128 0xd
 1453 0070 00       		.byte	0
 1454 0071 03       		.uleb128 0x3
 1455 0072 08       		.uleb128 0x8
 1456 0073 3A       		.uleb128 0x3a
 1457 0074 0B       		.uleb128 0xb
 1458 0075 3B       		.uleb128 0x3b
 1459 0076 05       		.uleb128 0x5
 1460 0077 39       		.uleb128 0x39
 1461 0078 0B       		.uleb128 0xb
 1462 0079 49       		.uleb128 0x49
 1463 007a 13       		.uleb128 0x13
 1464 007b 38       		.uleb128 0x38
 1465 007c 0B       		.uleb128 0xb
 1466 007d 00       		.byte	0
 1467 007e 00       		.byte	0
 1468 007f 0A       		.uleb128 0xa
 1469 0080 0D       		.uleb128 0xd
 1470 0081 00       		.byte	0
 1471 0082 03       		.uleb128 0x3
 1472 0083 0E       		.uleb128 0xe
 1473 0084 3A       		.uleb128 0x3a
 1474 0085 0B       		.uleb128 0xb
 1475 0086 3B       		.uleb128 0x3b
 1476 0087 05       		.uleb128 0x5
 1477 0088 39       		.uleb128 0x39
 1478 0089 0B       		.uleb128 0xb
 1479 008a 49       		.uleb128 0x49
 1480 008b 13       		.uleb128 0x13
 1481 008c 38       		.uleb128 0x38
 1482 008d 0B       		.uleb128 0xb
ARM GAS  C:\Users\acest\AppData\Local\Temp\ccF3dXUz.s 			page 27


 1483 008e 00       		.byte	0
 1484 008f 00       		.byte	0
 1485 0090 0B       		.uleb128 0xb
 1486 0091 13       		.uleb128 0x13
 1487 0092 01       		.byte	0x1
 1488 0093 03       		.uleb128 0x3
 1489 0094 0E       		.uleb128 0xe
 1490 0095 0B       		.uleb128 0xb
 1491 0096 0B       		.uleb128 0xb
 1492 0097 3A       		.uleb128 0x3a
 1493 0098 0B       		.uleb128 0xb
 1494 0099 3B       		.uleb128 0x3b
 1495 009a 05       		.uleb128 0x5
 1496 009b 39       		.uleb128 0x39
 1497 009c 0B       		.uleb128 0xb
 1498 009d 01       		.uleb128 0x1
 1499 009e 13       		.uleb128 0x13
 1500 009f 00       		.byte	0
 1501 00a0 00       		.byte	0
 1502 00a1 0C       		.uleb128 0xc
 1503 00a2 0F       		.uleb128 0xf
 1504 00a3 00       		.byte	0
 1505 00a4 0B       		.uleb128 0xb
 1506 00a5 0B       		.uleb128 0xb
 1507 00a6 49       		.uleb128 0x49
 1508 00a7 13       		.uleb128 0x13
 1509 00a8 00       		.byte	0
 1510 00a9 00       		.byte	0
 1511 00aa 0D       		.uleb128 0xd
 1512 00ab 26       		.uleb128 0x26
 1513 00ac 00       		.byte	0
 1514 00ad 49       		.uleb128 0x49
 1515 00ae 13       		.uleb128 0x13
 1516 00af 00       		.byte	0
 1517 00b0 00       		.byte	0
 1518 00b1 0E       		.uleb128 0xe
 1519 00b2 0F       		.uleb128 0xf
 1520 00b3 00       		.byte	0
 1521 00b4 0B       		.uleb128 0xb
 1522 00b5 0B       		.uleb128 0xb
 1523 00b6 00       		.byte	0
 1524 00b7 00       		.byte	0
 1525 00b8 0F       		.uleb128 0xf
 1526 00b9 17       		.uleb128 0x17
 1527 00ba 01       		.byte	0x1
 1528 00bb 0B       		.uleb128 0xb
 1529 00bc 0B       		.uleb128 0xb
 1530 00bd 3A       		.uleb128 0x3a
 1531 00be 0B       		.uleb128 0xb
 1532 00bf 3B       		.uleb128 0x3b
 1533 00c0 0B       		.uleb128 0xb
 1534 00c1 39       		.uleb128 0x39
 1535 00c2 0B       		.uleb128 0xb
 1536 00c3 01       		.uleb128 0x1
 1537 00c4 13       		.uleb128 0x13
 1538 00c5 00       		.byte	0
 1539 00c6 00       		.byte	0
ARM GAS  C:\Users\acest\AppData\Local\Temp\ccF3dXUz.s 			page 28


 1540 00c7 10       		.uleb128 0x10
 1541 00c8 0D       		.uleb128 0xd
 1542 00c9 00       		.byte	0
 1543 00ca 03       		.uleb128 0x3
 1544 00cb 0E       		.uleb128 0xe
 1545 00cc 3A       		.uleb128 0x3a
 1546 00cd 0B       		.uleb128 0xb
 1547 00ce 3B       		.uleb128 0x3b
 1548 00cf 0B       		.uleb128 0xb
 1549 00d0 39       		.uleb128 0x39
 1550 00d1 0B       		.uleb128 0xb
 1551 00d2 49       		.uleb128 0x49
 1552 00d3 13       		.uleb128 0x13
 1553 00d4 00       		.byte	0
 1554 00d5 00       		.byte	0
 1555 00d6 11       		.uleb128 0x11
 1556 00d7 0D       		.uleb128 0xd
 1557 00d8 00       		.byte	0
 1558 00d9 03       		.uleb128 0x3
 1559 00da 0E       		.uleb128 0xe
 1560 00db 3A       		.uleb128 0x3a
 1561 00dc 0B       		.uleb128 0xb
 1562 00dd 3B       		.uleb128 0x3b
 1563 00de 05       		.uleb128 0x5
 1564 00df 39       		.uleb128 0x39
 1565 00e0 0B       		.uleb128 0xb
 1566 00e1 49       		.uleb128 0x49
 1567 00e2 13       		.uleb128 0x13
 1568 00e3 00       		.byte	0
 1569 00e4 00       		.byte	0
 1570 00e5 12       		.uleb128 0x12
 1571 00e6 16       		.uleb128 0x16
 1572 00e7 00       		.byte	0
 1573 00e8 03       		.uleb128 0x3
 1574 00e9 0E       		.uleb128 0xe
 1575 00ea 3A       		.uleb128 0x3a
 1576 00eb 0B       		.uleb128 0xb
 1577 00ec 3B       		.uleb128 0x3b
 1578 00ed 05       		.uleb128 0x5
 1579 00ee 39       		.uleb128 0x39
 1580 00ef 0B       		.uleb128 0xb
 1581 00f0 49       		.uleb128 0x49
 1582 00f1 13       		.uleb128 0x13
 1583 00f2 00       		.byte	0
 1584 00f3 00       		.byte	0
 1585 00f4 13       		.uleb128 0x13
 1586 00f5 34       		.uleb128 0x34
 1587 00f6 00       		.byte	0
 1588 00f7 03       		.uleb128 0x3
 1589 00f8 08       		.uleb128 0x8
 1590 00f9 3A       		.uleb128 0x3a
 1591 00fa 0B       		.uleb128 0xb
 1592 00fb 3B       		.uleb128 0x3b
 1593 00fc 05       		.uleb128 0x5
 1594 00fd 39       		.uleb128 0x39
 1595 00fe 0B       		.uleb128 0xb
 1596 00ff 49       		.uleb128 0x49
ARM GAS  C:\Users\acest\AppData\Local\Temp\ccF3dXUz.s 			page 29


 1597 0100 13       		.uleb128 0x13
 1598 0101 3F       		.uleb128 0x3f
 1599 0102 19       		.uleb128 0x19
 1600 0103 3C       		.uleb128 0x3c
 1601 0104 19       		.uleb128 0x19
 1602 0105 00       		.byte	0
 1603 0106 00       		.byte	0
 1604 0107 14       		.uleb128 0x14
 1605 0108 2E       		.uleb128 0x2e
 1606 0109 01       		.byte	0x1
 1607 010a 3F       		.uleb128 0x3f
 1608 010b 19       		.uleb128 0x19
 1609 010c 03       		.uleb128 0x3
 1610 010d 0E       		.uleb128 0xe
 1611 010e 3A       		.uleb128 0x3a
 1612 010f 0B       		.uleb128 0xb
 1613 0110 3B       		.uleb128 0x3b
 1614 0111 0B       		.uleb128 0xb
 1615 0112 39       		.uleb128 0x39
 1616 0113 0B       		.uleb128 0xb
 1617 0114 27       		.uleb128 0x27
 1618 0115 19       		.uleb128 0x19
 1619 0116 01       		.uleb128 0x1
 1620 0117 13       		.uleb128 0x13
 1621 0118 00       		.byte	0
 1622 0119 00       		.byte	0
 1623 011a 15       		.uleb128 0x15
 1624 011b 05       		.uleb128 0x5
 1625 011c 00       		.byte	0
 1626 011d 03       		.uleb128 0x3
 1627 011e 08       		.uleb128 0x8
 1628 011f 3A       		.uleb128 0x3a
 1629 0120 0B       		.uleb128 0xb
 1630 0121 3B       		.uleb128 0x3b
 1631 0122 0B       		.uleb128 0xb
 1632 0123 39       		.uleb128 0x39
 1633 0124 0B       		.uleb128 0xb
 1634 0125 49       		.uleb128 0x49
 1635 0126 13       		.uleb128 0x13
 1636 0127 00       		.byte	0
 1637 0128 00       		.byte	0
 1638 0129 16       		.uleb128 0x16
 1639 012a 34       		.uleb128 0x34
 1640 012b 00       		.byte	0
 1641 012c 03       		.uleb128 0x3
 1642 012d 0E       		.uleb128 0xe
 1643 012e 49       		.uleb128 0x49
 1644 012f 13       		.uleb128 0x13
 1645 0130 34       		.uleb128 0x34
 1646 0131 19       		.uleb128 0x19
 1647 0132 00       		.byte	0
 1648 0133 00       		.byte	0
 1649 0134 17       		.uleb128 0x17
 1650 0135 01       		.uleb128 0x1
 1651 0136 01       		.byte	0x1
 1652 0137 49       		.uleb128 0x49
 1653 0138 13       		.uleb128 0x13
ARM GAS  C:\Users\acest\AppData\Local\Temp\ccF3dXUz.s 			page 30


 1654 0139 01       		.uleb128 0x1
 1655 013a 13       		.uleb128 0x13
 1656 013b 00       		.byte	0
 1657 013c 00       		.byte	0
 1658 013d 18       		.uleb128 0x18
 1659 013e 21       		.uleb128 0x21
 1660 013f 00       		.byte	0
 1661 0140 49       		.uleb128 0x49
 1662 0141 13       		.uleb128 0x13
 1663 0142 2F       		.uleb128 0x2f
 1664 0143 0B       		.uleb128 0xb
 1665 0144 00       		.byte	0
 1666 0145 00       		.byte	0
 1667 0146 19       		.uleb128 0x19
 1668 0147 2E       		.uleb128 0x2e
 1669 0148 01       		.byte	0x1
 1670 0149 3F       		.uleb128 0x3f
 1671 014a 19       		.uleb128 0x19
 1672 014b 03       		.uleb128 0x3
 1673 014c 0E       		.uleb128 0xe
 1674 014d 3A       		.uleb128 0x3a
 1675 014e 0B       		.uleb128 0xb
 1676 014f 3B       		.uleb128 0x3b
 1677 0150 0B       		.uleb128 0xb
 1678 0151 39       		.uleb128 0x39
 1679 0152 0B       		.uleb128 0xb
 1680 0153 27       		.uleb128 0x27
 1681 0154 19       		.uleb128 0x19
 1682 0155 49       		.uleb128 0x49
 1683 0156 13       		.uleb128 0x13
 1684 0157 01       		.uleb128 0x1
 1685 0158 13       		.uleb128 0x13
 1686 0159 00       		.byte	0
 1687 015a 00       		.byte	0
 1688 015b 1A       		.uleb128 0x1a
 1689 015c 34       		.uleb128 0x34
 1690 015d 00       		.byte	0
 1691 015e 03       		.uleb128 0x3
 1692 015f 0E       		.uleb128 0xe
 1693 0160 3A       		.uleb128 0x3a
 1694 0161 0B       		.uleb128 0xb
 1695 0162 3B       		.uleb128 0x3b
 1696 0163 0B       		.uleb128 0xb
 1697 0164 39       		.uleb128 0x39
 1698 0165 0B       		.uleb128 0xb
 1699 0166 49       		.uleb128 0x49
 1700 0167 13       		.uleb128 0x13
 1701 0168 00       		.byte	0
 1702 0169 00       		.byte	0
 1703 016a 1B       		.uleb128 0x1b
 1704 016b 34       		.uleb128 0x34
 1705 016c 00       		.byte	0
 1706 016d 03       		.uleb128 0x3
 1707 016e 08       		.uleb128 0x8
 1708 016f 3A       		.uleb128 0x3a
 1709 0170 0B       		.uleb128 0xb
 1710 0171 3B       		.uleb128 0x3b
ARM GAS  C:\Users\acest\AppData\Local\Temp\ccF3dXUz.s 			page 31


 1711 0172 0B       		.uleb128 0xb
 1712 0173 39       		.uleb128 0x39
 1713 0174 0B       		.uleb128 0xb
 1714 0175 49       		.uleb128 0x49
 1715 0176 13       		.uleb128 0x13
 1716 0177 00       		.byte	0
 1717 0178 00       		.byte	0
 1718 0179 1C       		.uleb128 0x1c
 1719 017a 05       		.uleb128 0x5
 1720 017b 00       		.byte	0
 1721 017c 03       		.uleb128 0x3
 1722 017d 0E       		.uleb128 0xe
 1723 017e 3A       		.uleb128 0x3a
 1724 017f 0B       		.uleb128 0xb
 1725 0180 3B       		.uleb128 0x3b
 1726 0181 0B       		.uleb128 0xb
 1727 0182 39       		.uleb128 0x39
 1728 0183 0B       		.uleb128 0xb
 1729 0184 49       		.uleb128 0x49
 1730 0185 13       		.uleb128 0x13
 1731 0186 00       		.byte	0
 1732 0187 00       		.byte	0
 1733 0188 1D       		.uleb128 0x1d
 1734 0189 2E       		.uleb128 0x2e
 1735 018a 01       		.byte	0x1
 1736 018b 03       		.uleb128 0x3
 1737 018c 0E       		.uleb128 0xe
 1738 018d 3A       		.uleb128 0x3a
 1739 018e 0B       		.uleb128 0xb
 1740 018f 3B       		.uleb128 0x3b
 1741 0190 0B       		.uleb128 0xb
 1742 0191 39       		.uleb128 0x39
 1743 0192 0B       		.uleb128 0xb
 1744 0193 27       		.uleb128 0x27
 1745 0194 19       		.uleb128 0x19
 1746 0195 01       		.uleb128 0x1
 1747 0196 13       		.uleb128 0x13
 1748 0197 00       		.byte	0
 1749 0198 00       		.byte	0
 1750 0199 1E       		.uleb128 0x1e
 1751 019a 2E       		.uleb128 0x2e
 1752 019b 01       		.byte	0x1
 1753 019c 03       		.uleb128 0x3
 1754 019d 0E       		.uleb128 0xe
 1755 019e 3A       		.uleb128 0x3a
 1756 019f 0B       		.uleb128 0xb
 1757 01a0 3B       		.uleb128 0x3b
 1758 01a1 0B       		.uleb128 0xb
 1759 01a2 39       		.uleb128 0x39
 1760 01a3 0B       		.uleb128 0xb
 1761 01a4 27       		.uleb128 0x27
 1762 01a5 19       		.uleb128 0x19
 1763 01a6 49       		.uleb128 0x49
 1764 01a7 13       		.uleb128 0x13
 1765 01a8 01       		.uleb128 0x1
 1766 01a9 13       		.uleb128 0x13
 1767 01aa 00       		.byte	0
ARM GAS  C:\Users\acest\AppData\Local\Temp\ccF3dXUz.s 			page 32


 1768 01ab 00       		.byte	0
 1769 01ac 1F       		.uleb128 0x1f
 1770 01ad 2E       		.uleb128 0x2e
 1771 01ae 00       		.byte	0
 1772 01af 03       		.uleb128 0x3
 1773 01b0 0E       		.uleb128 0xe
 1774 01b1 3A       		.uleb128 0x3a
 1775 01b2 0B       		.uleb128 0xb
 1776 01b3 3B       		.uleb128 0x3b
 1777 01b4 05       		.uleb128 0x5
 1778 01b5 39       		.uleb128 0x39
 1779 01b6 0B       		.uleb128 0xb
 1780 01b7 27       		.uleb128 0x27
 1781 01b8 19       		.uleb128 0x19
 1782 01b9 49       		.uleb128 0x49
 1783 01ba 13       		.uleb128 0x13
 1784 01bb 00       		.byte	0
 1785 01bc 00       		.byte	0
 1786 01bd 20       		.uleb128 0x20
 1787 01be 2E       		.uleb128 0x2e
 1788 01bf 01       		.byte	0x1
 1789 01c0 03       		.uleb128 0x3
 1790 01c1 0E       		.uleb128 0xe
 1791 01c2 3A       		.uleb128 0x3a
 1792 01c3 0B       		.uleb128 0xb
 1793 01c4 3B       		.uleb128 0x3b
 1794 01c5 05       		.uleb128 0x5
 1795 01c6 39       		.uleb128 0x39
 1796 01c7 0B       		.uleb128 0xb
 1797 01c8 27       		.uleb128 0x27
 1798 01c9 19       		.uleb128 0x19
 1799 01ca 01       		.uleb128 0x1
 1800 01cb 13       		.uleb128 0x13
 1801 01cc 00       		.byte	0
 1802 01cd 00       		.byte	0
 1803 01ce 21       		.uleb128 0x21
 1804 01cf 2E       		.uleb128 0x2e
 1805 01d0 00       		.byte	0
 1806 01d1 03       		.uleb128 0x3
 1807 01d2 0E       		.uleb128 0xe
 1808 01d3 3A       		.uleb128 0x3a
 1809 01d4 0B       		.uleb128 0xb
 1810 01d5 3B       		.uleb128 0x3b
 1811 01d6 05       		.uleb128 0x5
 1812 01d7 39       		.uleb128 0x39
 1813 01d8 0B       		.uleb128 0xb
 1814 01d9 27       		.uleb128 0x27
 1815 01da 19       		.uleb128 0x19
 1816 01db 00       		.byte	0
 1817 01dc 00       		.byte	0
 1818 01dd 22       		.uleb128 0x22
 1819 01de 05       		.uleb128 0x5
 1820 01df 00       		.byte	0
 1821 01e0 03       		.uleb128 0x3
 1822 01e1 0E       		.uleb128 0xe
 1823 01e2 3A       		.uleb128 0x3a
 1824 01e3 0B       		.uleb128 0xb
ARM GAS  C:\Users\acest\AppData\Local\Temp\ccF3dXUz.s 			page 33


 1825 01e4 3B       		.uleb128 0x3b
 1826 01e5 05       		.uleb128 0x5
 1827 01e6 39       		.uleb128 0x39
 1828 01e7 0B       		.uleb128 0xb
 1829 01e8 49       		.uleb128 0x49
 1830 01e9 13       		.uleb128 0x13
 1831 01ea 00       		.byte	0
 1832 01eb 00       		.byte	0
 1833 01ec 23       		.uleb128 0x23
 1834 01ed 2E       		.uleb128 0x2e
 1835 01ee 01       		.byte	0x1
 1836 01ef 03       		.uleb128 0x3
 1837 01f0 0E       		.uleb128 0xe
 1838 01f1 3A       		.uleb128 0x3a
 1839 01f2 0B       		.uleb128 0xb
 1840 01f3 3B       		.uleb128 0x3b
 1841 01f4 05       		.uleb128 0x5
 1842 01f5 39       		.uleb128 0x39
 1843 01f6 0B       		.uleb128 0xb
 1844 01f7 27       		.uleb128 0x27
 1845 01f8 19       		.uleb128 0x19
 1846 01f9 49       		.uleb128 0x49
 1847 01fa 13       		.uleb128 0x13
 1848 01fb 01       		.uleb128 0x1
 1849 01fc 13       		.uleb128 0x13
 1850 01fd 00       		.byte	0
 1851 01fe 00       		.byte	0
 1852 01ff 24       		.uleb128 0x24
 1853 0200 05       		.uleb128 0x5
 1854 0201 00       		.byte	0
 1855 0202 03       		.uleb128 0x3
 1856 0203 08       		.uleb128 0x8
 1857 0204 3A       		.uleb128 0x3a
 1858 0205 0B       		.uleb128 0xb
 1859 0206 3B       		.uleb128 0x3b
 1860 0207 05       		.uleb128 0x5
 1861 0208 39       		.uleb128 0x39
 1862 0209 0B       		.uleb128 0xb
 1863 020a 49       		.uleb128 0x49
 1864 020b 13       		.uleb128 0x13
 1865 020c 00       		.byte	0
 1866 020d 00       		.byte	0
 1867 020e 25       		.uleb128 0x25
 1868 020f 34       		.uleb128 0x34
 1869 0210 00       		.byte	0
 1870 0211 03       		.uleb128 0x3
 1871 0212 08       		.uleb128 0x8
 1872 0213 3A       		.uleb128 0x3a
 1873 0214 0B       		.uleb128 0xb
 1874 0215 3B       		.uleb128 0x3b
 1875 0216 05       		.uleb128 0x5
 1876 0217 39       		.uleb128 0x39
 1877 0218 0B       		.uleb128 0xb
 1878 0219 49       		.uleb128 0x49
 1879 021a 13       		.uleb128 0x13
 1880 021b 00       		.byte	0
 1881 021c 00       		.byte	0
ARM GAS  C:\Users\acest\AppData\Local\Temp\ccF3dXUz.s 			page 34


 1882 021d 26       		.uleb128 0x26
 1883 021e 2E       		.uleb128 0x2e
 1884 021f 01       		.byte	0x1
 1885 0220 03       		.uleb128 0x3
 1886 0221 0E       		.uleb128 0xe
 1887 0222 3A       		.uleb128 0x3a
 1888 0223 0B       		.uleb128 0xb
 1889 0224 3B       		.uleb128 0x3b
 1890 0225 05       		.uleb128 0x5
 1891 0226 39       		.uleb128 0x39
 1892 0227 0B       		.uleb128 0xb
 1893 0228 27       		.uleb128 0x27
 1894 0229 19       		.uleb128 0x19
 1895 022a 00       		.byte	0
 1896 022b 00       		.byte	0
 1897 022c 00       		.byte	0
 1898              		.section	.gnu.debuglto_.debug_line,"e",%progbits
 1899              	.Ldebug_line0:
 1900 0000 A8020000 		.4byte	.LELT0-.LSLT0
 1901              	.LSLT0:
 1902 0004 0400     		.2byte	0x4
 1903 0006 A2020000 		.4byte	.LELTP0-.LASLTP0
 1904              	.LASLTP0:
 1905 000a 01       		.byte	0x1
 1906 000b 01       		.byte	0x1
 1907 000c 01       		.byte	0x1
 1908 000d F6       		.byte	0xf6
 1909 000e F2       		.byte	0xf2
 1910 000f 0D       		.byte	0xd
 1911 0010 00       		.byte	0
 1912 0011 01       		.byte	0x1
 1913 0012 01       		.byte	0x1
 1914 0013 01       		.byte	0x1
 1915 0014 01       		.byte	0x1
 1916 0015 00       		.byte	0
 1917 0016 00       		.byte	0
 1918 0017 00       		.byte	0
 1919 0018 01       		.byte	0x1
 1920 0019 00       		.byte	0
 1921 001a 00       		.byte	0
 1922 001b 01       		.byte	0x1
 1923 001c 2E2E2F2E 		.ascii	"../../../../../ChibiStudio/chibios2111/os/rt/src"
 1923      2E2F2E2E 
 1923      2F2E2E2F 
 1923      2E2E2F43 
 1923      68696269 
 1924 004c 00       		.byte	0
 1925 004d 633A5C63 		.ascii	"c:\\chibistudio\\chibios2111\\os\\common\\ext\\arm\\"
 1925      68696269 
 1925      73747564 
 1925      696F5C63 
 1925      68696269 
 1926 007a 636D7369 		.ascii	"cmsis\\core\\include"
 1926      735C636F 
 1926      72655C69 
 1926      6E636C75 
 1926      6465
ARM GAS  C:\Users\acest\AppData\Local\Temp\ccF3dXUz.s 			page 35


 1927 008c 00       		.byte	0
 1928 008d 633A5C63 		.ascii	"c:\\chibistudio\\chibios2111\\os\\common\\ports\\ar"
 1928      68696269 
 1928      73747564 
 1928      696F5C63 
 1928      68696269 
 1929 00ba 6D2D636F 		.ascii	"m-common"
 1929      6D6D6F6E 
 1930 00c2 00       		.byte	0
 1931 00c3 633A5C63 		.ascii	"c:\\chibistudio\\chibios2111\\os\\common\\ports\\ar"
 1931      68696269 
 1931      73747564 
 1931      696F5C63 
 1931      68696269 
 1932 00f0 6D76372D 		.ascii	"mv7-m-alt"
 1932      6D2D616C 
 1932      74
 1933 00f9 00       		.byte	0
 1934 00fa 633A5C63 		.ascii	"c:\\chibistudio\\chibios2111\\os\\rt\\include"
 1934      68696269 
 1934      73747564 
 1934      696F5C63 
 1934      68696269 
 1935 0122 00       		.byte	0
 1936 0123 633A5C63 		.ascii	"c:\\chibistudio\\tools\\gnu tools arm embedded\\10."
 1936      68696269 
 1936      73747564 
 1936      696F5C74 
 1936      6F6F6C73 
 1937 0152 33203230 		.ascii	"3 2021.10\\arm-none-eabi\\include\\machine"
 1937      32312E31 
 1937      305C6172 
 1937      6D2D6E6F 
 1937      6E652D65 
 1938 0179 00       		.byte	0
 1939 017a 633A5C63 		.ascii	"c:\\chibistudio\\tools\\gnu tools arm embedded\\10."
 1939      68696269 
 1939      73747564 
 1939      696F5C74 
 1939      6F6F6C73 
 1940 01a9 33203230 		.ascii	"3 2021.10\\arm-none-eabi\\include\\sys"
 1940      32312E31 
 1940      305C6172 
 1940      6D2D6E6F 
 1940      6E652D65 
 1941 01cc 00       		.byte	0
 1942 01cd 00       		.byte	0
 1943 01ce 5F646566 		.ascii	"_default_types.h\000"
 1943      61756C74 
 1943      5F747970 
 1943      65732E68 
 1943      00
 1944 01df 06       		.uleb128 0x6
 1945 01e0 00       		.uleb128 0
 1946 01e1 00       		.uleb128 0
 1947 01e2 5F737464 		.ascii	"_stdint.h\000"
 1947      696E742E 
ARM GAS  C:\Users\acest\AppData\Local\Temp\ccF3dXUz.s 			page 36


 1947      6800
 1948 01ec 07       		.uleb128 0x7
 1949 01ed 00       		.uleb128 0
 1950 01ee 00       		.uleb128 0
 1951 01ef 63687479 		.ascii	"chtypes.h\000"
 1951      7065732E 
 1951      6800
 1952 01f9 03       		.uleb128 0x3
 1953 01fa 00       		.uleb128 0
 1954 01fb 00       		.uleb128 0
 1955 01fc 63686561 		.ascii	"chearly.h\000"
 1955      726C792E 
 1955      6800
 1956 0206 05       		.uleb128 0x5
 1957 0207 00       		.uleb128 0
 1958 0208 00       		.uleb128 0
 1959 0209 63686F62 		.ascii	"chobjects.h\000"
 1959      6A656374 
 1959      732E6800 
 1960 0215 05       		.uleb128 0x5
 1961 0216 00       		.uleb128 0
 1962 0217 00       		.uleb128 0
 1963 0218 63687266 		.ascii	"chrfcu.h\000"
 1963      63752E68 
 1963      00
 1964 0221 05       		.uleb128 0x5
 1965 0222 00       		.uleb128 0
 1966 0223 00       		.uleb128 0
 1967 0224 63686465 		.ascii	"chdebug.h\000"
 1967      6275672E 
 1967      6800
 1968 022e 05       		.uleb128 0x5
 1969 022f 00       		.uleb128 0
 1970 0230 00       		.uleb128 0
 1971 0231 63687469 		.ascii	"chtime.h\000"
 1971      6D652E68 
 1971      00
 1972 023a 05       		.uleb128 0x5
 1973 023b 00       		.uleb128 0
 1974 023c 00       		.uleb128 0
 1975 023d 63686C69 		.ascii	"chlists.h\000"
 1975      7374732E 
 1975      6800
 1976 0247 05       		.uleb128 0x5
 1977 0248 00       		.uleb128 0
 1978 0249 00       		.uleb128 0
 1979 024a 6368636F 		.ascii	"chcore.h\000"
 1979      72652E68 
 1979      00
 1980 0253 04       		.uleb128 0x4
 1981 0254 00       		.uleb128 0
 1982 0255 00       		.uleb128 0
 1983 0256 63687365 		.ascii	"chsem.h\000"
 1983      6D2E6800 
 1984 025e 05       		.uleb128 0x5
 1985 025f 00       		.uleb128 0
 1986 0260 00       		.uleb128 0
ARM GAS  C:\Users\acest\AppData\Local\Temp\ccF3dXUz.s 			page 37


 1987 0261 63686D74 		.ascii	"chmtx.h\000"
 1987      782E6800 
 1988 0269 05       		.uleb128 0x5
 1989 026a 00       		.uleb128 0
 1990 026b 00       		.uleb128 0
 1991 026c 63686D73 		.ascii	"chmsg.c\000"
 1991      672E6300 
 1992 0274 01       		.uleb128 0x1
 1993 0275 00       		.uleb128 0
 1994 0276 00       		.uleb128 0
 1995 0277 63686D73 		.ascii	"chmsg.h\000"
 1995      672E6800 
 1996 027f 05       		.uleb128 0x5
 1997 0280 00       		.uleb128 0
 1998 0281 00       		.uleb128 0
 1999 0282 63687379 		.ascii	"chsys.h\000"
 1999      732E6800 
 2000 028a 05       		.uleb128 0x5
 2001 028b 00       		.uleb128 0
 2002 028c 00       		.uleb128 0
 2003 028d 636D7369 		.ascii	"cmsis_gcc.h\000"
 2003      735F6763 
 2003      632E6800 
 2004 0299 02       		.uleb128 0x2
 2005 029a 00       		.uleb128 0
 2006 029b 00       		.uleb128 0
 2007 029c 63687468 		.ascii	"chthreads.h\000"
 2007      72656164 
 2007      732E6800 
 2008 02a8 05       		.uleb128 0x5
 2009 02a9 00       		.uleb128 0
 2010 02aa 00       		.uleb128 0
 2011 02ab 00       		.byte	0
 2012              	.LELTP0:
 2013              	.LELT0:
 2014              		.section	.gnu.debuglto_.debug_str,"eMS",%progbits,1
 2015              	.LASF105:
 2016 0000 72656164 		.ascii	"ready_list_t\000"
 2016      795F6C69 
 2016      73745F74 
 2016      00
 2017              	.LASF49:
 2018 000d 72666375 		.ascii	"rfcu\000"
 2018      00
 2019              	.LASF96:
 2020 0012 77747472 		.ascii	"wttrp\000"
 2020      7000
 2021              	.LASF73:
 2022 0018 64656C74 		.ascii	"delta\000"
 2022      6100
 2023              	.LASF93:
 2024 001e 7264796D 		.ascii	"rdymsg\000"
 2024      736700
 2025              	.LASF116:
 2026 0025 63684D73 		.ascii	"chMsgWaitTimeoutS\000"
 2026      67576169 
 2026      7454696D 
ARM GAS  C:\Users\acest\AppData\Local\Temp\ccF3dXUz.s 			page 38


 2026      656F7574 
 2026      5300
 2027              	.LASF7:
 2028 0037 5F5F7569 		.ascii	"__uint8_t\000"
 2028      6E74385F 
 2028      7400
 2029              	.LASF67:
 2030 0041 70726576 		.ascii	"prev\000"
 2030      00
 2031              	.LASF77:
 2032 0046 706F7274 		.ascii	"port_intctx\000"
 2032      5F696E74 
 2032      63747800 
 2033              	.LASF59:
 2034 0052 73797374 		.ascii	"system_debug_t\000"
 2034      656D5F64 
 2034      65627567 
 2034      5F7400
 2035              	.LASF48:
 2036 0061 636F7265 		.ascii	"core_id\000"
 2036      5F696400 
 2037              	.LASF68:
 2038 0069 63685F70 		.ascii	"ch_priority_queue_t\000"
 2038      72696F72 
 2038      6974795F 
 2038      71756575 
 2038      655F7400 
 2039              	.LASF13:
 2040 007d 6C6F6E67 		.ascii	"long long unsigned int\000"
 2040      206C6F6E 
 2040      6720756E 
 2040      7369676E 
 2040      65642069 
 2041              	.LASF94:
 2042 0094 65786974 		.ascii	"exitcode\000"
 2042      636F6465 
 2042      00
 2043              	.LASF51:
 2044 009d 6D61696E 		.ascii	"mainthread\000"
 2044      74687265 
 2044      616400
 2045              	.LASF97:
 2046 00a8 73656E74 		.ascii	"sentmsg\000"
 2046      6D736700 
 2047              	.LASF86:
 2048 00b0 76697274 		.ascii	"virtual_timers_list_t\000"
 2048      75616C5F 
 2048      74696D65 
 2048      72735F6C 
 2048      6973745F 
 2049              	.LASF64:
 2050 00c6 6E657874 		.ascii	"next\000"
 2050      00
 2051              	.LASF35:
 2052 00cb 72656673 		.ascii	"refs\000"
 2052      00
 2053              	.LASF1:
ARM GAS  C:\Users\acest\AppData\Local\Temp\ccF3dXUz.s 			page 39


 2054 00d0 6C6F6E67 		.ascii	"long long int\000"
 2054      206C6F6E 
 2054      6720696E 
 2054      7400
 2055              	.LASF3:
 2056 00de 7369676E 		.ascii	"signed char\000"
 2056      65642063 
 2056      68617200 
 2057              	.LASF72:
 2058 00ea 63685F64 		.ascii	"ch_delta_list\000"
 2058      656C7461 
 2058      5F6C6973 
 2058      7400
 2059              	.LASF127:
 2060 00f8 62617365 		.ascii	"basePri\000"
 2060      50726900 
 2061              	.LASF46:
 2062 0100 76746C69 		.ascii	"vtlist\000"
 2062      737400
 2063              	.LASF124:
 2064 0107 706F7274 		.ascii	"port_unlock\000"
 2064      5F756E6C 
 2064      6F636B00 
 2065              	.LASF37:
 2066 0113 6D736771 		.ascii	"msgqueue\000"
 2066      75657565 
 2066      00
 2067              	.LASF33:
 2068 011c 73746174 		.ascii	"state\000"
 2068      6500
 2069              	.LASF9:
 2070 0122 6C6F6E67 		.ascii	"long int\000"
 2070      20696E74 
 2070      00
 2071              	.LASF119:
 2072 012b 63684D73 		.ascii	"chMsgSend\000"
 2072      6753656E 
 2072      6400
 2073              	.LASF21:
 2074 0135 74737461 		.ascii	"tstate_t\000"
 2074      74655F74 
 2074      00
 2075              	.LASF53:
 2076 013e 63685F72 		.ascii	"ch_rfcu\000"
 2076      66637500 
 2077              	.LASF66:
 2078 0146 63685F71 		.ascii	"ch_queue\000"
 2078      75657565 
 2078      00
 2079              	.LASF88:
 2080 014f 71756575 		.ascii	"queue\000"
 2080      6500
 2081              	.LASF129:
 2082 0155 63685F71 		.ascii	"ch_queue_fifo_remove\000"
 2082      75657565 
 2082      5F666966 
 2082      6F5F7265 
ARM GAS  C:\Users\acest\AppData\Local\Temp\ccF3dXUz.s 			page 40


 2082      6D6F7665 
 2083              	.LASF71:
 2084 016a 63685F64 		.ascii	"ch_delta_list_t\000"
 2084      656C7461 
 2084      5F6C6973 
 2084      745F7400 
 2085              	.LASF128:
 2086 017a 63684D73 		.ascii	"chMsgIsPendingI\000"
 2086      67497350 
 2086      656E6469 
 2086      6E674900 
 2087              	.LASF87:
 2088 018a 63685F72 		.ascii	"ch_registry\000"
 2088      65676973 
 2088      74727900 
 2089              	.LASF132:
 2090 0196 433A5C55 		.ascii	"C:\\Users\\acest\\Desktop\\R.A.C.E\\race_project\000"
 2090      73657273 
 2090      5C616365 
 2090      73745C44 
 2090      65736B74 
 2091              	.LASF10:
 2092 01c2 5F5F7569 		.ascii	"__uint32_t\000"
 2092      6E743332 
 2092      5F7400
 2093              	.LASF54:
 2094 01cd 6D61736B 		.ascii	"mask\000"
 2094      00
 2095              	.LASF36:
 2096 01d2 77616974 		.ascii	"waiting\000"
 2096      696E6700 
 2097              	.LASF107:
 2098 01da 6D61696E 		.ascii	"mainthread_base\000"
 2098      74687265 
 2098      61645F62 
 2098      61736500 
 2099              	.LASF112:
 2100 01ea 6D757465 		.ascii	"mutex_t\000"
 2100      785F7400 
 2101              	.LASF61:
 2102 01f2 73797369 		.ascii	"sysinterval_t\000"
 2102      6E746572 
 2102      76616C5F 
 2102      7400
 2103              	.LASF26:
 2104 0200 636E745F 		.ascii	"cnt_t\000"
 2104      7400
 2105              	.LASF0:
 2106 0206 756E7369 		.ascii	"unsigned int\000"
 2106      676E6564 
 2106      20696E74 
 2106      00
 2107              	.LASF75:
 2108 0213 6C725F74 		.ascii	"lr_thd\000"
 2108      686400
 2109              	.LASF98:
 2110 021a 77747365 		.ascii	"wtsemp\000"
ARM GAS  C:\Users\acest\AppData\Local\Temp\ccF3dXUz.s 			page 41


 2110      6D7000
 2111              	.LASF11:
 2112 0221 6C6F6E67 		.ascii	"long unsigned int\000"
 2112      20756E73 
 2112      69676E65 
 2112      6420696E 
 2112      7400
 2113              	.LASF29:
 2114 0233 72717565 		.ascii	"rqueue\000"
 2114      756500
 2115              	.LASF65:
 2116 023a 63685F71 		.ascii	"ch_queue_t\000"
 2116      75657565 
 2116      5F7400
 2117              	.LASF117:
 2118 0245 74696D65 		.ascii	"timeout\000"
 2118      6F757400 
 2119              	.LASF31:
 2120 024d 6E616D65 		.ascii	"name\000"
 2120      00
 2121              	.LASF130:
 2122 0252 474E5520 		.ascii	"GNU C17 10.3.1 20210824 (release) -mcpu=cortex-m4 -"
 2122      43313720 
 2122      31302E33 
 2122      2E312032 
 2122      30323130 
 2123 0285 6D746875 		.ascii	"mthumb -mfloat-abi=soft -march=armv7e-m -ggdb -O2 -"
 2123      6D62202D 
 2123      6D666C6F 
 2123      61742D61 
 2123      62693D73 
 2124 02b8 666F6D69 		.ascii	"fomit-frame-pointer -falign-functions=16 -ffunction"
 2124      742D6672 
 2124      616D652D 
 2124      706F696E 
 2124      74657220 
 2125 02eb 2D736563 		.ascii	"-sections -fdata-sections -fno-common -flto\000"
 2125      74696F6E 
 2125      73202D66 
 2125      64617461 
 2125      2D736563 
 2126              	.LASF41:
 2127 0317 6D706F6F 		.ascii	"mpool\000"
 2127      6C00
 2128              	.LASF118:
 2129 031d 63684D73 		.ascii	"chMsgWaitS\000"
 2129      67576169 
 2129      745300
 2130              	.LASF78:
 2131 0328 62617365 		.ascii	"basepri\000"
 2131      70726900 
 2132              	.LASF43:
 2133 0330 63685F74 		.ascii	"ch_thread\000"
 2133      68726561 
 2133      6400
 2134              	.LASF114:
 2135 033a 63757272 		.ascii	"currtp\000"
ARM GAS  C:\Users\acest\AppData\Local\Temp\ccF3dXUz.s 			page 42


 2135      747000
 2136              	.LASF24:
 2137 0341 6D73675F 		.ascii	"msg_t\000"
 2137      7400
 2138              	.LASF38:
 2139 0347 6570656E 		.ascii	"epending\000"
 2139      64696E67 
 2139      00
 2140              	.LASF20:
 2141 0350 746D6F64 		.ascii	"tmode_t\000"
 2141      655F7400 
 2142              	.LASF63:
 2143 0358 63685F6C 		.ascii	"ch_list\000"
 2143      69737400 
 2144              	.LASF103:
 2145 0360 63685F72 		.ascii	"ch_ready_list\000"
 2145      65616479 
 2145      5F6C6973 
 2145      7400
 2146              	.LASF25:
 2147 036e 6576656E 		.ascii	"eventmask_t\000"
 2147      746D6173 
 2147      6B5F7400 
 2148              	.LASF79:
 2149 037a 6C725F65 		.ascii	"lr_exc\000"
 2149      786300
 2150              	.LASF19:
 2151 0381 73746B61 		.ascii	"stkalign_t\000"
 2151      6C69676E 
 2151      5F7400
 2152              	.LASF109:
 2153 038c 69646C65 		.ascii	"idlethread_base\000"
 2153      74687265 
 2153      61645F62 
 2153      61736500 
 2154              	.LASF85:
 2155 039c 6C617374 		.ascii	"laststamp\000"
 2155      7374616D 
 2155      7000
 2156              	.LASF40:
 2157 03a6 7265616C 		.ascii	"realprio\000"
 2157      7072696F 
 2157      00
 2158              	.LASF52:
 2159 03af 72666375 		.ascii	"rfcu_mask_t\000"
 2159      5F6D6173 
 2159      6B5F7400 
 2160              	.LASF90:
 2161 03bb 74687265 		.ascii	"thread_reference_t\000"
 2161      61645F72 
 2161      65666572 
 2161      656E6365 
 2161      5F7400
 2162              	.LASF82:
 2163 03ce 63685F76 		.ascii	"ch_virtual_timers_list\000"
 2163      69727475 
 2163      616C5F74 
ARM GAS  C:\Users\acest\AppData\Local\Temp\ccF3dXUz.s 			page 43


 2163      696D6572 
 2163      735F6C69 
 2164              	.LASF62:
 2165 03e5 63685F6C 		.ascii	"ch_list_t\000"
 2165      6973745F 
 2165      7400
 2166              	.LASF17:
 2167 03ef 75696E74 		.ascii	"uint64_t\000"
 2167      36345F74 
 2167      00
 2168              	.LASF106:
 2169 03f8 63685F6F 		.ascii	"ch_os_instance_config\000"
 2169      735F696E 
 2169      7374616E 
 2169      63655F63 
 2169      6F6E6669 
 2170              	.LASF80:
 2171 040e 706F7274 		.ascii	"port_context\000"
 2171      5F636F6E 
 2171      74657874 
 2171      00
 2172              	.LASF74:
 2173 041b 706F7274 		.ascii	"port_extctx\000"
 2173      5F657874 
 2173      63747800 
 2174              	.LASF70:
 2175 0427 7072696F 		.ascii	"prio\000"
 2175      00
 2176              	.LASF104:
 2177 042c 63757272 		.ascii	"current\000"
 2177      656E7400 
 2178              	.LASF12:
 2179 0434 5F5F7569 		.ascii	"__uint64_t\000"
 2179      6E743634 
 2179      5F7400
 2180              	.LASF27:
 2181 043f 636F7265 		.ascii	"core_id_t\000"
 2181      5F69645F 
 2181      7400
 2182              	.LASF22:
 2183 0449 74726566 		.ascii	"trefs_t\000"
 2183      735F7400 
 2184              	.LASF23:
 2185 0451 74707269 		.ascii	"tprio_t\000"
 2185      6F5F7400 
 2186              	.LASF56:
 2187 0459 63685F73 		.ascii	"ch_system_debug\000"
 2187      79737465 
 2187      6D5F6465 
 2187      62756700 
 2188              	.LASF113:
 2189 0469 5F426F6F 		.ascii	"_Bool\000"
 2189      6C00
 2190              	.LASF15:
 2191 046f 696E7433 		.ascii	"int32_t\000"
 2191      325F7400 
 2192              	.LASF4:
ARM GAS  C:\Users\acest\AppData\Local\Temp\ccF3dXUz.s 			page 44


 2193 0477 756E7369 		.ascii	"unsigned char\000"
 2193      676E6564 
 2193      20636861 
 2193      7200
 2194              	.LASF55:
 2195 0485 72666375 		.ascii	"rfcu_t\000"
 2195      5F7400
 2196              	.LASF135:
 2197 048c 63685F71 		.ascii	"ch_queue_insert\000"
 2197      75657565 
 2197      5F696E73 
 2197      65727400 
 2198              	.LASF5:
 2199 049c 73686F72 		.ascii	"short int\000"
 2199      7420696E 
 2199      7400
 2200              	.LASF84:
 2201 04a6 6C617374 		.ascii	"lasttime\000"
 2201      74696D65 
 2201      00
 2202              	.LASF76:
 2203 04af 78707372 		.ascii	"xpsr\000"
 2203      00
 2204              	.LASF100:
 2205 04b4 65776D61 		.ascii	"ewmask\000"
 2205      736B00
 2206              	.LASF131:
 2207 04bb 2E2E2F2E 		.ascii	"../../../../../ChibiStudio/chibios2111/os/rt/src/ch"
 2207      2E2F2E2E 
 2207      2F2E2E2F 
 2207      2E2E2F43 
 2207      68696269 
 2208 04ee 6D73672E 		.ascii	"msg.c\000"
 2208      6300
 2209              	.LASF120:
 2210 04f4 5F5F6675 		.ascii	"__func__\000"
 2210      6E635F5F 
 2210      00
 2211              	.LASF123:
 2212 04fd 63685379 		.ascii	"chSysLock\000"
 2212      734C6F63 
 2212      6B00
 2213              	.LASF133:
 2214 0507 63684D73 		.ascii	"chMsgRelease\000"
 2214      6752656C 
 2214      65617365 
 2214      00
 2215              	.LASF101:
 2216 0514 63685F73 		.ascii	"ch_semaphore\000"
 2216      656D6170 
 2216      686F7265 
 2216      00
 2217              	.LASF89:
 2218 0521 72656769 		.ascii	"registry_t\000"
 2218      73747279 
 2218      5F7400
 2219              	.LASF16:
ARM GAS  C:\Users\acest\AppData\Local\Temp\ccF3dXUz.s 			page 45


 2220 052c 75696E74 		.ascii	"uint32_t\000"
 2220      33325F74 
 2220      00
 2221              	.LASF99:
 2222 0535 77746D74 		.ascii	"wtmtxp\000"
 2222      787000
 2223              	.LASF18:
 2224 053c 706F7274 		.ascii	"port_stkalign_t\000"
 2224      5F73746B 
 2224      616C6967 
 2224      6E5F7400 
 2225              	.LASF30:
 2226 054c 6F776E65 		.ascii	"owner\000"
 2226      7200
 2227              	.LASF81:
 2228 0552 72656773 		.ascii	"regs\000"
 2228      00
 2229              	.LASF2:
 2230 0557 6C6F6E67 		.ascii	"long double\000"
 2230      20646F75 
 2230      626C6500 
 2231              	.LASF32:
 2232 0563 77616261 		.ascii	"wabase\000"
 2232      736500
 2233              	.LASF58:
 2234 056a 63686172 		.ascii	"char\000"
 2234      00
 2235              	.LASF50:
 2236 056f 636F6E66 		.ascii	"config\000"
 2236      696700
 2237              	.LASF28:
 2238 0576 74687265 		.ascii	"thread_t\000"
 2238      61645F74 
 2238      00
 2239              	.LASF83:
 2240 057f 646C6973 		.ascii	"dlist\000"
 2240      7400
 2241              	.LASF60:
 2242 0585 73797374 		.ascii	"systime_t\000"
 2242      696D655F 
 2242      7400
 2243              	.LASF8:
 2244 058f 5F5F696E 		.ascii	"__int32_t\000"
 2244      7433325F 
 2244      7400
 2245              	.LASF126:
 2246 0599 5F5F7365 		.ascii	"__set_BASEPRI\000"
 2246      745F4241 
 2246      53455052 
 2246      4900
 2247              	.LASF57:
 2248 05a7 70616E69 		.ascii	"panic_msg\000"
 2248      635F6D73 
 2248      6700
 2249              	.LASF92:
 2250 05b1 70717565 		.ascii	"pqueue\000"
 2250      756500
ARM GAS  C:\Users\acest\AppData\Local\Temp\ccF3dXUz.s 			page 46


 2251              	.LASF44:
 2252 05b8 63685F6F 		.ascii	"ch_os_instance\000"
 2252      735F696E 
 2252      7374616E 
 2252      636500
 2253              	.LASF42:
 2254 05c7 6F735F69 		.ascii	"os_instance_t\000"
 2254      6E737461 
 2254      6E63655F 
 2254      7400
 2255              	.LASF47:
 2256 05d5 7265676C 		.ascii	"reglist\000"
 2256      69737400 
 2257              	.LASF6:
 2258 05dd 73686F72 		.ascii	"short unsigned int\000"
 2258      7420756E 
 2258      7369676E 
 2258      65642069 
 2258      6E7400
 2259              	.LASF69:
 2260 05f0 63685F70 		.ascii	"ch_priority_queue\000"
 2260      72696F72 
 2260      6974795F 
 2260      71756575 
 2260      6500
 2261              	.LASF115:
 2262 0602 63684D73 		.ascii	"chMsgPollS\000"
 2262      67506F6C 
 2262      6C5300
 2263              	.LASF108:
 2264 060d 6D61696E 		.ascii	"mainthread_end\000"
 2264      74687265 
 2264      61645F65 
 2264      6E6400
 2265              	.LASF111:
 2266 061c 6F735F69 		.ascii	"os_instance_config_t\000"
 2266      6E737461 
 2266      6E63655F 
 2266      636F6E66 
 2266      69675F74 
 2267              	.LASF102:
 2268 0631 63685F6D 		.ascii	"ch_mutex\000"
 2268      75746578 
 2268      00
 2269              	.LASF45:
 2270 063a 726C6973 		.ascii	"rlist\000"
 2270      7400
 2271              	.LASF134:
 2272 0640 63685468 		.ascii	"chThdGetSelfX\000"
 2272      64476574 
 2272      53656C66 
 2272      5800
 2273              	.LASF14:
 2274 064e 75696E74 		.ascii	"uint8_t\000"
 2274      385F7400 
 2275              	.LASF34:
 2276 0656 666C6167 		.ascii	"flags\000"
ARM GAS  C:\Users\acest\AppData\Local\Temp\ccF3dXUz.s 			page 47


 2276      7300
 2277              	.LASF95:
 2278 065c 77746F62 		.ascii	"wtobjp\000"
 2278      6A7000
 2279              	.LASF122:
 2280 0663 63685379 		.ascii	"chSysUnlock\000"
 2280      73556E6C 
 2280      6F636B00 
 2281              	.LASF121:
 2282 066f 63684D73 		.ascii	"chMsgReleaseS\000"
 2282      6752656C 
 2282      65617365 
 2282      5300
 2283              	.LASF91:
 2284 067d 6C697374 		.ascii	"list\000"
 2284      00
 2285              	.LASF125:
 2286 0682 706F7274 		.ascii	"port_lock\000"
 2286      5F6C6F63 
 2286      6B00
 2287              	.LASF110:
 2288 068c 69646C65 		.ascii	"idlethread_end\000"
 2288      74687265 
 2288      61645F65 
 2288      6E6400
 2289              	.LASF39:
 2290 069b 6D74786C 		.ascii	"mtxlist\000"
 2290      69737400 
 2291              		.text
 2292              		.section	.gnu.lto_.profile.b3bfee77,"e",%progbits
 2293 0000 789C6362 		.ascii	"x\234cb\000\001\000\000\022\000\003"
 2293      00010000 
 2293      120003
 2294              		.text
 2295              		.section	.gnu.lto_.icf.b3bfee77,"e",%progbits
 2296 0000 789C5360 		.ascii	"x\234S`@\000V\206O\277\246|cf\352\270\367\265\201\217"
 2296      40005686 
 2296      4FBFA67C 
 2296      6366EAB8 
 2296      F7B5818F 
 2297 0014 79DFACC5 		.ascii	"y\337\254\305gXX\032\016\264l\345`\335\272\363\373M"
 2297      6758581A 
 2297      0EB46CE5 
 2297      60DDBAF3 
 2297      FB4D
 2298 0026 6E060001 		.ascii	"n\006\000\001\342\017+"
 2298      E20F2B
 2299              		.text
 2300              		.section	.gnu.lto_.ipa_sra.b3bfee77,"e",%progbits
 2301 0000 789C4589 		.ascii	"x\234E\211\311\015\000 \020\0029\326hY\226f\351\212"
 2301      C90D0020 
 2301      100239D6 
 2301      68599666 
 2301      E98A
 2302 0012 8991CF00 		.ascii	"\211\221\317\0003\361\323\240W\015\202\012\3143\351"
 2302      33F1D3A0 
 2302      570D820A 
ARM GAS  C:\Users\acest\AppData\Local\Temp\ccF3dXUz.s 			page 48


 2302      CC33E9
 2303 0021 6B525170 		.ascii	"kRQp\023\006z\016\212\253\302\310\015 \244\001\007"
 2303      13067A0E 
 2303      8AABC2C8 
 2303      0D20A401 
 2303      07
 2304              		.text
 2305              		.section	.gnu.lto_.inline.b3bfee77,"e",%progbits
 2306 0000 789CBBCB 		.ascii	"x\234\273\313\200\000\254\014\014\"\233\257\236?\314"
 2306      8000AC0C 
 2306      0C229BAF 
 2306      9E3FCC
 2307 000f 9CCEC8C8 		.ascii	"\234\316\310\310\300\270\204\031$\306$\336\320\320\360"
 2307      C0B88419 
 2307      24C624DE 
 2307      D0D0F0
 2308 001e 81298D81 		.ascii	"\201)\215\201\201\023\3108\300\234\302\304\300\004\022"
 2308      8113C838 
 2308      C09CC2C4 
 2308      C00412
 2309 002d E606128C 		.ascii	"\346\006\022\214Pj\202\037\023\003\337\306\205k\347"
 2309      506A821F 
 2309      1303DFC6 
 2309      856BE7
 2310 003c 32A70185 		.ascii	"2\247\001\205\204\200\352\026\2004\260\001\031\015L"
 2310      8480EA16 
 2310      8034B001 
 2310      190D4C
 2311 004b A81A9819 		.ascii	"\250\032\230\031\204\236\237z\261\016\254P\354\302\256"
 2311      849E9F7A 
 2311      B10EAC50 
 2311      ECC2AE
 2312 005a E5CB3014 		.ascii	"\345\3130\024\262\360\202T3L\360ca\340^\367\344\333"
 2312      B2F08254 
 2312      334CF063 
 2312      61E05EF7 
 2312      E4DB
 2313 006c 1A269052 		.ascii	"\032&\220R\201;'\336\336dNES\312\312\300\001\346\246"
 2313      813B27DE 
 2313      DE644E45 
 2313      53CACAC0 
 2313      01E6A6
 2314 007f 0355B040 		.ascii	"\003U\260@$\320T0\363\200\014\233\3407\301\217\001\000"
 2314      24D05430 
 2314      F3800C9B 
 2314      E037C18F 
 2314      0100
 2315 0091 D2FE3192 		.ascii	"\322\3761\222"
 2316              		.text
 2317              		.section	.gnu.lto_.jmpfuncs.b3bfee77,"e",%progbits
 2318 0000 789C6D8D 		.ascii	"x\234m\2151\016\2000\014\003\355$lU\371q\373\007\336"
 2318      310E8030 
 2318      0C03ED24 
 2318      6C55F971 
 2318      FB07DE
 2319 0013 D091959D 		.ascii	"\320\221\225\235\237\201[!\225\241\226n\210sJN\314l"
 2319      9F815B21 
ARM GAS  C:\Users\acest\AppData\Local\Temp\ccF3dXUz.s 			page 49


 2319      95A1966E 
 2319      88734A4E 
 2319      CC6C
 2320 0025 30D26B73 		.ascii	"0\322ks\010\232\035\336\334\230\300;\230\004`Q\344\365"
 2320      089A1DDE 
 2320      DC98C03B 
 2320      98046051 
 2320      E4F5
 2321 0037 19E25176 		.ascii	"\031\342Qv\230\352O\315c\225\207\352T\232{\030/\376"
 2321      98EA4FCD 
 2321      639587EA 
 2321      549A7B18 
 2321      2FFE
 2322 0049 FAC585D0 		.ascii	"\372\305\205\320\353\376Y:\004c\345\024\316\252\002"
 2322      EBFE593A 
 2322      0463E514 
 2322      CEAA02
 2323 0058 2F1F9922 		.ascii	"/\037\231\"\033"
 2323      1B
 2324              		.text
 2325              		.section	.gnu.lto_.pureconst.b3bfee77,"e",%progbits
 2326 0000 789C1360 		.ascii	"x\234\023````e\330\305\3124\213\205y\026\013\313,\026"
 2326      60606065 
 2326      D8C5CA34 
 2326      8B857916 
 2326      0BCB2C16 
 2327 0014 D65DAC00 		.ascii	"\326]\254\000\034\250\003|"
 2327      1CA8037C 
 2328              		.text
 2329              		.section	.gnu.lto_.lto.b3bfee77,"e",%progbits
 2330 0000 09000400 		.ascii	"\011\000\004\000\001\000\000\000"
 2330      01000000 
 2331              		.text
 2332              		.section	.gnu.lto_chMsgSend.335.b3bfee77,"e",%progbits
 2333 0000 789C9556 		.ascii	"x\234\225Vml\024e\020~g\337\275/l\013\025\344\007\376"
 2333      6D6C1465 
 2333      107E67DF 
 2333      BD2F6C0B 
 2333      15E407FE 
 2334 0014 29248498 		.ascii	")$\204\230\300\225\023\211\226_\03041\006\023\003\361"
 2334      C0951389 
 2334      965F1834 
 2334      31061303 
 2334      F1
 2335 0025 DF25A45C 		.ascii	"\337%\244\\/pz\307\235\273\207\221?\262\\\213h\215@"
 2335      2F707AC7 
 2335      9DBB8791 
 2335      3FB25C8B 
 2335      688D40
 2336 0038 4B035A8E 		.ascii	"K\003Z\216Zk1\305H\014\261\205b\013=,\237\"\322\226"
 2336      5A6B31C5 
 2336      480CB185 
 2336      620B3D2C 
 2336      9F22D296 
 2337 004c 164A8BD4 		.ascii	"\026J\213\324\024*\024#\226\253\204B@\234y\337\355\336"
 2337      142A1423 
 2337      96AB8442 
ARM GAS  C:\Users\acest\AppData\Local\Temp\ccF3dXUz.s 			page 50


 2337      409C79DF 
 2337      EDDE
 2338 005e 1EA90692 		.ascii	"\036\251\006\222f\367\335\331g\236yfvf\256\337\272\031"
 2338      66F7DDD9 
 2338      679E7966 
 2338      7666AEDF 
 2338      BA19
 2339 0070 EB07C65E 		.ascii	"\353\007\306^g\214\201\203AeE\271\302\014\303X\354R"
 2339      678C8183 
 2339      416545B9 
 2339      C20CC358 
 2339      EC52
 2340 0082 94D28A4F 		.ascii	"\224\322\212O\0248\004W7\335\313Q\313*\362\222c\033"
 2340      14380457 
 2340      37DDCB51 
 2340      CB2AF292 
 2340      631B
 2341 0094 17A81CAA 		.ascii	"\027\250\034\252,\204\012\033*\312O$\033U\004\011\003"
 2341      2C840A1B 
 2341      2ACA4F24 
 2341      1B550409 
 2341      03
 2342 00a5 B0F50A57 		.ascii	"\260\365\012Wa=l\343I\016\225\274\2363P\315\023@\301"
 2342      613D6CE3 
 2342      490E95BC 
 2342      9E3350CD 
 2342      1340C1
 2343 00b8 73081A1B 		.ascii	"s\010\032\033\332\261\347\012$\033Rj=WX\015\002\232"
 2343      DAB1E70A 
 2343      241B526A 
 2343      3D57580D 
 2343      029A
 2344 00ca 001A5100 		.ascii	"\000\032Q\000c\010\344!6'e\030\035-\315\206\341a\365"
 2344      6308E421 
 2344      36276518 
 2344      1D2DCD86 
 2344      E161F5
 2345 00dd 9CC301B0 		.ascii	"\234\303\001\260a\320\020n\314'\334\007l\016\222u\234"
 2345      61D0106E 
 2345      CC27DC07 
 2345      6C0E9275 
 2345      9C
 2346 00ee 31710A1C 		.ascii	"1q\012\034\314\306)\341\266|\311\230\000\272\315F\326"
 2346      CCC629E1 
 2346      B67CC998 
 2346      00BACD46 
 2346      D6
 2347 00ff 916FBEDA 		.ascii	"\221o\276\332\224\267u\203\233h[ +t\370t\276\223A+\220"
 2347      94B77583 
 2347      9B685B20 
 2347      2B74F874 
 2347      BE93412B 
 2348 0114 20C648B2 		.ascii	" \306H\262\223\341\031\340\260\360vb\254\346\001\037"
 2348      93E119E0 
 2348      B0F07662 
 2348      ACE6011F 
 2349 0124 C33C6B50 		.ascii	"\303<kP\265iI~\276\3616z\265\241\215\213P-\002L\011"
ARM GAS  C:\Users\acest\AppData\Local\Temp\ccF3dXUz.s 			page 51


 2349      B569497E 
 2349      BEF1367A 
 2349      B5A18D8B 
 2349      502D024C 
 2350 0139 8C6DDFDC 		.ascii	"\214m\337\334\177vF\322\240,U8\002D%\203\301\217\200"
 2350      7F7646D2 
 2350      A02C5538 
 2350      02442583 
 2350      C18F80
 2351 014c A6F08EA9 		.ascii	"\246\360\216\251\246\250\261\216\312\266\203s\333K\215"
 2351      A6A8B18E 
 2351      CAB68373 
 2351      DB4B8D
 2352 015b 93868565 		.ascii	"\223\206\205e\031\254,\013E\033\273\232tB;\032S\304"
 2352      19AC2C0B 
 2352      451BBB9A 
 2352      74423B1A 
 2352      53C4
 2353 016d C6501F1C 		.ascii	"\306P\037\034\265\364\221X\025\216[b[\007\032>\365J"
 2353      B5F49158 
 2353      158E5B62 
 2353      5B071A3E 
 2353      F54A
 2354 017f B9AA809E 		.ascii	"\271\252\200\236\000\333\333\346\013f*\216L*\307.a*"
 2354      00DBDBE6 
 2354      0B662A8E 
 2354      4C2AC72E 
 2354      612A
 2355 0191 A7D0E664 		.ascii	"\247\320\346d\031e;\037KYs\017*;\215\306\237,e?g)s\301"
 2355      19653B1F 
 2355      4B59730F 
 2355      2A3B8DC6 
 2355      9F2C653F 
 2356 01a9 2FE28177 		.ascii	"/\342\201w*V\201z\267o\376\330,\220\003\316\002\201"
 2356      2A56817A 
 2356      B76FFED8 
 2356      2C9003CE 
 2356      0281
 2357 01bb 4CEA0E2C 		.ascii	"L\352\016,\220#|\301*\320\341S\325\233]R\204D\262\014"
 2357      90237CC1 
 2357      2AD0E153 
 2357      D59B5D52 
 2357      8444B20C 
 2358 01cf D2EC9A8F 		.ascii	"\322\354\232\217x\026\357\254#\245\306k\204\356\262"
 2358      7816EFAC 
 2358      23A5C66B 
 2358      84EEB2
 2359 01de F39E13BC 		.ascii	"\363\236\023\274W&\346\355\262\363\236\263'w\311\007"
 2359      5726E6ED 
 2359      B2F39EB3 
 2359      2777C907 
 2360 01ee DD009D20 		.ascii	"\335\000\235 +\346\022\351\365\000eD\250\357\272\034"
 2360      2BE612E9 
 2360      F5006544 
 2360      A8EFBA1C 
 2361 01fe 29E3FEC3 		.ascii	")\343\376\303-\206qvF_k\332=\215c\3639T\2728\350\342"
 2361      2D867176 
ARM GAS  C:\Users\acest\AppData\Local\Temp\ccF3dXUz.s 			page 52


 2361      465F6BDA 
 2361      3D8D63F3 
 2361      3954BA38 
 2362 0214 C48BD305 		.ascii	"\304\213\323\005\360\003x\000\232!\207\341)\227\372"
 2362      F0037800 
 2362      9A2187E1 
 2362      2997FA
 2363 0223 98B12D9C 		.ascii	"\230\261-\234\246\310P\301H1\266\225+\362\241\024\037"
 2363      A6C850C1 
 2363      4831B695 
 2363      2BF2A114 
 2363      1F
 2364 0234 6E8031D8 		.ascii	"n\2001\330\203\237\013\357\243\303\215}\347\223\200"
 2364      839F0BEF 
 2364      A3C38D7D 
 2364      E79380
 2365 0243 DF4F5807 		.ascii	"\337OX\007\316{\340$\260\233\220h\335\223[\307s\315"
 2365      CE7BE024 
 2365      B09B9068 
 2365      DD935BC7 
 2365      73CD
 2366 0255 D97289F2 		.ascii	"\331r\211\362\226\201\202\307\006.\264\177\015\030\305"
 2366      968182C7 
 2366      062EB47F 
 2366      0D18C5
 2367 0264 0DBD0017 		.ascii	"\015\275\000\027\304\313\371\310\216\235\357\201\213"
 2367      C4CBF9C8 
 2367      8E9DEF81 
 2367      8B
 2368 0271 B08B8B86 		.ascii	"\260\213\213\2060-\034\372\320\002L\206H\214<\250kj"
 2368      302D1CFA 
 2368      D0024C86 
 2368      488C3CA8 
 2368      6B6A
 2369 0283 F660AE38 		.ascii	"\366`\2568\015\030@D\275(\265\314\262.\203\330,$n\250"
 2369      0D184044 
 2369      BD28B5CC 
 2369      B22E83D8 
 2369      2C246EA8 
 2370 0297 EA72F576 		.ascii	"\352r\365v\300\266\021\306\321>\217\320>\372\345\356"
 2370      C0B611C6 
 2370      D13E8FD0 
 2370      3EFAE5EE 
 2371 02a7 FDE9DEA9 		.ascii	"\375\351\336\251\330\0162\223\364g@\366D\0016\011\251"
 2371      D80E3293 
 2371      F46740F6 
 2371      44013609 
 2371      A9
 2372 02b8 5561BE80 		.ascii	"Ua\276\200\355M\356\037\330\005\330+\002\3262\340\201"
 2372      ED4DEE1F 
 2372      D805D82B 
 2372      02D632E0 
 2372      81
 2373 02c9 33C0FE82 		.ascii	"3\300\376\202\304,*m\2126\310\314N\376!J\234\204G\225"
 2373      C42C2A6D 
 2373      8A36C8CC 
 2373      4EFE214A 
ARM GAS  C:\Users\acest\AppData\Local\Temp\ccF3dXUz.s 			page 53


 2373      9C844795 
 2374 02dd F6D3AFC0 		.ascii	"\366\323\257\300\360\016\227\001.\211\244fv\213\367"
 2374      F00E9701 
 2374      2E89A466 
 2374      768BF7
 2375 02ec 4F8997BF 		.ascii	"O\211\227\277\311(#\265\273\273\323nF\015I\274\351\241"
 2375      C92823B5 
 2375      BBBBD36E 
 2375      460D49BC 
 2375      E9A1
 2376 02fe AABFFB66 		.ascii	"\252\277\373f\213\010w\372\246\013\313\203t\323RL\220"
 2376      8B0877FA 
 2376      A60BCB83 
 2376      74D3524C 
 2376      90
 2377 030f AA583D3C 		.ascii	"\252X=<\335,!\007Y5,\312\365\234z\236\203\271\303\240"
 2377      DD2C2107 
 2377      59352CCA 
 2377      F59C7A9E 
 2377      83B9C3A0 
 2378 0323 BD72B970 		.ascii	"\275r\271p\005\353\2440F\317\015y\264s\256\242\001k"
 2378      05EBA430 
 2378      46CF0D79 
 2378      B473AEA2 
 2378      016B
 2379 0335 59875D41 		.ascii	"Y\207]A\374\267\216\013\316\252r,\234:N\346\026\\\236"
 2379      FCB78E0B 
 2379      CEAA722C 
 2379      9C3A4EE6 
 2379      165C9E
 2380 0348 6CAE3CF8 		.ascii	"l\256<\370\035]Qu\231\011q\3005\224;\356\354\310v~D"
 2380      1D5D5175 
 2380      990971C0 
 2380      35943BEE 
 2380      ECC8767E 
 2381 035d C8641846 		.ascii	"\310d\030Fg\007\313\342\273\201&\247\235\357\217\361"
 2381      6707CBE2 
 2381      BB8126A7 
 2381      9DEF8FF1 
 2382 036d 9A77921A 		.ascii	"\232w\222\032y\354&nQ\372}{\223\225\370\341zd\351\367"
 2382      79EC266E 
 2382      51FA7D7B 
 2382      9395F8E1 
 2382      7A64E9F7 
 2383 0381 7579E0BC 		.ascii	"uy\340\274Y\217if=\034`uQ\036I\370\023d\342\012\275"
 2383      598F6966 
 2383      3D1C6075 
 2383      511E49F8 
 2383      1364E20A 
 2384 0396 BA89D15C 		.ascii	"\272\211\321\\4\006\222\332\030\374\276K6\345\360\364"
 2384      340692DA 
 2384      18FCBE4B 
 2384      36E5F0F4 
 2385 03a6 3ACE2D86 		.ascii	":\316-\206^;\205\007F$\205\220w\013\031\334\304@n#\345"
 2385      5E3B8507 
 2385      46248590 
 2385      770B19DC 
ARM GAS  C:\Users\acest\AppData\Local\Temp\ccF3dXUz.s 			page 54


 2385      C4406E23 
 2386 03bb 6794FF0E 		.ascii	"g\224\377\0166:\016Ej\021\254\251\313\246u\334\211["
 2386      363A0E45 
 2386      6A11ACA9 
 2386      CBA675DC 
 2386      895B
 2387 03cd 4EB9E474 		.ascii	"N\271\344t;\243Pd<x`\"'K\323u\021\351N&\222C\316B\342"
 2387      3BA35064 
 2387      3C786022 
 2387      274BD375 
 2387      11E94E26 
 2388 03e6 00750A4D 		.ascii	"\000u\012M\377x\005\345t\246\2352]\374:\316\011\276"
 2388      FF7805E5 
 2388      74A69D32 
 2388      5DFC3ACE 
 2388      09BE
 2389 03f8 B499E614 		.ascii	"\264\231\346\024\270\213\2148\024l\030\312\256\267\317"
 2389      B88B8C38 
 2389      146C18CA 
 2389      AEB7CF
 2390 0407 40301566 		.ascii	"@0\025f\012\344\321o\016\316<\257=\334q\215Y3\177\373"
 2390      0AE4D16F 
 2390      0ECE3CAF 
 2390      3DDC718D 
 2390      59337FFB 
 2391 041b B8C246A0 		.ascii	"\270\302F\240\254\266\210\211Q\316\257A5\330]\236z\376"
 2391      ACB68889 
 2391      51CEAF41 
 2391      35D85D9E 
 2391      7AFE
 2392 042d B480ABD9 		.ascii	"\264\200\253\331+\342.\366\033\302\013$zj\015E\"~'`"
 2392      2BE22EF6 
 2392      1BC20B24 
 2392      7A6A0D45 
 2392      227E2760 
 2393 0441 034F1390 		.ascii	"\003O\023\220{\246N^\307s\254\366\236<q{?\264\265\367"
 2393      7BA64E5E 
 2393      C773ACF6 
 2393      9E3C717B 
 2393      3FB4B5F7 
 2394 0455 33D4DE86 		.ascii	"3\324\336\206\262\213Ob\"\363\332\311\270\267\220C\220"
 2394      B28B4F62 
 2394      22F3DAC9 
 2394      B8B79043 
 2394      90
 2395 0466 3E3057D3 		.ascii	">0W\323PU\365Nl\2426\331D_\364\3570\213\263o\247\234"
 2395      5055F54E 
 2395      6CA236D9 
 2395      445FF4EF 
 2395      308BB36F 
 2396 047c B743FD8F 		.ascii	"\267C\375\217\256\215\356g\315\375\360\017\355\207\224"
 2396      AE8DEE67 
 2396      CDFDF00F 
 2396      ED8794
 2397 048b 74DC366A 		.ascii	"t\3346j\355\207vs?0\373~8\232\331\017\307\354\373\301"
 2397      ED877673 
 2397      3F30FB7E 
ARM GAS  C:\Users\acest\AppData\Local\Temp\ccF3dXUz.s 			page 55


 2397      389AD90F 
 2397      C7ECFBC1 
 2398 049f DC040985 		.ascii	"\334\004\011\205=2\376\225\243\370\021\333\315\361\277"
 2398      3D32FE95 
 2398      A3F811DB 
 2398      CDF1BF
 2399 04ae 9F3848FF 		.ascii	"\2378H\377\236\2604&\261\2202`\264yAV2\221\242\307\271"
 2399      9EB03426 
 2399      B1903260 
 2399      B4794156 
 2399      3291A2C7 
 2400 04c3 4B16F9DF 		.ascii	"K\026\371\337\322\203\232\356/\016\004\365\270\377\225"
 2400      D2839AEE 
 2400      2F0E04F5 
 2400      B8FF95
 2401 04d2 A0FE4E3C 		.ascii	"\240\376N<\032\363/\363\276\354]\342}\325\257\241yE"
 2401      1AF32FF3 
 2401      BEEC5DE2 
 2401      7DD5AFA1 
 2401      7945
 2402 04e4 4C8BBE1D 		.ascii	"L\213\276\035\014\304Y\221\327[h\377[\262:\2642\264"
 2402      0CC45991 
 2402      D75B68FF 
 2402      5BB23AB4 
 2402      32B4
 2403 04f6 3CBEB624 		.ascii	"<\276\266$\024-\014\3209\252?\357\363\371\012\243z\241"
 2403      142D0CD0 
 2403      39AA3FEF 
 2403      F3F90AA3 
 2403      7AA1
 2404 0508 162FD4B5 		.ascii	"\026/\324\265\000Z#\372*o\200)\361X\276y\366\226\024"
 2404      005A23FA 
 2404      2A6F8029 
 2404      F158BE79 
 2404      F69614
 2405 051b BD54F482 		.ascii	"\275T\364\202\257x!\343\370\354\014\254\325\264x\314"
 2405      AF7821E3 
 2405      F8EC0CAC 
 2405      D5B478CC 
 2406 052b 1758E417 		.ascii	"\027X\344\027\014\272`\363\333\330\374Q\335\257\305"
 2406      0CBA60F3 
 2406      DBD8FC51 
 2406      DDAFC5
 2407 053a FDA13581 		.ascii	"\375\2415\201\360\332\222 \276\321\327\351\336\325\314"
 2407      F0DA9220 
 2407      BED1D7E9 
 2407      DED5CC
 2408 0549 B5B2580F 		.ascii	"\265\262X\017\276\251\205\226\376\277g \032\211D\327"
 2408      BEA98596 
 2408      FEBF6720 
 2408      1A8944D7 
 2409 0559 F883EFC7 		.ascii	"\370\203\357\307\375\305Z\304\037\210\350!2j\301\014"
 2409      FDC55AC4 
 2409      1F88E821 
 2409      326AC10C 
 2410 0569 219956AC 		.ascii	"!\231V\254\012\004\220t\361c\221\305\242Z\\'\272\367"
 2410      0A049074 
ARM GAS  C:\Users\acest\AppData\Local\Temp\ccF3dXUz.s 			page 56


 2410      F16391C5 
 2410      A25A5C27 
 2410      BAF7
 2411 057b 5E9C1799 		.ascii	"^\234\027\231W\034\216#\216(\221@y7\266\340\011R\011"
 2411      571C8E23 
 2411      8E289140 
 2411      7937B6E0 
 2411      095209
 2412 058e 23889281 		.ascii	"#\210\222\201\330\302'\360\212\257\326\202\305%\344"
 2412      D8C227F0 
 2412      8AAFD682 
 2412      C525E4
 2413 059d 37E58DE5 		.ascii	"7\345\215\345\313\012\250\0201-4\267`\366|\246h\314"
 2413      CB0AA810 
 2413      312D34B7 
 2413      60F67CA6 
 2413      68CC
 2414 05af 150946A2 		.ascii	"\025\011F\242\332:\366/)\275n\361"
 2414      DA3AF62F 
 2414      29BD6EF1 
 2415              		.text
 2416              		.section	.gnu.lto_chMsgWaitS.336.b3bfee77,"e",%progbits
 2417 0000 789C9554 		.ascii	"x\234\225T_L[e\024?\347\373n\377\271Q\207\3130\361\201"
 2417      5F4C5B65 
 2417      143FE7FB 
 2417      6EFFB951 
 2417      87CB30F1 
 2418 0015 F0B22C26 		.ascii	"\360\262,&Kk\267ad/j\320\027\0375\276\335\304`i\244"
 2418      4B6BB761 
 2418      642F6AD0 
 2418      171F35BE 
 2418      DDC46069 
 2419 002a 5A6DED2D 		.ascii	"Zm\355-\257\356\0025\213\305\004\312\2103KW\264\022"
 2419      AFEE0235 
 2419      8BC504CA 
 2419      88334B57 
 2419      B412
 2420 003c C37C9187 		.ascii	"\303|\221\207\251\335\200Qa\023\025\235\246S&NE\267"
 2420      A9DD8051 
 2420      6113159D 
 2420      A653264E 
 2420      45B7
 2421 004e CC80CEA5 		.ascii	"\314\200\316\245\031\231\262\310\304s\276\373\307b\246"
 2421      1999B2C8 
 2421      C473BEFB 
 2421      C762A6
 2422 005d C908B9F7 		.ascii	"\311\010\271\367\373\316\367\373\375\316\371\235\357"
 2422      FBCEF7FB 
 2422      FDCEF99D 
 2422      EF
 2423 006a DC9EF500 		.ascii	"\334\236\365\000\354D\200\307\000\000=\200C\371\234"
 2423      EC4480C7 
 2423      00003D80 
 2423      43F99C
 2424 0079 00D3341F 		.ascii	"\000\3234\037\362\011\321\227\357\0278\201?_=\264E\313"
 2424      F209D197 
 2424      EF173881 
ARM GAS  C:\Users\acest\AppData\Local\Temp\ccF3dXUz.s 			page 57


 2424      3F5F3DB4 
 2424      45CB
 2425 008b E68347F2 		.ascii	"\346\203G\362W\366i\022\207]\204\206=\371\334\306\310"
 2425      57F66912 
 2425      875D8486 
 2425      3DF9DCC6 
 2425      C8
 2426 009c 718D402A 		.ascii	"q\215@*\200p@H\015\017\340!Y\2208$G%\240f\257\020[\356"
 2426      80704048 
 2426      0D0FE021 
 2426      59903824 
 2426      4725A066 
 2427 00b4 AD98E6DA 		.ascii	"\255\230\346\332\345\303\277^\362\026\306*\332\250\024"
 2427      E5C3BF5E 
 2427      F216C62A 
 2427      DAA814
 2428 00c3 5024C07B 		.ascii	"P$\300{\210\307\251\000\376#\250\214\363s'!k\277\275"
 2428      88C7A900 
 2428      FE23A88C 
 2428      F3732721 
 2428      6BBFBD
 2429 00d6 753038D8 		.ascii	"u08\330\343'\034~\200\233\220\211\327\033\031\372\222"
 2429      E3271C7E 
 2429      809B9089 
 2429      D71B19FA 
 2429      92
 2430 00e7 031DBFD2 		.ascii	"\003\035\277\322w\320\334\226ma\350\211\177A_m\364\002"
 2430      77D0DC96 
 2430      6D61E889 
 2430      7F415F6D 
 2430      F402
 2431 00f9 9E442C23 		.ascii	"\236D,#g\003\340\312\344\313\350P\327\212\271\023+\276"
 2431      6703E0CA 
 2431      E4CBE850 
 2431      D78AB913 
 2431      2BBE
 2432 010b 825961B6 		.ascii	"\202Ya\266\304Ib\243\315\306)RH\314l'\244Wm\370\350"
 2432      C44962A3 
 2432      CDC62952 
 2432      48CC6C27 
 2432      A4576DF8 
 2433 0120 9462CA09 		.ascii	"\224b\312\011\365\332\305e\226_\031\011\016\"\223\247"
 2433      F5DAC565 
 2433      965F1909 
 2433      0E2293A7 
 2434 0130 EBC9150E 		.ascii	"\353\311\025\016%\336\337\356\3449\265X\274\337M3]W"
 2434      25DEDFEE 
 2434      E439B558 
 2434      BCDF4D33 
 2434      5D57
 2435 0142 24212DEB 		.ascii	"$!-\353^\352a\371\257\036\211\037Rp\202\265\376\247"
 2435      5EEA61F9 
 2435      AF1E891F 
 2435      527082B5 
 2435      FEA7
 2436 0154 48A82F12 		.ascii	"H\250/\022\250\276YZ\3178\365y\201\212\025x\006\035"
 2436      A8BE595A 
ARM GAS  C:\Users\acest\AppData\Local\Temp\ccF3dXUz.s 			page 58


 2436      CF38F579 
 2436      818A1578 
 2436      061D
 2437 0166 DDC9A5F1 		.ascii	"\335\311\245\361\201\220\245*\010\015\370\021:\247\014"
 2437      8190A52A 
 2437      080DF811 
 2437      3AA70C
 2438 0175 95F8B16B 		.ascii	"\225\370\261khm\275\377\3733wS2\315\351\274tr}B\236"
 2438      686DBDFF 
 2438      FB337753 
 2438      32CDE9BC 
 2438      74727D42 
 2439 018a 44E29DBB 		.ascii	"D\342\235\273n\341i\363\035\021\362\037Ok\353\344\351"
 2439      6EE169F3 
 2439      1D11F21F 
 2439      4F6BEBE4 
 2439      E9
 2440 019b 53DB9354 		.ascii	"S\333\223T\331\347\221\023\022\006\251\356w\253\236"
 2440      D9E79113 
 2440      1206A9EE 
 2440      77AB9E
 2441 01aa 8AB9BE31 		.ascii	"\212\271\2761`\232K\315\223\205R`\253\004r\251\361\303"
 2441      609A4BCD 
 2441      93855260 
 2441      AB0472A9 
 2441      F1C3
 2442 01bc 470FE167 		.ascii	"G\017\341gs\001\336\002\014H\036=SC\263\0020(\205\265"
 2442      7301DE02 
 2442      0C481E3D 
 2442      5343B302 
 2442      302885B5 
 2443 01d0 E9A3CD2F 		.ascii	"\351\243\315/h^\\\234C~\257\2769\362\355B\001\311\243"
 2443      685E5C9C 
 2443      437EAFBE 
 2443      39F2ED42 
 2443      01C9A3
 2444 01e3 8A2E2D04 		.ascii	"\212.-\004\220\016\256b\357\344\261\206\222\364\331"
 2444      900EAE62 
 2444      EFE4B186 
 2444      92F4D9
 2445 01f2 03A929C7 		.ascii	"\003\251)\307Y\024\264\034\223\252\332\267\221\262x"
 2445      5914B41C 
 2445      93AADAB7 
 2445      91B278
 2446 0201 F02CE2E7 		.ascii	"\360,\342\347\352\360>R\247\371\363\342\027xT\252\246"
 2446      EAF03E52 
 2446      A7F9F3E2 
 2446      177854AA 
 2446      A6
 2447 0212 D911815F 		.ascii	"\331\021\201_R\004\301J\321[\27393U\016\220?\0324J\240"
 2447      5204C14A 
 2447      D15BBB39 
 2447      33550E90 
 2447      3F1A344A 
 2448 0227 B25E98B3 		.ascii	"\262^\230\263\263\3175\251\367\252\332\367\266P'l\310"
 2448      B3CF35A9 
 2448      F7AADAF7 
ARM GAS  C:\Users\acest\AppData\Local\Temp\ccF3dXUz.s 			page 59


 2448      B650276C 
 2448      C8
 2449 0238 EA8DC327 		.ascii	"\352\215\303'\373_Cj\206\002L\317\323\3723k}n\336\252"
 2449      FB5F436A 
 2449      86024CCF 
 2449      D3FA336B 
 2449      7D6EDEAA 
 2450 024c 77A5B924 		.ascii	"w\245\271$\235\017H\240[\242\217\024\260\352\226\270"
 2450      9D0F48A0 
 2450      5BA28F14 
 2450      B0EA96B8 
 2451 025c BC6354FA 		.ascii	"\274cT\372\361\034U$\270\265*\324\314\203\362\025\205"
 2451      F11C5524 
 2451      B8B52AD4 
 2451      CC83F215 
 2451      85
 2452 026d 2487586C 		.ascii	"$\207Xl8w]+I\371_\032\273Yc\301\321\310\362\007=\266"
 2452      38775D2B 
 2452      49F95F1A 
 2452      BB5963C1 
 2452      D1C8F207 
 2453 0283 8B45CEDB 		.ascii	"\213E\316\333\025\222\313\241\351\037\375\354\222.\023"
 2453      1592CBA1 
 2453      E91FFDEC 
 2453      922E13
 2454 0292 5630BB3C 		.ascii	"V0\273<{\017\011R\205\352\343\035\224r\374\367\342\""
 2454      7B0F0952 
 2454      85EAE31D 
 2454      9472FCF7 
 2454      E222
 2455 02a4 B8B7717D 		.ascii	"\270\267q}N@\015\263-\240z\034(2\216\215\334\201\301"
 2455      4E400DB3 
 2455      2DA07A1C 
 2455      28328E8D 
 2455      DC81C1
 2456 02b7 51B94531 		.ascii	"Q\271E1\264\315\367w\303\352\321\033\021\372\004HY5"
 2456      B4CDF777 
 2456      C3EAD11B 
 2456      11FA0448 
 2456      5935
 2457 02c9 696AB856 		.ascii	"ij\270V=\2124\332V\027\253\001<m\367\346\316\222\364"
 2457      3D8A34DA 
 2457      5617AB01 
 2457      3C6DF7E6 
 2457      CE92F4
 2458 02dc DBBD91F8 		.ascii	"\333\275\221\370\215\333\034?\033\273\200\240\\5\361"
 2458      8DDB1C3F 
 2458      1BBB80A0 
 2458      5C35F1
 2459 02eb D977561B 		.ascii	"\331wV\033f,\361\007i\232\210\251\344\376\250\332ZM"
 2459      662CF107 
 2459      699A88A9 
 2459      E4FEA8DA 
 2459      5A4D
 2460 02fd 251970B5 		.ascii	"%\031p\265\352\245\374\370\203%\345\347\223%W\211X\265"
 2460      EAA5FCF8 
 2460      8325E5E7 
ARM GAS  C:\Users\acest\AppData\Local\Temp\ccF3dXUz.s 			page 60


 2460      93255789 
 2460      58B5
 2461 030f DCD7E296 		.ascii	"\334\327\342\226I\005C\177r\240\244l\231\263r\0359\266"
 2461      4905437F 
 2461      72A0A46C 
 2461      99B3721D 
 2461      39B6
 2462 0321 A38E1470 		.ascii	"\243\216\024p\344\227\033\230t\211H\232ER\356/\336\254"
 2462      E4971B98 
 2462      7489489A 
 2462      4552EE2F 
 2462      DEAC
 2463 0333 3A0366B7 		.ascii	":\003f\267\236~\033\2541\232u\026e\327\315\237\326\224"
 2463      9E7E1BAC 
 2463      319A7516 
 2463      65D7CD9F 
 2463      D694
 2464 0345 5F5B0EAA 		.ascii	"_[\016\252\014v)>6QuMl\305\313\224\304\343\\E\203bn"
 2464      0C76293E 
 2464      3651754D 
 2464      6CC5CB94 
 2464      C4E35C45 
 2465 035c 10F31AF5 		.ascii	"\020\363\032\365\246\225\245\200?3\264n\246\267\302"
 2465      A695A580 
 2465      3F33B46E 
 2465      A6B7C2
 2466 036b DBDDEDFB 		.ascii	"\333\335\355\373\365'\215X\332\320;\2421#\243?\0223"
 2466      F5278D58 
 2466      DAD03BA2 
 2466      3123A33F 
 2466      1233
 2467 037d 9ECB2453 		.ascii	"\236\313$S\372\343\241\207C\355\241G\3654\205\237J\245"
 2467      FAE3A187 
 2467      43EDA147 
 2467      F534859F 
 2467      4AA5
 2468 038f 93CFC6A2 		.ascii	"\223\317\306\242\031h\013\205\302\365\377\355]\361\247"
 2468      19680B85 
 2468      C2F5FFED 
 2468      5DF1A7
 2469 039e E34F64BA 		.ascii	"\343Od\272;\343\311p\224\327IcO$\022\011'\215p:\023"
 2469      3BE3C970 
 2469      94D74963 
 2469      4F241209 
 2469      278D703A 
 2470 03b3 36D2518A 		.ascii	"6\322Q\212>o<\023\212\202\310\244\032\355u\250\263\355"
 2470      3E6F3C13 
 2470      8A82C8A4 
 2470      1AED75A8 
 2470      B3ED
 2471 03c5 81B67D91 		.ascii	"\201\266}\221\216V\360F\273\323\351L\012S{\243\373u"
 2471      8E56F046 
 2471      BBD3E94C 
 2471      0A537BA3 
 2471      FB75
 2472 03d7 C5379496 		.ascii	"\3057\224\226^\247\245'\015=\235\321\343/D\023\335\235"
 2472      5EA7A527 
ARM GAS  C:\Users\acest\AppData\Local\Temp\ccF3dXUz.s 			page 61


 2472      0D3D9DD1 
 2472      E32F4413 
 2472      DD9D
 2473 03e9 313A4910 		.ascii	"1:I\020\310\010u\201x1\025\271\015\032\247\356\202\326"
 2473      C8087581 
 2473      783115B9 
 2473      0D1AA7EE 
 2473      82D6
 2474 03fb DB6064BA 		.ascii	"\333`d\272\322\261\216NN\36578\235E\210"
 2474      D2B18E4E 
 2474      4EF53738 
 2474      9D4588
 2475              		.text
 2476              		.section	.gnu.lto_chMsgWaitTimeoutS.337.b3bfee77,"e",%progbits
 2477 0000 789C9554 		.ascii	"x\234\225TmlSU\030>\3579\267_l-S\302L\374A\366\307\020"
 2477      6D6C5355 
 2477      183EEF39 
 2477      B75F6C2D 
 2477      53C24CFC 
 2478 0018 23765686 		.ascii	"#vV\206q\374\0213\215\3775\3760ibF\327\270*\320\217"
 2478      71FC1133 
 2478      8DFF35FE 
 2478      30696246 
 2478      D7B82AD0 
 2479 002d 7BF79B4B 		.ascii	"{\367\233K\267\271X\"[\007H$\335 \3154CM$~vcn\035c\""
 2479      B7B95822 
 2479      5B074824 
 2479      DD20CD34 
 2479      434D247E 
 2480 0047 9B1F5861 		.ascii	"\233\037Xa\254\032\235,\203l\206,\015\0132\015\013\276"
 2480      AC1A9D2C 
 2480      836C862C 
 2480      0D0B320D 
 2480      0BBE
 2481 0059 EF39B797 		.ascii	"\3579\267\227b\320\204\244\271\367\334\367<\357\363"
 2481      62D084A4 
 2481      B9F7DCF7 
 2481      3CEFF3
 2482 0068 3CEF7BDE 		.ascii	"<\357{\336\323\027\234\214=\016\214\275\302\030\003"
 2482      D3179C8C 
 2482      3D0E8CBD 
 2482      C21803
 2483 0077 2783DE74 		.ascii	"'\203\336t\2123\3234w\2708oO\357\347\360\025\\]>X\245"
 2483      8A33D334 
 2483      77B8386F 
 2483      4FEFE7F0 
 2483      155C5D3E 
 2484 008d 75A47D47 		.ascii	"u\244}G\323\327\0324\301;\323U\343\363\33522\326Wj\320"
 2484      D3D71A34 
 2484      C13BD355 
 2484      E3F3DD32 
 2484      32D6576A 
 2485 00a2 34389C4E 		.ascii	"48\234N\335\374\250A&9`\237M\000l/\027\232\003\366\302"
 2485      DDFCA841 
 2485      2639609F 
 2485      4D006C2F 
 2485      179A03F6 
ARM GAS  C:\Users\acest\AppData\Local\Temp\ccF3dXUz.s 			page 62


 2486 00b7 419111D0 		.ascii	"A\221\021\320+\006\004\003\315Z\001\324=\2327\315\325"
 2486      2B060403 
 2486      CD5A01D4 
 2486      3D9A37CD 
 2486      D5
 2487 00c8 2B477257 		.ascii	"+GrW\234\231\301\2746 8\353G\300\347\000\237\241\037"
 2487      9C99C1BC 
 2487      362038EB 
 2487      47C0E700 
 2487      9FA11F
 2488 00db C6102822 		.ascii	"\306\020(\"l3\202\316\377\2223M\017\033\020\002\276"
 2488      6C3382CE 
 2488      FF92334D 
 2488      0F1B1002 
 2488      BE
 2489 00ec 840A0C06 		.ascii	"\204\012\014\006\342\2635\012\331\016\364z\004\321\245"
 2489      E2B3350A 
 2489      D90EF47A 
 2489      04D1A5
 2490 00fb E1F7BA7C 		.ascii	"\341\367\272|=\373\334H\010Cp\027e\274TC\3307m\354\311"
 2490      3DFBDC48 
 2490      08437017 
 2490      65BC5443 
 2490      D8376DEC 
 2491 0110 A1CE2EB3 		.ascii	"\241\316.\263\246\243\216\260\247\376\205]\250\301v"
 2491      A6A38EB0 
 2491      A7FE855D 
 2491      A8C176
 2492 011f 8C000C03 		.ascii	"\214\000\014\003\371b\214j\020o\333\251\253\243\251"
 2492      F9628C6A 
 2492      106FDBA9 
 2492      ABA3A9
 2493 012e A12557C6 		.ascii	"\241%W\306\314S\266\006\243\230\015V6\214!C\374\364"
 2493      CC53B606 
 2493      A3980D56 
 2493      368C2143 
 2493      FCF4
 2494 0140 06443AE5 		.ascii	"\006D:\345\007m\345e\246\230\220/\252\252\224{\353\230"
 2494      076DE565 
 2494      A698902F 
 2494      AAAA947B 
 2494      EB98
 2495 0152 AF072879 		.ascii	"\257\007(y\2742\3714\205\342_l\260u\306?|\312\226\031"
 2495      BC32F934 
 2495      85E25F6C 
 2495      B075C63F 
 2495      7CCA9619 
 2496 0166 AF308948 		.ascii	"\2570\211H\325&\247I\215L\012@r</\344\372\037\223\254"
 2496      D526A749 
 2496      8D4C0A40 
 2496      723C2FE4 
 2496      FA1F93AC 
 2497 017a D224437F 		.ascii	"\322$C\177\223\270>S\366\207\323\320\217\2758\013e\336"
 2497      93B83E53 
 2497      F687D3D0 
 2497      8FBD380B 
 2497      65DE
ARM GAS  C:\Users\acest\AppData\Local\Temp\ccF3dXUz.s 			page 63


 2498 018c 91B985C3 		.ascii	"\221\271\205\303~\305\312\021\315\340\033(\357\022T"
 2498      7EC5CA11 
 2498      CDE01B28 
 2498      EF1254
 2499 019b C0945DD0 		.ascii	"\300\224]\320j\346\300\257\223\017\241\230Vn\275(kM"
 2499      6AE6C0AF 
 2499      930FA198 
 2499      566EBD28 
 2499      6B4D
 2500 01ad 634D3CFE 		.ascii	"cM<\376\301\203\367\250\351\356CB\344\235\232rsX\323"
 2500      C183F7A8 
 2500      E9EE4342 
 2500      E49D9A72 
 2500      7358D3
 2501 01c0 B7564D42 		.ascii	"\267VMB\252\177\007$\210\030@\337\037\027\034y\363\326"
 2501      AA7F0724 
 2501      881840DF 
 2501      1F171C79 
 2501      F3D6
 2502 01d2 ED6ED33C 		.ascii	"\355n\323<\373\330\265[\237zj\000G\302\301\361\301\235"
 2502      FBD8B55B 
 2502      9F7A6A00 
 2502      47C2C1F1 
 2502      C19D
 2503 01e4 F8D05CF4 		.ascii	"\370\320\\\364p\003\344\240\212b\325T\253\227b\214u"
 2503      7003E4A0 
 2503      8A62D554 
 2503      AB97628C 
 2503      75
 2504 01f5 0B9A5153 		.ascii	"\013\232QS\0033\317X\217\340\352\243\035?\376\000s~"
 2504      0333CF58 
 2504      8FE0EAA3 
 2504      1D3FFE00 
 2504      737E
 2505 0207 65CA839A 		.ascii	"e\312\203\232\264\\\271|\354\347\231\014`\325rcn\306"
 2505      B45CB97C 
 2505      ECE7990C 
 2505      60D57263 
 2505      6EC6
 2506 0219 03E7802D 		.ascii	"\003\347\200-Cr\344\2047+\252\254av\312\036t\000\307"
 2506      4372E484 
 2506      372BAAAC 
 2506      6176CA1E 
 2506      7400C7
 2507 022c E5A090FE 		.ascii	"\345\240\220\376\337'/.8\017\360\203\334|\002\005p$"
 2507      DF272F2E 
 2507      380FF083 
 2507      DC7C0205 
 2507      7024
 2508 023e DDF023F4 		.ascii	"\335\360#\364\011\331F+\302\241\200\021`J\"YZ\353\275"
 2508      09D9462B 
 2508      C2A18011 
 2508      604A2259 
 2508      5AEBBD
 2509 0251 9423751C 		.ascii	"\224#u\034=\024\220\2527\246\224\372_S\265\362\275&"
 2509      3D1490AA 
 2509      37A694FA 
ARM GAS  C:\Users\acest\AppData\Local\Temp\ccF3dXUz.s 			page 64


 2509      5F53B5F2 
 2509      BD26
 2510 0263 BF9375D8 		.ascii	"\277\223u\330\033\013\2622\224\031\336\377\016`{$`l"
 2510      1B0BB232 
 2510      9419DEFF 
 2510      0E607B24 
 2510      606C
 2511 0275 1AD7DFAB 		.ascii	"\032\327\337\253\365O\323\312\357\322\246\254pY~9\330"
 2511      F54FD3CA 
 2511      EFD2A6AC 
 2511      70597E39 
 2511      D8
 2512 0286 163DC800 		.ascii	"\026=\310\000\027l\213\213\033\007\304:\270\210\216"
 2512      176C8B8B 
 2512      1B07C43A 
 2512      B8888E
 2513 0295 38355B86 		.ascii	"85[\2066\321\350\314`HP\210\310\016\245nhY\341\374/"
 2513      36D1E8CC 
 2513      60485088 
 2513      C80EA56E 
 2513      6859E1FC 
 2514 02aa 8E2DC431 		.ascii	"\216-\3041[\346\350\000\214\015n&\222\242\345\020\253"
 2514      5BE6E800 
 2514      8C0D6E26 
 2514      92A2E510 
 2514      AB
 2515 02bb 9CBFF4BB 		.ascii	"\234\277\364\273\233\252\304\343eK\320\2618\3610\022"
 2515      9BAAC4E3 
 2515      654BD0B1 
 2515      38F13012 
 2516 02cb A243BA7A 		.ascii	"\242C\272zx \342\344\237\375Ef\037\310\355)\316J\320"
 2516      7820E2E4 
 2516      9FFD4566 
 2516      1FC8ED29 
 2516      CE4AD0
 2517 02de 797C6BD6 		.ascii	"y|k\326jsU?\235\"\325R\015\276\254\300>z\211fibgV\225"
 2517      6A73553F 
 2517      9D22D552 
 2517      0DBEACC0 
 2517      3E7A8966 
 2518 02f7 E8939798 		.ascii	"\350\223\227\230\250\264\256\342hI\330TG\246\245\203"
 2518      A8B4AEE2 
 2518      6849D854 
 2518      47A6A583 
 2519 0307 E301BC2D 		.ascii	"\343\001\274-()\273\267v\250T\350\003\274\005\352\364"
 2519      2829BBB7 
 2519      76A854E8 
 2519      03BC05EA 
 2519      F4
 2520 0318 0B1EF8DA 		.ascii	"\013\036\370\332j\332\372\254\250\266\232\246\301\254"
 2520      6ADAFAAC 
 2520      A8B69AA6 
 2520      C1AC
 2521 0326 DDB57554 		.ascii	"\335\265uT\361o\300d\271\265\2647\247\372sF\221?\203"
 2521      F16FC064 
 2521      B9B5B437 
 2521      A7FA7346 
ARM GAS  C:\Users\acest\AppData\Local\Temp\ccF3dXUz.s 			page 65


 2521      913F83
 2522 0339 93869992 		.ascii	"\223\206\231\222\356f\301\342\252\315\012\257\315UI"
 2522      EE66C1E2 
 2522      AACD0AAF 
 2522      CD5549
 2523 0348 550D9715 		.ascii	"U\015\227\025\225\233v\346m&\314*\245.\362{\212r\202"
 2523      959B76E6 
 2523      6D26CC2A 
 2523      A52EF27B 
 2523      8A7282
 2524 035b 2E94A1C8 		.ascii	".\224\241\310\254&Di\035=\261\261\"\311[\246_\364R\322"
 2524      AC264469 
 2524      1D3DB1B1 
 2524      22C95BA6 
 2524      5FF452D2 
 2525 036f 554CD254 		.ascii	"UL\322T\222S\215S\301:\223O\212\352L\360oD\315\327d"
 2525      92538D53 
 2525      C13A934F 
 2525      8AEA4CF0 
 2525      6F44CDD7 
 2526 0384 79316C57 		.ascii	"y1lW\363\256\032\247\353\213>\251`Y\361P\021\027\354"
 2526      F3AE1AA7 
 2526      EB8B3EA9 
 2526      6059F150 
 2526      1117EC
 2527 0397 22D6C322 		.ascii	"\"\326\303\"\2128\312\007\244\274\365\311\253\335#\034"
 2527      8A38CA07 
 2527      A4BCF5C9 
 2527      ABDD231C 
 2528 03a7 77EEDA75 		.ascii	"w\356\332uH\356`Y\034\023\306\376\006\216\004\342@q"
 2528      48EE6059 
 2528      1C13C6FE 
 2528      068E04E2 
 2528      4071
 2529 03b9 952C209D 		.ascii	"\225, \235\266\\l\305k\012\012\235\314\323ani\332\036"
 2529      B65C6CC5 
 2529      6B0A0A9D 
 2529      CCD3616E 
 2529      69DA1E
 2530 03cc 7C590F27 		.ascii	"|Y\017'\364`s(\254\033\301\347\302\372\033F4\026|\321"
 2530      F4607328 
 2530      AC1BC1E7 
 2530      C2FA1B46 
 2530      34167CD1 
 2531 03e0 FFACBFC9 		.ascii	"\377\254\277\311\377|0\201\341Wc\211\350\353\341\220"
 2531      FF7C3081 
 2531      E1576389 
 2531      E8EBE190 
 2532 03f0 C11AFDFE 		.ascii	"\301\032\375\376\372\312_Skdg\344%\243\255%\022\255"
 2532      FACA5F53 
 2532      6B6467E4 
 2532      25A3AD25 
 2532      12AD
 2533 0402 0FD13AAA 		.ascii	"\017\321:\252?\031\010\004\352\243z}\302\250\327\023"
 2533      3F190804 
 2533      EAA37A7D 
 2533      C2A8D713 
ARM GAS  C:\Users\acest\AppData\Local\Temp\ccF3dXUz.s 			page 66


 2534 0412 218CEED6 		.ascii	"!\214\356\326_\363\207\230\313\210\354\016G\333\214"
 2534      5FF38798 
 2534      CB88EC0E 
 2534      47DB8C
 2535 0421 07AC80BF 		.ascii	"\007\254\200\277\245\361\351\306\206@\3636\306\215\230"
 2535      A5F1E9C6 
 2535      8640F336 
 2535      C68D98
 2536 0430 33D49648 		.ascii	"3\324\226H\0301\210m\015m\017J\036]r\006+8\203Q=\230"
 2536      1831886D 
 2536      0D6D0F4A 
 2536      1E5D7206 
 2536      2B388351 
 2537 0446 3082913D 		.ascii	"0\202\221=\241]m-a\334\331\205 \335\337\312x<\026\270"
 2537      A15D6D2D 
 2537      61DCD985 
 2537      20DDDFCA 
 2537      783C16B8 
 2538 045a 8F34526F 		.ascii	"\2174Roe\333\356#\303hM\204\233[H\352\037;zrl"
 2538      65DBEE23 
 2538      C3684D84 
 2538      9B5B48EA 
 2538      1F3B7A72 
 2539              		.text
 2540              		.section	.gnu.lto_chMsgPollS.338.b3bfee77,"e",%progbits
 2541 0000 789C9553 		.ascii	"x\234\225S_lSe\024\377\316\367\335\376\323lN\011\232"
 2541      5F6C5365 
 2541      14FFCEF7 
 2541      DDFED36C 
 2541      4E099A
 2542 0013 F840F642 		.ascii	"\370@\366B\210\011\271\265\302\210\303\0071\323\027"
 2542      8809B9B5 
 2542      C288C307 
 2542      31D317
 2543 0022 1F35BEDD 		.ascii	"\0375\276\335\304\314\256\261\325j\353\275w\257r)%\304"
 2543      C4CCAEB1 
 2543      D56AEBBD 
 2543      77AF7229 
 2543      25C4
 2544 0034 EE811517 		.ascii	"\356\201\025\027\233\220\002\332L3|\201 j\307\012+\033"
 2544      9B9002DA 
 2544      4C337C81 
 2544      206AC70A 
 2544      2B1B
 2545 0046 A8509952 		.ascii	"\250P\231Rd(J\032gHZc\314\262\3058p8\317\371\276{k1"
 2545      64284A1A 
 2545      67485A63 
 2545      CCB2C538 
 2545      7038CFF9 
 2546 005e 6AC2B2DC 		.ascii	"j\302\262\334~\367|\277\3379\277\3379\347\036\3601\266"
 2546      7EF77CBF 
 2546      DF39BFDF 
 2546      39E71EF0 
 2546      31B6
 2547 0070 11187B96 		.ascii	"\021\030{\2261\006>\006\373\3639\316\034\307\331\021"
 2547      31063E06 
 2547      FBF339CE 
ARM GAS  C:\Users\acest\AppData\Local\Temp\ccF3dXUz.s 			page 67


 2547      1CC7D911 
 2548 0080 E07C777E 		.ascii	"\340|w~\204\303\024\024\216Om\323\262\371\356\326\305"
 2548      84C31414 
 2548      8E4F6DD3 
 2548      B2F9EED6 
 2548      C5
 2549 0091 B3214DC0 		.ascii	"\263!M\300X\033\241\301\256|\256Q>\241!H\006\200\355"
 2549      581BA1C1 
 2549      AE7CAE51 
 2549      3EA12148 
 2549      0680ED
 2550 00a4 E442839D 		.ascii	"\344B\203\235\360\266(\012\330/\306\005\003\315=\001"
 2550      F0B6280A 
 2550      D82FC605 
 2550      03CD3D01 
 2551 00b4 F43E5275 		.ascii	"\364>Ru\234\225\033\205[7\374\305\211\2526.8;\204\200"
 2551      9C951B85 
 2551      5B37FCC5 
 2551      89AA362E 
 2551      383B8480 
 2552 00c8 8F014EA0 		.ascii	"\217\001N\240\000\372C\250H\320s#\"\027W\337\337\333"
 2552      00FA43A8 
 2552      48D07323 
 2552      221757DF 
 2552      DFDB
 2553 00da 3DBA2B88 		.ascii	"=\272+\2108\370\024\356@&+=\004}\323\203\036\373c\317"
 2553      38F814EE 
 2553      40262B3D 
 2553      047DD383 
 2553      1EFB63CF 
 2554 00ee 5EA727DB 		.ascii	"^\247'\333K\320\311\177@\217\365\370\031\234\004(\003"
 2554      4BD0C97F 
 2554      408FF5F8 
 2554      199C0428 
 2554      03
 2555 00ff 55638C94 		.ascii	"Uc\214\224\211=\340QW\016\345&[\201\242S%\266\200\012"
 2555      893DE051 
 2555      570EE526 
 2555      5B81A253 
 2555      25B6800A 
 2556 0113 B2C165C3 		.ascii	"\262\301e\303)\314\220\234Y\207H\277|\241\253\323\222"
 2556      29CC909C 
 2556      598748BF 
 2556      7CA1ABD3 
 2556      92
 2557 0124 29A6E4CF 		.ascii	")\246\344\317&\222Y~\353p\367(\020y\272\223\\\245P\362"
 2557      2692597E 
 2557      EB70F728 
 2557      1079BA93 
 2557      5CA550F2 
 2558 0138 93755E9D 		.ascii	"\223u^\235\323\227\216nk\227\231\356\020\211He\335\217"
 2558      D3978E6E 
 2558      6B9799EE 
 2558      10894865 
 2558      DD8F
 2559 014a 3D5C592B 		.ascii	"=\\Y+\0118\203\301)\312\365?\"Y\247H\206\372f\361<\343"
 2559      093883C1 
ARM GAS  C:\Users\acest\AppData\Local\Temp\ccF3dXUz.s 			page 68


 2559      29CAF53F 
 2559      2259A748 
 2559      86FA66F1 
 2560 0160 E9F33314 		.ascii	"\351\3633\024\313\341\034xy+\215_\012\272\312\312\021"
 2560      CBE11C78 
 2560      792B8D5F 
 2560      0ABACACA 
 2560      11
 2561 0171 CDE033F0 		.ascii	"\315\3403\360n\011*\340\213\266\241\225\325\221\353"
 2561      6E092AE0 
 2561      8BB6A195 
 2561      D591EB
 2562 0180 E71EC262 		.ascii	"\347\036\302b\232\327y\341\325:\217\236x\362\303\007"
 2562      9AD779E1 
 2562      D53A8F9E 
 2562      78F2C307 
 2563 0190 FEC5D39D 		.ascii	"\376\305\323\2353B\344\337\236\312k&\\p-\011Y\274\006"
 2563      3342E4DF 
 2563      9ECA6B26 
 2563      5C702D09 
 2563      59BC06
 2564 01a3 540F2134 		.ascii	"T\017!4\226\243u_\325Y]\333\3478W\303\225\342O\241{"
 2564      96A3755F 
 2564      D5595DDB 
 2564      E73857C3 
 2564      95E24FA1 
 2565 01b8 F1A60C1A 		.ascii	"\361\246\014\032C\247>z\004\360\301\203tbl\237\240\315"
 2565      43A73E7A 
 2565      04F0C183 
 2565      74626C9F 
 2565      A0CD
 2566 01ca 733470AA 		.ascii	"s4p\252\214\215\012\256^v\343\313\317\340,\374^\003"
 2566      8C8D0AAE 
 2566      5E76E3CB 
 2566      CFE02CFC 
 2566      5E03
 2567 01dc FA5D7EEF 		.ascii	"\372]~\357\360\265\371\"\240E\031m\314\207\340s`\277"
 2567      F0B5F922 
 2567      A045196D 
 2567      CC87E073 
 2567      60BF
 2568 01ee 42A672A4 		.ascii	"B\246r\244\253$\002\356>j\322p\0268\036'\204\024\373"
 2568      AB2402EE 
 2568      3E6AD270 
 2568      16381E27 
 2568      8414FB
 2569 0201 0160151F 		.ascii	"\001`\025\037\314\001\\\224\227\217bv\\??|\005\007\205"
 2569      CC015C94 
 2569      978F6276 
 2569      5C3F3F7C 
 2569      050785
 2570 0214 EC991BE1 		.ascii	"\354\231\033\341\3605F\200\251\022\231\305\333\307\033"
 2570      F0354680 
 2570      A91299C5 
 2570      DBC71B
 2571 0223 E510FAC3 		.ascii	"\345\020\372\303=\303\002\262\352M\251%\363\356\023"
 2571      3DC302B2 
ARM GAS  C:\Users\acest\AppData\Local\Temp\ccF3dXUz.s 			page 69


 2571      EA4DA925 
 2571      F3EE13
 2572 0232 E885CA71 		.ascii	"\350\205\312qP\032o\253x/v\304\205.\337,\234\034y\007"
 2572      501A6FAB 
 2572      782F76C4 
 2572      852EDF2C 
 2572      9C1C7907 
 2573 0246 40895F98 		.ascii	"@\211_\230\256\341\371Ku\276\\S\272[\033J\302\347\011"
 2573      AEE1F94B 
 2573      75BE5C53 
 2573      BA5B1B4A 
 2573      C2E709
 2574 0259 0C200FEA 		.ascii	"\014 \017\352m\201\315\365\343\"\010\227Q\017\247\306"
 2574      6D81CDF5 
 2574      E3220897 
 2574      510FA7C6 
 2575 0269 CAD006DA 		.ascii	"\312\320\006\332\222o0$(D)\306r\277i%\241\375W\216\315"
 2575      926F3024 
 2575      284429C6 
 2575      72BF6925 
 2575      A1FD578E 
 2576 027e 9463DECB 		.ascii	"\224c\336\313\221\245\257yb\023%\271\352\352B\217\013"
 2576      91A5AF79 
 2576      621325B9 
 2576      EAEA428F 
 2576      0B
 2577 028f 0D832CE2 		.ascii	"\015\203,\342$Y\013\262\255\331\2071\037\312\222\037"
 2577      24590BB2 
 2577      ADD98731 
 2577      1FCA921F 
 2578 029f EEA81093 		.ascii	"\356\250\020\223\371\357?\022\355Q\254\325\270\264\337"
 2578      F9EF3F12 
 2578      ED51ACD5 
 2578      B8B4DF
 2579 02ae 87CB8C38 		.ascii	"\207\313\2148\351\363\324\330b\375 \340\222J\304r=\004"
 2579      E9F3D4D8 
 2579      62FD20E0 
 2579      924AC472 
 2579      3D04
 2580 02c0 67558F9E 		.ascii	"gU\217\236\304\345\245Lr\206u\327\362\203%\021tG\245"
 2580      C4E5A54C 
 2580      728675D7 
 2580      F2832511 
 2580      7447A5
 2581 02d3 3E04293C 		.ascii	">\004)<\2108\370\016\230;\010\001\327\224\313\031\311"
 2581      8838F80E 
 2581      983B0801 
 2581      D794CB19 
 2581      C9
 2582 02e4 5ACC5DE1 		.ascii	"Z\314]\341m\316\267\235\244\000\374\240HMNw\327=\026"
 2582      6DCEB79D 
 2582      A400FCA0 
 2582      484D4E77 
 2582      D73D16
 2583 02f7 1651E352 		.ascii	"\026Q\343Re\017\034Y\337A\012z\225\232]Dj IS$M\315\262"
 2583      650F1C59 
 2583      DF410A7A 
ARM GAS  C:\Users\acest\AppData\Local\Temp\ccF3dXUz.s 			page 70


 2583      959A5D44 
 2583      6A204953 
 2584 030f EEB666A9 		.ascii	"\356\266f\251\321\014Ro\316\310!\343pg\275C\271m,?\307"
 2584      D10C526F 
 2584      CEC821E3 
 2584      7067BD43 
 2584      B96D2C3F 
 2585 0324 A9C252F3 		.ascii	"\251\302R\363>Y\201\262\0129\010\037\015\302\365\023"
 2585      3E5981B2 
 2585      0A39081F 
 2585      0DC2F513 
 2586 0334 821FB108 		.ascii	"\202\037\261\010\366\224,\334\003]\262\265Z\347\226"
 2586      F6942CDC 
 2586      035DB2B5 
 2586      5AE796
 2587 0343 67763099 		.ascii	"gv0\231T5\2610Gk\307\226\250\323\024c\354\026\000\346"
 2587      5435B130 
 2587      476BC796 
 2587      A8D31463 
 2587      EC1600E6 
 2588 0357 E3730D1B 		.ascii	"\343s\015\0333\213?\033q\374f@%\310TiT\233\007\266\033"
 2588      338B3F1B 
 2588      71FC6640 
 2588      25C85469 
 2588      549B07B6 
 2589 036c 2F5831D3 		.ascii	"/X1\3232\006\2431\3136\236\216Y\257\332\251\264\361"
 2589      3206A331 
 2589      CB369E8E 
 2589      59AFDAA9 
 2589      B4F1
 2590 037e 9CFE943E 		.ascii	"\234\376\224>\240?c\230\030~1m\246^\211Em\326\257\353"
 2590      A03F6398 
 2590      187E316D 
 2590      A65E8945 
 2590      6DD6AFEB 
 2591 0392 E1CEFF81 		.ascii	"\341\316\377\201x\342\245\304\363\366\360P\"\025\216"
 2591      78E2A5C4 
 2591      F3F6F050 
 2591      22158E
 2592 03a1 D239653D 		.ascii	"\3229e=\026\211D\302)+l\332a\313\214b\3645\353e=\312"
 2592      168944C2 
 2592      292B6CDA 
 2592      61CB8C62 
 2592      F435EB65 
 2593 03b7 B89DBEDF 		.ascii	"\270\235\276\337=\353C\375\217\367o\215\014\3661\177"
 2593      3DEB43FD 
 2593      8FF76F8D 
 2593      0CF6317F 
 2594 03c7 74D834ED 		.ascii	"t\3304\3554\244\267D\267\033\222o\311\\FG.#e\031\246"
 2594      34A4B744 
 2594      B71B926F 
 2594      C95C4647 
 2594      2E236519 
 2595 03dc 6D245E8F 		.ascii	"m$^\217&\207\207bx\223D\220\245\307\031\177#\035\271"
 2595      26878762 
 2595      78934490 
 2595      A5C7197F 
ARM GAS  C:\Users\acest\AppData\Local\Temp\ccF3dXUz.s 			page 71


 2595      231DB9
 2596 03ef 0B1A958E 		.ascii	"\013\032\225\216\263\276\273`\330q368D\245\376\002\205"
 2596      B3BEBB60 
 2596      D8713336 
 2596      3844A5FE 
 2596      0285
 2597 0401 08387B   		.ascii	"\0108{"
 2598              		.text
 2599              		.section	.gnu.lto_chMsgRelease.339.b3bfee77,"e",%progbits
 2600 0000 789C9593 		.ascii	"x\234\225\223QlSe\024\307\317\271\337m\273\306\004T"
 2600      516C5365 
 2600      14C7CFB9 
 2600      DF6DBBC6 
 2600      0454
 2601 0012 1248E4A5 		.ascii	"\022H\344\245`\026b2Z*\030\035O\230\341\033&\006\342"
 2601      60166232 
 2601      5A2A181D 
 2601      4F98E11B 
 2601      2606E2
 2602 0025 DB4D48B9 		.ascii	"\333MH\271\273a\305\226\333\334{1\362\"\327!\222Lq0"
 2602      BB61C596 
 2602      DBDC7B31 
 2602      F222D721 
 2602      924C7130 
 2603 0039 08356C8E 		.ascii	"\0105l\216\304\364a$&F\202s\0147\012\010\033\002\333"
 2603      C4F46124 
 2603      26468273 
 2603      0C370A08 
 2603      1B02DB
 2604 004c C401CB66 		.ascii	"\304\001\313f$Y\340\001^\304\326f{\030\3529\337w\327"
 2604      2459E001 
 2604      5EC4D666 
 2604      7B18EA39 
 2604      DF77D7
 2605 005f 763E186C 		.ascii	"v>\030l\266\365|\347\373\177\377s\316\357\3736\252\003"
 2605      B6F57CE7 
 2605      FB7FFF73 
 2605      CEEFFB36 
 2605      AA03
 2606 0071 E411E065 		.ascii	"\344\021\340e\000@\001\330u\254C\003\337\367\267D4\374"
 2606      004001D8 
 2606      75AC4303 
 2606      DFF7B744 
 2606      34FC
 2607 0083 E8584714 		.ascii	"\350XG\024/\240\\!\034\320\360\000\036\027\257\320r"
 2607      2FA05C21 
 2607      1CD0F000 
 2607      1E17AFD0 
 2607      72
 2608 0094 FE61BE6F 		.ascii	"\376a\276o\004\375\276\"\026\004@/\375\312O\217\300"
 2608      04FDBE22 
 2608      1604402F 
 2608      FDCA4F8F 
 2608      C0
 2609 00a5 2E511088 		.ascii	".Q\020\210z\020i\030\243H\244a]\321\367'\206\006|?\012"
 2609      7A106918 
 2609      A348A461 
ARM GAS  C:\Users\acest\AppData\Local\Temp\ccF3dXUz.s 			page 72


 2609      5DD1F727 
 2609      86067C3F 
 2610 00ba 0521F07B 		.ascii	"\005!\360{\2443\330\217\370\035U\246D\346\361r\326}"
 2610      A433D88F 
 2610      F81D55A6 
 2610      44E6F172 
 2610      D67D
 2611 00cc 08EBC87C 		.ascii	"\010\353\310|b<\320\351x~\251N\317T\226\003\204\203"
 2611      623CD0E9 
 2611      787EA94E 
 2611      CF549603 
 2611      8483
 2612 00de 8A828EC8 		.ascii	"\212\202\216\310\030\361\007\344\332a:<pg#P\313\275"
 2612      18F107E4 
 2612      DA613A3C 
 2612      70672350 
 2612      CBBD
 2613 00f0 425BCCF4 		.ascii	"B[\314\364t\\\3755\0148D9\3019qN\212\271\243\371\371"
 2613      745CFD35 
 2613      0C384439 
 2613      C139714E 
 2613      8AB9A3F9 
 2614 0105 4F67C65F 		.ascii	"Og\306_\352\361\213zA\204\360\"\262\225*\206<Y(\223"
 2614      EAF18B7A 
 2614      4184F022 
 2614      B2952A86 
 2614      3C592893 
 2615 0119 5F41CA46 		.ascii	"_A\312FV\236\355\352>\337t\345\240?\352W\265P\323\252"
 2615      569EEDEA 
 2615      3EDF74E5 
 2615      A03FEA57 
 2615      B550D3AA 
 2616 012d D955FD9E 		.ascii	"\331U\375\2360^\242\3440\273q\257x\271\332\0377\253"
 2616      305EA2E4 
 2616      30BB71AF 
 2616      78B9DA1F 
 2616      37AB
 2617 013f E38FB5FA 		.ascii	"\343\217\265\372\347N\236>\274J\325WP\364E\317\253\310"
 2617      E74E9E3E 
 2617      BC4AD557 
 2617      50F445CF 
 2617      ABC8
 2618 0151 58DA5F5C 		.ascii	"X\332_\\\254?|i\360\263\210\252\276\024\037)UuF\307"
 2618      AC3F7C69 
 2618      F0B388AA 
 2618      BE141F29 
 2618      557546C7 
 2619 0165 8623AB95 		.ascii	"\206#\253\225\241\242W5\034A\346wD\032\372K\015\227"
 2619      A1A25735 
 2619      1C41E677 
 2619      441AFA4B 
 2619      0D97
 2620 0177 722665DD 		.ascii	"r&e\3358w7\342(\3425TPu9\320u\014f`\305\324]\241\366"
 2620      387737E2 
 2620      28E23554 
 2620      507539D0 
 2620      750C6660 
ARM GAS  C:\Users\acest\AppData\Local\Temp\ccF3dXUz.s 			page 73


 2621 0190 4235E087 		.ascii	"B5\340\207*\004\374\006\345\302P\343w\361\231\370\315"
 2621      2A04FC06 
 2621      E5C250E3 
 2621      77F199F8 
 2621      CD
 2622 01a1 3F207EB7 		.ascii	"? ~\267(y\263\312oL\362c\3157\267CE\177\341\357N\277"
 2622      2879B3CA 
 2622      6F4CF263 
 2622      CD37B743 
 2622      457FE1EF 
 2623 01b7 38F75CDF 		.ascii	"8\367\\\337\341\374\334\240F\217\024\007\220\256m\220"
 2623      E1FCDCA0 
 2623      468F1407 
 2623      90AE6D90 
 2624 01c7 F63B053F 		.ascii	"\366;\005?\\_G\277\010pThjq\220\026\217\321\237\275"
 2624      5C5F47BF 
 2624      08705468 
 2624      6A719016 
 2624      8FD19FBD 
 2625 01db 3386FC5D 		.ascii	"3\206\374]>s\342\267S'\221\336\203\314\226\247\243r"
 2625      3E73E2B7 
 2625      532791DE 
 2625      83CC96A7 
 2625      A372
 2626 01ed BBFCB0D0 		.ascii	"\273\374\260\320_\232ZA\327\246\304\245/\220\363\355"
 2626      5F9A5A41 
 2626      D7A6C4A5 
 2626      2F90F3ED 
 2627 01fd 31BA4C7E 		.ascii	"1\272L~\311!\334 e\177\344\373\357\177\211t\247Rv\341"
 2627      C921DC20 
 2627      657FE4FB 
 2627      EF7F8974 
 2627      A75276E1 
 2628 0211 7E14AF20 		.ascii	"~\024\257 \374\216\355k\271\303\005\215\246XsD|\322"
 2628      FC8EED6B 
 2628      B9C3058D 
 2628      A6587344 
 2628      7CD2
 2629 0223 5010610A 		.ascii	"P\020a\012u\376\237\372\031\201\276\3616\342\204\204"
 2629      75FE9FFA 
 2629      1981BEF1 
 2629      36E28484 
 2630 0233 B6E6A8DC 		.ascii	"\266\346\250\334\217\310\315IU\345\311\203\302d\251"
 2630      8FC8CD49 
 2630      55E5C983 
 2630      C264A9
 2631 0242 01F8E1B0 		.ascii	"\001\370\341\260o\351\314\211?\247\033e\205\271\351"
 2631      6FE9CC89 
 2631      3FA71B65 
 2631      85B9E9
 2632 0251 9532F3F4 		.ascii	"\2252\363\364le\033a\346xm\365\317\354\3242\325\343"
 2632      6C651B61 
 2632      E6786DF5 
 2632      CFECD432 
 2632      D5E3
 2633 0263 35FC8A1E 		.ascii	"5\374\212\036\274\014G)\024\262\325G_\017\177N\203^"
 2633      BC0C4729 
ARM GAS  C:\Users\acest\AppData\Local\Temp\ccF3dXUz.s 			page 74


 2633      14B2D547 
 2633      5F0F7F4E 
 2633      835E
 2634 0275 57ADFE32 		.ascii	"W\255\3762F\361O*\276G(\236\340\241\030|\214ZA4\364"
 2634      46F14F2A 
 2634      BE47289E 
 2634      E0A1187C 
 2634      8C5A4134 
 2635 028a 8A08ABC8 		.ascii	"\212\010\253\310\202\216\026DTv\264p\271\242SA\276\372"
 2635      828E1644 
 2635      5476B470 
 2635      B9A25341 
 2635      BEFA
 2636 029c 4563C571 		.ascii	"Ec\305qzY\200\361T79\336P\216\247g\362\301\366\267\335"
 2636      7A5980F1 
 2636      543739DE 
 2636      508EA767 
 2636      F2C1F6B7 
 2637 02b1 AAF1A199 		.ascii	"\252\361\241\231\1777;\271:\000\375\027\203\276\251"
 2637      7F373BB9 
 2637      3A00FD17 
 2637      83BEA9
 2638 02c0 0E1E2F57 		.ascii	"\016\036/WA\337\012@C=\350\261\032\350\361z\320\001"
 2638      41DF0A40 
 2638      433DE8B1 
 2638      1AE8F17A 
 2638      D001
 2639 02d2 D27B126E 		.ascii	"\322{\022n=\307\2562q\244\007\004%Z>\235\255lej\374"
 2639      3DC7AE32 
 2639      71A40704 
 2639      255A3E9D 
 2639      AD6C656A 
 2640 02e7 E914A81E 		.ascii	"\351\024\250\036D{\221\227M-\233\215w]\313q\215\224"
 2640      447B9197 
 2640      4D2D9B8D 
 2640      775DCB71 
 2640      8D94
 2641 02f9 69B99EB1 		.ascii	"i\271\236\261\325r\337\363\354\234\261=\376f\274%\376"
 2641      D572DFF3 
 2641      EC9CB13D 
 2641      FE66BC25 
 2641      FE
 2642 030a 96E1507A 		.ascii	"\226\341Pzg\316\261\367X\246\007\315\361x\242\376\247"
 2642      67CEB1F7 
 2642      58A607CD 
 2642      F178A2FE 
 2642      A7
 2643 031b A52DBD2B 		.ascii	"\245-\275+\275\303\333\327\232\266\023&\307\266\373"
 2643      BDC3DBD7 
 2643      9AB61326 
 2643      C7B6FB
 2644 032a 6A32994C 		.ascii	"j2\231L\330n\302\361\022\256cR6\353\356\216\233\240"
 2644      D86EC2F1 
 2644      12AE6352 
 2644      36EBEE8E 
 2644      9BA0
 2645 033c 79B91782 		.ascii	"y\271\027\2028\336\332\374F\363\246d\3525\020\264N\232"
ARM GAS  C:\Users\acest\AppData\Local\Temp\ccF3dXUz.s 			page 75


 2645      38DEDAFC 
 2645      46F3A664 
 2645      EA3510B4 
 2645      4E9A
 2646 034e 9B0D79D4 		.ascii	"\233\015y\324\2256F\235\215a\273\206\343\031\351\275"
 2646      9536469D 
 2646      8D61BB86 
 2646      E319E9BD 
 2647 035e 66665FAB 		.ascii	"ff_\253E;\356~7\336\006\221])\327z\307Io\373\357\223"
 2647      453BEE7E 
 2647      37DE0691 
 2647      5D29D77A 
 2647      C7496FFB 
 2648 0374 A69DCDDA 		.ascii	"\246\235\315\332{\015\353\003\317H9Y\303\314\272iN:"
 2648      7B0DEB03 
 2648      CF483959 
 2648      C3CCBA69 
 2648      4E3A
 2649 0386 56CD9053 		.ascii	"V\315\220S;w\233&\231ny&\263\234\355x.\333\275\377\372"
 2649      3B779B26 
 2649      996E7926 
 2649      B39CED78 
 2649      2EDBBDFF 
 2650 039b FAECFA54 		.ascii	"\372\354\372T\306#\035[\222\301\377\231\2031\264\301"
 2650      C6231D5B 
 2650      92C1FF99 
 2650      8331B4C1 
 2651 03ab F36FEFD8 		.ascii	"\363o\357\330\036\343YrN\272)\326\270\0014\007\"Y+k"
 2651      1EE35972 
 2651      4EBA29D6 
 2651      B8013407 
 2651      22592B6B 
 2652 03bf 3BFBE11F 		.ascii	";\373\341\037\304]) "
 2652      C45D2920 
 2653              		.text
 2654              		.section	.gnu.lto_.symbol_nodes.b3bfee77,"e",%progbits
 2655 0000 789C75CE 		.ascii	"x\234u\316\261\015\302P\014\204\341\3639\357%\300\000"
 2655      B10DC250 
 2655      0C84E1F3 
 2655      39EF25C0 
 2655      00
 2656 0011 29611616 		.ascii	")a\026\026s\220\030\200\011\020#PSP\245\206\020\022"
 2656      73901880 
 2656      09102350 
 2656      5350A586 
 2656      1012
 2657 0023 A18801D8 		.ascii	"\241\210\001\330\200\026x\020\321\371*K\337_x)\000x"
 2657      80167810 
 2657      D1F92A4B 
 2657      DF5F7829 
 2657      0078
 2658 0035 A6A1FA2C 		.ascii	"\246\241\372,\223\315\0110\340P\255\004\211\200p#\026"
 2658      93CD0930 
 2658      E050AD04 
 2658      89807023 
 2658      16
 2659 0046 296A68E2 		.ascii	")jh\342E\274\320\350bKS\027\257\264\314C\351i\3415n"
ARM GAS  C:\Users\acest\AppData\Local\Temp\ccF3dXUz.s 			page 76


 2659      45BCD0E8 
 2659      624B5317 
 2659      AFB4CC43 
 2659      E969E135 
 2660 005b FE0D901E 		.ascii	"\376\015\220\036M*\035-z6\320r\317\356\264\3021E\276"
 2660      4D2A1D2D 
 2660      7A36D072 
 2660      CFEEB4C2 
 2660      3145BE
 2661 006e 3B360FC8 		.ascii	";6\017\310\272T\304\337Wu\251\214\373\347v\200\324S"
 2661      BA54C4DF 
 2661      5775A98C 
 2661      FBE77680 
 2661      D453
 2662 0080 D5E27F86 		.ascii	"\325\342\177\206\311\030\314\360\0068Ef\340"
 2662      C918CCF0 
 2662      06384566 
 2662      E0
 2663              		.text
 2664              		.section	.gnu.lto_.refs.b3bfee77,"e",%progbits
 2665 0000 789C9364 		.ascii	"x\234\223d```\004\"\026\006F&0\311\014&\301\210\001"
 2665      60606004 
 2665      22160646 
 2665      2630C90C 
 2665      26C18801 
 2666 0014 00048600 		.ascii	"\000\004\206\000;"
 2666      3B
 2667              		.text
 2668              		.section	.gnu.lto_.decls.b3bfee77,"e",%progbits
 2669 0000 789C9D59 		.ascii	"x\234\235YyTTW\232\177\337\275\265Ql\006\260\323}&\223"
 2669      79545457 
 2669      9A7FDFBD 
 2669      B5516C06 
 2669      B0D37D26 
 2670 0015 7172CCC4 		.ascii	"qr\314\304>\247]\263\332\177\331\235tgr\272'\307\023"
 2670      3EA75DB3 
 2670      DA7FD99D 
 2670      746772BA 
 2670      27C713
 2671 0028 3AD3D373 		.ascii	":\323\323s8\247\206T\225P\023\240\350\252\207\313_S"
 2671      38A78654 
 2671      955013A0 
 2671      E8AA87CB 
 2671      5F53
 2672 003a 880A0A2A 		.ascii	"\210\012\012*\202\012\004\024\024\021\334\020\215\373"
 2672      820A0414 
 2672      1411DC10 
 2672      8DFB
 2673 0048 8AA0820A 		.ascii	"\212\240\202\012\356\013&\212\270\202\033\224\212\212"
 2673      EE0B268A 
 2673      B8821B94 
 2673      8A8A
 2674 0056 2BF3DD7B 		.ascii	"+\363\335{\337\253W\233\235\266K\357{\367\335\367\373"
 2674      DFAB579B 
 2674      9DB64BEF 
 2674      7BF7DDF7 
 2674      FB
ARM GAS  C:\Users\acest\AppData\Local\Temp\ccF3dXUz.s 			page 77


 2675 0067 7EDF72BF 		.ascii	"~\337r\277\273=>{G\222\226\031%\351-*I\203\3703H\222"
 2675      BB3D3E7B 
 2675      47929619 
 2675      25E92D2A 
 2675      4983F833 
 2676 007d 74028B0E 		.ascii	"t\002\213\016\313\024\220\244[x\177\013\3134\254\263"
 2676      CB1490A4 
 2676      5B787F0B 
 2676      CB34ACB3 
 2677 008d 5F0496E9 		.ascii	"_\004\226\351X\237\211e6\226|,\205X\026b)\305\262\004"
 2677      589F8965 
 2677      36967C2C 
 2677      85581662 
 2677      29C5B204 
 2678 00a1 4B251606 		.ascii	"K%\026\006\177\244\310\250?=\352\030\212\3678,\011\222"
 2678      7FA4C8A8 
 2678      3F3DEA18 
 2678      8AF7382C 
 2678      0992
 2679 00b3 E0663A46 		.ascii	"\340f:Fby\014B\317\000\336\037b\271\212\345)\226A,\223"
 2679      62790C42 
 2679      CF00DE1F 
 2679      62B98AE5 
 2679      2996412C 
 2680 00c8 B10CE0BB 		.ascii	"\261\014\340\273\323X,X\217f\274D\222J\230\036\274\027"
 2680      D3582C58 
 2680      8F66BC44 
 2680      924A981E 
 2680      BC17
 2681 00da E33D129B 		.ascii	"\343=\022\233\372\360~\011K\032\226'\370\354\300\273"
 2681      FAF07E09 
 2681      4B1A9627 
 2681      F8ECC0BB 
 2682 00ea 1D4B3296 		.ascii	"\035K2\226S\370|\022\213\033\353\317\360nV\3740\242"
 2682      53F87C12 
 2682      8B1BEBCF 
 2682      F06E56FC 
 2682      30A2
 2683 00fc BC194B34 		.ascii	"\274\031K4\226X,o`I\300\362\013\"\374Y\370\012_\"\321"
 2683      96582C6F 
 2683      6049C0F2 
 2683      0B22FC59 
 2683      F80A5F22 
 2684 0111 97683F5F 		.ascii	"\227h?_\246(>\370\333\317\354f63\033\231o\305\212\355"
 2684      A6283EF8 
 2684      DBCFEC66 
 2684      36331B99 
 2684      6FC58AED 
 2685 0125 063F5B1D 		.ascii	"\006?[\035A\266\351%\021\333\177V\354y\227\274\332\206"
 2685      41B6E925 
 2685      11DB7F56 
 2685      EC7997BC 
 2685      DA86
 2686 0137 78B46148 		.ascii	"x\264aH\220\015\323\024;\014Rx[\376M\261\245B\351\333"
 2686      900DD314 
 2686      3B0C5278 
 2686      5BFE4DB1 
ARM GAS  C:\Users\acest\AppData\Local\Temp\ccF3dXUz.s 			page 78


 2686      A542E9DB 
 2687 014b BFC79ED9 		.ascii	"\277\307\236\331A\366,y\205=oR\321\017\177OL\242\225"
 2687      41F62C79 
 2687      853D6F52 
 2687      D10F7F4F 
 2687      4CA295
 2688 015e FEFE5BBA 		.ascii	"\376\376[\272Y\016\346\007\351\016\247\367_\251\350"
 2688      590EE607 
 2688      E90EA7F7 
 2688      5FA9E8
 2689 016d CFD420DD 		.ascii	"\317\324 \335\314\277\221~y\364\036\312\317WdM\222\310"
 2689      CCBF917E 
 2689      79F41ECA 
 2689      CF57644D 
 2689      92C8
 2690 017f 5BA35F9F 		.ascii	"[\243_\237\377\322/\027*\203t\260\037%\322h\017\377"
 2690      FFD22F17 
 2690      2A8374B0 
 2690      1F25D268 
 2690      0FFF
 2691 0191 5D795B82 		.ascii	"]y[\202M\002\361Yd\021\2058\320\3415\001\206\361z\217"
 2691      4D02F159 
 2691      64118538 
 2691      D0E13501 
 2691      86F17A8F 
 2692 01a5 44FF53C2 		.ascii	"D\377S\302\332{\300FT,\257I\324\"\225Sr\306\323^a27"
 2692      DA7BC046 
 2692      542CAF49 
 2692      D4229553 
 2692      72C6D35E 
 2693 01bc 7A3C5E4F 		.ascii	"z<^O\343\214\010\011\266\002l\001\011v\001B6\003\354"
 2693      E38C0809 
 2693      B6026C01 
 2693      09760142 
 2693      3603EC
 2694 01cf 04D8019C 		.ascii	"\004\330\001\234\243K\242)\022u2\231k\017\326\366\307"
 2694      A34BA229 
 2694      12753299 
 2694      6B0FD6F6 
 2694      C7
 2695 01e0 C60BC58D 		.ascii	"\306\013\305\215\\)4\002\354\003\024\300:\002\372\272"
 2695      5C293402 
 2695      EC0314C0 
 2695      3A02FABA 
 2696 01f0 CAEAA3A2 		.ascii	"\312\352\243\2428iU\223\216\275\021\264\0224\341\205"
 2696      38695593 
 2696      8EBD11B4 
 2696      1234E185 
 2697 0200 4E956836 		.ascii	"N\225h60\334\301\207G\026\351C\225\357\017Q\336!\361"
 2697      30DCC187 
 2697      4716E943 
 2697      95EF0F51 
 2697      DE21F1
 2698 0213 9B89FBD4 		.ascii	"\233\211\373\324(\321\271h\376b,\345\234\346J\377\272"
 2698      28D1B968 
 2698      FE622CE5 
 2698      9CE64AFF 
ARM GAS  C:\Users\acest\AppData\Local\Temp\ccF3dXUz.s 			page 79


 2698      BA
 2699 0224 5A1268CF 		.ascii	"Z\022h\317\021\2006\305\036\272\202\203\212\017\317"
 2699      118036C5 
 2699      1EBA8283 
 2699      8A0FCF
 2700 0233 BE6D0E04 		.ascii	"\276m\016\004\265k \306r7\247\325\244\031}T3\372\030"
 2700      B56B20C6 
 2700      7237A7D5 
 2700      A4197D54 
 2700      33FA18
 2701 0246 337A3D63 		.ascii	"3z=c1\234\353\275W\031\031?|8\222\314@\036\235\004\255"
 2701      319CEBBD 
 2701      5719193F 
 2701      7C3892CC 
 2701      401E9D04 
 2702 025b 002DC015 		.ascii	"\000-\300\025\236`\\p\012\340$cD\242\201\216\374\371"
 2702      9E605C70 
 2702      0AE02463 
 2702      44A2818E 
 2702      FCF9
 2703 026d CD3115E8 		.ascii	"\3151\025\350[\024r\300q\016QIGK\314_\006k\230\227\223"
 2703      5B1472C0 
 2703      710E5149 
 2703      474BCC5F 
 2703      066B9897 
 2704 0282 EB192230 		.ascii	"\353\031\"0\207C0c\231m\327\037\\9\021\025\037\242\264"
 2704      87433063 
 2704      996DD71F 
 2704      5C391115 
 2704      1FA2B4
 2705 0295 3D58298F 		.ascii	"=X)\217\322q\211\366`l\274\334\355\375+\006n\321@\267"
 2705      D27189F6 
 2705      606CBCDC 
 2705      EDFD2B06 
 2705      6ED140B7 
 2706 02a9 CF0174A8 		.ascii	"\317\001t\250\261\031\340\240U\015\375\305\306@\320"
 2706      B119E0A0 
 2706      550DFDC5 
 2706      C640D0
 2707 02b8 790D8480 		.ascii	"y\015\204\200\345\367v\346\352\265\330\374\240\231\370"
 2707      E5F776E6 
 2707      EAB5D8FC 
 2707      A099F8
 2708 02c7 2330806E 		.ascii	"#0\200npW\3559\022\317\302\342\025\026*]\211\272.p\013"
 2708      7057ED39 
 2708      12CFC2E2 
 2708      15162A5D 
 2708      89BA2E70 
 2709 02dc 2F2A3169 		.ascii	"/*1ix\262\315\343\211\210B9\346\353\2050\276\326=|\264"
 2709      78B2CDE3 
 2709      89884239 
 2709      E6EB8530 
 2709      BED63D7C 
 2710 02f1 52171FC2 		.ascii	"R\027\037\302t>\200\211N'\022\235\201%\037K\021\226"
 2710      743E8089 
 2710      4E27129D 
 2710      81251F4B 
ARM GAS  C:\Users\acest\AppData\Local\Temp\ccF3dXUz.s 			page 80


 2710      1196
 2711 0303 32C2BDBD 		.ascii	"2\302\275\275~\252P\037\350\310U\200k\232#\007\037\327"
 2711      7EAA501F 
 2711      E8C85580 
 2711      6B9A2307 
 2711      1FD7
 2712 0315 AF89D51C 		.ascii	"\257\211\325\034\271\246\351\277\316:y%a!4\360ab\344"
 2712      B9A6E9BF 
 2712      CE3A7925 
 2712      612134F0 
 2712      6162E4
 2713 0328 35C63495 		.ascii	"5\3064\225\326s\366\276\263g\232\014fOp\272\336\004"
 2713      D673F6BE 
 2713      B3679A0C 
 2713      664F70BA 
 2713      DE04
 2714 033a C4A1613D 		.ascii	"\304\241a=\000\335@7\2411;8|Fn\331\241\240\264\274\003"
 2714      00DD4037 
 2714      A1313B38 
 2714      7C466ED9 
 2714      A1A0B4BC 
 2715 034f 70570DFD 		.ascii	"pW\015\375~\001zX\371(\310\342^\015\204\200\263ee\353"
 2715      7E017A58 
 2715      F928C8E2 
 2715      5E0D8480 
 2715      B36565EB 
 2716 0363 8966719F 		.ascii	"\211fq\237f\261\227Y\334\316Y\316\366\327vF\207\001"
 2716      66B19759 
 2716      DCCE59CE 
 2716      F6D77646 
 2716      8701
 2717 0375 C13DE030 		.ascii	"\301=\3400\204tw\177W\035\251A\356k<\017\030O\027\232"
 2717      8474777F 
 2717      571DA941 
 2717      EE6B3C0F 
 2717      184F179A 
 2718 0389 DD8DC5CB 		.ascii	"\335\215\305\313\370\342\256\355\274\275\034\206'\014"
 2718      F8E2AEED 
 2718      BCBD1C86 
 2718      270C
 2719 0397 173F96CA 		.ascii	"\027?\226\312\235%{\016\305\211Tn\002\270\0140\020\334"
 2719      9D257B0E 
 2719      C589546E 
 2719      02B80C30 
 2719      10DC
 2720 03a9 75C13D26 		.ascii	"u\301=&1\010\206\345\031\300K\200\027\000O\001\236\000"
 2720      310886E5 
 2720      19C04B80 
 2720      17004F01 
 2720      9E00
 2721 03bb 0C023C06 		.ascii	"\014\002<\006x\316\274c\022\025\253\212b\012\263)\334"
 2721      78CEBC63 
 2721      1215AB8A 
 2721      620AB329 
 2721      DC
 2722 03cc 02B81186 		.ascii	"\002\270\021\206\224\331;\377\220\200<\000\270\375\012"
 2722      94D93BFF 
ARM GAS  C:\Users\acest\AppData\Local\Temp\ccF3dXUz.s 			page 81


 2722      90803C00 
 2722      B8FD0A
 2723 03db BDB76A7D 		.ascii	"\275\267j},\217\302\2634\034\235-\006\331\001\200\256"
 2723      2C8FC2B3 
 2723      341C9D2D 
 2723      06D90180 
 2723      AE
 2724 03ec 5728CA53 		.ascii	"W(\312S\024\245@\377+\364<\321\364<|\005\311:\205\344"
 2724      14A540FF 
 2724      2BF43CD1 
 2724      F43C7C05 
 2724      C93A85E4 
 2725 0400 3AC09530 		.ascii	":\300\2250\020>\203\215\341\343\264U\242\353(kx\013"
 2725      103E838D 
 2725      E1E3B455 
 2725      A2EB286B 
 2725      780B
 2726 0412 83C26F12 		.ascii	"\203\302o\022\335HY_m\275\224\275<\222\315\213=\236"
 2726      DD48595F 
 2726      6DBD94BD 
 2726      3C92CD8B 
 2726      3D9E
 2727 0424 A66C2AC1 		.ascii	"\246l*\301\3730F\202\231\004\021\030\317\031\004r\010"
 2727      FB304682 
 2727      99041118 
 2727      CF190472 
 2727      08
 2728 0435 A7194177 		.ascii	"\247\031AwP\2116r\221\276\215\027\272\243\203Ef\373"
 2728      50893672 
 2728      91BE8D17 
 2728      BAA38345 
 2728      66FB
 2729 0447 8BD05604 		.ascii	"\213\320V\004\037\345\340\213O\326\236\012\001\027\004"
 2729      1FE5E08B 
 2729      4FD69E0A 
 2729      011704
 2730 0456 80CF71CB 		.ascii	"\200\317q\313F\300\377\361\253D;\271\340\364\316\362"
 2730      46C0FFF1 
 2730      AB443BB9 
 2730      E0F4CEF2 
 2731 0466 3ABE5AF4 		.ascii	":\276Z\364{\032K\013\015\276\211h\001A\020\312\026\022"
 2731      7B1A4B0B 
 2731      0DBE8968 
 2731      014110CA 
 2731      1612
 2732 0478 984F10D7 		.ascii	"\230O\020\327>\275`w\214\226lE\304\027\205b\242\314"
 2732      3EBD6077 
 2732      8C966C45 
 2732      C4178562 
 2732      A2CC
 2733 048a 52388BDF 		.ascii	"R8\213\337D\203z\031\257\341\305\3513\307\215\346\177"
 2733      44837A19 
 2733      AFE1C5E9 
 2733      33C78DE6 
 2733      7F
 2734 049b 02C0FF41 		.ascii	"\002\300\377Af-&PB$(%PFXu\272\307\363\374_\360\216Z"
 2734      662D2650 
ARM GAS  C:\Users\acest\AppData\Local\Temp\ccF3dXUz.s 			page 82


 2734      42242825 
 2734      50465875 
 2734      BAC7F3FC 
 2735 04b3 AA5E1E5F 		.ascii	"\252^\036_%\302\324\030\036\217\230KK*\027\370-E\337"
 2735      25C2D418 
 2735      1E8F984B 
 2735      4B2A17F8 
 2735      2D45DF
 2736 04c6 699694A3 		.ascii	"i\226\224\243%\364\001\232\360\204\273\266vK\301\012"
 2736      25F4019A 
 2736      F084BBB6 
 2736      764BC10A 
 2737 04d6 5DE0405C 		.ascii	"]\340@\\B`)QFk\236\216\201\252\232w\036\015\232M+5\020"
 2737      42602951 
 2737      466B9E8E 
 2737      81AA9A77 
 2737      1E0D9A4D 
 2738 04ed 020A2FDC 		.ascii	"\002\012/\334\325i\332\2524m\313T\277?\241\213u\242"
 2738      D569DAAA 
 2738      346DCB54 
 2738      BF3FA18B 
 2738      75A2
 2739 04ff F62BDE89 		.ascii	"\366+\336\211]\204.Q\032F\210\345\215\320eJ\3030\272"
 2739      5D842E51 
 2739      1A4688E5 
 2739      8DD0654A 
 2739      C330BA
 2740 0512 528749C2 		.ascii	"R\207I\302U\3379p\263-:t\255\\K\374\326J\272E\021\374"
 2740      55DF3970 
 2740      B32D3A74 
 2740      AD5C4BFC 
 2740      D64ABA45 
 2741 0528 39DD8182 		.ascii	"9\335\201\202{\224\247!t\037>\355\307\322\202\3450\226"
 2741      7B94A721 
 2741      741F3EED 
 2741      C7D282E5 
 2741      3096
 2742 053a 762CC7B1 		.ascii	"v,\307\261t0\352\237\035\333\323w\217\014\037\036?\334"
 2742      7430EA9F 
 2742      1DDBD377 
 2742      8F0C1F1E 
 2742      3FDC
 2743 054c 6FBC9776 		.ascii	"o\274\227vw]z\2679\307\323\212+\373:\002\033\010\354"
 2743      775D7AB7 
 2743      39C7D38A 
 2743      2BFB3A02 
 2743      1B08EC
 2744 055f D29C594F 		.ascii	"\322\234YO|\303j`\256\030V\210\331\026\200\361\015\032"
 2744      7CC36A60 
 2744      AE185688 
 2744      D91680F1 
 2744      0D1A
 2745 0571 65C9AA23 		.ascii	"e\311\252#P\213\375\262\235\203\230\301\004\366\022"
 2745      508BFDB2 
 2745      9D8398C1 
 2745      04F612
 2746 0580 D8476037 		.ascii	"\330G`7\201f\002{\010\354 \260\237@\023\301\010(k\305"
ARM GAS  C:\Users\acest\AppData\Local\Temp\ccF3dXUz.s 			page 83


 2746      8166027B 
 2746      08EC20B0 
 2746      9F4013C1 
 2746      08286BC5 
 2747 0594 338D7C73 		.ascii	"3\215|s\000y\013h\253\347\013\015\364}\000h#\321@O4"
 2747      00790B68 
 2747      ABE70B0D 
 2747      F47D0068 
 2747      23D1404F 
 2748 05a9 D0D61033 		.ascii	"\320\326\0203\025L\301|\037fM\000f\265\037\321S\215"
 2748      154CC17C 
 2748      1F664D00 
 2748      66B51FD1 
 2748      538D
 2749 05bb 684BA849 		.ascii	"hK\250I\"&y\032Q}(\221\300<\327x6\205Z-0\203\032\246"
 2749      2226791A 
 2749      517D2891 
 2749      C03CD778 
 2749      36855A2D 
 2750 05d3 2134FE68 		.ascii	"!4\376h\020\255\321K\264N\317\322c \367\352\352\230"
 2750      10ADD14B 
 2750      B44ECFD2 
 2750      6320F7EA 
 2750      EA98
 2751 05e5 C0CC3C48 		.ascii	"\300\314<H\240E\313\314\362\033]}~+_\213\306\326\312"
 2751      A045CBCC 
 2751      F21B5D7D 
 2751      7E2B5F8B 
 2751      C6D6CA
 2752 05f8 06C226C6 		.ascii	"\006\302&\306bXR\331\226M1\023\030\254\365\330<>\221"
 2752      625852D9 
 2752      964D3113 
 2752      18ACF5D8 
 2752      3C3E91
 2753 060b B5123840 		.ascii	"\265\0228@\240-L\317z\017\255\377\222!\320\262U\034"
 2753      A02D4CCF 
 2753      7A0FADFF 
 2753      9221D0B2 
 2753      551C
 2754 061d 21FAD817 		.ascii	"!\372\330\027T\255\363k\010\254\300\316?\304Q\330\371"
 2754      54ADF36B 
 2754      08ACC0CE 
 2754      3FC451D8 
 2754      F9
 2755 062e 87091C21 		.ascii	"\207\011\034!\352~%J\214\003\211\356Co\016`i\343\036"
 2755      EA7E254A 
 2755      8C0389EE 
 2755      436F0E60 
 2755      69E31E
 2756 0641 95EFBEE3 		.ascii	"\225\357\276\343\011\332\224\234 pR\035\220\235\034"
 2756      09DA949C 
 2756      2070521D 
 2756      909D1C
 2757 0650 7463F5C1 		.ascii	"tc\365\301;\020\010:\245\201\020\320\320xf\267As\373"
 2757      3B10083A 
 2757      A58110D0 
 2757      D07866B7 
ARM GAS  C:\Users\acest\AppData\Local\Temp\ccF3dXUz.s 			page 84


 2757      4173FB
 2758 0663 B4E6C619 		.ascii	"\264\346\306\031\346\366}\306b\252_t\270\307\304\362"
 2758      E6F67DC6 
 2758      62AA5F74 
 2758      B8C7C4F2 
 2759 0673 5F6CDAEA 		.ascii	"_l\332\352\325M\333\031\3026)\035\257N\352\243\004p"
 2759      D54DDB19 
 2759      C236291D 
 2759      AF4EEAA3 
 2759      0470
 2760 0685 01667675 		.ascii	"\001fvup\277\316\0218O\340\0075\177\327+\033;\3449\036"
 2760      70BFCE11 
 2760      384FE007 
 2760      357FD72B 
 2760      1B3BE439 
 2761 069a C22312CA 		.ascii	"\302#\022\312\273\255Z\204y7\300Y\342\217Q\022\012}"
 2761      BBAD5A84 
 2761      7937C059 
 2761      E28F5112 
 2761      0A7D
 2762 06ac 58D6D05F 		.ascii	"X\326\320_e\210\017\321z*\214V\372\030\343\367\202;"
 2762      65880FD1 
 2762      7A2A8C56 
 2762      FA18E3F7 
 2762      823B
 2763 06be D5FDB2EE 		.ascii	"\325\375\262\356r4[\303=|\371n\253Q\226\357N\334B\021"
 2763      72345BC3 
 2763      3D7CF96E 
 2763      AB5196EF 
 2763      4EDC4211 
 2764 06d2 B8F4534E 		.ascii	"\270\364SNI\014\202\344\235\004.\023\234\245\304z\335"
 2764      490C82E4 
 2764      9D042E13 
 2764      9CA5C47A 
 2764      DD
 2765 06e3 70A1C6C3 		.ascii	"p\241\306\303]\372\021]\342,*\332\307\322\320\241@N"
 2765      5DFA115D 
 2765      E22C2ADA 
 2765      C7D2D0A1 
 2765      404E
 2766 06f5 E38E8D43 		.ascii	"\343\216\215C\304\"\341\267\002\306\201W,\204\036#\235"
 2766      C422E1B7 
 2766      02C68157 
 2766      2C841E23 
 2766      9D
 2767 0706 6E4063DF 		.ascii	"n@c\337\231}\247`\035\014\367\377\261\331\210\345\330"
 2767      997DA760 
 2767      1D0CF7FF 
 2767      B1D988E5 
 2767      D8
 2768 0717 C51A3D9B 		.ascii	"\305\032=\233\203\220\346\030\201\373\301\372X\004\237"
 2768      8390E618 
 2768      81FBC1FA 
 2768      58049F
 2769 0726 1D102BEE 		.ascii	"\035\020+\3562\002\025\034\242:\266P\033Jy\271\242'"
 2769      3202151C 
 2769      A23AB650 
ARM GAS  C:\Users\acest\AppData\Local\Temp\ccF3dXUz.s 			page 85


 2769      1B4A79B9 
 2769      A227
 2770 0738 CA092C0A 		.ascii	"\312\011,\012\305(]\261\276\266(\272\301Ca\026\201\351"
 2770      C5285DB1 
 2770      BEB628BA 
 2770      C1436116 
 2770      81E9
 2771 074a 1CC41614 		.ascii	"\034\304\026\024\011\262\031\304C\270o\267W\371|;\004"
 2771      09B219C4 
 2771      43B86FB7 
 2771      57F97C3B 
 2771      04
 2772 075b 0CA2FA76 		.ascii	"\014\242\372v\020|\376\367j\376W\023\177\314r\315\236"
 2772      107CFEF7 
 2772      6AFE5713 
 2772      7FCC72CD 
 2772      9E
 2773 076c D52DB33C 		.ascii	"\325-\263<C\262\243`\016\201\274`U\271BU\207\262a\301"
 2773      43B2A360 
 2773      0E81BC60 
 2773      55B94255 
 2773      87B261C1 
 2774 0780 2DC425F0 		.ascii	"-\304%\3607\371\214o\246\361\346\035\021\256\343\226"
 2774      37F98C6F 
 2774      A6F1E61D 
 2774      11AEE396 
 2775 0790 6C6F0066 		.ascii	"lo\000f\217\337\004Y\236/\210R\340Z\200\353\3334\214"
 2775      8FDF0459 
 2775      9E2F8852 
 2775      E05A80EB 
 2775      DB348C
 2776 07a3 B7604D91 		.ascii	"\267`M\221\232\205\333!\004$l~\242\355\240\232C\225"
 2776      9A85DB21 
 2776      04246C7E 
 2776      A2EDA09A 
 2776      4395
 2777 07b5 0983CA5A 		.ascii	"\011\203\312Z\004O1\201y\001\312\262IP\226]%p\205\360"
 2777      044F3181 
 2777      7901CAB2 
 2777      4950965D 
 2777      257085F0 
 2778 07c9 1DF17D9E 		.ascii	"\035\361}\236g\327\011"
 2778      67D709
 2779 07d0 3C24708B 		.ascii	"<$p\213\300\015\002\335\004\356\021x@\3406\201\036\002"
 2779      C00D02DD 
 2779      04EE1178 
 2779      40E03681 
 2779      1E02
 2780 07e2 7708F413 		.ascii	"w\010\364\023\270I\300K\340.\201>\002\275\312\010\363"
 2780      B849C04B 
 2780      E02E813E 
 2780      02BDCA08 
 2780      F3
 2781 07f3 2E55BA6C 		.ascii	".U\272l.\201\374\3408\212\031\250\341\242b6\346\375"
 2781      2E81FCE0 
 2781      388A19A8 
 2781      E1A26236 
ARM GAS  C:\Users\acest\AppData\Local\Temp\ccF3dXUz.s 			page 86


 2781      E6FD
 2782 0805 D9D0382A 		.ascii	"\331\3208*\240\233J\237\341\364\264\222\363\210\031"
 2782      A09B4A9F 
 2782      E1F4B492 
 2782      F38819
 2783 0814 4B5B6970 		.ascii	"K[ip\030>\314?Yb\212\017\361\240\367\037\367\000I\263"
 2783      183ECC3F 
 2783      59628A0F 
 2783      F1A0F71F 
 2783      F70049B3 
 2784 0828 3BCE9D37 		.ascii	";\316\2357j\363\323#\315\274\307|\022\243yl|\220\243"
 2784      6AF3D323 
 2784      CDBCC77C 
 2784      12A3796C 
 2784      7C90A3
 2785 083b AD8D8F62 		.ascii	"\255\215\217bBW\377\001\377\325\037ak\256\356\274\030"
 2785      4257FF01 
 2785      FFD51F61 
 2785      6BAEEEBC 
 2785      18
 2786 084c 85271946 		.ascii	"\205'\031F\256\263\001\3169\037\341\305,\3757\225\022"
 2786      AEB301CE 
 2786      391FE1C5 
 2786      2CFD3795 
 2786      12
 2787 085d 3CC4430C 		.ascii	"<\304C\0146J\314\324Lm\346Vx{D?\235`\"#b\315\246\272"
 2787      364ACCD4 
 2787      4C6DE656 
 2787      787B443F 
 2787      9D602223 
 2788 0875 661862D6 		.ascii	"f\030b\326\233\010\3511\332\314#\236\342\246\242\312"
 2788      9B08E931 
 2788      DACC239E 
 2788      E2A6A2CA 
 2789 0885 306C8247 		.ascii	"0l\202Gg+\030\332c\364\220\302/\023\336\237\200\327"
 2789      672B18DA 
 2789      63F490C2 
 2789      2F13DE9F 
 2789      80D7
 2790 0897 1E632BD8 		.ascii	"\036c+\330Pj\242\3164\004k=Fs?\255\232k\260\265\223"
 2790      506AA2CE 
 2790      34046B3D 
 2790      46733FAD 
 2790      9A6BB0B5 
 2791 08ac BCF730C9 		.ascii	"\274\3670\311\315\266q\011\030\235\011&\323\333\261"
 2791      CDB67109 
 2791      189D0926 
 2791      D3DBB1
 2792 08bb 4DB489FE 		.ascii	"M\264\211\376^\222L\246\206\372\241\346\036c,R\214\260"
 2792      5E924CA6 
 2792      86FAA1E6 
 2792      1E632C52 
 2792      8CB0
 2793 08cd 0D1B621B 		.ascii	"\015\033b\033\026\333\012z\233\315\2340BB#l\343\306"
 2793      16DB0A7A 
 2793      9BCD9C30 
 2793      4242236C 
ARM GAS  C:\Users\acest\AppData\Local\Temp\ccF3dXUz.s 			page 87


 2793      E3C6
 2794 08df 4D206664 		.ascii	"M fd\326\231Za\034\205\250q\236\313\267\3374\353\315"
 2794      D6995A61 
 2794      1C85A871 
 2794      9ECBB7DF 
 2794      34EBCD
 2795 08f2 116F0F1B 		.ascii	"\021o\017\033!I6\351\367l\360\320A\365\007F\324i\323"
 2795      214936E9 
 2795      F76CF0D0 
 2795      41F50746 
 2795      D469D3
 2796 0905 1E014698 		.ascii	"\036\001F\230\3118B\377\320c\224$B\206\341\024\2453"
 2796      C93842FF 
 2796      D0639424 
 2796      4286E114 
 2796      A533
 2797 0917 4545E1A1 		.ascii	"EE\341\241Mg\212\260\374\3016q\234Y\3521\022|\225\240"
 2797      4D678AB0 
 2797      FCC13671 
 2797      9C59EA31 
 2797      127C95A0 
 2798 092b C3110C9A 		.ascii	"\303\021\014\232\244\031\367\256P?\036C\310\377\261"
 2798      A419F7AE 
 2798      503F1E43 
 2798      C8FFB1
 2799 093a 0B281760 		.ascii	"\013(\027`\217 >>\252jx;[\\\210\202f\020\321\352\273"
 2799      8F203E3E 
 2799      AA6A783B 
 2799      5B5C8882 
 2799      6610D1EA 
 2800 094f 29750620 		.ascii	")u\006 \012\017Q\276\323\200\220Q\224\260\253\037\271"
 2800      0A0F51BE 
 2800      D3809051 
 2800      94B0AB1F 
 2800      B9
 2801 0960 0F020A44 		.ascii	"\017\002\012D\345\0212\012\300'\253T\231\016\016&\376"
 2801      E511320A 
 2801      C027AB54 
 2801      990E0E26 
 2801      FE
 2802 0971 325C2EC0 		.ascii	"2\\.\300p\215R\362\321\252&I\342\001\363f_\361\217\271"
 2802      708D52F2 
 2802      D1AA2649 
 2802      E201F366 
 2802      5FF18FB9 
 2803 0985 FA1BECB0 		.ascii	"\372\033\354\260\333s}_\231\021\206\026N\220\200\256"
 2803      DB737D5F 
 2803      99118616 
 2803      4E9080AE 
 2804 0995 E7A9777B 		.ascii	"\347\251w{\317\340d\366\341\213\035z\234\370\274\250"
 2804      CFE064F6 
 2804      E18B1D7A 
 2804      9CF8BCA8 
 2805 09a5 ACFE8189 		.ascii	"\254\376\201\2117x\361XG\370t.\316#C\360m\365\221\266"
 2805      3778F158 
 2805      47F8742E 
 2805      CE2343F0 
ARM GAS  C:\Users\acest\AppData\Local\Temp\ccF3dXUz.s 			page 88


 2805      6DF591B6 
 2806 09b9 4EF22612 		.ascii	"N\362&\022\335\361x\022\230\010\016\316A6\220\330\006"
 2806      DDF17812 
 2806      98080ECE 
 2806      413690D8 
 2806      06
 2807 09ca FD25E1DA 		.ascii	"\375%\341\332\266\327\025\316\212~\247\264\3243\360"
 2807      B6D715CE 
 2807      8A7EA7B4 
 2807      D433F0
 2808 09d9 E081F702 		.ascii	"\340\201\367\002]u\365\236\307c6!\002\236+\013\267\204"
 2808      5D75F59E 
 2808      C7633621 
 2808      029E2B0B 
 2808      B784
 2809 09eb 35099E11 		.ascii	"5\011\236\021xJ>[\361\006\25522\261\226\307\307\267"
 2809      784A3E5B 
 2809      F106AD32 
 2809      32B196C7 
 2809      C7B7
 2810 09fd 9B7DD45E 		.ascii	"\233}\324^\215z\006R;9\363\232\025K\237rf\357\355\253"
 2810      8D7A0652 
 2810      3B39F39A 
 2810      154B9F72 
 2810      66EFEDAB 
 2811 0a11 B3628EB3 		.ascii	"\263b\216\263]\001\036h(\344P\2257\207\252\274\317\207"
 2811      5D011E68 
 2811      28E45095 
 2811      3787AABC 
 2811      CF87
 2812 0a23 D0359CF7 		.ascii	"\3205\234\367\324\372G\347\205CO\010\367\360\312\366"
 2812      D4FA47E7 
 2812      85434F08 
 2812      F7F0CAF6 
 2813 0a33 D3730CE1 		.ascii	"\323s\014\341\024\345\241p.\345\232*;z\277\347\232\032"
 2813      14E5A170 
 2813      2EE59A2A 
 2813      3B7ABFE7 
 2813      9A1A
 2814 0a45 B6CDC4F9 		.ascii	"\266\315\304\371\005O%\036\035\276\207Y>M\263|\232Z"
 2814      054F251E 
 2814      1DBE8759 
 2814      3E4DB37C 
 2814      9A5A
 2815 0a57 87D0DD5C 		.ascii	"\207\320\335\\\323\263\273;\216\030\271\320SM\010\315"
 2815      D3B3BB3B 
 2815      8E18B9D0 
 2815      534D08CD 
 2816 0a67 9BE3139A 		.ascii	"\233\343\023\232\343\023\252\032B[\215?\031\377\271"
 2816      E313AA1A 
 2816      425B8D3F 
 2816      19FFB9
 2817 0a76 94ED719A 		.ascii	"\224\355q\232N\035\243>{S}\346\316G\262y\302\\\257\367"
 2817      4E1DA33E 
 2817      7B537DE6 
 2817      CE47B279 
 2817      C25CAFF7 
ARM GAS  C:\Users\acest\AppData\Local\Temp\ccF3dXUz.s 			page 89


 2818 0a8a DA808E07 		.ascii	"\332\200\216\007\246\256\345\257ul\224\342[(\360\351"
 2818      A6AEE5AF 
 2818      756C94E2 
 2818      5B28F0E9 
 2819 0a9a 2DF0E9ED 		.ascii	"-\360\351\355\214\245g\270\336\346\272\312\255\204\353"
 2819      8CA567B8 
 2819      DEE6BACA 
 2819      AD84EB
 2820 0aa9 992BC2B2 		.ascii	"\231+\302\262\261\260\267+:\214\232b\224-\022jnt<\337"
 2820      B1B0B72B 
 2820      3A8C9A62 
 2820      942D126A 
 2820      6E743CDF 
 2821 0abd 11F14E29 		.ascii	"\021\361N)n8\026\017z\316\015\333\227S5\002_\303\002"
 2821      6E38160F 
 2821      7ACE0DDB 
 2821      97533502 
 2821      5FC302
 2822 0ad0 9F9E0594 		.ascii	"\237\236\005\224\177\267\\l\342G\256\242\232N\237'L"
 2822      7FB75C6C 
 2822      E247AEA2 
 2822      9A4E9F27 
 2822      4C
 2823 0ae1 C3B2FEE7 		.ascii	"\303\262\376\347\227\364\341\002_\202*\026\013\025m"
 2823      97F4E102 
 2823      5F822A16 
 2823      0B156D
 2824 0af0 7B3B3703 		.ascii	"{;7\003S\341]_\223;\317\003\023\361%,\362)X$\024,7\205"
 2824      53E15D5F 
 2824      933BCF03 
 2824      13F1252C 
 2824      F2295824 
 2825 0b08 EDD9F567 		.ascii	"\355\331\365g+7\232U\237\276c\261;q\271|]D\270|\255"
 2825      2B379A55 
 2825      9FBE63B1 
 2825      3B71B97C 
 2825      5D44B87C 
 2826 0b1d 4095E542 		.ascii	"@\225\345B\345\322\243\217f\350\271\312\3555\263\270"
 2826      E5D2A38F 
 2826      66E8B9CA 
 2826      ED35B3B8 
 2827 0b2d CA0A0A65 		.ascii	"\312\012\012e>\225eB\345V\256rv\357`\2560o\307L\201"
 2827      3E956542 
 2827      E556AE72 
 2827      76EF60AE 
 2827      306FC74C 
 2828 0b42 C5382FF5 		.ascii	"\3058/\365a\227\012\354~\223\330\0065\200\330\006\211"
 2828      61970AEC 
 2828      7E93D806 
 2828      3580D806 
 2828      89
 2829 0b53 4FB67540 		.ascii	"O\266u@[M\022=\205\345\007N\326\261\370TE\320\356v%"
 2829      5B4D123D 
 2829      85E5074E 
 2829      D6B1F854 
 2829      45D0EE76 
 2830 0b68 855A858D 		.ascii	"\205Z\205\215z9h\377\246\372_pL\243\212\251\3230\370"
ARM GAS  C:\Users\acest\AppData\Local\Temp\ccF3dXUz.s 			page 90


 2830      7A3968FF 
 2830      A6FA5F70 
 2830      4CA38AA9 
 2830      D330F8
 2831 0b7b BE6657E7 		.ascii	"\276fW\347F\277\215\377*\252\035G\250\262\003\037Cg"
 2831      46BF8DFF 
 2831      2AAA1D47 
 2831      A8B2031F 
 2831      4367
 2832 0b8d 4648740E 		.ascii	"FHt\016\226\",%\021LlO\316\216\374\210\320\025g=\015"
 2832      96222C25 
 2832      114C6C4F 
 2832      CE8EFC88 
 2832      D015673D 
 2833 0ba2 5871747B 		.ascii	"Xqt{\247\317\234C\370\201a`\361\232\354\357\207\357"
 2833      A7CF9C43 
 2833      F8816160 
 2833      F19AECEF 
 2833      87EF
 2834 0bb4 1747C606 		.ascii	"\027G\306\006\012\365\0246\3220\207\206\200\257z\353"
 2834      0AF51436 
 2834      D2308786 
 2834      80AF7AEB 
 2835 0bc4 3808F936 		.ascii	"8\010\3716\260\300\320\263\\\365\202\305+#B?\000~\037"
 2835      B0C0D0B3 
 2835      5CF582C5 
 2835      2B23423F 
 2835      007E1F
 2836 0bd7 08BD18C1 		.ascii	"\010\275\030\301l\377\213\357\213\366_p\255\274\316"
 2836      6CFF8BEF 
 2836      8BF65F70 
 2836      ADBCCE
 2837 0be6 C557CC3A 		.ascii	"\305W\314:?\030\346\253\3626\206A\361\255\024\266P\332"
 2837      3F18E6AB 
 2837      F2368641 
 2837      F1AD14B6 
 2837      50DA
 2838 0bf8 878E3E66 		.ascii	"\207\216>fp\335\362\326\212rs|\350\027\335\235x\260"
 2838      70DDF2D6 
 2838      8A72737C 
 2838      E817DD9D 
 2838      78B0
 2839 0c0a E1FA7653 		.ascii	"\341\372vS\261\367\335\326YR\360.\367N\354l\361m\340"
 2839      B1F7DDD6 
 2839      5952F02E 
 2839      F74EEC6C 
 2839      F16DE0
 2840 0c1d CE96E698 		.ascii	"\316\226\346\230\231\376\326\374\222\302\330\320\217"
 2840      99FED6FC 
 2840      92C2D8D0 
 2840      8F
 2841 0c2a B57B02F8 		.ascii	"\265{\002\370\304Q\037\350<\263D\027aY\312E\277\317"
 2841      C4511FE8 
 2841      3CB34417 
 2841      6159CA45 
 2841      BFCF
 2842 0c3c 595A1C15 		.ascii	"YZ\034\025jz\263\177\320i\035\302\3539\374\340\311C"
ARM GAS  C:\Users\acest\AppData\Local\Temp\ccF3dXUz.s 			page 91


 2842      6A7AB37F 
 2842      D0691DC2 
 2842      EB39FCE0 
 2842      C943
 2843 0c4e F783F2E3 		.ascii	"\367\203\362\343 \205\0265?v\011\316[[[\014\201\240"
 2843      20851635 
 2843      3F7609CE 
 2843      5B5B5B0C 
 2843      81A0
 2844 0c60 560D8480 		.ascii	"V\015\204\200\376%\263k\374\266 \207\264N;\214\226\322"
 2844      FE25B36B 
 2844      FCB62087 
 2844      B44E3B8C 
 2844      96D2
 2845 0c72 36C6621A 		.ascii	"6\306b\032x1X\240\327\216H\307\252\225#\022\016\254"
 2845      783158A0 
 2845      D78E48C7 
 2845      AA952312 
 2845      0EAC
 2846 0c84 2314DA69 		.ascii	"#\024\332i\360\261%\344\264r\220\243\320\211c\024\216"
 2846      F0B125E4 
 2846      B47290A3 
 2846      D0896314 
 2846      8E
 2847 0c95 5268A3CA 		.ascii	"Rh\243\312\016\356h\2638\377\034\246\354\214\324N\303"
 2847      0EEE68B3 
 2847      38FF1CA6 
 2847      EC8CD44E 
 2847      C3
 2848 0ca6 9C911ADA 		.ascii	"\234\221\032\332\225s\024b\016\207`\370\021)\267\365"
 2848      95731462 
 2848      0E8760F8 
 2848      1129B7F5 
 2849 0cb6 E62573E8 		.ascii	"\346%s\350\021\2515\214Rz\022\343w\023\313\003\036\236"
 2849      11A9358C 
 2849      527A12E3 
 2849      7713CB03 
 2849      1E9E
 2850 0cc8 2DD7CB3B 		.ascii	"-\327\313;\314\346\256\220OZ\247h\300'-\323\351\265"
 2850      CCE6AE90 
 2850      4F5AA768 
 2850      C0272DD3 
 2850      E9B5
 2851 0cda 15B9FC23 		.ascii	"\025\271\374#\2118NuT\307e\363\000\034\247p\200\302"
 2851      89384E75 
 2851      54C765F3 
 2851      001CA770 
 2851      80C2
 2852 0cec 391A7430 		.ascii	"9\032t0\271\3146\314\325hv)\313\027\012'9F\315\227\215"
 2852      B9CC36CC 
 2852      D5687629 
 2852      CB170A27 
 2852      3946CD97 
 2853 0d01 01BBE19F 		.ascii	"\001\273\341\237K\320H\331\241\036Np\024j=C\241\203"
 2853      4BD048D9 
 2853      A11E4E70 
 2853      146A3D43 
ARM GAS  C:\Users\acest\AppData\Local\Temp\ccF3dXUz.s 			page 92


 2853      A183
 2854 0d13 C2592548 		.ascii	"\302Y%H\015\267\225\000\354\307\255>\207\004\177\010"
 2854      0DB79500 
 2854      ECC7AD3E 
 2854      87047F08 
 2855 0d23 A1CF455F 		.ascii	"\241\317E_\317\250\332\257\217\017\241=\037\206VL<@"
 2855      CFA8DAAF 
 2855      8F0FA13D 
 2855      1F86564C 
 2855      3C40
 2856 0d35 8B22255A 		.ascii	"\213\"%Z\212ee$\373\000\260\257\251t.\353f\3263\355"
 2856      8A656524 
 2856      FB00B0AF 
 2856      A9742EEB 
 2856      66D633ED 
 2857 0d49 CAE102E7 		.ascii	"\312\341\002\347\341N\012]\241J\265p\377H\231Kp\221"
 2857      E14E0A5D 
 2857      A14AB570 
 2857      FF48994B 
 2857      7091
 2858 0d5b C350CF65 		.ascii	"\303P\317e\012\227\224Q\343=\264\346+\306\"\016\214"
 2858      0A979451 
 2858      E33DB4E6 
 2858      2BC6220E 
 2858      8C
 2859 0d6c 5DC171A2 		.ascii	"]\301q\242\365L/\231\273\351D\263>>\204\360J0!\335\211"
 2859      F54C2F99 
 2859      BBE944B3 
 2859      3E3E84F0 
 2859      4A3021DD 
 2860 0d81 A6EEC572 		.ascii	"\246\356\305r\214\213\025=\250\276\037\035\325\365\212"
 2860      8C8B153D 
 2860      A8BE1F1D 
 2860      D5F58A
 2861 0d90 AF7B38B8 		.ascii	"\257{8\2707V\356\232\0251<\036{c\340\376\236\313\033"
 2861      3756EE9A 
 2861      15313C1E 
 2861      7B63E0FE 
 2861      9ECB1B
 2862 0da3 C628D353 		.ascii	"\306(\323S7\205\033\024n\376\344\364t\235\203\330\267"
 2862      37851B14 
 2862      6EFEE4F4 
 2862      749D83D8 
 2862      B7
 2863 0db4 7DAE7C6E 		.ascii	"}\256|n\024S\332\270\355\336Fs\350\374t+\000[N\343\252"
 2863      1453DAB8 
 2863      EDDE4673 
 2863      E8FC742B 
 2863      005B4EE3 
 2864 0dc9 3DB74FC7 		.ascii	"=\267O\307\370\276\252\211\264\331\276NI\233\275\024"
 2864      F8BEAA89 
 2864      B4D9BE4E 
 2864      499BBD14 
 2865 0dd9 7650B8AB 		.ascii	"vP\270\253\245DmpJ,\307\023-\345\037!\357r\332>\354"
 2865      A5446D70 
 2865      4A2CC713 
 2865      2DE51F21 
ARM GAS  C:\Users\acest\AppData\Local\Temp\ccF3dXUz.s 			page 93


 2865      EF72DA3E 
 2866 0dee 090A7728 		.ascii	"\011\012w(\334\247\320K\341\001\205{\024\372\225(7\264"
 2866      DCA7D04B 
 2866      E101857B 
 2866      14FA9528 
 2866      37B4
 2867 0e00 29DF8A36 		.ascii	")\337\2126QX\313yU\317\326P\355\224\263t\2358\345\\"
 2867      5158CB79 
 2867      55CFD650 
 2867      ED94B374 
 2867      9D38E55C 
 2868 0e14 A5708183 		.ascii	"\245p\201\203D\230\375\017\357\253\031\204\345\354\017"
 2868      4498FD0F 
 2868      EFAB1984 
 2868      E5EC0F
 2869 0e23 14F6718C 		.ascii	"\024\366q\214\310!\377\234m\270\250\360\340ie\005\307"
 2869      C821FF9C 
 2869      6DB8A8F0 
 2869      E0696505 
 2869      C7
 2870 0e34 88A39072 		.ascii	"\210\243\220r\302U\006\355\036\305\242\355h}\250E\342"
 2870      C25506ED 
 2870      1EC5A2ED 
 2870      687DA845 
 2870      E2
 2871 0e45 B878BE5D 		.ascii	"\270x\276]\244\330j\0125\001\230\345>e\336\233\353\004"
 2871      A4D86A0A 
 2871      350198E5 
 2871      3E65DE9B 
 2871      EB04
 2872 0e57 E636856B 		.ascii	"\3466\205k\001\230j\352;\232\225\267\364\365\231\342"
 2872      01986AEA 
 2872      3B9A95B7 
 2872      F4F599E2 
 2873 0e67 436257F9 		.ascii	"CbW\371\323\261C\341\205g\347m\215z\227mZ\006\256,\330"
 2873      D3B143E1 
 2873      8567E76D 
 2873      8D7A976D 
 2873      5A06AE2C 
 2874 0e7c 30BEC853 		.ascii	"0\276\310S\205\373\270\207\024\252\270\250\240\222\360"
 2874      85FBB887 
 2874      14AAB8A8 
 2874      A092F0
 2875 0e8b 49FA6C5B 		.ascii	"I\372l[,\302\017\357*\250\360\373\242|Z\373\302\377"
 2875      2CC20FEF 
 2875      2AA8F0FB 
 2875      A27C5AFB 
 2875      C2FF
 2876 0e9d 586C1766 		.ascii	"Xl\027fv=y[{\377P3x@\274\337\334\373\274A\357\3733\022"
 2876      763D795B 
 2876      7BFF5033 
 2876      7840BCDF 
 2876      DCFBBC41 
 2877 0eb5 2EBFEAFB 		.ascii	".\277\352\373'h\362h\030\303\376*[\375t\027\215\023"
 2877      2768F268 
 2877      18C3FE2A 
 2877      5BFD7417 
ARM GAS  C:\Users\acest\AppData\Local\Temp\ccF3dXUz.s 			page 94


 2877      8D13
 2878 0ec7 FEFC0F94 		.ascii	"\376\374\017\224\020\337\256\344)\3450\261l\033\020"
 2878      10DFAEE4 
 2878      29E530B1 
 2878      6C1B10
 2879 0ed6 59BB3DEF 		.ascii	"Y\273=\357HD8\262\347\234\354\031\345H#\037\355\237"
 2879      484438B2 
 2879      E79CEC19 
 2879      E548231F 
 2879      ED9F
 2880 0ee8 B02DD1D5 		.ascii	"\260-\321\325\033M\261\376\314/)\274`\376\015R.\303"
 2880      1B4DB1FE 
 2880      CC2F29BC 
 2880      60FE0D52 
 2880      2EC3
 2881 0efa B7A9DEC1 		.ascii	"\267\251\336\301\"\277\257\330%\232\007\036\035\007"
 2881      22BFAFD8 
 2881      259A071E 
 2881      1D07
 2882 0f08 E4B477E7 		.ascii	"\344\264w\347\373\375M\252X\003d#\200\036\215\222\350"
 2882      FBFD4DAA 
 2882      58036423 
 2882      801E8D92 
 2882      E8
 2883 0f19 053E54F2 		.ascii	"\005>T\362\233\232+\014:\266\355\026\202\205y\247?\342"
 2883      9B9A2B0C 
 2883      3AB6ED16 
 2883      828579A7 
 2883      3FE2
 2884 0f2b DBAF7562 		.ascii	"\333\257ub?\366\303\334\262\331\3060[\312Y8\254f\"\360"
 2884      3FF6C3DC 
 2884      B2D9C630 
 2884      5BCA5938 
 2884      AC6622F0 
 2885 0f3f 9D423C24 		.ascii	"\235B<$l\352\336\360lds\216\007\267\255\205\255\004"
 2885      6CEADEF0 
 2885      6C64738E 
 2885      07B7AD85 
 2885      AD04
 2886 0f51 DFC1741D 		.ascii	"\337\301t\035_\274`\206\016r\331\223\272w\235\023O\267"
 2886      5FBC6086 
 2886      0E72D993 
 2886      BA779D13 
 2886      4FB7
 2887 0f63 46F3E560 		.ascii	"F\363\345`\347\274#\3460\274\263u\374\244\300i\007\256"
 2887      E7BC23E6 
 2887      30BCB375 
 2887      FCA4C069 
 2887      07AE
 2888 0f75 9C383FB6 		.ascii	"\2348?\266I\320\376;\276\201<\301\212\233pVW9\233\343"
 2888      49D0FE3B 
 2888      BE813CC1 
 2888      8A9B7056 
 2888      57399BE3 
 2889 0f89 68737488 		.ascii	"hst\210/\234\241\264\333[b\334\271\315\343\231\351\361"
 2889      2F9CA1B4 
 2889      DB5B62DC 
ARM GAS  C:\Users\acest\AppData\Local\Temp\ccF3dXUz.s 			page 95


 2889      B9CDE399 
 2889      E9F1
 2890 0f9b 4CFF2563 		.ascii	"L\377%c\207"
 2890      87
 2891 0fa0 7CC5B202 		.ascii	"|\305\262\002\035\314eO*\313@\034=\026-\244\236\366"
 2891      1DCC654F 
 2891      2ACB401C 
 2891      3D162DA4 
 2891      9EF6
 2892 0fb2 9ED8FCAE 		.ascii	"\236\330\374\256\352\016\337\376\317S\025\317\327a]"
 2892      EA0EDFFE 
 2892      CF5315CF 
 2892      D7615D
 2893 0fc1 15D91247 		.ascii	"\025\331\022G\213cTS\357\235\0110\265P\225X\300\352"
 2893      8B635453 
 2893      EF9D0930 
 2893      B5509558 
 2893      C0EA
 2894 0fd3 AA445F1C 		.ascii	"\252D_\034]\022\363*S\033\212\203L-RL-\326\301B\366"
 2894      5D12F32A 
 2894      531B8A83 
 2894      4C2D524C 
 2894      2DD6C142 
 2895 0fe8 A4B264C7 		.ascii	"\244\262d\307\323Z\316Rw\374B]\014\357\255cb{>\177\321"
 2895      D35ACE52 
 2895      77FC425D 
 2895      0CEFAD63 
 2895      627B3E7F 
 2896 0ffd B3DA48   		.ascii	"\263\332H"
 2897 1000 B561B10E 		.ascii	"\265a\261\016[<\217\237\2754\205\211s)\262\225\250\272"
 2897      5B3C8F9F 
 2897      BD348589 
 2897      7329B295 
 2897      A8BA
 2898 1012 3BF2E7CD 		.ascii	";\362\347\315\216\304\335\002\036w\366\351\360\025,"
 2898      8EC4DD02 
 2898      1E77F6E9 
 2898      F0152C
 2899 1021 52AD2F63 		.ascii	"R\255/cuU\357Q\354\274\360z\257l\336P\247\235\307\216"
 2899      7555EF51 
 2899      ECBCF07A 
 2899      AF6CDE50 
 2899      A79DC78E 
 2900 1035 F9EDD151 		.ascii	"\371\355\321Q\270\\Q\343\335vs\036;\361U\025\002\266"
 2900      B85C51E3 
 2900      DD76731E 
 2900      3BF15515 
 2900      02B6
 2901 1047 C377AA8E 		.ascii	"\303w\252\216%\254\256\352\250\211\247m1\241G\017z\201"
 2901      25ACAEEA 
 2901      A889A76D 
 2901      31A1470F 
 2901      7A81
 2902 1059 351A76CC 		.ascii	"5\032v\314\331T\255\023\177\204\212 P\255\233\316\216"
 2902      D954AD13 
 2902      7F848A20 
 2902      50AD9BCE 
ARM GAS  C:\Users\acest\AppData\Local\Temp\ccF3dXUz.s 			page 96


 2902      8E
 2903 106a 67D5BA46 		.ascii	"g\325\272F\366\007\251\031Q\312\337\227\252X\223\004"
 2903      F607A919 
 2903      51CADF97 
 2903      AA589304 
 2904 107a CB74B09C 		.ascii	"\313t\260\234E\340\376\326\347\365\332\221\245Z\347"
 2904      45E0FED6 
 2904      E7F5DA91 
 2904      A55AE7
 2905 1089 B36D0582 		.ascii	"\263m\005\202*\325\020,||\342\3071M\276>_\241\203\245"
 2905      2AD5102C 
 2905      7C7CE2C7 
 2905      314DBE3E 
 2905      5FA183A5 
 2906 109d AA7D35AC 		.ascii	"\252}5\254\256\332\367]\034R\036\311{\226\035\241\215"
 2906      AEDAF75D 
 2906      1C521EC9 
 2906      7B961DA1 
 2906      8D
 2907 10ae AE0A6D74 		.ascii	"\256\012mt\255\024\243\250\352i\367}?\300|\015P\313"
 2907      AD14A3A8 
 2907      EA69F77D 
 2907      3FC07C0D 
 2907      50CB
 2908 10c0 86DFC258 		.ascii	"\206\337\302X\256\264\2412W\2341\367qH\235\252p\225"
 2908      AEB4A132 
 2908      579C31F7 
 2908      71489DAA 
 2908      7095
 2909 10d2 0EEBAAC2 		.ascii	"\016\353\252\302GoH\237\214\0325\332\377\377\247\251"
 2909      476F489F 
 2909      8C1A35DA 
 2909      FFFFA7A9 
 2910 10e2 8E6F1C89 		.ascii	"\216o\034\211r\226\315\341\034meu\247{\334\330\261c"
 2910      7296CDE1 
 2910      1C6D6575 
 2910      A77BDCD8 
 2910      B163
 2911 10f4 473BDDA3 		.ascii	"G;\335\243]\362h\267\313\212\255\351\356\224QV\323\347"
 2911      5DF268B7 
 2911      CB8AADE9 
 2911      EE945156 
 2911      D3E7
 2912 1106 5F7E3DEC 		.ascii	"_~=\354\323\261\037Ko(\015\243l\343?\031\377\301\330"
 2912      D3B11F4B 
 2912      6F280DA3 
 2912      6CE33F19 
 2912      FFC1D8
 2913 1119 E40F2593 		.ascii	"\344\017%\223\313\236\234\226\351r8\2152\273Zdc\272"
 2913      CB9E9C96 
 2913      E972388D 
 2913      32BB5A64 
 2913      63BA
 2914 112b 3C35CDE1 		.ascii	"<5\315\341\226M\326TKz\226l\237j\262g\3323l\216\214"
 2914      964DD654 
 2914      4B7A966C 
 2914      9F6AB267 
ARM GAS  C:\Users\acest\AppData\Local\Temp\ccF3dXUz.s 			page 97


 2914      DA336C8E 
 2915 1140 9448FB64 		.ascii	"\224H\373d{\206\234\236\354\376\326\"\233\220\346\257"
 2915      7B869C9E 
 2915      ECFED622 
 2915      9B90E6AF 
 2916 1150 59F62CBB 		.ascii	"Y\366,\273.\303>\225c\371\223Y\255Xd]\246\313>\371}"
 2916      2EC33E95 
 2916      63F99359 
 2916      AD58645D 
 2916      A6CB3EF9 
 2917 1165 EBAF93B8 		.ascii	"\353\257\223\270enne\222\237\225INw\222KNrdX\323\262"
 2917      656E6E65 
 2917      929F9549 
 2917      4E77924B 
 2917      4E726458 
 2918 117b 6C767CC3 		.ascii	"lv|\303\224\272G\245J\306)\311\016\031\325\031\221\213"
 2918      94BA47A5 
 2918      4AC629C9 
 2918      0E19D519 
 2918      918B
 2919 118d B5452877 		.ascii	"\265E(w\213\014Y\006\373\024\246\3370EF+3\361\346\266"
 2919      8B0C5906 
 2919      FB14A6DF 
 2919      3045462B 
 2919      33F1E6B6 
 2920 11a1 A7674621 		.ascii	"\247gF!\000\357\311\231\251N\227\335\350f6\272S\364"
 2920      00EFC999 
 2920      A94E97DD 
 2920      E86636BA 
 2920      53F4
 2921 11b3 582CB27E 		.ascii	"X,\262~\212,\2732\031\203\234\212\216\332L\342f\221"
 2921      8A2CBB32 
 2921      19839C8A 
 2921      8EDA4CE2 
 2921      6691
 2922 11c5 E3948ACB 		.ascii	"\343\224\212\313>\311\356\262gX\321`ds~\363\277\231"
 2922      3EC9EEB2 
 2922      6758D160 
 2922      64737EF3 
 2922      BF99
 2923 11d7 26FB5487 		.ascii	"&\373T\207lu\332\354\006\227m\032\222|\370\032.\240"
 2923      6C75DAEC 
 2923      06976D1A 
 2923      927CF81A 
 2923      2EA0
 2924 11e9 BCDDCA9D 		.ascii	"\274\335\312\235\320!\261\333(\263+Z1)-9\005\237\322"
 2924      D021B1DB 
 2924      28B32B5A 
 2924      31292D39 
 2924      059FD2
 2925 11fc 91159FDC 		.ascii	"\221\025\237\334r\262l7\311\374\306\324&\177\223\354"
 2925      72B26C37 
 2925      C9FCC6D4 
 2925      267F93EC 
 2926 120c B69BDDF2 		.ascii	"\266\233\335\362\267\311i\216\224\014\214\\Fr\272]g"
 2926      B7C9698E 
 2926      940C8C5C 
ARM GAS  C:\Users\acest\AppData\Local\Temp\ccF3dXUz.s 			page 98


 2926      4672BA5D 
 2926      67
 2927 121d 4D4D76E9 		.ascii	"MMv\351\235S2\354\256\0304\337\351\26682P\002-\215\366"
 2927      9D5332EC 
 2927      AE1834DF 
 2927      E9B63832 
 2927      50022D8D 
 2928 1232 ABA3B88B 		.ascii	"\253\243\270\213\307\233Z\345\251\2503\305mHsY\354S"
 2928      C79B5AE5 
 2928      A9A833C5 
 2928      6D487359 
 2928      EC53
 2929 1244 ADA62C47 		.ascii	"\255\246,G\206\374\3768\213L]c\307b\031C\\\343\211\353"
 2929      86FCFE38 
 2929      8B4C5D63 
 2929      C7621943 
 2929      5CE389EB 
 2930 1258 13E2FA98 		.ascii	"\023\342\372\230\270>\"\256\017\211\353\003#S\213}\036"
 2930      B83E22AE 
 2930      0F89EB03 
 2930      23538B7D 
 2930      1E
 2931 1269 99E974C9 		.ascii	"\231\351t\311\310(#\305\204\277\355\254\325\231\236"
 2931      C82823C5 
 2931      84BFEDAC 
 2931      D5999E
 2932 1278 EECC4862 		.ascii	"\356\314Hb\002\356\244dW\372\344\217G\246\217LN\223"
 2932      02EEA464 
 2932      57FAE48F 
 2932      47A68F4C 
 2932      4E93
 2933 128a 1167C5D8 		.ascii	"\021g\305\330\243\337\304\235)\3700+\220/\212\327\255"
 2933      A3DFC49D 
 2933      29F8302B 
 2933      902F8AD7 
 2933      AD
 2934 129b CE0CCC23 		.ascii	"\316\014\314#\231\246\332\\\206Ln.\346\241\205\245\233"
 2934      99A6DA5C 
 2934      864C6E2E 
 2934      E6A185A5 
 2934      9B
 2935 12ac CB214F13 		.ascii	"\313!O\023\011\023\037\322\302S\310\341\324\2134c\031"
 2935      09131FD2 
 2935      C253C8E1 
 2935      D48B3463 
 2935      19
 2936 12bd A04FCF74 		.ascii	"\240O\317t:\323\242\335\323\334h\255\335599\015\375"
 2936      3AD3A2DD 
 2936      D3DC68AD 
 2936      DD353939 
 2936      0DFD
 2937 12cf 1BFB9114 		.ascii	"\033\373\221\024\301M\261\217L\227\314h\006\252\032"
 2937      C14DB18F 
 2937      4C97CC68 
 2937      06AA1A
 2938 12de 99FE8184 		.ascii	"\231\376\201\204\235\376\037\356\224DL\335_}\372\353"
 2938      9DFE1FEE 
ARM GAS  C:\Users\acest\AppData\Local\Temp\ccF3dXUz.s 			page 99


 2938      94444CDD 
 2938      5F7DFAEB 
 2939 12ee A4AFDD76 		.ascii	"\244\257\335v\027\232l\265\273\345\244\317\354\356o"
 2939      179A6CB5 
 2939      BBE5A4CF 
 2939      ECEE6F
 2940 12fd 656766D2 		.ascii	"egf\322W\243~3\352\323Q\277Kra3\352v\262\276\223\306"
 2940      57A37E33 
 2940      EAD351BF 
 2940      4B726133 
 2940      EA76B2BE 
 2941 1313 FFA3630C 		.ascii	"\377\243c\014u3\205\177\306\344M|\303W\375\223#\335"
 2941      7533857F 
 2941      C6E44D7C 
 2941      C357FD93 
 2941      23DD
 2942 1325 EECC9213 		.ascii	"\356\314\222\023\305\313\211\316\264\264\304(^\375\312"
 2942      C5CB89CE 
 2942      B4B4C428 
 2942      5EFDCA
 2943 1334 9E66C7F8 		.ascii	"\236f\307\370G[S\023\255\251\237;\023\323\354\366\314"
 2943      475B5313 
 2943      ADA99F3B 
 2943      13D3ECF6 
 2943      CC
 2944 1345 C471AF91 		.ascii	"\304q\257\221knk\252\015\003\036\311\011\276\302\\\236"
 2944      6B6E6BAA 
 2944      0D031EC9 
 2944      09BEC25C 
 2944      9E
 2945 1356 F645823F 		.ascii	"\366E\202?\231\2529\2127\3769\371[{Vf\"\265\246\216"
 2945      99AA398A 
 2945      37FE39F9 
 2945      5B7B5666 
 2945      22B5A68E 
 2946 136a 31A72763 		.ascii	"1\247'c\370x\372\033\260g&9R\206\006&\230E\264&\204"
 2946      F878FA1B 
 2946      B0672639 
 2946      52860626 
 2946      9845B426 
 2947 137f 366197B8 		.ascii	"6a\227\270&Y\263\330\310dw\035\033\213\221\254f\021"
 2947      2659B3D8 
 2947      C864771D 
 2947      1B8B91AC 
 2947      6611
 2948 1391 B3C2EBD8 		.ascii	"\263\302\353\330\317\304\320~\003\027\227\215,\177,"
 2948      CFC4D07E 
 2948      0317978D 
 2948      2C7F2C
 2949 13a0 0E5B8472 		.ascii	"\016[\204r\307\026\314f\326\351\221L\231=\005k\256i"
 2949      C716CC66 
 2949      D6E9914C 
 2949      993D056B 
 2949      AE69
 2950 13b2 66B58279 		.ascii	"f\265\202y?Y\346\263TZ\262[\226\321\325\010\314\012"
 2950      3F59E6B3 
 2950      545AB25B 
ARM GAS  C:\Users\acest\AppData\Local\Temp\ccF3dXUz.s 			page 100


 2950      96D1D508 
 2950      CC0A
 2951 13c4 76C7F165 		.ascii	"v\307\361ec/0\260\026\233=MN\346sGl\300\023\303\260"
 2951      632F30B0 
 2951      169B3D4D 
 2951      4EE67347 
 2951      6CC013C3 
 2952 13d9 879F61EB 		.ascii	"\207\237a\353d\207K\316b\211\204\262.\267\230p\030'"
 2952      64874BCE 
 2952      628984B2 
 2952      2EB79870 
 2952      1827
 2953 13eb FA9D9EC9 		.ascii	"\372\235\236\311G\321G\037X\344\241a`\310\342R5\261"
 2953      47D1471F 
 2953      58E4A161 
 2953      60C8E252 
 2953      35B1
 2954 13fd 604EE3AD 		.ascii	"`N\343\255Fk\226\013'\0249Jk\302$\265}\223\302L`6\332"
 2954      466B960B 
 2954      2714394A 
 2954      6BC224B5 
 2954      7D93C24C 
 2955 1414 D3D1926F 		.ascii	"\323\321\222o\262R\"2\2233\034V\013\346\316\353L\222"
 2955      B2522232 
 2955      93331C56 
 2955      0BE6CEEB 
 2955      4C92
 2956 1426 5C14C316 		.ascii	"\\\024\303\026\343Oe\221\307\276N\342Lc\023T\264\005"
 2956      E34F6591 
 2956      C7BE4EE2 
 2956      4C631354 
 2956      B405
 2957 1438 E74CD9F2 		.ascii	"\347L\331\362\333\337$\376n\342W_D'\247MI\236\306\372"
 2957      DBDF24FE 
 2957      6EE2575F 
 2957      4427A74D 
 2957      499EC6FA 
 2958 144c 3BCD9161 		.ascii	";\315\221a\377\343\3375\013\340\210fs@\2225\335\355"
 2958      FFE3DF35 
 2958      0BE08866 
 2958      73409235 
 2958      DDED
 2959 145e 608D2EBB 		.ascii	"`\215.\273\246\2045YR\254V%A\247\271\277\316HsZ\277"
 2959      A6843559 
 2959      52AC5625 
 2959      41A7B9BF 
 2959      CE48735A 
 2960 1473 15534316 		.ascii	"\025SC\026\257c\330\376\224j\373\334.'\332\323&\375"
 2960      AF63D8FE 
 2960      946AFBDC 
 2960      2E27DAD3 
 2960      26FD
 2961 1485 D7EBCCB2 		.ascii	"\327\353\314\262\"w\231\023\021\234\373\217\310\026"
 2961      22779913 
 2961      119CFB8F 
 2961      C816
 2962 1493 C199196F 		.ascii	"\301\231\031o\254o\011\302\344\265\273\344\004\337\363"
ARM GAS  C:\Users\acest\AppData\Local\Temp\ccF3dXUz.s 			page 101


 2962      AC6F09C2 
 2962      E4B5BBE4 
 2962      04DFF3
 2963 14a2 24C72427 		.ascii	"$\307$'\366T\272s\262=\226\217\301/\334\023\305\312"
 2963      F654BA73 
 2963      B23D968F 
 2963      C12FDC13 
 2963      C5CA
 2964 14b4 F685DEF2 		.ascii	"\366\205\336\362[\234Y^'\212l\314c\024\375\307r\342"
 2964      5B9C595E 
 2964      278A6CCC 
 2964      6314FDC7 
 2964      72E2
 2965 14c6 FF039A14 		.ascii	"\377\003\232\024\027\303"
 2965      17C3
 2966              		.text
 2967              		.section	.gnu.lto_.symtab.b3bfee77,"e",%progbits
 2968 0000 63684D73 		.ascii	"chMsgSend\000"
 2968      6753656E 
 2968      6400
 2969 000a 00       		.ascii	"\000"
 2970 000b 00       		.ascii	"\000"
 2971 000c 00       		.ascii	"\000"
 2972 000d 00000000 		.ascii	"\000\000\000\000\000\000\000\000"
 2972      00000000 
 2973 0015 82010000 		.ascii	"\202\001\000\000"
 2974 0019 63684D73 		.ascii	"chMsgWaitS\000"
 2974      67576169 
 2974      745300
 2975 0024 00       		.ascii	"\000"
 2976 0025 00       		.ascii	"\000"
 2977 0026 00       		.ascii	"\000"
 2978 0027 00000000 		.ascii	"\000\000\000\000\000\000\000\000"
 2978      00000000 
 2979 002f 85010000 		.ascii	"\205\001\000\000"
 2980 0033 63684D73 		.ascii	"chMsgWaitTimeoutS\000"
 2980      67576169 
 2980      7454696D 
 2980      656F7574 
 2980      5300
 2981 0045 00       		.ascii	"\000"
 2982 0046 00       		.ascii	"\000"
 2983 0047 00       		.ascii	"\000"
 2984 0048 00000000 		.ascii	"\000\000\000\000\000\000\000\000"
 2984      00000000 
 2985 0050 89010000 		.ascii	"\211\001\000\000"
 2986 0054 63684D73 		.ascii	"chMsgPollS\000"
 2986      67506F6C 
 2986      6C5300
 2987 005f 00       		.ascii	"\000"
 2988 0060 00       		.ascii	"\000"
 2989 0061 00       		.ascii	"\000"
 2990 0062 00000000 		.ascii	"\000\000\000\000\000\000\000\000"
 2990      00000000 
 2991 006a 8B010000 		.ascii	"\213\001\000\000"
 2992 006e 63684D73 		.ascii	"chMsgRelease\000"
 2992      6752656C 
ARM GAS  C:\Users\acest\AppData\Local\Temp\ccF3dXUz.s 			page 102


 2992      65617365 
 2992      00
 2993 007b 00       		.ascii	"\000"
 2994 007c 00       		.ascii	"\000"
 2995 007d 00       		.ascii	"\000"
 2996 007e 00000000 		.ascii	"\000\000\000\000\000\000\000\000"
 2996      00000000 
 2997 0086 90010000 		.ascii	"\220\001\000\000"
 2998 008a 63683000 		.ascii	"ch0\000"
 2999 008e 00       		.ascii	"\000"
 3000 008f 02       		.ascii	"\002"
 3001 0090 00       		.ascii	"\000"
 3002 0091 00000000 		.ascii	"\000\000\000\000\000\000\000\000"
 3002      00000000 
 3003 0099 F6010000 		.ascii	"\366\001\000\000"
 3004 009d 63685363 		.ascii	"chSchGoSleepS\000"
 3004      68476F53 
 3004      6C656570 
 3004      5300
 3005 00ab 00       		.ascii	"\000"
 3006 00ac 02       		.ascii	"\002"
 3007 00ad 00       		.ascii	"\000"
 3008 00ae 00000000 		.ascii	"\000\000\000\000\000\000\000\000"
 3008      00000000 
 3009 00b6 94010000 		.ascii	"\224\001\000\000"
 3010 00ba 63685363 		.ascii	"chSchReadyI\000"
 3010      68526561 
 3010      64794900 
 3011 00c6 00       		.ascii	"\000"
 3012 00c7 02       		.ascii	"\002"
 3013 00c8 00       		.ascii	"\000"
 3014 00c9 00000000 		.ascii	"\000\000\000\000\000\000\000\000"
 3014      00000000 
 3015 00d1 98010000 		.ascii	"\230\001\000\000"
 3016 00d5 63685363 		.ascii	"chSchGoSleepTimeoutS\000"
 3016      68476F53 
 3016      6C656570 
 3016      54696D65 
 3016      6F757453 
 3017 00ea 00       		.ascii	"\000"
 3018 00eb 02       		.ascii	"\002"
 3019 00ec 00       		.ascii	"\000"
 3020 00ed 00000000 		.ascii	"\000\000\000\000\000\000\000\000"
 3020      00000000 
 3021 00f5 9D010000 		.ascii	"\235\001\000\000"
 3022 00f9 63685363 		.ascii	"chSchWakeupS\000"
 3022      6857616B 
 3022      65757053 
 3022      00
 3023 0106 00       		.ascii	"\000"
 3024 0107 02       		.ascii	"\002"
 3025 0108 00       		.ascii	"\000"
 3026 0109 00000000 		.ascii	"\000\000\000\000\000\000\000\000"
 3026      00000000 
 3027 0111 9F010000 		.ascii	"\237\001\000\000"
 3028              		.text
 3029              		.section	.gnu.lto_.ext_symtab.b3bfee77,"e",%progbits
ARM GAS  C:\Users\acest\AppData\Local\Temp\ccF3dXUz.s 			page 103


 3030 0000 01       		.ascii	"\001"
 3031 0001 01       		.ascii	"\001"
 3032 0002 00       		.ascii	"\000"
 3033 0003 01       		.ascii	"\001"
 3034 0004 00       		.ascii	"\000"
 3035 0005 01       		.ascii	"\001"
 3036 0006 00       		.ascii	"\000"
 3037 0007 01       		.ascii	"\001"
 3038 0008 00       		.ascii	"\000"
 3039 0009 01       		.ascii	"\001"
 3040 000a 00       		.ascii	"\000"
 3041 000b 02       		.ascii	"\002"
 3042 000c 01       		.ascii	"\001"
 3043 000d 01       		.ascii	"\001"
 3044 000e 00       		.ascii	"\000"
 3045 000f 01       		.ascii	"\001"
 3046 0010 00       		.ascii	"\000"
 3047 0011 01       		.ascii	"\001"
 3048 0012 00       		.ascii	"\000"
 3049 0013 01       		.ascii	"\001"
 3050 0014 00       		.ascii	"\000"
 3051              		.text
 3052              		.section	.gnu.lto_.opts,"e",%progbits
 3053 0000 272D666E 		.ascii	"'-fno-openmp' '-fno-openacc' '-fno-pie' '-fcf-prote"
 3053      6F2D6F70 
 3053      656E6D70 
 3053      2720272D 
 3053      666E6F2D 
 3054 0033 6374696F 		.ascii	"ction=none' '-g' '-mcpu=cortex-m4' '-mthumb' '-mflo"
 3054      6E3D6E6F 
 3054      6E652720 
 3054      272D6727 
 3054      20272D6D 
 3055 0066 61742D61 		.ascii	"at-abi=soft' '-mlibarch=armv7e-m' '-march=armv7e-m'"
 3055      62693D73 
 3055      6F667427 
 3055      20272D6D 
 3055      6C696261 
 3056 0099 20272D4F 		.ascii	" '-O2' '-fomit-frame-pointer' '-falign-functions=16"
 3056      32272027 
 3056      2D666F6D 
 3056      69742D66 
 3056      72616D65 
 3057 00cc 2720272D 		.ascii	"' '-ffunction-sections' '-fdata-sections' '-fno-com"
 3057      6666756E 
 3057      6374696F 
 3057      6E2D7365 
 3057      6374696F 
 3058 00ff 6D6F6E27 		.ascii	"mon' '-flto' '-Xassembler' '-alms=./build/lst/chmsg"
 3058      20272D66 
 3058      6C746F27 
 3058      20272D58 
 3058      61737365 
 3059 0132 2E6C7374 		.ascii	".lst'\000"
 3059      2700
 3060              		.text
 3061              		.comm	__gnu_lto_slim,1,1
ARM GAS  C:\Users\acest\AppData\Local\Temp\ccF3dXUz.s 			page 104


 3062              		.ident	"GCC: (GNU Arm Embedded Toolchain 10.3-2021.10) 10.3.1 20210824 (release)"
ARM GAS  C:\Users\acest\AppData\Local\Temp\ccF3dXUz.s 			page 105


DEFINED SYMBOLS
                            *ABS*:00000000 chmsg.c
C:\Users\acest\AppData\Local\Temp\ccF3dXUz.s:35     .gnu.debuglto_.debug_info:00000000 chmsg.c.d98941a5
                            *COM*:00000001 __gnu_lto_slim

NO UNDEFINED SYMBOLS
