ARM GAS  C:\Users\acest\AppData\Local\Temp\ccNY0j1l.s 			page 1


   1              		.cpu cortex-m4
   2              		.arch armv7e-m
   3              		.fpu softvfp
   4              		.eabi_attribute 20, 1
   5              		.eabi_attribute 21, 1
   6              		.eabi_attribute 23, 3
   7              		.eabi_attribute 24, 1
   8              		.eabi_attribute 25, 1
   9              		.eabi_attribute 26, 1
  10              		.eabi_attribute 30, 2
  11              		.eabi_attribute 34, 1
  12              		.eabi_attribute 18, 4
  13              		.file	"chregistry.c"
  14              		.file 1 "c:\\chibistudio\\tools\\gnu tools arm embedded\\10.3 2021.10\\lib\\gcc\\arm-none-eabi\\10
  15              		.file 2 "c:\\chibistudio\\tools\\gnu tools arm embedded\\10.3 2021.10\\arm-none-eabi\\include\\mac
  16              		.file 3 "c:\\chibistudio\\tools\\gnu tools arm embedded\\10.3 2021.10\\arm-none-eabi\\include\\sys
  17              		.file 4 "c:\\chibistudio\\chibios2111\\os\\common\\ports\\arm-common\\chtypes.h"
  18              		.file 5 "c:\\chibistudio\\chibios2111\\os\\rt\\include\\chearly.h"
  19              		.file 6 "c:\\chibistudio\\chibios2111\\os\\rt\\include\\chobjects.h"
  20              		.file 7 "c:\\chibistudio\\chibios2111\\os\\rt\\include\\chrfcu.h"
  21              		.file 8 "c:\\chibistudio\\chibios2111\\os\\rt\\include\\chdebug.h"
  22              		.file 9 "c:\\chibistudio\\chibios2111\\os\\rt\\include\\chtime.h"
  23              		.file 10 "c:\\chibistudio\\chibios2111\\os\\rt\\include\\chlists.h"
  24              		.file 11 "c:\\chibistudio\\chibios2111\\os\\common\\ports\\armv7-m-alt\\chcore.h"
  25              		.file 12 "c:\\chibistudio\\chibios2111\\os\\rt\\include\\chtm.h"
  26              		.file 13 "c:\\chibistudio\\chibios2111\\os\\rt\\include\\chsem.h"
  27              		.file 14 "c:\\chibistudio\\chibios2111\\os\\rt\\include\\chmtx.h"
  28              		.file 15 "c:\\chibistudio\\chibios2111\\os\\rt\\include\\chregistry.h"
  29              		.file 16 "../../../../../ChibiStudio/chibios2111/os/rt/src/chregistry.c"
  30              		.file 17 "c:\\chibistudio\\chibios2111\\os\\rt\\include\\chthreads.h"
  31              		.file 18 "c:\\chibistudio\\chibios2111\\os\\rt\\include\\chsys.h"
  32              		.file 19 "c:\\chibistudio\\chibios2111\\os\\common\\ext\\arm\\cmsis\\core\\include\\cmsis_gcc.h"
  33              		.section	.gnu.debuglto_.debug_info,"e",%progbits
  34              	.Ldebug_info0:
  35              		.hidden	chregistry.c.4e644583
  36              		.weak	chregistry.c.4e644583
  37              	chregistry.c.4e644583:
  38 0000 600C0000 		.4byte	0xc60
  39 0004 0400     		.2byte	0x4
  40 0006 00000000 		.4byte	.Ldebug_abbrev0
  41 000a 04       		.byte	0x4
  42 000b 01       		.uleb128 0x1
  43 000c D4020000 		.4byte	.LASF176
  44 0010 0C       		.byte	0xc
  45 0011 28070000 		.4byte	.LASF177
  46 0015 F9010000 		.4byte	.LASF178
  47 0019 00000000 		.4byte	.Ldebug_line0
  48 001d 02       		.uleb128 0x2
  49 001e 04       		.byte	0x4
  50 001f 05       		.byte	0x5
  51 0020 696E7400 		.ascii	"int\000"
  52 0024 03       		.uleb128 0x3
  53 0025 12000000 		.4byte	.LASF4
  54 0029 01       		.byte	0x1
  55 002a D1       		.byte	0xd1
  56 002b 17       		.byte	0x17
  57 002c 30000000 		.4byte	0x30
ARM GAS  C:\Users\acest\AppData\Local\Temp\ccNY0j1l.s 			page 2


  58 0030 04       		.uleb128 0x4
  59 0031 04       		.byte	0x4
  60 0032 07       		.byte	0x7
  61 0033 94020000 		.4byte	.LASF0
  62 0037 04       		.uleb128 0x4
  63 0038 08       		.byte	0x8
  64 0039 05       		.byte	0x5
  65 003a 03010000 		.4byte	.LASF1
  66 003e 04       		.uleb128 0x4
  67 003f 08       		.byte	0x8
  68 0040 04       		.byte	0x4
  69 0041 C0040000 		.4byte	.LASF2
  70 0045 04       		.uleb128 0x4
  71 0046 01       		.byte	0x1
  72 0047 06       		.byte	0x6
  73 0048 11010000 		.4byte	.LASF3
  74 004c 03       		.uleb128 0x3
  75 004d 3E000000 		.4byte	.LASF5
  76 0051 02       		.byte	0x2
  77 0052 2B       		.byte	0x2b
  78 0053 18       		.byte	0x18
  79 0054 58000000 		.4byte	0x58
  80 0058 04       		.uleb128 0x4
  81 0059 01       		.byte	0x1
  82 005a 08       		.byte	0x8
  83 005b D9050000 		.4byte	.LASF6
  84 005f 04       		.uleb128 0x4
  85 0060 02       		.byte	0x2
  86 0061 05       		.byte	0x5
  87 0062 04060000 		.4byte	.LASF7
  88 0066 03       		.uleb128 0x3
  89 0067 04070000 		.4byte	.LASF8
  90 006b 02       		.byte	0x2
  91 006c 39       		.byte	0x39
  92 006d 19       		.byte	0x19
  93 006e 72000000 		.4byte	0x72
  94 0072 04       		.uleb128 0x4
  95 0073 02       		.byte	0x2
  96 0074 07       		.byte	0x7
  97 0075 CD070000 		.4byte	.LASF9
  98 0079 03       		.uleb128 0x3
  99 007a 66070000 		.4byte	.LASF10
 100 007e 02       		.byte	0x2
 101 007f 4D       		.byte	0x4d
 102 0080 18       		.byte	0x18
 103 0081 85000000 		.4byte	0x85
 104 0085 04       		.uleb128 0x4
 105 0086 04       		.byte	0x4
 106 0087 05       		.byte	0x5
 107 0088 81010000 		.4byte	.LASF11
 108 008c 03       		.uleb128 0x3
 109 008d 25020000 		.4byte	.LASF12
 110 0091 02       		.byte	0x2
 111 0092 4F       		.byte	0x4f
 112 0093 19       		.byte	0x19
 113 0094 98000000 		.4byte	0x98
 114 0098 04       		.uleb128 0x4
ARM GAS  C:\Users\acest\AppData\Local\Temp\ccNY0j1l.s 			page 3


 115 0099 04       		.byte	0x4
 116 009a 07       		.byte	0x7
 117 009b C1060000 		.4byte	.LASF13
 118 009f 03       		.uleb128 0x3
 119 00a0 64050000 		.4byte	.LASF14
 120 00a4 02       		.byte	0x2
 121 00a5 69       		.byte	0x69
 122 00a6 19       		.byte	0x19
 123 00a7 AB000000 		.4byte	0xab
 124 00ab 04       		.uleb128 0x4
 125 00ac 08       		.byte	0x8
 126 00ad 07       		.byte	0x7
 127 00ae A6000000 		.4byte	.LASF15
 128 00b2 05       		.uleb128 0x5
 129 00b3 04       		.byte	0x4
 130 00b4 04       		.uleb128 0x4
 131 00b5 01       		.byte	0x1
 132 00b6 08       		.byte	0x8
 133 00b7 DA060000 		.4byte	.LASF16
 134 00bb 06       		.uleb128 0x6
 135 00bc B4000000 		.4byte	0xb4
 136 00c0 07       		.uleb128 0x7
 137 00c1 04       		.byte	0x4
 138 00c2 BB000000 		.4byte	0xbb
 139 00c6 08       		.uleb128 0x8
 140 00c7 C0000000 		.4byte	0xc0
 141 00cb 03       		.uleb128 0x3
 142 00cc 4D080000 		.4byte	.LASF17
 143 00d0 03       		.byte	0x3
 144 00d1 18       		.byte	0x18
 145 00d2 13       		.byte	0x13
 146 00d3 4C000000 		.4byte	0x4c
 147 00d7 03       		.uleb128 0x3
 148 00d8 AF010000 		.4byte	.LASF18
 149 00dc 03       		.byte	0x3
 150 00dd 24       		.byte	0x24
 151 00de 14       		.byte	0x14
 152 00df 66000000 		.4byte	0x66
 153 00e3 03       		.uleb128 0x3
 154 00e4 D1050000 		.4byte	.LASF19
 155 00e8 03       		.byte	0x3
 156 00e9 2C       		.byte	0x2c
 157 00ea 13       		.byte	0x13
 158 00eb 79000000 		.4byte	0x79
 159 00ef 03       		.uleb128 0x3
 160 00f0 87060000 		.4byte	.LASF20
 161 00f4 03       		.byte	0x3
 162 00f5 30       		.byte	0x30
 163 00f6 14       		.byte	0x14
 164 00f7 8C000000 		.4byte	0x8c
 165 00fb 03       		.uleb128 0x3
 166 00fc 35000000 		.4byte	.LASF21
 167 0100 03       		.byte	0x3
 168 0101 3C       		.byte	0x3c
 169 0102 14       		.byte	0x14
 170 0103 9F000000 		.4byte	0x9f
 171 0107 08       		.uleb128 0x8
ARM GAS  C:\Users\acest\AppData\Local\Temp\ccNY0j1l.s 			page 4


 172 0108 FB000000 		.4byte	0xfb
 173 010c 03       		.uleb128 0x3
 174 010d F2040000 		.4byte	.LASF22
 175 0111 04       		.byte	0x4
 176 0112 36       		.byte	0x36
 177 0113 1D       		.byte	0x1d
 178 0114 EF000000 		.4byte	0xef
 179 0118 03       		.uleb128 0x3
 180 0119 97060000 		.4byte	.LASF23
 181 011d 04       		.byte	0x4
 182 011e 48       		.byte	0x48
 183 011f 1D       		.byte	0x1d
 184 0120 FB000000 		.4byte	0xfb
 185 0124 03       		.uleb128 0x3
 186 0125 8E040000 		.4byte	.LASF24
 187 0129 05       		.byte	0x5
 188 012a 4D       		.byte	0x4d
 189 012b 19       		.byte	0x19
 190 012c 0C010000 		.4byte	0x10c
 191 0130 03       		.uleb128 0x3
 192 0131 4C040000 		.4byte	.LASF25
 193 0135 05       		.byte	0x5
 194 0136 50       		.byte	0x50
 195 0137 19       		.byte	0x19
 196 0138 18010000 		.4byte	0x118
 197 013c 03       		.uleb128 0x3
 198 013d FC030000 		.4byte	.LASF26
 199 0141 05       		.byte	0x5
 200 0142 53       		.byte	0x53
 201 0143 19       		.byte	0x19
 202 0144 CB000000 		.4byte	0xcb
 203 0148 03       		.uleb128 0x3
 204 0149 8A010000 		.4byte	.LASF27
 205 014d 05       		.byte	0x5
 206 014e 54       		.byte	0x54
 207 014f 19       		.byte	0x19
 208 0150 CB000000 		.4byte	0xcb
 209 0154 03       		.uleb128 0x3
 210 0155 8F050000 		.4byte	.LASF28
 211 0159 05       		.byte	0x5
 212 015a 55       		.byte	0x55
 213 015b 19       		.byte	0x19
 214 015c CB000000 		.4byte	0xcb
 215 0160 03       		.uleb128 0x3
 216 0161 A7050000 		.4byte	.LASF29
 217 0165 05       		.byte	0x5
 218 0166 57       		.byte	0x57
 219 0167 19       		.byte	0x19
 220 0168 EF000000 		.4byte	0xef
 221 016c 03       		.uleb128 0x3
 222 016d A1050000 		.4byte	.LASF30
 223 0171 05       		.byte	0x5
 224 0172 58       		.byte	0x58
 225 0173 19       		.byte	0x19
 226 0174 E3000000 		.4byte	0xe3
 227 0178 03       		.uleb128 0x3
 228 0179 1A040000 		.4byte	.LASF31
ARM GAS  C:\Users\acest\AppData\Local\Temp\ccNY0j1l.s 			page 5


 229 017d 05       		.byte	0x5
 230 017e 5A       		.byte	0x5a
 231 017f 19       		.byte	0x19
 232 0180 EF000000 		.4byte	0xef
 233 0184 03       		.uleb128 0x3
 234 0185 80020000 		.4byte	.LASF32
 235 0189 05       		.byte	0x5
 236 018a 5C       		.byte	0x5c
 237 018b 19       		.byte	0x19
 238 018c E3000000 		.4byte	0xe3
 239 0190 03       		.uleb128 0x3
 240 0191 85050000 		.4byte	.LASF33
 241 0195 05       		.byte	0x5
 242 0196 80       		.byte	0x80
 243 0197 12       		.byte	0x12
 244 0198 30000000 		.4byte	0x30
 245 019c 03       		.uleb128 0x3
 246 019d 0F070000 		.4byte	.LASF34
 247 01a1 05       		.byte	0x5
 248 01a2 85       		.byte	0x85
 249 01a3 1A       		.byte	0x1a
 250 01a4 A8010000 		.4byte	0x1a8
 251 01a8 09       		.uleb128 0x9
 252 01a9 C3030000 		.4byte	.LASF49
 253 01ad 70       		.byte	0x70
 254 01ae 06       		.byte	0x6
 255 01af 9C       		.byte	0x9c
 256 01b0 08       		.byte	0x8
 257 01b1 8B020000 		.4byte	0x28b
 258 01b5 0A       		.uleb128 0xa
 259 01b6 68647200 		.ascii	"hdr\000"
 260 01ba 06       		.byte	0x6
 261 01bb AD       		.byte	0xad
 262 01bc 05       		.byte	0x5
 263 01bd 92060000 		.4byte	0x692
 264 01c1 00       		.byte	0
 265 01c2 0A       		.uleb128 0xa
 266 01c3 63747800 		.ascii	"ctx\000"
 267 01c7 06       		.byte	0x6
 268 01c8 B1       		.byte	0xb1
 269 01c9 21       		.byte	0x21
 270 01ca 8C050000 		.4byte	0x58c
 271 01ce 0C       		.byte	0xc
 272 01cf 0B       		.uleb128 0xb
 273 01d0 BF020000 		.4byte	.LASF35
 274 01d4 06       		.byte	0x6
 275 01d5 B6       		.byte	0xb6
 276 01d6 21       		.byte	0x21
 277 01d7 B5030000 		.4byte	0x3b5
 278 01db 38       		.byte	0x38
 279 01dc 0B       		.uleb128 0xb
 280 01dd A7060000 		.4byte	.LASF36
 281 01e1 06       		.byte	0x6
 282 01e2 BB       		.byte	0xbb
 283 01e3 22       		.byte	0x22
 284 01e4 9F070000 		.4byte	0x79f
 285 01e8 40       		.byte	0x40
ARM GAS  C:\Users\acest\AppData\Local\Temp\ccNY0j1l.s 			page 6


 286 01e9 0B       		.uleb128 0xb
 287 01ea CF020000 		.4byte	.LASF37
 288 01ee 06       		.byte	0x6
 289 01ef C0       		.byte	0xc0
 290 01f0 22       		.byte	0x22
 291 01f1 C0000000 		.4byte	0xc0
 292 01f5 44       		.byte	0x44
 293 01f6 0B       		.uleb128 0xb
 294 01f7 D3060000 		.4byte	.LASF38
 295 01fb 06       		.byte	0x6
 296 01fc C9       		.byte	0xc9
 297 01fd 22       		.byte	0x22
 298 01fe BC050000 		.4byte	0x5bc
 299 0202 48       		.byte	0x48
 300 0203 0B       		.uleb128 0xb
 301 0204 7B010000 		.4byte	.LASF39
 302 0208 06       		.byte	0x6
 303 0209 CE       		.byte	0xce
 304 020a 21       		.byte	0x21
 305 020b 48010000 		.4byte	0x148
 306 020f 4C       		.byte	0x4c
 307 0210 0B       		.uleb128 0xb
 308 0211 55080000 		.4byte	.LASF40
 309 0215 06       		.byte	0x6
 310 0216 D2       		.byte	0xd2
 311 0217 21       		.byte	0x21
 312 0218 3C010000 		.4byte	0x13c
 313 021c 4D       		.byte	0x4d
 314 021d 0B       		.uleb128 0xb
 315 021e FE000000 		.4byte	.LASF41
 316 0222 06       		.byte	0x6
 317 0223 D7       		.byte	0xd7
 318 0224 21       		.byte	0x21
 319 0225 54010000 		.4byte	0x154
 320 0229 4E       		.byte	0x4e
 321 022a 0C       		.uleb128 0xc
 322 022b 7500     		.ascii	"u\000"
 323 022d 06       		.byte	0x6
 324 022e 2801     		.2byte	0x128
 325 0230 21       		.byte	0x21
 326 0231 C0060000 		.4byte	0x6c0
 327 0235 50       		.byte	0x50
 328 0236 0D       		.uleb128 0xd
 329 0237 50020000 		.4byte	.LASF42
 330 023b 06       		.byte	0x6
 331 023c 2D01     		.2byte	0x12d
 332 023e 21       		.byte	0x21
 333 023f 88030000 		.4byte	0x388
 334 0243 54       		.byte	0x54
 335 0244 0D       		.uleb128 0xd
 336 0245 69010000 		.4byte	.LASF43
 337 0249 06       		.byte	0x6
 338 024a 3301     		.2byte	0x133
 339 024c 21       		.byte	0x21
 340 024d B5030000 		.4byte	0x3b5
 341 0251 58       		.byte	0x58
 342 0252 0D       		.uleb128 0xd
ARM GAS  C:\Users\acest\AppData\Local\Temp\ccNY0j1l.s 			page 7


 343 0253 DF030000 		.4byte	.LASF44
 344 0257 06       		.byte	0x6
 345 0258 3901     		.2byte	0x139
 346 025a 21       		.byte	0x21
 347 025b 78010000 		.4byte	0x178
 348 025f 60       		.byte	0x60
 349 0260 0D       		.uleb128 0xd
 350 0261 EC080000 		.4byte	.LASF45
 351 0265 06       		.byte	0x6
 352 0266 4001     		.2byte	0x140
 353 0268 22       		.byte	0x22
 354 0269 99070000 		.4byte	0x799
 355 026d 64       		.byte	0x64
 356 026e 0D       		.uleb128 0xd
 357 026f 71040000 		.4byte	.LASF46
 358 0273 06       		.byte	0x6
 359 0274 4401     		.2byte	0x144
 360 0276 21       		.byte	0x21
 361 0277 60010000 		.4byte	0x160
 362 027b 68       		.byte	0x68
 363 027c 0D       		.uleb128 0xd
 364 027d AF030000 		.4byte	.LASF47
 365 0281 06       		.byte	0x6
 366 0282 4B01     		.2byte	0x14b
 367 0284 22       		.byte	0x22
 368 0285 B2000000 		.4byte	0xb2
 369 0289 6C       		.byte	0x6c
 370 028a 00       		.byte	0
 371 028b 03       		.uleb128 0x3
 372 028c A5070000 		.4byte	.LASF48
 373 0290 05       		.byte	0x5
 374 0291 8A       		.byte	0x8a
 375 0292 1F       		.byte	0x1f
 376 0293 97020000 		.4byte	0x297
 377 0297 0E       		.uleb128 0xe
 378 0298 8F070000 		.4byte	.LASF50
 379 029c B0       		.byte	0xb0
 380 029d 06       		.byte	0x6
 381 029e 8A01     		.2byte	0x18a
 382 02a0 08       		.byte	0x8
 383 02a1 16030000 		.4byte	0x316
 384 02a5 0D       		.uleb128 0xd
 385 02a6 47080000 		.4byte	.LASF51
 386 02aa 06       		.byte	0x6
 387 02ab 8E01     		.2byte	0x18e
 388 02ad 21       		.byte	0x21
 389 02ae D0070000 		.4byte	0x7d0
 390 02b2 00       		.byte	0
 391 02b3 0D       		.uleb128 0xd
 392 02b4 56010000 		.4byte	.LASF52
 393 02b8 06       		.byte	0x6
 394 02b9 9201     		.2byte	0x192
 395 02bb 21       		.byte	0x21
 396 02bc 4D060000 		.4byte	0x64d
 397 02c0 10       		.byte	0x10
 398 02c1 0D       		.uleb128 0xd
 399 02c2 83080000 		.4byte	.LASF53
ARM GAS  C:\Users\acest\AppData\Local\Temp\ccNY0j1l.s 			page 8


 400 02c6 06       		.byte	0x6
 401 02c7 9901     		.2byte	0x199
 402 02c9 21       		.byte	0x21
 403 02ca 74060000 		.4byte	0x674
 404 02ce 28       		.byte	0x28
 405 02cf 0D       		.uleb128 0xd
 406 02d0 68000000 		.4byte	.LASF54
 407 02d4 06       		.byte	0x6
 408 02d5 9E01     		.2byte	0x19e
 409 02d7 21       		.byte	0x21
 410 02d8 90010000 		.4byte	0x190
 411 02dc 30       		.byte	0x30
 412 02dd 0D       		.uleb128 0xd
 413 02de 0D000000 		.4byte	.LASF55
 414 02e2 06       		.byte	0x6
 415 02e3 A401     		.2byte	0x1a4
 416 02e5 21       		.byte	0x21
 417 02e6 3D030000 		.4byte	0x33d
 418 02ea 34       		.byte	0x34
 419 02eb 0D       		.uleb128 0xd
 420 02ec FD060000 		.4byte	.LASF56
 421 02f0 06       		.byte	0x6
 422 02f1 A901     		.2byte	0x1a9
 423 02f3 22       		.byte	0x22
 424 02f4 44080000 		.4byte	0x844
 425 02f8 38       		.byte	0x38
 426 02f9 0D       		.uleb128 0xd
 427 02fa D5000000 		.4byte	.LASF57
 428 02fe 06       		.byte	0x6
 429 02ff AD01     		.2byte	0x1ad
 430 0301 21       		.byte	0x21
 431 0302 9C010000 		.4byte	0x19c
 432 0306 3C       		.byte	0x3c
 433 0307 0C       		.uleb128 0xc
 434 0308 64626700 		.ascii	"dbg\000"
 435 030c 06       		.byte	0x6
 436 030d B101     		.2byte	0x1b1
 437 030f 21       		.byte	0x21
 438 0310 64030000 		.4byte	0x364
 439 0314 AC       		.byte	0xac
 440 0315 00       		.byte	0
 441 0316 03       		.uleb128 0x3
 442 0317 82040000 		.4byte	.LASF58
 443 031b 07       		.byte	0x7
 444 031c 3F       		.byte	0x3f
 445 031d 12       		.byte	0x12
 446 031e EF000000 		.4byte	0xef
 447 0322 09       		.uleb128 0x9
 448 0323 93010000 		.4byte	.LASF59
 449 0327 04       		.byte	0x4
 450 0328 07       		.byte	0x7
 451 0329 44       		.byte	0x44
 452 032a 10       		.byte	0x10
 453 032b 3D030000 		.4byte	0x33d
 454 032f 0B       		.uleb128 0xb
 455 0330 30020000 		.4byte	.LASF60
 456 0334 07       		.byte	0x7
ARM GAS  C:\Users\acest\AppData\Local\Temp\ccNY0j1l.s 			page 9


 457 0335 48       		.byte	0x48
 458 0336 21       		.byte	0x21
 459 0337 16030000 		.4byte	0x316
 460 033b 00       		.byte	0
 461 033c 00       		.byte	0
 462 033d 03       		.uleb128 0x3
 463 033e FD050000 		.4byte	.LASF61
 464 0342 07       		.byte	0x7
 465 0343 49       		.byte	0x49
 466 0344 03       		.byte	0x3
 467 0345 22030000 		.4byte	0x322
 468 0349 09       		.uleb128 0x9
 469 034a 40020000 		.4byte	.LASF62
 470 034e 04       		.byte	0x4
 471 034f 08       		.byte	0x8
 472 0350 3E       		.byte	0x3e
 473 0351 10       		.byte	0x10
 474 0352 64030000 		.4byte	0x364
 475 0356 0B       		.uleb128 0xb
 476 0357 7E070000 		.4byte	.LASF63
 477 035b 08       		.byte	0x8
 478 035c 46       		.byte	0x46
 479 035d 24       		.byte	0x24
 480 035e C6000000 		.4byte	0xc6
 481 0362 00       		.byte	0
 482 0363 00       		.byte	0
 483 0364 03       		.uleb128 0x3
 484 0365 59000000 		.4byte	.LASF64
 485 0369 08       		.byte	0x8
 486 036a 51       		.byte	0x51
 487 036b 03       		.byte	0x3
 488 036c 49030000 		.4byte	0x349
 489 0370 03       		.uleb128 0x3
 490 0371 1E070000 		.4byte	.LASF65
 491 0375 09       		.byte	0x9
 492 0376 6D       		.byte	0x6d
 493 0377 12       		.byte	0x12
 494 0378 EF000000 		.4byte	0xef
 495 037c 03       		.uleb128 0x3
 496 037d 72020000 		.4byte	.LASF66
 497 0381 09       		.byte	0x9
 498 0382 79       		.byte	0x79
 499 0383 12       		.byte	0x12
 500 0384 EF000000 		.4byte	0xef
 501 0388 03       		.uleb128 0x3
 502 0389 CC040000 		.4byte	.LASF67
 503 038d 0A       		.byte	0xa
 504 038e 32       		.byte	0x32
 505 038f 18       		.byte	0x18
 506 0390 94030000 		.4byte	0x394
 507 0394 09       		.uleb128 0x9
 508 0395 04040000 		.4byte	.LASF68
 509 0399 04       		.byte	0x4
 510 039a 0A       		.byte	0xa
 511 039b 38       		.byte	0x38
 512 039c 08       		.byte	0x8
 513 039d AF030000 		.4byte	0x3af
ARM GAS  C:\Users\acest\AppData\Local\Temp\ccNY0j1l.s 			page 10


 514 03a1 0B       		.uleb128 0xb
 515 03a2 F9000000 		.4byte	.LASF69
 516 03a6 0A       		.byte	0xa
 517 03a7 39       		.byte	0x39
 518 03a8 1A       		.byte	0x1a
 519 03a9 AF030000 		.4byte	0x3af
 520 03ad 00       		.byte	0
 521 03ae 00       		.byte	0
 522 03af 07       		.uleb128 0x7
 523 03b0 04       		.byte	0x4
 524 03b1 88030000 		.4byte	0x388
 525 03b5 03       		.uleb128 0x3
 526 03b6 35020000 		.4byte	.LASF70
 527 03ba 0A       		.byte	0xa
 528 03bb 3F       		.byte	0x3f
 529 03bc 19       		.byte	0x19
 530 03bd C1030000 		.4byte	0x3c1
 531 03c1 09       		.uleb128 0x9
 532 03c2 9B010000 		.4byte	.LASF71
 533 03c6 08       		.byte	0x8
 534 03c7 0A       		.byte	0xa
 535 03c8 45       		.byte	0x45
 536 03c9 08       		.byte	0x8
 537 03ca E9030000 		.4byte	0x3e9
 538 03ce 0B       		.uleb128 0xb
 539 03cf F9000000 		.4byte	.LASF69
 540 03d3 0A       		.byte	0xa
 541 03d4 46       		.byte	0x46
 542 03d5 1A       		.byte	0x1a
 543 03d6 E9030000 		.4byte	0x3e9
 544 03da 00       		.byte	0
 545 03db 0B       		.uleb128 0xb
 546 03dc 48000000 		.4byte	.LASF72
 547 03e0 0A       		.byte	0xa
 548 03e1 47       		.byte	0x47
 549 03e2 1A       		.byte	0x1a
 550 03e3 E9030000 		.4byte	0x3e9
 551 03e7 04       		.byte	0x4
 552 03e8 00       		.byte	0
 553 03e9 07       		.uleb128 0x7
 554 03ea 04       		.byte	0x4
 555 03eb B5030000 		.4byte	0x3b5
 556 03ef 03       		.uleb128 0x3
 557 03f0 70000000 		.4byte	.LASF73
 558 03f4 0A       		.byte	0xa
 559 03f5 4E       		.byte	0x4e
 560 03f6 22       		.byte	0x22
 561 03f7 FB030000 		.4byte	0x3fb
 562 03fb 09       		.uleb128 0x9
 563 03fc EE070000 		.4byte	.LASF74
 564 0400 0C       		.byte	0xc
 565 0401 0A       		.byte	0xa
 566 0402 55       		.byte	0x55
 567 0403 08       		.byte	0x8
 568 0404 30040000 		.4byte	0x430
 569 0408 0B       		.uleb128 0xb
 570 0409 F9000000 		.4byte	.LASF69
ARM GAS  C:\Users\acest\AppData\Local\Temp\ccNY0j1l.s 			page 11


 571 040d 0A       		.byte	0xa
 572 040e 56       		.byte	0x56
 573 040f 1A       		.byte	0x1a
 574 0410 30040000 		.4byte	0x430
 575 0414 00       		.byte	0
 576 0415 0B       		.uleb128 0xb
 577 0416 48000000 		.4byte	.LASF72
 578 041a 0A       		.byte	0xa
 579 041b 57       		.byte	0x57
 580 041c 1A       		.byte	0x1a
 581 041d 30040000 		.4byte	0x430
 582 0421 04       		.byte	0x4
 583 0422 0B       		.uleb128 0xb
 584 0423 3F050000 		.4byte	.LASF75
 585 0427 0A       		.byte	0xa
 586 0428 58       		.byte	0x58
 587 0429 19       		.byte	0x19
 588 042a 60010000 		.4byte	0x160
 589 042e 08       		.byte	0x8
 590 042f 00       		.byte	0
 591 0430 07       		.uleb128 0x7
 592 0431 04       		.byte	0x4
 593 0432 EF030000 		.4byte	0x3ef
 594 0436 03       		.uleb128 0x3
 595 0437 B8010000 		.4byte	.LASF76
 596 043b 0A       		.byte	0xa
 597 043c 5F       		.byte	0x5f
 598 043d 1E       		.byte	0x1e
 599 043e 42040000 		.4byte	0x442
 600 0442 09       		.uleb128 0x9
 601 0443 2B080000 		.4byte	.LASF77
 602 0447 0C       		.byte	0xc
 603 0448 0A       		.byte	0xa
 604 0449 64       		.byte	0x64
 605 044a 08       		.byte	0x8
 606 044b 77040000 		.4byte	0x477
 607 044f 0B       		.uleb128 0xb
 608 0450 F9000000 		.4byte	.LASF69
 609 0454 0A       		.byte	0xa
 610 0455 65       		.byte	0x65
 611 0456 1A       		.byte	0x1a
 612 0457 77040000 		.4byte	0x477
 613 045b 00       		.byte	0
 614 045c 0B       		.uleb128 0xb
 615 045d 48000000 		.4byte	.LASF72
 616 0461 0A       		.byte	0xa
 617 0462 66       		.byte	0x66
 618 0463 1A       		.byte	0x1a
 619 0464 77040000 		.4byte	0x477
 620 0468 04       		.byte	0x4
 621 0469 0B       		.uleb128 0xb
 622 046a 28000000 		.4byte	.LASF78
 623 046e 0A       		.byte	0xa
 624 046f 67       		.byte	0x67
 625 0470 19       		.byte	0x19
 626 0471 7C030000 		.4byte	0x37c
 627 0475 08       		.byte	0x8
ARM GAS  C:\Users\acest\AppData\Local\Temp\ccNY0j1l.s 			page 12


 628 0476 00       		.byte	0
 629 0477 07       		.uleb128 0x7
 630 0478 04       		.byte	0x4
 631 0479 36040000 		.4byte	0x436
 632 047d 0E       		.uleb128 0xe
 633 047e 22050000 		.4byte	.LASF79
 634 0482 20       		.byte	0x20
 635 0483 0B       		.byte	0xb
 636 0484 9301     		.2byte	0x193
 637 0486 08       		.byte	0x8
 638 0487 F7040000 		.4byte	0x4f7
 639 048b 0C       		.uleb128 0xc
 640 048c 723000   		.ascii	"r0\000"
 641 048f 0B       		.byte	0xb
 642 0490 9401     		.2byte	0x194
 643 0492 19       		.byte	0x19
 644 0493 EF000000 		.4byte	0xef
 645 0497 00       		.byte	0
 646 0498 0C       		.uleb128 0xc
 647 0499 723100   		.ascii	"r1\000"
 648 049c 0B       		.byte	0xb
 649 049d 9501     		.2byte	0x195
 650 049f 19       		.byte	0x19
 651 04a0 EF000000 		.4byte	0xef
 652 04a4 04       		.byte	0x4
 653 04a5 0C       		.uleb128 0xc
 654 04a6 723200   		.ascii	"r2\000"
 655 04a9 0B       		.byte	0xb
 656 04aa 9601     		.2byte	0x196
 657 04ac 19       		.byte	0x19
 658 04ad EF000000 		.4byte	0xef
 659 04b1 08       		.byte	0x8
 660 04b2 0C       		.uleb128 0xc
 661 04b3 723300   		.ascii	"r3\000"
 662 04b6 0B       		.byte	0xb
 663 04b7 9701     		.2byte	0x197
 664 04b9 19       		.byte	0x19
 665 04ba EF000000 		.4byte	0xef
 666 04be 0C       		.byte	0xc
 667 04bf 0C       		.uleb128 0xc
 668 04c0 72313200 		.ascii	"r12\000"
 669 04c4 0B       		.byte	0xb
 670 04c5 9801     		.2byte	0x198
 671 04c7 19       		.byte	0x19
 672 04c8 EF000000 		.4byte	0xef
 673 04cc 10       		.byte	0x10
 674 04cd 0D       		.uleb128 0xd
 675 04ce A1020000 		.4byte	.LASF80
 676 04d2 0B       		.byte	0xb
 677 04d3 9901     		.2byte	0x199
 678 04d5 19       		.byte	0x19
 679 04d6 EF000000 		.4byte	0xef
 680 04da 14       		.byte	0x14
 681 04db 0C       		.uleb128 0xc
 682 04dc 706300   		.ascii	"pc\000"
 683 04df 0B       		.byte	0xb
 684 04e0 9A01     		.2byte	0x19a
ARM GAS  C:\Users\acest\AppData\Local\Temp\ccNY0j1l.s 			page 13


 685 04e2 19       		.byte	0x19
 686 04e3 EF000000 		.4byte	0xef
 687 04e7 18       		.byte	0x18
 688 04e8 0D       		.uleb128 0xd
 689 04e9 2C060000 		.4byte	.LASF81
 690 04ed 0B       		.byte	0xb
 691 04ee 9B01     		.2byte	0x19b
 692 04f0 19       		.byte	0x19
 693 04f1 EF000000 		.4byte	0xef
 694 04f5 1C       		.byte	0x1c
 695 04f6 00       		.byte	0
 696 04f7 0E       		.uleb128 0xe
 697 04f8 4D000000 		.4byte	.LASF82
 698 04fc 28       		.byte	0x28
 699 04fd 0B       		.byte	0xb
 700 04fe B701     		.2byte	0x1b7
 701 0500 08       		.byte	0x8
 702 0501 8C050000 		.4byte	0x58c
 703 0505 0D       		.uleb128 0xd
 704 0506 44050000 		.4byte	.LASF83
 705 050a 0B       		.byte	0xb
 706 050b B801     		.2byte	0x1b8
 707 050d 19       		.byte	0x19
 708 050e EF000000 		.4byte	0xef
 709 0512 00       		.byte	0
 710 0513 0C       		.uleb128 0xc
 711 0514 723400   		.ascii	"r4\000"
 712 0517 0B       		.byte	0xb
 713 0518 B901     		.2byte	0x1b9
 714 051a 19       		.byte	0x19
 715 051b EF000000 		.4byte	0xef
 716 051f 04       		.byte	0x4
 717 0520 0C       		.uleb128 0xc
 718 0521 723500   		.ascii	"r5\000"
 719 0524 0B       		.byte	0xb
 720 0525 BA01     		.2byte	0x1ba
 721 0527 19       		.byte	0x19
 722 0528 EF000000 		.4byte	0xef
 723 052c 08       		.byte	0x8
 724 052d 0C       		.uleb128 0xc
 725 052e 723600   		.ascii	"r6\000"
 726 0531 0B       		.byte	0xb
 727 0532 BB01     		.2byte	0x1bb
 728 0534 19       		.byte	0x19
 729 0535 EF000000 		.4byte	0xef
 730 0539 0C       		.byte	0xc
 731 053a 0C       		.uleb128 0xc
 732 053b 723700   		.ascii	"r7\000"
 733 053e 0B       		.byte	0xb
 734 053f BC01     		.2byte	0x1bc
 735 0541 19       		.byte	0x19
 736 0542 EF000000 		.4byte	0xef
 737 0546 10       		.byte	0x10
 738 0547 0C       		.uleb128 0xc
 739 0548 723800   		.ascii	"r8\000"
 740 054b 0B       		.byte	0xb
 741 054c BD01     		.2byte	0x1bd
ARM GAS  C:\Users\acest\AppData\Local\Temp\ccNY0j1l.s 			page 14


 742 054e 19       		.byte	0x19
 743 054f EF000000 		.4byte	0xef
 744 0553 14       		.byte	0x14
 745 0554 0C       		.uleb128 0xc
 746 0555 723900   		.ascii	"r9\000"
 747 0558 0B       		.byte	0xb
 748 0559 BE01     		.2byte	0x1be
 749 055b 19       		.byte	0x19
 750 055c EF000000 		.4byte	0xef
 751 0560 18       		.byte	0x18
 752 0561 0C       		.uleb128 0xc
 753 0562 72313000 		.ascii	"r10\000"
 754 0566 0B       		.byte	0xb
 755 0567 BF01     		.2byte	0x1bf
 756 0569 19       		.byte	0x19
 757 056a EF000000 		.4byte	0xef
 758 056e 1C       		.byte	0x1c
 759 056f 0C       		.uleb128 0xc
 760 0570 72313100 		.ascii	"r11\000"
 761 0574 0B       		.byte	0xb
 762 0575 C001     		.2byte	0x1c0
 763 0577 19       		.byte	0x19
 764 0578 EF000000 		.4byte	0xef
 765 057c 20       		.byte	0x20
 766 057d 0D       		.uleb128 0xd
 767 057e 2F040000 		.4byte	.LASF84
 768 0582 0B       		.byte	0xb
 769 0583 C401     		.2byte	0x1c4
 770 0585 19       		.byte	0x19
 771 0586 EF000000 		.4byte	0xef
 772 058a 24       		.byte	0x24
 773 058b 00       		.byte	0
 774 058c 0E       		.uleb128 0xe
 775 058d 15050000 		.4byte	.LASF85
 776 0591 2C       		.byte	0x2c
 777 0592 0B       		.byte	0xb
 778 0593 DF01     		.2byte	0x1df
 779 0595 08       		.byte	0x8
 780 0596 B6050000 		.4byte	0x5b6
 781 059a 0C       		.uleb128 0xc
 782 059b 737000   		.ascii	"sp\000"
 783 059e 0B       		.byte	0xb
 784 059f E001     		.2byte	0x1e0
 785 05a1 1A       		.byte	0x1a
 786 05a2 B6050000 		.4byte	0x5b6
 787 05a6 00       		.byte	0
 788 05a7 0D       		.uleb128 0xd
 789 05a8 CD030000 		.4byte	.LASF86
 790 05ac 0B       		.byte	0xb
 791 05ad E101     		.2byte	0x1e1
 792 05af 19       		.byte	0x19
 793 05b0 F7040000 		.4byte	0x4f7
 794 05b4 04       		.byte	0x4
 795 05b5 00       		.byte	0
 796 05b6 07       		.uleb128 0x7
 797 05b7 04       		.byte	0x4
 798 05b8 7D040000 		.4byte	0x47d
ARM GAS  C:\Users\acest\AppData\Local\Temp\ccNY0j1l.s 			page 15


 799 05bc 07       		.uleb128 0x7
 800 05bd 04       		.byte	0x4
 801 05be 30010000 		.4byte	0x130
 802 05c2 0F       		.uleb128 0xf
 803 05c3 04       		.byte	0x4
 804 05c4 0C       		.byte	0xc
 805 05c5 3F       		.byte	0x3f
 806 05c6 09       		.byte	0x9
 807 05c7 D9050000 		.4byte	0x5d9
 808 05cb 0B       		.uleb128 0xb
 809 05cc 9E070000 		.4byte	.LASF87
 810 05d0 0C       		.byte	0xc
 811 05d1 43       		.byte	0x43
 812 05d2 19       		.byte	0x19
 813 05d3 24010000 		.4byte	0x124
 814 05d7 00       		.byte	0
 815 05d8 00       		.byte	0
 816 05d9 03       		.uleb128 0x3
 817 05da 2E050000 		.4byte	.LASF88
 818 05de 0C       		.byte	0xc
 819 05df 44       		.byte	0x44
 820 05e0 03       		.byte	0x3
 821 05e1 C2050000 		.4byte	0x5c2
 822 05e5 10       		.uleb128 0x10
 823 05e6 07       		.byte	0x7
 824 05e7 01       		.byte	0x1
 825 05e8 58000000 		.4byte	0x58
 826 05ec 06       		.byte	0x6
 827 05ed 32       		.byte	0x32
 828 05ee 0E       		.byte	0xe
 829 05ef 0C060000 		.4byte	0x60c
 830 05f3 11       		.uleb128 0x11
 831 05f4 EF060000 		.4byte	.LASF89
 832 05f8 00       		.byte	0
 833 05f9 11       		.uleb128 0x11
 834 05fa 1D010000 		.4byte	.LASF90
 835 05fe 01       		.byte	0x1
 836 05ff 11       		.uleb128 0x11
 837 0600 BD000000 		.4byte	.LASF91
 838 0604 02       		.byte	0x2
 839 0605 11       		.uleb128 0x11
 840 0606 E0070000 		.4byte	.LASF92
 841 060a 03       		.byte	0x3
 842 060b 00       		.byte	0
 843 060c 03       		.uleb128 0x3
 844 060d C4080000 		.4byte	.LASF93
 845 0611 06       		.byte	0x6
 846 0612 37       		.byte	0x37
 847 0613 03       		.byte	0x3
 848 0614 E5050000 		.4byte	0x5e5
 849 0618 09       		.uleb128 0x9
 850 0619 A9040000 		.4byte	.LASF94
 851 061d 18       		.byte	0x18
 852 061e 06       		.byte	0x6
 853 061f 64       		.byte	0x64
 854 0620 10       		.byte	0x10
 855 0621 4D060000 		.4byte	0x64d
ARM GAS  C:\Users\acest\AppData\Local\Temp\ccNY0j1l.s 			page 16


 856 0625 0B       		.uleb128 0xb
 857 0626 18070000 		.4byte	.LASF95
 858 062a 06       		.byte	0x6
 859 062b 68       		.byte	0x68
 860 062c 21       		.byte	0x21
 861 062d 36040000 		.4byte	0x436
 862 0631 00       		.byte	0
 863 0632 0B       		.uleb128 0xb
 864 0633 0E060000 		.4byte	.LASF96
 865 0637 06       		.byte	0x6
 866 0638 73       		.byte	0x73
 867 0639 21       		.byte	0x21
 868 063a 70030000 		.4byte	0x370
 869 063e 0C       		.byte	0xc
 870 063f 0B       		.uleb128 0xb
 871 0640 67040000 		.4byte	.LASF97
 872 0644 06       		.byte	0x6
 873 0645 79       		.byte	0x79
 874 0646 21       		.byte	0x21
 875 0647 07010000 		.4byte	0x107
 876 064b 10       		.byte	0x10
 877 064c 00       		.byte	0
 878 064d 03       		.uleb128 0x3
 879 064e 36040000 		.4byte	.LASF98
 880 0652 06       		.byte	0x6
 881 0653 7B       		.byte	0x7b
 882 0654 03       		.byte	0x3
 883 0655 18060000 		.4byte	0x618
 884 0659 09       		.uleb128 0x9
 885 065a D4010000 		.4byte	.LASF99
 886 065e 08       		.byte	0x8
 887 065f 06       		.byte	0x6
 888 0660 80       		.byte	0x80
 889 0661 10       		.byte	0x10
 890 0662 74060000 		.4byte	0x674
 891 0666 0B       		.uleb128 0xb
 892 0667 99030000 		.4byte	.LASF100
 893 066b 06       		.byte	0x6
 894 066c 84       		.byte	0x84
 895 066d 21       		.byte	0x21
 896 066e B5030000 		.4byte	0x3b5
 897 0672 00       		.byte	0
 898 0673 00       		.byte	0
 899 0674 03       		.uleb128 0x3
 900 0675 7C060000 		.4byte	.LASF101
 901 0679 06       		.byte	0x6
 902 067a 85       		.byte	0x85
 903 067b 03       		.byte	0x3
 904 067c 59060000 		.4byte	0x659
 905 0680 03       		.uleb128 0x3
 906 0681 96040000 		.4byte	.LASF102
 907 0685 06       		.byte	0x6
 908 0686 8A       		.byte	0x8a
 909 0687 14       		.byte	0x14
 910 0688 8C060000 		.4byte	0x68c
 911 068c 07       		.uleb128 0x7
 912 068d 04       		.byte	0x4
ARM GAS  C:\Users\acest\AppData\Local\Temp\ccNY0j1l.s 			page 17


 913 068e 9C010000 		.4byte	0x19c
 914 0692 12       		.uleb128 0x12
 915 0693 0C       		.byte	0xc
 916 0694 06       		.byte	0x6
 917 0695 A0       		.byte	0xa0
 918 0696 03       		.byte	0x3
 919 0697 C0060000 		.4byte	0x6c0
 920 069b 13       		.uleb128 0x13
 921 069c BF080000 		.4byte	.LASF103
 922 06a0 06       		.byte	0x6
 923 06a1 A4       		.byte	0xa4
 924 06a2 21       		.byte	0x21
 925 06a3 88030000 		.4byte	0x388
 926 06a7 13       		.uleb128 0x13
 927 06a8 99030000 		.4byte	.LASF100
 928 06ac 06       		.byte	0x6
 929 06ad A8       		.byte	0xa8
 930 06ae 21       		.byte	0x21
 931 06af B5030000 		.4byte	0x3b5
 932 06b3 13       		.uleb128 0x13
 933 06b4 88070000 		.4byte	.LASF104
 934 06b8 06       		.byte	0x6
 935 06b9 AC       		.byte	0xac
 936 06ba 21       		.byte	0x21
 937 06bb EF030000 		.4byte	0x3ef
 938 06bf 00       		.byte	0
 939 06c0 12       		.uleb128 0x12
 940 06c1 04       		.byte	0x4
 941 06c2 06       		.byte	0x6
 942 06c3 EB       		.byte	0xeb
 943 06c4 03       		.byte	0x3
 944 06c5 30070000 		.4byte	0x730
 945 06c9 13       		.uleb128 0x13
 946 06ca 2E000000 		.4byte	.LASF105
 947 06ce 06       		.byte	0x6
 948 06cf F2       		.byte	0xf2
 949 06d0 21       		.byte	0x21
 950 06d1 6C010000 		.4byte	0x16c
 951 06d5 13       		.uleb128 0x13
 952 06d6 CC000000 		.4byte	.LASF106
 953 06da 06       		.byte	0x6
 954 06db F9       		.byte	0xf9
 955 06dc 21       		.byte	0x21
 956 06dd 6C010000 		.4byte	0x16c
 957 06e1 14       		.uleb128 0x14
 958 06e2 7C080000 		.4byte	.LASF107
 959 06e6 06       		.byte	0x6
 960 06e7 0001     		.2byte	0x100
 961 06e9 22       		.byte	0x22
 962 06ea B2000000 		.4byte	0xb2
 963 06ee 14       		.uleb128 0x14
 964 06ef B9020000 		.4byte	.LASF108
 965 06f3 06       		.byte	0x6
 966 06f4 0701     		.2byte	0x107
 967 06f6 22       		.byte	0x22
 968 06f7 30070000 		.4byte	0x730
 969 06fb 14       		.uleb128 0x14
ARM GAS  C:\Users\acest\AppData\Local\Temp\ccNY0j1l.s 			page 18


 970 06fc E0000000 		.4byte	.LASF109
 971 0700 06       		.byte	0x6
 972 0701 0C01     		.2byte	0x10c
 973 0703 21       		.byte	0x21
 974 0704 6C010000 		.4byte	0x16c
 975 0708 14       		.uleb128 0x14
 976 0709 B2020000 		.4byte	.LASF110
 977 070d 06       		.byte	0x6
 978 070e 1501     		.2byte	0x115
 979 0710 22       		.byte	0x22
 980 0711 5E070000 		.4byte	0x75e
 981 0715 14       		.uleb128 0x14
 982 0716 90060000 		.4byte	.LASF111
 983 071a 06       		.byte	0x6
 984 071b 1E01     		.2byte	0x11e
 985 071d 22       		.byte	0x22
 986 071e 99070000 		.4byte	0x799
 987 0722 14       		.uleb128 0x14
 988 0723 31060000 		.4byte	.LASF112
 989 0727 06       		.byte	0x6
 990 0728 2601     		.2byte	0x126
 991 072a 21       		.byte	0x21
 992 072b 78010000 		.4byte	0x178
 993 072f 00       		.byte	0
 994 0730 07       		.uleb128 0x7
 995 0731 04       		.byte	0x4
 996 0732 80060000 		.4byte	0x680
 997 0736 09       		.uleb128 0x9
 998 0737 66060000 		.4byte	.LASF113
 999 073b 0C       		.byte	0xc
 1000 073c 0D       		.byte	0xd
 1001 073d 34       		.byte	0x34
 1002 073e 10       		.byte	0x10
 1003 073f 5E070000 		.4byte	0x75e
 1004 0743 0B       		.uleb128 0xb
 1005 0744 99030000 		.4byte	.LASF100
 1006 0748 0D       		.byte	0xd
 1007 0749 35       		.byte	0x35
 1008 074a 19       		.byte	0x19
 1009 074b B5030000 		.4byte	0x3b5
 1010 074f 00       		.byte	0
 1011 0750 0A       		.uleb128 0xa
 1012 0751 636E7400 		.ascii	"cnt\000"
 1013 0755 0D       		.byte	0xd
 1014 0756 37       		.byte	0x37
 1015 0757 19       		.byte	0x19
 1016 0758 84010000 		.4byte	0x184
 1017 075c 08       		.byte	0x8
 1018 075d 00       		.byte	0
 1019 075e 07       		.uleb128 0x7
 1020 075f 04       		.byte	0x4
 1021 0760 36070000 		.4byte	0x736
 1022 0764 09       		.uleb128 0x9
 1023 0765 22080000 		.4byte	.LASF114
 1024 0769 10       		.byte	0x10
 1025 076a 0E       		.byte	0xe
 1026 076b 39       		.byte	0x39
ARM GAS  C:\Users\acest\AppData\Local\Temp\ccNY0j1l.s 			page 19


 1027 076c 08       		.byte	0x8
 1028 076d 99070000 		.4byte	0x799
 1029 0771 0B       		.uleb128 0xb
 1030 0772 99030000 		.4byte	.LASF100
 1031 0776 0E       		.byte	0xe
 1032 0777 3A       		.byte	0x3a
 1033 0778 19       		.byte	0x19
 1034 0779 B5030000 		.4byte	0x3b5
 1035 077d 00       		.byte	0
 1036 077e 0B       		.uleb128 0xb
 1037 077f A7060000 		.4byte	.LASF36
 1038 0783 0E       		.byte	0xe
 1039 0784 3C       		.byte	0x3c
 1040 0785 1A       		.byte	0x1a
 1041 0786 8C060000 		.4byte	0x68c
 1042 078a 08       		.byte	0x8
 1043 078b 0B       		.uleb128 0xb
 1044 078c F9000000 		.4byte	.LASF69
 1045 0790 0E       		.byte	0xe
 1046 0791 3E       		.byte	0x3e
 1047 0792 1A       		.byte	0x1a
 1048 0793 AD0A0000 		.4byte	0xaad
 1049 0797 0C       		.byte	0xc
 1050 0798 00       		.byte	0
 1051 0799 07       		.uleb128 0x7
 1052 079a 04       		.byte	0x4
 1053 079b 64070000 		.4byte	0x764
 1054 079f 07       		.uleb128 0x7
 1055 07a0 04       		.byte	0x4
 1056 07a1 8B020000 		.4byte	0x28b
 1057 07a5 0E       		.uleb128 0xe
 1058 07a6 0C040000 		.4byte	.LASF115
 1059 07aa 10       		.byte	0x10
 1060 07ab 06       		.byte	0x6
 1061 07ac 5C01     		.2byte	0x15c
 1062 07ae 10       		.byte	0x10
 1063 07af D0070000 		.4byte	0x7d0
 1064 07b3 0D       		.uleb128 0xd
 1065 07b4 88070000 		.4byte	.LASF104
 1066 07b8 06       		.byte	0x6
 1067 07b9 6101     		.2byte	0x161
 1068 07bb 21       		.byte	0x21
 1069 07bc EF030000 		.4byte	0x3ef
 1070 07c0 00       		.byte	0
 1071 07c1 0D       		.uleb128 0xd
 1072 07c2 4C050000 		.4byte	.LASF116
 1073 07c6 06       		.byte	0x6
 1074 07c7 6501     		.2byte	0x165
 1075 07c9 22       		.byte	0x22
 1076 07ca 8C060000 		.4byte	0x68c
 1077 07ce 0C       		.byte	0xc
 1078 07cf 00       		.byte	0
 1079 07d0 15       		.uleb128 0x15
 1080 07d1 00000000 		.4byte	.LASF117
 1081 07d5 06       		.byte	0x6
 1082 07d6 6601     		.2byte	0x166
 1083 07d8 03       		.byte	0x3
ARM GAS  C:\Users\acest\AppData\Local\Temp\ccNY0j1l.s 			page 20


 1084 07d9 A5070000 		.4byte	0x7a5
 1085 07dd 0E       		.uleb128 0xe
 1086 07de FF040000 		.4byte	.LASF118
 1087 07e2 14       		.byte	0x14
 1088 07e3 06       		.byte	0x6
 1089 07e4 6B01     		.2byte	0x16b
 1090 07e6 10       		.byte	0x10
 1091 07e7 32080000 		.4byte	0x832
 1092 07eb 0D       		.uleb128 0xd
 1093 07ec CF020000 		.4byte	.LASF37
 1094 07f0 06       		.byte	0x6
 1095 07f1 6F01     		.2byte	0x16f
 1096 07f3 22       		.byte	0x22
 1097 07f4 C0000000 		.4byte	0xc0
 1098 07f8 00       		.byte	0
 1099 07f9 0D       		.uleb128 0xd
 1100 07fa BD070000 		.4byte	.LASF119
 1101 07fe 06       		.byte	0x6
 1102 07ff 7501     		.2byte	0x175
 1103 0801 22       		.byte	0x22
 1104 0802 BC050000 		.4byte	0x5bc
 1105 0806 04       		.byte	0x4
 1106 0807 0D       		.uleb128 0xd
 1107 0808 00080000 		.4byte	.LASF120
 1108 080c 06       		.byte	0x6
 1109 080d 7901     		.2byte	0x179
 1110 080f 22       		.byte	0x22
 1111 0810 BC050000 		.4byte	0x5bc
 1112 0814 08       		.byte	0x8
 1113 0815 0D       		.uleb128 0xd
 1114 0816 57040000 		.4byte	.LASF121
 1115 081a 06       		.byte	0x6
 1116 081b 7F01     		.2byte	0x17f
 1117 081d 22       		.byte	0x22
 1118 081e BC050000 		.4byte	0x5bc
 1119 0822 0C       		.byte	0xc
 1120 0823 0D       		.uleb128 0xd
 1121 0824 DD080000 		.4byte	.LASF122
 1122 0828 06       		.byte	0x6
 1123 0829 8301     		.2byte	0x183
 1124 082b 22       		.byte	0x22
 1125 082c BC050000 		.4byte	0x5bc
 1126 0830 10       		.byte	0x10
 1127 0831 00       		.byte	0
 1128 0832 15       		.uleb128 0x15
 1129 0833 84000000 		.4byte	.LASF123
 1130 0837 06       		.byte	0x6
 1131 0838 8501     		.2byte	0x185
 1132 083a 03       		.byte	0x3
 1133 083b DD070000 		.4byte	0x7dd
 1134 083f 06       		.uleb128 0x6
 1135 0840 32080000 		.4byte	0x832
 1136 0844 07       		.uleb128 0x7
 1137 0845 04       		.byte	0x4
 1138 0846 3F080000 		.4byte	0x83f
 1139 084a 0E       		.uleb128 0xe
 1140 084b 38060000 		.4byte	.LASF124
ARM GAS  C:\Users\acest\AppData\Local\Temp\ccNY0j1l.s 			page 21


 1141 084f 0C       		.byte	0xc
 1142 0850 06       		.byte	0x6
 1143 0851 C901     		.2byte	0x1c9
 1144 0853 10       		.byte	0x10
 1145 0854 83080000 		.4byte	0x883
 1146 0858 0D       		.uleb128 0xd
 1147 0859 7B010000 		.4byte	.LASF39
 1148 085d 06       		.byte	0x6
 1149 085e CD01     		.2byte	0x1cd
 1150 0860 21       		.byte	0x21
 1151 0861 0C060000 		.4byte	0x60c
 1152 0865 00       		.byte	0
 1153 0866 0D       		.uleb128 0xd
 1154 0867 A8020000 		.4byte	.LASF125
 1155 086b 06       		.byte	0x6
 1156 086c D101     		.2byte	0x1d1
 1157 086e 22       		.byte	0x22
 1158 086f 83080000 		.4byte	0x883
 1159 0873 04       		.byte	0x4
 1160 0874 0C       		.uleb128 0xc
 1161 0875 746D6300 		.ascii	"tmc\000"
 1162 0879 06       		.byte	0x6
 1163 087a D601     		.2byte	0x1d6
 1164 087c 21       		.byte	0x21
 1165 087d D9050000 		.4byte	0x5d9
 1166 0881 08       		.byte	0x8
 1167 0882 00       		.byte	0
 1168 0883 16       		.uleb128 0x16
 1169 0884 9F070000 		.4byte	0x79f
 1170 0888 93080000 		.4byte	0x893
 1171 088c 17       		.uleb128 0x17
 1172 088d 30000000 		.4byte	0x30
 1173 0891 00       		.byte	0
 1174 0892 00       		.byte	0
 1175 0893 15       		.uleb128 0x15
 1176 0894 E8030000 		.4byte	.LASF126
 1177 0898 06       		.byte	0x6
 1178 0899 ED01     		.2byte	0x1ed
 1179 089b 03       		.byte	0x3
 1180 089c 4A080000 		.4byte	0x84a
 1181 08a0 18       		.uleb128 0x18
 1182 08a1 63683000 		.ascii	"ch0\000"
 1183 08a5 12       		.byte	0x12
 1184 08a6 4101     		.2byte	0x141
 1185 08a8 16       		.byte	0x16
 1186 08a9 8B020000 		.4byte	0x28b
 1187 08ad 0F       		.uleb128 0xf
 1188 08ae 2C       		.byte	0x2c
 1189 08af 0F       		.byte	0xf
 1190 08b0 34       		.byte	0x34
 1191 08b1 09       		.byte	0x9
 1192 08b2 640A0000 		.4byte	0xa64
 1193 08b6 0B       		.uleb128 0xb
 1194 08b7 A4010000 		.4byte	.LASF127
 1195 08bb 0F       		.byte	0xf
 1196 08bc 35       		.byte	0x35
 1197 08bd 0D       		.byte	0xd
ARM GAS  C:\Users\acest\AppData\Local\Temp\ccNY0j1l.s 			page 22


 1198 08be 640A0000 		.4byte	0xa64
 1199 08c2 00       		.byte	0
 1200 08c3 0B       		.uleb128 0xb
 1201 08c4 65020000 		.4byte	.LASF128
 1202 08c8 0F       		.byte	0xf
 1203 08c9 36       		.byte	0x36
 1204 08ca 0D       		.byte	0xd
 1205 08cb CB000000 		.4byte	0xcb
 1206 08cf 04       		.byte	0x4
 1207 08d0 0B       		.uleb128 0xb
 1208 08d1 B5030000 		.4byte	.LASF129
 1209 08d5 0F       		.byte	0xf
 1210 08d6 37       		.byte	0x37
 1211 08d7 0D       		.byte	0xd
 1212 08d8 CB000000 		.4byte	0xcb
 1213 08dc 05       		.byte	0x5
 1214 08dd 0B       		.uleb128 0xb
 1215 08de 7A040000 		.4byte	.LASF130
 1216 08e2 0F       		.byte	0xf
 1217 08e3 38       		.byte	0x38
 1218 08e4 0D       		.byte	0xd
 1219 08e5 D7000000 		.4byte	0xd7
 1220 08e9 06       		.byte	0x6
 1221 08ea 0B       		.uleb128 0xb
 1222 08eb 1A080000 		.4byte	.LASF131
 1223 08ef 0F       		.byte	0xf
 1224 08f0 39       		.byte	0x39
 1225 08f1 0D       		.byte	0xd
 1226 08f2 CB000000 		.4byte	0xcb
 1227 08f6 08       		.byte	0x8
 1228 08f7 0B       		.uleb128 0xb
 1229 08f8 72010000 		.4byte	.LASF132
 1230 08fc 0F       		.byte	0xf
 1231 08fd 3A       		.byte	0x3a
 1232 08fe 0D       		.byte	0xd
 1233 08ff CB000000 		.4byte	0xcb
 1234 0903 09       		.byte	0x9
 1235 0904 0B       		.uleb128 0xb
 1236 0905 C0050000 		.4byte	.LASF133
 1237 0909 0F       		.byte	0xf
 1238 090a 3B       		.byte	0x3b
 1239 090b 0D       		.byte	0xd
 1240 090c CB000000 		.4byte	0xcb
 1241 0910 0A       		.byte	0xa
 1242 0911 0B       		.uleb128 0xb
 1243 0912 E7050000 		.4byte	.LASF134
 1244 0916 0F       		.byte	0xf
 1245 0917 3C       		.byte	0x3c
 1246 0918 0D       		.byte	0xd
 1247 0919 CB000000 		.4byte	0xcb
 1248 091d 0B       		.byte	0xb
 1249 091e 0B       		.uleb128 0xb
 1250 091f F4030000 		.4byte	.LASF135
 1251 0923 0F       		.byte	0xf
 1252 0924 3D       		.byte	0x3d
 1253 0925 0D       		.byte	0xd
 1254 0926 CB000000 		.4byte	0xcb
ARM GAS  C:\Users\acest\AppData\Local\Temp\ccNY0j1l.s 			page 23


 1255 092a 0C       		.byte	0xc
 1256 092b 0B       		.uleb128 0xb
 1257 092c D6040000 		.4byte	.LASF136
 1258 0930 0F       		.byte	0xf
 1259 0931 3E       		.byte	0x3e
 1260 0932 0D       		.byte	0xd
 1261 0933 CB000000 		.4byte	0xcb
 1262 0937 0D       		.byte	0xd
 1263 0938 0B       		.uleb128 0xb
 1264 0939 B3070000 		.4byte	.LASF137
 1265 093d 0F       		.byte	0xf
 1266 093e 3F       		.byte	0x3f
 1267 093f 0D       		.byte	0xd
 1268 0940 CB000000 		.4byte	0xcb
 1269 0944 0E       		.byte	0xe
 1270 0945 0B       		.uleb128 0xb
 1271 0946 26040000 		.4byte	.LASF138
 1272 094a 0F       		.byte	0xf
 1273 094b 40       		.byte	0x40
 1274 094c 0D       		.byte	0xd
 1275 094d CB000000 		.4byte	0xcb
 1276 0951 0F       		.byte	0xf
 1277 0952 0B       		.uleb128 0xb
 1278 0953 F0050000 		.4byte	.LASF139
 1279 0957 0F       		.byte	0xf
 1280 0958 41       		.byte	0x41
 1281 0959 0D       		.byte	0xd
 1282 095a CB000000 		.4byte	0xcb
 1283 095e 10       		.byte	0x10
 1284 095f 0B       		.uleb128 0xb
 1285 0960 8B080000 		.4byte	.LASF140
 1286 0964 0F       		.byte	0xf
 1287 0965 42       		.byte	0x42
 1288 0966 0D       		.byte	0xd
 1289 0967 CB000000 		.4byte	0xcb
 1290 096b 11       		.byte	0x11
 1291 096c 0B       		.uleb128 0xb
 1292 096d 72080000 		.4byte	.LASF141
 1293 0971 0F       		.byte	0xf
 1294 0972 43       		.byte	0x43
 1295 0973 0D       		.byte	0xd
 1296 0974 CB000000 		.4byte	0xcb
 1297 0978 12       		.byte	0x12
 1298 0979 0B       		.uleb128 0xb
 1299 097a BA030000 		.4byte	.LASF142
 1300 097e 0F       		.byte	0xf
 1301 097f 44       		.byte	0x44
 1302 0980 0D       		.byte	0xd
 1303 0981 CB000000 		.4byte	0xcb
 1304 0985 13       		.byte	0x13
 1305 0986 0B       		.uleb128 0xb
 1306 0987 C8010000 		.4byte	.LASF143
 1307 098b 0F       		.byte	0xf
 1308 098c 45       		.byte	0x45
 1309 098d 0D       		.byte	0xd
 1310 098e CB000000 		.4byte	0xcb
 1311 0992 14       		.byte	0x14
ARM GAS  C:\Users\acest\AppData\Local\Temp\ccNY0j1l.s 			page 24


 1312 0993 0B       		.uleb128 0xb
 1313 0994 73060000 		.4byte	.LASF144
 1314 0998 0F       		.byte	0xf
 1315 0999 46       		.byte	0x46
 1316 099a 0D       		.byte	0xd
 1317 099b CB000000 		.4byte	0xcb
 1318 099f 15       		.byte	0x15
 1319 09a0 0B       		.uleb128 0xb
 1320 09a1 58020000 		.4byte	.LASF145
 1321 09a5 0F       		.byte	0xf
 1322 09a6 47       		.byte	0x47
 1323 09a7 0D       		.byte	0xd
 1324 09a8 740A0000 		.4byte	0xa74
 1325 09ac 16       		.byte	0x16
 1326 09ad 0B       		.uleb128 0xb
 1327 09ae 0F080000 		.4byte	.LASF146
 1328 09b2 0F       		.byte	0xf
 1329 09b3 48       		.byte	0x48
 1330 09b4 0D       		.byte	0xd
 1331 09b5 CB000000 		.4byte	0xcb
 1332 09b9 1A       		.byte	0x1a
 1333 09ba 0B       		.uleb128 0xb
 1334 09bb D2030000 		.4byte	.LASF147
 1335 09bf 0F       		.byte	0xf
 1336 09c0 49       		.byte	0x49
 1337 09c1 0D       		.byte	0xd
 1338 09c2 CB000000 		.4byte	0xcb
 1339 09c6 1B       		.byte	0x1b
 1340 09c7 0B       		.uleb128 0xb
 1341 09c8 B2080000 		.4byte	.LASF148
 1342 09cc 0F       		.byte	0xf
 1343 09cd 4A       		.byte	0x4a
 1344 09ce 0D       		.byte	0xd
 1345 09cf CB000000 		.4byte	0xcb
 1346 09d3 1C       		.byte	0x1c
 1347 09d4 0B       		.uleb128 0xb
 1348 09d5 39080000 		.4byte	.LASF149
 1349 09d9 0F       		.byte	0xf
 1350 09da 4B       		.byte	0x4b
 1351 09db 0D       		.byte	0xd
 1352 09dc CB000000 		.4byte	0xcb
 1353 09e0 1D       		.byte	0x1d
 1354 09e1 0B       		.uleb128 0xb
 1355 09e2 E0040000 		.4byte	.LASF150
 1356 09e6 0F       		.byte	0xf
 1357 09e7 4C       		.byte	0x4c
 1358 09e8 0D       		.byte	0xd
 1359 09e9 CB000000 		.4byte	0xcb
 1360 09ed 1E       		.byte	0x1e
 1361 09ee 0B       		.uleb128 0xb
 1362 09ef 54050000 		.4byte	.LASF151
 1363 09f3 0F       		.byte	0xf
 1364 09f4 4E       		.byte	0x4e
 1365 09f5 0D       		.byte	0xd
 1366 09f6 CB000000 		.4byte	0xcb
 1367 09fa 1F       		.byte	0x1f
 1368 09fb 0B       		.uleb128 0xb
ARM GAS  C:\Users\acest\AppData\Local\Temp\ccNY0j1l.s 			page 25


 1369 09fc 99000000 		.4byte	.LASF152
 1370 0a00 0F       		.byte	0xf
 1371 0a01 4F       		.byte	0x4f
 1372 0a02 0D       		.byte	0xd
 1373 0a03 CB000000 		.4byte	0xcb
 1374 0a07 20       		.byte	0x20
 1375 0a08 0B       		.uleb128 0xb
 1376 0a09 AF050000 		.4byte	.LASF153
 1377 0a0d 0F       		.byte	0xf
 1378 0a0e 50       		.byte	0x50
 1379 0a0f 0D       		.byte	0xd
 1380 0a10 740A0000 		.4byte	0xa74
 1381 0a14 21       		.byte	0x21
 1382 0a15 0B       		.uleb128 0xb
 1383 0a16 5B080000 		.4byte	.LASF154
 1384 0a1a 0F       		.byte	0xf
 1385 0a1b 51       		.byte	0x51
 1386 0a1c 0D       		.byte	0xd
 1387 0a1d CB000000 		.4byte	0xcb
 1388 0a21 25       		.byte	0x25
 1389 0a22 0B       		.uleb128 0xb
 1390 0a23 19000000 		.4byte	.LASF155
 1391 0a27 0F       		.byte	0xf
 1392 0a28 53       		.byte	0x53
 1393 0a29 0D       		.byte	0xd
 1394 0a2a CB000000 		.4byte	0xcb
 1395 0a2e 26       		.byte	0x26
 1396 0a2f 0B       		.uleb128 0xb
 1397 0a30 9F030000 		.4byte	.LASF156
 1398 0a34 0F       		.byte	0xf
 1399 0a35 54       		.byte	0x54
 1400 0a36 0D       		.byte	0xd
 1401 0a37 CB000000 		.4byte	0xcb
 1402 0a3b 27       		.byte	0x27
 1403 0a3c 0B       		.uleb128 0xb
 1404 0a3d 95080000 		.4byte	.LASF157
 1405 0a41 0F       		.byte	0xf
 1406 0a42 55       		.byte	0x55
 1407 0a43 0D       		.byte	0xd
 1408 0a44 CB000000 		.4byte	0xcb
 1409 0a48 28       		.byte	0x28
 1410 0a49 0B       		.uleb128 0xb
 1411 0a4a 55060000 		.4byte	.LASF158
 1412 0a4e 0F       		.byte	0xf
 1413 0a4f 56       		.byte	0x56
 1414 0a50 0D       		.byte	0xd
 1415 0a51 CB000000 		.4byte	0xcb
 1416 0a55 29       		.byte	0x29
 1417 0a56 0B       		.uleb128 0xb
 1418 0a57 86020000 		.4byte	.LASF159
 1419 0a5b 0F       		.byte	0xf
 1420 0a5c 57       		.byte	0x57
 1421 0a5d 0D       		.byte	0xd
 1422 0a5e CB000000 		.4byte	0xcb
 1423 0a62 2A       		.byte	0x2a
 1424 0a63 00       		.byte	0
 1425 0a64 16       		.uleb128 0x16
ARM GAS  C:\Users\acest\AppData\Local\Temp\ccNY0j1l.s 			page 26


 1426 0a65 B4000000 		.4byte	0xb4
 1427 0a69 740A0000 		.4byte	0xa74
 1428 0a6d 17       		.uleb128 0x17
 1429 0a6e 30000000 		.4byte	0x30
 1430 0a72 03       		.byte	0x3
 1431 0a73 00       		.byte	0
 1432 0a74 16       		.uleb128 0x16
 1433 0a75 CB000000 		.4byte	0xcb
 1434 0a79 840A0000 		.4byte	0xa84
 1435 0a7d 17       		.uleb128 0x17
 1436 0a7e 30000000 		.4byte	0x30
 1437 0a82 03       		.byte	0x3
 1438 0a83 00       		.byte	0
 1439 0a84 03       		.uleb128 0x3
 1440 0a85 97050000 		.4byte	.LASF160
 1441 0a89 0F       		.byte	0xf
 1442 0a8a 58       		.byte	0x58
 1443 0a8b 03       		.byte	0x3
 1444 0a8c AD080000 		.4byte	0x8ad
 1445 0a90 06       		.uleb128 0x6
 1446 0a91 840A0000 		.4byte	0xa84
 1447 0a95 19       		.uleb128 0x19
 1448 0a96 C6020000 		.4byte	.LASF161
 1449 0a9a 0F       		.byte	0xf
 1450 0a9b 7F       		.byte	0x7f
 1451 0a9c 1D       		.byte	0x1d
 1452 0a9d 900A0000 		.4byte	0xa90
 1453 0aa1 03       		.uleb128 0x3
 1454 0aa2 6A020000 		.4byte	.LASF162
 1455 0aa6 0E       		.byte	0xe
 1456 0aa7 34       		.byte	0x34
 1457 0aa8 19       		.byte	0x19
 1458 0aa9 64070000 		.4byte	0x764
 1459 0aad 07       		.uleb128 0x7
 1460 0aae 04       		.byte	0x4
 1461 0aaf A10A0000 		.4byte	0xaa1
 1462 0ab3 04       		.uleb128 0x4
 1463 0ab4 01       		.byte	0x1
 1464 0ab5 02       		.byte	0x2
 1465 0ab6 CB050000 		.4byte	.LASF163
 1466 0aba 07       		.uleb128 0x7
 1467 0abb 04       		.byte	0x4
 1468 0abc CB000000 		.4byte	0xcb
 1469 0ac0 1A       		.uleb128 0x1a
 1470 0ac1 950A0000 		.4byte	0xa95
 1471 0ac5 10       		.byte	0x10
 1472 0ac6 4D       		.byte	0x4d
 1473 0ac7 14       		.byte	0x14
 1474 0ac8 1B       		.uleb128 0x1b
 1475 0ac9 31010000 		.4byte	.LASF164
 1476 0acd 10       		.byte	0x10
 1477 0ace 1E01     		.2byte	0x11e
 1478 0ad0 0B       		.byte	0xb
 1479 0ad1 8C060000 		.4byte	0x68c
 1480 0ad5 F30A0000 		.4byte	0xaf3
 1481 0ad9 1C       		.uleb128 0x1c
 1482 0ada 776100   		.ascii	"wa\000"
ARM GAS  C:\Users\acest\AppData\Local\Temp\ccNY0j1l.s 			page 27


 1483 0add 10       		.byte	0x10
 1484 0ade 1E01     		.2byte	0x11e
 1485 0ae0 34       		.byte	0x34
 1486 0ae1 BC050000 		.4byte	0x5bc
 1487 0ae5 1D       		.uleb128 0x1d
 1488 0ae6 63747000 		.ascii	"ctp\000"
 1489 0aea 10       		.byte	0x10
 1490 0aeb 1F01     		.2byte	0x11f
 1491 0aed 0D       		.byte	0xd
 1492 0aee 8C060000 		.4byte	0x68c
 1493 0af2 00       		.byte	0
 1494 0af3 1B       		.uleb128 0x1b
 1495 0af4 E0010000 		.4byte	.LASF165
 1496 0af8 10       		.byte	0x10
 1497 0af9 0101     		.2byte	0x101
 1498 0afb 0B       		.byte	0xb
 1499 0afc 8C060000 		.4byte	0x68c
 1500 0b00 1E0B0000 		.4byte	0xb1e
 1501 0b04 1C       		.uleb128 0x1c
 1502 0b05 747000   		.ascii	"tp\000"
 1503 0b08 10       		.byte	0x10
 1504 0b09 0101     		.2byte	0x101
 1505 0b0b 2E       		.byte	0x2e
 1506 0b0c 8C060000 		.4byte	0x68c
 1507 0b10 1D       		.uleb128 0x1d
 1508 0b11 63747000 		.ascii	"ctp\000"
 1509 0b15 10       		.byte	0x10
 1510 0b16 0201     		.2byte	0x102
 1511 0b18 0D       		.byte	0xd
 1512 0b19 8C060000 		.4byte	0x68c
 1513 0b1d 00       		.byte	0
 1514 0b1e 1E       		.uleb128 0x1e
 1515 0b1f 6F050000 		.4byte	.LASF166
 1516 0b23 10       		.byte	0x10
 1517 0b24 E6       		.byte	0xe6
 1518 0b25 0B       		.byte	0xb
 1519 0b26 8C060000 		.4byte	0x68c
 1520 0b2a 470B0000 		.4byte	0xb47
 1521 0b2e 1F       		.uleb128 0x1f
 1522 0b2f CF020000 		.4byte	.LASF37
 1523 0b33 10       		.byte	0x10
 1524 0b34 E6       		.byte	0xe6
 1525 0b35 2D       		.byte	0x2d
 1526 0b36 C0000000 		.4byte	0xc0
 1527 0b3a 20       		.uleb128 0x20
 1528 0b3b 63747000 		.ascii	"ctp\000"
 1529 0b3f 10       		.byte	0x10
 1530 0b40 E7       		.byte	0xe7
 1531 0b41 0D       		.byte	0xd
 1532 0b42 8C060000 		.4byte	0x68c
 1533 0b46 00       		.byte	0
 1534 0b47 1E       		.uleb128 0x1e
 1535 0b48 DF060000 		.4byte	.LASF167
 1536 0b4c 10       		.byte	0x10
 1537 0b4d BB       		.byte	0xbb
 1538 0b4e 0B       		.byte	0xb
 1539 0b4f 8C060000 		.4byte	0x68c
ARM GAS  C:\Users\acest\AppData\Local\Temp\ccNY0j1l.s 			page 28


 1540 0b53 900B0000 		.4byte	0xb90
 1541 0b57 21       		.uleb128 0x21
 1542 0b58 747000   		.ascii	"tp\000"
 1543 0b5b 10       		.byte	0x10
 1544 0b5c BB       		.byte	0xbb
 1545 0b5d 25       		.byte	0x25
 1546 0b5e 8C060000 		.4byte	0x68c
 1547 0b62 20       		.uleb128 0x20
 1548 0b63 6E747000 		.ascii	"ntp\000"
 1549 0b67 10       		.byte	0x10
 1550 0b68 BC       		.byte	0xbc
 1551 0b69 0D       		.byte	0xd
 1552 0b6a 8C060000 		.4byte	0x68c
 1553 0b6e 20       		.uleb128 0x20
 1554 0b6f 6E717000 		.ascii	"nqp\000"
 1555 0b73 10       		.byte	0x10
 1556 0b74 BD       		.byte	0xbd
 1557 0b75 0F       		.byte	0xf
 1558 0b76 E9030000 		.4byte	0x3e9
 1559 0b7a 22       		.uleb128 0x22
 1560 0b7b 42060000 		.4byte	.LASF171
 1561 0b7f A00B0000 		.4byte	0xba0
 1562 0b83 23       		.uleb128 0x23
 1563 0b84 20       		.uleb128 0x20
 1564 0b85 7000     		.ascii	"p\000"
 1565 0b87 10       		.byte	0x10
 1566 0b88 C7       		.byte	0xc7
 1567 0b89 0E       		.byte	0xe
 1568 0b8a BA0A0000 		.4byte	0xaba
 1569 0b8e 00       		.byte	0
 1570 0b8f 00       		.byte	0
 1571 0b90 16       		.uleb128 0x16
 1572 0b91 BB000000 		.4byte	0xbb
 1573 0b95 A00B0000 		.4byte	0xba0
 1574 0b99 17       		.uleb128 0x17
 1575 0b9a 30000000 		.4byte	0x30
 1576 0b9e 0F       		.byte	0xf
 1577 0b9f 00       		.byte	0
 1578 0ba0 06       		.uleb128 0x6
 1579 0ba1 900B0000 		.4byte	0xb90
 1580 0ba5 1E       		.uleb128 0x1e
 1581 0ba6 E8000000 		.4byte	.LASF168
 1582 0baa 10       		.byte	0x10
 1583 0bab 9F       		.byte	0x9f
 1584 0bac 0B       		.byte	0xb
 1585 0bad 8C060000 		.4byte	0x68c
 1586 0bb1 CB0B0000 		.4byte	0xbcb
 1587 0bb5 20       		.uleb128 0x20
 1588 0bb6 747000   		.ascii	"tp\000"
 1589 0bb9 10       		.byte	0x10
 1590 0bba A0       		.byte	0xa0
 1591 0bbb 0D       		.byte	0xd
 1592 0bbc 8C060000 		.4byte	0x68c
 1593 0bc0 20       		.uleb128 0x20
 1594 0bc1 7000     		.ascii	"p\000"
 1595 0bc3 10       		.byte	0x10
 1596 0bc4 A1       		.byte	0xa1
ARM GAS  C:\Users\acest\AppData\Local\Temp\ccNY0j1l.s 			page 29


 1597 0bc5 0C       		.byte	0xc
 1598 0bc6 BA0A0000 		.4byte	0xaba
 1599 0bca 00       		.byte	0
 1600 0bcb 24       		.uleb128 0x24
 1601 0bcc AD060000 		.4byte	.LASF169
 1602 0bd0 0F       		.byte	0xf
 1603 0bd1 B9       		.byte	0xb9
 1604 0bd2 1B       		.byte	0x1b
 1605 0bd3 C0000000 		.4byte	0xc0
 1606 0bd7 E70B0000 		.4byte	0xbe7
 1607 0bdb 21       		.uleb128 0x21
 1608 0bdc 747000   		.ascii	"tp\000"
 1609 0bdf 0F       		.byte	0xf
 1610 0be0 B9       		.byte	0xb9
 1611 0be1 39       		.byte	0x39
 1612 0be2 8C060000 		.4byte	0x68c
 1613 0be6 00       		.byte	0
 1614 0be7 25       		.uleb128 0x25
 1615 0be8 17060000 		.4byte	.LASF170
 1616 0bec 11       		.byte	0x11
 1617 0bed 8201     		.2byte	0x182
 1618 0bef 1B       		.byte	0x1b
 1619 0bf0 BC050000 		.4byte	0x5bc
 1620 0bf4 050C0000 		.4byte	0xc05
 1621 0bf8 1C       		.uleb128 0x1c
 1622 0bf9 747000   		.ascii	"tp\000"
 1623 0bfc 11       		.byte	0x11
 1624 0bfd 8201     		.2byte	0x182
 1625 0bff 3A       		.byte	0x3a
 1626 0c00 8C060000 		.4byte	0x68c
 1627 0c04 00       		.byte	0
 1628 0c05 26       		.uleb128 0x26
 1629 0c06 A6080000 		.4byte	.LASF179
 1630 0c0a 12       		.byte	0x12
 1631 0c0b A501     		.2byte	0x1a5
 1632 0c0d 14       		.byte	0x14
 1633 0c0e 1C0C0000 		.4byte	0xc1c
 1634 0c12 22       		.uleb128 0x22
 1635 0c13 42060000 		.4byte	.LASF171
 1636 0c17 2C0C0000 		.4byte	0xc2c
 1637 0c1b 00       		.byte	0
 1638 0c1c 16       		.uleb128 0x16
 1639 0c1d BB000000 		.4byte	0xbb
 1640 0c21 2C0C0000 		.4byte	0xc2c
 1641 0c25 17       		.uleb128 0x17
 1642 0c26 30000000 		.4byte	0x30
 1643 0c2a 0B       		.byte	0xb
 1644 0c2b 00       		.byte	0
 1645 0c2c 06       		.uleb128 0x6
 1646 0c2d 1C0C0000 		.4byte	0xc1c
 1647 0c31 27       		.uleb128 0x27
 1648 0c32 4B060000 		.4byte	.LASF172
 1649 0c36 12       		.byte	0x12
 1650 0c37 9701     		.2byte	0x197
 1651 0c39 14       		.byte	0x14
 1652 0c3a 27       		.uleb128 0x27
 1653 0c3b 5D010000 		.4byte	.LASF173
ARM GAS  C:\Users\acest\AppData\Local\Temp\ccNY0j1l.s 			page 30


 1654 0c3f 0B       		.byte	0xb
 1655 0c40 1F03     		.2byte	0x31f
 1656 0c42 1B       		.byte	0x1b
 1657 0c43 27       		.uleb128 0x27
 1658 0c44 D3080000 		.4byte	.LASF174
 1659 0c48 0B       		.byte	0xb
 1660 0c49 0B03     		.2byte	0x30b
 1661 0c4b 1B       		.byte	0x1b
 1662 0c4c 28       		.uleb128 0x28
 1663 0c4d 70070000 		.4byte	.LASF180
 1664 0c51 13       		.byte	0x13
 1665 0c52 EB01     		.2byte	0x1eb
 1666 0c54 1B       		.byte	0x1b
 1667 0c55 29       		.uleb128 0x29
 1668 0c56 4E010000 		.4byte	.LASF175
 1669 0c5a 13       		.byte	0x13
 1670 0c5b EB01     		.2byte	0x1eb
 1671 0c5d 32       		.byte	0x32
 1672 0c5e EF000000 		.4byte	0xef
 1673 0c62 00       		.byte	0
 1674 0c63 00       		.byte	0
 1675              		.section	.gnu.debuglto_.debug_abbrev,"e",%progbits
 1676              	.Ldebug_abbrev0:
 1677 0000 01       		.uleb128 0x1
 1678 0001 11       		.uleb128 0x11
 1679 0002 01       		.byte	0x1
 1680 0003 25       		.uleb128 0x25
 1681 0004 0E       		.uleb128 0xe
 1682 0005 13       		.uleb128 0x13
 1683 0006 0B       		.uleb128 0xb
 1684 0007 03       		.uleb128 0x3
 1685 0008 0E       		.uleb128 0xe
 1686 0009 1B       		.uleb128 0x1b
 1687 000a 0E       		.uleb128 0xe
 1688 000b 10       		.uleb128 0x10
 1689 000c 17       		.uleb128 0x17
 1690 000d 00       		.byte	0
 1691 000e 00       		.byte	0
 1692 000f 02       		.uleb128 0x2
 1693 0010 24       		.uleb128 0x24
 1694 0011 00       		.byte	0
 1695 0012 0B       		.uleb128 0xb
 1696 0013 0B       		.uleb128 0xb
 1697 0014 3E       		.uleb128 0x3e
 1698 0015 0B       		.uleb128 0xb
 1699 0016 03       		.uleb128 0x3
 1700 0017 08       		.uleb128 0x8
 1701 0018 00       		.byte	0
 1702 0019 00       		.byte	0
 1703 001a 03       		.uleb128 0x3
 1704 001b 16       		.uleb128 0x16
 1705 001c 00       		.byte	0
 1706 001d 03       		.uleb128 0x3
 1707 001e 0E       		.uleb128 0xe
 1708 001f 3A       		.uleb128 0x3a
 1709 0020 0B       		.uleb128 0xb
 1710 0021 3B       		.uleb128 0x3b
ARM GAS  C:\Users\acest\AppData\Local\Temp\ccNY0j1l.s 			page 31


 1711 0022 0B       		.uleb128 0xb
 1712 0023 39       		.uleb128 0x39
 1713 0024 0B       		.uleb128 0xb
 1714 0025 49       		.uleb128 0x49
 1715 0026 13       		.uleb128 0x13
 1716 0027 00       		.byte	0
 1717 0028 00       		.byte	0
 1718 0029 04       		.uleb128 0x4
 1719 002a 24       		.uleb128 0x24
 1720 002b 00       		.byte	0
 1721 002c 0B       		.uleb128 0xb
 1722 002d 0B       		.uleb128 0xb
 1723 002e 3E       		.uleb128 0x3e
 1724 002f 0B       		.uleb128 0xb
 1725 0030 03       		.uleb128 0x3
 1726 0031 0E       		.uleb128 0xe
 1727 0032 00       		.byte	0
 1728 0033 00       		.byte	0
 1729 0034 05       		.uleb128 0x5
 1730 0035 0F       		.uleb128 0xf
 1731 0036 00       		.byte	0
 1732 0037 0B       		.uleb128 0xb
 1733 0038 0B       		.uleb128 0xb
 1734 0039 00       		.byte	0
 1735 003a 00       		.byte	0
 1736 003b 06       		.uleb128 0x6
 1737 003c 26       		.uleb128 0x26
 1738 003d 00       		.byte	0
 1739 003e 49       		.uleb128 0x49
 1740 003f 13       		.uleb128 0x13
 1741 0040 00       		.byte	0
 1742 0041 00       		.byte	0
 1743 0042 07       		.uleb128 0x7
 1744 0043 0F       		.uleb128 0xf
 1745 0044 00       		.byte	0
 1746 0045 0B       		.uleb128 0xb
 1747 0046 0B       		.uleb128 0xb
 1748 0047 49       		.uleb128 0x49
 1749 0048 13       		.uleb128 0x13
 1750 0049 00       		.byte	0
 1751 004a 00       		.byte	0
 1752 004b 08       		.uleb128 0x8
 1753 004c 35       		.uleb128 0x35
 1754 004d 00       		.byte	0
 1755 004e 49       		.uleb128 0x49
 1756 004f 13       		.uleb128 0x13
 1757 0050 00       		.byte	0
 1758 0051 00       		.byte	0
 1759 0052 09       		.uleb128 0x9
 1760 0053 13       		.uleb128 0x13
 1761 0054 01       		.byte	0x1
 1762 0055 03       		.uleb128 0x3
 1763 0056 0E       		.uleb128 0xe
 1764 0057 0B       		.uleb128 0xb
 1765 0058 0B       		.uleb128 0xb
 1766 0059 3A       		.uleb128 0x3a
 1767 005a 0B       		.uleb128 0xb
ARM GAS  C:\Users\acest\AppData\Local\Temp\ccNY0j1l.s 			page 32


 1768 005b 3B       		.uleb128 0x3b
 1769 005c 0B       		.uleb128 0xb
 1770 005d 39       		.uleb128 0x39
 1771 005e 0B       		.uleb128 0xb
 1772 005f 01       		.uleb128 0x1
 1773 0060 13       		.uleb128 0x13
 1774 0061 00       		.byte	0
 1775 0062 00       		.byte	0
 1776 0063 0A       		.uleb128 0xa
 1777 0064 0D       		.uleb128 0xd
 1778 0065 00       		.byte	0
 1779 0066 03       		.uleb128 0x3
 1780 0067 08       		.uleb128 0x8
 1781 0068 3A       		.uleb128 0x3a
 1782 0069 0B       		.uleb128 0xb
 1783 006a 3B       		.uleb128 0x3b
 1784 006b 0B       		.uleb128 0xb
 1785 006c 39       		.uleb128 0x39
 1786 006d 0B       		.uleb128 0xb
 1787 006e 49       		.uleb128 0x49
 1788 006f 13       		.uleb128 0x13
 1789 0070 38       		.uleb128 0x38
 1790 0071 0B       		.uleb128 0xb
 1791 0072 00       		.byte	0
 1792 0073 00       		.byte	0
 1793 0074 0B       		.uleb128 0xb
 1794 0075 0D       		.uleb128 0xd
 1795 0076 00       		.byte	0
 1796 0077 03       		.uleb128 0x3
 1797 0078 0E       		.uleb128 0xe
 1798 0079 3A       		.uleb128 0x3a
 1799 007a 0B       		.uleb128 0xb
 1800 007b 3B       		.uleb128 0x3b
 1801 007c 0B       		.uleb128 0xb
 1802 007d 39       		.uleb128 0x39
 1803 007e 0B       		.uleb128 0xb
 1804 007f 49       		.uleb128 0x49
 1805 0080 13       		.uleb128 0x13
 1806 0081 38       		.uleb128 0x38
 1807 0082 0B       		.uleb128 0xb
 1808 0083 00       		.byte	0
 1809 0084 00       		.byte	0
 1810 0085 0C       		.uleb128 0xc
 1811 0086 0D       		.uleb128 0xd
 1812 0087 00       		.byte	0
 1813 0088 03       		.uleb128 0x3
 1814 0089 08       		.uleb128 0x8
 1815 008a 3A       		.uleb128 0x3a
 1816 008b 0B       		.uleb128 0xb
 1817 008c 3B       		.uleb128 0x3b
 1818 008d 05       		.uleb128 0x5
 1819 008e 39       		.uleb128 0x39
 1820 008f 0B       		.uleb128 0xb
 1821 0090 49       		.uleb128 0x49
 1822 0091 13       		.uleb128 0x13
 1823 0092 38       		.uleb128 0x38
 1824 0093 0B       		.uleb128 0xb
ARM GAS  C:\Users\acest\AppData\Local\Temp\ccNY0j1l.s 			page 33


 1825 0094 00       		.byte	0
 1826 0095 00       		.byte	0
 1827 0096 0D       		.uleb128 0xd
 1828 0097 0D       		.uleb128 0xd
 1829 0098 00       		.byte	0
 1830 0099 03       		.uleb128 0x3
 1831 009a 0E       		.uleb128 0xe
 1832 009b 3A       		.uleb128 0x3a
 1833 009c 0B       		.uleb128 0xb
 1834 009d 3B       		.uleb128 0x3b
 1835 009e 05       		.uleb128 0x5
 1836 009f 39       		.uleb128 0x39
 1837 00a0 0B       		.uleb128 0xb
 1838 00a1 49       		.uleb128 0x49
 1839 00a2 13       		.uleb128 0x13
 1840 00a3 38       		.uleb128 0x38
 1841 00a4 0B       		.uleb128 0xb
 1842 00a5 00       		.byte	0
 1843 00a6 00       		.byte	0
 1844 00a7 0E       		.uleb128 0xe
 1845 00a8 13       		.uleb128 0x13
 1846 00a9 01       		.byte	0x1
 1847 00aa 03       		.uleb128 0x3
 1848 00ab 0E       		.uleb128 0xe
 1849 00ac 0B       		.uleb128 0xb
 1850 00ad 0B       		.uleb128 0xb
 1851 00ae 3A       		.uleb128 0x3a
 1852 00af 0B       		.uleb128 0xb
 1853 00b0 3B       		.uleb128 0x3b
 1854 00b1 05       		.uleb128 0x5
 1855 00b2 39       		.uleb128 0x39
 1856 00b3 0B       		.uleb128 0xb
 1857 00b4 01       		.uleb128 0x1
 1858 00b5 13       		.uleb128 0x13
 1859 00b6 00       		.byte	0
 1860 00b7 00       		.byte	0
 1861 00b8 0F       		.uleb128 0xf
 1862 00b9 13       		.uleb128 0x13
 1863 00ba 01       		.byte	0x1
 1864 00bb 0B       		.uleb128 0xb
 1865 00bc 0B       		.uleb128 0xb
 1866 00bd 3A       		.uleb128 0x3a
 1867 00be 0B       		.uleb128 0xb
 1868 00bf 3B       		.uleb128 0x3b
 1869 00c0 0B       		.uleb128 0xb
 1870 00c1 39       		.uleb128 0x39
 1871 00c2 0B       		.uleb128 0xb
 1872 00c3 01       		.uleb128 0x1
 1873 00c4 13       		.uleb128 0x13
 1874 00c5 00       		.byte	0
 1875 00c6 00       		.byte	0
 1876 00c7 10       		.uleb128 0x10
 1877 00c8 04       		.uleb128 0x4
 1878 00c9 01       		.byte	0x1
 1879 00ca 3E       		.uleb128 0x3e
 1880 00cb 0B       		.uleb128 0xb
 1881 00cc 0B       		.uleb128 0xb
ARM GAS  C:\Users\acest\AppData\Local\Temp\ccNY0j1l.s 			page 34


 1882 00cd 0B       		.uleb128 0xb
 1883 00ce 49       		.uleb128 0x49
 1884 00cf 13       		.uleb128 0x13
 1885 00d0 3A       		.uleb128 0x3a
 1886 00d1 0B       		.uleb128 0xb
 1887 00d2 3B       		.uleb128 0x3b
 1888 00d3 0B       		.uleb128 0xb
 1889 00d4 39       		.uleb128 0x39
 1890 00d5 0B       		.uleb128 0xb
 1891 00d6 01       		.uleb128 0x1
 1892 00d7 13       		.uleb128 0x13
 1893 00d8 00       		.byte	0
 1894 00d9 00       		.byte	0
 1895 00da 11       		.uleb128 0x11
 1896 00db 28       		.uleb128 0x28
 1897 00dc 00       		.byte	0
 1898 00dd 03       		.uleb128 0x3
 1899 00de 0E       		.uleb128 0xe
 1900 00df 1C       		.uleb128 0x1c
 1901 00e0 0B       		.uleb128 0xb
 1902 00e1 00       		.byte	0
 1903 00e2 00       		.byte	0
 1904 00e3 12       		.uleb128 0x12
 1905 00e4 17       		.uleb128 0x17
 1906 00e5 01       		.byte	0x1
 1907 00e6 0B       		.uleb128 0xb
 1908 00e7 0B       		.uleb128 0xb
 1909 00e8 3A       		.uleb128 0x3a
 1910 00e9 0B       		.uleb128 0xb
 1911 00ea 3B       		.uleb128 0x3b
 1912 00eb 0B       		.uleb128 0xb
 1913 00ec 39       		.uleb128 0x39
 1914 00ed 0B       		.uleb128 0xb
 1915 00ee 01       		.uleb128 0x1
 1916 00ef 13       		.uleb128 0x13
 1917 00f0 00       		.byte	0
 1918 00f1 00       		.byte	0
 1919 00f2 13       		.uleb128 0x13
 1920 00f3 0D       		.uleb128 0xd
 1921 00f4 00       		.byte	0
 1922 00f5 03       		.uleb128 0x3
 1923 00f6 0E       		.uleb128 0xe
 1924 00f7 3A       		.uleb128 0x3a
 1925 00f8 0B       		.uleb128 0xb
 1926 00f9 3B       		.uleb128 0x3b
 1927 00fa 0B       		.uleb128 0xb
 1928 00fb 39       		.uleb128 0x39
 1929 00fc 0B       		.uleb128 0xb
 1930 00fd 49       		.uleb128 0x49
 1931 00fe 13       		.uleb128 0x13
 1932 00ff 00       		.byte	0
 1933 0100 00       		.byte	0
 1934 0101 14       		.uleb128 0x14
 1935 0102 0D       		.uleb128 0xd
 1936 0103 00       		.byte	0
 1937 0104 03       		.uleb128 0x3
 1938 0105 0E       		.uleb128 0xe
ARM GAS  C:\Users\acest\AppData\Local\Temp\ccNY0j1l.s 			page 35


 1939 0106 3A       		.uleb128 0x3a
 1940 0107 0B       		.uleb128 0xb
 1941 0108 3B       		.uleb128 0x3b
 1942 0109 05       		.uleb128 0x5
 1943 010a 39       		.uleb128 0x39
 1944 010b 0B       		.uleb128 0xb
 1945 010c 49       		.uleb128 0x49
 1946 010d 13       		.uleb128 0x13
 1947 010e 00       		.byte	0
 1948 010f 00       		.byte	0
 1949 0110 15       		.uleb128 0x15
 1950 0111 16       		.uleb128 0x16
 1951 0112 00       		.byte	0
 1952 0113 03       		.uleb128 0x3
 1953 0114 0E       		.uleb128 0xe
 1954 0115 3A       		.uleb128 0x3a
 1955 0116 0B       		.uleb128 0xb
 1956 0117 3B       		.uleb128 0x3b
 1957 0118 05       		.uleb128 0x5
 1958 0119 39       		.uleb128 0x39
 1959 011a 0B       		.uleb128 0xb
 1960 011b 49       		.uleb128 0x49
 1961 011c 13       		.uleb128 0x13
 1962 011d 00       		.byte	0
 1963 011e 00       		.byte	0
 1964 011f 16       		.uleb128 0x16
 1965 0120 01       		.uleb128 0x1
 1966 0121 01       		.byte	0x1
 1967 0122 49       		.uleb128 0x49
 1968 0123 13       		.uleb128 0x13
 1969 0124 01       		.uleb128 0x1
 1970 0125 13       		.uleb128 0x13
 1971 0126 00       		.byte	0
 1972 0127 00       		.byte	0
 1973 0128 17       		.uleb128 0x17
 1974 0129 21       		.uleb128 0x21
 1975 012a 00       		.byte	0
 1976 012b 49       		.uleb128 0x49
 1977 012c 13       		.uleb128 0x13
 1978 012d 2F       		.uleb128 0x2f
 1979 012e 0B       		.uleb128 0xb
 1980 012f 00       		.byte	0
 1981 0130 00       		.byte	0
 1982 0131 18       		.uleb128 0x18
 1983 0132 34       		.uleb128 0x34
 1984 0133 00       		.byte	0
 1985 0134 03       		.uleb128 0x3
 1986 0135 08       		.uleb128 0x8
 1987 0136 3A       		.uleb128 0x3a
 1988 0137 0B       		.uleb128 0xb
 1989 0138 3B       		.uleb128 0x3b
 1990 0139 05       		.uleb128 0x5
 1991 013a 39       		.uleb128 0x39
 1992 013b 0B       		.uleb128 0xb
 1993 013c 49       		.uleb128 0x49
 1994 013d 13       		.uleb128 0x13
 1995 013e 3F       		.uleb128 0x3f
ARM GAS  C:\Users\acest\AppData\Local\Temp\ccNY0j1l.s 			page 36


 1996 013f 19       		.uleb128 0x19
 1997 0140 3C       		.uleb128 0x3c
 1998 0141 19       		.uleb128 0x19
 1999 0142 00       		.byte	0
 2000 0143 00       		.byte	0
 2001 0144 19       		.uleb128 0x19
 2002 0145 34       		.uleb128 0x34
 2003 0146 00       		.byte	0
 2004 0147 03       		.uleb128 0x3
 2005 0148 0E       		.uleb128 0xe
 2006 0149 3A       		.uleb128 0x3a
 2007 014a 0B       		.uleb128 0xb
 2008 014b 3B       		.uleb128 0x3b
 2009 014c 0B       		.uleb128 0xb
 2010 014d 39       		.uleb128 0x39
 2011 014e 0B       		.uleb128 0xb
 2012 014f 49       		.uleb128 0x49
 2013 0150 13       		.uleb128 0x13
 2014 0151 3F       		.uleb128 0x3f
 2015 0152 19       		.uleb128 0x19
 2016 0153 3C       		.uleb128 0x3c
 2017 0154 19       		.uleb128 0x19
 2018 0155 00       		.byte	0
 2019 0156 00       		.byte	0
 2020 0157 1A       		.uleb128 0x1a
 2021 0158 34       		.uleb128 0x34
 2022 0159 00       		.byte	0
 2023 015a 47       		.uleb128 0x47
 2024 015b 13       		.uleb128 0x13
 2025 015c 3A       		.uleb128 0x3a
 2026 015d 0B       		.uleb128 0xb
 2027 015e 3B       		.uleb128 0x3b
 2028 015f 0B       		.uleb128 0xb
 2029 0160 39       		.uleb128 0x39
 2030 0161 0B       		.uleb128 0xb
 2031 0162 00       		.byte	0
 2032 0163 00       		.byte	0
 2033 0164 1B       		.uleb128 0x1b
 2034 0165 2E       		.uleb128 0x2e
 2035 0166 01       		.byte	0x1
 2036 0167 3F       		.uleb128 0x3f
 2037 0168 19       		.uleb128 0x19
 2038 0169 03       		.uleb128 0x3
 2039 016a 0E       		.uleb128 0xe
 2040 016b 3A       		.uleb128 0x3a
 2041 016c 0B       		.uleb128 0xb
 2042 016d 3B       		.uleb128 0x3b
 2043 016e 05       		.uleb128 0x5
 2044 016f 39       		.uleb128 0x39
 2045 0170 0B       		.uleb128 0xb
 2046 0171 27       		.uleb128 0x27
 2047 0172 19       		.uleb128 0x19
 2048 0173 49       		.uleb128 0x49
 2049 0174 13       		.uleb128 0x13
 2050 0175 01       		.uleb128 0x1
 2051 0176 13       		.uleb128 0x13
 2052 0177 00       		.byte	0
ARM GAS  C:\Users\acest\AppData\Local\Temp\ccNY0j1l.s 			page 37


 2053 0178 00       		.byte	0
 2054 0179 1C       		.uleb128 0x1c
 2055 017a 05       		.uleb128 0x5
 2056 017b 00       		.byte	0
 2057 017c 03       		.uleb128 0x3
 2058 017d 08       		.uleb128 0x8
 2059 017e 3A       		.uleb128 0x3a
 2060 017f 0B       		.uleb128 0xb
 2061 0180 3B       		.uleb128 0x3b
 2062 0181 05       		.uleb128 0x5
 2063 0182 39       		.uleb128 0x39
 2064 0183 0B       		.uleb128 0xb
 2065 0184 49       		.uleb128 0x49
 2066 0185 13       		.uleb128 0x13
 2067 0186 00       		.byte	0
 2068 0187 00       		.byte	0
 2069 0188 1D       		.uleb128 0x1d
 2070 0189 34       		.uleb128 0x34
 2071 018a 00       		.byte	0
 2072 018b 03       		.uleb128 0x3
 2073 018c 08       		.uleb128 0x8
 2074 018d 3A       		.uleb128 0x3a
 2075 018e 0B       		.uleb128 0xb
 2076 018f 3B       		.uleb128 0x3b
 2077 0190 05       		.uleb128 0x5
 2078 0191 39       		.uleb128 0x39
 2079 0192 0B       		.uleb128 0xb
 2080 0193 49       		.uleb128 0x49
 2081 0194 13       		.uleb128 0x13
 2082 0195 00       		.byte	0
 2083 0196 00       		.byte	0
 2084 0197 1E       		.uleb128 0x1e
 2085 0198 2E       		.uleb128 0x2e
 2086 0199 01       		.byte	0x1
 2087 019a 3F       		.uleb128 0x3f
 2088 019b 19       		.uleb128 0x19
 2089 019c 03       		.uleb128 0x3
 2090 019d 0E       		.uleb128 0xe
 2091 019e 3A       		.uleb128 0x3a
 2092 019f 0B       		.uleb128 0xb
 2093 01a0 3B       		.uleb128 0x3b
 2094 01a1 0B       		.uleb128 0xb
 2095 01a2 39       		.uleb128 0x39
 2096 01a3 0B       		.uleb128 0xb
 2097 01a4 27       		.uleb128 0x27
 2098 01a5 19       		.uleb128 0x19
 2099 01a6 49       		.uleb128 0x49
 2100 01a7 13       		.uleb128 0x13
 2101 01a8 01       		.uleb128 0x1
 2102 01a9 13       		.uleb128 0x13
 2103 01aa 00       		.byte	0
 2104 01ab 00       		.byte	0
 2105 01ac 1F       		.uleb128 0x1f
 2106 01ad 05       		.uleb128 0x5
 2107 01ae 00       		.byte	0
 2108 01af 03       		.uleb128 0x3
 2109 01b0 0E       		.uleb128 0xe
ARM GAS  C:\Users\acest\AppData\Local\Temp\ccNY0j1l.s 			page 38


 2110 01b1 3A       		.uleb128 0x3a
 2111 01b2 0B       		.uleb128 0xb
 2112 01b3 3B       		.uleb128 0x3b
 2113 01b4 0B       		.uleb128 0xb
 2114 01b5 39       		.uleb128 0x39
 2115 01b6 0B       		.uleb128 0xb
 2116 01b7 49       		.uleb128 0x49
 2117 01b8 13       		.uleb128 0x13
 2118 01b9 00       		.byte	0
 2119 01ba 00       		.byte	0
 2120 01bb 20       		.uleb128 0x20
 2121 01bc 34       		.uleb128 0x34
 2122 01bd 00       		.byte	0
 2123 01be 03       		.uleb128 0x3
 2124 01bf 08       		.uleb128 0x8
 2125 01c0 3A       		.uleb128 0x3a
 2126 01c1 0B       		.uleb128 0xb
 2127 01c2 3B       		.uleb128 0x3b
 2128 01c3 0B       		.uleb128 0xb
 2129 01c4 39       		.uleb128 0x39
 2130 01c5 0B       		.uleb128 0xb
 2131 01c6 49       		.uleb128 0x49
 2132 01c7 13       		.uleb128 0x13
 2133 01c8 00       		.byte	0
 2134 01c9 00       		.byte	0
 2135 01ca 21       		.uleb128 0x21
 2136 01cb 05       		.uleb128 0x5
 2137 01cc 00       		.byte	0
 2138 01cd 03       		.uleb128 0x3
 2139 01ce 08       		.uleb128 0x8
 2140 01cf 3A       		.uleb128 0x3a
 2141 01d0 0B       		.uleb128 0xb
 2142 01d1 3B       		.uleb128 0x3b
 2143 01d2 0B       		.uleb128 0xb
 2144 01d3 39       		.uleb128 0x39
 2145 01d4 0B       		.uleb128 0xb
 2146 01d5 49       		.uleb128 0x49
 2147 01d6 13       		.uleb128 0x13
 2148 01d7 00       		.byte	0
 2149 01d8 00       		.byte	0
 2150 01d9 22       		.uleb128 0x22
 2151 01da 34       		.uleb128 0x34
 2152 01db 00       		.byte	0
 2153 01dc 03       		.uleb128 0x3
 2154 01dd 0E       		.uleb128 0xe
 2155 01de 49       		.uleb128 0x49
 2156 01df 13       		.uleb128 0x13
 2157 01e0 34       		.uleb128 0x34
 2158 01e1 19       		.uleb128 0x19
 2159 01e2 00       		.byte	0
 2160 01e3 00       		.byte	0
 2161 01e4 23       		.uleb128 0x23
 2162 01e5 0B       		.uleb128 0xb
 2163 01e6 01       		.byte	0x1
 2164 01e7 00       		.byte	0
 2165 01e8 00       		.byte	0
 2166 01e9 24       		.uleb128 0x24
ARM GAS  C:\Users\acest\AppData\Local\Temp\ccNY0j1l.s 			page 39


 2167 01ea 2E       		.uleb128 0x2e
 2168 01eb 01       		.byte	0x1
 2169 01ec 03       		.uleb128 0x3
 2170 01ed 0E       		.uleb128 0xe
 2171 01ee 3A       		.uleb128 0x3a
 2172 01ef 0B       		.uleb128 0xb
 2173 01f0 3B       		.uleb128 0x3b
 2174 01f1 0B       		.uleb128 0xb
 2175 01f2 39       		.uleb128 0x39
 2176 01f3 0B       		.uleb128 0xb
 2177 01f4 27       		.uleb128 0x27
 2178 01f5 19       		.uleb128 0x19
 2179 01f6 49       		.uleb128 0x49
 2180 01f7 13       		.uleb128 0x13
 2181 01f8 01       		.uleb128 0x1
 2182 01f9 13       		.uleb128 0x13
 2183 01fa 00       		.byte	0
 2184 01fb 00       		.byte	0
 2185 01fc 25       		.uleb128 0x25
 2186 01fd 2E       		.uleb128 0x2e
 2187 01fe 01       		.byte	0x1
 2188 01ff 03       		.uleb128 0x3
 2189 0200 0E       		.uleb128 0xe
 2190 0201 3A       		.uleb128 0x3a
 2191 0202 0B       		.uleb128 0xb
 2192 0203 3B       		.uleb128 0x3b
 2193 0204 05       		.uleb128 0x5
 2194 0205 39       		.uleb128 0x39
 2195 0206 0B       		.uleb128 0xb
 2196 0207 27       		.uleb128 0x27
 2197 0208 19       		.uleb128 0x19
 2198 0209 49       		.uleb128 0x49
 2199 020a 13       		.uleb128 0x13
 2200 020b 01       		.uleb128 0x1
 2201 020c 13       		.uleb128 0x13
 2202 020d 00       		.byte	0
 2203 020e 00       		.byte	0
 2204 020f 26       		.uleb128 0x26
 2205 0210 2E       		.uleb128 0x2e
 2206 0211 01       		.byte	0x1
 2207 0212 03       		.uleb128 0x3
 2208 0213 0E       		.uleb128 0xe
 2209 0214 3A       		.uleb128 0x3a
 2210 0215 0B       		.uleb128 0xb
 2211 0216 3B       		.uleb128 0x3b
 2212 0217 05       		.uleb128 0x5
 2213 0218 39       		.uleb128 0x39
 2214 0219 0B       		.uleb128 0xb
 2215 021a 27       		.uleb128 0x27
 2216 021b 19       		.uleb128 0x19
 2217 021c 01       		.uleb128 0x1
 2218 021d 13       		.uleb128 0x13
 2219 021e 00       		.byte	0
 2220 021f 00       		.byte	0
 2221 0220 27       		.uleb128 0x27
 2222 0221 2E       		.uleb128 0x2e
 2223 0222 00       		.byte	0
ARM GAS  C:\Users\acest\AppData\Local\Temp\ccNY0j1l.s 			page 40


 2224 0223 03       		.uleb128 0x3
 2225 0224 0E       		.uleb128 0xe
 2226 0225 3A       		.uleb128 0x3a
 2227 0226 0B       		.uleb128 0xb
 2228 0227 3B       		.uleb128 0x3b
 2229 0228 05       		.uleb128 0x5
 2230 0229 39       		.uleb128 0x39
 2231 022a 0B       		.uleb128 0xb
 2232 022b 27       		.uleb128 0x27
 2233 022c 19       		.uleb128 0x19
 2234 022d 00       		.byte	0
 2235 022e 00       		.byte	0
 2236 022f 28       		.uleb128 0x28
 2237 0230 2E       		.uleb128 0x2e
 2238 0231 01       		.byte	0x1
 2239 0232 03       		.uleb128 0x3
 2240 0233 0E       		.uleb128 0xe
 2241 0234 3A       		.uleb128 0x3a
 2242 0235 0B       		.uleb128 0xb
 2243 0236 3B       		.uleb128 0x3b
 2244 0237 05       		.uleb128 0x5
 2245 0238 39       		.uleb128 0x39
 2246 0239 0B       		.uleb128 0xb
 2247 023a 27       		.uleb128 0x27
 2248 023b 19       		.uleb128 0x19
 2249 023c 00       		.byte	0
 2250 023d 00       		.byte	0
 2251 023e 29       		.uleb128 0x29
 2252 023f 05       		.uleb128 0x5
 2253 0240 00       		.byte	0
 2254 0241 03       		.uleb128 0x3
 2255 0242 0E       		.uleb128 0xe
 2256 0243 3A       		.uleb128 0x3a
 2257 0244 0B       		.uleb128 0xb
 2258 0245 3B       		.uleb128 0x3b
 2259 0246 05       		.uleb128 0x5
 2260 0247 39       		.uleb128 0x39
 2261 0248 0B       		.uleb128 0xb
 2262 0249 49       		.uleb128 0x49
 2263 024a 13       		.uleb128 0x13
 2264 024b 00       		.byte	0
 2265 024c 00       		.byte	0
 2266 024d 00       		.byte	0
 2267              		.section	.gnu.debuglto_.debug_line,"e",%progbits
 2268              	.Ldebug_line0:
 2269 0000 26030000 		.4byte	.LELT0-.LSLT0
 2270              	.LSLT0:
 2271 0004 0400     		.2byte	0x4
 2272 0006 20030000 		.4byte	.LELTP0-.LASLTP0
 2273              	.LASLTP0:
 2274 000a 01       		.byte	0x1
 2275 000b 01       		.byte	0x1
 2276 000c 01       		.byte	0x1
 2277 000d F6       		.byte	0xf6
 2278 000e F2       		.byte	0xf2
 2279 000f 0D       		.byte	0xd
 2280 0010 00       		.byte	0
ARM GAS  C:\Users\acest\AppData\Local\Temp\ccNY0j1l.s 			page 41


 2281 0011 01       		.byte	0x1
 2282 0012 01       		.byte	0x1
 2283 0013 01       		.byte	0x1
 2284 0014 01       		.byte	0x1
 2285 0015 00       		.byte	0
 2286 0016 00       		.byte	0
 2287 0017 00       		.byte	0
 2288 0018 01       		.byte	0x1
 2289 0019 00       		.byte	0
 2290 001a 00       		.byte	0
 2291 001b 01       		.byte	0x1
 2292 001c 2E2E2F2E 		.ascii	"../../../../../ChibiStudio/chibios2111/os/rt/src"
 2292      2E2F2E2E 
 2292      2F2E2E2F 
 2292      2E2E2F43 
 2292      68696269 
 2293 004c 00       		.byte	0
 2294 004d 633A5C63 		.ascii	"c:\\chibistudio\\chibios2111\\os\\common\\ext\\arm\\"
 2294      68696269 
 2294      73747564 
 2294      696F5C63 
 2294      68696269 
 2295 007a 636D7369 		.ascii	"cmsis\\core\\include"
 2295      735C636F 
 2295      72655C69 
 2295      6E636C75 
 2295      6465
 2296 008c 00       		.byte	0
 2297 008d 633A5C63 		.ascii	"c:\\chibistudio\\chibios2111\\os\\common\\ports\\ar"
 2297      68696269 
 2297      73747564 
 2297      696F5C63 
 2297      68696269 
 2298 00ba 6D2D636F 		.ascii	"m-common"
 2298      6D6D6F6E 
 2299 00c2 00       		.byte	0
 2300 00c3 633A5C63 		.ascii	"c:\\chibistudio\\chibios2111\\os\\common\\ports\\ar"
 2300      68696269 
 2300      73747564 
 2300      696F5C63 
 2300      68696269 
 2301 00f0 6D76372D 		.ascii	"mv7-m-alt"
 2301      6D2D616C 
 2301      74
 2302 00f9 00       		.byte	0
 2303 00fa 633A5C63 		.ascii	"c:\\chibistudio\\chibios2111\\os\\rt\\include"
 2303      68696269 
 2303      73747564 
 2303      696F5C63 
 2303      68696269 
 2304 0122 00       		.byte	0
 2305 0123 633A5C63 		.ascii	"c:\\chibistudio\\tools\\gnu tools arm embedded\\10."
 2305      68696269 
 2305      73747564 
 2305      696F5C74 
 2305      6F6F6C73 
 2306 0152 33203230 		.ascii	"3 2021.10\\arm-none-eabi\\include\\machine"
ARM GAS  C:\Users\acest\AppData\Local\Temp\ccNY0j1l.s 			page 42


 2306      32312E31 
 2306      305C6172 
 2306      6D2D6E6F 
 2306      6E652D65 
 2307 0179 00       		.byte	0
 2308 017a 633A5C63 		.ascii	"c:\\chibistudio\\tools\\gnu tools arm embedded\\10."
 2308      68696269 
 2308      73747564 
 2308      696F5C74 
 2308      6F6F6C73 
 2309 01a9 33203230 		.ascii	"3 2021.10\\arm-none-eabi\\include\\sys"
 2309      32312E31 
 2309      305C6172 
 2309      6D2D6E6F 
 2309      6E652D65 
 2310 01cc 00       		.byte	0
 2311 01cd 633A5C63 		.ascii	"c:\\chibistudio\\tools\\gnu tools arm embedded\\10."
 2311      68696269 
 2311      73747564 
 2311      696F5C74 
 2311      6F6F6C73 
 2312 01fc 33203230 		.ascii	"3 2021.10\\lib\\gcc\\arm-none-eabi\\10.3.1\\include"
 2312      32312E31 
 2312      305C6C69 
 2312      625C6763 
 2312      635C6172 
 2313 022a 00       		.byte	0
 2314 022b 00       		.byte	0
 2315 022c 73746464 		.ascii	"stddef.h\000"
 2315      65662E68 
 2315      00
 2316 0235 08       		.uleb128 0x8
 2317 0236 00       		.uleb128 0
 2318 0237 00       		.uleb128 0
 2319 0238 5F646566 		.ascii	"_default_types.h\000"
 2319      61756C74 
 2319      5F747970 
 2319      65732E68 
 2319      00
 2320 0249 06       		.uleb128 0x6
 2321 024a 00       		.uleb128 0
 2322 024b 00       		.uleb128 0
 2323 024c 5F737464 		.ascii	"_stdint.h\000"
 2323      696E742E 
 2323      6800
 2324 0256 07       		.uleb128 0x7
 2325 0257 00       		.uleb128 0
 2326 0258 00       		.uleb128 0
 2327 0259 63687479 		.ascii	"chtypes.h\000"
 2327      7065732E 
 2327      6800
 2328 0263 03       		.uleb128 0x3
 2329 0264 00       		.uleb128 0
 2330 0265 00       		.uleb128 0
 2331 0266 63686561 		.ascii	"chearly.h\000"
 2331      726C792E 
 2331      6800
ARM GAS  C:\Users\acest\AppData\Local\Temp\ccNY0j1l.s 			page 43


 2332 0270 05       		.uleb128 0x5
 2333 0271 00       		.uleb128 0
 2334 0272 00       		.uleb128 0
 2335 0273 63686F62 		.ascii	"chobjects.h\000"
 2335      6A656374 
 2335      732E6800 
 2336 027f 05       		.uleb128 0x5
 2337 0280 00       		.uleb128 0
 2338 0281 00       		.uleb128 0
 2339 0282 63687266 		.ascii	"chrfcu.h\000"
 2339      63752E68 
 2339      00
 2340 028b 05       		.uleb128 0x5
 2341 028c 00       		.uleb128 0
 2342 028d 00       		.uleb128 0
 2343 028e 63686465 		.ascii	"chdebug.h\000"
 2343      6275672E 
 2343      6800
 2344 0298 05       		.uleb128 0x5
 2345 0299 00       		.uleb128 0
 2346 029a 00       		.uleb128 0
 2347 029b 63687469 		.ascii	"chtime.h\000"
 2347      6D652E68 
 2347      00
 2348 02a4 05       		.uleb128 0x5
 2349 02a5 00       		.uleb128 0
 2350 02a6 00       		.uleb128 0
 2351 02a7 63686C69 		.ascii	"chlists.h\000"
 2351      7374732E 
 2351      6800
 2352 02b1 05       		.uleb128 0x5
 2353 02b2 00       		.uleb128 0
 2354 02b3 00       		.uleb128 0
 2355 02b4 6368636F 		.ascii	"chcore.h\000"
 2355      72652E68 
 2355      00
 2356 02bd 04       		.uleb128 0x4
 2357 02be 00       		.uleb128 0
 2358 02bf 00       		.uleb128 0
 2359 02c0 6368746D 		.ascii	"chtm.h\000"
 2359      2E6800
 2360 02c7 05       		.uleb128 0x5
 2361 02c8 00       		.uleb128 0
 2362 02c9 00       		.uleb128 0
 2363 02ca 63687365 		.ascii	"chsem.h\000"
 2363      6D2E6800 
 2364 02d2 05       		.uleb128 0x5
 2365 02d3 00       		.uleb128 0
 2366 02d4 00       		.uleb128 0
 2367 02d5 63686D74 		.ascii	"chmtx.h\000"
 2367      782E6800 
 2368 02dd 05       		.uleb128 0x5
 2369 02de 00       		.uleb128 0
 2370 02df 00       		.uleb128 0
 2371 02e0 63687265 		.ascii	"chregistry.h\000"
 2371      67697374 
 2371      72792E68 
ARM GAS  C:\Users\acest\AppData\Local\Temp\ccNY0j1l.s 			page 44


 2371      00
 2372 02ed 05       		.uleb128 0x5
 2373 02ee 00       		.uleb128 0
 2374 02ef 00       		.uleb128 0
 2375 02f0 63687265 		.ascii	"chregistry.c\000"
 2375      67697374 
 2375      72792E63 
 2375      00
 2376 02fd 01       		.uleb128 0x1
 2377 02fe 00       		.uleb128 0
 2378 02ff 00       		.uleb128 0
 2379 0300 63687468 		.ascii	"chthreads.h\000"
 2379      72656164 
 2379      732E6800 
 2380 030c 05       		.uleb128 0x5
 2381 030d 00       		.uleb128 0
 2382 030e 00       		.uleb128 0
 2383 030f 63687379 		.ascii	"chsys.h\000"
 2383      732E6800 
 2384 0317 05       		.uleb128 0x5
 2385 0318 00       		.uleb128 0
 2386 0319 00       		.uleb128 0
 2387 031a 636D7369 		.ascii	"cmsis_gcc.h\000"
 2387      735F6763 
 2387      632E6800 
 2388 0326 02       		.uleb128 0x2
 2389 0327 00       		.uleb128 0
 2390 0328 00       		.uleb128 0
 2391 0329 00       		.byte	0
 2392              	.LELTP0:
 2393              	.LELT0:
 2394              		.section	.gnu.debuglto_.debug_str,"eMS",%progbits,1
 2395              	.LASF117:
 2396 0000 72656164 		.ascii	"ready_list_t\000"
 2396      795F6C69 
 2396      73745F74 
 2396      00
 2397              	.LASF55:
 2398 000d 72666375 		.ascii	"rfcu\000"
 2398      00
 2399              	.LASF4:
 2400 0012 73697A65 		.ascii	"size_t\000"
 2400      5F7400
 2401              	.LASF155:
 2402 0019 6F66665F 		.ascii	"off_inst_rlist\000"
 2402      696E7374 
 2402      5F726C69 
 2402      737400
 2403              	.LASF78:
 2404 0028 64656C74 		.ascii	"delta\000"
 2404      6100
 2405              	.LASF105:
 2406 002e 7264796D 		.ascii	"rdymsg\000"
 2406      736700
 2407              	.LASF21:
 2408 0035 75696E74 		.ascii	"uint64_t\000"
 2408      36345F74 
ARM GAS  C:\Users\acest\AppData\Local\Temp\ccNY0j1l.s 			page 45


 2408      00
 2409              	.LASF5:
 2410 003e 5F5F7569 		.ascii	"__uint8_t\000"
 2410      6E74385F 
 2410      7400
 2411              	.LASF72:
 2412 0048 70726576 		.ascii	"prev\000"
 2412      00
 2413              	.LASF82:
 2414 004d 706F7274 		.ascii	"port_intctx\000"
 2414      5F696E74 
 2414      63747800 
 2415              	.LASF64:
 2416 0059 73797374 		.ascii	"system_debug_t\000"
 2416      656D5F64 
 2416      65627567 
 2416      5F7400
 2417              	.LASF54:
 2418 0068 636F7265 		.ascii	"core_id\000"
 2418      5F696400 
 2419              	.LASF73:
 2420 0070 63685F70 		.ascii	"ch_priority_queue_t\000"
 2420      72696F72 
 2420      6974795F 
 2420      71756575 
 2420      655F7400 
 2421              	.LASF123:
 2422 0084 6F735F69 		.ascii	"os_instance_config_t\000"
 2422      6E737461 
 2422      6E63655F 
 2422      636F6E66 
 2422      69675F74 
 2423              	.LASF152:
 2424 0099 6F66665F 		.ascii	"off_sys_rfcu\000"
 2424      7379735F 
 2424      72666375 
 2424      00
 2425              	.LASF15:
 2426 00a6 6C6F6E67 		.ascii	"long long unsigned int\000"
 2426      206C6F6E 
 2426      6720756E 
 2426      7369676E 
 2426      65642069 
 2427              	.LASF91:
 2428 00bd 63685F73 		.ascii	"ch_sys_running\000"
 2428      79735F72 
 2428      756E6E69 
 2428      6E6700
 2429              	.LASF106:
 2430 00cc 65786974 		.ascii	"exitcode\000"
 2430      636F6465 
 2430      00
 2431              	.LASF57:
 2432 00d5 6D61696E 		.ascii	"mainthread\000"
 2432      74687265 
 2432      616400
 2433              	.LASF109:
ARM GAS  C:\Users\acest\AppData\Local\Temp\ccNY0j1l.s 			page 46


 2434 00e0 73656E74 		.ascii	"sentmsg\000"
 2434      6D736700 
 2435              	.LASF168:
 2436 00e8 63685265 		.ascii	"chRegFirstThread\000"
 2436      67466972 
 2436      73745468 
 2436      72656164 
 2436      00
 2437              	.LASF69:
 2438 00f9 6E657874 		.ascii	"next\000"
 2438      00
 2439              	.LASF41:
 2440 00fe 72656673 		.ascii	"refs\000"
 2440      00
 2441              	.LASF1:
 2442 0103 6C6F6E67 		.ascii	"long long int\000"
 2442      206C6F6E 
 2442      6720696E 
 2442      7400
 2443              	.LASF3:
 2444 0111 7369676E 		.ascii	"signed char\000"
 2444      65642063 
 2444      68617200 
 2445              	.LASF90:
 2446 011d 63685F73 		.ascii	"ch_sys_initializing\000"
 2446      79735F69 
 2446      6E697469 
 2446      616C697A 
 2446      696E6700 
 2447              	.LASF164:
 2448 0131 63685265 		.ascii	"chRegFindThreadByWorkingArea\000"
 2448      6746696E 
 2448      64546872 
 2448      65616442 
 2448      79576F72 
 2449              	.LASF175:
 2450 014e 62617365 		.ascii	"basePri\000"
 2450      50726900 
 2451              	.LASF52:
 2452 0156 76746C69 		.ascii	"vtlist\000"
 2452      737400
 2453              	.LASF173:
 2454 015d 706F7274 		.ascii	"port_unlock\000"
 2454      5F756E6C 
 2454      6F636B00 
 2455              	.LASF43:
 2456 0169 6D736771 		.ascii	"msgqueue\000"
 2456      75657565 
 2456      00
 2457              	.LASF132:
 2458 0172 74696D65 		.ascii	"timesize\000"
 2458      73697A65 
 2458      00
 2459              	.LASF39:
 2460 017b 73746174 		.ascii	"state\000"
 2460      6500
 2461              	.LASF11:
ARM GAS  C:\Users\acest\AppData\Local\Temp\ccNY0j1l.s 			page 47


 2462 0181 6C6F6E67 		.ascii	"long int\000"
 2462      20696E74 
 2462      00
 2463              	.LASF27:
 2464 018a 74737461 		.ascii	"tstate_t\000"
 2464      74655F74 
 2464      00
 2465              	.LASF59:
 2466 0193 63685F72 		.ascii	"ch_rfcu\000"
 2466      66637500 
 2467              	.LASF71:
 2468 019b 63685F71 		.ascii	"ch_queue\000"
 2468      75657565 
 2468      00
 2469              	.LASF127:
 2470 01a4 6964656E 		.ascii	"identifier\000"
 2470      74696669 
 2470      657200
 2471              	.LASF18:
 2472 01af 75696E74 		.ascii	"uint16_t\000"
 2472      31365F74 
 2472      00
 2473              	.LASF76:
 2474 01b8 63685F64 		.ascii	"ch_delta_list_t\000"
 2474      656C7461 
 2474      5F6C6973 
 2474      745F7400 
 2475              	.LASF143:
 2476 01c8 6F66665F 		.ascii	"off_preempt\000"
 2476      70726565 
 2476      6D707400 
 2477              	.LASF99:
 2478 01d4 63685F72 		.ascii	"ch_registry\000"
 2478      65676973 
 2478      74727900 
 2479              	.LASF165:
 2480 01e0 63685265 		.ascii	"chRegFindThreadByPointer\000"
 2480      6746696E 
 2480      64546872 
 2480      65616442 
 2480      79506F69 
 2481              	.LASF178:
 2482 01f9 433A5C55 		.ascii	"C:\\Users\\acest\\Desktop\\R.A.C.E\\race_project\000"
 2482      73657273 
 2482      5C616365 
 2482      73745C44 
 2482      65736B74 
 2483              	.LASF12:
 2484 0225 5F5F7569 		.ascii	"__uint32_t\000"
 2484      6E743332 
 2484      5F7400
 2485              	.LASF60:
 2486 0230 6D61736B 		.ascii	"mask\000"
 2486      00
 2487              	.LASF70:
 2488 0235 63685F71 		.ascii	"ch_queue_t\000"
 2488      75657565 
ARM GAS  C:\Users\acest\AppData\Local\Temp\ccNY0j1l.s 			page 48


 2488      5F7400
 2489              	.LASF62:
 2490 0240 63685F73 		.ascii	"ch_system_debug\000"
 2490      79737465 
 2490      6D5F6465 
 2490      62756700 
 2491              	.LASF42:
 2492 0250 77616974 		.ascii	"waiting\000"
 2492      696E6700 
 2493              	.LASF145:
 2494 0258 6F66665F 		.ascii	"off_reserved\000"
 2494      72657365 
 2494      72766564 
 2494      00
 2495              	.LASF128:
 2496 0265 7A65726F 		.ascii	"zero\000"
 2496      00
 2497              	.LASF162:
 2498 026a 6D757465 		.ascii	"mutex_t\000"
 2498      785F7400 
 2499              	.LASF66:
 2500 0272 73797369 		.ascii	"sysinterval_t\000"
 2500      6E746572 
 2500      76616C5F 
 2500      7400
 2501              	.LASF32:
 2502 0280 636E745F 		.ascii	"cnt_t\000"
 2502      7400
 2503              	.LASF159:
 2504 0286 6F66665F 		.ascii	"off_inst_rfcu\000"
 2504      696E7374 
 2504      5F726663 
 2504      7500
 2505              	.LASF0:
 2506 0294 756E7369 		.ascii	"unsigned int\000"
 2506      676E6564 
 2506      20696E74 
 2506      00
 2507              	.LASF80:
 2508 02a1 6C725F74 		.ascii	"lr_thd\000"
 2508      686400
 2509              	.LASF125:
 2510 02a8 696E7374 		.ascii	"instances\000"
 2510      616E6365 
 2510      7300
 2511              	.LASF110:
 2512 02b2 77747365 		.ascii	"wtsemp\000"
 2512      6D7000
 2513              	.LASF108:
 2514 02b9 77747472 		.ascii	"wttrp\000"
 2514      7000
 2515              	.LASF35:
 2516 02bf 72717565 		.ascii	"rqueue\000"
 2516      756500
 2517              	.LASF161:
 2518 02c6 63685F64 		.ascii	"ch_debug\000"
 2518      65627567 
ARM GAS  C:\Users\acest\AppData\Local\Temp\ccNY0j1l.s 			page 49


 2518      00
 2519              	.LASF37:
 2520 02cf 6E616D65 		.ascii	"name\000"
 2520      00
 2521              	.LASF176:
 2522 02d4 474E5520 		.ascii	"GNU C17 10.3.1 20210824 (release) -mcpu=cortex-m4 -"
 2522      43313720 
 2522      31302E33 
 2522      2E312032 
 2522      30323130 
 2523 0307 6D746875 		.ascii	"mthumb -mfloat-abi=soft -march=armv7e-m -ggdb -O2 -"
 2523      6D62202D 
 2523      6D666C6F 
 2523      61742D61 
 2523      62693D73 
 2524 033a 666F6D69 		.ascii	"fomit-frame-pointer -falign-functions=16 -ffunction"
 2524      742D6672 
 2524      616D652D 
 2524      706F696E 
 2524      74657220 
 2525 036d 2D736563 		.ascii	"-sections -fdata-sections -fno-common -flto\000"
 2525      74696F6E 
 2525      73202D66 
 2525      64617461 
 2525      2D736563 
 2526              	.LASF100:
 2527 0399 71756575 		.ascii	"queue\000"
 2527      6500
 2528              	.LASF156:
 2529 039f 6F66665F 		.ascii	"off_inst_vtlist\000"
 2529      696E7374 
 2529      5F76746C 
 2529      69737400 
 2530              	.LASF47:
 2531 03af 6D706F6F 		.ascii	"mpool\000"
 2531      6C00
 2532              	.LASF129:
 2533 03b5 73697A65 		.ascii	"size\000"
 2533      00
 2534              	.LASF142:
 2535 03ba 6F66665F 		.ascii	"off_refs\000"
 2535      72656673 
 2535      00
 2536              	.LASF49:
 2537 03c3 63685F74 		.ascii	"ch_thread\000"
 2537      68726561 
 2537      6400
 2538              	.LASF86:
 2539 03cd 72656773 		.ascii	"regs\000"
 2539      00
 2540              	.LASF147:
 2541 03d2 696E7465 		.ascii	"intervalsize\000"
 2541      7276616C 
 2541      73697A65 
 2541      00
 2542              	.LASF44:
 2543 03df 6570656E 		.ascii	"epending\000"
ARM GAS  C:\Users\acest\AppData\Local\Temp\ccNY0j1l.s 			page 50


 2543      64696E67 
 2543      00
 2544              	.LASF126:
 2545 03e8 63685F73 		.ascii	"ch_system_t\000"
 2545      79737465 
 2545      6D5F7400 
 2546              	.LASF135:
 2547 03f4 6F66665F 		.ascii	"off_ctx\000"
 2547      63747800 
 2548              	.LASF26:
 2549 03fc 746D6F64 		.ascii	"tmode_t\000"
 2549      655F7400 
 2550              	.LASF68:
 2551 0404 63685F6C 		.ascii	"ch_list\000"
 2551      69737400 
 2552              	.LASF115:
 2553 040c 63685F72 		.ascii	"ch_ready_list\000"
 2553      65616479 
 2553      5F6C6973 
 2553      7400
 2554              	.LASF31:
 2555 041a 6576656E 		.ascii	"eventmask_t\000"
 2555      746D6173 
 2555      6B5F7400 
 2556              	.LASF138:
 2557 0426 6F66665F 		.ascii	"off_name\000"
 2557      6E616D65 
 2557      00
 2558              	.LASF84:
 2559 042f 6C725F65 		.ascii	"lr_exc\000"
 2559      786300
 2560              	.LASF98:
 2561 0436 76697274 		.ascii	"virtual_timers_list_t\000"
 2561      75616C5F 
 2561      74696D65 
 2561      72735F6C 
 2561      6973745F 
 2562              	.LASF25:
 2563 044c 73746B61 		.ascii	"stkalign_t\000"
 2563      6C69676E 
 2563      5F7400
 2564              	.LASF121:
 2565 0457 69646C65 		.ascii	"idlethread_base\000"
 2565      74687265 
 2565      61645F62 
 2565      61736500 
 2566              	.LASF97:
 2567 0467 6C617374 		.ascii	"laststamp\000"
 2567      7374616D 
 2567      7000
 2568              	.LASF46:
 2569 0471 7265616C 		.ascii	"realprio\000"
 2569      7072696F 
 2569      00
 2570              	.LASF130:
 2571 047a 76657273 		.ascii	"version\000"
 2571      696F6E00 
ARM GAS  C:\Users\acest\AppData\Local\Temp\ccNY0j1l.s 			page 51


 2572              	.LASF58:
 2573 0482 72666375 		.ascii	"rfcu_mask_t\000"
 2573      5F6D6173 
 2573      6B5F7400 
 2574              	.LASF24:
 2575 048e 7274636E 		.ascii	"rtcnt_t\000"
 2575      745F7400 
 2576              	.LASF102:
 2577 0496 74687265 		.ascii	"thread_reference_t\000"
 2577      61645F72 
 2577      65666572 
 2577      656E6365 
 2577      5F7400
 2578              	.LASF94:
 2579 04a9 63685F76 		.ascii	"ch_virtual_timers_list\000"
 2579      69727475 
 2579      616C5F74 
 2579      696D6572 
 2579      735F6C69 
 2580              	.LASF2:
 2581 04c0 6C6F6E67 		.ascii	"long double\000"
 2581      20646F75 
 2581      626C6500 
 2582              	.LASF67:
 2583 04cc 63685F6C 		.ascii	"ch_list_t\000"
 2583      6973745F 
 2583      7400
 2584              	.LASF136:
 2585 04d6 6F66665F 		.ascii	"off_newer\000"
 2585      6E657765 
 2585      7200
 2586              	.LASF150:
 2587 04e0 6F66665F 		.ascii	"off_sys_instances\000"
 2587      7379735F 
 2587      696E7374 
 2587      616E6365 
 2587      7300
 2588              	.LASF22:
 2589 04f2 706F7274 		.ascii	"port_rtcnt_t\000"
 2589      5F727463 
 2589      6E745F74 
 2589      00
 2590              	.LASF118:
 2591 04ff 63685F6F 		.ascii	"ch_os_instance_config\000"
 2591      735F696E 
 2591      7374616E 
 2591      63655F63 
 2591      6F6E6669 
 2592              	.LASF85:
 2593 0515 706F7274 		.ascii	"port_context\000"
 2593      5F636F6E 
 2593      74657874 
 2593      00
 2594              	.LASF79:
 2595 0522 706F7274 		.ascii	"port_extctx\000"
 2595      5F657874 
 2595      63747800 
ARM GAS  C:\Users\acest\AppData\Local\Temp\ccNY0j1l.s 			page 52


 2596              	.LASF88:
 2597 052e 746D5F63 		.ascii	"tm_calibration_t\000"
 2597      616C6962 
 2597      72617469 
 2597      6F6E5F74 
 2597      00
 2598              	.LASF75:
 2599 053f 7072696F 		.ascii	"prio\000"
 2599      00
 2600              	.LASF83:
 2601 0544 62617365 		.ascii	"basepri\000"
 2601      70726900 
 2602              	.LASF116:
 2603 054c 63757272 		.ascii	"current\000"
 2603      656E7400 
 2604              	.LASF151:
 2605 0554 6F66665F 		.ascii	"off_sys_reglist\000"
 2605      7379735F 
 2605      7265676C 
 2605      69737400 
 2606              	.LASF14:
 2607 0564 5F5F7569 		.ascii	"__uint64_t\000"
 2607      6E743634 
 2607      5F7400
 2608              	.LASF166:
 2609 056f 63685265 		.ascii	"chRegFindThreadByName\000"
 2609      6746696E 
 2609      64546872 
 2609      65616442 
 2609      794E616D 
 2610              	.LASF33:
 2611 0585 636F7265 		.ascii	"core_id_t\000"
 2611      5F69645F 
 2611      7400
 2612              	.LASF28:
 2613 058f 74726566 		.ascii	"trefs_t\000"
 2613      735F7400 
 2614              	.LASF160:
 2615 0597 63686465 		.ascii	"chdebug_t\000"
 2615      6275675F 
 2615      7400
 2616              	.LASF30:
 2617 05a1 6D73675F 		.ascii	"msg_t\000"
 2617      7400
 2618              	.LASF29:
 2619 05a7 74707269 		.ascii	"tprio_t\000"
 2619      6F5F7400 
 2620              	.LASF153:
 2621 05af 6F66665F 		.ascii	"off_sys_reserved\000"
 2621      7379735F 
 2621      72657365 
 2621      72766564 
 2621      00
 2622              	.LASF133:
 2623 05c0 74687265 		.ascii	"threadsize\000"
 2623      61647369 
 2623      7A6500
ARM GAS  C:\Users\acest\AppData\Local\Temp\ccNY0j1l.s 			page 53


 2624              	.LASF163:
 2625 05cb 5F426F6F 		.ascii	"_Bool\000"
 2625      6C00
 2626              	.LASF19:
 2627 05d1 696E7433 		.ascii	"int32_t\000"
 2627      325F7400 
 2628              	.LASF6:
 2629 05d9 756E7369 		.ascii	"unsigned char\000"
 2629      676E6564 
 2629      20636861 
 2629      7200
 2630              	.LASF134:
 2631 05e7 6F66665F 		.ascii	"off_prio\000"
 2631      7072696F 
 2631      00
 2632              	.LASF139:
 2633 05f0 6F66665F 		.ascii	"off_stklimit\000"
 2633      73746B6C 
 2633      696D6974 
 2633      00
 2634              	.LASF61:
 2635 05fd 72666375 		.ascii	"rfcu_t\000"
 2635      5F7400
 2636              	.LASF7:
 2637 0604 73686F72 		.ascii	"short int\000"
 2637      7420696E 
 2637      7400
 2638              	.LASF96:
 2639 060e 6C617374 		.ascii	"lasttime\000"
 2639      74696D65 
 2639      00
 2640              	.LASF170:
 2641 0617 63685468 		.ascii	"chThdGetWorkingAreaX\000"
 2641      64476574 
 2641      576F726B 
 2641      696E6741 
 2641      72656158 
 2642              	.LASF81:
 2643 062c 78707372 		.ascii	"xpsr\000"
 2643      00
 2644              	.LASF112:
 2645 0631 65776D61 		.ascii	"ewmask\000"
 2645      736B00
 2646              	.LASF124:
 2647 0638 63685F73 		.ascii	"ch_system\000"
 2647      79737465 
 2647      6D00
 2648              	.LASF171:
 2649 0642 5F5F6675 		.ascii	"__func__\000"
 2649      6E635F5F 
 2649      00
 2650              	.LASF172:
 2651 064b 63685379 		.ascii	"chSysLock\000"
 2651      734C6F63 
 2651      6B00
 2652              	.LASF158:
 2653 0655 6F66665F 		.ascii	"off_inst_core_id\000"
ARM GAS  C:\Users\acest\AppData\Local\Temp\ccNY0j1l.s 			page 54


 2653      696E7374 
 2653      5F636F72 
 2653      655F6964 
 2653      00
 2654              	.LASF113:
 2655 0666 63685F73 		.ascii	"ch_semaphore\000"
 2655      656D6170 
 2655      686F7265 
 2655      00
 2656              	.LASF144:
 2657 0673 6F66665F 		.ascii	"off_time\000"
 2657      74696D65 
 2657      00
 2658              	.LASF101:
 2659 067c 72656769 		.ascii	"registry_t\000"
 2659      73747279 
 2659      5F7400
 2660              	.LASF20:
 2661 0687 75696E74 		.ascii	"uint32_t\000"
 2661      33325F74 
 2661      00
 2662              	.LASF111:
 2663 0690 77746D74 		.ascii	"wtmtxp\000"
 2663      787000
 2664              	.LASF23:
 2665 0697 706F7274 		.ascii	"port_stkalign_t\000"
 2665      5F73746B 
 2665      616C6967 
 2665      6E5F7400 
 2666              	.LASF36:
 2667 06a7 6F776E65 		.ascii	"owner\000"
 2667      7200
 2668              	.LASF169:
 2669 06ad 63685265 		.ascii	"chRegGetThreadNameX\000"
 2669      67476574 
 2669      54687265 
 2669      61644E61 
 2669      6D655800 
 2670              	.LASF13:
 2671 06c1 6C6F6E67 		.ascii	"long unsigned int\000"
 2671      20756E73 
 2671      69676E65 
 2671      6420696E 
 2671      7400
 2672              	.LASF38:
 2673 06d3 77616261 		.ascii	"wabase\000"
 2673      736500
 2674              	.LASF16:
 2675 06da 63686172 		.ascii	"char\000"
 2675      00
 2676              	.LASF167:
 2677 06df 63685265 		.ascii	"chRegNextThread\000"
 2677      674E6578 
 2677      74546872 
 2677      65616400 
 2678              	.LASF89:
 2679 06ef 63685F73 		.ascii	"ch_sys_uninit\000"
ARM GAS  C:\Users\acest\AppData\Local\Temp\ccNY0j1l.s 			page 55


 2679      79735F75 
 2679      6E696E69 
 2679      7400
 2680              	.LASF56:
 2681 06fd 636F6E66 		.ascii	"config\000"
 2681      696700
 2682              	.LASF8:
 2683 0704 5F5F7569 		.ascii	"__uint16_t\000"
 2683      6E743136 
 2683      5F7400
 2684              	.LASF34:
 2685 070f 74687265 		.ascii	"thread_t\000"
 2685      61645F74 
 2685      00
 2686              	.LASF95:
 2687 0718 646C6973 		.ascii	"dlist\000"
 2687      7400
 2688              	.LASF65:
 2689 071e 73797374 		.ascii	"systime_t\000"
 2689      696D655F 
 2689      7400
 2690              	.LASF177:
 2691 0728 2E2E2F2E 		.ascii	"../../../../../ChibiStudio/chibios2111/os/rt/src/ch"
 2691      2E2F2E2E 
 2691      2F2E2E2F 
 2691      2E2E2F43 
 2691      68696269 
 2692 075b 72656769 		.ascii	"registry.c\000"
 2692      73747279 
 2692      2E6300
 2693              	.LASF10:
 2694 0766 5F5F696E 		.ascii	"__int32_t\000"
 2694      7433325F 
 2694      7400
 2695              	.LASF180:
 2696 0770 5F5F7365 		.ascii	"__set_BASEPRI\000"
 2696      745F4241 
 2696      53455052 
 2696      4900
 2697              	.LASF63:
 2698 077e 70616E69 		.ascii	"panic_msg\000"
 2698      635F6D73 
 2698      6700
 2699              	.LASF104:
 2700 0788 70717565 		.ascii	"pqueue\000"
 2700      756500
 2701              	.LASF50:
 2702 078f 63685F6F 		.ascii	"ch_os_instance\000"
 2702      735F696E 
 2702      7374616E 
 2702      636500
 2703              	.LASF87:
 2704 079e 6F666673 		.ascii	"offset\000"
 2704      657400
 2705              	.LASF48:
 2706 07a5 6F735F69 		.ascii	"os_instance_t\000"
 2706      6E737461 
ARM GAS  C:\Users\acest\AppData\Local\Temp\ccNY0j1l.s 			page 56


 2706      6E63655F 
 2706      7400
 2707              	.LASF137:
 2708 07b3 6F66665F 		.ascii	"off_older\000"
 2708      6F6C6465 
 2708      7200
 2709              	.LASF119:
 2710 07bd 6D61696E 		.ascii	"mainthread_base\000"
 2710      74687265 
 2710      61645F62 
 2710      61736500 
 2711              	.LASF9:
 2712 07cd 73686F72 		.ascii	"short unsigned int\000"
 2712      7420756E 
 2712      7369676E 
 2712      65642069 
 2712      6E7400
 2713              	.LASF92:
 2714 07e0 63685F73 		.ascii	"ch_sys_halted\000"
 2714      79735F68 
 2714      616C7465 
 2714      6400
 2715              	.LASF74:
 2716 07ee 63685F70 		.ascii	"ch_priority_queue\000"
 2716      72696F72 
 2716      6974795F 
 2716      71756575 
 2716      6500
 2717              	.LASF120:
 2718 0800 6D61696E 		.ascii	"mainthread_end\000"
 2718      74687265 
 2718      61645F65 
 2718      6E6400
 2719              	.LASF146:
 2720 080f 696E7463 		.ascii	"intctxsize\000"
 2720      74787369 
 2720      7A6500
 2721              	.LASF131:
 2722 081a 70747273 		.ascii	"ptrsize\000"
 2722      697A6500 
 2723              	.LASF114:
 2724 0822 63685F6D 		.ascii	"ch_mutex\000"
 2724      75746578 
 2724      00
 2725              	.LASF77:
 2726 082b 63685F64 		.ascii	"ch_delta_list\000"
 2726      656C7461 
 2726      5F6C6973 
 2726      7400
 2727              	.LASF149:
 2728 0839 6F66665F 		.ascii	"off_sys_state\000"
 2728      7379735F 
 2728      73746174 
 2728      6500
 2729              	.LASF51:
 2730 0847 726C6973 		.ascii	"rlist\000"
 2730      7400
ARM GAS  C:\Users\acest\AppData\Local\Temp\ccNY0j1l.s 			page 57


 2731              	.LASF17:
 2732 084d 75696E74 		.ascii	"uint8_t\000"
 2732      385F7400 
 2733              	.LASF40:
 2734 0855 666C6167 		.ascii	"flags\000"
 2734      7300
 2735              	.LASF154:
 2736 085b 6F66665F 		.ascii	"off_inst_rlist_current\000"
 2736      696E7374 
 2736      5F726C69 
 2736      73745F63 
 2736      75727265 
 2737              	.LASF141:
 2738 0872 6F66665F 		.ascii	"off_flags\000"
 2738      666C6167 
 2738      7300
 2739              	.LASF107:
 2740 087c 77746F62 		.ascii	"wtobjp\000"
 2740      6A7000
 2741              	.LASF53:
 2742 0883 7265676C 		.ascii	"reglist\000"
 2742      69737400 
 2743              	.LASF140:
 2744 088b 6F66665F 		.ascii	"off_state\000"
 2744      73746174 
 2744      6500
 2745              	.LASF157:
 2746 0895 6F66665F 		.ascii	"off_inst_reglist\000"
 2746      696E7374 
 2746      5F726567 
 2746      6C697374 
 2746      00
 2747              	.LASF179:
 2748 08a6 63685379 		.ascii	"chSysUnlock\000"
 2748      73556E6C 
 2748      6F636B00 
 2749              	.LASF148:
 2750 08b2 696E7374 		.ascii	"instancesnum\000"
 2750      616E6365 
 2750      736E756D 
 2750      00
 2751              	.LASF103:
 2752 08bf 6C697374 		.ascii	"list\000"
 2752      00
 2753              	.LASF93:
 2754 08c4 73797374 		.ascii	"system_state_t\000"
 2754      656D5F73 
 2754      74617465 
 2754      5F7400
 2755              	.LASF174:
 2756 08d3 706F7274 		.ascii	"port_lock\000"
 2756      5F6C6F63 
 2756      6B00
 2757              	.LASF122:
 2758 08dd 69646C65 		.ascii	"idlethread_end\000"
 2758      74687265 
 2758      61645F65 
ARM GAS  C:\Users\acest\AppData\Local\Temp\ccNY0j1l.s 			page 58


 2758      6E6400
 2759              	.LASF45:
 2760 08ec 6D74786C 		.ascii	"mtxlist\000"
 2760      69737400 
 2761              		.text
 2762              		.section	.gnu.lto_.profile.b3bfa28b,"e",%progbits
 2763 0000 789C6362 		.ascii	"x\234cb\000\001\000\000\022\000\003"
 2763      00010000 
 2763      120003
 2764              		.text
 2765              		.section	.gnu.lto_.icf.b3bfa28b,"e",%progbits
 2766 0000 789C5363 		.ascii	"x\234Sc@\0006\206\263K^uq15?>\263\230\217\371\362\234"
 2766      40003686 
 2766      B34B5E75 
 2766      7131353F 
 2766      3EB3988F 
 2767 0017 DDCB5959 		.ascii	"\335\313YY\246\264M\334\302\316zp\316\372\333\274l\247"
 2767      A6B44DDC 
 2767      C2CE7A70 
 2767      CEFADBBC 
 2767      6CA7
 2768 0029 D74C6DE3 		.ascii	"\327Lm\343f\000\000S9\020\340"
 2768      66000053 
 2768      3910E0
 2769              		.text
 2770              		.section	.gnu.lto_.ipa_sra.b3bfa28b,"e",%progbits
 2771 0000 789C458B 		.ascii	"x\234E\213A\012\000 \014\303R;\321O\3717\237\356\034"
 2771      410A0020 
 2771      0CC3523B 
 2771      D14FF937 
 2771      9FEE1C
 2772 0013 883D9490 		.ascii	"\210=\224\220\322\305O\0077%\204\245\035 \213\311\260"
 2772      D2C54F07 
 2772      372584A5 
 2772      1D208BC9 
 2772      B0
 2773 0024 6A6EB7CA 		.ascii	"jn\267\312\023e\234\227\007\034?\360\001\206"
 2773      13659C97 
 2773      071C3FF0 
 2773      0186
 2774              		.text
 2775              		.section	.gnu.lto_.inline.b3bfa28b,"e",%progbits
 2776 0000 789CBBC6 		.ascii	"x\234\273\306\200\000\254\014\014\\\015\015\015\013"
 2776      8000AC0C 
 2776      0C5C0D0D 
 2776      0D0B
 2777 000e 98D21819 		.ascii	"\230\322\030\031\230\370\200\254\003\314\251\014\014"
 2777      98F880AC 
 2777      03CCA90C 
 2777      0C
 2778 001b 6C404603 		.ascii	"l@F\003S\012\023\003\023P\011\023\003\337\364M\273\257"
 2778      530A1303 
 2778      13500913 
 2778      03DFF44D 
 2778      BBAF
 2779 002d 31A50355 		.ascii	"1\245\003U\010\3369\361\366'H\005;H)\\\0057\220`\234"
 2779      08DE39F1 
ARM GAS  C:\Users\acest\AppData\Local\Temp\ccNY0j1l.s 			page 59


 2779      F6274805 
 2779      3B48295C 
 2779      05379060 
 2780 0042 E0C7CC20 		.ascii	"\340\307\314 \266\356\363\274YL\331@\225\022\037o\334"
 2780      B6EEF3BC 
 2780      594CD940 
 2780      95121F6F 
 2780      DC
 2781 0053 58CA9C01 		.ascii	"X\312\234\0014\253\025\311,f\036F\260J\026^ \3154\301"
 2781      34AB15C9 
 2781      2C661E46 
 2781      B04A165E 
 2781      20CD34C1 
 2782 0067 6F2D070B 		.ascii	"o-\007\013\203\340\313K\367\3261e\001\365\210]X\367"
 2782      83E0CB4B 
 2782      F7D63165 
 2782      01F5885D 
 2782      58F7
 2783 0079 E516132E 		.ascii	"\345\026\023.=\254\014B\233\356n?\010V\211\337t\006"
 2783      3DAC0C42 
 2783      9BEE6E3F 
 2783      085689DF 
 2783      7406
 2784 008b 0066E235 		.ascii	"\000f\3425x"
 2784      78
 2785              		.text
 2786              		.section	.gnu.lto_.jmpfuncs.b3bfa28b,"e",%progbits
 2787 0000 789C9BC0 		.ascii	"x\234\233\300\200\000\254@\314\304\310\310X\277\204"
 2787      8000AC40 
 2787      CCC4C8C8 
 2787      58BF84
 2788 000f 998189A5 		.ascii	"\231\201\211\245\016\310c<\300\302\310\000\304\377\201"
 2788      0EC8633C 
 2788      C0C2C800 
 2788      C4FF81
 2789 001e 809F8119 		.ascii	"\200\237\201\031(\307\270\204\231\221\011]\202\005C"
 2789      28C7B884 
 2789      9991095D 
 2789      820543
 2790 002d 0053330B 		.ascii	"\000S3\013\314`t\011V\210\004\023\206\004\003\000`n"
 2790      CC607409 
 2790      56880413 
 2790      86040300 
 2790      606E
 2791 003f 2761     		.ascii	"'a"
 2792              		.text
 2793              		.section	.gnu.lto_.pureconst.b3bfa28b,"e",%progbits
 2794 0000 789C1360 		.ascii	"x\234\023````e\330\305\312\264\213\225y\027+\313.V\326"
 2794      60606065 
 2794      D8C5CAB4 
 2794      8B957917 
 2794      2BCB2E56 
 2795 0015 5DAC001F 		.ascii	"]\254\000\037\275\003\337"
 2795      BD03DF
 2796              		.text
 2797              		.section	.gnu.lto_.lto.b3bfa28b,"e",%progbits
 2798 0000 09000400 		.ascii	"\011\000\004\000\001\000\000\000"
ARM GAS  C:\Users\acest\AppData\Local\Temp\ccNY0j1l.s 			page 60


 2798      01000000 
 2799              		.text
 2800              		.section	.gnu.lto_ch_debug.335.b3bfa28b,"e",%progbits
 2801 0000 789C65D1 		.ascii	"x\234e\321=RB1\024\206\341|7A\020P@\020\025\177\300"
 2801      3D524231 
 2801      1486E17C 
 2801      37411050 
 2801      4010157F 
 2802 0015 8E8282C2 		.ascii	"\216\202\202\302\002g\330\014%\005\254\301a,\254\255"
 2802      0267D80C 
 2802      2505ACC1 
 2802      612CACAD 
 2803 0025 A5BB0BB0 		.ascii	"\245\273\013\260\000\177P@\020\024g\224\265\260\004"
 2803      007F5040 
 2803      10146794 
 2803      B5B004
 2804 0034 3F0EE349 		.ascii	"?\016\343I\341-\236y\347\344&)r\017c\022f\363\335Y\334"
 2804      E12D9E79 
 2804      E7E42629 
 2804      720F6312 
 2804      66F3DD59 
 2805 0049 DAD01A5C 		.ascii	"\332\320\032\\hU\265\312Zi-\277#\311:\017\202\320BG"
 2805      6855B5CA 
 2805      5A692DBF 
 2805      23C93A0F 
 2805      82D04247 
 2806 005d 4E0BFF17 		.ascii	"N\013\377\027\227~\353\217\317o\237\013\2373\237u\255"
 2806      977EEB8F 
 2806      CF6F9F0B 
 2806      9F339F75 
 2806      AD
 2807 006e 9A564C6B 		.ascii	"\232VLk\365\367c\200\353\225\337TY_\037\345\365\366"
 2807      F5F76380 
 2807      EB95DF54 
 2807      595F1FE5 
 2807      F5F6
 2808 0080 B2737315 		.ascii	"\262ss\0252\\\227\343/t-\360D\003,\250\305'ux\241\021"
 2808      325C97E3 
 2808      2F742DF0 
 2808      44032CA8 
 2808      C5277578 
 2809 0096 710B1F34 		.ascii	"q\013\0374\2129\215\341\231ncF\343x\247\011Li\022\023"
 2809      8A398DE1 
 2809      996E6346 
 2809      E378A709 
 2809      4C691213 
 2810 00aa BA8337BA 		.ascii	"\272\2037\272\2131MaD\323rrF\334\303\220f\361@sr\362"
 2810      8B314D61 
 2810      44D37272 
 2810      46DCC390 
 2810      66F14073 
 2811 00c0 3E5E695E 		.ascii	">^i^V\017dr(}$\0260\240\307r\343\211LN\361H\317\344"
 2811      560F6472 
 2811      287D2416 
 2811      30A0C772 
 2811      E3894C4E 
 2812 00d8 8422FAB4 		.ascii	"\204\"\372\264\204\036\214[\277\232k5\232\355_\011\273"
ARM GAS  C:\Users\acest\AppData\Local\Temp\ccNY0j1l.s 			page 61


 2812      841E8C5B 
 2812      BF9A6B35 
 2812      9AED5F09 
 2812      BB
 2813 00e9 6422     		.ascii	"d\""
 2814              		.text
 2815              		.section	.gnu.lto_chRegFirstThread.336.b3bfa28b,"e",%progbits
 2816 0000 789C8D54 		.ascii	"x\234\215T]h\024W\024\276\347\336\331M\322hZ\020\243"
 2816      5D681457 
 2816      14BEE7DE 
 2816      D94DD268 
 2816      5A10A3
 2817 0013 B42F5188 		.ascii	"\264/Q\210\"\304\335Dc[|(J\3327\013\242\3706 q\034t"
 2817      22C4DD44 
 2817      635B7C28 
 2817      4ADA370B 
 2817      A2F83620 
 2818 002a D5CD2C33 		.ascii	"\325\315,3\243\230'\307D#\344\301\230UT\222\215-\262"
 2818      A39827C7 
 2818      4423E4C1 
 2818      98555492 
 2818      8D2DB2
 2819 003d 297991E2 		.ascii	")y\221\342\377O\324l\325\304\330Pl\267\306\237D\015"
 2819      FF4FD46C 
 2819      D5C4D850 
 2819      6CB7C69F 
 2819      440D
 2820 004f 442D4D29 		.ascii	"D-M)5\354Z\222\007\333\364\234{'\273\373P\304e\231{"
 2820      35EC5A92 
 2820      07DBF49C 
 2820      7B27BBFB 
 2820      50C46599 
 2821 0064 EF77BFF3 		.ascii	"\357w\277\363\235o\3169\273\3175\306\242\300\330\022"
 2821      9D6FCE39 
 2821      BBCF35C6 
 2821      A2C0D812 
 2822 0074 C6180806 		.ascii	"\306\030\010\006\361\366V\316<\317[S\304a\177{\353\353"
 2822      F1F656CE 
 2822      3CCF5B53 
 2822      C4617F7B 
 2822      EBEB
 2823 0086 331734E8 		.ascii	"3\0274\350\005\011\000\333\307a\037\034\025\011\001"
 2823      050900DB 
 2823      C7611F1C 
 2823      150901
 2824 0095 719144B2 		.ascii	"q\221D\262\346\357\000*\226\245<o\372\325\211\276W\301"
 2824      E6EF002A 
 2824      96A53C6F 
 2824      FAD589BE 
 2824      57C1
 2825 00a7 444F4A4B 		.ascii	"DOJK\012\316N!\341\"\300\005\024\247\017RE\003=+\221"
 2825      0ACE4E21 
 2825      E122C005 
 2825      14A70F52 
 2825      45033D2B 
 2826 00bc 3979EFE0 		.ascii	"9y\357\340\241\262#\373\213\223B\300e\3103\341\012\262"
 2826      A1B223FB 
ARM GAS  C:\Users\acest\AppData\Local\Temp\ccNY0j1l.s 			page 62


 2826      8B9342C0 
 2826      65C833E1 
 2826      0AB2
 2827 00ce 63A90544 		.ascii	"c\251\005D>\0049\366`\267\317\346p\265\220}\215\330"
 2827      3E0439F6 
 2827      60B7CFE6 
 2827      70B5907D 
 2827      8DD8
 2828 00e0 17170469 		.ascii	"\027\027\004iG\241t\325\013\214c\\\220\341\011\340\272"
 2828      47A174D5 
 2828      0B8C635C 
 2828      90E109E0 
 2828      BA
 2829 00f1 14097A64 		.ascii	"\024\011zdn\005]\236Bg>\222\350\350\177\212\2417\020"
 2829      6E055D9E 
 2829      42673E92 
 2829      E8E87F8A 
 2829      A13710
 2830 0104 13D29E22 		.ascii	"\023\322\236\"/\24579yx\364\376\307\011\217\336D\203"
 2830      2FA53739 
 2830      7978F4FE 
 2830      C7098FDE 
 2830      4483
 2831 0116 3E20293F 		.ascii	"> )?g\012\020\212\015/\364\275M\247\343\235W\253n7{"
 2831      670A108A 
 2831      0D2FF4BD 
 2831      4DA7E39D 
 2831      57AB6E37 
 2832 012b 835E8ECB 		.ascii	"\203^\216\313\362\\\365\342\224\355\312p\"\010? x\223"
 2832      F25CF5E2 
 2832      94EDCA70 
 2832      22083F20 
 2832      7893
 2833 013d D418FA83 		.ascii	"\324\030\372\203[\205\376\022c\177\226+\203Z\336\340"
 2833      5B85FE12 
 2833      637F962B 
 2833      835ADEE0 
 2834 014d C1BFD1E0 		.ascii	"\301\277\321\340\035\304\002,\237\257\357\275\362M\277"
 2834      1DC4022C 
 2834      9FAFEFBD 
 2834      F24DBF
 2835 015c C47C0308 		.ascii	"\304|\003\010\366\347\362\335\225\371\220\303U\275\276"
 2835      F6E7F2DD 
 2835      95F990C3 
 2835      55BDBE
 2836 016b 4F0752DE 		.ascii	"O\007R\336\333\2316/5U\332\327\037\237:\303K\200%E\200"
 2836      DB99362F 
 2836      3555DAD7 
 2836      1F9F3AC3 
 2836      4B802545 
 2837 0180 D343A366 		.ascii	"\323C\243f\004T\215\333\004\215\204\247\201\227b\354"
 2837      04548DDB 
 2837      048D84A7 
 2837      819762EC 
 2838 0190 88E0EAD0 		.ascii	"\210\340\352\320\214\207?\300\033o\037\002\271\306K"
 2838      8C873FC0 
 2838      1B6F1F02 
ARM GAS  C:\Users\acest\AppData\Local\Temp\ccNY0j1l.s 			page 63


 2838      B9C64B
 2839 019f E5725C2E 		.ascii	"\345r\\.\331\211c\317;\216\003VW\202\331\221\022I\316"
 2839      D98963CF 
 2839      3B8E0356 
 2839      5782D991 
 2839      1249CE
 2840 01b2 76775FCA 		.ascii	"vw_\312<\236\207E\220\360p\346$\020\336T\201\245\241"
 2840      3C9E8745 
 2840      90F070E6 
 2840      2410DE54 
 2840      81A5A1
 2841 01c5 49D2A05A 		.ascii	"I\322\240Z\322\316&.\215u\001VH\322z\307J\3406\260\327"
 2841      D2CE262E 
 2841      8D750156 
 2841      48D27AC7 
 2841      4AE036B0 
 2842 01da D0B498FC 		.ascii	"\320\264\230\374\247\251\301\213^\360\026\234\210 n"
 2842      A7A9C18B 
 2842      5EF0169C 
 2842      88206E
 2843 01e9 359ADD1F 		.ascii	"5\232\335\037\201\341\012C\000\367dM\027\375&\357\213"
 2843      81E10A43 
 2843      00F7644D 
 2843      17FD26EF 
 2843      8B
 2844 01fa E4E54F2A 		.ascii	"\344\345O*\313d\262\373A\246\230Q\033H73q\354\315H\245"
 2844      CB64B2FB 
 2844      41A69851 
 2844      1B483733 
 2844      71ECCD48 
 2845 020f CC303552 		.ascii	"\31405R.\221\177n=YG#\364\0274]\237\340\247\305\354"
 2845      2E917F6E 
 2845      3D594723 
 2845      F417345D 
 2845      9FE0A7C5 
 2846 0224 84174BCD 		.ascii	"\204\027K\315\003\300q\333#d\221\277\243Z\225\300\317"
 2846      03C071DB 
 2846      236491BF 
 2846      A35A95C0 
 2846      CF
 2847 0235 00F7E565 		.ascii	"\000\367\345e5\026\245g~R|\000\277@\227P\215\220\330"
 2847      3516A567 
 2847      7E527C00 
 2847      BF409750 
 2847      8D90D8
 2848 0248 D2A42885 		.ascii	"\322\244(\2054b\230\225\000t5\007~\3053g\322\325\267"
 2848      34629895 
 2848      00743507 
 2848      7EC53367 
 2848      D2D5B7
 2849 025b A558694C 		.ascii	"\245XiL%\215t\015Q\362\346s-\253N\213\000\202\352\207"
 2849      258D740D 
 2849      51F2E673 
 2849      2DAB4E8B 
 2849      0082EA87 
 2850 026f 36383333 		.ascii	"6833\363\241\252\3235\244\006$\365\374P\336'\370>\271"
 2850      F3A1AAD3 
ARM GAS  C:\Users\acest\AppData\Local\Temp\ccNY0j1l.s 			page 64


 2850      35A40624 
 2850      F5FC50DE 
 2850      27F83EB9 
 2851 0283 A24A7B2A 		.ascii	"\242J{*\325\\\024\201\2070\233\271\014\036af\262\207"
 2851      D55C1481 
 2851      87309BB9 
 2851      0C1E6166 
 2851      B287
 2852 0295 59122DCF 		.ascii	"Y\022-\317P\215\302)\266\014\244\336d+\314\206\377\316"
 2852      508DC229 
 2852      B60CA4DE 
 2852      642BCC86 
 2852      FFCE
 2853 02a7 FF277E44 		.ascii	"\377'~D\305c\234tqYu\037\373\335\321\211\375\276\243"
 2853      C5639C74 
 2853      7159751F 
 2853      FBDDD189 
 2853      FDBEA3
 2854 02ba 3AF6CDE8 		.ascii	":\366\315\350\011U\343\361\263\235\252\3027F\345\315"
 2854      0955E3F1 
 2854      B39DAAC2 
 2854      3746E5CD 
 2855 02ca E2DC63FC 		.ascii	"\342\334c\374\301'\376D\374K\023\321\257\002\217fs\023"
 2855      C127FE44 
 2855      FC4B13D1 
 2855      AF028F66 
 2855      7313
 2856 02dc 31E04F04 		.ascii	"1\340O\004+\234\210\273\371\211\030,\234\010\277\367"
 2856      2B9C88BB 
 2856      F989182C 
 2856      9C08BFF7 
 2857 02ec 4FE51414 		.ascii	"O\345\024\0246<\236\305\206\017\370\015\177\233\036"
 2857      363C9EC5 
 2857      860FF80D 
 2857      7F9B1E
 2858 02fb A5BF3396 		.ascii	"\245\2773\226\301\252S\201\351\217\251M\200\232\347"
 2858      C1AA5381 
 2858      E98FA94D 
 2858      809AE7
 2859 030a A6141DAB 		.ascii	"\246\024\035\253\352V\353\233\034\323v\364z\303t\\\375"
 2859      EA56EB9B 
 2859      1CD376F4 
 2859      7AC3745C 
 2859      FD
 2860 031b 4BD3D9E9 		.ascii	"K\323\331\351Z1}Chm\250.\364\225n#\2749f[;L\303e_\204"
 2860      5A317D43 
 2860      686DA82E 
 2860      F4956E23 
 2860      BC39665B 
 2861 0335 42E1C26F 		.ascii	"B\341\302o\335\366\310\226\310Fw\367\326\210\0256ho"
 2861      DDF6C896 
 2861      C84677F7 
 2861      D6881536 
 2861      686F
 2862 0347 392B6A6A 		.ascii	"9+jjj\302\226\023\266\335\260c\033\210\332\346\266\210"
 2862      6AC29613 
 2862      B6DDB063 
ARM GAS  C:\Users\acest\AppData\Local\Temp\ccNY0j1l.s 			page 65


 2862      1B88DAE6 
 2862      B688
 2863 0359 E3DA8D21 		.ascii	"\343\332\215!\203A\254\274\360\034\2525?\255\255]\365"
 2863      8341ACBC 
 2863      F01CAA35 
 2863      3FADAD5D 
 2863      F5
 2864 036a F94AC6DD 		.ascii	"\371J\306\335X\215\261Z\227\022\216\224\323\013\344"
 2864      588DB15A 
 2864      97128E94 
 2864      D30BE4
 2865 0379 74CBD16D 		.ascii	"t\313\321mW\2174\030\273vo5\361\306itB\333Y\321\226"
 2865      578F3418 
 2865      BB766F35 
 2865      F1C66974 
 2865      42DB59D1 
 2866 038e 7AC75C6F 		.ascii	"z\307\\oG\326\275;\322\260\242Q\253A7\367\272z\275\035"
 2866      47D6BD3B 
 2866      D2B0A251 
 2866      AB4137F7 
 2866      BA7ABD1D 
 2867 03a2 D58DA813 		.ascii	"\325\215\250\023!\3206\363\202\004m\336f\030(\272\346"
 2867      21D036F3 
 2867      82046DDE 
 2867      661828BA 
 2867      E6
 2868 03b3 BDC46296 		.ascii	"\275\304b\226\355:$\267\347\263\345\321\345\365\273"
 2868      ED3A24B7 
 2868      E7B3E5D1 
 2868      E5F5BB
 2869 03c2 5CE49124 		.ascii	"\\\344\221$\012|\364\365\306\015\025\344,fG\252**\253"
 2869      0A7CF4F5 
 2869      C60D15E4 
 2869      2C6647AA 
 2869      2A2AAB
 2870 03d5 19B75951 		.ascii	"\031\267YQ\324\214Zv#\373\017PL\034\207"
 2870      D48C5A76 
 2870      23FB0F50 
 2870      4C1C87
 2871              		.text
 2872              		.section	.gnu.lto_chRegNextThread.337.b3bfa28b,"e",%progbits
 2873 0000 789C8D54 		.ascii	"x\234\215TmL[U\030~\337{n[\272AYb\0043\023\323-!\306"
 2873      6D4C5B55 
 2873      187EDF7B 
 2873      6E5BBA41 
 2873      59620433 
 2874 0019 84B5E0D8 		.ascii	"\204\265\340\3304\213\032\014\372\307\314\304l\361\337"
 2874      348B1A0C 
 2874      FAC7CCC4 
 2874      6CF1DF
 2875 0028 4D16569A 		.ascii	"M\026V\232\255\272\322r\357\305\310\257\335\225\212"
 2875      ADBAD272 
 2875      EFC5C8AF 
 2875      DD958A
 2876 0037 068D0CE6 		.ascii	"\006\215\014\346\206\031\035s\244\030\374e\334\330\204"
 2876      86191D73 
 2876      A418FC65 
ARM GAS  C:\Users\acest\AppData\Local\Temp\ccNY0j1l.s 			page 66


 2876      DCD884
 2877 0046 F155816D 		.ascii	"\361U\201m\350\204-\013(\203\005\014J\002\232 \243\022"
 2877      E8842D0B 
 2877      2883050C 
 2877      4A029A20 
 2877      A312
 2878 0058 D964C3F7 		.ascii	"\331d\303\367\234[\332\216\030\263\244\351\271\3679"
 2878      9C5BDA8E 
 2878      18B3A4E9 
 2878      B9F739
 2879 0067 CFFBBC5F 		.ascii	"\317\373\274_O\373\214\025\240\022\001\336\000\000\264"
 2879      4FFB8C15 
 2879      A01201DE 
 2879      0000B4
 2880 0076 0036D4D7 		.ascii	"\0006\324\327J`\030F\261M\222\302\365\037K\330\203\363"
 2880      4A601846 
 2880      B14D92C2 
 2880      F51F4BD8 
 2880      83F3
 2881 0088 C38376B9 		.ascii	"\303\203v\271\272\336\321x\276k\267\314\360\263$C\306"
 2881      BADED178 
 2881      BE6BB7CC 
 2881      F0B32443 
 2881      C6
 2882 0099 63F5B56B 		.ascii	"c\365\265k\227\333e\"\011\000\341\250\304d<\212'X\204"
 2882      97DB6522 
 2882      0900E1A8 
 2882      C4643C8A 
 2882      275884
 2883 00ac 61038B32 		.ascii	"a\003\2132@9\361\204\350|.f\030+\263\215\377\314Z#m"
 2883      4039F184 
 2883      E87C2E66 
 2883      182BB38D 
 2883      FFCC5A23 
 2884 00c1 3139CA24 		.ascii	"19\312$h&\302E\304v*\000\200\210\254\034\236%\322\315"
 2884      6826C245 
 2884      C4762A00 
 2884      8088AC1C 
 2884      9E25D2CD 
 2885 00d5 E10EC3B0 		.ascii	"\341\016\303\260\0031\360[L\343\020P\361s\216\311\374"
 2885      0331F05B 
 2885      4CE31050 
 2885      F1738EC9 
 2885      FC
 2886 00e6 08F99147 		.ascii	"\010\371\221G\354\305\007\263\037:\216\037\313\2102"
 2886      ECC507B3 
 2886      1F3A8E1F 
 2886      CB8832
 2887 00f5 869DF888 		.ascii	"\206\235\370\210d\305B\016\347~\222\342\256\266&\270"
 2887      64C5420E 
 2887      E77E92E2 
 2887      AEB626B8 
 2888 0105 12766DE0 		.ascii	"\022vm\340\316\344X\001\273\021/#\257\013\200\367@\323"
 2888      CEE45801 
 2888      BB112F23 
 2888      AF0B80F7 
 2888      40D3
ARM GAS  C:\Users\acest\AppData\Local\Temp\ccNY0j1l.s 			page 67


 2889 0117 69A6D27B 		.ascii	"i\246\322{\205\200\225\232\354\030\333\011\324n3\025"
 2889      8580959A 
 2889      EC18DB09 
 2889      D46E3315 
 2890 0127 9F40226D 		.ascii	"\237@\"m\037,S`\037aLT\326/\310\274\217\225\366O'ol"
 2890      1F2C5360 
 2890      1F614C54 
 2890      D62FC8BC 
 2890      8F95F64F 
 2891 013e 8D18BC59 		.ascii	"\215\030\274Y\031\277C.e\346\303~$\250b\354\251D]+S"
 2891      19BF432E 
 2891      65E6C37E 
 2891      24A862EC 
 2891      A9445D2B 
 2892 0153 0D7D9DF9 		.ascii	"\015}\235\371\003\325\306\220\221\344B\212kN\207g[\371"
 2892      03D5C690 
 2892      91E4428A 
 2892      6B4E8767 
 2892      5BF9
 2893 0165 2D62C501 		.ascii	"-b\305\001\002c\\\015\250>\034L\257/2\275\232k\026("
 2893      02635C0D 
 2893      A83E1C4C 
 2893      AF2F32BD 
 2893      9A6B1628 
 2894 0179 A70ABC72 		.ascii	"\247\012\274r\207\012\274J\230\005R\371\232\036+_\307"
 2894      870ABC4A 
 2894      980552F9 
 2894      9A1E2B5F 
 2894      C7
 2895 018a 18E51B22 		.ascii	"\030\345\033\"\360Z2\337\367\353\371\330\270\224\324"
 2895      F05A32DF 
 2895      F7EBF9D8 
 2895      B894D4
 2896 0199 EBBDD7F1 		.ascii	"\353\275\327\361\0225\032vF\231\005\257o\230l8\227\362"
 2896      12351A76 
 2896      469905AF 
 2896      6F986C38 
 2896      97F2
 2897 01ab FF88BC2E 		.ascii	"\377\210\274.\250\250\316%P2\007\375\365-K\314X]\253"
 2897      A8A8CE25 
 2897      503207FD 
 2897      F52D4BCC 
 2897      585DAB
 2898 01be 338C69F7 		.ascii	"3\214i\367\355\310\202=\013\371\006dZ\264\325\302\277"
 2898      EDC8823D 
 2898      0BF90664 
 2898      5AB4D5C2 
 2898      BF
 2899 01cf AC881D68 		.ascii	"\254\210\035h\003bf\360\013\200:\306\255g\310h\304\000"
 2899      036266F0 
 2899      0B803AC6 
 2899      AD67C868 
 2899      C400
 2900 01e1 8E33C97C 		.ascii	"\2163\311|\251\246\227\337\321\230\271w\035\305y\177"
 2900      A9A697DF 
 2900      D198B977 
 2900      1DC5797F 
ARM GAS  C:\Users\acest\AppData\Local\Temp\ccNY0j1l.s 			page 68


 2901 01f1 B3381E8A 		.ascii	"\2638\036\212#~\356\344\324\351SH\375\0130>a\027\344"
 2901      237EEEE4 
 2901      D4E95348 
 2901      FD0B303E 
 2901      6117E4
 2902 0204 784FEBA5 		.ascii	"xO\353\245\245\361'\250/\001\217-}\216\034\0179\251"
 2902      A5F127A8 
 2902      2F018F2D 
 2902      7D8E1C0F 
 2902      39A9
 2903 0216 5BEE5719 		.ascii	"[\356W\031\013\004m>ri\372\014R\323\202\3265m\307\037"
 2903      0B046D3E 
 2903      7269FA0C 
 2903      52D382D6 
 2903      356DC71F 
 2904 022a 10FEC4D0 		.ascii	"\020\376\304\320v*\025&$\352\177\333\037R\015\031\312"
 2904      762A1526 
 2904      24EA7FDB 
 2904      1F520D19 
 2904      CA
 2905 023b 468F32FF 		.ascii	"F\2172\377\025\335@\240\023o\"\216\2101m[\020\367\031"
 2905      15DD40A0 
 2905      136F228E 
 2905      88316D5B 
 2905      10F719
 2906 024e E2F29699 		.ascii	"\342\362\226\231e\261\273ut\211z\032\022\257\306\322"
 2906      65B1BB75 
 2906      74897A1A 
 2906      12AFC6D2 
 2907 025e B9937F4D 		.ascii	"\271\223\177M\344\211\014\177O\344\010\344A\313\335"
 2907      E4890C7F 
 2907      4FE408E4 
 2907      41CBDD
 2908 026d BD7C5E0B 		.ascii	"\275|^\013\030\352\236g-B\236\327%\011\315/\371\017"
 2908      18EA9E67 
 2908      2D429ED7 
 2908      2509CD2F 
 2908      F90F
 2909 027f 6E2E2BCA 		.ascii	"n.+\312\354-\314\212\243\002+ \210\362l\3021<\303\375"
 2909      EC2DCC8A 
 2909      A3022B20 
 2909      88F26CC2 
 2909      313CC3FD 
 2910 0293 CBDFE79E 		.ascii	"\313\337\347\236\344\277\212\237\010\340\233\240\304"
 2910      E4BF8A9F 
 2910      08E09BA0 
 2910      C4
 2911 02a0 5F64D330 		.ascii	"_d\3230IM\344j\244\002\3471<7\2605\245\277Yh\205Q\242"
 2911      494DE46A 
 2911      A402E731 
 2911      3C37B035 
 2911      A5BF5968 
 2912 02b7 C7360666 		.ascii	"\3076\006f2\332E&\336F\034O&j\313\216\262,\234 a\011"
 2912      32DA4526 
 2912      DE461C4F 
 2912      266ACB8E 
 2912      B22C9C20 
ARM GAS  C:\Users\acest\AppData\Local\Temp\ccNY0j1l.s 			page 69


 2913 02cd 1E493E49 		.ascii	"\036I>I\020\205\2051$\000\206w\204\007\370\266Xg\375"
 2913      10858531 
 2913      24008677 
 2913      8407F8B6 
 2913      5867FD
 2914 02e0 E40596DC 		.ascii	"\344\005\226\334\326\331\221M8\214\242\250\227\311\035"
 2914      D6D9914D 
 2914      388CA2A8 
 2914      97C91D
 2915 02ef EB455D18 		.ascii	"\353E]\030\221\250\351\352\3635\303\004e\020j\376\217"
 2915      91A8E9EA 
 2915      F335C304 
 2915      65106AFE 
 2915      8F
 2916 0300 0CADADAD 		.ascii	"\014\255\255\255e\233\013\352\346\027\346:\210K\347"
 2916      659B0BEA 
 2916      E617E63A 
 2916      884BE7
 2917 030f F6E4D74C 		.ascii	"\366\344\327L\257CL\354\253\314\026&''&b\327\247\226"
 2917      AF434CEC 
 2917      ABCC1626 
 2917      27272662 
 2917      D7A796
 2918 0322 218666C3 		.ascii	"!\206f\303i\204D\321\016\374\205\212\346\353\241\274"
 2918      698444D1 
 2918      0EFC858A 
 2918      E6EBA1BC 
 2919 0332 919A6592 		.ascii	"\221\232e\222\267P8\217u\240\330\300b-\256\207\267e"
 2919      B750388F 
 2919      75A0D8C0 
 2919      622DAE87 
 2919      B765
 2920 0344 FE47FCAF 		.ascii	"\376G\374\257f<\305\211F\345t[\206\212AT\234\360\331"
 2920      663CC589 
 2920      46E5745B 
 2920      868A4154 
 2920      9CF0D9
 2921 0357 889D6FD5 		.ascii	"\210\235o\325\364\345\351&\362e\237yqv\262\321\364\302"
 2921      F4E5E926 
 2921      F2659F79 
 2921      7176B2D1 
 2921      F4C2
 2922 0369 CC374DA6 		.ascii	"\3147M\246\023z&qCs\243O'\234\373\220;7f\006\236\210"
 2922      137A2671 
 2922      4373A34F 
 2922      279CFB90 
 2922      3B376606 
 2923 037f 279D3B90 		.ascii	"'\235;\220p.\244;w0\345\334+\351\316MxtV\2705\335\230"
 2923      702EA43B 
 2923      7730E5DC 
 2923      2BE9CE4D 
 2923      787456B8 
 2924 0396 0D7132E6 		.ascii	"\015q2\346@\302\230\253\375\313\374\357\035\0261\354"
 2924      40C298AB 
 2924      FDCBFCEF 
 2924      1D1631EC 
 2925 03a6 04E18AEC 		.ascii	"\004\341\212\354ff\345\255Z\243l\213P\236r\300\022\355"
ARM GAS  C:\Users\acest\AppData\Local\Temp\ccNY0j1l.s 			page 70


 2925      6666E5AD 
 2925      5AA36C8B 
 2925      509E72C0 
 2925      12ED
 2926 03b8 70578BF0 		.ascii	"pW\213\360\330}D\362\2434r\267\214\226\304N\305e\276"
 2926      D87D44F2 
 2926      A33472B7 
 2926      8C96C44E 
 2926      C565BE
 2927 03cb E33A86E6 		.ascii	"\343:\206\346HB1n\205\374\222=\312\333\232W\325\224"
 2927      4842316E 
 2927      85FC923D 
 2927      CADB9A57 
 2927      D594
 2928 03dd 528F57D3 		.ascii	"R\217W\323\225\327\274\332\273z \250\354s\275\352*q"
 2928      95D7BCDA 
 2928      BB7A20A8 
 2928      EC73BDEA 
 2928      2A71
 2929 03ef BDAEA804 		.ascii	"\275\256\250\004\037\010\252\201w\274\036\035^q\271"
 2929      1F08AA81 
 2929      77BC1E1D 
 2929      5E71B9
 2930 03fe DCE99F92 		.ascii	"\334\351\237\222\303\276\203\276\375ze\231/\340\366"
 2930      C3BE83BE 
 2930      FD7A6599 
 2930      2FE0F6
 2931 040d F0E780F6 		.ascii	"\360\347\200\366|aa\241;\240\271U\335\255\251\036BU"
 2931      7C6161A1 
 2931      3BA0B955 
 2931      DDADA91E 
 2931      4255
 2932 041f EF219FA6 		.ascii	"\357!\237\246\253U.\017Hz0'\035p\025yw\027\025\355z"
 2932      AB552E0F 
 2932      487A3027 
 2932      1D701579 
 2932      771715ED 
 2933 0434 7127B0F2 		.ascii	"q'\260\362\212 +\327\203\205\236=\212\020\322\204\250"
 2933      8A202BD7 
 2933      83859E3D 
 2933      8A10D284 
 2933      A8
 2934 0445 9226AA04 		.ascii	"\222&\252\0044E\325\025_\271\347He\231\227n\264*\315"
 2934      3445D515 
 2934      5FB9E748 
 2934      6599976E 
 2934      B42ACD
 2935 0458 75186C07 		.ascii	"u\030l\007K5\357[\252o\357\377Gz\002~\177\240\\\361"
 2935      4B35EF5B 
 2935      AA6FEFFF 
 2935      477A027E 
 2935      7FA05CF1 
 2936 046c BEAF2BA5 		.ascii	"\276\257+\245\252_\361\3705\037\007UoJ\220C\007\016"
 2936      AA5FF1F8 
 2936      351F0755 
 2936      6F4A9043 
 2936      070E
ARM GAS  C:\Users\acest\AppData\Local\Temp\ccNY0j1l.s 			page 71


 2937 047e 793C245A 		.ascii	"y<$Z\374Xb\301\200\252k\\\356\275\027v\370w\224\036"
 2937      FC5862C1 
 2937      80AA6B5C 
 2937      EEBD1776 
 2937      F877941E 
 2938 0492 D189C725 		.ascii	"\321\211\307%I\000\203[\336\334\277\317\311k\013\252"
 2938      4900835B 
 2938      DEDCBFCF 
 2938      C96B0BAA 
 2939 04a2 BE7C675E 		.ascii	"\276|g^\001H*\330\374^\177@\255\202\177\001\277z\213"
 2939      01482AD8 
 2939      FC5E7F40 
 2939      AD827F01 
 2939      BF7A8B
 2940 04b5 9B       		.ascii	"\233"
 2941              		.text
 2942              		.section	.gnu.lto_chRegFindThreadByName.338.b3bfa28b,"e",%progbits
 2943 0000 789C9555 		.ascii	"x\234\225UmlSU\030>\357=\375\356XQt\0305f\220\020\242"
 2943      6D6C5355 
 2943      183EEF3D 
 2943      FDEE5851 
 2943      74183566 
 2944 0017 818E210C 		.ascii	"\201\216!\014C\210\301\240\37701\020\377\335\204\214"
 2944      4388C1A0 
 2944      FF303110 
 2944      FFDD848C 
 2945 0027 D24095AE 		.ascii	"\322@\225\256\315\275\305\270_^\312\030\311\374\200"
 2945      CDBDC5B8 
 2945      5F5ECA18 
 2945      C9FC80
 2946 0036 6E3AC9E8 		.ascii	"n:\311\350\200\324\016A\003\006\345c0\306\352\246\262"
 2946      80D40E41 
 2946      0306E563 
 2946      30C6EAA6 
 2946      B2
 2947 0047 31A53836 		.ascii	"1\24586\371\2500\034\0206\024\230\233\206!\037\363}"
 2947      F9A8301C 
 2947      10361498 
 2947      9B86211F 
 2947      F37D
 2948 0059 CFBD6DAF 		.ascii	"\317\275m\257\211\030l\226\236\263\367<\357\363\274"
 2948      89186C96 
 2948      9EB3F73C 
 2948      EFF3BC
 2949 0068 5FE7D4E3 		.ascii	"_\347\324\343`l70V\311\030\003\007\203\332X\215\304"
 2949      606C3730 
 2949      56C91803 
 2949      0783DA58 
 2949      8DC4
 2950 007a 344D5B68 		.ascii	"4M[h\227\240.\346\022;.U\305\336\225\240\005N\037k\347"
 2950      97A02EE6 
 2950      123B2E55 
 2950      C5DE95A0 
 2950      054E1F6B 
 2951 008f 96F5B1C2 		.ascii	"\226\365\261\302]\315\255\013,\026\250\217\325\334l"
 2951      5DCDAD0B 
 2951      2C16A88F 
ARM GAS  C:\Users\acest\AppData\Local\Temp\ccNY0j1l.s 			page 72


 2951      D5DC6C
 2952 009e 5D202056 		.ascii	"]  ViC\314-\314\325\261B\001\263C\235C'\262\301Z\203"
 2952      6943CC2D 
 2952      CCD5B142 
 2952      01B3439D 
 2952      4327B2C1 
 2953 00b4 08D83B12 		.ascii	"\010\330;\022\267X\321\202+\313\177\352x\234C-Or\006"
 2953      B758D182 
 2953      2BCB7FEA 
 2953      789C432D 
 2953      4F7206
 2954 00c7 16630750 		.ascii	"\026c\007P\374lJ\323\306\256||\342\252-\2763eIr\211"
 2954      FC6C4AD3 
 2954      C6AE7C7C 
 2954      E2AA2DBE 
 2954      33654972 
 2955 00dc 6D45C07E 		.ascii	"mE\300~\200}@N\010\344\025l:\202N\236o\3264'Kr\016\007"
 2955      807D404E 
 2955      08E4156C 
 2955      3A824E9E 
 2955      6FD63427 
 2956 00f4 C1844183 		.ascii	"\301\204A\203\272\247HG\326\000-\323\020=\234\376tC"
 2956      BAA74847 
 2956      D6002DD3 
 2956      103D9CFE 
 2956      7443
 2957 0106 E1A6B50E 		.ascii	"\341\246\265\016$\204C\360\017J\365p\221\215\301a !"
 2957      248443F0 
 2957      0F4AF570 
 2957      918DC161 
 2957      2021
 2958 0118 C628281B 		.ascii	"\306((\033\303=\300\021\341\315?\020\013I\216\365\324"
 2958      C33DC011 
 2958      E1CD3F10 
 2958      0B498EF5 
 2958      D4
 2959 0129 DC6E7A26 		.ascii	"\334nz&\256\211\270\240\025\010\244\323\300Q@\223\232"
 2959      AE89B8A0 
 2959      1508A4D3 
 2959      C0514093 
 2959      9A
 2960 013a 996CC88D 		.ascii	"\231l\310\215\035\375\375H\031\002\253\212\263H\226"
 2960      1DFDFD48 
 2960      1902AB8A 
 2960      B34896
 2961 0149 47EA69D8 		.ascii	"G\352i\330\2608\3157\3528\264\241\261\205\270\030\352"
 2961      B038CD37 
 2961      EA38B4A1 
 2961      B185B818 
 2961      EA
 2962 015a 422AAB2B 		.ascii	"B*\253+\202\220\240]\017\2423\237I\327z#\023\013t\240"
 2962      8290A05D 
 2962      0FA2339F 
 2962      49D77A23 
 2962      130B74A0 
 2963 016e 1BCF127F 		.ascii	"\033\317\022\177\203\304j*\033\301pgS.\341V3\354[\202"
 2963      83C46A2A 
ARM GAS  C:\Users\acest\AppData\Local\Temp\ccNY0j1l.s 			page 73


 2963      1BC17067 
 2963      532EE156 
 2963      33EC5B82 
 2964 0182 ED9F2C14 		.ascii	"\355\237,\024\360\037r\243\323\357 \027\324\365:\256"
 2964      F01F72A3 
 2964      D3EF2017 
 2964      D4F53AAE 
 2965 0192 47C41FA4 		.ascii	"G\304\037\244\311\314\232\354\001\212\314\254\250g\004"
 2965      C9CC9AEC 
 2965      018ACCAC 
 2965      A86704
 2966 01a1 5D009809 		.ascii	"]\000\230\011\034\003\223\336\330\225\331\014\216\243"
 2966      1C0393DE 
 2966      D895D90C 
 2966      8EA3
 2967 01af 83256B89 		.ascii	"\203%k\2117\034\373\031\301\335h\263\212\354\357\346"
 2967      371CFB19 
 2967      C1DD68B3 
 2967      8AECEFE6 
 2968 01bf 5BB0B936 		.ascii	"[\260\2716\223~Ro\201\025~\000*\221!s\002[`U\373\236"
 2968      937E526F 
 2968      81157E00 
 2968      2A912173 
 2968      025B6055 
 2969 01d5 C8B6A0A7 		.ascii	"\310\266\240\247~\313\241\031\035\353\264N-\207ey\254"
 2969      7ECBA119 
 2969      1DEBB44E 
 2969      2D876579 
 2969      AC
 2970 01e6 A9097D71 		.ascii	"\251\011}q\033\244\321\370=\261\211&\234\004\243\356"
 2970      1BA4D1F8 
 2970      3DB18926 
 2970      9C04A3EE 
 2971 01f6 229AFEDF 		.ascii	"\"\232\376\337\212\364\000m\371\0007\374\211\001\366"
 2971      8AF4006D 
 2971      F90037FC 
 2971      8901F6
 2972 0205 A0CDCEF2 		.ascii	"\240\315\316\362zm\017\2457v\031\365z\321x*\247\327"
 2972      7A6D0FA5 
 2972      377619F5 
 2972      7AD1782A 
 2972      A7D7
 2973 0217 27F410C3 		.ascii	"'\364\020\303q\016\261BX\247/z\254)\355\356\370F-u\313"
 2973      710EB142 
 2973      58A72F7A 
 2973      AC29EDEE 
 2973      F8462D75 
 2974 022c 7DE26A43 		.ascii	"}\342jC\377Qi\022\340l\333$\032U\216;\311\316\020\351"
 2974      FF516912 
 2974      E06CDB24 
 2974      1A558E3B 
 2974      C9CE10E9 
 2975 0240 00680617 		.ascii	"\000h\006\027\331\334\364U@%\236\200\247\366B\372\362"
 2975      D9DCF455 
 2975      40259E80 
 2975      A7F642FA 
 2975      F2
ARM GAS  C:\Users\acest\AppData\Local\Temp\ccNY0j1l.s 			page 74


 2976 0251 D06D606C 		.ascii	"\320m`l#g\237e\006\312@K1\266\211Kb\277\016\367\327"
 2976      23679F65 
 2976      06CA404B 
 2976      31B6894B 
 2976      62BF0EF7 
 2977 0266 401BD896 		.ascii	"@\033\330\226vb\257\305v\237\207\226K\343\307\337\007"
 2977      7662AFC5 
 2977      769F8796 
 2977      4BE3C7DF 
 2977      07
 2978 0277 EC9030C5 		.ascii	"\354\2200\305\272\235\230\271\330\326\272\305R/\226"
 2978      BA9D98B9 
 2978      D8D6BAC5 
 2978      522F96
 2979 0286 D1A1F885 		.ascii	"\321\241\370\205\206z\300\026\011\343\3509\247`\033"
 2979      867AC016 
 2979      09E3E839 
 2979      A7601B
 2980 0295 6DDA7D60 		.ascii	"m\332}`\344\314$\254\2440\367\215l\006\262G\213\261"
 2980      E4CC24AC 
 2980      A430F78D 
 2980      6C06B247 
 2980      8BB1
 2981 02a7 BE74BFAD 		.ascii	"\276t\277\2550K\300\366&\017\3647\002\226Y\300Z\372"
 2981      304BC0F6 
 2981      260FF437 
 2981      029659C0 
 2981      5AFA
 2982 02b9 9DF023B0 		.ascii	"\235\360#\260\233\020\235JE\250\245+8\345\023^\215\223"
 2982      9B109D4A 
 2982      45A8A52B 
 2982      38E5135E 
 2982      8D93
 2983 02cb E4C0AD85 		.ascii	"\344\300\255\205\036\2513\300p\205\263\000\247Ec\246"
 2983      1EA933C0 
 2983      7085B300 
 2983      A74563A6 
 2984 02db EC10E74E 		.ascii	"\354\020\347Nq\230\321U\206\223\273{G\3605K\213\177"
 2984      7198D155 
 2984      8693BB7B 
 2984      47F0354B 
 2984      8B7F
 2985 02ed B591A1F8 		.ascii	"\265\221\241\370\037\347\246\011\205[\347\212\204\345"
 2985      1FE7A609 
 2985      855BE78A 
 2985      84E5
 2986 02fb 5EFBD9C5 		.ascii	"^\373\331\305\224\317\015\210\036\031\222\022\334n\274"
 2986      94CF0D88 
 2986      1E199212 
 2986      DC6EBC
 2987 030a 3B2EC159 		.ascii	";.\301Y\005\022nwr\321\251\035Tm7\\\0008/\016ga\347"
 2987      05126E77 
 2987      72D1A91D 
 2987      546D375C 
 2987      00382F0E 
 2988 0321 763E9EE4 		.ascii	"v>\236\344\005\320\017\215\010\301\012e\255\323\223"
 2988      05D00F8D 
ARM GAS  C:\Users\acest\AppData\Local\Temp\ccNY0j1l.s 			page 75


 2988      08C10A65 
 2988      ADD393
 2989 0330 7C025C44 		.ascii	"|\002\\D\253\230l2ad\205\360\013Z$\246W2\272\335\215"
 2989      AB986C32 
 2989      616485F0 
 2989      0B5A24A6 
 2989      5732BADD 
 2990 0345 CD424111 		.ascii	"\315BA\021Nc7\205\260\356\313\352\271\011^\200F\375"
 2990      4E633785 
 2990      B0EECBEA 
 2990      B9095E80 
 2990      46FD
 2991 0357 11EC1C1F 		.ascii	"\021\354\034\037\037\367\350\325\352Bh\201\200~\325"
 2991      1FF7E8D5 
 2991      EA426881 
 2991      807ED5
 2992 0366 9D8F7682 		.ascii	"\235\217v\202\021\255\244C\263Az\220\001.\0033\204'"
 2992      11ADA443 
 2992      B3417A90 
 2992      012E0333 
 2992      8427
 2993 0378 C21514E6 		.ascii	"\302\025\024\346B\030E\342\325\347\221\254\020\275\311"
 2993      421845E2 
 2993      D5E791AC 
 2993      10BDC9
 2994 0387 752208BA 		.ascii	"u\"\010\272\341\032\3707\357A\211\020\203Ywt\0231\034"
 2994      E11AF837 
 2994      EF418910 
 2994      83597774 
 2994      13311C
 2995 039a D4BB8C3D 		.ascii	"\324\273\214=o\330\202=\357\321\273\266-\363\261^\347"
 2995      6FD8823D 
 2995      EFD1BBB6 
 2995      2DF3B15E 
 2995      E7
 2996 03ab 81BD5BF4 		.ascii	"\201\275[\364*\267f\304\311\324\334\327@\357S\306T\334"
 2996      2AB766C4 
 2996      C9D4DCD7 
 2996      40EF53C6 
 2996      54DC
 2997 03bd A7A938A5 		.ascii	"\247\2518\245;\326\215\346\246\242\327\230\012f\236"
 2997      3BD68DE6 
 2997      A6A2D798 
 2997      0A669E
 2998 03cc 8ABEFC54 		.ascii	"\212\276\374T\374d\236\012\243\377\327\304$\230\233"
 2998      FC649E0A 
 2998      A3FFD7C4 
 2998      24989B
 2999 03db 5E3B8A4D 		.ascii	"^;\212M\3575\232~\267'c\321G6zq\177\372=\300\341\246"
 2999      EF359A7E 
 2999      B72763D1 
 2999      47367A71 
 2999      7FFA3DC0 
 3000 03f1 27275B57 		.ascii	"''[WcsX\024\230n\003\307\2745\213q\035\242\013\2318"
 3000      63735814 
 3000      986E03C7 
 3000      BC358B71 
ARM GAS  C:\Users\acest\AppData\Local\Temp\ccNY0j1l.s 			page 76


 3000      1DA20B99 
 3001 0406 92F4BCF3 		.ascii	"\222\364\274\363W\343PZ\322\035\333\262\247\243M\037"
 3001      57E3505A 
 3001      D21DDBB2 
 3001      A7A34D1F 
 3002 0416 8D7463B4 		.ascii	"\215tc\264)\035p\033/\312\327z\253va\261=\271V1S\241"
 3002      291D701B 
 3002      2FCAD77A 
 3002      AB7661B1 
 3002      3DB95631 
 3003 042c 25B89E6B 		.ascii	"%\270\236k\023\207\033Xg\013\323\011\242\303\367\332"
 3003      13871B58 
 3003      670BD309 
 3003      A2C3F7DA 
 3004 043c EF5C7650 		.ascii	"\357\\vP\260\370s\300\206a}q\302\030\310G\266r\374\265"
 3004      B0F873C0 
 3004      86617D71 
 3004      C218C847 
 3004      B672FCB5 
 3005 0450 4E903FBA 		.ascii	"N\220?\272=\312\206\240j\260c9\236\302s\364\353\365"
 3005      3DCA86A0 
 3005      6AB06339 
 3005      9EC273F4 
 3005      EBF5
 3006 0462 17E06414 		.ascii	"\027\340d\024H{\356\254Hp\227\375\376\235\325\230\223"
 3006      487BEEAC 
 3006      487097FD 
 3006      FE9DD598 
 3006      93
 3007 0473 A5B9F5C3 		.ascii	"\245\271\365\303\247s7\274%\315\011\346F}\252\341&n"
 3007      A77337BC 
 3007      25CD09E6 
 3007      467DAAE1 
 3007      266E
 3008 0485 3DDEFEEB 		.ascii	"=\336\376\353%\236;oK\273(\315a\250\332>\0179\204\350"
 3008      259E3B6F 
 3008      4BBB28CD 
 3008      61A8DA3E 
 3008      0F3984E8 
 3009 0499 A4ADDC49 		.ascii	"\244\255\334I\242\270},_1\227\300\237\364P\014C\035"
 3009      A2B87D2C 
 3009      5F3197C0 
 3009      9FF4500C 
 3009      431D
 3010 04ab 98A68B12 		.ascii	"\230\246\213\022\242\317Fn?\235l\354\302\240\220\337"
 3010      A2CF466E 
 3010      3F9D6CEC 
 3010      C2A090DF 
 3011 04bb F679F681 		.ascii	"\366y\366\201\031\241\212&\350\011\302\000x\202\273"
 3011      19A18A26 
 3011      E809C200 
 3011      7882BB
 3012 04ca 31DFEB60 		.ascii	"1\337\353`\335so\220RE/\020\320h\2128f,\232/\277\256"
 3012      DD736F90 
 3012      52452F10 
 3012      D0688A38 
 3012      662C9A2F 
ARM GAS  C:\Users\acest\AppData\Local\Temp\ccNY0j1l.s 			page 77


 3013 04e0 FA15552E 		.ascii	"\372\025U.\367\371\325\210\374\262_}3\022\012\313K\274"
 3013      F7F9D588 
 3013      FCB25F7D 
 3013      33120ACB 
 3013      4BBC
 3014 04f2 2F791779 		.ascii	"/y\027y_\221\0254/\013+\2417\374\276\010{\321\353-1"
 3014      5F911534 
 3014      2F0B2BA1 
 3014      37FCBE08 
 3014      7BD1EB2D 
 3015 0507 FF2D5A15 		.ascii	"\377-Z\025X\036X\032Y\263\"\020*\361\321>\244\316.-"
 3015      581E581A 
 3015      59B32210 
 3015      2AF1D13E 
 3015      A4CE2E2D 
 3016 051b 2D2D09A9 		.ascii	"--\011\251%J\244DU|hU\374+\003jD\251\364\372\230\245"
 3016      254AA444 
 3016      557C6855 
 3016      FC2B036A 
 3016      44A9F4FA 
 3017 0531 A23CE82F 		.ascii	"\242<\350/2\233\274s\374es\346\314}\341y\306}\221\260"
 3017      329BBC73 
 3017      FC6573E6 
 3017      CC7DE179 
 3017      C67D91B0 
 3018 0545 140997F9 		.ascii	"\024\011\227\371\346\313\202I\025\254\262\211U\016\251"
 3018      E6CB8249 
 3018      15ACB289 
 3018      550EA9
 3019 0554 B2129103 		.ascii	"\262\022\221\003\025\276\325kV\370e\023\315*\006\341"
 3019      15BED56B 
 3019      56F86513 
 3019      CD2A06E1 
 3020 0564 D2FFE1A8 		.ascii	"\322\377\341\250V\252\350c_^\256\372_S\002\213\377\333"
 3020      56AAE863 
 3020      5F5EAEFA 
 3020      5F53028B 
 3020      FFDB
 3021 0576 D3170A06 		.ascii	"\323\027\012\006C\025\262\377\355\210\\\256\004e_P\015"
 3021      4315B2FF 
 3021      ED885CAE 
 3021      04655F50 
 3021      0D
 3022 0587 9051F1E7 		.ascii	"\220Q\361\347\011\311\264l\245\317\207\244\013\037\212"
 3022      09C9B46C 
 3022      A5CF87A4 
 3022      0B1F8A
 3023 0596 2C1C5222 		.ascii	",\034R\"*\321\2755ofpf\371\352\010\342\210\022\011&"
 3023      2AD1BD35 
 3023      6F667066 
 3023      F9EA08E2 
 3023      88120926 
 3024 05aa BEBA7449 		.ascii	"\276\272tI1E\026V\0023\212\247\315b\222\302\354A\177"
 3024      31451656 
 3024      02338AA7 
 3024      CD6292C2 
 3024      EC417F
ARM GAS  C:\Users\acest\AppData\Local\Temp\ccNY0j1l.s 			page 78


 3025 05bd 30A454B2 		.ascii	"0\244T\262\277\001\250\332F\002"
 3025      BF01A8DA 
 3025      4602
 3026              		.text
 3027              		.section	.gnu.lto_chRegFindThreadByPointer.339.b3bfa28b,"e",%progbits
 3028 0000 789C8D55 		.ascii	"x\234\215UoLUe\030\177\236\363\236\373\217\213h\266"
 3028      6F4C5565 
 3028      187F9EF3 
 3028      9EFB8F8B 
 3028      68B6
 3029 0012 B0551FD0 		.ascii	"\260U\037\320\315\2716\274\200\2416\347\232\215\372"
 3029      CDB936BC 
 3029      80A136E7 
 3029      9A8DFA
 3030 0021 665BD3F5 		.ascii	"f[\323\365\355l\016\256wz\313\353\275\234sm\361\251"
 3030      ED6C0EAE 
 3030      777ACBEB 
 3030      BD9C736D 
 3030      F1A9
 3031 0033 E31531C9 		.ascii	"\343\0251\311\302\013\244\015.\350\0304\254-\263D\021"
 3031      C20BA40D 
 3031      2EE81834 
 3031      AC2DB344 
 3031      11
 3032 0044 246F90CA 		.ascii	"$o\220\312\005\005\273I(\024\024\352\002k\305\240\006"
 3032      0505BB49 
 3032      281414EA 
 3032      026BC5A0 
 3032      06
 3033 0055 36939EF7 		.ascii	"6\223\236\367=\347\376i\313\346\035\273\357{\177\357"
 3033      3DE7FE69 
 3033      CBE61DBB 
 3033      EF7B7FEF 
 3034 0065 EFF9FD9E 		.ascii	"\357\371\375\236\363<\317{x`\005(E\2002\000@;`u\270"
 3034      F33CCF7B 
 3034      78600528 
 3034      45803200 
 3034      403B6075 
 3035 007a 52025DD7 		.ascii	"R\002]\3277\331$\254\011g\210\035\223\312\303\357J\330"
 3035      37D924AC 
 3035      0967881D 
 3035      93CAC3EF 
 3035      4AD8
 3036 008c 89C397BB 		.ascii	"\211\303\227\273\231\274?\234u\242\275k\243,\343\221"
 3036      99BC3F9C 
 3036      75A2BD6B 
 3036      A32CE391 
 3037 009c 70E5E5D8 		.ascii	"p\345\345\330FA\261H\007\302N\001W\204\263\004\315\206"
 3037      4641B148 
 3037      07C24E01 
 3037      5784B304 
 3037      CD86
 3038 00ae 357643C8 		.ascii	"5vC\310\212{M!\204\267%&[\010\241\025R\237\032\026a"
 3038      8A7B4D21 
 3038      84B72526 
 3038      5B08A115 
 3038      529F1A16 
ARM GAS  C:\Users\acest\AppData\Local\Temp\ccNY0j1l.s 			page 79


 3039 00c3 58CD9A19 		.ascii	"X\315\232\031\240l\356\020s\236\215\352\372\374\235"
 3039      A06CEE10 
 3039      739E8DEA 
 3039      FAFC9D
 3040 00d2 A307A7AC 		.ascii	"\243\007\247\254\221\326\250\334\314$h$B\033\342i\344"
 3040      91D6A8DC 
 3040      CC246824 
 3040      421BE269 
 3040      E4
 3041 00e3 414464BB 		.ascii	"ADd\273a\025\221\256\215\265\353\272\003\210\201g1\215"
 3041      611591AE 
 3041      8DB5EBBA 
 3041      03888167 
 3041      318D
 3042 00f5 43406979 		.ascii	"C@iy\266\301|\007\371\262\222\330\323\225'\016d\035"
 3042      B6C17C07 
 3042      F9B292D8 
 3042      D395270E 
 3042      641D
 3043 0107 DE6BE7F4 		.ascii	"\336k\347\364s\370/\311\322\303\331V\300\016\344F\000"
 3043      73F82FC9 
 3043      D2C3D956 
 3043      C00EE446 
 3043      00
 3044 0118 12055075 		.ascii	"\022\005Pu\032)\227\363\"\232\035J\211\304\366\233\""
 3044      1A2997F3 
 3044      229A1D4A 
 3044      89C4F69B 
 3044      22
 3045 0129 0CBB4844 		.ascii	"\014\273HD2E\360K\022*\215.K\320z[\222^g\323i\0278\255"
 3045      3245F04B 
 3045      122A8D2E 
 3045      4BD07A5B 
 3045      925E67D3 
 3046 0141 6D9970A0 		.ascii	"m\231p\240\037<\214\237F\205\201\225\2125\177\251\226"
 3046      1F3C8C9F 
 3046      46858195 
 3046      8A357FA9 
 3046      96
 3047 0152 32EBE431 		.ascii	"2\353\3441\017\363\204tOx\210#\244;\202\341\327\203"
 3047      0FF38474 
 3047      4F788823 
 3047      A43B82E1 
 3047      D783
 3048 0164 D84DC857 		.ascii	"\330M\310W\230\356wg\015\340\327\024\300\022H\244\361"
 3048      98EE7767 
 3048      0DE0D714 
 3048      C01248A4 
 3048      F1
 3049 0175 E2F744BE 		.ascii	"\342\367D\276H\230,\236\336 \363\202\317\177\366\376"
 3049      48982C9E 
 3049      DE20F382 
 3049      CF7FF6FE 
 3050 0185 E8E05311 		.ascii	"\350\340S\021\235wE\306\313\310Kd\332\364\"A\245CO\232"
 3050      9D7745C6 
 3050      CBC84B64 
 3050      DAF42241 
ARM GAS  C:\Users\acest\AppData\Local\Temp\ccNY0j1l.s 			page 80


 3050      A5434F9A 
 3051 0199 E9CC8F54 		.ascii	"\351\314\217T\327\237\313\355\331\247\367\352I.\244"
 3051      D79FCBED 
 3051      D9A7F7EA 
 3051      492EA4
 3052 01a8 B8664AE4 		.ascii	"\270fJ\344\326>\024\261b\214\300K\\\015\250\356\330"
 3052      D63E14B1 
 3052      628CC04B 
 3052      5C0DA8EE 
 3052      D8
 3053 01b9 97A8BBC8 		.ascii	"\227\250\273\310f\374\327l#AK*\301\375\177R\202W\010"
 3053      66FCD76C 
 3053      23414B2A 
 3053      C1FD7F52 
 3053      825708
 3054 01cc B342CAEF 		.ascii	"\263B\312\357\302#\371\315\337&\277\001\002\257&\375"
 3054      C223F9CD 
 3054      DF26BF01 
 3054      02AF26FD 
 3055 01dc 06851F71 		.ascii	"\006\205\037q\030\215\000U\210\352t2n\211\352\367\027"
 3055      188D0055 
 3055      88EA7432 
 3055      6E89EAF7 
 3055      17
 3056 01ed AAF4E89C 		.ascii	"\252\364\350\234\363`\254n.&=\206|@$>[V\304v~e:\320"
 3056      F360AC6E 
 3056      2E263D86 
 3056      7C40243E 
 3056      5B56C476 
 3057 0205 C1BF3280 		.ascii	"\301\2772\200b\234\274\272\231tjY\304\277\000\252\030"
 3057      629CBCBA 
 3057      99746A59 
 3057      C4BF00AA 
 3057      18
 3058 0216 7C3C3AB1 		.ascii	"|<:\261\016\365(\300a&\211\375>\332\337E}\342\203\270"
 3058      0EF528C0 
 3058      612689FD 
 3058      3EDADF45 
 3058      7DE283B8 
 3059 022a 833A2CB6 		.ascii	"\203:,\266uK\371rk\241\357=\244\276\010(\334\357\240"
 3059      754BF972 
 3059      6BA1EF3D 
 3059      A4BE0828 
 3059      DCEFA0
 3060 023d E715DB6A 		.ascii	"\347\025\333j\247X\216\210e\366^\355X\335\021\244\306"
 3060      A7588E88 
 3060      65F65EED 
 3060      58DD11A4 
 3060      C6
 3061 024e 087076C4 		.ascii	"\010pv\304!\324f\333Z\316\314\334x\234\352'\340\241"
 3061      21D466DB 
 3061      5ACECCDC 
 3061      789CEA27 
 3061      E0A1
 3062 0260 990F91E3 		.ascii	"\231\017\221\343\241\034\252*\277P2\346\013\332O\221"
 3062      A11CAA2A 
 3062      BF5032E6 
ARM GAS  C:\Users\acest\AppData\Local\Temp\ccNY0j1l.s 			page 81


 3062      0BDA4F91 
 3063 0270 33E30D48 		.ascii	"3\343\015H\305\025\264\316q\007\366#\374\216\241\025"
 3063      C515B4CE 
 3063      7107F623 
 3063      FC8EA115 
 3064 0280 FCD1BFE3 		.ascii	"\374\321\277\3433\277\374g\251\202\346\307J[\231\277"
 3064      33BFFC67 
 3064      A982E6C7 
 3064      4A5B99BF 
 3065 0290 15E208B4 		.ascii	"\025\342\010\264\342\267\210\337\210v,\277+\316m\342"
 3065      E2B788DF 
 3065      88762CBF 
 3065      2BCE6DE2 
 3066 02a0 70C87099 		.ascii	"p\310p\231>\335r}\206j\021\023?\365\231{\265\177\214"
 3066      3EDD727D 
 3066      866A1113 
 3066      3FF5997B 
 3066      B57F8C
 3067 02b3 AC140E73 		.ascii	"\254\024\016s#\331\002\371\273\373\346f\376<\277a\350"
 3067      23D902F9 
 3067      BBFBE666 
 3067      FE3CBF61 
 3067      E8
 3068 02c4 FC94D4C4 		.ascii	"\374\224\324\3042\314\213n\027\232\345(\321\266\225"
 3068      32CC8B6E 
 3068      179AE528 
 3068      D1B695
 3069 02d3 89FE7C84 		.ascii	"\211\376|\204T;\007\336@\034\026\207\371\324\257\326"
 3069      543B07DE 
 3069      401C1687 
 3069      F9D4AFD6 
 3070 02e3 279A5906 		.ascii	"'\232Y\006\336\304\006\242P\205\022\350\252f\346\304"
 3070      DEC406A2 
 3070      508512E8 
 3070      AA66E6C4 
 3071 02f3 1142C53C 		.ascii	"\021B\305<s\2102\313\304QB$0*\031:\356\244\306\220\241"
 3071      738832CB 
 3071      C4514224 
 3071      302A193A 
 3071      EEA4C690 
 3072 0308 48A7A19F 		.ascii	"H\247\241\237\247\260\357\363\212\265M\314I\240\361"
 3072      A7B0EFF3 
 3072      8AB54DCC 
 3072      49A0F1
 3073 0317 D6E95D58 		.ascii	"\326\351]XXXlT\253\207\250F\271\277\350Oe\233if+\031"
 3073      58586C54 
 3073      AB87A846 
 3073      B9BFE84F 
 3073      659B6966 
 3074 032d D444928B 		.ascii	"\324D\222\213H\001\307\020L\343,\034'c&\214\311$R\361"
 3074      4801C710 
 3074      4CE32C1C 
 3074      2763268C 
 3074      C92452F1 
 3075 0341 03891127 		.ascii	"\003\211\021'\223\207f\241\220\233\256\304\377\212\236"
 3075      938766A1 
 3075      909BAEC4 
ARM GAS  C:\Users\acest\AppData\Local\Temp\ccNY0j1l.s 			page 82


 3075      FF8A9E
 3076 0350 94386322 		.ascii	"\2248c\"\021Na\"\207\263\375h\366\274\256\236z~\305"
 3076      114E6122 
 3076      87B3FD68 
 3076      F6BCAE9E 
 3076      7A7EC5
 3077 0363 E8DAB1D1 		.ascii	"\350\332\261\321\243F\235'N\325\033U\356\032\025'+\222"
 3077      A3469D27 
 3077      4ED51B55 
 3077      EE1A1527 
 3077      2B92
 3078 0375 5F13D79F 		.ascii	"_\023\327\2376\247\342\001\237\212\253F`\315lr*\006"
 3078      36A7E201 
 3078      9F8AAB46 
 3078      60CD6C72 
 3078      2A06
 3079 0387 CCA980F4 		.ascii	"\314\251\200\364\251\030LM\305\265\364\2510\373\177"
 3079      A9184C4D 
 3079      C5B5F4A9 
 3079      30FB7F
 3080 0396 5B4C427A 		.ascii	"[LBz\323\253g\251\351\003f\323\357\307GecdC?\326\307"
 3080      D3AB67A9 
 3080      E90366D3 
 3080      EFC74765 
 3080      6364433F 
 3081 03ac 0F210D37 		.ascii	"\017!\0157\177\321$\352jn:D\201\371m`\364\334\272l^"
 3081      7FD124EA 
 3081      6A6E3A44 
 3081      81F96D60 
 3081      F4DCBA6C 
 3082 03c1 87D02610 		.ascii	"\207\320&\020GF\006\015\251\253q,.\301\024\226O\366"
 3082      4746060D 
 3082      A9AB712C 
 3082      2EC11496 
 3082      4FF6
 3083 03d3 94D06113 		.ascii	"\224\320a\023]u\372\374\205\\D\032\013{\232\230\335"
 3083      5D75FAFC 
 3083      855C441A 
 3083      0B7B9A98 
 3083      DD
 3084 03e4 F6698D8F 		.ascii	"\366i\215\217\324\344\366\256\332g\222w\353T\234q\232"
 3084      D4E4F6AE 
 3084      DA679277 
 3084      EB549C71 
 3084      9A
 3085 03f5 8362E8F5 		.ascii	"\203b\350\365E\307\226\276\356_n\261\344y[<\203\033"
 3085      45C796BE 
 3085      EE5F6EB1 
 3085      E4795B3C 
 3085      831B
 3086 0407 4C63F9F1 		.ascii	"Lc\371\361\365\244!\346oq#\263\001PD3[\222\312\325."
 3086      F5A421E6 
 3086      6F7123B3 
 3086      01504433 
 3086      5B92CAD5 
 3087 041c F86796F2 		.ascii	"\370g\226\362$\246z\262\0100\006\301\370\327U\305l\303"
 3087      24A67AB2 
ARM GAS  C:\Users\acest\AppData\Local\Temp\ccNY0j1l.s 			page 83


 3087      083006C1 
 3087      F8D755C5 
 3087      6CC3
 3088 042e CD0D317A 		.ascii	"\315\0151z\001\222\207\365\223\304\365\236\341\317\323"
 3088      019287F5 
 3088      93C4F59E 
 3088      E1CFD3
 3089 043d 4433C893 		.ascii	"D3\310\223\240\371q\310\200\223h\031\253\231\262s\333"
 3089      A0F971C8 
 3089      80936819 
 3089      AB99B273 
 3089      DB
 3090 044e 2A86821A 		.ascii	"*\206\202\032\212r\215\334\242\015\312k\232G\325\224"
 3090      8A728DDC 
 3090      A20DCA6B 
 3090      9A47D594 
 3091 045e 62B7470B 		.ascii	"b\267G\013*/y\2647\202\376\200\262\305\365\242\253\310"
 3091      2A2F79B4 
 3091      3782FE80 
 3091      B2C5F5A2 
 3091      ABC8
 3092 0470 F5B2A212 		.ascii	"\365\262\242\022\274-\240\372_\367\270\203\360\202\313"
 3092      BC2DA0FA 
 3092      5FF7B883 
 3092      F082CB
 3093 047f 9597FE57 		.ascii	"\225\227\376W\264\323[\342\335\032\334\263\335\353\317"
 3093      B4D35BE2 
 3093      DD1ADCB3 
 3093      DDEBCF
 3094 048e 73F3BD5F 		.ascii	"s\363\275_[SPP\220\347\327\362\324`\236\246\272\011"
 3094      5B535050 
 3094      90E7D7F2 
 3094      D4609EA6 
 3094      BA09
 3095 04a0 553D3BBC 		.ascii	"U=;\274ZP-s\271A\012\006\262\323\001W\241g]a\341\332"
 3095      5A502D73 
 3095      B9410A06 
 3095      B2D30157 
 3095      A1675D61 
 3096 04b6 E79F03E6 		.ascii	"\347\237\003\346\016\0060P\340\336\240\010\031MH*i\222"
 3096      0E063050 
 3096      E0DEA008 
 3096      194D482A 
 3096      6992
 3097 04c8 8A5F53D4 		.ascii	"\212_S\324\240\342\335\355\336\265g\273\207N\2642\315"
 3097      A0E2DDED 
 3097      DEB567BB 
 3097      874EB432 
 3097      CD
 3098 04d9 B5136C25 		.ascii	"\265\023l%\305\232\347U\325\273\371\377#\335~\237\317"
 3098      C59AE755 
 3098      D5BBF9FF 
 3098      23DD7E9F 
 3098      CF
 3099 04ea BF5BF1BC 		.ascii	"\277[\361\274\025T\212U\237\342\366i^\016\252\236\224"
 3099      15548A55 
 3099      9FE2F669 
ARM GAS  C:\Users\acest\AppData\Local\Temp\ccNY0j1l.s 			page 84


 3099      5E0EAA9E 
 3099      94
 3100 04fb 2087B6ED 		.ascii	" \207\266\355p\273It\323#\211\005\374jP\343ro\256_\355"
 3100      70BB4974 
 3100      D3238905 
 3100      FC6A50E3 
 3100      726FAE5F 
 3101 0510 5B5DBC2B 		.ascii	"[]\274+H<.I\002K^\331\272%\207g\026P\275\2719+\363A"
 3101      483C2E49 
 3101      024B5ED9 
 3101      BA258767 
 3101      1650BDB9 
 3102 0528 52C1E6F3 		.ascii	"R\301\346\363\370\374j\031\374\003\204w\333\003"
 3102      F8FC6A19 
 3102      FC038477 
 3102      DB03
 3103              		.text
 3104              		.section	.gnu.lto_chRegFindThreadByWorkingArea.340.b3bfa28b,"e",%progbits
 3105 0000 789C9555 		.ascii	"x\234\225U}lSU\024\277\347\335\327v]a\240\0040j\314"
 3105      7D6C5355 
 3105      14BFE7DD 
 3105      D7765D61 
 3105      A004306A 
 3106 0015 2021C404 		.ascii	" !\304\004:\206|\030B\014\006\375\017\023\003\361\277"
 3106      3A867C18 
 3106      420C06FD 
 3106      0F1303F1 
 3106      BF
 3107 0026 26649406 		.ascii	"&d\224\006\252\224v\357=\324\375\345\243\214\241\023"
 3107      AA9476EF 
 3107      3DD4FDE5 
 3107      A38CA113 
 3108 0036 33BACDE1 		.ascii	"3\272\315\341X\007d\026\303W\360\023\030\037\335\352"
 3108      58076416 
 3108      C357F013 
 3108      181FDDEA 
 3109 0046 26B23110 		.ascii	"&\2621\020\\7\201M\030\016f\030\36217\015\305\000\363"
 3109      5C37814D 
 3109      180E6618 
 3109      F231370D 
 3109      C500F3
 3110 0059 9CFB5EDB 		.ascii	"\234\373^\333g\"\006\233\346\335\333s\177\347w~\347"
 3110      6722069B 
 3110      E6DDDB73 
 3110      7FE7777E 
 3110      E7
 3111 006a E3BEDE71 		.ascii	"\343\276\336q0\266\027\030+a\214A\016\203\312H\271\304"
 3111      30B61718 
 3111      2B618C41 
 3111      0E83CA48 
 3111      B9C4
 3112 007c 745D5FE4 		.ascii	"t]_\344\220\240*\222+v\\*\215|(\30118\177\262\205\313"
 3112      90A02A92 
 3112      2B765C2A 
 3112      8D7C28C1 
 3112      31387FB2 
 3113 0092 1B23797B 		.ascii	"\033#y{\032\343\013e\031j\"\345wN/\024\020\233\264)"
ARM GAS  C:\Users\acest\AppData\Local\Temp\ccNY0j1l.s 			page 85


 3113      1AE30B65 
 3113      196A22E5 
 3113      774E2F14 
 3113      109BB429 
 3114 00a6 E212E6B2 		.ascii	"\342\022\346\262H\236\2009\240*\307 \262\303z\223\010"
 3114      489E8039 
 3114      A02AC720 
 3114      B2C37A93 
 3114      08
 3115 00b7 D87B1297 		.ascii	"\330{\022\227mh\301\225e?U<\312\241\222\3078\003\331"
 3115      6D68C195 
 3115      653F553C 
 3115      CAA192C7 
 3115      3803D9
 3116 00ca DC01E43F 		.ascii	"\334\001\344?\237\320\365\324\300\326\246A{twB\216q"
 3116      9FD0F5D4 
 3116      C0D6A641 
 3116      7B747742 
 3116      8E71
 3117 00dc 896D47C0 		.ascii	"\211mG\300A\200o\200\234\020\310\327\262\351\010:w\263"
 3117      41806F80 
 3117      9C10C8D7 
 3117      B2E9083A 
 3117      77B3
 3118 00ee 51D79D2C 		.ascii	"Q\327\235,\3069\034\006\013\006\015\305\027'\032\310"
 3118      C6391C06 
 3118      0B060DC5 
 3118      17271AC8 
 3119 00fe F7819669 		.ascii	"\367\201\226i\210\036j\336\263)o\313\372\034$\204#\360"
 3119      881E6ADE 
 3119      B3296FCB 
 3119      FA1C2484 
 3119      23F0
 3120 0110 0FCAE281 		.ascii	"\017\312\342\201\211v\006G\201\0021F\242\354\014\367"
 3120      89760647 
 3120      81023146 
 3120      A2EC0CF7 
 3121 0120 00C78537 		.ascii	"\000\307\2057\337,\026\012\231j*/?\363\\T\027\272 \016"
 3121      DF2C160A 
 3121      996A2A2F 
 3121      3FF35C54 
 3121      17BA200E 
 3122 0134 043268A0 		.ascii	"\0042h\240\011\320T\234\232l\206K5\375\3361\017\201"
 3122      09D0549C 
 3122      9A6C864B 
 3122      35FDDE31 
 3122      0F81
 3123 0146 A5F96924 		.ascii	"\245\371i$\313\"\2154\354X\234\306_\25394\243\361\030"
 3123      CB228D34 
 3123      EC589CC6 
 3123      5FAB3934 
 3123      A3F118
 3124 0159 71318C0B 		.ascii	"q1\214\013\211t\\!B\202\026C\304\211l&\355\033\315L"
 3124      89745C21 
 3124      42821643 
 3124      C4896C26 
 3124      ED1BCD4C 
ARM GAS  C:\Users\acest\AppData\Local\Temp\ccNY0j1l.s 			page 86


 3125 016d 64684537 		.ascii	"dhE7\236&\376\016\211\213\023i\005Cm\2732\011\307\255"
 3125      9E26FE0E 
 3125      898B1369 
 3125      05436DBB 
 3125      3209C7AD 
 3126 0181 B013043B 		.ascii	"\260\023\004;8YD\300\037\344F\247\337CF\324@57\024\361"
 3126      385944C0 
 3126      1FE446A7 
 3126      DF4346D4 
 3126      40353714 
 3127 0196 47C564D6 		.ascii	"G\305d\326\230\354\021\021\2315\242\221\021\264\003"
 3127      98EC1111 
 3127      9935A291 
 3127      11B403
 3128 01a5 B4A1E524 		.ascii	"\264\241\345$X\342\245\006f38\205\016r\332\022\2558"
 3128      58E2A506 
 3128      66333885 
 3128      0E72DA12 
 3128      AD38
 3129 01b7 F933823B 		.ascii	"\3713\202;\320f\023\331\337\313\266\240\262\262\367"
 3129      D06613D9 
 3129      DFCBB6A0 
 3129      B2B2F7
 3130 01c6 ECD3460B 		.ascii	"\354\323F\013lp\006\250Df\230\037\260\005\266\342\356"
 3130      6C7006A8 
 3130      4466981F 
 3130      B005B6E2 
 3130      EE
 3131 01d7 A7D22D38 		.ascii	"\247\322-8^SwdF\353\006\275M\317`Y\026kiBw\324\016g"
 3131      5E537764 
 3131      46EB06BD 
 3131      4DCF6059 
 3131      166B6942 
 3132 01ef D1789AD8 		.ascii	"\321x\232\330D\023\316\201Yw\241\246\357\346$C\240="
 3132      4413CE81 
 3132      5977A1A6 
 3132      EFE62443 
 3132      A03D
 3133 0201 2B70D39F 		.ascii	"+p\323\237(\260\023m\016\226\215\327\374X\361R\3270"
 3133      28B0136D 
 3133      0E968DD7 
 3133      FC58F152 
 3133      D730
 3134 0213 5E171A93 		.ascii	"^\027\032\223\231x\335\"\036b8\316!V\010\353\364y\247"
 3134      9978DD22 
 3134      1E6238CE 
 3134      215608EB 
 3134      F479A7
 3135 0226 2DA1DF1F 		.ascii	"-\241\337\037\255\320\023w]M\037l\357;#=\0114\245\022"
 3135      ADD01377 
 3135      5D4D1F6C 
 3135      EF3B233D 
 3135      0934A512 
 3136 023a 0EB884B1 		.ascii	"\016\270\204\261\333\300\001\320\010N\262\345\322\303"
 3136      DBC001D0 
 3136      084EB2E5 
 3136      D2C3
ARM GAS  C:\Users\acest\AppData\Local\Temp\ccNY0j1l.s 			page 87


 3137 0248 45D51D83 		.ascii	"E\325\035\203\247\366\261\364\310\243\213\300X\005g"
 3137      A7F6B1F4 
 3137      C8A38BC0 
 3137      580567
 3138 0257 7B7BFBE7 		.ascii	"{{\373\347\201\236`l\013\227\304~\003\356o\200\336?"
 3138      819E606C 
 3138      0B97C47E 
 3138      03EE6F80 
 3138      DE3F
 3139 0269 DAE9C436 		.ascii	"\332\351\3046\213m\365\004Z\256\216\236\372\010\260"
 3139      8B6DF504 
 3139      5AAE8E9E 
 3139      FA08B0
 3140 0278 39C214E9 		.ascii	"9\302\024\351pb\322b[\351\022K\215XF\342\321\313\333"
 3140      7062D262 
 3140      5BE9124B 
 3140      8D5846E2 
 3140      D1CBDB
 3141 028b 6A00BB23 		.ascii	"j\000\273#\214#=N\3016ro\377\241\341\013\023\260\210"
 3141      8C233D4E 
 3141      C136726F 
 3141      FFA1E10B 
 3141      13B088
 3142 029e C2DC3DFC 		.ascii	"\302\334=\374\011\220=\234\217\245\245\253m\203Y\002"
 3142      09903D9C 
 3142      8FA5A5AB 
 3142      6D835902 
 3143 02ae B62B76A8 		.ascii	"\266+v\250\257\036\260\302\002v\254\317\011?\002\273"
 3143      AF1EB0C2 
 3143      0276ACCF 
 3143      093F02BB 
 3144 02be 03E1A994 		.ascii	"\003\341\251\224\177\005\335\276);y\031\016\221\003"
 3144      7F05DDBE 
 3144      293B7919 
 3144      0E9103
 3145 02cd B732BD9F 		.ascii	"\2672\275\237.\000\303\025.\002\234\027=\231\362\251"
 3145      2E00C315 
 3145      2E029C17 
 3145      3D99F2A9 
 3146 02dd 38CF1187 		.ascii	"8\317\021\207\275F\224\241\324\376\256a|\221\235\025"
 3146      BD4694A1 
 3146      D4FEAE61 
 3146      7C919D15 
 3147 02ed 3FF5E178 		.ascii	"?\365\341x\364\217\236i\"\302\335\236I\302\362\240\345"
 3147      F48F9E69 
 3147      22C2DD9E 
 3147      49C2F2A0 
 3147      E5
 3148 02fe E212CAE7 		.ascii	"\342\022\312\3476\204\217\017J\015\334n\276r\234\202"
 3148      36848F0F 
 3148      4A0DDC6E 
 3148      BE729C82 
 3149 030e B31424DC 		.ascii	"\263\024$\334\356\346\242I\237\001\326.\027.\003\\\022"
 3149      EEE6A249 
 3149      9F01D62E 
 3149      172E035C 
 3149      12
ARM GAS  C:\Users\acest\AppData\Local\Temp\ccNY0j1l.s 			page 88


 3150 031f 87B3B069 		.ascii	"\207\263\260i\273'\306\270\013\372\240\036!X\241\264"
 3150      BB27C6B8 
 3150      0BFAA01E 
 3150      2158A1B4 
 3151 032f 757A8C8F 		.ascii	"uz\214\217\201+h\025CM&T6\026~A\213\304\214J\206w\272"
 3151      812B6815 
 3151      434D2654 
 3151      36167E41 
 3151      8BC48C4A 
 3152 0346 B0591850 		.ascii	"\260Y\030P\310\251\357 \011\033\276*\233\333\300]h4"
 3152      C8A9EF20 
 3152      091BBE2A 
 3152      9BDBC05D 
 3152      6834
 3153 0358 DE7F6DA3 		.ascii	"\336\177m\243\243\243\343\214j\265#\324(\367\327\035"
 3153      A3A3E38C 
 3153      6AB523D4 
 3153      28F7D71D 
 3154 0368 59B5634C 		.ascii	"Y\265cL\265\222\001M\213\314C\006\270\006\314\014<\016"
 3154      B592014D 
 3154      8BCC4306 
 3154      B806CC0C 
 3154      3C0E
 3155 037a 06303017 		.ascii	"\00600\027\2011H\264\354\022\222\215Eor\035\007\202"
 3155      813148B4 
 3155      EC12928D 
 3155      456F721D 
 3155      0782
 3156 038c 6EA81CFE 		.ascii	"n\250\034\376\315\373\272D\210\353iwt\023\032\016\033"
 3156      CDFBBA44 
 3156      88EB6977 
 3156      74131A0E 
 3156      1B
 3157 039d 5DC69E6F 		.ascii	"]\306\236o\253\303\236w\032]\333\321\273\325\250s\377"
 3157      ABC39E77 
 3157      1A5DDBD1 
 3157      BBD5A873 
 3157      FF
 3158 03ae 97754695 		.ascii	"\227uF\225\343\275\342dj\346\321\337\365\2149\025\017"
 3158      E3BDE264 
 3158      6AE6D1DF 
 3158      F58C3915 
 3158      0F
 3159 03bf 692A9286 		.ascii	"i*\222\206c\325Hf*\272\314\251`\326\251\350\316N\305"
 3159      63D54866 
 3159      2ABACCA9 
 3159      60D6A9E8 
 3159      CE4EC5
 3160 03d2 4FD6A930 		.ascii	"O\326\2510\373\177CL\202\265\351\225#\330\364.\263\351"
 3160      FB7F434C 
 3160      82B5E995 
 3160      23D8F42E 
 3160      B3E9
 3161 03e4 F73B7B65 		.ascii	"\367;{ecd\303W>Nn\006\034nz\333\244\353jn\216\212\002"
 3161      6364C357 
 3161      3E4E6E06 
 3161      1C6E7ADB 
ARM GAS  C:\Users\acest\AppData\Local\Temp\ccNY0j1l.s 			page 89


 3161      A4EB6A6E 
 3162 03fb D36DE098 		.ascii	"\323m\340\230\267.\233\327!\274\210\211#C\301\326d\346"
 3162      B72E9BD7 
 3162      21BC8889 
 3162      2343C1D6 
 3162      64E6
 3163 040d 6AD42625 		.ascii	"j\324&%\303\2619}:\362\240\272\272\007\325&L@\217\023"
 3163      C3B1397D 
 3163      3AF2A0BA 
 3163      BA07D526 
 3163      4C408F13 
 3164 0421 BE355AB5 		.ascii	"\2765Z\265\007K\232\227i\025\263\024\032\340V\246M\034"
 3164      074B9A97 
 3164      6915B314 
 3164      1AE056A6 
 3164      4D1C
 3165 0433 6E639D65 		.ascii	"nc\235ef\020\204\207\036\264\324\016\344\220X\374'`"
 3165      66108487 
 3165      1EB4D40E 
 3165      E49058FC 
 3165      2760
 3166 0445 83507ABD 		.ascii	"\203Pz\275uE\003w \023\375;\375\005\244W:P\353k\340"
 3166      75450377 
 3166      2013FD3B 
 3166      FD05A457 
 3166      3A50EB6B 
 3167 045a 4EC7C3DA 		.ascii	"N\307\303\332\000\012\227\033\343\325\317f\256q]\222"
 3167      000A971B 
 3167      E3D5CF66 
 3167      AE715D92 
 3168 046a 132C1783 		.ascii	"\023,\027\203P\241\266p\333\251\226\337\256\362\314"
 3168      50A1B670 
 3168      DBA996DF 
 3168      AEF2CC
 3169 0479 F98E642E 		.ascii	"\371\216d.\3452\004\245;\347#\207\030\365\361\333y\016"
 3169      E53204A5 
 3169      3BE72387 
 3169      18F5F1DB 
 3169      790E
 3170 048b 63E811E3 		.ascii	"c\350\021\343Od\313\342\024\370/&\220\210\301VT\355"
 3170      4F64CBE2 
 3170      14F82F26 
 3170      9088C156 
 3170      54ED
 3171 049d 24D5F4A9 		.ascii	"$\325\364\251\340\216\363\261\372vL\003\371\355\373"
 3171      E08EF3B1 
 3171      FA764C03 
 3171      F9EDFB
 3172 04ac D26F9161 		.ascii	"\322o\221a*[\003\216:\011\3001\315\305\244n\201\355"
 3172      2A5B038E 
 3172      3A09C031 
 3172      CDC5A46E 
 3172      81ED
 3173 04be 40DD20E5 		.ascii	"@\335 \345\203^ \240\341\004q\314X\274\300\363\206\352"
 3173      835E20A0 
 3173      E10471CC 
 3173      58BCC0F3 
ARM GAS  C:\Users\acest\AppData\Local\Temp\ccNY0j1l.s 			page 90


 3173      86EA
 3174 04d0 53544F91 		.ascii	"STO\221\327\247j\236W|\352[Z0\344Y\352~\331\275\330"
 3174      D7A76A9E 
 3174      577CEA5B 
 3174      5A30E459 
 3174      EA7ED9BD 
 3175 04e5 FDAA4741 		.ascii	"\375\252GA\363\362\220\022|\323\347\325\330Knw\201\365"
 3175      F3F29012 
 3175      7CD3E7D5 
 3175      D84B6E77 
 3175      81F5
 3176 04f7 BB78B57F 		.ascii	"\273x\265\177\205\177\231\266n\245?X\340\245}P\235]"
 3176      857F99B6 
 3176      6EA53F58 
 3176      E0A57D50 
 3176      9D5D
 3177 0509 58585810 		.ascii	"XXX\020T\013\024\255@U\274hU|\253\374\252\246\224\270"
 3177      540B14AD 
 3177      4055BC68 
 3177      557CABFC 
 3177      AAA694B8 
 3178 051d BD4C7AA7 		.ascii	"\275Lz\247h\222\325\340\236\343\2337g\316\334\027_`"
 3178      6892D5E0 
 3178      9EE39B37 
 3178      67CEDC17 
 3178      5F60
 3179 052f DCAB8524 		.ascii	"\334\253\205$-4\327\273\300#xT\301\351\261pz\202\252"
 3179      2D34D7BB 
 3179      C0237854 
 3179      C1E9B170 
 3179      7A82AA
 3180 0542 47D13CFE 		.ascii	"G\321<\376\265\3365\353V\372\360DC\242\242\225\252{"
 3180      B5DE35EB 
 3180      56FAF044 
 3180      43A2A295 
 3180      AA7B
 3181 0554 358350E1 		.ascii	"5\203P\341\377\360SK\310\307\261\242H\365\275\256\370"
 3181      FFF0534B 
 3181      C8C7B1A2 
 3181      48F5BDAE 
 3181      F8
 3182 0565 97FCB7A7 		.ascii	"\227\374\267\2477\030\010\004\327z|\357j\236\"%\340"
 3182      37180804 
 3182      D77A7CEF 
 3182      6A9E2225 
 3182      E0
 3183 0576 F106543F 		.ascii	"\361\006T?\031\025_\226\220L\313Wy\275H\272\350\261"
 3183      19155F96 
 3183      904CCB57 
 3183      79BD48BA 
 3183      E8B1
 3184 0588 C8424145 		.ascii	"\310BAES\211\356\355\3713\0033\213\326h\210#J$\030\377"
 3184      5389EEED 
 3184      F9330333 
 3184      8BD66888 
 3184      234A2418 
 3185 059d DAB2A5F9 		.ascii	"\332\262\245\371\244,\244\370g\344O\233\305$\2059\002"
ARM GAS  C:\Users\acest\AppData\Local\Temp\ccNY0j1l.s 			page 91


 3185      A42CA4F8 
 3185      67E44F9B 
 3185      C5248539 
 3185      02
 3186 05ae BE405029 		.ascii	"\276@P)a\177\003\236\031<\276"
 3186      617F039E 
 3186      193CBE
 3187              		.text
 3188              		.section	.gnu.lto_.symbol_nodes.b3bfa28b,"e",%progbits
 3189 0000 789C758E 		.ascii	"x\234u\216\273\015\302@\020Dgg\357\200\220\030$\216"
 3189      BB0DC240 
 3189      10446767 
 3189      EF809018 
 3189      248E
 3190 0012 2A28C08D 		.ascii	"*(\300\215\255\215(\200\032\010)\201\020\021\021\360"
 3190      AD8D2880 
 3190      1A082981 
 3190      101111F0 
 3191 0022 33082132 		.ascii	"3\010!2\023R\004\370\360\205\334DOz/\230\241\000\340"
 3191      135204F8 
 3191      F085DC44 
 3191      4F7A2F98 
 3191      A100E0
 3192 0035 8986B29D 		.ascii	"\211\206\262\235\223\345\0010`SV\202\250\000\177#\246"
 3192      93E50130 
 3192      60535682 
 3192      A8007F23 
 3192      A6
 3193 0046 313AD324 		.ascii	"1:\323$\027\361B\343\372\331\314\376\271\232\2469w\245"
 3193      17F142E3 
 3193      FAD9CCFE 
 3193      B99AA639 
 3193      77A5
 3194 0058 B98CF347 		.ascii	"\271\214\363GJU\264 w\232\377\244\205_\211x7f\362\240"
 3194      4A55B420 
 3194      779AFFA4 
 3194      855F8978 
 3194      3766F2A0 
 3195 006c F5324ED9 		.ascii	"\3652N\331\357\376\356F\252\203\016\027\023U\356\267"
 3195      EFFEEE46 
 3195      AA830E17 
 3195      1355EEB7 
 3196 007c EF97CA2A 		.ascii	"\357\227\312*\250K\330\214\325'\234\007|\001\023\376"
 3196      A84BD88C 
 3196      D5279C07 
 3196      7C0113FE 
 3197 008c 5226     		.ascii	"R&"
 3198              		.text
 3199              		.section	.gnu.lto_.refs.b3bfa28b,"e",%progbits
 3200 0000 789C9367 		.ascii	"x\234\223g```\004\"\001\006F&&Fa\006Ff\006\020\311\002"
 3200      60606004 
 3200      22010646 
 3200      26264661 
 3200      06466606 
 3201 0017 26594124 		.ascii	"&YA$\003\000\0131\000\226"
 3201      03000B31 
 3201      0096
ARM GAS  C:\Users\acest\AppData\Local\Temp\ccNY0j1l.s 			page 92


 3202              		.text
 3203              		.section	.gnu.lto_.decls.b3bfa28b,"e",%progbits
 3204 0000 789CBD5A 		.ascii	"x\234\275Z\011TT\331\231~\377\275\217\252\242\004Q\321"
 3204      095454D9 
 3204      997EFFBD 
 3204      8FAAA204 
 3204      51D1
 3205 0012 6E73D2A7 		.ascii	"ns\322\247\307d\354\264\231\023\027\324\266\2733\223"
 3205      C764ECB4 
 3205      991317D4 
 3205      B6BB3393 
 3206 0022 193B9D74 		.ascii	"\031;\235t\322\223\234>=&9\323\311p\246\202UO\2544P"
 3206      D2939C3E 
 3206      3D2639D3 
 3206      C970A682 
 3206      554FAC34 
 3207 0037 A4AA70C9 		.ascii	"\244\252p\31193\363\000\025lP\021\332v\001\025E\005"
 3207      3933F300 
 3207      156C5011 
 3207      DA760115 
 3207      4505
 3208 0049 372C9756 		.ascii	"7,\227V\334\021P@\334W\264]p\005w\024T\334\347\277\367"
 3208      DC115040 
 3208      DC57B45D 
 3208      70057714 
 3208      54DCE7BF 
 3209 005e BE57AF36 		.ascii	"\276W\2576\22389g\252\373\257w\337\255\357~\377r\377"
 3209      93383967 
 3209      AAFBAF77 
 3209      DFADEF7E 
 3209      FF72FF
 3210 0071 BBE2DB03 		.ascii	"\273\342\333\003$\351\277\242%\351\015Y\222^\340\307"
 3210      24E9BFA2 
 3210      25E90D59 
 3210      925EE0C7 
 3211 0081 2C49D261 		.ascii	",I\322a\024\2122\036$\351\333(\361(\354\303~\373o,g"
 3211      148A321E 
 3211      24E9DB28 
 3211      F128ECC3 
 3211      7EFB6F2C 
 3212 0096 A14C41C9 		.ascii	"\241LA\311E\311G)@\231\217B\360\367\007\370\374\230"
 3212      45C94729 
 3212      40998F42 
 3212      F0F707F8 
 3212      FC98
 3213 00a8 48419F22 		.ascii	"HA\237\"\344\216\302\347\033\214\027\177\373\036>\377"
 3213      E48EC2E7 
 3213      1B8C177F 
 3213      FB1E3EFF 
 3214 00b8 1E9F3F47 		.ascii	"\036\237?G\371\016\226G\342s8\312\017P>By\017e\010\312"
 3214      F90E9647 
 3214      E27338CA 
 3214      0F503E42 
 3214      790F6508 
 3215 00cd 3094B751 		.ascii	"0\224\267Q\276\2172\024\345G(\377\214\362\017(\377\210"
 3215      BE8F3214 
 3215      E54728FF 
ARM GAS  C:\Users\acest\AppData\Local\Temp\ccNY0j1l.s 			page 93


 3215      8CF20F28 
 3215      FF88
 3216 00df 92803210 		.ascii	"\222\2002\020e\000\312\277\240\014Fy\037\345\003\224"
 3216      6500CABF 
 3216      A00C4679 
 3216      1FE50394 
 3217 00ef 11283F41 		.ascii	"\021(?Ay\027\345-\224\0373\275(\203P\336A\371\020\345"
 3217      7917E52D 
 3217      941F33BD 
 3217      288350DE 
 3217      41F910E5 
 3218 0103 9F507E88 		.ascii	"\237P~\210\362\323\020{\365\3173\254\217\303g/\224\336"
 3218      F2D3107B 
 3218      F5CF33AC 
 3218      8FC3672F 
 3218      94DE
 3219 0115 5A3CFE95 		.ascii	"Z<\376\225\351\004\341\313/\261\374)\312\277\241\334"
 3219      E904E1CB 
 3219      2FB1FC29 
 3219      CABFA1DC 
 3220 0125 C7BAED28 		.ascii	"\307\272\355(\307\260~\024\276\217\303\262\011\005]"
 3220      C7B07E14 
 3220      BE8FC3B2 
 3220      09055D
 3221 0134 976EE273 		.ascii	"\227n\342s+\312Q,\217e\365Z\034?C\334\177\240\374'\312"
 3221      2BCA512C 
 3221      8F65F55A 
 3221      1C3F43DC 
 3221      7FA0FC27 
 3222 0149 EF51EC28 		.ascii	"\357Q\354(\240\3050\360\023\205\235\3213\304\216Q\232"
 3222      A0C530F0 
 3222      13859DD1 
 3222      33C48E51 
 3222      9A
 3223 015a 1DCC9E40 		.ascii	"\035\314\236@[\306i6\004\332\304\354p\340\373\014\020"
 3223      5BC66936 
 3223      04DAC4EC 
 3223      70E0FB0C 
 3223      10
 3224 016b FDF007CD 		.ascii	"\375\360\007\315\026\335.f\023\353\333,\315&\335\026"
 3224      16DD2E66 
 3224      13EBDB2C 
 3224      CD26DD16 
 3225 017b DD36D6BF 		.ascii	"\3356\326\277\221\354\212E\273\372\204\330\365\355\200"
 3225      91EC8A45 
 3225      BBFA84D8 
 3225      F5ED80
 3226 018a 18FD4EFA 		.ascii	"\030\375N\372\353\343\244`\271\004\237c\360\231\251"
 3226      EBE3A460 
 3226      B9049F63 
 3226      F099A9
 3227 0199 D9191AB7 		.ascii	"\331\031\032\267d\024\253$r\357\017D\330\312\342\030"
 3227      6414AB24 
 3227      72EF0F44 
 3227      D8CAE218 
 3228 01a9 1AC3F95A 		.ascii	"\032\303\371Z\216F\262\271g\204X\276j\237\3526F\352"
 3228      8E46B2B9 
ARM GAS  C:\Users\acest\AppData\Local\Temp\ccNY0j1l.s 			page 94


 3228      678458BE 
 3228      6A9FEA36 
 3228      46EA
 3229 01bb 5B8B24C6 		.ascii	"[\213$\306\305\313l{\231]\337\242\302\246@\273\342\377"
 3229      C5CB6C7B 
 3229      995DDFA2 
 3229      C2A640BB 
 3229      E2FF
 3230 01cd 06DB22C5 		.ascii	"\006\333\"\305\357\217(8\324\371\230M\3733\361{\231"
 3230      EF8F2838 
 3230      D4F9984D 
 3230      FB33F17B 
 3230      99
 3231 01de 8D387607 		.ascii	"\2158v\007\253\374\2235Z\202\015\342\327\217\273\025"
 3231      ABFC9335 
 3231      5A820DE2 
 3231      D78FBB15 
 3232 01ee 52E80532 		.ascii	"R\350\0052~\367\206~\274\334&\321\337KXz\033\330\214"
 3232      7EF7867E 
 3232      BCDC26D1 
 3232      DF4B587A 
 3232      1BD88C
 3233 0201 12C74B12 		.ascii	"\022\307K\022uJ\305\224\034W\367\227X\254\325\252\332"
 3233      754AC594 
 3233      1C57F797 
 3233      58ACD5AA 
 3233      DA
 3234 0212 AE564F8A 		.ascii	"\256VO\212\226`\023\300F\220`\033 \344k\200\255\000"
 3234      966013C0 
 3234      4690601B 
 3234      20E46B80 
 3234      AD00
 3235 0224 5B8073B4 		.ascii	"[\200s\264H\364\217\022\235\310\332\\\356X\325\031\027"
 3235      48F48F12 
 3235      9DC8DA5C 
 3235      EE58D519 
 3235      17
 3236 0235 2F145773 		.ascii	"/\024Ws\245P\015\260\013\260\001\226\021p\247eneL\014"
 3236      A5500DB0 
 3236      0BB00196 
 3236      1170A765 
 3236      6E654C0C 
 3237 0249 272DAD91 		.ascii	"'-\255\221\331/\202V\202\032\374\242\350\016\315\003"
 3237      D92F8256 
 3237      821AFCA2 
 3237      E80ECD03 
 3238 0259 06DC73BF 		.ascii	"\006\334s\277iVT\270\366\2720\355\315\022\177X\270S"
 3238      695654B8 
 3238      F6BA30ED 
 3238      CD127F58 
 3238      B853
 3239 026b D5129D8D 		.ascii	"\325\022\235\215\024\245(K9\315\305\316\325\345$\330"
 3239      14A5284B 
 3239      39CDC5CE 
 3239      D5E524D8 
 3240 027b A026807D 		.ascii	"\240&\200}\232A\264\222\203\212\366N\275a\015\006\355"
 3240      9A41B492 
ARM GAS  C:\Users\acest\AppData\Local\Temp\ccNY0j1l.s 			page 95


 3240      838AF64E 
 3240      BD610D06 
 3240      ED
 3241 028c 37408CE5 		.ascii	"7@\214\345Vv\203\305\260\372\200a\365Af\365f\306b:y"
 3241      567683C5 
 3241      B0FA8061 
 3241      F54166F5 
 3241      66C6623A 
 3242 02a1 FBEEC26E 		.ascii	"\373\356\302n\361\375\373#\311$\344\221%h\000\250\007"
 3242      F1FDFB23 
 3242      C924E491 
 3242      256800A8 
 3242      07
 3243 02b2 AEF030E3 		.ascii	"\256\3600\343\202\243\000G\030#\022u=\315\233Q\333\275"
 3243      82A30047 
 3243      18231275 
 3243      3DCD9B51 
 3243      DBBD
 3244 02c4 047D8B41 		.ascii	"\004}\213A\0168\304!:\351`\211\371\313`\276\351\331"
 3244      0E38C421 
 3244      3AE96089 
 3244      F9CB60BE 
 3244      E9D9
 3245 02d6 396A0F81 		.ascii	"9j\017\201\331\033\206I`\266]\351\270x8&>L\351\376P"
 3245      D91B8649 
 3245      60B65DE9 
 3245      B8783826 
 3245      3E4CE9FE 
 3246 02eb A53C4A87 		.ascii	"\245<J\207$z\017c\363\230\273]\267\244\353:\015v\373"
 3246      247A0F63 
 3246      F398BB5D 
 3246      B7A4EB3A 
 3246      0D76FB
 3247 02fe 2440B31E 		.ascii	"$@\263\036\233,\302@\313}\235E\346`\320)\003\204\200"
 3247      9B2CC240 
 3247      CB7D9D45 
 3247      E660D029 
 3247      038480
 3248 0311 C577B7E6 		.ascii	"\305w\267\346D\031\2619m\230\370\0150\200\374b[\371"
 3248      4419B139 
 3248      6D98F80D 
 3248      3080FC62 
 3248      5BF9
 3249 0323 4912CFC2 		.ascii	"I\022\317\302\322.,\324\272\022u\235\341\026\236\325"
 3249      D22E2CD4 
 3249      BA12759D 
 3249      E1169ED5 
 3250 0333 62E27B54 		.ascii	"b\342{T\245\252\3211\330\216\371z&\202\257\025\367\037"
 3250      A5AAD131 
 3250      D88EF97A 
 3250      2682AF15 
 3250      F71F
 3251 0345 2C93E3C3 		.ascii	",\223\343\303\230N\0051\321|\"\321\351(\263PJP\312\270"
 3251      984E0531 
 3251      D17C22D1 
 3251      E928B350 
 3251      4A50CAB8 
ARM GAS  C:\Users\acest\AppData\Local\Temp\ccNY0j1l.s 			page 96


 3252 0359 2375578E 		.ascii	"#uW\216\026D\005;r\011\340\262\341\310\236\207\225+"
 3252      1644053B 
 3252      7209E0B2 
 3252      E1C89E87 
 3252      952B
 3253 036b E30C472E 		.ascii	"\343\014G.\033\372\257\260N\366\021\026B\023\037'f^"
 3253      1BFAAFB0 
 3253      4EF61116 
 3253      42131F27 
 3253      665E
 3254 037d 624C1368 		.ascii	"bL\023h\025g\277s\342x\215\311\252\206\246\3535@\034"
 3254      1567BF73 
 3254      E2788DC9 
 3254      AA86A6EB 
 3254      35401C
 3255 0390 1AD606D0 		.ascii	"\032\326\006\320\012t\007\032S\307\341\223r\3466\206"
 3255      0A74071A 
 3255      53C7E193 
 3255      72E63686 
 3256 03a0 A4E54D80 		.ascii	"\244\345M\200[z\350\017\010\320\375\205\017B,\276m\200"
 3256      5B7AE80F 
 3256      08D0FD85 
 3256      0F422CBE 
 3256      6D80
 3257 03b2 107062EE 		.ascii	"\020pb\356\3345\304\260\370\216aq;\263\370$g9\321Y~"
 3257      DC35C4B0 
 3257      F88E6171 
 3257      3BB3F824 
 3257      6739D159 
 3258 03c7 2E360208 		.ascii	".6\002\010\356\002\207!\244\265u^Y7\003r\317\340\351"
 3258      EE028721 
 3258      A4B5755E 
 3258      59370372 
 3258      CFE0E9
 3259 03da 603CD7D1 		.ascii	"`<\327\321\354\273(\217\031_\257\313[o,\206\376\275"
 3259      ECBB288F 
 3259      195FAFCB 
 3259      5B6F2C86 
 3259      FEBD
 3260 03ec FB8B0F4B 		.ascii	"\373\213\017K\345\302y;\032{\211T\256\001\270\000\320"
 3260      E5C2793B 
 3260      1A7B8954 
 3260      AE01B800 
 3260      D0
 3261 03fd 15DA75A1 		.ascii	"\025\332u\241=&1\010\206\345\011\300s\200g\000\217\001"
 3261      3D263108 
 3261      86E509C0 
 3261      73806700 
 3261      8F01
 3262 040f 1E01BC00 		.ascii	"\036\001\274\000x\010\360\224y\307Z\224,/\354^\220I"
 3262      7808F094 
 3262      79C75A94 
 3262      2C2FEC5E 
 3262      9049
 3263 0421 E13AC0D5 		.ascii	"\341:\300\325\010\244\314\336\031\215\002\322\001p\343"
 3263      08A4CCDE 
 3263      198D02D2 
ARM GAS  C:\Users\acest\AppData\Local\Temp\ccNY0j1l.s 			page 97


 3263      0170E3
 3264 0430 257AAF97 		.ascii	"%z\257\227\373Y\036Df\361\035\230*\006\331n\200\226"
 3264      FB591E44 
 3264      66F11D98 
 3264      2A06D96E 
 3264      8096
 3265 0442 9728CAD5 		.ascii	"\227(\312\325\024%C\347K\364<2\364\334\177\011\311j"
 3265      142543E7 
 3265      4BF43C32 
 3265      F4DC7F09 
 3265      C96A
 3266 0454 8DE40AC0 		.ascii	"\215\344\012\300\305\010\020>\203\015\341\343\264A\242"
 3266      C508103E 
 3266      830DE1E3 
 3266      B441A2
 3267 0463 9B28AB78 		.ascii	"\233(\253x\003\203\302\037\022\335FY_m:\237\271\270"
 3267      0383C21F 
 3267      12DD4659 
 3267      5F6D3A9F 
 3267      B9B8
 3268 0475 1B9B17DB 		.ascii	"\033\233\027\333\324\232L*\3010\030\"\301d\202\010\214"
 3268      D49A4C2A 
 3268      C1301822 
 3268      C1648208 
 3268      8C
 3269 0486 E72402D9 		.ascii	"\347$\002\331\204\323\014\240uT\242{y\223;\353\316\264"
 3269      84D30CA0 
 3269      7554A27B 
 3269      79933BEB 
 3269      CEB4
 3270 0498 C6863699 		.ascii	"\306\2066\231\032\330\204\036Ap3\007\237}\264\352h\030"
 3270      1AD8841E 
 3270      41703307 
 3270      9F7DB4EA 
 3270      6818
 3271 04aa 383F087C 		.ascii	"8?\010|\201[6\000\376\207\177K\264\2157\314:W\\\301"
 3271      815B3600 
 3271      FE877F4B 
 3271      B48D37CC 
 3271      3A575CC1 
 3272 04be 978B4EB5 		.ascii	"\227\213N\265zN\201\311?\021\315$\010\302\266\005\004"
 3272      7A4E81C9 
 3272      3F11CD24 
 3272      08C2B605 
 3272      04
 3273 04cf 6610C4ED 		.ascii	"f\020\304\355\317\312\337\336\335H\266B\342\217B\021"
 3273      CFCADFDE 
 3273      DD48B642 
 3273      E28F4211 
 3274 04df D166299C 		.ascii	"\321f)\234\305;\320\240.\306kzv\354\370!\263\365\333"
 3274      C53BD0A0 
 3274      2EC66B7A 
 3274      76ECF821 
 3274      B3F5DB
 3275 04f2 00F87F88 		.ascii	"\000\370\177\210Y_\021\230M$\230C`.a\305,U}\372w\370"
 3275      595F1198 
 3275      4D249843 
ARM GAS  C:\Users\acest\AppData\Local\Temp\ccNY0j1l.s 			page 98


 3275      602E61C5 
 3275      2C557DFA 
 3276 0508 442DA5CF 		.ascii	"D-\245\317\017-\027a\252\216\214G\314\371\371\013g\006"
 3276      0F2D1761 
 3276      AA8E8C47 
 3276      CCF9F90B 
 3276      6706
 3277 051a AC45F30C 		.ascii	"\254E\363\014K\212\321\022\372\014M\310\226\231k\253"
 3277      4B8AD112 
 3277      FA0C4DC8 
 3277      96996BAB 
 3278 052a 36E62F91 		.ascii	"6\346/\221\203\007\342|\002\013\2106Z\0139\250\264v"
 3278      8307E27C 
 3278      020B8836 
 3278      5A0B39A8 
 3278      B476
 3279 053c EB8190D9 		.ascii	"\353\201\220\331t\241\001B@\301\231[\262\241\255\324"
 3279      74A10142 
 3279      40C1995B 
 3279      B2A1ADD4 
 3280 054c D0B648F7 		.ascii	"\320\266H\367\373=Z*\213\322\017x'\266\020Z\256U\014"
 3280      FB3D5A2A 
 3280      8BD20F78 
 3280      27B6105A 
 3280      AE550C
 3281 055f 10CB1BA1 		.ascii	"\020\313\033\241+\265\212~\324'c\222p\3257w_\333\027"
 3281      2BB58A7E 
 3281      D4276392 
 3281      70D53777 
 3281      5FDB17
 3282 0572 1BBE56AE 		.ascii	"\033\276V\256\"\001k%\255\326\032\366\245u\330\260A"
 3282      22016B25 
 3282      ADD61AF6 
 3282      A575D8B0 
 3282      41
 3283 0583 7BEB419B 		.ascii	"{\353A\233\360\355\000\312a\224c('QN\243\\d\324\257"
 3283      F0ED00CA 
 3283      61946328 
 3283      27514EA3 
 3283      5C64D4AF 
 3284 0597 1DDC71E7 		.ascii	"\035\334q\347.\351\337?\276\177\300x\337\326\332r\376"
 3284      2EE9DF3F 
 3284      BE7FC078 
 3284      DFD6DA72 
 3284      FE
 3285 05a8 ADDA6CB5 		.ascii	"\255\332l\265\001\227\366\325\004\326\022\330f8\263"
 3285      0197F6D5 
 3285      04D612D8 
 3285      6638B3
 3286 05b7 86F88755 		.ascii	"\206\370\207U\32741\254\020S\025\204\361\017\032m\311"
 3286      D73431AC 
 3286      10531584 
 3286      F10F1A6D 
 3286      C9
 3287 05c8 AA20508E 		.ascii	"\252 P\216\375\262\231\203\230\301\004v\022\330E`;\201"
 3287      FDB29983 
 3287      98C10476 
ARM GAS  C:\Users\acest\AppData\Local\Temp\ccNY0j1l.s 			page 99


 3287      12D84560 
 3287      3B81
 3288 05da 5A023B08 		.ascii	"Z\002;\010l!PG\240\206`\004\264\265\342\211A\376u\020"
 3288      6C215047 
 3288      A0866004 
 3288      B4B5E289 
 3288      41FE7510 
 3289 05ee 793D18AB 		.ascii	"y=\030\253\3473\003\264>\010\264\216\030\240G\006hS"
 3289      E73303B4 
 3289      3E08B48E 
 3289      18A04706 
 3289      6853
 3290 0600 98991A26 		.ascii	"\230\231\032&\177\206\037\2632\010\263\"\200\350\261"
 3290      7F861FB3 
 3290      3208B322 
 3290      80E8B1
 3291 060f 41B431DC 		.ascii	"A\2641\334$\021\223\\\203\2502\234H`\236\032<\033\302"
 3291      2411935C 
 3291      83A8329C 
 3291      48609E1A 
 3291      3C1BC2
 3292 0622 AD169817 		.ascii	"\255\026\230\027\006\306\027\036\1774\210\256\211\222"
 3292      06C6171E 
 3292      7F3488AE 
 3292      8992
 3293 0630 E8BA2896 		.ascii	"\350\272(\226\036]9\227Vt\017\316\314=\004\352\215\314"
 3293      1E5D3997 
 3293      56740FCE 
 3293      CC3D04EA 
 3293      8DCC
 3294 0642 2CBEDA72 		.ascii	",\276\332r'`\345\2537\330\032\330@\330\301XL\363\027"
 3294      2760E5AB 
 3294      37D81AD8 
 3294      40D8C158 
 3294      4CF317
 3295 0655 EECBA498 		.ascii	"\356\313\244\230\011\014\326pp:\237\310\032\010\354"
 3295      090CD670 
 3295      703A9FC8 
 3295      1A08EC
 3296 0664 26B02F42 		.ascii	"&\260/B\317\2667\256\371\204!\320\262\345\034!\372\330"
 3296      CFB637AE 
 3296      F98421D0 
 3296      B2E51C21 
 3296      FAD8
 3297 0676 1F54A3F3 		.ascii	"\037T\243\363\227\022X\202\235\337\310Q\330\371{\011"
 3297      97125882 
 3297      9DDFC851 
 3297      D8F97B09 
 3298 0686 34117DBF 		.ascii	"4\021}\277\022#\306\201D\233\320\233\203('\270G\305"
 3298      1223C681 
 3298      449BD09B 
 3298      832827B8 
 3298      47C5
 3299 0698 DB6FAA21 		.ascii	"\333o\252!\233\222\303\004\216\350\003\262\215\203\256"
 3299      9B92C304 
 3299      8EE803B2 
 3299      8D83AE
ARM GAS  C:\Users\acest\AppData\Local\Temp\ccNY0j1l.s 			page 100


 3300 06a7 AED87313 		.ascii	"\256\330s\023\202AG\015\020\002|\325\307\267\233\014"
 3300      8241470D 
 3300      10027CD5 
 3300      C7B79B0C 
 3301 06b7 B78F196E 		.ascii	"\267\217\031n\034gn?e,\226\312Y{\333,,\377\305\246\255"
 3301      1C676E3F 
 3301      652C96CA 
 3301      597BDB2C 
 3301      2CFFC5A6 
 3302 06cc 52DFB41D 		.ascii	"R\337\264\035'l\223\322\374\362\244>@`?\341v5s\277N"
 3302      276C93D2 
 3302      FCF2A43E 
 3302      40603FE1 
 3302      763573BF 
 3303 06e1 123845E0 		.ascii	"\0228E\340\264\236\277k\264\215\035\362\034\012\343"
 3303      B49EBF6B 
 3303      B48D1DF2 
 3303      1C0AE3
 3304 06f0 1109D55E 		.ascii	"\021\011\325^U&\302\274\035\340\004\011\304h\011\205"
 3304      5526C2BC 
 3304      1DE00409 
 3304      C4680985 
 3305 0700 3E2CF275 		.ascii	">,\362u\226\232\342\303\264\036\215\240\225f\232$\232"
 3305      969AE2C3 
 3305      B41E8DA0 
 3305      95669A24 
 3305      9A
 3306 0711 63624EB5 		.ascii	"cbN\265>\257\270\020\313\326p\225/\337\373\226j\313"
 3306      3EAFB810 
 3306      CBD67095 
 3306      2FDFFB96 
 3306      6ACB
 3307 0723 F739DC42 		.ascii	"\3679\334B\0218\377\227\234\222\030\004\311\317\021"
 3307      1138FF97 
 3307      9C921804 
 3307      C9CF11
 3308 0732 B8407096 		.ascii	"\270@p\226\022\353\265\357\314R\225\273\364\015\272"
 3308      12EBB5EF 
 3308      CC5295BB 
 3308      F40DBA
 3309 0741 C45974B4 		.ascii	"\304Yt\264\237\305\327\254A\216\341\216\215C\304\"\021"
 3309      9FC5D7AC 
 3309      418EE18E 
 3309      8D43C422 
 3309      11
 3310 0752 B002F682 		.ascii	"\260\002\366\202v\261\020\252f\232\317\214\375\356\324"
 3310      76B110AA 
 3310      669ACF8C 
 3310      FDEED4
 3311 0761 9BF9ABA1 		.ascii	"\233\371\253\241\177\340\207\315F,\307\316.\215bs\020"
 3311      7FE087CD 
 3311      462CC7CE 
 3311      2E8D6273 
 3311      10
 3312 0772 D21C2470 		.ascii	"\322\034$p/T\037\213\340\223\335b\305]D\240\204Ct\307"
 3312      2F541F8B 
 3312      E093DD62 
ARM GAS  C:\Users\acest\AppData\Local\Temp\ccNY0j1l.s 			page 101


 3312      C55D44A0 
 3312      844374C7 
 3313 0786 BE348652 		.ascii	"\2764\206Rn\216\350\211b\002\263\3021ZW\254)/\214\365"
 3313      6E8EE889 
 3313      6202B3C2 
 3313      315A57AC 
 3313      292F8CF5 
 3314 079a A914A610 		.ascii	"\251\024\246\020\310\342 \266\240H\220\311 *\341\276"
 3314      C8E220B6 
 3314      A04890C9 
 3314      202AE1BE 
 3315 07aa DD58EEF7 		.ascii	"\335X\356\367\255\021\030D\367m\017\370\375\277m\370"
 3315      AD111844 
 3315      F76D0FF8 
 3315      FDBF6DF8 
 3316 07ba 5F460231 		.ascii	"_F\0021\213\015{V\324OQ{d\306\300\027\004rCU\345\010"
 3316      8B0D7B56 
 3316      D44F517B 
 3316      64C6C017 
 3316      04724355 
 3317 07d0 55CDDA86 		.ascii	"U\315\332\206\005\267\020\347!\320\344\343\376\231\246"
 3317      05B710E7 
 3317      21D0E4E3 
 3317      FE99A6
 3318 07df 3DB749B8 		.ascii	"=\267I\270\216[\262\235A\230\035\001\023dq\236 J\206"
 3318      8E5BB29D 
 3318      41981D01 
 3318      1364719E 
 3318      204A86
 3319 07f2 CB41AE57 		.ascii	"\313A\256W\031\230\366\374\225\205z\026n\2060\220\260"
 3319      1998F6FC 
 3319      95857A16 
 3319      6E863090 
 3319      B0
 3320 0803 F991B183 		.ascii	"\371\221\261\203\252\015W&\014\232[/x\212\010L\017R"
 3320      AA0D5726 
 3320      0C9A5B2F 
 3320      788A084C 
 3320      0F52
 3321 0815 964942B2 		.ascii	"\226IB\262\354\022\201\213\204\357\210\357\361<\273"
 3321      EC12818B 
 3321      84EF88EF 
 3321      F13CBB
 3322 0824 42E03E81 		.ascii	"B\340>\201\353\004\256\022h%p\227@\007\201\033\004\332"
 3322      EB04AE12 
 3322      68257097 
 3322      4007811B 
 3322      04DA
 3323 0836 08DC24D0 		.ascii	"\010\334$\320I\340\032\201v\002\267\010\334!p[\033a"
 3323      49E01A81 
 3323      7602B708 
 3323      DC21705B 
 3323      1B61
 3324 0848 ED0BB42E 		.ascii	"\355\013\264.\233F /4\216b\006\362\235\325\314\306\274"
 3324      9B46202F 
 3324      348E6206 
 3324      F29DD5CC 
ARM GAS  C:\Users\acest\AppData\Local\Temp\ccNY0j1l.s 			page 102


 3324      C6BC
 3325 085a 3F111E47 		.ascii	"?\021\036G\015tM\3533\234\236\226q\0361c\031+\015\016"
 3325      0D744DEB 
 3325      339C9E96 
 3325      711E3163 
 3325      192B0D0E 
 3326 086e C3FB7947 		.ascii	"\303\373yGf[\342\303<\270\375\177\367\000I3\233O\236"
 3326      665BE2C3 
 3326      3CB8FD7F 
 3326      F7004933 
 3326      9B4F9E
 3327 0881 321BF3D3 		.ascii	"2\033\363\323\003\303\274\207|\022C\310\312K[\317\306"
 3327      03C3BC87 
 3327      7C1243C8 
 3327      CA4B5BCF 
 3327      C6
 3328 0892 E0F184B5 		.ascii	"\340\361\204\265\220\035\200\023\311\010\374\262J\277"
 3328      901D8013 
 3328      C908FCB2 
 3328      4ABF
 3329 08a0 A3526F95 		.ascii	"\243Ro\225\250\304\344\240\304J\255\324am\2007\007t"
 3329      A8C4E4A0 
 3329      C44AADD4 
 3329      616D8037 
 3329      0774
 3330 08b2 D2911632 		.ascii	"\322\221\0262 \316j\251\250\205\036\326(\013!mf\207"
 3330      20CE6AA9 
 3330      A8851ED6 
 3330      280B216D 
 3330      6687
 3331 08c4 75C063DC 		.ascii	"u\300c\334)\224\232\372\215TeG~\2376\263J\012>\351="
 3331      29949AFA 
 3331      8D546547 
 3331      7E9F36B3 
 3331      4A0A3EE9 
 3332 08d9 6C247EB7 		.ascii	"l$~\267\231\033\300\201\255>\225-=\260\324f\266v\322"
 3332      991BC081 
 3332      AD3E952D 
 3332      3DB0D466 
 3332      B676D2
 3333 08ec D26926C7 		.ascii	"\322i&\307~\222\3736f\256\3251\2647\272<\322by3\256"
 3333      7E92FB36 
 3333      66AED531 
 3333      B437BA3C 
 3333      D2627933 
 3334 0901 86D6D08F 		.ascii	"\206\326\320\217$\311b\361U\366\261\266\231\343\220"
 3334      24C962F1 
 3334      55F6B1B6 
 3334      99E390
 3335 0910 6280A35F 		.ascii	"b\200\243_\017G\277\270\006\210r8\254\275\007Hh\204"
 3335      0F47BFB8 
 3335      06887238 
 3335      ACBD0748 
 3335      6884
 3336 0922 63E8D091 		.ascii	"c\350\320\221\304\212\314\262\245\001\206R\210\031\252"
 3336      C48ACCB2 
 3336      A5018652 
ARM GAS  C:\Users\acest\AppData\Local\Temp\ccNY0j1l.s 			page 103


 3336      8819AA
 3337 0931 5EB8F1BA 		.ascii	"^\270\361\2725\312\032\375f\277\001\222\344\220>b#\202"
 3337      35CA1AFD 
 3337      66BF0192 
 3337      E4903E62 
 3337      2382
 3338 0943 BED03F60 		.ascii	"\276\320?`F\235\016\343\025`\200\225\014%\364\027mf"
 3338      469D0EE3 
 3338      15608095 
 3338      0C25F417 
 3338      6D66
 3339 0955 4922A41F 		.ascii	"I\"\244\037\316;\262%&\006Ob\262%\332\366\013\307\247"
 3339      CE3BB225 
 3339      26064F62 
 3339      B225DAF6 
 3339      0BC7A7
 3340 0968 43AD529B 		.ascii	"C\255R\233\231\340O\275e\034\226`\264\264\342\206\024"
 3340      99E04FBD 
 3340      651C9660 
 3340      B4B4E286 
 3340      14
 3341 0979 56BC8FBB 		.ascii	"V\274\217\273\"\376\037\373\002\355\013\330+\210+U]"
 3341      22FE1FFB 
 3341      02ED0BD8 
 3341      2B882B55 
 3341      5D
 3342 098a 0DAF672B 		.ascii	"\015\257g+\006\321\320\014\"j\375\017\255\314\000D\343"
 3342      06D1D00C 
 3342      226AFD0F 
 3342      ADCC0044 
 3342      E3
 3343 099b D12F2741 		.ascii	"\321/'A\264\321\224\260\357\000r?\0044\210\316#\332"
 3343      B4D194B0 
 3343      EF00723F 
 3343      043488CE 
 3343      23DA
 3344 09ad 68007F5B 		.ascii	"h\000\177[\255\310tp0\011l\303\333\005\031nPJ~Z\335"
 3344      ADC87470 
 3344      30096CC3 
 3344      DB05196E 
 3344      504A7E5A 
 3345 09c2 2449BC60 		.ascii	"$I\274`\336\354*\372&'\352*;\301V]\311\234k\206>\005"
 3345      DEEC2AFA 
 3345      2627EA2A 
 3345      3BC1565D 
 3345      C99C6B86 
 3346 09d8 2325A02B 		.ascii	"#%\240+Mb\006\026G\210\036\210\253\177xh\263\365u\204"
 3346      4D620616 
 3346      47881E88 
 3346      AB7F7868 
 3346      B3F57584 
 3347 09ec DD54D5DE 		.ascii	"\335T\325\336x\\\204\247\004\236\260\334\177\206f\270"
 3347      785C84A7 
 3347      049EB0DC 
 3347      7F8666B8 
 3348 09fc 38D5EACC 		.ascii	"8\325\352\314\257\237D\177w\316\034\265\353QG\303Y\272"
 3348      AF9F447F 
ARM GAS  C:\Users\acest\AppData\Local\Temp\ccNY0j1l.s 			page 104


 3348      77CE1CB5 
 3348      EB5147C3 
 3348      59BA
 3349 0a0e F3CA94E9 		.ascii	"\363\312\224\351ji\246:R\305\203\035\201\307\332r\013"
 3349      6A69A63A 
 3349      52C5831D 
 3349      81C7DA72 
 3349      0B
 3350 0a1f CF595982 		.ascii	"\317YY\202G\004\272\310\307K_\247\025f\276\263.\\z\316"
 3350      4704BAC8 
 3350      C74B5FA7 
 3350      1566BEB3 
 3350      2E5C7ACE 
 3351 0a33 C2EEE618 		.ascii	"\302\356\346\030\267\213\255g\235O\317GER\3106\361*"
 3351      B78BAD67 
 3351      9D4FCF47 
 3351      4552C836 
 3351      F12A
 3352 0a45 E51AD525 		.ascii	"\345\032\325%\017N\003\323\350{2\031\307/\356\372U\031"
 3352      0F4E03D3 
 3352      E87B3219 
 3352      C72FEEFA 
 3352      5519
 3353 0a57 7F87179A 		.ascii	"\177\207\027\232.\011K\272\246\372\327h\025\327\264"
 3353      2E094BBA 
 3353      A6FAD768 
 3353      15D7B4
 3354 0a66 E7E49E35 		.ascii	"\347\344\2365\321\\\023\316\363L\323\371r_a\367H\232"
 3354      D15C13CE 
 3354      F34CD3F9 
 3354      725F61F7 
 3354      489A
 3355 0a78 26A3A649 		.ascii	"&\243\246IB\323\211\256j5\212k:\220\343\3274\231B6\325"
 3355      42D389AE 
 3355      6A358A6B 
 3355      3A90E3D7 
 3355      34994236 
 3356 0a8d 3565535D 		.ascii	"5eS]\323\202\327\350\001\256\351Ne\307A\321h\352\324"
 3356      D382D7E8 
 3356      01AEE94E 
 3356      65C741D1 
 3356      68EAD4
 3357 0aa0 40F372FC 		.ascii	"@\363r\374\215r\374\215:\372\320V\336\350dISQ\0147\257"
 3357      8D72FC8D 
 3357      3AFAD056 
 3357      DEE86449 
 3357      53510C37 
 3358 0ab5 4898979D 		.ascii	"H\230\227\235w\346T\\$\363\362\260\361\027\302\274Y"
 3358      77E6545C 
 3358      24F3F2B0 
 3358      F117C2BC 
 3358      59
 3359 0ac6 4F1797CA 		.ascii	"O\027\227\312\\\323\016CS\036\205\251~MS\375\232\032"
 3359      5CD30E43 
 3359      531E85A9 
 3359      7E4D53FD 
 3359      9A1A
ARM GAS  C:\Users\acest\AppData\Local\Temp\ccNY0j1l.s 			page 105


 3360 0ad8 FAD04996 		.ascii	"\372\320I\226\210!\377\246r\3321\352\3274\326\257h\006"
 3360      8821FFA6 
 3360      72DA31EA 
 3360      D734D6AF 
 3360      6806
 3361 0aea B69D2E14 		.ascii	"\266\235.\024--[;\033\373\0307\013G\026\317\234\377"
 3361      2D2D5B3B 
 3361      1BFB1837 
 3361      0B4716CF 
 3361      9CFF
 3362 0afc 9D5DD9A5 		.ascii	"\235]\331\245\003\360g\230\346\3273\215\362K\307z\013"
 3362      03F06798 
 3362      E6D7338D 
 3362      F24BC77A 
 3362      0B
 3363 0b0d 9E25B896 		.ascii	"\236%\270\226\025_\255\272\313\374\301\303+\326\037"
 3363      155FADBA 
 3363      CBFCC1C3 
 3363      2BD61F
 3364 0b1c E575175B 		.ascii	"\345u\027[\246/\003V\367%2\027Q\332\314k/M9\276\243"
 3364      A62F0356 
 3364      F7253217 
 3364      51DACC6B 
 3364      2F4D39BE 
 3365 0b31 1BABFD0A 		.ascii	"\033\253\375\012kg\321H]\325\261\306w\335\244W\314\241"
 3365      6B67D148 
 3365      5DD5B1C6 
 3365      77DDA457 
 3365      CCA1
 3366 0b43 B48537DC 		.ascii	"\264\2057\334~\377l#a\015\347\011#k\2326\347\304\370"
 3366      7EFF6C23 
 3366      610DE709 
 3366      236B9A36 
 3366      E7C4F8
 3367 0b56 FDF89DF0 		.ascii	"\375\370\235\360\003\212\221\265\004e\256\0005,\254"
 3367      038A91B5 
 3367      0465AE00 
 3367      352CAC
 3368 0b65 2F474F72 		.ascii	"/GOr\325._yc#\224\2505Yj\276\332\357:E\020\314\024\376"
 3368      D52E5F79 
 3368      632394A8 
 3368      35596ABE 
 3368      DAEF3A45 
 3369 0b7d C06CC4CF 		.ascii	"\300l\304\317\024\036\355\212\026C\302\007bS\"nP+\200"
 3369      141EED8A 
 3369      1643C207 
 3369      6253226E 
 3369      502B80
 3370 0b90 EE8E96E8 		.ascii	"\356\216\226\350!\224\223\321\214\266\371\253\243%!"
 3370      219493D1 
 3370      8CB6F9AB 
 3370      A32521
 3371 0b9f 7BCD2514 		.ascii	"{\315%\024\226j\361\241\2678\250nC\345\2678\246Z\307"
 3371      966AF1A1 
 3371      B738A86E 
 3371      43E5B738 
 3371      A65AC7
ARM GAS  C:\Users\acest\AppData\Local\Temp\ccNY0j1l.s 			page 106


 3372 0bb2 2C33302C 		.ascii	",30,\312\333\316\255\013\330\206\227S\377|_A\265\375"
 3372      CADBCEAD 
 3372      0BD88697 
 3372      53FF7C5F 
 3372      41B5FD
 3373 0bc5 F0109A65 		.ascii	"\360\020\232e\305M\034\312\014\224/\255\254\331\216"
 3373      C54D1CCA 
 3373      0C942FAD 
 3373      ACD98E
 3374 0bd4 EC2D79D1 		.ascii	"\354-y\321\341\247\277\3254\340\364WL\345\235Y\223\277"
 3374      E1A7BFD5 
 3374      34E0F457 
 3374      4CE59D59 
 3374      93BF
 3375 0be6 207CFBDE 		.ascii	" |\373\336U\260>s}\377:q\200\253\244\260\212\202\217"
 3375      55B03E73 
 3375      7DFF3A71 
 3375      80ABA4B0 
 3375      8A828F
 3376 0bf9 46D8C207 		.ascii	"F\330\302\007\335\261\255\344 \344[\303\002C\217r\325"
 3376      DDB1ADE4 
 3376      20E45BC3 
 3376      02438F72 
 3376      D5
 3377 0c0a 33BF5A16 		.ascii	"3\277Z\026\035~\035\2676\030z\332\312l\377\255\377\202"
 3377      1D7E1DB7 
 3377      36187ADA 
 3377      CA6CFFAD 
 3377      FF82
 3378 0c1c F9B77838 		.ascii	"\371\267x8\271\310\233/\231r\352E\204;\336\215\014\203"
 3378      B9C89B2F 
 3378      9972EA45 
 3378      843BDE8D 
 3378      0C83
 3379 0c2e CDBFA6B0 		.ascii	"\315\277\246\260\201\322\233\350h'\203\313\213\033J"
 3379      81D29BE8 
 3379      682783CB 
 3379      8B1B4A
 3380 0c3d 8AADF1E1 		.ascii	"\212\255\361\341\367\253\233)l\341\372\266R\261\023"
 3380      F7AB9B29 
 3380      6CE1FAB6 
 3380      52B113
 3381 0c4c AD2A9C97 		.ascii	"\255*\234\227\377\026\367N\3543\361\327\340}&U\273\361"
 3381      FF16F74E 
 3381      EC33F1D7 
 3381      E07D2655 
 3381      BBF1
 3382 0c5e 64C89B5D 		.ascii	"d\310\233]\020\027~u\272-\210O\034\274\201\346u\303"
 3382      10177E75 
 3382      BA2D884F 
 3382      1CBC81E6 
 3382      75C3
 3383 0c70 933E4A31 		.ascii	"\223>J1o\272>{AQL\270\351\273\002\203N\227\"|%\207\357"
 3383      6FBA3E7B 
 3383      41514CB8 
 3383      E9BB0283 
 3383      4E97227C 
ARM GAS  C:\Users\acest\AppData\Local\Temp\ccNY0j1l.s 			page 107


 3384 0c87 39D2782F 		.ascii	"9\322x/$?\352(\354\326\363c\263\340\274\276\251\336"
 3384      243FEA28 
 3384      ECD6F363 
 3384      B3E0BCBE 
 3384      A9DE
 3385 0c99 14724E33 		.ascii	"\024rN3@\010\350\234?ui\300\206\240\336\350\264\006"
 3385      4008E89C 
 3385      3F7569C0 
 3385      86A0DEE8 
 3385      B406
 3386 0cab 36CA1A51 		.ascii	"6\312\032Q\335A\316t\240\241\372A\367p\353\366\006\247"
 3386      DD41CE74 
 3386      A0A1FA41 
 3386      F770EBF6 
 3386      06A7
 3387 0cbd 84A5EBD9 		.ascii	"\204\245\353\331\213\374(\343ls\260L;\3334Qh\244\260"
 3387      8BFC28E3 
 3387      6C73B04C 
 3387      3BDB3451 
 3387      68A4B0
 3388 0cd0 9F869E37 		.ascii	"\237\206\2367\302\216\031u\034\205\214\007)\034\240"
 3388      C28E1975 
 3388      1C858C07 
 3388      291CA0
 3389 0cdf B08F6A5B 		.ascii	"\260\217j[\257\003\265\332\371\220\262\303\315~\032"
 3389      AF03B5DA 
 3389      F990B2C3 
 3389      CD7E1A
 3390 0cee E170E3DB 		.ascii	"\341p\343\333\257\035\200\020\2637\014\303\31769\015"
 3390      AF1D8010 
 3390      B3370CC3 
 3390      CF36390D 
 3391 0cfe D7CE5BC3 		.ascii	"\327\316[\303\3176{\"(\245g\321\367N\224\347\334\377"
 3391      CF367B22 
 3391      28A567D1 
 3391      F74E94E7 
 3391      DCFF
 3392 0d10 8D578A9B 		.ascii	"\215W\212\233\255\326\226\260\273\250\2434\350.\312"
 3392      ADD696B0 
 3392      BBA8A334 
 3392      E82ECA
 3393 0d1f 726C5549 		.ascii	"rlUI\016\277\335\020\347\240\346\262^\231<\000\207("
 3393      0EBFDD10 
 3393      E7A0E6B2 
 3393      5E993C00 
 3393      8728
 3394 0d31 D4523849 		.ascii	"\324R8ICN\024\027\330N\267\014\315\236\303R\213\302"
 3394      434E1417 
 3394      D84EB70C 
 3394      CD9EC352 
 3394      8BC2
 3395 0d43 118ED153 		.ascii	"\021\216\321Sk]\3206\266/\356});\215\303a\216B\255\307"
 3395      6B5DD036 
 3395      B62FEE7D 
 3395      293B8DC3 
 3395      618E42AD 
 3396 0d58 29345338 		.ascii	")4S8\241\005\311wC\013@\015\205j\016\011\275\301\240"
ARM GAS  C:\Users\acest\AppData\Local\Temp\ccNY0j1l.s 			page 108


 3396      A105C977 
 3396      430B400D 
 3396      856A0E09 
 3396      BDC1A0
 3397 0d6b 39313C2D 		.ascii	"91<-&\225\326E\305\207\321\236\212@+\346(\240\363c$"
 3397      2695D645 
 3397      C587D19E 
 3397      8A402BE6 
 3397      28A0F363 
 3398 0d80 5A86B296 		.ascii	"Z\206\262\226\021\230v\325\314\231\306\272\231\365\314"
 3398      119876D5 
 3398      CC99C6BA 
 3398      99F5CC
 3399 0d8f 7EED5480 		.ascii	"~\355T\200s\3779\012-\341J\215p\177C\231Kp\226\303P"
 3399      73FF390A 
 3399      2DE14A8D 
 3399      707F4399 
 3399      4B7096C3 
 3400 0da4 CF050AE7 		.ascii	"\317\005\012\347\265\001\326\336\270r\024c\021'\275"
 3400      B501D6DE 
 3400      B8721463 
 3400      1127BD
 3401 0db3 96D038D1 		.ascii	"\226\3208\321\315\334\360i\033\016\327F\305\207\021"
 3401      CDDCF069 
 3401      1B0ED746 
 3401      C58711
 3402 0dc2 5E0C25A4 		.ascii	"^\014%\244{\320\324\275(\247y\263\302\216\262{\2611"
 3402      7BD0D4BD 
 3402      28A779B3 
 3402      C28EB27B 
 3402      B131
 3403 0dd4 2D2FB996 		.ascii	"-/\271\226\303y`\335\302mS\242\373\307cot\315i\275\260"
 3403      C37960DD 
 3403      C26D53A2 
 3403      FBC7636F 
 3403      74CD69BD 
 3404 0de9 76883693 		.ascii	"v\2106\223\265R\270J\341\332_\234\311\256p\020\273\224"
 3404      B552B84A 
 3404      E1DA5F9C 
 3404      C9AE7010 
 3404      BB94
 3405 0dfb E7CAE7C4 		.ascii	"\347\312\347\3042\245\325Uw\327Y\303\247\262\353A\330"
 3405      32A5D555 
 3405      77D759C3 
 3405      A7B2EB41 
 3405      D8
 3406 0e0c 62DAAB4C 		.ascii	"b\332\253L\275q\254\273\377:L\244\315\346\325Z\332l"
 3406      BD71ACBB 
 3406      FF3A4CA4 
 3406      CDE6D55A 
 3406      DA6C
 3407 0e1e A75045E1 		.ascii	"\247PE\341\226\221\022\345\241)QJa!\345\267\207\267"
 3407      969112E5 
 3407      A129514A 
 3407      6121E5B7 
 3407      87B7
 3408 0e30 38ED1DEC 		.ascii	"8\355\035\354\011\0127)\334\243p\233B\007\205\273\024"
ARM GAS  C:\Users\acest\AppData\Local\Temp\ccNY0j1l.s 			page 109


 3408      090A3729 
 3408      DCA3709B 
 3408      420785BB 
 3408      14
 3409 0e41 3AB528FB 		.ascii	":\265(\373\366i\227<\353(\254\340\274\272g\313\251q"
 3409      F669973C 
 3409      EB28ACE0 
 3409      BCBA67CB 
 3409      A971
 3410 0e53 3C59B05A 		.ascii	"<Y\260Z\034O.Q8\303A\"\314\201\247\356\025\014\302r"
 3410      1C4F2E51 
 3410      38C34122 
 3410      CC81A7EE 
 3410      150CC272 
 3411 0e67 F634859D 		.ascii	"\3664\205\235\034#r(0g}g5\036<f,\346\030q\206\321\216"
 3411      1C237228 
 3411      30677D67 
 3411      351E3C66 
 3411      2CE61871 
 3412 0e7e A6DAA0DD 		.ascii	"\246\332\240\335\241Y\264\211\302\372p\213\3049\357"
 3412      A159B489 
 3412      C2FA708B 
 3412      C439EF
 3413 0e8d D47E9162 		.ascii	"\324~\221b\025\024\312\2020\213\375\312\332\257\255"
 3413      1514CA82 
 3413      308BFDCA 
 3413      DAAFAD
 3414 0e9c 16981B14 		.ascii	"\026\230\033\024.\007a\026Q\377\231\252\270\376\316"
 3414      2E076116 
 3414      51FF99AA 
 3414      B8FECE
 3415 0eab 1D4B7C58 		.ascii	"\035K|X\354\026\376\345\330a\343/OL\337\024\363\026"
 3415      EC16FEE5 
 3415      D861E32F 
 3415      4F4CDF14 
 3415      F316
 3416 0ebd DBB12CB8 		.ascii	"\333\261,\2701s\355\373\205ji.\205\373\024\026\360\246"
 3416      3173EDFB 
 3416      856A692E 
 3416      85FB1416 
 3416      F0A6
 3417 0ecf 824AC237 		.ascii	"\202J\3027\351\343\322\236\364T,\256H(\035<\025\366"
 3417      E9E3D29E 
 3417      F4542CAE 
 3417      48281D3C 
 3417      15F6
 3418 0ee1 ED998667 		.ascii	"\355\231\206g\233\352\340\253\346G4\360\006\374I\254"
 3418      9BEAE0AB 
 3418      E64734F0 
 3418      06FC49AC 
 3419 0ef1 186AEFD1 		.ascii	"\030j\357\321\374\356\022-AY\211R\323],\322l\017St\375"
 3419      FCEE122D 
 3419      41598952 
 3419      D35D2CD2 
 3419      6C0F5374 
 3420 0f06 C99A18FF 		.ascii	"\311\232\030\377\337\203\260Rw0\013\223k0d\312l\303"
 3420      DF83B052 
ARM GAS  C:\Users\acest\AppData\Local\Temp\ccNY0j1l.s 			page 110


 3420      77300B93 
 3420      6B3064CA 
 3420      6CC3
 3421 0f18 52B26F91 		.ascii	"R\262o\221\251\227p\360\367\360\330\010B\266\314q\270"
 3421      A99770F0 
 3421      F7F0D808 
 3421      42B6CC71 
 3421      B8
 3422 0f29 CA226B0B 		.ascii	"\312\"k\013J;JV\234D\013\342\204\336\276t>\276\255@"
 3422      4A3B4A56 
 3422      9C440BE2 
 3422      84DEBE74 
 3422      3EBEAD40 
 3423 0f3d F91AA506 		.ascii	"\371\032\245\006\245\011\345$J\013\312u\224N\224\314"
 3423      A509E524 
 3423      4A0BCA75 
 3423      944E94CC 
 3424 0f4d 1E12FD02 		.ascii	"\036\022\375\002\345K\224\005(\313P\326\240lA\251Ei"
 3424      E54B9405 
 3424      28CB50D6 
 3424      A06C41A9 
 3424      4569
 3425 0f5f EAC1D8BE 		.ascii	"\352\301\330\276\207\0133\345O\324\327\203\005\340\341"
 3425      870B33E5 
 3425      4FD4D783 
 3425      05E0E1
 3426 0f6e 948A05FC 		.ascii	"\224\212\005\374\356\374\246Z\235\025%i\033BX #\006"
 3426      EEFCA65A 
 3426      9D152569 
 3426      1B425820 
 3426      2306
 3427 0f80 43305F86 		.ascii	"C0_\206\022\231\236A\202\013(Wy\223\222\216\235\035"
 3427      12999E41 
 3427      820B2857 
 3427      7993928E 
 3427      9D1D
 3428 0f92 66BF2BB3 		.ascii	"f\277+\263\215![\246\273r\227\341~r"
 3428      8D215BA6 
 3428      BB7297E1 
 3428      7E72
 3429 0fa0 BC7C5A5E 		.ascii	"\274|Z^\224q\211\363\262\017[\217\236\227_\\?|Q\266"
 3429      947189F3 
 3429      B20F5B8F 
 3429      9E975F5C 
 3429      3F7C51B6 
 3430 0fb4 CAF21663 		.ascii	"\312\362\026c3Y\206\225\262v\204\347\251\373\224\362"
 3430      33598695 
 3430      B27684E7 
 3430      A9FB94F2 
 3431 0fc4 B4AD2853 		.ascii	"\264\255(S\371mI6\036\3708$\350Bu\230\270P\335\240\252"
 3431      F96D4936 
 3431      1EF83824 
 3431      E8427598 
 3431      B850DDA0 
 3432 0fd9 3486B1CC 		.ascii	"4\206\261\314\016`\341#t\252\314\021\323j\305\235\013"
 3432      0E60E123 
 3432      74AACC11 
ARM GAS  C:\Users\acest\AppData\Local\Temp\ccNY0j1l.s 			page 111


 3432      D36AC59D 
 3432      0B
 3433 0fea 42A60740 		.ascii	"B\246\007@\002\257\211\237\371I\276\012%\321\020S\015"
 3433      02AF899F 
 3433      F949BE0A 
 3433      25D11053 
 3433      0D
 3434 0ffb 92C25012 		.ascii	"\222\302P\022\377"
 3434      FF
 3435 1000 244024FF 		.ascii	"$@$\377\375\001\"0\234\3252l\220a\225\014{d\250\222"
 3435      FD012230 
 3435      9CD5326C 
 3435      9061950C 
 3435      7B64A892 
 3436 1014 C127C37A 		.ascii	"\301'\303z\334\373\311\260\\\206u2l\227a\207\014+d\330"
 3436      DCFBC9B0 
 3436      5C867532 
 3436      6C976187 
 3436      0C2B64D8 
 3437 1028 2AC35A19 		.ascii	"*\303Z\031V\313P!\303N\031\326\310\260Y\206]2l\224\241"
 3437      56CB5021 
 3437      C34E19D6 
 3437      C8B05986 
 3437      5D326C94 
 3438 103d 0E9D9661 		.ascii	"\016\235\226a\251\0148[.\223\241\022ie\250\225a\233"
 3438      A90C385B 
 3438      2E93A112 
 3438      6965A895 
 3438      619B
 3439 104f 0C5B64D8 		.ascii	"\014[d\330-k\353\315\035\277\003\245\001\326\015\026"
 3439      2D6BEBCD 
 3439      1DBF03A5 
 3439      01D60D16 
 3440 105f B74A0C90 		.ascii	"\267J\014\220o\330?#\324~-N\313\015\310\013j@V\004\334"
 3440      6FD83F23 
 3440      D47E2D4E 
 3440      CB0DC80B 
 3440      6A405604 
 3441 1074 4DCD303A 		.ascii	"M\3150:$?\250C\326iwe\214\347\261\337\226\271\241\301"
 3441      243FA843 
 3441      D6697765 
 3441      8CE7B1DF 
 3441      96B9A1C1 
 3442 1088 145D9667 		.ascii	"\024]\226g(*\010\265\345\251\340x\356\347\230\025\312"
 3442      282A08B5 
 3442      E5A9E078 
 3442      EEE79815 
 3442      CA
 3443 1099 A139F4C4 		.ascii	"\2419\364\304\217\230\023\212\3208n\373\021\213Bb\242"
 3443      8F98138A 
 3443      D0386EFB 
 3443      118B4262 
 3443      A2
 3444 10aa F5E94AC3 		.ascii	"\365\351J\303\216\347\241\016k\276\3143 \271\241I\252"
 3444      8EE7A10E 
 3444      6BBECC33 
 3444      20B9A149 
ARM GAS  C:\Users\acest\AppData\Local\Temp\ccNY0j1l.s 			page 112


 3444      AA
 3445 10bb B1941890 		.ascii	"\261\224\030\220)\241\020\215\345\221\337\222y\241\266"
 3445      29A1108D 
 3445      E591DF92 
 3445      79A1B6
 3446 10ca 8A2BB639 		.ascii	"\212+\2669\006G^\330X\020\034\225\006\244+\300\330r"
 3446      06475ED8 
 3446      58101C95 
 3446      06A42BC0 
 3446      D872
 3447 10dc 63247C61 		.ascii	"c$|a f\206\206U V\033\210'\241\034\332\237\036\374\226"
 3447      20668686 
 3447      5520561B 
 3447      8827A11C 
 3447      DA9F1EFC 
 3448 10f1 7E196AA9 		.ascii	"~\031j\251\346K\256\301Q\024\026x*\376]\203\001\231"
 3448      E64BAEC1 
 3448      51141678 
 3448      2AFE5D83 
 3448      0199
 3449 1103 166A8896 		.ascii	"\026j\210\226H\267\262\270\2362\031\026\007\345\221"
 3449      48B7B2B8 
 3449      9E321916 
 3449      07E591
 3450 1112 F177DBB9 		.ascii	"\361w\333\271\006\311\027\241!\321\022v\241\001\231"
 3450      06C917A1 
 3450      21D11276 
 3450      A10199
 3451 1121 2487F49F 		.ascii	"$\207\364\237 Ye \236\205\366\260fl\261\001\311\011"
 3451      20596520 
 3451      9E85F6B0 
 3451      666CB101 
 3451      C909
 3452 1133 D5A3A5DA 		.ascii	"\325\243\245\332\032\003\262D\016\011\233\326;]\033"
 3452      1A03B244 
 3452      0E099BD6 
 3452      3B5D1B
 3453 1142 55352A06 		.ascii	"U5*\006\026\312P\314\021\3729{\260\010\034\335\330\223"
 3453      16CA50CC 
 3453      11FA397B 
 3453      B0081CDD 
 3453      D893
 3454 1154 5FFA3DB9 		.ascii	"_\372=\271;K\254z\325\001\223\005\324\313\377\237\323"
 3454      3B4BAC7A 
 3454      D5019305 
 3454      D4CBFF9F 
 3454      D3
 3455 1165 053BD16E 		.ascii	"\005;\321n\253R\336*)P\273\326=<\264~H\241\252\376\034"
 3455      AB52DE2A 
 3455      2950BBD6 
 3455      3D3CB47E 
 3455      48A1AAFE 
 3456 117a 1A6478C8 		.ascii	"\032dx\310\227O}\002\303\267\264\217\253\373\260\223"
 3456      974F7D02 
 3456      C3B7B48F 
 3456      ABFBB093 
 3457 118a 49DD9225 		.ascii	"I\335\222%\001\377\202 `-\333+s\272\257o?\365EEZ\017"
ARM GAS  C:\Users\acest\AppData\Local\Temp\ccNY0j1l.s 			page 113


 3457      01FF8220 
 3457      602DDB2B 
 3457      73BAAF6F 
 3457      3FF54545 
 3458 11a0 9BF87A38 		.ascii	"\233\370z8\204\375{\243\262\307\333h\340\032\242\007"
 3458      84FD7BA3 
 3458      B2C7DB68 
 3458      E01AA207 
 3459 11b0 689FCC61 		.ascii	"h\237\314abq5!\262|snSt$\262\003\234l\277\314\221fD"
 3459      62713521 
 3459      B27C736E 
 3459      537424B2 
 3459      039C6CBF 
 3460 11c8 1EBD74B5 		.ascii	"\036\275t\265&.\210\223\302AvgpH\346hf\332\344\226G"
 3460      262E8893 
 3460      C2417667 
 3460      7048E668 
 3460      66DAE496 
 3461 11dd 6F1AA6DF 		.ascii	"o\032\246\3377L?,~\337\273-\277$\340\317\304\307\214"
 3461      374C3F2C 
 3461      7EDFBB2D 
 3461      BF24E0CF 
 3461      C4C78C
 3462 11f0 3FDB1F61 		.ascii	"?\333\037a\013[uO\211\036\340]\227WS[\302\256)\340\230"
 3462      0B5B754F 
 3462      891EE05D 
 3462      9757535B 
 3462      C2AE29E0 
 3463 1205 6858907B 		.ascii	"hX\220{l\004\277\265X-\2561NO\233;\325\034\341\242\345"
 3463      6C04BFB5 
 3463      582DAE31 
 3463      4E4F9B3B 
 3463      D51CE1A2 
 3464 121a 24DA7202 		.ascii	"$\332r\002\201\337-\230\243vuU\256{2\2606[\255P\325"
 3464      81DF2D98 
 3464      A3767555 
 3464      AE7B32B0 
 3464      365BAD50 
 3465 122f 820682BF 		.ascii	"\202\006\202\277\301QY\334J\034\227\241\231\275\351"
 3465      C15159DC 
 3465      4A1C97A1 
 3465      99BDE9
 3466 123e 373AFBFA 		.ascii	"7:\373\372\322\345\275\3709i\353\364&k\004\336\3232"
 3466      D2E5BDF8 
 3466      3969EBF4 
 3466      266B04DE 
 3466      D332
 3467 1250 BFA3E3B4 		.ascii	"\277\243\343\264\013n\334=\236P#h\177\216\277\300)Y"
 3467      0B6EDC3D 
 3467      9E502368 
 3467      7F8EBFC0 
 3467      2959
 3468 1262 BB98FB86 		.ascii	"\273\230\373\206\225u\316\265}\351\372^a\276p\206m\255"
 3468      9575CEB5 
 3468      7DE9FA5E 
 3468      61BE7086 
 3468      6DAD
ARM GAS  C:\Users\acest\AppData\Local\Temp\ccNY0j1l.s 			page 114


 3469 1274 BE22F3D6 		.ascii	"\276\"\363\326*U\235\254\252Y\337g\354pF\263\354\254"
 3469      2A559DAC 
 3469      AA59DF67 
 3469      EC7046B3 
 3469      ECAC
 3470 1286 0CE7D89B 		.ascii	"\014\347\330\233\316R\333\227n\357\245\353=|*H\357y"
 3470      CE52DB97 
 3470      6EEFA5EB 
 3470      3D7C2A48 
 3470      EF79
 3471 1298 5D6F0B2B 		.ascii	"]o\013+\353-&\367\245\215/\325\333>;D\357\005M\357E"
 3471      EB2D26F7 
 3471      A58D2FD5 
 3471      DB3E3B44 
 3471      EF054DEF 
 3472 12ad 192EB137 		.ascii	"\031.\2617\235eK_d\270\227Ws-\340\026e\206\321\237\227"
 3472      9D654B5F 
 3472      64B89757 
 3472      732DE016 
 3472      6586D19F 
 3473 12c2 45B71CDC 		.ascii	"E\267\034\334~\261\211\032\200\022\003pE\000\236\264"
 3473      7EB1891A 
 3473      80120370 
 3473      45009EB4 
 3474 12d2 BF280CF8 		.ascii	"\277(\014\370K}\246\001\270\312:\374x\257\210\327hy"
 3474      4B7DA601 
 3474      B8CA3AFC 
 3474      78AF88D7 
 3474      6879
 3475 12e4 15EDA5C6 		.ascii	"\025\355\245\306\315e\261\221\276\327\320\2766\315\233"
 3475      CD65B191 
 3475      BED7D0BE 
 3475      36CD9B
 3476 12f3 AAE7E585 		.ascii	"\252\347\345\2056<d\343\324\266\253?\376\002\255z8\256"
 3476      363C64E3 
 3476      D4B6AB3F 
 3476      FE02AD7A 
 3476      38AE
 3477 1305 B3B2EE48 		.ascii	"\263\262\356H\323\353\364Zd-\2717\257\2360\372\272\310"
 3477      D3EBF45A 
 3477      642DB937 
 3477      AF9E30FA 
 3477      BAC8
 3478 1317 D0720B1B 		.ascii	"\320r\013\033\337\324\265\034Y\274\3500\370\325\334"
 3478      DFD4B51C 
 3478      59BCE830 
 3478      F8D5DC
 3479 1326 92E186AE 		.ascii	"\222\341\206\256\3466+\353jZ_\227~4h\320\340\300\377"
 3479      E6362BEB 
 3479      6A5A5F97 
 3479      7E3468D0 
 3479      E0C0FF
 3480 1339 3F1CEB1C 		.ascii	"?\034\353\034\355\374\2257\303\341t\015\266\263\262"
 3480      EDFC9537 
 3480      C3E1740D 
 3480      B6B3B2
 3481 1348 CB333421 		.ascii	"\31334!!a\260\3133\330\355\035\354q\333\261\326\255"
ARM GAS  C:\Users\acest\AppData\Local\Temp\ccNY0j1l.s 			page 115


 3481      2161B0CB 
 3481      33D8ED1D 
 3481      EC71DBB1 
 3481      D6AD
 3482 135a 243B3D5E 		.ascii	"$;=^\367\304Av\313\317>\371M\277\017\023\336\225^\013"
 3482      F7C44176 
 3482      CBCF3EF9 
 3482      4DBF0F13 
 3482      DE955E0B 
 3483 136e AC1D345C 		.ascii	"\254\0354\\\0311|\370;\357\015\223,n%)%\335\355t\231"
 3483      19317CF8 
 3483      3BEF0D93 
 3483      2C6E2529 
 3483      25DDED74 
 3484 1383 BDECDBE6 		.ascii	"\275\354\333\3465\247z'\244 \314b\037kK\315\360*\023"
 3484      35A77A27 
 3484      A420CC62 
 3484      1F6B4BCD 
 3484      F02A13
 3485 1396 2C4ABA92 		.ascii	",J\272\222\346p\246%wS\306)i\336\324$\317\3476\257%"
 3485      E670A625 
 3485      7753C629 
 3485      69DED424 
 3485      CFE736AF 
 3486 13ab D593FCC7 		.ascii	"\325\223\374\307\014%C\221\323\224\011\034\313\337\254"
 3486      0C254391 
 3486      D394091C 
 3486      CBDFAC
 3487 13ba 7AC1E695 		.ascii	"z\301\346\225\323\335\312\270a\366\037&r\033=\334\336"
 3487      D3DDCAB8 
 3487      61F61F26 
 3487      721B3DDC 
 3487      DE
 3488 13cb C4007B13 		.ascii	"\304\000{\023]\236D\2677\321\231fO\311p(\370\013S\352"
 3488      5D9E44B7 
 3488      37D19966 
 3488      4FC97028 
 3488      F80B53EA 
 3489 13df 19345632 		.ascii	"\0314V2\217OrzQ\235\031\271X]\264\366\264y!\303\244"
 3489      8F4F727A 
 3489      519D19B9 
 3489      585DB4F6 
 3489      B47921C3 
 3490 13f4 8C67FA4D 		.ascii	"\214g\372M\343\275he:><Jjz\014\002\360\231\224>\326"
 3490      E3BD6865 
 3490      3A3E3C4A 
 3490      6A7A0C02 
 3490      F099943E 
 3491 1409 E556CC1E 		.ascii	"\345V\314\036f\243'9\012\305\346\215\032\357\365\272"
 3491      66A32739 
 3491      0AC5E68D 
 3491      1AEFF5BA 
 3492 1419 D3198317 		.ascii	"\323\031\203\027\275OrX\304\303\346\355\245\025\334"
 3492      BD4F7258 
 3492      C4C3E6ED 
 3492      A515DC
 3493 1428 CA18C5AD 		.ascii	"\312\030\305\255\244\331\321`ds\215\376C\272E\231\340"
ARM GAS  C:\Users\acest\AppData\Local\Temp\ccNY0j1l.s 			page 116


 3493      A4D9D160 
 3493      64738DFE 
 3493      43BA4599 
 3493      E0
 3494 1439 F4DA5D0E 		.ascii	"\364\332]\016\305\344vLD\222w^\301\005l\257\330\271"
 3494      C5E4764C 
 3494      4492775E 
 3494      C1056CAF 
 3494      D8B9
 3495 144b 1332127B 		.ascii	"\0232\022{\314^\366\215V\214IIJ\306\267Td\3057\2177"
 3495      CC5EF68D 
 3495      568C4949 
 3495      4AC6B754 
 3495      64C5378F 
 3496 1460 C9AB58BC 		.ascii	"\311\253X\274\374\301\324&\215N\362(V\217\367\363\244"
 3496      FCC1D426 
 3496      8D4EF228 
 3496      568FF7F3 
 3496      A4
 3497 1471 1467721A 		.ascii	"\024gr\032F.-)U\221\355c\223\334Q\256\361i\212\273;"
 3497      462E2D29 
 3497      5591ED63 
 3497      93DC51AE 
 3497      F1698ABB 
 3498 1486 9AEFF2D8 		.ascii	"\232\357\362\330\234i\330\002-\215\015(cs7\2177\265"
 3498      9C69D802 
 3498      2D8D0D28 
 3498      6373378F 
 3498      37B5
 3499 1498 7B27A0CE 		.ascii	"{'\240\316d\217)\305mS&\330-\031\3164\357\260\2416/"
 3499      648F29C5 
 3499      6D5326D8 
 3499      2D19CE34 
 3499      EFB0A136 
 3500 14ad 752724A0 		.ascii	"u'$\240\014!\356\367\211\373=\342~\227\270G\020\367"
 3500      0C21EEF7 
 3500      89FB3DE2 
 3500      7E97B847 
 3500      10F7
 3501 14bf 3BC43DDC 		.ascii	";\304=\334\314\324b\237wKw\271\275\310\350E\212\221"
 3501      CCD4629F 
 3501      774B77B9 
 3501      BDC8E845 
 3501      8A91
 3502 14d1 7FDE59BB 		.ascii	"\177\336Y\273+5\325\225\226\310\032x\022\223\334\251"
 3502      2B35D595 
 3502      96C81A78 
 3502      1293DCA9 
 3503 14e1 E3DE1D98 		.ascii	"\343\336\035\230:0)\305\2138;\306\036\375&\236t\301"
 3503      3A3029C5 
 3503      8B383BC6 
 3503      1EFD269E 
 3503      74C1
 3504 14f3 8759817C 		.ascii	"\207Y\201|1\274lw\245a\036y\351X\207\333\224\316\315"
 3504      31BC6C77 
 3504      A5611E79 
 3504      E95887DB 
ARM GAS  C:\Users\acest\AppData\Local\Temp\ccNY0j1l.s 			page 117


 3504      94CECD
 3505 1506 ED892EB1 		.ascii	"\355\211.\261ts;\275\023E\302\304\207\325\360\024r\272"
 3505      74733BBD 
 3505      1345C2C4 
 3505      87D5F014 
 3505      72BA
 3506 1518 A2449AB1 		.ascii	"\242D\232\261\014\210JMw\271Rh\302\010)\232+W\006\246"
 3506      0C884A4D 
 3506      77B95268 
 3506      C208299A 
 3506      2B5706A6 
 3507 152c 4A56548C 		.ascii	"JVT\214\344\003S\207K=\354cG)\311\0379\335\036\357\257"
 3507      E4035387 
 3507      4B3DEC63 
 3507      4729C91F 
 3507      39DD1EEF 
 3508 1541 79EFFEE0 		.ascii	"y\357\376\340\303\037&\376\306\243\270\321V\273\342"
 3508      C31F26FE 
 3508      C6A3B8D1 
 3508      56BBE2
 3509 1550 F126FE44 		.ascii	"\361&\376D\361|\356u\245'\216\032\364\301\240\017\007"
 3509      F17CEE75 
 3509      A5278E1A 
 3509      F4C1A00F 
 3509      07
 3510 1561 FD34D18D 		.ascii	"\3754\321\215\325\250\324\305:M\372\347\277i\230Iq\\"
 3510      D5A8D4C5 
 3510      3A4DFAE7 
 3510      BF699849 
 3510      715C
 3511 1573 F927E8A6 		.ascii	"\371'\350\246\320\335G3&\315!\336\177<\361\023\354\325"
 3511      D0DD4733 
 3511      26CD21DE 
 3511      7F3CF113 
 3511      ECD5
 3512 1585 BE61B59F 		.ascii	"\276a\265\237\2720\362\212\373\215\260\037\376\335\345"
 3512      BA30F28A 
 3512      FB8DB01F 
 3512      FEDDE5
 3513 1594 FE1C47C1 		.ascii	"\376\034G\301\007\370\206\011\376\353\261\216QJ\212"
 3513      07F88609 
 3513      FEEBB18E 
 3513      514A8A
 3514 15a3 823DF62A 		.ascii	"\202=\366*\371(\222\234\345\243\011\315\264\247\246"
 3514      F928929C 
 3514      E5A309CD 
 3514      B4A7A6
 3515 15b2 CBE9196E 		.ascii	"\313\351\031n\214\245\2224\306\234\346\302_]\343\361"
 3515      8CA59234 
 3515      C69CE6C2 
 3515      5F5DE3F1 
 3516 15c2 99969691 		.ascii	"\231\226\226\221\222\362Y\010\255\027#\355ILN\313\350"
 3516      92F25908 
 3516      AD1723ED 
 3516      494C4ECB 
 3516      E8
 3517 15d3 C74BFD30 		.ascii	"\307K\3750\340\375\224\324\321\212\303\2418\022\023"
ARM GAS  C:\Users\acest\AppData\Local\Temp\ccNY0j1l.s 			page 118


 3517      E0FD94D4 
 3517      D18AC3A1 
 3517      381213
 3518 15e2 860C1AD6 		.ascii	"\206\014\032\326o\350\220\241\011\203\022\206\260<\030"
 3518      6FE890A1 
 3518      09831286 
 3518      B03C18
 3519 15f1 8824CA40 		.ascii	"\210$\312@%i\264\323\257\034\365\241\365\250\231\332"
 3519      2569B4D3 
 3519      AF1CF5A1 
 3519      F5A899DA 
 3520 1601 C70EB1A6 		.ascii	"\307\016\261\246&\241\227\334\030\023&\303\030gr\237"
 3520      26A197DC 
 3520      181326C3 
 3520      1867729F 
 3521 1611 E09CB689 		.ascii	"\340\234\266\211\332\336\341U\230\005\3561\366\0146"
 3521      DADEE155 
 3521      9805EE31 
 3521      F60C36
 3522 1620 19B0A7CC 		.ascii	"\031\260\247\314\206\1777V\262\211\211h\350+\204\203"
 3522      867F3756 
 3522      B2898968 
 3522      E82B8483 
 3523 1630 3563B1E0 		.ascii	"5c\261\340\315\275f\226\2626\247#Z{b\015\366'\313\263"
 3523      CDBD6696 
 3523      B236A723 
 3523      5A7B620D 
 3523      F627CBB3 
 3524 1644 6E4C99D6 		.ascii	"nL\231\326\265V\275\200Cm\234\227O\214)I\036\257\327"
 3524      B556BD80 
 3524      436D9C97 
 3524      4F8C2949 
 3524      1EAFD7
 3525 1657 99AA447B 		.ascii	"\231\252D{&z\330\023\207\264\203\375\020\213\315\034"
 3525      267AD813 
 3525      87B483FD 
 3525      108BCD1C 
 3526 1667 4A8A3789 		.ascii	"J\2127\211OWqAo\014\303^b\261\015\357\360qI)6/\316\311"
 3526      4F577141 
 3526      6F0CC35E 
 3526      62B10DEF 
 3526      F0714929 
 3527 167f B6714EB7 		.ascii	"\266qN\2677\203\275 \223\333#f<\246\001\243\220\232"
 3527      3783BD20 
 3527      93DB2366 
 3527      3CA601A3 
 3527      909A
 3528 1691 CE87F188 		.ascii	"\316\207\361\210\3416o\237\0100\344t\353zYh'\362Z\263"
 3528      E1366F9F 
 3528      0830E474 
 3528      EB7A5968 
 3528      27F25AB3 
 3529 16a5 3DC38D33 		.ascii	"=\303\2153\2327\306\250\302Y\3001:\231\031\304,VR\321"
 3529      9A37C6A8 
 3529      C259C031 
 3529      3A9919C4 
 3529      2C5652D1 
ARM GAS  C:\Users\acest\AppData\Local\Temp\ccNY0j1l.s 			page 119


 3530 16b9 AED119C9 		.ascii	"\256\321\031\311\321\351IiN\273\015\247\270W\231\245"
 3530      D1E94969 
 3530      4EBB0DA7 
 3530      B85799A5 
 3531 16c9 79530C62 		.ascii	"yS\014b\367@*\2337\341\025(\260%\022Xx|\260q\017\327"
 3531      F7402A9B 
 3531      37E11528 
 3531      B0251258 
 3531      787CB071 
 3532 16df 9831BCD7 		.ascii	"\2301\274\327mZG\230\231\323\357\331\274\306\017Z\277"
 3532      6D5A4798 
 3532      99D3EFD9 
 3532      BCC60F5A 
 3532      BF
 3533 16f0 C4F92B44 		.ascii	"\304\371+DOt7\000\354\365\265\340W\233\026\010N\203"
 3533      4F743700 
 3533      ECF5B5E0 
 3533      579B1608 
 3533      4E83
 3534 1702 3A9105E7 		.ascii	":\221\005\347\202q\212#\306_\201y\020g\374\312u\364"
 3534      82718A23 
 3534      C65F8179 
 3534      1067FCCA 
 3534      75F4
 3535 1714 D4DFF53C 		.ascii	"\324\337\365<\364\304\3525|\302\216\361\327\247e\244"
 3535      F4C4EA35 
 3535      7CC28EF1 
 3535      D7A765A4 
 3536 1724 C6E85DE9 		.ascii	"\306\350]\351q\376I\261\212)\224\025\271\006]\235\205"
 3536      71FE49B1 
 3536      8A299415 
 3536      B9065D9D 
 3536      85
 3537 1735 BDB06EEB 		.ascii	"\275\260n\353\306\012\270*\342\222\345\265\010\304\030"
 3537      C60AB82A 
 3537      E292E5B5 
 3537      08C418
 3538 1744 4F342BF0 		.ascii	"O4+\360\365\201\227\204\016Q\372<\305\231\352\024H\266"
 3538      F5819784 
 3538      0E51FA3C 
 3538      C599EA14 
 3538      48B6
 3539 1756 22F0DF5D 		.ascii	"\"\360\337])\016\305\315Ki\312x\305mf%Tj\021\324N\227"
 3539      290EC5CD 
 3539      4B69CA78 
 3539      C56D6625 
 3539      546A11D4 
 3540 176c 551BF268 		.ascii	"U\033\362h\204\205\351d\005s\272\327\315\237\3430s\234"
 3540      8485E964 
 3540      0573BAD7 
 3540      CD9FE330 
 3540      739C
 3541 177e AE349E54 		.ascii	"\2564\236T\011#pd\261Z\371O\212\333eu:0R\3161N\305\035"
 3541      09237064 
 3541      B15AF94F 
 3541      8ADB6575 
 3541      3A3052CE 
ARM GAS  C:\Users\acest\AppData\Local\Temp\ccNY0j1l.s 			page 120


 3542 1796 6B4411C3 		.ascii	"kD\021\3033\342U\206\227>\033\216\225\242\265D\261y"
 3542      33E25586 
 3542      973E1B8E 
 3542      95A2B544 
 3542      B179
 3543 17a8 636DB836 		.ascii	"cm\2706{m?\376\340W?\375t\324\307\261I)\343\223xpS\234"
 3543      7B6D3FFE 
 3543      E0573FFD 
 3543      74D4C7B1 
 3543      4929E393 
 3544 17c0 69CA2FFF 		.ascii	"i\312/\377\252\325\006\247T6\307$\332S=N"
 3544      AAD506A7 
 3544      5436C724 
 3544      DA533D4E 
 3545 17d0 56E9560C 		.ascii	"V\351V\014\235\254\312\226l\267\013\225\277\232\350"
 3545      9DACCA96 
 3545      6CB70B95 
 3545      BF9AE8
 3546 17df F9A5CBFE 		.ascii	"\371\245\313\376y4_tR\260\324\215\327\375&\215\227y"
 3546      79345F74 
 3546      52B0D48D 
 3546      D7FD268D 
 3546      9779
 3547 17f1 6D062FC7 		.ascii	"m\006/\307\363\331\366g\2126W\263\231\371\263\336|\222"
 3547      F3D9F667 
 3547      8A3657B3 
 3547      99F9B3DE 
 3547      7C92
 3548 1803 C5BA8089 		.ascii	"\305\272\200\211\367\263\377\005\220\352j\354"
 3548      F7B3FF05 
 3548      90EA6AEC 
 3549              		.text
 3550              		.section	.gnu.lto_.symtab.b3bfa28b,"e",%progbits
 3551 0000 63685265 		.ascii	"chRegFirstThread\000"
 3551      67466972 
 3551      73745468 
 3551      72656164 
 3551      00
 3552 0011 00       		.ascii	"\000"
 3553 0012 00       		.ascii	"\000"
 3554 0013 00       		.ascii	"\000"
 3555 0014 00000000 		.ascii	"\000\000\000\000\000\000\000\000"
 3555      00000000 
 3556 001c 7E010000 		.ascii	"~\001\000\000"
 3557 0020 63685265 		.ascii	"chRegNextThread\000"
 3557      674E6578 
 3557      74546872 
 3557      65616400 
 3558 0030 00       		.ascii	"\000"
 3559 0031 00       		.ascii	"\000"
 3560 0032 00       		.ascii	"\000"
 3561 0033 00000000 		.ascii	"\000\000\000\000\000\000\000\000"
 3561      00000000 
 3562 003b 82010000 		.ascii	"\202\001\000\000"
 3563 003f 63685265 		.ascii	"chRegFindThreadByName\000"
 3563      6746696E 
 3563      64546872 
ARM GAS  C:\Users\acest\AppData\Local\Temp\ccNY0j1l.s 			page 121


 3563      65616442 
 3563      794E616D 
 3564 0055 00       		.ascii	"\000"
 3565 0056 00       		.ascii	"\000"
 3566 0057 00       		.ascii	"\000"
 3567 0058 00000000 		.ascii	"\000\000\000\000\000\000\000\000"
 3567      00000000 
 3568 0060 86010000 		.ascii	"\206\001\000\000"
 3569 0064 63685265 		.ascii	"chRegFindThreadByPointer\000"
 3569      6746696E 
 3569      64546872 
 3569      65616442 
 3569      79506F69 
 3570 007d 00       		.ascii	"\000"
 3571 007e 00       		.ascii	"\000"
 3572 007f 00       		.ascii	"\000"
 3573 0080 00000000 		.ascii	"\000\000\000\000\000\000\000\000"
 3573      00000000 
 3574 0088 88010000 		.ascii	"\210\001\000\000"
 3575 008c 63685265 		.ascii	"chRegFindThreadByWorkingArea\000"
 3575      6746696E 
 3575      64546872 
 3575      65616442 
 3575      79576F72 
 3576 00a9 00       		.ascii	"\000"
 3577 00aa 00       		.ascii	"\000"
 3578 00ab 00       		.ascii	"\000"
 3579 00ac 00000000 		.ascii	"\000\000\000\000\000\000\000\000"
 3579      00000000 
 3580 00b4 8C010000 		.ascii	"\214\001\000\000"
 3581 00b8 63685F64 		.ascii	"ch_debug\000"
 3581      65627567 
 3581      00
 3582 00c1 00       		.ascii	"\000"
 3583 00c2 00       		.ascii	"\000"
 3584 00c3 00       		.ascii	"\000"
 3585 00c4 00000000 		.ascii	"\000\000\000\000\000\000\000\000"
 3585      00000000 
 3586 00cc 49020000 		.ascii	"I\002\000\000"
 3587 00d0 63683000 		.ascii	"ch0\000"
 3588 00d4 00       		.ascii	"\000"
 3589 00d5 02       		.ascii	"\002"
 3590 00d6 00       		.ascii	"\000"
 3591 00d7 00000000 		.ascii	"\000\000\000\000\000\000\000\000"
 3591      00000000 
 3592 00df F6010000 		.ascii	"\366\001\000\000"
 3593 00e3 63685468 		.ascii	"chThdRelease\000"
 3593      6452656C 
 3593      65617365 
 3593      00
 3594 00f0 00       		.ascii	"\000"
 3595 00f1 02       		.ascii	"\002"
 3596 00f2 00       		.ascii	"\000"
 3597 00f3 00000000 		.ascii	"\000\000\000\000\000\000\000\000"
 3597      00000000 
 3598 00fb 90010000 		.ascii	"\220\001\000\000"
 3599              		.text
ARM GAS  C:\Users\acest\AppData\Local\Temp\ccNY0j1l.s 			page 122


 3600              		.section	.gnu.lto_.ext_symtab.b3bfa28b,"e",%progbits
 3601 0000 01       		.ascii	"\001"
 3602 0001 01       		.ascii	"\001"
 3603 0002 00       		.ascii	"\000"
 3604 0003 01       		.ascii	"\001"
 3605 0004 00       		.ascii	"\000"
 3606 0005 01       		.ascii	"\001"
 3607 0006 00       		.ascii	"\000"
 3608 0007 01       		.ascii	"\001"
 3609 0008 00       		.ascii	"\000"
 3610 0009 01       		.ascii	"\001"
 3611 000a 00       		.ascii	"\000"
 3612 000b 02       		.ascii	"\002"
 3613 000c 00       		.ascii	"\000"
 3614 000d 02       		.ascii	"\002"
 3615 000e 01       		.ascii	"\001"
 3616 000f 01       		.ascii	"\001"
 3617 0010 00       		.ascii	"\000"
 3618              		.text
 3619              		.section	.gnu.lto_.opts,"e",%progbits
 3620 0000 272D666E 		.ascii	"'-fno-openmp' '-fno-openacc' '-fno-pie' '-fcf-prote"
 3620      6F2D6F70 
 3620      656E6D70 
 3620      2720272D 
 3620      666E6F2D 
 3621 0033 6374696F 		.ascii	"ction=none' '-g' '-mcpu=cortex-m4' '-mthumb' '-mflo"
 3621      6E3D6E6F 
 3621      6E652720 
 3621      272D6727 
 3621      20272D6D 
 3622 0066 61742D61 		.ascii	"at-abi=soft' '-mlibarch=armv7e-m' '-march=armv7e-m'"
 3622      62693D73 
 3622      6F667427 
 3622      20272D6D 
 3622      6C696261 
 3623 0099 20272D4F 		.ascii	" '-O2' '-fomit-frame-pointer' '-falign-functions=16"
 3623      32272027 
 3623      2D666F6D 
 3623      69742D66 
 3623      72616D65 
 3624 00cc 2720272D 		.ascii	"' '-ffunction-sections' '-fdata-sections' '-fno-com"
 3624      6666756E 
 3624      6374696F 
 3624      6E2D7365 
 3624      6374696F 
 3625 00ff 6D6F6E27 		.ascii	"mon' '-flto' '-Xassembler' '-alms=./build/lst/chreg"
 3625      20272D66 
 3625      6C746F27 
 3625      20272D58 
 3625      61737365 
 3626 0132 69737472 		.ascii	"istry.lst'\000"
 3626      792E6C73 
 3626      742700
 3627              		.text
 3628              		.comm	__gnu_lto_slim,1,1
 3629              		.ident	"GCC: (GNU Arm Embedded Toolchain 10.3-2021.10) 10.3.1 20210824 (release)"
ARM GAS  C:\Users\acest\AppData\Local\Temp\ccNY0j1l.s 			page 123


DEFINED SYMBOLS
                            *ABS*:00000000 chregistry.c
C:\Users\acest\AppData\Local\Temp\ccNY0j1l.s:37     .gnu.debuglto_.debug_info:00000000 chregistry.c.4e644583
                            *COM*:00000001 __gnu_lto_slim

NO UNDEFINED SYMBOLS
