ARM GAS  C:\Users\acest\AppData\Local\Temp\cc7GpQc1.s 			page 1


   1              		.cpu cortex-m4
   2              		.arch armv7e-m
   3              		.fpu softvfp
   4              		.eabi_attribute 20, 1
   5              		.eabi_attribute 21, 1
   6              		.eabi_attribute 23, 3
   7              		.eabi_attribute 24, 1
   8              		.eabi_attribute 25, 1
   9              		.eabi_attribute 26, 1
  10              		.eabi_attribute 30, 2
  11              		.eabi_attribute 34, 1
  12              		.eabi_attribute 18, 4
  13              		.file	"chsem.c"
  14              		.file 1 "c:\\chibistudio\\tools\\gnu tools arm embedded\\10.3 2021.10\\arm-none-eabi\\include\\mac
  15              		.file 2 "c:\\chibistudio\\tools\\gnu tools arm embedded\\10.3 2021.10\\arm-none-eabi\\include\\sys
  16              		.file 3 "c:\\chibistudio\\chibios2111\\os\\common\\ports\\arm-common\\chtypes.h"
  17              		.file 4 "c:\\chibistudio\\chibios2111\\os\\rt\\include\\chearly.h"
  18              		.file 5 "c:\\chibistudio\\chibios2111\\os\\rt\\include\\chobjects.h"
  19              		.file 6 "c:\\chibistudio\\chibios2111\\os\\rt\\include\\chrfcu.h"
  20              		.file 7 "c:\\chibistudio\\chibios2111\\os\\rt\\include\\chdebug.h"
  21              		.file 8 "c:\\chibistudio\\chibios2111\\os\\rt\\include\\chtime.h"
  22              		.file 9 "c:\\chibistudio\\chibios2111\\os\\rt\\include\\chlists.h"
  23              		.file 10 "c:\\chibistudio\\chibios2111\\os\\common\\ports\\armv7-m-alt\\chcore.h"
  24              		.file 11 "c:\\chibistudio\\chibios2111\\os\\rt\\include\\chsem.h"
  25              		.file 12 "c:\\chibistudio\\chibios2111\\os\\rt\\include\\chmtx.h"
  26              		.file 13 "../../../../../ChibiStudio/chibios2111/os/rt/src/chsem.c"
  27              		.file 14 "c:\\chibistudio\\chibios2111\\os\\rt\\include\\chsys.h"
  28              		.file 15 "c:\\chibistudio\\chibios2111\\os\\common\\ext\\arm\\cmsis\\core\\include\\cmsis_gcc.h"
  29              		.file 16 "c:\\chibistudio\\chibios2111\\os\\rt\\include\\chthreads.h"
  30              		.section	.gnu.debuglto_.debug_info,"e",%progbits
  31              	.Ldebug_info0:
  32              		.hidden	chsem.c.bf2d4bdd
  33              		.weak	chsem.c.bf2d4bdd
  34              	chsem.c.bf2d4bdd:
  35 0000 C10B0000 		.4byte	0xbc1
  36 0004 0400     		.2byte	0x4
  37 0006 00000000 		.4byte	.Ldebug_abbrev0
  38 000a 04       		.byte	0x4
  39 000b 01       		.uleb128 0x1
  40 000c A8020000 		.4byte	.LASF139
  41 0010 0C       		.byte	0xc
  42 0011 C4060000 		.4byte	.LASF140
  43 0015 DC010000 		.4byte	.LASF141
  44 0019 00000000 		.4byte	.Ldebug_line0
  45 001d 02       		.uleb128 0x2
  46 001e 04       		.byte	0x4
  47 001f 05       		.byte	0x5
  48 0020 696E7400 		.ascii	"int\000"
  49 0024 03       		.uleb128 0x3
  50 0025 04       		.byte	0x4
  51 0026 07       		.byte	0x7
  52 0027 5C020000 		.4byte	.LASF0
  53 002b 03       		.uleb128 0x3
  54 002c 08       		.byte	0x8
  55 002d 05       		.byte	0x5
  56 002e F2000000 		.4byte	.LASF1
  57 0032 03       		.uleb128 0x3
ARM GAS  C:\Users\acest\AppData\Local\Temp\cc7GpQc1.s 			page 2


  58 0033 08       		.byte	0x8
  59 0034 04       		.byte	0x4
  60 0035 B3050000 		.4byte	.LASF2
  61 0039 03       		.uleb128 0x3
  62 003a 01       		.byte	0x1
  63 003b 06       		.byte	0x6
  64 003c 00010000 		.4byte	.LASF3
  65 0040 04       		.uleb128 0x4
  66 0041 4A000000 		.4byte	.LASF7
  67 0045 01       		.byte	0x1
  68 0046 2B       		.byte	0x2b
  69 0047 18       		.byte	0x18
  70 0048 4C000000 		.4byte	0x4c
  71 004c 03       		.uleb128 0x3
  72 004d 01       		.byte	0x1
  73 004e 08       		.byte	0x8
  74 004f 11050000 		.4byte	.LASF4
  75 0053 03       		.uleb128 0x3
  76 0054 02       		.byte	0x2
  77 0055 05       		.byte	0x5
  78 0056 36050000 		.4byte	.LASF5
  79 005a 03       		.uleb128 0x3
  80 005b 02       		.byte	0x2
  81 005c 07       		.byte	0x7
  82 005d DA000000 		.4byte	.LASF6
  83 0061 04       		.uleb128 0x4
  84 0062 FD050000 		.4byte	.LASF8
  85 0066 01       		.byte	0x1
  86 0067 4D       		.byte	0x4d
  87 0068 18       		.byte	0x18
  88 0069 6D000000 		.4byte	0x6d
  89 006d 03       		.uleb128 0x3
  90 006e 04       		.byte	0x4
  91 006f 05       		.byte	0x5
  92 0070 6B010000 		.4byte	.LASF9
  93 0074 04       		.uleb128 0x4
  94 0075 08020000 		.4byte	.LASF10
  95 0079 01       		.byte	0x1
  96 007a 4F       		.byte	0x4f
  97 007b 19       		.byte	0x19
  98 007c 80000000 		.4byte	0x80
  99 0080 03       		.uleb128 0x3
 100 0081 04       		.byte	0x4
 101 0082 07       		.byte	0x7
 102 0083 77020000 		.4byte	.LASF11
 103 0087 04       		.uleb128 0x4
 104 0088 CE040000 		.4byte	.LASF12
 105 008c 01       		.byte	0x1
 106 008d 69       		.byte	0x69
 107 008e 19       		.byte	0x19
 108 008f 93000000 		.4byte	0x93
 109 0093 03       		.uleb128 0x3
 110 0094 08       		.byte	0x8
 111 0095 07       		.byte	0x7
 112 0096 2A010000 		.4byte	.LASF13
 113 009a 04       		.uleb128 0x4
 114 009b B6060000 		.4byte	.LASF14
ARM GAS  C:\Users\acest\AppData\Local\Temp\cc7GpQc1.s 			page 3


 115 009f 02       		.byte	0x2
 116 00a0 18       		.byte	0x18
 117 00a1 13       		.byte	0x13
 118 00a2 40000000 		.4byte	0x40
 119 00a6 04       		.uleb128 0x4
 120 00a7 09050000 		.4byte	.LASF15
 121 00ab 02       		.byte	0x2
 122 00ac 2C       		.byte	0x2c
 123 00ad 13       		.byte	0x13
 124 00ae 61000000 		.4byte	0x61
 125 00b2 04       		.uleb128 0x4
 126 00b3 88050000 		.4byte	.LASF16
 127 00b7 02       		.byte	0x2
 128 00b8 30       		.byte	0x30
 129 00b9 14       		.byte	0x14
 130 00ba 74000000 		.4byte	0x74
 131 00be 04       		.uleb128 0x4
 132 00bf 41000000 		.4byte	.LASF17
 133 00c3 02       		.byte	0x2
 134 00c4 3C       		.byte	0x3c
 135 00c5 14       		.byte	0x14
 136 00c6 87000000 		.4byte	0x87
 137 00ca 05       		.uleb128 0x5
 138 00cb BE000000 		.4byte	0xbe
 139 00cf 04       		.uleb128 0x4
 140 00d0 98050000 		.4byte	.LASF18
 141 00d4 03       		.byte	0x3
 142 00d5 48       		.byte	0x48
 143 00d6 1D       		.byte	0x1d
 144 00d7 BE000000 		.4byte	0xbe
 145 00db 04       		.uleb128 0x4
 146 00dc F3030000 		.4byte	.LASF19
 147 00e0 04       		.byte	0x4
 148 00e1 50       		.byte	0x50
 149 00e2 19       		.byte	0x19
 150 00e3 CF000000 		.4byte	0xcf
 151 00e7 04       		.uleb128 0x4
 152 00e8 9B030000 		.4byte	.LASF20
 153 00ec 04       		.byte	0x4
 154 00ed 53       		.byte	0x53
 155 00ee 19       		.byte	0x19
 156 00ef 9A000000 		.4byte	0x9a
 157 00f3 04       		.uleb128 0x4
 158 00f4 74010000 		.4byte	.LASF21
 159 00f8 04       		.byte	0x4
 160 00f9 54       		.byte	0x54
 161 00fa 19       		.byte	0x19
 162 00fb 9A000000 		.4byte	0x9a
 163 00ff 04       		.uleb128 0x4
 164 0100 E3040000 		.4byte	.LASF22
 165 0104 04       		.byte	0x4
 166 0105 55       		.byte	0x55
 167 0106 19       		.byte	0x19
 168 0107 9A000000 		.4byte	0x9a
 169 010b 04       		.uleb128 0x4
 170 010c EB040000 		.4byte	.LASF23
 171 0110 04       		.byte	0x4
ARM GAS  C:\Users\acest\AppData\Local\Temp\cc7GpQc1.s 			page 4


 172 0111 57       		.byte	0x57
 173 0112 19       		.byte	0x19
 174 0113 B2000000 		.4byte	0xb2
 175 0117 04       		.uleb128 0x4
 176 0118 8C030000 		.4byte	.LASF24
 177 011c 04       		.byte	0x4
 178 011d 58       		.byte	0x58
 179 011e 19       		.byte	0x19
 180 011f A6000000 		.4byte	0xa6
 181 0123 04       		.uleb128 0x4
 182 0124 B9030000 		.4byte	.LASF25
 183 0128 04       		.byte	0x4
 184 0129 5A       		.byte	0x5a
 185 012a 19       		.byte	0x19
 186 012b B2000000 		.4byte	0xb2
 187 012f 04       		.uleb128 0x4
 188 0130 56020000 		.4byte	.LASF26
 189 0134 04       		.byte	0x4
 190 0135 5C       		.byte	0x5c
 191 0136 19       		.byte	0x19
 192 0137 A6000000 		.4byte	0xa6
 193 013b 04       		.uleb128 0x4
 194 013c D9040000 		.4byte	.LASF27
 195 0140 04       		.byte	0x4
 196 0141 80       		.byte	0x80
 197 0142 12       		.byte	0x12
 198 0143 24000000 		.4byte	0x24
 199 0147 04       		.uleb128 0x4
 200 0148 E4050000 		.4byte	.LASF28
 201 014c 04       		.byte	0x4
 202 014d 85       		.byte	0x85
 203 014e 1A       		.byte	0x1a
 204 014f 53010000 		.4byte	0x153
 205 0153 06       		.uleb128 0x6
 206 0154 7B030000 		.4byte	.LASF43
 207 0158 70       		.byte	0x70
 208 0159 05       		.byte	0x5
 209 015a 9C       		.byte	0x9c
 210 015b 08       		.byte	0x8
 211 015c 36020000 		.4byte	0x236
 212 0160 07       		.uleb128 0x7
 213 0161 68647200 		.ascii	"hdr\000"
 214 0165 05       		.byte	0x5
 215 0166 AD       		.byte	0xad
 216 0167 05       		.byte	0x5
 217 0168 05060000 		.4byte	0x605
 218 016c 00       		.byte	0
 219 016d 07       		.uleb128 0x7
 220 016e 63747800 		.ascii	"ctx\000"
 221 0172 05       		.byte	0x5
 222 0173 B1       		.byte	0xb1
 223 0174 21       		.byte	0x21
 224 0175 53050000 		.4byte	0x553
 225 0179 0C       		.byte	0xc
 226 017a 08       		.uleb128 0x8
 227 017b 89020000 		.4byte	.LASF29
 228 017f 05       		.byte	0x5
ARM GAS  C:\Users\acest\AppData\Local\Temp\cc7GpQc1.s 			page 5


 229 0180 B6       		.byte	0xb6
 230 0181 21       		.byte	0x21
 231 0182 77030000 		.4byte	0x377
 232 0186 38       		.byte	0x38
 233 0187 08       		.uleb128 0x8
 234 0188 A8050000 		.4byte	.LASF30
 235 018c 05       		.byte	0x5
 236 018d BB       		.byte	0xbb
 237 018e 22       		.byte	0x22
 238 018f 12070000 		.4byte	0x712
 239 0193 40       		.byte	0x40
 240 0194 08       		.uleb128 0x8
 241 0195 A3020000 		.4byte	.LASF31
 242 0199 05       		.byte	0x5
 243 019a C0       		.byte	0xc0
 244 019b 22       		.byte	0x22
 245 019c 0F030000 		.4byte	0x30f
 246 01a0 44       		.byte	0x44
 247 01a1 08       		.uleb128 0x8
 248 01a2 BF050000 		.4byte	.LASF32
 249 01a6 05       		.byte	0x5
 250 01a7 C9       		.byte	0xc9
 251 01a8 22       		.byte	0x22
 252 01a9 83050000 		.4byte	0x583
 253 01ad 48       		.byte	0x48
 254 01ae 08       		.uleb128 0x8
 255 01af 65010000 		.4byte	.LASF33
 256 01b3 05       		.byte	0x5
 257 01b4 CE       		.byte	0xce
 258 01b5 21       		.byte	0x21
 259 01b6 F3000000 		.4byte	0xf3
 260 01ba 4C       		.byte	0x4c
 261 01bb 08       		.uleb128 0x8
 262 01bc BE060000 		.4byte	.LASF34
 263 01c0 05       		.byte	0x5
 264 01c1 D2       		.byte	0xd2
 265 01c2 21       		.byte	0x21
 266 01c3 E7000000 		.4byte	0xe7
 267 01c7 4D       		.byte	0x4d
 268 01c8 08       		.uleb128 0x8
 269 01c9 ED000000 		.4byte	.LASF35
 270 01cd 05       		.byte	0x5
 271 01ce D7       		.byte	0xd7
 272 01cf 21       		.byte	0x21
 273 01d0 FF000000 		.4byte	0xff
 274 01d4 4E       		.byte	0x4e
 275 01d5 09       		.uleb128 0x9
 276 01d6 7500     		.ascii	"u\000"
 277 01d8 05       		.byte	0x5
 278 01d9 2801     		.2byte	0x128
 279 01db 21       		.byte	0x21
 280 01dc 33060000 		.4byte	0x633
 281 01e0 50       		.byte	0x50
 282 01e1 0A       		.uleb128 0xa
 283 01e2 18020000 		.4byte	.LASF36
 284 01e6 05       		.byte	0x5
 285 01e7 2D01     		.2byte	0x12d
ARM GAS  C:\Users\acest\AppData\Local\Temp\cc7GpQc1.s 			page 6


 286 01e9 21       		.byte	0x21
 287 01ea 4A030000 		.4byte	0x34a
 288 01ee 54       		.byte	0x54
 289 01ef 0A       		.uleb128 0xa
 290 01f0 5C010000 		.4byte	.LASF37
 291 01f4 05       		.byte	0x5
 292 01f5 3301     		.2byte	0x133
 293 01f7 21       		.byte	0x21
 294 01f8 77030000 		.4byte	0x377
 295 01fc 58       		.byte	0x58
 296 01fd 0A       		.uleb128 0xa
 297 01fe 92030000 		.4byte	.LASF38
 298 0202 05       		.byte	0x5
 299 0203 3901     		.2byte	0x139
 300 0205 21       		.byte	0x21
 301 0206 23010000 		.4byte	0x123
 302 020a 60       		.byte	0x60
 303 020b 0A       		.uleb128 0xa
 304 020c 2E070000 		.4byte	.LASF39
 305 0210 05       		.byte	0x5
 306 0211 4001     		.2byte	0x140
 307 0213 22       		.byte	0x22
 308 0214 0C070000 		.4byte	0x70c
 309 0218 64       		.byte	0x64
 310 0219 0A       		.uleb128 0xa
 311 021a 18040000 		.4byte	.LASF40
 312 021e 05       		.byte	0x5
 313 021f 4401     		.2byte	0x144
 314 0221 21       		.byte	0x21
 315 0222 0B010000 		.4byte	0x10b
 316 0226 68       		.byte	0x68
 317 0227 0A       		.uleb128 0xa
 318 0228 6D030000 		.4byte	.LASF41
 319 022c 05       		.byte	0x5
 320 022d 4B01     		.2byte	0x14b
 321 022f 22       		.byte	0x22
 322 0230 89050000 		.4byte	0x589
 323 0234 6C       		.byte	0x6c
 324 0235 00       		.byte	0
 325 0236 04       		.uleb128 0x4
 326 0237 3F060000 		.4byte	.LASF42
 327 023b 04       		.byte	0x4
 328 023c 8A       		.byte	0x8a
 329 023d 1F       		.byte	0x1f
 330 023e 42020000 		.4byte	0x242
 331 0242 0B       		.uleb128 0xb
 332 0243 30060000 		.4byte	.LASF44
 333 0247 B0       		.byte	0xb0
 334 0248 05       		.byte	0x5
 335 0249 8A01     		.2byte	0x18a
 336 024b 08       		.byte	0x8
 337 024c C1020000 		.4byte	0x2c1
 338 0250 0A       		.uleb128 0xa
 339 0251 A2060000 		.4byte	.LASF45
 340 0255 05       		.byte	0x5
 341 0256 8E01     		.2byte	0x18e
 342 0258 21       		.byte	0x21
ARM GAS  C:\Users\acest\AppData\Local\Temp\cc7GpQc1.s 			page 7


 343 0259 43070000 		.4byte	0x743
 344 025d 00       		.byte	0
 345 025e 0A       		.uleb128 0xa
 346 025f 49010000 		.4byte	.LASF46
 347 0263 05       		.byte	0x5
 348 0264 9201     		.2byte	0x192
 349 0266 21       		.byte	0x21
 350 0267 C0050000 		.4byte	0x5c0
 351 026b 10       		.byte	0x10
 352 026c 0A       		.uleb128 0xa
 353 026d 4D060000 		.4byte	.LASF47
 354 0271 05       		.byte	0x5
 355 0272 9901     		.2byte	0x199
 356 0274 21       		.byte	0x21
 357 0275 E7050000 		.4byte	0x5e7
 358 0279 28       		.byte	0x28
 359 027a 0A       		.uleb128 0xa
 360 027b 74000000 		.4byte	.LASF48
 361 027f 05       		.byte	0x5
 362 0280 9E01     		.2byte	0x19e
 363 0282 21       		.byte	0x21
 364 0283 3B010000 		.4byte	0x13b
 365 0287 30       		.byte	0x30
 366 0288 0A       		.uleb128 0xa
 367 0289 0D000000 		.4byte	.LASF49
 368 028d 05       		.byte	0x5
 369 028e A401     		.2byte	0x1a4
 370 0290 21       		.byte	0x21
 371 0291 E8020000 		.4byte	0x2e8
 372 0295 34       		.byte	0x34
 373 0296 0A       		.uleb128 0xa
 374 0297 CB050000 		.4byte	.LASF50
 375 029b 05       		.byte	0x5
 376 029c A901     		.2byte	0x1a9
 377 029e 22       		.byte	0x22
 378 029f B7070000 		.4byte	0x7b7
 379 02a3 38       		.byte	0x38
 380 02a4 0A       		.uleb128 0xa
 381 02a5 B1000000 		.4byte	.LASF51
 382 02a9 05       		.byte	0x5
 383 02aa AD01     		.2byte	0x1ad
 384 02ac 21       		.byte	0x21
 385 02ad 47010000 		.4byte	0x147
 386 02b1 3C       		.byte	0x3c
 387 02b2 09       		.uleb128 0x9
 388 02b3 64626700 		.ascii	"dbg\000"
 389 02b7 05       		.byte	0x5
 390 02b8 B101     		.2byte	0x1b1
 391 02ba 21       		.byte	0x21
 392 02bb 26030000 		.4byte	0x326
 393 02bf AC       		.byte	0xac
 394 02c0 00       		.byte	0
 395 02c1 04       		.uleb128 0x4
 396 02c2 21040000 		.4byte	.LASF52
 397 02c6 06       		.byte	0x6
 398 02c7 3F       		.byte	0x3f
 399 02c8 12       		.byte	0x12
ARM GAS  C:\Users\acest\AppData\Local\Temp\cc7GpQc1.s 			page 8


 400 02c9 B2000000 		.4byte	0xb2
 401 02cd 06       		.uleb128 0x6
 402 02ce 7D010000 		.4byte	.LASF53
 403 02d2 04       		.byte	0x4
 404 02d3 06       		.byte	0x6
 405 02d4 44       		.byte	0x44
 406 02d5 10       		.byte	0x10
 407 02d6 E8020000 		.4byte	0x2e8
 408 02da 08       		.uleb128 0x8
 409 02db 13020000 		.4byte	.LASF54
 410 02df 06       		.byte	0x6
 411 02e0 48       		.byte	0x48
 412 02e1 21       		.byte	0x21
 413 02e2 C1020000 		.4byte	0x2c1
 414 02e6 00       		.byte	0
 415 02e7 00       		.byte	0
 416 02e8 04       		.uleb128 0x4
 417 02e9 1F050000 		.4byte	.LASF55
 418 02ed 06       		.byte	0x6
 419 02ee 49       		.byte	0x49
 420 02ef 03       		.byte	0x3
 421 02f0 CD020000 		.4byte	0x2cd
 422 02f4 06       		.uleb128 0x6
 423 02f5 F3040000 		.4byte	.LASF56
 424 02f9 04       		.byte	0x4
 425 02fa 07       		.byte	0x7
 426 02fb 3E       		.byte	0x3e
 427 02fc 10       		.byte	0x10
 428 02fd 0F030000 		.4byte	0x30f
 429 0301 08       		.uleb128 0x8
 430 0302 1F060000 		.4byte	.LASF57
 431 0306 07       		.byte	0x7
 432 0307 46       		.byte	0x46
 433 0308 24       		.byte	0x24
 434 0309 15030000 		.4byte	0x315
 435 030d 00       		.byte	0
 436 030e 00       		.byte	0
 437 030f 0C       		.uleb128 0xc
 438 0310 04       		.byte	0x4
 439 0311 21030000 		.4byte	0x321
 440 0315 05       		.uleb128 0x5
 441 0316 0F030000 		.4byte	0x30f
 442 031a 03       		.uleb128 0x3
 443 031b 01       		.byte	0x1
 444 031c 08       		.byte	0x8
 445 031d C6050000 		.4byte	.LASF58
 446 0321 0D       		.uleb128 0xd
 447 0322 1A030000 		.4byte	0x31a
 448 0326 04       		.uleb128 0x4
 449 0327 65000000 		.4byte	.LASF59
 450 032b 07       		.byte	0x7
 451 032c 51       		.byte	0x51
 452 032d 03       		.byte	0x3
 453 032e F4020000 		.4byte	0x2f4
 454 0332 04       		.uleb128 0x4
 455 0333 F3050000 		.4byte	.LASF60
 456 0337 08       		.byte	0x8
ARM GAS  C:\Users\acest\AppData\Local\Temp\cc7GpQc1.s 			page 9


 457 0338 6D       		.byte	0x6d
 458 0339 12       		.byte	0x12
 459 033a B2000000 		.4byte	0xb2
 460 033e 04       		.uleb128 0x4
 461 033f 38020000 		.4byte	.LASF61
 462 0343 08       		.byte	0x8
 463 0344 79       		.byte	0x79
 464 0345 12       		.byte	0x12
 465 0346 B2000000 		.4byte	0xb2
 466 034a 04       		.uleb128 0x4
 467 034b 57040000 		.4byte	.LASF62
 468 034f 09       		.byte	0x9
 469 0350 32       		.byte	0x32
 470 0351 18       		.byte	0x18
 471 0352 56030000 		.4byte	0x356
 472 0356 06       		.uleb128 0x6
 473 0357 A3030000 		.4byte	.LASF63
 474 035b 04       		.byte	0x4
 475 035c 09       		.byte	0x9
 476 035d 38       		.byte	0x38
 477 035e 08       		.byte	0x8
 478 035f 71030000 		.4byte	0x371
 479 0363 08       		.uleb128 0x8
 480 0364 D5000000 		.4byte	.LASF64
 481 0368 09       		.byte	0x9
 482 0369 39       		.byte	0x39
 483 036a 1A       		.byte	0x1a
 484 036b 71030000 		.4byte	0x371
 485 036f 00       		.byte	0
 486 0370 00       		.byte	0
 487 0371 0C       		.uleb128 0xc
 488 0372 04       		.byte	0x4
 489 0373 4A030000 		.4byte	0x34a
 490 0377 04       		.uleb128 0x4
 491 0378 90020000 		.4byte	.LASF65
 492 037c 09       		.byte	0x9
 493 037d 3F       		.byte	0x3f
 494 037e 19       		.byte	0x19
 495 037f 88030000 		.4byte	0x388
 496 0383 0D       		.uleb128 0xd
 497 0384 77030000 		.4byte	0x377
 498 0388 06       		.uleb128 0x6
 499 0389 85010000 		.4byte	.LASF66
 500 038d 08       		.byte	0x8
 501 038e 09       		.byte	0x9
 502 038f 45       		.byte	0x45
 503 0390 08       		.byte	0x8
 504 0391 B0030000 		.4byte	0x3b0
 505 0395 08       		.uleb128 0x8
 506 0396 D5000000 		.4byte	.LASF64
 507 039a 09       		.byte	0x9
 508 039b 46       		.byte	0x46
 509 039c 1A       		.byte	0x1a
 510 039d B0030000 		.4byte	0x3b0
 511 03a1 00       		.byte	0
 512 03a2 08       		.uleb128 0x8
 513 03a3 54000000 		.4byte	.LASF67
ARM GAS  C:\Users\acest\AppData\Local\Temp\cc7GpQc1.s 			page 10


 514 03a7 09       		.byte	0x9
 515 03a8 47       		.byte	0x47
 516 03a9 1A       		.byte	0x1a
 517 03aa B0030000 		.4byte	0x3b0
 518 03ae 04       		.byte	0x4
 519 03af 00       		.byte	0
 520 03b0 0C       		.uleb128 0xc
 521 03b1 04       		.byte	0x4
 522 03b2 77030000 		.4byte	0x377
 523 03b6 04       		.uleb128 0x4
 524 03b7 7C000000 		.4byte	.LASF68
 525 03bb 09       		.byte	0x9
 526 03bc 4E       		.byte	0x4e
 527 03bd 22       		.byte	0x22
 528 03be C2030000 		.4byte	0x3c2
 529 03c2 06       		.uleb128 0x6
 530 03c3 55060000 		.4byte	.LASF69
 531 03c7 0C       		.byte	0xc
 532 03c8 09       		.byte	0x9
 533 03c9 55       		.byte	0x55
 534 03ca 08       		.byte	0x8
 535 03cb F7030000 		.4byte	0x3f7
 536 03cf 08       		.uleb128 0x8
 537 03d0 D5000000 		.4byte	.LASF64
 538 03d4 09       		.byte	0x9
 539 03d5 56       		.byte	0x56
 540 03d6 1A       		.byte	0x1a
 541 03d7 F7030000 		.4byte	0x3f7
 542 03db 00       		.byte	0
 543 03dc 08       		.uleb128 0x8
 544 03dd 54000000 		.4byte	.LASF67
 545 03e1 09       		.byte	0x9
 546 03e2 57       		.byte	0x57
 547 03e3 1A       		.byte	0x1a
 548 03e4 F7030000 		.4byte	0x3f7
 549 03e8 04       		.byte	0x4
 550 03e9 08       		.uleb128 0x8
 551 03ea AF040000 		.4byte	.LASF70
 552 03ee 09       		.byte	0x9
 553 03ef 58       		.byte	0x58
 554 03f0 19       		.byte	0x19
 555 03f1 0B010000 		.4byte	0x10b
 556 03f5 08       		.byte	0x8
 557 03f6 00       		.byte	0
 558 03f7 0C       		.uleb128 0xc
 559 03f8 04       		.byte	0x4
 560 03f9 B6030000 		.4byte	0x3b6
 561 03fd 04       		.uleb128 0x4
 562 03fe C0010000 		.4byte	.LASF71
 563 0402 09       		.byte	0x9
 564 0403 5F       		.byte	0x5f
 565 0404 1E       		.byte	0x1e
 566 0405 09040000 		.4byte	0x409
 567 0409 06       		.uleb128 0x6
 568 040a 1C010000 		.4byte	.LASF72
 569 040e 0C       		.byte	0xc
 570 040f 09       		.byte	0x9
ARM GAS  C:\Users\acest\AppData\Local\Temp\cc7GpQc1.s 			page 11


 571 0410 64       		.byte	0x64
 572 0411 08       		.byte	0x8
 573 0412 3E040000 		.4byte	0x43e
 574 0416 08       		.uleb128 0x8
 575 0417 D5000000 		.4byte	.LASF64
 576 041b 09       		.byte	0x9
 577 041c 65       		.byte	0x65
 578 041d 1A       		.byte	0x1a
 579 041e 3E040000 		.4byte	0x43e
 580 0422 00       		.byte	0
 581 0423 08       		.uleb128 0x8
 582 0424 54000000 		.4byte	.LASF67
 583 0428 09       		.byte	0x9
 584 0429 66       		.byte	0x66
 585 042a 1A       		.byte	0x1a
 586 042b 3E040000 		.4byte	0x43e
 587 042f 04       		.byte	0x4
 588 0430 08       		.uleb128 0x8
 589 0431 25000000 		.4byte	.LASF73
 590 0435 09       		.byte	0x9
 591 0436 67       		.byte	0x67
 592 0437 19       		.byte	0x19
 593 0438 3E030000 		.4byte	0x33e
 594 043c 08       		.byte	0x8
 595 043d 00       		.byte	0
 596 043e 0C       		.uleb128 0xc
 597 043f 04       		.byte	0x4
 598 0440 FD030000 		.4byte	0x3fd
 599 0444 0B       		.uleb128 0xb
 600 0445 A3040000 		.4byte	.LASF74
 601 0449 20       		.byte	0x20
 602 044a 0A       		.byte	0xa
 603 044b 9301     		.2byte	0x193
 604 044d 08       		.byte	0x8
 605 044e BE040000 		.4byte	0x4be
 606 0452 09       		.uleb128 0x9
 607 0453 723000   		.ascii	"r0\000"
 608 0456 0A       		.byte	0xa
 609 0457 9401     		.2byte	0x194
 610 0459 19       		.byte	0x19
 611 045a B2000000 		.4byte	0xb2
 612 045e 00       		.byte	0
 613 045f 09       		.uleb128 0x9
 614 0460 723100   		.ascii	"r1\000"
 615 0463 0A       		.byte	0xa
 616 0464 9501     		.2byte	0x195
 617 0466 19       		.byte	0x19
 618 0467 B2000000 		.4byte	0xb2
 619 046b 04       		.byte	0x4
 620 046c 09       		.uleb128 0x9
 621 046d 723200   		.ascii	"r2\000"
 622 0470 0A       		.byte	0xa
 623 0471 9601     		.2byte	0x196
 624 0473 19       		.byte	0x19
 625 0474 B2000000 		.4byte	0xb2
 626 0478 08       		.byte	0x8
 627 0479 09       		.uleb128 0x9
ARM GAS  C:\Users\acest\AppData\Local\Temp\cc7GpQc1.s 			page 12


 628 047a 723300   		.ascii	"r3\000"
 629 047d 0A       		.byte	0xa
 630 047e 9701     		.2byte	0x197
 631 0480 19       		.byte	0x19
 632 0481 B2000000 		.4byte	0xb2
 633 0485 0C       		.byte	0xc
 634 0486 09       		.uleb128 0x9
 635 0487 72313200 		.ascii	"r12\000"
 636 048b 0A       		.byte	0xa
 637 048c 9801     		.2byte	0x198
 638 048e 19       		.byte	0x19
 639 048f B2000000 		.4byte	0xb2
 640 0493 10       		.byte	0x10
 641 0494 0A       		.uleb128 0xa
 642 0495 69020000 		.4byte	.LASF75
 643 0499 0A       		.byte	0xa
 644 049a 9901     		.2byte	0x199
 645 049c 19       		.byte	0x19
 646 049d B2000000 		.4byte	0xb2
 647 04a1 14       		.byte	0x14
 648 04a2 09       		.uleb128 0x9
 649 04a3 706300   		.ascii	"pc\000"
 650 04a6 0A       		.byte	0xa
 651 04a7 9A01     		.2byte	0x19a
 652 04a9 19       		.byte	0x19
 653 04aa B2000000 		.4byte	0xb2
 654 04ae 18       		.byte	0x18
 655 04af 0A       		.uleb128 0xa
 656 04b0 49050000 		.4byte	.LASF76
 657 04b4 0A       		.byte	0xa
 658 04b5 9B01     		.2byte	0x19b
 659 04b7 19       		.byte	0x19
 660 04b8 B2000000 		.4byte	0xb2
 661 04bc 1C       		.byte	0x1c
 662 04bd 00       		.byte	0
 663 04be 0B       		.uleb128 0xb
 664 04bf 59000000 		.4byte	.LASF77
 665 04c3 28       		.byte	0x28
 666 04c4 0A       		.byte	0xa
 667 04c5 B701     		.2byte	0x1b7
 668 04c7 08       		.byte	0x8
 669 04c8 53050000 		.4byte	0x553
 670 04cc 0A       		.uleb128 0xa
 671 04cd 73030000 		.4byte	.LASF78
 672 04d1 0A       		.byte	0xa
 673 04d2 B801     		.2byte	0x1b8
 674 04d4 19       		.byte	0x19
 675 04d5 B2000000 		.4byte	0xb2
 676 04d9 00       		.byte	0
 677 04da 09       		.uleb128 0x9
 678 04db 723400   		.ascii	"r4\000"
 679 04de 0A       		.byte	0xa
 680 04df B901     		.2byte	0x1b9
 681 04e1 19       		.byte	0x19
 682 04e2 B2000000 		.4byte	0xb2
 683 04e6 04       		.byte	0x4
 684 04e7 09       		.uleb128 0x9
ARM GAS  C:\Users\acest\AppData\Local\Temp\cc7GpQc1.s 			page 13


 685 04e8 723500   		.ascii	"r5\000"
 686 04eb 0A       		.byte	0xa
 687 04ec BA01     		.2byte	0x1ba
 688 04ee 19       		.byte	0x19
 689 04ef B2000000 		.4byte	0xb2
 690 04f3 08       		.byte	0x8
 691 04f4 09       		.uleb128 0x9
 692 04f5 723600   		.ascii	"r6\000"
 693 04f8 0A       		.byte	0xa
 694 04f9 BB01     		.2byte	0x1bb
 695 04fb 19       		.byte	0x19
 696 04fc B2000000 		.4byte	0xb2
 697 0500 0C       		.byte	0xc
 698 0501 09       		.uleb128 0x9
 699 0502 723700   		.ascii	"r7\000"
 700 0505 0A       		.byte	0xa
 701 0506 BC01     		.2byte	0x1bc
 702 0508 19       		.byte	0x19
 703 0509 B2000000 		.4byte	0xb2
 704 050d 10       		.byte	0x10
 705 050e 09       		.uleb128 0x9
 706 050f 723800   		.ascii	"r8\000"
 707 0512 0A       		.byte	0xa
 708 0513 BD01     		.2byte	0x1bd
 709 0515 19       		.byte	0x19
 710 0516 B2000000 		.4byte	0xb2
 711 051a 14       		.byte	0x14
 712 051b 09       		.uleb128 0x9
 713 051c 723900   		.ascii	"r9\000"
 714 051f 0A       		.byte	0xa
 715 0520 BE01     		.2byte	0x1be
 716 0522 19       		.byte	0x19
 717 0523 B2000000 		.4byte	0xb2
 718 0527 18       		.byte	0x18
 719 0528 09       		.uleb128 0x9
 720 0529 72313000 		.ascii	"r10\000"
 721 052d 0A       		.byte	0xa
 722 052e BF01     		.2byte	0x1bf
 723 0530 19       		.byte	0x19
 724 0531 B2000000 		.4byte	0xb2
 725 0535 1C       		.byte	0x1c
 726 0536 09       		.uleb128 0x9
 727 0537 72313100 		.ascii	"r11\000"
 728 053b 0A       		.byte	0xa
 729 053c C001     		.2byte	0x1c0
 730 053e 19       		.byte	0x19
 731 053f B2000000 		.4byte	0xb2
 732 0543 20       		.byte	0x20
 733 0544 0A       		.uleb128 0xa
 734 0545 D6030000 		.4byte	.LASF79
 735 0549 0A       		.byte	0xa
 736 054a C401     		.2byte	0x1c4
 737 054c 19       		.byte	0x19
 738 054d B2000000 		.4byte	0xb2
 739 0551 24       		.byte	0x24
 740 0552 00       		.byte	0
 741 0553 0B       		.uleb128 0xb
ARM GAS  C:\Users\acest\AppData\Local\Temp\cc7GpQc1.s 			page 14


 742 0554 96040000 		.4byte	.LASF80
 743 0558 2C       		.byte	0x2c
 744 0559 0A       		.byte	0xa
 745 055a DF01     		.2byte	0x1df
 746 055c 08       		.byte	0x8
 747 055d 7D050000 		.4byte	0x57d
 748 0561 09       		.uleb128 0x9
 749 0562 737000   		.ascii	"sp\000"
 750 0565 0A       		.byte	0xa
 751 0566 E001     		.2byte	0x1e0
 752 0568 1A       		.byte	0x1a
 753 0569 7D050000 		.4byte	0x57d
 754 056d 00       		.byte	0
 755 056e 0A       		.uleb128 0xa
 756 056f AE050000 		.4byte	.LASF81
 757 0573 0A       		.byte	0xa
 758 0574 E101     		.2byte	0x1e1
 759 0576 19       		.byte	0x19
 760 0577 BE040000 		.4byte	0x4be
 761 057b 04       		.byte	0x4
 762 057c 00       		.byte	0
 763 057d 0C       		.uleb128 0xc
 764 057e 04       		.byte	0x4
 765 057f 44040000 		.4byte	0x444
 766 0583 0C       		.uleb128 0xc
 767 0584 04       		.byte	0x4
 768 0585 DB000000 		.4byte	0xdb
 769 0589 0E       		.uleb128 0xe
 770 058a 04       		.byte	0x4
 771 058b 06       		.uleb128 0x6
 772 058c 40040000 		.4byte	.LASF82
 773 0590 18       		.byte	0x18
 774 0591 05       		.byte	0x5
 775 0592 64       		.byte	0x64
 776 0593 10       		.byte	0x10
 777 0594 C0050000 		.4byte	0x5c0
 778 0598 08       		.uleb128 0x8
 779 0599 ED050000 		.4byte	.LASF83
 780 059d 05       		.byte	0x5
 781 059e 68       		.byte	0x68
 782 059f 21       		.byte	0x21
 783 05a0 FD030000 		.4byte	0x3fd
 784 05a4 00       		.byte	0
 785 05a5 08       		.uleb128 0x8
 786 05a6 40050000 		.4byte	.LASF84
 787 05aa 05       		.byte	0x5
 788 05ab 73       		.byte	0x73
 789 05ac 21       		.byte	0x21
 790 05ad 32030000 		.4byte	0x332
 791 05b1 0C       		.byte	0xc
 792 05b2 08       		.uleb128 0x8
 793 05b3 0E040000 		.4byte	.LASF85
 794 05b7 05       		.byte	0x5
 795 05b8 79       		.byte	0x79
 796 05b9 21       		.byte	0x21
 797 05ba CA000000 		.4byte	0xca
 798 05be 10       		.byte	0x10
ARM GAS  C:\Users\acest\AppData\Local\Temp\cc7GpQc1.s 			page 15


 799 05bf 00       		.byte	0
 800 05c0 04       		.uleb128 0x4
 801 05c1 DD030000 		.4byte	.LASF86
 802 05c5 05       		.byte	0x5
 803 05c6 7B       		.byte	0x7b
 804 05c7 03       		.byte	0x3
 805 05c8 8B050000 		.4byte	0x58b
 806 05cc 06       		.uleb128 0x6
 807 05cd D0010000 		.4byte	.LASF87
 808 05d1 08       		.byte	0x8
 809 05d2 05       		.byte	0x5
 810 05d3 80       		.byte	0x80
 811 05d4 10       		.byte	0x10
 812 05d5 E7050000 		.4byte	0x5e7
 813 05d9 08       		.uleb128 0x8
 814 05da A5010000 		.4byte	.LASF88
 815 05de 05       		.byte	0x5
 816 05df 84       		.byte	0x84
 817 05e0 21       		.byte	0x21
 818 05e1 77030000 		.4byte	0x377
 819 05e5 00       		.byte	0
 820 05e6 00       		.byte	0
 821 05e7 04       		.uleb128 0x4
 822 05e8 7D050000 		.4byte	.LASF89
 823 05ec 05       		.byte	0x5
 824 05ed 85       		.byte	0x85
 825 05ee 03       		.byte	0x3
 826 05ef CC050000 		.4byte	0x5cc
 827 05f3 04       		.uleb128 0x4
 828 05f4 2D040000 		.4byte	.LASF90
 829 05f8 05       		.byte	0x5
 830 05f9 8A       		.byte	0x8a
 831 05fa 14       		.byte	0x14
 832 05fb FF050000 		.4byte	0x5ff
 833 05ff 0C       		.uleb128 0xc
 834 0600 04       		.byte	0x4
 835 0601 47010000 		.4byte	0x147
 836 0605 0F       		.uleb128 0xf
 837 0606 0C       		.byte	0xc
 838 0607 05       		.byte	0x5
 839 0608 A0       		.byte	0xa0
 840 0609 03       		.byte	0x3
 841 060a 33060000 		.4byte	0x633
 842 060e 10       		.uleb128 0x10
 843 060f 10070000 		.4byte	.LASF91
 844 0613 05       		.byte	0x5
 845 0614 A4       		.byte	0xa4
 846 0615 21       		.byte	0x21
 847 0616 4A030000 		.4byte	0x34a
 848 061a 10       		.uleb128 0x10
 849 061b A5010000 		.4byte	.LASF88
 850 061f 05       		.byte	0x5
 851 0620 A8       		.byte	0xa8
 852 0621 21       		.byte	0x21
 853 0622 77030000 		.4byte	0x377
 854 0626 10       		.uleb128 0x10
 855 0627 29060000 		.4byte	.LASF92
ARM GAS  C:\Users\acest\AppData\Local\Temp\cc7GpQc1.s 			page 16


 856 062b 05       		.byte	0x5
 857 062c AC       		.byte	0xac
 858 062d 21       		.byte	0x21
 859 062e B6030000 		.4byte	0x3b6
 860 0632 00       		.byte	0
 861 0633 0F       		.uleb128 0xf
 862 0634 04       		.byte	0x4
 863 0635 05       		.byte	0x5
 864 0636 EB       		.byte	0xeb
 865 0637 03       		.byte	0x3
 866 0638 A3060000 		.4byte	0x6a3
 867 063c 10       		.uleb128 0x10
 868 063d 69050000 		.4byte	.LASF93
 869 0641 05       		.byte	0x5
 870 0642 F2       		.byte	0xf2
 871 0643 21       		.byte	0x21
 872 0644 17010000 		.4byte	0x117
 873 0648 10       		.uleb128 0x10
 874 0649 A8000000 		.4byte	.LASF94
 875 064d 05       		.byte	0x5
 876 064e F9       		.byte	0xf9
 877 064f 21       		.byte	0x21
 878 0650 17010000 		.4byte	0x117
 879 0654 11       		.uleb128 0x11
 880 0655 FD060000 		.4byte	.LASF95
 881 0659 05       		.byte	0x5
 882 065a 0001     		.2byte	0x100
 883 065c 22       		.byte	0x22
 884 065d 89050000 		.4byte	0x589
 885 0661 11       		.uleb128 0x11
 886 0662 1F000000 		.4byte	.LASF96
 887 0666 05       		.byte	0x5
 888 0667 0701     		.2byte	0x107
 889 0669 22       		.byte	0x22
 890 066a A3060000 		.4byte	0x6a3
 891 066e 11       		.uleb128 0x11
 892 066f BC000000 		.4byte	.LASF97
 893 0673 05       		.byte	0x5
 894 0674 0C01     		.2byte	0x10c
 895 0676 21       		.byte	0x21
 896 0677 17010000 		.4byte	0x117
 897 067b 11       		.uleb128 0x11
 898 067c 70020000 		.4byte	.LASF98
 899 0680 05       		.byte	0x5
 900 0681 1501     		.2byte	0x115
 901 0683 22       		.byte	0x22
 902 0684 D1060000 		.4byte	0x6d1
 903 0688 11       		.uleb128 0x11
 904 0689 91050000 		.4byte	.LASF99
 905 068d 05       		.byte	0x5
 906 068e 1E01     		.2byte	0x11e
 907 0690 22       		.byte	0x22
 908 0691 0C070000 		.4byte	0x70c
 909 0695 11       		.uleb128 0x11
 910 0696 4E050000 		.4byte	.LASF100
 911 069a 05       		.byte	0x5
 912 069b 2601     		.2byte	0x126
ARM GAS  C:\Users\acest\AppData\Local\Temp\cc7GpQc1.s 			page 17


 913 069d 21       		.byte	0x21
 914 069e 23010000 		.4byte	0x123
 915 06a2 00       		.byte	0
 916 06a3 0C       		.uleb128 0xc
 917 06a4 04       		.byte	0x4
 918 06a5 F3050000 		.4byte	0x5f3
 919 06a9 06       		.uleb128 0x6
 920 06aa 70050000 		.4byte	.LASF101
 921 06ae 0C       		.byte	0xc
 922 06af 0B       		.byte	0xb
 923 06b0 34       		.byte	0x34
 924 06b1 10       		.byte	0x10
 925 06b2 D1060000 		.4byte	0x6d1
 926 06b6 08       		.uleb128 0x8
 927 06b7 A5010000 		.4byte	.LASF88
 928 06bb 0B       		.byte	0xb
 929 06bc 35       		.byte	0x35
 930 06bd 19       		.byte	0x19
 931 06be 77030000 		.4byte	0x377
 932 06c2 00       		.byte	0
 933 06c3 07       		.uleb128 0x7
 934 06c4 636E7400 		.ascii	"cnt\000"
 935 06c8 0B       		.byte	0xb
 936 06c9 37       		.byte	0x37
 937 06ca 19       		.byte	0x19
 938 06cb 2F010000 		.4byte	0x12f
 939 06cf 08       		.byte	0x8
 940 06d0 00       		.byte	0
 941 06d1 0C       		.uleb128 0xc
 942 06d2 04       		.byte	0x4
 943 06d3 A9060000 		.4byte	0x6a9
 944 06d7 06       		.uleb128 0x6
 945 06d8 99060000 		.4byte	.LASF102
 946 06dc 10       		.byte	0x10
 947 06dd 0C       		.byte	0xc
 948 06de 39       		.byte	0x39
 949 06df 08       		.byte	0x8
 950 06e0 0C070000 		.4byte	0x70c
 951 06e4 08       		.uleb128 0x8
 952 06e5 A5010000 		.4byte	.LASF88
 953 06e9 0C       		.byte	0xc
 954 06ea 3A       		.byte	0x3a
 955 06eb 19       		.byte	0x19
 956 06ec 77030000 		.4byte	0x377
 957 06f0 00       		.byte	0
 958 06f1 08       		.uleb128 0x8
 959 06f2 A8050000 		.4byte	.LASF30
 960 06f6 0C       		.byte	0xc
 961 06f7 3C       		.byte	0x3c
 962 06f8 1A       		.byte	0x1a
 963 06f9 FF050000 		.4byte	0x5ff
 964 06fd 08       		.byte	0x8
 965 06fe 08       		.uleb128 0x8
 966 06ff D5000000 		.4byte	.LASF64
 967 0703 0C       		.byte	0xc
 968 0704 3E       		.byte	0x3e
 969 0705 1A       		.byte	0x1a
ARM GAS  C:\Users\acest\AppData\Local\Temp\cc7GpQc1.s 			page 18


 970 0706 E2070000 		.4byte	0x7e2
 971 070a 0C       		.byte	0xc
 972 070b 00       		.byte	0
 973 070c 0C       		.uleb128 0xc
 974 070d 04       		.byte	0x4
 975 070e D7060000 		.4byte	0x6d7
 976 0712 0C       		.uleb128 0xc
 977 0713 04       		.byte	0x4
 978 0714 36020000 		.4byte	0x236
 979 0718 0B       		.uleb128 0xb
 980 0719 AB030000 		.4byte	.LASF103
 981 071d 10       		.byte	0x10
 982 071e 05       		.byte	0x5
 983 071f 5C01     		.2byte	0x15c
 984 0721 10       		.byte	0x10
 985 0722 43070000 		.4byte	0x743
 986 0726 0A       		.uleb128 0xa
 987 0727 29060000 		.4byte	.LASF92
 988 072b 05       		.byte	0x5
 989 072c 6101     		.2byte	0x161
 990 072e 21       		.byte	0x21
 991 072f B6030000 		.4byte	0x3b6
 992 0733 00       		.byte	0
 993 0734 0A       		.uleb128 0xa
 994 0735 B4040000 		.4byte	.LASF104
 995 0739 05       		.byte	0x5
 996 073a 6501     		.2byte	0x165
 997 073c 22       		.byte	0x22
 998 073d FF050000 		.4byte	0x5ff
 999 0741 0C       		.byte	0xc
 1000 0742 00       		.byte	0
 1001 0743 12       		.uleb128 0x12
 1002 0744 00000000 		.4byte	.LASF105
 1003 0748 05       		.byte	0x5
 1004 0749 6601     		.2byte	0x166
 1005 074b 03       		.byte	0x3
 1006 074c 18070000 		.4byte	0x718
 1007 0750 0B       		.uleb128 0xb
 1008 0751 80040000 		.4byte	.LASF106
 1009 0755 14       		.byte	0x14
 1010 0756 05       		.byte	0x5
 1011 0757 6B01     		.2byte	0x16b
 1012 0759 10       		.byte	0x10
 1013 075a A5070000 		.4byte	0x7a5
 1014 075e 0A       		.uleb128 0xa
 1015 075f A3020000 		.4byte	.LASF31
 1016 0763 05       		.byte	0x5
 1017 0764 6F01     		.2byte	0x16f
 1018 0766 22       		.byte	0x22
 1019 0767 0F030000 		.4byte	0x30f
 1020 076b 00       		.byte	0
 1021 076c 0A       		.uleb128 0xa
 1022 076d 20020000 		.4byte	.LASF107
 1023 0771 05       		.byte	0x5
 1024 0772 7501     		.2byte	0x175
 1025 0774 22       		.byte	0x22
 1026 0775 83050000 		.4byte	0x583
ARM GAS  C:\Users\acest\AppData\Local\Temp\cc7GpQc1.s 			page 19


 1027 0779 04       		.byte	0x4
 1028 077a 0A       		.uleb128 0xa
 1029 077b 75060000 		.4byte	.LASF108
 1030 077f 05       		.byte	0x5
 1031 0780 7901     		.2byte	0x179
 1032 0782 22       		.byte	0x22
 1033 0783 83050000 		.4byte	0x583
 1034 0787 08       		.byte	0x8
 1035 0788 0A       		.uleb128 0xa
 1036 0789 FE030000 		.4byte	.LASF109
 1037 078d 05       		.byte	0x5
 1038 078e 7F01     		.2byte	0x17f
 1039 0790 22       		.byte	0x22
 1040 0791 83050000 		.4byte	0x583
 1041 0795 0C       		.byte	0xc
 1042 0796 0A       		.uleb128 0xa
 1043 0797 1F070000 		.4byte	.LASF110
 1044 079b 05       		.byte	0x5
 1045 079c 8301     		.2byte	0x183
 1046 079e 22       		.byte	0x22
 1047 079f 83050000 		.4byte	0x583
 1048 07a3 10       		.byte	0x10
 1049 07a4 00       		.byte	0
 1050 07a5 12       		.uleb128 0x12
 1051 07a6 84060000 		.4byte	.LASF111
 1052 07aa 05       		.byte	0x5
 1053 07ab 8501     		.2byte	0x185
 1054 07ad 03       		.byte	0x3
 1055 07ae 50070000 		.4byte	0x750
 1056 07b2 0D       		.uleb128 0xd
 1057 07b3 A5070000 		.4byte	0x7a5
 1058 07b7 0C       		.uleb128 0xc
 1059 07b8 04       		.byte	0x4
 1060 07b9 B2070000 		.4byte	0x7b2
 1061 07bd 13       		.uleb128 0x13
 1062 07be 63683000 		.ascii	"ch0\000"
 1063 07c2 0E       		.byte	0xe
 1064 07c3 4101     		.2byte	0x141
 1065 07c5 16       		.byte	0x16
 1066 07c6 36020000 		.4byte	0x236
 1067 07ca 04       		.uleb128 0x4
 1068 07cb 9C000000 		.4byte	.LASF112
 1069 07cf 0B       		.byte	0xb
 1070 07d0 38       		.byte	0x38
 1071 07d1 03       		.byte	0x3
 1072 07d2 A9060000 		.4byte	0x6a9
 1073 07d6 04       		.uleb128 0x4
 1074 07d7 30020000 		.4byte	.LASF113
 1075 07db 0C       		.byte	0xc
 1076 07dc 34       		.byte	0x34
 1077 07dd 19       		.byte	0x19
 1078 07de D7060000 		.4byte	0x6d7
 1079 07e2 0C       		.uleb128 0xc
 1080 07e3 04       		.byte	0x4
 1081 07e4 D6070000 		.4byte	0x7d6
 1082 07e8 03       		.uleb128 0x3
 1083 07e9 01       		.byte	0x1
ARM GAS  C:\Users\acest\AppData\Local\Temp\cc7GpQc1.s 			page 20


 1084 07ea 02       		.byte	0x2
 1085 07eb 03050000 		.4byte	.LASF114
 1086 07ef 14       		.uleb128 0x14
 1087 07f0 0C010000 		.4byte	.LASF120
 1088 07f4 0D       		.byte	0xd
 1089 07f5 7601     		.2byte	0x176
 1090 07f7 07       		.byte	0x7
 1091 07f8 17010000 		.4byte	0x117
 1092 07fc 40080000 		.4byte	0x840
 1093 0800 15       		.uleb128 0x15
 1094 0801 73707300 		.ascii	"sps\000"
 1095 0805 0D       		.byte	0xd
 1096 0806 7601     		.2byte	0x176
 1097 0808 24       		.byte	0x24
 1098 0809 40080000 		.4byte	0x840
 1099 080d 15       		.uleb128 0x15
 1100 080e 73707700 		.ascii	"spw\000"
 1101 0812 0D       		.byte	0xd
 1102 0813 7601     		.2byte	0x176
 1103 0815 36       		.byte	0x36
 1104 0816 40080000 		.4byte	0x840
 1105 081a 16       		.uleb128 0x16
 1106 081b 6D736700 		.ascii	"msg\000"
 1107 081f 0D       		.byte	0xd
 1108 0820 7701     		.2byte	0x177
 1109 0822 09       		.byte	0x9
 1110 0823 17010000 		.4byte	0x117
 1111 0827 17       		.uleb128 0x17
 1112 0828 55050000 		.4byte	.LASF116
 1113 082c 56080000 		.4byte	0x856
 1114 0830 18       		.uleb128 0x18
 1115 0831 19       		.uleb128 0x19
 1116 0832 85030000 		.4byte	.LASF115
 1117 0836 0D       		.byte	0xd
 1118 0837 8601     		.2byte	0x186
 1119 0839 0F       		.byte	0xf
 1120 083a FF050000 		.4byte	0x5ff
 1121 083e 00       		.byte	0
 1122 083f 00       		.byte	0
 1123 0840 0C       		.uleb128 0xc
 1124 0841 04       		.byte	0x4
 1125 0842 CA070000 		.4byte	0x7ca
 1126 0846 1A       		.uleb128 0x1a
 1127 0847 21030000 		.4byte	0x321
 1128 084b 56080000 		.4byte	0x856
 1129 084f 1B       		.uleb128 0x1b
 1130 0850 24000000 		.4byte	0x24
 1131 0854 0F       		.byte	0xf
 1132 0855 00       		.byte	0
 1133 0856 0D       		.uleb128 0xd
 1134 0857 46080000 		.4byte	0x846
 1135 085b 1C       		.uleb128 0x1c
 1136 085c C4000000 		.4byte	.LASF117
 1137 0860 0D       		.byte	0xd
 1138 0861 5901     		.2byte	0x159
 1139 0863 06       		.byte	0x6
 1140 0864 89080000 		.4byte	0x889
ARM GAS  C:\Users\acest\AppData\Local\Temp\cc7GpQc1.s 			page 21


 1141 0868 15       		.uleb128 0x15
 1142 0869 737000   		.ascii	"sp\000"
 1143 086c 0D       		.byte	0xd
 1144 086d 5901     		.2byte	0x159
 1145 086f 24       		.byte	0x24
 1146 0870 40080000 		.4byte	0x840
 1147 0874 15       		.uleb128 0x15
 1148 0875 6E00     		.ascii	"n\000"
 1149 0877 0D       		.byte	0xd
 1150 0878 5901     		.2byte	0x159
 1151 087a 2E       		.byte	0x2e
 1152 087b 2F010000 		.4byte	0x12f
 1153 087f 17       		.uleb128 0x17
 1154 0880 55050000 		.4byte	.LASF116
 1155 0884 99080000 		.4byte	0x899
 1156 0888 00       		.byte	0
 1157 0889 1A       		.uleb128 0x1a
 1158 088a 21030000 		.4byte	0x321
 1159 088e 99080000 		.4byte	0x899
 1160 0892 1B       		.uleb128 0x1b
 1161 0893 24000000 		.4byte	0x24
 1162 0897 10       		.byte	0x10
 1163 0898 00       		.byte	0
 1164 0899 0D       		.uleb128 0xd
 1165 089a 89080000 		.4byte	0x889
 1166 089e 1C       		.uleb128 0x1c
 1167 089f 12000000 		.4byte	.LASF118
 1168 08a3 0D       		.byte	0xd
 1169 08a4 3B01     		.2byte	0x13b
 1170 08a6 06       		.byte	0x6
 1171 08a7 CF080000 		.4byte	0x8cf
 1172 08ab 15       		.uleb128 0x15
 1173 08ac 737000   		.ascii	"sp\000"
 1174 08af 0D       		.byte	0xd
 1175 08b0 3B01     		.2byte	0x13b
 1176 08b2 20       		.byte	0x20
 1177 08b3 40080000 		.4byte	0x840
 1178 08b7 17       		.uleb128 0x17
 1179 08b8 55050000 		.4byte	.LASF116
 1180 08bc DF080000 		.4byte	0x8df
 1181 08c0 18       		.uleb128 0x18
 1182 08c1 16       		.uleb128 0x16
 1183 08c2 747000   		.ascii	"tp\000"
 1184 08c5 0D       		.byte	0xd
 1185 08c6 4601     		.2byte	0x146
 1186 08c8 0F       		.byte	0xf
 1187 08c9 FF050000 		.4byte	0x5ff
 1188 08cd 00       		.byte	0
 1189 08ce 00       		.byte	0
 1190 08cf 1A       		.uleb128 0x1a
 1191 08d0 21030000 		.4byte	0x321
 1192 08d4 DF080000 		.4byte	0x8df
 1193 08d8 1B       		.uleb128 0x1b
 1194 08d9 24000000 		.4byte	0x24
 1195 08dd 0C       		.byte	0xc
 1196 08de 00       		.byte	0
 1197 08df 0D       		.uleb128 0xd
ARM GAS  C:\Users\acest\AppData\Local\Temp\cc7GpQc1.s 			page 22


 1198 08e0 CF080000 		.4byte	0x8cf
 1199 08e4 1C       		.uleb128 0x1c
 1200 08e5 90000000 		.4byte	.LASF119
 1201 08e9 0D       		.byte	0xd
 1202 08ea 2201     		.2byte	0x122
 1203 08ec 06       		.byte	0x6
 1204 08ed 07090000 		.4byte	0x907
 1205 08f1 15       		.uleb128 0x15
 1206 08f2 737000   		.ascii	"sp\000"
 1207 08f5 0D       		.byte	0xd
 1208 08f6 2201     		.2byte	0x122
 1209 08f8 1F       		.byte	0x1f
 1210 08f9 40080000 		.4byte	0x840
 1211 08fd 17       		.uleb128 0x17
 1212 08fe 55050000 		.4byte	.LASF116
 1213 0902 17090000 		.4byte	0x917
 1214 0906 00       		.byte	0
 1215 0907 1A       		.uleb128 0x1a
 1216 0908 21030000 		.4byte	0x321
 1217 090c 17090000 		.4byte	0x917
 1218 0910 1B       		.uleb128 0x1b
 1219 0911 24000000 		.4byte	0x24
 1220 0915 0B       		.byte	0xb
 1221 0916 00       		.byte	0
 1222 0917 0D       		.uleb128 0xd
 1223 0918 07090000 		.4byte	0x907
 1224 091c 14       		.uleb128 0x14
 1225 091d D2050000 		.4byte	.LASF121
 1226 0921 0D       		.byte	0xd
 1227 0922 0301     		.2byte	0x103
 1228 0924 07       		.byte	0x7
 1229 0925 17010000 		.4byte	0x117
 1230 0929 5F090000 		.4byte	0x95f
 1231 092d 15       		.uleb128 0x15
 1232 092e 737000   		.ascii	"sp\000"
 1233 0931 0D       		.byte	0xd
 1234 0932 0301     		.2byte	0x103
 1235 0934 26       		.byte	0x26
 1236 0935 40080000 		.4byte	0x840
 1237 0939 1D       		.uleb128 0x1d
 1238 093a 9B020000 		.4byte	.LASF122
 1239 093e 0D       		.byte	0xd
 1240 093f 0301     		.2byte	0x103
 1241 0941 38       		.byte	0x38
 1242 0942 3E030000 		.4byte	0x33e
 1243 0946 17       		.uleb128 0x17
 1244 0947 55050000 		.4byte	.LASF116
 1245 094b 6F090000 		.4byte	0x96f
 1246 094f 18       		.uleb128 0x18
 1247 0950 19       		.uleb128 0x19
 1248 0951 85030000 		.4byte	.LASF115
 1249 0955 0D       		.byte	0xd
 1250 0956 1101     		.2byte	0x111
 1251 0958 0F       		.byte	0xf
 1252 0959 FF050000 		.4byte	0x5ff
 1253 095d 00       		.byte	0
 1254 095e 00       		.byte	0
ARM GAS  C:\Users\acest\AppData\Local\Temp\cc7GpQc1.s 			page 23


 1255 095f 1A       		.uleb128 0x1a
 1256 0960 21030000 		.4byte	0x321
 1257 0964 6F090000 		.4byte	0x96f
 1258 0968 1B       		.uleb128 0x1b
 1259 0969 24000000 		.4byte	0x24
 1260 096d 11       		.byte	0x11
 1261 096e 00       		.byte	0
 1262 096f 0D       		.uleb128 0xd
 1263 0970 5F090000 		.4byte	0x95f
 1264 0974 1E       		.uleb128 0x1e
 1265 0975 C5030000 		.4byte	.LASF123
 1266 0979 0D       		.byte	0xd
 1267 097a E6       		.byte	0xe6
 1268 097b 07       		.byte	0x7
 1269 097c 17010000 		.4byte	0x117
 1270 0980 A8090000 		.4byte	0x9a8
 1271 0984 1F       		.uleb128 0x1f
 1272 0985 737000   		.ascii	"sp\000"
 1273 0988 0D       		.byte	0xd
 1274 0989 E6       		.byte	0xe6
 1275 098a 25       		.byte	0x25
 1276 098b 40080000 		.4byte	0x840
 1277 098f 20       		.uleb128 0x20
 1278 0990 9B020000 		.4byte	.LASF122
 1279 0994 0D       		.byte	0xd
 1280 0995 E6       		.byte	0xe6
 1281 0996 37       		.byte	0x37
 1282 0997 3E030000 		.4byte	0x33e
 1283 099b 21       		.uleb128 0x21
 1284 099c 6D736700 		.ascii	"msg\000"
 1285 09a0 0D       		.byte	0xd
 1286 09a1 E7       		.byte	0xe7
 1287 09a2 09       		.byte	0x9
 1288 09a3 17010000 		.4byte	0x117
 1289 09a7 00       		.byte	0
 1290 09a8 1E       		.uleb128 0x1e
 1291 09a9 5E050000 		.4byte	.LASF124
 1292 09ad 0D       		.byte	0xd
 1293 09ae BF       		.byte	0xbf
 1294 09af 07       		.byte	0x7
 1295 09b0 17010000 		.4byte	0x117
 1296 09b4 DB090000 		.4byte	0x9db
 1297 09b8 1F       		.uleb128 0x1f
 1298 09b9 737000   		.ascii	"sp\000"
 1299 09bc 0D       		.byte	0xd
 1300 09bd BF       		.byte	0xbf
 1301 09be 1F       		.byte	0x1f
 1302 09bf 40080000 		.4byte	0x840
 1303 09c3 17       		.uleb128 0x17
 1304 09c4 55050000 		.4byte	.LASF116
 1305 09c8 EB090000 		.4byte	0x9eb
 1306 09cc 18       		.uleb128 0x18
 1307 09cd 22       		.uleb128 0x22
 1308 09ce 85030000 		.4byte	.LASF115
 1309 09d2 0D       		.byte	0xd
 1310 09d3 C8       		.byte	0xc8
 1311 09d4 0F       		.byte	0xf
ARM GAS  C:\Users\acest\AppData\Local\Temp\cc7GpQc1.s 			page 24


 1312 09d5 FF050000 		.4byte	0x5ff
 1313 09d9 00       		.byte	0
 1314 09da 00       		.byte	0
 1315 09db 1A       		.uleb128 0x1a
 1316 09dc 21030000 		.4byte	0x321
 1317 09e0 EB090000 		.4byte	0x9eb
 1318 09e4 1B       		.uleb128 0x1b
 1319 09e5 24000000 		.4byte	0x24
 1320 09e9 0A       		.byte	0xa
 1321 09ea 00       		.byte	0
 1322 09eb 0D       		.uleb128 0xd
 1323 09ec DB090000 		.4byte	0x9db
 1324 09f0 1E       		.uleb128 0x1e
 1325 09f1 15060000 		.4byte	.LASF125
 1326 09f5 0D       		.byte	0xd
 1327 09f6 A9       		.byte	0xa9
 1328 09f7 07       		.byte	0x7
 1329 09f8 17010000 		.4byte	0x117
 1330 09fc 180A0000 		.4byte	0xa18
 1331 0a00 1F       		.uleb128 0x1f
 1332 0a01 737000   		.ascii	"sp\000"
 1333 0a04 0D       		.byte	0xd
 1334 0a05 A9       		.byte	0xa9
 1335 0a06 1E       		.byte	0x1e
 1336 0a07 40080000 		.4byte	0x840
 1337 0a0b 21       		.uleb128 0x21
 1338 0a0c 6D736700 		.ascii	"msg\000"
 1339 0a10 0D       		.byte	0xd
 1340 0a11 AA       		.byte	0xaa
 1341 0a12 09       		.byte	0x9
 1342 0a13 17010000 		.4byte	0x117
 1343 0a17 00       		.byte	0
 1344 0a18 23       		.uleb128 0x23
 1345 0a19 8E010000 		.4byte	.LASF126
 1346 0a1d 0D       		.byte	0xd
 1347 0a1e 8F       		.byte	0x8f
 1348 0a1f 06       		.byte	0x6
 1349 0a20 4F0A0000 		.4byte	0xa4f
 1350 0a24 1F       		.uleb128 0x1f
 1351 0a25 737000   		.ascii	"sp\000"
 1352 0a28 0D       		.byte	0xd
 1353 0a29 8F       		.byte	0x8f
 1354 0a2a 2A       		.byte	0x2a
 1355 0a2b 40080000 		.4byte	0x840
 1356 0a2f 1F       		.uleb128 0x1f
 1357 0a30 6E00     		.ascii	"n\000"
 1358 0a32 0D       		.byte	0xd
 1359 0a33 8F       		.byte	0x8f
 1360 0a34 34       		.byte	0x34
 1361 0a35 2F010000 		.4byte	0x12f
 1362 0a39 1F       		.uleb128 0x1f
 1363 0a3a 6D736700 		.ascii	"msg\000"
 1364 0a3e 0D       		.byte	0xd
 1365 0a3f 8F       		.byte	0x8f
 1366 0a40 3D       		.byte	0x3d
 1367 0a41 17010000 		.4byte	0x117
 1368 0a45 17       		.uleb128 0x17
ARM GAS  C:\Users\acest\AppData\Local\Temp\cc7GpQc1.s 			page 25


 1369 0a46 55050000 		.4byte	.LASF116
 1370 0a4a 5F0A0000 		.4byte	0xa5f
 1371 0a4e 00       		.byte	0
 1372 0a4f 1A       		.uleb128 0x1a
 1373 0a50 21030000 		.4byte	0x321
 1374 0a54 5F0A0000 		.4byte	0xa5f
 1375 0a58 1B       		.uleb128 0x1b
 1376 0a59 24000000 		.4byte	0x24
 1377 0a5d 16       		.byte	0x16
 1378 0a5e 00       		.byte	0
 1379 0a5f 0D       		.uleb128 0xd
 1380 0a60 4F0A0000 		.4byte	0xa4f
 1381 0a64 23       		.uleb128 0x23
 1382 0a65 2B000000 		.4byte	.LASF127
 1383 0a69 0D       		.byte	0xd
 1384 0a6a 76       		.byte	0x76
 1385 0a6b 06       		.byte	0x6
 1386 0a6c 920A0000 		.4byte	0xa92
 1387 0a70 1F       		.uleb128 0x1f
 1388 0a71 737000   		.ascii	"sp\000"
 1389 0a74 0D       		.byte	0xd
 1390 0a75 76       		.byte	0x76
 1391 0a76 29       		.byte	0x29
 1392 0a77 40080000 		.4byte	0x840
 1393 0a7b 1F       		.uleb128 0x1f
 1394 0a7c 6E00     		.ascii	"n\000"
 1395 0a7e 0D       		.byte	0xd
 1396 0a7f 76       		.byte	0x76
 1397 0a80 33       		.byte	0x33
 1398 0a81 2F010000 		.4byte	0x12f
 1399 0a85 1F       		.uleb128 0x1f
 1400 0a86 6D736700 		.ascii	"msg\000"
 1401 0a8a 0D       		.byte	0xd
 1402 0a8b 76       		.byte	0x76
 1403 0a8c 3C       		.byte	0x3c
 1404 0a8d 17010000 		.4byte	0x117
 1405 0a91 00       		.byte	0
 1406 0a92 23       		.uleb128 0x23
 1407 0a93 46020000 		.4byte	.LASF128
 1408 0a97 0D       		.byte	0xd
 1409 0a98 61       		.byte	0x61
 1410 0a99 06       		.byte	0x6
 1411 0a9a BD0A0000 		.4byte	0xabd
 1412 0a9e 1F       		.uleb128 0x1f
 1413 0a9f 737000   		.ascii	"sp\000"
 1414 0aa2 0D       		.byte	0xd
 1415 0aa3 61       		.byte	0x61
 1416 0aa4 23       		.byte	0x23
 1417 0aa5 40080000 		.4byte	0x840
 1418 0aa9 1F       		.uleb128 0x1f
 1419 0aaa 6E00     		.ascii	"n\000"
 1420 0aac 0D       		.byte	0xd
 1421 0aad 61       		.byte	0x61
 1422 0aae 2D       		.byte	0x2d
 1423 0aaf 2F010000 		.4byte	0x12f
 1424 0ab3 17       		.uleb128 0x17
 1425 0ab4 55050000 		.4byte	.LASF116
ARM GAS  C:\Users\acest\AppData\Local\Temp\cc7GpQc1.s 			page 26


 1426 0ab8 56080000 		.4byte	0x856
 1427 0abc 00       		.byte	0
 1428 0abd 24       		.uleb128 0x24
 1429 0abe A8060000 		.4byte	.LASF142
 1430 0ac2 10       		.byte	0x10
 1431 0ac3 5501     		.2byte	0x155
 1432 0ac5 19       		.byte	0x19
 1433 0ac6 FF050000 		.4byte	0x5ff
 1434 0aca 25       		.uleb128 0x25
 1435 0acb 04070000 		.4byte	.LASF132
 1436 0acf 0E       		.byte	0xe
 1437 0ad0 A501     		.2byte	0x1a5
 1438 0ad2 14       		.byte	0x14
 1439 0ad3 E10A0000 		.4byte	0xae1
 1440 0ad7 17       		.uleb128 0x17
 1441 0ad8 55050000 		.4byte	.LASF116
 1442 0adc 17090000 		.4byte	0x917
 1443 0ae0 00       		.byte	0
 1444 0ae1 26       		.uleb128 0x26
 1445 0ae2 76040000 		.4byte	.LASF129
 1446 0ae6 0E       		.byte	0xe
 1447 0ae7 9701     		.2byte	0x197
 1448 0ae9 14       		.byte	0x14
 1449 0aea 26       		.uleb128 0x26
 1450 0aeb 50010000 		.4byte	.LASF130
 1451 0aef 0A       		.byte	0xa
 1452 0af0 1F03     		.2byte	0x31f
 1453 0af2 1B       		.byte	0x1b
 1454 0af3 26       		.uleb128 0x26
 1455 0af4 15070000 		.4byte	.LASF131
 1456 0af8 0A       		.byte	0xa
 1457 0af9 0B03     		.2byte	0x30b
 1458 0afb 1B       		.byte	0x1b
 1459 0afc 25       		.uleb128 0x25
 1460 0afd 07060000 		.4byte	.LASF133
 1461 0b01 0F       		.byte	0xf
 1462 0b02 EB01     		.2byte	0x1eb
 1463 0b04 1B       		.byte	0x1b
 1464 0b05 170B0000 		.4byte	0xb17
 1465 0b09 1D       		.uleb128 0x1d
 1466 0b0a 41010000 		.4byte	.LASF134
 1467 0b0e 0F       		.byte	0xf
 1468 0b0f EB01     		.2byte	0x1eb
 1469 0b11 32       		.byte	0x32
 1470 0b12 B2000000 		.4byte	0xb2
 1471 0b16 00       		.byte	0
 1472 0b17 27       		.uleb128 0x27
 1473 0b18 61040000 		.4byte	.LASF135
 1474 0b1c 09       		.byte	0x9
 1475 0b1d 2B01     		.2byte	0x12b
 1476 0b1f 1B       		.byte	0x1b
 1477 0b20 B0030000 		.4byte	0x3b0
 1478 0b24 400B0000 		.4byte	0xb40
 1479 0b28 15       		.uleb128 0x15
 1480 0b29 717000   		.ascii	"qp\000"
 1481 0b2c 09       		.byte	0x9
 1482 0b2d 2B01     		.2byte	0x12b
ARM GAS  C:\Users\acest\AppData\Local\Temp\cc7GpQc1.s 			page 27


 1483 0b2f 3C       		.byte	0x3c
 1484 0b30 B0030000 		.4byte	0x3b0
 1485 0b34 16       		.uleb128 0x16
 1486 0b35 7000     		.ascii	"p\000"
 1487 0b37 09       		.byte	0x9
 1488 0b38 2C01     		.2byte	0x12c
 1489 0b3a 0F       		.byte	0xf
 1490 0b3b B0030000 		.4byte	0x3b0
 1491 0b3f 00       		.byte	0
 1492 0b40 27       		.uleb128 0x27
 1493 0b41 AB010000 		.4byte	.LASF136
 1494 0b45 09       		.byte	0x9
 1495 0b46 1801     		.2byte	0x118
 1496 0b48 1B       		.byte	0x1b
 1497 0b49 B0030000 		.4byte	0x3b0
 1498 0b4d 690B0000 		.4byte	0xb69
 1499 0b51 15       		.uleb128 0x15
 1500 0b52 717000   		.ascii	"qp\000"
 1501 0b55 09       		.byte	0x9
 1502 0b56 1801     		.2byte	0x118
 1503 0b58 3C       		.byte	0x3c
 1504 0b59 B0030000 		.4byte	0x3b0
 1505 0b5d 16       		.uleb128 0x16
 1506 0b5e 7000     		.ascii	"p\000"
 1507 0b60 09       		.byte	0x9
 1508 0b61 1901     		.2byte	0x119
 1509 0b63 0F       		.byte	0xf
 1510 0b64 B0030000 		.4byte	0x3b0
 1511 0b68 00       		.byte	0
 1512 0b69 25       		.uleb128 0x25
 1513 0b6a 26050000 		.4byte	.LASF137
 1514 0b6e 09       		.byte	0x9
 1515 0b6f 0601     		.2byte	0x106
 1516 0b71 14       		.byte	0x14
 1517 0b72 8E0B0000 		.4byte	0xb8e
 1518 0b76 15       		.uleb128 0x15
 1519 0b77 717000   		.ascii	"qp\000"
 1520 0b7a 09       		.byte	0x9
 1521 0b7b 0601     		.2byte	0x106
 1522 0b7d 30       		.byte	0x30
 1523 0b7e B0030000 		.4byte	0x3b0
 1524 0b82 15       		.uleb128 0x15
 1525 0b83 7000     		.ascii	"p\000"
 1526 0b85 09       		.byte	0x9
 1527 0b86 0601     		.2byte	0x106
 1528 0b88 40       		.byte	0x40
 1529 0b89 B0030000 		.4byte	0x3b0
 1530 0b8d 00       		.byte	0
 1531 0b8e 28       		.uleb128 0x28
 1532 0b8f BC040000 		.4byte	.LASF138
 1533 0b93 09       		.byte	0x9
 1534 0b94 F9       		.byte	0xf9
 1535 0b95 14       		.byte	0x14
 1536 0b96 E8070000 		.4byte	0x7e8
 1537 0b9a AA0B0000 		.4byte	0xbaa
 1538 0b9e 1F       		.uleb128 0x1f
 1539 0b9f 717000   		.ascii	"qp\000"
ARM GAS  C:\Users\acest\AppData\Local\Temp\cc7GpQc1.s 			page 28


 1540 0ba2 09       		.byte	0x9
 1541 0ba3 F9       		.byte	0xf9
 1542 0ba4 38       		.byte	0x38
 1543 0ba5 AA0B0000 		.4byte	0xbaa
 1544 0ba9 00       		.byte	0
 1545 0baa 0C       		.uleb128 0xc
 1546 0bab 04       		.byte	0x4
 1547 0bac 83030000 		.4byte	0x383
 1548 0bb0 29       		.uleb128 0x29
 1549 0bb1 67060000 		.4byte	.LASF143
 1550 0bb5 09       		.byte	0x9
 1551 0bb6 DE       		.byte	0xde
 1552 0bb7 14       		.byte	0x14
 1553 0bb8 1F       		.uleb128 0x1f
 1554 0bb9 717000   		.ascii	"qp\000"
 1555 0bbc 09       		.byte	0x9
 1556 0bbd DE       		.byte	0xde
 1557 0bbe 2E       		.byte	0x2e
 1558 0bbf B0030000 		.4byte	0x3b0
 1559 0bc3 00       		.byte	0
 1560 0bc4 00       		.byte	0
 1561              		.section	.gnu.debuglto_.debug_abbrev,"e",%progbits
 1562              	.Ldebug_abbrev0:
 1563 0000 01       		.uleb128 0x1
 1564 0001 11       		.uleb128 0x11
 1565 0002 01       		.byte	0x1
 1566 0003 25       		.uleb128 0x25
 1567 0004 0E       		.uleb128 0xe
 1568 0005 13       		.uleb128 0x13
 1569 0006 0B       		.uleb128 0xb
 1570 0007 03       		.uleb128 0x3
 1571 0008 0E       		.uleb128 0xe
 1572 0009 1B       		.uleb128 0x1b
 1573 000a 0E       		.uleb128 0xe
 1574 000b 10       		.uleb128 0x10
 1575 000c 17       		.uleb128 0x17
 1576 000d 00       		.byte	0
 1577 000e 00       		.byte	0
 1578 000f 02       		.uleb128 0x2
 1579 0010 24       		.uleb128 0x24
 1580 0011 00       		.byte	0
 1581 0012 0B       		.uleb128 0xb
 1582 0013 0B       		.uleb128 0xb
 1583 0014 3E       		.uleb128 0x3e
 1584 0015 0B       		.uleb128 0xb
 1585 0016 03       		.uleb128 0x3
 1586 0017 08       		.uleb128 0x8
 1587 0018 00       		.byte	0
 1588 0019 00       		.byte	0
 1589 001a 03       		.uleb128 0x3
 1590 001b 24       		.uleb128 0x24
 1591 001c 00       		.byte	0
 1592 001d 0B       		.uleb128 0xb
 1593 001e 0B       		.uleb128 0xb
 1594 001f 3E       		.uleb128 0x3e
 1595 0020 0B       		.uleb128 0xb
 1596 0021 03       		.uleb128 0x3
ARM GAS  C:\Users\acest\AppData\Local\Temp\cc7GpQc1.s 			page 29


 1597 0022 0E       		.uleb128 0xe
 1598 0023 00       		.byte	0
 1599 0024 00       		.byte	0
 1600 0025 04       		.uleb128 0x4
 1601 0026 16       		.uleb128 0x16
 1602 0027 00       		.byte	0
 1603 0028 03       		.uleb128 0x3
 1604 0029 0E       		.uleb128 0xe
 1605 002a 3A       		.uleb128 0x3a
 1606 002b 0B       		.uleb128 0xb
 1607 002c 3B       		.uleb128 0x3b
 1608 002d 0B       		.uleb128 0xb
 1609 002e 39       		.uleb128 0x39
 1610 002f 0B       		.uleb128 0xb
 1611 0030 49       		.uleb128 0x49
 1612 0031 13       		.uleb128 0x13
 1613 0032 00       		.byte	0
 1614 0033 00       		.byte	0
 1615 0034 05       		.uleb128 0x5
 1616 0035 35       		.uleb128 0x35
 1617 0036 00       		.byte	0
 1618 0037 49       		.uleb128 0x49
 1619 0038 13       		.uleb128 0x13
 1620 0039 00       		.byte	0
 1621 003a 00       		.byte	0
 1622 003b 06       		.uleb128 0x6
 1623 003c 13       		.uleb128 0x13
 1624 003d 01       		.byte	0x1
 1625 003e 03       		.uleb128 0x3
 1626 003f 0E       		.uleb128 0xe
 1627 0040 0B       		.uleb128 0xb
 1628 0041 0B       		.uleb128 0xb
 1629 0042 3A       		.uleb128 0x3a
 1630 0043 0B       		.uleb128 0xb
 1631 0044 3B       		.uleb128 0x3b
 1632 0045 0B       		.uleb128 0xb
 1633 0046 39       		.uleb128 0x39
 1634 0047 0B       		.uleb128 0xb
 1635 0048 01       		.uleb128 0x1
 1636 0049 13       		.uleb128 0x13
 1637 004a 00       		.byte	0
 1638 004b 00       		.byte	0
 1639 004c 07       		.uleb128 0x7
 1640 004d 0D       		.uleb128 0xd
 1641 004e 00       		.byte	0
 1642 004f 03       		.uleb128 0x3
 1643 0050 08       		.uleb128 0x8
 1644 0051 3A       		.uleb128 0x3a
 1645 0052 0B       		.uleb128 0xb
 1646 0053 3B       		.uleb128 0x3b
 1647 0054 0B       		.uleb128 0xb
 1648 0055 39       		.uleb128 0x39
 1649 0056 0B       		.uleb128 0xb
 1650 0057 49       		.uleb128 0x49
 1651 0058 13       		.uleb128 0x13
 1652 0059 38       		.uleb128 0x38
 1653 005a 0B       		.uleb128 0xb
ARM GAS  C:\Users\acest\AppData\Local\Temp\cc7GpQc1.s 			page 30


 1654 005b 00       		.byte	0
 1655 005c 00       		.byte	0
 1656 005d 08       		.uleb128 0x8
 1657 005e 0D       		.uleb128 0xd
 1658 005f 00       		.byte	0
 1659 0060 03       		.uleb128 0x3
 1660 0061 0E       		.uleb128 0xe
 1661 0062 3A       		.uleb128 0x3a
 1662 0063 0B       		.uleb128 0xb
 1663 0064 3B       		.uleb128 0x3b
 1664 0065 0B       		.uleb128 0xb
 1665 0066 39       		.uleb128 0x39
 1666 0067 0B       		.uleb128 0xb
 1667 0068 49       		.uleb128 0x49
 1668 0069 13       		.uleb128 0x13
 1669 006a 38       		.uleb128 0x38
 1670 006b 0B       		.uleb128 0xb
 1671 006c 00       		.byte	0
 1672 006d 00       		.byte	0
 1673 006e 09       		.uleb128 0x9
 1674 006f 0D       		.uleb128 0xd
 1675 0070 00       		.byte	0
 1676 0071 03       		.uleb128 0x3
 1677 0072 08       		.uleb128 0x8
 1678 0073 3A       		.uleb128 0x3a
 1679 0074 0B       		.uleb128 0xb
 1680 0075 3B       		.uleb128 0x3b
 1681 0076 05       		.uleb128 0x5
 1682 0077 39       		.uleb128 0x39
 1683 0078 0B       		.uleb128 0xb
 1684 0079 49       		.uleb128 0x49
 1685 007a 13       		.uleb128 0x13
 1686 007b 38       		.uleb128 0x38
 1687 007c 0B       		.uleb128 0xb
 1688 007d 00       		.byte	0
 1689 007e 00       		.byte	0
 1690 007f 0A       		.uleb128 0xa
 1691 0080 0D       		.uleb128 0xd
 1692 0081 00       		.byte	0
 1693 0082 03       		.uleb128 0x3
 1694 0083 0E       		.uleb128 0xe
 1695 0084 3A       		.uleb128 0x3a
 1696 0085 0B       		.uleb128 0xb
 1697 0086 3B       		.uleb128 0x3b
 1698 0087 05       		.uleb128 0x5
 1699 0088 39       		.uleb128 0x39
 1700 0089 0B       		.uleb128 0xb
 1701 008a 49       		.uleb128 0x49
 1702 008b 13       		.uleb128 0x13
 1703 008c 38       		.uleb128 0x38
 1704 008d 0B       		.uleb128 0xb
 1705 008e 00       		.byte	0
 1706 008f 00       		.byte	0
 1707 0090 0B       		.uleb128 0xb
 1708 0091 13       		.uleb128 0x13
 1709 0092 01       		.byte	0x1
 1710 0093 03       		.uleb128 0x3
ARM GAS  C:\Users\acest\AppData\Local\Temp\cc7GpQc1.s 			page 31


 1711 0094 0E       		.uleb128 0xe
 1712 0095 0B       		.uleb128 0xb
 1713 0096 0B       		.uleb128 0xb
 1714 0097 3A       		.uleb128 0x3a
 1715 0098 0B       		.uleb128 0xb
 1716 0099 3B       		.uleb128 0x3b
 1717 009a 05       		.uleb128 0x5
 1718 009b 39       		.uleb128 0x39
 1719 009c 0B       		.uleb128 0xb
 1720 009d 01       		.uleb128 0x1
 1721 009e 13       		.uleb128 0x13
 1722 009f 00       		.byte	0
 1723 00a0 00       		.byte	0
 1724 00a1 0C       		.uleb128 0xc
 1725 00a2 0F       		.uleb128 0xf
 1726 00a3 00       		.byte	0
 1727 00a4 0B       		.uleb128 0xb
 1728 00a5 0B       		.uleb128 0xb
 1729 00a6 49       		.uleb128 0x49
 1730 00a7 13       		.uleb128 0x13
 1731 00a8 00       		.byte	0
 1732 00a9 00       		.byte	0
 1733 00aa 0D       		.uleb128 0xd
 1734 00ab 26       		.uleb128 0x26
 1735 00ac 00       		.byte	0
 1736 00ad 49       		.uleb128 0x49
 1737 00ae 13       		.uleb128 0x13
 1738 00af 00       		.byte	0
 1739 00b0 00       		.byte	0
 1740 00b1 0E       		.uleb128 0xe
 1741 00b2 0F       		.uleb128 0xf
 1742 00b3 00       		.byte	0
 1743 00b4 0B       		.uleb128 0xb
 1744 00b5 0B       		.uleb128 0xb
 1745 00b6 00       		.byte	0
 1746 00b7 00       		.byte	0
 1747 00b8 0F       		.uleb128 0xf
 1748 00b9 17       		.uleb128 0x17
 1749 00ba 01       		.byte	0x1
 1750 00bb 0B       		.uleb128 0xb
 1751 00bc 0B       		.uleb128 0xb
 1752 00bd 3A       		.uleb128 0x3a
 1753 00be 0B       		.uleb128 0xb
 1754 00bf 3B       		.uleb128 0x3b
 1755 00c0 0B       		.uleb128 0xb
 1756 00c1 39       		.uleb128 0x39
 1757 00c2 0B       		.uleb128 0xb
 1758 00c3 01       		.uleb128 0x1
 1759 00c4 13       		.uleb128 0x13
 1760 00c5 00       		.byte	0
 1761 00c6 00       		.byte	0
 1762 00c7 10       		.uleb128 0x10
 1763 00c8 0D       		.uleb128 0xd
 1764 00c9 00       		.byte	0
 1765 00ca 03       		.uleb128 0x3
 1766 00cb 0E       		.uleb128 0xe
 1767 00cc 3A       		.uleb128 0x3a
ARM GAS  C:\Users\acest\AppData\Local\Temp\cc7GpQc1.s 			page 32


 1768 00cd 0B       		.uleb128 0xb
 1769 00ce 3B       		.uleb128 0x3b
 1770 00cf 0B       		.uleb128 0xb
 1771 00d0 39       		.uleb128 0x39
 1772 00d1 0B       		.uleb128 0xb
 1773 00d2 49       		.uleb128 0x49
 1774 00d3 13       		.uleb128 0x13
 1775 00d4 00       		.byte	0
 1776 00d5 00       		.byte	0
 1777 00d6 11       		.uleb128 0x11
 1778 00d7 0D       		.uleb128 0xd
 1779 00d8 00       		.byte	0
 1780 00d9 03       		.uleb128 0x3
 1781 00da 0E       		.uleb128 0xe
 1782 00db 3A       		.uleb128 0x3a
 1783 00dc 0B       		.uleb128 0xb
 1784 00dd 3B       		.uleb128 0x3b
 1785 00de 05       		.uleb128 0x5
 1786 00df 39       		.uleb128 0x39
 1787 00e0 0B       		.uleb128 0xb
 1788 00e1 49       		.uleb128 0x49
 1789 00e2 13       		.uleb128 0x13
 1790 00e3 00       		.byte	0
 1791 00e4 00       		.byte	0
 1792 00e5 12       		.uleb128 0x12
 1793 00e6 16       		.uleb128 0x16
 1794 00e7 00       		.byte	0
 1795 00e8 03       		.uleb128 0x3
 1796 00e9 0E       		.uleb128 0xe
 1797 00ea 3A       		.uleb128 0x3a
 1798 00eb 0B       		.uleb128 0xb
 1799 00ec 3B       		.uleb128 0x3b
 1800 00ed 05       		.uleb128 0x5
 1801 00ee 39       		.uleb128 0x39
 1802 00ef 0B       		.uleb128 0xb
 1803 00f0 49       		.uleb128 0x49
 1804 00f1 13       		.uleb128 0x13
 1805 00f2 00       		.byte	0
 1806 00f3 00       		.byte	0
 1807 00f4 13       		.uleb128 0x13
 1808 00f5 34       		.uleb128 0x34
 1809 00f6 00       		.byte	0
 1810 00f7 03       		.uleb128 0x3
 1811 00f8 08       		.uleb128 0x8
 1812 00f9 3A       		.uleb128 0x3a
 1813 00fa 0B       		.uleb128 0xb
 1814 00fb 3B       		.uleb128 0x3b
 1815 00fc 05       		.uleb128 0x5
 1816 00fd 39       		.uleb128 0x39
 1817 00fe 0B       		.uleb128 0xb
 1818 00ff 49       		.uleb128 0x49
 1819 0100 13       		.uleb128 0x13
 1820 0101 3F       		.uleb128 0x3f
 1821 0102 19       		.uleb128 0x19
 1822 0103 3C       		.uleb128 0x3c
 1823 0104 19       		.uleb128 0x19
 1824 0105 00       		.byte	0
ARM GAS  C:\Users\acest\AppData\Local\Temp\cc7GpQc1.s 			page 33


 1825 0106 00       		.byte	0
 1826 0107 14       		.uleb128 0x14
 1827 0108 2E       		.uleb128 0x2e
 1828 0109 01       		.byte	0x1
 1829 010a 3F       		.uleb128 0x3f
 1830 010b 19       		.uleb128 0x19
 1831 010c 03       		.uleb128 0x3
 1832 010d 0E       		.uleb128 0xe
 1833 010e 3A       		.uleb128 0x3a
 1834 010f 0B       		.uleb128 0xb
 1835 0110 3B       		.uleb128 0x3b
 1836 0111 05       		.uleb128 0x5
 1837 0112 39       		.uleb128 0x39
 1838 0113 0B       		.uleb128 0xb
 1839 0114 27       		.uleb128 0x27
 1840 0115 19       		.uleb128 0x19
 1841 0116 49       		.uleb128 0x49
 1842 0117 13       		.uleb128 0x13
 1843 0118 01       		.uleb128 0x1
 1844 0119 13       		.uleb128 0x13
 1845 011a 00       		.byte	0
 1846 011b 00       		.byte	0
 1847 011c 15       		.uleb128 0x15
 1848 011d 05       		.uleb128 0x5
 1849 011e 00       		.byte	0
 1850 011f 03       		.uleb128 0x3
 1851 0120 08       		.uleb128 0x8
 1852 0121 3A       		.uleb128 0x3a
 1853 0122 0B       		.uleb128 0xb
 1854 0123 3B       		.uleb128 0x3b
 1855 0124 05       		.uleb128 0x5
 1856 0125 39       		.uleb128 0x39
 1857 0126 0B       		.uleb128 0xb
 1858 0127 49       		.uleb128 0x49
 1859 0128 13       		.uleb128 0x13
 1860 0129 00       		.byte	0
 1861 012a 00       		.byte	0
 1862 012b 16       		.uleb128 0x16
 1863 012c 34       		.uleb128 0x34
 1864 012d 00       		.byte	0
 1865 012e 03       		.uleb128 0x3
 1866 012f 08       		.uleb128 0x8
 1867 0130 3A       		.uleb128 0x3a
 1868 0131 0B       		.uleb128 0xb
 1869 0132 3B       		.uleb128 0x3b
 1870 0133 05       		.uleb128 0x5
 1871 0134 39       		.uleb128 0x39
 1872 0135 0B       		.uleb128 0xb
 1873 0136 49       		.uleb128 0x49
 1874 0137 13       		.uleb128 0x13
 1875 0138 00       		.byte	0
 1876 0139 00       		.byte	0
 1877 013a 17       		.uleb128 0x17
 1878 013b 34       		.uleb128 0x34
 1879 013c 00       		.byte	0
 1880 013d 03       		.uleb128 0x3
 1881 013e 0E       		.uleb128 0xe
ARM GAS  C:\Users\acest\AppData\Local\Temp\cc7GpQc1.s 			page 34


 1882 013f 49       		.uleb128 0x49
 1883 0140 13       		.uleb128 0x13
 1884 0141 34       		.uleb128 0x34
 1885 0142 19       		.uleb128 0x19
 1886 0143 00       		.byte	0
 1887 0144 00       		.byte	0
 1888 0145 18       		.uleb128 0x18
 1889 0146 0B       		.uleb128 0xb
 1890 0147 01       		.byte	0x1
 1891 0148 00       		.byte	0
 1892 0149 00       		.byte	0
 1893 014a 19       		.uleb128 0x19
 1894 014b 34       		.uleb128 0x34
 1895 014c 00       		.byte	0
 1896 014d 03       		.uleb128 0x3
 1897 014e 0E       		.uleb128 0xe
 1898 014f 3A       		.uleb128 0x3a
 1899 0150 0B       		.uleb128 0xb
 1900 0151 3B       		.uleb128 0x3b
 1901 0152 05       		.uleb128 0x5
 1902 0153 39       		.uleb128 0x39
 1903 0154 0B       		.uleb128 0xb
 1904 0155 49       		.uleb128 0x49
 1905 0156 13       		.uleb128 0x13
 1906 0157 00       		.byte	0
 1907 0158 00       		.byte	0
 1908 0159 1A       		.uleb128 0x1a
 1909 015a 01       		.uleb128 0x1
 1910 015b 01       		.byte	0x1
 1911 015c 49       		.uleb128 0x49
 1912 015d 13       		.uleb128 0x13
 1913 015e 01       		.uleb128 0x1
 1914 015f 13       		.uleb128 0x13
 1915 0160 00       		.byte	0
 1916 0161 00       		.byte	0
 1917 0162 1B       		.uleb128 0x1b
 1918 0163 21       		.uleb128 0x21
 1919 0164 00       		.byte	0
 1920 0165 49       		.uleb128 0x49
 1921 0166 13       		.uleb128 0x13
 1922 0167 2F       		.uleb128 0x2f
 1923 0168 0B       		.uleb128 0xb
 1924 0169 00       		.byte	0
 1925 016a 00       		.byte	0
 1926 016b 1C       		.uleb128 0x1c
 1927 016c 2E       		.uleb128 0x2e
 1928 016d 01       		.byte	0x1
 1929 016e 3F       		.uleb128 0x3f
 1930 016f 19       		.uleb128 0x19
 1931 0170 03       		.uleb128 0x3
 1932 0171 0E       		.uleb128 0xe
 1933 0172 3A       		.uleb128 0x3a
 1934 0173 0B       		.uleb128 0xb
 1935 0174 3B       		.uleb128 0x3b
 1936 0175 05       		.uleb128 0x5
 1937 0176 39       		.uleb128 0x39
 1938 0177 0B       		.uleb128 0xb
ARM GAS  C:\Users\acest\AppData\Local\Temp\cc7GpQc1.s 			page 35


 1939 0178 27       		.uleb128 0x27
 1940 0179 19       		.uleb128 0x19
 1941 017a 01       		.uleb128 0x1
 1942 017b 13       		.uleb128 0x13
 1943 017c 00       		.byte	0
 1944 017d 00       		.byte	0
 1945 017e 1D       		.uleb128 0x1d
 1946 017f 05       		.uleb128 0x5
 1947 0180 00       		.byte	0
 1948 0181 03       		.uleb128 0x3
 1949 0182 0E       		.uleb128 0xe
 1950 0183 3A       		.uleb128 0x3a
 1951 0184 0B       		.uleb128 0xb
 1952 0185 3B       		.uleb128 0x3b
 1953 0186 05       		.uleb128 0x5
 1954 0187 39       		.uleb128 0x39
 1955 0188 0B       		.uleb128 0xb
 1956 0189 49       		.uleb128 0x49
 1957 018a 13       		.uleb128 0x13
 1958 018b 00       		.byte	0
 1959 018c 00       		.byte	0
 1960 018d 1E       		.uleb128 0x1e
 1961 018e 2E       		.uleb128 0x2e
 1962 018f 01       		.byte	0x1
 1963 0190 3F       		.uleb128 0x3f
 1964 0191 19       		.uleb128 0x19
 1965 0192 03       		.uleb128 0x3
 1966 0193 0E       		.uleb128 0xe
 1967 0194 3A       		.uleb128 0x3a
 1968 0195 0B       		.uleb128 0xb
 1969 0196 3B       		.uleb128 0x3b
 1970 0197 0B       		.uleb128 0xb
 1971 0198 39       		.uleb128 0x39
 1972 0199 0B       		.uleb128 0xb
 1973 019a 27       		.uleb128 0x27
 1974 019b 19       		.uleb128 0x19
 1975 019c 49       		.uleb128 0x49
 1976 019d 13       		.uleb128 0x13
 1977 019e 01       		.uleb128 0x1
 1978 019f 13       		.uleb128 0x13
 1979 01a0 00       		.byte	0
 1980 01a1 00       		.byte	0
 1981 01a2 1F       		.uleb128 0x1f
 1982 01a3 05       		.uleb128 0x5
 1983 01a4 00       		.byte	0
 1984 01a5 03       		.uleb128 0x3
 1985 01a6 08       		.uleb128 0x8
 1986 01a7 3A       		.uleb128 0x3a
 1987 01a8 0B       		.uleb128 0xb
 1988 01a9 3B       		.uleb128 0x3b
 1989 01aa 0B       		.uleb128 0xb
 1990 01ab 39       		.uleb128 0x39
 1991 01ac 0B       		.uleb128 0xb
 1992 01ad 49       		.uleb128 0x49
 1993 01ae 13       		.uleb128 0x13
 1994 01af 00       		.byte	0
 1995 01b0 00       		.byte	0
ARM GAS  C:\Users\acest\AppData\Local\Temp\cc7GpQc1.s 			page 36


 1996 01b1 20       		.uleb128 0x20
 1997 01b2 05       		.uleb128 0x5
 1998 01b3 00       		.byte	0
 1999 01b4 03       		.uleb128 0x3
 2000 01b5 0E       		.uleb128 0xe
 2001 01b6 3A       		.uleb128 0x3a
 2002 01b7 0B       		.uleb128 0xb
 2003 01b8 3B       		.uleb128 0x3b
 2004 01b9 0B       		.uleb128 0xb
 2005 01ba 39       		.uleb128 0x39
 2006 01bb 0B       		.uleb128 0xb
 2007 01bc 49       		.uleb128 0x49
 2008 01bd 13       		.uleb128 0x13
 2009 01be 00       		.byte	0
 2010 01bf 00       		.byte	0
 2011 01c0 21       		.uleb128 0x21
 2012 01c1 34       		.uleb128 0x34
 2013 01c2 00       		.byte	0
 2014 01c3 03       		.uleb128 0x3
 2015 01c4 08       		.uleb128 0x8
 2016 01c5 3A       		.uleb128 0x3a
 2017 01c6 0B       		.uleb128 0xb
 2018 01c7 3B       		.uleb128 0x3b
 2019 01c8 0B       		.uleb128 0xb
 2020 01c9 39       		.uleb128 0x39
 2021 01ca 0B       		.uleb128 0xb
 2022 01cb 49       		.uleb128 0x49
 2023 01cc 13       		.uleb128 0x13
 2024 01cd 00       		.byte	0
 2025 01ce 00       		.byte	0
 2026 01cf 22       		.uleb128 0x22
 2027 01d0 34       		.uleb128 0x34
 2028 01d1 00       		.byte	0
 2029 01d2 03       		.uleb128 0x3
 2030 01d3 0E       		.uleb128 0xe
 2031 01d4 3A       		.uleb128 0x3a
 2032 01d5 0B       		.uleb128 0xb
 2033 01d6 3B       		.uleb128 0x3b
 2034 01d7 0B       		.uleb128 0xb
 2035 01d8 39       		.uleb128 0x39
 2036 01d9 0B       		.uleb128 0xb
 2037 01da 49       		.uleb128 0x49
 2038 01db 13       		.uleb128 0x13
 2039 01dc 00       		.byte	0
 2040 01dd 00       		.byte	0
 2041 01de 23       		.uleb128 0x23
 2042 01df 2E       		.uleb128 0x2e
 2043 01e0 01       		.byte	0x1
 2044 01e1 3F       		.uleb128 0x3f
 2045 01e2 19       		.uleb128 0x19
 2046 01e3 03       		.uleb128 0x3
 2047 01e4 0E       		.uleb128 0xe
 2048 01e5 3A       		.uleb128 0x3a
 2049 01e6 0B       		.uleb128 0xb
 2050 01e7 3B       		.uleb128 0x3b
 2051 01e8 0B       		.uleb128 0xb
 2052 01e9 39       		.uleb128 0x39
ARM GAS  C:\Users\acest\AppData\Local\Temp\cc7GpQc1.s 			page 37


 2053 01ea 0B       		.uleb128 0xb
 2054 01eb 27       		.uleb128 0x27
 2055 01ec 19       		.uleb128 0x19
 2056 01ed 01       		.uleb128 0x1
 2057 01ee 13       		.uleb128 0x13
 2058 01ef 00       		.byte	0
 2059 01f0 00       		.byte	0
 2060 01f1 24       		.uleb128 0x24
 2061 01f2 2E       		.uleb128 0x2e
 2062 01f3 00       		.byte	0
 2063 01f4 03       		.uleb128 0x3
 2064 01f5 0E       		.uleb128 0xe
 2065 01f6 3A       		.uleb128 0x3a
 2066 01f7 0B       		.uleb128 0xb
 2067 01f8 3B       		.uleb128 0x3b
 2068 01f9 05       		.uleb128 0x5
 2069 01fa 39       		.uleb128 0x39
 2070 01fb 0B       		.uleb128 0xb
 2071 01fc 27       		.uleb128 0x27
 2072 01fd 19       		.uleb128 0x19
 2073 01fe 49       		.uleb128 0x49
 2074 01ff 13       		.uleb128 0x13
 2075 0200 00       		.byte	0
 2076 0201 00       		.byte	0
 2077 0202 25       		.uleb128 0x25
 2078 0203 2E       		.uleb128 0x2e
 2079 0204 01       		.byte	0x1
 2080 0205 03       		.uleb128 0x3
 2081 0206 0E       		.uleb128 0xe
 2082 0207 3A       		.uleb128 0x3a
 2083 0208 0B       		.uleb128 0xb
 2084 0209 3B       		.uleb128 0x3b
 2085 020a 05       		.uleb128 0x5
 2086 020b 39       		.uleb128 0x39
 2087 020c 0B       		.uleb128 0xb
 2088 020d 27       		.uleb128 0x27
 2089 020e 19       		.uleb128 0x19
 2090 020f 01       		.uleb128 0x1
 2091 0210 13       		.uleb128 0x13
 2092 0211 00       		.byte	0
 2093 0212 00       		.byte	0
 2094 0213 26       		.uleb128 0x26
 2095 0214 2E       		.uleb128 0x2e
 2096 0215 00       		.byte	0
 2097 0216 03       		.uleb128 0x3
 2098 0217 0E       		.uleb128 0xe
 2099 0218 3A       		.uleb128 0x3a
 2100 0219 0B       		.uleb128 0xb
 2101 021a 3B       		.uleb128 0x3b
 2102 021b 05       		.uleb128 0x5
 2103 021c 39       		.uleb128 0x39
 2104 021d 0B       		.uleb128 0xb
 2105 021e 27       		.uleb128 0x27
 2106 021f 19       		.uleb128 0x19
 2107 0220 00       		.byte	0
 2108 0221 00       		.byte	0
 2109 0222 27       		.uleb128 0x27
ARM GAS  C:\Users\acest\AppData\Local\Temp\cc7GpQc1.s 			page 38


 2110 0223 2E       		.uleb128 0x2e
 2111 0224 01       		.byte	0x1
 2112 0225 03       		.uleb128 0x3
 2113 0226 0E       		.uleb128 0xe
 2114 0227 3A       		.uleb128 0x3a
 2115 0228 0B       		.uleb128 0xb
 2116 0229 3B       		.uleb128 0x3b
 2117 022a 05       		.uleb128 0x5
 2118 022b 39       		.uleb128 0x39
 2119 022c 0B       		.uleb128 0xb
 2120 022d 27       		.uleb128 0x27
 2121 022e 19       		.uleb128 0x19
 2122 022f 49       		.uleb128 0x49
 2123 0230 13       		.uleb128 0x13
 2124 0231 01       		.uleb128 0x1
 2125 0232 13       		.uleb128 0x13
 2126 0233 00       		.byte	0
 2127 0234 00       		.byte	0
 2128 0235 28       		.uleb128 0x28
 2129 0236 2E       		.uleb128 0x2e
 2130 0237 01       		.byte	0x1
 2131 0238 03       		.uleb128 0x3
 2132 0239 0E       		.uleb128 0xe
 2133 023a 3A       		.uleb128 0x3a
 2134 023b 0B       		.uleb128 0xb
 2135 023c 3B       		.uleb128 0x3b
 2136 023d 0B       		.uleb128 0xb
 2137 023e 39       		.uleb128 0x39
 2138 023f 0B       		.uleb128 0xb
 2139 0240 27       		.uleb128 0x27
 2140 0241 19       		.uleb128 0x19
 2141 0242 49       		.uleb128 0x49
 2142 0243 13       		.uleb128 0x13
 2143 0244 01       		.uleb128 0x1
 2144 0245 13       		.uleb128 0x13
 2145 0246 00       		.byte	0
 2146 0247 00       		.byte	0
 2147 0248 29       		.uleb128 0x29
 2148 0249 2E       		.uleb128 0x2e
 2149 024a 01       		.byte	0x1
 2150 024b 03       		.uleb128 0x3
 2151 024c 0E       		.uleb128 0xe
 2152 024d 3A       		.uleb128 0x3a
 2153 024e 0B       		.uleb128 0xb
 2154 024f 3B       		.uleb128 0x3b
 2155 0250 0B       		.uleb128 0xb
 2156 0251 39       		.uleb128 0x39
 2157 0252 0B       		.uleb128 0xb
 2158 0253 27       		.uleb128 0x27
 2159 0254 19       		.uleb128 0x19
 2160 0255 00       		.byte	0
 2161 0256 00       		.byte	0
 2162 0257 00       		.byte	0
 2163              		.section	.gnu.debuglto_.debug_line,"e",%progbits
 2164              	.Ldebug_line0:
 2165 0000 9D020000 		.4byte	.LELT0-.LSLT0
 2166              	.LSLT0:
ARM GAS  C:\Users\acest\AppData\Local\Temp\cc7GpQc1.s 			page 39


 2167 0004 0400     		.2byte	0x4
 2168 0006 97020000 		.4byte	.LELTP0-.LASLTP0
 2169              	.LASLTP0:
 2170 000a 01       		.byte	0x1
 2171 000b 01       		.byte	0x1
 2172 000c 01       		.byte	0x1
 2173 000d F6       		.byte	0xf6
 2174 000e F2       		.byte	0xf2
 2175 000f 0D       		.byte	0xd
 2176 0010 00       		.byte	0
 2177 0011 01       		.byte	0x1
 2178 0012 01       		.byte	0x1
 2179 0013 01       		.byte	0x1
 2180 0014 01       		.byte	0x1
 2181 0015 00       		.byte	0
 2182 0016 00       		.byte	0
 2183 0017 00       		.byte	0
 2184 0018 01       		.byte	0x1
 2185 0019 00       		.byte	0
 2186 001a 00       		.byte	0
 2187 001b 01       		.byte	0x1
 2188 001c 2E2E2F2E 		.ascii	"../../../../../ChibiStudio/chibios2111/os/rt/src"
 2188      2E2F2E2E 
 2188      2F2E2E2F 
 2188      2E2E2F43 
 2188      68696269 
 2189 004c 00       		.byte	0
 2190 004d 633A5C63 		.ascii	"c:\\chibistudio\\chibios2111\\os\\common\\ext\\arm\\"
 2190      68696269 
 2190      73747564 
 2190      696F5C63 
 2190      68696269 
 2191 007a 636D7369 		.ascii	"cmsis\\core\\include"
 2191      735C636F 
 2191      72655C69 
 2191      6E636C75 
 2191      6465
 2192 008c 00       		.byte	0
 2193 008d 633A5C63 		.ascii	"c:\\chibistudio\\chibios2111\\os\\common\\ports\\ar"
 2193      68696269 
 2193      73747564 
 2193      696F5C63 
 2193      68696269 
 2194 00ba 6D2D636F 		.ascii	"m-common"
 2194      6D6D6F6E 
 2195 00c2 00       		.byte	0
 2196 00c3 633A5C63 		.ascii	"c:\\chibistudio\\chibios2111\\os\\common\\ports\\ar"
 2196      68696269 
 2196      73747564 
 2196      696F5C63 
 2196      68696269 
 2197 00f0 6D76372D 		.ascii	"mv7-m-alt"
 2197      6D2D616C 
 2197      74
 2198 00f9 00       		.byte	0
 2199 00fa 633A5C63 		.ascii	"c:\\chibistudio\\chibios2111\\os\\rt\\include"
 2199      68696269 
ARM GAS  C:\Users\acest\AppData\Local\Temp\cc7GpQc1.s 			page 40


 2199      73747564 
 2199      696F5C63 
 2199      68696269 
 2200 0122 00       		.byte	0
 2201 0123 633A5C63 		.ascii	"c:\\chibistudio\\tools\\gnu tools arm embedded\\10."
 2201      68696269 
 2201      73747564 
 2201      696F5C74 
 2201      6F6F6C73 
 2202 0152 33203230 		.ascii	"3 2021.10\\arm-none-eabi\\include\\machine"
 2202      32312E31 
 2202      305C6172 
 2202      6D2D6E6F 
 2202      6E652D65 
 2203 0179 00       		.byte	0
 2204 017a 633A5C63 		.ascii	"c:\\chibistudio\\tools\\gnu tools arm embedded\\10."
 2204      68696269 
 2204      73747564 
 2204      696F5C74 
 2204      6F6F6C73 
 2205 01a9 33203230 		.ascii	"3 2021.10\\arm-none-eabi\\include\\sys"
 2205      32312E31 
 2205      305C6172 
 2205      6D2D6E6F 
 2205      6E652D65 
 2206 01cc 00       		.byte	0
 2207 01cd 00       		.byte	0
 2208 01ce 5F646566 		.ascii	"_default_types.h\000"
 2208      61756C74 
 2208      5F747970 
 2208      65732E68 
 2208      00
 2209 01df 06       		.uleb128 0x6
 2210 01e0 00       		.uleb128 0
 2211 01e1 00       		.uleb128 0
 2212 01e2 5F737464 		.ascii	"_stdint.h\000"
 2212      696E742E 
 2212      6800
 2213 01ec 07       		.uleb128 0x7
 2214 01ed 00       		.uleb128 0
 2215 01ee 00       		.uleb128 0
 2216 01ef 63687479 		.ascii	"chtypes.h\000"
 2216      7065732E 
 2216      6800
 2217 01f9 03       		.uleb128 0x3
 2218 01fa 00       		.uleb128 0
 2219 01fb 00       		.uleb128 0
 2220 01fc 63686561 		.ascii	"chearly.h\000"
 2220      726C792E 
 2220      6800
 2221 0206 05       		.uleb128 0x5
 2222 0207 00       		.uleb128 0
 2223 0208 00       		.uleb128 0
 2224 0209 63686F62 		.ascii	"chobjects.h\000"
 2224      6A656374 
 2224      732E6800 
 2225 0215 05       		.uleb128 0x5
ARM GAS  C:\Users\acest\AppData\Local\Temp\cc7GpQc1.s 			page 41


 2226 0216 00       		.uleb128 0
 2227 0217 00       		.uleb128 0
 2228 0218 63687266 		.ascii	"chrfcu.h\000"
 2228      63752E68 
 2228      00
 2229 0221 05       		.uleb128 0x5
 2230 0222 00       		.uleb128 0
 2231 0223 00       		.uleb128 0
 2232 0224 63686465 		.ascii	"chdebug.h\000"
 2232      6275672E 
 2232      6800
 2233 022e 05       		.uleb128 0x5
 2234 022f 00       		.uleb128 0
 2235 0230 00       		.uleb128 0
 2236 0231 63687469 		.ascii	"chtime.h\000"
 2236      6D652E68 
 2236      00
 2237 023a 05       		.uleb128 0x5
 2238 023b 00       		.uleb128 0
 2239 023c 00       		.uleb128 0
 2240 023d 63686C69 		.ascii	"chlists.h\000"
 2240      7374732E 
 2240      6800
 2241 0247 05       		.uleb128 0x5
 2242 0248 00       		.uleb128 0
 2243 0249 00       		.uleb128 0
 2244 024a 6368636F 		.ascii	"chcore.h\000"
 2244      72652E68 
 2244      00
 2245 0253 04       		.uleb128 0x4
 2246 0254 00       		.uleb128 0
 2247 0255 00       		.uleb128 0
 2248 0256 63687365 		.ascii	"chsem.h\000"
 2248      6D2E6800 
 2249 025e 05       		.uleb128 0x5
 2250 025f 00       		.uleb128 0
 2251 0260 00       		.uleb128 0
 2252 0261 63686D74 		.ascii	"chmtx.h\000"
 2252      782E6800 
 2253 0269 05       		.uleb128 0x5
 2254 026a 00       		.uleb128 0
 2255 026b 00       		.uleb128 0
 2256 026c 63687365 		.ascii	"chsem.c\000"
 2256      6D2E6300 
 2257 0274 01       		.uleb128 0x1
 2258 0275 00       		.uleb128 0
 2259 0276 00       		.uleb128 0
 2260 0277 63687379 		.ascii	"chsys.h\000"
 2260      732E6800 
 2261 027f 05       		.uleb128 0x5
 2262 0280 00       		.uleb128 0
 2263 0281 00       		.uleb128 0
 2264 0282 636D7369 		.ascii	"cmsis_gcc.h\000"
 2264      735F6763 
 2264      632E6800 
 2265 028e 02       		.uleb128 0x2
 2266 028f 00       		.uleb128 0
ARM GAS  C:\Users\acest\AppData\Local\Temp\cc7GpQc1.s 			page 42


 2267 0290 00       		.uleb128 0
 2268 0291 63687468 		.ascii	"chthreads.h\000"
 2268      72656164 
 2268      732E6800 
 2269 029d 05       		.uleb128 0x5
 2270 029e 00       		.uleb128 0
 2271 029f 00       		.uleb128 0
 2272 02a0 00       		.byte	0
 2273              	.LELTP0:
 2274              	.LELT0:
 2275              		.section	.gnu.debuglto_.debug_str,"eMS",%progbits,1
 2276              	.LASF105:
 2277 0000 72656164 		.ascii	"ready_list_t\000"
 2277      795F6C69 
 2277      73745F74 
 2277      00
 2278              	.LASF49:
 2279 000d 72666375 		.ascii	"rfcu\000"
 2279      00
 2280              	.LASF118:
 2281 0012 63685365 		.ascii	"chSemSignalI\000"
 2281      6D536967 
 2281      6E616C49 
 2281      00
 2282              	.LASF96:
 2283 001f 77747472 		.ascii	"wttrp\000"
 2283      7000
 2284              	.LASF73:
 2285 0025 64656C74 		.ascii	"delta\000"
 2285      6100
 2286              	.LASF127:
 2287 002b 63685365 		.ascii	"chSemResetWithMessage\000"
 2287      6D526573 
 2287      65745769 
 2287      74684D65 
 2287      73736167 
 2288              	.LASF17:
 2289 0041 75696E74 		.ascii	"uint64_t\000"
 2289      36345F74 
 2289      00
 2290              	.LASF7:
 2291 004a 5F5F7569 		.ascii	"__uint8_t\000"
 2291      6E74385F 
 2291      7400
 2292              	.LASF67:
 2293 0054 70726576 		.ascii	"prev\000"
 2293      00
 2294              	.LASF77:
 2295 0059 706F7274 		.ascii	"port_intctx\000"
 2295      5F696E74 
 2295      63747800 
 2296              	.LASF59:
 2297 0065 73797374 		.ascii	"system_debug_t\000"
 2297      656D5F64 
 2297      65627567 
 2297      5F7400
 2298              	.LASF48:
ARM GAS  C:\Users\acest\AppData\Local\Temp\cc7GpQc1.s 			page 43


 2299 0074 636F7265 		.ascii	"core_id\000"
 2299      5F696400 
 2300              	.LASF68:
 2301 007c 63685F70 		.ascii	"ch_priority_queue_t\000"
 2301      72696F72 
 2301      6974795F 
 2301      71756575 
 2301      655F7400 
 2302              	.LASF119:
 2303 0090 63685365 		.ascii	"chSemSignal\000"
 2303      6D536967 
 2303      6E616C00 
 2304              	.LASF112:
 2305 009c 73656D61 		.ascii	"semaphore_t\000"
 2305      70686F72 
 2305      655F7400 
 2306              	.LASF94:
 2307 00a8 65786974 		.ascii	"exitcode\000"
 2307      636F6465 
 2307      00
 2308              	.LASF51:
 2309 00b1 6D61696E 		.ascii	"mainthread\000"
 2309      74687265 
 2309      616400
 2310              	.LASF97:
 2311 00bc 73656E74 		.ascii	"sentmsg\000"
 2311      6D736700 
 2312              	.LASF117:
 2313 00c4 63685365 		.ascii	"chSemAddCounterI\000"
 2313      6D416464 
 2313      436F756E 
 2313      74657249 
 2313      00
 2314              	.LASF64:
 2315 00d5 6E657874 		.ascii	"next\000"
 2315      00
 2316              	.LASF6:
 2317 00da 73686F72 		.ascii	"short unsigned int\000"
 2317      7420756E 
 2317      7369676E 
 2317      65642069 
 2317      6E7400
 2318              	.LASF35:
 2319 00ed 72656673 		.ascii	"refs\000"
 2319      00
 2320              	.LASF1:
 2321 00f2 6C6F6E67 		.ascii	"long long int\000"
 2321      206C6F6E 
 2321      6720696E 
 2321      7400
 2322              	.LASF3:
 2323 0100 7369676E 		.ascii	"signed char\000"
 2323      65642063 
 2323      68617200 
 2324              	.LASF120:
 2325 010c 63685365 		.ascii	"chSemSignalWait\000"
 2325      6D536967 
ARM GAS  C:\Users\acest\AppData\Local\Temp\cc7GpQc1.s 			page 44


 2325      6E616C57 
 2325      61697400 
 2326              	.LASF72:
 2327 011c 63685F64 		.ascii	"ch_delta_list\000"
 2327      656C7461 
 2327      5F6C6973 
 2327      7400
 2328              	.LASF13:
 2329 012a 6C6F6E67 		.ascii	"long long unsigned int\000"
 2329      206C6F6E 
 2329      6720756E 
 2329      7369676E 
 2329      65642069 
 2330              	.LASF134:
 2331 0141 62617365 		.ascii	"basePri\000"
 2331      50726900 
 2332              	.LASF46:
 2333 0149 76746C69 		.ascii	"vtlist\000"
 2333      737400
 2334              	.LASF130:
 2335 0150 706F7274 		.ascii	"port_unlock\000"
 2335      5F756E6C 
 2335      6F636B00 
 2336              	.LASF37:
 2337 015c 6D736771 		.ascii	"msgqueue\000"
 2337      75657565 
 2337      00
 2338              	.LASF33:
 2339 0165 73746174 		.ascii	"state\000"
 2339      6500
 2340              	.LASF9:
 2341 016b 6C6F6E67 		.ascii	"long int\000"
 2341      20696E74 
 2341      00
 2342              	.LASF21:
 2343 0174 74737461 		.ascii	"tstate_t\000"
 2343      74655F74 
 2343      00
 2344              	.LASF53:
 2345 017d 63685F72 		.ascii	"ch_rfcu\000"
 2345      66637500 
 2346              	.LASF66:
 2347 0185 63685F71 		.ascii	"ch_queue\000"
 2347      75657565 
 2347      00
 2348              	.LASF126:
 2349 018e 63685365 		.ascii	"chSemResetWithMessageI\000"
 2349      6D526573 
 2349      65745769 
 2349      74684D65 
 2349      73736167 
 2350              	.LASF88:
 2351 01a5 71756575 		.ascii	"queue\000"
 2351      6500
 2352              	.LASF136:
 2353 01ab 63685F71 		.ascii	"ch_queue_fifo_remove\000"
 2353      75657565 
ARM GAS  C:\Users\acest\AppData\Local\Temp\cc7GpQc1.s 			page 45


 2353      5F666966 
 2353      6F5F7265 
 2353      6D6F7665 
 2354              	.LASF71:
 2355 01c0 63685F64 		.ascii	"ch_delta_list_t\000"
 2355      656C7461 
 2355      5F6C6973 
 2355      745F7400 
 2356              	.LASF87:
 2357 01d0 63685F72 		.ascii	"ch_registry\000"
 2357      65676973 
 2357      74727900 
 2358              	.LASF141:
 2359 01dc 433A5C55 		.ascii	"C:\\Users\\acest\\Desktop\\R.A.C.E\\race_project\000"
 2359      73657273 
 2359      5C616365 
 2359      73745C44 
 2359      65736B74 
 2360              	.LASF10:
 2361 0208 5F5F7569 		.ascii	"__uint32_t\000"
 2361      6E743332 
 2361      5F7400
 2362              	.LASF54:
 2363 0213 6D61736B 		.ascii	"mask\000"
 2363      00
 2364              	.LASF36:
 2365 0218 77616974 		.ascii	"waiting\000"
 2365      696E6700 
 2366              	.LASF107:
 2367 0220 6D61696E 		.ascii	"mainthread_base\000"
 2367      74687265 
 2367      61645F62 
 2367      61736500 
 2368              	.LASF113:
 2369 0230 6D757465 		.ascii	"mutex_t\000"
 2369      785F7400 
 2370              	.LASF61:
 2371 0238 73797369 		.ascii	"sysinterval_t\000"
 2371      6E746572 
 2371      76616C5F 
 2371      7400
 2372              	.LASF128:
 2373 0246 63685365 		.ascii	"chSemObjectInit\000"
 2373      6D4F626A 
 2373      65637449 
 2373      6E697400 
 2374              	.LASF26:
 2375 0256 636E745F 		.ascii	"cnt_t\000"
 2375      7400
 2376              	.LASF0:
 2377 025c 756E7369 		.ascii	"unsigned int\000"
 2377      676E6564 
 2377      20696E74 
 2377      00
 2378              	.LASF75:
 2379 0269 6C725F74 		.ascii	"lr_thd\000"
 2379      686400
ARM GAS  C:\Users\acest\AppData\Local\Temp\cc7GpQc1.s 			page 46


 2380              	.LASF98:
 2381 0270 77747365 		.ascii	"wtsemp\000"
 2381      6D7000
 2382              	.LASF11:
 2383 0277 6C6F6E67 		.ascii	"long unsigned int\000"
 2383      20756E73 
 2383      69676E65 
 2383      6420696E 
 2383      7400
 2384              	.LASF29:
 2385 0289 72717565 		.ascii	"rqueue\000"
 2385      756500
 2386              	.LASF65:
 2387 0290 63685F71 		.ascii	"ch_queue_t\000"
 2387      75657565 
 2387      5F7400
 2388              	.LASF122:
 2389 029b 74696D65 		.ascii	"timeout\000"
 2389      6F757400 
 2390              	.LASF31:
 2391 02a3 6E616D65 		.ascii	"name\000"
 2391      00
 2392              	.LASF139:
 2393 02a8 474E5520 		.ascii	"GNU C17 10.3.1 20210824 (release) -mcpu=cortex-m4 -"
 2393      43313720 
 2393      31302E33 
 2393      2E312032 
 2393      30323130 
 2394 02db 6D746875 		.ascii	"mthumb -mfloat-abi=soft -march=armv7e-m -ggdb -O2 -"
 2394      6D62202D 
 2394      6D666C6F 
 2394      61742D61 
 2394      62693D73 
 2395 030e 666F6D69 		.ascii	"fomit-frame-pointer -falign-functions=16 -ffunction"
 2395      742D6672 
 2395      616D652D 
 2395      706F696E 
 2395      74657220 
 2396 0341 2D736563 		.ascii	"-sections -fdata-sections -fno-common -flto\000"
 2396      74696F6E 
 2396      73202D66 
 2396      64617461 
 2396      2D736563 
 2397              	.LASF41:
 2398 036d 6D706F6F 		.ascii	"mpool\000"
 2398      6C00
 2399              	.LASF78:
 2400 0373 62617365 		.ascii	"basepri\000"
 2400      70726900 
 2401              	.LASF43:
 2402 037b 63685F74 		.ascii	"ch_thread\000"
 2402      68726561 
 2402      6400
 2403              	.LASF115:
 2404 0385 63757272 		.ascii	"currtp\000"
 2404      747000
 2405              	.LASF24:
ARM GAS  C:\Users\acest\AppData\Local\Temp\cc7GpQc1.s 			page 47


 2406 038c 6D73675F 		.ascii	"msg_t\000"
 2406      7400
 2407              	.LASF38:
 2408 0392 6570656E 		.ascii	"epending\000"
 2408      64696E67 
 2408      00
 2409              	.LASF20:
 2410 039b 746D6F64 		.ascii	"tmode_t\000"
 2410      655F7400 
 2411              	.LASF63:
 2412 03a3 63685F6C 		.ascii	"ch_list\000"
 2412      69737400 
 2413              	.LASF103:
 2414 03ab 63685F72 		.ascii	"ch_ready_list\000"
 2414      65616479 
 2414      5F6C6973 
 2414      7400
 2415              	.LASF25:
 2416 03b9 6576656E 		.ascii	"eventmask_t\000"
 2416      746D6173 
 2416      6B5F7400 
 2417              	.LASF123:
 2418 03c5 63685365 		.ascii	"chSemWaitTimeout\000"
 2418      6D576169 
 2418      7454696D 
 2418      656F7574 
 2418      00
 2419              	.LASF79:
 2420 03d6 6C725F65 		.ascii	"lr_exc\000"
 2420      786300
 2421              	.LASF86:
 2422 03dd 76697274 		.ascii	"virtual_timers_list_t\000"
 2422      75616C5F 
 2422      74696D65 
 2422      72735F6C 
 2422      6973745F 
 2423              	.LASF19:
 2424 03f3 73746B61 		.ascii	"stkalign_t\000"
 2424      6C69676E 
 2424      5F7400
 2425              	.LASF109:
 2426 03fe 69646C65 		.ascii	"idlethread_base\000"
 2426      74687265 
 2426      61645F62 
 2426      61736500 
 2427              	.LASF85:
 2428 040e 6C617374 		.ascii	"laststamp\000"
 2428      7374616D 
 2428      7000
 2429              	.LASF40:
 2430 0418 7265616C 		.ascii	"realprio\000"
 2430      7072696F 
 2430      00
 2431              	.LASF52:
 2432 0421 72666375 		.ascii	"rfcu_mask_t\000"
 2432      5F6D6173 
 2432      6B5F7400 
ARM GAS  C:\Users\acest\AppData\Local\Temp\cc7GpQc1.s 			page 48


 2433              	.LASF90:
 2434 042d 74687265 		.ascii	"thread_reference_t\000"
 2434      61645F72 
 2434      65666572 
 2434      656E6365 
 2434      5F7400
 2435              	.LASF82:
 2436 0440 63685F76 		.ascii	"ch_virtual_timers_list\000"
 2436      69727475 
 2436      616C5F74 
 2436      696D6572 
 2436      735F6C69 
 2437              	.LASF62:
 2438 0457 63685F6C 		.ascii	"ch_list_t\000"
 2438      6973745F 
 2438      7400
 2439              	.LASF135:
 2440 0461 63685F71 		.ascii	"ch_queue_lifo_remove\000"
 2440      75657565 
 2440      5F6C6966 
 2440      6F5F7265 
 2440      6D6F7665 
 2441              	.LASF129:
 2442 0476 63685379 		.ascii	"chSysLock\000"
 2442      734C6F63 
 2442      6B00
 2443              	.LASF106:
 2444 0480 63685F6F 		.ascii	"ch_os_instance_config\000"
 2444      735F696E 
 2444      7374616E 
 2444      63655F63 
 2444      6F6E6669 
 2445              	.LASF80:
 2446 0496 706F7274 		.ascii	"port_context\000"
 2446      5F636F6E 
 2446      74657874 
 2446      00
 2447              	.LASF74:
 2448 04a3 706F7274 		.ascii	"port_extctx\000"
 2448      5F657874 
 2448      63747800 
 2449              	.LASF70:
 2450 04af 7072696F 		.ascii	"prio\000"
 2450      00
 2451              	.LASF104:
 2452 04b4 63757272 		.ascii	"current\000"
 2452      656E7400 
 2453              	.LASF138:
 2454 04bc 63685F71 		.ascii	"ch_queue_notempty\000"
 2454      75657565 
 2454      5F6E6F74 
 2454      656D7074 
 2454      7900
 2455              	.LASF12:
 2456 04ce 5F5F7569 		.ascii	"__uint64_t\000"
 2456      6E743634 
 2456      5F7400
ARM GAS  C:\Users\acest\AppData\Local\Temp\cc7GpQc1.s 			page 49


 2457              	.LASF27:
 2458 04d9 636F7265 		.ascii	"core_id_t\000"
 2458      5F69645F 
 2458      7400
 2459              	.LASF22:
 2460 04e3 74726566 		.ascii	"trefs_t\000"
 2460      735F7400 
 2461              	.LASF23:
 2462 04eb 74707269 		.ascii	"tprio_t\000"
 2462      6F5F7400 
 2463              	.LASF56:
 2464 04f3 63685F73 		.ascii	"ch_system_debug\000"
 2464      79737465 
 2464      6D5F6465 
 2464      62756700 
 2465              	.LASF114:
 2466 0503 5F426F6F 		.ascii	"_Bool\000"
 2466      6C00
 2467              	.LASF15:
 2468 0509 696E7433 		.ascii	"int32_t\000"
 2468      325F7400 
 2469              	.LASF4:
 2470 0511 756E7369 		.ascii	"unsigned char\000"
 2470      676E6564 
 2470      20636861 
 2470      7200
 2471              	.LASF55:
 2472 051f 72666375 		.ascii	"rfcu_t\000"
 2472      5F7400
 2473              	.LASF137:
 2474 0526 63685F71 		.ascii	"ch_queue_insert\000"
 2474      75657565 
 2474      5F696E73 
 2474      65727400 
 2475              	.LASF5:
 2476 0536 73686F72 		.ascii	"short int\000"
 2476      7420696E 
 2476      7400
 2477              	.LASF84:
 2478 0540 6C617374 		.ascii	"lasttime\000"
 2478      74696D65 
 2478      00
 2479              	.LASF76:
 2480 0549 78707372 		.ascii	"xpsr\000"
 2480      00
 2481              	.LASF100:
 2482 054e 65776D61 		.ascii	"ewmask\000"
 2482      736B00
 2483              	.LASF116:
 2484 0555 5F5F6675 		.ascii	"__func__\000"
 2484      6E635F5F 
 2484      00
 2485              	.LASF124:
 2486 055e 63685365 		.ascii	"chSemWaitS\000"
 2486      6D576169 
 2486      745300
 2487              	.LASF93:
ARM GAS  C:\Users\acest\AppData\Local\Temp\cc7GpQc1.s 			page 50


 2488 0569 7264796D 		.ascii	"rdymsg\000"
 2488      736700
 2489              	.LASF101:
 2490 0570 63685F73 		.ascii	"ch_semaphore\000"
 2490      656D6170 
 2490      686F7265 
 2490      00
 2491              	.LASF89:
 2492 057d 72656769 		.ascii	"registry_t\000"
 2492      73747279 
 2492      5F7400
 2493              	.LASF16:
 2494 0588 75696E74 		.ascii	"uint32_t\000"
 2494      33325F74 
 2494      00
 2495              	.LASF99:
 2496 0591 77746D74 		.ascii	"wtmtxp\000"
 2496      787000
 2497              	.LASF18:
 2498 0598 706F7274 		.ascii	"port_stkalign_t\000"
 2498      5F73746B 
 2498      616C6967 
 2498      6E5F7400 
 2499              	.LASF30:
 2500 05a8 6F776E65 		.ascii	"owner\000"
 2500      7200
 2501              	.LASF81:
 2502 05ae 72656773 		.ascii	"regs\000"
 2502      00
 2503              	.LASF2:
 2504 05b3 6C6F6E67 		.ascii	"long double\000"
 2504      20646F75 
 2504      626C6500 
 2505              	.LASF32:
 2506 05bf 77616261 		.ascii	"wabase\000"
 2506      736500
 2507              	.LASF58:
 2508 05c6 63686172 		.ascii	"char\000"
 2508      00
 2509              	.LASF50:
 2510 05cb 636F6E66 		.ascii	"config\000"
 2510      696700
 2511              	.LASF121:
 2512 05d2 63685365 		.ascii	"chSemWaitTimeoutS\000"
 2512      6D576169 
 2512      7454696D 
 2512      656F7574 
 2512      5300
 2513              	.LASF28:
 2514 05e4 74687265 		.ascii	"thread_t\000"
 2514      61645F74 
 2514      00
 2515              	.LASF83:
 2516 05ed 646C6973 		.ascii	"dlist\000"
 2516      7400
 2517              	.LASF60:
 2518 05f3 73797374 		.ascii	"systime_t\000"
ARM GAS  C:\Users\acest\AppData\Local\Temp\cc7GpQc1.s 			page 51


 2518      696D655F 
 2518      7400
 2519              	.LASF8:
 2520 05fd 5F5F696E 		.ascii	"__int32_t\000"
 2520      7433325F 
 2520      7400
 2521              	.LASF133:
 2522 0607 5F5F7365 		.ascii	"__set_BASEPRI\000"
 2522      745F4241 
 2522      53455052 
 2522      4900
 2523              	.LASF125:
 2524 0615 63685365 		.ascii	"chSemWait\000"
 2524      6D576169 
 2524      7400
 2525              	.LASF57:
 2526 061f 70616E69 		.ascii	"panic_msg\000"
 2526      635F6D73 
 2526      6700
 2527              	.LASF92:
 2528 0629 70717565 		.ascii	"pqueue\000"
 2528      756500
 2529              	.LASF44:
 2530 0630 63685F6F 		.ascii	"ch_os_instance\000"
 2530      735F696E 
 2530      7374616E 
 2530      636500
 2531              	.LASF42:
 2532 063f 6F735F69 		.ascii	"os_instance_t\000"
 2532      6E737461 
 2532      6E63655F 
 2532      7400
 2533              	.LASF47:
 2534 064d 7265676C 		.ascii	"reglist\000"
 2534      69737400 
 2535              	.LASF69:
 2536 0655 63685F70 		.ascii	"ch_priority_queue\000"
 2536      72696F72 
 2536      6974795F 
 2536      71756575 
 2536      6500
 2537              	.LASF143:
 2538 0667 63685F71 		.ascii	"ch_queue_init\000"
 2538      75657565 
 2538      5F696E69 
 2538      7400
 2539              	.LASF108:
 2540 0675 6D61696E 		.ascii	"mainthread_end\000"
 2540      74687265 
 2540      61645F65 
 2540      6E6400
 2541              	.LASF111:
 2542 0684 6F735F69 		.ascii	"os_instance_config_t\000"
 2542      6E737461 
 2542      6E63655F 
 2542      636F6E66 
 2542      69675F74 
ARM GAS  C:\Users\acest\AppData\Local\Temp\cc7GpQc1.s 			page 52


 2543              	.LASF102:
 2544 0699 63685F6D 		.ascii	"ch_mutex\000"
 2544      75746578 
 2544      00
 2545              	.LASF45:
 2546 06a2 726C6973 		.ascii	"rlist\000"
 2546      7400
 2547              	.LASF142:
 2548 06a8 63685468 		.ascii	"chThdGetSelfX\000"
 2548      64476574 
 2548      53656C66 
 2548      5800
 2549              	.LASF14:
 2550 06b6 75696E74 		.ascii	"uint8_t\000"
 2550      385F7400 
 2551              	.LASF34:
 2552 06be 666C6167 		.ascii	"flags\000"
 2552      7300
 2553              	.LASF140:
 2554 06c4 2E2E2F2E 		.ascii	"../../../../../ChibiStudio/chibios2111/os/rt/src/ch"
 2554      2E2F2E2E 
 2554      2F2E2E2F 
 2554      2E2E2F43 
 2554      68696269 
 2555 06f7 73656D2E 		.ascii	"sem.c\000"
 2555      6300
 2556              	.LASF95:
 2557 06fd 77746F62 		.ascii	"wtobjp\000"
 2557      6A7000
 2558              	.LASF132:
 2559 0704 63685379 		.ascii	"chSysUnlock\000"
 2559      73556E6C 
 2559      6F636B00 
 2560              	.LASF91:
 2561 0710 6C697374 		.ascii	"list\000"
 2561      00
 2562              	.LASF131:
 2563 0715 706F7274 		.ascii	"port_lock\000"
 2563      5F6C6F63 
 2563      6B00
 2564              	.LASF110:
 2565 071f 69646C65 		.ascii	"idlethread_end\000"
 2565      74687265 
 2565      61645F65 
 2565      6E6400
 2566              	.LASF39:
 2567 072e 6D74786C 		.ascii	"mtxlist\000"
 2567      69737400 
 2568              		.text
 2569              		.section	.gnu.lto_.profile.b3bf91ae,"e",%progbits
 2570 0000 789C6362 		.ascii	"x\234cb\000\001\000\000\022\000\003"
 2570      00010000 
 2570      120003
 2571              		.text
 2572              		.section	.gnu.lto_.icf.b3bf91ae,"e",%progbits
 2573 0000 789C0B65 		.ascii	"x\234\013e@\000>\206\247\377.\254bd\272sd\327\016\036"
 2573      40003E86 
ARM GAS  C:\Users\acest\AppData\Local\Temp\cc7GpQc1.s 			page 53


 2573      A7FF2EAC 
 2573      6264BA73 
 2573      64D70E1E 
 2574 0014 E665FDCB 		.ascii	"\346e\375\313Np\262,\231\262\356\015\023\353\361\353"
 2574      4E70B22C 
 2574      99B2EE0D 
 2574      13EBF1EB 
 2575 0024 D7AF30B3 		.ascii	"\327\2570\263\2359\376{\015\037\373\256\177\255\263"
 2575      9D39FE7B 
 2575      0D1FFBAE 
 2575      7FADB3
 2576 0033 7838FE6C 		.ascii	"x8\376l\3372\233\207\363\314\303\037\177\271\270v,\357"
 2576      DF329B87 
 2576      F3CCC31F 
 2576      7FB9B876 
 2576      2CEF
 2577 0045 7CCCC5FD 		.ascii	"|\314\305\375\374\3471f\236\375\257/\236\342\344\275"
 2577      FCE73166 
 2577      9EFDAF2F 
 2577      9EE2E4BD 
 2578 0055 767BD903 		.ascii	"v{\331\0036\276M\237\316\365\3621\000\000i\237,\017"
 2578      36BE4D9F 
 2578      CEF5F231 
 2578      0000699F 
 2578      2C0F
 2579              		.text
 2580              		.section	.gnu.lto_.ipa_sra.b3bf91ae,"e",%progbits
 2581 0000 789C5D8F 		.ascii	"x\234]\217Y\022\3020\014C\365\344B\027\240g\346\350"
 2581      5912C230 
 2581      0C43F5E4 
 2581      4217A067 
 2581      E6E8
 2582 0012 B44E9CC9 		.ascii	"\264N\234\311\340\257X\233\025\2411\247r\011aw\210\310"
 2582      E0AF589B 
 2582      15A131A7 
 2582      72096177 
 2582      88C8
 2583 0024 1717E148 		.ascii	"\027\027\341H\026\261\024+\036\241i %\317\320\2465\265"
 2583      16B1142B 
 2583      1EA16920 
 2583      25CFD0A6 
 2583      35B5
 2584 0036 6925F82E 		.ascii	"i%\370.-\204\313\312\332\316\220\2507num\373ty\270l"
 2584      2D84CBCA 
 2584      DACE90A8 
 2584      376E756D 
 2584      FB7479B8 
 2585 004b AAE6E1CA 		.ascii	"\252\346\341\312\236\371W\253\346R\361\246\367I\311"
 2585      9EF957AB 
 2585      E652F1A6 
 2585      F749C9
 2586 005a C77F0DCF 		.ascii	"\307\177\015\317\001\304\375\241\236\376\003\346\374"
 2586      01C4FDA1 
 2586      9EFE03E6 
 2586      FC
 2587 0067 0432     		.ascii	"\0042"
 2588              		.text
ARM GAS  C:\Users\acest\AppData\Local\Temp\cc7GpQc1.s 			page 54


 2589              		.section	.gnu.lto_.inline.b3bf91ae,"e",%progbits
 2590 0000 789C9D53 		.ascii	"x\234\235SMK\034A\020}]\325\356\216\263\356j\024<\213"
 2590      4D4B1C41 
 2590      107D5DD5 
 2590      EE8EB3EE 
 2590      6A143C8B 
 2591 0014 477F8527 		.ascii	"G\177\205'\217\373\017\274\030w\375\210\377!sPT\274"
 2591      8FFB0FBC 
 2591      1877FD88 
 2591      FF217350 
 2591      54BC
 2592 0026 2C410F2A 		.ascii	",A\017*\352\022\027\301\034\302\036\022PQ\320@\330\213"
 2592      EA1217C1 
 2592      1CC21E12 
 2592      5051D040 
 2592      D88B
 2593 0038 6804413C 		.ascii	"h\004A<\010*\036\004\301\217\203\004<Y\325\355\354\256"
 2593      082A1E04 
 2593      C18F8304 
 2593      3C59D5ED 
 2593      ECAE
 2594 004a A0623233 		.ascii	"\240b230\325\335\257^\277W]}\305\250>\031 \035E\321"
 2594      30D5DDAF 
 2594      5EBF575D 
 2594      7DC5A83E 
 2594      19201D45 
 2595 005f 1F1A3004 		.ascii	"\037\0320\004S\362+\3627\340\016X]*r\016HJ\260M\375"
 2595      53F22BF2 
 2595      37E00E58 
 2595      5D2A720E 
 2595      484AB04D 
 2596 0074 04014918 		.ascii	"\004\001I\030Q\037!\250\306\010$\211R\232)\200\214\314"
 2596      511F21A8 
 2596      C6082489 
 2596      529A2980 
 2596      8CCC
 2597 0086 9DBECC97 		.ascii	"\235\276\314\227rK\357\343\263i%E!\313\010U\306\013"
 2597      724BEFE3 
 2597      B3692545 
 2597      21CB0855 
 2597      C60B
 2598 0098 8C027244 		.ascii	"\214\002rD\334\377\017\012\013Y\213\204\003\347\214"
 2598      DCFF0F0A 
 2598      0B598B84 
 2598      03E78C
 2599 00a7 89098915 		.ascii	"\211\011\211\025\307\037\201FO\250<@\003\232\0276\016"
 2599      C71F8146 
 2599      4FA83C40 
 2599      039A1736 
 2599      0E
 2600 00b8 F669B80E 		.ascii	"\366i\270\016\2319\236:\331\344A \274\371\375\375\202"
 2600      99399E3A 
 2600      D9E44120 
 2600      BCF9FDFD 
 2600      82
 2601 00c9 F31EC94D 		.ascii	"\363\036\311M\306q'\234\3302\017H%\254\333[\264%|\340"
 2601      C671279C 
ARM GAS  C:\Users\acest\AppData\Local\Temp\cc7GpQc1.s 			page 55


 2601      D8320F48 
 2601      25ACDB5B 
 2601      B4257CE0 
 2602 00dd 912644EC 		.ascii	"\221&D\354\216\013Y}\223H-\336Uf)/\006?\225\230\276"
 2602      8E0B597D 
 2602      93482DDE 
 2602      5566292F 
 2602      063F9598 
 2603 00f2 7089D55E 		.ascii	"p\211\325^\267\351\221\021\374\360\263\012`\231\204"
 2603      B7E99111 
 2603      FCF0B30A 
 2603      609984
 2604 0101 8D3DBDE6 		.ascii	"\215=\275\3469\256I\340t\311^*,@\340 \257\013S\250\""
 2604      39AE49E0 
 2604      74C95E2A 
 2604      2C40E020 
 2604      AF0B53A8 
 2605 0116 1BD1BC35 		.ascii	"\033\321\27453>\303y\303N\216\371ab)\346\247\251\312"
 2605      333EC379 
 2605      C34E8EF9 
 2605      616229E6 
 2605      A7A9CA
 2606 0129 301258C9 		.ascii	"0\022X\311H\276_\216\335\376u\265\314}\026-\"\351v\357"
 2606      48BE5F8E 
 2606      DDFE75B5 
 2606      CC7D162D 
 2606      22E976EF 
 2607 013d 669F7A2D 		.ascii	"f\237z-A\276x\000\373T\032\013\322\312\270Ji\210\320"
 2607      41BE7800 
 2607      FB541A0B 
 2607      D2CAB84A 
 2607      6988D0
 2608 0150 1D4CE10D 		.ascii	"\035L\341\015\371\276_4+\205\017\223G\225\257b\240v"
 2608      F9BE5F34 
 2608      2B850F93 
 2608      4795AF62 
 2608      A076
 2609 0162 6AAD87B7 		.ascii	"j\255\207\267\017e\355\344\360\374\376\240\310\365\226"
 2609      0F65EDE4 
 2609      F0FCFEA0 
 2609      C8F596
 2610 0171 95BE09E1 		.ascii	"\225\276\011\341\365\362\331\272;\202\221\347\236}\371"
 2610      F5F2D9BA 
 2610      3B8291E7 
 2610      9E7DF9
 2611 0180 CDFF955F 		.ascii	"\315\377\225_[\316\225?\215\266\342\312\334\022\017"
 2611      5BCE953F 
 2611      8DB6E2CA 
 2611      DC120F
 2612 018f D59AD838 		.ascii	"\325\232\3308F\301\264\357\314W\246hH\264ML\377\035"
 2612      46C1B4EF 
 2612      CC57A668 
 2612      48B44D4C 
 2612      FF1D
 2613 01a1 F51D15D4 		.ascii	"\365\035\025\324Z*\203\316\313\335\331\210\006\237\247"
 2613      5A2A83CE 
 2613      CBDDD988 
ARM GAS  C:\Users\acest\AppData\Local\Temp\cc7GpQc1.s 			page 56


 2613      069FA7
 2614 01b0 3A5B5DAB 		.ascii	":[]\253k[\233\234\227{<vT\371F\271\372\026{\272\220"
 2614      6B5B9B9C 
 2614      977B3C76 
 2614      54F946B9 
 2614      FA167BBA 
 2615 01c5 F1B1E211 		.ascii	"\361\261\342\0216\220\314\277"
 2615      3690CCBF 
 2616              		.text
 2617              		.section	.gnu.lto_.jmpfuncs.b3bf91ae,"e",%progbits
 2618 0000 789C8D51 		.ascii	"x\234\215Q\333\021\3020\014\223l'\345\315:L\327\356"
 2618      DB11C230 
 2618      0C936C27 
 2618      E5CD3A4C 
 2618      D7EE
 2619 0012 C00C1D01 		.ascii	"\300\014\035\001\376\331\014\234\266)\241\341\225;%"
 2619      FED90C9C 
 2619      B629A1E1 
 2619      953B25
 2620 0021 67CB915F 		.ascii	"g\313\221_'\301|\016 \331\365\012\221\263\366\032\030"
 2620      27C17C0E 
 2620      20D9F50A 
 2620      91B3F61A 
 2620      18
 2621 0032 C09B3138 		.ascii	"\300\23318\340>R\023\311^\315\204\027\026\244\265~%"
 2621      E03E5213 
 2621      C95ECD84 
 2621      1716A4B5 
 2621      7E25
 2622 0044 138EBB9F 		.ascii	"\023\216\273\237#4k-\011\313B\016\015)\254\311\226#"
 2622      23346B2D 
 2622      09CB420E 
 2622      0D29ACC9 
 2622      9623
 2623 0056 56F17108 		.ascii	"V\361q\010\341\230Y\035\021\321ZT\262e\011\235\233R"
 2623      E198591D 
 2623      11D15A54 
 2623      B265099D 
 2623      9B52
 2624 0068 9A4DAEE6 		.ascii	"\232M\256\346\315\317\225s\374\300\255\213b\315~\245"
 2624      CDCF9573 
 2624      FCC0AD8B 
 2624      62CD7EA5 
 2625 0078 9D5C4F07 		.ascii	"\235\\O\0079LR\210\361\241\360\312\231\0056I\236y\250"
 2625      394C5288 
 2625      F1A1F0CA 
 2625      99053649 
 2625      9E79A8
 2626 008b FFC96FA7 		.ascii	"\377\311o\247VlI,\264w_Z\336\227;\250&~(\330a\361/\273"
 2626      566C492C 
 2626      B4775F5A 
 2626      DE973BA8 
 2626      267E28D8 
 2627 00a3 AEC2F100 		.ascii	"\256\302\361\000\355\333\201X"
 2627      EDDB8158 
 2628              		.text
 2629              		.section	.gnu.lto_.pureconst.b3bf91ae,"e",%progbits
ARM GAS  C:\Users\acest\AppData\Local\Temp\cc7GpQc1.s 			page 57


 2630 0000 789C05C1 		.ascii	"x\234\005\301\201\021\200 \020\003\301\037\270\200\212"
 2630      81118020 
 2630      1003C11F 
 2630      B8808A
 2631 000f D2081DA7 		.ascii	"\322\010\035\247\224T\347\356\251\252]\246\231n02#\232"
 2631      9454E7EE 
 2631      A9AA5DA6 
 2631      996E3032 
 2631      239A
 2632 0021 E68A6EF3 		.ascii	"\346\212n\363D+z\315gv\364\003\323\306\011\353"
 2632      442B7ACD 
 2632      6776F403 
 2632      D3C609EB 
 2633              		.text
 2634              		.section	.gnu.lto_.lto.b3bf91ae,"e",%progbits
 2635 0000 09000400 		.ascii	"\011\000\004\000\001\000\000\000"
 2635      01000000 
 2636              		.text
 2637              		.section	.gnu.lto_chSemObjectInit.335.b3bf91ae,"e",%progbits
 2638 0000 789C7552 		.ascii	"x\234uRML\023a\020\235\267\337\266\205\203&\036\220"
 2638      4D4C1361 
 2638      109DB7DF 
 2638      B6858326 
 2638      1E90
 2639 0012 8B07A231 		.ascii	"\213\007\2421\304\304l-z\221\223\246\032/\2364\3366"
 2639      C4C46C2D 
 2639      7A9193A6 
 2639      1A2F9E34 
 2639      DE36
 2640 0024 31B2ADA1 		.ascii	"1\262\255\241Zi\355\226\253|VO\215\261\362\023HHEC\032"
 2640      5A69ED96 
 2640      AB7C564F 
 2640      8DB1F213 
 2640      48484543 
 2641 0039 0307E349 		.ascii	"\003\007\343I\004Q\\\305\210\204\003\204\273\211!\321"
 2641      04515CC5 
 2641      88840384 
 2641      BB8921D1 
 2642 0049 A00763E4 		.ascii	"\240\007c\344\302\001\2433_\027\250\0077\37333\373\346"
 2642      C201A333 
 2642      5F17A807 
 2642      37FB3333 
 2642      FBE6
 2643 005b BD79B3FB 		.ascii	"\275y\263\373\330\"\232\"\242C|A\021\006\372\313\026"
 2643      D8229A22 
 2643      A2437C41 
 2643      1106FACB 
 2643      16
 2644 006c 69AD4FC5 		.ascii	"i\255O\305,\334\356/7c\026&\003\365Y\350\303\240:\302"
 2644      2CDCEE2F 
 2644      37631626 
 2644      03F559E8 
 2644      C3A03AC2 
 2645 0080 E9E69791 		.ascii	"\351\346\227\221\305y\350\211\0005E4\306\2279\252\012"
 2645      C579E889 
 2645      00354534 
 2645      C69739AA 
ARM GAS  C:\Users\acest\AppData\Local\Temp\cc7GpQc1.s 			page 58


 2645      0A
 2646 0091 03AAA600 		.ascii	"\003\252\246\000;\214,\264q\2442\324\036h\275\2624\255"
 2646      3B8C2CB4 
 2646      71A432D4 
 2646      1E68BDB2 
 2646      34AD
 2647 00a3 7533D594 		.ascii	"u3\325\224\302\013p\017\246\200\347 )d\307Z\004w\213"
 2647      C20B700F 
 2647      A680E720 
 2647      2964C75A 
 2647      04778B
 2648 00b6 DA997CE5 		.ascii	"\332\231|\345S\210\2631\363/\316\316N\266\020ECEp\213"
 2648      5388B331 
 2648      F32FCECE 
 2648      4EB61045 
 2648      4345708B 
 2649 00ca 89815710 		.ascii	"\211\201W\020m\245\315C\2646\207\313s\013\255U\035\330"
 2649      6DA5CD43 
 2649      B43687CB 
 2649      730BAD55 
 2649      1DD8
 2650 00dc 3515C16B 		.ascii	"5\025\301k\010\250N\2039\2369\222\235ne\344aA\316-V"
 2650      08A84E83 
 2650      399E3992 
 2650      9D6E65E4 
 2650      6141CE2D 
 2651 00f1 EFC5F447 		.ascii	"\357\305\364G\275\203\244]d\335ST\034\177M\340\015\327"
 2651      BD83A45D 
 2651      64DD5354 
 2651      1C7F4DE0 
 2651      0DD7
 2652 0103 66854A46 		.ascii	"f\205JF@`d\005\362l5\022\350\255?\025\255\227\017\254"
 2652      40606405 
 2652      F26C3512 
 2652      E8AD3F15 
 2652      AD970FAC 
 2653 0117 6F6D3435 		.ascii	"om45\001x\011\033\230\346\371\230\225\250\242d\245\332"
 2653      0178091B 
 2653      98E6F998 
 2653      95A8A264 
 2653      A5DA
 2654 0129 860E881E 		.ascii	"\206\016\210\036(\253\236\334\341\344;\364\332\310\002"
 2654      28AB9EDC 
 2654      E1E43BF4 
 2654      DAC802
 2655 0138 E47970E7 		.ascii	"\344yp\347\2666\032\243\037(\015\2251\256\242\341*\225"
 2655      B6361AA3 
 2655      1F280D95 
 2655      31AEA2E1 
 2655      2A95
 2656 014a F1F6443E 		.ascii	"\361\366D>\306\304\376\232\212\216\363z\336\231\332"
 2656      C6C4FE9A 
 2656      8A8EF37A 
 2656      DE99DA
 2657 0159 312E35D5 		.ascii	"1.5\325T\014\363x({\271+\230uq\211\367\020\205R\033"
 2657      540CF378 
 2657      287BB92B 
ARM GAS  C:\Users\acest\AppData\Local\Temp\cc7GpQc1.s 			page 59


 2657      98757189 
 2657      F7108552 
 2658 016e 8FCE4C42 		.ascii	"\217\316LB\275\361th\353\3760xz#\324\277\334\214\267"
 2658      BDF17468 
 2658      EBFE3078 
 2658      7A23D4BF 
 2658      DC8CB7
 2659 0181 10B1D1C9 		.ascii	"\020\261\321\311\275\241R$T\342\321c\242\362\001$\022"
 2659      BDA15224 
 2659      54E2D163 
 2659      A2F20124 
 2659      12
 2660 0192 EB96BC5A 		.ascii	"\353\226\274Z`\015\210\371\220omp\271\241\375?M\213"
 2660      600D88F9 
 2660      906F6D70 
 2660      B9A1FD3F 
 2660      4D8B
 2661 01a4 DC64ED36 		.ascii	"\334d\3556\225~\376^\2359\317\253\224\215\032\222\252"
 2661      957EFE5E 
 2661      9D39CFAB 
 2661      948D1A92 
 2661      AA
 2662 01b5 F13BFA6D 		.ascii	"\361;\372m\317\266E\351\333\266\030\372\263\261\304"
 2662      CFB645E9 
 2662      DBB618FA 
 2662      B3B1C4
 2663 01c4 346C709C 		.ascii	"4lp\234\007\370\205\322\347G\347\314OWQ\250\257\263"
 2663      07F885D2 
 2663      E747E7CC 
 2663      4F5751A8 
 2663      AFB3
 2664 01d6 14487A34 		.ascii	"\024Hz4\331\351^\362\323\005\337\275\342\245\375\242"
 2664      D9E95EF2 
 2664      D305DFBD 
 2664      E2A5FDA2 
 2665 01e6 7B26ED5F 		.ascii	"{&\355_/\346\362\356\005\347\264\223t\316\272\005._"
 2665      2FE6F2EE 
 2665      05E7B493 
 2665      74CEBA05 
 2665      2E5F
 2666 01f8 CE1772D7 		.ascii	"\316\027r\327\322^\221N:N\274\361Lvg\2722\027\213\275"
 2666      D25E914E 
 2666      3A4EBCF1 
 2666      4C7667BA 
 2666      32178BBD 
 2667 020c A94C2EEE 		.ascii	"\251L.\356I\234\363;\022\211D<\347\307\013\305\270_"
 2667      499CF33B 
 2667      1289443C 
 2667      E7C70BC5 
 2667      B85F
 2668 021e F0B8EAA7 		.ascii	"\360\270\352\247o8\036Y~~_\030;]W;R'\272R)B\217u3\177"
 2668      6F381E59 
 2668      7E7E5F18 
 2668      3B5D573B 
 2668      5227BA52 
 2669 0238 DCEB744D 		.ascii	"\334\353tM\257ox\334\006\0367\347\273\205\242\233\351"
 2669      AF6F78DC 
ARM GAS  C:\Users\acest\AppData\Local\Temp\cc7GpQc1.s 			page 60


 2669      061E37E7 
 2669      BB85A29B 
 2669      E9
 2670 0249 F1B2BDA9 		.ascii	"\361\262\275\2514\277\3112\310w\272\351/\365\306\014"
 2670      34BFC932 
 2670      C877BAE9 
 2670      2FF5C60C 
 2671 0259 D7       		.ascii	"\327"
 2672              		.text
 2673              		.section	.gnu.lto_chSemResetWithMessage.336.b3bf91ae,"e",%progbits
 2674 0000 789C8D52 		.ascii	"x\234\215RMl\023G\024~o\307\261c\250D\021\224C\271\030"
 2674      4D6C1347 
 2674      147E6FC7 
 2674      B163A844 
 2674      119443B9 
 2675 0015 50842A05 		.ascii	"P\204*\005\033GH\2509\245\012\334@B n+\241d\275\015"
 2675      1B4748A8 
 2675      39A50ADC 
 2675      4042206E 
 2675      2BA164BD 
 2676 002a 2EDEACB5 		.ascii	".\336\254\265\263T\345\002\323\244 A+\005\014\"\210"
 2676      B354E502 
 2676      D3A42041 
 2676      2B050C22 
 2676      88
 2677 003b 9820051F 		.ascii	"\230 \005\037\270U9\324\015\277qI\201\360\247\240\226"
 2677      B85539D4 
 2677      0DBF7149 
 2677      81F0A7A0 
 2677      96
 2678 004c 486D421B 		.ascii	"HmB\033d\301\205\337\324\016\220\252\006\372fv\211\315"
 2678      64C185DF 
 2678      D40E90AA 
 2678      06FA6676 
 2678      89CD
 2679 005e 05B1B277 		.ascii	"\005\261\262w\337|\357{\337{\363\315\334c\000\035\010"
 2679      DF7CEF7B 
 2679      DF7BF3CD 
 2679      DC63001D 
 2679      08
 2680 006f B0020090 		.ascii	"\260\002\000\220\001f\016\035\320@\010\321\022\322\360"
 2680      01660E1D 
 2680      D04008D1 
 2680      12D2F0
 2681 007e DB4307C2 		.ascii	"\333C\007\302x\001\325\012a\217\206{\3600\373\214\226"
 2681      7801D50A 
 2681      618F867B 
 2681      F030FB8C 
 2681      96
 2682 008f B30F7A9F 		.ascii	"\263\017z\237\216\2408]\300\034\225\367\323_=Y\206\031"
 2682      8EA0385D 
 2682      C01C95F7 
 2682      D35F3D59 
 2682      8619
 2683 00a1 96638801 		.ascii	"\226c\210\001?\3220B\021K\302\312\202\020\267\377\034"
 2683      3FD23042 
 2683      114BC2CA 
ARM GAS  C:\Users\acest\AppData\Local\Temp\cc7GpQc1.s 			page 61


 2683      8210B7FF 
 2683      1C
 2684 00b2 12220C39 		.ascii	"\022\"\0149\306\360g\244\032\314#\376D\235\011HM/\226"
 2684      C6F067A4 
 2684      1ACC23FE 
 2684      449D0948 
 2684      4D2F96
 2685 00c5 BCDDB092 		.ascii	"\274\335\260\222\304o?\362y\001<\363./\220\372O\361"
 2685      C46F3FF2 
 2685      79013CF3 
 2685      2E2F90FA 
 2685      4FF1
 2686 00d7 047AC48A 		.ascii	"\004z\304\212O\254\303s\357\022\353R{?\001\010\372\243"
 2686      4FACC373 
 2686      EF12EB52 
 2686      7B3F0108 
 2686      FAA3
 2687 00e9 6954A362 		.ascii	"iT\243b\304\213(\207\014R\361P%\016\264\267~\246\275"
 2687      C48B2887 
 2687      0C52F150 
 2687      250EB4B7 
 2687      7EA6BD
 2688 00fc 45B23F5C 		.ascii	"E\262?\\\276\033\004\034&\214I\214\345\025Y\216>[\371"
 2688      BE1B041C 
 2688      268C498C 
 2688      E515598E 
 2688      3E5BF9
 2689 010f 7E72ECD3 		.ascii	"~r\354\323\254(\004r,\210\277\240\224\362\232\341%\262"
 2689      AC280472 
 2689      2C88BFA0 
 2689      94F29AE1 
 2689      25B2
 2690 0121 2098DABF 		.ascii	" \230\332\277\204\230\015\222\231\317\364\235i\034\351"
 2690      84980D92 
 2690      99CFF49D 
 2690      691CE9
 2691 0130 16A3628E 		.ascii	"\026\243b\216\013U\256g\222\352?\236\015\342\010\201"
 2691      0B55AE67 
 2691      92EA3F9E 
 2691      0DE20881 
 2692 0140 05A92667 		.ascii	"\005\251&g\305_k\347\313N=^\340\015\030\250\016\270"
 2692      C55F6BE7 
 2692      CB4E3D5E 
 2692      E00D18A8 
 2692      0EB8
 2693 0152 F7390D78 		.ascii	"\3679\015x\205\260:\250\366\033\376\240~\263\367\251"
 2693      85B03AA8 
 2693      F61BFEA0 
 2693      7EB3F7A9 
 2694 0162 DF288157 		.ascii	"\337(\201W\347\372]S\375$\347\307\337\352\012\242\362"
 2694      E7FA5D53 
 2694      FD24E7C7 
 2694      DFEA0AA2 
 2694      F2
 2695 0173 A647145E 		.ascii	"\246G\024^\316\177z\2528]Y\021\326\020\207\220\266y"
 2695      CE7F7AAA 
 2695      385D5911 
ARM GAS  C:\Users\acest\AppData\Local\Temp\cc7GpQc1.s 			page 62


 2695      D6108790 
 2695      B679
 2696 0185 160388E7 		.ascii	"\026\003\210\347\211\324\303\344\265\020\001\024\005"
 2696      89D4C3E4 
 2696      B5100114 
 2696      05
 2697 0192 80834CF3 		.ascii	"\200\203L\363\026\335\264x\210\242\370\317U\224\337"
 2697      16DDB478 
 2697      88A2F8CF 
 2697      5594DF
 2698 01a1 F2E091BF 		.ascii	"\362\340\221\277\217\037E2Q\241\345\211\260J\227\237"
 2698      8F1F4532 
 2698      51A1E589 
 2698      B04A979F 
 2699 01b1 E4F2A53F 		.ascii	"\344\362\245?\026\321^\025<^:\206\022\357\212\220\003"
 2699      16D15E15 
 2699      3C5E3A86 
 2699      12EF8A90 
 2699      03
 2700 01c2 F29E0471 		.ascii	"\362\236\004q\265\242\375\333\233\237:\201d\204\242"
 2700      B5A2FDDB 
 2700      9B9F3A81 
 2700      6484A2
 2701 01d1 9D9B0AE3 		.ascii	"\235\233\012\343e\204g\330\265\\\216yS\236\343\262\277"
 2701      658467D8 
 2701      B55C8E79 
 2701      539EE3B2 
 2701      BF
 2702 01e2 B47DF539 		.ascii	"\264}\3659\026\2420 o\354M\004\372\342-\304\033\312"
 2702      16A23020 
 2702      6FEC4D04 
 2702      FAE22DC4 
 2702      1BCA
 2703 01f4 BA65F754 		.ascii	"\272e\367T\276^%\307\274.\323\217swJ\365 \335\226\272"
 2703      BE5E25C7 
 2703      BC2ED38F 
 2703      73774AF5 
 2703      20DD96BA 
 2704 0208 A5C12333 		.ascii	"\245\301#3\023\015\252\303\313\211%\012y\225\031\336"
 2704      130DAAC3 
 2704      CB89250A 
 2704      799519DE 
 2705 0218 405EC334 		.ascii	"@^\3034\356\213\300w\250\345X\270\237\221E\003L\033"
 2705      EE8BC077 
 2705      A8E558B8 
 2705      9F914503 
 2705      4C1B
 2706 022a 606C8091 		.ascii	"`l\200\221\265\363T\301L\2108\335>g~?\013\311\333\366"
 2706      B5F354C1 
 2706      4C8838DD 
 2706      3E677E3F 
 2706      0BC9DBF6 
 2707 023e 914ABD08 		.ascii	"\221J\275\010\371\006\034\357#\003\256x[89\331\3535"
 2707      F9061CEF 
 2707      2303AE78 
 2707      5B3839D9 
 2707      EB35
ARM GAS  C:\Users\acest\AppData\Local\Temp\cc7GpQc1.s 			page 63


 2708 0250 2D0EF679 		.ascii	"-\016\366y-/L\252\314\362\271W\361\316R\337\242\327"
 2708      2D2F4CAA 
 2708      CCF2B957 
 2708      F1CE52DF 
 2708      A2D7
 2709 0262 D222CFC7 		.ascii	"\322\"\317\307\342\341\362\234E\243\276EPk\321\265\252"
 2709      E2E1F29C 
 2709      45A3BE45 
 2709      506BD1B5 
 2709      AA
 2710 0273 45D76B2D 		.ascii	"E\327k-\362\315\370]\331R\353@\246L\016\320\371C\211"
 2710      F2CDF85D 
 2710      D952EB40 
 2710      A64C0ED0 
 2710      F94389
 2711 0286 96AF2E0D 		.ascii	"\226\257.\015\257\223\373\225O\017C\357(\273\012r\331"
 2711      AF93FB95 
 2711      4F0F43EF 
 2711      28BB0A72 
 2711      D9
 2712 0297 D8DAAC6F 		.ascii	"\330\332\254o\345\246\303\3656\303\344\256\276\316\344"
 2712      E5A6C3F5 
 2712      36C3E4AE 
 2712      BECEE4
 2713 02a6 3B5C3BAD 		.ascii	";\\;\255o\216~\021m\215\256\327\035\202\267\245\035"
 2713      6F8E7E11 
 2713      6D8DAED7 
 2713      1D82B7A5 
 2713      1D
 2714 02b7 FB2BD370 		.ascii	"\373+\323p\341\363h4V\373k\335\236lOnqw&\222v\314\220"
 2714      E1F36834 
 2714      56FB6BDD 
 2714      9E6C4F6E 
 2714      71772692 
 2715 02ce B1CD9BE2 		.ascii	"\261\315\233\342\361x\314\3461\307\215q\307 \224\233"
 2715      F178CCE6 
 2715      31C78D71 
 2715      C720949B 
 2716 02de 56D4008D 		.ascii	"V\324\000\215\247\027\372q\264\375\313\246\304\232\366"
 2716      A717FA71 
 2716      B4FDCBA6 
 2716      C49AF6
 2717 02ed 4402B093 		.ascii	"D\002\260\223Y\274#n4\353\252\230+!\275FH\267\271\356"
 2717      59BC236E 
 2717      34EBAA98 
 2717      2B21BD46 
 2717      48B7B9EE 
 2718 0301 B87AB2D3 		.ascii	"\270z\262\323H\355L\230\224\341\273xt;\204\332\333\270"
 2718      48ED4C98 
 2718      94E1BB78 
 2718      743B84DA 
 2718      DBB8
 2719 0313 B9C9496E 		.ascii	"\271\311Inx\177\245a[\226\335\251\233\337\270z\233c"
 2719      787FA561 
 2719      5B96DDA9 
 2719      9BDFB87A 
 2719      9B63
ARM GAS  C:\Users\acest\AppData\Local\Temp\cc7GpQc1.s 			page 64


 2720 0325 E986C593 		.ascii	"\351\206\305\223\022t\314\252\240\204\266u\030\006\211"
 2720      1274CCAA 
 2720      A084B675 
 2720      180689
 2721 0334 B67C9058 		.ascii	"\266|\220X\332v\\.\345\276^\273\312Z\325\226r\211'%"
 2721      DA765C2E 
 2721      E5BE5EBB 
 2721      CA5AD596 
 2721      72892725 
 2722 0348 49E0E38D 		.ascii	"I\340\343\215[6G\344di'\331\030iX\015\232\003!\313\264"
 2722      5B3647E4 
 2722      646927D9 
 2722      1869580D 
 2722      9A0321CB 
 2723 035d 6C6717FC 		.ascii	"lg\027\374\017\306P\311\341"
 2723      0FC650C9 
 2723      E1
 2724              		.text
 2725              		.section	.gnu.lto_chSemResetWithMessageI.337.b3bf91ae,"e",%progbits
 2726 0000 789C7D54 		.ascii	"x\234}T_lSU\030?\3379\367\336\266+k1\201\372\206\213"
 2726      5F6C5355 
 2726      183FDF39 
 2726      F7DEB62B 
 2726      6B3181FA 
 2727 0016 C9424C4C 		.ascii	"\311BLL\353\300\007\344A4\323\027\037%\276\335\304\270"
 2727      EBC007E4 
 2727      4134D317 
 2727      1F25BEDD 
 2727      C4B8
 2728 0028 B648B5D0 		.ascii	"\266H\265\320\332[\036|\201k\351b\254&]\347\242\011"
 2728      DA5B1E7C 
 2728      816BE962 
 2728      AC265DE7 
 2728      A209
 2729 003a 818D3437 		.ascii	"\201\21547\246\204D\242Q\334\334\306\312\2379\254\030"
 2729      A68444A2 
 2729      51DCDCC6 
 2729      CA9F39AC 
 2729      18
 2730 004b 96555880 		.ascii	"\226UX\200\011\270\204d5\306\024x\330 \022\374\276\323"
 2730      09B88464 
 2730      35C61478 
 2730      D82012FC 
 2730      BED3
 2731 005d DBDB3B43 		.ascii	"\333\333;Cl\332{\316\371\276\337\367\373}\177\316\355"
 2731      6CDA7BCE 
 2731      F9BEDFF7 
 2731      FB7D7FCE 
 2731      ED
 2732 006e 872A6353 		.ascii	"\207*cS\214\261\030\376@c0\\*pf\232\346+\036\016#\245"
 2732      8CB118FE 
 2732      4063305C 
 2732      2A70669A 
 2732      E62B1E0E 
 2733 0084 C2DCC96F 		.ascii	"\302\334\311o\025\230\006i\0200\362M\333\251\360\303"
 2733      15980669 
 2733      1030F24D 
ARM GAS  C:\Users\acest\AppData\Local\Temp\cc7GpQc1.s 			page 65


 2733      DBA9F0C3 
 2734 0094 A54F397A 		.ascii	"\245O9z\026\232\017w(\203\245\300\327\305A\217\242\302"
 2734      169A0F77 
 2734      2883A5C0 
 2734      D7C5418F 
 2734      A2C2
 2735 00a6 47A5C2AD 		.ascii	"G\245\302\255\223\\B\200\035\342\002M\207\270\302:\237"
 2735      935C4280 
 2735      1DE2024D 
 2735      87B8C23A 
 2735      9F
 2736 00b7 CFC573E8 		.ascii	"\317\305s\350]\273\363\345\330,\230\225*X\202\261Qa"
 2736      5DBBF3E5 
 2736      D82C9895 
 2736      2A5882B1 
 2736      5161
 2737 00c9 3B8F0A18 		.ascii	";\217\012\030\026\226\000P\354\035\207\036\334\211\004"
 2737      16960050 
 2737      EC1D871E 
 2737      DC8904
 2738 00d8 DB5A35CD 		.ascii	"\333Z5\315\371\353\343\246\351c\226\020\360\003`\014"
 2738      F9EBE3A6 
 2738      E9639610 
 2738      F003600C 
 2739 00e8 9C06F81E 		.ascii	"\234\006\370\036\030\031\222\326&\302\035d[\221|\376"
 2739      181992D6 
 2739      26C21D64 
 2739      5B917CFE 
 2740 00f8 2F1BA7C0 		.ascii	"/\033\247\300\304z\234\222<%q&\264\200\217l\240\012"
 2740      C47A9C92 
 2740      3C257126 
 2740      B4808F6C 
 2740      A00A
 2741 010a 93EB816A 		.ascii	"\223\353\201jrb\023c\232\235\032\307\030\271\0078\003"
 2741      72621363 
 2741      9A9D1AC7 
 2741      18B90738 
 2741      03
 2742 011b 94A4C8CB 		.ascii	"\224\244\310\313\205\222Z\033-<\370x\313Q\263\252XB"
 2742      85925A1B 
 2742      2D3CF878 
 2742      CB51B3AA 
 2742      5842
 2743 012d 83192050 		.ascii	"\203\031 P\213\006\2508-9\3724\"{\011y\346\301\211\317"
 2743      8B06A838 
 2743      2D39FA34 
 2743      227B0979 
 2743      E6C189CF 
 2744 0141 3CE645D3 		.ascii	"<\346E\323A\262\016\262U\274\206I\215/\225\005\234E"
 2744      41B20EB2 
 2744      55BC8649 
 2744      8D2F9505 
 2744      9C45
 2745 0153 E3347151 		.ascii	"\3434qQ\016p\316\321\235\224KoKw\251\341A\335|\217%"
 2745      0E70CED1 
 2745      9D944B6F 
 2745      4B77A9E1 
ARM GAS  C:\Users\acest\AppData\Local\Temp\cc7GpQc1.s 			page 66


 2745      41DD7C8F 
 2746 0168 3C7001C1 		.ascii	"<p\001\301\274M7\213t\311\357B2k:\220\353''\343\346"
 2746      BC4D378B 
 2746      74C9EF42 
 2746      326B3A90 
 2746      EB2727E3 
 2747 017d 8D4FC602 		.ascii	"\215O\306\002C@Q3\356\25092%+\241'\244\353Y\237\356"
 2747      43405133 
 2747      EEA83932 
 2747      252BA127 
 2747      A4EB599F 
 2748 0192 9C2BDDB5 		.ascii	"\234+\335\265\245a\025.\332\351\362\377\311\216\271"
 2748      A561152E 
 2748      DAE9F2FF 
 2748      C98EB9
 2749 01a1 B3C3B2A0 		.ascii	"\263\303\262\240\206\373\237\201\022C\003\340\361\324"
 2749      86FB9F81 
 2749      124303E0 
 2749      F1D4
 2750 01af 825A35FF 		.ascii	"\202Z5\377y\\4\253\253\376\261\331\345\346d\357F\005"
 2750      795C34AB 
 2750      ABFEB1D9 
 2750      E5E664EF 
 2750      4605
 2751 01c1 67E151E9 		.ascii	"g\341Q\351!\003\274\000S\340\007\030\207\015\000?B\000"
 2751      2103BC00 
 2751      53E00718 
 2751      870D003F 
 2751      4200
 2752 01d3 1DDE2079 		.ascii	"\035\336 y\031+\012\326|X\331\001f\225\261!\301\345"
 2752      192B0AD6 
 2752      7C58D901 
 2752      6695B121 
 2752      C1E5
 2753 01e5 FE30EEFF 		.ascii	"\3760\356\377\004s\271^\013\311\365\012J\342\372\254"
 2753      0473B95E 
 2753      0BC9F50A 
 2753      4AE2FAAC 
 2754 01f5 F358BEDA 		.ascii	"\363X\276\332\365\037\303\315.\3667\344\2164\272\355"
 2754      F51FC3CD 
 2754      2EF637E4 
 2754      8E34BAED 
 2755 0205 0B2864DB 		.ascii	"\013(d\333\276\242\027`\205[\302W\026~\270\004\354\005"
 2755      BEA21760 
 2755      855BC257 
 2755      167EB804 
 2755      EC05
 2756 0217 3C7BE982 		.ascii	"<{\351\202\375\012\307\350\206\224\305\006\031~\267"
 2756      FD0AC7E8 
 2756      8694C506 
 2756      197EB7
 2757 0226 46C50D09 		.ascii	"F\305\015\011Q\032\\\234\023N\002\367k\034\327\334\361"
 2757      511A5C9C 
 2757      134E02F7 
 2757      6B1CD7DC 
 2757      F1
 2758 0237 DDD8A9B2 		.ascii	"\335\330\251\262\010\222\355\376\364\310\351\3721\300"
ARM GAS  C:\Users\acest\AppData\Local\Temp\cc7GpQc1.s 			page 67


 2758      0892EDFE 
 2758      F4C8E9FA 
 2758      31C0
 2759 0245 0E48C444 		.ascii	"\016H\304D\335\007\277\000iO5\202e\241\331\362\036["
 2759      DD07BF00 
 2759      694F3582 
 2759      65A1D9F2 
 2759      1E5B
 2760 0257 1E6BEC22 		.ascii	"\036k\354\"\351\313-\351\225\020\271\346Q[\366Pr\357"
 2760      E9CB2DE9 
 2760      9510B9E6 
 2760      515BF650 
 2760      72EF
 2761 0269 C2FE60A0 		.ascii	"\302\376`\240d\233\256\333T\241\262P\\\004Z\233\300"
 2761      649BAEDB 
 2761      54A1B250 
 2761      5C045A9B 
 2761      C0
 2762 027a 4BF10B4E 		.ascii	"K\361\013N<b\233\205+\374\211R\234\240\277\265\241\310"
 2762      3C629B85 
 2762      2BFC8952 
 2762      9CA0BFB5 
 2762      A1C8
 2763 028c 2715665A 		.ascii	"'\025fZ\012GNlv\005)NP7\005]\305 \336\012\012\266\346"
 2763      0A474E6C 
 2763      7605294E 
 2763      5037055D 
 2763      C520DE0A 
 2764 02a3 5097A936 		.ascii	"P\227\2516\037\015/Z>\2740to\310\320Cw\2015!\177\334"
 2764      1F0D2F5A 
 2764      3EBC3074 
 2764      6FC8D043 
 2764      77813521 
 2765 02b9 5F16813C 		.ascii	"_\026\201<\240\244\177T\010j\253fag\245\320%\260{\342"
 2765      A0A47F54 
 2765      086AAB66 
 2765      6167A5D0 
 2765      25B07BE2 
 2766 02cd 758DE465 		.ascii	"u\215\344eKtc\010\\\2236\273\262\000\\Ge\014\247s\345"
 2766      4B746308 
 2766      5C9336BB 
 2766      B2005C47 
 2766      650CA773 
 2767 02e2 02D0FB7D 		.ascii	"\002\320\373}\003-\012\021z\345|\024\364\230\2123\237"
 2767      032D0A11 
 2767      7AE57C14 
 2767      F4988A33 
 2767      9F
 2768 02f3 BB352932 		.ascii	"\2735)2R\270#0W\207\375\231\316\300;\354]\360;r\341"
 2768      52B82330 
 2768      5787FD99 
 2768      CEC03BEC 
 2768      5DF03B72 
 2769 0308 BF669E30 		.ascii	"\277f\2360\225-T\351\315v\035g]\343\275W\374\002\360"
 2769      952D54E9 
 2769      CD761D67 
 2769      5DE3BD57 
ARM GAS  C:\Users\acest\AppData\Local\Temp\cc7GpQc1.s 			page 68


 2769      FC02F0
 2770 031b D59502AB 		.ascii	"\325\225\002\253\227}p\336\236\311\346\262P\355R\264"
 2770      977D70DE 
 2770      9EC9E6B2 
 2770      50ED52B4 
 2771 032b CE788324 		.ascii	"\316x\203$t\033\333\227\227*\033\341\217V\367\316\331"
 2771      741BDB97 
 2771      972A1BE1 
 2771      8F56F7CE 
 2771      D9
 2772 033c 2DCB2DAE 		.ascii	"-\313-\256x\251e\370\317\300\032\220o\234\337\2034$"
 2772      78A965F8 
 2772      CFC01A90 
 2772      6F9CDF83 
 2772      3424
 2773 034e C66441AA 		.ascii	"\306dA\252s\341\357A\356\366\352\033\322\\\024 \315"
 2773      73E1EF41 
 2773      EEF6EA1B 
 2773      D25C1420 
 2773      CD
 2774 035f B92A9D9E 		.ascii	"\271*\235\236\357\337\251\277e\3043\206\376N4nd\365"
 2774      EFDFA9BF 
 2774      65C43386 
 2774      FE4E346E 
 2774      64F5
 2775 0371 D7E2C6FB 		.ascii	"\327\342\306\373\331TZ\1773\374j\270?\374\272\236A\363"
 2775      D9545A7F 
 2775      33FC6AB8 
 2775      3FFCBA9E 
 2775      41F3
 2776 0383 DBE94CEA 		.ascii	"\333\351L\352\275x4\313^\012\207#\356o\377\336\304@"
 2776      BD7834CB 
 2776      5E0A8723 
 2776      EE6FFFDE 
 2776      C440
 2777 0395 6277F640 		.ascii	"bw\366@,\221\212Di\2372\266\365\365\365ERF$\223\215"
 2777      2C918A44 
 2777      699F32B6 
 2777      F5F5F545 
 2777      52462493 
 2778 03aa 1899285A 		.ascii	"\030\231(Z\215\370\276p\224q#\375\224\275\017\017\354"
 2778      8DF8BE70 
 2778      947123FD 
 2778      94BD0F0F 
 2778      EC
 2779 03bb D9167B71 		.ascii	"\331\026{q \026c\260_\3543\336\345\037\244\267Gw\352"
 2779      201663B0 
 2779      5FEC33DE 
 2779      E51FA4B7 
 2779      4777EA
 2780 03ce 32DE905C 		.ascii	"2\336\220\\\272\213KO\031z&\253'\366G\223\007bq\364"
 2780      BA8B4B4F 
 2780      197A26AB 
 2780      27F64793 
 2780      076271F4 
 2781 03e2 24116484 		.ascii	"$\021d\204\3672H\377\013\023\243\011\342"
 2781      F73248FF 
ARM GAS  C:\Users\acest\AppData\Local\Temp\cc7GpQc1.s 			page 69


 2781      0B13A309 
 2781      E2
 2782              		.text
 2783              		.section	.gnu.lto_chSemWait.338.b3bf91ae,"e",%progbits
 2784 0000 789C8D53 		.ascii	"x\234\215S]l\014Q\024>g\356t\333\246\211\020\322\007"
 2784      5D6C0C51 
 2784      143E67EE 
 2784      74DBA689 
 2784      10D207
 2785 0013 5E4A5222 		.ascii	"^JR\"iw\265\210\360D\312\033\211h\274M\"\355\354`\331"
 2785      6977B588 
 2785      F044CA1B 
 2785      8968BC4D 
 2785      22EDEC60 
 2786 0028 E96CE60E 		.ascii	"\351l\346\016\341E\247[$\352\001\253Q\321U\215\254\204"
 2786      E145A75B 
 2786      24EA01AB 
 2786      51D1558D 
 2786      AC84
 2787 003a 17425A4A 		.ascii	"\027BZJ[\326O\177T\204\210&\332E\223F_<P\273\304>\370"
 2787      5BD64F7F 
 2787      54848826 
 2787      DA459346 
 2787      5F3C50BB 
 2788 0051 3BF7CEA6 		.ascii	";\367\316\246\273^D\262\231\271\367\273\337\371\316"
 2788      BB5E44B2 
 2788      99B9F7BB 
 2788      DFF9CE
 2789 0060 77BE3B3B 		.ascii	"w\276;;\300\000\014\004X\016\000\310\000cg\332\024p"
 2789      C0000C04 
 2789      580E00C8 
 2789      006367DA 
 2789      1470
 2790 0072 5D7763B1 		.ascii	"]wc\261\202-g\332F\256\367\250\330\217\022@hV\260\031"
 2790      822D67DA 
 2790      46AEF7A8 
 2790      D88F1240 
 2790      6856B019 
 2791 0086 CFB238C3 		.ascii	"\317\2628\303\030K\020Y\315\255\020+V\022%;\32311\203"
 2791      184B1059 
 2791      CDAD102B 
 2791      5612253B 
 2791      D3313183 
 2792 009a F1AB4935 		.ascii	"\361\253I5\301\024\350\"B/b\017\211\003\020\221\205"
 2792      C114E822 
 2792      422F620F 
 2792      89031091 
 2792      85
 2793 00ab 6045D275 		.ascii	"`E\322u_\336\357s\335RH0\206w\260\200C@\330]\3441\217"
 2793      5FDEEF73 
 2793      DD524830 
 2793      8677B080 
 2793      4340D85D 
 2794 00c2 88672529 		.ascii	"\210g%)\316N^9>\357tK\011\351\341]\374K1|r\221\017\360"
 2794      CE4E5E39 
 2794      3EEF744B 
 2794      09E9E15D 
ARM GAS  C:\Users\acest\AppData\Local\Temp\cc7GpQc1.s 			page 70


 2794      FC4B317C 
 2795 00da 1E8A3E00 		.ascii	"\036\212>\000\012\025\370\200\326\210\003(\252}T\335"
 2795      0A15F880 
 2795      D6880328 
 2795      AA7D54DD 
 2796 00ea F7A916C8 		.ascii	"\367\251\026\310|\027\231\311!\361\266\241\267T5H\030"
 2796      7C1799C9 
 2796      21F1B6A1 
 2796      B7543548 
 2796      18
 2797 00fb 939D7A24 		.ascii	"\223\235z$Y\370\312fO\246^,\216\273\302\274\212\017"
 2797      59F8CA66 
 2797      4FA65E2C 
 2797      8EBBC2BC 
 2797      8A0F
 2798 010d 504879CD 		.ascii	"PHy\3150\211\004\205O\224\013S\202y+\326y\267\352q\253"
 2798      30890485 
 2798      4F940B53 
 2798      82792BD6 
 2798      79B7EA71 
 2799 0122 3BEACE71 		.ascii	";\352\316q!\317\365\246\225\375\307\343>|H\340}\241"
 2799      21CFF5A6 
 2799      95FDC7E3 
 2799      3E7C48E0 
 2799      7DA1
 2800 0134 06E40F1F 		.ascii	"\006\344\017\037\025\372\213Oe\313=\203j\336\340\261"
 2800      15FA8B4F 
 2800      65CB3D83 
 2800      6ADEE0B1 
 2801 0144 6F64F009 		.ascii	"od\360\011aE\220\357\367\340\277\372e?P\277a\002\207"
 2801      614590EF 
 2801      F7E0BFFA 
 2801      653F50BF 
 2801      610287
 2802 0157 E6FA8DC8 		.ascii	"\346\372\215\310~\304A\212\352\306\253\242\244\373\343"
 2802      7EC4418A 
 2802      EAC6ABA2 
 2802      A4FBE3
 2803 0166 F72937F9 		.ascii	"\367)7\371\275lb(\366\342\272B\227\214}\250\312\034"
 2803      BD6C6228 
 2803      F6E2BA42 
 2803      978C7DA8 
 2803      CA1C
 2804 0178 E1141317 		.ascii	"\341\024\023\027\357\252\350&\001N3\305\333\264\322"
 2804      EFAAE826 
 2804      014E33C5 
 2804      DBB4D2
 2805 0187 E623BAD3 		.ascii	"\346#\272\323\275\317P\276\373\312\304+s\255\375\375"
 2805      BDCF50BE 
 2805      FBCAC42B 
 2805      73ADFDFD 
 2806 0197 85734849 		.ascii	"\205sHIJ03Y*Y\231\231\304\355\364\233\2054\260\204\307"
 2806      4A303359 
 2806      2A599999 
 2806      C4EDF49B 
 2806      8534B084 
 2807 01ac D3E751E0 		.ascii	"\323\347Q\340\321\012\212A|(*\256\222\264/\035\267\247"
ARM GAS  C:\Users\acest\AppData\Local\Temp\cc7GpQc1.s 			page 71


 2807      D10A8A41 
 2807      7C282AAE 
 2807      92B42F1D 
 2807      B7A7
 2808 01be 2E22A521 		.ascii	".\"\245!i\375S\245\370\030\3413F\227\011\257c\3422\227"
 2808      69FD53A5 
 2808      F818E133 
 2808      469709AF 
 2808      63E23297 
 2809 01d2 A694E374 		.ascii	"\246\224\343t\355E\264T\305\2479\206@o|\206\370T\346"
 2809      ED45B454 
 2809      C5A73986 
 2809      406F7C86 
 2809      F854E6
 2810 01e5 B7F4BD3C 		.ascii	"\267\364\275<\367\311\303\347^\227\331\017\211\327\351"
 2810      F7C9C3E7 
 2810      5E97D90F 
 2810      89D7E9
 2811 01f4 1210910B 		.ascii	"\022\020\221\013\335\364\265\366\257\223\225\262\303"
 2811      DDF4B5F6 
 2811      AF9395B2 
 2811      C3
 2812 0201 F7C97289 		.ascii	"\367\311r\211\374|\225\332J\201\303,\036\355^}\231\251"
 2812      FC7C95DA 
 2812      4A81C32C 
 2812      1EED5E7D 
 2812      99A9
 2813 0213 475149B0 		.ascii	"GQI\260\342.FQ]f\264,\361\314\336C:\223\205\203\336"
 2813      E22E4651 
 2813      5D66B42C 
 2813      F1CCDE43 
 2813      3A938583 
 2814 0228 D434EE85 		.ascii	"\3244\356\205N\032\367\211g\370R\252\303k1}\263\323"
 2814      4E1AF789 
 2814      67F852AA 
 2814      C36B317D 
 2814      B3D3
 2815 023a 6B309892 		.ascii	"k0\230\222'\313\346\036\323\257\227\344\002\371%\002"
 2815      27CBE61E 
 2815      D3AF97E4 
 2815      02F92502 
 2816 024a 19F20ACF 		.ascii	"\031\362\012\317f\346\002\031\316\005\002\205\201\214"
 2816      66E60219 
 2816      CE050285 
 2816      818C
 2817 0258 E403192D 		.ascii	"\344\003\031-\014$7\372K\031B\341\274\261\014\315;\234"
 2817      0C2437FA 
 2817      4B1942E1 
 2817      BCB10CCD 
 2817      3B9C
 2818 026a 9BF747F4 		.ascii	"\233\367G\364\235\370\263B\032\243\335k\305\004 .\025"
 2818      9DF8B342 
 2818      1AA3DD6B 
 2818      C504202E 
 2818      15
 2819 027b BD7B8C26 		.ascii	"\275{\214&\305\266\252n\203\266\223\0336\327\032t\203"
 2819      C5B6AA6E 
ARM GAS  C:\Users\acest\AppData\Local\Temp\cc7GpQc1.s 			page 72


 2819      83B6931B 
 2819      36D71A74 
 2819      83
 2820 028c 3BDA6683 		.ascii	";\332f\203\357w\254\210\266\303\277\311_\347\337\242"
 2820      EF77AC88 
 2820      B6C3BFC9 
 2820      5FE7DFA2 
 2821 029c D904EF8A 		.ascii	"\331\004\357\212\330\326>Cw`\275\337\037(\374\325\355"
 2821      D8D63E43 
 2821      7760BDDF 
 2821      1F28FCD5 
 2821      ED
 2822 02ad 0D3586EA 		.ascii	"\0155\206\352\235\003\301\220\025\320\305\332\342\265"
 2822      9D03C190 
 2822      15D0C5DA 
 2822      E2B5
 2823 02bb 35353501 		.ascii	"555\001\213\007l'\300m\235Pn\230~\035\024\036Y\220["
 2823      8B076C27 
 2823      C06D9D50 
 2823      6E987E1D 
 2823      141E5990 
 2824 02d0 FB1B77D7 		.ascii	"\373\033w\327\006\3274\006\203\300L\276\247F\337\240"
 2824      06D73406 
 2824      83C04CBE 
 2824      A746DFA0 
 2825 02e0 C9522E65 		.ascii	"\311R.e\264\002\031\315\342\232\355h\241&=| h\320\011"
 2825      B40219CD 
 2825      E29AED68 
 2825      A1263D7C 
 2825      2068D009 
 2826 02f4 3FCCFD7B 		.ascii	"?\314\375{\241\270\261\201\033\333\355\320\326\177W"
 2826      A1B8B181 
 2826      1BDBEDD0 
 2826      D67F57
 2827 0303 EA96695A 		.ascii	"\352\226iZM\232q\310\321\032lS\323M\036\022\240m\344"
 2827      4D9A71C8 
 2827      D11A6C53 
 2827      D34D1E12 
 2827      A06DE4
 2828 0316 0505B46B 		.ascii	"\005\005\264k\217\256\223\350\306\377\022\213X\266\303"
 2828      8FAE93E8 
 2828      C6FF128B 
 2828      58B6C3
 2829 0325 85DCC175 		.ascii	"\205\334\301u\325fuC\330!\236\220$\201\371\333\352w"
 2829      D5667543 
 2829      D8219E90 
 2829      2481F9DB 
 2829      EA77
 2830 0337 54086711 		.ascii	"T\010g\021;TUQ\271\012\024\033\212M\303\264\354\303"
 2830      3B545551 
 2830      B90A141B 
 2830      8A4DC3B4 
 2830      ECC3
 2831 0349 F0074524 		.ascii	"\360\007E$\302\006"
 2831      C206
 2832              		.text
 2833              		.section	.gnu.lto_chSemWaitS.339.b3bf91ae,"e",%progbits
ARM GAS  C:\Users\acest\AppData\Local\Temp\cc7GpQc1.s 			page 73


 2834 0000 789C6D90 		.ascii	"x\234m\220\315k\023A\030\306\337g\336\331|\024\032\020"
 2834      CD6B1341 
 2834      18C6DF67 
 2834      DED97C14 
 2834      1A10
 2835 0012 6F9EC44B 		.ascii	"o\236\304K\021dc\212\012\012BK\364\037P\274\005\304"
 2835      1164638A 
 2835      0A0A424B 
 2835      F41F50BC 
 2835      05C4
 2836 0024 7C88F183 		.ascii	"|\210\361\203\204l<J\246I\360P\3014\255\326K\314!,R"
 2836      846C3C4A 
 2836      A649F050 
 2836      C134ADD6 
 2836      4BCC212C 
 2837 0039 4F5E2AA6 		.ascii	"O^*\246V4 \236\224\"^E\205b\241\025)E\020D\224\372\316"
 2837      5634209E 
 2837      94225E45 
 2837      8562A115 
 2837      29451044 
 2838 0050 6EB4222E 		.ascii	"n\264\".\273\263\317\274\363\374\236\231w\336\203\350"
 2838      BBB3CFBC 
 2838      F3FC9E99 
 2838      77DE83E8 
 2839 0060 1A114DCA 		.ascii	"\032\021M\312\007\2070\333\236Vd\214\231\210*\325h\337"
 2839      078730DB 
 2839      9E56648C 
 2839      99882AD5 
 2839      68DF
 2840 0072 5058C28B 		.ascii	"PX\302\213\237/\343\272\331N,\327\027\217h\306\255X"
 2840      9F2FE3BA 
 2840      D94E2CD7 
 2840      178F68C6 
 2840      AD58
 2841 0084 B8AE31D5 		.ascii	"\270\2561\325\036\011\024\250\246X\243\2069\3560f\331"
 2841      1E0914A8 
 2841      A658A386 
 2841      39EE3066 
 2841      D9
 2842 0095 67821E2A 		.ascii	"g\202\036*`\357~1}[\273\263\275\206\316\302@\373\254"
 2842      60EF7E31 
 2842      7D5BBBB3 
 2842      BD86CEC2 
 2842      40FBAC
 2843 00a8 A82B8687 		.ascii	"\250+\206\207\300\242\354M$F.\322\330\300\230\327\317"
 2843      C0A2EC4D 
 2843      24462ED2 
 2843      D8C098D7 
 2843      CF
 2844 00b9 FAC6C4C9 		.ascii	"\372\306\304\311g\306#\354x\320\207\224.\367w\023E("
 2844      67C623EC 
 2844      78D08794 
 2844      2EF77713 
 2844      4528
 2845 00cb 609704B4 		.ascii	"`\227\004\264\354\2037\316\300\374\330n\031\363\356"
 2845      EC8337CE 
 2845      C0FCD86E 
ARM GAS  C:\Users\acest\AppData\Local\Temp\cc7GpQc1.s 			page 74


 2845      19F3EE
 2846 00da 23EE8F8D 		.ascii	"#\356\217\215\260\260\312\201\000QQ:f\007\233\247\211"
 2846      B0B0CA81 
 2846      0051513A 
 2846      66079BA7 
 2846      89
 2847 00eb 5A6C4F6D 		.ascii	"ZlOm4\314\200h\206U8i\310\344\023\314\352\334\312<l"
 2847      34CC8068 
 2847      86553869 
 2847      C8E413CC 
 2847      EADCCA3C 
 2848 0100 AAD5B757 		.ascii	"\252\325\267W\202\377\276?\303\352|\342\237B7A\233\250"
 2848      82FFBE3F 
 2848      C3EA7CE2 
 2848      9F423741 
 2848      9BA8
 2849 0112 3FD918ED 		.ascii	"?\331\030\355qt\330'\3036r\017\022\033\363\331\351\261"
 2849      7174D827 
 2849      C336720F 
 2849      121BF3D9 
 2849      E9B1
 2850 0124 83C7A083 		.ascii	"\203\307\240\203\3414\202e\334e\333\354&\032\235\353"
 2850      E1348265 
 2850      DC65DBEC 
 2850      261A9DEB 
 2851 0134 C77B1C13 		.ascii	"\307{\034\023\322b\021\324l\324\326\364\341\337\364"
 2851      D26211D4 
 2851      6CD4D6F4 
 2851      E1DFF4
 2852 0143 FAE87FF0 		.ascii	"\372\350\177\360\247!.\034m\240\371\366\371\036Q!N\301"
 2852      A7212E1C 
 2852      6DA0F9F6 
 2852      F91E5121 
 2852      4EC1
 2853 0155 33C3BCF0 		.ascii	"3\303\274\360\371\303+\012\032\332\202\356q\274\011"
 2853      F9C32B0A 
 2853      1ADA82EE 
 2853      71BC09
 2854 0164 E573B42B 		.ascii	"\345s\264+\347\022\314\361\205\2646\275\323\367\027"
 2854      E712CCF1 
 2854      85B436BD 
 2854      D3F717
 2855 0173 D42764C9 		.ascii	"\324'd\311\346~\007\013\301d#\025H\335\374\272\036\263"
 2855      E67E070B 
 2855      C1642315 
 2855      48DDFCBA 
 2855      1EB3
 2856 0185 D7D16284 		.ascii	"\327\321b\204\376\372\300\356r },s\306+T\274\314\271"
 2856      FEFAC0EE 
 2856      72207D2C 
 2856      73C62B54 
 2856      BCCCB9
 2857 0198 5CC1AB66 		.ascii	"\\\301\253fN\024\274K\325R9s\312\235t\323\356\311LE"
 2857      4E14BC4B 
 2857      D5523973 
 2857      CA9D74D3 
 2857      EEC94C45 
ARM GAS  C:\Users\acest\AppData\Local\Temp\cc7GpQc1.s 			page 75


 2858 01ac CA67CB95 		.ascii	"\312g\313\225\322\305B\256JG]7\371\367\233\276P\314"
 2858      D2C542AE 
 2858      4A475D37 
 2858      F9F79BBE 
 2858      50CC
 2859 01be 164F57AF 		.ascii	"\026OW\257\346\213\245d\316\352\2227\236J\245\222%/"
 2859      E68BA564 
 2859      CEEA9237 
 2859      9E4AA592 
 2859      252F
 2860 01d0 59A926BD 		.ascii	"Y\251&\275JN\252^\341\212\233#\345\225w\015\265\233"
 2860      4A4EAA5E 
 2860      E18A9B23 
 2860      E595770D 
 2860      B59B
 2861 01e2 3D3F9E3F 		.ascii	"=?\236?\224\315\347\351\027{\034\302}"
 2861      94CDE7E9 
 2861      177B1CC2 
 2861      7D
 2862              		.text
 2863              		.section	.gnu.lto_chSemWaitTimeout.340.b3bf91ae,"e",%progbits
 2864 0000 789C8D53 		.ascii	"x\234\215S[H\024Q\030\376\3779{Q\202.\010=\024\204\005"
 2864      5B481451 
 2864      18FEFF39 
 2864      7B51822E 
 2864      083D1484 
 2865 0015 1681ED66 		.ascii	"\026\201\355f\027\"\237\012\353\255 \212\336\006Bg\247"
 2865      17229F0A 
 2865      EBAD208A 
 2865      DE064267 
 2865      A7
 2866 0026 9ADA6996 		.ascii	"\232\332i\2269c\324KM\336\"\037\262,*t\263\220\225z"
 2866      3963D44B 
 2866      4DDE221F 
 2866      B22C2A74 
 2866      B390957A 
 2867 003a 8BA28B95 		.ascii	"\213\242\213\225\326\226]\354j,\005\241\221`7\212B\331"
 2867      D6965DEC 
 2867      6A2C05A1 
 2867      9160378A 
 2867      42D9
 2868 004c 2D14B4CB 		.ascii	"-\024\264\313\177\316,\356\366\022\2018g\276\363\235"
 2868      7FCE2CEE 
 2868      F6128138 
 2868      67BEF39D 
 2869 005c EFFBFEEF 		.ascii	"\357\373\376\357\314~c\000&\002\314\007\000d\200\315"
 2869      CC7E6300 
 2869      2602CC07 
 2869      006480CD 
 2870 006c 471B1570 		.ascii	"G\033\025p]wUP\301\003G\033\207\273/\373\260\033%\200"
 2870      5D775550 
 2870      C103471B 
 2870      87BB2FFB 
 2870      B01B2580 
 2871 0080 B05FC1FD 		.ascii	"\260_\301\375x\214\305\0316\263\004\221}\331\025b\361"
 2871      788CC519 
 2871      36B30491 
ARM GAS  C:\Users\acest\AppData\Local\Temp\cc7GpQc1.s 			page 76


 2871      7DD91562 
 2871      F1
 2872 0091 42A28C7D 		.ascii	"B\242\214}8\371\374\023\306\317'}\011\246@\033\021\256"
 2872      38F9FC13 
 2872      C6CF277D 
 2872      09A6401B 
 2872      11AE
 2873 00a3 205E2671 		.ascii	" ^&q\000\"2\003\026$]\367\305\263N\327-\204\004cx\015"
 2873      00223203 
 2873      16245DF7 
 2873      C5B34ED7 
 2873      2D840463 
 2874 00b9 F3380444 		.ascii	"\3638\004D\353\212\004o\237\307\033\316\362|x\375o\236"
 2874      EB8A046F 
 2874      9FC71BCE 
 2874      F27C78FD 
 2874      6F9E
 2875 00cb 2FDA54E4 		.ascii	"/\332T\344)6\240x\224\220\365H\337\271\206\251G\016"
 2875      2936A078 
 2875      9490F548 
 2875      DFB986A9 
 2875      470E
 2876 00dd 149031DE 		.ascii	"\024\2201\336\304\277\254\243\255E\001\300.\024\201"
 2876      C4BFACA3 
 2876      AD4501C0 
 2876      2E1481
 2877 00ec 00143A10 		.ascii	"\000\024:\020\000Z#\336\222\247\003\"\370\327\245@S"
 2877      005A23DE 
 2877      92A70322 
 2877      F8D7A540 
 2877      53
 2878 00fd B651EA2C 		.ascii	"\266Q\352,\022o\271\377\206N\335&\214I\253.I\026\301"
 2878      126FB9FF 
 2878      864EDD26 
 2878      8C49AB2E 
 2878      4916C1
 2879 0110 C64E1D1E 		.ascii	"\306N\035\036\350\233\025w\305\224~\274\203B\3123\303"
 2879      E89B1577 
 2879      C5947EBC 
 2879      8342CA33 
 2879      C3
 2880 0121 BB4850F4 		.ascii	"\273HP\364\320L\021J0S\315\255\327K{j\335^w\222\013"
 2880      D04C114A 
 2880      3053CDAD 
 2880      D74B7B6A 
 2880      DD5E7792 
 2881 0136 39AE578B 		.ascii	"9\256W\213p\353|\025\017`\017\201I\241\006\224\017\357"
 2881      70EB7C15 
 2881      0F600F81 
 2881      49A10694 
 2881      0FEF
 2882 0148 E5E78B0F 		.ascii	"\345\347\213\017~\235\343\005\364\345\002\326\377\240"
 2882      7E9DE305 
 2882      F4E502D6 
 2882      FFA0
 2883 0156 800F08F3 		.ascii	"\200\017\010\363C\316\357\366\177\371\215\275'\277^"
 2883      43CEEFF6 
ARM GAS  C:\Users\acest\AppData\Local\Temp\cc7GpQc1.s 			page 77


 2883      7FF98DBD 
 2883      27BF5E
 2884 0165 021F4EFA 		.ascii	"\002\037N\372=\222~\304A\252\352B\312\237t'~7\271\311"
 2884      3D927EC4 
 2884      41AAEA42 
 2884      CA9F7427 
 2884      7E37B9C9 
 2885 0179 D129CF0F 		.ascii	"\321)\317\017\016\215\274]P\240 v\"Mz\003\375\262Lh"
 2885      0E8DBC5D 
 2885      50A02076 
 2885      224D7A03 
 2885      FDB24C68 
 2886 018d 62E23371 		.ascii	"b\3423q}\350&\001\2160\305{\251\245\227/\350\016\235"
 2886      7DE82601 
 2886      8E30C57B 
 2886      A9A5972F 
 2886      E80E9D
 2887 01a0 E943F9BC 		.ascii	"\351C\371\2744M<2\237\217\277m9\201T\247\0043\375\205"
 2887      344D3C32 
 2887      9F8FBF6D 
 2887      398154A7 
 2887      0433FD85 
 2888 01b4 9295E9E8 		.ascii	"\222\225\351\350\270\232~]DSK\370U\372\024\012\274\246"
 2888      B89A7E5D 
 2888      44534BF8 
 2888      55FA140A 
 2888      BCA6
 2889 01c6 98BA109F 		.ascii	"\230\272\020\237\225\037\027K\332\305\370\325\301\323"
 2889      951F174B 
 2889      DAC5F8D5 
 2889      C1D3
 2890 01d4 489548DA 		.ascii	"H\225H\332\315\301B\274\2170\2145\363D\340\224\270\321"
 2890      CDC142BC 
 2890      8F308C35 
 2890      F344E094 
 2890      B8D1
 2891 01e6 B9EF9406 		.ascii	"\271\357\224\006\272\373\000-}\342C~\212@O|\206\370"
 2891      BAFB002D 
 2891      7DE2437E 
 2891      8A404F7C 
 2891      86F8
 2892 01f8 449638F7 		.ascii	"D\2268\367\243\334\017\312\315>\317e$\321\3612]\000"
 2892      A3DC0FCA 
 2892      CD3ECF65 
 2892      24D1F132 
 2892      5D00
 2893 020a A277A19B 		.ascii	"\242w\241\233\376|\374{\177\211t\030\355\237)\221\237"
 2893      FE7CFC7B 
 2893      7F897418 
 2893      ED9F2991 
 2893      9F
 2894 021b EDE3EBA8 		.ascii	"\355\343\353\250u\030\301\372\263K\333\231\277\016\225"
 2894      7518C1FA 
 2894      B34BDB99 
 2894      BF0E95
 2895 022a 042B6863 		.ascii	"\004+hc\324W;S\332\031E,\364\362v!m\313\263\327\274"
 2895      D4573B53 
ARM GAS  C:\Users\acest\AppData\Local\Temp\cc7GpQc1.s 			page 78


 2895      DA19452C 
 2895      F4F27621 
 2895      6DCBB3D7 
 2896 023f C169E296 		.ascii	"\301i\342\226V\232\370\201\227\371\314\300I\317e\350"
 2896      569AF881 
 2896      97F9CCC0 
 2896      49CF65E8 
 2897 024f 62ABE7D1 		.ascii	"b\253\347\321= w\346M\376\033z9;\333\311/\321\311C\357"
 2897      3D2077E6 
 2897      4DFE1B7A 
 2897      393BDBC9 
 2897      2FD1C943 
 2898 0264 E0B1CC64 		.ascii	"\340\261\314d'\275\331N \277\223G\271N\036\347w\222"
 2898      27BDD94E 
 2898      20BF9347 
 2898      B94E1EE7 
 2898      7792
 2899 0276 9D3E257B 		.ascii	"\235>%{\310\037\2719C#\367fG\236H\215\213_7\244\261"
 2899      C81FB939 
 2899      4323F766 
 2899      479E488D 
 2899      8B5F37A4 
 2900 028b E6EC7231 		.ascii	"\346\354r1\001\210{E\357*k\222\342\265\264\242\\\335"
 2900      01887B45 
 2900      EF2A6B92 
 2900      E2B5B4A2 
 2900      5CDD
 2901 029d CC759BAB 		.ascii	"\314u\233\253\225\232\316\035u\215\316w:VL\335\030Z"
 2901      959ACE1D 
 2901      758DCE77 
 2901      3A564CDD 
 2901      185A
 2902 02af 1DAA08AD 		.ascii	"\035\252\010\255Um\202\267\304lk\207\2569\2602\024\012"
 2902      556D82B7 
 2902      C46C6B87 
 2902      AE39B032 
 2902      140A
 2903 02c1 E7FF556C 		.ascii	"\347\377Ul7\252\214MNu\304\260\302\232X[|IYYY\330\342"
 2903      37AA8C4D 
 2903      4E75C4B0 
 2903      C29A585B 
 2903      7C495959 
 2904 02d8 61DB0973 		.ascii	"a\333\011s[#\224\353fH\003\205\307fd\327\241\252\255"
 2904      5B2394EB 
 2904      66480385 
 2904      C76664D7 
 2904      A1AAAD
 2905 02eb 4B22CBAA 		.ascii	"K\"\313\252\"\021\010:\206\251[\325\0163\371\2662\255"
 2905      2211083A 
 2905      86A95BD5 
 2905      0E33F9B6 
 2905      32AD
 2906 02fd 5C95125C 		.ascii	"\\\225\022\\\312\251yr\252\305U\333Q\215]Z\264:\242"
 2906      CAA97972 
 2906      AAC555DB 
 2906      518D5D5A 
 2906      B43AA2
ARM GAS  C:\Users\acest\AppData\Local\Temp\cc7GpQc1.s 			page 79


 2907 0310 D30EDFCB 		.ascii	"\323\016\337\313C\333!XU\311\365\015\266\261\356\337"
 2907      43DB2158 
 2907      55C9F50D 
 2907      B6B1EEDF 
 2908 0320 2735CB34 		.ascii	"'5\3134\255]\252\276\307Q+mS\325Ln\010\320\326s\202"
 2908      AD5DAABE 
 2908      C7512B6D 
 2908      53D54C6E 
 2908      08D0D673 
 2909 0335 02DAB24D 		.ascii	"\002\332\262M\323Ht\325\177\211\305,\333\341Bn\367\212"
 2909      D34874D5 
 2909      7F89C52C 
 2909      DBE1426E 
 2909      F78A
 2910 0347 45E6A2CA 		.ascii	"E\346\242\312\250C<!I\002\323\327o\332X,\222\305l\243"
 2910      A8433C21 
 2910      4902D3D7 
 2910      6FDA582C 
 2910      92C56CA3 
 2911 035b B4B86431 		.ascii	"\264\270d1(6\004M\335\264\354\275\360\007Cb\323\236"
 2911      2836044D 
 2911      DDB4ECBD 
 2911      F0074362 
 2911      D39E
 2912              		.text
 2913              		.section	.gnu.lto_chSemWaitTimeoutS.341.b3bf91ae,"e",%progbits
 2914 0000 789C6D52 		.ascii	"x\234mR]H\024Q\024\276\347\236\371\331?\215\226\236"
 2914      5D481451 
 2914      14BEE79E 
 2914      F9D93F8D 
 2914      969E
 2915 0012 7C92422A 		.ascii	"|\222B*\210\335\224z0\012\014\013z.z[\210\366G\332Z"
 2915      88DD947A 
 2915      300A0C0B 
 2915      7A2E7A5B 
 2915      88F647DA 
 2916 0027 D965677C 		.ascii	"\331eg|m\307uU\322H\327B\211t\211m\213|\210\036\354"
 2916      6DC77555 
 2916      D248D742 
 2916      8974896D 
 2916      8B7C881E 
 2917 003c 47D37261 		.ascii	"G\323ra_\022\262\266}-\010\245\277\225\020\011,\011"
 2917      5F12B2B6 
 2917      7D2D08A5 
 2917      BF951009 
 2917      2C09
 2918 004e C9CE9D59 		.ascii	"\311\316\235YW\011\207\231;\347\236\371\276s\276\357"
 2918      57098799 
 2918      3BE79EF9 
 2918      BE73BEEF 
 2919 005e DC39808C 		.ascii	"\3349\200\214]g\214\265\321\003*\203\241t\037g\206a"
 2919      5D678CB5 
 2919      D1032A83 
 2919      A1741F67 
 2919      8661
 2920 0070 B4A89C77 		.ascii	"\264\250\234w\245\3739L\303\255\217\231:\251']\373\343"
 2920      A5FB394C 
ARM GAS  C:\Users\acest\AppData\Local\Temp\cc7GpQc1.s 			page 80


 2920      C3AD8F99 
 2920      3AA9275D 
 2920      FBE3
 2921 0082 DE428384 		.ascii	"\336B\203\204<%\262\257`\376\366\204\"u\247k'\276\276"
 2921      3C25B2AF 
 2921      60FEF684 
 2921      2275A76B 
 2921      27BEBE
 2922 0095 69962418 		.ascii	"i\226$\030N\367m\314\0357\2112\014\333\254\022\012t"
 2922      4EF76DCC 
 2922      1D378932 
 2922      0CDBAC12 
 2922      0A74
 2923 00a7 A61D6604 		.ascii	"\246\035f\004,\301Q\222\025H\300M\034E\030\302\0342"
 2923      2CC15192 
 2923      1548C04D 
 2923      1C4518C2 
 2923      1C32
 2924 00b9 902A1140 		.ascii	"\220*\021@\375A\202\255}\031\351/\303\350\303\274\224"
 2924      FD4182AD 
 2924      7D19E92F 
 2924      C3E8C3BC 
 2924      94
 2925 00ca 43CE3204 		.ascii	"C\3162\004x\012\360\004H\031# \206\331\376\274a\024"
 2925      780AF004 
 2925      48192320 
 2925      86D9FEBC 
 2925      6114
 2926 00dc DF4E1A86 		.ascii	"\337N\032\206\235\345\020\3419la`\022(\025y\344\026"
 2926      9DE510E1 
 2926      396C6160 
 2926      12281579 
 2926      E416
 2927 00ee C8AB1672 		.ascii	"\310\253\026r\255\202\224`j;\362\005!\245\310\224\233"
 2927      AD829460 
 2927      6A3BF205 
 2927      21A5C894 
 2927      9B
 2928 00ff 3185995D 		.ascii	"1\205\231]\246))h= \3724\020ue\274\334[;\330i\313\241"
 2928      A6292968 
 2928      3D20FA34 
 2928      107565BC 
 2928      DC5B3BD8 
 2929 0116 0C33DBB9 		.ascii	"\0143\333\271/IM\244\350V\314\210\2104\210\310;\267"
 2929      2F494DA4 
 2929      E856CC88 
 2929      883488C8 
 2929      3BB7
 2930 0128 90F8B824 		.ascii	"\220\370\270$\347\215\365\215\001\303\370t\346Z\341"
 2930      E78DF58D 
 2930      01C3F874 
 2930      E65AE1
 2931 0137 DB7DD8C5 		.ascii	"\333}\330\305\201Z!\365\3472\220<\225\"\305&\026\241"
 2931      815A21F5 
 2931      E732903C 
 2931      9522C526 
 2931      16A1
ARM GAS  C:\Users\acest\AppData\Local\Temp\cc7GpQc1.s 			page 81


 2932 0149 4971D0A2 		.ascii	"Iq\320\242:E\344\022\013c\003(\206fH`\344\031\033Dn"
 2932      3A45E412 
 2932      0B630328 
 2932      86664860 
 2932      E4191B44 
 2933 015e 6DBA68B3 		.ascii	"m\272h\263\004\306\342\235\3220\010\241\"\036+\231\357"
 2933      04C6E29D 
 2933      D23008A1 
 2933      221E2B99 
 2933      EF
 2934 016f BDD56531 		.ascii	"\275\325e1\343\376/\361\314\315\226!9S\256\311\242Z"
 2934      E3FE2FF1 
 2934      CCCD9621 
 2934      3953AEC9 
 2934      A25A
 2935 0181 19329AEE 		.ascii	"\0312\232\356\036\000\225%_\266,Y\233\005v\330\332\332"
 2935      1E009525 
 2935      5FB62C59 
 2935      9B0576D8 
 2935      DADA
 2936 0193 210F6328 		.ascii	"!\017c(&\275\014]\243='\262\002\240\012\232\035\022"
 2936      26BD0C5D 
 2936      A33D27B2 
 2936      02A00A9A 
 2936      1D12
 2937 01a5 A2D44ADF 		.ascii	"\242\324J\337\321M\366\367\232\035\350\005\213N<V\206"
 2937      D14DF6F7 
 2937      9A1DE805 
 2937      8B4E3C56 
 2937      86
 2938 01b6 D487421D 		.ascii	"\324\207B\035E\026\235\231\327 \342\335\205\325\367"
 2938      45169D99 
 2938      D720E2DD 
 2938      85D5F7
 2939 01c5 50353455 		.ascii	"P54Ur\320\360D\273b\357<d\321\221E.\010\022\010\015"
 2939      72D0F044 
 2939      BB62EF3C 
 2939      64D19145 
 2939      2E081208 
 2940 01da C9F55ECA 		.ascii	"\311\365^\3129)\315V\240\273>\213\256\024(9td\310\005"
 2940      3929CD56 
 2940      A0BB3E8B 
 2940      AE142839 
 2940      7464C805 
 2941 01ee 35710AA4 		.ascii	"5q\012\244\00248\247hW.\370\011\001\257\241\322J\372"
 2941      023438A7 
 2941      68572EF8 
 2941      0901AFA1 
 2941      D24AFA
 2942 0201 BDFE774F 		.ascii	"\275\376wO\265\323t\011-\007\253P\265\340\332\301\302"
 2942      B5D37409 
 2942      2D07AB50 
 2942      B5E0DAC1 
 2942      C2
 2943 0212 DCA605D5 		.ascii	"\334\246\005\325\244\315\226\320,&\217\177\3765c\351"
 2943      A4CD96D0 
 2943      2C268F7F 
ARM GAS  C:\Users\acest\AppData\Local\Temp\cc7GpQc1.s 			page 82


 2943      FE3563E9 
 2944 0222 26292D74 		.ascii	"&)-t\010Y\264\247\200\347\320\225\241\337\224\3602I"
 2944      0859B4A7 
 2944      80E7D095 
 2944      A1DF94F0 
 2944      3249
 2945 0234 CF618D89 		.ascii	"\317a\215\211V\266\216\355'$[\350\253\250\362\007P("
 2945      56B68EED 
 2945      27245BE8 
 2945      ABA8F207 
 2945      5028
 2946 0246 E6909096 		.ascii	"\346\220\220\226\366\221m\252 K\314J1~c\244l\023g;\200"
 2946      F6916DAA 
 2946      204BCC4A 
 2946      317E63A4 
 2946      6C13673B 
 2947 025b 60B19379 		.ascii	"`\261\223y\341\343P\3531\337y-\024\327|\027\003!M\367"
 2947      E1E350EB 
 2947      31DF792D 
 2947      14D77C17 
 2947      03214DF7 
 2948 026f 9D0A6957 		.ascii	"\235\012iW\364h\314w\326s\322\323\3529\355\213S\372"
 2948      F468CC77 
 2948      D673D2D3 
 2948      EA39ED8B 
 2948      53FA
 2949 0281 422C1EBD 		.ascii	"B,\036\275\034\012\350\254\331\343\361n\277[/\205\375"
 2949      1C0AE8AC 
 2949      D9E3F16E 
 2949      BF5B2F85 
 2949      FD
 2950 0292 E1737A47 		.ascii	"\341szG0\034\365\006D\034\325\232\032\033\033\275Q\315"
 2950      301CF506 
 2950      441CD59A 
 2950      1A1B1BBD 
 2950      51CD
 2951 02a4 1BD7BD5A 		.ascii	"\033\327\275Z<@Y-\324\356\0110\256\305vWb\217\277\255"
 2951      3C40592D 
 2951      D4EE0930 
 2951      AEC57657 
 2951      628FBFAD 
 2952 02b8 2978C41F 		.ascii	")x\304\037\0142U\017\267\207\242\035\272\022\350\210"
 2952      0C32550F 
 2952      B787A21D 
 2952      BA12E888 
 2953 02c8 C7F5D83F 		.ascii	"\307\365\330?\223L7\346"
 2953      934C37E6 
 2954              		.text
 2955              		.section	.gnu.lto_chSemSignal.342.b3bf91ae,"e",%progbits
 2956 0000 789C9554 		.ascii	"x\234\225TolSU\024\277\347\335\327v\335? \213\373\200"
 2956      6F6C5355 
 2956      14BFE7DD 
 2956      D776DD3F 
 2956      208BFB80 
 2957 0014 5F06C962 		.ascii	"_\006\311bLF\267!\306Hb\304L\342\027I\014\304o/![W\245"
 2957      4C46B721 
 2957      C64862C4 
ARM GAS  C:\Users\acest\AppData\Local\Temp\cc7GpQc1.s 			page 83


 2957      4CE21749 
 2957      0CC46F2F 
 2958 002c DAD2FA5E 		.ascii	"\332\322\372^1\362\211g7\210\014\223\356\017a\262u\203"
 2958      31F28967 
 2958      37880C93 
 2958      EE0F61B2 
 2958      7583
 2959 003e 340D81C4 		.ascii	"4\015\201\304D4\374\331\334`\325)\033\023\204\225\315"
 2959      4434FCD9 
 2959      DC60D529 
 2959      1B138495 
 2959      CD
 2960 004f 990D984C 		.ascii	"\231\015\230L\211L\343,\233f\3140\360\234{_\273J\026"
 2960      894CE32C 
 2960      9B66CC30 
 2960      F09C7B5F 
 2960      BB4A16
 2961 0062 82CDD6DE 		.ascii	"\202\315\326\336{\336\371\375\316\357\234{\177\257\303"
 2961      7BDEF9FD 
 2961      CEEF9C7B 
 2961      7FAFC3
 2962 0071 CE581B30 		.ascii	"\316X\0330\366\032c\014l\014\232\233\032\024f\232\346"
 2962      F61A630C 
 2962      6C0C9A9B 
 2962      1A14669A 
 2962      E6
 2963 0082 2687A2D4 		.ascii	"&\207\242\3245\035P\240\033\356\376s|\245Z\337T\030"
 2963      351D50A0 
 2963      1BEEFE73 
 2963      7CA55ADF 
 2963      5418
 2964 0094 D93B56AE 		.ascii	"\331;V\256r8\230\311P\341\303\246\006'f\210\035\260"
 2964      723898C9 
 2964      50E1C3A6 
 2964      06276688 
 2964      1DB0
 2965 00a6 3D0A5761 		.ascii	"=\012Wa\017\264\360g1p\357v\353\320E0\217' \316\031"
 2965      0FB4F067 
 2965      3170EF76 
 2965      EBD04530 
 2965      8F2720CE 
 2966 00bb EBC47FF1 		.ascii	"\353\304\177\361\211rh\346q\016\240Z+\005Jp\305\275"
 2966      897268E6 
 2966      710EA05A 
 2966      2B054A70 
 2966      C5BD
 2967 00cd EC998469 		.ascii	"\354\231\204i^\355\3532M'\213s\016g\0011p\006\3404\252"
 2967      5EEDEB32 
 2967      4D278B73 
 2967      0E670131 
 2967      7006E034 
 2968 00e2 C380EFEE 		.ascii	"\303\200\357\356*\306\354\026\023G\210X\003|\011\304"
 2968      2AC6EC16 
 2968      13478858 
 2968      037C09C4 
 2969 00f2 69A78A33 		.ascii	"i\247\2123\033\030\212\351\344J:\022}P\367\267\235A"
 2969      1B188AE9 
ARM GAS  C:\Users\acest\AppData\Local\Temp\cc7GpQc1.s 			page 84


 2969      E44A3A12 
 2969      7D50F7B7 
 2969      9D41
 2970 0104 0FC638C5 		.ascii	"\017\3068\305\370I\221L\225\356\245\016L\\Y\0355\023"
 2970      F849914C 
 2970      95EEA50E 
 2970      4C5C591D 
 2970      3513
 2971 0116 6A1C459F 		.ascii	"j\034E\237\003\242\222\305\340<*V}\373\2131\263\224"
 2971      03A292C5 
 2971      E03C2A56 
 2971      7DFB8B31 
 2971      B394
 2972 0128 32DB9AFB 		.ascii	"2\333\232\373\272\313\372\353\314A3\223\313\226reO\242"
 2972      BACBFAEB 
 2972      CC413393 
 2972      CB967265 
 2972      4FA2
 2973 013a FE2F513B 		.ascii	"\376/Q;\364a\260\227\330H+$\322\372\370\005!J\360\235"
 2973      F461B097 
 2973      D8482B24 
 2973      D2FAF805 
 2973      214AF09D 
 2974 014e 3CD43DED 		.ascii	"<\324=\355\300\312\365%qn\203\2571YM\323\365#\235\357"
 2974      C0CAF525 
 2974      716E83AF 
 2974      31594DD3 
 2974      F5239DEF 
 2975 0162 46B1E88E 		.ascii	"F\261\350\2166\364\350\033Ip_IKOu\355?R\330\010\004"
 2975      36F4E81B 
 2975      49705F49 
 2975      4B4F75ED 
 2975      3F52D808 
 2976 0177 FE361B7C 		.ascii	"\3766\033|\201B\276\341\214\356\363\303\227>vH\3252"
 2976      8142BEE1 
 2976      8CEEF3C3 
 2976      973E7648 
 2976      D532
 2977 0189 932D6566 		.ascii	"\223-ef\251\376#n\203\001\220\223S\037#\222e\213\304"
 2977      A9FE236E 
 2977      83019093 
 2977      531F2392 
 2977      658BC4
 2978 019c EEE022AE 		.ascii	"\356\340\"\256\007\301\322GT\275\223]\307\270$\262-"
 2978      07C1D247 
 2978      54BD935D 
 2978      C7B824B2 
 2978      2D
 2979 01ad 1D41FF75 		.ascii	"\035A\377u\314\375\016cv\2664\321\366'\232h\327(N\364"
 2979      CCFD0E63 
 2979      76B634D1 
 2979      F6279A68 
 2979      D7284EF4 
 2980 01c1 32062F65 		.ascii	"2\006/e&\372\275\230(\346\000\326\377,iK\230\367\037"
 2980      26FABD98 
 2980      28E600D6 
 2980      FF2C694B 
ARM GAS  C:\Users\acest\AppData\Local\Temp\cc7GpQc1.s 			page 85


 2980      98F71F
 2981 01d4 46CCC47C 		.ascii	"F\314\304|\336\320t\363\374ee\205\202w\305\346 q\271"
 2981      DED074F3 
 2981      FC656585 
 2981      8277C5E6 
 2981      2071B9
 2982 01e7 005D908F 		.ascii	"\000]\220\217[{\001}\025\322\003\306\"\234\356\256\251"
 2982      5B7B017D 
 2982      15D203C6 
 2982      229CEEAE 
 2982      A9
 2983 01f8 829960AC 		.ascii	"\202\231`\254\221+rS\207\233\337\300\234:|\015\350w"
 2983      912B7253 
 2983      879BDFC0 
 2983      9C3A7C0D 
 2983      E877
 2984 020a 6DE66B2A 		.ascii	"m\346k*ZD?s\013\221\233m\207\000\333\020\301\271q\247"
 2984      5A443F73 
 2984      0B919B6D 
 2984      8700DB10 
 2984      C1B971A7 
 2985 021e C89F3B1D 		.ascii	"\310\237;\035?3\373c\021\312\023\341\321\331O\200\342"
 2985      3F33FB63 
 2985      11CA13E1 
 2985      D1D94F80 
 2985      E2
 2986 022f E112144D 		.ascii	"\341\022\024Mw[\205\012\221v\253\365\314d\007\240v\221"
 2986      775B850A 
 2986      9176ABF5 
 2986      CC6407A0 
 2986      7691
 2987 0241 D633E984 		.ascii	"\3263\351\204+\300\376\204\360Z\352\344\241\202\335"
 2987      2BC0FE84 
 2987      F05AEAE4 
 2987      A182DD
 2988 0250 AE69E4FB 		.ascii	"\256i\344\373r\342\334\201K\225\2348\014\014\177!\011"
 2988      72E2DC81 
 2988      4B959C38 
 2988      0C0C7F21 
 2988      09
 2989 0261 70558C77 		.ascii	"pU\214wM\213x\236#\036\216\310*\251S\361\221\331\034"
 2989      4D8B789E 
 2989      231E8EC8 
 2989      2AA953F1 
 2989      91D91C
 2990 0274 460322DE 		.ascii	"F\003\"\336\331\205\310_\343\245\242\302\374x\261\210"
 2990      D985C85F 
 2990      E3A5A2C2 
 2990      FC78B188 
 2991 0284 2CCE1EDE 		.ascii	",\316\036\336\202\307\361HK\247\212\330\014\204{\247"
 2991      82C7F148 
 2991      4BA78AD8 
 2991      0C847BA7 
 2992 0294 0B623CDF 		.ascii	"\013b<\3372!\027E\216\221\221\261\2123\306s\341\007"
 2992      32211745 
 2992      8E9191B1 
 2992      8A33C673 
ARM GAS  C:\Users\acest\AppData\Local\Temp\cc7GpQc1.s 			page 86


 2992      E107
 2993 02a6 6015729B 		.ascii	"`\025r\233\013c\320!\374;\003u\321}/\3058!\011\206#"
 2993      0B63D021 
 2993      FC3B0375 
 2993      D17D2FC5 
 2993      38210986 
 2994 02bb 26AA54C3 		.ascii	"&\252T\303\363i\364\235\202e\340\343\022\21686\015\365"
 2994      F369F49D 
 2994      8265E0E3 
 2994      128E3836 
 2994      0DF5
 2995 02cd D7FB57E3 		.ascii	"\327\373W\343J\302\345;\241\221\363\217\306\006\302"
 2995      4AC2E53B 
 2995      A191F38F 
 2995      C606C2
 2996 02dc 903986B3 		.ascii	"\2209\206\263\327\024\342=\3300\252\304x\3412\3120d"
 2996      D714E23D 
 2996      D830AAC4 
 2996      78E132CA 
 2996      3064
 2997 02ee B1E7C10D 		.ascii	"\261\347\301\015dG\242z+\305\0067\323\2070\000\210\226"
 2997      6447A27A 
 2997      2BC50637 
 2997      D3873000 
 2997      8896
 2998 0300 07F0692A 		.ascii	"\007\360i*\211\0070h\035_\322\011C \207\260\"&\206N"
 2998      89073068 
 2998      1D5FD209 
 2998      432087B0 
 2998      2226864E 
 2999 0314 726CD610 		.ascii	"rl\326\020\360\242\344Q\235\237d\013w\212\351\321-\254"
 2999      F0A2E451 
 2999      9D9F640B 
 2999      778AE9D1 
 2999      2DAC
 3000 0326 A230C910 		.ascii	"\2420\311\020>\3722\336/\004\312a'-\252\342\030W\262"
 3000      3EFA32DE 
 3000      2F04CA61 
 3000      272DAAE2 
 3000      1857B2
 3001 0339 081C6902 		.ascii	"\010\034i\002!\352\347\014^\014lTY\266\224B\251\267"
 3001      21EAE70C 
 3001      5E0C6C54 
 3001      59B69442 
 3001      A9B7
 3002 034b D3A9C827 		.ascii	"\323\251\310'*,\310\012m'\236\312\002)\031P\001\201"
 3002      2A2CC80A 
 3002      6D279ECA 
 3002      02291950 
 3002      0181
 3003 035d 7E451097 		.ascii	"~E\020\227 \321\362\324bRHM-~\321~\202\336\321\344q"
 3003      20D1F2D4 
 3003      6252484D 
 3003      2D7ED17E 
 3003      82DED1E4 
 3004 0372 3916F42D 		.ascii	"9\026\364-K\301\336\243y83,\230\337\211\215\340\341"
 3004      4BC1DEA3 
ARM GAS  C:\Users\acest\AppData\Local\Temp\cc7GpQc1.s 			page 87


 3004      7938332C 
 3004      98DF898D 
 3004      E0E1
 3005 0384 38680676 		.ascii	"8h\006vb/\020g\242\376\327\032=\322\032\350\204\266"
 3005      622F1067 
 3005      A2FED71A 
 3005      3DD21AE8 
 3005      84B6
 3006 0396 7674428F 		.ascii	"vtB\217\034\345\221\211Vy\373\246>o\227w\357\334\304"
 3006      1CE59189 
 3006      5679FBA6 
 3006      3E6F9777 
 3006      EFDCC4
 3007 03a9 A3F76DE4 		.ascii	"\243\367m\344i\313+\017\310+\275\022\3302\227\361J\237"
 3007      69CB2B0F 
 3007      C82BBD12 
 3007      D83297F1 
 3007      4A9F
 3008 03bb E51596ED 		.ascii	"\345\025\226\355\225\304\222W\276\312\366\212\345\212"
 3008      95C49257 
 3008      BECAF68A 
 3008      E58A
 3009 03c9 DF853FB2 		.ascii	"\337\205?\262\255\320<\207V\300\267/\233\245\246\247"
 3009      ADD03C87 
 3009      56C0B72F 
 3009      9BA5A6A7 
 3010 03d9 DA37D3C5 		.ascii	"\3327\323\305\247O\204\203\354$\234\240mY\325F\355M"
 3010      A74F8483 
 3010      EC249CA0 
 3010      6D59D546 
 3010      ED4D
 3011 03eb C3A31B5A 		.ascii	"\303\243\033Z\265\333c\204\264W=\306\273\241@P\333\352"
 3011      B5DB6384 
 3011      B4573DC6 
 3011      BBA14050 
 3011      DBEA
 3012 03fd 7AC555E5 		.ascii	"z\305U\345\332\254\351\030\336\036\324\003\357x\334"
 3012      DAACE918 
 3012      DE1ED403 
 3012      EF78DC
 3013 040c 21F6A2CB 		.ascii	"!\366\242\313U\236\375W\265\303[\343\335\026\332U\353"
 3013      559EFD57 
 3013      B5C35BE3 
 3013      DD16DA55 
 3013      EB
 3014 041d 0D94BB69 		.ascii	"\015\224\273i\0350\326WVV\226\007\214r=Tn\350n\214\032"
 3014      1D30D657 
 3014      56569607 
 3014      8C723D54 
 3014      6EE86E8C 
 3015 0432 1EBFCBCD 		.ascii	"\036\277\313\315\024#\270\312Z\273j\336Z_\273\241\246"
 3015      1423B8CA 
 3015      5ABB6ADE 
 3015      5A5FBBA1 
 3015      A6
 3016 0443 B69655BA 		.ascii	"\266\226U\2727j\002f\010\012-\213B\013\030\232\036\322"
 3016      376A0266 
ARM GAS  C:\Users\acest\AppData\Local\Temp\cc7GpQc1.s 			page 88


 3016      080A2D8B 
 3016      420B189A 
 3016      1ED2
 3017 0455 BC3BDDBE 		.ascii	"\274;\335\276]\265\036|b\3546\\;\230\243\246\332\360"
 3017      5DB51E7C 
 3017      62EC365C 
 3017      3B98A3A6 
 3017      DAF0
 3018 0467 BCA17B5F 		.ascii	"\274\241{_\177<\322\035\360\373\003;5\317\007!\255Z"
 3018      7F3CD21D 
 3018      F0FB033B 
 3018      35CF0721 
 3018      AD5A
 3019 0479 F76B6EBF 		.ascii	"\367kn\277\341\245\240\356Y\"\244\320\366\267\335n$"
 3019      E1A5A0EE 
 3019      5922A4D0 
 3019      F6B7DD6E 
 3019      24
 3020 048a DDF44464 		.ascii	"\335\364Dd\301\200\0362\210\356\375\027\326\371\327"
 3020      C1801E32 
 3020      88EEFD17 
 3020      D6F9D7
 3021 0499 55FB4298 		.ascii	"U\373B\230G\224H\000\301\347\376G'>L\242^\224\367\202"
 3021      47944800 
 3021      C1E7FE47 
 3021      273E4CA2 
 3021      5E94F782 
 3022 04ad 2BB76CDB 		.ascii	"+\267l\333ZB-\005uoYIi\005St\346\360{\374\001}7\373"
 3022      5A422D05 
 3022      756F5949 
 3022      69055374 
 3022      E6F07BFC 
 3023 04c5 177D7BBF 		.ascii	"\027}{\277\375"
 3023      FD
 3024              		.text
 3025              		.section	.gnu.lto_chSemSignalI.343.b3bf91ae,"e",%progbits
 3026 0000 789C6D50 		.ascii	"x\234mPMk\324P\024\275'7\223N\027\225\026\241\013W\305"
 3026      4D6BD450 
 3026      14BD2737 
 3026      934E1795 
 3026      16A10B57 
 3027 0015 8D889238 		.ascii	"\215\210\2228E\027\012Be\332?\240\350* N&\342h%C\022"
 3027      45170A42 
 3027      65DA3FA0 
 3027      E82A204E 
 3027      26E26825 
 3028 002b 97D2E7CC 		.ascii	"\227\322\347\314Td\\L\247\212\202\324.\206 \005\027"
 3028      54645C4C 
 3028      A78A82D4 
 3028      2E862005 
 3028      17
 3029 003c 82501D3F 		.ascii	"\202P\035?\220\200\013u'v\321\215\013)\026\254\213R"
 3029      90800B75 
 3029      2776D18D 
 3029      0B2916AC 
 3029      8B52
 3030 004e 5D89D5EA 		.ascii	"]\211\325\352M2~ >\362\336;\347\274w\356\273'\367At"
ARM GAS  C:\Users\acest\AppData\Local\Temp\cc7GpQc1.s 			page 89


 3030      4D327E20 
 3030      3EF2DE3B 
 3030      E7BC77EE 
 3030      BB27F741 
 3031 0063 91882664 		.ascii	"\221\210&d\"G\230m75RJ\215\365iZ\275}U\303#|\372\272"
 3031      2247986D 
 3031      3735524A 
 3031      8DF5695A 
 3031      BD7D55C3 
 3032 007b 30A837DA 		.ascii	"0\2507\332\333Z\323\313\226\316\270\236\317\316u\\j"
 3032      DB5AD3CB 
 3032      96CEB89E 
 3032      CFCE755C 
 3032      6A
 3033 008c 37FBE53C 		.ascii	"7\373\345<e\240)\215uL\341\032\357\026\341\313\352\315"
 3033      65A0298D 
 3033      754CE11A 
 3033      EF16E1CB 
 3033      EACD
 3034 009e CD57500B 		.ascii	"\315WP\0131\"&\232\227\231\2169\306,G\014\350=\244a"
 3034      3122269A 
 3034      97998E39 
 3034      C62C470C 
 3034      E83DA461 
 3035 00b2 44105768 		.ascii	"D\020WhW\254\324\353\227]\245\372)b\306C\210\007\017"
 3035      57ACD4EB 
 3035      975DA5FA 
 3035      2962C643 
 3035      88070F
 3036 00c5 804510BA 		.ascii	"\200E\020\272R\204'\357\016\021\031i-yS\232\225r\367"
 3036      528427EF 
 3036      0E111969 
 3036      2D79539A 
 3036      9572F7
 3037 00d8 DEE462F5 		.ascii	"\336\344b\365\355GK\251\325\367\270\265'/\205\273\022"
 3037      ED474BA9 
 3037      D5F7B8B5 
 3037      272F85BB 
 3037      12
 3038 00e9 2262DD48 		.ascii	"\"b\335H\026\242\026'\275*\035*&\232a-#u!\037\241V6"
 3038      16A21627 
 3038      BD2A1D2A 
 3038      269A612D 
 3038      2375211F 
 3039 0100 9786D3FD 		.ascii	"\227\206\323\375\373\022\222}\347\357eek\373?\302\215"
 3039      FB12927D 
 3039      E7EF6565 
 3039      6BFB3FC2 
 3039      8D
 3040 0111 615A47ED 		.ascii	"aZG\355\351\332@\207s\275\326\031I\234;I\374|\304\271"
 3040      E9DA4087 
 3040      73BDD619 
 3040      499C3B49 
 3040      FC7CC4B9 
 3041 0125 8E088F41 		.ascii	"\216\010\217A\3732j\340\011n\247\251\327Q\237\273|\270"
 3041      FB326AE0 
 3041      096EA7A9 
ARM GAS  C:\Users\acest\AppData\Local\Temp\cc7GpQc1.s 			page 90


 3041      D7519FBB 
 3041      7CB8
 3042 0137 C3863813 		.ascii	"\303\2068\023\233\001$\2456\232\007~\271?\014\374\307"
 3042      9B0124A5 
 3042      369A077E 
 3042      B93F0CFC 
 3042      C7
 3043 0148 FE2CB38B 		.ascii	"\376,\263\213\217\326\320x\373|\207\240\314\236\375"
 3043      8FD6D078 
 3043      FB7C87A0 
 3043      CC9EFD
 3044 0157 C919E62B 		.ascii	"\311\031\346+\313/jH\303l@\247\006\264\210\373\346\245"
 3044      CB2F6A48 
 3044      C36C40A7 
 3044      06B488FB 
 3044      E6A5
 3045 0169 2B31C9C5 		.ascii	"+1\311\305|zI\377\223\3703j\357\026O\244\346\026#\323"
 3045      7C7A49FF 
 3045      93F8336A 
 3045      EF164FA4 
 3045      E61623D3 
 3046 017d 6B7142F7 		.ascii	"kqB\367\026\017\331\307\003\327\017\354S\216\033\204"
 3046      160FD9C7 
 3046      03D70FEC 
 3046      538E1B84 
 3047 018d F6B81B9C 		.ascii	"\366\270\033\234\013\275\252}\324<b\026\315\011\333"
 3047      0BBDAA7D 
 3047      D43C6216 
 3047      CD09DB
 3048 019c 17F964D5 		.ascii	"\027\371d\325\367\316\272NH\007M\323\372\373+\236\251"
 3048      F7CEBA4E 
 3048      48074DD3 
 3048      FAFB2B9E 
 3048      A9
 3049 01ad 942AC7C2 		.ascii	"\224*\307\302\013\345\212g9\011\366\202\321B\241`y\201"
 3049      0BE58A67 
 3049      3909F682 
 3049      D142A160 
 3049      7981
 3050 01bf E58756E0 		.ascii	"\345\207V\340;\242\006\356y\323!-\250\016\365\260Y:"
 3050      3BA206EE 
 3050      79D3212D 
 3050      A80EF5B0 
 3050      593A
 3051 01d1 3D5ADE5F 		.ascii	"=Z\336_*\227\351'\232>\271\235"
 3051      2A97E927 
 3051      9A3EB99D 
 3052              		.text
 3053              		.section	.gnu.lto_chSemAddCounterI.344.b3bf91ae,"e",%progbits
 3054 0000 789C7D54 		.ascii	"x\234}T\357k[U\030>\317=\347\3466\251M\323\211\371\\"
 3054      EF6B5B55 
 3054      183ECF3D 
 3054      E7E636A9 
 3054      4DD389F9 
 3055 0015 14198224 		.ascii	"\024\031\202$v*\314}\331\244\372\017(\"\302\005\261"
 3055      762ACC7D 
 3055      D9A4FA0F 
ARM GAS  C:\Users\acest\AppData\Local\Temp\cc7GpQc1.s 			page 91


 3055      2822C205 
 3055      B1
 3056 0026 4964D1B8 		.ascii	"Id\321\270d\271\331W{MS\3058I\263u\033\316\356\007\227"
 3056      64B9D957 
 3056      7B4D53C5 
 3056      3849B375 
 3056      1BCEEE07 
 3057 003b 2019A2E2 		.ascii	" \031\242\342`\263\331\346\314\234\325\215\255Z\203"
 3057      60B3D9E6 
 3057      CC9CD58D 
 3057      AD5A83
 3058 004a 36E8D621 		.ascii	"6\350\326!\005\241\365\303\210\333`38\352{\316\275\311"
 3058      05A1F5C3 
 3058      88DB6033 
 3058      38EA7BCE 
 3058      BDC9
 3059 005c 32285E92 		.ascii	"2(^\222s\337\363\236\367y\336\237\347>\24236\313\030"
 3059      73DFF39E 
 3059      F779DE9F 
 3059      E73EA233 
 3059      36CB18
 3060 006f FB90FEE8 		.ascii	"\373\220\376\350c\330S.j\314\266\355m\206\206\375$\343"
 3060      63D8532E 
 3060      6ACCB6ED 
 3060      6D8686FD 
 3060      24E3
 3061 0081 34D48E6B 		.ascii	"4\324\216k\205r\377\337\355jHL\226\203\245\311fT\010"
 3061      8572FFDF 
 3061      ED6A484C 
 3061      9683A5C9 
 3061      665408
 3062 0094 ECEBDAEA 		.ascii	"\354\353\332\352\330\377e@I>m\242\374\201D5Z\355\315"
 3062      D8FF6540 
 3062      493E6DA2 
 3062      FC814435 
 3062      5AEDCD
 3063 00a7 E2BD72F0 		.ascii	"\342\275r\360\363\322\244!\014\274S.\272D`\343\032\027"
 3063      F3D2A421 
 3063      0CBC532E 
 3063      BA4460E3 
 3063      1A17
 3064 00b9 BACFC0B8 		.ascii	"\272\317\300\270\346c\250\013\254\321ct\005\346={\371"
 3064      E663A80B 
 3064      ACD16374 
 3064      05E63D7B 
 3064      F9
 3065 00ca 63647FE7 		.ascii	"cd\177\347\317\003\265K\260\253uT8c\207\271w8\303\261"
 3065      CF03B54B 
 3065      B0AB7554 
 3065      386387B9 
 3065      7738C3B1 
 3066 00de 87573820 		.ascii	"\207W8 <I\3030I<\3116\326m{\341\362\254m\373Y\205s|"
 3066      3C49C330 
 3066      493CC936 
 3066      D66D7BE1 
 3066      F2AC6DFB 
 3067 00f6 05C2E024 		.ascii	"\005\302\340$p\002L*R+!i\3676\333H\344\013\327<;\201"
ARM GAS  C:\Users\acest\AppData\Local\Temp\cc7GpQc1.s 			page 92


 3067      70024C2A 
 3067      522B2169 
 3067      F736DB48 
 3067      E40BD73C 
 3068 010c DAFD7622 		.ascii	"\332\375v\"u+\304\230\317\363\010\011\261!\275>J\364"
 3068      752BC498 
 3068      CFF30809 
 3068      B121BD3E 
 3068      4AF4
 3069 011e 77A68BB5 		.ascii	"w\246\213\265Uc\306\256\027\206+\\\307\031\202\302\203"
 3069      5563C6AE 
 3069      17862B5C 
 3069      C71982C2 
 3069      83
 3070 012f E26B82A7 		.ascii	"\342k\202\247\226\302d\351S\033ytV!\371I\365\222\361"
 3070      96C264E9 
 3070      531B7974 
 3070      5621F949 
 3070      F592F1
 3071 0142 B566DF3F 		.ascii	"\265f\337?\022\234\202\004\177\323\013\226I\352\251"
 3071      129C8204 
 3071      7FD30B96 
 3071      49EAA9
 3072 0151 9FC31D3F 		.ascii	"\237\303\035?g/^\331m\330\027l\321\261d\367,\335\"\370"
 3072      672F5ED9 
 3072      6DD8176C 
 3072      D1B164F7 
 3072      2CDD22F8 
 3073 0165 54894EE8 		.ascii	"T\211N\3508G\312\323\222\353\177\202d\275ARr8O\362\267"
 3073      3847CAD3 
 3073      92EB7F82 
 3073      64BD4152 
 3073      72384FF2 
 3074 017a 2A3E5280 		.ascii	"*>R\200\266_4\364\272\375\357Z\311\256\337\356\257}"
 3074      B65F34F4 
 3074      BAFDEF5A 
 3074      C9AEDFEE 
 3074      AF7D
 3075 018c 7A70EDAA 		.ascii	"zp\355\252\366 \241NAH[\235\352\242\033\300,\002R7\000"
 3075      F620A14E 
 3075      41485B9D 
 3075      EAA21BC0 
 3075      2C025237 
 3076 01a1 5A0649E7 		.ascii	"Z\006I\347\013\311eH\236n\240\205\032X\342\254\325\256"
 3076      0BC96548 
 3076      9E6EA085 
 3076      1A58E2AC 
 3076      D5AE
 3077 01b3 6E865D67 		.ascii	"n\206]gl\212kJ\236 \371/\330\313\267\027\303\352\375"
 3077      6C8A6B4A 
 3077      9E20F92F 
 3077      D8CBB717 
 3077      C3EAFD
 3078 01c6 CF22E4FB 		.ascii	"\317\"\344\373\341\356\262\334\016\273\262\304\360\362"
 3078      E1EEB2DC 
 3078      0EBBB2C4 
 3078      F0F2
ARM GAS  C:\Users\acest\AppData\Local\Temp\cc7GpQc1.s 			page 93


 3079 01d4 64F307DE 		.ascii	"d\363\007\336\005\355kj\354:\362gV\203\016\037\364:"
 3079      05ED6B6A 
 3079      EC3AF267 
 3079      56830E1F 
 3079      F43A
 3080 01e6 EEA6FA89 		.ascii	"\356\246\372\211\034\252\276\012\357s\270\2019\260'"
 3080      1CAABE0A 
 3080      EF73B881 
 3080      39B027
 3081 01f5 DCADC0F7 		.ascii	"\334\255\300\3678\244\206\345:&f\336\235\207\303C\004"
 3081      38A486E5 
 3081      3A2666DE 
 3081      9D87C343 
 3081      04
 3082 0206 95380148 		.ascii	"\2258\001H\256Vq\016\035\374Jp\035\202\213.\001\001"
 3082      AE56710E 
 3082      1DFC4A70 
 3082      1D828B2E 
 3082      0101
 3083 0218 D92A0A57 		.ascii	"\331*\012W\317\217\221\344\342\335\021\234\342\342\307"
 3083      CF8F91E4 
 3083      E2DD119C 
 3083      E2E2C7
 3084 0227 E31FDD62 		.ascii	"\343\037\335b\335 \0174\271$\236..i\016\037Z'6Ry\354"
 3084      DD200F34 
 3084      B9249E2E 
 3084      2E690E1F 
 3084      5A273652 
 3085 023d 7E5C2676 		.ascii	"~\\&v\"*x&:\346!Y\362\303\324IBK\302\233\307\246[\215"
 3085      222A7826 
 3085      3AE62159 
 3085      F2C3D449 
 3085      424BC29B 
 3086 0255 43A00E29 		.ascii	"C\240\016)\372\233\015?\276\203[\206A\207w\006_\367"
 3086      FA9B0D3F 
 3086      BE835B86 
 3086      41877706 
 3086      5FF7
 3087 0267 CA4095F7 		.ascii	"\312@\225\367K??\271)\254\204\345\321\002y\321\230\313"
 3087      4B3F3FB9 
 3087      29AC84E5 
 3087      D10279D1 
 3087      98CB
 3088 0279 903FBA95 		.ascii	"\220?\272\225\232H@\267\015\015\217*\354p\275\207@t"
 3088      9A4840B7 
 3088      0D0D8F2A 
 3088      EC70BD87 
 3088      4074
 3089 028b 0854508D 		.ascii	"\010TP\215.^U\354Wm]W\2324\375\245cJ|n\203]\017\007"
 3089      2E5E55EC 
 3089      576D5D57 
 3089      9A34FDA5 
 3089      634A7C6E 
 3090 02a3 8F3DD403 		.ascii	"\217=\324\003\322\273\240\001\011Z$\020wA*\345\345\273"
 3090      D2BBA001 
 3090      095A2410 
 3090      77412AE5 
ARM GAS  C:\Users\acest\AppData\Local\Temp\cc7GpQc1.s 			page 94


 3090      E5BB
 3091 02b5 0D156AEB 		.ascii	"\015\025j\353\356\361\332g~\032h9\327nYhVY\013\205\243"
 3091      EEF1DA67 
 3091      7E1A6839 
 3091      D76E5968 
 3091      56590B85 
 3092 02ca 94FA8602 		.ascii	"\224\372\206\002\310e\3400\371\243\366\320\345\350\227"
 3092      C865E030 
 3092      F9A3F6D0 
 3092      E5E897
 3093 02d9 8E6E54E7 		.ascii	"\216nT\347\341\325\304\2707\032+[+\374\001\202\340\267"
 3093      E1D5C4B8 
 3093      371A2B5B 
 3093      2BFC0182 
 3093      E0B7
 3094 02eb DEFA0FE0 		.ascii	"\336\372\017\340w\362,\230\012\245:G\327.\210+\244\241"
 3094      77F22C98 
 3094      0AA53A47 
 3094      D72E882B 
 3094      A4A1
 3095 02fd 6FA1C4FB 		.ascii	"o\241\304\373\3406X\277\177\012?VSH\343\364\264\303"
 3095      E03658BF 
 3095      7F0A3F56 
 3095      5348E3F4 
 3095      B4C3
 3096 030f B9C303EE 		.ascii	"\271\303\003\3564\214\273\361\235\242\034\270B\311;"
 3096      348CBBF1 
 3096      9DA21CB8 
 3096      42C93B
 3097 031e 690B0F95 		.ascii	"i\013\017\225\337\306\324Q@1\354m\356\006e%\007ji\224"
 3097      DFC6D451 
 3097      4031EC6D 
 3097      EE066525 
 3097      076A6994 
 3098 0332 94B8A43C 		.ascii	"\224\270\244<\265\021p\370\200&(\033\256_\253\275\""
 3098      B51170F8 
 3098      8026281B 
 3098      AE5FABBD 
 3098      22
 3099 0343 4DA6B8D1 		.ascii	"M\246\270\321\27577\220\377\343\310\313j\352J\034J\235"
 3099      BD373790 
 3099      FFE3C8CB 
 3099      6AEA4A1C 
 3099      4A9D
 3100 0355 AFCBDDE3 		.ascii	"\257\313\335\343\243[\314\227\254D\3262_\213%\254\234"
 3100      A35BCC97 
 3100      AC44D632 
 3100      5F8B25AC 
 3100      9C
 3101 0366 F95CC27A 		.ascii	"\371\\\302z3\227\316\230/D\236\215\214F\2367\263\244"
 3101      3397CE98 
 3101      2F449E8D 
 3101      8C469E37 
 3101      B3A4
 3102 0378 7E35934D 		.ascii	"~5\223M\277\221\210\345\3303\221H\264\3677\272=9\226"
 3102      BF9188E5 
 3102      D8339148 
ARM GAS  C:\Users\acest\AppData\Local\Temp\cc7GpQc1.s 			page 95


 3102      B4F737BA 
 3102      3D3996
 3103 038b 7C31B72B 		.ascii	"|1\267+\236LGcRN[\233FFF\242i+\232\315E\255l\214\264"
 3103      9E4C4763 
 3103      524E5B9B 
 3103      464646A2 
 3103      692B9ACD 
 3104 03a4 56E2AD48 		.ascii	"V\342\255H\214iVf\310\223#c\257o\212?5\026\2173\354"
 3104      8C695666 
 3104      C8932363 
 3104      AF6F8A3F 
 3104      35168F33 
 3105 03b9 40E6C9D8 		.ascii	"@\346\311\330\026SA-Ec\366\320\230i\313\314\346\314"
 3105      1653412D 
 3105      4563F6D0 
 3105      9869CBCC 
 3105      E6CC
 3106 03cb E48E586A 		.ascii	"\344\216XjW<A')2\262\"\333\231\2663\363\037\267\317"
 3106      573C4127 
 3106      2932B222 
 3106      DB99B633 
 3106      F31FB7CF 
 3107 03df F66A     		.ascii	"\366j"
 3108              		.text
 3109              		.section	.gnu.lto_chSemSignalWait.345.b3bf91ae,"e",%progbits
 3110 0000 789C9556 		.ascii	"x\234\225VklTU\020>s\317>)]\267Z[-\210K\0151&\330\202"
 3110      6B6C5455 
 3110      103E73CF 
 3110      3E295DB7 
 3110      5A5B2D88 
 3111 001a 8A461315 		.ascii	"\212F\023\025\203&\376\320\304h\364\327FS\266\253TY"
 3111      8326FED0 
 3111      C468F4D7 
 3111      4653B6AB 
 3111      5459
 3112 002c B7EE5D54 		.ascii	"\267\356]T~q\335>\204\032)-\225*]J]WS5>P\304\"E\252"
 3112      7E71DD3E 
 3112      841A292D 
 3112      952A5D4A 
 3112      5D575335 
 3113 0046 05F10162 		.ascii	"\005\361\001b\013\245\272-\255\255\242\324\007\224\255"
 3113      0BA5BA2D 
 3113      ADADA2D4 
 3113      0794AD
 3114 0055 62D522CE 		.ascii	"b\325\"\316\234s\367\356\335\272\032$\344\356\275sf"
 3114      9C73F7EE 
 3114      DDBA1A24 
 3114      E4EEBD73 
 3114      66
 3115 0066 BE9933F3 		.ascii	"\276\2313\363\315L!\227\261\257\201\261\225\2141p0h"
 3115      CD4C2197 
 3115      B1AF81B1 
 3115      958C3170 
 3115      3068
 3116 0078 6CA85398 		.ascii	"l\250S\230\246i\213\355\212R\325\360\224\002;\341\344"
 3116      A6698BED 
 3116      8A52D5F0 
ARM GAS  C:\Users\acest\AppData\Local\Temp\cc7GpQc1.s 			page 96


 3116      94023BE1 
 3116      E4
 3117 0089 1FED6E4B 		.ascii	"\037\355nKu\203\253\276\246\277\324\302\241\311\320"
 3117      7583ABBE 
 3117      A6BFD4C2 
 3117      A1C9D0
 3118 0098 B0283552 		.ascii	"\260(5R\243i\260\265\310R\333\340\372\351\205\221y\026"
 3118      A369B0B5 
 3118      C852DBE0 
 3118      FAE98591 
 3118      7916
 3119 00aa 2B3437CC 		.ascii	"+47\314\020\3476|K\351\332\341\211\206\272\376\037\266"
 3119      10E7367C 
 3119      4BE9DAE1 
 3119      8986BAFE 
 3119      1FB6
 3120 00bc 5A505D08 		.ascii	"ZP]\010\200\255R\270\305j\263\303*X\317\243\034\032"
 3120      80AD52B8 
 3120      C56AB3C3 
 3120      2A58CFA3 
 3120      1C1A
 3121 00ce 799C33B0 		.ascii	"y\2343\260\350o\000\236\313Po\362h\363\361\037!\332"
 3121      E86F009E 
 3121      CB506FF2 
 3121      68F3F11F 
 3121      21DA
 3122 00e0 DE658973 		.ascii	"\336e\211s\205\265\242\302;\000[1^\306P\221W\260K\273"
 3122      85B5A2C2 
 3122      3B005B31 
 3122      5EC65091 
 3122      57B04BBB 
 3123 00f4 34ED8B7D 		.ascii	"4\355\213}\035\232\346dq\316\341]0\351\240 \240\271"
 3123      1D9AE664 
 3123      71CEE15D 
 3123      30E9A020 
 3123      A0B9
 3124 0106 496F95D4 		.ascii	"Io\225\324;n\350m\237\256\367\264[\"V\001\375\314C\327"
 3124      3B6EE86D 
 3124      9FAEF7B4 
 3124      5B225601 
 3124      FDCC43D7 
 3125 011a E3275EAD 		.ascii	"\343'^\255u\255{\302\201\216a\007d\270\016lt\333\030"
 3125      75AD7BC2 
 3125      818E6107 
 3125      64B80E6C 
 3125      74DB18
 3126 012d 740205C4 		.ascii	"t\002\005\304\230\025\015l\014\337\001\336\027\3266"
 3126      98150D6C 
 3126      0CDF01DE 
 3126      17D636
 3127 013c B4EE3874 		.ascii	"\264\3568t5\303\253\266b\324\272$Z_\363+Z\355B\031\027"
 3127      35C3ABB6 
 3127      62D4BA24 
 3127      5A5FF32B 
 3127      5AED4219 
 3128 0151 AEB60B65 		.ascii	"\256\266\013e\012l\262q\355\300\201\242\250F\267\264"
 3128      0A6CB271 
ARM GAS  C:\Users\acest\AppData\Local\Temp\cc7GpQc1.s 			page 97


 3128      EDC081A2 
 3128      A846B7B4 
 3129 0161 C0074050 		.ascii	"\300\007@P\322\031|\010(\012\254)\240\240H\263\263q"
 3129      D2197C08 
 3129      280AAC29 
 3129      A0A048B3 
 3129      B371
 3130 0173 D7F6F9DD 		.ascii	"\327\366\371\335U\332\307\232\241\313\322\2722-\344"
 3130      55DAC79A 
 3130      A1CBD2BA 
 3130      322DE4
 3131 0182 6DF2DBA8 		.ascii	"m\362\333\250\015\272Q\330Eh\014\343\203\335\251\370"
 3131      0DBA51D8 
 3131      45680CE3 
 3131      83DDA9F8 
 3132 0192 F8011194 		.ascii	"\370\001\021\224\300\353\335\260}\314\216\236\253=q"
 3132      C0EBDDB0 
 3132      7DCC8E9E 
 3132      AB3D71
 3133 01a1 6E858F50 		.ascii	"n\205\217P\331\222\202\333\213p\201#\005\342v\364AG"
 3133      D99282DB 
 3133      8B708123 
 3133      05E276F4 
 3133      4147
 3134 01b3 1F4B801A 		.ascii	"\037K\200\032\236\012}\274c\315f\327: \343O\314\306"
 3134      9E0A7DBC 
 3134      63CD66D7 
 3134      3A20E34F 
 3134      CCC6
 3135 01c5 9F9228D0 		.ascii	"\237\222(\320c\304\375\376\311\241\265v\031\265\324"
 3135      63C4FDFE 
 3135      C9A1B576 
 3135      19B5D4
 3136 01d4 64694D53 		.ascii	"diMS\324{6X\3413\220\231\263\374G\220\314\034$\336\016"
 3136      D47B3658 
 3136      E1339099 
 3136      B3FC4790 
 3136      CC1C24DE 
 3137 01e9 F6E3FB3E 		.ascii	"\366\343\373>\320\343#\250\316\341\237\336\340\022\310"
 3137      D0E323A8 
 3137      CEE19FDE 
 3137      E012C8
 3138 01f8 9A2EC19E 		.ascii	"\232.\301\236A\324=\2002\033Kg\264\345\2542\332\321"
 3138      41D43D80 
 3138      321B4B67 
 3138      B4E5AC32 
 3138      DAD1
 3139 020a 8719ED41 		.ascii	"\207\031\355A\341\027FF{\215\212S\371\355pHfg5g\351"
 3139      E1174646 
 3139      7B8D8A53 
 3139      F9ED7048 
 3139      66673567 
 3140 021f 6B1FBB41 		.ascii	"k\037\273A\017\334\006}\323X\264\305-s{X\\\230\005\336"
 3140      0FDC067D 
 3140      D358B4C5 
 3140      2D737B58 
 3140      5C9805DE 
ARM GAS  C:\Users\acest\AppData\Local\Temp\cc7GpQc1.s 			page 98


 3141 0233 74EBAEDA 		.ascii	"t\353\256\332g3\350Ge\273\360\362%\350\300\302\213\003"
 3141      6733E847 
 3141      65BBF0F2 
 3141      25E8C0C2 
 3141      8B03
 3142 0245 1269DEF4 		.ascii	"\022i\336\364nX\273F\347\215\314\252#\025\371\200\310"
 3142      6E58BB46 
 3142      E78DCCAA 
 3142      2315F980 
 3142      C8
 3143 0256 FFA9B3C8 		.ascii	"\377\251\263\310\377\200~G\003\260\370\203*\355\326"
 3143      FF807E47 
 3143      03B0F883 
 3143      2AEDD6
 3144 0265 54A20DC0 		.ascii	"T\242\015\300#\0020R\230\0250\243$G\314\005\335{\017"
 3144      23023052 
 3144      981530A3 
 3144      2447CC05 
 3144      DD7B0F
 3145 0278 0C010C82 		.ascii	"\014\001\014\202\274\220C\\h\030\350\016\250\245`\017"
 3145      BC90435C 
 3145      6818E80E 
 3145      A8A5600F 
 3146 0288 61E5DEE8 		.ascii	"a\345\336\350\265viSg\3525\355\267{\377\234z%\347\022"
 3146      B5766953 
 3146      67EA35ED 
 3146      B77BFF9C 
 3146      7A25E712 
 3147 029c 3BB6A4D5 		.ascii	";\266\244\325\201\017\333Lj\263\\\372tQ\215\363\000"
 3147      810FDB4C 
 3147      6AB35CFA 
 3147      74518DF3 
 3147      00
 3148 02ad DE837C80 		.ascii	"\336\203|\200\016(\244\203Yx`\237M\217\213He\016Y\\"
 3148      0E28A483 
 3148      5978609F 
 3148      4D8F8B48 
 3148      650E595C 
 3149 02c1 4C9F1E7A 		.ascii	"L\237\036z\314%Y1=\030\253\3474\2064\013h]\214\255\343"
 3149      CC255931 
 3149      3D18ABE7 
 3149      3486340B 
 3149      685D8CAD 
 3150 02d6 8AFCA8C2 		.ascii	"\212\374\250\302\217\037@\033\035\356\007\361\233,\244"
 3150      8F1F401B 
 3150      1DEE07F1 
 3150      9B2CA4
 3151 02e5 9F62E331 		.ascii	"\237b\3431zJ\010&v6\015m\334\000\310\033!\234H8\205"
 3151      7A4A0826 
 3151      76360D6D 
 3151      DC00C81B 
 3151      219C4838 
 3152 02fa D9C4EFF1 		.ascii	"\331\304\357\361m\311/\317C>\010q_\362Y y\304\203,\241"
 3152      6DC92FCF 
 3152      433E0871 
 3152      5FF25920 
 3152      79C4832C 
ARM GAS  C:\Users\acest\AppData\Local\Temp\cc7GpQc1.s 			page 99


 3153 030f 11668105 		.ascii	"\021f\201\005B\355\305\350\266\341M\200d\021j;\206\235"
 3153      42EDC5E8 
 3153      B6E14D80 
 3153      64116A3B 
 3153      869D
 3154 0321 7010D809 		.ascii	"p\020\330\011\210\024S\016\352i\364\315m\343\2658g\034"
 3154      8814530E 
 3154      EA69F4CD 
 3154      6DE3B538 
 3154      671C
 3155 0333 F86AA139 		.ascii	"\370j\2419<\012\014\177\341\033\200\021Q\353\271/\210"
 3155      3C0A0C7F 
 3155      E11B8011 
 3155      51EBB92F 
 3155      88
 3156 0344 73A7383C 		.ascii	"s\2478<*\275\214O\306\017%q`\367\210O-\271\263\351\227"
 3156      2ABD8C4F 
 3156      C60F2571 
 3156      60F7884F 
 3156      2DB9B3E9 
 3157 0359 C43CE1E1 		.ascii	"\304<\341\341\267D\201\220\234\376p\327\355\304\253"
 3157      B7448190 
 3157      9CFE70D7 
 3157      EDC4AB
 3158 0368 CC2BFD35 		.ascii	"\314+\3755\375\216ME\3548D:_v\305\370,}\370r\341\365"
 3158      FD8E4D45 
 3158      EC38443A 
 3158      5F76C5F8 
 3158      2C7DF872 
 3159 037e 251AD4E8 		.ascii	"%\032\324\350vF\214\347\303\367\300\026\310\317\034"
 3159      76468CE7 
 3159      C3F7C016 
 3159      C8CF1C
 3160 038d 38069B68 		.ascii	"8\006\233h\356\241YU\264\366\372\030\237\215\226d\226"
 3160      EEA15955 
 3160      B4F6FA18 
 3160      9F8D9664 
 3160      96
 3161 039e 034050E3 		.ascii	"\003@P\343u\213R\326\355\256,\346?Js\264ccP=\330]\204"
 3161      758B52D6 
 3161      EDAE2CE6 
 3161      3F4A73B4 
 3161      6363503D 
 3162 03b5 6FD29C89 		.ascii	"o\322\234\211\177\3538_\335\2777\002Fy\232\023\012\341"
 3162      7FEB385F 
 3162      DDBF3702 
 3162      46799A13 
 3162      0AE1
 3163 03c7 36D5ED57 		.ascii	"6\325\355Wb\374\242,\221\241HG\237\011\307\021\035\201"
 3163      62FCA22C 
 3163      91A14847 
 3163      9F09C711 
 3163      1D81
 3164 03d9 AA75152B 		.ascii	"\252u\025+\234HU\3453@kY\221\327\306{\261\"\373\364"
 3164      9C4855E5 
 3164      33406B59 
 3164      91D7C67B 
ARM GAS  C:\Users\acest\AppData\Local\Temp\cc7GpQc1.s 			page 100


 3164      B122FBF4 
 3165 03ed 7AF63AE1 		.ascii	"z\366:\341s\021y\347\33091\356\322\223`\325\223\200"
 3165      731179E7 
 3165      D83931EE 
 3165      D29360D5 
 3165      9380
 3166 03ff 049A497E 		.ascii	"\004\232I~N\312+\034+\240\243$zQ\230D\210\264\335\210"
 3166      4ECA2B1C 
 3166      2BA0A324 
 3166      7A519844 
 3166      88B4DD88 
 3167 0413 D4444399 		.ascii	"\324DC\231\375^\035\252 \306sM\000\256\024\200\010\352"
 3167      FD5E1DAA 
 3167      20C6734D 
 3167      00AE1480 
 3167      08EA
 3168 0425 17C35E24 		.ascii	"\027\303^$\254O\311\352J!\325S)U\304\023\036~\227\036"
 3168      AC4FC9EA 
 3168      4A21D553 
 3168      2955C413 
 3168      1E7E971E 
 3169 0439 36BE7CBE 		.ascii	"6\276|\276\311(\3270\312%\243I4\342\322H\\y\364\264"
 3169      C928D730 
 3169      CA25A349 
 3169      34E2D248 
 3169      5C79F4B4 
 3170 044d A05F64FC 		.ascii	"\240_d\374\364[=/:\221\0254eeZpr\262q\250n\313\211\361"
 3170      F45B3D2F 
 3170      3A911534 
 3170      65655A70 
 3170      72B271A8 
 3171 0465 39D5802E 		.ascii	"9\325\200.s[\271\223\312\203\265s\221\243\344\261}\240"
 3171      735BB993 
 3171      CA83B573 
 3171      91A3E4B1 
 3171      7DA0
 3172 0477 E7C49626 		.ascii	"\347\304\226&F\373\215q\216\331\232\003\177\232\363"
 3172      46FB8D71 
 3172      8ED99A03 
 3172      7F9AF3
 3173 0486 EF8629F4 		.ascii	"\357\206)\364\214<\025\241\354\006Z\236\247Q\202-H\366"
 3173      8C3C15A1 
 3173      EC065A9E 
 3173      A751822D 
 3173      48F6
 3174 0498 769005B6 		.ascii	"v\220\005\266d\366_K\002\014\016^\234Y\337\274\014\352"
 3174      64F65F4B 
 3174      020C0E5E 
 3174      9C59DFBC 
 3174      0CEA
 3175 04aa 684A26F3 		.ascii	"hJ&\363<\250/\251\263*;\3632\315\253\024\235y\036b\336"
 3175      3CA82FA9 
 3175      B32A3BF3 
 3175      32CDAB14 
 3175      9D791E62 
 3176 04bf 0031CF03 		.ascii	"\0001\317\003?\203\316:k\333\310\257=i\326mJ\314\000"
 3176      3F83CE3A 
ARM GAS  C:\Users\acest\AppData\Local\Temp\cc7GpQc1.s 			page 101


 3176      6BDBC8AF 
 3176      3D69D66D 
 3176      4ACC00
 3177 04d2 3917267E 		.ascii	"9\027&~\336\2268\034\005\034\304rZ\034v\302Wz\300\271"
 3177      DE96381C 
 3177      051CC472 
 3177      5A1C76C2 
 3177      577AC0B9 
 3178 04e6 31D1B514 		.ascii	"1\321\265\024C\236\310\203\310`^;g\006y\316\205Z\005"
 3178      439EC883 
 3178      C8605E3B 
 3178      670679CE 
 3178      855A05
 3179 04f9 6A145392 		.ascii	"j\024S\222\316\203'1\020\033Mv]b\203\325(\2613\351\002"
 3179      CE832731 
 3179      101B4D76 
 3179      5D6283D5 
 3179      28B133E9 
 3180 050e AB34DA33 		.ascii	"\2534\3323\342D\357\270\032\320\201\360\2729\325\004"
 3180      E244EFB8 
 3180      1AD081F0 
 3180      BA39D504 
 3181 051e 28999B25 		.ascii	"(\231\233%G\346\036\250S\246\365\300S\0123\214\213M"
 3181      47E61EA8 
 3181      53A6F5C0 
 3181      530A338C 
 3181      8B4D
 3182 0530 C6584047 		.ascii	"\306X@Gf\001\363\341i4v\260\014\274\265(r\232\361\352"
 3182      6601F3E1 
 3182      693476B0 
 3182      0CBCB528 
 3182      729AF1EA 
 3183 0544 159D3C83 		.ascii	"\025\235<\203\024\215|\035\"l\275\275\242\2158.\207"
 3183      148D7C1D 
 3183      226CBDBD 
 3183      A28D382E 
 3183      87
 3184 0555 65BAB660 		.ascii	"e\272\266`{}-\031;\226ob\254#\305\330vA\363\006E\320"
 3184      7B7D2D19 
 3184      3B966F62 
 3184      AC23C5D8 
 3184      7641F306 
 3185 056b 7C5807D4 		.ascii	"|X\007\324F\33765\222\335d\227\227\321H\353\025A\364"
 3185      46DF3635 
 3185      92DD6497 
 3185      97D148EB 
 3185      1541F4
 3186 057e 61BD91F6 		.ascii	"a\275\221\366+\377\356\341\231\224*\342\011\017\357"
 3186      2BFFEEE1 
 3186      99942AE2 
 3186      090FEF
 3187 058d F46609CB 		.ascii	"\364f\011\313n\030\211FjN\207%\307\345\273\331\214\362"
 3187      6E188946 
 3187      6A4E8725 
 3187      C7E5BBD9 
 3187      8CF2
 3188 059f 325BF6B9 		.ascii	"2[\366\271\264\247bQ\317\251d\217\225\3129\230j\272"
ARM GAS  C:\Users\acest\AppData\Local\Temp\cc7GpQc1.s 			page 102


 3188      B4A76251 
 3188      CFA9648F 
 3188      95CA3998 
 3188      6ABA
 3189 05b1 2139B547 		.ascii	"!9\265G\337,\222\255\\\230*\012\265\357?\253\342\206"
 3189      DF2C92AD 
 3189      5C982A0A 
 3189      B5EF3FAB 
 3189      E286
 3190 05c3 16C568AB 		.ascii	"\026\305h\253\366s\342\374|\210\242`\006q9Of\013\351"
 3190      F673E2FC 
 3190      7C88A260 
 3190      0671394F 
 3190      660BE9
 3191 05d6 815DEC61 		.ascii	"\201]\354a\202\200\005\255tF\254,\004k\234_ T\266\312"
 3191      828005AD 
 3191      7446AC2C 
 3191      046B9C5F 
 3191      2054B6CA 
 3192 05ea 413F86F1 		.ascii	"A?\206\361\3164\334\345gw\327frW@M\374\274\"\232X\214"
 3192      CE34DCE5 
 3192      6777D766 
 3192      7257404D 
 3192      FCBC229A 
 3193 0600 BB2B71F5 		.ascii	"\273+q\365\"\206h\032\333Hk\335\353\212\3214;\260ip"
 3193      2286681A 
 3193      DB486BDD 
 3193      EB8AD134 
 3193      3BB06970 
 3194 0614 E58C4395 		.ascii	"\345\214C\225\036\311\205\255<\207\376\302.\022\307"
 3194      1EC985AD 
 3194      3C87FEC2 
 3194      2E12C7
 3195 0623 9D450600 		.ascii	"\235E\006\000\234\001\001`7\217\202\310b&\260\305\216"
 3195      9C010160 
 3195      378F82C8 
 3195      6226B0C5 
 3195      8E
 3196 0634 1AED4938 		.ascii	"\032\355I8\365\375\205\033xc\013Rj\227\244\324\346\201"
 3196      F5FD851B 
 3196      78630B52 
 3196      6A97A4D4 
 3196      E681
 3197 0646 663D7F5B 		.ascii	"f=\177[Z\344\316\33390}\317\035\232\245\357\350\277"
 3197      5AE4CEDB 
 3197      39307DCF 
 3197      1D9AA5EF 
 3197      E8BF
 3198 0658 68477749 		.ascii	"hGwI\303\365\023\306\216\356\326w43\357\350\335\351"
 3198      C3F513C6 
 3198      8EEED677 
 3198      3433EFE8 
 3198      DDE9
 3199 066a 1DBDC7BC 		.ascii	"\035\275\307\274\243\365m\034W\330\264\025\3348\201"
 3199      A3F56D1C 
 3199      57D8B415 
 3199      DC3881
ARM GAS  C:\Users\acest\AppData\Local\Temp\cc7GpQc1.s 			page 103


 3200 0679 2BB85B5F 		.ascii	"+\270[_\301S\261>+\005\234\304+.\242K0\366\007\024b"
 3200      C153B13E 
 3200      2B059CC4 
 3200      2B2EA24B 
 3200      30F60714 
 3201 068e A6ACAF1F 		.ascii	"\246\254\257\037<\352\240\372\237\001\333w\007\205N"
 3201      3CEAA0FA 
 3201      9F01DB77 
 3201      07854E
 3202 069d 3D0779F1 		.ascii	"=\007y\361H\027M\237\371K\256\363\336\255\372C\252\267"
 3202      48174D9F 
 3202      F94BAEF3 
 3202      DEADFA43 
 3202      AAB7
 3203 06af CCE757C3 		.ascii	"\314\347W\303\336\233\375\352C\341`\245\367\316\222"
 3203      DE9BFDEA 
 3203      43E160A5 
 3203      F7CE92
 3204 06be 9B4A9694 		.ascii	"\233J\226\224\334\342\015\241\370\276\312P\360A\277"
 3204      DCE20DA1 
 3204      F8BECA50 
 3204      F041BF
 3205 06cd 2FCCAE2D 		.ascii	"/\314\256-))5\377_\262\254bi\305]\341\025\345\025\301"
 3205      292935FF 
 3205      5FB2AC62 
 3205      69C55DE1 
 3205      15E515C1 
 3206 06e1 521FBD07 		.ascii	"R\037\275\007\325+\026.\\X\032TKC\341R5\344C\251\352"
 3206      D52B162E 
 3206      5C581A54 
 3206      4B43E152 
 3206      35E443A9 
 3207 06f6 0F94F818 		.ascii	"\017\224\370\030W+\325<\375\243d\351\375W\224_\265\264"
 3207      572BD53C 
 3207      FDA364E9 
 3207      FD57945F 
 3207      B5B4
 3208 0708 BC9CA48F 		.ascii	"\274\234\244\217\361\200\372\300B\337u^a\257\012,\257"
 3208      F180FAC0 
 3208      42DF755E 
 3208      61AF0A2C 
 3208      AF
 3209 0719 09CB1B54 		.ascii	"\011\313\033T\275\241\260\267\342a\337\362\025\345~"
 3209      BDA1B0B7 
 3209      E261DFF2 
 3209      15E57E
 3210 0728 3C5157AA 		.ascii	"<QW\252%\313\230}i\231\352\277#Tq\333\177[\372\202\201"
 3210      25CB987D 
 3210      6999EABF 
 3210      235471DB 
 3210      7F5BFA82 
 3211 073d 40F061AF 		.ascii	"@\360a\257\377\361\260\267,\024\360\372\002j\005\011"
 3211      FFF1B0B7 
 3211      2C14F0FA 
 3211      026A0509 
 3212 074d 43FE3420 		.ascii	"C\3764 \211\356{\300\347C\320\305g\005V\031\014\205"
 3212      89EE7BC0 
ARM GAS  C:\Users\acest\AppData\Local\Temp\cc7GpQc1.s 			page 104


 3212      E743D0C5 
 3212      67055619 
 3212      0C85
 3213 075f 55827BF4 		.ascii	"U\202{\364\232\313\003\227\227-\017\243\036A\"\000T"
 3213      9ACB0397 
 3213      972D0FA3 
 3213      1E412200 
 3213      54
 3214 0770 5EF93F6E 		.ascii	"^\371?n\262\034\225\350.\312#\2256\337\212P(\\\351\276"
 3214      B21C95E8 
 3214      2ECA2395 
 3214      36DF8A50 
 3214      285CE9BE 
 3215 0784 FDAE3B3D 		.ascii	"\375\256;=t\263\312P\305|\317\274\005L\0111{\300\037"
 3215      74B3CA50 
 3215      C57CCFBC 
 3215      054C0931 
 3215      7BC01F
 3216 0797 088656B2 		.ascii	"\010\206V\262E\377\0039\274,\344/+'\354\277\001\202"
 3216      45FF0339 
 3216      BC2CE42F 
 3216      2B27ECBF 
 3216      0182
 3217 07a9 2DD40E   		.ascii	"-\324\016"
 3218              		.text
 3219              		.section	.gnu.lto_chSemWaitS.part.0.367.b3bf91ae,"e",%progbits
 3220 0000 789C9554 		.ascii	"x\234\225T]h\034U\024\276\337\2753\273\331j66\321\024"
 3220      5D681C55 
 3220      14BEDFBD 
 3220      33BBD96A 
 3220      3636D114 
 3221 0014 C4872014 		.ascii	"\304\207 \024i\221]S\177\300<U\242\340\263\305\267\001"
 3221      69915D53 
 3221      7FC03C55 
 3221      A2E0B3C5 
 3221      B701
 3222 0026 69765712 		.ascii	"ivW\022]\335ug\363j\247k\212\270B\263m\203\225\262\366"
 3222      5DDD7567 
 3222      F36AA76B 
 3222      8AB842B3 
 3222      6D8395B2 
 3223 003b 212CB245 		.ascii	"!,\262E\244\212\266\2465\266\251\177M\177\022\352\212"
 3223      A48AB6A6 
 3223      35B6A97F 
 3223      4D7F12EA 
 3223      8A
 3224 004c 11235A1B 		.ascii	"\021#Z\033\254\246}h\203\001I%R\317\271wfw\002\315\203"
 3224      ACA67D68 
 3224      83014925 
 3224      52CFB977 
 3224      667702CD 
 3225 0061 B07BE7CC 		.ascii	"\260{\347\314\271\347|\337w\316=w\236\210\010\261,\204"
 3225      B9E77CDF 
 3225      77CE3D77 
 3225      9E8808B1 
 3225      2C84
 3226 0073 E8A33F6C 		.ascii	"\350\243?l\201\2616\341y\336\366\250\205N\375\2248\260"
ARM GAS  C:\Users\acest\AppData\Local\Temp\cc7GpQc1.s 			page 105


 3226      81B136E1 
 3226      79DEF6A8 
 3226      854EFD94 
 3226      38B0
 3227 0085 AF7CF3C4 		.ascii	"\257|\363\304\274\205/\241\035\012\273\367\225\245\011"
 3227      BC852FA1 
 3227      1D0ABBF7 
 3227      95A509
 3228 0094 82D86549 		.ascii	"\202\330eI\205]8\240\252\012\373UM\011X\276\005\364"
 3228      855D38A0 
 3228      AA0AFB55 
 3228      4D0958BE 
 3228      05F4
 3229 00a6 90B585E2 		.ascii	"\220\265\205\342V\256\036\274}\025\325\372\224USR\034"
 3229      56AE1EBC 
 3229      7D15D5FA 
 3229      94555352 
 3229      1C
 3230 00b7 A69863C0 		.ascii	"\246\230c\300\247 B\301\333\225\326\016\374\035\034"
 3230      A72042C1 
 3230      DB95D60E 
 3230      FC1D1C
 3231 00c6 A75DCA56 		.ascii	"\247]\312VC\274>4\345y\227NOx^L\324\224\302\004Z\020"
 3231      43BC3E34 
 3231      E579974E 
 3231      4F785E4C 
 3231      D494C204 
 3232 00dc 38017265 		.ascii	"8\001re'\2728\246R\365\030\310D`M\204\320pT*\247~\016"
 3232      27BA38A6 
 3232      52F518C8 
 3232      44604D84 
 3232      D070542A 
 3233 00f3 A12DB025 		.ascii	"\241-\260%\003\277\304\027\320\234\257\363\272\231\360"
 3233      03BFC417 
 3233      D09CAFF3 
 3233      BA99F0
 3234 0102 96DEFDF3 		.ascii	"\226\336\375\363\315xew[MY8\025&=M\352\2623]:\223_\010"
 3234      CD786577 
 3234      5B4D5938 
 3234      15263D4D 
 3234      EAB2335D 
 3235 011a 0753C85E 		.ascii	"\007S\310^\354\362\023Y\310H\217\010\362\020\3163:p"
 3235      ECF21359 
 3235      C8488F08 
 3235      F210CE33 
 3235      3A70
 3236 012c 865E2739 		.ascii	"\206^'9K\277S\027\352\017\010\3520\311`m\370\012\276"
 3236      4BBF5317 
 3236      EA0F08EA 
 3236      30C9606D 
 3236      F80ABE
 3237 013f 1A2D4DE1 		.ascii	"\032-M\341\033#m\017\202~\254|T\336\373\326\375\246"
 3237      1B236D0F 
 3237      827EAC7C 
 3237      54DEFBD6 
 3237      FDA6
 3238 0151 601BDF82 		.ascii	"`\033\337\202\203|\226\263T\260\235\375\273\333\027"
ARM GAS  C:\Users\acest\AppData\Local\Temp\cc7GpQc1.s 			page 106


 3238      837C96B3 
 3238      54B09DFD 
 3238      BBDB17
 3239 0160 B372EAD6 		.ascii	"\263r\352\326\321\275Qo\332kF\242\025i\364\250\311\265"
 3239      D1BD516F 
 3239      DA6B46A2 
 3239      1569F4A8 
 3239      C9B5
 3240 0172 B80F9E79 		.ascii	"\270\017\236y\303{\226\243\317\205q\317k\334\322\246"
 3240      C37B96A3 
 3240      CF8571CF 
 3240      6BDCD2A6 
 3241 0182 3BE29E0B 		.ascii	";\342\236\013\343\236\017\352\244\272&fv\340\0020\015"
 3241      E39E0FEA 
 3241      A4BA2666 
 3241      76E00230 
 3241      0D
 3242 0193 539ED2E5 		.ascii	"S\236\322\345]\004WDQ\334\375-\014\266\372\366\207\037"
 3242      5D045744 
 3242      51DCFD2D 
 3242      0CB6FAF6 
 3242      871F
 3243 01a5 C4CD2058 		.ascii	"\304\315 X\3720\232#\262yj\304\347\332\243\271\254\360"
 3243      FA309A23 
 3243      B2796AC4 
 3243      E7DAA3B9 
 3243      ACF0
 3244 01b7 9CCC7208 		.ascii	"\234\314r\0105\363h\303\366\274\325\333\243\2367\271"
 3244      35F368C3 
 3244      F6BCD5DB 
 3244      A39E37B9 
 3245 01c7 B5AB03DC 		.ascii	"\265\253\003\334z\011\234\204\"\313\266x\261y\211\320"
 3245      7A099C84 
 3245      22CBB678 
 3245      B17989D0 
 3246 01d7 1289F222 		.ascii	"\022\211\362\"\304\250\342\031\366,\260i\031S\211\212"
 3246      C4A8E219 
 3246      F62CB069 
 3246      1953898A 
 3247 01e7 9281791D 		.ascii	"\222\201y\035\336\302\307\263\033H6\233\313\267\016"
 3247      DEC2C7B3 
 3247      1B48369B 
 3247      CBB70E
 3248 01f6 CECF5541 		.ascii	"\316\317UA'\2437.\317\305\3605\304\015\224&\217\264"
 3248      27A3372E 
 3248      CFC5F035 
 3248      C40D9426 
 3248      8FB4
 3249 0208 8F2BF843 		.ascii	"\217+\370C\037\325\215\034\201$\263\256t\023\336g5m"
 3249      1FD58D1C 
 3249      8124B3AE 
 3249      7413DE67 
 3249      356D
 3250 021a F80EB8A4 		.ascii	"\370\016\270\2447\037!x\032\251\030\032xO\351\243\366"
 3250      371F2178 
 3250      1AA9181A 
 3250      784FE9A3 
ARM GAS  C:\Users\acest\AppData\Local\Temp\cc7GpQc1.s 			page 107


 3250      F6
 3251 022b 3D16BE27 		.ascii	"=\026\276'\017\204\241(-\375[Z\376-F\354T\036\021h\326"
 3251      0F84A128 
 3251      2DFD5B5A 
 3251      FE2D46EC 
 3251      541E1168 
 3252 0240 4F662553 		.ascii	"Of%S\036:\262\311\347\263\320\244\330@A\370\241I\261"
 3252      1E3AB2C9 
 3252      E7B3D0A4 
 3252      D84041F8 
 3252      A149B1
 3253 0253 D85E5377 		.ascii	"\330^Swa\216\020\245\020\354\250w\324\324\335\370\221"
 3253      618E10A5 
 3253      10ECA877 
 3253      D4D4DDF8 
 3253      91
 3254 0264 1CC43A4E 		.ascii	"\034\304:N^\006<f\000\307\312D\021\\a\325\302\244\312"
 3254      5E063C66 
 3254      00C7CA44 
 3254      115C61D5 
 3254      C2A4CA
 3255 0277 247E0ACB 		.ascii	"$~\012\313\216c\236\020,!F`\0346~\246\016\006\030\326"
 3255      8E639E10 
 3255      2C214660 
 3255      1C367EA6 
 3255      0E0618D6 
 3256 028b 3A6A28B0 		.ascii	":j(\260\003\277P\246-\326\200\375J\256H\030\3542\201"
 3256      03BF50A6 
 3256      2DD680FD 
 3256      4AAE4818 
 3256      EC3281
 3257 029e 51F13D34 		.ascii	"Q\361=40\244\310\230\027\030X\237\301\225\261\352\376"
 3257      30A4C898 
 3257      1718589F 
 3257      C195B1EA 
 3257      FE
 3258 02af 7740E363 		.ascii	"w@\343c\016\247\021\303\214>\203C\327\356\365\305\333"
 3258      0EA711C3 
 3258      8C3E8343 
 3258      D7EEF5C5 
 3258      DB
 3259 02c0 2DF17196 		.ascii	"-\361q\226p\005\246x\311[\013\304\026\345\3513\320\324"
 3259      7005A678 
 3259      C95B0BC4 
 3259      16E5E933 
 3259      D0D4
 3260 02d2 CF8639C2 		.ascii	"\317\2069\302k\335\343\312\016\345\311 Ok\372\235\322"
 3260      6BDDE3CA 
 3260      0EE5C920 
 3260      4F6BFA9D 
 3260      D2
 3261 02e3 DA388D63 		.ascii	"\3328\215c\227\3123r}\206?\202P\3023\015n\204\004\006"
 3261      97CA3372 
 3261      7D863F82 
 3261      50C2330D 
 3261      6E840406 
 3262 02f7 497633A9 		.ascii	"Iv3\251\235\223\026[\262t\231\013\237\335)\251\251i"
ARM GAS  C:\Users\acest\AppData\Local\Temp\cc7GpQc1.s 			page 108


 3262      9D93165B 
 3262      B274990B 
 3262      9FDD29A9 
 3262      A969
 3263 0309 51335D6F 		.ascii	"Q3]o1Yz\\V\307\227\371\033\3157-h\233\320h\307\343b"
 3263      31597A5C 
 3263      56C797F9 
 3263      1BCD372D 
 3263      689BD068 
 3264 0320 09F439D2 		.ascii	"\011\3649\322Sy\317a><\356\324F\3305\325\251#N\306\233"
 3264      5379CF61 
 3264      3E3CEED4 
 3264      46D835D5 
 3264      A9234EC6 
 3265 0335 5D88AC73 		.ascii	"]\210\254s\200\365\373x\234n\264\306i\261\233>\331\270"
 3265      80F5FB78 
 3265      9C6EB4C6 
 3265      69B19B3E 
 3265      D9B8
 3266 0347 498E185D 		.ascii	"I\216\030]\301\212\364\246-~*\025\\\237\277P\332Ns\026"
 3266      C18AF4A6 
 3266      2D7E2A15 
 3266      5C9FBF50 
 3266      DA4E7316 
 3267 035b 25EF3F88 		.ascii	"%\357?\210\022\262\354\344\2534\252`\"\010G<\334\337"
 3267      12B2ECE4 
 3267      AB34AA60 
 3267      2208473C 
 3267      DCDF
 3268 036d E73CEF66 		.ascii	"\347<\357f\012\256\2633\225q\213\316\323\031\367\345"
 3268      0AAEB333 
 3268      95718BCE 
 3268      D319F7E5 
 3269 037d 622EEF3C 		.ascii	"b.\357<\227x*\321\237x\306)\220\373\205|!\367R&U\024"
 3269      97782AD1 
 3269      9F78C629 
 3269      90FB857C 
 3269      21F75226 
 3270 0393 4F2612C9 		.ascii	"O&\022\311\360\257\177ph`hGq8=\224K\246\330\316\271"
 3270      F0AF7F70 
 3270      68606847 
 3270      71383D94 
 3270      4BA6D8CE 
 3271 03a8 DB7A7B7B 		.ascii	"\333z{{\22397Y(&\335B\212\274n\346\225DJH7\277\321\267"
 3271      93393759 
 3271      2826DD42 
 3271      8ABC6EE6 
 3271      95444A48 
 3272 03c0 13032F6E 		.ascii	"\023\003/nK?6\220N\213Hj\270P(\346\345k\371GS}\216\006"
 3272      4B3F3690 
 3272      4E8B486A 
 3272      B85028E6 
 3272      E56BF947 
 3273 03d8 70359813 		.ascii	"p5\230\023\002sr\256S(:C\257\246\262\303\351\014\355"
 3273      027372AE 
 3273      53283A43 
 3273      AFA6B2C3 
ARM GAS  C:\Users\acest\AppData\Local\Temp\cc7GpQc1.s 			page 109


 3273      E90CED
 3274 03eb 6429C84D 		.ascii	"d)\310M\014\012\344\037\377\037Y\305\301Bfg\232\363"
 3274      0C0AE41F 
 3274      FF1F59C5 
 3274      C1426667 
 3274      9AF3
 3275 03fd FE03A5FC 		.ascii	"\376\003\245\374%\273"
 3275      25BB
 3276              		.text
 3277              		.section	.gnu.lto_chSemWaitTimeoutS.part.0.372.b3bf91ae,"e",%progbits
 3278 0000 789C9554 		.ascii	"x\234\225Tmh[e\024~\237\373\336{\223L\333nql \376(\302"
 3278      6D685B65 
 3278      147E9FFB 
 3278      DE7B934C 
 3278      DB6E716C 
 3279 0018 90812476 		.ascii	"\220\201$v\352\217\365\327\244\012\372\327\217\177\027"
 3279      EA8FF5D7 
 3279      A40AFAD7 
 3279      8F7F17
 3280 0027 644D228D 		.ascii	"dM\"\215\313L\314\275\375\353\356j\247\030\261\315\272"
 3280      CB4CCCBD 
 3280      FDEBEE6A 
 3280      A718B1CD 
 3280      BA
 3281 0038 5561C4A1 		.ascii	"Ua\304\241!H\213\014\361c\332j\235\235N\255\333\332"
 3281      21488B0C 
 3281      F163DA6A 
 3281      9D9D4EAD 
 3281      DBDA
 3282 004a D5CC5657 		.ascii	"\325\314VW\374Zp\270(jQ\220\242\023=\347\275\367&\267"
 3282      FC5A70B8 
 3282      286A5190 
 3282      A2133DE7 
 3282      BDF726B7 
 3283 005e B0FD10DA 		.ascii	"\260\375\020\332\233\223\363>\347y\236s\336ss\237)\304"
 3283      9B93F33E 
 3283      E7799E73 
 3283      DE73739F 
 3283      29C4
 3284 0070 DF42885E 		.ascii	"\337B\210^\372\207!p8*\\\327\335\025\321\021W\237\032"
 3284      FA872170 
 3284      382A5CD7 
 3284      DD15D111 
 3284      579F1A
 3285 0083 0E1D2CFD 		.ascii	"\016\035,\375vzJ\307\307P\011\211\375\007K\232\007\202"
 3285      767A4AC7 
 3285      C7500989 
 3285      FD074B9A 
 3285      0782
 3286 0095 D8A76B12 		.ascii	"\330\247k\022\373pHV$\306dM\012\350~\004tS\264\235p"
 3286      FB704856 
 3286      24C6644D 
 3286      0AE87E04 
 3286      7453B49D 
 3287 00aa 6B975E78 		.ascii	"k\227^x\266\211\312\304\254^\223\2328J\230\343\300["
 3287      B689CAC4 
 3287      AC5E939A 
ARM GAS  C:\Users\acest\AppData\Local\Temp\cc7GpQc1.s 			page 110


 3287      384A98E3 
 3287      C05B
 3288 00bc 2041C1C7 		.ascii	" A\301\307\345\366\011\374\023\274M\247T-\263\374\274"
 3288      E5F609FC 
 3288      13BC4DA7 
 3288      542DB3FC 
 3288      BC
 3289 00cd 65D67517 		.ascii	"e\326u\027\027\246\\7&jRb\012m\012L\203R\271cq\306\224"
 3289      17A65C37 
 3289      266A5262 
 3289      0A6D0A4C 
 3289      8352B963 
 3290 00e4 2B2E1379 		.ascii	"+.\023y\010\254C(\262'Zdk>\231\216\367\302d3\004\325"
 3290      08AC4328 
 3290      B2275A64 
 3290      6B3E998E 
 3290      F7C26433 
 3291 00fa 73D36132 		.ascii	"s\323a2\017\201u\010\241\274\321\334\270\364\004\204"
 3291      0F817508 
 3291      A1BCD1DC 
 3291      B8F40484 
 3292 010a 8AC09116 		.ascii	"\212\300\221\026\3445\314Bi>\245>\266\021\341\352d\363"
 3292      E435CC42 
 3292      693EA53E 
 3292      B611E1EA 
 3292      64F3
 3293 011c E9CEF2FE 		.ascii	"\351\316\362\376hM\0328\031V\375\220z\315-\306U)\177"
 3293      684D1A38 
 3293      1956FD90 
 3293      7ACD2DC6 
 3293      55297F
 3294 012f 21227C84 		.ascii	"!\"|\204\334\271\270_\310N\206\273EP\207p\235g\004\247"
 3294      DCB9B85F 
 3294      C84E86BB 
 3294      45508770 
 3294      9D6704A7 
 3295 0143 E8EB075C 		.ascii	"\350\353\007\\\245\276\323L'n\022t_\344\203\315\341"
 3295      A5BED34C 
 3295      276E1274 
 3295      5FE483CD 
 3295      E1
 3296 0154 13F87694 		.ascii	"\023\370v\2247\2119\317\333s\010\006\262\266X\032y\346"
 3296      378939CF 
 3296      DB730806 
 3296      B2B6581A 
 3296      79E6
 3297 0166 46AF6313 		.ascii	"F\257c\023\237\201A\276\312i\352\330\314\375\271\305"
 3297      9F8141BE 
 3297      CA69EAD8 
 3297      CCFDB9C5 
 3298 0176 37B376E2 		.ascii	"7\263v\342\302\334H\304\235s[H\264\221\236\037yj=\357"
 3298      C2DC48C4 
 3298      9D735B48 
 3298      B4919E1F 
 3298      796A3DEF 
 3299 018a CD279F74 		.ascii	"\315'\237t\357e\364\3310\357\274\342\035\332zU\336\263"
 3299      EF65F4D9 
ARM GAS  C:\Users\acest\AppData\Local\Temp\cc7GpQc1.s 			page 111


 3299      30EFBCE2 
 3299      1DDA7A55 
 3299      DEB3
 3300 019c 61DEF9A0 		.ascii	"a\336\371\240O^\245\245\007\261\000\234\201\327\236"
 3300      4F5EA5A5 
 3300      07B1009C 
 3300      81D79E
 3301 01ab 54ED9D03 		.ascii	"T\355\235\003wD(\036\377v&\253\214\034{\265\323[+C\335"
 3301      7744281E 
 3301      FF7626AB 
 3301      8C1C7BB5 
 3301      D35B2B43 
 3302 01c0 466BE1B6 		.ascii	"Fk\341\266\315\016\373Z\007\224\226\021\336\272\317"
 3302      CD0EFB5A 
 3302      07949611 
 3302      DEBACF
 3303 01cf 1942C37C 		.ascii	"\031B\303|\255n\270\356\225\177G]w&\261y#x\364\032\360"
 3303      AD6EB8EE 
 3303      957F475D 
 3303      7726B179 
 3303      2378F41A 
 3304 01e4 2E2445A6 		.ascii	".$E\246\316\017\203\037&\360>\"\024E\242\374\020bT\362"
 3304      CE0F831F 
 3304      26F03E22 
 3304      1445A2FC 
 3304      106254F2 
 3305 01f8 6BE1EAE0 		.ascii	"k\341\352\340P\367B)\312R\013\302\237\3406\316\3277"
 3305      50F74229 
 3305      CA520BC2 
 3305      9FE036CE 
 3305      D737
 3306 020a 90770EFF 		.ascii	"\220w\016\377\230\256\254,W@\327\243\016\276[\216\341"
 3306      98AEAC2C 
 3306      5740D7A3 
 3306      0EBE5B8E 
 3306      E1
 3307 021b 53885F31 		.ascii	"S\210_143\331Q\225\360\337\243\250\232\34604\012'\244"
 3307      3433D951 
 3307      95F0DFA3 
 3307      A89AE630 
 3307      340A27A4 
 3308 022f 9AC42B6C 		.ascii	"\232\304+l)\206/\200\363\352\3606\242\247\275\332\200"
 3308      29862F80 
 3308      F3EAF036 
 3308      A2A7BDDA 
 3308      80
 3309 0240 25BC28D5 		.ascii	"%\274(\325}\373\031\003\313\224\201\360$\206V\377\031"
 3309      7DFB1903 
 3309      CB9481F0 
 3309      248656FF 
 3309      19
 3310 0251 1BBF1823 		.ascii	"\033\277\030#u\352\221\004\224\352R]c\311#\223[}=\003"
 3310      75EA9104 
 3310      94EA525D 
 3310      63C92393 
 3310      5B7D3D03 
 3311 0265 2D89EB08 		.ascii	"-\211\353\010\204\257Z\022\227;j\362z\\ FM\010NLt\325"
ARM GAS  C:\Users\acest\AppData\Local\Temp\cc7GpQc1.s 			page 112


 3311      84AF5A12 
 3311      973B6AF2 
 3311      7A5C2046 
 3311      4D084E4C 
 3312 027b 64075628 		.ascii	"d\007V(A\252U\3122\341\227\036\341\341\022I\004\277"
 3312      41AA55CA 
 3312      32E1971E 
 3312      E1E11249 
 3312      04BF
 3313 028d 0AB2CDD9 		.ascii	"\012\262\315\331I8|\035\266\335\205o\210\201\336\252"
 3313      49387C1D 
 3313      B6DD856F 
 3313      8881DEAA 
 3314 029d 61780913 		.ascii	"ax\011\023\337\322\004\003\016\375\032n\010\270\021"
 3314      DFD20403 
 3314      0EFD1A6E 
 3314      08B811
 3315 02ac DF53A521 		.ascii	"\337S\245!\326\221]\244\224\031&k\020\0315\337M[C\216"
 3315      D6915DA4 
 3315      9419266B 
 3315      101935DF 
 3315      4D5B438E 
 3316 02c0 BC708189 		.ascii	"\274p\201\211\325\035\274<^\031{\036\264C\312\374\353"
 3316      D51DBC3C 
 3316      5E197B1E 
 3316      B443CAFC 
 3316      EB
 3317 02d1 F51816D5 		.ascii	"\365\030\026\325\035\034in\366\315\233m\363]l\341\007"
 3317      1D1C696E 
 3317      F6CD9B6D 
 3317      F35D6CE1 
 3317      07
 3318 02e2 78CD6B7C 		.ascii	"x\315k|t\211\324\"\274\202\036\265\333x\263\356]asK"
 3318      7489D422 
 3318      BC821EB5 
 3318      DB78B3EE 
 3318      5D61734B 
 3319 02f6 551AA13A 		.ascii	"U\032\241:-\250S\236~\244\262(\2271v\2654\257][\241"
 3319      2DA8539E 
 3319      7EA4B228 
 3319      973176B5 
 3319      34AF5D5B 
 3320 030b 1940894F 		.ascii	"\031@\211O)\034\257\207\014\006EF\253\250\203\213~n"
 3320      291CAF87 
 3320      0C064546 
 3320      ABA8838B 
 3320      7E6E
 3321 031d DB526D36 		.ascii	"\333Rm6\336\271ZQ\313\323e\245\364K[IW\353r\345\215"
 3321      DEB95A51 
 3321      CBD365A5 
 3321      F44B5B49 
 3321      57EB72E5 
 3322 0332 7183B7E5 		.ascii	"q\203\267\345L0\301\005\025\270\215\225\270X\305\201"
 3322      4C30C105 
 3322      15B88D95 
 3322      B858C581 
 3323 0342 97765665 		.ascii	"\227vVeD-\346\246\243|\177<\2548\214\2524k\362\006Q"
ARM GAS  C:\Users\acest\AppData\Local\Temp\cc7GpQc1.s 			page 113


 3323      442DE6A6 
 3323      A37C7F3C 
 3323      AC388CAA 
 3323      346BF206 
 3324 0357 D6DC39FE 		.ascii	"\326\3349\376\251,K\031\254\377\357\030\332E{\022\245"
 3324      A92C4B19 
 3324      ACFFEF18 
 3324      DA457B12 
 3324      A5
 3325 0368 EC5F8852 		.ascii	"\354_\210R\261\026\347WaT\302C\320Z\211[\373z\255\207"
 3325      B116E757 
 3325      6154C243 
 3325      D05A895B 
 3325      FB7AAD87 
 3326 037c EC4CD1B6 		.ascii	"\354L\321\266v\2472\266c\335\235\261\3678\371\202u\177"
 3326      76A732B6 
 3326      63DD9DB1 
 3326      F738F982 
 3326      757F
 3327 038e E2AE445F 		.ascii	"\342\256D_\342\036\253H\351\207\013\305\374\243\231"
 3327      E21EAB48 
 3327      E9870BC5 
 3327      FCA399
 3328 039d 94237626 		.ascii	"\224#v&\022\311\360_\337@\266?\373\2003\230\316\346"
 3328      12C9F05F 
 3328      DF40B63F 
 3328      FB803398 
 3328      CEE6
 3329 03af 93298EF3 		.ascii	"\223)\216\363\366\216\236\236\236d\336N\026\235\244"
 3329      F68E9E9E 
 3329      9E64DE4E 
 3329      169DA4
 3330 03be 5D4C51D6 		.ascii	"]LQ\326\316\354M\244\204f\0276\371q\242\377\221\035"
 3330      CEEC4DA4 
 3330      84661736 
 3330      F971A2FF 
 3330      911D
 3331 03d0 E93BFAD3 		.ascii	"\351;\372\323i\021q\262{3\371A\307L\015\026\213NA{\274"
 3331      691171B2 
 3331      7B33F941 
 3331      C74C0D16 
 3331      8B4E417B 
 3332 03e5 707BAAD7 		.ascii	"p{\252\327RD\266\"\265B\244V\336\266\212\216\225},\225"
 3332      5244B622 
 3332      B542A456 
 3332      DEB68A8E 
 3332      957D2C95 
 3333 03f9 1B4C67E8 		.ascii	"\033Lg\350$G ;1 P\270\363\177T9\003\305\314\3564\327"
 3333      2447203B 
 3333      312050B8 
 3333      F37F5439 
 3333      03C5CCEE 
 3334 040f FD07E542 		.ascii	"\375\007\345B.\005"
 3334      2E05
 3335              		.text
 3336              		.section	.gnu.lto_chSemSignalI.part.0.379.b3bf91ae,"e",%progbits
 3337 0000 789C7D54 		.ascii	"x\234}T\335oKa\030\177\177\347=]\327!2\261\335\332\015"
ARM GAS  C:\Users\acest\AppData\Local\Temp\cc7GpQc1.s 			page 114


 3337      DD6F4B61 
 3337      187F7FE7 
 3337      3D5DD721 
 3337      32B1DDDA 
 3338 0015 2291D686 		.ascii	"\"\221\326\206\0047\310\370\007\210\273\223\210\265"
 3338      0437C8F8 
 3338      0788BB93 
 3338      88B5
 3339 0023 15A5B47A 		.ascii	"\025\245\264z\352\226\3272\027\026\261b\211D\314\307"
 3339      EA96D732 
 3339      1716B162 
 3339      8944CCC7 
 3340 0033 D2C8C485 		.ascii	"\322\310\304\205,\276:f\312\260\2150kX|&\262Db.\244"
 3340      2CBE3A66 
 3340      CAB08D30 
 3340      6B587C26 
 3340      B244622E 
 3341 0048 B840109E 		.ascii	"\270@\020\236\347=\347\264G\"N\372\361|\375~\277\347"
 3341      E73DE7B4 
 3341      47224EFA 
 3341      F17CFD7E 
 3341      BFE7
 3342 005a 79DEB7BD 		.ascii	"y\336\267\275d\0121 \204XNo\004\004\272k\205RjM\320"
 3342      640A3120 
 3342      84584E6F 
 3342      0404BA6B 
 3342      85526A4D 
 3343 006f C41CFD6D 		.ascii	"\304\034\375m\340\330\221:mI\354?\322\031\302 \264\007"
 3343      E0D8913A 
 3343      6D49EC3F 
 3343      D219C220 
 3343      B407
 3344 0081 B1CF3424 		.ascii	"\261\3174$\366\341\230<)\261\210b\337\336\035\3771\006"
 3344      F6E1983C 
 3344      29B18862 
 3344      DFDE1DFF 
 3344      3106
 3345 0093 D557445E 		.ascii	"\325WD^\012q\212\336\372\341T\256\032\005\353\\\246"
 3345      0A718ADE 
 3345      FAE154AE 
 3345      1A05EB5C 
 3345      A6
 3346 00a4 4F421D95 		.ascii	"OB\035\225y\011\230\256e\240\211,\231\340\314\302\242"
 3346      790998AE 
 3346      65A0892C 
 3346      99E0CCC2 
 3346      A2
 3347 00b5 524F460B 		.ascii	"ROF\013J\205D^J\024@t\270\006\\\205\300\0001\311\344"
 3347      4A85445E 
 3347      4A144074 
 3347      B8065C85 
 3347      C00031C9 
 3348 00ca 857AAEC9 		.ascii	"\205z\256\311\235TE\323\253\300_\025BK\324\350Np\003"
 3348      9D5445D3 
 3348      ABC05F15 
 3348      424BD4E8 
 3348      4E7003
ARM GAS  C:\Users\acest\AppData\Local\Temp\cc7GpQc1.s 			page 115


 3349 00dd 425B600B 		.ascii	"B[`\013,\263\227\263\363\211\342[\256s`:H<\035Myi\342"
 3349      2CB397B3 
 3349      F389E25B 
 3349      AE73603A 
 3349      483C1D4D 
 3350 00f4 2611191E 		.ascii	"&\021\031\036\321\020\365\231|\323\250y\330\341\324"
 3350      D110F599 
 3350      7CD3A879 
 3350      D8E1D4
 3351 0103 2D30525E 		.ascii	"-0R^\206GP\030\372\364|\205F\007P\3647z\233\321\267"
 3351      86475018 
 3351      FAF47C85 
 3351      460750F4 
 3351      377A9BD1 
 3352 0118 EB1D3439 		.ascii	"\353\03549\244\215;H\026\353]`N\213\012\017\007?\316"
 3352      A48D3B48 
 3352      16EB5D60 
 3352      4E8B0A0F 
 3352      073FCE
 3353 012b E91DC3E4 		.ascii	"\351\035\303\344\0162Jk^\203\267\033j\272pp\2363\274"
 3353      0E324A6B 
 3353      5E83B71B 
 3353      6ABA7070 
 3353      9E33BC
 3354 013e 897BFE9E 		.ascii	"\211{\376\236\357\323\360fr\242\321\033o\350\305\370"
 3354      EFD3F066 
 3354      72A2D11B 
 3354      6FE8C5F8 
 3355 014e A1A01A55 		.ascii	"\241\240\032U\225JT+]\035:\241\302\310\275\000F(x\227"
 3355      954A542B 
 3355      5D1D3AA1 
 3355      C2C8BD00 
 3355      46287897 
 3356 0162 B9FEB31B 		.ascii	"\271\376\263\033\370wCK\305\030\331\243\340\265P@\222"
 3356      F877434B 
 3356      C518D9A3 
 3356      E0B55040 
 3356      92
 3357 0173 CBD781B0 		.ascii	"\313\327\201\260\345\302\364\341\303ss\334\215\250\266"
 3357      E5C2F4E1 
 3357      C37373DC 
 3357      8DA8B6
 3358 0182 47CFFC62 		.ascii	"G\317\374b\207\333\325\001\247+\341c}\250\357\3070."
 3358      87DBD501 
 3358      A72BE163 
 3358      7DA8EFC7 
 3358      302E
 3359 0194 96024AFD 		.ascii	"\226\002J\375\374\335\245\324\353\005\015u\000\256\303"
 3359      FCDDA5D4 
 3359      EB050D75 
 3359      00AEC3
 3360 01a3 A04D9992 		.ascii	"\240M\231\222\005M\266\204\350\222|U\225\0116M\307\224"
 3360      054DB684 
 3360      E8927C55 
 3360      9509364D 
 3360      C794
 3361 01b5 22270DCF 		.ascii	"\"'\015\317\374\0005\3253YG3\211\217h\357\356|g\364"
ARM GAS  C:\Users\acest\AppData\Local\Temp\cc7GpQc1.s 			page 116


 3361      FC0035D5 
 3361      33594733 
 3361      898F68EF 
 3361      EE7C67F4 
 3362 01c9 4AC3BD6D 		.ascii	"J\303\275mR\357\362\034\210\252\246\227\364\037i\177"
 3362      52EFF21C 
 3362      88AAA697 
 3362      F41F697F 
 3363 01d9 09216BF3 		.ascii	"\011!k\3632\210\307\350\341\033\324\001'`b\234T>\240"
 3363      3288C7E8 
 3363      E11BD401 
 3363      2760629C 
 3363      543EA0
 3364 01ec BD899644 		.ascii	"\275\211\226D$L\375\345lw\271\324\003\032^\013})\205"
 3364      244CFDE5 
 3364      6C77B9D4 
 3364      031A5E0B 
 3364      7D2985
 3365 01ff F0400B0D 		.ascii	"\360@\013\015N\317\356\225\322\3251\253:A\326\231\200"
 3365      4ECFEE95 
 3365      D2D531AB 
 3365      3A41D699 
 3365      80
 3366 0210 6091F78D 		.ascii	"`\221\367\215\234*\221\212^\037S\237YM\243\021P\263"
 3366      9C2A918A 
 3366      5E1F539F 
 3366      594DA311 
 3366      50B3
 3367 0222 7D2DB954 		.ascii	"}-\271T\215\275\322\364\021H\217@7\365\264\202\247\332"
 3367      8DBDD2F4 
 3367      11488F40 
 3367      37F5B482 
 3367      A7DA
 3368 0234 72E733E3 		.ascii	"r\3473\343\237R\006\227Nz\245\304\247\025\276;\012'"
 3368      9F520697 
 3368      4E7AA5C4 
 3368      A715BE3B 
 3368      0A27
 3369 0246 CE37F840 		.ascii	"\3167\370@f\0054\213A\317\011d8 =\362\324\257\222n\265"
 3369      6605348B 
 3369      41CF0964 
 3369      38203DF2 
 3369      D4AF926E 
 3370 025b FC6BAABF 		.ascii	"\374k\252\277?D{\345+\343\254e\3143\206+3\234\2364X"
 3370      3F447BE5 
 3370      2BE3AC65 
 3370      CC33862B 
 3370      339C9E34 
 3371 0270 E1735F83 		.ascii	"\341s_\203\273\213@u\027\265<\312\313\312\316\337S6"
 3371      BB8B4075 
 3371      17B53CCA 
 3371      CBCACEDF 
 3371      5336
 3372 0282 84572447 		.ascii	"\204W$G[\347@\037\351\327\3415\005\350\240\031;C\363"
 3372      5BE7401F 
 3372      E9D7E135 
 3372      05E8A019 
ARM GAS  C:\Users\acest\AppData\Local\Temp\cc7GpQc1.s 			page 117


 3372      3B43F3
 3373 0295 ABA97E22 		.ascii	"\253\251~\"-\243\343\314J:\033\032l\346)F\020Y^\316"
 3373      2DA3E3CC 
 3373      4A3A1B1A 
 3373      6CE62946 
 3373      10595ECE 
 3374 02a9 A2F3CA49 		.ascii	"\242\363\312I\351\035\376g\264\277\2752YK?\037\3757"
 3374      E91DFE67 
 3374      B4BFBD32 
 3374      594B3F1F 
 3374      FD37
 3375 02bb D425E164 		.ascii	"\324%\341d\014r\026\267\256\2626\331\361\214mm\211\306"
 3375      0C7216B7 
 3375      AEB236D9 
 3375      F18C6D6D 
 3375      89C6
 3376 02cd EDACB52E 		.ascii	"\355\254\265.n\357\310\246\322\326\206\360\332pkx\275"
 3376      6EEFC8A6 
 3376      D2D686F0 
 3376      DA706B78 
 3376      BD
 3377 02de 95A1F0E6 		.ascii	"\225\241\360\346t&\265=\036\315\212\225\341p\304\377"
 3377      7426B53D 
 3377      1ECD8A95 
 3377      E170C4FF 
 3378 02ee 6ADD9668 		.ascii	"j\335\226hKl\314\356\211%R\221(\333)\273\245\271\271"
 3378      4B6CCCEE 
 3378      89255291 
 3378      28DB29BB 
 3378      A5B9B9
 3379 0301 3992B223 		.ascii	"9\222\262#\231l\304\316D)j\307w\206\243\302\260\323"
 3379      996CC4CE 
 3379      44296AC7 
 3379      7786A3C2 
 3379      B0D3
 3380 0313 F5AE1D6E 		.ascii	"\365\256\035n\333\332\022[\326\026\213\011\244\227F"
 3380      DBDA125B 
 3380      D6168B09 
 3380      A49746
 3381 0322 57591A68 		.ascii	"WY\032hk\022\313Gb\245l+\223\265\022\273\242\311=\261"
 3381      6B12CB47 
 3381      62A56C2B 
 3381      93B512BB 
 3381      A2C93DB1 
 3382 0336 38659254 		.ascii	"8e\222Td\207\267\011#\2336v\247\377\000\212\274\245"
 3382      6487B709 
 3382      239B3676 
 3382      A7FF008A 
 3382      BCA5
 3383 0348 EC       		.ascii	"\354"
 3384              		.text
 3385              		.section	.gnu.lto_.symbol_nodes.b3bf91ae,"e",%progbits
 3386 0000 789C7DD1 		.ascii	"x\234}\321=K\003q\014\006\360\344I\333\353\365\352\277"
 3386      3D4B0371 
 3386      0C06F0E4 
 3386      49DBEBF5 
 3386      EABF
ARM GAS  C:\Users\acest\AppData\Local\Temp\cc7GpQc1.s 			page 118


 3387 0012 BD565CF5 		.ascii	"\275V\\\365c\370\211\034\374\022i\245\2028\351\350\""
 3387      63F8891C 
 3387      FC1269A5 
 3387      8238E9E8 
 3387      22
 3388 0023 521CEAE2 		.ascii	"R\034\352\342\340\2468\211\320E\252\365\255\212Hi=7"
 3388      E0A63889 
 3388      D045AAF5 
 3388      AD8A4869 
 3388      3D37
 3389 0035 4187EAA0 		.ascii	"A\207\352\240\203\366\274\263 \0303\005~O\002!\236\020"
 3389      83F6BCB3 
 3389      20183305 
 3389      7E4F0221 
 3389      9E10
 3390 0047 119EA154 		.ascii	"\021\236\241T\033W\206\327:DJ\264\337\250\327k \246"
 3390      1B5786D7 
 3390      3A444AB4 
 3390      DFA8D76B 
 3390      20A6
 3391 0059 B8B203D0 		.ascii	"\270\262\003\320\\\034\033A\331\216\341\003\212\177"
 3391      5C1C1B41 
 3391      D98EE103 
 3391      8A7F
 3392 0067 F8142ABF 		.ascii	"\370\024*\277\370\240V\347\037\354B3/\357\255\371\277"
 3392      F8A056E7 
 3392      1FEC4233 
 3392      2FEFADF9 
 3392      BF
 3393 0078 EC0C9A35 		.ascii	"\354\014\2325\007/\2409\023\317\241\236\211W\320\274"
 3393      072FA039 
 3393      13CFA19E 
 3393      8957D0BC 
 3394 0088 899750DF 		.ascii	"\211\227P\337\304kh\301\304\03640\361\006Z\264\316\274"
 3394      C46B68C1 
 3394      C41E3430 
 3394      F1065AB4 
 3394      CEBC
 3395 009a 854E5983 		.ascii	"\205NY\203\334\207\272\317\264f\277\003\024\177,V~\200"
 3395      DC87BACF 
 3395      B466BF03 
 3395      147F2C56 
 3395      7E80
 3396 00ac 962CBB87 		.ascii	"\226,\273\207\226-\273\203\206\226\015\241\025\313\036"
 3396      962DBB83 
 3396      86960DA1 
 3396      15CB1E
 3397 00bb A155C384 		.ascii	"\241U\303\204J\311\011\307NP\236\264\022&m#\220l\270"
 3397      4AC909C7 
 3397      4E509EB4 
 3397      12266D23 
 3397      906CB8
 3398 00ce BEDC6B0B 		.ascii	"\276\334k\013o;\311\245_=\362$WI\003\005\361\250\365"
 3398      6F3BC9A5 
 3398      5F3DF224 
 3398      57490305 
 3398      F1A8F5
ARM GAS  C:\Users\acest\AppData\Local\Temp\cc7GpQc1.s 			page 119


 3399 00e1 D43F216E 		.ascii	"\324?!nz\222O\2377\364\304\257n\015^\273\034\007|\354"
 3399      7A924F9F 
 3399      37F4C4AF 
 3399      6E0D5EBB 
 3399      1C077CEC 
 3400 00f5 446F87CC 		.ascii	"Do\207\314\315@\012\376$\020L\257\364\332K\314QU\212"
 3400      CD400AFE 
 3400      24104CAF 
 3400      F4DA4BCC 
 3400      51558A
 3401 0108 92B4E30D 		.ascii	"\222\264\343\015SagocD\0349qa\032\230\021WJ\226E\013"
 3401      5361676F 
 3401      63441C39 
 3401      71611A98 
 3401      11574A96 
 3402 011e E22A83CD 		.ascii	"\342*\203\315\325]pc\221\276\000\261\330\355\\"
 3402      D55D7063 
 3402      91BE00B1 
 3402      D8ED5C
 3403              		.text
 3404              		.section	.gnu.lto_.refs.b3bf91ae,"e",%progbits
 3405 0000 789C1366 		.ascii	"x\234\023f```\004\"\026\006F&0\311\307\300h\312\300"
 3405      60606004 
 3405      22160646 
 3405      2630C9C7 
 3405      C068CAC0 
 3406 0014 0000037C 		.ascii	"\000\000\003|\000g"
 3406      0067
 3407              		.text
 3408              		.section	.gnu.lto_.decls.b3bf91ae,"e",%progbits
 3409 0000 789C9D5A 		.ascii	"x\234\235Z{XTG\226\277\347\326\355\007\015\210\021I"
 3409      7B585447 
 3409      96BFE7D6 
 3409      ED070D88 
 3409      1149
 3410 0012 6636B3B3 		.ascii	"f6\263\263~Y\263q\276M|%\223\307\3743f\2623\263\331"
 3410      7E59B371 
 3410      BE4D7C25 
 3410      93C7FC33 
 3410      66B233B3 
 3411 0027 C924D938 		.ascii	"\311$\3318\2633\263\237\273=mw\013$@3\335\215\306\277"
 3411      B333B39F 
 3411      BB3D6D77 
 3411      0B244033 
 3411      DD8DC6BF 
 3412 003b F62A2A28 		.ascii	"\366**(\212\210/\024T\"\032\361\005\355\373\201b\013"
 3412      8A882F14 
 3412      54221AF1 
 3412      05EDFB81 
 3412      620B
 3413 004d A880A2F8 		.ascii	"\250\200\242\370F|bTP\024P\021\037\250\354\251\252{"
 3413      467C6254 
 3413      50145011 
 3413      1FA8ECA9 
 3413      AA7B
 3414 005f FBDE7E90 		.ascii	"\373\336~\220\031\247\265\272\353\326\375\3259\277s"
 3414      19A7B5BA 
ARM GAS  C:\Users\acest\AppData\Local\Temp\cc7GpQc1.s 			page 120


 3414      EBD6FDD5 
 3414      39BF73
 3415 006e EAD4A9BA 		.ascii	"\352\324\251\272u\371\354'\202\260\331,\010\262I\020"
 3415      75F9EC27 
 3415      82B0D92C 
 3415      08B24910 
 3416 007e FAF01327 		.ascii	"\372\360\023'\010\302q,x)\234\304r\012\213\021K\003"
 3416      08C2712C 
 3416      78299CC4 
 3416      720A8B11 
 3416      4B03
 3417 0090 96262C3F 		.ascii	"\226&,?\302\322,\360\317`,\255X:\260tcy\214\245\017"
 3417      C2D22CF0 
 3417      CF602CAD 
 3417      583AB074 
 3417      63798CA5 
 3418 00a5 0B8020DC 		.ascii	"\013\200 \334\300_\202\277w\360\327\200\277&,\367\261"
 3418      C05F82BF 
 3418      77F0D780 
 3418      BF262CF7 
 3418      B1
 3419 00b6 1E85BF03 		.ascii	"\036\205\277\003\260\274\214\345U,C\261\274\201e4\226"
 3419      B0BC8CE5 
 3419      552C43B1 
 3419      BC816534 
 3419      96
 3420 00c7 F7B0E07F 		.ascii	"\367\260\340\177\341MQ\010\372\334\307F\244($a\031\244"
 3420      E14D5108 
 3420      FADCC746 
 3420      A4282461 
 3420      19A4
 3421 00d9 E83DA970 		.ascii	"\350=\251p\242\374N`9\200E\302\322\210\245\006K5\226"
 3421      A2FC4E60 
 3421      398045C2 
 3421      D288A506 
 3421      4B3596
 3422 00ec 63584485 		.ascii	"cXD\205\327\310\020\231\364C\260-\266\037\271\324\306"
 3422      D7C81099 
 3422      F443B02D 
 3422      B61FB9D4 
 3422      C6
 3423 00fd 45941762 		.ascii	"E\224\027b\336\303\362>\226\347\330\366\001\376\376"
 3423      DEC3F23E 
 3423      96E7D8F6 
 3423      01FEFE
 3424 010c 0BF0FE66 		.ascii	"\013\360\376f\305\326\237c\333\207X\376\015\313\257"
 3424      C5D69F63 
 3424      DB8758FE 
 3424      0DCBAF
 3425 011b B07C2C72 		.ascii	"\260|,r?\274\001\341:\373\260\355\245\357\321\371\033"
 3425      3FBC01E1 
 3425      3AFBB0ED 
 3425      A5EFD1F9 
 3425      1B
 3426 012c 91DBF489 		.ascii	"\221\333\364\211\250\331\365[\254\3773\366k\3062\001"
 3426      A8D9F55B 
 3426      ACFF33F6 
ARM GAS  C:\Users\acest\AppData\Local\Temp\cc7GpQc1.s 			page 121


 3426      6BC63201 
 3427 013c CB7FE0F5 		.ascii	"\313\177\340\365\247\"\037\227c\212\255\324\346F\274"
 3427      A7221F97 
 3427      638AADD4 
 3427      E646BC
 3428 014b 970CDC07 		.ascii	"\227\014\334\007\2222\026\177D\3348\221\3739\364c\302"
 3428      9232167F 
 3428      44DC3891 
 3428      FB39F463 
 3428      C2
 3429 015c F6281D8F 		.ascii	"\366(\035\217f\205\213\336\356\377\301r]\305+c\032\311"
 3429      66858BDE 
 3429      EEFFC172 
 3429      5DC52B63 
 3429      1AC9
 3430 016e DE1BE1E2 		.ascii	"\336\033\341\342\205\006\210,\337\250\214\031\265Y\225"
 3430      8506882C 
 3430      DFA88C19 
 3430      B55995
 3431 017d 0FBAF1A2 		.ascii	"\017\272\361\242\262Z#\310\213\306\233\226\010\362\232"
 3431      B25A23C8 
 3431      8BC69B96 
 3431      08F29A
 3432 018c 4238FF2F 		.ascii	"B8\377/\226\333:\316\206~8\337\211\240\343<\215\317"
 3432      96DB3ACE 
 3432      867E38DF 
 3432      89A0E33C 
 3432      8DCF
 3433 019e 7E747CA2 		.ascii	"~t|\242\370\374\277D\215\277\025\353\177\326\351T\355"
 3433      F8FCBF44 
 3433      8DBF15EB 
 3433      7FD6E954 
 3433      ED
 3434 01af 2002974F 		.ascii	" \002\227O\343\272#\202\2368\221\353\011\215\003j\207"
 3434      E3BA2382 
 3434      9E3891EB 
 3434      098D036A 
 3434      87
 3435 01c0 3AE7547B 		.ascii	":\347T{T]4\026lx\375.\360\361\245z\364\361N\343\321"
 3435      545D3416 
 3435      6C78FD2E 
 3435      F0F1A57A 
 3435      F4F14EE3 
 3436 01d5 A4D8AADA 		.ascii	"\244\330\252\332h\327\331\375^\204\030hU\306(\224\207"
 3436      68D7D9FD 
 3436      5E841868 
 3436      55C62894 
 3436      87
 3437 01e6 7E8C1CD8 		.ascii	"~\214\034\330\367^\310\030\321\271\334\035\301\256x"
 3437      F75EC818 
 3437      D1B9DC1D 
 3437      C1AE78
 3438 01f5 BC191741 		.ascii	"\274\031\027A\236:W\215\302\367\307v\263\240\305\265"
 3438      9E3A578D 
 3438      C2F7C776 
 3438      B3A0C5B5 
 3439 0205 DE3635B6 		.ascii	"\33665\266\251_i\016\261\367\023\323\377\210\355\257"
ARM GAS  C:\Users\acest\AppData\Local\Temp\cc7GpQc1.s 			page 122


 3439      A95F690E 
 3439      B1F713D3 
 3439      FF88EDAF 
 3440 0215 46183FD5 		.ascii	"F\030?\325\257\352\030F\362m(\027'^\377+\226\037b9@"
 3440      AFEA1846 
 3440      F26D2817 
 3440      275EFF2B 
 3440      961F6239 
 3441 022a DBF03751 		.ascii	"\333\3607Q\34490\001\264\\\020\375=|_GL\002\226:\254"
 3441      E4393001 
 3441      B45C10FD 
 3441      3D7C5F47 
 3441      4C02963A 
 3442 023f 1FC2928A 		.ascii	"\037\302\222\212%F\3409\260\277q\372\022\213K\261\357"
 3442      2546E039 
 3442      B0BF71FA 
 3442      128B4BB1 
 3442      EF
 3443 0250 65253F46 		.ascii	"e%?F\312\213\307\2601>\202\255\237\210\232\257\3656"
 3443      CA8BC7B0 
 3443      313E82AD 
 3443      9F889AAF 
 3443      F536
 3444 0262 A8764DD0 		.ascii	"\250vM\320\371\237\332\245\267\211\316/\225s\243\302"
 3444      F99FDAA5 
 3444      B789CE2F 
 3444      9573A3C2 
 3445 0272 97DAA5F2 		.ascii	"\227\332\245\362W\355\243\266\031\004m\256\252\234_"
 3445      57EDA3B6 
 3445      19046DAE 
 3445      AA9C5F
 3446 0281 EE87EB45 		.ascii	"\356\207\353E\340\034\373\233W/\3027]\341\373\017J\354"
 3446      E01CFB9B 
 3446      572FC237 
 3446      5DE1FB0F 
 3446      4AEC
 3447 0293 FE2D7C29 		.ascii	"\376-|)W:\037;t\\_\355\207\353M\210<7C\363rh\314\252"
 3447      573A1F3B 
 3447      745C5FED 
 3447      87EB4D88 
 3447      3C3743F3 
 3448 02ab F163E827 		.ascii	"\361c\350'\026\350\234U\347M\177\361\233O`\020H\370"
 3448      16E89C55 
 3448      E74D7FF1 
 3448      9B4F6010 
 3448      48F8
 3449 02bd 3D1886B0 		.ascii	"=\030\206\260\272\231\325\375t\261\"f\201\304\012#d"
 3449      BA99D5FD 
 3449      74B12266 
 3449      81C40A23 
 3449      64
 3450 02ce F6A9B20B 		.ascii	"\366\251\262\013\260\233\013\370,\232\330\204B\"^\355"
 3450      B09B0BF8 
 3450      2C9AD884 
 3450      42225EED 
 3451 02de DEB8468C 		.ascii	"\336\270F\214\347\267\375\354\026\354\001\330\013PA"
 3451      E7B7FDEC 
ARM GAS  C:\Users\acest\AppData\Local\Temp\cc7GpQc1.s 			page 123


 3451      16EC01D8 
 3451      0B5041
 3452 02ed 2FC89714 		.ascii	"/\310\227\0243\277~f\273%\030S\251a\250\220;\231\265"
 3452      33BF7E66 
 3452      BB251853 
 3452      A961A890 
 3452      3B99B5
 3453 0300 E618BF2C 		.ascii	"\346\030\277,w\311\305U\022\354\003\330\006\260\225"
 3453      77C9C555 
 3453      12EC03D8 
 3453      06B095
 3454 030f 7A8AC249 		.ascii	"z\212\302I\006b\214g;\356\256\210\216\037:\024eLC1\222"
 3454      06628C67 
 3454      3BEEAE88 
 3454      8E1F3A14 
 3454      654C4331 
 3455 0324 003B00B6 		.ascii	"\000;\000\266\003SWEEA\015@5\025\210r\036ug\315\255"
 3455      03535745 
 3455      45410D40 
 3455      35158872 
 3455      1E7567CD 
 3456 0339 1E5024FB 		.ascii	"\036P$\373\247\305\240\010\330\317 \252\314\021X\266"
 3456      A7C5A008 
 3456      D8CF20AA 
 3456      CC1158B6 
 3457 0349 0185F972 		.ascii	"\001\205\371r3\263\344\201\034\263+\0143\212R\273~\377"
 3457      33B3E481 
 3457      1CB32B0C 
 3457      338A52BB 
 3457      7EFF
 3458 035b EAF198F8 		.ascii	"\352\361\230\3700\245\225\241JI\031p?\3060\337]\021"
 3458      30A595A1 
 3458      4A491970 
 3458      3FC630DF 
 3458      5D11
 3459 036d 48056B30 		.ascii	"H\005k0\002\335\341\230X\215\332\3775\331\007T\356\226"
 3459      02DDE198 
 3459      588DDAFF 
 3459      35D90754 
 3459      EE96
 3460 037f 9CB57325 		.ascii	"\234\265s%\213LM\366O\213\022\024\305p\004\020\207b"
 3460      8B4C4DF6 
 3460      4F8B1214 
 3460      C5700410 
 3460      8762
 3461 0391 0F03D403 		.ascii	"\017\003\324\003Z\275,o\313\034S\220\325\265\000\030"
 3461      5ABD2C6F 
 3461      CB1C5390 
 3461      D5B50018 
 3462 03a1 637010E0 		.ascii	"cp\020\340(#\320\010@\347\244\200\210GKs;\335\334\350"
 3462      2823D008 
 3462      40E7A480 
 3462      88474B73 
 3462      3BDDDCE8 
 3463 03b5 06803A86 		.ascii	"\006\200:\206P\015\332\016\314\"D\371\356L\225\345\250"
 3463      500DDA0E 
 3463      CC2244F9 
ARM GAS  C:\Users\acest\AppData\Local\Temp\cc7GpQc1.s 			page 124


 3463      EE4C95E5 
 3463      A8
 3464 03c6 183800B0 		.ascii	"\0308\000\260\223A\270I\252\315\344!\343wy\312lO|\230"
 3464      9341B849 
 3464      AACDE421 
 3464      E37779CA 
 3464      6C4F7C98 
 3465 03da D6E3A15A 		.ascii	"\326\343\241Z\021\271\257\270bn\2546x'4\235'\201\001"
 3465      11B9AFB8 
 3465      626EAC36 
 3465      7827349D 
 3465      278101
 3466 03ed EAF7CC2E 		.ascii	"\352\367\314.\212\321\000\0074\300)`\301\367\006\363"
 3466      8AD10007 
 3466      34C02960 
 3466      C1F706F3 
 3467 03fd 511CAB09 		.ascii	"Q\034\253\011$S\244\235\216\326\372{\006X\374\241\376"
 3467      2453A49D 
 3467      8ED6FA7B 
 3467      0658FCA1 
 3467      FE
 3468 040e 390B8841 		.ascii	"9\013\210A\375g\000N\003\231\307\240\235gNW\031\303"
 3468      FD67004E 
 3468      0399C7A0 
 3468      9D674E57 
 3468      19C3
 3469 0420 5D792ED8 		.ascii	"]y.\330\225\342\372\357*.\306\\\007\266\222H\016\000"
 3469      95E2FAEF 
 3469      2A2EC65C 
 3469      07B69248 
 3469      0E00
 3470 0432 687A17BF 		.ascii	"hz\027\277,\302\177\023a\260,\312\242\321AD\013\261"
 3470      2CC27F13 
 3470      61B02CCA 
 3470      A2D14144 
 3470      0BB1
 3471 0444 1087A516 		.ascii	"\020\207\245\026~<\254\233\2141\213\303\342,\346\322"
 3471      7E3CAC9B 
 3471      8C318BC3 
 3471      E22CE6D2 
 3472 0454 6A186831 		.ascii	"j\030h1\230E\261\315\344\260\014{\002\033\304b\343\220"
 3472      9845B1CD 
 3472      E4B00C7B 
 3472      021BC462 
 3472      E390
 3473 0466 31B2E498 		.ascii	"1\262\344\230\235\320f\222\305\274O\007\277=\006\277"
 3473      9DD06692 
 3473      C5BC4F07 
 3473      BF3D06BF 
 3474 0476 DB4CB5E0 		.ascii	"\333L\265\340\300^\237K\346\201Xk3Y\272I\361\034\243"
 3474      C05E9F4B 
 3474      E681586B 
 3474      3359BA49 
 3474      F11CA3
 3475 0489 A341CC7E 		.ascii	"\243A\314~\003\275gq\214\036\214\014\307\230\315?\216"
 3475      03BD6771 
 3475      8C1E8C0C 
ARM GAS  C:\Users\acest\AppData\Local\Temp\cc7GpQc1.s 			page 125


 3475      C798CD3F 
 3475      8E
 3476 049a AB2255E4 		.ascii	"\253\"U\344W\270r\232}e\011\2266S\034\212\030\346\030"
 3476      57B8729A 
 3476      7D650996 
 3476      36531C8A 
 3476      18E618
 3477 04ad 32D03124 		.ascii	"2\3201$\256\026\014\016\207e\3600\001I8F\217\036#ZP"
 3477      AE160C0E 
 3477      8765F030 
 3477      01493846 
 3477      8F1E235A 
 3478 04c2 B264AE85 		.ascii	"\262d\256\205\321\004bF\313-\355\257X\014\226\250\037"
 3478      D1046246 
 3478      CB2DEDAF 
 3478      580C96A8 
 3478      1F
 3479 04d3 0F1986EB 		.ascii	"\017\031\206\353#fq\224K\372\324\017\230P\247C\273\004"
 3479      23667194 
 3479      4BFAD40F 
 3479      9850A743 
 3479      BB04
 3480 04e5 18661147 		.ascii	"\030f\021G\213\3447m\270\035\021\305!\030!\2229&\006"
 3480      8BE4376D 
 3480      B81D11C5 
 3480      21182192 
 3480      392606
 3481 04f8 83503247 		.ascii	"\203P2GY\177\343\370|\264Eh\303\335\230(\016\226@\026"
 3481      597FE3F8 
 3481      7CB44568 
 3481      C3DD9828 
 3481      0E964016 
 3482 050c 41EB6931 		.ascii	"A\353i1\342\016\263\034\027<\376\217~\201\362Ew\236"
 3482      E20EB31C 
 3482      173CFE8F 
 3482      7E81F245 
 3482      779E
 3483 051e B4E8D5B0 		.ascii	"\264\350\325\260v:\247E\005M!\2745\360\243\324)@T\344"
 3483      763AA745 
 3483      054D21BC 
 3483      35F0A3D4 
 3483      294054E4 
 3484 0532 A8F90F78 		.ascii	"\250\371\017x\037E\011\375\326\011\017@@\201\250rx\037"
 3484      1F4509FD 
 3484      D6090F40 
 3484      4081A872 
 3484      781F
 3485 0544 0510E8AB 		.ascii	"\005\020\350\253T\251\016\006\026\365}X\277 \342\232"
 3485      54A90E06 
 3485      16F57D58 
 3485      BF20E29A 
 3486 0554 48212056 		.ascii	"H! V\245$\360\013\214\233\375\363\317g\031n\320\311"
 3486      A524F00B 
 3486      8C9BFDF3 
 3486      CF67196E 
 3486      D0C9
 3487 0566 7B7B7543 		.ascii	"{{uC\024$\344\215\021\200\37003V\261\350\253\271~2\317"
ARM GAS  C:\Users\acest\AppData\Local\Temp\cc7GpQc1.s 			page 126


 3487      1424E48D 
 3487      1180F830 
 3487      3356B1E8 
 3487      ABB97E32 
 3488 057b 109CDC70 		.ascii	"\020\234\334pn^\326\222[\347\325\374\0351\301\200\343"
 3488      6E5ED692 
 3488      5BE7D5FC 
 3488      1D31C180 
 3488      E3
 3489 058c 41809AC6 		.ascii	"A\200\232\306\023SEm~\\\321\346G\013\237@w2g5\231i\""
 3489      1353456D 
 3489      7E5CD1E6 
 3489      470B9F40 
 3489      77326735 
 3490 05a3 C70670B1 		.ascii	"\307\006p\261,#\262,3\020oV\026-:\033\373\012e'\313"
 3490      2C23B22C 
 3490      33106F56 
 3490      162D3A1B 
 3490      FB0A6527 
 3491 05b8 83A119E0 		.ascii	"\203\241\031\340\032\300w\2643\206:\\\345\002\346\335"
 3491      1AC077B4 
 3491      33863A5C 
 3491      E502E6DD 
 3492 05c8 BEB92EF6 		.ascii	"\276\271.\366\265\202\002\371Q\305\242g\327\177~o\247"
 3492      B58202F9 
 3492      51C5A267 
 3492      D77F7E6F 
 3492      A7
 3493 05d9 2C4F97E5 		.ascii	",O\227\345\251f\012\202K\012\023\270A\353\002\\\000"
 3493      A9660A82 
 3493      4B0A13B8 
 3493      41EB025C 
 3493      00
 3494 05ea 380F9F95 		.ascii	"8\017\237\225\306\277\226W \347\025\025\373EY&\024w"
 3494      C6BF9657 
 3494      20E71515 
 3494      FB455926 
 3494      1477
 3495 05fc 5187BBA8 		.ascii	"Q\207\273\250\342\004\262\225\010\244\201P-'\313{\316"
 3495      E204B295 
 3495      08A48150 
 3495      2D27CB7B 
 3495      CE
 3496 060d 719A4D48 		.ascii	"q\232MH\023\033\272\216\034HVi\337\242S\360\301\226"
 3496      131BBA8E 
 3496      1C485669 
 3496      DFA253F0 
 3496      C196
 3497 061f 7B798648 		.ascii	"{y\206H\\o\243\274v\316\365p\373\346'\204r\365\345\314"
 3497      5C6FA3BC 
 3497      76CEF570 
 3497      FBE62784 
 3497      72F5E5CC 
 3498 0633 C4E48CB9 		.ascii	"\304\344\214\271j\212\204\367\341\246\252\376\016\255"
 3498      6A8A84F7 
 3498      E1A6AAFE 
 3498      0EAD
ARM GAS  C:\Users\acest\AppData\Local\Temp\cc7GpQc1.s 			page 127


 3499 0641 AB348B06 		.ascii	"\2534\213\006\005\321D\\\233\016\327\246\321\274\214"
 3499      05D1445C 
 3499      9B0ED7A6 
 3499      D1BC8C
 3500 0650 34EF9370 		.ascii	"4\357\223po\322\345\251c\343\325\250\000\253\244\000"
 3500      6FD2E5A9 
 3500      63E3D5A8 
 3500      00ABA400 
 3501 0660 A97BD8FB 		.ascii	"\251{\330\373.'\365\315\3269eq\224TWo\335_Je9o\014\336"
 3501      2E27F5CD 
 3501      D6396571 
 3501      9454576F 
 3501      DD5F4A65 
 3502 0678 852E55D5 		.ascii	"\205.U\325}ZW)-\177)\210\022\342:u\270N\215\222,Q\321"
 3502      7D5A5729 
 3502      2D7F2988 
 3502      12E23A75 
 3502      B84E8D92 
 3503 068f B927E6CC 		.ascii	"\271'\346\314\217bt\0328\235\231\2137\267\007\370\365"
 3503      8F62741A 
 3503      389D998B 
 3503      37B707F8 
 3503      F5
 3504 06a0 50B71DBC 		.ascii	"P\267\035\274\222\333e\210@\360\021\312z\310\011v\366"
 3504      92DB6588 
 3504      40F011CA 
 3504      7AC80976 
 3504      F6
 3505 06b1 64D63382 		.ascii	"d\3263\202\276\272L\3565Y\302\373\360@Q-`M%\230\237"
 3505      BEBA4CEE 
 3505      3559C2FB 
 3505      F040512D 
 3505      604D2598 
 3506 06c6 40F298EA 		.ascii	"@\362\230\352\366\312\276\211LQ3\327\274~\326\241Z\213"
 3506      F6CABE89 
 3506      4C5133D7 
 3506      BC7ED6A1 
 3506      5A8B
 3507 06d8 4AA5976A 		.ascii	"J\245\227j\276\272`i\237E\345\362\224\266\334\312*\233"
 3507      BEBA6069 
 3507      9F45E5F2 
 3507      94B6DCCA 
 3507      2A9B
 3508 06ea 2646E0F2 		.ascii	"&F\340\362\034\305?\343\\\012\312\344\373\234\313\212"
 3508      1CC53FE3 
 3508      5C0ACAE4 
 3508      FB9CCB8A 
 3509 06fa E9012ECF 		.ascii	"\351\001.\317\001\236\004\270<\011p)\030L\3260.\033"
 3509      019E04B8 
 3509      3C097029 
 3509      184CD630 
 3509      2E1B
 3510 070c 3BB26B58 		.ascii	";\262kX\210\372:2\365\23503)\235dQ\355tm0\331\313:]"
 3510      88FA3A32 
 3510      F59D3033 
 3510      299D6451 
 3510      ED746D30 
ARM GAS  C:\Users\acest\AppData\Local\Temp\cc7GpQc1.s 			page 128


 3511 0724 D8F54DA1 		.ascii	"\330\365M\241\201\015\313\271\353tX\34414P\247\006\272"
 3511      810DCBB9 
 3511      EB7458E4 
 3511      313450A7 
 3511      06BA
 3512 0736 4C0D74E9 		.ascii	"L\015t\351\212'\207X\227\266\202\226k&\246\347hV@\017"
 3512      8A278758 
 3512      97B68296 
 3512      6B26A6E7 
 3512      6856400F 
 3513 074a 86CDB440 		.ascii	"\206\315\264@\247i\201N\335\203H\023\353T\360\374\346"
 3513      A769814E 
 3513      DD834813 
 3513      EB54F0FC 
 3513      E6
 3514 075b 61D6A9AB 		.ascii	"a\326\251\253\276N\321\203\303:#\320e\206F\355%r\215"
 3514      BE4ED183 
 3514      C33A23D0 
 3514      658646ED 
 3514      25728D
 3515 076e 7539F0BC 		.ascii	"u9\360\274\266\206\353\331\225\243\037\220\354@\247"
 3515      B686EBD9 
 3515      95A31F90 
 3515      EC40A7
 3516 077d EC40A7F3 		.ascii	"\354@\247\363\003\311\003)bh\356Z_s\334\2506\344\210"
 3516      03C90329 
 3516      6268EE5A 
 3516      5F73DCA8 
 3516      36E488
 3517 0790 D8D25CD6 		.ascii	"\330\322\\\326\326\022\035i\012\315Aq\263E6\000\317"
 3517      D6121D69 
 3517      0ACD4171 
 3517      B3453600 
 3517      CF
 3518 07a1 4EF8DF64 		.ascii	"N\370\337dl;\332\025\266sD\230\025P<+\240\2703\216L"
 3518      6C3BDA15 
 3518      B6734498 
 3518      15503C2B 
 3518      A0B8338E 
 3519 07b6 37D015F8 		.ascii	"7\320\025\370G\320\007\354G \363\015T\304\305\307\033"
 3519      47D007EC 
 3519      4720F30D 
 3519      54C4C5C7 
 3519      1B
 3520 07c7 4EC6D2E5 		.ascii	"N\306\322\345\267M\256\232B"
 3520      B74DAE9A 
 3520      42
 3521 07d0 04781B46 		.ascii	"\004x\033F\012\220/\"\002W\324y\"\344Q.\325\245+v\210"
 3521      0A902F22 
 3521      0257D479 
 3521      22E4512E 
 3521      D5A52B76 
 3522 07e5 8CDD7C91 		.ascii	"\214\335|\221\321\335\234\327q%6Bp,D\215\0138\267\033"
 3522      D1DD9CD7 
 3522      71253642 
 3522      702C448D 
 3522      0B38B71B 
ARM GAS  C:\Users\acest\AppData\Local\Temp\cc7GpQc1.s 			page 129


 3523 07f9 4D4F7747 		.ascii	"MOwG\275V\200\233\225G\267\344\263C\366g\026\017\303"
 3523      BD56809B 
 3523      9547B7E4 
 3523      B343F667 
 3523      160FC3
 3524 080c DB3037C0 		.ascii	"\33307\300n.[\030\3101C\304\224R~f\305f\213\252\262"
 3524      6E2E5B18 
 3524      C83143C4 
 3524      94527E66 
 3524      C5668BAA 
 3525 0821 809238DE 		.ascii	"\200\2228\336R\2701*\222C\226\242\322%\\\351\362\243"
 3525      52B8312A 
 3525      924396A2 
 3525      D2255CE9 
 3525      F2A3
 3526 0833 3DD30C54 		.ascii	"=\323\014Ti\327\256\3253re\370\034o\302\342\200\312"
 3526      69D7AED5 
 3526      337265F8 
 3526      1C6FC2E2 
 3526      80CA
 3527 0845 C55CE535 		.ascii	"\305\\\3455\203@\272\230\332iYK\352B6\265\313DX\256"
 3527      8340BA98 
 3527      DA69594B 
 3527      EA4236B5 
 3527      CB4458AE 
 3528 0859 74204F38 		.ascii	"t O8\350\301\212\236\220\304\277B\003!\340\314\222%"
 3528      E8C18A9E 
 3528      90C4BF42 
 3528      0321E0CC 
 3528      9225
 3529 086b E5BABC5E 		.ascii	"\345\272\274^,\006\362\3727\234\326\206\374\325\227"
 3529      2C06F2FA 
 3529      379CD686 
 3529      FCD597
 3530 087a B875DF70 		.ascii	"\270u\337p\377}\323\375\364\2626\321\261Q\265\245\004"
 3530      FF7DD3FD 
 3530      F4B236D1 
 3530      B151B5A5 
 3530      04
 3531 088b 6D59C93B 		.ascii	"mY\311;\035\331wi\0330[\312Wg1[JD(\012\330R\304m\311"
 3531      1DD97769 
 3531      1B305BCA 
 3531      5767315B 
 3531      4A44280A 
 3532 08a4 34526C56 		.ascii	"4RlVE\356aK\204\361\370\026\305\271\370\316;\347D%a"
 3532      45EE614B 
 3532      84F1F816 
 3532      C5B9F8CE 
 3532      3BE74425 
 3533 08b9 D22AA673 		.ascii	"\322*\246s\317|+\302\352\200\264\325\\\332\002\243@"
 3533      CF7C2BC2 
 3533      EA80B4D5 
 3533      5CDA02A3 
 3533      40
 3534 08ca 563389F7 		.ascii	"V3\211\367.](\215A\312\260\026\357\220\365\254mk\373"
 3534      2E5D288D 
 3534      41CAB016 
ARM GAS  C:\Users\acest\AppData\Local\Temp\cc7GpQc1.s 			page 130


 3534      EF90F5AC 
 3534      6D6BFB
 3535 08dd FC42036D 		.ascii	"\374B\003m[\217b\327\211\304\307Z\253\316_o5\321\326"
 3535      5B8F62D7 
 3535      89C4C75A 
 3535      ABCE5F6F 
 3535      35D1D6
 3536 08f0 8DD8BA81 		.ascii	"\215\330\272\201\216T\353\226%\363\0060s\215\314\332"
 3536      8E54EB96 
 3536      25F30630 
 3536      738DCCDA 
 3537 0900 82FD7B17 		.ascii	"\202\375{\027\232\224\353r\012\230\372\264\272Q\243"
 3537      9A94EB72 
 3537      0A98FAB4 
 3537      BA51A3
 3538 090f 6B0CD0DD 		.ascii	"k\014\320\335\204\022|\334\372\346\246;\253\314\257"
 3538      84127CDC 
 3538      FAE6A63B 
 3538      ABCCAF
 3539 091e 1565CBD9 		.ascii	"\025e\313\331Y\376\3173e\377N\021\357B)'\014e\010,\345"
 3539      59FECF33 
 3539      65FF4E11 
 3539      EF422927 
 3539      0C65082C 
 3540 0933 94771A23 		.ascii	"\224w\032#e\270\205K\312\356\007<\276\225\352\364U\235"
 3540      65B8854B 
 3540      CAEE073C 
 3540      BE95EAF4 
 3540      559D
 3541 0945 3C4622B8 		.ascii	"<F\"\270h;\212\332\306u\316\354\350\313b\036\367\355"
 3541      683B8ADA 
 3541      C675CEEC 
 3541      E8CB621E 
 3541      F7ED
 3542 0957 9E9EE51F 		.ascii	"\236\236\345\037(\342=\330\022p\321\026\256\357\200"
 3542      28E23DD8 
 3542      1270D116 
 3542      AEEF80
 3543 0966 916FFF7D 		.ascii	"\221o\377}\300Vf9\232]\225\002\373y\237}w\011\374\226"
 3543      C0566639 
 3543      9A5D9502 
 3543      FB799F7D 
 3543      7709FC96 
 3544 097a 89D429E0 		.ascii	"\211\324)\3406\201\234B\327^d\\O\313\015E\346\360\035"
 3544      36819C42 
 3544      D75E645C 
 3544      4FCB0D45 
 3544      E6F01D
 3545 098d 6F95A8DB 		.ascii	"o\225\250\333\361\262^\370lq\035{\335a\275\256\335\337"
 3545      F1B25EF8 
 3545      6C711D7B 
 3545      DD61BDAE 
 3545      DDDF
 3546 099f D01D17B2 		.ascii	"\320\035\027\262\375\020\341\220\026\205\235W\226\224"
 3546      FD10E190 
 3546      16859D57 
 3546      9694
ARM GAS  C:\Users\acest\AppData\Local\Temp\cc7GpQc1.s 			page 131


 3547 09ad E976DF87 		.ascii	"\351v\337\207\264(\254\245C\330\203\222\372\230\244"
 3547      B428ACA5 
 3547      43D88392 
 3547      FA98A4
 3548 09bc 830F0E2F 		.ascii	"\203\017\016/4\204\353\257\017\323\337$\220\034\023"
 3548      3484EBAF 
 3548      0FD3DF24 
 3548      901C13
 3549 09cb 37A01163 		.ascii	"7\240\021c\303$\220\"\023\333\307\254zt\213\004Si\024"
 3549      C3249022 
 3549      13DBC7AC 
 3549      7A748B04 
 3549      536914
 3550 09de E1B83A6B 		.ascii	"\341\270:kV1\320Z_\367|S0\350\204\006B\300\312\273\025"
 3550      5631D05A 
 3550      5FF77C53 
 3550      30E88406 
 3550      42C0CABB 
 3551 09f3 59068DEF 		.ascii	"Y\006\215\357I\215\357)6\034R\337\2365g\305\370\241"
 3551      498DEF29 
 3551      361C52DF 
 3551      9E3567C5 
 3551      F8A1
 3552 0a05 6CBFCF9E 		.ascii	"l\277\317\236M\024\242\250\353\264\310\230\212\201\207"
 3552      4D14A2A8 
 3552      EBB4C898 
 3552      8A8187
 3553 0a14 C0C75EFE 		.ascii	"\300\307^\3768tJ\244\317w\247\305\360\347\273\322\007"
 3553      38744AA4 
 3553      CF77A7C5 
 3553      F0E7BBD2 
 3553      07
 3554 0a25 3DDF4AF1 		.ascii	"=\337J\361a\302N\004\011#eh\244\017\313\016,\225\314"
 3554      61C24E04 
 3554      09236568 
 3554      A40FCB0E 
 3554      2C95CC
 3555 0a38 8E830FCB 		.ascii	"\216\203\017\313\326\307i4/k\233\266\013\324\255\007"
 3555      D6C76934 
 3555      2F6B9BB6 
 3555      0BD4AD07 
 3556 0a48 10D880E5 		.ascii	"\020\330\200\345$\003\237\351^s)6B&\200\313\242\232"
 3556      24039FE9 
 3556      5E732936 
 3556      422680CB 
 3556      A29A
 3557 0a5a 0B5A5B97 		.ascii	"\013Z[\227\226D\3536\201\032\325\026*\357\006\312\272"
 3557      9644EB36 
 3557      811AD516 
 3557      2AEF06CA 
 3557      BA
 3558 0a6b 83A587CA 		.ascii	"\203\245\207\312\033t\255\242}%\014\035<\224\177\250"
 3558      1B74ADA2 
 3558      7D250C1D 
 3558      3C947FA8 
 3559 0a7b A94FFAAE 		.ascii	"\251O\372\256,\376IM\246\\\213O\262\265\"4\213p#\324"
 3559      2CFE494D 
ARM GAS  C:\Users\acest\AppData\Local\Temp\cc7GpQc1.s 			page 132


 3559      A65C8B4F 
 3559      B2B52234 
 3559      8B7023D4 
 3560 0a8f D8501B05 		.ascii	"\330P\033\005\012A\013o\212p[\204v\021\332Dh\025\341"
 3560      0A410B6F 
 3560      8A705B84 
 3560      7611DA44 
 3560      6815E1
 3561 0aa2 8E08D745 		.ascii	"\216\010\327E\270%\362G\312\256\242\265\371\003\362"
 3561      B825F247 
 3561      CAAEA2B5 
 3561      F903F2
 3562 0ab1 A6103A81 		.ascii	"\246\020:\201.F\020J\011\317\255\343\220\026\021.\365"
 3562      2E46104A 
 3562      09CFADE3 
 3562      9016112E 
 3562      F5
 3563 0ac2 A3F7D69A 		.ascii	"\243\367\326\232\200\224k\221\245\370\216\316\344\217"
 3563      80946B91 
 3563      A5F88ECE 
 3563      E48F
 3564 0ad0 E2874538 		.ascii	"\342\207E8\327\217\242lEQ\"\\\355G\317cM\317w\375\010"
 3564      D78FA26C 
 3564      4551225C 
 3564      ED47CF63 
 3564      4DCF77FD 
 3565 0ae5 D9A808B9 		.ascii	"\331\250\010\271 \302\371\010\0206EG\262\340\256\025"
 3565      20C2F908 
 3565      10364547 
 3565      B2E0AE15 
 3566 0af5 C8163366 		.ascii	"\310\0263f\0223\035\237\035\227\247\254\214\016]\020"
 3566      12331D9F 
 3566      1D97A7AC 
 3566      8C0E5D10 
 3567 0b05 EFEA1744 		.ascii	"\357\352\027D\326s\030\361c\227\203\254K\347\346\013"
 3567      D67318F1 
 3567      639783AC 
 3567      4BE7E60B 
 3568 0b15 AD616BE8 		.ascii	"\255ak\350\003}\027r\024\301\247\314T\3510\370?\366"
 3568      037D1772 
 3568      14C1A7CC 
 3568      54E930F8 
 3568      3FF6
 3569 0b27 2D90F3AC 		.ascii	"-\220\363\254\363\324K\205\245,\033t\313\376\202<c\340"
 3569      F3D44B85 
 3569      A52C1B74 
 3569      CBFE823C 
 3569      63E0
 3570 0b39 E0A15744 		.ascii	"\340\241WD\020\366\177\"\302c\232\277\032\246\316\336"
 3570      10F67F22 
 3570      C2639ABF 
 3570      1AA6CEDE 
 3571 0b49 3B408B9B 		.ascii	";@\213\233\247\232=\317D\345d\307\217\341\203z\332\251"
 3571      A79A3DCF 
 3571      44E564C7 
 3571      8FE1837A 
 3571      DAA9
ARM GAS  C:\Users\acest\AppData\Local\Temp\cc7GpQc1.s 			page 133


 3572 0b5b 5CE3B353 		.ascii	"\\\343\263S\247\033M\226W\001\360\177\0105\334\254\322"
 3572      A71B4D96 
 3572      5701F07F 
 3572      0835DCAC 
 3572      D2
 3573 0b6c FA540299 		.ascii	"\372T\002\231D\304*\356Y\236\376\023\376\242\226\342"
 3573      44C42AEE 
 3573      599EFE13 
 3573      FEA296E2 
 3574 0b7c E78D6BB9 		.ascii	"\347\215k\271\365\376\310xzb\260l\305<]\242\231F\002"
 3574      F5FEC878 
 3574      7A62B06C 
 3574      C53C5DA2 
 3574      994602
 3575 0b8f 4CA6138C 		.ascii	"L\246\023\214\340.\244\320\303L\333\260}\366*)8\005"
 3575      E02EA4D0 
 3575      C34CDBB0 
 3575      7DF62A29 
 3575      3805
 3576 0ba1 6411C826 		.ascii	"d\021\310&J\236\230\036EA\305\325\025GC\222\311L\015"
 3576      4A9E981E 
 3576      4541C5D5 
 3576      15474392 
 3576      C94C0D
 3577 0bb4 8480BC0B 		.ascii	"\204\200\274\013w$M\333,M[\016\3256?\212\333\376&?\215"
 3577      77244DDB 
 3577      2C4D5B0E 
 3577      D5363F8A 
 3577      DBFE263F 
 3578 0bc9 11C952A5 		.ascii	"\021\311R\245a\030?\332\022\311r\245a\010)\211\022\310"
 3578      61183FDA 
 3578      12C972A5 
 3578      61082989 
 3578      12C8
 3579 0bdb 3AA6F4F6 		.ascii	":\246\364\366\201\233Gb\303S\340B\242?t\330\242t\374"
 3579      819B4762 
 3579      C353E042 
 3579      A23F74D8 
 3579      A274FC
 3580 0bee 01D9811D 		.ascii	"\001\331\201\035+\224\253\201\244\022\257\366c\251\301"
 3580      2B94AB81 
 3580      A412AFF6 
 3580      63A9C1
 3581 0bfd 72084B3D 		.ascii	"r\010K=\226\006,\247\251\350\227\217Uv\336\025\207\016"
 3581      96062CA7 
 3581      A9E8978F 
 3581      5576DE15 
 3581      870E
 3582 0c0f 8D1FAA9B 		.ascii	"\215\037\252\233\264\371\345-\227_\257\346\223v\021"
 3582      B4F9E52D 
 3582      975FAFE6 
 3582      937611
 3583 0c1e 81A50456 		.ascii	"\201\245\004Vkf\024\220\300\324x4\207O\015\304|\023"
 3583      6B661490 
 3583      C0D47834 
 3583      874F0DC4 
 3583      7C13
ARM GAS  C:\Users\acest\AppData\Local\Temp\cc7GpQc1.s 			page 134


 3584 0c30 840904BE 		.ascii	"\204\011\004\276rJ3\217@\036\216\310J\006B\302\253\010"
 3584      724A338F 
 3584      401E8EC8 
 3584      4A0642C2 
 3584      AB08
 3585 0c42 94125847 		.ascii	"\224\022XG\340[\002\033\010\254!PB`#\201\365\004\326"
 3585      E05B021B 
 3585      08AC2150 
 3585      42602381 
 3585      F504D6
 3586 0c55 129E247D 		.ascii	"\022\236$}\275\232\360\345A\302\331\231\220rN\366L\003"
 3586      BD9AF0E5 
 3586      41C2D999 
 3586      90724EF6 
 3586      4C03
 3587 0c67 1505810A 		.ascii	"\025\005\201\012\211\006z\254\201\212\303h*\230\331"
 3587      89067AAC 
 3587      818AC368 
 3587      2A98D9
 3588 0c76 73039805 		.ascii	"s\003\230\005A\230\371:AO4A+\302)q\237dk\202\026\207"
 3588      4198F93A 
 3588      414F3441 
 3588      2BC22971 
 3588      9F646B82 
 3589 0c8c 0BE298A7 		.ascii	"\013\342\230\247\232\234e\341\2549\246O\303,\011\367"
 3589      9A9C65E1 
 3589      AC39A64F 
 3589      C32C09F7 
 3590 0c9c 3F12222B 		.ascii	"?\022\"+-\270\371\261\320\360x\224\365\335\272\001\301"
 3590      2DB8F9B1 
 3590      D0F07894 
 3590      F5DDBA01 
 3590      C1
 3591 0cad 31594EC0 		.ascii	"1YN\300\247\305d\341\215+\235\272E\301\247I\333D\203"
 3591      A7C564E1 
 3591      8D2B9DBA 
 3591      45C1A749 
 3591      DB4483
 3592 0cc0 72139562 		.ascii	"r\023\225b\\\266\342\310\024\202\221@a\265\307rY2\332"
 3592      5CB6E2C8 
 3592      14829140 
 3592      61B5C772 
 3592      5932DA
 3593 0cd3 44A00CC1 		.ascii	"D\240\014\301\021F\266\253\256\374S\212@f\371\014\301"
 3593      1146B6AB 
 3593      AEFC538A 
 3593      4066F90C 
 3593      C1
 3594 0ce4 C738E054 		.ascii	"\3078\340Tm\360s\011\314\301\301\337\314P8\370[\010"
 3594      6DF07309 
 3594      CCC1C1DF 
 3594      CC5038F8 
 3594      5B08
 3595 0cf6 6CA5834C 		.ascii	"l\245\203L*\321\200*,u\314\210\302\275\267\345\220\005"
 3595      2AD1802A 
 3595      2C75CC88 
 3595      C2BDB7E5 
ARM GAS  C:\Users\acest\AppData\Local\Temp\cc7GpQc1.s 			page 135


 3595      9005
 3596 0d08 7827815D 		.ascii	"x'\201]\352\354;\317@7\326\035\274\015\301\240\335\032"
 3596      EAEC3BCF 
 3596      4037D61D 
 3596      BC0DC1A0 
 3596      DD1A
 3597 0d1a 886E9BFC 		.ascii	"\210n\233\374\247\367\0325K+4\346{\250\245\235T\212"
 3597      A7F71A35 
 3597      4B2B34E6 
 3597      7BA8A59D 
 3597      548A
 3598 0d2c B96C617D 		.ascii	"\271la}\233\231\206<_\214\313\324\023\331=\204\256\306"
 3598      9B99863C 
 3598      5F8CCBD4 
 3598      13D93D84 
 3598      AEC6
 3599 0d3e FBFA8F63 		.ascii	"\373\372\217c\345\264\021y\355c\246T\022\360\023\330"
 3599      E5B41179 
 3599      ED63A654 
 3599      12F013D8 
 3600 0d4e AF866CB9 		.ascii	"\257\206l\271rj\213r\366\207\311\3411\324\265\263\204"
 3600      726A8B72 
 3600      F687C9E1 
 3600      31D4B5B3 
 3600      84
 3601 0d5f 7BB65A84 		.ascii	"{\266Z\204\275D\217Qb\210\356\266}\335\305\306\3603"
 3601      BD448F51 
 3601      6288EEB6 
 3601      7DDDC5C6 
 3601      F033
 3602 0d71 CEDD11B4 		.ascii	"\316\335\021\264\222nfP\353\363\322\226X\272\356\312"
 3602      926E6650 
 3602      EBF3D296 
 3602      58BAEECA 
 3603 0d81 6CC9F59F 		.ascii	"l\311\365\237\033\252,\271gE\250&p\340\257Y$P\010=4"
 3603      1BAA2CB9 
 3603      6745A826 
 3603      70E0AF59 
 3603      2450083D 
 3604 0d96 267088C0 		.ascii	"&p\210\300A\302\327X\337\205\3252\263\247\212\300\016"
 3604      41C2D758 
 3604      DF85D532 
 3604      B3A78AC0 
 3604      0E
 3605 0da7 26454507 		.ascii	"&EE\007\244\370\232\024\010?\264EH\310\241\355c\312"
 3605      A4F89A14 
 3605      083FB445 
 3605      48C8A1ED 
 3605      63CA
 3606 0db9 EFB599B7 		.ascii	"\357\265\231\267go\204\241\372\017\31574\212.\2566P"
 3606      676F84A1 
 3606      FA0FCD37 
 3606      348A2EAE 
 3606      3650
 3607 0dcb 9ED8713B 		.ascii	"\236\330q;\2013\241\032\250\303z\017\360u1\207\300\014"
 3607      8133A11A 
 3607      A8C37A0F 
ARM GAS  C:\Users\acest\AppData\Local\Temp\cc7GpQc1.s 			page 136


 3607      F0753187 
 3607      C00C
 3608 0ddd 06514D79 		.ascii	"\006QMy.j\223.\213;~:\201>1\014\243x\276|M~\254\217"
 3608      2E6A932E 
 3608      8B3B7E3A 
 3608      813E310C 
 3608      A378BE7C 
 3609 0df5 1E7C88D0 		.ascii	"\036|\210\320\305@t\261\020\240\223B:DfM\373\332\200"
 3609      C54074B1 
 3609      10A09342 
 3609      3A44664D 
 3609      FBDA80
 3610 0e08 350D0CA2 		.ascii	"5\015\014\242ZsD\014X\334\241Y<\233\3501{4>\353\016"
 3610      5A73440C 
 3610      58DCA159 
 3610      3C9BE831 
 3610      7B343EEB 
 3611 0e1d CD90074E 		.ascii	"\315\220\007N\211\201\036\021\272CU\335\347\252\232"
 3611      89811E11 
 3611      BA4355DD 
 3611      E7AA9A
 3612 0e2c 946D052E 		.ascii	"\224m\005.\364MA\224\217\006\304te\037\346\246\343\306"
 3612      F44D4194 
 3612      8F06C474 
 3612      651FE6A6 
 3612      E3C6
 3613 0e3e E94010A6 		.ascii	"\351@\020\246F3\313W\230\303\005%Bm\220{\374:\323g\257"
 3613      4633CB57 
 3613      98C30525 
 3613      426D907B 
 3613      FC3AD367 
 3614 0e53 CF57836E 		.ascii	"\317W\203n\277\030\006\342\234\037k\373\234\272pe\234"
 3614      BF1806E2 
 3614      9C1F6BFB 
 3614      9CBA7065 
 3614      9C
 3615 0e64 D092435C 		.ascii	"\320\222C\\\3163\021\036\005a:\305\220\270\252\304\360"
 3615      CE33111E 
 3615      05613AC5 
 3615      90B8AAC4 
 3615      F0
 3616 0e75 16D9D3E9 		.ascii	"\026\331\323\351\031\026Yu\004\316\0218J\240\236\300"
 3616      19165975 
 3616      04CE1138 
 3616      4AA09EC0 
 3617 0e85 6102A709 		.ascii	"a\002\247\011\234%p\214\300\021\002\215\004\232\010"
 3617      9C25708C 
 3617      C011028D 
 3617      049A08
 3618 0e94 34103845 		.ascii	"4\0208E\3408\201\223\004N(\023\252k\2712d\370L\3750"
 3618      E0388193 
 3618      044E2813 
 3618      AA6BB932 
 3618      64F84CFD 
 3619 0ea9 D48F3CC7 		.ascii	"\324\217<\307\370.*\2641\322\217\205\373Q\001\335T\306"
 3619      F82E2AB4 
 3619      31D28F85 
ARM GAS  C:\Users\acest\AppData\Local\Temp\cc7GpQc1.s 			page 137


 3619      FB5101DD 
 3619      54C6
 3620 0ebb 0C13D05C 		.ascii	"\014\023\320\\\346$\236\223\264\265\204\236\001\346"
 3620      E6249E93 
 3620      B4B5849E 
 3620      01E6
 3621 0ec9 9C586C8E 		.ascii	"\234Xl\216\017\263`\305\337o\001\351\303\3446#\232\012"
 3621      0FB360C5 
 3621      DF6F01E9 
 3621      C3E43623 
 3621      9A0A
 3622 0edb 6F5A74B2 		.ascii	"oZt\262($o] pQMnE\014T\263\265\354\207\014\343W1\227"
 3622      28246F5D 
 3622      2070514D 
 3622      6E450C54 
 3622      B3B5EC87 
 3623 0ef4 340CDE5F 		.ascii	"4\014\336_\275\347\322f\375\326^\263\365\012Q\266T#"
 3623      BDE7D266 
 3623      FDD65EB3 
 3623      F50A51B6 
 3623      5423
 3624 0f06 C9A66881 		.ascii	"\311\246h\201l\307R\211\245\232\211\255\314\334\235"
 3624      6CC75289 
 3624      A59A89AD 
 3624      CCDC9D
 3625 0f15 1315BE79 		.ascii	"\023\025\276y\270\256\337<\340\343\313\276\251\323g"
 3625      B8AEDF3C 
 3625      E0E3CBBE 
 3625      A9D367
 3626 0f24 892CFBEF 		.ascii	"\211,\373\357\254\254\234\3626\317\2107\010\\#\320\026"
 3626      ACAC9CF2 
 3626      36CF8837 
 3626      085C23D0 
 3626      16
 3627 0f35 29FF073D 		.ascii	")\377\007=\226|\307@(\255\225\031>5\206\235\356.\372"
 3627      967CC740 
 3627      28AD9519 
 3627      3E35869D 
 3627      EE2EFA
 3628 0f48 362AFC09 		.ascii	"6*\374\011\346f0tf\014e\376\247\300\233\226?\341\312"
 3628      E6663074 
 3628      660C65FE 
 3628      A7C09B96 
 3628      3FE1CA
 3629 0f5b 368F755F 		.ascii	"6\217u_5\343\\_\204\347\276\016\212\301\356w\010\334"
 3629      35E35C5F 
 3629      84E7BE0E 
 3629      8AC1EE77 
 3629      08DC
 3630 0f6d 26A43046 		.ascii	"&\2440F %\024.\255\254-*\264\304\207\277\206\273\213"
 3630      2025142E 
 3630      ADAC2D2A 
 3630      B4C487BF 
 3630      86BB8B
 3631 0f80 339EE9BB 		.ascii	"3\236\351\273\257\244\265\235\230 \377s\0123\217g\255"
 3631      AFA4B59D 
 3631      9820FF73 
ARM GAS  C:\Users\acest\AppData\Local\Temp\cc7GpQc1.s 			page 138


 3631      0A338F67 
 3631      AD
 3632 0f91 7B6159AB 		.ascii	"{aY\253\234\021\250\315Y\234\027\027\376\212\255"
 3632      9C11A8CD 
 3632      599C1717 
 3632      FE8AAD
 3633 0fa0 3B4820DF 		.ascii	";H \337\266\001\331\215D\366c\251g]\267d.\237\037\023"
 3633      B601D98D 
 3633      44F663A9 
 3633      675DB764 
 3633      2E9F1F13 
 3634 0fb4 CEFD71D0 		.ascii	"\316\375q\320\206\355\024\302\233\031\374\340\211\272"
 3634      86ED14C2 
 3634      9B19FCE0 
 3634      89BA
 3635 0fc2 7B21E1F1 		.ascii	"{!\341\361\024g\231\032\036m\\\346\255\035\207\214\301"
 3635      1467991A 
 3635      1E6D5CE6 
 3635      AD1D878C 
 3635      C1
 3636 0fd3 A0E71A08 		.ascii	"\240\347\032\010\001\335\313f\2566i\361\321\247\215"
 3636      01DDCB66 
 3636      AE3669F1 
 3636      D1A78D
 3637 0fe2 9A2CA194 		.ascii	"\232,\241\224GT\212\371\321\263\276\331\006m\355;V\242"
 3637      47548AF9 
 3637      D1B3BED9 
 3637      066DED3B 
 3637      56A2
 3638 0ff4 AC7D4D00 		.ascii	"\254}M\000S$\310\224\"\274\230\013"
 3638      5324C894 
 3638      22BC980B 
 3639 1000 5E869018 		.ascii	"^\206\220\030\242\320\210\351\270\227\226`\252\244\314"
 3639      A2D088E9 
 3639      B8979660 
 3639      AAA4CC
 3640 100f D5A3D57C 		.ascii	"\325\243\325|a\223%\272\370\351\004\351vY\015\312\002"
 3640      619325BA 
 3640      F8E904E9 
 3640      76590DCA 
 3640      02
 3641 1020 89985D61 		.ascii	"\211\230]a\030\266\366e\325\336\274l\011_\373\236GP"
 3641      18B6F665 
 3641      D5DEBC6C 
 3641      095FFB9E 
 3641      4750
 3642 1032 4A9EA3FF 		.ascii	"J\236\243\377\026\306\012dE,\355\271\375za\223\305r"
 3642      16C60A64 
 3642      452CEDB9 
 3642      FD7A6193 
 3642      C572
 3643 1044 25ECC164 		.ascii	"%\354\301d\246\024\364`b>\265\241(\213mx\371Z)W\014"
 3643      A614F460 
 3643      623EB5A1 
 3643      288B6D78 
 3643      F95A2957 
 3644 1059 5D20B3B5 		.ascii	"] \263\265r\206\004\275\230\026\244\2205\250\205\346"
ARM GAS  C:\Users\acest\AppData\Local\Temp\cc7GpQc1.s 			page 139


 3644      728604BD 
 3644      9816A490 
 3644      35A885E6 
 3645 1069 C612E45D 		.ascii	"\306\022\344]\200\230Y\022dK\024\243\006\214\262cS\010"
 3645      80985912 
 3645      644B14A3 
 3645      068CB263 
 3645      5308
 3646 107b FF40801E 		.ascii	"\377@\200\036Bwh\220\305P\2506G\202\\\011f+^\362\265"
 3646      42776890 
 3646      C550A836 
 3646      47825C09 
 3646      662B5EF2 
 3647 1090 2B1E7842 		.ascii	"+\036xB\340\021S\026\272\253%\245\314\232-\323\212k"
 3647      E0115316 
 3647      BAAB25A5 
 3647      CC9A2DD3 
 3647      8A6B
 3648 10a2 0CF16162 		.ascii	"\014\361ab\347F\020\313\017o\200T\242+j\260\234\240"
 3648      E74610CB 
 3648      0F6F8054 
 3648      A22B6AB0 
 3648      9CA0
 3649 10b4 028CFBAB 		.ascii	"\002\214\373\253\012\346\320q\246C\323\240\254#\337"
 3649      0AE6D071 
 3649      A643D3A0 
 3649      AC23DF
 3650 10c3 88B04082 		.ascii	"\210\260@\202E\341Ju;u\211\232\004\363\031\014\365,"
 3650      45E14A75 
 3650      3B75899A 
 3650      04F3190C 
 3650      F52C
 3651 10d5 9660A1A4 		.ascii	"\226`\241\244<r\327\255\377\202J\341\273\201E\241~\""
 3651      3C72D7AD 
 3651      FF824AE1 
 3651      BB8145A1 
 3651      7E22
 3652 10e7 CD8CF89C 		.ascii	"\315\214\370\234\255\307\253\015\361a\002\013B\005\222"
 3652      ADC7AB0D 
 3652      F161020B 
 3652      420592
 3653 10f6 56A4DA8E 		.ascii	"V\244\332\216\245\227u\313\277_r/6\346J?\017i8\2757"
 3653      A59775CB 
 3653      BF5F722F 
 3653      36E64A3F 
 3653      0F6938BD 
 3654 110b AFD83323 		.ascii	"\257\3303#jh|\013}\233|\257e\323He\203\263L\202\"\011"
 3654      6A687C0B 
 3654      7D9B7CAF 
 3654      65D34865 
 3654      83B34C82 
 3655 1121 56844652 		.ascii	"V\204FRX\326)d \324\277\234)\3375\200*\365\357\274\273"
 3655      58D62964 
 3655      20D4BF9C 
 3655      29DF3580 
 3655      2AF5EFBC 
 3656 1136 D9129EA1 		.ascii	"\331\022\236\241\212\203\260\205dP\211\334~j@\340\021"
ARM GAS  C:\Users\acest\AppData\Local\Temp\cc7GpQc1.s 			page 140


 3656      8A83B085 
 3656      645089DC 
 3656      7E6A40E0 
 3656      11
 3657 1147 89C74DDE 		.ascii	"\211\307M\336\331\327\225\270y@\240\013\037`\264\230"
 3657      D9D795B8 
 3657      7940A00B 
 3657      1F60B498 
 3658 1157 C80B8D89 		.ascii	"\310\013\215\211\335\"\354\022\331\303d\011\223\273"
 3658      DD22EC12 
 3658      D9C36409 
 3658      93BB
 3659 1165 5A826F25 		.ascii	"Z\202o%X)A\251\004\253$X+\301\032\011\326)n\366\035"
 3659      582941A9 
 3659      04AB2458 
 3659      2BC11A09 
 3659      D6296EF6 
 3660 117a 5176FEB7 		.ascii	"Qv\376\267\010\\e=\002\007.D[\321\226o\344+\332\022"
 3660      085C653D 
 3660      02072E44 
 3660      5BD1966F 
 3660      E42BDA12 
 3661 118e 09F2250A 		.ascii	"\011\362%\012\342~\326o\315\326Q\010\015\332<\011\036"
 3661      E27ED66F 
 3661      CDD65108 
 3661      0DDA3C09 
 3661      1E
 3662 119f 32413C88 		.ascii	"2A<\210\364A\353\273\250\310i\306\315\245H1|\331Sv3"
 3662      F441EBBB 
 3662      A8C869C6 
 3662      CDA54831 
 3662      7CD95376 
 3663 11b4 CAB4AD54 		.ascii	"\312\264\255T\030u\022h\017g\304\267\006\347\032x\214"
 3663      18751268 
 3663      0F67C4B7 
 3663      06E71A78 
 3663      8C
 3664 11c5 5D21703E 		.ascii	"]!p>\010\263'\2605\350\272\271Q\211C\011\226JzL\205"
 3664      08B327B0 
 3664      35E8BAB9 
 3664      51894309 
 3664      964A7A4C 
 3665 11da 1858860B 		.ascii	"\030X\206\013\017uv\232\343\303|7\363\257\373\016;/"
 3665      0F75769A 
 3665      E3C37C37 
 3665      F3AFFB0E 
 3665      3B2F
 3666 11ec 3893BB23 		.ascii	"8\223\273#\346uz\210\357\353\231\267\351\203|\271\030"
 3666      E6757A88 
 3666      EFEB99B7 
 3666      E9837CB9 
 3666      18
 3667 11fd 1FCCD74B 		.ascii	"\037\314\327K\260\223\035(qQ\270}\027\205\317\366\306"
 3667      B0931D28 
 3667      7151B87D 
 3667      1785CFF6 
 3667      C6
ARM GAS  C:\Users\acest\AppData\Local\Temp\cc7GpQc1.s 			page 141


 3668 120e 91272C06 		.ascii	"\221',\006J\033/\224\362\303_??\212-<\260\276%.\302"
 3668      4A1B2F94 
 3668      F2C35F3F 
 3668      3F8A2D3C 
 3668      B0BE252E 
 3669 1223 C16B3906 		.ascii	"\301k9\006H\031\002\351K4L\234\225Y\321\2308\247\312"
 3669      481902E9 
 3669      4B344C9C 
 3669      9559D198 
 3669      38A7CA
 3670 1236 F27E096F 		.ascii	"\362~\011o\301FIy\225\346\243u\365=\206\357\025\024"
 3670      C1464979 
 3670      95E6A375 
 3670      F53D86EF 
 3670      1514
 3671 1248 B8ADE3A9 		.ascii	"\270\255\343\251\317\020\3703\000\\\244\003\317^\210"
 3671      CF10F833 
 3671      005CA403 
 3671      CF5E88
 3672 1257 1B0123E9 		.ascii	"\033\001#\351\021k\311\223=d\0207\372\317\200\036R\225"
 3672      116BC993 
 3672      3D641037 
 3672      FACF801E 
 3672      5295
 3673 1269 6E96188C 		.ascii	"n\226\030\214/\356FD\256\331\225}8*\222\260\255L\330"
 3673      2FEE4644 
 3673      AED9957D 
 3673      382A92B0 
 3673      AD4CD8
 3674 127c 1689214D 		.ascii	"\026\211!M,'\274O_T|w\243*N/y;z\235\236~\357\220X\037"
 3674      2C27BC4F 
 3674      5F547C77 
 3674      A32A4E2F 
 3674      793B7A9D 
 3675 1296 9639376E 		.ascii	"\22697n?\250\373+\227\347\332\221\341N\016\250\277\340"
 3675      3FA8FB2B 
 3675      97E7DA91 
 3675      E14E0EA8 
 3675      BFE0
 3676 12a8 EBD501BE 		.ascii	"\353\325\001\276\325\316rv\321\205%;N \213\342(0\247"
 3676      D5CE7276 
 3676      D185253B 
 3676      4E208BE2 
 3676      2830A7
 3677 12bb AABA88BE 		.ascii	"\252\272\210\276\026\202\012\3361/\373\324\273\314\267"
 3677      16820ADE 
 3677      312FFBD4 
 3677      BBCCB7
 3678 12ca F8144B7D 		.ascii	"\370\024K}\333<g\311LS\004\337V\"\231\275\252o\013z"
 3678      DB3C67C9 
 3678      4C5304DF 
 3678      562299BD 
 3678      AA6F0B7A 
 3679 12de 37F5BE55 		.ascii	"7\365\276U\235)\323\327\231\270\363\255\224`7w.\354"
 3679      9D29D3D7 
 3679      99B8F3AD 
 3679      94603777 
ARM GAS  C:\Users\acest\AppData\Local\Temp\cc7GpQc1.s 			page 142


 3679      2EEC
 3680 12f0 91601FBD 		.ascii	"\221`\037\275R\335\3734\201\334\215\343\235|=wO\217"
 3680      52DDFB34 
 3680      81DC8DE3 
 3680      9D7C3D77 
 3680      4F8F
 3681 1302 AAE29DFE 		.ascii	"\252\342\235\376\2352\364\253\003\202\343\343\017\364"
 3681      9D32F4AB 
 3681      0382E3E3 
 3681      0FF4
 3682 1310 684920BD 		.ascii	"hI \275\341L\231\204\374\362M\363M\025\312\033\350\237"
 3682      E14C9984 
 3682      FCF24DF3 
 3682      4D15CA1B 
 3682      E89F
 3683 1322 D0771150 		.ascii	"\320w\021P\245\350\255\226\240F\302+U\312\375\0042}"
 3683      A5E8AD96 
 3683      A046C22B 
 3683      55CAFD04 
 3683      327D
 3684 1334 A0AAF7F8 		.ascii	"\240\252\367\370\271 \275\007T\275\007%\254\253=\352"
 3684      B920BD07 
 3684      54BD0725 
 3684      ACAB3DEA 
 3685 1344 13C8BC81 		.ascii	"\023\310\274\201\375\351\275\2738D\357!Eo\255\004u\022"
 3685      FDE9BDBB 
 3685      3844EF21 
 3685      456FAD04 
 3685      7512
 3686 1356 5EA9526E 		.ascii	"^\251Rn%\320\275\302\272\0355\374\351\320\377\275\177"
 3686      25D0BDC2 
 3686      BA1D35FC 
 3686      E9D0FFBD 
 3686      7F
 3687 1367 F883D063 		.ascii	"\370\203\320cWsw\352^\364\324k\023\3560\037\237)Mg\317"
 3687      577377EA 
 3687      5EF4D46B 
 3687      13EE301F 
 3687      9F294D67 
 3688 137c E9760CCD 		.ascii	"\351v\014\315Z\326=\302( \244\267\253/_w\236U\242\215"
 3688      5AD63DC2 
 3688      2820A4B7 
 3688      AB2F5F77 
 3688      9E55A28D 
 3689 1390 7D039731 		.ascii	"}\003\2271\247\256\255\201\313\360G\370+\032\262\214"
 3689      A7AEAD81 
 3689      CBF047F8 
 3689      2B1AB28C 
 3690 13a0 997DE1DA 		.ascii	"\231}\341\332\275\373\226\340\275m\360_Z\345>\2333F"
 3690      BDFB96E0 
 3690      BD6DF05F 
 3690      5AE53E9B 
 3690      3346
 3691 13b2 D3D2A831 		.ascii	"\323\322\2501=\316\265\334\255j9\032\315B\351\270\004"
 3691      3DCEB5DC 
 3691      AD6A391A 
 3691      CD42E9B8 
ARM GAS  C:\Users\acest\AppData\Local\Temp\cc7GpQc1.s 			page 143


 3691      04
 3692 13c3 2E524EA5 		.ascii	".RN\245\032w\317\332Z\"\361#\303(\334\246KS\351\273"
 3692      1A77CFDA 
 3692      5A22F123 
 3692      C328DCA6 
 3692      4B53E9BB 
 3693 13d7 CC33929F 		.ascii	"\3143\222\237\036\037N\213QN\003O\322&$#\301i\211\276"
 3693      1E1F4E8B 
 3693      514E034F 
 3693      D2262423 
 3693      C16989BE 
 3694 13eb FFDCB8F0 		.ascii	"\377\334\270\360\236\366.\347\214\024\210\301\263\010"
 3694      9EF62EE7 
 3694      8C1488C1 
 3694      B308
 3695 13f9 3AA1CDEF 		.ascii	":\241\315\357\307\201\371=\024o\3011uX\233h]\035\220"
 3695      C781F93D 
 3695      146FC131 
 3695      75589B68 
 3695      5D1D90
 3696 140c DC57C8B6 		.ascii	"\334W\310\266\201\021\263\310\325m\233J\215\0015~\355"
 3696      8111B3C8 
 3696      D56D9B4A 
 3696      8D01357E 
 3696      ED
 3697 141d EDDF79EC 		.ascii	"\355\337y\354\334\254\250\351:\1773w@\243,\027\347\241"
 3697      DCACA8E9 
 3697      3A7F3377 
 3697      40A32C17 
 3697      E7A1
 3698 142f 3409CEA9 		.ascii	"4\011\316\251:.\320\272\252c\361\313\364\014s\356\212"
 3698      3A2ED0BA 
 3698      AA63F1CB 
 3698      F40C73EE 
 3698      8A
 3699 1440 39519A7F 		.ascii	"9Q\232\177\256kN\276\310\375\263\252\264\263Gw\310y"
 3699      AE6B4EBE 
 3699      C8FDB3AA 
 3699      B4B34777 
 3699      C879
 3700 1452 5B035CE2 		.ascii	"[\003\\\342\200\322\005\276\007\2729\274I\033\307\313"
 3700      80D205BE 
 3700      07BA39BC 
 3700      491BC7CB 
 3701 1462 1CB0ECF0 		.ascii	"\034\260\354\360\303\007\374\035\251\277\277\227\\\305"
 3701      C307FC1D 
 3701      A9BFBF97 
 3701      5CC5
 3702 1470 4F5AEFE9 		.ascii	"OZ\357\351Xl\327\275\013\240y\240\236\317\011\337N\345"
 3702      586CD7BD 
 3702      0BA079A0 
 3702      9ECF09DF 
 3702      4EE5
 3703 1482 EF2370E6 		.ascii	"\357#p\346\241UWU\253\276\243u\325*?\265\252\352\370"
 3703      A1555755 
 3703      ABBEA375 
 3703      D52A3FB5 
ARM GAS  C:\Users\acest\AppData\Local\Temp\cc7GpQc1.s 			page 144


 3703      AAEAF8
 3704 1495 B94BBA77 		.ascii	"\271K\272w\013\3674\322\3278\247\351W\036\377X\273\277"
 3704      0BF734D2 
 3704      D738A7E9 
 3704      571EFF58 
 3704      BBBF
 3705 14a7 5E8B8AEB 		.ascii	"^\213\212\353\374~c\375\241V]\374\352\376\254\354\006"
 3705      FC7E63FD 
 3705      A1565DFC 
 3705      EAFEACEC 
 3705      06
 3706 14b8 076436B4 		.ascii	"\007d6\264\346\350f\300B\215q+e|\231\015\336\241\207"
 3706      E6E866C0 
 3706      428D712B 
 3706      657C990D 
 3706      DEA187
 3707 14cb 8DBB2C91 		.ascii	"\215\273,\221\336n\336\224\330\353H\026\021\273\327"
 3707      DE6EDE94 
 3707      D8EB4816 
 3707      11BBD7
 3708 14da 9CD8F6BA 		.ascii	"\234\330\366\272\232\225$\274\005m\252a\267h]5lo\002"
 3708      9A9524BC 
 3708      056DAA61 
 3708      B7685D35 
 3708      6C6F02
 3709 14ed 29792962 		.ascii	")y)bH\314]\330\273&Zm\270McQ~\330\373\334\034!\035v"
 3709      48CC5DD8 
 3709      BB265A6D 
 3709      B84D6351 
 3709      7ED8FBDC 
 3710 1505 A0B43B5A 		.ascii	"\240\264;Z(\346\316\324\226\232\016\011\332U\275\235"
 3710      28E6CED4 
 3710      969A0E09 
 3710      DA55BD9D 
 3711 1515 B4AEEABD 		.ascii	"\264\256\352\275I\035z8\273w\212n\200\226j\346vQ\305"
 3711      491D7A38 
 3711      BB778A6E 
 3711      80966AE6 
 3711      7651C5
 3712 1528 86BF6438 		.ascii	"\206\277d83\234R\232\363k\357\373\303\207\217\320\377"
 3712      339C529A 
 3712      F36BEFFB 
 3712      C3878FD0 
 3712      FF
 3713 1539 FF282979 		.ascii	"\377()y|\362Xo\206#\3315\302N\353.\317\350Q\243F\215"
 3713      7CF2586F 
 3713      8623D935 
 3713      C24EEB2E 
 3713      CFE851A3 
 3714 154f 707946B8 		.ascii	"pyF\270\275#<n;\266z\234\251\303\355\346_\177\372\373"
 3714      BD233C6E 
 3714      3BB67A9C 
 3714      A9C3EDE6 
 3714      5F7FFAFB 
 3715 1563 211F8D7A 		.ascii	"!\037\215zOxIi\030>~\302h\307;\343\035\016\301lO\262"
 3715      4F784969 
 3715      183E7EC2 
ARM GAS  C:\Users\acest\AppData\Local\Temp\cc7GpQc1.s 			page 145


 3715      68C73BE3 
 3715      1D0EC16C 
 3716 1579 320D16B5 		.ascii	"2\015\026\265b\365J\351n\347\304\267\355?\033\307\204"
 3716      62F54AE9 
 3716      6EE7C4B7 
 3716      ED3F1BC7 
 3716      84
 3717 158a 7A988271 		.ascii	"z\230\202q:\005\343\\\236qn\357\270\3444{J\206\303\211"
 3717      3A05E35C 
 3717      9E716EEF 
 3717      B8E4347B 
 3717      4A86C389 
 3718 159e 775210E4 		.ascii	"wR\020\344\031\236$\304\240\014\224oKOr\271\235\304"
 3718      199E24C4 
 3718      A00C946F 
 3718      4B4F72B9 
 3718      9DC4
 3719 15b0 9EE63560 		.ascii	"\236\3465`\261zG\275\200(J/I\210\016H\261zc=\223=\311"
 3719      B17A47BD 
 3719      80284A2F 
 3719      49880E48 
 3719      B17A633D 
 3720 15c7 695EA77B 		.ascii	"i^\247{\242-\305\3525\244z\022\255^2\352]!\312\346N"
 3720      A22DC5EA 
 3720      35A47A12 
 3720      AD5E32EA 
 3720      5D21CAE6 
 3721 15dc 9DF89EF3 		.ascii	"\235\370\236\363\255T\301bw\271\275\316\257\337J}\207"
 3721      AD54C162 
 3721      77B9BDCE 
 3721      AFDF4A7D 
 3721      87
 3722 15ed 1A38D699 		.ascii	"\0328\326\231\372\007[\262w\354\360t\233\333;|\244E"
 3722      FA075BB2 
 3722      77ECF074 
 3722      9BDB3B7C 
 3722      A445
 3723 15ff 6B79F3A3 		.ascii	"ky\363\243\237\215\373\275\307\351\366\214\263\331\235"
 3723      9F8DFBBD 
 3723      C7E9F68C 
 3723      B3D99D
 3724 160e 1EEFB87F 		.ascii	"\036\357\270\177sz\276\362\272\322\307}1\374\303\341"
 3724      737ABEF2 
 3724      BAD2C77D 
 3724      31FCC3E1 
 3725 161e 1F0DFFE5 		.ascii	"\037\015\377\345876[\323\335\256/\235v\257\360\301\337"
 3725      3837365B 
 3725      D3DDAE2F 
 3725      9D76AFF0 
 3725      C1DF
 3726 1630 EB6CE107 		.ascii	"\353l\341\007\001\215\277KNu\2722\002T^\012\273\021"
 3726      018DBF4B 
 3726      4E75BA32 
 3726      02545E0A 
 3726      BB11
 3727 1642 CF5AC626 		.ascii	"\317Z\306&'\246\331R>VP1\372\2668v\361\331xJ\351\343"
 3727      27A6D952 
ARM GAS  C:\Users\acest\AppData\Local\Temp\cc7GpQc1.s 			page 146


 3727      3E565031 
 3727      FAB63876 
 3727      F1D9784A 
 3728 1658 B464EFCB 		.ascii	"\264d\357\313\354\372\013\247\307\351\375C\2627\351"
 3728      ECFA0BA7 
 3728      C7E9FD43 
 3728      B237E9
 3729 1667 B74E8FC7 		.ascii	"\267N\217\307\226\350\3748!bsT@\337\300P\315\321:%\374"
 3729      96E8FC38 
 3729      21627354 
 3729      40DFC050 
 3729      CDD13A25 
 3730 167c E6870EC7 		.ascii	"\346\207\016\307G\256\014\352gE)\277I\373\304\342\265"
 3730      47AE0CEA 
 3730      674529BF 
 3730      49FBC4E2 
 3730      B5
 3731 168d 3DE9D7AE 		.ascii	"=\351\327\256\261)Ng\372X\263\327\343\265yq`F\277\310"
 3731      B1294E67 
 3731      FA58B3D7 
 3731      E3B57971 
 3731      6046BFC8 
 3732 16a1 B0DA931C 		.ascii	"\260\332\223\0348\256\203\365\222T'D\263\306/\2346\307"
 3732      38AE83F5 
 3732      92542744 
 3732      B3C62F9C 
 3732      36C7
 3733 16b3 E48F91B2 		.ascii	"\344\217\221\262\325\233\344\306\272\231\377X\031wz"
 3733      D59BE4C6 
 3733      BA99FF58 
 3733      19777A
 3734 16c2 1B45381D 		.ascii	"\033E8\035\031)\316\261\003\255\326\361\031\311)\336"
 3734      1929CEB1 
 3734      03ADD6F1 
 3734      19C929DE 
 3735 16d2 E434ABF3 		.ascii	"\3444\253\363\353tt\214\301\356J\363x\245\024\247m\202"
 3735      EB74748C 
 3735      C1EE4AF3 
 3735      78A514A7 
 3735      6D82
 3736 16e4 29CD85FD 		.ascii	")\315\205\375\\\223bX\247?\330\276rf\244\217%\366\244"
 3736      5C936258 
 3736      A73FD8BE 
 3736      7266A48F 
 3736      25F6A4
 3737 16f7 9196541B 		.ascii	"\221\226T\033\006\021\227\214_)\351\356d\227\311K\277"
 3737      0611978C 
 3737      5F29E9EE 
 3737      6497C94B 
 3737      BF
 3738 1708 AD5E53AA 		.ascii	"\255^S\252\367k\032\302t.\244f`$\231\235\351\3164Gr"
 3738      F76B1AC2 
 3738      742EA466 
 3738      6024999D 
 3738      E9CE3447 
 3739 171d 5A62B473 		.ascii	"Zb\264s\2423\315\233j\363|e\365\2321\362\330\0041MB"
 3739      A233CD9B 
ARM GAS  C:\Users\acest\AppData\Local\Temp\cc7GpQc1.s 			page 147


 3739      6AF37C65 
 3739      F59A31F2 
 3739      D804314D 
 3740 1732 9FE04D13 		.ascii	"\237\340M\023\302i\267(\345\327\352\205\014\243s\022"
 3740      C269B728 
 3740      E5D7EA85 
 3740      0CA37312 
 3741 1742 451B2779 		.ascii	"E\033'yQf:\376`H\244\233<T\210'\3210\311\353u\247\017"
 3741      51663AFE 
 3741      6048A49B 
 3741      3C548827 
 3741      D130C9EB 
 3742 1759 520C733B 		.ascii	"R\014s;'8\335\3164\0149/\342\\\343\277L7;\277N\366\332"
 3742      2738DDCE 
 3742      340C392F 
 3742      E25CE3BF 
 3742      4C373BBF 
 3743 1770 5D0EA7D1 		.ascii	"]\016\247\321\355\230\214\370\237\276\200\203],D\350"
 3743      ED988CF8 
 3743      9FBE8083 
 3743      5D2C44E8 
 3744 1780 249450B0 		.ascii	"$\224P\260\307\344\245\3378]&\244\330\022\361*\025\245"
 3744      C7E4A5DF 
 3744      385D26A4 
 3744      D812F12A 
 3744      15A5
 3745 1792 E2151B39 		.ascii	"\342\025\0339\343$\333x\233\307i\361x\277\262\245\340"
 3745      E324DB78 
 3745      9BC769F1 
 3745      78BFB2A5 
 3745      E0
 3746 17a3 20E3844F 		.ascii	" \343\204O\263\245:%{\222\315mpMJs\272\007\240E.\217"
 3746      B3A53A25 
 3746      7B92CD6D 
 3746      704D4A73 
 3746      BA07A045 
 3747 17b9 3519BD6A 		.ascii	"5\031\275jC\202\261\272:\222u3/\020\273\367kT\225\350"
 3747      4382B1BA 
 3747      3A927533 
 3747      2F10BBF7 
 3747      6B5495E8 
 3748 17cd 31A6B8   		.ascii	"1\246\270"
 3749 17d0 711CECE6 		.ascii	"q\034\354\346\014\364\357\333\243qn\272G\215\3022Rt"
 3749      0CF4EFDB 
 3749      A3716EBA 
 3749      478DC232 
 3749      5274
 3750 17e2 7F20BADF 		.ascii	"\177 \272\337\027\335\357\211\356wE\367OE\367;&\252"
 3750      17DDEF89 
 3750      EE7745F7 
 3750      4F45F73B 
 3750      26AA
 3751 17f4 165D1E9D 		.ascii	"\026]\036\235\216\363\025%zQ\304\230\357\267\321\356"
 3751      8EF31525 
 3751      7A51C498 
 3751      EFB7D1EE 
 3752 1804 4A4D75A5 		.ascii	"JMu\245\215\243\035p\326\322\011\377V\352[\266\024/"
ARM GAS  C:\Users\acest\AppData\Local\Temp\cc7GpQc1.s 			page 148


 3752      8DA31D70 
 3752      D6D209FF 
 3752      56EA5BB6 
 3752      142F
 3753 1816 E270D23B 		.ascii	"\342p\322;\321\\\321\223\316\345a\202Dy1\254\216\001"
 3753      D15CD193 
 3753      CEE56182 
 3753      447931AC 
 3753      8E01
 3754 1828 81C3E825 		.ascii	"\201\303\350%I\016\2671\235\321\305\271g\245\243\355"
 3754      490EB731 
 3754      9DD1C5B9 
 3754      67A5A3ED 
 3755 1838 4EF64EE6 		.ascii	"N\366N\346y.>\254\205e\276d\227D\007\323\220\232\356"
 3755      792E3EAC 
 3755      8565BE64 
 3755      974407D3 
 3755      909AEE
 3756 184b 72A51851 		.ascii	"r\245\030Q\320\204\344\304\204`\177Xy\353\340\360&\224"
 3756      D084E4C4 
 3756      84607F58 
 3756      79EBE0F0 
 3756      2694
 3757 185d E09E60CF 		.ascii	"\340\236`\317\240\221A\177%\032\013\321\264f\3451\364"
 3757      A091417F 
 3757      251A0BD1 
 3757      B466E531 
 3757      F4
 3758 186e 22538676 		.ascii	"\"S\206vC\373\214\254\273\327D\315\265&;\242\224_lA"
 3758      43FB8CAC 
 3758      BBD744CD 
 3758      B5263BA2 
 3758      945F6C41 
 3759 1882 E753A6D1 		.ascii	"\347S\246\321T\2313\021k\356\311\026\265\202\3034\321"
 3759      54993311 
 3759      6BEEC916 
 3759      B582C334 
 3759      D1
 3760 1893 CB623AC5 		.ascii	"\313b:\305\346\361zq\246Ea\032\245\277\030\005\016z"
 3760      E6F17A71 
 3760      A645611A 
 3760      A5BF1805 
 3760      0E7A
 3761 18a5 0327B5D5 		.ascii	"\003'\265\325\341L\361\332X\354\306\005]Q\014\275\300"
 3761      E14CF1DA 
 3761      58ECC605 
 3761      5D510CBD 
 3761      C0
 3762 18b6 6C639D98 		.ascii	"lc\235\230\354\366f\320\314\213}\335\036\036\360T&\332"
 3762      ECF666D0 
 3762      CC8B7DDD 
 3762      1E1EF054 
 3762      26DA
 3763 18c8 9D9ACE06 		.ascii	"\235\232\316\006\375\335w\254\336\204\0100\224\342V"
 3763      FDDD77AC 
 3763      DE840830 
 3763      94E256
ARM GAS  C:\Users\acest\AppData\Local\Temp\cc7GpQc1.s 			page 149


 3764 18d7 35D1889F 		.ascii	"5\321\210\237\314ZM\366\0147\206\2757Fk\302\230q\214"
 3764      CC5A4DF6 
 3764      0C3786BD 
 3764      37466BC2 
 3764      98718C
 3765 18ea 4FA41428 		.ascii	"O\244\024(Gg*2\031\237\221\030\225nKK\266[q\036\274"
 3765      47672A32 
 3765      199F9118 
 3765      956E4B4B 
 3765      B65B711E 
 3766 18ff C852C4BA 		.ascii	"\310R\304\272\242\333\006\350E\275\340\0224\231N\243"
 3766      A2DB06E8 
 3766      45BDE012 
 3766      34994EA3 
 3767 190f D8C07A98 		.ascii	"\330\300z\230\214y7\326\212\013\233\327\372\213\017"
 3767      8C7937D6 
 3767      8A0B9BD7 
 3767      FA8B0F
 3768 191e C7FEF2F3 		.ascii	"\307\376\362\363/>\216\265\245L\262M\246\243\237\222"
 3768      2F3E8EB5 
 3768      A54CB24D 
 3768      A6A39F92 
 3769 192e 9CE6FCE4 		.ascii	"\234\346\374\344o\012a\014G\032\300\343\354\251\236"
 3769      6F0A610C 
 3769      471AC0E3 
 3769      ECA99E
 3770 193d 64DAE876 		.ascii	"d\332\350vj*i\2235\321nG\2654gO\366|\342\262\177\025"
 3770      6A2A6993 
 3770      35D16E47 
 3770      B534674F 
 3770      F67CE2B2 
 3771 1953 C5223905 		.ascii	"\305\"9\005k\321\254\355\367i\254\316Z3X\375\245\000"
 3771      6BD1ACED 
 3771      F769ACCE 
 3771      5A3358FD 
 3771      A500
 3772 1965 45CC7A98 		.ascii	"E\314z\230g\274\223\015\326_`\324\016\016\264\247$O"
 3772      67BC930D 
 3772      D65F60D4 
 3772      0E0EB4A7 
 3772      244F
 3773 1977 70A1EF53 		.ascii	"p\241\357S]\023\235Z\343\004\255\021\215\374]\222\343"
 3773      5D139D5A 
 3773      E304AD11 
 3773      8DFC5D92 
 3773      E3
 3774 1988 D74EEF58 		.ascii	"\327N\357Xg\312\204?\276H\276\341I\214:*N\347(\\\\\275"
 3774      67CA843F 
 3774      BE48BEE1 
 3774      498C3A2A 
 3774      4EE7285C 
 3775 199e FF0F573D 		.ascii	"\377\017W=\032\316"
 3775      1ACE
 3776              		.text
 3777              		.section	.gnu.lto_.symtab.b3bf91ae,"e",%progbits
 3778 0000 63685365 		.ascii	"chSemObjectInit\000"
 3778      6D4F626A 
ARM GAS  C:\Users\acest\AppData\Local\Temp\cc7GpQc1.s 			page 150


 3778      65637449 
 3778      6E697400 
 3779 0010 00       		.ascii	"\000"
 3780 0011 00       		.ascii	"\000"
 3781 0012 00       		.ascii	"\000"
 3782 0013 00000000 		.ascii	"\000\000\000\000\000\000\000\000"
 3782      00000000 
 3783 001b F9000000 		.ascii	"\371\000\000\000"
 3784 001f 63685365 		.ascii	"chSemResetWithMessageI\000"
 3784      6D526573 
 3784      65745769 
 3784      74684D65 
 3784      73736167 
 3785 0036 00       		.ascii	"\000"
 3786 0037 00       		.ascii	"\000"
 3787 0038 00       		.ascii	"\000"
 3788 0039 00000000 		.ascii	"\000\000\000\000\000\000\000\000"
 3788      00000000 
 3789 0041 FF000000 		.ascii	"\377\000\000\000"
 3790 0045 63685365 		.ascii	"chSemResetWithMessage\000"
 3790      6D526573 
 3790      65745769 
 3790      74684D65 
 3790      73736167 
 3791 005b 00       		.ascii	"\000"
 3792 005c 00       		.ascii	"\000"
 3793 005d 00       		.ascii	"\000"
 3794 005e 00000000 		.ascii	"\000\000\000\000\000\000\000\000"
 3794      00000000 
 3795 0066 01010000 		.ascii	"\001\001\000\000"
 3796 006a 63685365 		.ascii	"chSemWaitS\000"
 3796      6D576169 
 3796      745300
 3797 0075 00       		.ascii	"\000"
 3798 0076 00       		.ascii	"\000"
 3799 0077 00       		.ascii	"\000"
 3800 0078 00000000 		.ascii	"\000\000\000\000\000\000\000\000"
 3800      00000000 
 3801 0080 E6000000 		.ascii	"\346\000\000\000"
 3802 0084 63685365 		.ascii	"chSemWait\000"
 3802      6D576169 
 3802      7400
 3803 008e 00       		.ascii	"\000"
 3804 008f 00       		.ascii	"\000"
 3805 0090 00       		.ascii	"\000"
 3806 0091 00000000 		.ascii	"\000\000\000\000\000\000\000\000"
 3806      00000000 
 3807 0099 03010000 		.ascii	"\003\001\000\000"
 3808 009d 63685365 		.ascii	"chSemWaitTimeoutS\000"
 3808      6D576169 
 3808      7454696D 
 3808      656F7574 
 3808      5300
 3809 00af 00       		.ascii	"\000"
 3810 00b0 00       		.ascii	"\000"
 3811 00b1 00       		.ascii	"\000"
 3812 00b2 00000000 		.ascii	"\000\000\000\000\000\000\000\000"
ARM GAS  C:\Users\acest\AppData\Local\Temp\cc7GpQc1.s 			page 151


 3812      00000000 
 3813 00ba ED000000 		.ascii	"\355\000\000\000"
 3814 00be 63685365 		.ascii	"chSemWaitTimeout\000"
 3814      6D576169 
 3814      7454696D 
 3814      656F7574 
 3814      00
 3815 00cf 00       		.ascii	"\000"
 3816 00d0 00       		.ascii	"\000"
 3817 00d1 00       		.ascii	"\000"
 3818 00d2 00000000 		.ascii	"\000\000\000\000\000\000\000\000"
 3818      00000000 
 3819 00da 05010000 		.ascii	"\005\001\000\000"
 3820 00de 63685365 		.ascii	"chSemSignal\000"
 3820      6D536967 
 3820      6E616C00 
 3821 00ea 00       		.ascii	"\000"
 3822 00eb 00       		.ascii	"\000"
 3823 00ec 00       		.ascii	"\000"
 3824 00ed 00000000 		.ascii	"\000\000\000\000\000\000\000\000"
 3824      00000000 
 3825 00f5 07010000 		.ascii	"\007\001\000\000"
 3826 00f9 63685365 		.ascii	"chSemSignalI\000"
 3826      6D536967 
 3826      6E616C49 
 3826      00
 3827 0106 00       		.ascii	"\000"
 3828 0107 00       		.ascii	"\000"
 3829 0108 00       		.ascii	"\000"
 3830 0109 00000000 		.ascii	"\000\000\000\000\000\000\000\000"
 3830      00000000 
 3831 0111 F3000000 		.ascii	"\363\000\000\000"
 3832 0115 63685365 		.ascii	"chSemAddCounterI\000"
 3832      6D416464 
 3832      436F756E 
 3832      74657249 
 3832      00
 3833 0126 00       		.ascii	"\000"
 3834 0127 00       		.ascii	"\000"
 3835 0128 00       		.ascii	"\000"
 3836 0129 00000000 		.ascii	"\000\000\000\000\000\000\000\000"
 3836      00000000 
 3837 0131 09010000 		.ascii	"\011\001\000\000"
 3838 0135 63685365 		.ascii	"chSemSignalWait\000"
 3838      6D536967 
 3838      6E616C57 
 3838      61697400 
 3839 0145 00       		.ascii	"\000"
 3840 0146 00       		.ascii	"\000"
 3841 0147 00       		.ascii	"\000"
 3842 0148 00000000 		.ascii	"\000\000\000\000\000\000\000\000"
 3842      00000000 
 3843 0150 0E010000 		.ascii	"\016\001\000\000"
 3844 0154 63683000 		.ascii	"ch0\000"
 3845 0158 00       		.ascii	"\000"
 3846 0159 02       		.ascii	"\002"
 3847 015a 00       		.ascii	"\000"
ARM GAS  C:\Users\acest\AppData\Local\Temp\cc7GpQc1.s 			page 152


 3848 015b 00000000 		.ascii	"\000\000\000\000\000\000\000\000"
 3848      00000000 
 3849 0163 2C020000 		.ascii	",\002\000\000"
 3850 0167 63685363 		.ascii	"chSchGoSleepS\000"
 3850      68476F53 
 3850      6C656570 
 3850      5300
 3851 0175 00       		.ascii	"\000"
 3852 0176 02       		.ascii	"\002"
 3853 0177 00       		.ascii	"\000"
 3854 0178 00000000 		.ascii	"\000\000\000\000\000\000\000\000"
 3854      00000000 
 3855 0180 16010000 		.ascii	"\026\001\000\000"
 3856 0184 63685363 		.ascii	"chSchGoSleepTimeoutS\000"
 3856      68476F53 
 3856      6C656570 
 3856      54696D65 
 3856      6F757453 
 3857 0199 00       		.ascii	"\000"
 3858 019a 02       		.ascii	"\002"
 3859 019b 00       		.ascii	"\000"
 3860 019c 00000000 		.ascii	"\000\000\000\000\000\000\000\000"
 3860      00000000 
 3861 01a4 1B010000 		.ascii	"\033\001\000\000"
 3862 01a8 63685363 		.ascii	"chSchReadyI\000"
 3862      68526561 
 3862      64794900 
 3863 01b4 00       		.ascii	"\000"
 3864 01b5 02       		.ascii	"\002"
 3865 01b6 00       		.ascii	"\000"
 3866 01b7 00000000 		.ascii	"\000\000\000\000\000\000\000\000"
 3866      00000000 
 3867 01bf 24010000 		.ascii	"$\001\000\000"
 3868 01c3 63685363 		.ascii	"chSchRescheduleS\000"
 3868      68526573 
 3868      63686564 
 3868      756C6553 
 3868      00
 3869 01d4 00       		.ascii	"\000"
 3870 01d5 02       		.ascii	"\002"
 3871 01d6 00       		.ascii	"\000"
 3872 01d7 00000000 		.ascii	"\000\000\000\000\000\000\000\000"
 3872      00000000 
 3873 01df 27010000 		.ascii	"'\001\000\000"
 3874 01e3 63685363 		.ascii	"chSchWakeupS\000"
 3874      6857616B 
 3874      65757053 
 3874      00
 3875 01f0 00       		.ascii	"\000"
 3876 01f1 02       		.ascii	"\002"
 3877 01f2 00       		.ascii	"\000"
 3878 01f3 00000000 		.ascii	"\000\000\000\000\000\000\000\000"
 3878      00000000 
 3879 01fb 37010000 		.ascii	"7\001\000\000"
 3880              		.text
 3881              		.section	.gnu.lto_.ext_symtab.b3bf91ae,"e",%progbits
 3882 0000 01       		.ascii	"\001"
ARM GAS  C:\Users\acest\AppData\Local\Temp\cc7GpQc1.s 			page 153


 3883 0001 01       		.ascii	"\001"
 3884 0002 00       		.ascii	"\000"
 3885 0003 01       		.ascii	"\001"
 3886 0004 00       		.ascii	"\000"
 3887 0005 01       		.ascii	"\001"
 3888 0006 00       		.ascii	"\000"
 3889 0007 01       		.ascii	"\001"
 3890 0008 00       		.ascii	"\000"
 3891 0009 01       		.ascii	"\001"
 3892 000a 00       		.ascii	"\000"
 3893 000b 01       		.ascii	"\001"
 3894 000c 00       		.ascii	"\000"
 3895 000d 01       		.ascii	"\001"
 3896 000e 00       		.ascii	"\000"
 3897 000f 01       		.ascii	"\001"
 3898 0010 00       		.ascii	"\000"
 3899 0011 01       		.ascii	"\001"
 3900 0012 00       		.ascii	"\000"
 3901 0013 01       		.ascii	"\001"
 3902 0014 00       		.ascii	"\000"
 3903 0015 01       		.ascii	"\001"
 3904 0016 00       		.ascii	"\000"
 3905 0017 02       		.ascii	"\002"
 3906 0018 01       		.ascii	"\001"
 3907 0019 01       		.ascii	"\001"
 3908 001a 00       		.ascii	"\000"
 3909 001b 01       		.ascii	"\001"
 3910 001c 00       		.ascii	"\000"
 3911 001d 01       		.ascii	"\001"
 3912 001e 00       		.ascii	"\000"
 3913 001f 01       		.ascii	"\001"
 3914 0020 00       		.ascii	"\000"
 3915 0021 01       		.ascii	"\001"
 3916 0022 00       		.ascii	"\000"
 3917              		.text
 3918              		.section	.gnu.lto_.opts,"e",%progbits
 3919 0000 272D666E 		.ascii	"'-fno-openmp' '-fno-openacc' '-fno-pie' '-fcf-prote"
 3919      6F2D6F70 
 3919      656E6D70 
 3919      2720272D 
 3919      666E6F2D 
 3920 0033 6374696F 		.ascii	"ction=none' '-g' '-mcpu=cortex-m4' '-mthumb' '-mflo"
 3920      6E3D6E6F 
 3920      6E652720 
 3920      272D6727 
 3920      20272D6D 
 3921 0066 61742D61 		.ascii	"at-abi=soft' '-mlibarch=armv7e-m' '-march=armv7e-m'"
 3921      62693D73 
 3921      6F667427 
 3921      20272D6D 
 3921      6C696261 
 3922 0099 20272D4F 		.ascii	" '-O2' '-fomit-frame-pointer' '-falign-functions=16"
 3922      32272027 
 3922      2D666F6D 
 3922      69742D66 
 3922      72616D65 
 3923 00cc 2720272D 		.ascii	"' '-ffunction-sections' '-fdata-sections' '-fno-com"
ARM GAS  C:\Users\acest\AppData\Local\Temp\cc7GpQc1.s 			page 154


 3923      6666756E 
 3923      6374696F 
 3923      6E2D7365 
 3923      6374696F 
 3924 00ff 6D6F6E27 		.ascii	"mon' '-flto' '-Xassembler' '-alms=./build/lst/chsem"
 3924      20272D66 
 3924      6C746F27 
 3924      20272D58 
 3924      61737365 
 3925 0132 2E6C7374 		.ascii	".lst'\000"
 3925      2700
 3926              		.text
 3927              		.comm	__gnu_lto_slim,1,1
 3928              		.ident	"GCC: (GNU Arm Embedded Toolchain 10.3-2021.10) 10.3.1 20210824 (release)"
ARM GAS  C:\Users\acest\AppData\Local\Temp\cc7GpQc1.s 			page 155


DEFINED SYMBOLS
                            *ABS*:00000000 chsem.c
C:\Users\acest\AppData\Local\Temp\cc7GpQc1.s:34     .gnu.debuglto_.debug_info:00000000 chsem.c.bf2d4bdd
                            *COM*:00000001 __gnu_lto_slim

NO UNDEFINED SYMBOLS
