ARM GAS  C:\Users\acest\AppData\Local\Temp\cc3CIuce.s 			page 1


   1              		.cpu cortex-m4
   2              		.arch armv7e-m
   3              		.fpu softvfp
   4              		.eabi_attribute 20, 1
   5              		.eabi_attribute 21, 1
   6              		.eabi_attribute 23, 3
   7              		.eabi_attribute 24, 1
   8              		.eabi_attribute 25, 1
   9              		.eabi_attribute 26, 1
  10              		.eabi_attribute 30, 2
  11              		.eabi_attribute 34, 1
  12              		.eabi_attribute 18, 4
  13              		.file	"chsys.c"
  14              		.file 1 "c:\\chibistudio\\tools\\gnu tools arm embedded\\10.3 2021.10\\lib\\gcc\\arm-none-eabi\\10
  15              		.file 2 "c:\\chibistudio\\tools\\gnu tools arm embedded\\10.3 2021.10\\arm-none-eabi\\include\\mac
  16              		.file 3 "c:\\chibistudio\\tools\\gnu tools arm embedded\\10.3 2021.10\\arm-none-eabi\\include\\sys
  17              		.file 4 "c:\\chibistudio\\chibios2111\\os\\common\\ports\\arm-common\\chtypes.h"
  18              		.file 5 "c:\\chibistudio\\chibios2111\\os\\rt\\include\\chearly.h"
  19              		.file 6 "c:\\chibistudio\\chibios2111\\os\\rt\\include\\chobjects.h"
  20              		.file 7 "c:\\chibistudio\\chibios2111\\os\\rt\\include\\chrfcu.h"
  21              		.file 8 "c:\\chibistudio\\chibios2111\\os\\rt\\include\\chdebug.h"
  22              		.file 9 "c:\\chibistudio\\chibios2111\\os\\rt\\include\\chtime.h"
  23              		.file 10 "c:\\chibistudio\\chibios2111\\os\\rt\\include\\chlists.h"
  24              		.file 11 "c:\\chibistudio\\chibios2111\\os\\common\\ext\\arm\\cmsis\\core\\include\\core_cm4.h"
  25              		.file 12 "c:\\chibistudio\\chibios2111\\os\\common\\ports\\armv7-m-alt\\chcore.h"
  26              		.file 13 "c:\\chibistudio\\chibios2111\\os\\rt\\include\\chtm.h"
  27              		.file 14 "c:\\chibistudio\\chibios2111\\os\\rt\\include\\chsem.h"
  28              		.file 15 "c:\\chibistudio\\chibios2111\\os\\rt\\include\\chmtx.h"
  29              		.file 16 "c:\\chibistudio\\chibios2111\\os\\rt\\include\\chsys.h"
  30              		.file 17 "../../../../../ChibiStudio/chibios2111/os/rt/src/chsys.c"
  31              		.file 18 "c:\\chibistudio\\chibios2111\\os\\oslib\\include\\chlib.h"
  32              		.file 19 "c:\\chibistudio\\chibios2111\\os\\common\\ext\\arm\\cmsis\\core\\include\\cmsis_gcc.h"
  33              		.section	.gnu.debuglto_.debug_info,"e",%progbits
  34              	.Ldebug_info0:
  35              		.hidden	chsys.c.5097c911
  36              		.weak	chsys.c.5097c911
  37              	chsys.c.5097c911:
  38 0000 FF0D0000 		.4byte	0xdff
  39 0004 0400     		.2byte	0x4
  40 0006 00000000 		.4byte	.Ldebug_abbrev0
  41 000a 04       		.byte	0x4
  42 000b 01       		.uleb128 0x1
  43 000c F2020000 		.4byte	.LASF198
  44 0010 0C       		.byte	0xc
  45 0011 F1050000 		.4byte	.LASF199
  46 0015 FC010000 		.4byte	.LASF200
  47 0019 00000000 		.4byte	.Ldebug_line0
  48 001d 02       		.uleb128 0x2
  49 001e 04       		.byte	0x4
  50 001f 05       		.byte	0x5
  51 0020 696E7400 		.ascii	"int\000"
  52 0024 03       		.uleb128 0x3
  53 0025 12000000 		.4byte	.LASF4
  54 0029 01       		.byte	0x1
  55 002a D1       		.byte	0xd1
  56 002b 17       		.byte	0x17
  57 002c 30000000 		.4byte	0x30
ARM GAS  C:\Users\acest\AppData\Local\Temp\cc3CIuce.s 			page 2


  58 0030 04       		.uleb128 0x4
  59 0031 04       		.byte	0x4
  60 0032 07       		.byte	0x7
  61 0033 A4020000 		.4byte	.LASF0
  62 0037 04       		.uleb128 0x4
  63 0038 08       		.byte	0x8
  64 0039 05       		.byte	0x5
  65 003a 38010000 		.4byte	.LASF1
  66 003e 04       		.uleb128 0x4
  67 003f 08       		.byte	0x8
  68 0040 04       		.byte	0x4
  69 0041 E0040000 		.4byte	.LASF2
  70 0045 04       		.uleb128 0x4
  71 0046 01       		.byte	0x1
  72 0047 06       		.byte	0x6
  73 0048 46010000 		.4byte	.LASF3
  74 004c 03       		.uleb128 0x3
  75 004d 43000000 		.4byte	.LASF5
  76 0051 02       		.byte	0x2
  77 0052 2B       		.byte	0x2b
  78 0053 18       		.byte	0x18
  79 0054 58000000 		.4byte	0x58
  80 0058 04       		.uleb128 0x4
  81 0059 01       		.byte	0x1
  82 005a 08       		.byte	0x8
  83 005b 3E060000 		.4byte	.LASF6
  84 005f 04       		.uleb128 0x4
  85 0060 02       		.byte	0x2
  86 0061 05       		.byte	0x5
  87 0062 74060000 		.4byte	.LASF7
  88 0066 04       		.uleb128 0x4
  89 0067 02       		.byte	0x2
  90 0068 07       		.byte	0x7
  91 0069 3C080000 		.4byte	.LASF8
  92 006d 03       		.uleb128 0x3
  93 006e D9070000 		.4byte	.LASF9
  94 0072 02       		.byte	0x2
  95 0073 4D       		.byte	0x4d
  96 0074 18       		.byte	0x18
  97 0075 79000000 		.4byte	0x79
  98 0079 04       		.uleb128 0x4
  99 007a 04       		.byte	0x4
 100 007b 05       		.byte	0x5
 101 007c A1010000 		.4byte	.LASF10
 102 0080 03       		.uleb128 0x3
 103 0081 28020000 		.4byte	.LASF11
 104 0085 02       		.byte	0x2
 105 0086 4F       		.byte	0x4f
 106 0087 19       		.byte	0x19
 107 0088 8C000000 		.4byte	0x8c
 108 008c 04       		.uleb128 0x4
 109 008d 04       		.byte	0x4
 110 008e 07       		.byte	0x7
 111 008f 37070000 		.4byte	.LASF12
 112 0093 03       		.uleb128 0x3
 113 0094 60050000 		.4byte	.LASF13
 114 0098 02       		.byte	0x2
ARM GAS  C:\Users\acest\AppData\Local\Temp\cc3CIuce.s 			page 3


 115 0099 69       		.byte	0x69
 116 009a 19       		.byte	0x19
 117 009b 9F000000 		.4byte	0x9f
 118 009f 04       		.uleb128 0x4
 119 00a0 08       		.byte	0x8
 120 00a1 07       		.byte	0x7
 121 00a2 C5000000 		.4byte	.LASF14
 122 00a6 03       		.uleb128 0x3
 123 00a7 F1080000 		.4byte	.LASF15
 124 00ab 03       		.byte	0x3
 125 00ac 18       		.byte	0x18
 126 00ad 13       		.byte	0x13
 127 00ae 4C000000 		.4byte	0x4c
 128 00b2 03       		.uleb128 0x3
 129 00b3 36060000 		.4byte	.LASF16
 130 00b7 03       		.byte	0x3
 131 00b8 2C       		.byte	0x2c
 132 00b9 13       		.byte	0x13
 133 00ba 6D000000 		.4byte	0x6d
 134 00be 03       		.uleb128 0x3
 135 00bf F5060000 		.4byte	.LASF17
 136 00c3 03       		.byte	0x3
 137 00c4 30       		.byte	0x30
 138 00c5 14       		.byte	0x14
 139 00c6 80000000 		.4byte	0x80
 140 00ca 05       		.uleb128 0x5
 141 00cb BE000000 		.4byte	0xbe
 142 00cf 06       		.uleb128 0x6
 143 00d0 CA000000 		.4byte	0xca
 144 00d4 03       		.uleb128 0x3
 145 00d5 3A000000 		.4byte	.LASF18
 146 00d9 03       		.byte	0x3
 147 00da 3C       		.byte	0x3c
 148 00db 14       		.byte	0x14
 149 00dc 93000000 		.4byte	0x93
 150 00e0 05       		.uleb128 0x5
 151 00e1 D4000000 		.4byte	0xd4
 152 00e5 03       		.uleb128 0x3
 153 00e6 07050000 		.4byte	.LASF19
 154 00ea 04       		.byte	0x4
 155 00eb 36       		.byte	0x36
 156 00ec 1D       		.byte	0x1d
 157 00ed BE000000 		.4byte	0xbe
 158 00f1 03       		.uleb128 0x3
 159 00f2 FF080000 		.4byte	.LASF20
 160 00f6 04       		.byte	0x4
 161 00f7 3B       		.byte	0x3b
 162 00f8 1D       		.byte	0x1d
 163 00f9 D4000000 		.4byte	0xd4
 164 00fd 03       		.uleb128 0x3
 165 00fe 4D000000 		.4byte	.LASF21
 166 0102 04       		.byte	0x4
 167 0103 40       		.byte	0x40
 168 0104 1D       		.byte	0x1d
 169 0105 BE000000 		.4byte	0xbe
 170 0109 03       		.uleb128 0x3
 171 010a 05070000 		.4byte	.LASF22
ARM GAS  C:\Users\acest\AppData\Local\Temp\cc3CIuce.s 			page 4


 172 010e 04       		.byte	0x4
 173 010f 48       		.byte	0x48
 174 0110 1D       		.byte	0x1d
 175 0111 D4000000 		.4byte	0xd4
 176 0115 03       		.uleb128 0x3
 177 0116 AE040000 		.4byte	.LASF23
 178 011a 05       		.byte	0x5
 179 011b 4D       		.byte	0x4d
 180 011c 19       		.byte	0x19
 181 011d E5000000 		.4byte	0xe5
 182 0121 03       		.uleb128 0x3
 183 0122 2A010000 		.4byte	.LASF24
 184 0126 05       		.byte	0x5
 185 0127 4E       		.byte	0x4e
 186 0128 19       		.byte	0x19
 187 0129 F1000000 		.4byte	0xf1
 188 012d 03       		.uleb128 0x3
 189 012e 7D080000 		.4byte	.LASF25
 190 0132 05       		.byte	0x5
 191 0133 4F       		.byte	0x4f
 192 0134 19       		.byte	0x19
 193 0135 FD000000 		.4byte	0xfd
 194 0139 03       		.uleb128 0x3
 195 013a 45040000 		.4byte	.LASF26
 196 013e 05       		.byte	0x5
 197 013f 50       		.byte	0x50
 198 0140 19       		.byte	0x19
 199 0141 09010000 		.4byte	0x109
 200 0145 03       		.uleb128 0x3
 201 0146 A4060000 		.4byte	.LASF27
 202 014a 05       		.byte	0x5
 203 014b 53       		.byte	0x53
 204 014c 19       		.byte	0x19
 205 014d A6000000 		.4byte	0xa6
 206 0151 03       		.uleb128 0x3
 207 0152 B7010000 		.4byte	.LASF28
 208 0156 05       		.byte	0x5
 209 0157 54       		.byte	0x54
 210 0158 19       		.byte	0x19
 211 0159 A6000000 		.4byte	0xa6
 212 015d 03       		.uleb128 0x3
 213 015e CE080000 		.4byte	.LASF29
 214 0162 05       		.byte	0x5
 215 0163 55       		.byte	0x55
 216 0164 19       		.byte	0x19
 217 0165 A6000000 		.4byte	0xa6
 218 0169 03       		.uleb128 0x3
 219 016a D1050000 		.4byte	.LASF30
 220 016e 05       		.byte	0x5
 221 016f 57       		.byte	0x57
 222 0170 19       		.byte	0x19
 223 0171 BE000000 		.4byte	0xbe
 224 0175 03       		.uleb128 0x3
 225 0176 E7030000 		.4byte	.LASF31
 226 017a 05       		.byte	0x5
 227 017b 58       		.byte	0x58
 228 017c 19       		.byte	0x19
ARM GAS  C:\Users\acest\AppData\Local\Temp\cc3CIuce.s 			page 5


 229 017d B2000000 		.4byte	0xb2
 230 0181 03       		.uleb128 0x3
 231 0182 2B040000 		.4byte	.LASF32
 232 0186 05       		.byte	0x5
 233 0187 5A       		.byte	0x5a
 234 0188 19       		.byte	0x19
 235 0189 BE000000 		.4byte	0xbe
 236 018d 03       		.uleb128 0x3
 237 018e 9E020000 		.4byte	.LASF33
 238 0192 05       		.byte	0x5
 239 0193 5C       		.byte	0x5c
 240 0194 19       		.byte	0x19
 241 0195 B2000000 		.4byte	0xb2
 242 0199 03       		.uleb128 0x3
 243 019a F2030000 		.4byte	.LASF34
 244 019e 05       		.byte	0x5
 245 019f 5D       		.byte	0x5d
 246 01a0 19       		.byte	0x19
 247 01a1 BE000000 		.4byte	0xbe
 248 01a5 03       		.uleb128 0x3
 249 01a6 98050000 		.4byte	.LASF35
 250 01aa 05       		.byte	0x5
 251 01ab 80       		.byte	0x80
 252 01ac 12       		.byte	0x12
 253 01ad 30000000 		.4byte	0x30
 254 01b1 03       		.uleb128 0x3
 255 01b2 7F070000 		.4byte	.LASF36
 256 01b6 05       		.byte	0x5
 257 01b7 85       		.byte	0x85
 258 01b8 1A       		.byte	0x1a
 259 01b9 BD010000 		.4byte	0x1bd
 260 01bd 07       		.uleb128 0x7
 261 01be D6030000 		.4byte	.LASF51
 262 01c2 70       		.byte	0x70
 263 01c3 06       		.byte	0x6
 264 01c4 9C       		.byte	0x9c
 265 01c5 08       		.byte	0x8
 266 01c6 A0020000 		.4byte	0x2a0
 267 01ca 08       		.uleb128 0x8
 268 01cb 68647200 		.ascii	"hdr\000"
 269 01cf 06       		.byte	0x6
 270 01d0 AD       		.byte	0xad
 271 01d1 05       		.byte	0x5
 272 01d2 7F080000 		.4byte	0x87f
 273 01d6 00       		.byte	0
 274 01d7 08       		.uleb128 0x8
 275 01d8 63747800 		.ascii	"ctx\000"
 276 01dc 06       		.byte	0x6
 277 01dd B1       		.byte	0xb1
 278 01de 21       		.byte	0x21
 279 01df 22070000 		.4byte	0x722
 280 01e3 0C       		.byte	0xc
 281 01e4 09       		.uleb128 0x9
 282 01e5 DB020000 		.4byte	.LASF37
 283 01e9 06       		.byte	0x6
 284 01ea B6       		.byte	0xb6
 285 01eb 21       		.byte	0x21
ARM GAS  C:\Users\acest\AppData\Local\Temp\cc3CIuce.s 			page 6


 286 01ec E1030000 		.4byte	0x3e1
 287 01f0 38       		.byte	0x38
 288 01f1 09       		.uleb128 0x9
 289 01f2 15070000 		.4byte	.LASF38
 290 01f6 06       		.byte	0x6
 291 01f7 BB       		.byte	0xbb
 292 01f8 22       		.byte	0x22
 293 01f9 8C090000 		.4byte	0x98c
 294 01fd 40       		.byte	0x40
 295 01fe 09       		.uleb128 0x9
 296 01ff ED020000 		.4byte	.LASF39
 297 0203 06       		.byte	0x6
 298 0204 C0       		.byte	0xc0
 299 0205 22       		.byte	0x22
 300 0206 79030000 		.4byte	0x379
 301 020a 44       		.byte	0x44
 302 020b 09       		.uleb128 0x9
 303 020c 49070000 		.4byte	.LASF40
 304 0210 06       		.byte	0x6
 305 0211 C9       		.byte	0xc9
 306 0212 22       		.byte	0x22
 307 0213 52070000 		.4byte	0x752
 308 0217 48       		.byte	0x48
 309 0218 09       		.uleb128 0x9
 310 0219 9B010000 		.4byte	.LASF41
 311 021d 06       		.byte	0x6
 312 021e CE       		.byte	0xce
 313 021f 21       		.byte	0x21
 314 0220 51010000 		.4byte	0x151
 315 0224 4C       		.byte	0x4c
 316 0225 09       		.uleb128 0x9
 317 0226 F9080000 		.4byte	.LASF42
 318 022a 06       		.byte	0x6
 319 022b D2       		.byte	0xd2
 320 022c 21       		.byte	0x21
 321 022d 45010000 		.4byte	0x145
 322 0231 4D       		.byte	0x4d
 323 0232 09       		.uleb128 0x9
 324 0233 33010000 		.4byte	.LASF43
 325 0237 06       		.byte	0x6
 326 0238 D7       		.byte	0xd7
 327 0239 21       		.byte	0x21
 328 023a 5D010000 		.4byte	0x15d
 329 023e 4E       		.byte	0x4e
 330 023f 0A       		.uleb128 0xa
 331 0240 7500     		.ascii	"u\000"
 332 0242 06       		.byte	0x6
 333 0243 2801     		.2byte	0x128
 334 0245 21       		.byte	0x21
 335 0246 AD080000 		.4byte	0x8ad
 336 024a 50       		.byte	0x50
 337 024b 0B       		.uleb128 0xb
 338 024c 5E020000 		.4byte	.LASF44
 339 0250 06       		.byte	0x6
 340 0251 2D01     		.2byte	0x12d
 341 0253 21       		.byte	0x21
 342 0254 B4030000 		.4byte	0x3b4
ARM GAS  C:\Users\acest\AppData\Local\Temp\cc3CIuce.s 			page 7


 343 0258 54       		.byte	0x54
 344 0259 0B       		.uleb128 0xb
 345 025a 92010000 		.4byte	.LASF45
 346 025e 06       		.byte	0x6
 347 025f 3301     		.2byte	0x133
 348 0261 21       		.byte	0x21
 349 0262 E1030000 		.4byte	0x3e1
 350 0266 58       		.byte	0x58
 351 0267 0B       		.uleb128 0xb
 352 0268 F9030000 		.4byte	.LASF46
 353 026c 06       		.byte	0x6
 354 026d 3901     		.2byte	0x139
 355 026f 21       		.byte	0x21
 356 0270 81010000 		.4byte	0x181
 357 0274 60       		.byte	0x60
 358 0275 0B       		.uleb128 0xb
 359 0276 97090000 		.4byte	.LASF47
 360 027a 06       		.byte	0x6
 361 027b 4001     		.2byte	0x140
 362 027d 22       		.byte	0x22
 363 027e 86090000 		.4byte	0x986
 364 0282 64       		.byte	0x64
 365 0283 0B       		.uleb128 0xb
 366 0284 71040000 		.4byte	.LASF48
 367 0288 06       		.byte	0x6
 368 0289 4401     		.2byte	0x144
 369 028b 21       		.byte	0x21
 370 028c 69010000 		.4byte	0x169
 371 0290 68       		.byte	0x68
 372 0291 0B       		.uleb128 0xb
 373 0292 B7030000 		.4byte	.LASF49
 374 0296 06       		.byte	0x6
 375 0297 4B01     		.2byte	0x14b
 376 0299 22       		.byte	0x22
 377 029a 58070000 		.4byte	0x758
 378 029e 6C       		.byte	0x6c
 379 029f 00       		.byte	0
 380 02a0 03       		.uleb128 0x3
 381 02a1 26080000 		.4byte	.LASF50
 382 02a5 05       		.byte	0x5
 383 02a6 8A       		.byte	0x8a
 384 02a7 1F       		.byte	0x1f
 385 02a8 AC020000 		.4byte	0x2ac
 386 02ac 0C       		.uleb128 0xc
 387 02ad 10080000 		.4byte	.LASF52
 388 02b1 B0       		.byte	0xb0
 389 02b2 06       		.byte	0x6
 390 02b3 8A01     		.2byte	0x18a
 391 02b5 08       		.byte	0x8
 392 02b6 2B030000 		.4byte	0x32b
 393 02ba 0B       		.uleb128 0xb
 394 02bb D6080000 		.4byte	.LASF53
 395 02bf 06       		.byte	0x6
 396 02c0 8E01     		.2byte	0x18e
 397 02c2 21       		.byte	0x21
 398 02c3 BD090000 		.4byte	0x9bd
 399 02c7 00       		.byte	0
ARM GAS  C:\Users\acest\AppData\Local\Temp\cc3CIuce.s 			page 8


 400 02c8 0B       		.uleb128 0xb
 401 02c9 7F010000 		.4byte	.LASF54
 402 02cd 06       		.byte	0x6
 403 02ce 9201     		.2byte	0x192
 404 02d0 21       		.byte	0x21
 405 02d1 3A080000 		.4byte	0x83a
 406 02d5 10       		.byte	0x10
 407 02d6 0B       		.uleb128 0xb
 408 02d7 34080000 		.4byte	.LASF55
 409 02db 06       		.byte	0x6
 410 02dc 9901     		.2byte	0x199
 411 02de 21       		.byte	0x21
 412 02df 61080000 		.4byte	0x861
 413 02e3 28       		.byte	0x28
 414 02e4 0B       		.uleb128 0xb
 415 02e5 7B000000 		.4byte	.LASF56
 416 02e9 06       		.byte	0x6
 417 02ea 9E01     		.2byte	0x19e
 418 02ec 21       		.byte	0x21
 419 02ed A5010000 		.4byte	0x1a5
 420 02f1 30       		.byte	0x30
 421 02f2 0B       		.uleb128 0xb
 422 02f3 0D000000 		.4byte	.LASF57
 423 02f7 06       		.byte	0x6
 424 02f8 A401     		.2byte	0x1a4
 425 02fa 21       		.byte	0x21
 426 02fb 52030000 		.4byte	0x352
 427 02ff 34       		.byte	0x34
 428 0300 0B       		.uleb128 0xb
 429 0301 63070000 		.4byte	.LASF58
 430 0305 06       		.byte	0x6
 431 0306 A901     		.2byte	0x1a9
 432 0308 22       		.byte	0x22
 433 0309 310A0000 		.4byte	0xa31
 434 030d 38       		.byte	0x38
 435 030e 0B       		.uleb128 0xb
 436 030f FC000000 		.4byte	.LASF59
 437 0313 06       		.byte	0x6
 438 0314 AD01     		.2byte	0x1ad
 439 0316 21       		.byte	0x21
 440 0317 B1010000 		.4byte	0x1b1
 441 031b 3C       		.byte	0x3c
 442 031c 0A       		.uleb128 0xa
 443 031d 64626700 		.ascii	"dbg\000"
 444 0321 06       		.byte	0x6
 445 0322 B101     		.2byte	0x1b1
 446 0324 21       		.byte	0x21
 447 0325 90030000 		.4byte	0x390
 448 0329 AC       		.byte	0xac
 449 032a 00       		.byte	0
 450 032b 03       		.uleb128 0x3
 451 032c 97040000 		.4byte	.LASF60
 452 0330 07       		.byte	0x7
 453 0331 3F       		.byte	0x3f
 454 0332 12       		.byte	0x12
 455 0333 BE000000 		.4byte	0xbe
 456 0337 07       		.uleb128 0x7
ARM GAS  C:\Users\acest\AppData\Local\Temp\cc3CIuce.s 			page 9


 457 0338 C0010000 		.4byte	.LASF61
 458 033c 04       		.byte	0x4
 459 033d 07       		.byte	0x7
 460 033e 44       		.byte	0x44
 461 033f 10       		.byte	0x10
 462 0340 52030000 		.4byte	0x352
 463 0344 09       		.uleb128 0x9
 464 0345 33020000 		.4byte	.LASF62
 465 0349 07       		.byte	0x7
 466 034a 48       		.byte	0x48
 467 034b 21       		.byte	0x21
 468 034c 2B030000 		.4byte	0x32b
 469 0350 00       		.byte	0
 470 0351 00       		.byte	0
 471 0352 03       		.uleb128 0x3
 472 0353 37040000 		.4byte	.LASF63
 473 0357 07       		.byte	0x7
 474 0358 49       		.byte	0x49
 475 0359 03       		.byte	0x3
 476 035a 37030000 		.4byte	0x337
 477 035e 07       		.uleb128 0x7
 478 035f 4E020000 		.4byte	.LASF64
 479 0363 04       		.byte	0x4
 480 0364 08       		.byte	0x8
 481 0365 3E       		.byte	0x3e
 482 0366 10       		.byte	0x10
 483 0367 79030000 		.4byte	0x379
 484 036b 09       		.uleb128 0x9
 485 036c F1070000 		.4byte	.LASF65
 486 0370 08       		.byte	0x8
 487 0371 46       		.byte	0x46
 488 0372 24       		.byte	0x24
 489 0373 7F030000 		.4byte	0x37f
 490 0377 00       		.byte	0
 491 0378 00       		.byte	0
 492 0379 0D       		.uleb128 0xd
 493 037a 04       		.byte	0x4
 494 037b 8B030000 		.4byte	0x38b
 495 037f 05       		.uleb128 0x5
 496 0380 79030000 		.4byte	0x379
 497 0384 04       		.uleb128 0x4
 498 0385 01       		.byte	0x1
 499 0386 08       		.byte	0x8
 500 0387 50070000 		.4byte	.LASF66
 501 038b 06       		.uleb128 0x6
 502 038c 84030000 		.4byte	0x384
 503 0390 03       		.uleb128 0x3
 504 0391 6C000000 		.4byte	.LASF67
 505 0395 08       		.byte	0x8
 506 0396 51       		.byte	0x51
 507 0397 03       		.byte	0x3
 508 0398 5E030000 		.4byte	0x35e
 509 039c 03       		.uleb128 0x3
 510 039d BC070000 		.4byte	.LASF68
 511 03a1 09       		.byte	0x9
 512 03a2 6D       		.byte	0x6d
 513 03a3 12       		.byte	0x12
ARM GAS  C:\Users\acest\AppData\Local\Temp\cc3CIuce.s 			page 10


 514 03a4 BE000000 		.4byte	0xbe
 515 03a8 03       		.uleb128 0x3
 516 03a9 90020000 		.4byte	.LASF69
 517 03ad 09       		.byte	0x9
 518 03ae 79       		.byte	0x79
 519 03af 12       		.byte	0x12
 520 03b0 BE000000 		.4byte	0xbe
 521 03b4 03       		.uleb128 0x3
 522 03b5 EC040000 		.4byte	.LASF70
 523 03b9 0A       		.byte	0xa
 524 03ba 32       		.byte	0x32
 525 03bb 18       		.byte	0x18
 526 03bc C0030000 		.4byte	0x3c0
 527 03c0 07       		.uleb128 0x7
 528 03c1 15040000 		.4byte	.LASF71
 529 03c5 04       		.byte	0x4
 530 03c6 0A       		.byte	0xa
 531 03c7 38       		.byte	0x38
 532 03c8 08       		.byte	0x8
 533 03c9 DB030000 		.4byte	0x3db
 534 03cd 09       		.uleb128 0x9
 535 03ce 25010000 		.4byte	.LASF72
 536 03d2 0A       		.byte	0xa
 537 03d3 39       		.byte	0x39
 538 03d4 1A       		.byte	0x1a
 539 03d5 DB030000 		.4byte	0x3db
 540 03d9 00       		.byte	0
 541 03da 00       		.byte	0
 542 03db 0D       		.uleb128 0xd
 543 03dc 04       		.byte	0x4
 544 03dd B4030000 		.4byte	0x3b4
 545 03e1 03       		.uleb128 0x3
 546 03e2 E2020000 		.4byte	.LASF73
 547 03e6 0A       		.byte	0xa
 548 03e7 3F       		.byte	0x3f
 549 03e8 19       		.byte	0x19
 550 03e9 ED030000 		.4byte	0x3ed
 551 03ed 07       		.uleb128 0x7
 552 03ee C8010000 		.4byte	.LASF74
 553 03f2 08       		.byte	0x8
 554 03f3 0A       		.byte	0xa
 555 03f4 45       		.byte	0x45
 556 03f5 08       		.byte	0x8
 557 03f6 15040000 		.4byte	0x415
 558 03fa 09       		.uleb128 0x9
 559 03fb 25010000 		.4byte	.LASF72
 560 03ff 0A       		.byte	0xa
 561 0400 46       		.byte	0x46
 562 0401 1A       		.byte	0x1a
 563 0402 15040000 		.4byte	0x415
 564 0406 00       		.byte	0
 565 0407 09       		.uleb128 0x9
 566 0408 5B000000 		.4byte	.LASF75
 567 040c 0A       		.byte	0xa
 568 040d 47       		.byte	0x47
 569 040e 1A       		.byte	0x1a
 570 040f 15040000 		.4byte	0x415
ARM GAS  C:\Users\acest\AppData\Local\Temp\cc3CIuce.s 			page 11


 571 0413 04       		.byte	0x4
 572 0414 00       		.byte	0
 573 0415 0D       		.uleb128 0xd
 574 0416 04       		.byte	0x4
 575 0417 E1030000 		.4byte	0x3e1
 576 041b 03       		.uleb128 0x3
 577 041c 83000000 		.4byte	.LASF76
 578 0420 0A       		.byte	0xa
 579 0421 4E       		.byte	0x4e
 580 0422 22       		.byte	0x22
 581 0423 27040000 		.4byte	0x427
 582 0427 07       		.uleb128 0x7
 583 0428 58080000 		.4byte	.LASF77
 584 042c 0C       		.byte	0xc
 585 042d 0A       		.byte	0xa
 586 042e 55       		.byte	0x55
 587 042f 08       		.byte	0x8
 588 0430 5C040000 		.4byte	0x45c
 589 0434 09       		.uleb128 0x9
 590 0435 25010000 		.4byte	.LASF72
 591 0439 0A       		.byte	0xa
 592 043a 56       		.byte	0x56
 593 043b 1A       		.byte	0x1a
 594 043c 5C040000 		.4byte	0x45c
 595 0440 00       		.byte	0
 596 0441 09       		.uleb128 0x9
 597 0442 5B000000 		.4byte	.LASF75
 598 0446 0A       		.byte	0xa
 599 0447 57       		.byte	0x57
 600 0448 1A       		.byte	0x1a
 601 0449 5C040000 		.4byte	0x45c
 602 044d 04       		.byte	0x4
 603 044e 09       		.uleb128 0x9
 604 044f 53050000 		.4byte	.LASF78
 605 0453 0A       		.byte	0xa
 606 0454 58       		.byte	0x58
 607 0455 19       		.byte	0x19
 608 0456 69010000 		.4byte	0x169
 609 045a 08       		.byte	0x8
 610 045b 00       		.byte	0
 611 045c 0D       		.uleb128 0xd
 612 045d 04       		.byte	0x4
 613 045e 1B040000 		.4byte	0x41b
 614 0462 03       		.uleb128 0x3
 615 0463 D7010000 		.4byte	.LASF79
 616 0467 0A       		.byte	0xa
 617 0468 5F       		.byte	0x5f
 618 0469 1E       		.byte	0x1e
 619 046a 6E040000 		.4byte	0x46e
 620 046e 07       		.uleb128 0x7
 621 046f 5C010000 		.4byte	.LASF80
 622 0473 0C       		.byte	0xc
 623 0474 0A       		.byte	0xa
 624 0475 64       		.byte	0x64
 625 0476 08       		.byte	0x8
 626 0477 A3040000 		.4byte	0x4a3
 627 047b 09       		.uleb128 0x9
ARM GAS  C:\Users\acest\AppData\Local\Temp\cc3CIuce.s 			page 12


 628 047c 25010000 		.4byte	.LASF72
 629 0480 0A       		.byte	0xa
 630 0481 65       		.byte	0x65
 631 0482 1A       		.byte	0x1a
 632 0483 A3040000 		.4byte	0x4a3
 633 0487 00       		.byte	0
 634 0488 09       		.uleb128 0x9
 635 0489 5B000000 		.4byte	.LASF75
 636 048d 0A       		.byte	0xa
 637 048e 66       		.byte	0x66
 638 048f 1A       		.byte	0x1a
 639 0490 A3040000 		.4byte	0x4a3
 640 0494 04       		.byte	0x4
 641 0495 09       		.uleb128 0x9
 642 0496 19000000 		.4byte	.LASF81
 643 049a 0A       		.byte	0xa
 644 049b 67       		.byte	0x67
 645 049c 19       		.byte	0x19
 646 049d A8030000 		.4byte	0x3a8
 647 04a1 08       		.byte	0x8
 648 04a2 00       		.byte	0
 649 04a3 0D       		.uleb128 0xd
 650 04a4 04       		.byte	0x4
 651 04a5 62040000 		.4byte	0x462
 652 04a9 0E       		.uleb128 0xe
 653 04aa BE000000 		.4byte	0xbe
 654 04ae B9040000 		.4byte	0x4b9
 655 04b2 0F       		.uleb128 0xf
 656 04b3 30000000 		.4byte	0x30
 657 04b7 00       		.byte	0
 658 04b8 00       		.byte	0
 659 04b9 10       		.uleb128 0x10
 660 04ba 5C       		.byte	0x5c
 661 04bb 0B       		.byte	0xb
 662 04bc 9203     		.2byte	0x392
 663 04be 09       		.byte	0x9
 664 04bf 06060000 		.4byte	0x606
 665 04c3 0B       		.uleb128 0xb
 666 04c4 86080000 		.4byte	.LASF82
 667 04c8 0B       		.byte	0xb
 668 04c9 9403     		.2byte	0x394
 669 04cb 12       		.byte	0x12
 670 04cc CA000000 		.4byte	0xca
 671 04d0 00       		.byte	0
 672 04d1 0B       		.uleb128 0xb
 673 04d2 6A040000 		.4byte	.LASF83
 674 04d6 0B       		.byte	0xb
 675 04d7 9503     		.2byte	0x395
 676 04d9 12       		.byte	0x12
 677 04da CA000000 		.4byte	0xca
 678 04de 04       		.byte	0x4
 679 04df 0B       		.uleb128 0xb
 680 04e0 6A010000 		.4byte	.LASF84
 681 04e4 0B       		.byte	0xb
 682 04e5 9603     		.2byte	0x396
 683 04e7 12       		.byte	0x12
 684 04e8 CA000000 		.4byte	0xca
ARM GAS  C:\Users\acest\AppData\Local\Temp\cc3CIuce.s 			page 13


 685 04ec 08       		.byte	0x8
 686 04ed 0B       		.uleb128 0xb
 687 04ee E0030000 		.4byte	.LASF85
 688 04f2 0B       		.byte	0xb
 689 04f3 9703     		.2byte	0x397
 690 04f5 12       		.byte	0x12
 691 04f6 CA000000 		.4byte	0xca
 692 04fa 0C       		.byte	0xc
 693 04fb 0B       		.uleb128 0xb
 694 04fc E7010000 		.4byte	.LASF86
 695 0500 0B       		.byte	0xb
 696 0501 9803     		.2byte	0x398
 697 0503 12       		.byte	0x12
 698 0504 CA000000 		.4byte	0xca
 699 0508 10       		.byte	0x10
 700 0509 0B       		.uleb128 0xb
 701 050a EE060000 		.4byte	.LASF87
 702 050e 0B       		.byte	0xb
 703 050f 9903     		.2byte	0x399
 704 0511 12       		.byte	0x12
 705 0512 CA000000 		.4byte	0xca
 706 0516 14       		.byte	0x14
 707 0517 0B       		.uleb128 0xb
 708 0518 EB000000 		.4byte	.LASF88
 709 051c 0B       		.byte	0xb
 710 051d 9A03     		.2byte	0x39a
 711 051f 12       		.byte	0x12
 712 0520 CA000000 		.4byte	0xca
 713 0524 18       		.byte	0x18
 714 0525 0B       		.uleb128 0xb
 715 0526 EC050000 		.4byte	.LASF89
 716 052a 0B       		.byte	0xb
 717 052b 9B03     		.2byte	0x39b
 718 052d 12       		.byte	0x12
 719 052e CF000000 		.4byte	0xcf
 720 0532 1C       		.byte	0x1c
 721 0533 0B       		.uleb128 0xb
 722 0534 3B050000 		.4byte	.LASF90
 723 0538 0B       		.byte	0xb
 724 0539 9C03     		.2byte	0x39c
 725 053b 12       		.byte	0x12
 726 053c CA000000 		.4byte	0xca
 727 0540 20       		.byte	0x20
 728 0541 0B       		.uleb128 0xb
 729 0542 2A060000 		.4byte	.LASF91
 730 0546 0B       		.byte	0xb
 731 0547 9D03     		.2byte	0x39d
 732 0549 12       		.byte	0x12
 733 054a CA000000 		.4byte	0xca
 734 054e 24       		.byte	0x24
 735 054f 0B       		.uleb128 0xb
 736 0550 4C060000 		.4byte	.LASF92
 737 0554 0B       		.byte	0xb
 738 0555 9E03     		.2byte	0x39e
 739 0557 12       		.byte	0x12
 740 0558 CA000000 		.4byte	0xca
 741 055c 28       		.byte	0x28
ARM GAS  C:\Users\acest\AppData\Local\Temp\cc3CIuce.s 			page 14


 742 055d 0B       		.uleb128 0xb
 743 055e B0050000 		.4byte	.LASF93
 744 0562 0B       		.byte	0xb
 745 0563 9F03     		.2byte	0x39f
 746 0565 12       		.byte	0x12
 747 0566 A9040000 		.4byte	0x4a9
 748 056a 2C       		.byte	0x2c
 749 056b 0B       		.uleb128 0xb
 750 056c 41050000 		.4byte	.LASF94
 751 0570 0B       		.byte	0xb
 752 0571 A003     		.2byte	0x3a0
 753 0573 12       		.byte	0x12
 754 0574 CA000000 		.4byte	0xca
 755 0578 30       		.byte	0x30
 756 0579 0B       		.uleb128 0xb
 757 057a BF060000 		.4byte	.LASF95
 758 057e 0B       		.byte	0xb
 759 057f A103     		.2byte	0x3a1
 760 0581 12       		.byte	0x12
 761 0582 CA000000 		.4byte	0xca
 762 0586 34       		.byte	0x34
 763 0587 0B       		.uleb128 0xb
 764 0588 56060000 		.4byte	.LASF96
 765 058c 0B       		.byte	0xb
 766 058d A203     		.2byte	0x3a2
 767 058f 12       		.byte	0x12
 768 0590 CA000000 		.4byte	0xca
 769 0594 38       		.byte	0x38
 770 0595 0B       		.uleb128 0xb
 771 0596 BA050000 		.4byte	.LASF97
 772 059a 0B       		.byte	0xb
 773 059b A303     		.2byte	0x3a3
 774 059d 12       		.byte	0x12
 775 059e A9040000 		.4byte	0x4a9
 776 05a2 3C       		.byte	0x3c
 777 05a3 0B       		.uleb128 0xb
 778 05a4 47050000 		.4byte	.LASF98
 779 05a8 0B       		.byte	0xb
 780 05a9 A403     		.2byte	0x3a4
 781 05ab 12       		.byte	0x12
 782 05ac CA000000 		.4byte	0xca
 783 05b0 40       		.byte	0x40
 784 05b1 0B       		.uleb128 0xb
 785 05b2 B8020000 		.4byte	.LASF99
 786 05b6 0B       		.byte	0xb
 787 05b7 A503     		.2byte	0x3a5
 788 05b9 12       		.byte	0x12
 789 05ba CA000000 		.4byte	0xca
 790 05be 44       		.byte	0x44
 791 05bf 0B       		.uleb128 0xb
 792 05c0 60060000 		.4byte	.LASF100
 793 05c4 0B       		.byte	0xb
 794 05c5 A603     		.2byte	0x3a6
 795 05c7 12       		.byte	0x12
 796 05c8 CA000000 		.4byte	0xca
 797 05cc 48       		.byte	0x48
 798 05cd 0B       		.uleb128 0xb
ARM GAS  C:\Users\acest\AppData\Local\Temp\cc3CIuce.s 			page 15


 799 05ce CC060000 		.4byte	.LASF101
 800 05d2 0B       		.byte	0xb
 801 05d3 A703     		.2byte	0x3a7
 802 05d5 12       		.byte	0x12
 803 05d6 A9040000 		.4byte	0x4a9
 804 05da 4C       		.byte	0x4c
 805 05db 0B       		.uleb128 0xb
 806 05dc 4D050000 		.4byte	.LASF102
 807 05e0 0B       		.byte	0xb
 808 05e1 A803     		.2byte	0x3a8
 809 05e3 12       		.byte	0x12
 810 05e4 CA000000 		.4byte	0xca
 811 05e8 50       		.byte	0x50
 812 05e9 0B       		.uleb128 0xb
 813 05ea C8020000 		.4byte	.LASF103
 814 05ee 0B       		.byte	0xb
 815 05ef A903     		.2byte	0x3a9
 816 05f1 12       		.byte	0x12
 817 05f2 CA000000 		.4byte	0xca
 818 05f6 54       		.byte	0x54
 819 05f7 0B       		.uleb128 0xb
 820 05f8 6A060000 		.4byte	.LASF104
 821 05fc 0B       		.byte	0xb
 822 05fd AA03     		.2byte	0x3aa
 823 05ff 12       		.byte	0x12
 824 0600 CA000000 		.4byte	0xca
 825 0604 58       		.byte	0x58
 826 0605 00       		.byte	0
 827 0606 11       		.uleb128 0x11
 828 0607 4F080000 		.4byte	.LASF105
 829 060b 0B       		.byte	0xb
 830 060c AB03     		.2byte	0x3ab
 831 060e 03       		.byte	0x3
 832 060f B9040000 		.4byte	0x4b9
 833 0613 0C       		.uleb128 0xc
 834 0614 CA030000 		.4byte	.LASF106
 835 0618 20       		.byte	0x20
 836 0619 0C       		.byte	0xc
 837 061a 9301     		.2byte	0x193
 838 061c 08       		.byte	0x8
 839 061d 8D060000 		.4byte	0x68d
 840 0621 0A       		.uleb128 0xa
 841 0622 723000   		.ascii	"r0\000"
 842 0625 0C       		.byte	0xc
 843 0626 9401     		.2byte	0x194
 844 0628 19       		.byte	0x19
 845 0629 BE000000 		.4byte	0xbe
 846 062d 00       		.byte	0
 847 062e 0A       		.uleb128 0xa
 848 062f 723100   		.ascii	"r1\000"
 849 0632 0C       		.byte	0xc
 850 0633 9501     		.2byte	0x195
 851 0635 19       		.byte	0x19
 852 0636 BE000000 		.4byte	0xbe
 853 063a 04       		.byte	0x4
 854 063b 0A       		.uleb128 0xa
 855 063c 723200   		.ascii	"r2\000"
ARM GAS  C:\Users\acest\AppData\Local\Temp\cc3CIuce.s 			page 16


 856 063f 0C       		.byte	0xc
 857 0640 9601     		.2byte	0x196
 858 0642 19       		.byte	0x19
 859 0643 BE000000 		.4byte	0xbe
 860 0647 08       		.byte	0x8
 861 0648 0A       		.uleb128 0xa
 862 0649 723300   		.ascii	"r3\000"
 863 064c 0C       		.byte	0xc
 864 064d 9701     		.2byte	0x197
 865 064f 19       		.byte	0x19
 866 0650 BE000000 		.4byte	0xbe
 867 0654 0C       		.byte	0xc
 868 0655 0A       		.uleb128 0xa
 869 0656 72313200 		.ascii	"r12\000"
 870 065a 0C       		.byte	0xc
 871 065b 9801     		.2byte	0x198
 872 065d 19       		.byte	0x19
 873 065e BE000000 		.4byte	0xbe
 874 0662 10       		.byte	0x10
 875 0663 0B       		.uleb128 0xb
 876 0664 B1020000 		.4byte	.LASF107
 877 0668 0C       		.byte	0xc
 878 0669 9901     		.2byte	0x199
 879 066b 19       		.byte	0x19
 880 066c BE000000 		.4byte	0xbe
 881 0670 14       		.byte	0x14
 882 0671 0A       		.uleb128 0xa
 883 0672 706300   		.ascii	"pc\000"
 884 0675 0C       		.byte	0xc
 885 0676 9A01     		.2byte	0x19a
 886 0678 19       		.byte	0x19
 887 0679 BE000000 		.4byte	0xbe
 888 067d 18       		.byte	0x18
 889 067e 0B       		.uleb128 0xb
 890 067f 87060000 		.4byte	.LASF108
 891 0683 0C       		.byte	0xc
 892 0684 9B01     		.2byte	0x19b
 893 0686 19       		.byte	0x19
 894 0687 BE000000 		.4byte	0xbe
 895 068b 1C       		.byte	0x1c
 896 068c 00       		.byte	0
 897 068d 0C       		.uleb128 0xc
 898 068e 60000000 		.4byte	.LASF109
 899 0692 28       		.byte	0x28
 900 0693 0C       		.byte	0xc
 901 0694 B701     		.2byte	0x1b7
 902 0696 08       		.byte	0x8
 903 0697 22070000 		.4byte	0x722
 904 069b 0B       		.uleb128 0xb
 905 069c C2030000 		.4byte	.LASF110
 906 06a0 0C       		.byte	0xc
 907 06a1 B801     		.2byte	0x1b8
 908 06a3 19       		.byte	0x19
 909 06a4 BE000000 		.4byte	0xbe
 910 06a8 00       		.byte	0
 911 06a9 0A       		.uleb128 0xa
 912 06aa 723400   		.ascii	"r4\000"
ARM GAS  C:\Users\acest\AppData\Local\Temp\cc3CIuce.s 			page 17


 913 06ad 0C       		.byte	0xc
 914 06ae B901     		.2byte	0x1b9
 915 06b0 19       		.byte	0x19
 916 06b1 BE000000 		.4byte	0xbe
 917 06b5 04       		.byte	0x4
 918 06b6 0A       		.uleb128 0xa
 919 06b7 723500   		.ascii	"r5\000"
 920 06ba 0C       		.byte	0xc
 921 06bb BA01     		.2byte	0x1ba
 922 06bd 19       		.byte	0x19
 923 06be BE000000 		.4byte	0xbe
 924 06c2 08       		.byte	0x8
 925 06c3 0A       		.uleb128 0xa
 926 06c4 723600   		.ascii	"r6\000"
 927 06c7 0C       		.byte	0xc
 928 06c8 BB01     		.2byte	0x1bb
 929 06ca 19       		.byte	0x19
 930 06cb BE000000 		.4byte	0xbe
 931 06cf 0C       		.byte	0xc
 932 06d0 0A       		.uleb128 0xa
 933 06d1 723700   		.ascii	"r7\000"
 934 06d4 0C       		.byte	0xc
 935 06d5 BC01     		.2byte	0x1bc
 936 06d7 19       		.byte	0x19
 937 06d8 BE000000 		.4byte	0xbe
 938 06dc 10       		.byte	0x10
 939 06dd 0A       		.uleb128 0xa
 940 06de 723800   		.ascii	"r8\000"
 941 06e1 0C       		.byte	0xc
 942 06e2 BD01     		.2byte	0x1bd
 943 06e4 19       		.byte	0x19
 944 06e5 BE000000 		.4byte	0xbe
 945 06e9 14       		.byte	0x14
 946 06ea 0A       		.uleb128 0xa
 947 06eb 723900   		.ascii	"r9\000"
 948 06ee 0C       		.byte	0xc
 949 06ef BE01     		.2byte	0x1be
 950 06f1 19       		.byte	0x19
 951 06f2 BE000000 		.4byte	0xbe
 952 06f6 18       		.byte	0x18
 953 06f7 0A       		.uleb128 0xa
 954 06f8 72313000 		.ascii	"r10\000"
 955 06fc 0C       		.byte	0xc
 956 06fd BF01     		.2byte	0x1bf
 957 06ff 19       		.byte	0x19
 958 0700 BE000000 		.4byte	0xbe
 959 0704 1C       		.byte	0x1c
 960 0705 0A       		.uleb128 0xa
 961 0706 72313100 		.ascii	"r11\000"
 962 070a 0C       		.byte	0xc
 963 070b C001     		.2byte	0x1c0
 964 070d 19       		.byte	0x19
 965 070e BE000000 		.4byte	0xbe
 966 0712 20       		.byte	0x20
 967 0713 0B       		.uleb128 0xb
 968 0714 3E040000 		.4byte	.LASF111
 969 0718 0C       		.byte	0xc
ARM GAS  C:\Users\acest\AppData\Local\Temp\cc3CIuce.s 			page 18


 970 0719 C401     		.2byte	0x1c4
 971 071b 19       		.byte	0x19
 972 071c BE000000 		.4byte	0xbe
 973 0720 24       		.byte	0x24
 974 0721 00       		.byte	0
 975 0722 0C       		.uleb128 0xc
 976 0723 8B050000 		.4byte	.LASF112
 977 0727 2C       		.byte	0x2c
 978 0728 0C       		.byte	0xc
 979 0729 DF01     		.2byte	0x1df
 980 072b 08       		.byte	0x8
 981 072c 4C070000 		.4byte	0x74c
 982 0730 0A       		.uleb128 0xa
 983 0731 737000   		.ascii	"sp\000"
 984 0734 0C       		.byte	0xc
 985 0735 E001     		.2byte	0x1e0
 986 0737 1A       		.byte	0x1a
 987 0738 4C070000 		.4byte	0x74c
 988 073c 00       		.byte	0
 989 073d 0B       		.uleb128 0xb
 990 073e 1B070000 		.4byte	.LASF113
 991 0742 0C       		.byte	0xc
 992 0743 E101     		.2byte	0x1e1
 993 0745 19       		.byte	0x19
 994 0746 8D060000 		.4byte	0x68d
 995 074a 04       		.byte	0x4
 996 074b 00       		.byte	0
 997 074c 0D       		.uleb128 0xd
 998 074d 04       		.byte	0x4
 999 074e 13060000 		.4byte	0x613
 1000 0752 0D       		.uleb128 0xd
 1001 0753 04       		.byte	0x4
 1002 0754 39010000 		.4byte	0x139
 1003 0758 12       		.uleb128 0x12
 1004 0759 04       		.byte	0x4
 1005 075a 13       		.uleb128 0x13
 1006 075b 04       		.byte	0x4
 1007 075c 0D       		.byte	0xd
 1008 075d 3F       		.byte	0x3f
 1009 075e 09       		.byte	0x9
 1010 075f 71070000 		.4byte	0x771
 1011 0763 09       		.uleb128 0x9
 1012 0764 1F080000 		.4byte	.LASF114
 1013 0768 0D       		.byte	0xd
 1014 0769 43       		.byte	0x43
 1015 076a 19       		.byte	0x19
 1016 076b 15010000 		.4byte	0x115
 1017 076f 00       		.byte	0
 1018 0770 00       		.byte	0
 1019 0771 03       		.uleb128 0x3
 1020 0772 F6040000 		.4byte	.LASF115
 1021 0776 0D       		.byte	0xd
 1022 0777 44       		.byte	0x44
 1023 0778 03       		.byte	0x3
 1024 0779 5A070000 		.4byte	0x75a
 1025 077d 13       		.uleb128 0x13
 1026 077e 18       		.byte	0x18
ARM GAS  C:\Users\acest\AppData\Local\Temp\cc3CIuce.s 			page 19


 1027 077f 0D       		.byte	0xd
 1028 0780 4F       		.byte	0x4f
 1029 0781 09       		.byte	0x9
 1030 0782 C6070000 		.4byte	0x7c6
 1031 0786 09       		.uleb128 0x9
 1032 0787 BD030000 		.4byte	.LASF116
 1033 078b 0D       		.byte	0xd
 1034 078c 50       		.byte	0x50
 1035 078d 19       		.byte	0x19
 1036 078e 15010000 		.4byte	0x115
 1037 0792 00       		.byte	0
 1038 0793 09       		.uleb128 0x9
 1039 0794 AC000000 		.4byte	.LASF117
 1040 0798 0D       		.byte	0xd
 1041 0799 51       		.byte	0x51
 1042 079a 19       		.byte	0x19
 1043 079b 15010000 		.4byte	0x115
 1044 079f 04       		.byte	0x4
 1045 07a0 09       		.uleb128 0x9
 1046 07a1 ED030000 		.4byte	.LASF118
 1047 07a5 0D       		.byte	0xd
 1048 07a6 52       		.byte	0x52
 1049 07a7 19       		.byte	0x19
 1050 07a8 15010000 		.4byte	0x115
 1051 07ac 08       		.byte	0x8
 1052 07ad 08       		.uleb128 0x8
 1053 07ae 6E00     		.ascii	"n\000"
 1054 07b0 0D       		.byte	0xd
 1055 07b1 53       		.byte	0x53
 1056 07b2 19       		.byte	0x19
 1057 07b3 99010000 		.4byte	0x199
 1058 07b7 0C       		.byte	0xc
 1059 07b8 09       		.uleb128 0x9
 1060 07b9 6B050000 		.4byte	.LASF119
 1061 07bd 0D       		.byte	0xd
 1062 07be 54       		.byte	0x54
 1063 07bf 19       		.byte	0x19
 1064 07c0 21010000 		.4byte	0x121
 1065 07c4 10       		.byte	0x10
 1066 07c5 00       		.byte	0
 1067 07c6 03       		.uleb128 0x3
 1068 07c7 B2000000 		.4byte	.LASF120
 1069 07cb 0D       		.byte	0xd
 1070 07cc 55       		.byte	0x55
 1071 07cd 03       		.byte	0x3
 1072 07ce 7D070000 		.4byte	0x77d
 1073 07d2 14       		.uleb128 0x14
 1074 07d3 07       		.byte	0x7
 1075 07d4 01       		.byte	0x1
 1076 07d5 58000000 		.4byte	0x58
 1077 07d9 06       		.byte	0x6
 1078 07da 32       		.byte	0x32
 1079 07db 0E       		.byte	0xe
 1080 07dc F9070000 		.4byte	0x7f9
 1081 07e0 15       		.uleb128 0x15
 1082 07e1 55070000 		.4byte	.LASF121
 1083 07e5 00       		.byte	0
ARM GAS  C:\Users\acest\AppData\Local\Temp\cc3CIuce.s 			page 20


 1084 07e6 15       		.uleb128 0x15
 1085 07e7 A7080000 		.4byte	.LASF122
 1086 07eb 01       		.byte	0x1
 1087 07ec 15       		.uleb128 0x15
 1088 07ed DC000000 		.4byte	.LASF123
 1089 07f1 02       		.byte	0x2
 1090 07f2 15       		.uleb128 0x15
 1091 07f3 5C090000 		.4byte	.LASF124
 1092 07f7 03       		.byte	0x3
 1093 07f8 00       		.byte	0
 1094 07f9 03       		.uleb128 0x3
 1095 07fa 6F090000 		.4byte	.LASF125
 1096 07fe 06       		.byte	0x6
 1097 07ff 37       		.byte	0x37
 1098 0800 03       		.byte	0x3
 1099 0801 D2070000 		.4byte	0x7d2
 1100 0805 07       		.uleb128 0x7
 1101 0806 C9040000 		.4byte	.LASF126
 1102 080a 18       		.byte	0x18
 1103 080b 06       		.byte	0x6
 1104 080c 64       		.byte	0x64
 1105 080d 10       		.byte	0x10
 1106 080e 3A080000 		.4byte	0x83a
 1107 0812 09       		.uleb128 0x9
 1108 0813 B6070000 		.4byte	.LASF127
 1109 0817 06       		.byte	0x6
 1110 0818 68       		.byte	0x68
 1111 0819 21       		.byte	0x21
 1112 081a 62040000 		.4byte	0x462
 1113 081e 00       		.byte	0
 1114 081f 09       		.uleb128 0x9
 1115 0820 7E060000 		.4byte	.LASF128
 1116 0824 06       		.byte	0x6
 1117 0825 73       		.byte	0x73
 1118 0826 21       		.byte	0x21
 1119 0827 9C030000 		.4byte	0x39c
 1120 082b 0C       		.byte	0xc
 1121 082c 09       		.uleb128 0x9
 1122 082d 60040000 		.4byte	.LASF129
 1123 0831 06       		.byte	0x6
 1124 0832 79       		.byte	0x79
 1125 0833 21       		.byte	0x21
 1126 0834 E0000000 		.4byte	0xe0
 1127 0838 10       		.byte	0x10
 1128 0839 00       		.byte	0
 1129 083a 03       		.uleb128 0x3
 1130 083b 0F010000 		.4byte	.LASF130
 1131 083f 06       		.byte	0x6
 1132 0840 7B       		.byte	0x7b
 1133 0841 03       		.byte	0x3
 1134 0842 05080000 		.4byte	0x805
 1135 0846 07       		.uleb128 0x7
 1136 0847 F0010000 		.4byte	.LASF131
 1137 084b 08       		.byte	0x8
 1138 084c 06       		.byte	0x6
 1139 084d 80       		.byte	0x80
 1140 084e 10       		.byte	0x10
ARM GAS  C:\Users\acest\AppData\Local\Temp\cc3CIuce.s 			page 21


 1141 084f 61080000 		.4byte	0x861
 1142 0853 09       		.uleb128 0x9
 1143 0854 D1010000 		.4byte	.LASF132
 1144 0858 06       		.byte	0x6
 1145 0859 84       		.byte	0x84
 1146 085a 21       		.byte	0x21
 1147 085b E1030000 		.4byte	0x3e1
 1148 085f 00       		.byte	0
 1149 0860 00       		.byte	0
 1150 0861 03       		.uleb128 0x3
 1151 0862 E3060000 		.4byte	.LASF133
 1152 0866 06       		.byte	0x6
 1153 0867 85       		.byte	0x85
 1154 0868 03       		.byte	0x3
 1155 0869 46080000 		.4byte	0x846
 1156 086d 03       		.uleb128 0x3
 1157 086e B6040000 		.4byte	.LASF134
 1158 0872 06       		.byte	0x6
 1159 0873 8A       		.byte	0x8a
 1160 0874 14       		.byte	0x14
 1161 0875 79080000 		.4byte	0x879
 1162 0879 0D       		.uleb128 0xd
 1163 087a 04       		.byte	0x4
 1164 087b B1010000 		.4byte	0x1b1
 1165 087f 16       		.uleb128 0x16
 1166 0880 0C       		.byte	0xc
 1167 0881 06       		.byte	0x6
 1168 0882 A0       		.byte	0xa0
 1169 0883 03       		.byte	0x3
 1170 0884 AD080000 		.4byte	0x8ad
 1171 0888 17       		.uleb128 0x17
 1172 0889 6A090000 		.4byte	.LASF135
 1173 088d 06       		.byte	0x6
 1174 088e A4       		.byte	0xa4
 1175 088f 21       		.byte	0x21
 1176 0890 B4030000 		.4byte	0x3b4
 1177 0894 17       		.uleb128 0x17
 1178 0895 D1010000 		.4byte	.LASF132
 1179 0899 06       		.byte	0x6
 1180 089a A8       		.byte	0xa8
 1181 089b 21       		.byte	0x21
 1182 089c E1030000 		.4byte	0x3e1
 1183 08a0 17       		.uleb128 0x17
 1184 08a1 FB070000 		.4byte	.LASF136
 1185 08a5 06       		.byte	0x6
 1186 08a6 AC       		.byte	0xac
 1187 08a7 21       		.byte	0x21
 1188 08a8 1B040000 		.4byte	0x41b
 1189 08ac 00       		.byte	0
 1190 08ad 16       		.uleb128 0x16
 1191 08ae 04       		.byte	0x4
 1192 08af 06       		.byte	0x6
 1193 08b0 EB       		.byte	0xeb
 1194 08b1 03       		.byte	0x3
 1195 08b2 1D090000 		.4byte	0x91d
 1196 08b6 17       		.uleb128 0x17
 1197 08b7 1F000000 		.4byte	.LASF137
ARM GAS  C:\Users\acest\AppData\Local\Temp\cc3CIuce.s 			page 22


 1198 08bb 06       		.byte	0x6
 1199 08bc F2       		.byte	0xf2
 1200 08bd 21       		.byte	0x21
 1201 08be 75010000 		.4byte	0x175
 1202 08c2 17       		.uleb128 0x17
 1203 08c3 F3000000 		.4byte	.LASF138
 1204 08c7 06       		.byte	0x6
 1205 08c8 F9       		.byte	0xf9
 1206 08c9 21       		.byte	0x21
 1207 08ca 75010000 		.4byte	0x175
 1208 08ce 18       		.uleb128 0x18
 1209 08cf 0E040000 		.4byte	.LASF139
 1210 08d3 06       		.byte	0x6
 1211 08d4 0001     		.2byte	0x100
 1212 08d6 22       		.byte	0x22
 1213 08d7 58070000 		.4byte	0x758
 1214 08db 18       		.uleb128 0x18
 1215 08dc D5020000 		.4byte	.LASF140
 1216 08e0 06       		.byte	0x6
 1217 08e1 0701     		.2byte	0x107
 1218 08e3 22       		.byte	0x22
 1219 08e4 1D090000 		.4byte	0x91d
 1220 08e8 18       		.uleb128 0x18
 1221 08e9 07010000 		.4byte	.LASF141
 1222 08ed 06       		.byte	0x6
 1223 08ee 0C01     		.2byte	0x10c
 1224 08f0 21       		.byte	0x21
 1225 08f1 75010000 		.4byte	0x175
 1226 08f5 18       		.uleb128 0x18
 1227 08f6 CE020000 		.4byte	.LASF142
 1228 08fa 06       		.byte	0x6
 1229 08fb 1501     		.2byte	0x115
 1230 08fd 22       		.byte	0x22
 1231 08fe 4B090000 		.4byte	0x94b
 1232 0902 18       		.uleb128 0x18
 1233 0903 FE060000 		.4byte	.LASF143
 1234 0907 06       		.byte	0x6
 1235 0908 1E01     		.2byte	0x11e
 1236 090a 22       		.byte	0x22
 1237 090b 86090000 		.4byte	0x986
 1238 090f 18       		.uleb128 0x18
 1239 0910 93060000 		.4byte	.LASF144
 1240 0914 06       		.byte	0x6
 1241 0915 2601     		.2byte	0x126
 1242 0917 21       		.byte	0x21
 1243 0918 81010000 		.4byte	0x181
 1244 091c 00       		.byte	0
 1245 091d 0D       		.uleb128 0xd
 1246 091e 04       		.byte	0x4
 1247 091f 6D080000 		.4byte	0x86d
 1248 0923 07       		.uleb128 0x7
 1249 0924 D6060000 		.4byte	.LASF145
 1250 0928 0C       		.byte	0xc
 1251 0929 0E       		.byte	0xe
 1252 092a 34       		.byte	0x34
 1253 092b 10       		.byte	0x10
 1254 092c 4B090000 		.4byte	0x94b
ARM GAS  C:\Users\acest\AppData\Local\Temp\cc3CIuce.s 			page 23


 1255 0930 09       		.uleb128 0x9
 1256 0931 D1010000 		.4byte	.LASF132
 1257 0935 0E       		.byte	0xe
 1258 0936 35       		.byte	0x35
 1259 0937 19       		.byte	0x19
 1260 0938 E1030000 		.4byte	0x3e1
 1261 093c 00       		.byte	0
 1262 093d 08       		.uleb128 0x8
 1263 093e 636E7400 		.ascii	"cnt\000"
 1264 0942 0E       		.byte	0xe
 1265 0943 37       		.byte	0x37
 1266 0944 19       		.byte	0x19
 1267 0945 8D010000 		.4byte	0x18d
 1268 0949 08       		.byte	0x8
 1269 094a 00       		.byte	0
 1270 094b 0D       		.uleb128 0xd
 1271 094c 04       		.byte	0x4
 1272 094d 23090000 		.4byte	0x923
 1273 0951 07       		.uleb128 0x7
 1274 0952 C5080000 		.4byte	.LASF146
 1275 0956 10       		.byte	0x10
 1276 0957 0F       		.byte	0xf
 1277 0958 39       		.byte	0x39
 1278 0959 08       		.byte	0x8
 1279 095a 86090000 		.4byte	0x986
 1280 095e 09       		.uleb128 0x9
 1281 095f D1010000 		.4byte	.LASF132
 1282 0963 0F       		.byte	0xf
 1283 0964 3A       		.byte	0x3a
 1284 0965 19       		.byte	0x19
 1285 0966 E1030000 		.4byte	0x3e1
 1286 096a 00       		.byte	0
 1287 096b 09       		.uleb128 0x9
 1288 096c 15070000 		.4byte	.LASF38
 1289 0970 0F       		.byte	0xf
 1290 0971 3C       		.byte	0x3c
 1291 0972 1A       		.byte	0x1a
 1292 0973 79080000 		.4byte	0x879
 1293 0977 08       		.byte	0x8
 1294 0978 09       		.uleb128 0x9
 1295 0979 25010000 		.4byte	.LASF72
 1296 097d 0F       		.byte	0xf
 1297 097e 3E       		.byte	0x3e
 1298 097f 1A       		.byte	0x1a
 1299 0980 C00A0000 		.4byte	0xac0
 1300 0984 0C       		.byte	0xc
 1301 0985 00       		.byte	0
 1302 0986 0D       		.uleb128 0xd
 1303 0987 04       		.byte	0x4
 1304 0988 51090000 		.4byte	0x951
 1305 098c 0D       		.uleb128 0xd
 1306 098d 04       		.byte	0x4
 1307 098e A0020000 		.4byte	0x2a0
 1308 0992 0C       		.uleb128 0xc
 1309 0993 1D040000 		.4byte	.LASF147
 1310 0997 10       		.byte	0x10
 1311 0998 06       		.byte	0x6
ARM GAS  C:\Users\acest\AppData\Local\Temp\cc3CIuce.s 			page 24


 1312 0999 5C01     		.2byte	0x15c
 1313 099b 10       		.byte	0x10
 1314 099c BD090000 		.4byte	0x9bd
 1315 09a0 0B       		.uleb128 0xb
 1316 09a1 FB070000 		.4byte	.LASF136
 1317 09a5 06       		.byte	0x6
 1318 09a6 6101     		.2byte	0x161
 1319 09a8 21       		.byte	0x21
 1320 09a9 1B040000 		.4byte	0x41b
 1321 09ad 00       		.byte	0
 1322 09ae 0B       		.uleb128 0xb
 1323 09af 58050000 		.4byte	.LASF148
 1324 09b3 06       		.byte	0x6
 1325 09b4 6501     		.2byte	0x165
 1326 09b6 22       		.byte	0x22
 1327 09b7 79080000 		.4byte	0x879
 1328 09bb 0C       		.byte	0xc
 1329 09bc 00       		.byte	0
 1330 09bd 11       		.uleb128 0x11
 1331 09be 00000000 		.4byte	.LASF149
 1332 09c2 06       		.byte	0x6
 1333 09c3 6601     		.2byte	0x166
 1334 09c5 03       		.byte	0x3
 1335 09c6 92090000 		.4byte	0x992
 1336 09ca 0C       		.uleb128 0xc
 1337 09cb 25050000 		.4byte	.LASF150
 1338 09cf 14       		.byte	0x14
 1339 09d0 06       		.byte	0x6
 1340 09d1 6B01     		.2byte	0x16b
 1341 09d3 10       		.byte	0x10
 1342 09d4 1F0A0000 		.4byte	0xa1f
 1343 09d8 0B       		.uleb128 0xb
 1344 09d9 ED020000 		.4byte	.LASF39
 1345 09dd 06       		.byte	0x6
 1346 09de 6F01     		.2byte	0x16f
 1347 09e0 22       		.byte	0x22
 1348 09e1 79030000 		.4byte	0x379
 1349 09e5 00       		.byte	0
 1350 09e6 0B       		.uleb128 0xb
 1351 09e7 78020000 		.4byte	.LASF151
 1352 09eb 06       		.byte	0x6
 1353 09ec 7501     		.2byte	0x175
 1354 09ee 22       		.byte	0x22
 1355 09ef 52070000 		.4byte	0x752
 1356 09f3 04       		.byte	0x4
 1357 09f4 0B       		.uleb128 0xb
 1358 09f5 8B080000 		.4byte	.LASF152
 1359 09f9 06       		.byte	0x6
 1360 09fa 7901     		.2byte	0x179
 1361 09fc 22       		.byte	0x22
 1362 09fd 52070000 		.4byte	0x752
 1363 0a01 08       		.byte	0x8
 1364 0a02 0B       		.uleb128 0xb
 1365 0a03 50040000 		.4byte	.LASF153
 1366 0a07 06       		.byte	0x6
 1367 0a08 7F01     		.2byte	0x17f
 1368 0a0a 22       		.byte	0x22
ARM GAS  C:\Users\acest\AppData\Local\Temp\cc3CIuce.s 			page 25


 1369 0a0b 52070000 		.4byte	0x752
 1370 0a0f 0C       		.byte	0xc
 1371 0a10 0B       		.uleb128 0xb
 1372 0a11 88090000 		.4byte	.LASF154
 1373 0a15 06       		.byte	0x6
 1374 0a16 8301     		.2byte	0x183
 1375 0a18 22       		.byte	0x22
 1376 0a19 52070000 		.4byte	0x752
 1377 0a1d 10       		.byte	0x10
 1378 0a1e 00       		.byte	0
 1379 0a1f 11       		.uleb128 0x11
 1380 0a20 97000000 		.4byte	.LASF155
 1381 0a24 06       		.byte	0x6
 1382 0a25 8501     		.2byte	0x185
 1383 0a27 03       		.byte	0x3
 1384 0a28 CA090000 		.4byte	0x9ca
 1385 0a2c 06       		.uleb128 0x6
 1386 0a2d 1F0A0000 		.4byte	0xa1f
 1387 0a31 0D       		.uleb128 0xd
 1388 0a32 04       		.byte	0x4
 1389 0a33 2C0A0000 		.4byte	0xa2c
 1390 0a37 0C       		.uleb128 0xc
 1391 0a38 9A060000 		.4byte	.LASF156
 1392 0a3c 0C       		.byte	0xc
 1393 0a3d 06       		.byte	0x6
 1394 0a3e C901     		.2byte	0x1c9
 1395 0a40 10       		.byte	0x10
 1396 0a41 700A0000 		.4byte	0xa70
 1397 0a45 0B       		.uleb128 0xb
 1398 0a46 9B010000 		.4byte	.LASF41
 1399 0a4a 06       		.byte	0x6
 1400 0a4b CD01     		.2byte	0x1cd
 1401 0a4d 21       		.byte	0x21
 1402 0a4e F9070000 		.4byte	0x7f9
 1403 0a52 00       		.byte	0
 1404 0a53 0B       		.uleb128 0xb
 1405 0a54 BE020000 		.4byte	.LASF157
 1406 0a58 06       		.byte	0x6
 1407 0a59 D101     		.2byte	0x1d1
 1408 0a5b 22       		.byte	0x22
 1409 0a5c 700A0000 		.4byte	0xa70
 1410 0a60 04       		.byte	0x4
 1411 0a61 0A       		.uleb128 0xa
 1412 0a62 746D6300 		.ascii	"tmc\000"
 1413 0a66 06       		.byte	0x6
 1414 0a67 D601     		.2byte	0x1d6
 1415 0a69 21       		.byte	0x21
 1416 0a6a 71070000 		.4byte	0x771
 1417 0a6e 08       		.byte	0x8
 1418 0a6f 00       		.byte	0
 1419 0a70 0E       		.uleb128 0xe
 1420 0a71 8C090000 		.4byte	0x98c
 1421 0a75 800A0000 		.4byte	0xa80
 1422 0a79 0F       		.uleb128 0xf
 1423 0a7a 30000000 		.4byte	0x30
 1424 0a7e 00       		.byte	0
 1425 0a7f 00       		.byte	0
ARM GAS  C:\Users\acest\AppData\Local\Temp\cc3CIuce.s 			page 26


 1426 0a80 11       		.uleb128 0x11
 1427 0a81 02040000 		.4byte	.LASF158
 1428 0a85 06       		.byte	0x6
 1429 0a86 ED01     		.2byte	0x1ed
 1430 0a88 03       		.byte	0x3
 1431 0a89 370A0000 		.4byte	0xa37
 1432 0a8d 19       		.uleb128 0x19
 1433 0a8e 9A060000 		.4byte	.LASF156
 1434 0a92 10       		.byte	0x10
 1435 0a93 3E01     		.2byte	0x13e
 1436 0a95 14       		.byte	0x14
 1437 0a96 800A0000 		.4byte	0xa80
 1438 0a9a 19       		.uleb128 0x19
 1439 0a9b C4050000 		.4byte	.LASF159
 1440 0a9f 10       		.byte	0x10
 1441 0aa0 4001     		.2byte	0x140
 1442 0aa2 23       		.byte	0x23
 1443 0aa3 2C0A0000 		.4byte	0xa2c
 1444 0aa7 1A       		.uleb128 0x1a
 1445 0aa8 63683000 		.ascii	"ch0\000"
 1446 0aac 10       		.byte	0x10
 1447 0aad 4101     		.2byte	0x141
 1448 0aaf 16       		.byte	0x16
 1449 0ab0 A0020000 		.4byte	0x2a0
 1450 0ab4 03       		.uleb128 0x3
 1451 0ab5 88020000 		.4byte	.LASF160
 1452 0ab9 0F       		.byte	0xf
 1453 0aba 34       		.byte	0x34
 1454 0abb 19       		.byte	0x19
 1455 0abc 51090000 		.4byte	0x951
 1456 0ac0 0D       		.uleb128 0xd
 1457 0ac1 04       		.byte	0x4
 1458 0ac2 B40A0000 		.4byte	0xab4
 1459 0ac6 04       		.uleb128 0x4
 1460 0ac7 01       		.byte	0x1
 1461 0ac8 02       		.byte	0x2
 1462 0ac9 30060000 		.4byte	.LASF161
 1463 0acd 1B       		.uleb128 0x1b
 1464 0ace 8D0A0000 		.4byte	0xa8d
 1465 0ad2 11       		.byte	0x11
 1466 0ad3 2D       		.byte	0x2d
 1467 0ad4 0D       		.byte	0xd
 1468 0ad5 1B       		.uleb128 0x1b
 1469 0ad6 A70A0000 		.4byte	0xaa7
 1470 0ada 11       		.byte	0x11
 1471 0adb 32       		.byte	0x32
 1472 0adc 23       		.byte	0x23
 1473 0add 0E       		.uleb128 0xe
 1474 0ade 39010000 		.4byte	0x139
 1475 0ae2 ED0A0000 		.4byte	0xaed
 1476 0ae6 0F       		.uleb128 0xf
 1477 0ae7 30000000 		.4byte	0x30
 1478 0aeb 19       		.byte	0x19
 1479 0aec 00       		.byte	0
 1480 0aed 1C       		.uleb128 0x1c
 1481 0aee DC080000 		.4byte	.LASF162
 1482 0af2 11       		.byte	0x11
ARM GAS  C:\Users\acest\AppData\Local\Temp\cc3CIuce.s 			page 27


 1483 0af3 38       		.byte	0x38
 1484 0af4 1C       		.byte	0x1c
 1485 0af5 DD0A0000 		.4byte	0xadd
 1486 0af9 1B       		.uleb128 0x1b
 1487 0afa 9A0A0000 		.4byte	0xa9a
 1488 0afe 11       		.byte	0x11
 1489 0aff 43       		.byte	0x43
 1490 0b00 1C       		.byte	0x1c
 1491 0b01 1D       		.uleb128 0x1d
 1492 0b02 66020000 		.4byte	.LASF165
 1493 0b06 11       		.byte	0x11
 1494 0b07 EC01     		.2byte	0x1ec
 1495 0b09 06       		.byte	0x6
 1496 0b0a 360B0000 		.4byte	0xb36
 1497 0b0e 1E       		.uleb128 0x1e
 1498 0b0f 8C060000 		.4byte	.LASF164
 1499 0b13 11       		.byte	0x11
 1500 0b14 EC01     		.2byte	0x1ec
 1501 0b16 20       		.byte	0x20
 1502 0b17 15010000 		.4byte	0x115
 1503 0b1b 1F       		.uleb128 0x1f
 1504 0b1c 71010000 		.4byte	.LASF163
 1505 0b20 11       		.byte	0x11
 1506 0b21 ED01     		.2byte	0x1ed
 1507 0b23 0B       		.byte	0xb
 1508 0b24 15010000 		.4byte	0x115
 1509 0b28 20       		.uleb128 0x20
 1510 0b29 656E6400 		.ascii	"end\000"
 1511 0b2d 11       		.byte	0x11
 1512 0b2e EE01     		.2byte	0x1ee
 1513 0b30 0B       		.byte	0xb
 1514 0b31 15010000 		.4byte	0x115
 1515 0b35 00       		.byte	0
 1516 0b36 21       		.uleb128 0x21
 1517 0b37 38020000 		.4byte	.LASF167
 1518 0b3b 11       		.byte	0x11
 1519 0b3c DB01     		.2byte	0x1db
 1520 0b3e 06       		.byte	0x6
 1521 0b3f C60A0000 		.4byte	0xac6
 1522 0b43 6F0B0000 		.4byte	0xb6f
 1523 0b47 22       		.uleb128 0x22
 1524 0b48 636E7400 		.ascii	"cnt\000"
 1525 0b4c 11       		.byte	0x11
 1526 0b4d DB01     		.2byte	0x1db
 1527 0b4f 24       		.byte	0x24
 1528 0b50 15010000 		.4byte	0x115
 1529 0b54 1E       		.uleb128 0x1e
 1530 0b55 71010000 		.4byte	.LASF163
 1531 0b59 11       		.byte	0x11
 1532 0b5a DB01     		.2byte	0x1db
 1533 0b5c 31       		.byte	0x31
 1534 0b5d 15010000 		.4byte	0x115
 1535 0b61 22       		.uleb128 0x22
 1536 0b62 656E6400 		.ascii	"end\000"
 1537 0b66 11       		.byte	0x11
 1538 0b67 DB01     		.2byte	0x1db
 1539 0b69 40       		.byte	0x40
ARM GAS  C:\Users\acest\AppData\Local\Temp\cc3CIuce.s 			page 28


 1540 0b6a 15010000 		.4byte	0x115
 1541 0b6e 00       		.byte	0
 1542 0b6f 1D       		.uleb128 0x1d
 1543 0b70 9F090000 		.4byte	.LASF166
 1544 0b74 11       		.byte	0x11
 1545 0b75 BB01     		.2byte	0x1bb
 1546 0b77 06       		.byte	0x6
 1547 0b78 8A0B0000 		.4byte	0xb8a
 1548 0b7c 22       		.uleb128 0x22
 1549 0b7d 73747300 		.ascii	"sts\000"
 1550 0b81 11       		.byte	0x11
 1551 0b82 BB01     		.2byte	0x1bb
 1552 0b84 23       		.byte	0x23
 1553 0b85 2D010000 		.4byte	0x12d
 1554 0b89 00       		.byte	0
 1555 0b8a 21       		.uleb128 0x21
 1556 0b8b 20070000 		.4byte	.LASF168
 1557 0b8f 11       		.byte	0x11
 1558 0b90 A401     		.2byte	0x1a4
 1559 0b92 0A       		.byte	0xa
 1560 0b93 2D010000 		.4byte	0x12d
 1561 0b97 A90B0000 		.4byte	0xba9
 1562 0b9b 20       		.uleb128 0x20
 1563 0b9c 73747300 		.ascii	"sts\000"
 1564 0ba0 11       		.byte	0x11
 1565 0ba1 A601     		.2byte	0x1a6
 1566 0ba3 0C       		.byte	0xc
 1567 0ba4 2D010000 		.4byte	0x12d
 1568 0ba8 00       		.byte	0
 1569 0ba9 23       		.uleb128 0x23
 1570 0baa C6070000 		.4byte	.LASF201
 1571 0bae 11       		.byte	0x11
 1572 0baf 8201     		.2byte	0x182
 1573 0bb1 06       		.byte	0x6
 1574 0bb2 21       		.uleb128 0x21
 1575 0bb3 3B090000 		.4byte	.LASF169
 1576 0bb7 11       		.byte	0x11
 1577 0bb8 1801     		.2byte	0x118
 1578 0bba 06       		.byte	0x6
 1579 0bbb C60A0000 		.4byte	0xac6
 1580 0bbf 2A0C0000 		.4byte	0xc2a
 1581 0bc3 1E       		.uleb128 0x1e
 1582 0bc4 0D090000 		.4byte	.LASF170
 1583 0bc8 11       		.byte	0x11
 1584 0bc9 1801     		.2byte	0x118
 1585 0bcb 24       		.byte	0x24
 1586 0bcc 30000000 		.4byte	0x30
 1587 0bd0 20       		.uleb128 0x20
 1588 0bd1 6F697000 		.ascii	"oip\000"
 1589 0bd5 11       		.byte	0x11
 1590 0bd6 1901     		.2byte	0x119
 1591 0bd8 12       		.byte	0x12
 1592 0bd9 8C090000 		.4byte	0x98c
 1593 0bdd 20       		.uleb128 0x20
 1594 0bde 6E00     		.ascii	"n\000"
 1595 0be0 11       		.byte	0x11
 1596 0be1 1A01     		.2byte	0x11a
ARM GAS  C:\Users\acest\AppData\Local\Temp\cc3CIuce.s 			page 29


 1597 0be3 09       		.byte	0x9
 1598 0be4 8D010000 		.4byte	0x18d
 1599 0be8 24       		.uleb128 0x24
 1600 0be9 FB0B0000 		.4byte	0xbfb
 1601 0bed 20       		.uleb128 0x20
 1602 0bee 70717000 		.ascii	"pqp\000"
 1603 0bf2 11       		.byte	0x11
 1604 0bf3 2001     		.2byte	0x120
 1605 0bf5 1A       		.byte	0x1a
 1606 0bf6 5C040000 		.4byte	0x45c
 1607 0bfa 00       		.byte	0
 1608 0bfb 24       		.uleb128 0x24
 1609 0bfc 0E0C0000 		.4byte	0xc0e
 1610 0c00 20       		.uleb128 0x20
 1611 0c01 646C7000 		.ascii	"dlp\000"
 1612 0c05 11       		.byte	0x11
 1613 0c06 3901     		.2byte	0x139
 1614 0c08 16       		.byte	0x16
 1615 0c09 A3040000 		.4byte	0x4a3
 1616 0c0d 00       		.byte	0
 1617 0c0e 25       		.uleb128 0x25
 1618 0c0f 20       		.uleb128 0x20
 1619 0c10 717000   		.ascii	"qp\000"
 1620 0c13 11       		.byte	0x11
 1621 0c14 5201     		.2byte	0x152
 1622 0c16 11       		.byte	0x11
 1623 0c17 15040000 		.4byte	0x415
 1624 0c1b 20       		.uleb128 0x20
 1625 0c1c 72717000 		.ascii	"rqp\000"
 1626 0c20 11       		.byte	0x11
 1627 0c21 5201     		.2byte	0x152
 1628 0c23 16       		.byte	0x16
 1629 0c24 15040000 		.4byte	0x415
 1630 0c28 00       		.byte	0
 1631 0c29 00       		.byte	0
 1632 0c2a 26       		.uleb128 0x26
 1633 0c2b A2070000 		.4byte	.LASF171
 1634 0c2f 11       		.byte	0x11
 1635 0c30 F8       		.byte	0xf8
 1636 0c31 0B       		.byte	0xb
 1637 0c32 79080000 		.4byte	0x879
 1638 0c36 4F0C0000 		.4byte	0xc4f
 1639 0c3a 27       		.uleb128 0x27
 1640 0c3b 747000   		.ascii	"tp\000"
 1641 0c3e 11       		.byte	0x11
 1642 0c3f F9       		.byte	0xf9
 1643 0c40 0D       		.byte	0xd
 1644 0c41 79080000 		.4byte	0x879
 1645 0c45 28       		.uleb128 0x28
 1646 0c46 AC060000 		.4byte	.LASF179
 1647 0c4a 5F0C0000 		.4byte	0xc5f
 1648 0c4e 00       		.byte	0
 1649 0c4f 0E       		.uleb128 0xe
 1650 0c50 8B030000 		.4byte	0x38b
 1651 0c54 5F0C0000 		.4byte	0xc5f
 1652 0c58 0F       		.uleb128 0xf
 1653 0c59 30000000 		.4byte	0x30
ARM GAS  C:\Users\acest\AppData\Local\Temp\cc3CIuce.s 			page 30


 1654 0c5d 13       		.byte	0x13
 1655 0c5e 00       		.byte	0
 1656 0c5f 06       		.uleb128 0x6
 1657 0c60 4F0C0000 		.4byte	0xc4f
 1658 0c64 29       		.uleb128 0x29
 1659 0c65 BB080000 		.4byte	.LASF172
 1660 0c69 11       		.byte	0x11
 1661 0c6a D1       		.byte	0xd1
 1662 0c6b 06       		.byte	0x6
 1663 0c6c 7D0C0000 		.4byte	0xc7d
 1664 0c70 2A       		.uleb128 0x2a
 1665 0c71 C5060000 		.4byte	.LASF173
 1666 0c75 11       		.byte	0x11
 1667 0c76 D1       		.byte	0xd1
 1668 0c77 1C       		.byte	0x1c
 1669 0c78 79030000 		.4byte	0x379
 1670 0c7c 00       		.byte	0
 1671 0c7d 29       		.uleb128 0x29
 1672 0c7e 52010000 		.4byte	.LASF174
 1673 0c82 11       		.byte	0x11
 1674 0c83 9F       		.byte	0x9f
 1675 0c84 06       		.byte	0x6
 1676 0c85 940C0000 		.4byte	0xc94
 1677 0c89 27       		.uleb128 0x27
 1678 0c8a 6900     		.ascii	"i\000"
 1679 0c8c 11       		.byte	0x11
 1680 0c8d A0       		.byte	0xa0
 1681 0c8e 0C       		.byte	0xc
 1682 0c8f 30000000 		.4byte	0x30
 1683 0c93 00       		.byte	0
 1684 0c94 29       		.uleb128 0x29
 1685 0c95 76050000 		.4byte	.LASF175
 1686 0c99 11       		.byte	0x11
 1687 0c9a 8E       		.byte	0x8e
 1688 0c9b 06       		.byte	0x6
 1689 0c9c AD0C0000 		.4byte	0xcad
 1690 0ca0 2A       		.uleb128 0x2a
 1691 0ca1 9B010000 		.4byte	.LASF41
 1692 0ca5 11       		.byte	0x11
 1693 0ca6 8E       		.byte	0x8e
 1694 0ca7 2A       		.byte	0x2a
 1695 0ca8 F9070000 		.4byte	0x7f9
 1696 0cac 00       		.byte	0
 1697 0cad 2B       		.uleb128 0x2b
 1698 0cae 9A080000 		.4byte	.LASF176
 1699 0cb2 12       		.byte	0x12
 1700 0cb3 F9       		.byte	0xf9
 1701 0cb4 14       		.byte	0x14
 1702 0cb5 2C       		.uleb128 0x2c
 1703 0cb6 D9050000 		.4byte	.LASF177
 1704 0cba 10       		.byte	0x10
 1705 0cbb D901     		.2byte	0x1d9
 1706 0cbd 14       		.byte	0x14
 1707 0cbe 2C       		.uleb128 0x2c
 1708 0cbf 16090000 		.4byte	.LASF178
 1709 0cc3 10       		.byte	0x10
 1710 0cc4 C301     		.2byte	0x1c3
ARM GAS  C:\Users\acest\AppData\Local\Temp\cc3CIuce.s 			page 31


 1711 0cc6 14       		.byte	0x14
 1712 0cc7 2D       		.uleb128 0x2d
 1713 0cc8 50090000 		.4byte	.LASF181
 1714 0ccc 10       		.byte	0x10
 1715 0ccd A501     		.2byte	0x1a5
 1716 0ccf 14       		.byte	0x14
 1717 0cd0 DE0C0000 		.4byte	0xcde
 1718 0cd4 28       		.uleb128 0x28
 1719 0cd5 AC060000 		.4byte	.LASF179
 1720 0cd9 EE0C0000 		.4byte	0xcee
 1721 0cdd 00       		.byte	0
 1722 0cde 0E       		.uleb128 0xe
 1723 0cdf 8B030000 		.4byte	0x38b
 1724 0ce3 EE0C0000 		.4byte	0xcee
 1725 0ce7 0F       		.uleb128 0xf
 1726 0ce8 30000000 		.4byte	0x30
 1727 0cec 0B       		.byte	0xb
 1728 0ced 00       		.byte	0
 1729 0cee 06       		.uleb128 0x6
 1730 0cef DE0C0000 		.4byte	0xcde
 1731 0cf3 2C       		.uleb128 0x2c
 1732 0cf4 B5060000 		.4byte	.LASF180
 1733 0cf8 10       		.byte	0x10
 1734 0cf9 9701     		.2byte	0x197
 1735 0cfb 14       		.byte	0x14
 1736 0cfc 2E       		.uleb128 0x2e
 1737 0cfd 7A040000 		.4byte	.LASF182
 1738 0d01 0D       		.byte	0xd
 1739 0d02 77       		.byte	0x77
 1740 0d03 14       		.byte	0x14
 1741 0d04 2A0D0000 		.4byte	0xd2a
 1742 0d08 2F       		.uleb128 0x2f
 1743 0d09 74637000 		.ascii	"tcp\000"
 1744 0d0d 0D       		.byte	0xd
 1745 0d0e 77       		.byte	0x77
 1746 0d0f 43       		.byte	0x43
 1747 0d10 2A0D0000 		.4byte	0xd2a
 1748 0d14 27       		.uleb128 0x27
 1749 0d15 6900     		.ascii	"i\000"
 1750 0d17 0D       		.byte	0xd
 1751 0d18 78       		.byte	0x78
 1752 0d19 0C       		.byte	0xc
 1753 0d1a 30000000 		.4byte	0x30
 1754 0d1e 27       		.uleb128 0x27
 1755 0d1f 746D00   		.ascii	"tm\000"
 1756 0d22 0D       		.byte	0xd
 1757 0d23 79       		.byte	0x79
 1758 0d24 16       		.byte	0x16
 1759 0d25 C6070000 		.4byte	0x7c6
 1760 0d29 00       		.byte	0
 1761 0d2a 0D       		.uleb128 0xd
 1762 0d2b 04       		.byte	0x4
 1763 0d2c 71070000 		.4byte	0x771
 1764 0d30 30       		.uleb128 0x30
 1765 0d31 88070000 		.4byte	.LASF188
 1766 0d35 0C       		.byte	0xc
 1767 0d36 6D03     		.2byte	0x36d
ARM GAS  C:\Users\acest\AppData\Local\Temp\cc3CIuce.s 			page 32


 1768 0d38 1E       		.byte	0x1e
 1769 0d39 15010000 		.4byte	0x115
 1770 0d3d 2C       		.uleb128 0x2c
 1771 0d3e AA010000 		.4byte	.LASF183
 1772 0d42 0C       		.byte	0xc
 1773 0d43 3F03     		.2byte	0x33f
 1774 0d45 1B       		.byte	0x1b
 1775 0d46 2C       		.uleb128 0x2c
 1776 0d47 6A070000 		.4byte	.LASF184
 1777 0d4b 0C       		.byte	0xc
 1778 0d4c 3503     		.2byte	0x335
 1779 0d4e 1B       		.byte	0x1b
 1780 0d4f 2C       		.uleb128 0x2c
 1781 0d50 6A080000 		.4byte	.LASF185
 1782 0d54 0C       		.byte	0xc
 1783 0d55 2A03     		.2byte	0x32a
 1784 0d57 1B       		.byte	0x1b
 1785 0d58 2C       		.uleb128 0x2c
 1786 0d59 86010000 		.4byte	.LASF186
 1787 0d5d 0C       		.byte	0xc
 1788 0d5e 1F03     		.2byte	0x31f
 1789 0d60 1B       		.byte	0x1b
 1790 0d61 2C       		.uleb128 0x2c
 1791 0d62 7E090000 		.4byte	.LASF187
 1792 0d66 0C       		.byte	0xc
 1793 0d67 0B03     		.2byte	0x30b
 1794 0d69 1B       		.byte	0x1b
 1795 0d6a 30       		.uleb128 0x30
 1796 0d6b 26000000 		.4byte	.LASF189
 1797 0d6f 0C       		.byte	0xc
 1798 0d70 0103     		.2byte	0x301
 1799 0d72 1B       		.byte	0x1b
 1800 0d73 C60A0000 		.4byte	0xac6
 1801 0d77 31       		.uleb128 0x31
 1802 0d78 14050000 		.4byte	.LASF193
 1803 0d7c 0C       		.byte	0xc
 1804 0d7d F502     		.2byte	0x2f5
 1805 0d7f 1B       		.byte	0x1b
 1806 0d80 C60A0000 		.4byte	0xac6
 1807 0d84 960D0000 		.4byte	0xd96
 1808 0d88 22       		.uleb128 0x22
 1809 0d89 73747300 		.ascii	"sts\000"
 1810 0d8d 0C       		.byte	0xc
 1811 0d8e F502     		.2byte	0x2f5
 1812 0d90 35       		.byte	0x35
 1813 0d91 2D010000 		.4byte	0x12d
 1814 0d95 00       		.byte	0
 1815 0d96 30       		.uleb128 0x30
 1816 0d97 27090000 		.4byte	.LASF190
 1817 0d9b 0C       		.byte	0xc
 1818 0d9c E702     		.2byte	0x2e7
 1819 0d9e 1F       		.byte	0x1f
 1820 0d9f 2D010000 		.4byte	0x12d
 1821 0da3 2D       		.uleb128 0x2d
 1822 0da4 E3070000 		.4byte	.LASF191
 1823 0da8 13       		.byte	0x13
 1824 0da9 EB01     		.2byte	0x1eb
ARM GAS  C:\Users\acest\AppData\Local\Temp\cc3CIuce.s 			page 33


 1825 0dab 1B       		.byte	0x1b
 1826 0dac BE0D0000 		.4byte	0xdbe
 1827 0db0 1E       		.uleb128 0x1e
 1828 0db1 77010000 		.4byte	.LASF192
 1829 0db5 13       		.byte	0x13
 1830 0db6 EB01     		.2byte	0x1eb
 1831 0db8 32       		.byte	0x32
 1832 0db9 BE000000 		.4byte	0xbe
 1833 0dbd 00       		.byte	0
 1834 0dbe 31       		.uleb128 0x31
 1835 0dbf 02080000 		.4byte	.LASF194
 1836 0dc3 13       		.byte	0x13
 1837 0dc4 CD01     		.2byte	0x1cd
 1838 0dc6 1F       		.byte	0x1f
 1839 0dc7 BE000000 		.4byte	0xbe
 1840 0dcb DD0D0000 		.4byte	0xddd
 1841 0dcf 1F       		.uleb128 0x1f
 1842 0dd0 B3090000 		.4byte	.LASF195
 1843 0dd4 13       		.byte	0x13
 1844 0dd5 CF01     		.2byte	0x1cf
 1845 0dd7 0C       		.byte	0xc
 1846 0dd8 BE000000 		.4byte	0xbe
 1847 0ddc 00       		.byte	0
 1848 0ddd 32       		.uleb128 0x32
 1849 0dde A3040000 		.4byte	.LASF196
 1850 0de2 13       		.byte	0x13
 1851 0de3 CD       		.byte	0xcd
 1852 0de4 1F       		.byte	0x1f
 1853 0de5 BE000000 		.4byte	0xbe
 1854 0de9 FA0D0000 		.4byte	0xdfa
 1855 0ded 1C       		.uleb128 0x1c
 1856 0dee B3090000 		.4byte	.LASF195
 1857 0df2 13       		.byte	0x13
 1858 0df3 CF       		.byte	0xcf
 1859 0df4 0C       		.byte	0xc
 1860 0df5 BE000000 		.4byte	0xbe
 1861 0df9 00       		.byte	0
 1862 0dfa 2B       		.uleb128 0x2b
 1863 0dfb A2050000 		.4byte	.LASF197
 1864 0dff 13       		.byte	0x13
 1865 0e00 8C       		.byte	0x8c
 1866 0e01 1B       		.byte	0x1b
 1867 0e02 00       		.byte	0
 1868              		.section	.gnu.debuglto_.debug_abbrev,"e",%progbits
 1869              	.Ldebug_abbrev0:
 1870 0000 01       		.uleb128 0x1
 1871 0001 11       		.uleb128 0x11
 1872 0002 01       		.byte	0x1
 1873 0003 25       		.uleb128 0x25
 1874 0004 0E       		.uleb128 0xe
 1875 0005 13       		.uleb128 0x13
 1876 0006 0B       		.uleb128 0xb
 1877 0007 03       		.uleb128 0x3
 1878 0008 0E       		.uleb128 0xe
 1879 0009 1B       		.uleb128 0x1b
 1880 000a 0E       		.uleb128 0xe
 1881 000b 10       		.uleb128 0x10
ARM GAS  C:\Users\acest\AppData\Local\Temp\cc3CIuce.s 			page 34


 1882 000c 17       		.uleb128 0x17
 1883 000d 00       		.byte	0
 1884 000e 00       		.byte	0
 1885 000f 02       		.uleb128 0x2
 1886 0010 24       		.uleb128 0x24
 1887 0011 00       		.byte	0
 1888 0012 0B       		.uleb128 0xb
 1889 0013 0B       		.uleb128 0xb
 1890 0014 3E       		.uleb128 0x3e
 1891 0015 0B       		.uleb128 0xb
 1892 0016 03       		.uleb128 0x3
 1893 0017 08       		.uleb128 0x8
 1894 0018 00       		.byte	0
 1895 0019 00       		.byte	0
 1896 001a 03       		.uleb128 0x3
 1897 001b 16       		.uleb128 0x16
 1898 001c 00       		.byte	0
 1899 001d 03       		.uleb128 0x3
 1900 001e 0E       		.uleb128 0xe
 1901 001f 3A       		.uleb128 0x3a
 1902 0020 0B       		.uleb128 0xb
 1903 0021 3B       		.uleb128 0x3b
 1904 0022 0B       		.uleb128 0xb
 1905 0023 39       		.uleb128 0x39
 1906 0024 0B       		.uleb128 0xb
 1907 0025 49       		.uleb128 0x49
 1908 0026 13       		.uleb128 0x13
 1909 0027 00       		.byte	0
 1910 0028 00       		.byte	0
 1911 0029 04       		.uleb128 0x4
 1912 002a 24       		.uleb128 0x24
 1913 002b 00       		.byte	0
 1914 002c 0B       		.uleb128 0xb
 1915 002d 0B       		.uleb128 0xb
 1916 002e 3E       		.uleb128 0x3e
 1917 002f 0B       		.uleb128 0xb
 1918 0030 03       		.uleb128 0x3
 1919 0031 0E       		.uleb128 0xe
 1920 0032 00       		.byte	0
 1921 0033 00       		.byte	0
 1922 0034 05       		.uleb128 0x5
 1923 0035 35       		.uleb128 0x35
 1924 0036 00       		.byte	0
 1925 0037 49       		.uleb128 0x49
 1926 0038 13       		.uleb128 0x13
 1927 0039 00       		.byte	0
 1928 003a 00       		.byte	0
 1929 003b 06       		.uleb128 0x6
 1930 003c 26       		.uleb128 0x26
 1931 003d 00       		.byte	0
 1932 003e 49       		.uleb128 0x49
 1933 003f 13       		.uleb128 0x13
 1934 0040 00       		.byte	0
 1935 0041 00       		.byte	0
 1936 0042 07       		.uleb128 0x7
 1937 0043 13       		.uleb128 0x13
 1938 0044 01       		.byte	0x1
ARM GAS  C:\Users\acest\AppData\Local\Temp\cc3CIuce.s 			page 35


 1939 0045 03       		.uleb128 0x3
 1940 0046 0E       		.uleb128 0xe
 1941 0047 0B       		.uleb128 0xb
 1942 0048 0B       		.uleb128 0xb
 1943 0049 3A       		.uleb128 0x3a
 1944 004a 0B       		.uleb128 0xb
 1945 004b 3B       		.uleb128 0x3b
 1946 004c 0B       		.uleb128 0xb
 1947 004d 39       		.uleb128 0x39
 1948 004e 0B       		.uleb128 0xb
 1949 004f 01       		.uleb128 0x1
 1950 0050 13       		.uleb128 0x13
 1951 0051 00       		.byte	0
 1952 0052 00       		.byte	0
 1953 0053 08       		.uleb128 0x8
 1954 0054 0D       		.uleb128 0xd
 1955 0055 00       		.byte	0
 1956 0056 03       		.uleb128 0x3
 1957 0057 08       		.uleb128 0x8
 1958 0058 3A       		.uleb128 0x3a
 1959 0059 0B       		.uleb128 0xb
 1960 005a 3B       		.uleb128 0x3b
 1961 005b 0B       		.uleb128 0xb
 1962 005c 39       		.uleb128 0x39
 1963 005d 0B       		.uleb128 0xb
 1964 005e 49       		.uleb128 0x49
 1965 005f 13       		.uleb128 0x13
 1966 0060 38       		.uleb128 0x38
 1967 0061 0B       		.uleb128 0xb
 1968 0062 00       		.byte	0
 1969 0063 00       		.byte	0
 1970 0064 09       		.uleb128 0x9
 1971 0065 0D       		.uleb128 0xd
 1972 0066 00       		.byte	0
 1973 0067 03       		.uleb128 0x3
 1974 0068 0E       		.uleb128 0xe
 1975 0069 3A       		.uleb128 0x3a
 1976 006a 0B       		.uleb128 0xb
 1977 006b 3B       		.uleb128 0x3b
 1978 006c 0B       		.uleb128 0xb
 1979 006d 39       		.uleb128 0x39
 1980 006e 0B       		.uleb128 0xb
 1981 006f 49       		.uleb128 0x49
 1982 0070 13       		.uleb128 0x13
 1983 0071 38       		.uleb128 0x38
 1984 0072 0B       		.uleb128 0xb
 1985 0073 00       		.byte	0
 1986 0074 00       		.byte	0
 1987 0075 0A       		.uleb128 0xa
 1988 0076 0D       		.uleb128 0xd
 1989 0077 00       		.byte	0
 1990 0078 03       		.uleb128 0x3
 1991 0079 08       		.uleb128 0x8
 1992 007a 3A       		.uleb128 0x3a
 1993 007b 0B       		.uleb128 0xb
 1994 007c 3B       		.uleb128 0x3b
 1995 007d 05       		.uleb128 0x5
ARM GAS  C:\Users\acest\AppData\Local\Temp\cc3CIuce.s 			page 36


 1996 007e 39       		.uleb128 0x39
 1997 007f 0B       		.uleb128 0xb
 1998 0080 49       		.uleb128 0x49
 1999 0081 13       		.uleb128 0x13
 2000 0082 38       		.uleb128 0x38
 2001 0083 0B       		.uleb128 0xb
 2002 0084 00       		.byte	0
 2003 0085 00       		.byte	0
 2004 0086 0B       		.uleb128 0xb
 2005 0087 0D       		.uleb128 0xd
 2006 0088 00       		.byte	0
 2007 0089 03       		.uleb128 0x3
 2008 008a 0E       		.uleb128 0xe
 2009 008b 3A       		.uleb128 0x3a
 2010 008c 0B       		.uleb128 0xb
 2011 008d 3B       		.uleb128 0x3b
 2012 008e 05       		.uleb128 0x5
 2013 008f 39       		.uleb128 0x39
 2014 0090 0B       		.uleb128 0xb
 2015 0091 49       		.uleb128 0x49
 2016 0092 13       		.uleb128 0x13
 2017 0093 38       		.uleb128 0x38
 2018 0094 0B       		.uleb128 0xb
 2019 0095 00       		.byte	0
 2020 0096 00       		.byte	0
 2021 0097 0C       		.uleb128 0xc
 2022 0098 13       		.uleb128 0x13
 2023 0099 01       		.byte	0x1
 2024 009a 03       		.uleb128 0x3
 2025 009b 0E       		.uleb128 0xe
 2026 009c 0B       		.uleb128 0xb
 2027 009d 0B       		.uleb128 0xb
 2028 009e 3A       		.uleb128 0x3a
 2029 009f 0B       		.uleb128 0xb
 2030 00a0 3B       		.uleb128 0x3b
 2031 00a1 05       		.uleb128 0x5
 2032 00a2 39       		.uleb128 0x39
 2033 00a3 0B       		.uleb128 0xb
 2034 00a4 01       		.uleb128 0x1
 2035 00a5 13       		.uleb128 0x13
 2036 00a6 00       		.byte	0
 2037 00a7 00       		.byte	0
 2038 00a8 0D       		.uleb128 0xd
 2039 00a9 0F       		.uleb128 0xf
 2040 00aa 00       		.byte	0
 2041 00ab 0B       		.uleb128 0xb
 2042 00ac 0B       		.uleb128 0xb
 2043 00ad 49       		.uleb128 0x49
 2044 00ae 13       		.uleb128 0x13
 2045 00af 00       		.byte	0
 2046 00b0 00       		.byte	0
 2047 00b1 0E       		.uleb128 0xe
 2048 00b2 01       		.uleb128 0x1
 2049 00b3 01       		.byte	0x1
 2050 00b4 49       		.uleb128 0x49
 2051 00b5 13       		.uleb128 0x13
 2052 00b6 01       		.uleb128 0x1
ARM GAS  C:\Users\acest\AppData\Local\Temp\cc3CIuce.s 			page 37


 2053 00b7 13       		.uleb128 0x13
 2054 00b8 00       		.byte	0
 2055 00b9 00       		.byte	0
 2056 00ba 0F       		.uleb128 0xf
 2057 00bb 21       		.uleb128 0x21
 2058 00bc 00       		.byte	0
 2059 00bd 49       		.uleb128 0x49
 2060 00be 13       		.uleb128 0x13
 2061 00bf 2F       		.uleb128 0x2f
 2062 00c0 0B       		.uleb128 0xb
 2063 00c1 00       		.byte	0
 2064 00c2 00       		.byte	0
 2065 00c3 10       		.uleb128 0x10
 2066 00c4 13       		.uleb128 0x13
 2067 00c5 01       		.byte	0x1
 2068 00c6 0B       		.uleb128 0xb
 2069 00c7 0B       		.uleb128 0xb
 2070 00c8 3A       		.uleb128 0x3a
 2071 00c9 0B       		.uleb128 0xb
 2072 00ca 3B       		.uleb128 0x3b
 2073 00cb 05       		.uleb128 0x5
 2074 00cc 39       		.uleb128 0x39
 2075 00cd 0B       		.uleb128 0xb
 2076 00ce 01       		.uleb128 0x1
 2077 00cf 13       		.uleb128 0x13
 2078 00d0 00       		.byte	0
 2079 00d1 00       		.byte	0
 2080 00d2 11       		.uleb128 0x11
 2081 00d3 16       		.uleb128 0x16
 2082 00d4 00       		.byte	0
 2083 00d5 03       		.uleb128 0x3
 2084 00d6 0E       		.uleb128 0xe
 2085 00d7 3A       		.uleb128 0x3a
 2086 00d8 0B       		.uleb128 0xb
 2087 00d9 3B       		.uleb128 0x3b
 2088 00da 05       		.uleb128 0x5
 2089 00db 39       		.uleb128 0x39
 2090 00dc 0B       		.uleb128 0xb
 2091 00dd 49       		.uleb128 0x49
 2092 00de 13       		.uleb128 0x13
 2093 00df 00       		.byte	0
 2094 00e0 00       		.byte	0
 2095 00e1 12       		.uleb128 0x12
 2096 00e2 0F       		.uleb128 0xf
 2097 00e3 00       		.byte	0
 2098 00e4 0B       		.uleb128 0xb
 2099 00e5 0B       		.uleb128 0xb
 2100 00e6 00       		.byte	0
 2101 00e7 00       		.byte	0
 2102 00e8 13       		.uleb128 0x13
 2103 00e9 13       		.uleb128 0x13
 2104 00ea 01       		.byte	0x1
 2105 00eb 0B       		.uleb128 0xb
 2106 00ec 0B       		.uleb128 0xb
 2107 00ed 3A       		.uleb128 0x3a
 2108 00ee 0B       		.uleb128 0xb
 2109 00ef 3B       		.uleb128 0x3b
ARM GAS  C:\Users\acest\AppData\Local\Temp\cc3CIuce.s 			page 38


 2110 00f0 0B       		.uleb128 0xb
 2111 00f1 39       		.uleb128 0x39
 2112 00f2 0B       		.uleb128 0xb
 2113 00f3 01       		.uleb128 0x1
 2114 00f4 13       		.uleb128 0x13
 2115 00f5 00       		.byte	0
 2116 00f6 00       		.byte	0
 2117 00f7 14       		.uleb128 0x14
 2118 00f8 04       		.uleb128 0x4
 2119 00f9 01       		.byte	0x1
 2120 00fa 3E       		.uleb128 0x3e
 2121 00fb 0B       		.uleb128 0xb
 2122 00fc 0B       		.uleb128 0xb
 2123 00fd 0B       		.uleb128 0xb
 2124 00fe 49       		.uleb128 0x49
 2125 00ff 13       		.uleb128 0x13
 2126 0100 3A       		.uleb128 0x3a
 2127 0101 0B       		.uleb128 0xb
 2128 0102 3B       		.uleb128 0x3b
 2129 0103 0B       		.uleb128 0xb
 2130 0104 39       		.uleb128 0x39
 2131 0105 0B       		.uleb128 0xb
 2132 0106 01       		.uleb128 0x1
 2133 0107 13       		.uleb128 0x13
 2134 0108 00       		.byte	0
 2135 0109 00       		.byte	0
 2136 010a 15       		.uleb128 0x15
 2137 010b 28       		.uleb128 0x28
 2138 010c 00       		.byte	0
 2139 010d 03       		.uleb128 0x3
 2140 010e 0E       		.uleb128 0xe
 2141 010f 1C       		.uleb128 0x1c
 2142 0110 0B       		.uleb128 0xb
 2143 0111 00       		.byte	0
 2144 0112 00       		.byte	0
 2145 0113 16       		.uleb128 0x16
 2146 0114 17       		.uleb128 0x17
 2147 0115 01       		.byte	0x1
 2148 0116 0B       		.uleb128 0xb
 2149 0117 0B       		.uleb128 0xb
 2150 0118 3A       		.uleb128 0x3a
 2151 0119 0B       		.uleb128 0xb
 2152 011a 3B       		.uleb128 0x3b
 2153 011b 0B       		.uleb128 0xb
 2154 011c 39       		.uleb128 0x39
 2155 011d 0B       		.uleb128 0xb
 2156 011e 01       		.uleb128 0x1
 2157 011f 13       		.uleb128 0x13
 2158 0120 00       		.byte	0
 2159 0121 00       		.byte	0
 2160 0122 17       		.uleb128 0x17
 2161 0123 0D       		.uleb128 0xd
 2162 0124 00       		.byte	0
 2163 0125 03       		.uleb128 0x3
 2164 0126 0E       		.uleb128 0xe
 2165 0127 3A       		.uleb128 0x3a
 2166 0128 0B       		.uleb128 0xb
ARM GAS  C:\Users\acest\AppData\Local\Temp\cc3CIuce.s 			page 39


 2167 0129 3B       		.uleb128 0x3b
 2168 012a 0B       		.uleb128 0xb
 2169 012b 39       		.uleb128 0x39
 2170 012c 0B       		.uleb128 0xb
 2171 012d 49       		.uleb128 0x49
 2172 012e 13       		.uleb128 0x13
 2173 012f 00       		.byte	0
 2174 0130 00       		.byte	0
 2175 0131 18       		.uleb128 0x18
 2176 0132 0D       		.uleb128 0xd
 2177 0133 00       		.byte	0
 2178 0134 03       		.uleb128 0x3
 2179 0135 0E       		.uleb128 0xe
 2180 0136 3A       		.uleb128 0x3a
 2181 0137 0B       		.uleb128 0xb
 2182 0138 3B       		.uleb128 0x3b
 2183 0139 05       		.uleb128 0x5
 2184 013a 39       		.uleb128 0x39
 2185 013b 0B       		.uleb128 0xb
 2186 013c 49       		.uleb128 0x49
 2187 013d 13       		.uleb128 0x13
 2188 013e 00       		.byte	0
 2189 013f 00       		.byte	0
 2190 0140 19       		.uleb128 0x19
 2191 0141 34       		.uleb128 0x34
 2192 0142 00       		.byte	0
 2193 0143 03       		.uleb128 0x3
 2194 0144 0E       		.uleb128 0xe
 2195 0145 3A       		.uleb128 0x3a
 2196 0146 0B       		.uleb128 0xb
 2197 0147 3B       		.uleb128 0x3b
 2198 0148 05       		.uleb128 0x5
 2199 0149 39       		.uleb128 0x39
 2200 014a 0B       		.uleb128 0xb
 2201 014b 49       		.uleb128 0x49
 2202 014c 13       		.uleb128 0x13
 2203 014d 3F       		.uleb128 0x3f
 2204 014e 19       		.uleb128 0x19
 2205 014f 3C       		.uleb128 0x3c
 2206 0150 19       		.uleb128 0x19
 2207 0151 00       		.byte	0
 2208 0152 00       		.byte	0
 2209 0153 1A       		.uleb128 0x1a
 2210 0154 34       		.uleb128 0x34
 2211 0155 00       		.byte	0
 2212 0156 03       		.uleb128 0x3
 2213 0157 08       		.uleb128 0x8
 2214 0158 3A       		.uleb128 0x3a
 2215 0159 0B       		.uleb128 0xb
 2216 015a 3B       		.uleb128 0x3b
 2217 015b 05       		.uleb128 0x5
 2218 015c 39       		.uleb128 0x39
 2219 015d 0B       		.uleb128 0xb
 2220 015e 49       		.uleb128 0x49
 2221 015f 13       		.uleb128 0x13
 2222 0160 3F       		.uleb128 0x3f
 2223 0161 19       		.uleb128 0x19
ARM GAS  C:\Users\acest\AppData\Local\Temp\cc3CIuce.s 			page 40


 2224 0162 3C       		.uleb128 0x3c
 2225 0163 19       		.uleb128 0x19
 2226 0164 00       		.byte	0
 2227 0165 00       		.byte	0
 2228 0166 1B       		.uleb128 0x1b
 2229 0167 34       		.uleb128 0x34
 2230 0168 00       		.byte	0
 2231 0169 47       		.uleb128 0x47
 2232 016a 13       		.uleb128 0x13
 2233 016b 3A       		.uleb128 0x3a
 2234 016c 0B       		.uleb128 0xb
 2235 016d 3B       		.uleb128 0x3b
 2236 016e 0B       		.uleb128 0xb
 2237 016f 39       		.uleb128 0x39
 2238 0170 0B       		.uleb128 0xb
 2239 0171 00       		.byte	0
 2240 0172 00       		.byte	0
 2241 0173 1C       		.uleb128 0x1c
 2242 0174 34       		.uleb128 0x34
 2243 0175 00       		.byte	0
 2244 0176 03       		.uleb128 0x3
 2245 0177 0E       		.uleb128 0xe
 2246 0178 3A       		.uleb128 0x3a
 2247 0179 0B       		.uleb128 0xb
 2248 017a 3B       		.uleb128 0x3b
 2249 017b 0B       		.uleb128 0xb
 2250 017c 39       		.uleb128 0x39
 2251 017d 0B       		.uleb128 0xb
 2252 017e 49       		.uleb128 0x49
 2253 017f 13       		.uleb128 0x13
 2254 0180 00       		.byte	0
 2255 0181 00       		.byte	0
 2256 0182 1D       		.uleb128 0x1d
 2257 0183 2E       		.uleb128 0x2e
 2258 0184 01       		.byte	0x1
 2259 0185 3F       		.uleb128 0x3f
 2260 0186 19       		.uleb128 0x19
 2261 0187 03       		.uleb128 0x3
 2262 0188 0E       		.uleb128 0xe
 2263 0189 3A       		.uleb128 0x3a
 2264 018a 0B       		.uleb128 0xb
 2265 018b 3B       		.uleb128 0x3b
 2266 018c 05       		.uleb128 0x5
 2267 018d 39       		.uleb128 0x39
 2268 018e 0B       		.uleb128 0xb
 2269 018f 27       		.uleb128 0x27
 2270 0190 19       		.uleb128 0x19
 2271 0191 01       		.uleb128 0x1
 2272 0192 13       		.uleb128 0x13
 2273 0193 00       		.byte	0
 2274 0194 00       		.byte	0
 2275 0195 1E       		.uleb128 0x1e
 2276 0196 05       		.uleb128 0x5
 2277 0197 00       		.byte	0
 2278 0198 03       		.uleb128 0x3
 2279 0199 0E       		.uleb128 0xe
 2280 019a 3A       		.uleb128 0x3a
ARM GAS  C:\Users\acest\AppData\Local\Temp\cc3CIuce.s 			page 41


 2281 019b 0B       		.uleb128 0xb
 2282 019c 3B       		.uleb128 0x3b
 2283 019d 05       		.uleb128 0x5
 2284 019e 39       		.uleb128 0x39
 2285 019f 0B       		.uleb128 0xb
 2286 01a0 49       		.uleb128 0x49
 2287 01a1 13       		.uleb128 0x13
 2288 01a2 00       		.byte	0
 2289 01a3 00       		.byte	0
 2290 01a4 1F       		.uleb128 0x1f
 2291 01a5 34       		.uleb128 0x34
 2292 01a6 00       		.byte	0
 2293 01a7 03       		.uleb128 0x3
 2294 01a8 0E       		.uleb128 0xe
 2295 01a9 3A       		.uleb128 0x3a
 2296 01aa 0B       		.uleb128 0xb
 2297 01ab 3B       		.uleb128 0x3b
 2298 01ac 05       		.uleb128 0x5
 2299 01ad 39       		.uleb128 0x39
 2300 01ae 0B       		.uleb128 0xb
 2301 01af 49       		.uleb128 0x49
 2302 01b0 13       		.uleb128 0x13
 2303 01b1 00       		.byte	0
 2304 01b2 00       		.byte	0
 2305 01b3 20       		.uleb128 0x20
 2306 01b4 34       		.uleb128 0x34
 2307 01b5 00       		.byte	0
 2308 01b6 03       		.uleb128 0x3
 2309 01b7 08       		.uleb128 0x8
 2310 01b8 3A       		.uleb128 0x3a
 2311 01b9 0B       		.uleb128 0xb
 2312 01ba 3B       		.uleb128 0x3b
 2313 01bb 05       		.uleb128 0x5
 2314 01bc 39       		.uleb128 0x39
 2315 01bd 0B       		.uleb128 0xb
 2316 01be 49       		.uleb128 0x49
 2317 01bf 13       		.uleb128 0x13
 2318 01c0 00       		.byte	0
 2319 01c1 00       		.byte	0
 2320 01c2 21       		.uleb128 0x21
 2321 01c3 2E       		.uleb128 0x2e
 2322 01c4 01       		.byte	0x1
 2323 01c5 3F       		.uleb128 0x3f
 2324 01c6 19       		.uleb128 0x19
 2325 01c7 03       		.uleb128 0x3
 2326 01c8 0E       		.uleb128 0xe
 2327 01c9 3A       		.uleb128 0x3a
 2328 01ca 0B       		.uleb128 0xb
 2329 01cb 3B       		.uleb128 0x3b
 2330 01cc 05       		.uleb128 0x5
 2331 01cd 39       		.uleb128 0x39
 2332 01ce 0B       		.uleb128 0xb
 2333 01cf 27       		.uleb128 0x27
 2334 01d0 19       		.uleb128 0x19
 2335 01d1 49       		.uleb128 0x49
 2336 01d2 13       		.uleb128 0x13
 2337 01d3 01       		.uleb128 0x1
ARM GAS  C:\Users\acest\AppData\Local\Temp\cc3CIuce.s 			page 42


 2338 01d4 13       		.uleb128 0x13
 2339 01d5 00       		.byte	0
 2340 01d6 00       		.byte	0
 2341 01d7 22       		.uleb128 0x22
 2342 01d8 05       		.uleb128 0x5
 2343 01d9 00       		.byte	0
 2344 01da 03       		.uleb128 0x3
 2345 01db 08       		.uleb128 0x8
 2346 01dc 3A       		.uleb128 0x3a
 2347 01dd 0B       		.uleb128 0xb
 2348 01de 3B       		.uleb128 0x3b
 2349 01df 05       		.uleb128 0x5
 2350 01e0 39       		.uleb128 0x39
 2351 01e1 0B       		.uleb128 0xb
 2352 01e2 49       		.uleb128 0x49
 2353 01e3 13       		.uleb128 0x13
 2354 01e4 00       		.byte	0
 2355 01e5 00       		.byte	0
 2356 01e6 23       		.uleb128 0x23
 2357 01e7 2E       		.uleb128 0x2e
 2358 01e8 00       		.byte	0
 2359 01e9 3F       		.uleb128 0x3f
 2360 01ea 19       		.uleb128 0x19
 2361 01eb 03       		.uleb128 0x3
 2362 01ec 0E       		.uleb128 0xe
 2363 01ed 3A       		.uleb128 0x3a
 2364 01ee 0B       		.uleb128 0xb
 2365 01ef 3B       		.uleb128 0x3b
 2366 01f0 05       		.uleb128 0x5
 2367 01f1 39       		.uleb128 0x39
 2368 01f2 0B       		.uleb128 0xb
 2369 01f3 27       		.uleb128 0x27
 2370 01f4 19       		.uleb128 0x19
 2371 01f5 00       		.byte	0
 2372 01f6 00       		.byte	0
 2373 01f7 24       		.uleb128 0x24
 2374 01f8 0B       		.uleb128 0xb
 2375 01f9 01       		.byte	0x1
 2376 01fa 01       		.uleb128 0x1
 2377 01fb 13       		.uleb128 0x13
 2378 01fc 00       		.byte	0
 2379 01fd 00       		.byte	0
 2380 01fe 25       		.uleb128 0x25
 2381 01ff 0B       		.uleb128 0xb
 2382 0200 01       		.byte	0x1
 2383 0201 00       		.byte	0
 2384 0202 00       		.byte	0
 2385 0203 26       		.uleb128 0x26
 2386 0204 2E       		.uleb128 0x2e
 2387 0205 01       		.byte	0x1
 2388 0206 3F       		.uleb128 0x3f
 2389 0207 19       		.uleb128 0x19
 2390 0208 03       		.uleb128 0x3
 2391 0209 0E       		.uleb128 0xe
 2392 020a 3A       		.uleb128 0x3a
 2393 020b 0B       		.uleb128 0xb
 2394 020c 3B       		.uleb128 0x3b
ARM GAS  C:\Users\acest\AppData\Local\Temp\cc3CIuce.s 			page 43


 2395 020d 0B       		.uleb128 0xb
 2396 020e 39       		.uleb128 0x39
 2397 020f 0B       		.uleb128 0xb
 2398 0210 27       		.uleb128 0x27
 2399 0211 19       		.uleb128 0x19
 2400 0212 49       		.uleb128 0x49
 2401 0213 13       		.uleb128 0x13
 2402 0214 01       		.uleb128 0x1
 2403 0215 13       		.uleb128 0x13
 2404 0216 00       		.byte	0
 2405 0217 00       		.byte	0
 2406 0218 27       		.uleb128 0x27
 2407 0219 34       		.uleb128 0x34
 2408 021a 00       		.byte	0
 2409 021b 03       		.uleb128 0x3
 2410 021c 08       		.uleb128 0x8
 2411 021d 3A       		.uleb128 0x3a
 2412 021e 0B       		.uleb128 0xb
 2413 021f 3B       		.uleb128 0x3b
 2414 0220 0B       		.uleb128 0xb
 2415 0221 39       		.uleb128 0x39
 2416 0222 0B       		.uleb128 0xb
 2417 0223 49       		.uleb128 0x49
 2418 0224 13       		.uleb128 0x13
 2419 0225 00       		.byte	0
 2420 0226 00       		.byte	0
 2421 0227 28       		.uleb128 0x28
 2422 0228 34       		.uleb128 0x34
 2423 0229 00       		.byte	0
 2424 022a 03       		.uleb128 0x3
 2425 022b 0E       		.uleb128 0xe
 2426 022c 49       		.uleb128 0x49
 2427 022d 13       		.uleb128 0x13
 2428 022e 34       		.uleb128 0x34
 2429 022f 19       		.uleb128 0x19
 2430 0230 00       		.byte	0
 2431 0231 00       		.byte	0
 2432 0232 29       		.uleb128 0x29
 2433 0233 2E       		.uleb128 0x2e
 2434 0234 01       		.byte	0x1
 2435 0235 3F       		.uleb128 0x3f
 2436 0236 19       		.uleb128 0x19
 2437 0237 03       		.uleb128 0x3
 2438 0238 0E       		.uleb128 0xe
 2439 0239 3A       		.uleb128 0x3a
 2440 023a 0B       		.uleb128 0xb
 2441 023b 3B       		.uleb128 0x3b
 2442 023c 0B       		.uleb128 0xb
 2443 023d 39       		.uleb128 0x39
 2444 023e 0B       		.uleb128 0xb
 2445 023f 27       		.uleb128 0x27
 2446 0240 19       		.uleb128 0x19
 2447 0241 01       		.uleb128 0x1
 2448 0242 13       		.uleb128 0x13
 2449 0243 00       		.byte	0
 2450 0244 00       		.byte	0
 2451 0245 2A       		.uleb128 0x2a
ARM GAS  C:\Users\acest\AppData\Local\Temp\cc3CIuce.s 			page 44


 2452 0246 05       		.uleb128 0x5
 2453 0247 00       		.byte	0
 2454 0248 03       		.uleb128 0x3
 2455 0249 0E       		.uleb128 0xe
 2456 024a 3A       		.uleb128 0x3a
 2457 024b 0B       		.uleb128 0xb
 2458 024c 3B       		.uleb128 0x3b
 2459 024d 0B       		.uleb128 0xb
 2460 024e 39       		.uleb128 0x39
 2461 024f 0B       		.uleb128 0xb
 2462 0250 49       		.uleb128 0x49
 2463 0251 13       		.uleb128 0x13
 2464 0252 00       		.byte	0
 2465 0253 00       		.byte	0
 2466 0254 2B       		.uleb128 0x2b
 2467 0255 2E       		.uleb128 0x2e
 2468 0256 00       		.byte	0
 2469 0257 03       		.uleb128 0x3
 2470 0258 0E       		.uleb128 0xe
 2471 0259 3A       		.uleb128 0x3a
 2472 025a 0B       		.uleb128 0xb
 2473 025b 3B       		.uleb128 0x3b
 2474 025c 0B       		.uleb128 0xb
 2475 025d 39       		.uleb128 0x39
 2476 025e 0B       		.uleb128 0xb
 2477 025f 27       		.uleb128 0x27
 2478 0260 19       		.uleb128 0x19
 2479 0261 00       		.byte	0
 2480 0262 00       		.byte	0
 2481 0263 2C       		.uleb128 0x2c
 2482 0264 2E       		.uleb128 0x2e
 2483 0265 00       		.byte	0
 2484 0266 03       		.uleb128 0x3
 2485 0267 0E       		.uleb128 0xe
 2486 0268 3A       		.uleb128 0x3a
 2487 0269 0B       		.uleb128 0xb
 2488 026a 3B       		.uleb128 0x3b
 2489 026b 05       		.uleb128 0x5
 2490 026c 39       		.uleb128 0x39
 2491 026d 0B       		.uleb128 0xb
 2492 026e 27       		.uleb128 0x27
 2493 026f 19       		.uleb128 0x19
 2494 0270 00       		.byte	0
 2495 0271 00       		.byte	0
 2496 0272 2D       		.uleb128 0x2d
 2497 0273 2E       		.uleb128 0x2e
 2498 0274 01       		.byte	0x1
 2499 0275 03       		.uleb128 0x3
 2500 0276 0E       		.uleb128 0xe
 2501 0277 3A       		.uleb128 0x3a
 2502 0278 0B       		.uleb128 0xb
 2503 0279 3B       		.uleb128 0x3b
 2504 027a 05       		.uleb128 0x5
 2505 027b 39       		.uleb128 0x39
 2506 027c 0B       		.uleb128 0xb
 2507 027d 27       		.uleb128 0x27
 2508 027e 19       		.uleb128 0x19
ARM GAS  C:\Users\acest\AppData\Local\Temp\cc3CIuce.s 			page 45


 2509 027f 01       		.uleb128 0x1
 2510 0280 13       		.uleb128 0x13
 2511 0281 00       		.byte	0
 2512 0282 00       		.byte	0
 2513 0283 2E       		.uleb128 0x2e
 2514 0284 2E       		.uleb128 0x2e
 2515 0285 01       		.byte	0x1
 2516 0286 03       		.uleb128 0x3
 2517 0287 0E       		.uleb128 0xe
 2518 0288 3A       		.uleb128 0x3a
 2519 0289 0B       		.uleb128 0xb
 2520 028a 3B       		.uleb128 0x3b
 2521 028b 0B       		.uleb128 0xb
 2522 028c 39       		.uleb128 0x39
 2523 028d 0B       		.uleb128 0xb
 2524 028e 27       		.uleb128 0x27
 2525 028f 19       		.uleb128 0x19
 2526 0290 01       		.uleb128 0x1
 2527 0291 13       		.uleb128 0x13
 2528 0292 00       		.byte	0
 2529 0293 00       		.byte	0
 2530 0294 2F       		.uleb128 0x2f
 2531 0295 05       		.uleb128 0x5
 2532 0296 00       		.byte	0
 2533 0297 03       		.uleb128 0x3
 2534 0298 08       		.uleb128 0x8
 2535 0299 3A       		.uleb128 0x3a
 2536 029a 0B       		.uleb128 0xb
 2537 029b 3B       		.uleb128 0x3b
 2538 029c 0B       		.uleb128 0xb
 2539 029d 39       		.uleb128 0x39
 2540 029e 0B       		.uleb128 0xb
 2541 029f 49       		.uleb128 0x49
 2542 02a0 13       		.uleb128 0x13
 2543 02a1 00       		.byte	0
 2544 02a2 00       		.byte	0
 2545 02a3 30       		.uleb128 0x30
 2546 02a4 2E       		.uleb128 0x2e
 2547 02a5 00       		.byte	0
 2548 02a6 03       		.uleb128 0x3
 2549 02a7 0E       		.uleb128 0xe
 2550 02a8 3A       		.uleb128 0x3a
 2551 02a9 0B       		.uleb128 0xb
 2552 02aa 3B       		.uleb128 0x3b
 2553 02ab 05       		.uleb128 0x5
 2554 02ac 39       		.uleb128 0x39
 2555 02ad 0B       		.uleb128 0xb
 2556 02ae 27       		.uleb128 0x27
 2557 02af 19       		.uleb128 0x19
 2558 02b0 49       		.uleb128 0x49
 2559 02b1 13       		.uleb128 0x13
 2560 02b2 00       		.byte	0
 2561 02b3 00       		.byte	0
 2562 02b4 31       		.uleb128 0x31
 2563 02b5 2E       		.uleb128 0x2e
 2564 02b6 01       		.byte	0x1
 2565 02b7 03       		.uleb128 0x3
ARM GAS  C:\Users\acest\AppData\Local\Temp\cc3CIuce.s 			page 46


 2566 02b8 0E       		.uleb128 0xe
 2567 02b9 3A       		.uleb128 0x3a
 2568 02ba 0B       		.uleb128 0xb
 2569 02bb 3B       		.uleb128 0x3b
 2570 02bc 05       		.uleb128 0x5
 2571 02bd 39       		.uleb128 0x39
 2572 02be 0B       		.uleb128 0xb
 2573 02bf 27       		.uleb128 0x27
 2574 02c0 19       		.uleb128 0x19
 2575 02c1 49       		.uleb128 0x49
 2576 02c2 13       		.uleb128 0x13
 2577 02c3 01       		.uleb128 0x1
 2578 02c4 13       		.uleb128 0x13
 2579 02c5 00       		.byte	0
 2580 02c6 00       		.byte	0
 2581 02c7 32       		.uleb128 0x32
 2582 02c8 2E       		.uleb128 0x2e
 2583 02c9 01       		.byte	0x1
 2584 02ca 03       		.uleb128 0x3
 2585 02cb 0E       		.uleb128 0xe
 2586 02cc 3A       		.uleb128 0x3a
 2587 02cd 0B       		.uleb128 0xb
 2588 02ce 3B       		.uleb128 0x3b
 2589 02cf 0B       		.uleb128 0xb
 2590 02d0 39       		.uleb128 0x39
 2591 02d1 0B       		.uleb128 0xb
 2592 02d2 27       		.uleb128 0x27
 2593 02d3 19       		.uleb128 0x19
 2594 02d4 49       		.uleb128 0x49
 2595 02d5 13       		.uleb128 0x13
 2596 02d6 01       		.uleb128 0x1
 2597 02d7 13       		.uleb128 0x13
 2598 02d8 00       		.byte	0
 2599 02d9 00       		.byte	0
 2600 02da 00       		.byte	0
 2601              		.section	.gnu.debuglto_.debug_line,"e",%progbits
 2602              	.Ldebug_line0:
 2603 0000 47030000 		.4byte	.LELT0-.LSLT0
 2604              	.LSLT0:
 2605 0004 0400     		.2byte	0x4
 2606 0006 41030000 		.4byte	.LELTP0-.LASLTP0
 2607              	.LASLTP0:
 2608 000a 01       		.byte	0x1
 2609 000b 01       		.byte	0x1
 2610 000c 01       		.byte	0x1
 2611 000d F6       		.byte	0xf6
 2612 000e F2       		.byte	0xf2
 2613 000f 0D       		.byte	0xd
 2614 0010 00       		.byte	0
 2615 0011 01       		.byte	0x1
 2616 0012 01       		.byte	0x1
 2617 0013 01       		.byte	0x1
 2618 0014 01       		.byte	0x1
 2619 0015 00       		.byte	0
 2620 0016 00       		.byte	0
 2621 0017 00       		.byte	0
 2622 0018 01       		.byte	0x1
ARM GAS  C:\Users\acest\AppData\Local\Temp\cc3CIuce.s 			page 47


 2623 0019 00       		.byte	0
 2624 001a 00       		.byte	0
 2625 001b 01       		.byte	0x1
 2626 001c 2E2E2F2E 		.ascii	"../../../../../ChibiStudio/chibios2111/os/rt/src"
 2626      2E2F2E2E 
 2626      2F2E2E2F 
 2626      2E2E2F43 
 2626      68696269 
 2627 004c 00       		.byte	0
 2628 004d 633A5C63 		.ascii	"c:\\chibistudio\\chibios2111\\os\\common\\ext\\arm\\"
 2628      68696269 
 2628      73747564 
 2628      696F5C63 
 2628      68696269 
 2629 007a 636D7369 		.ascii	"cmsis\\core\\include"
 2629      735C636F 
 2629      72655C69 
 2629      6E636C75 
 2629      6465
 2630 008c 00       		.byte	0
 2631 008d 633A5C63 		.ascii	"c:\\chibistudio\\chibios2111\\os\\common\\ports\\ar"
 2631      68696269 
 2631      73747564 
 2631      696F5C63 
 2631      68696269 
 2632 00ba 6D2D636F 		.ascii	"m-common"
 2632      6D6D6F6E 
 2633 00c2 00       		.byte	0
 2634 00c3 633A5C63 		.ascii	"c:\\chibistudio\\chibios2111\\os\\common\\ports\\ar"
 2634      68696269 
 2634      73747564 
 2634      696F5C63 
 2634      68696269 
 2635 00f0 6D76372D 		.ascii	"mv7-m-alt"
 2635      6D2D616C 
 2635      74
 2636 00f9 00       		.byte	0
 2637 00fa 633A5C63 		.ascii	"c:\\chibistudio\\chibios2111\\os\\oslib\\include"
 2637      68696269 
 2637      73747564 
 2637      696F5C63 
 2637      68696269 
 2638 0125 00       		.byte	0
 2639 0126 633A5C63 		.ascii	"c:\\chibistudio\\chibios2111\\os\\rt\\include"
 2639      68696269 
 2639      73747564 
 2639      696F5C63 
 2639      68696269 
 2640 014e 00       		.byte	0
 2641 014f 633A5C63 		.ascii	"c:\\chibistudio\\tools\\gnu tools arm embedded\\10."
 2641      68696269 
 2641      73747564 
 2641      696F5C74 
 2641      6F6F6C73 
 2642 017e 33203230 		.ascii	"3 2021.10\\arm-none-eabi\\include\\machine"
 2642      32312E31 
 2642      305C6172 
ARM GAS  C:\Users\acest\AppData\Local\Temp\cc3CIuce.s 			page 48


 2642      6D2D6E6F 
 2642      6E652D65 
 2643 01a5 00       		.byte	0
 2644 01a6 633A5C63 		.ascii	"c:\\chibistudio\\tools\\gnu tools arm embedded\\10."
 2644      68696269 
 2644      73747564 
 2644      696F5C74 
 2644      6F6F6C73 
 2645 01d5 33203230 		.ascii	"3 2021.10\\arm-none-eabi\\include\\sys"
 2645      32312E31 
 2645      305C6172 
 2645      6D2D6E6F 
 2645      6E652D65 
 2646 01f8 00       		.byte	0
 2647 01f9 633A5C63 		.ascii	"c:\\chibistudio\\tools\\gnu tools arm embedded\\10."
 2647      68696269 
 2647      73747564 
 2647      696F5C74 
 2647      6F6F6C73 
 2648 0228 33203230 		.ascii	"3 2021.10\\lib\\gcc\\arm-none-eabi\\10.3.1\\include"
 2648      32312E31 
 2648      305C6C69 
 2648      625C6763 
 2648      635C6172 
 2649 0256 00       		.byte	0
 2650 0257 00       		.byte	0
 2651 0258 73746464 		.ascii	"stddef.h\000"
 2651      65662E68 
 2651      00
 2652 0261 09       		.uleb128 0x9
 2653 0262 00       		.uleb128 0
 2654 0263 00       		.uleb128 0
 2655 0264 5F646566 		.ascii	"_default_types.h\000"
 2655      61756C74 
 2655      5F747970 
 2655      65732E68 
 2655      00
 2656 0275 07       		.uleb128 0x7
 2657 0276 00       		.uleb128 0
 2658 0277 00       		.uleb128 0
 2659 0278 5F737464 		.ascii	"_stdint.h\000"
 2659      696E742E 
 2659      6800
 2660 0282 08       		.uleb128 0x8
 2661 0283 00       		.uleb128 0
 2662 0284 00       		.uleb128 0
 2663 0285 63687479 		.ascii	"chtypes.h\000"
 2663      7065732E 
 2663      6800
 2664 028f 03       		.uleb128 0x3
 2665 0290 00       		.uleb128 0
 2666 0291 00       		.uleb128 0
 2667 0292 63686561 		.ascii	"chearly.h\000"
 2667      726C792E 
 2667      6800
 2668 029c 06       		.uleb128 0x6
 2669 029d 00       		.uleb128 0
ARM GAS  C:\Users\acest\AppData\Local\Temp\cc3CIuce.s 			page 49


 2670 029e 00       		.uleb128 0
 2671 029f 63686F62 		.ascii	"chobjects.h\000"
 2671      6A656374 
 2671      732E6800 
 2672 02ab 06       		.uleb128 0x6
 2673 02ac 00       		.uleb128 0
 2674 02ad 00       		.uleb128 0
 2675 02ae 63687266 		.ascii	"chrfcu.h\000"
 2675      63752E68 
 2675      00
 2676 02b7 06       		.uleb128 0x6
 2677 02b8 00       		.uleb128 0
 2678 02b9 00       		.uleb128 0
 2679 02ba 63686465 		.ascii	"chdebug.h\000"
 2679      6275672E 
 2679      6800
 2680 02c4 06       		.uleb128 0x6
 2681 02c5 00       		.uleb128 0
 2682 02c6 00       		.uleb128 0
 2683 02c7 63687469 		.ascii	"chtime.h\000"
 2683      6D652E68 
 2683      00
 2684 02d0 06       		.uleb128 0x6
 2685 02d1 00       		.uleb128 0
 2686 02d2 00       		.uleb128 0
 2687 02d3 63686C69 		.ascii	"chlists.h\000"
 2687      7374732E 
 2687      6800
 2688 02dd 06       		.uleb128 0x6
 2689 02de 00       		.uleb128 0
 2690 02df 00       		.uleb128 0
 2691 02e0 636F7265 		.ascii	"core_cm4.h\000"
 2691      5F636D34 
 2691      2E6800
 2692 02eb 02       		.uleb128 0x2
 2693 02ec 00       		.uleb128 0
 2694 02ed 00       		.uleb128 0
 2695 02ee 6368636F 		.ascii	"chcore.h\000"
 2695      72652E68 
 2695      00
 2696 02f7 04       		.uleb128 0x4
 2697 02f8 00       		.uleb128 0
 2698 02f9 00       		.uleb128 0
 2699 02fa 6368746D 		.ascii	"chtm.h\000"
 2699      2E6800
 2700 0301 06       		.uleb128 0x6
 2701 0302 00       		.uleb128 0
 2702 0303 00       		.uleb128 0
 2703 0304 63687365 		.ascii	"chsem.h\000"
 2703      6D2E6800 
 2704 030c 06       		.uleb128 0x6
 2705 030d 00       		.uleb128 0
 2706 030e 00       		.uleb128 0
 2707 030f 63686D74 		.ascii	"chmtx.h\000"
 2707      782E6800 
 2708 0317 06       		.uleb128 0x6
 2709 0318 00       		.uleb128 0
ARM GAS  C:\Users\acest\AppData\Local\Temp\cc3CIuce.s 			page 50


 2710 0319 00       		.uleb128 0
 2711 031a 63687379 		.ascii	"chsys.h\000"
 2711      732E6800 
 2712 0322 06       		.uleb128 0x6
 2713 0323 00       		.uleb128 0
 2714 0324 00       		.uleb128 0
 2715 0325 63687379 		.ascii	"chsys.c\000"
 2715      732E6300 
 2716 032d 01       		.uleb128 0x1
 2717 032e 00       		.uleb128 0
 2718 032f 00       		.uleb128 0
 2719 0330 63686C69 		.ascii	"chlib.h\000"
 2719      622E6800 
 2720 0338 05       		.uleb128 0x5
 2721 0339 00       		.uleb128 0
 2722 033a 00       		.uleb128 0
 2723 033b 636D7369 		.ascii	"cmsis_gcc.h\000"
 2723      735F6763 
 2723      632E6800 
 2724 0347 02       		.uleb128 0x2
 2725 0348 00       		.uleb128 0
 2726 0349 00       		.uleb128 0
 2727 034a 00       		.byte	0
 2728              	.LELTP0:
 2729              	.LELT0:
 2730              		.section	.gnu.debuglto_.debug_str,"eMS",%progbits,1
 2731              	.LASF149:
 2732 0000 72656164 		.ascii	"ready_list_t\000"
 2732      795F6C69 
 2732      73745F74 
 2732      00
 2733              	.LASF57:
 2734 000d 72666375 		.ascii	"rfcu\000"
 2734      00
 2735              	.LASF4:
 2736 0012 73697A65 		.ascii	"size_t\000"
 2736      5F7400
 2737              	.LASF81:
 2738 0019 64656C74 		.ascii	"delta\000"
 2738      6100
 2739              	.LASF137:
 2740 001f 7264796D 		.ascii	"rdymsg\000"
 2740      736700
 2741              	.LASF189:
 2742 0026 706F7274 		.ascii	"port_is_isr_context\000"
 2742      5F69735F 
 2742      6973725F 
 2742      636F6E74 
 2742      65787400 
 2743              	.LASF18:
 2744 003a 75696E74 		.ascii	"uint64_t\000"
 2744      36345F74 
 2744      00
 2745              	.LASF5:
 2746 0043 5F5F7569 		.ascii	"__uint8_t\000"
 2746      6E74385F 
 2746      7400
ARM GAS  C:\Users\acest\AppData\Local\Temp\cc3CIuce.s 			page 51


 2747              	.LASF21:
 2748 004d 706F7274 		.ascii	"port_syssts_t\000"
 2748      5F737973 
 2748      7374735F 
 2748      7400
 2749              	.LASF75:
 2750 005b 70726576 		.ascii	"prev\000"
 2750      00
 2751              	.LASF109:
 2752 0060 706F7274 		.ascii	"port_intctx\000"
 2752      5F696E74 
 2752      63747800 
 2753              	.LASF67:
 2754 006c 73797374 		.ascii	"system_debug_t\000"
 2754      656D5F64 
 2754      65627567 
 2754      5F7400
 2755              	.LASF56:
 2756 007b 636F7265 		.ascii	"core_id\000"
 2756      5F696400 
 2757              	.LASF76:
 2758 0083 63685F70 		.ascii	"ch_priority_queue_t\000"
 2758      72696F72 
 2758      6974795F 
 2758      71756575 
 2758      655F7400 
 2759              	.LASF155:
 2760 0097 6F735F69 		.ascii	"os_instance_config_t\000"
 2760      6E737461 
 2760      6E63655F 
 2760      636F6E66 
 2760      69675F74 
 2761              	.LASF117:
 2762 00ac 776F7273 		.ascii	"worst\000"
 2762      7400
 2763              	.LASF120:
 2764 00b2 74696D65 		.ascii	"time_measurement_t\000"
 2764      5F6D6561 
 2764      73757265 
 2764      6D656E74 
 2764      5F7400
 2765              	.LASF14:
 2766 00c5 6C6F6E67 		.ascii	"long long unsigned int\000"
 2766      206C6F6E 
 2766      6720756E 
 2766      7369676E 
 2766      65642069 
 2767              	.LASF123:
 2768 00dc 63685F73 		.ascii	"ch_sys_running\000"
 2768      79735F72 
 2768      756E6E69 
 2768      6E6700
 2769              	.LASF88:
 2770 00eb 464F4C44 		.ascii	"FOLDCNT\000"
 2770      434E5400 
 2771              	.LASF138:
 2772 00f3 65786974 		.ascii	"exitcode\000"
ARM GAS  C:\Users\acest\AppData\Local\Temp\cc3CIuce.s 			page 52


 2772      636F6465 
 2772      00
 2773              	.LASF59:
 2774 00fc 6D61696E 		.ascii	"mainthread\000"
 2774      74687265 
 2774      616400
 2775              	.LASF141:
 2776 0107 73656E74 		.ascii	"sentmsg\000"
 2776      6D736700 
 2777              	.LASF130:
 2778 010f 76697274 		.ascii	"virtual_timers_list_t\000"
 2778      75616C5F 
 2778      74696D65 
 2778      72735F6C 
 2778      6973745F 
 2779              	.LASF72:
 2780 0125 6E657874 		.ascii	"next\000"
 2780      00
 2781              	.LASF24:
 2782 012a 72747469 		.ascii	"rttime_t\000"
 2782      6D655F74 
 2782      00
 2783              	.LASF43:
 2784 0133 72656673 		.ascii	"refs\000"
 2784      00
 2785              	.LASF1:
 2786 0138 6C6F6E67 		.ascii	"long long int\000"
 2786      206C6F6E 
 2786      6720696E 
 2786      7400
 2787              	.LASF3:
 2788 0146 7369676E 		.ascii	"signed char\000"
 2788      65642063 
 2788      68617200 
 2789              	.LASF174:
 2790 0152 63685379 		.ascii	"chSysInit\000"
 2790      73496E69 
 2790      7400
 2791              	.LASF80:
 2792 015c 63685F64 		.ascii	"ch_delta_list\000"
 2792      656C7461 
 2792      5F6C6973 
 2792      7400
 2793              	.LASF84:
 2794 016a 43504943 		.ascii	"CPICNT\000"
 2794      4E5400
 2795              	.LASF163:
 2796 0171 73746172 		.ascii	"start\000"
 2796      7400
 2797              	.LASF192:
 2798 0177 62617365 		.ascii	"basePri\000"
 2798      50726900 
 2799              	.LASF54:
 2800 017f 76746C69 		.ascii	"vtlist\000"
 2800      737400
 2801              	.LASF186:
 2802 0186 706F7274 		.ascii	"port_unlock\000"
ARM GAS  C:\Users\acest\AppData\Local\Temp\cc3CIuce.s 			page 53


 2802      5F756E6C 
 2802      6F636B00 
 2803              	.LASF45:
 2804 0192 6D736771 		.ascii	"msgqueue\000"
 2804      75657565 
 2804      00
 2805              	.LASF41:
 2806 019b 73746174 		.ascii	"state\000"
 2806      6500
 2807              	.LASF10:
 2808 01a1 6C6F6E67 		.ascii	"long int\000"
 2808      20696E74 
 2808      00
 2809              	.LASF183:
 2810 01aa 706F7274 		.ascii	"port_disable\000"
 2810      5F646973 
 2810      61626C65 
 2810      00
 2811              	.LASF28:
 2812 01b7 74737461 		.ascii	"tstate_t\000"
 2812      74655F74 
 2812      00
 2813              	.LASF61:
 2814 01c0 63685F72 		.ascii	"ch_rfcu\000"
 2814      66637500 
 2815              	.LASF74:
 2816 01c8 63685F71 		.ascii	"ch_queue\000"
 2816      75657565 
 2816      00
 2817              	.LASF132:
 2818 01d1 71756575 		.ascii	"queue\000"
 2818      6500
 2819              	.LASF79:
 2820 01d7 63685F64 		.ascii	"ch_delta_list_t\000"
 2820      656C7461 
 2820      5F6C6973 
 2820      745F7400 
 2821              	.LASF86:
 2822 01e7 534C4545 		.ascii	"SLEEPCNT\000"
 2822      50434E54 
 2822      00
 2823              	.LASF131:
 2824 01f0 63685F72 		.ascii	"ch_registry\000"
 2824      65676973 
 2824      74727900 
 2825              	.LASF200:
 2826 01fc 433A5C55 		.ascii	"C:\\Users\\acest\\Desktop\\R.A.C.E\\race_project\000"
 2826      73657273 
 2826      5C616365 
 2826      73745C44 
 2826      65736B74 
 2827              	.LASF11:
 2828 0228 5F5F7569 		.ascii	"__uint32_t\000"
 2828      6E743332 
 2828      5F7400
 2829              	.LASF62:
 2830 0233 6D61736B 		.ascii	"mask\000"
ARM GAS  C:\Users\acest\AppData\Local\Temp\cc3CIuce.s 			page 54


 2830      00
 2831              	.LASF167:
 2832 0238 63685379 		.ascii	"chSysIsCounterWithinX\000"
 2832      73497343 
 2832      6F756E74 
 2832      65725769 
 2832      7468696E 
 2833              	.LASF64:
 2834 024e 63685F73 		.ascii	"ch_system_debug\000"
 2834      79737465 
 2834      6D5F6465 
 2834      62756700 
 2835              	.LASF44:
 2836 025e 77616974 		.ascii	"waiting\000"
 2836      696E6700 
 2837              	.LASF165:
 2838 0266 63685379 		.ascii	"chSysPolledDelayX\000"
 2838      73506F6C 
 2838      6C656444 
 2838      656C6179 
 2838      5800
 2839              	.LASF151:
 2840 0278 6D61696E 		.ascii	"mainthread_base\000"
 2840      74687265 
 2840      61645F62 
 2840      61736500 
 2841              	.LASF160:
 2842 0288 6D757465 		.ascii	"mutex_t\000"
 2842      785F7400 
 2843              	.LASF69:
 2844 0290 73797369 		.ascii	"sysinterval_t\000"
 2844      6E746572 
 2844      76616C5F 
 2844      7400
 2845              	.LASF33:
 2846 029e 636E745F 		.ascii	"cnt_t\000"
 2846      7400
 2847              	.LASF0:
 2848 02a4 756E7369 		.ascii	"unsigned int\000"
 2848      676E6564 
 2848      20696E74 
 2848      00
 2849              	.LASF107:
 2850 02b1 6C725F74 		.ascii	"lr_thd\000"
 2850      686400
 2851              	.LASF99:
 2852 02b8 4D41534B 		.ascii	"MASK2\000"
 2852      3200
 2853              	.LASF157:
 2854 02be 696E7374 		.ascii	"instances\000"
 2854      616E6365 
 2854      7300
 2855              	.LASF103:
 2856 02c8 4D41534B 		.ascii	"MASK3\000"
 2856      3300
 2857              	.LASF142:
 2858 02ce 77747365 		.ascii	"wtsemp\000"
ARM GAS  C:\Users\acest\AppData\Local\Temp\cc3CIuce.s 			page 55


 2858      6D7000
 2859              	.LASF140:
 2860 02d5 77747472 		.ascii	"wttrp\000"
 2860      7000
 2861              	.LASF37:
 2862 02db 72717565 		.ascii	"rqueue\000"
 2862      756500
 2863              	.LASF73:
 2864 02e2 63685F71 		.ascii	"ch_queue_t\000"
 2864      75657565 
 2864      5F7400
 2865              	.LASF39:
 2866 02ed 6E616D65 		.ascii	"name\000"
 2866      00
 2867              	.LASF198:
 2868 02f2 474E5520 		.ascii	"GNU C17 10.3.1 20210824 (release) -mcpu=cortex-m4 -"
 2868      43313720 
 2868      31302E33 
 2868      2E312032 
 2868      30323130 
 2869 0325 6D746875 		.ascii	"mthumb -mfloat-abi=soft -march=armv7e-m -ggdb -O2 -"
 2869      6D62202D 
 2869      6D666C6F 
 2869      61742D61 
 2869      62693D73 
 2870 0358 666F6D69 		.ascii	"fomit-frame-pointer -falign-functions=16 -ffunction"
 2870      742D6672 
 2870      616D652D 
 2870      706F696E 
 2870      74657220 
 2871 038b 2D736563 		.ascii	"-sections -fdata-sections -fno-common -flto\000"
 2871      74696F6E 
 2871      73202D66 
 2871      64617461 
 2871      2D736563 
 2872              	.LASF49:
 2873 03b7 6D706F6F 		.ascii	"mpool\000"
 2873      6C00
 2874              	.LASF116:
 2875 03bd 62657374 		.ascii	"best\000"
 2875      00
 2876              	.LASF110:
 2877 03c2 62617365 		.ascii	"basepri\000"
 2877      70726900 
 2878              	.LASF106:
 2879 03ca 706F7274 		.ascii	"port_extctx\000"
 2879      5F657874 
 2879      63747800 
 2880              	.LASF51:
 2881 03d6 63685F74 		.ascii	"ch_thread\000"
 2881      68726561 
 2881      6400
 2882              	.LASF85:
 2883 03e0 45584343 		.ascii	"EXCCNT\000"
 2883      4E5400
 2884              	.LASF31:
 2885 03e7 6D73675F 		.ascii	"msg_t\000"
ARM GAS  C:\Users\acest\AppData\Local\Temp\cc3CIuce.s 			page 56


 2885      7400
 2886              	.LASF118:
 2887 03ed 6C617374 		.ascii	"last\000"
 2887      00
 2888              	.LASF34:
 2889 03f2 75636E74 		.ascii	"ucnt_t\000"
 2889      5F7400
 2890              	.LASF46:
 2891 03f9 6570656E 		.ascii	"epending\000"
 2891      64696E67 
 2891      00
 2892              	.LASF158:
 2893 0402 63685F73 		.ascii	"ch_system_t\000"
 2893      79737465 
 2893      6D5F7400 
 2894              	.LASF139:
 2895 040e 77746F62 		.ascii	"wtobjp\000"
 2895      6A7000
 2896              	.LASF71:
 2897 0415 63685F6C 		.ascii	"ch_list\000"
 2897      69737400 
 2898              	.LASF147:
 2899 041d 63685F72 		.ascii	"ch_ready_list\000"
 2899      65616479 
 2899      5F6C6973 
 2899      7400
 2900              	.LASF32:
 2901 042b 6576656E 		.ascii	"eventmask_t\000"
 2901      746D6173 
 2901      6B5F7400 
 2902              	.LASF63:
 2903 0437 72666375 		.ascii	"rfcu_t\000"
 2903      5F7400
 2904              	.LASF111:
 2905 043e 6C725F65 		.ascii	"lr_exc\000"
 2905      786300
 2906              	.LASF26:
 2907 0445 73746B61 		.ascii	"stkalign_t\000"
 2907      6C69676E 
 2907      5F7400
 2908              	.LASF153:
 2909 0450 69646C65 		.ascii	"idlethread_base\000"
 2909      74687265 
 2909      61645F62 
 2909      61736500 
 2910              	.LASF129:
 2911 0460 6C617374 		.ascii	"laststamp\000"
 2911      7374616D 
 2911      7000
 2912              	.LASF83:
 2913 046a 43594343 		.ascii	"CYCCNT\000"
 2913      4E5400
 2914              	.LASF48:
 2915 0471 7265616C 		.ascii	"realprio\000"
 2915      7072696F 
 2915      00
 2916              	.LASF182:
ARM GAS  C:\Users\acest\AppData\Local\Temp\cc3CIuce.s 			page 57


 2917 047a 5F5F746D 		.ascii	"__tm_calibration_object_init\000"
 2917      5F63616C 
 2917      69627261 
 2917      74696F6E 
 2917      5F6F626A 
 2918              	.LASF60:
 2919 0497 72666375 		.ascii	"rfcu_mask_t\000"
 2919      5F6D6173 
 2919      6B5F7400 
 2920              	.LASF196:
 2921 04a3 5F5F6765 		.ascii	"__get_IPSR\000"
 2921      745F4950 
 2921      535200
 2922              	.LASF23:
 2923 04ae 7274636E 		.ascii	"rtcnt_t\000"
 2923      745F7400 
 2924              	.LASF134:
 2925 04b6 74687265 		.ascii	"thread_reference_t\000"
 2925      61645F72 
 2925      65666572 
 2925      656E6365 
 2925      5F7400
 2926              	.LASF126:
 2927 04c9 63685F76 		.ascii	"ch_virtual_timers_list\000"
 2927      69727475 
 2927      616C5F74 
 2927      696D6572 
 2927      735F6C69 
 2928              	.LASF2:
 2929 04e0 6C6F6E67 		.ascii	"long double\000"
 2929      20646F75 
 2929      626C6500 
 2930              	.LASF70:
 2931 04ec 63685F6C 		.ascii	"ch_list_t\000"
 2931      6973745F 
 2931      7400
 2932              	.LASF115:
 2933 04f6 746D5F63 		.ascii	"tm_calibration_t\000"
 2933      616C6962 
 2933      72617469 
 2933      6F6E5F74 
 2933      00
 2934              	.LASF19:
 2935 0507 706F7274 		.ascii	"port_rtcnt_t\000"
 2935      5F727463 
 2935      6E745F74 
 2935      00
 2936              	.LASF193:
 2937 0514 706F7274 		.ascii	"port_irq_enabled\000"
 2937      5F697271 
 2937      5F656E61 
 2937      626C6564 
 2937      00
 2938              	.LASF150:
 2939 0525 63685F6F 		.ascii	"ch_os_instance_config\000"
 2939      735F696E 
 2939      7374616E 
ARM GAS  C:\Users\acest\AppData\Local\Temp\cc3CIuce.s 			page 58


 2939      63655F63 
 2939      6F6E6669 
 2940              	.LASF90:
 2941 053b 434F4D50 		.ascii	"COMP0\000"
 2941      3000
 2942              	.LASF94:
 2943 0541 434F4D50 		.ascii	"COMP1\000"
 2943      3100
 2944              	.LASF98:
 2945 0547 434F4D50 		.ascii	"COMP2\000"
 2945      3200
 2946              	.LASF102:
 2947 054d 434F4D50 		.ascii	"COMP3\000"
 2947      3300
 2948              	.LASF78:
 2949 0553 7072696F 		.ascii	"prio\000"
 2949      00
 2950              	.LASF148:
 2951 0558 63757272 		.ascii	"current\000"
 2951      656E7400 
 2952              	.LASF13:
 2953 0560 5F5F7569 		.ascii	"__uint64_t\000"
 2953      6E743634 
 2953      5F7400
 2954              	.LASF119:
 2955 056b 63756D75 		.ascii	"cumulative\000"
 2955      6C617469 
 2955      766500
 2956              	.LASF175:
 2957 0576 63685379 		.ascii	"chSysWaitSystemState\000"
 2957      73576169 
 2957      74537973 
 2957      74656D53 
 2957      74617465 
 2958              	.LASF112:
 2959 058b 706F7274 		.ascii	"port_context\000"
 2959      5F636F6E 
 2959      74657874 
 2959      00
 2960              	.LASF35:
 2961 0598 636F7265 		.ascii	"core_id_t\000"
 2961      5F69645F 
 2961      7400
 2962              	.LASF197:
 2963 05a2 5F5F6469 		.ascii	"__disable_irq\000"
 2963      7361626C 
 2963      655F6972 
 2963      7100
 2964              	.LASF93:
 2965 05b0 52455345 		.ascii	"RESERVED0\000"
 2965      52564544 
 2965      3000
 2966              	.LASF97:
 2967 05ba 52455345 		.ascii	"RESERVED1\000"
 2967      52564544 
 2967      3100
 2968              	.LASF159:
ARM GAS  C:\Users\acest\AppData\Local\Temp\cc3CIuce.s 			page 59


 2969 05c4 63685F63 		.ascii	"ch_core0_cfg\000"
 2969      6F726530 
 2969      5F636667 
 2969      00
 2970              	.LASF30:
 2971 05d1 74707269 		.ascii	"tprio_t\000"
 2971      6F5F7400 
 2972              	.LASF177:
 2973 05d9 63685379 		.ascii	"chSysUnlockFromISR\000"
 2973      73556E6C 
 2973      6F636B46 
 2973      726F6D49 
 2973      535200
 2974              	.LASF89:
 2975 05ec 50435352 		.ascii	"PCSR\000"
 2975      00
 2976              	.LASF199:
 2977 05f1 2E2E2F2E 		.ascii	"../../../../../ChibiStudio/chibios2111/os/rt/src/ch"
 2977      2E2F2E2E 
 2977      2F2E2E2F 
 2977      2E2E2F43 
 2977      68696269 
 2978 0624 7379732E 		.ascii	"sys.c\000"
 2978      6300
 2979              	.LASF91:
 2980 062a 4D41534B 		.ascii	"MASK0\000"
 2980      3000
 2981              	.LASF161:
 2982 0630 5F426F6F 		.ascii	"_Bool\000"
 2982      6C00
 2983              	.LASF16:
 2984 0636 696E7433 		.ascii	"int32_t\000"
 2984      325F7400 
 2985              	.LASF6:
 2986 063e 756E7369 		.ascii	"unsigned char\000"
 2986      676E6564 
 2986      20636861 
 2986      7200
 2987              	.LASF92:
 2988 064c 46554E43 		.ascii	"FUNCTION0\000"
 2988      54494F4E 
 2988      3000
 2989              	.LASF96:
 2990 0656 46554E43 		.ascii	"FUNCTION1\000"
 2990      54494F4E 
 2990      3100
 2991              	.LASF100:
 2992 0660 46554E43 		.ascii	"FUNCTION2\000"
 2992      54494F4E 
 2992      3200
 2993              	.LASF104:
 2994 066a 46554E43 		.ascii	"FUNCTION3\000"
 2994      54494F4E 
 2994      3300
 2995              	.LASF7:
 2996 0674 73686F72 		.ascii	"short int\000"
 2996      7420696E 
ARM GAS  C:\Users\acest\AppData\Local\Temp\cc3CIuce.s 			page 60


 2996      7400
 2997              	.LASF128:
 2998 067e 6C617374 		.ascii	"lasttime\000"
 2998      74696D65 
 2998      00
 2999              	.LASF108:
 3000 0687 78707372 		.ascii	"xpsr\000"
 3000      00
 3001              	.LASF164:
 3002 068c 6379636C 		.ascii	"cycles\000"
 3002      657300
 3003              	.LASF144:
 3004 0693 65776D61 		.ascii	"ewmask\000"
 3004      736B00
 3005              	.LASF156:
 3006 069a 63685F73 		.ascii	"ch_system\000"
 3006      79737465 
 3006      6D00
 3007              	.LASF27:
 3008 06a4 746D6F64 		.ascii	"tmode_t\000"
 3008      655F7400 
 3009              	.LASF179:
 3010 06ac 5F5F6675 		.ascii	"__func__\000"
 3010      6E635F5F 
 3010      00
 3011              	.LASF180:
 3012 06b5 63685379 		.ascii	"chSysLock\000"
 3012      734C6F63 
 3012      6B00
 3013              	.LASF95:
 3014 06bf 4D41534B 		.ascii	"MASK1\000"
 3014      3100
 3015              	.LASF173:
 3016 06c5 72656173 		.ascii	"reason\000"
 3016      6F6E00
 3017              	.LASF101:
 3018 06cc 52455345 		.ascii	"RESERVED2\000"
 3018      52564544 
 3018      3200
 3019              	.LASF145:
 3020 06d6 63685F73 		.ascii	"ch_semaphore\000"
 3020      656D6170 
 3020      686F7265 
 3020      00
 3021              	.LASF133:
 3022 06e3 72656769 		.ascii	"registry_t\000"
 3022      73747279 
 3022      5F7400
 3023              	.LASF87:
 3024 06ee 4C535543 		.ascii	"LSUCNT\000"
 3024      4E5400
 3025              	.LASF17:
 3026 06f5 75696E74 		.ascii	"uint32_t\000"
 3026      33325F74 
 3026      00
 3027              	.LASF143:
 3028 06fe 77746D74 		.ascii	"wtmtxp\000"
ARM GAS  C:\Users\acest\AppData\Local\Temp\cc3CIuce.s 			page 61


 3028      787000
 3029              	.LASF22:
 3030 0705 706F7274 		.ascii	"port_stkalign_t\000"
 3030      5F73746B 
 3030      616C6967 
 3030      6E5F7400 
 3031              	.LASF38:
 3032 0715 6F776E65 		.ascii	"owner\000"
 3032      7200
 3033              	.LASF113:
 3034 071b 72656773 		.ascii	"regs\000"
 3034      00
 3035              	.LASF168:
 3036 0720 63685379 		.ascii	"chSysGetStatusAndLockX\000"
 3036      73476574 
 3036      53746174 
 3036      7573416E 
 3036      644C6F63 
 3037              	.LASF12:
 3038 0737 6C6F6E67 		.ascii	"long unsigned int\000"
 3038      20756E73 
 3038      69676E65 
 3038      6420696E 
 3038      7400
 3039              	.LASF40:
 3040 0749 77616261 		.ascii	"wabase\000"
 3040      736500
 3041              	.LASF66:
 3042 0750 63686172 		.ascii	"char\000"
 3042      00
 3043              	.LASF121:
 3044 0755 63685F73 		.ascii	"ch_sys_uninit\000"
 3044      79735F75 
 3044      6E696E69 
 3044      7400
 3045              	.LASF58:
 3046 0763 636F6E66 		.ascii	"config\000"
 3046      696700
 3047              	.LASF184:
 3048 076a 706F7274 		.ascii	"port_unlock_from_isr\000"
 3048      5F756E6C 
 3048      6F636B5F 
 3048      66726F6D 
 3048      5F697372 
 3049              	.LASF36:
 3050 077f 74687265 		.ascii	"thread_t\000"
 3050      61645F74 
 3050      00
 3051              	.LASF188:
 3052 0788 706F7274 		.ascii	"port_rt_get_counter_value\000"
 3052      5F72745F 
 3052      6765745F 
 3052      636F756E 
 3052      7465725F 
 3053              	.LASF171:
 3054 07a2 63685379 		.ascii	"chSysGetIdleThreadX\000"
 3054      73476574 
ARM GAS  C:\Users\acest\AppData\Local\Temp\cc3CIuce.s 			page 62


 3054      49646C65 
 3054      54687265 
 3054      61645800 
 3055              	.LASF127:
 3056 07b6 646C6973 		.ascii	"dlist\000"
 3056      7400
 3057              	.LASF68:
 3058 07bc 73797374 		.ascii	"systime_t\000"
 3058      696D655F 
 3058      7400
 3059              	.LASF201:
 3060 07c6 63685379 		.ascii	"chSysTimerHandlerI\000"
 3060      7354696D 
 3060      65724861 
 3060      6E646C65 
 3060      724900
 3061              	.LASF9:
 3062 07d9 5F5F696E 		.ascii	"__int32_t\000"
 3062      7433325F 
 3062      7400
 3063              	.LASF191:
 3064 07e3 5F5F7365 		.ascii	"__set_BASEPRI\000"
 3064      745F4241 
 3064      53455052 
 3064      4900
 3065              	.LASF65:
 3066 07f1 70616E69 		.ascii	"panic_msg\000"
 3066      635F6D73 
 3066      6700
 3067              	.LASF136:
 3068 07fb 70717565 		.ascii	"pqueue\000"
 3068      756500
 3069              	.LASF194:
 3070 0802 5F5F6765 		.ascii	"__get_BASEPRI\000"
 3070      745F4241 
 3070      53455052 
 3070      4900
 3071              	.LASF52:
 3072 0810 63685F6F 		.ascii	"ch_os_instance\000"
 3072      735F696E 
 3072      7374616E 
 3072      636500
 3073              	.LASF114:
 3074 081f 6F666673 		.ascii	"offset\000"
 3074      657400
 3075              	.LASF50:
 3076 0826 6F735F69 		.ascii	"os_instance_t\000"
 3076      6E737461 
 3076      6E63655F 
 3076      7400
 3077              	.LASF55:
 3078 0834 7265676C 		.ascii	"reglist\000"
 3078      69737400 
 3079              	.LASF8:
 3080 083c 73686F72 		.ascii	"short unsigned int\000"
 3080      7420756E 
 3080      7369676E 
ARM GAS  C:\Users\acest\AppData\Local\Temp\cc3CIuce.s 			page 63


 3080      65642069 
 3080      6E7400
 3081              	.LASF105:
 3082 084f 4457545F 		.ascii	"DWT_Type\000"
 3082      54797065 
 3082      00
 3083              	.LASF77:
 3084 0858 63685F70 		.ascii	"ch_priority_queue\000"
 3084      72696F72 
 3084      6974795F 
 3084      71756575 
 3084      6500
 3085              	.LASF185:
 3086 086a 706F7274 		.ascii	"port_lock_from_isr\000"
 3086      5F6C6F63 
 3086      6B5F6672 
 3086      6F6D5F69 
 3086      737200
 3087              	.LASF25:
 3088 087d 73797373 		.ascii	"syssts_t\000"
 3088      74735F74 
 3088      00
 3089              	.LASF82:
 3090 0886 4354524C 		.ascii	"CTRL\000"
 3090      00
 3091              	.LASF152:
 3092 088b 6D61696E 		.ascii	"mainthread_end\000"
 3092      74687265 
 3092      61645F65 
 3092      6E6400
 3093              	.LASF176:
 3094 089a 5F5F6F73 		.ascii	"__oslib_init\000"
 3094      6C69625F 
 3094      696E6974 
 3094      00
 3095              	.LASF122:
 3096 08a7 63685F73 		.ascii	"ch_sys_initializing\000"
 3096      79735F69 
 3096      6E697469 
 3096      616C697A 
 3096      696E6700 
 3097              	.LASF172:
 3098 08bb 63685379 		.ascii	"chSysHalt\000"
 3098      7348616C 
 3098      7400
 3099              	.LASF146:
 3100 08c5 63685F6D 		.ascii	"ch_mutex\000"
 3100      75746578 
 3100      00
 3101              	.LASF29:
 3102 08ce 74726566 		.ascii	"trefs_t\000"
 3102      735F7400 
 3103              	.LASF53:
 3104 08d6 726C6973 		.ascii	"rlist\000"
 3104      7400
 3105              	.LASF162:
 3106 08dc 63685F63 		.ascii	"ch_c0_idle_thread_wa\000"
ARM GAS  C:\Users\acest\AppData\Local\Temp\cc3CIuce.s 			page 64


 3106      305F6964 
 3106      6C655F74 
 3106      68726561 
 3106      645F7761 
 3107              	.LASF15:
 3108 08f1 75696E74 		.ascii	"uint8_t\000"
 3108      385F7400 
 3109              	.LASF42:
 3110 08f9 666C6167 		.ascii	"flags\000"
 3110      7300
 3111              	.LASF20:
 3112 08ff 706F7274 		.ascii	"port_rttime_t\000"
 3112      5F727474 
 3112      696D655F 
 3112      7400
 3113              	.LASF170:
 3114 090d 74657374 		.ascii	"testmask\000"
 3114      6D61736B 
 3114      00
 3115              	.LASF178:
 3116 0916 63685379 		.ascii	"chSysLockFromISR\000"
 3116      734C6F63 
 3116      6B46726F 
 3116      6D495352 
 3116      00
 3117              	.LASF190:
 3118 0927 706F7274 		.ascii	"port_get_irq_status\000"
 3118      5F676574 
 3118      5F697271 
 3118      5F737461 
 3118      74757300 
 3119              	.LASF169:
 3120 093b 63685379 		.ascii	"chSysIntegrityCheckI\000"
 3120      73496E74 
 3120      65677269 
 3120      74794368 
 3120      65636B49 
 3121              	.LASF181:
 3122 0950 63685379 		.ascii	"chSysUnlock\000"
 3122      73556E6C 
 3122      6F636B00 
 3123              	.LASF124:
 3124 095c 63685F73 		.ascii	"ch_sys_halted\000"
 3124      79735F68 
 3124      616C7465 
 3124      6400
 3125              	.LASF135:
 3126 096a 6C697374 		.ascii	"list\000"
 3126      00
 3127              	.LASF125:
 3128 096f 73797374 		.ascii	"system_state_t\000"
 3128      656D5F73 
 3128      74617465 
 3128      5F7400
 3129              	.LASF187:
 3130 097e 706F7274 		.ascii	"port_lock\000"
 3130      5F6C6F63 
ARM GAS  C:\Users\acest\AppData\Local\Temp\cc3CIuce.s 			page 65


 3130      6B00
 3131              	.LASF154:
 3132 0988 69646C65 		.ascii	"idlethread_end\000"
 3132      74687265 
 3132      61645F65 
 3132      6E6400
 3133              	.LASF47:
 3134 0997 6D74786C 		.ascii	"mtxlist\000"
 3134      69737400 
 3135              	.LASF166:
 3136 099f 63685379 		.ascii	"chSysRestoreStatusX\000"
 3136      73526573 
 3136      746F7265 
 3136      53746174 
 3136      75735800 
 3137              	.LASF195:
 3138 09b3 72657375 		.ascii	"result\000"
 3138      6C7400
 3139              		.text
 3140              		.section	.gnu.lto_.profile.b3bf9a1d,"e",%progbits
 3141 0000 789C6362 		.ascii	"x\234cb\000\001\000\000\022\000\003"
 3141      00010000 
 3141      120003
 3142              		.text
 3143              		.section	.gnu.lto_.icf.b3bf9a1d,"e",%progbits
 3144 0000 789CCB66 		.ascii	"x\234\313f@\000!\206\266\216o\312\214k\233\277\3713"
 3144      40002186 
 3144      B68E6FCA 
 3144      8C6B9BBF 
 3144      F933
 3145 0012 2DBFF97D 		.ascii	"-\277\371}\0257\363\234)_\346\263\260\314]\377\366\001"
 3145      1537F39C 
 3145      295FE6B3 
 3145      B0CC5DFF 
 3145      F601
 3146 0024 0FEB8247 		.ascii	"\017\353\202Gs\272\270\330~n[x\216\213\035\314\346x"
 3146      73BAB8D8 
 3146      7E6E5B78 
 3146      8E8B1DCC 
 3146      E678
 3147 0036 306BF55A 		.ascii	"0k\365Z\026\316\335MKvqs\2559xe&;\367\306-_\366\261"
 3147      16CEDD4D 
 3147      4B767173 
 3147      AD397865 
 3147      263BF7C6 
 3148 004e F21C69DE 		.ascii	"\362\034i\336\367\233\207\267}\366\241O\274|\347^<\177"
 3148      F79B87B7 
 3148      7DF6A14F 
 3148      BC7CE75E 
 3148      3C7F
 3149 0060 CBC5FFF7 		.ascii	"\313\305\377\367\322\223\353,\002\337\346\036/\027\004"
 3149      D293EB2C 
 3149      02DFE61E 
 3149      2F1704
 3150 006f 6B650000 		.ascii	"ke\000\000\030\2755d"
 3150      18BD3564 
 3151              		.text
ARM GAS  C:\Users\acest\AppData\Local\Temp\cc3CIuce.s 			page 66


 3152              		.section	.gnu.lto_.ipa_sra.b3bf9a1d,"e",%progbits
 3153 0000 789CCB62 		.ascii	"x\234\313b@\000>\006F\020\305\010\201\2140\006\023\003"
 3153      40003E06 
 3153      4610C508 
 3153      818C3006 
 3153      1303
 3154 0012 23338866 		.ascii	"#3\210f\201\310\262\301\3049!|.\006fn0\213\231\007$"
 3154      81C8B2C1 
 3154      C439217C 
 3154      2E06666E 
 3154      308B9907 
 3155 0027 CACB0054 		.ascii	"\312\313\000T\314\0073\210\237\031\311|\006f\001\250"
 3155      CC073388 
 3155      9F19C97C 
 3155      066601A8 
 3156 0037 3800527B 		.ascii	"8\000R{\001\031"
 3156      0119
 3157              		.text
 3158              		.section	.gnu.lto_.inline.b3bf9a1d,"e",%progbits
 3159 0000 789C8552 		.ascii	"x\234\205R\273N\303@\020\234\275sL\342\030\022Q\271"
 3159      BB4EC340 
 3159      109CBD73 
 3159      4CE21812 
 3159      51B9
 3160 0012 A0A7E513 		.ascii	"\240\247\345\023\362/!v\350\340\007\220\341\013\020"
 3160      F22F2176 
 3160      E8E00790 
 3160      E10B10
 3161 0021 A2A42028 		.ascii	"\242\244 (\025E\220P\240\240@4 \005!\224\202\202\032"
 3161      15459050 
 3161      A0A04034 
 3161      20052194 
 3161      82821A
 3162 0034 24444595 		.ascii	"$DE\225\036v\367.\0162F\\q;^\317>f\367\326-\212\263"
 3162      1E76F72E 
 3162      0E32465C 
 3162      713B5ECF 
 3162      3E66F7D6 
 3163 004b 82A495E7 		.ascii	"\202\244\225\347\371\324n\021L\304\350\326\246@\235"
 3163      F9D46E11 
 3163      4CC4E8D6 
 3163      A6409D
 3164 005a 416E370D 		.ascii	"An7\015\014SL\223\000Z\030\210!\204\3021}\022\316\036"
 3164      0C534C93 
 3164      005A1888 
 3164      2184C231 
 3164      7D12CE1E 
 3165 006e C35D7897 		.ascii	"\303]x\227\017\243\010\245\333\240\241\005z\034\023"
 3165      0FA308A5 
 3165      DBA0A105 
 3165      7A1C13
 3166 007d 0B32BD52 		.ascii	"\0132\275R\214Et\361\37681\351\237\014\227)@\370y7z"
 3166      8C4574F1 
 3166      FE3831E9 
 3166      9F0C9729 
 3166      40F87937 
 3167 0092 B619F304 		.ascii	"\266\031\363\004\215mV\342\205\020Y/\332_\374\305\307"
ARM GAS  C:\Users\acest\AppData\Local\Temp\cc3CIuce.s 			page 67


 3167      8D6D56E2 
 3167      8510592F 
 3167      DA5FFCC5 
 3167      C7
 3168 00a3 FEAA156B 		.ascii	"\376\252\025kK\363\336\234\254\006jN\272$vH\252\251"
 3168      4BF3DE9C 
 3168      AC066A4E 
 3168      BA247648 
 3168      AAA9
 3169 00b5 3E171621 		.ascii	">\027\026!(\030F\363uK\211\233\3308>\177:\342\211\206"
 3169      281846F3 
 3169      754B899B 
 3169      D8383E7F 
 3169      3AE28986 
 3170 00c9 D8195A1C 		.ascii	"\330\031Z\034Z\276dv]\266\376\213\260-fL\336K\227\244"
 3170      5ABE6476 
 3170      5DB6FE8B 
 3170      B02D664C 
 3170      DE4B97A4 
 3171 00dd DC85C7F1 		.ascii	"\334\205\307\361L\231wU\315\013@C\335j\270X\306~\321"
 3171      4C997755 
 3171      CD0B4043 
 3171      DD6AB858 
 3171      C67ED1
 3172 00f0 D3EAE066 		.ascii	"\323\352\340f\372\306\003\310\011\311\303hvj\372\001"
 3172      FAC603C8 
 3172      09C9C368 
 3172      766AFA01 
 3173 0100 8B12F86A 		.ascii	"\213\022\370j\2636\332H\356\007\037\0076\353\240\303"
 3173      B336DA48 
 3173      EE071F07 
 3173      36EBA0C3 
 3174 0110 2962AF30 		.ascii	")b\2570\375g\265\313X\322\025\245?gU\301[Q\347\011\363"
 3174      FD67B5CB 
 3174      58D215A5 
 3174      3F6755C1 
 3174      5B51E709 
 3175 0125 540D49C7 		.ascii	"T\015I\307<\000\371\317@\267^Q%p\020u\237'\000Z\372"
 3175      3C00F9CF 
 3175      40B75E51 
 3175      25701075 
 3175      9F27005A 
 3176 013a 9FDF0459 		.ascii	"\237\337\004Y\011\325\012\336\032okU\251\346k\212\013"
 3176      09D50ADE 
 3176      1A6F6B55 
 3176      A9E66B8A 
 3176      0B
 3177 014b 9414688D 		.ascii	"\224\024h\215\203\332\250OF\263k}+\021\2433\323/\011"
 3177      83DAA84F 
 3177      46B36B7D 
 3177      2B11A333 
 3177      D32F09
 3178 015e C137503C 		.ascii	"\3017P<\246;"
 3178      A63B
 3179              		.text
 3180              		.section	.gnu.lto_.jmpfuncs.b3bf9a1d,"e",%progbits
 3181 0000 789C754F 		.ascii	"x\234uOA\016\3020\014\263\223\262i\014\350\236\262\037"
ARM GAS  C:\Users\acest\AppData\Local\Temp\cc3CIuce.s 			page 68


 3181      410EC230 
 3181      0CB393B2 
 3181      690CE89E 
 3181      B21F
 3182 0012 F207EEBB 		.ascii	"\362\007\356\273\355\260\007\260;\317\342\200T\\ELH"
 3182      EDB007B0 
 3182      3BCFE280 
 3182      545C454C 
 3182      48
 3183 0023 B048511C 		.ascii	"\260HQ\034\333\255\225Llu\001\311\353\354n\000\037\211"
 3183      DBAD954C 
 3183      6C7501C9 
 3183      EBEC6E00 
 3183      1F89
 3184 0035 503F4B29 		.ascii	"P?K)\231vs\321d\214R\271_\017\357\344\312=>r\244\272"
 3184      997673D1 
 3184      648C52B9 
 3184      5F0FEFE4 
 3184      CA3D3E72 
 3185 004b 468AA0D4 		.ascii	"F\212\240\324\010\372\342;O\244pS^\337\012\314G\314"
 3185      08FAE23B 
 3185      4FA47053 
 3185      5EDF0ACC 
 3185      47CC
 3186 005d 7E58DCA6 		.ascii	"~X\334\246\372\337\177W\027)\315\021\350\003\342$\357"
 3186      FADF7F57 
 3186      1729CD11 
 3186      E803E224 
 3186      EF
 3187 006e B99E1A3B 		.ascii	"\271\236\032;\221u\025[A\373\364\020\222\341\015\363"
 3187      9175155B 
 3187      41FBF410 
 3187      92E10DF3 
 3188 007e 803DD4   		.ascii	"\200=\324"
 3189              		.text
 3190              		.section	.gnu.lto_.pureconst.b3bf9a1d,"e",%progbits
 3191 0000 789CD366 		.ascii	"x\234\323f``\340c\230\305\3028\203\205i\027+\363.V\226"
 3191      6060E063 
 3191      98C5C238 
 3191      83856917 
 3191      2BF32E56 
 3192 0015 2D2C6CBB 		.ascii	"-,l\273X9\267\262r\265\260p\267\262\360\314`\341\335"
 3192      5839B7B2 
 3192      72B5B070 
 3192      B7B2F0CC 
 3192      60E1DD
 3193 0028 C5CA3783 		.ascii	"\305\3127\203\205\277\201E`\026\013\000\331r\011\301"
 3193      85BF8145 
 3193      60160B00 
 3193      D97209C1 
 3194              		.text
 3195              		.section	.gnu.lto_.lto.b3bf9a1d,"e",%progbits
 3196 0000 09000400 		.ascii	"\011\000\004\000\001\000\000\000"
 3196      01000000 
 3197              		.text
 3198              		.section	.gnu.lto___tm_calibration_object_init.187.b3bf9a1d,"e",%progbits
 3199 0000 789C7D52 		.ascii	"x\234}RKkSQ\020\236\357\314\275M{K\037\202\205\222\205"
ARM GAS  C:\Users\acest\AppData\Local\Temp\cc3CIuce.s 			page 69


 3199      4B6B5351 
 3199      109EEFCC 
 3199      BD4D7B4B 
 3199      1F828592 
 3200 0015 1441C44D 		.ascii	"\024A\304MI\224\022\352\252[_\377 +o\205\006\254\025"
 3200      499412EA 
 3200      AA5B5FFF 
 3200      202B6F85 
 3200      06AC15
 3201 0028 932E5C79 		.ascii	"\223.\\y\322\246\255\244`\223\246J\301\266J\270\210"
 3201      D2A6ADA4 
 3201      6093A64A 
 3201      C1B64AB8 
 3201      88
 3202 0039 3B71E13B 		.ascii	";q\341;\332\324\210B\026\305\372\003D\\\031\027\022"
 3202      DAD48842 
 3202      16C5FA03 
 3202      445C1917 
 3202      12
 3203 004a BBB1954A 		.ascii	"\273\261\225J\234so\355cQ\017\334{\346\361\315\314w"
 3203      9C736FED 
 3203      63510FDC 
 3203      7BE6F1CD 
 3203      CC77
 3204 005c 66A68B89 		.ascii	"f\246\213\211.\020QB>4\021f\363YEZ\353\201\220B!\357"
 3204      2E105142 
 3204      3E341166 
 3204      F359455A 
 3204      EB819042 
 3205 0072 F812AB89 		.ascii	"\370\022\253\211\374\264\3022D\213X\231|\273\334\235"
 3205      FCB4C232 
 3205      448B5899 
 3205      7CBBDC9D 
 3206 0082 968DC2E3 		.ascii	"\226\215\302\343\316\000j!\235\317\266\004\200\201\020"
 3206      CE006A21 
 3206      9DCFB604 
 3206      808110
 3207 0091 E88662DB 		.ascii	"\350\206b\333\202\374\011e\013\274\373\243\340\024\370"
 3207      82FC0965 
 3207      0BBCFBA3 
 3207      E014F8
 3208 00a0 842037DE 		.ascii	"\204 7\336\375Z\261'\272=\261.\375\363,0f\331c\300\332"
 3208      FD5AB127 
 3208      BA3DB12E 
 3208      FDF32C30 
 3208      66D963C0 
 3209 00b5 96147A44 		.ascii	"\226\024zD\342St\274\254\365\307\351\361)\251\3541\343"
 3209      E25374BC 
 3209      ACF5C7E9 
 3209      F129A9EC 
 3209      31E3
 3210 00c7 1924064F 		.ascii	"\031$\006O\201' \022C\354fxOt\367Nt\031&\374\214q\035"
 3210      81272012 
 3210      43EC6678 
 3210      4F74F74E 
 3210      741926FC 
 3211 00de CB695DDF 		.ascii	"\313i]\337\254\234\313Mjxl\341\225\237\342%\360\002"
ARM GAS  C:\Users\acest\AppData\Local\Temp\cc3CIuce.s 			page 70


 3211      AC9CCB4D 
 3211      6A786CE1 
 3211      959FE225 
 3211      F002
 3212 00f0 A6746C29 		.ascii	"\246tl)l\240\347}\250\024\253o\214O\265\347\322\315"
 3212      6CA0E77D 
 3212      A814AB6F 
 3212      8C4FB5E7 
 3212      D2CD
 3213 0102 1EDB78BD 		.ascii	"\036\333x\275\267\232@\347\302\322\2527@\011\333\324"
 3213      B79A40E7 
 3213      C2D2AA37 
 3213      4009DBD4 
 3214 0112 C5AC02C3 		.ascii	"\305\254\002\303\243OvYo5f\264n\034\231\257,\317\241"
 3214      A34F7659 
 3214      6F3566B4 
 3214      6E1C99AF 
 3214      2CCFA1
 3215 0125 0DC2AF49 		.ascii	"\015\302\257I\031\274\015<\207c$\242\0316\275\323\200"
 3215      19BC0D3C 
 3215      876324A2 
 3215      1936BDD3 
 3215      80
 3216 0136 2E13E558 		.ascii	".\023\345X\005JZ\224\357\320_\177~\200\177\257\207\374"
 3216      054A5A94 
 3216      EFD05F7F 
 3216      7E807FAF 
 3216      87FC
 3217 0148 6B2B443F 		.ascii	"k+D?0\266\376\255c\373]\014\303\362\201\351\367CQCE"
 3217      30B6FEAD 
 3217      63FB5D0C 
 3217      C3F281E9 
 3217      F7435143 
 3218 015d E1580645 		.ascii	"\341X\006ED\027\276\315X\301\242\241e\240M\01026$c\035"
 3218      4417BECD 
 3218      58C1A2A1 
 3218      65A04D08 
 3218      32362463 
 3219 0172 991ECA40 		.ascii	"\231\036\312@y\334\262$)D\014\002\034\341-\323\363\270"
 3219      79DCB224 
 3219      29440C02 
 3219      1CE12DD3 
 3219      F3B8
 3220 0184 D587E61C 		.ascii	"\325\207\346\034\271\306\356\267\012O\223\301\206E\206"
 3220      B9C6EEB7 
 3220      0A4F93C1 
 3220      864586
 3221 0193 221B8A96 		.ascii	"\"\033\212\226\241\010q\017\230g\024Y\371\021\205\252"
 3221      A108710F 
 3221      98671459 
 3221      F91185AA 
 3222 01a3 99BE2FDE 		.ascii	"\231\276/\336\256\252\375u\324\201u\3568\373\221| r"
 3222      AEAAFD75 
 3222      D48175EE 
 3222      38FB917C 
 3222      2072
 3223 01b5 DE91F78F 		.ascii	"\336\221\367\217/L\366\025\331\221\232\001\253\206\234"
ARM GAS  C:\Users\acest\AppData\Local\Temp\cc3CIuce.s 			page 71


 3223      2F4CF615 
 3223      D9919A01 
 3223      AB869C
 3224 01c4 0EC3B4C7 		.ascii	"\016\303\264\307g\342\370\310\273\3256\252!S\253\264"
 3224      67E2F8C8 
 3224      BBD536AA 
 3224      2153ABB4 
 3225 01d4 8B25C0F9 		.ascii	"\213%\300\371\213\365\033\012\357\241n\255\035\026\273"
 3225      8BF51B0A 
 3225      EFA16EAD 
 3225      1D16BB
 3226 01e3 BDBAD62D 		.ascii	"\275\272\326-\003\260\323RL\266E\336f\355o\377b\025"
 3226      03B0D352 
 3226      4CB645DE 
 3226      66ED6FFF 
 3226      6215
 3227 01f5 A6E1A55A 		.ascii	"\246\341\245ZW\221\261\323\325\222t\325d\023O=\373\007"
 3227      5791B1D3 
 3227      D59274D5 
 3227      64134F3D 
 3227      FB07
 3228 0207 FF9DC06A 		.ascii	"\377\235\300j0\001\011\027\370\333\317f3\372\217\312"
 3228      30010917 
 3228      F8DBCF66 
 3228      33FA8FCA 
 3229 0217 D6D13AC6 		.ascii	"\326\321:\306\276\334;\353s\232a\354\256\000Q\304=\035"
 3229      BEDC3BEB 
 3229      739A61EC 
 3229      AE0051C4 
 3229      3D1D
 3230 0229 77871217 		.ascii	"w\207\022\027\023\311\324\350`b$\220G\222'\243\321h"
 3230      13C9D4E8 
 3230      60622490 
 3230      479227A3 
 3230      D168
 3231 023b 7C2419BF 		.ascii	"|$\031\277\226\212'\256\270\227G\007/\211'5\334;D\234"
 3231      968A27AE 
 3231      B8974707 
 3231      2F892735 
 3231      DC3B449C 
 3232 024f 72AF1E72 		.ascii	"r\257\036r\207\222\327\223\275no_\244?\346\366G\243"
 3232      8792D793 
 3232      BD6E6F5F 
 3232      A43FE6F6 
 3232      47A3
 3233 0261 A452C348 		.ascii	"\244R\303H\374\005\210\266\027_"
 3233      FC0588B6 
 3233      175F
 3234              		.text
 3235              		.section	.gnu.lto___oslib_init.334.b3bf9a1d,"e",%progbits
 3236 0000 789C3BC0 		.ascii	"x\234;\300\300\300`\006\304\312@\314\310\314\3008ib"
 3236      C0C06006 
 3236      C4CA40CC 
 3236      C8CCC038 
 3236      6962
 3237 0012 17134343 		.ascii	"\027\023CCC\203\003;\023c\343\304.N\306\255\214`\036"
 3237      4383033B 
ARM GAS  C:\Users\acest\AppData\Local\Temp\cc3CIuce.s 			page 72


 3237      1363E3C4 
 3237      2E4EC6AD 
 3237      8C601E
 3238 0025 23433D13 		.ascii	"#C=\023c=\343dfM \367\307\221?\207Y[%\226030\314\003"
 3238      633DE364 
 3238      664D20F7 
 3238      C7913F87 
 3238      595B2596 
 3239 003e 62286083 		.ascii	"b(`\203\361\030\201x\375%\326\003\015\177\376\36774"
 3239      F1188178 
 3239      FD25D603 
 3239      0D7FFEF7 
 3239      3734
 3240 0050 FC7DC2D8 		.ascii	"\374}\302\330\243\311\312\300\320\317\0142\267\201\205"
 3240      A3C9CAC0 
 3240      D0CF0C32 
 3240      B78185
 3241 005f B1E10003 		.ascii	"\261\341\000\003\303\004f&\010\247\021\310y\305\330"
 3241      C3046626 
 3241      08A711C8 
 3241      79C5D8
 3242 006e F0E8E779 		.ascii	"\360\350\347yF\206\017\214\315\012\014-\214LK\230\031"
 3242      46860F8C 
 3242      CD0A0C2D 
 3242      8C4C4B98 
 3242      19
 3243 007f E731030D 		.ascii	"\3471\003\015Y\302\314\004\226\373\307\217*\305\204"
 3243      59C2CC04 
 3243      96FBC78F 
 3243      2AC584
 3244 008e 909A2284 		.ascii	"\220\232\"\204*\305\014\221\372\304\330\364`f\020\330"
 3244      2AC50C91 
 3244      FAC4D8F4 
 3244      606610D8 
 3245 009e 55FDCC8C 		.ascii	"U\375\314\214\010k\031\030L\222\255b\22232\2232\213"
 3245      086B1918 
 3245      4C92AD62 
 3245      92333293 
 3245      328B
 3246 00b0 4B4A5332 		.ascii	"KJS2\363!\354\374b#CC\303\230\374b \312\311L\212\311"
 3246      F321ECFC 
 3246      62234343 
 3246      C398FC62 
 3246      20CAC94C 
 3247 00c6 CC4BCE29 		.ascii	"\314K\316)MI\005J\002yz\031\014\000$\013S\375"
 3247      4D49054A 
 3247      02797A19 
 3247      0C00240B 
 3247      53FD
 3248              		.text
 3249              		.section	.gnu.lto_ch_core0_cfg.338.b3bf9a1d,"e",%progbits
 3250 0000 789C9BC0 		.ascii	"x\234\233\300\300\300\220\303\000\001s\230\031'1/af"
 3250      C0C090C3 
 3250      00017398 
 3250      1927312F 
 3250      6166
 3251 0012 60BCC008 		.ascii	"`\274\300\010d\2660654\374\371\324}\376#\353\022f\306"
ARM GAS  C:\Users\acest\AppData\Local\Temp\cc3CIuce.s 			page 73


 3251      64B63036 
 3251      3534FCF9 
 3251      D47DFE23 
 3251      EB1266C6 
 3252 0026 15CC6079 		.ascii	"\025\314`yo\240\030\307\022f&\306\255\214\214[\030\031"
 3252      6FA018C7 
 3252      126626C6 
 3252      AD8C8C5B 
 3252      1819
 3253 0038 60CA6E9C 		.ascii	"`\312n\234cD\250\001\231\301\004\226S\314l\003*f\006"
 3253      6344A801 
 3253      99C10496 
 3253      53CC6C03 
 3253      2A6606
 3254 004b AB6A6B68 		.ascii	"\253jkh\330q\314p\0113\013\343NF\006\313\246\216\006"
 3254      D871CC70 
 3254      09330BE3 
 3254      4E4606CB 
 3254      A68E06
 3255 005e 9125CCAC 		.ascii	"\221%\314\254s\201\226\355b\234\313\314\310\270\003"
 3255      738196ED 
 3255      629CCBCC 
 3255      C8B803
 3256 006d 48328149 		.ascii	"H2\201If\306\355@\222\205q\033#\203\216\263ULhqjQqL"
 3256      66C6ED40 
 3256      9285711B 
 3256      23838EB3 
 3256      554C6871 
 3257 0085 62726A71 		.ascii	"brjqI\214KjqvI~AL\220\236\243\236\263\236kL\021P8\276"
 3257      498C4B6A 
 3257      7176497E 
 3257      414C909E 
 3257      A39EB39E 
 3258 009f A0283F2B 		.ascii	"\240(?+5\271\204\301ROO\037\0319gd&e\006\227\224\246"
 3258      35B984C1 
 3258      524F4F1F 
 3258      19396764 
 3258      26650697 
 3259 00b5 64E6EB27 		.ascii	"d\346\353'\203\330\371\305F\206\206\206\372\371\305"
 3259      83D8F9C5 
 3259      46868686 
 3259      FAF9C5
 3260 00c4 FA4525FA 		.ascii	"\372E%\372\305E\311@\321\342\312b\275d\006\346d\003"
 3260      C545C940 
 3260      D1E2CA62 
 3260      BD6406E6 
 3260      6403
 3261 00d6 0600B065 		.ascii	"\006\000\260eK\236"
 3261      4B9E
 3262              		.text
 3263              		.section	.gnu.lto_chSysWaitSystemState.339.b3bf9a1d,"e",%progbits
 3264 0000 789C4D8F 		.ascii	"x\234M\217?h\024A\024\306\337\267o6\221(\242\205\205"
 3264      3F681441 
 3264      14C6DFB7 
 3264      6F369128 
 3264      A28585
 3265 0013 AD202110 		.ascii	"\255 !\020wo\0251g\245\2346\226\212\335BH\326\015\236"
ARM GAS  C:\Users\acest\AppData\Local\Temp\cc3CIuce.s 			page 74


 3265      776F1531 
 3265      67A59C36 
 3265      968ADD42 
 3265      48D60D9E 
 3266 0027 161B76D6 		.ascii	"\026\033v\326\302\312I\270k\256\271l\256\260\321 \341"
 3266      C2CA49B8 
 3266      6BAEB96C 
 3266      AEB0D120 
 3266      E1
 3267 0038 90E38A88 		.ascii	"\220\343\212\210!\211\177Hq\020$ \010\361@\002V\"(\234"
 3267      21897F48 
 3267      71102420 
 3267      08F14002 
 3267      5622289C 
 3268 004c 85042B09 		.ascii	"\205\004+\011B\362\366r\2278\314\014o\276\357{3\277"
 3268      42F2F672 
 3268      9738CC0C 
 3268      6FBEEF7B 
 3268      33BF
 3269 005e B9002243 		.ascii	"\271\000\"CD\223\2620@\230O+\026\031c\256\015Z\250\245"
 3269      4493B230 
 3269      40984F2B 
 3269      161963AE 
 3269      0D5AA8A5 
 3270 0072 95CDE6B2 		.ascii	"\225\315\346\262\302\033t\005\266\312\351\361\366\316"
 3270      C21B7405 
 3270      B6CAE9F1 
 3270      F6CE
 3271 0080 EE982AA5 		.ascii	"\356\230*\245'\227\252\345Ae\243\366\372\324AZa&\255"
 3271      2797AAE5 
 3271      4165A3F6 
 3271      FAD4415A 
 3271      6126AD
 3272 0093 6C37CFF5 		.ascii	"l7\317\365\303\240'\026\333\012\262\323\321\250\361"
 3272      C3A02716 
 3272      DB0AB2D3 
 3272      D1A8F1
 3273 00a2 88B87F7F 		.ascii	"\210\270\177\177<]\370\000\323h\241.\346B?\360\214\301"
 3273      3C5DF800 
 3273      D368A12E 
 3273      E6423FF0 
 3273      8CC1
 3274 00b4 451A6E19 		.ascii	"E\032n\031\263\365u\305\030\246:\003\253\020\037\227"
 3274      B3F575C5 
 3274      18A63A03 
 3274      AB101F97 
 3275 00c4 90A3EC18 		.ascii	"\220\243\354\030\2758K4\320\357\021tz\325\266[\346\337"
 3275      BD384B34 
 3275      D0EF1174 
 3275      7AD5B65B 
 3275      E6DF
 3276 00d6 5ED5984F 		.ascii	"^\325\230O?\321<\257 1K\372\326\304\2542\355\3546\306"
 3276      3FD13CAF 
 3276      20314BFA 
 3276      D6C4AC32 
 3276      EDEC36C6 
 3277 00ea 605A4473 		.ascii	"`ZDslu\353\031\251\177\301|\377\3741\353\236c\026\036"
ARM GAS  C:\Users\acest\AppData\Local\Temp\cc3CIuce.s 			page 75


 3277      6C75EB19 
 3277      A97FC17C 
 3277      FFFC31EB 
 3277      9E63161E 
 3278 00fe A3321999 		.ascii	"\2432\031\231\334\036\352\271'\3507f\327;g\026\031\302"
 3278      DC1EEAB9 
 3278      27E83766 
 3278      D73B6716 
 3278      19C2
 3279 0110 35CF7566 		.ascii	"5\317ufd\204%XR6\270\213\3732{M\341\035\360\026\224"
 3279      64842558 
 3279      5236B88B 
 3279      FB327B4D 
 3279      E11DF016 
 3280 0125 938B8E65 		.ascii	"\223\213\216e\310\357\361\274\213\327A\251\2631%\027"
 3280      C8EFF1BC 
 3280      8BD741A9 
 3280      B3312517 
 3281 0135 2CF2C117 		.ascii	",\362\301\027\253l\247\345\355M\211\310\303\352\020"
 3281      AB6CA7E5 
 3281      ED4D89C8 
 3281      C3EA10
 3282 0144 E70F66BF 		.ascii	"\347\017f\277}\271\325K\340\220\230h\264p\325\277\253"
 3282      7DB9D54B 
 3282      E0909868 
 3282      B470D5BF 
 3282      AB
 3283 0155 C358FB13 		.ascii	"\303X\373\023A\250\023\377F\250\037&\321\264\177\333"
 3283      41A813FF 
 3283      46A81F26 
 3283      D1B47FDB 
 3284 0165 B9EE149C 		.ascii	"\271\356\024\234\233~,\362\370t\034=\010\203\204\362"
 3284      9B7E2CF2 
 3284      F8741C3D 
 3284      088384F2 
 3285 0175 8EE3FE3F 		.ascii	"\216\343\376?\013\367\213\223\305;\311\243{\305\310"
 3285      0BF78B93 
 3285      C53BC9A3 
 3285      7BC5C8
 3286 0184 0DB23AD2 		.ascii	"\015\262:\322\027=\317s#\355\306\211\253\343@T\375X"
 3286      173DCF73 
 3286      23EDC689 
 3286      ABE34054 
 3286      FD58
 3287 0196 3B01D93A 		.ascii	";\001\331:\231H\302\323\275\243s9\227\277\022\344=\217"
 3287      9948C2D3 
 3287      BDA37339 
 3287      97BF12E4 
 3287      3D8F
 3288 01a8 F60141ED 		.ascii	"\366\001A\355\237\204"
 3288      9F84
 3289              		.text
 3290              		.section	.gnu.lto_chSysInit.340.b3bf9a1d,"e",%progbits
 3291 0000 789C8D54 		.ascii	"x\234\215T]l\024U\024>\337\334\331m\353\312\362\247"
 3291      5D6C1455 
 3291      143EDFDC 
 3291      D96DEBCA 
ARM GAS  C:\Users\acest\AppData\Local\Temp\cc3CIuce.s 			page 76


 3291      F2A7
 3292 0012 268A310B 		.ascii	"&\2121\013I5&\355\266\213\022R\236j\212o\232\030\210"
 3292      493526ED 
 3292      B68B1252 
 3292      9E6A8A6F 
 3292      9A1888
 3293 0025 6F936019 		.ascii	"o\223`\0316\260\226e\232\231\305\330'\246\273-\306\366"
 3293      36B09665 
 3293      9A99C5D8 
 3293      27A6BB2D 
 3293      C6F6
 3294 0037 A1DD8214 		.ascii	"\241\335\202\024mY\015\231\220\0151\201\232\200\005"
 3294      6D590D99 
 3294      900D3181 
 3294      9A8005
 3295 0046 AC5D298D 		.ascii	"\254])\215UT\304(\001\253V\033\214\325\007\255m\010"
 3295      5554C428 
 3295      01AB561B 
 3295      8CD507AD 
 3295      6D08
 3296 0058 8D01F5DC 		.ascii	"\215\001\365\334;\323\037\214\030'\233\235{\317\317"
 3296      3BD31F8C 
 3296      18279B9D 
 3296      7BCFCF
 3297 0067 F77DE7DC 		.ascii	"\367}\347\334s\347\202N\364\002\210\232\210\010aBO\276"
 3297      73E7824E 
 3297      F402889A 
 3297      88086142 
 3297      4FBE
 3298 0079 4323D775 		.ascii	"C#\327u\353\3134\034\314w\374\364\366\2438\003\265\027"
 3298      EBCB341C 
 3298      CC77FCF4 
 3298      F6A33803 
 3298      B517
 3299 008b 383830EF 		.ascii	"880\357\323\265\\\276S\363=1\275=\037U\357\020Z\363"
 3299      D3B55CBE 
 3299      53F33D31 
 3299      BD3D1F55 
 3299      EF105AF3 
 3300 009f 1D13839A 		.ascii	"\035\023\203\232\012\001\355\323\004\233\366i:\241\244"
 3300      0A01EDD3 
 3300      049BF669 
 3300      3AA1A4
 3301 00ae 03EA8F82 		.ascii	"\003\352\217\202\347\200x\234\243\346~\354\035\036\205"
 3301      E780789C 
 3301      A3E67EEC 
 3301      1D1E85
 3302 00bd 5B2CC113 		.ascii	"[,\301\023D\0051\357\245~\201\036\341\011@\017V\032"
 3302      440531EF 
 3302      A57E811E 
 3302      E109400F 
 3302      561A
 3303 00cf 62BC1229 		.ascii	"b\274\022)\351\251,\271\356\364X\373+\321\356\326rO"
 3303      E9A92CB9 
 3303      EEF458FB 
 3303      2BD1EED6 
 3303      724F
ARM GAS  C:\Users\acest\AppData\Local\Temp\cc3CIuce.s 			page 77


 3304 00e1 08BC0BCE 		.ascii	"\010\274\013\316\304i\340\224\202oz\365A\256c\020>\036"
 3304      C469E094 
 3304      826F7AF5 
 3304      41AE6310 
 3304      3E1E
 3305 00f3 38212CB1 		.ascii	"8!,\261\201\263\220\331a\346\035\034}\202X|Ah\363\226"
 3305      81B390D9 
 3305      61E61D1C 
 3305      7D82587C 
 3305      4168F396 
 3306 0107 FEDBB91B 		.ascii	"\376\333\271\033\234u\216mB\332\304\011\025\374\030"
 3306      9C758E6D 
 3306      42DAC409 
 3306      15FC18
 3307 0116 53CD7DD7 		.ascii	"S\315}\3279~\351\241~\267\244{B\307\020$\224O\206\367"
 3307      397EE9A1 
 3307      7EB7A47B 
 3307      42C71024 
 3307      944F86F7 
 3308 012a 59B7DE74 		.ascii	"Y\267\336trM j\356p\317\360\231\252\221\234;\346.\304"
 3308      724D206A 
 3308      EE70CFF0 
 3308      99AA919C 
 3308      3BE62EC4 
 3309 013e D262AC5F 		.ascii	"\322b\254_\227d\233\273\336\037\3060\033\337\223h\304"
 3309      97649BBB 
 3309      DE1FC630 
 3309      1BDF9368 
 3309      C4
 3310 014f FA5052FA 		.ascii	"\372PR\3728\006,\375\304\027\241\222{\353\257.\267t"
 3310      38062CFD 
 3310      C417A192 
 3310      7BEBAF2E 
 3310      B774
 3311 0161 33323CDA 		.ascii	"32<\332\311-\215@\225D]\202Z\031@\203[\"\352\026\232"
 3311      C92D8D40 
 3311      95445D82 
 3311      5A194083 
 3311      5B22EA16 
 3312 0176 BFC9F1E6 		.ascii	"\277\311\361\346\027\270\223\371\213P\357C\021\372\025"
 3312      17B893F9 
 3312      8B50EF43 
 3312      11FA15
 3313 0185 D999A9FB 		.ascii	"\331\231\251\373\203\356\205T1m\320xY\024J\3061\220"
 3313      83EE8554 
 3313      316DD078 
 3313      59144AC6 
 3313      3190
 3314 0197 27C21801 		.ascii	"'\302\030\001\316\203j\031\245\030\365D\031.\340\210"
 3314      CE836A19 
 3314      A518F544 
 3314      192EE088 
 3315 01a7 EC9A4C2A 		.ascii	"\354\232L*\203\017\366\272\002\315\276\265\201\005H"
 3315      830FF6BA 
 3315      02CDBEB5 
 3315      810548
 3316 01b6 BB505DEE 		.ascii	"\273P]\356\026b\201[\310\260\276\213\232\"->r\027\252"
ARM GAS  C:\Users\acest\AppData\Local\Temp\cc3CIuce.s 			page 78


 3316      1662815B 
 3316      C8B0BE8B 
 3316      9A222D3E 
 3316      7217AA
 3317 01c9 3145C57B 		.ascii	"1E\305{\305\266\334\023\345\370\210\331\030m\2754<\354"
 3317      C5B6DC13 
 3317      E5F888D9 
 3317      186DBD34 
 3317      3CEC
 3318 01db 890A7C0C 		.ascii	"\211\012|\014|\210\200\277\002\024\360?\251\370\277"
 3318      7C8880BF 
 3318      0214F03F 
 3318      A9F8BF
 3319 01ea C2820028 		.ascii	"\302\202\000(\001:\247\271\272\024\000\366\327\313\006"
 3319      013AA7B9 
 3319      BA1400F6 
 3319      D7CB06
 3320 01f9 1D154AF3 		.ascii	"\035\025J\363\321\313:\037/\375\214\266\251\221(\333"
 3320      D1CB3A1F 
 3320      2FFD8CB6 
 3320      A99128DB 
 3321 0209 7C50FA03 		.ascii	"|P\372\003r\245\035\027\370\024\342\3702\206\010\335"
 3321      72A51D17 
 3321      F814E2F8 
 3321      328608DD 
 3322 0219 D9BF535C 		.ascii	"\331\277S\\\3524\332b\244\364\337S\020:\335\255q\227"
 3322      EA34DA62 
 3322      A4F4DF53 
 3322      103ADDAD 
 3322      7197
 3323 022b EEA8A6DA 		.ascii	"\356\250\246\332\023\021|\316\325h\304\271Y\327\235"
 3323      13117CCE 
 3323      D568C4B9 
 3323      59D79D
 3324 023a E2C9B817 		.ascii	"\342\311\270\027\227\3012<\261L\201OG\224\264\026\265"
 3324      97C1323C 
 3324      B14C814F 
 3324      4794B416 
 3324      B5
 3325 024b B9A99872 		.ascii	"\271\251\230r\001S\264 B\304\260\313\225\357V\204]\355"
 3325      0153B420 
 3325      42C4B0CB 
 3325      95EF5684 
 3325      5DED
 3326 025d 816B4541 		.ascii	"\201kEA\204\027ET\024\005\026D\254\004\267\344\023\370"
 3326      84174554 
 3326      14051644 
 3326      AC04B7E4 
 3326      13F8
 3327 026f 84E5B261 		.ascii	"\204\345\262aW$_p\346\253\2023\017\363\262\350\017\372"
 3327      57245F70 
 3327      E6AB8233 
 3327      0FF3B2E8 
 3327      0FFA
 3328 0281 31F058AE 		.ascii	"1\360X\256\3065\340\252\314\332\257\262V\341k_\345}"
 3328      C635E0AA 
 3328      CCDAAFB2 
ARM GAS  C:\Users\acest\AppData\Local\Temp\cc3CIuce.s 			page 79


 3328      56E16B5F 
 3328      E57D
 3329 0293 8ABC27BA 		.ascii	"\212\274'\2728:\377V\3677\377\030\230o\227\016\214\246"
 3329      383AFF56 
 3329      F737FF18 
 3329      986F970E 
 3329      8CA6
 3330 02a5 205EFB4C 		.ascii	" ^\373L\035\302\354\215\2567\372\016\201\357\224\262"
 3330      1DC2EC8D 
 3330      AE37FA0E 
 3330      81EF94B2 
 3331 02b5 BE39DE1B 		.ascii	"\2769\336\033\034\350@_\245z\017\215+\317\272\205\277"
 3331      1CE8405F 
 3331      A57A0F8D 
 3331      2BCFBA85 
 3331      BF
 3332 02c6 C92FD7A8 		.ascii	"\311/\327\250\304\001\357\317\231\253\253\371r(\343"
 3332      C401EFCF 
 3332      99ABABF9 
 3332      7228E3
 3333 02d5 81D9C32A 		.ascii	"\201\331\303*1\033\343+#yt\037gv\250\367\364\304\021"
 3333      311BE32B 
 3333      2379741F 
 3333      6776A8F7 
 3333      F4C411
 3334 02e8 FEACF861 		.ascii	"\376\254\370a\347&*\360\001\3507d\327\311{4\252\261"
 3334      E7262AF0 
 3334      01E83764 
 3334      D7C97B34 
 3334      AAB1
 3335 02fa E6B557B4 		.ascii	"\346\265W\264\375\\\242\254E\227\337\202\037@\374\306"
 3335      FD5CA2AC 
 3335      4597DF82 
 3335      1F40FCC6 
 3336 030a 24F0BDEA 		.ascii	"$\360\275\352\316\332k\312\377\200r^\367Y\246Oz=\263"
 3336      CEDA6BCA 
 3336      FF80725E 
 3336      F759A64F 
 3336      7A3DB3
 3337 031d E524AF27 		.ascii	"\345$\257'\315\360\366\366;\277o\226\303$\237.\001\177"
 3337      CDF0F6F6 
 3337      3BBF6F96 
 3337      C3249F2E 
 3337      017F
 3338 032f 60B225B9 		.ascii	"`\262%\271\255j\330d<\357$m\307h4\223N\306\330\234t"
 3338      AD6AD864 
 3338      3CEF246D 
 3338      C7683493 
 3338      4EC6D89C 
 3339 0344 9A3256B3 		.ascii	"\2322V\263\261%\376T\274!\376\264a\263y[\263m\275\230"
 3339      B125FE54 
 3339      BC21FEB4 
 3339      61B3795B 
 3339      B36DBD98 
 3340 0358 34335417 		.ascii	"43T\027\217\327,\3755\354JmOm\315\354\335\221\262jL"
 3340      8FD72CFD 
 3340      35EC4A6D 
ARM GAS  C:\Users\acest\AppData\Local\Temp\cc3CIuce.s 			page 80


 3340      4F6DCDEC 
 3340      DD91B26A 
 3341 036d B9B69CF5 		.ascii	"\271\266\234\365\211D\242\306rj\354L\215c\233luZ\234"
 3341      8944A2C6 
 3341      726AEC4C 
 3341      8D639B6C 
 3341      755A9C
 3342 0380 B84948AD 		.ascii	"\270IH\255\014\226\361\015\265u\033\315\272D\202\022"
 3342      0C96F10D 
 3342      B5751BCD 
 3342      BA448212 
 3343 0390 E6264365 		.ascii	"\346&Ce9\012\301X\202`X\216ag\214\324\036s\367\336\035"
 3343      390AC158 
 3343      8260588E 
 3343      61678CD4 
 3343      1E73F7DE 
 3344 03a5 49C34FDD 		.ascii	"I\303O\335Ee\333\033\235\344sv\352\231\377\3164\255"
 3344      4565DB1B 
 3344      9DE47376 
 3344      EA99FFCE 
 3344      34AD
 3345 03b7 74DADA63 		.ascii	"t\332\332c$_\316\030\215v\3320\323NJ\032\355\344\"\240"
 3345      245FCE18 
 3345      8D76DA30 
 3345      D34E4A1A 
 3345      EDE422A0 
 3346 03cb 346DDB69 		.ascii	"4m\333i\232\014Z\377\277\300\232-;\343H\270\2276V\247"
 3346      9A0C5AFF 
 3346      BFC09A2D 
 3346      3BE348B8 
 3346      973656A7 
 3347 03df AB1B7767 		.ascii	"\253\033wg8NB2\300\212g\267n\211Ie\315v\252*VYK\232"
 3347      384E4232 
 3347      C08A67B7 
 3347      6E894965 
 3347      CD76AA2A 
 3348 03f7 4D65E964 		.ascii	"Me\351d\332\262[\350o\261\326\377\246"
 3348      DAB25BE8 
 3348      6FB1D6FF 
 3348      A6
 3349              		.text
 3350              		.section	.gnu.lto_chSysHalt.341.b3bf9a1d,"e",%progbits
 3351 0000 789C8D52 		.ascii	"x\234\215R[H\024Q\030\376\3779\263\273\256v!*\350E\260"
 3351      5B481451 
 3351      18FEFF39 
 3351      B3BBAE76 
 3351      212AE845 
 3352 0015 5E22C859 		.ascii	"^\"\310Y\267\013\242O\206\365\326S\321\333\200\330q"
 3352      B70BA24F 
 3352      86F5D653 
 3352      D1DB80D8 
 3352      71
 3353 0026 C829C759 		.ascii	"\310)\307Y\346\214\221O\235.T\370\342e\215n\032$C\254"
 3353      E68C914F 
 3353      9D2E54F8 
 3353      E2658D6E 
 3353      1A2443AC 
ARM GAS  C:\Users\acest\AppData\Local\Temp\cc3CIuce.s 			page 81


 3354 003a 0F110595 		.ascii	"\017\021\005\225\225\306f\232\340\203J\020\366,\004"
 3354      95C6669A 
 3354      E0834A10 
 3354      F62C04
 3355 0049 D643864B 		.ascii	"\326C\206K7\350\366\237\263k\372\330p\030\276\363\375"
 3355      37E8F69F 
 3355      B36BFAD8 
 3355      7018BEF3 
 3355      FD
 3356 005a FFF77DE7 		.ascii	"\377\367}\347\374\234}\006@\025\0024\000\000\306\000"
 3356      FC9C7D06 
 3356      40150234 
 3356      0000C600 
 3357 006a FB7ABB0C 		.ascii	"\373z\273\014\220R6$\014\314\366\226k\304\260\277\204"
 3357      90523624 
 3357      0CCCF696 
 3357      6BC4B0BF 
 3357      84
 3358 007b 4CCCA635 		.ascii	"L\314\2465@8k0\023\351\007\253_\226\355\242\342\367"
 3358      40386B30 
 3358      13E907AB 
 3358      5F96EDA2 
 3358      E2F7
 3359 008d F7D786A7 		.ascii	"\367\327\206\247P\346\362\030Q\361\366J\303\000\303"
 3359      50E6F218 
 3359      51F1F64A 
 3359      C300C3
 3360 009c 3E163144 		.ascii	">\0261D\263\204\014\254\"\304\\\330\231\227rntD\312"
 3360      B3840CAC 
 3360      22C45CD8 
 3360      9997726E 
 3360      7444CA
 3361 00af 24448CE1 		.ascii	"$D\214\341\023$\015>F|D\307\"\"\363y\033@\274\344\204"
 3361      13240D3E 
 3361      467C44C7 
 3361      2222F379 
 3361      1B40BCE4 
 3362 00c4 24D118F1 		.ascii	"$\321\030\361\031*\317\270J|\273\027\360)\311\214\025"
 3362      192ACFB8 
 3362      4A7CBB17 
 3362      F029C98C 
 3362      15
 3363 00d5 66A06B72 		.ascii	"f\240kr\242\022\3609q\250\2648\252\373\311\020\356\277"
 3363      A212F039 
 3363      71A8B438 
 3363      AAFBC910 
 3363      EEBF
 3364 00e7 89E5E5CF 		.ascii	"\211\345\345\317?\3352\377\255b\370rv~\314\210\033\210"
 3364      3FDD32FF 
 3364      AD62F872 
 3364      767ECC88 
 3364      1B88
 3365 00f9 2354EA66 		.ascii	"#T\352f0\261t%\2062\017\320\303\014\215/\020\376\210"
 3365      30B17425 
 3365      86320FD0 
 3365      C30C8D2F 
 3365      10FE88
ARM GAS  C:\Users\acest\AppData\Local\Temp\cc3CIuce.s 			page 82


 3366 010c 72617E26 		.ascii	"ra~&I\011\012\026\206\373\177\027\336m&o]\310~\275\216"
 3366      49090A16 
 3366      86FB7F17 
 3366      DE6D266F 
 3366      5DC87EBD 
 3367 0121 BAA5706F 		.ascii	"\272\245po`dz\020)I\363c\323I\034CX\302s;(\036z\014"
 3367      60647A10 
 3367      2949F363 
 3367      D3491C43 
 3367      58C2733B 
 3368 0139 3AD9F61B 		.ascii	":\331\366\033\306\245\262\210\231\246\272\310\213\242"
 3368      C6A5B288 
 3368      99A6BAC8 
 3368      8BA2
 3369 0147 6CF9D7C2 		.ascii	"l\371\327\302\227\321\025\357\205\302\014\302'\034\277"
 3369      97D115EF 
 3369      85C20CC2 
 3369      271CBF
 3370 0156 F9A1B234 		.ascii	"\371\241\2624\244\230\276\344E4\010\346\230\236\342"
 3370      A498BEE4 
 3370      453408E6 
 3370      989EE2
 3371 0165 5DA4A9C4 		.ascii	"]\244\251\304\361%b^\027k\350\276\213\353#\226\300q"
 3371      F125625E 
 3371      176BE8BE 
 3371      8BEB2396 
 3371      C071
 3372 0177 1C5433AA 		.ascii	"\034T3\252\271#enK\304\312\360\025\021\0243D\203Q\356"
 3372      B923656E 
 3372      4BC4CAF0 
 3372      15111433 
 3372      448351EE 
 3373 018b 3F6674CA 		.ascii	"?ft\312\320\325b\330\255Y\025v~yqk),\271\032\226\314"
 3373      D0D562D8 
 3373      AD591576 
 3373      7E79716B 
 3373      292CB91A 
 3374 01a1 31FC1756 		.ascii	"1\374\027V\216\257\021'\021TRnC\304*p\212\214\351\341"
 3374      8EAF1127 
 3374      1154526E 
 3374      43C42A70 
 3374      8A8CE9E1 
 3375 01b5 285105AA 		.ascii	"(Q\005\252\314\036\306\250(M50T\346\017f\213!\0177B"
 3375      CC1EC6A8 
 3375      284D3530 
 3375      54E60F66 
 3375      8B210F37 
 3376 01ca 71BB0ED4 		.ascii	"q\273\016\324\204\315b\027\022DH\250w\261\273\261\336"
 3376      84CD6217 
 3376      124448A8 
 3376      77B1BBB1 
 3376      DE
 3377 01db 3E269C40 		.ascii	">&\234@\330\315\334\021\241}\320\021\247B?c\037\261"
 3377      D8CDDC11 
 3377      A17DD011 
 3377      A7423F63 
 3377      1FB1
ARM GAS  C:\Users\acest\AppData\Local\Temp\cc3CIuce.s 			page 83


 3378 01ed 0E588DD6 		.ascii	"\016X\215\326!; \272)\023\370'\035\036B\235e\245\326"
 3378      213B20BA 
 3378      2913F827 
 3378      1D1E429D 
 3378      65A5D6
 3379 0200 AEC656F7 		.ascii	"\256\306V\367\270{4\354hq\375\024W\330\027{\322\351"
 3379      B87B34EC 
 3379      6871FD14 
 3379      57D8177B 
 3379      D2E9
 3380 0212 74CA17A9 		.ascii	"t\312\027\251 L\211\200\023+:\205\305!\0368\315\302"
 3380      204C8980 
 3380      132B3A85 
 3380      C5211E38 
 3380      CDC2
 3381 0224 6FDF54DA 		.ascii	"o\337T\332[\373k\352jy]:\015\015\274\336\326R\241m\354"
 3381      5BFB6BEA 
 3381      6A795D3A 
 3381      0D0DBCDE 
 3381      D652A16D 
 3382 0239 3536B62F 		.ascii	"56\266/l\356{\236\337ng\374 \244\023\006\336\351\332"
 3382      6CEE7B9E 
 3382      DF6E67FC 
 3382      20A41306 
 3382      DEE9DA
 3383 024c 6AAFBAB9 		.ascii	"j\257\272\271-\244>\356\007\216\325\012\207\377\313"
 3383      2DA43EEE 
 3383      078ED50A 
 3383      87FFCB
 3384 025b C039132A 		.ascii	"\3009\023*\271\315=\341*2pl\267\235\267u\2648E\252\351"
 3384      B9CD3DE1 
 3384      2A32706C 
 3384      B79DB775 
 3384      B43845AA 
 3385 0270 04E76456 		.ascii	"\004\347dV\3063\302m\251r!\3419\236\037t\302_0\222\035"
 3385      C633C26D 
 3385      A97221E1 
 3385      399E1F74 
 3385      C25F3092 
 3386 0285 A6       		.ascii	"\246"
 3387              		.text
 3388              		.section	.gnu.lto_chSysGetIdleThreadX.342.b3bf9a1d,"e",%progbits
 3389 0000 789C558E 		.ascii	"x\234U\216\275K\344@\030\306\337g&\256\332(W\010W\212"
 3389      BD4BE440 
 3389      18C6DF67 
 3389      26AEDA28 
 3389      5708578A 
 3390 0014 A0204862 		.ascii	"\240 Hb\016\344X\257PY\375\007\024\255\002\242q\301"
 3390      0EE458AF 
 3390      5059FD07 
 3390      14AD02A2 
 3390      71C1
 3391 0026 D5832C99 		.ascii	"\325\203,\231XX\210\263\"\0106~\0256*\"\213ng\243\370"
 3391      585888B3 
 3391      2208367E 
 3391      15362A22 
 3391      8B6E67A3 
ARM GAS  C:\Users\acest\AppData\Local\Temp\cc3CIuce.s 			page 84


 3392 003b ADDB5989 		.ascii	"\255\333Y\211`m%\210h\241rW\234w\034\350;q\271\2170"
 3392      606D2588 
 3392      68A17257 
 3392      9C771CE8 
 3392      3B71B98F 
 3393 0050 99BCCF33 		.ascii	"\231\274\3173O\346\371\365\201h\202\210\032\370\205"
 3393      4FE6F9F5 
 3393      81688288 
 3393      1AF885
 3394 005f 242C2ECC 		.ascii	"$,.\314\012\322Z\267\227\013\344\026f\237\316v,\034"
 3394      0AD25AB7 
 3394      970BE416 
 3394      669FCE76 
 3394      2C1C
 3395 0071 20364093 		.ascii	" 6@\223\002\223X\222+\022\2132\317a\2534\001\265\215"
 3395      02935892 
 3395      2B128B32 
 3395      CF61AB34 
 3395      01B58D
 3396 0084 45AD5F6E 		.ascii	"E\255_n\227_\356\022+\205\242\225\227\202\3268\260\013"
 3396      975FEE12 
 3396      2B85A295 
 3396      9782D638 
 3396      B00B
 3397 0096 EC708179 		.ascii	"\354p\201y8*3f\257\347\344\363\317\255\231\252\371\\"
 3397      382A3366 
 3397      AFE7E4F3 
 3397      CFAD99AA 
 3397      F95C
 3398 00a8 05E7B087 		.ascii	"\005\347\260\207\377\222_\017?&\010\3730\377\033&^\254"
 3398      FF925F0F 
 3398      3F2608FB 
 3398      30FF1B26 
 3398      5EAC
 3399 00ba B6AFCA8A 		.ascii	"\266\257\312\212\372\367\353\234\326\347m\027\327\257"
 3399      FAF7EB9C 
 3399      D6E76D17 
 3399      D7AF
 3400 00c8 957CBFC9 		.ascii	"\225|\277\311\320\2344\260\332\202.\022\315K\361.r,"
 3400      D09C34B0 
 3400      DA822E12 
 3400      CD4BF12E 
 3400      722C
 3401 00da 1EA06FBE 		.ascii	"\036\240o\276_\202\0361u|_\265!E\211U\302@LC\360X\220"
 3401      5F821E31 
 3401      757C5FB5 
 3401      21458955 
 3401      C2404C43 
 3402 00f1 31D72628 		.ascii	"1\327&(/-\034\001\207\361a3_R\250\311\3132\034cU\276"
 3402      2F2D1C01 
 3402      87F16133 
 3402      5F52A8C9 
 3402      CB321C63 
 3403 0107 B31B8F71 		.ascii	"\263\033\217q\0238a\213\213K\272\034\247\254\005\231"
 3403      1338618B 
 3403      8B4BBA1C 
 3403      A7AC0599 
ARM GAS  C:\Users\acest\AppData\Local\Temp\cc3CIuce.s 			page 85


 3404 0117 BEA9F52F 		.ascii	"\276\251\365/\314\304Mq\367\017\356\346o\335\237\355"
 3404      CCC44D71 
 3404      F70FEEE6 
 3404      6FDD9FED 
 3405 0127 E657357D 		.ascii	"\346W5}\343P\313F\234gt\374E'jJ\265z\275*\035*o\300"
 3405      E350CB46 
 3405      9C6774FC 
 3405      45276A4A 
 3405      B57ABD2A 
 3406 013f 4FABC8EB 		.ascii	"O\253\310\353L\253\321(\310z\335v\207\235\262\273\274"
 3406      4CABD128 
 3406      C87ADD76 
 3406      879DB2BB 
 3406      BC
 3407 0150 90EDFE6C 		.ascii	"\220\355\376l\030\214\244\375\210\222\266\355\374\273"
 3407      188CA4FD 
 3407      8892B6ED 
 3407      FCBB
 3408 015e 52C399C1 		.ascii	"R\303\231\301LO46\224\011\034\337\314\201\372\344\272"
 3408      4C4F3436 
 3408      94091CDF 
 3408      CC81FAE4 
 3408      BA
 3409 016f AE132827 		.ascii	"\256\023('\214\034\025\372\354\252qe\373$\242\354\207"
 3409      8C1C15FA 
 3409      ECAA7165 
 3409      FB24A2EC 
 3409      87
 3410 0180 D26CB734 		.ascii	"\322l\2674'?\373I\327\2457\0320\225\301"
 3410      273FFB49 
 3410      D7A5371A 
 3410      3095C1
 3411              		.text
 3412              		.section	.gnu.lto_chSysIntegrityCheckI.343.b3bf9a1d,"e",%progbits
 3413 0000 789C7D56 		.ascii	"x\234}VkPU\327\025\336k\357s\357\271\357\007\257{\001"
 3413      6B5055D7 
 3413      15DE6BEF 
 3413      73EFB9EF 
 3413      07AF7B01 
 3414 0014 1FE00BB1 		.ascii	"\037\340\013\261\035\220fRc\177\245c\373\253\377\342"
 3414      1D906652 
 3414      637FA563 
 3414      FBABFFE2 
 3415 0024 A4BF98E9 		.ascii	"\244\277\230\351\030\302Lh\036 \227\376\350//\004\261"
 3415      18C24C68 
 3415      1E2097FE 
 3415      E82F2F04 
 3415      B1
 3416 0035 D5869711 		.ascii	"\325\206\227\021ED2\247\214\003\266MJ2- JH\250Q\022"
 3416      454432A7 
 3416      8C03B64D 
 3416      4A322D20 
 3416      4A48A851 
 3417 004a 43152697 		.ascii	"C\025&\227I\213D\234\246\025\233\"&\245Q4\332\265\366"
 3417      498B449C 
 3417      A6159B22 
 3417      26A55134 
ARM GAS  C:\Users\acest\AppData\Local\Temp\cc3CIuce.s 			page 86


 3417      DAB5F6
 3418 005d 39F7DC73 		.ascii	"9\367\334so.0\314\276k\357\263\326\332\337\376\276\265"
 3418      6F2E30CC 
 3418      BE6BEFB3 
 3418      D6DADFFE 
 3418      BEB5
 3419 006f F639F53E 		.ascii	"\3669\365>\306N0\306:9c\260\216A{\333a\316\242\321\350"
 3419      C64E30C6 
 3419      3A3963B0 
 3419      8E417BDB 
 3419      61CEA2D1 
 3420 0084 D32AE7AF 		.ascii	"\323*\347\257\266\035\341p\001pV\240\234l\275Y\010c"
 3420      B61DE170 
 3420      017056A0 
 3420      9C6CBD59 
 3420      0863
 3421 0096 BA2DE058 		.ascii	"\272-\340X\333\341;W\276/\335\02486\020\017\261\361"
 3421      DBE13B57 
 3421      BE2FDD14 
 3421      3836100F 
 3421      B1F1
 3422 00a8 460A1983 		.ascii	"F\012\031\203\251\245\225\247\224\2466\337\233-\007"
 3422      A9A595A7 
 3422      94A636DF 
 3422      9B2D07
 3423 00b7 55C50E27 		.ascii	"U\305\016'\332\265\201Y\247tQqr\246Pww\360C\026\367"
 3423      DAB58159 
 3423      A7745171 
 3423      72A65077 
 3423      77F04316 
 3424 00cc CED69B20 		.ascii	"\316\326\233 \375\235|\244\365m\370\342\267\363\331"
 3424      FD9D7CA4 
 3424      F56DF8E2 
 3424      B7F3D9
 3425 00db B42BBC3E 		.ascii	"\264+\274>{z\207\342\342]\255o\027\306\301\234%0\343"
 3425      7B7A87E2 
 3425      E25DAD6F 
 3425      17C6C19C 
 3425      2530E3
 3426 00ee BAED866E 		.ascii	"\272\355\206n\314\376H\317\356\301I<\273\227\237\242"
 3426      CCFE48CF 
 3426      EEC1493C 
 3426      BB979FA2 
 3427 00fe 90713DFB 		.ascii	"\220q=\373\351xv\037\364\241\377kn\351\343\307I\334"
 3427      E978761F 
 3427      F4A1FF6B 
 3427      6EE9E3C7 
 3427      49DC
 3428 0110 3FC07B2C 		.ascii	"?\300{,\376\375q\377`\002\315\3318\232\014\376;\013"
 3428      FEFD71FF 
 3428      6002CDD9 
 3428      389A0CFE 
 3428      3B0B
 3429 0122 9A114273 		.ascii	"\232\021BsY\2673\341\017\230}D\317\236\205\223x\366"
 3429      59B733E1 
 3429      0F987D44 
 3429      CF9E8593 
ARM GAS  C:\Users\acest\AppData\Local\Temp\cc3CIuce.s 			page 87


 3429      78F6
 3430 0134 6CFE7B0A 		.ascii	"l\376{\012\271\254g\1773\236=\007\206\320\377C\335?"
 3430      B9AC677F 
 3430      339E3D07 
 3430      86D0FF43 
 3430      DD3F
 3431 0146 8493B87F 		.ascii	"\204\223\270\177\230\277e\361\037\216\373\347\362sq"
 3431      98BF65F1 
 3431      1F8EFBE7 
 3431      F27371
 3432 0155 34237134 		.ascii	"4#q4y0\322\256\335\375\364#U\006\346C\275)!\260\003"
 3432      7930D2AE 
 3432      DDFDF423 
 3432      5506E643 
 3432      BD2921B0 
 3433 016a 5C2836BB 		.ascii	"\\(6\273\352p\272\334\036\257\317\037\010fdfe\347\204"
 3433      EA70BADC 
 3433      1EAFCF1F 
 3433      08666466 
 3433      65E784
 3434 017d C2B979F9 		.ascii	"\302\271y\371p@\2651\030S\3401\376\251\246\301\214?"
 3434      7040B531 
 3434      1853E031 
 3434      FEA9A6C1 
 3434      8C3F
 3435 018f 877C8669 		.ascii	"\207|\206i\242\001\323\210?\363\256\021\027X#.{\215"
 3435      A201D388 
 3435      3FF3AE11 
 3435      1758232E 
 3435      7B8D
 3436 01a1 B8F01A71 		.ascii	"\270\360\032qGE\361X4z\357\363\343C\023p\262o\014z\005"
 3436      4745F158 
 3436      347AEFF3 
 3436      E3431370 
 3436      B26F0C7A 
 3437 01b6 63A70583 		.ascii	"c\247\005\203'`'=>%\240]\364\012\000\305\2608\024\240"
 3437      2760273D 
 3437      3E25A05D 
 3437      F40A00C5 
 3437      B03814A0 
 3438 01ca 25AA5811 		.ascii	"%\252X\021\206]\2752\024\215:Y\257\0200\010\024\365"
 3438      865DBD32 
 3438      148D3A59 
 3438      AF103008 
 3438      14F5
 3439 01dc 67803F01 		.ascii	"g\200?\001\243\205\332\361\220\214\026\215@?[q\317\245"
 3439      A385DAF1 
 3439      908C168D 
 3439      403F5B71 
 3439      CFA5
 3440 01ee 73FD4DBE 		.ascii	"s\375M\276\326zG\257P`\330\352\316X\355\365\020\371"
 3440      D67A47AF 
 3440      5060D8EA 
 3440      CE58EDF5 
 3440      10F9
 3441 0200 36E9BE98 		.ascii	"6\351\276\230yix\342\260\356k\203\221\024\337\253!;"
 3441      796978E2 
ARM GAS  C:\Users\acest\AppData\Local\Temp\cc3CIuce.s 			page 88


 3441      B0EE6B83 
 3441      9114DFAB 
 3441      213B
 3442 0212 83F300E7 		.ascii	"\203\363\000\347\200\2202&(\364p\"\364\362D\263\036"
 3442      80903226 
 3442      28F47022 
 3442      F4F244B3 
 3442      1E
 3443 0223 6A87D194 		.ascii	"j\207\321\224\320\377P\350\273\300\260\276X\355-\271"
 3443      D0FF50E8 
 3443      BBC0B0BE 
 3443      58ED2DB9 
 3444 0233 677322F0 		.ascii	"gs\"\360\376\304\021=P\205\367R\002\243a\014|\337\010"
 3444      FEC4113D 
 3444      5085F752 
 3444      02A3610C 
 3444      7CDF08
 3445 0246 7C2003DB 		.ascii	"| \003\333\315\300?\236=r(\032h,\350\025\016\370KJ`"
 3445      CDC03F9E 
 3445      3D72281A 
 3445      682CE815 
 3445      0EF84B4A 
 3446 025b 57987C3B 		.ascii	"W\230|;L\337\253\375D\231t\375 \305\265\205\366\270"
 3446      4CDFABFD 
 3446      449974FD 
 3446      20C5B585 
 3446      F6B8
 3447 026d 0470D1D8 		.ascii	"\004p\321\330\2469\214\353\012\036\023\021\343\336\370"
 3447      A6398CEB 
 3447      0A1E1311 
 3447      E3DEF8
 3448 027c E8AD29DB 		.ascii	"\350\255)\333X\364\341\343\226h\364\322O\346\316?p}"
 3448      58F4E1E3 
 3448      9668F4D2 
 3448      4FE6CE3F 
 3448      707D
 3449 028e 07886ACE 		.ascii	"\007\210j\316\320G\320\240\320\324F\203\235\246*\015"
 3449      D047D0A0 
 3449      D0D44683 
 3449      9DA62A0D 
 3450 029e 0E1A9C34 		.ascii	"\016\032\2344\270hp\323\340!\022\2744\370\350T~\032"
 3450      B86870D3 
 3450      E02112BC 
 3450      34F8E854 
 3450      7E1A
 3451 02b0 02B47790 		.ascii	"\002\264w\220\206\014L\3002\311/\013`\010\262\311\012"
 3451      860C4CC0 
 3451      32C92F0B 
 3451      6008B2C9 
 3451      0A
 3452 02c1 91739886 		.ascii	"\221s\230\206\\\232\346\321\220O\323ud\255'k\003Y\033"
 3452      5C9AE6D1 
 3452      904FD375 
 3452      64AD276B 
 3452      03591B
 3453 02d4 2955010D 		.ascii	")U\001\015\2054\335D\326f\262\266\220\265\225\322o\243"
 3453      8534DD44 
ARM GAS  C:\Users\acest\AppData\Local\Temp\cc3CIuce.s 			page 89


 3453      D666B2B6 
 3453      90B595D2 
 3453      6FA3
 3454 02e6 A188D6B6 		.ascii	"\241\210\326\266\223UL\326\016\262\030k\021\354\306"
 3454      93554CD6 
 3454      0EB2186B 
 3454      11ECC6
 3455 02f5 F2B52506 		.ascii	"\362\265%\006\3211\306Z\005\327'\3658\271\015\321\233"
 3455      D131C65A 
 3455      05D727F5 
 3455      38B90DD1 
 3455      9B
 3456 0306 5F4D3989 		.ascii	"_M9\211\227\333\320\360\306\263\250\277Q\2206Im#p4\373"
 3456      97DBD0F0 
 3456      C6B3A8BF 
 3456      51903649 
 3456      6D237034 
 3457 031b 84ACB933 		.ascii	"\204\254\2713D\213\023>\004\230\000\326\010\015\321"
 3457      448B133E 
 3457      049800D6 
 3457      080DD1
 3458 032a 68DF3A72 		.ascii	"h\337:r\374\010\364D\313S \177\357O\345\310\337\307"
 3458      FC08F444 
 3458      CB53207F 
 3458      EF4FE5C8 
 3458      DFC7
 3459 033c 385F8457 		.ascii	"8_\204W;\016}\3145\001\232\310\242\274X\363l\001\032"
 3459      3B0E7DCC 
 3459      35019AC8 
 3459      A2BC58F3 
 3459      6C011A
 3460 034f 17C6F334 		.ascii	"\027\306\3634}#\001z\307\264\012\261\264\322\367\224"
 3460      7D23017A 
 3460      C7B40AB1 
 3460      B4D2F794 
 3461 035f 09AB6DDA 		.ascii	"\011\253m\332\205\367\2544;2%:?\236\210\"\\\306~\235"
 3461      85F7AC34 
 3461      3B32253A 
 3461      3F9E8822 
 3461      5CC67E9D 
 3462 0373 D31CF337 		.ascii	"\323\034\3637\234_\360h\"\264\012\330\253\022,\316w"
 3462      9C5FF068 
 3462      22B40AD8 
 3462      AB122CCE 
 3462      77
 3463 0384 62A7F4F9 		.ascii	"b\247\364\371{\205\033\256A\267\320[\220\326n\345\364"
 3463      7B851BAE 
 3463      41B7D05B 
 3463      90D66EE5 
 3463      F4
 3464 0395 0A0F4CE1 		.ascii	"\012\017L\341\032f\225N\033\250\302\247q\001\337/r\337"
 3464      1A66954E 
 3464      1BA8C2A7 
 3464      7101DF2F 
 3464      72DF
 3465 03a7 275005DC 		.ascii	"'P\005\334A\356\3315\315%V\245\355\340\314%a\202\355"
 3465      41EED935 
ARM GAS  C:\Users\acest\AppData\Local\Temp\cc3CIuce.s 			page 90


 3465      CD2556A5 
 3465      EDE0CC25 
 3465      6182ED
 3466 03ba 9E1674D4 		.ascii	"\236\026t\324SM\027\321s\235&\354\204S\001\311j\001"
 3466      534D17D1 
 3466      739D26EC 
 3466      845301C9 
 3466      6A01
 3467 03cc C2C645E9 		.ascii	"\302\306E\351\327#\375\020\262W\023\353\015\246\355"
 3467      D723FD10 
 3467      B25713EB 
 3467      0DA6ED
 3468 03db A0E3A5BD 		.ascii	"\240\343\245\275\263\020\214\206xb \261\310f\233\261"
 3468      B3108C86 
 3468      786220B1 
 3468      C8669BB1 
 3469 03eb 40D925A1 		.ascii	"@\331%\241\254\227\020lt\341(\006\204\206\247\231|\344"
 3469      AC97106C 
 3469      74E12806 
 3469      8486A799 
 3469      7CE4
 3470 03fd 419BCB0D 		.ascii	"A\233\313\015\355r\303\223{\211D\"|\017>LK\222\007>"
 3470      ED72C393 
 3470      7B894422 
 3470      7C0F3E4C 
 3470      4B92073E 
 3471 0411 052861F2 		.ascii	"\005(a\362\201\035\376\246\313\261\002v\370+\210\321"
 3471      811DFEA6 
 3471      CBB10276 
 3471      F82B88D1 
 3472 0421 CEF5085D 		.ascii	"\316\365\010]Y\354\334\267\002\304\262\230\354\254\304"
 3472      59ECDCB7 
 3472      02C4B298 
 3472      ECACC4
 3473 0430 FD95479D 		.ascii	"\375\225G\235/#\002{\222`\203\0269\302\253\3101\373"
 3473      2F23027B 
 3473      92608316 
 3473      39C2ABC8 
 3473      31FB
 3474 0442 6D39AEA7 		.ascii	"m9\256\247\221c.U\216\317pA$\311\021\226{\016\223\034"
 3474      91632E55 
 3474      8ECF7041 
 3474      24C91196 
 3474      7B0E931C 
 3475 0456 2B9089C7 		.ascii	"+\220\211\307\265)D\212\232\254\313\310\264\233\316"
 3475      B529448A 
 3475      9AACCBC8 
 3475      B49BCE
 3476 0465 6F4A8345 		.ascii	"oJ\203E\247\352\322\034HH\223']/X\244\311O\021\304\233"
 3476      A7EAD21C 
 3476      48489327 
 3476      5D2F58A4 
 3476      C94F11C4 
 3477 047a 24C84D0B 		.ascii	"$\310M\013\030]\220|)\210#\235 ^S\020Un3d\025\304\273"
 3477      185D907C 
 3477      2988239D 
 3477      205E5310 
ARM GAS  C:\Users\acest\AppData\Local\Temp\cc3CIuce.s 			page 91


 3477      556E3364 
 3478 0491 8A20FFB0 		.ascii	"\212 \377\260\010\362y\\\020U\023\231v\205!^u\256k\336"
 3478      08F2795C 
 3478      10551399 
 3478      7685215E 
 3478      75AE6BDE 
 3479 04a5 81695600 		.ascii	"\201iV\000\261\206\355\243]\250I\276\272\330E\2328\223"
 3479      B186EDA3 
 3479      5DA849BE 
 3479      BAD8459A 
 3479      3893
 3480 04b7 34F904F9 		.ascii	"4\371\004\371\221\335\366\234&\262\365\203\033\331\262"
 3480      91DDF69C 
 3480      26B2F583 
 3480      1BD9B2
 3481 04c6 11904352 		.ascii	"\021\220CR\346\272ug\364z\342:\270;-\257\003\263q\025"
 3481      E6BA7567 
 3481      F47AE23A 
 3481      B83B2DAF 
 3481      03B37115 
 3482 04da B371B9D9 		.ascii	"\263q\271\331\270\012L\202\321\264\356\377\016~V\222"
 3482      B80A4C82 
 3482      D1B4EEFF 
 3482      0E7E5692 
 3483 04ea B84BB069 		.ascii	"\270K\260i\307\365\246\275\227hZ\254$\271\364\300R!"
 3483      C7F5A6BD 
 3483      97685AAC 
 3483      24B9F4C0 
 3483      5221
 3484 04fc 1B57A990 		.ascii	"\033W\251\220\205\324\012\361\302m\344[1+\244/\324+"
 3484      85D40AF1 
 3484      C26DE45B 
 3484      312BA42F 
 3484      D42B
 3485 050e 7CF06F5C 		.ascii	"|\360o\\\263%*D\205/p\301nV\310\373\310\367F\271\347"
 3485      B3252A44 
 3485      852F70C1 
 3485      6E56C8FB 
 3485      C8F746B9 
 3486 0523 3746C37A 		.ascii	"7F\303z\256\017u\255p\023\350ck\303n\326\360\265\361"
 3486      AE0F75AD 
 3486      7013E863 
 3486      6BC36ED6 
 3486      F0B5F1
 3487 0536 89A55937 		.ascii	"\211\245Y7\3537P,Q\021[\214fU\223\233\325\247!\226E"
 3487      EB37502C 
 3487      51115B8C 
 3487      6655939B 
 3487      D5A72196 
 3488 054b B33654B8 		.ascii	"\2636T\270c\201\261K\302\330\"\267\367^C]\204\2456\350"
 3488      6381B14B 
 3488      C2D822B7 
 3488      F75E435D 
 3488      84A536E8 
 3489 055f 91CFAC0D 		.ascii	"\221\317\254\015\207\334\360\341^\"\317\250\015\237"
 3489      87DCF0E1 
 3489      5E22CFA8 
ARM GAS  C:\Users\acest\AppData\Local\Temp\cc3CIuce.s 			page 92


 3489      0D9F
 3490 056d B1A31F02 		.ascii	"\261\243\037\002i\251\362\301\227\000wA/\023\025\276"
 3490      69A9F2C1 
 3490      97007741 
 3490      2F1315BE 
 3491 057d 8A0BEB40 		.ascii	"\212\013\353@\266\335\223=\330\267\233=\217z\260o\021"
 3491      B6DD933D 
 3491      D8B79B3D 
 3491      8F7AB06F 
 3491      11
 3492 058e E346F75C 		.ascii	"\343F\367\\\017\326\310\026O\363\000\325\210/I\263\316"
 3492      0FD6C816 
 3492      4FF300D5 
 3492      882F49B3 
 3492      CE
 3493 059f 58429582 		.ascii	"XB\225\202UTY\376\266*\377K\243\312\327\251\252\334"
 3493      555459FE 
 3493      B62AFF4B 
 3493      A3CAD7A9 
 3493      AADC
 3494 05b1 C3053549 		.ascii	"\303\0055I\225\002\375\032\215\311\276\305\362rxe\021"
 3494      9502FD1A 
 3494      8DC9BEC5 
 3494      F2727865 
 3494      11
 3495 05c2 FA93E5E9 		.ascii	"\372\223\345\351\216\271\211\012S\241B\015A\314[\024"
 3495      8EB9890A 
 3495      53A1420D 
 3495      41CC5B14 
 3496 05d2 2AD4AF53 		.ascii	"*\324\257S\213B\233Rt\361'\351\262b\001\242\353\262"
 3496      8B429B52 
 3496      74F127E9 
 3496      B26201A2 
 3496      EBB2
 3497 05e4 49EA1248 		.ascii	"I\352\022H\247\213\337\324\305\251_\242?\265\350\342"
 3497      A78BDFD4 
 3497      C5A95FA2 
 3497      3FB5E8E2 
 3498 05f4 5F458D87 		.ascii	"_E\215\207V5\276\211\253\341\324\004\367Q\323\026\372"
 3498      5635BE89 
 3498      ABE1D404 
 3498      F751D316 
 3498      FA
 3499 0605 1707B069 		.ascii	"\027\007\260i\307\021\211\037Y\360M\016\240 \233\374"
 3499      C711891F 
 3499      59F04D0E 
 3499      A0209BFC 
 3500 0615 8FA420C1 		.ascii	"\217\244 \301$A\006c\211\246\025\360/\3203\011D\023"
 3500      24410663 
 3500      89A615F0 
 3500      2FD03309 
 3500      4413
 3501 0627 905C654C 		.ascii	"\220\\eL\215]\3718\321\260\323\261\344\206\265\231\015"
 3501      8D5DF938 
 3501      D1B0D3B1 
 3501      E486B599 
 3501      0D
ARM GAS  C:\Users\acest\AppData\Local\Temp\cc3CIuce.s 			page 93


 3502 0638 AB980D6B 		.ascii	"\253\230\015kK4lf\377\033\377\334\226\270 b.\374b\227"
 3502      4B346C66 
 3502      FF1BFFDC 
 3502      96B82062 
 3502      2EFC6297 
 3503 064c E66C8E21 		.ascii	"\346l\216!\323E0Ko{\332\303\006\240\236C\224\353\207"
 3503      D345304B 
 3503      6F7BDAC3 
 3503      06A09E43 
 3503      94EB87
 3504 065f 75400337 		.ascii	"u@\0037\232\037q\247\266\374\262Q\\\375X\\[\215\264"
 3504      9A1F71A7 
 3504      B6FCB251 
 3504      5CFD585C 
 3504      5B8DB4
 3505 0672 8E7469E9 		.ascii	"\216ti\351\356\367Q\352\203\034\032y\\8\0074\361n\354"
 3505      EEF751EA 
 3505      831C1A79 
 3505      5C380734 
 3505      F16EEC
 3506 0685 0E5DB832 		.ascii	"\016]\2702\374\232\30142\361\3271\275\257\263f\337]"
 3506      FC9AC134 
 3506      32F1D731 
 3506      BDAFB366 
 3506      DF5D
 3507 0697 1E4E14CE 		.ascii	"\036N\024\316\375\230\245\257\2135\374V\260\366u\261"
 3507      FD98A5AF 
 3507      8B35FC56 
 3507      B0F675B1 
 3508 06a7 7E0D1955 		.ascii	"~\015\031U\323\217U\263\303\304\224\350k,\357\200\206"
 3508      D38F55B3 
 3508      C3C494E8 
 3508      6B2CEF80 
 3508      86
 3509 06b8 487E6581 		.ascii	"H~e\201\361k\013\214'%\214\035r\373\354\2037\376~\203"
 3509      F16B0B8C 
 3509      27258C1D 
 3509      72FBEC83 
 3509      37FE7E83 
 3510 06cc 5BEA871E 		.ascii	"[\352\207\036\005\314\372q\031X_\003b\331\250\240\364"
 3510      05CCFA71 
 3510      19585F03 
 3510      62D9A8A0 
 3510      F4
 3511 06dd FD1C8023 		.ascii	"\375\034\200#VR\177\303\215\012r!\225\231\247\007\261"
 3511      56527FC3 
 3511      8D0A7221 
 3511      9599A707 
 3511      B1
 3512 06ee 9F8BB326 		.ascii	"\237\213\263&\007\261\237\021\333\326\3143\203\004!"
 3512      07B19F11 
 3512      DBD6CC33 
 3512      830421
 3513 06fd 6B6EB00A 		.ascii	"kn\260\012A\344$Izt&A\371\2665\210nN&\272\005O\350L"
 3513      41E42449 
 3513      7A742641 
 3513      F9B63588 
ARM GAS  C:\Users\acest\AppData\Local\Temp\cc3CIuce.s 			page 94


 3513      6E4E26BA 
 3514 0715 227A9B4C 		.ascii	"\"z\233LwlF\266j.\036&[\226_(\231\361\3433n:\233Iz\221"
 3514      776C46B6 
 3514      6A2E1E26 
 3514      5B965F28 
 3514      99F1E333 
 3515 072f 862F756B 		.ascii	"\206/uk\253\026\351\267\314L\202\364\355)T\007\223\250"
 3515      AB16E9B7 
 3515      CC4C82F4 
 3515      ED295407 
 3515      93A8
 3516 0741 6EB300D1 		.ascii	"n\263\000\321\251\336.\251\016\247\243:hR\3556\320&"
 3516      A9DE2EA9 
 3516      0EA7A33A 
 3516      6852ED36 
 3516      D026
 3517 0753 511D5C85 		.ascii	"Q\035\\\205\352\243V\252_\217S\355\326Dn\0165kQht\030"
 3517      EAA356AA 
 3517      5F8F53ED 
 3517      D6446E0E 
 3517      356B5168 
 3518 0769 9BF53236 		.ascii	"\233\36526k\020y\310\351\030&\024\241\311ab;7\211\355"
 3518      6B1079C8 
 3518      E9182614 
 3518      A1C96162 
 3518      3B3789ED 
 3519 077d 819944B3 		.ascii	"\201\231D\263n0\233u\003\342\011K\266\362\372\306Ox"
 3519      6E309B75 
 3519      03E2094B 
 3519      B6F2FAC6 
 3519      4F78
 3520 078f 4DEF7774 		.ascii	"M\357wt\262\350A\376\274\371\025\376%\035G\023\0312"
 3520      B2E841FE 
 3520      BCF915FE 
 3520      251D4713 
 3520      1932
 3521 07a1 3483CA91 		.ascii	"4\203\312\221\0018G\273\357\323K\036:x\360\203wlxs\240"
 3521      013847BB 
 3521      EFD34B1E 
 3521      3A78F083 
 3521      776C7873 
 3522 07b6 95D73162 		.ascii	"\225\3271b\303\004\272\013\313\235\274\260\340\300\336"
 3522      C304BA0B 
 3522      CB9DBCB0 
 3522      E0C0DE
 3523 07c5 87E33C83 		.ascii	"\207\343<\203\343W>\314\233_\371"
 3523      E3573ECC 
 3523      9B5FF9
 3524 07d0 8C7D77CF 		.ascii	"\214}w\317\017\312\237\215T\326F\312\367UTF\352\312"
 3524      0FCA9F8D 
 3524      54D646CA 
 3524      F7555446 
 3524      EACA
 3525 07e2 7F541979 		.ascii	"\177T\031y\261\256\272\246\374\231\222\037\226\354)"
 3525      B1AEBAA6 
 3525      FC99921F 
 3525      96EC29
ARM GAS  C:\Users\acest\AppData\Local\Temp\cc3CIuce.s 			page 95


 3526 07f1 F971792D 		.ascii	"\371qy-.\377\254\246\266\372\347\225\025ulwII\251\365"
 3526      2EFFACA6 
 3526      B6FAE795 
 3526      15756C77 
 3526      4949A9F5 
 3527 0805 7FCF0B55 		.ascii	"\177\317\013U\317U\355\255\373\305\363U\325\245\025"
 3527      CF55EDAD 
 3527      FBC5F355 
 3527      D5A515
 3528 0814 645747BE 		.ascii	"dWG\276WVVVZ\035)\255\255+\215\324V\340j\344\227\221"
 3528      57565656 
 3528      5A1D29AD 
 3528      AD2B8DD4 
 3528      56E06AE4 
 3529 082a 920AE6A8 		.ascii	"\222\012\346\250\303\344/\357\213\274\0304VJ\236\334"
 3529      C3E42FEF 
 3529      8BBC1834 
 3529      564A9EDC 
 3530 083a B97B57C5 		.ascii	"\271{W\305\356\2622\006\257\210\352\252\032Q\263\277"
 3530      EEB23206 
 3530      AF88EAAA 
 3530      1A51B3BF 
 3531 084a 463CFF52 		.ascii	"F<\377R\215\250\335_\303\367\327\374\037\231\267_\230"
 3531      8DA8DD5F 
 3531      C3F7D7FC 
 3531      1F99B75F 
 3531      98
 3532              		.text
 3533              		.section	.gnu.lto_chSysTimerHandlerI.344.b3bf9a1d,"e",%progbits
 3534 0000 789C5BC4 		.ascii	"x\234[\304\300\300\220\001\304\312@\314\310\314\300"
 3534      C0C09001 
 3534      C4CA40CC 
 3534      C8CCC0
 3535 000f 38696217 		.ascii	"8ib\027\023CCC\203\003;\023c\343\304.N\306\255\214`"
 3535      13434343 
 3535      83033B13 
 3535      63E3C42E 
 3535      4EC6AD8C 
 3536 0024 1E23433D 		.ascii	"\036#C=\023c=\343dfM \367\307\323\351]g\031\033V\034"
 3536      13633DE3 
 3536      64664D20 
 3536      F7C7D3E9 
 3536      5D67191B 
 3537 003a 605CC2CC 		.ascii	"`\\\302\314\3000\017\210\241\200\015\306c\004\342\365"
 3537      C0300F88 
 3537      A1800DC6 
 3537      6304E2F5 
 3538 004a 97580F34 		.ascii	"\227X\0174\374\371\337\337\320\360\3671\343Z]\240x?"
 3538      FCF9DFDF 
 3538      D0F0F731 
 3538      E35A5DA0 
 3538      783F
 3539 005c 33C8E806 		.ascii	"3\310\350\006\026\306\206\003\014\014\023\230\231 \234"
 3539      16C68603 
 3539      0C0C1398 
 3539      99209C
 3540 006b 4620E715 		.ascii	"F \347\025c\303\243\371\267\304\300\364\365[\214\014"
ARM GAS  C:\Users\acest\AppData\Local\Temp\cc3CIuce.s 			page 96


 3540      63C3A3F9 
 3540      B7C4C0F4 
 3540      F55B8C0C 
 3541 007b 1F189B15 		.ascii	"\037\030\233\025\030Z\030\231\22603\316c\006\032\266"
 3541      185A1899 
 3541      963033CE 
 3541      63061AB6 
 3542 008b 8499092C 		.ascii	"\204\231\011,wC\012D-\252d\370\304\330\364\340v\024"
 3542      77430A44 
 3542      2DAA64F8 
 3542      C4D8F4E0 
 3542      7614
 3543 009d D8D27E66 		.ascii	"\330\322~fF\204\251\014\014:\316V1\241\305\251E\305"
 3543      4684A90C 
 3543      0C3ACE56 
 3543      31A1C5A9 
 3543      45C5
 3544 00af 3189C9A9 		.ascii	"1\211\311\251\305%1.\251\305\331%\371\0051Az\216z\316"
 3544      C525312E 
 3544      A9C5D925 
 3544      F9053141 
 3544      7A8E7ACE 
 3545 00c3 7AAE3145 		.ascii	"z\2561E@\341\370\202\242\374\254\324\344\022\006K=="
 3545      40E1F882 
 3545      A2FCACD4 
 3545      E412064B 
 3545      3D3D
 3546 00d5 7D64E49C 		.ascii	"}d\344\234\221\231\224\031\\R\232\222\231\257\237\014"
 3546      91999419 
 3546      5C529A92 
 3546      99AF9F0C 
 3547 00e5 62E7171B 		.ascii	"b\347\027\033\031\032\032\352\347\027\353\027\225\350"
 3547      191A1AEA 
 3547      E717EB17 
 3547      95E8
 3548 00f3 17172503 		.ascii	"\027\027%\003E\213+\213\365\222\031\000sH_0"
 3548      458B2B8B 
 3548      F5921900 
 3548      73485F30 
 3549              		.text
 3550              		.section	.gnu.lto_chSysGetStatusAndLockX.345.b3bf9a1d,"e",%progbits
 3551 0000 789C8D52 		.ascii	"x\234\215R]H\024Q\024\276g\356\354\252\004R\370\220"
 3551      5D481451 
 3551      14BE67EE 
 3551      ECAA0452 
 3551      F890
 3552 0012 24C81648 		.ascii	"$\310\026H?\350\254\033\212(\004\206\005>\324\213\322"
 3552      3FE8AC1B 
 3552      8A280486 
 3552      053ED48B 
 3552      D2
 3553 0023 DB84ACE3 		.ascii	"\333\204\254\343\220[\256\263\314\035\243\236\034\327"
 3553      905BAEB3 
 3553      CC1DA39E 
 3553      1CD7
 3554 0031 A5C2285D 		.ascii	"\245\302(]\025\012\\\327\210\015\212\210\036\262\\\315"
 3554      150A5CD7 
ARM GAS  C:\Users\acest\AppData\Local\Temp\cc3CIuce.s 			page 97


 3554      880D8A88 
 3554      1EB25CCD 
 3555 0041 742BCB1E 		.ascii	"t+\313\036\254@\"\262@I\010*\264\025}\310\207\302\316"
 3555      AC4022B2 
 3555      4049082A 
 3555      B4157DC8 
 3555      87C2CE
 3556 0054 BDBB5BD6 		.ascii	"\275\273[\326S\3030\367\234\357~\347;\347~wf$B\366\000"
 3556      53C330F7 
 3556      9CEF7EE7 
 3556      3BE77E77 
 3556      662442F6 
 3557 0069 21B58410 		.ascii	"!\265\204\020p\020\350\015wI\304\266\355\352,I\352\014"
 3557      7010E80D 
 3557      7749C4B6 
 3557      EDEA2C49 
 3557      EA0C
 3558 007b 5F946014 		.ascii	"_\224`\0240s\311\241p\256X)\364g\247\366e\350\010wm"
 3558      3073C9A1 
 3558      70AE5829 
 3558      F467A7F6 
 3558      65E80877 
 3559 0090 2C0FCB29 		.ascii	",\017\313)Ju\026\220v\211\312\320\016}4B\241\227\306"
 3559      4A751690 
 3559      7689CAD0 
 3559      0E7D3442 
 3559      A197C6
 3560 00a3 2801391D 		.ascii	"(\0019\035\001\270\366&l{\375\323\225\231\227\316\310"
 3560      01B8F626 
 3560      6C7BFDD3 
 3560      959997CE 
 3560      C8
 3561 00b4 CD841CA3 		.ascii	"\315\204\034\243\022\211\"\341>\3000\266\347\017R\251"
 3561      128922E1 
 3561      3EC030B6 
 3561      E70F52A9 
 3562 00c4 8F7F8B90 		.ascii	"\217\177\213\220\271\362\352\322\371\334\236\216l\344"
 3562      B9F2EAD2 
 3562      F9DC9E8E 
 3562      6CE4
 3563 00d2 C108FC61 		.ascii	"\301\010\374aB\034\331\376\201\355N\021q|\024A^\332"
 3563      421CD9FE 
 3563      81ED4E11 
 3563      717C1441 
 3563      5EDA
 3564 00e4 9E298D47 		.ascii	"\236)\215G\272\206\272\263\354\02766\2410\206\305\220"
 3564      BA86BAB3 
 3564      EC173636 
 3564      A13086C5 
 3564      90
 3565 00f5 297EC88B 		.ascii	")~\310\213_\027 \321)\022\2765\016\274\320\211G\030"
 3565      5F1720D1 
 3565      2912BE35 
 3565      0EBCD089 
 3565      4718
 3566 0107 5F883FD8 		.ascii	"_\210?\330\307\005\2438\\\006\273=\2754\220/\021x\304"
 3566      C705A338 
ARM GAS  C:\Users\acest\AppData\Local\Temp\cc3CIuce.s 			page 98


 3566      5C06BB3D 
 3566      BD34902F 
 3566      1178C4
 3567 011a 75322DD6 		.ascii	"u2-\326E\213\210\235\010\2712=\310\346\036\004\345'"
 3567      458B889D 
 3567      08B9323D 
 3567      C8E61E04 
 3567      E527
 3568 012c 319E10F2 		.ascii	"1\236\020\362\010\000\246wg\035\011\373\307F\267\235"
 3568      0800A677 
 3568      671D09FB 
 3568      C746B79D 
 3569 013c F8BE6566 		.ascii	"\370\276ef\271o\372\233\344\240\202F\272)\267\324\226"
 3569      B96FFA9B 
 3569      E4A08246 
 3569      BA29B7D4 
 3569      96
 3570 014d C14E10D2 		.ascii	"\301N\020\322C\245T\322\211\311W\260\027\007?\000_\327"
 3570      43A554D2 
 3570      89C957B0 
 3570      17073F00 
 3570      5FD7
 3571 015f EE0C4693 		.ascii	"\356\014F\223\353y8\210@\357%\257\202\330_\033\355\037"
 3571      EB793888 
 3571      40EF25AF 
 3571      82D85F1B 
 3571      ED1F
 3572 0171 9B1F02EC 		.ascii	"\233\037\002\354%\360\311\371\034H\244\302\331B\222"
 3572      25F0C9F9 
 3572      1C48A4C2 
 3572      D94292
 3573 0180 848E5DBC 		.ascii	"\204\216]\274\177\277\204\223\357\274!\235CC\371\235"
 3573      7FBF8493 
 3573      EFBC219D 
 3573      4343F99D 
 3574 0190 C8FCBA1F 		.ascii	"\310\374\272\037\003\301\025\236\300uJ\271T\320\205"
 3574      03C1159E 
 3574      C0754AB9 
 3574      54D085
 3575 019f D3F09817 		.ascii	"\323\360\230\027\277)\344\310\312\317\305\271[9h\211"
 3575      BF29E4C8 
 3575      CACFC5B9 
 3575      5B396889 
 3576 01af 985350E2 		.ascii	"\230SP\342\277)Cb\260\240\013\365vsS\336^^\036){\336"
 3576      BF294362 
 3576      B0A00BF5 
 3576      767353DE 
 3576      5E5E1E29 
 3577 01c5 69D7662E 		.ascii	"i\327f.\215f<\231\002\204\374\027\012\204w\023\037\227"
 3577      8D663C99 
 3577      0284FC17 
 3577      0A847713 
 3577      1F97
 3578 01d7 CAD2D6FD 		.ascii	"\312\322\326\375s\267S\334\272\264:\036\367}\362]^\312"
 3578      73B753DC 
 3578      BAB43A1E 
 3578      F77DF25D 
ARM GAS  C:\Users\acest\AppData\Local\Temp\cc3CIuce.s 			page 99


 3578      5ECA
 3579 01e9 8285647E 		.ascii	"\202\205d~j\232\325\271\343|\230gH\374\002\241\317O"
 3579      6A9AD5B9 
 3579      E37C9867 
 3579      48FC02A1 
 3579      CF4F
 3580 01fb 77209BFF 		.ascii	"w \233\377_R\372\037\352\241\224\233'\011\363V\200\222"
 3580      5F52FA1F 
 3580      EAA1949B 
 3580      2709F356 
 3580      8092
 3581 020d 104831EA 		.ascii	"\020H1\352\210R<h\214:\005C\376\333\336I<\305*\004\257"
 3581      88523C68 
 3581      8C3A0543 
 3581      FEDBDE49 
 3581      3CC52A04 
 3582 0222 950B17F8 		.ascii	"\225\013\027\370e@\212\020L\360\264\270\246J=\306t\223"
 3582      65408A10 
 3582      4CF0B4B8 
 3582      A64A3DC6 
 3582      7493
 3583 0234 A95E4D67 		.ascii	"\251^Mg\226zHg\247,#\240\326)\007\225\032\345\260j\""
 3583      967A4867 
 3583      A72C23A0 
 3583      D6290795 
 3583      1AE5B06A 
 3584 0249 DC10308D 		.ascii	"\334\0200\215\223\272f\221JEqo~k\232}\215\276z\253\255"
 3584      93BA6691 
 3584      4A45716F 
 3584      7E6B9A7D 
 3584      8DBE7AAB 
 3585 025e C967B835 		.ascii	"\311g\2705\036\033l\277\307\343q\033\314mZnfj\210\262"
 3585      1E1B6CBF 
 3585      C7E3711B 
 3585      CC6D5A6E 
 3585      666A88B2 
 3586 0272 B34CD108 		.ascii	"\263L\321\010e\026\333\226N\224\362\322\312\012\255"
 3586      6516DB96 
 3586      4E94F2D2 
 3586      CA0AAD
 3587 0281 D2E3214E 		.ascii	"\322\343!NSgm-\326\021\255J\025\345LH\251\233\244T\203"
 3587      53676D2D 
 3587      D611AD4A 
 3587      15E54C48 
 3587      A99BA454 
 3588 0296 A99AE1F7 		.ascii	"\251\232\341\367\033\255\252~\306R\275\246_\325\374"
 3588      1BADAA7E 
 3588      C652BDA6 
 3588      5FD5FC
 3589 02a5 CCC74153 		.ascii	"\314\307ASW}\255ZK[\223\236\202\032Nh\232\322L\252\377"
 3589      577DAD5A 
 3589      4B5B939E 
 3589      821A4E68 
 3589      9AD24CAA 
 3590 02ba 4B2C6098 		.ascii	"K,`\230\026\343r\247+J\374%\336\026\013y\\\022\005\266"
 3590      16E372A7 
 3590      2B4AFC25 
ARM GAS  C:\Users\acest\AppData\Local\Temp\cc3CIuce.s 			page 100


 3590      DE160B79 
 3590      5C1205B6 
 3591 02ce 1EADAB77 		.ascii	"\036\255\253w\025\225\026\273\032\275L\017\230>B\017"
 3591      159516BB 
 3591      1ABD4C0F 
 3591      983E420F 
 3592 02de 98E4172C 		.ascii	"\230\344\027,\335_\271"
 3592      DD5FB9
 3593              		.text
 3594              		.section	.gnu.lto_chSysRestoreStatusX.346.b3bf9a1d,"e",%progbits
 3595 0000 789C6550 		.ascii	"x\234ePMh\023A\024~o\336\306\330\213 \202H\005\351E"
 3595      4D681341 
 3595      147E6FDE 
 3595      C6D88B20 
 3595      824805E9 
 3596 0015 44B1BBAE 		.ascii	"D\261\273\256(%=Eb\301\263\342mE\352\272\320\250\353"
 3596      28253D45 
 3596      62C1B3E2 
 3596      6D45EABA 
 3596      D0A8EB
 3597 0028 849D55F0 		.ascii	"\204\235U\360\324i\022P\252\230\246\012\202\224\036"
 3597      D4691250 
 3597      AA98A60A 
 3597      82941E
 3598 0037 24A0B79E 		.ascii	"$\240\267\236\264\265\202.\210\"\210 =\371s\250\010"
 3598      B4B5822E 
 3598      88228820 
 3598      3DF973A8 
 3598      08
 3599 0048 052D4882 		.ascii	"\005-H\202^\012m\3257\273)\026\034f\230\367\275y\357"
 3599      5E0A6DD5 
 3599      37BB2916 
 3599      1C6698F7 
 3599      BD79EF
 3600 005b FBBE79F7 		.ascii	"\373\276y\367\021\340\005\000\014\361\301\034\340ds"
 3600      11E00500 
 3600      0CF1C11C 
 3600      E06473
 3601 006a 5C80D6BA 		.ascii	"\\\200\326\272\230\027\242\326\274)\360)2\352\263\352"
 3601      9817A2D6 
 3601      BC29F029 
 3601      32EAB3EA 
 3602 007a CD6DE94D 		.ascii	"\315m\351Mxwk\366n\341Xs\274'{/\346\021F\005Y8\212w"
 3602      78776BF6 
 3602      6EE15873 
 3602      BC277B2F 
 3602      E6114605 
 3603 0092 683F2756 		.ascii	"h?'V\226\356\255\276C\375(\301\026\001L\363I\327\024"
 3603      96EEADBE 
 3603      43FD28C1 
 3603      16014CF3 
 3603      49D714
 3604 00a5 E124B508 		.ascii	"\341$\265\010\321\352F\002\3738\2422\354K\264~\377v"
 3604      D1EA4602 
 3604      FB38A232 
 3604      EC4BB47E 
 3604      FF76
ARM GAS  C:\Users\acest\AppData\Local\Temp\cc3CIuce.s 			page 101


 3605 00b7 4EEB1E68 		.ascii	"N\353\036h\021\341,r\017>A|\214\200sLB\341\332N\200"
 3605      11E12C72 
 3605      0F3E417C 
 3605      8C80734C 
 3605      42E1DA4E 
 3606 00cc 2D29176B 		.ascii	"-)\027k\262Y\246\233Y\310%z\355OC\353WKx\333\311\011"
 3606      B259A69B 
 3606      59C8257A 
 3606      ED4F43EB 
 3606      574B78DB 
 3607 00e2 E45A8006 		.ascii	"\344Z\200\006\031\207\332B\235\000L\220\310@\215\301"
 3607      1987DA42 
 3607      9D004C90 
 3607      C8408DC1 
 3608 00f2 32EAAFAB 		.ascii	"2\352\257\253\237\221\357\252\3215\242+\277\257\377"
 3608      9F91EFAA 
 3608      D135A22B 
 3608      BFAFFF
 3609 0101 983DF2BA 		.ascii	"\230=\362\272\246Ol\350\342\206\356|\252{c\367^S\366"
 3609      A64F6CE8 
 3609      E286EE7C 
 3609      AA7B63F7 
 3609      5E53F6
 3610 0114 FC63FB56 		.ascii	"\374c\373V^\277\321\326\177\366\346\215\225\007$\014"
 3610      5EBFD1D6 
 3610      7FF6E68D 
 3610      9507240C 
 3611 0124 FBAFF5C6 		.ascii	"\373\257\365\306\247\366\207\035\231\322b{\227Q\352"
 3611      A7F6871D 
 3611      99D2627B 
 3611      9751EA
 3612 0133 AC2F2C9E 		.ascii	"\254/,\236a\317\370\214\013\277c\375\333\313^\2566\277"
 3612      61CFF88C 
 3612      0BBF63FD 
 3612      DBCB5EAE 
 3612      36BF
 3613 0145 27CCC632 		.ascii	"'\314\3062Ad<\212\256Gq\200Agy\246\243\3218\200\207"
 3613      41643C8A 
 3613      AE477180 
 3613      416779A6 
 3613      A3D13880 
 3614 015a DDF1198D 		.ascii	"\335\361\031\215\016\022\324Q\264\310\232f\304\263\312"
 3614      0E12D451 
 3614      B4C89A66 
 3614      C4B3CA
 3615 0169 A5FDD6BF 		.ascii	"\245\375\326\277?\376\304\352\227\251=iC\2030\313W\023"
 3615      3FFEC4EA 
 3615      97A93D69 
 3615      438330CB 
 3615      5713
 3616 017b 030F9606 		.ascii	"\003\017\226\006\275\323*\210\2247\354\007*\366\216"
 3616      BDD32A88 
 3616      9437EC07 
 3616      2AF68E
 3617 018a 07EA622C 		.ascii	"\007\352b,+\336I\373\230]\262\207\274\210\323g+\221"
 3617      2BDE49FB 
 3617      985DB287 
ARM GAS  C:\Users\acest\AppData\Local\Temp\cc3CIuce.s 			page 102


 3617      BC88D367 
 3617      2B91
 3618 019c BC10F831 		.ascii	"\274\020\3701\024l\333\331\274K#\345s\345S\361\225\363"
 3618      146CDBD9 
 3618      BC4B23E5 
 3618      73E553F1 
 3618      95F3
 3619 01ae 65E9F826 		.ascii	"e\351\370&\226\352\260\353\272\216TN\024;*\3629\253"
 3619      96EAB0EB 
 3619      BA8E544E 
 3619      143B2AF2 
 3619      39AB
 3620 01c0 AE29DB07 		.ascii	"\256)\333\007R\261\332\336\005\366\321C\205\001\277"
 3620      52B1DADE 
 3620      05F6D143 
 3620      8501BF
 3621 01cf E0BA50F4 		.ascii	"\340\272P\364\007\275\264O\245\034\336&\016O*\317\227"
 3621      07BDB44F 
 3621      A51CDE26 
 3621      0E4F2ACF 
 3621      97
 3622 01e0 61282F7B 		.ascii	"a(/{\025\031\305l/\012\257\016\364\207\375\303\227b"
 3622      1519C56C 
 3622      2F0AAF0E 
 3622      F487FDC3 
 3622      9762
 3623 01f2 AEF36514 		.ascii	"\256\363e\024\330#\360\027T\224\322\356"
 3623      D823F017 
 3623      5494D2EE 
 3624              		.text
 3625              		.section	.gnu.lto_chSysIsCounterWithinX.347.b3bf9a1d,"e",%progbits
 3626 0000 789C4D90 		.ascii	"x\234M\220;K\034Q\024\307\317\177\316\314\252\2356\222"
 3626      3B4B1C51 
 3626      14C7CF7F 
 3626      CECCAA9D 
 3626      3692
 3627 0012 D22A22C8 		.ascii	"\322*\"\310\214\023\023\302Z%\254~\201\210\335@\242"
 3627      8C1313C2 
 3627      5A25AC7E 
 3627      8188DD40 
 3627      A2
 3628 0023 E3403641 		.ascii	"\343@6AG\346\216\205\244\330\253\222(6\352\246\020D"
 3628      47E68E85 
 3628      A4D8AB92 
 3628      2836EAA6 
 3628      1044
 3629 0035 B618B648 		.ascii	"\266\030\266H\227\306\307\372\202\355\322\010\011!_"
 3629      97C6C7FA 
 3629      82EDD208 
 3629      09215F
 3630 0044 20458A08 		.ascii	" E\212\010*$E\002\346uff1\013\347\036\316\371\363;\257"
 3630      2A244502 
 3630      E6756666 
 3630      310BE71E 
 3630      CEF9F33B 
 3631 0059 FB0444AB 		.ascii	"\373\004D\253Dt[\036\230P\335\\3Hk\375\240\303\300\342"
 3631      44745B1E 
ARM GAS  C:\Users\acest\AppData\Local\Temp\cc3CIuce.s 			page 103


 3631      9850DD5C 
 3631      33486BFD 
 3631      A0C3C0E2 
 3632 006d E6DAD5F5 		.ascii	"\346\332\325\365\256\211Sd\002\250b\240\202\327<\320"
 3632      AE895364 
 3632      02A862A0 
 3632      82D73CD0 
 3633 007d D4FAE797 		.ascii	"\324\372\347\227\255\343\367\330~\323D\235\211jR9\214"
 3633      ADE3F7D8 
 3633      7ED3449D 
 3633      896A5239 
 3633      8C
 3634 008e 21E9413B 		.ascii	"!\351A;\214*\327\0310[\221\201>\211\270L\375R\366\341"
 3634      8C2AD719 
 3634      305B9181 
 3634      3E89B84C 
 3634      FD52F6E1 
 3635 00a2 ACA17517 		.ascii	"\254\241u\027\325\231q\200\264j\037\330\003\241!mx\346"
 3635      D5997180 
 3635      B46A1FD8 
 3635      03A1216D 
 3635      78E6
 3636 00b4 5D6F4A56 		.ascii	"]oJVr\362\353\015y\330N\036e\344\247\214|\211\034]]"
 3636      72F2EB0D 
 3636      79D84E1E 
 3636      65E4A78C 
 3636      7C891C5D 
 3637 00c9 5ED1DD66 		.ascii	"^\321\335f\212\036\267\243'\031\372\271\227\250\220"
 3637      8A1EB7A3 
 3637      2719FAB9 
 3637      97A890
 3638 00d8 AF782AC7 		.ascii	"\257x*\307\212\321\333\217VS\377\372\273\256\365\305"
 3638      8AD1DB8F 
 3638      5653FFFA 
 3638      BBAEF5C5 
 3639 00e8 AD3F3FAC 		.ascii	"\255??\254N\310\030\323H\235\354\335\200\011\231bA\352"
 3639      4EC818D3 
 3639      489DECDD 
 3639      80099962 
 3639      41EA
 3640 00fa 0B945E47 		.ascii	"\013\224^G\353\234~\2116\241\233D\033l\344\311\242$"
 3640      EB9C7E89 
 3640      36A19B44 
 3640      1B6CE4C9 
 3640      A224
 3641 010c E7D04907 		.ascii	"\347\320I\007]b\271\366\3527'\214\204\305\233\271\360"
 3641      5D62B9F6 
 3641      EA37278C 
 3641      84C59BB9 
 3641      F0
 3642 011d FD45C246 		.ascii	"\375E\302F\302VK\330_\271\272\276\233p!\243\014\372"
 3642      C2564BD8 
 3642      5FB9BABE 
 3642      9B7021A3 
 3642      0CFA
 3643 012f 86A53EC9 		.ascii	"\206\245>\311(k\217\377\355\211\006K#\336\204\012\""
 3643      286B8FFF 
ARM GAS  C:\Users\acest\AppData\Local\Temp\cc3CIuce.s 			page 104


 3643      ED89064B 
 3643      23DE840A 
 3643      22
 3644 0140 E54DFA81 		.ascii	"\345M\372\201\212\275\321@=\217\3039\357\221\375\320"
 3644      8ABDD140 
 3644      3D8FC339 
 3644      EF91FDD0 
 3645 0150 2ED9635E 		.ascii	".\331c^$\362\343\271(|\026\3701\025m\333i\267\322\323"
 3645      24F2E3B9 
 3645      287C16F8 
 3645      31156DDB 
 3645      69B7D2D3 
 3646 0164 F254793C 		.ascii	"\362Ty<\236\237.\207\216\237\306\241\272\343\272\256"
 3646      9E9F2E87 
 3646      8E9FC6A1 
 3646      BAE3BAAE 
 3647 0174 132A278A 		.ascii	"\023*'\212\035\025\371\242\252\005e\373\304\376l\334"
 3647      1D15F9A2 
 3647      AA0565FB 
 3647      C4FE6CDC 
 3648 0184 D34AEC7B 		.ascii	"\323J\354{C\305\373~\321u\311R\361d\024s0;\375\017x"
 3648      43C5FB7E 
 3648      D175C952 
 3648      F1641473 
 3648      303BFD0F 
 3649 0199 939C34   		.ascii	"\223\2344"
 3650              		.text
 3651              		.section	.gnu.lto_chSysPolledDelayX.348.b3bf9a1d,"e",%progbits
 3652 0000 789C7553 		.ascii	"x\234uS]l\014Q\024>g\357\314VU6~\222\276j\204\010a\327"
 3652      5D6C0C51 
 3652      143E67EF 
 3652      CC565536 
 3652      7E92BE6A 
 3653 0018 4AA4EA89 		.ascii	"J\244\352\211\224\3043\3616\211\264c\245E;kfH\372 \256"
 3653      94C433F1 
 3653      3689B463 
 3653      A5453B6B 
 3653      6648FA20 
 3654 002d D556D260 		.ascii	"\325V\322`\273\032!~J\233\206\276P$\264\372\303R\264"
 3654      BB1A217E 
 3654      4A9B86BE 
 3654      5024B4FA 
 3654      C352B4
 3655 0040 F5572D52 		.ascii	"\365W-R\017E\021\021}`\203\244R\212s\357\314\264\023"
 3655      0F451111 
 3655      7D6083A4 
 3655      528A73EF 
 3655      CCB413
 3656 0053 61337BEF 		.ascii	"a3{\357\231s\276\363\235\363\235{g\215\002\360\004\000"
 3656      9973BEF3 
 3656      9DF39D7B 
 3656      678D02F0 
 3656      0400
 3657 0065 8AE98F41 		.ascii	"\212\351\217A\300#\251\232\000p\316Wg\005\260.U\323"
 3657      C023A99A 
 3657      0070CE57 
 3657      6705B02E 
ARM GAS  C:\Users\acest\AppData\Local\Temp\cc3CIuce.s 			page 105


 3657      55D3
 3658 0077 F3EB8A82 		.ascii	"\363\353\212\202](\035,P\225\312\031\314\214\257T*S"
 3658      5D281D2C 
 3658      5095CA19 
 3658      CC8CAF54 
 3658      2A53
 3659 0089 A18BC9AA 		.ascii	"\241\213\311\252,E\305\272\3133\035\264\202\373R5C\277"
 3659      2C45C5BA 
 3659      CB331DB4 
 3659      82FB5235 
 3659      43BF
 3660 009b E6796084 		.ascii	"\346y`\204\275\001\246*H+L\375\352\330\"\212~\177\177"
 3660      BD01A62A 
 3660      482B4CFD 
 3660      EAD8228A 
 3660      7E7F7F
 3661 00ae 6CB81F79 		.ascii	"l\270\037ys\032\233(X\357\001N1<\302\232\030\242\342"
 3661      731A9B28 
 3661      58EF014E 
 3661      313CC29A 
 3661      18A2E2
 3662 00c1 5A01CC23 		.ascii	"Z\001\314#\213\225\302\3024\347Oz\3338\317\206&\306"
 3662      8B95C2C2 
 3662      34E74F7A 
 3662      DB38CF86 
 3662      26C6
 3663 00d3 B0152907 		.ascii	"\260\025)\007\257!^E\020\216\370\341\\\231\315\022("
 3663      AF215E45 
 3663      108EF8E1 
 3663      5C99CD12 
 3663      28
 3664 00e4 B60584CE 		.ascii	"\266\005\204\316\274\372\\\035\252\3357M\300\257\373"
 3664      BCFA5C1D 
 3664      AADD374D 
 3664      C0AFFB
 3665 00f3 E100F1E6 		.ascii	"\341\000\361\346\\\201\255\236\304^z\231<\300gV\346"
 3665      5C81AD9E 
 3665      C45E7A99 
 3665      3CC06756 
 3665      E6
 3666 0104 096CC75F 		.ascii	"\011l\307_\330\223\2714\223N\304vt\372d\224\023\024"
 3666      D893B934 
 3666      934EC476 
 3666      74FA6494 
 3666      1314
 3667 0116 3D23DE90 		.ascii	"=#\336\220\004\354\240\334D\207\231\216d]\250\026\005"
 3667      04ECA0DC 
 3667      4487998E 
 3667      645DA816 
 3667      05
 3668 0127 CD4D1408 		.ascii	"\315M\024\010\207\006\205L\026\357\311\365Z\033\356"
 3668      8706854C 
 3668      16EFC9F5 
 3668      5A1BEE
 3669 0136 DFD9CB15 		.ascii	"\337\331\313\025\017\006S0g\006\016U\313\011\227\252"
 3669      0F065330 
 3669      67060E55 
ARM GAS  C:\Users\acest\AppData\Local\Temp\cc3CIuce.s 			page 106


 3669      CB0997AA 
 3670 0146 C34F755B 		.ascii	"\303Ou[R=\373\007\225\277q\202\371\251\222oG\220\317"
 3670      523DFB07 
 3670      95BF7182 
 3670      F9A9926F 
 3670      4790CF
 3671 0159 F62631C9 		.ascii	"\366&1\311uGr\275\371\007\227\177`\004s\270\202tpm\337"
 3671      754772BD 
 3671      F907977F 
 3671      600473B8 
 3671      8274706D 
 3672 016e CE33BC8B 		.ascii	"\3163\274\213\330\215x\213B]\202\016h\034x\317\033\207"
 3672      D88D788B 
 3672      425D820E 
 3672      681C78CF 
 3672      1B87
 3673 0180 9C4D007B 		.ascii	"\234M\000{\321Ki\236\357\340\002\022\327\207\276\320"
 3673      D14B699E 
 3673      EFE00212 
 3673      D787BED0 
 3674 0190 F74FADAA 		.ascii	"\367O\255\252?\370@\006E\271\226A5\315\177\376Nr\376"
 3674      3FF84006 
 3674      45B99641 
 3674      35CD7FFE 
 3674      4E72FE
 3675 01a3 61CF8BE1 		.ascii	"a\317\213\341\361\234,\352\272\015\025:kE\025KP,\000"
 3675      F19C2CEA 
 3675      BA0D153A 
 3675      6B45154B 
 3675      502C00
 3676 01b6 490699F1 		.ascii	"I\006\231\361\346\225\310\323\000\265, \355\375d\217"
 3676      E695C8D3 
 3676      00B52C20 
 3676      EDFD648F 
 3677 01c6 227FDBF1 		.ascii	"\"\177\333\361\032\305\376\265\341h\373Xf\016qK\357"
 3677      1AC5FEB5 
 3677      E168FB58 
 3677      660E714B 
 3677      EF
 3678 01d7 CDB1E388 		.ascii	"\315\261\343\210\017\021>\341\355\316\217\241F\346\335"
 3678      0F113EE1 
 3678      EDCE8FA1 
 3678      46E6DD
 3679 01e6 341561D2 		.ascii	"4\025a\322\342g9\017\321\3339\244*A|\214\370\010aY\003"
 3679      E267390F 
 3679      D1DB39A4 
 3679      2A417C8C 
 3679      F8086159 
 3680 01fb E77499B2 		.ascii	"\347t\231\262\260\037O3\331+\361%2\023\203?.d\223\004"
 3680      B01F4F33 
 3680      D92BF125 
 3680      3213833F 
 3680      2E649304 
 3681 020f BA224426 		.ascii	"\272\"D&Kt\311\302\211\263\371\213Ibf\264%\303Q\014"
 3681      4B74C9C2 
 3681      89B3F98B 
 3681      496266B4 
ARM GAS  C:\Users\acest\AppData\Local\Temp\cc3CIuce.s 			page 107


 3681      25C3510C 
 3682 0223 1ACEBBD7 		.ascii	"\032\316\273\327|\275\230\343\347V*\305\032\305#>/\221"
 3682      7CBD98E3 
 3682      E7562AC5 
 3682      1AC5233E 
 3682      2F91
 3683 0235 9047770C 		.ascii	"\220Gw\014\007\2346\007^\213)\3242FX\256\010M(\334\203"
 3683      079C3607 
 3683      5E8B29D4 
 3683      324658AE 
 3683      084D28DC 
 3684 024a 73DDE80C 		.ascii	"s\335\350\014\277\264>\237\264\373S\322\324\377Jx\352"
 3684      BFB43E9F 
 3684      B4FB53D2 
 3684      D4FF4A78 
 3684      EA
 3685 025b 48E87325 		.ascii	"H\350s%$&\032\246\013\011\267H\202\352t\322\355\252"
 3685      24261AA6 
 3685      0B09B748 
 3685      82EA74D2 
 3685      EDAA
 3686 026d 21F3AED7 		.ascii	"!\363\256\327\324\273\261\372\034:gY\353\307\253l\354"
 3686      D4BBB1FA 
 3686      1C3A6759 
 3686      EBC7AB6C 
 3686      EC
 3687 027e 11A5F6D7 		.ascii	"\021\245\366\327WO\220\206 e\272\031#\003g\016\241C"
 3687      574F9086 
 3687      2065BA19 
 3687      2303670E 
 3687      A143
 3688 0290 071E1978 		.ascii	"\007\036\031xT\000\037\261\362e\367V)<(\307\221dj\252"
 3688      54001FB1 
 3688      F265F756 
 3688      293C28C7 
 3688      91646AAA 
 3689 02a4 6AA8870E 		.ascii	"j\250\207\016\230\364*\223G\370\205\230\236ov\021(\335"
 3689      98F42A93 
 3689      47F88598 
 3689      9E6F7611 
 3689      28DD
 3690 02b6 89B4785B 		.ascii	"\211\264x[R\270J\333d\305LK+\322c\226\255\255\215Y\333"
 3690      52B84ADB 
 3690      64C54C4B 
 3690      2BD26396 
 3690      ADAD8D59 
 3691 02cb 6D23AE6D 		.ascii	"m#\256m\010\257\011\027\206\327i&\2717\307Mc[L\267\241"
 3691      08AF0917 
 3691      86D76926 
 3691      B937C74D 
 3691      635B4CB7 
 3692 02e0 201C8EF8 		.ascii	" \034\216\370\237\302\222\322\342\322\215\366\256-\245"
 3692      9FC292D2 
 3692      E2D28DF6 
 3692      AE2DA5
 3693 02ef 464417B6 		.ascii	"FD\027\266a-\217F\243\021\303\212\230v\3042u\362Z\025"
 3693      612D8F46 
ARM GAS  C:\Users\acest\AppData\Local\Temp\cc3CIuce.s 			page 108


 3693      A311C38A 
 3693      9876C432 
 3693      75F25A15 
 3694 0303 565887A0 		.ascii	"VX\207\240^\241\357\210Y\263\334\367\360\212e\005\371"
 3694      5EA1EF88 
 3694      59B3DCF7 
 3694      F08A6505 
 3694      F9
 3695 0314 7A41340A 		.ascii	"zA4\012,V\276E\265\354\"\323fz\271\275Z_\245I\"K\222"
 3695      2C56BE45 
 3695      B5EC22D3 
 3695      667AB9BD 
 3695      5A5FA549 
 3696 032b 6A3E52CD 		.ascii	"j>R\315\2604\335(+3\312\265\270a\332\324\257Y\266;\177"
 3696      B034DD28 
 3696      2B33CAB5 
 3696      B861DAD4 
 3696      AF59B63B 
 3697 0340 69D9D2A2 		.ascii	"i\331\322\242\0356\341t\303\214\205K\340\017\361\355"
 3697      1D36E174 
 3697      C38C854B 
 3697      E00FF1ED 
 3698 0350 B7BB     		.ascii	"\267\273"
 3699              		.text
 3700              		.section	.gnu.lto_chSysGetStatusAndLockX.part.0.366.b3bf9a1d,"e",%progbits
 3701 0000 789C8D95 		.ascii	"x\234\215\225}lSU\024\300\357y\367\365\213\305\005\321"
 3701      7D6C5355 
 3701      14C0EF79 
 3701      F7F58BC5 
 3701      05D1
 3702 0012 208A8985 		.ascii	" \212\211\205d13\243[\025] \232\314\240\211\177Hb \374"
 3702      643133A3 
 3702      5B155D20 
 3702      9ACCA089 
 3702      7F486220 
 3703 0027 F70CD91E 		.ascii	"\367\014\331\036\215TW\272\274\327\021\211\177\360\266"
 3703      8D5457BA 
 3703      BCD71189 
 3703      7FF0B6
 3704 0036 0E2712E9 		.ascii	"\016'\022\3516\343\266\260\332%\263&\374'F\355\326\201"
 3704      36E3B6B0 
 3704      DA25B326 
 3704      FC2746ED 
 3704      D681
 3705 0048 50298CEF 		.ascii	"P)\214\357\015'\010n\270\301`*_c\264$\316\304e\236{"
 3705      0D27086E 
 3705      B8C1602A 
 3705      5F63B424 
 3705      CEC4659E 
 3706 005d EF7BEB8B 		.ascii	"\357{\353\213\037H\323\346\335{>\177\347\234\373n\223"
 3706      1F48D3E6 
 3706      DD7B3E7F 
 3706      E79CFB6E 
 3706      93
 3707 006e 2E42DE03 		.ascii	".B\336\003B\252\011!\340\"\320\356&\206aT\271\234\260"
 3707      42AA0921 
 3707      E022D0EE 
ARM GAS  C:\Users\acest\AppData\Local\Temp\cc3CIuce.s 			page 109


 3707      26866154 
 3707      B99CB0
 3708 0081 883F2529 		.ascii	"\210?%)\332\272K\202\375\200;\257\334\324Z\314\237\024"
 3708      DABA4B82 
 3708      FD803BAF 
 3708      DCD45ACC 
 3708      9F14
 3709 0093 3E693D99 		.ascii	">i=\231?\224\371C\202\343\300\355d\224|x\365\246\004"
 3709      3F94F943 
 3709      82E3C0ED 
 3709      64947C78 
 3709      F5A604
 3710 00a6 87C4DE01 		.ascii	"\207\304\336\001\015f$ \333\235\022\225\035\260\035"
 3710      0D662420 
 3710      DB9D1295 
 3710      1DB01D
 3711 00b5 3EA6A528 		.ascii	">\246\245(\232\231\3548}\306i\030\031HRB\022\3703?q"
 3711      9A99EC38 
 3711      7DC66918 
 3711      19485242 
 3711      12F8333F 
 3712 00ca 0A6D3449 		.ascii	"\012m4I\001ds%\201\027W4\3104%\031\303\230\036\374\250"
 3712      01647325 
 3712      81175734 
 3712      C8342519 
 3712      C3981EFC 
 3713 00df B9B8A5C1 		.ascii	"\271\270\245\301\235\244\024z!\201\226)\200o\200@\037"
 3713      9DA4147A 
 3713      21819629 
 3713      806F8040 
 3713      1F
 3714 00f0 5610EA7A 		.ascii	"V\020\352z\014\315\234|\303Ti\260\334Z\342F\246\311"
 3714      0CCD9C7C 
 3714      C35469B0 
 3714      DC5AE246 
 3714      A6C9
 3715 0102 4B2C2F62 		.ascii	"K,/b\367\"\350\320\317\034\010sp\360\010\270\223\340"
 3715      F722E8D0 
 3715      CF1C0873 
 3715      70F008B8 
 3715      93E0
 3716 0114 0077E71B 		.ascii	"\000w\347\033\012\337\212\015\302\367Mm%\330\015\024"
 3716      0ADF8A0D 
 3716      C2F74D6D 
 3716      25D80D14 
 3717 0124 9A6A3808 		.ascii	"\232j8\0106\365\201\271\354\245\027\0106!Ae&\243_r\325"
 3717      36F581B9 
 3717      ECA51708 
 3717      36214165 
 3717      26A35F72 
 3718 0139 D3483193 		.ascii	"\323H1\223\3335:\364\004\242\310I*\303w\300\222\230"
 3718      DB353AF4 
 3718      04A2C849 
 3718      2AC377C0 
 3718      9298
 3719 014b 2087B113 		.ascii	" \207\261\023rh\337R\223w&\336\326\225.\313F\215\343"
 3719      7268DF52 
ARM GAS  C:\Users\acest\AppData\Local\Temp\cc3CIuce.s 			page 110


 3719      937726DE 
 3719      D6952ECB 
 3719      468DE3
 3720 015e C6BC2D29 		.ascii	"\306\274-)\330\212Nq\230\363q'dQ\230a\321\010\2439\002"
 3720      D88A4E71 
 3720      98F37127 
 3720      64519861 
 3720      D108A339 
 3721 0173 7672070C 		.ascii	"vr\007\014\024\320\306\257\245\\\202\335a\261\037\003"
 3721      14D0C6AF 
 3721      A55C82DD 
 3721      61B11F03 
 3722 0183 BBC15C76 		.ascii	"\273\301\\v\240\222\340@\023\324i\311\342\273wN=I\340"
 3722      A092E040 
 3722      13D469C9 
 3722      E2BB774E 
 3722      3D49E0
 3723 0196 84550F9F 		.ascii	"\204U\017\237BW\372\326\0250\332\014\370\177\270S(<"
 3723      4257FAD6 
 3723      1530DA0C 
 3723      F87FB853 
 3723      283C
 3724 01a8 390F77DA 		.ascii	"9\017w\332\202\243\307$+\032\266\245\273\331\305'\304"
 3724      82A3C724 
 3724      2B1AB6A5 
 3724      BBD9C527 
 3724      C4
 3725 01b9 C20DA2B1 		.ascii	"\302\015\242\261\313\0127\304\306z{\251\030\353\020"
 3725      CB0A37C4 
 3725      C67A7BA9 
 3725      18EB10
 3726 01c8 9B920BCE 		.ascii	"\233\222\013\316\026\252s\303\367\266\352.\247\036\027"
 3726      16AA73C3 
 3726      F7B6EA2E 
 3726      A71E17
 3727 01d7 D5B9ADEA 		.ascii	"\325\271\255\352\206\301n\260\373\304\321\370\243\022"
 3727      86C16EB0 
 3727      FBC4D1F8 
 3727      A312
 3728 01e5 811F5886 		.ascii	"\201\037X\206\373d'\366\354\354x\234\307\36590\0233"
 3728      FB6427F6 
 3728      ECEC789C 
 3728      C7F53930 
 3728      1333
 3729 01f7 A77DDDB1 		.ascii	"\247}\335\261fca\301\303cy\\`\274C&\357\005\306\353"
 3729      666361C1 
 3729      C363795C 
 3729      60BC4326 
 3729      EF05C6EB 
 3730 020b 818B36C4 		.ascii	"\201\2136\304\276\3243\002q\201\215\352V\327\022\244"
 3730      BED43302 
 3730      71818DEA 
 3730      56D712A4 
 3731 021b FA89C5B1 		.ascii	"\372\211\305\261S\305\376\203\352\202I5\212\353\021"
 3731      53C5FE83 
 3731      EA824935 
 3731      8AEB11
ARM GAS  C:\Users\acest\AppData\Local\Temp\cc3CIuce.s 			page 111


 3732 022a B0C2B376 		.ascii	"\260\302\263v\024\301\317\205\303\026o\273\335\273r"
 3732      14C1CF85 
 3732      C3166FBB 
 3732      DDBB72
 3733 0239 206ABC66 		.ascii	" j\274f\235\372\"+\300\030\216\215\206>\230?l\007\257"
 3733      9DFA222B 
 3733      C0188E8D 
 3733      863E983F 
 3733      6C07AF
 3734 024c DC5A69A6 		.ascii	"\334Zi\246\372\333\3731f\233\346\314\257[a\034\004}"
 3734      FADBFB31 
 3734      669BE6CC 
 3734      AF5B611C 
 3734      047D
 3735 025e 111FE665 		.ascii	"\021\037\346e`\371\320\304\205\035B\253R\221vg\272\354"
 3735      60F9D0C4 
 3735      851D42AB 
 3735      52917667 
 3735      BAEC
 3736 0270 B3E88E25 		.ascii	"\263\350\216%I<dlB\317A\005{\265K2M\"\323\236\275\231"
 3736      493C646C 
 3736      42CF4105 
 3736      7BB54B32 
 3736      4D22D39E 
 3737 0286 06AF5012 		.ascii	"\006\257P\022\256\204\011\226\005\313)\204\030\352}"
 3737      AE840996 
 3737      05CB2984 
 3737      18EA7D
 3738 0295 311BDDC1 		.ascii	"1\033\335\301\310\321j\201Ic\017\022\337+p\211\015\366"
 3738      C8D16A81 
 3738      49630F12 
 3738      DF2B7089 
 3738      0DF6
 3739 02a7 9A095B6A 		.ascii	"\232\011[jUo\303(z\000\214_8F\277\205\321\2029d\221"
 3739      556FC328 
 3739      7A008C5F 
 3739      3846BF85 
 3739      D1823964 
 3740 02bc 02EC0442 		.ascii	"\002\354\004B#n\023{\372\337\230\376\213a\207a\3749"
 3740      236E137B 
 3740      FADF98FE 
 3740      8B618761 
 3740      FC39
 3741 02ce 17C3F766 		.ascii	"\027\303\367f\365b\274\370\2601\022\032b\267b\224]\206"
 3741      F562BCF8 
 3741      B031121A 
 3741      62B76294 
 3741      5D86
 3742 02e0 860C6CE9 		.ascii	"\206\014l\351\024KJZ\250d-o\200\221\233m\034\335\200"
 3742      144B4A5A 
 3742      A8642D6F 
 3742      80919B6D 
 3742      1CDD80
 3743 02f3 0D66EB7C 		.ascii	"\015f\353|:\331\226\273\370\010\036a\266\233\350\310"
 3743      3AD996BB 
 3743      F8081E61 
 3743      B69BE8C8 
ARM GAS  C:\Users\acest\AppData\Local\Temp\cc3CIuce.s 			page 112


 3744 0303 75021E5C 		.ascii	"u\002\036\\\256\231\354\350\037\354\006<\221\\sh\320"
 3744      AE99ECE8 
 3744      1FEC063C 
 3744      915C7368 
 3744      D0
 3745 0314 033F8AE5 		.ascii	"\003?\212\345p1\271\003\015\313\331H\006%,c\331%\351"
 3745      7031B903 
 3745      0DCBD948 
 3745      06252C63 
 3745      D925E9
 3746 0327 7DBC2A5D 		.ascii	"}\274*]\270\224Ym7\200\340\023nB\017E\223\033\320\350"
 3746      B894596D 
 3746      3780E013 
 3746      6E420F45 
 3746      931BD0E8 
 3747 033b 453EB666 		.ascii	"E>\266f\316\347\212\231d:\235l\317\235]\204\251\330"
 3747      CEE78A99 
 3747      643A9D6C 
 3747      CF9D5D84 
 3747      A9D8
 3748 034d A9275310 		.ascii	"\251'S\020mo\236\245=T\352\021\027\262\023\346(\267"
 3748      6D6F9EA5 
 3748      3D54EA11 
 3748      17B213E6 
 3748      28B7
 3749 035f 43D44937 		.ascii	"C\324I7\262r\263\353\320t=[\203V\302D\\\346-\2246`m"
 3749      B272B3EB 
 3749      D0743D5B 
 3749      8356C244 
 3749      5CE62D94 
 3750 0376 92A86DE2 		.ascii	"\222\250m\342\253Q\376\314\317\306\332\023\355\200\027"
 3750      AB51FECC 
 3750      CFC6DA13 
 3750      ED8017
 3751 0385 0F97768D 		.ascii	"\017\227v\215y\360\2761\013\376:\217\005\237\020\212"
 3751      79F0BE31 
 3751      0BFE3A8F 
 3751      059F108A 
 3752 0395 74BE9333 		.ascii	"t\276\2233\032W{Y\033N\012\351\371\\\247E~\212\363\310"
 3752      1A577B59 
 3752      1B4E0AE9 
 3752      F95CA745 
 3752      7E8AF3C8 
 3753 03a9 3839D193 		.ascii	"89\321\223\324\370\247\200\367\0137\333?\356\2013\200"
 3753      D4F8A780 
 3753      F70B37DB 
 3753      3FEE8133 
 3753      80
 3754 03ba CD685CCE 		.ascii	"\315h\\\316\016\350e\336\214\273\274\031n\253\031\323"
 3754      0EE865DE 
 3754      8CBBBC19 
 3754      6EAB19D3 
 3755 03ca A2197701 		.ascii	"\242\031w\001\356\360\227f\331=\256\367pe^d\231\356"
 3755      EEF09766 
 3755      D93DAEF7 
 3755      70655E64 
 3755      99EE
ARM GAS  C:\Users\acest\AppData\Local\Temp\cc3CIuce.s 			page 113


 3756 03dc 4B9ECBB9 		.ascii	"K\236\313\271\011\273\304\304|b\361\261\317\301\004"
 3756      09BBC4C4 
 3756      7C62F1B1 
 3756      CFC104
 3757 03eb 9EE84E3C 		.ascii	"\236\350N<\305\313\224me\346f\017\217\276i\215p66\266"
 3757      C5CB946D 
 3757      65E6660F 
 3757      8FBE698D 
 3757      703636B6 
 3758 03ff 074B3D28 		.ascii	"\007K=(\314\363#\036\374[0KM\261\2422\377(*\313il\005"
 3758      CCF3231E 
 3758      FC5B304B 
 3758      4DB1A232 
 3758      FF282ACB 
 3759 0416 1D291474 		.ascii	"\035)\024t\324^P\001\375\337x\263\363\274\367F\220W"
 3759      D45E5001 
 3759      FDDF78B3 
 3759      F3BCF746 
 3759      9057
 3760 0428 649DF87D 		.ascii	"d\235\370}d1\347uXG.\007\215UbV1\012B(\341\246l\315"
 3760      6431E775 
 3760      58472E07 
 3760      8D556256 
 3760      310A4228 
 3761 0440 6A65831E 		.ascii	"je\203\036\320t\245Z\015\350\021\345\225\200\376N$\\"
 3761      D074A55A 
 3761      0DE811E5 
 3761      9580FE4E 
 3761      245C
 3762 0452 A7ACF3BD 		.ascii	"\247\254\363\275\354[\343{U\321P\274\261N\013\277\035"
 3762      EC5BE37B 
 3762      55D150BC 
 3762      B14E0BBF 
 3762      1D
 3763 0463 50236495 		.ascii	"P#d\225\317Wn\377\256\331\034\254\011\256\217\324o\012"
 3763      CF576EFF 
 3763      AED91CAC 
 3763      09AE8FD4 
 3763      6F0A
 3764 0475 86CB55B6 		.ascii	"\206\313U\266\016\353\317\372\375\376\362\260^\256E"
 3764      0EEBCFFA 
 3764      FDFEF2B0 
 3764      5EAE45
 3765 0484 CA754D45 		.ascii	"\312uME\251\276M\367\251\204\352\021\375as\343{\276"
 3765      A9BE4DF7 
 3765      A984EA11 
 3765      FD6173E3 
 3765      7BBE
 3766 0496 6255A5BA 		.ascii	"bU\245\272\312\357'~u\265\302\375t\036C\261\305P\302"
 3766      CAEF277E 
 3766      75B5C2FD 
 3766      741E43B1 
 3766      C550C2
 3767 04a9 BAA24594 		.ascii	"\272\242E\224\340\026\265\266~S@\021\256\233\211\253"
 3767      E016B5B6 
 3767      7E534011 
 3767      AE9B89AB 
ARM GAS  C:\Users\acest\AppData\Local\Temp\cc3CIuce.s 			page 114


 3768 04b9 A65A0FBC 		.ascii	"\246Z\017\274\241\005_\277\277\247\032\016\205\302["
 3768      A1055FBF 
 3768      BFA71A0E 
 3768      85C25B
 3769 04c8 94C0BB11 		.ascii	"\224\300\273\021\245Z\013)jH\0172\241\026(\004d\242"
 3769      A55A0B29 
 3769      6A480F32 
 3769      A1162804 
 3769      64A2
 3770 04da 8D6FA92A 		.ascii	"\215o\251*\006\255z\240`ua-\242\263p[+W\204VT\327F\320"
 3770      06AD7AA0 
 3770      6075612D 
 3770      A2B3705B 
 3770      2B578456 
 3771 04f2 8E85C400 		.ascii	"\216\205\304\000N-\240\327\327F\036Z\273n\275\267\244"
 3771      4E2DA0D7 
 3771      D7461E5A 
 3771      BB6EBDB7 
 3771      A4
 3772 0503 A2CC1BAC 		.ascii	"\242\314\033\254\3235B_\322\310\302\265\353\327y\031"
 3772      D335425F 
 3772      D2C8C2B5 
 3772      EBD77919 
 3773 0513 729D162C 		.ascii	"r\235\026,C\025\2214\342\012\005Bam\033\371\013\276"
 3773      43159134 
 3773      E20A0542 
 3773      616D1BF9 
 3773      0BBE
 3774 0525 93068E   		.ascii	"\223\006\216"
 3775              		.text
 3776              		.section	.gnu.lto_chSysRestoreStatusX.part.0.367.b3bf9a1d,"e",%progbits
 3777 0000 789C8D54 		.ascii	"x\234\215Tkl\024U\024\276g\356\354\253F\242\370@\305"
 3777      6B6C1455 
 3777      14BE67EE 
 3777      ECAB46A2 
 3777      F840C5
 3778 0013 9805D318 		.ascii	"\230\005\323\030H\331R_\004\022\023\010\222\370C\022"
 3778      48D9525F 
 3778      04121308 
 3778      92F84312 
 3779 0023 03F1DF18 		.ascii	"\003\361\337\030\322.\033\273\332e\353\314\026%\376"
 3779      D22E1BBB 
 3779      DA65EBCC 
 3779      1625FE
 3780 0032 60608B45 		.ascii	"``\213E0l)\261%\262.I\335D~\011M\014\355\312\243\225"
 3780      306C29B1 
 3780      25B22E49 
 3780      DD447E09 
 3780      4D0CEDCA 
 3781 0048 DA96D207 		.ascii	"\332\226\322\007\245Vyl\323b\241\2114<\266[\225j[\352"
 3781      A556796C 
 3781      D362A189 
 3781      343CB65B 
 3781      956A5BEA 
 3782 005c 397766BA 		.ascii	"9wf\272\223H\220\315\356\316\275\347\371}\337=w<.\306"
 3782      934890CD 
 3782      EECEBDE7 
ARM GAS  C:\Users\acest\AppData\Local\Temp\cc3CIuce.s 			page 115


 3782      F97DDF3D 
 3782      773C2EC6 
 3783 0070 3E05C64A 		.ascii	">\005\306J\031c\340bP\353f\272\256\257v9a\276xJRt\377"
 3783      1963E062 
 3783      50EB66BA 
 3783      AEAF7639 
 3783      61BE784A 
 3784 0087 5E094EC1 		.ascii	"^\011N\301_\0272K\345\312\375\363\366|\027{J\346\360"
 3784      5F17324B 
 3784      E5CAFDF3 
 3784      F67C177B 
 3784      4AE6F0
 3785 009a E5FE7313 		.ascii	"\345\376s\023\315\231)\011\316\201\210\223\321\262'"
 3785      CD992909 
 3785      CE818893 
 3785      D1B227
 3786 00a9 7D5B821F 		.ascii	"}[\202\037\215\275\003v`\304\336\216\005\230*\014\300"
 3786      8DBD0376 
 3786      60C4DE8E 
 3786      05982A0C 
 3786      C0
 3787 00ba B63B252E 		.ascii	"\266;%.;`;\034\340q\016K\320:9Z7\325\003\372\221\026"
 3787      3B603B1C 
 3787      E0710E4B 
 3787      D03A395A 
 3787      37D503FA 
 3788 00d0 4872C612 		.ascii	"Hr\306\022\370\023\037rU\347\254@\320\276\247\177\011"
 3788      F8131F72 
 3788      55E7AC40 
 3788      D0BEA77F 
 3788      09
 3789 00e1 F36A7892 		.ascii	"\363jx\222\003\310\346J\002/\256x\220\275\324\242\353"
 3789      03C8E64A 
 3789      022FAE78 
 3789      90BDD4A2 
 3789      EB
 3790 00f2 7D5D4DBA 		.ascii	"}]M\272\356aI\316\241\011\260\0324\002\034\007\006)"
 3790      EE6149CE 
 3790      A109B01A 
 3790      34021C07 
 3790      0629
 3791 0104 2CC443D3 		.ascii	",\304C\323O/\305\272\231\261\243\031\035\310\300\276"
 3791      4F2FC5BA 
 3791      99B1A319 
 3791      1DC8C0BE 
 3792 0114 35FB6101 		.ascii	"5\373a\001\247\350\016'\2006\371X*3\325\363\321Y]\266"
 3792      A7E80E27 
 3792      8036F958 
 3792      2A33D5F3 
 3792      D1595DB6 
 3793 0128 4A41AE14 		.ascii	"JA\256\024&8\031\234\004\002F\011\262\225.\301i\230"
 3793      2638199C 
 3793      04024609 
 3793      B2952EC1 
 3793      6998
 3794 013a ABC5A1D9 		.ascii	"\253\305\241\331\330\020\313\266\217\031\252\200F\323"
 3794      D810CBB6 
ARM GAS  C:\Users\acest\AppData\Local\Temp\cc3CIuce.s 			page 116


 3794      8F19AA80 
 3794      46D3
 3795 0148 0D2D6073 		.ascii	"\015-`s\237\234\215\376\371:C\335\022\\&\033o\020.\""
 3795      9F9C8DFE 
 3795      F93A43DD 
 3795      125C261B 
 3795      6F102E22 
 3796 015c 3499DD9B 		.ascii	"4\231\335\233>\377\\\\oA 2\264\00251\201\374\204\024"
 3796      3EFF5C5C 
 3796      6F412032 
 3796      B4023531 
 3796      81FC8414 
 3797 0170 E4D0B185 		.ascii	"\344\320\261\205&\336\311xMs\252\2405\252\013\320F,"
 3797      26DEC978 
 3797      4D73AAA0 
 3797      35AA0BD0 
 3797      462C
 3798 0182 E4624D96 		.ascii	"\344bM\226\004\346z\334\011mh<C\325\030\241i\007;r\007"
 3798      04E67ADC 
 3798      096D683C 
 3798      43D518A1 
 3798      69073B72 
 3799 0197 9CCD411B 		.ascii	"\234\315A\033\236nt\031\330\035\026\366N\260\007\314"
 3799      9E6E7419 
 3799      D81D16F6 
 3799      4EB007CC 
 3800 01a7 B60EAD60 		.ascii	"\266\016\255`8\003\011\356\264l\361}\235w\237g\320e"
 3800      380309EE 
 3800      B46CF17D 
 3800      9D779F67 
 3800      D065
 3801 01b9 F1117236 		.ascii	"\361\021r6\247n\376\006z\215\016\377\017\256\007\215"
 3801      A76EFE06 
 3801      7A8D0EFF 
 3801      0FAE078D 
 3802 01c9 DD73E07A 		.ascii	"\335s\340z-p\274C\262\252\241,\207\253\\(K\245\227\312"
 3802      2D70BC43 
 3802      B2AAA12C 
 3802      87AB5C28 
 3802      4BA597CA 
 3803 01dd F561B0CB 		.ascii	"\365a\260\313*w\001\313\205n-\024`iC\256\376\034;7\374"
 3803      2A7701CB 
 3803      856E2D14 
 3803      606943AE 
 3803      FE1C3B37 
 3804 01f2 6C6337D9 		.ascii	"lc7\331\370\254\301\316m\261\033\000{\300\276\316\266"
 3804      F8ACC1CE 
 3804      6DB11B00 
 3804      7BC0BECE 
 3804      B6
 3805 0203 F8931283 		.ascii	"\370\223\022\203_\250\303\003\272\203\275;\215\307E"
 3805      5FA8C303 
 3805      BA83BD3B 
 3805      8DC745
 3806 0212 5CFF0AF6 		.ascii	"\\\377\012\366\306\036\270\234;\326x\315\255\306W\333"
 3806      C61EB89C 
 3806      3BD678CD 
ARM GAS  C:\Users\acest\AppData\Local\Temp\cc3CIuce.s 			page 117


 3806      ADC657DB 
 3807 0222 A3FA5BD6 		.ascii	"\243\372[\326|y\254\002W\304\250\356\236;\326\323\227"
 3807      7C79AC02 
 3807      57C4A8EE 
 3807      9E3BD6D3 
 3807      97
 3808 0233 EF7CE1D2 		.ascii	"\357|\341\322\3577\211W\354\272\335\333\012i0\250x\204"
 3808      EF378957 
 3808      ECBADDDB 
 3808      0A6930A8 
 3808      7884
 3809 0245 6C8340FD 		.ascii	"l\203@\3750D\306QE8t\341\214\316\237\247\012\276\211"
 3809      3044C651 
 3809      453874E1 
 3809      8CCE9FA7 
 3809      0ABE89
 3810 0258 EE7A2689 		.ascii	"\356z&\211'Jr\274\002\313\351\016\344\267T\212f\335"
 3810      274A72BC 
 3810      02CBE90E 
 3810      E4B7548A 
 3810      66DD
 3811 026a CE5D07A9 		.ascii	"\316]\007\251\231C\21479a\310l\264\304Bn\313\367<D\376"
 3811      99438C37 
 3811      3961C86C 
 3811      B4C4426E 
 3811      CBF73C44 
 3812 027f 55CA3FDA 		.ascii	"U\312?\332\357\320\365\351\331\230\256\017\276\270\300"
 3812      EFD0F5E9 
 3812      D998AE0F 
 3812      BEB8C0
 3813 028e 0DA49084 		.ascii	"\015\244\220\204\027\025\241\3068\275pt\031\243\252"
 3813      1715A1C6 
 3813      38BD7074 
 3813      19A3AA
 3814 029d B9D35872 		.ascii	"\271\323Xr6\006;\3270\272\257\307\306bU\273%\373u\245"
 3814      36063BD7 
 3814      30BAAFC7 
 3814      C66255BB 
 3814      25FB75A5 
 3815 02b1 3B380612 		.ascii	";8\006\022\361\032\241\322\325\\\312e\351#3\351<\324"
 3815      F11AA1D2 
 3815      D55CCA65 
 3815      E92333E9 
 3815      3CD4
 3816 02c3 819613A9 		.ascii	"\201\226\023\251dM\366\322\023x\246\302Q\227=\010x\222"
 3816      644DF6D2 
 3816      1378A6C2 
 3816      51973D08 
 3816      7892
 3817 02d5 C2335AF7 		.ascii	"\3023Z\367C\357a\300#\022\236\346^\017\\2\226\375\363"
 3817      43EF61C0 
 3817      23129EE6 
 3817      5E0F5C32 
 3817      96FDF3
 3818 02e8 D81DD8B1 		.ascii	"\330\035\330\261\230\224\353\245\267\315\242A\3513w"
 3818      9894EBA5 
 3818      B7CDA241 
ARM GAS  C:\Users\acest\AppData\Local\Temp\cc3CIuce.s 			page 118


 3818      E93377
 3819 02f7 92BB7029 		.ascii	"\222\273p)S\357kx\341\361q\035\352\351\265\204(\275"
 3819      53EF6B78 
 3819      E1F1711D 
 3819      EAE9B584 
 3819      28BD
 3820 0309 C884D694 		.ascii	"\310\204\326\224<0\217,\231T\2626\3337\037[\321\030"
 3820      3C308F2C 
 3820      9954B236 
 3820      DB371F5B 
 3820      D118
 3821 031b B0DB10AD 		.ascii	"\260\333\020\255\255\232\341\365\\\2527^YN\230\025\374"
 3821      AD9AE1F5 
 3821      5CAA375E 
 3821      594E9815 
 3821      FC
 3822 032c 323323C3 		.ascii	"23#\303\243n\304*\302n@\345\215\326\022\2142B\014\252"
 3822      A36EC42A 
 3822      C26E40E5 
 3822      8DD6128C 
 3822      32420CAA 
 3823 0340 D59C37C4 		.ascii	"\325\2347\304v]\224Lj\263i\361\234\230\211e\023\265"
 3823      765D944C 
 3823      6AB369F1 
 3823      9C988965 
 3823      13B5
 3824 0352 80375158 		.ascii	"\2007QX\357&\222\2007P\254\377N\344\213\347\324\220"
 3824      EF269280 
 3824      3750ACFF 
 3824      4EE48BE7 
 3824      D490
 3825 0364 A5C09509 		.ascii	"\245\300\225\011T\240\313\360\016O\034\024\240\365k"
 3825      54A0CBF0 
 3825      0E4F1C14 
 3825      A0F56B
 3826 0373 B3A44BB7 		.ascii	"\263\244K\267a=`Z\221J\217\000(\033A(\322\361\341\257"
 3826      613D605A 
 3826      914A8F00 
 3826      281B4128 
 3826      D2F1E1AF 
 3827 0387 016FA008 		.ascii	"\001o\240\010;1\354\201\363\200\352\354\\L\203uU\250"
 3827      3B31EC81 
 3827      F380EAEC 
 3827      5C4C8375 
 3827      55A8
 3828 0399 332ED471 		.ascii	"3.\324q[\352\3340\324\031\003\370]\014\373\242?\204"
 3828      5BEADC30 
 3828      D41903F8 
 3828      5D0CFBA2 
 3828      3F84
 3829 03ab DF239C37 		.ascii	"\337#\2347\215.\231\246d\315\204\233\3215\027\014\345"
 3829      8D2E99A6 
 3829      64CD849B 
 3829      D135170C 
 3829      E5
 3830 03bc BECC3F47 		.ascii	"\276\314?G\300`\230\235\251\037\177\217N/\003Q/\253"
 3830      C060989D 
ARM GAS  C:\Users\acest\AppData\Local\Temp\cc3CIuce.s 			page 119


 3830      A91F7F8F 
 3830      4E2F0351 
 3830      2FAB
 3831 03ce 043CF7BC 		.ascii	"\004<\367\274\004\317c8)\217\010\020\265/\230\002|u"
 3831      04CF6338 
 3831      298F0810 
 3831      B52F9802 
 3831      7C75
 3832 03e0 08056831 		.ascii	"\010\005h1\220\035N\327\001\276>\305\272\341\220!\300"
 3832      901D4ED7 
 3832      01BE3EC5 
 3832      BAE19021 
 3832      C0
 3833 03f1 A9B4D82F 		.ascii	"\251\264\330/\236\373\033\031Xh*r\217\270\237\371\017"
 3833      9EFB1B19 
 3833      58682A72 
 3833      8FB89FF9 
 3833      0F
 3834 0402 F73601DA 		.ascii	"\3676\001\332\306\273=\307\273\303\316;\307\360~\264"
 3834      C6BB3DC7 
 3834      BBC3CE3B 
 3834      C7F07EB4 
 3835 0412 DA4C5A0E 		.ascii	"\332LZ\016k&\263\342\244\307\327\021-\372\3048\030."
 3835      6B26B3E2 
 3835      A4C7D711 
 3835      2DFAC438 
 3835      182E
 3836 0424 0937056B 		.ascii	"\0117\005kW)\357j\001US\212\375\001-\242\274\031\320"
 3836      5729EF6A 
 3836      0155538A 
 3836      FD012DA2 
 3836      BC19D0
 3837 0437 3E8C84CB 		.ascii	">\214\204\313\225\015\2765\276\265\276u\212\212\346"
 3837      950DBE35 
 3837      BEB5BE75 
 3837      8A8AE6
 3838 0446 4DE56AF8 		.ascii	"M\345j\370\203\200?\302V\372|\205\366\357\332\322`I"
 3838      83803FC2 
 3838      56FA7C85 
 3838      F6EFDAD2 
 3838      6049
 3839 0458 7063A462 		.ascii	"pc\244bs0\\\350\247uX{\271\250\250\2500\254\025\252"
 3839      73305CE8 
 3839      A775587B 
 3839      B9A8A8A8 
 3839      30AC15AA 
 3840 046c 91424DF5 		.ascii	"\221BM\365\243U\333\246\371\374\214k\021\355qs\343{"
 3840      A355DBA6 
 3840      F9FC8C6B 
 3840      11ED7173 
 3840      E37B
 3841 047e 6DF9CA15 		.ascii	"m\371\312\025\376\225EE\254\310\277J\021y\232\250\241"
 3841      FE954545 
 3841      ACC8BF4A 
 3841      11799AA8 
 3841      A1
 3842 048f D86A2861 		.ascii	"\330j(aMQ#Jp\213\277\254bs@1RK\231\253\244X\013\274"
ARM GAS  C:\Users\acest\AppData\Local\Temp\cc3CIuce.s 			page 120


 3842      4D51234A 
 3842      708BBFAC 
 3842      62734031 
 3842      524B99AB 
 3843 04a7 A306DF7E 		.ascii	"\243\006\337~p\246?\034\012\205\267(\201O\"J\261\032"
 3843      70A63F1C 
 3843      0A85B728 
 3843      814F224A 
 3843      B11A
 3844 04b9 52FC212D 		.ascii	"R\374!-HF5\220+H\246M\357\373\375Xt\365C\025+\017\253"
 3844      48463590 
 3844      2B48A64D 
 3844      EFFBFD58 
 3844      74F54315 
 3845 04d0 118DCA6D 		.ascii	"\021\215\312m]\261,\264\254\270,\202qT\022\0138\325"
 3845      5DB12CB4 
 3845      ACB82C82 
 3845      7154120B 
 3845      38D5
 3846 04e2 80565116 		.ascii	"\200VQ\026yt\375\206\215\336\374\345\005\336`\271\246"
 3846      7974FD86 
 3846      8DDEFCE5 
 3846      05DE60B9 
 3846      A6
 3847 04f3 32FE86CA 		.ascii	"2\376\206\312\036[\277q\203\227 \227\253\301\002t1I"
 3847      1E5BBF71 
 3847      83972097 
 3847      ABC10274 
 3847      3149
 3848 0505 65AE5020 		.ascii	"e\256P \024V\267\261\177\001\256\271\337\246"
 3848      1456B7B1 
 3848      7F01AEB9 
 3848      DFA6
 3849              		.text
 3850              		.section	.gnu.lto_.symbol_nodes.b3bf9a1d,"e",%progbits
 3851 0000 789C7DD2 		.ascii	"x\234}\322\271N\303@\020\006\340\231\177b\033rB.\216"
 3851      B94EC340 
 3851      1006E099 
 3851      7F621B72 
 3851      422E8E
 3852 0013 8657A0A4 		.ascii	"\206W\240\244\005!\361\"\274\307xQ\012J\036\"\005\257"
 3852      0521F122 
 3852      BCC77851 
 3852      0A4A1E22 
 3852      05AF
 3853 0025 00742875 		.ascii	"\000t(uH\270\217\000!D\320\221444`{\023A$/[\375\322"
 3853      48B88F00 
 3853      2144D091 
 3853      34343460 
 3853      7B134124 
 3854 003d F7EFDA5E 		.ascii	"\367\357\332^\317\216\020\021NX)\214\026\363A\233H\211"
 3854      CF8E1011 
 3854      4E58298C 
 3854      16F3419B 
 3854      4889
 3855 004f 8E4263D6 		.ascii	"\216Bc\326\211)^hC9\326L\252~@1\253\015cBLy\004\225"
 3855      89295E68 
ARM GAS  C:\Users\acest\AppData\Local\Temp\cc3CIuce.s 			page 121


 3855      4339D64C 
 3855      AA7E4031 
 3855      AB0D6342 
 3856 0067 7FF8029A 		.ascii	"\177\370\002\232\031\177\035nL\36584<1\357\0140[q\351"
 3856      197F1D6E 
 3856      4CF53834 
 3856      3C31EF0C 
 3856      305B71E9 
 3857 007b 12EA99E8 		.ascii	"\022\352\231\350\014\244\265:\240\244\345\235\203m\375"
 3857      0CA4B53A 
 3857      A0A4E59D 
 3857      836DFD
 3858 008a 0AEAB746 		.ascii	"\012\352\267F\373\336o{s\372\270kh0\3636\177N\302\015"
 3858      FBDE6F7B 
 3858      73FAB86B 
 3858      6830F336 
 3858      7F4EC20D 
 3859 009e 74AEFFD9 		.ascii	"t\256\377\331\035S\032\336B\347\235;\357\240Y'\336C"
 3859      1D531ADE 
 3859      42E79D3B 
 3859      EFA05927 
 3859      DE43
 3860 00b0 734E7C80 		.ascii	"sN|\200\346\235\330\203\026\\\227\323\205\204\321\327"
 3860      E69DD883 
 3860      165C97D3 
 3860      8584D1D7 
 3861 00c0 0AF7A1C5 		.ascii	"\012\367\241\305\357\311ZK\232\024\377\313\270\306\317"
 3861      EFC95A4B 
 3861      9A14FFCB 
 3861      B8C6CF
 3862 00cf D092CB9E 		.ascii	"\320\222\313\236\240\013.{\205.\272l\000-\273\354\005"
 3862      A00B2E7B 
 3862      852EBA6C 
 3862      002DBBEC 
 3862      05
 3863 00e0 5A71D93B 		.ascii	"Zq\331;\264\352\262Gh\315eo\320\272\303\204\252vj[,"
 3863      B4EAB247 
 3863      68CD656F 
 3863      D0BAC384 
 3863      AA766A5B 
 3864 00f5 54B1D7D8 		.ascii	"T\261\327\330\014\204\3126\016\003\341%\033\267\205"
 3864      0C84CA36 
 3864      0E03E125 
 3864      1BB785
 3865 0104 EB363558 		.ascii	"\35365X\270fc\264K\226;\321\0053\017K\342\223\035\261"
 3865      B86663B4 
 3865      4B963BD1 
 3865      05330F4B 
 3865      E2931DB1 
 3866 0118 41203E4F 		.ascii	"A >ObV\374\025\033\2339\311\257\332m\273RH\006\036|"
 3866      6256FC15 
 3866      1B9B39C9 
 3866      AFDA6DBB 
 3866      5248061E 
 3867 012d 9A95A2D8 		.ascii	"\232\225\242\330\270\347\323\017\220\202\005\000"
 3867      B8E7D30F 
 3867      90820500 
ARM GAS  C:\Users\acest\AppData\Local\Temp\cc3CIuce.s 			page 122


 3868              		.text
 3869              		.section	.gnu.lto_.refs.b3bf9a1d,"e",%progbits
 3870 0000 789C158C 		.ascii	"x\234\025\214\301\011\002A\020\004k\346vonuE\356\261"
 3870      C1090241 
 3870      10046BE6 
 3870      766F6E75 
 3870      45EEB1
 3871 0013 08C24570 		.ascii	"\010\302Ep\177\3432\005s\023\214\300\004\214@0\001{"
 3871      7FE33205 
 3871      73138CC0 
 3871      048C4030 
 3871      017B
 3872 0025 E8475543 		.ascii	"\350GUC\323w\300\012\2650\317V'\254\006^\317x\014|\031"
 3872      D377C00A 
 3872      B530CF56 
 3872      27AC065E 
 3872      CF780C7C 
 3873 003a EA17D157 		.ascii	"\352\027\321W\245Y4\365\023v \234~$\272vW\210M\334\305"
 3873      A55934F5 
 3873      1376209C 
 3873      7E24BA76 
 3873      57884DDC 
 3874 004f 9BF8D463 		.ascii	"\233\370\324c\274\220\275\323>i\337\264_\332\303\340"
 3874      BC90BDD3 
 3874      3E69DFB4 
 3874      5FDAC3E0 
 3875 005f 0F270408 		.ascii	"\017'\004\010F"
 3875      46
 3876              		.text
 3877              		.section	.gnu.lto_.decls.b3bf9a1d,"e",%progbits
 3878 0000 789CAD7B 		.ascii	"x\234\255{yT\024Y\272g~q# I\026m\301\265zj<u\254\323"
 3878      79541459 
 3878      BA677E71 
 3878      23204916 
 3878      6DC1B57A 
 3879 0019 F63BAF14 		.ascii	"\366;\257\024\264\3267=o\254\247U\257\234\332\034\265"
 3879      B4D6373D 
 3879      6FACA755 
 3879      AF9CDA1C 
 3879      B5
 3880 002a BABB663C 		.ascii	"\272\273f<\223\203\231)\320\305V\231\211\226\177\314"
 3880      93839929 
 3880      D0C55699 
 3880      89967FCC 
 3881 003a 79E90A8A 		.ascii	"y\351\012\212\013\342.((*\342\202H\271\240\310\"\270"
 3881      0BE22E28 
 3881      282AE282 
 3881      48B9A0C8 
 3881      22B8
 3882 004c 800BE28E 		.ascii	"\200\013\342\216\012\212\342\202\202,\342\216\312|\367"
 3882      0A8AE282 
 3882      822CE28E 
 3882      CA7CF7
 3883 005b DED872B1 		.ascii	"\336\330r\261z|3Y~D\304\215\337\375}\313\375\356\026"
 3883      7A7C3359 
 3883      7E44C48D 
 3883      DFFD7DCB 
ARM GAS  C:\Users\acest\AppData\Local\Temp\cc3CIuce.s 			page 123


 3883      FDEE16
 3884 006e 11B5EF23 		.ascii	"\021\265\357#\203aj\220\301\360'?\203\241\007\177\275"
 3884      83616A90 
 3884      C1F0273F 
 3884      83A1077F 
 3884      BD
 3885 007f 0D06C319 		.ascii	"\015\006\303\031\024\177\224\037Q\212QJP*Q\252P*PjP"
 3885      147F941F 
 3885      518A514A 
 3885      502A51AA 
 3885      502A506A 
 3886 0094 00E516FE 		.ascii	"\000\345\026\376\351\217\307v<>Dy\206\322\203B\004\203"
 3886      E98FC776 
 3886      3C3E4479 
 3886      86D28342 
 3886      0483
 3887 00a6 41420940 		.ascii	"AB\011@\011B\011C\351\207\362\004\357\275B\371=\236"
 3887      09420943 
 3887      E987F204 
 3887      EFBD42F9 
 3887      3D9E
 3888 00b8 0F46F907 		.ascii	"\017F\371\007\224\017P\206\243D\240\214D\371\010\345"
 3888      940F5086 
 3888      A344A08C 
 3888      44F908E5 
 3889 00c8 13943FA1 		.ascii	"\023\224?\241\3743\212\210\374\243\360\370=\312x\224"
 3889      FC338A88 
 3889      FCA3F0F8 
 3889      3DCA7894 
 3890 00d8 1F51F4BF 		.ascii	"\037Q\364\277\353\004u\3401\032\245\017J\230lk\214\300"
 3890      EB0475E0 
 3890      311AA50F 
 3890      4A986C6B 
 3890      8CC0
 3891 00ea EDFF836C 		.ascii	"\355\377\203l3\365\341oX\366\023\312\037Q(M\031\212"
 3891      33F5E16F 
 3891      58F613CA 
 3891      1F51284D 
 3891      198A
 3892 00fc 4DD6417D 		.ascii	"M\326A}\030.\333\363\017\036:\350\3576\352!\262\236"
 3892      182EDBF3 
 3892      0F1E3AE8 
 3892      EF36EA21 
 3892      B29E
 3893 010e 58BCDF09 		.ascii	"X\274\337\011\274\234\326\245\276\177$\333\037\341\243"
 3893      BC9CD6A5 
 3893      BE7F24DB 
 3893      1FE1A3
 3894 011d 6E1682FC 		.ascii	"n\026\202\374d\373\342\250\016\304\377\214G;\312w4V"
 3894      64FBE2A8 
 3894      0EC4FF8C 
 3894      473BCA77 
 3894      3456
 3895 012f 58FE2D1E 		.ascii	"X\376-\036\277A\031\213\362_Q\276\226y\250\032O\237"
 3895      BF41198B 
 3895      F25F51BE 
 3895      9679A81A 
ARM GAS  C:\Users\acest\AppData\Local\Temp\cc3CIuce.s 			page 124


 3895      4F9F
 3896 0141 FD455E27 		.ascii	"\375E^'Zn\223\243(\016\304\3747\201\343o\000?\022\371"
 3896      5A6E93A3 
 3896      280EC4FC 
 3896      3781E36F 
 3896      003F12F9 
 3897 0155 7ABC47FD 		.ascii	"z\274G\375@\221\267\233>f4V\243@\343\241\274\327\360"
 3897      4091B79B 
 3897      3E663456 
 3897      A340E3A1 
 3897      BCD7F0
 3898 0168 BA01C529 		.ascii	"\272\001\305)\360\030\322\270\266\201\346\177\022\036"
 3898      F018D2B8 
 3898      B681E67F 
 3898      121E
 3899 0176 EBF13855 		.ascii	"\353\3618U\366\343?\241\374\202\362\277\005\036+jG\023"
 3899      F6E33FA1 
 3899      FC82F2BF 
 3899      051E2B6A 
 3899      4713
 3900 0188 F03CA1F9 		.ascii	"\360<\241\371Dsb\026\312\034\224\024A\313\233?\311x"
 3900      44736216 
 3900      CA1C9414 
 3900      41CB9B3F 
 3900      C978
 3901 019a 6AA7D2D6 		.ascii	"j\247\322\326\372_\250\350\335\3064\007\251\036j\037"
 3901      FA5FA8E8 
 3901      DDC63407 
 3901      A91E6A1F 
 3902 01aa B5E12C4A 		.ascii	"\265\341,J\215\207\375\224\363*\226\235\006n\013\275"
 3902      8D87FD94 
 3902      F32A969D 
 3902      066E0BBD 
 3903 01ba A639998A 		.ascii	"\2469\231\212\262H\316\201Q\202w|\006\242>\243N\327"
 3903      B248CE81 
 3903      5182777C 
 3903      06A23EA3 
 3903      4ED7
 3904 01cc 629D9E2A 		.ascii	"b\235\236*\224x\2244\331\346\213x~\224\306D\216y\220"
 3904      94789434 
 3904      D9E68B78 
 3904      7E94C644 
 3904      8E7990
 3905 01df 1CF3511E 		.ascii	"\034\363Q\036\234\177D\316\337QN\301=\346\35127\345"
 3905      9C7F44CE 
 3905      DF514EC1 
 3905      3DE6E932 
 3905      37E5
 3906 01f1 5B8AB24C 		.ascii	"[\212\262L\216)\315\027EW\031\312\036\224(,\353@1\351"
 3906      8E29CD17 
 3906      455719CA 
 3906      1E94282C 
 3906      EB4031E9 
 3907 0205 F4FE4DD6 		.ascii	"\364\376M\326}\011\345\000\312n\224_Q\332i[\311\371"
 3907      7D09E500 
 3907      CA6E945F 
 3907      51DA695B 
ARM GAS  C:\Users\acest\AppData\Local\Temp\cc3CIuce.s 			page 125


 3907      C9F9
 3908 0217 13F6069B 		.ascii	"\023\366\006\233>\020}\3474\205\365\223\373\237\347"
 3908      3E107DE7 
 3908      3485F593 
 3908      FB9FE7
 3909 0226 EF01E16D 		.ascii	"\357\001\341m\251\370P,\347\015\315\347\345(Oe\016\232"
 3909      A9F8502C 
 3909      E70DCDE7 
 3909      E5284F65 
 3909      0E9A
 3910 0238 9FB4BFAF 		.ascii	"\237\264\277\257\306\262L\224\365\002\037\037<\177\335"
 3910      C6B24C94 
 3910      F5021F1F 
 3910      3C7FDD
 3911 0247 84FB1AED 		.ascii	"\204\373\032\355\301\271\001\361\257e<\265\221\216\033"
 3911      C1B901F1 
 3911      AF653CB5 
 3911      918E1B
 3912 0256 94A3478E 		.ascii	"\224\243G\216\363>\017\236\317\344>\241\217/\355\363"
 3912      F33E0F9E 
 3912      CFE43EA1 
 3912      8F2FEDF3 
 3913 0266 7F90EFD3 		.ascii	"\177\220\357\323:\277\367\341\317\347r[\353\365+\365"
 3913      3ABFF7E1 
 3913      CFE7725B 
 3913      EBF52BF5 
 3914 0276 2E23BE0E 		.ascii	".#\276\016e\243\034\277r\271\315\351\330E\271\032\004"
 3914      65A31CBF 
 3914      72B9CDE9 
 3914      D845B91A 
 3914      04
 3915 0287 DFB67412 		.ascii	"\337\266t\022\336F\236>\3218Q\373(\367\317\272\276B"
 3915      DE469E3E 
 3915      D13851FB 
 3915      28F7CFBA 
 3915      BE42
 3916 0299 7F34BF69 		.ascii	"\1774\277i|h\314h\037\271\216r\023\345\026\312]\224"
 3916      7C68CC68 
 3916      1FB98E72 
 3916      13E516CA 
 3916      5D94
 3917 02ab FB286D82 		.ascii	"\373(m\202{<=\177=>\306\302\337\322\253o\363@9\306="
 3917      7B3C3D7F 
 3917      3D3EC6C2 
 3917      DFD2AB6F 
 3917      F34039C6 
 3918 02c0 E0DE473B 		.ascii	"\340\336G;P\272t\372\327\313\343\263/\277\323\011\374"
 3918      50BA74FA 
 3918      D7CBE3B3 
 3918      2FBFD309 
 3918      FC
 3919 02d1 01E824D2 		.ascii	"\001\350$\322\213\235\321\361g\270\213\375n\276k\200"
 3919      8B9DD1F1 
 3919      67B88BFD 
 3919      6EBE6B80 
 3920 02e1 BD5CD398 		.ascii	"\275\\\323\230@\362g\212\354\003\"\376\015\203\301\031"
 3920      40F2678A 
ARM GAS  C:\Users\acest\AppData\Local\Temp\cc3CIuce.s 			page 126


 3920      EC0322FE 
 3920      0D83C119 
 3921 02f1 44686869 		.ascii	"DhhiH\0176\225\273\\\035\256\362\331\001\0068\000\260"
 3921      480F3695 
 3921      BB5C1DAE 
 3921      F2D90106 
 3921      3800B0
 3922 0304 1F0C5004 		.ascii	"\037\014P\004\310\262\017`\017\300n f\003\"\317\026"
 3922      C8B20F60 
 3922      0FC06E20 
 3922      660322CF 
 3922      16
 3923 0315 56467A03 		.ascii	"VFz\003\017\272\001\243\020(f\035\271\177\032\206\204"
 3923      0FBA01A3 
 3923      1028661D 
 3923      B97F1A86 
 3923      84
 3924 0326 22F4D9C1 		.ascii	"\"\364\331\301\344\324\234\220L\254\020\004%\000\245"
 3924      E4D49C90 
 3924      4CAC1004 
 3924      2500A5
 3925 0335 00E52057 		.ascii	"\000\345 W4\300p\224\010\203\213\022\272\312E\203Z\216"
 3925      34C07094 
 3925      08838B12 
 3925      BACA4583 
 3925      5A8E
 3926 0347 10E42B63 		.ascii	"\020\344+c\243h\026P\315;\227\245\357\011\014\365D\302"
 3926      A3681650 
 3926      CD3B97A5 
 3926      EF090CF5 
 3926      44C2
 3927 0359 21D06311 		.ascii	"!\320c\021\367\242t\367\266\340 fbv\205\010\025\232"
 3927      F7A274F7 
 3927      B6E02066 
 3927      62768508 
 3927      159A
 3928 036b AE4A6021 		.ascii	"\256J`!\372=\364\000;P\364\276\015\335GMFD7\2474\226"
 3928      FA3DF400 
 3928      3B50F4BE 
 3928      0DDD474D 
 3928      464437A7 
 3929 0381 23DD4808 		.ascii	"#\335H\010G\344Q\306x\004\3400\220\002\206\253]t\361"
 3929      47E451C6 
 3929      7804E030 
 3929      900286AB 
 3929      5D74F1
 3930 0394 5A88070E 		.ascii	"Z\210\007\016\216\201\033\262\214\"\375^\235\277P\353"
 3930      8E811BB2 
 3930      8C22FD5E 
 3930      9DBF50EB 
 3931 03a4 6F7A0700 		.ascii	"oz\007\000\377Q\274\253b\006\221\361\325\000\307\261"
 3931      FF51BCAB 
 3931      620691F1 
 3931      D500C7B1 
 3932 03b4 EE098093 		.ascii	"\356\011\200\223 \340\351L\227\353\345\177\304#\362"
 3932      20E0E94C 
 3932      97EBE57F 
ARM GAS  C:\Users\acest\AppData\Local\Temp\cc3CIuce.s 			page 127


 3932      C423F2
 3933 03c3 67BFAECD 		.ascii	"g\277\256\315\013\244\201m.\367\215G\314\365\265YK\202"
 3933      0BA4816D 
 3933      2EF78D47 
 3933      CCF5B559 
 3933      4B82
 3934 03d5 34CF4E69 		.ascii	"4\317Ni\236\325p\317\372\200\221\034f\346\226]|r\330"
 3934      9ED570CF 
 3934      FA80911C 
 3934      66E6965D 
 3934      7C72D8
 3935 03e8 CFE492DB 		.ascii	"\317\344\222\333\011o(\3103\3107\034\2063\360\026`\207"
 3935      096F28C8 
 3935      33C8371C 
 3935      8633F016 
 3935      6087
 3936 03fa 4FD9DF0E 		.ascii	"O\331\337\016\003\313\006\227?A2V\322l \2271\207n2\302"
 3936      03CB0697 
 3936      3F413256 
 3936      D26C2097 
 3936      31876E32 
 3937 040f 0BAE5399 		.ascii	"\013\256S\231F\357\206\277\254oxV\253\321@\356c\255"
 3937      46EF86BF 
 3937      AC6F7856 
 3937      ABD140EE 
 3937      63AD
 3938 0421 87ACD6AD 		.ascii	"\207\254\326\255\256\355\217z\205\362\024,g\351\007"
 3938      AEED8F7A 
 3938      85F2142C 
 3938      67E907
 3939 0430 0D00D768 		.ascii	"\015\000\327h\314xc\2657\256\316\327\271tMs\351:\235"
 3939      CC7863B5 
 3939      37AECED7 
 3939      B9744D73 
 3939      E93A9D
 3940 0443 2FBA9169 		.ascii	"/\272\221i\266@\201G\037\237X.y\353\277\341\245\277"
 3940      B6408147 
 3940      1F9F582E 
 3940      79EBBFE1 
 3940      A5BF
 3941 0455 8EFB516E 		.ascii	"\216\373Qn 8\242\023\354\255d\035#\270\371hG\256\340"
 3941      2038A213 
 3941      ECAD641D 
 3941      23B8F968 
 3941      47AEE0
 3942 0468 6ECA5D80 		.ascii	"n\312]\200f\331\024\222\313@K\217\317k1\271\203\356"
 3942      66D91492 
 3942      CB404B8F 
 3942      CF6B31B9 
 3942      83EE
 3943 047a 6920CAF2 		.ascii	"i \312\362`V\225Q\263\367\276fo\013\265\267\220\262"
 3943      60569551 
 3943      B3F7BE66 
 3943      6F0BB5B7 
 3943      90B2
 3944 048c F85D6AEB 		.ascii	"\370]j\353\314\012\014\0352\004If\363\\\275\005\200"
 3944      CC0A0C1D 
ARM GAS  C:\Users\acest\AppData\Local\Temp\cc3CIuce.s 			page 128


 3944      32044966 
 3944      F35CBD05 
 3944      80
 3945 049d 732055F8 		.ascii	"s U\370\200\345K;@\033\033\320\260w\\[\272\270R\356"
 3945      80E54B3B 
 3945      401B1BD0 
 3945      B0775C5B 
 3945      BAB852EE 
 3946 04b1 1D2D00AD 		.ascii	"\035-\000\255\014\242\357\0358\251 \254`\321\254dWo"
 3946      0CA2EF1D 
 3946      38A920AC 
 3946      60D1AC64 
 3946      576F
 3947 04c3 8EB9E385 		.ascii	"\216\271\343\205\211\240\266\335\356\272y&(\324K\351"
 3947      89A0B6DD 
 3947      EEBA7926 
 3947      28D44BE9 
 3948 04d3 3D4FA52C 		.ascii	"=O\245,L\265\006\322\202\261\351bn\037\336\370\354>"
 3948      4CB506D2 
 3948      82B1E962 
 3948      6E1FDEF8 
 3948      EC3E
 3949 04e5 7177BB0B 		.ascii	"qw\273\013\340\221\022\233n\006\312+x\264\324\337\035"
 3949      E091129B 
 3949      6E06CA2B 
 3949      78B4D4DF 
 3949      1D
 3950 04f6 F4580321 		.ascii	"\364X\003!`Cgq\262\244\305\346\211f\"\235\223pH\350"
 3950      60436771 
 3950      B2A4C5E6 
 3950      8966229D 
 3950      937048E8 
 3951 050a 39987B49 		.ascii	"9\230{I\010\035\342\325\205Q\3273f\341s9&\005\317\213"
 3951      081DE2D5 
 3951      8551D733 
 3951      66E17339 
 3951      2605CF8B 
 3952 051e 5CAE8020 		.ascii	"\\\256\200 \254G}}\346\303\327-\217\237l\026\275\007"
 3952      AC477D7D 
 3952      E6C3D72D 
 3952      8F9F6C16 
 3952      BD07
 3953 0530 83C76E4C 		.ascii	"\203\307nLd\0161\220d\224E(\313Q2\011\363\366\366\271"
 3953      640E3190 
 3953      64944528 
 3953      CB513209 
 3953      F3F6F6B9 
 3954 0544 34C9DD91 		.ascii	"4\311\335\221\036\000\227\240:r\364i\376\266^\232#x"
 3954      1E0097A0 
 3954      3A72F469 
 3954      FEB65E9A 
 3954      2378
 3955 0556 47D13F83 		.ascii	"G\321?\203N@y\204\206\320\217\015\264\376\354\2142\375"
 3955      4E407984 
 3955      86D08F0D 
 3955      B4FEEC8C 
 3955      32FD
ARM GAS  C:\Users\acest\AppData\Local\Temp\cc3CIuce.s 			page 129


 3956 0568 427631F6 		.ascii	"Bv1\366\366\213\027*\264\236\247Z6G@\034\0326[\200Y"
 3956      F68B172A 
 3956      B49EA75A 
 3956      3647401C 
 3956      1A365B80 
 3957 057d 02D987C6 		.ascii	"\002\331\207\306\2240\370\354\344\325\325\036i\231\""
 3957      9430F8EC 
 3957      E4D5D51E 
 3957      699922
 3958 058c C03CD918 		.ascii	"\300<\331\030r\214\203\036g=\361\260x\276\006B\300\305"
 3958      728C831E 
 3958      673DF1B0 
 3958      78BE0642 
 3958      C0C5
 3959 059e D5AB770A 		.ascii	"\325\253w\012\232\305\251\232\305\013\250\305\265\214"
 3959      9AC5A99A 
 3959      C50BA8C5 
 3959      B58C
 3960 05ac E5E2A3DC 		.ascii	"\345\342\243\334k\301>@\260P`0\204\334\275\273&'P\203"
 3960      6BC13E40 
 3960      B0506030 
 3960      84DCBDBB 
 3960      26275083 
 3961 05c0 2CD278E8 		.ascii	",\322x\350\022\2144\241\331\367Q\272(_\237[\305-\033"
 3961      128C34A1 
 3961      D9F751BA 
 3961      285F9F5B 
 3961      C52D1B
 3962 05d3 6048D810 		.ascii	"`H\330\020\376\243\251\374(\253\264\272\017O\345\353"
 3962      FEA3A9FC 
 3962      28ABB4BA 
 3962      0F4FE5EB 
 3963 05e3 00AF0096 		.ascii	"\000\257\000\226\011\177w\240_F\275\200\225\002\254"
 3963      097F77A0 
 3963      5F46BD80 
 3963      9502AC
 3964 05f2 1160B500 		.ascii	"\021`\265\000+\004X.@\206\000K\005XE\247XZ#3/=$m\006"
 3964      2B04582E 
 3964      4086004B 
 3964      055845A7 
 3964      585A2333 
 3965 060b 81B902CC 		.ascii	"\201\271\002\314\024\274I\251\275\213\2539d\261\000"
 3965      14BC49A9 
 3965      BD8BAB39 
 3965      64B100
 3966 061a C93E2094 		.ascii	"\311> \224\345~\256\312\222\356\233\245\240f\036\357"
 3966      E57EAECA 
 3966      92EE9BA5 
 3966      A0661EEF 
 3967 062a 6437015E 		.ascii	"d7\001^\372\260\236*J\221\025EA\332\033\364<\327\364"
 3967      FAB09E2A 
 3967      4A911545 
 3967      41DA1BF4 
 3967      3CD7F4
 3968 063d 2C7983B5 		.ascii	",y\203\265;d\222\031\002\274\366\241\207\215`\341\254"
 3968      3B649219 
 3968      02BCF6A1 
ARM GAS  C:\Users\acest\AppData\Local\Temp\cc3CIuce.s 			page 130


 3968      878D60E1 
 3968      AC
 3969 064e 9F561948 		.ascii	"\237V\031H\201h {D6Y]\237\261\201O\022\272I%K\300\251"
 3969      8168207B 
 3969      4436595D 
 3969      9FB1814F 
 3969      12BA4925 
 3970 0665 4C998358 		.ascii	"L\231\203X\315\241\244\004\253T\262*\355\205\365w\203"
 3970      CDA1A404 
 3970      AB54B22A 
 3970      ED85F577 
 3970      83
 3971 0676 3DABE4E8 		.ascii	"=\253\344\350\253\220\023\010>\303\300\015\317\267\237"
 3971      AB901308 
 3971      3EC3C00D 
 3971      CFB79F
 3972 0685 F3026F76 		.ascii	"\363\002ov\003_\021\251uC\341\337\330_\003\271\301*"
 3972      035F11A9 
 3972      7543E1DF 
 3972      D85F03B9 
 3972      C12A
 3973 0697 CEBC96B1 		.ascii	"\316\274\226\261\205\315\016\217\\\345\253\322\374\324"
 3973      85CD0E8F 
 3973      5CE5ABD2 
 3973      FCD4
 3974 06a5 B1679B80 		.ascii	"\261g\233\200 \254\273U\200<\001q\247f.(\011\321\362"
 3974      20ACBB55 
 3974      803C0171 
 3974      A7662E28 
 3974      09D1F2
 3975 06b8 6BBBE6F8 		.ascii	"k\273\346\370\016A\036\230p\340nE\203:Q\2362\356\355"
 3975      0E411E98 
 3975      70E06E45 
 3975      833A519E 
 3975      32EEED
 3976 06cb 7B176C14 		.ascii	"{\027l\024\335\223\177\227\000\205J\017\231+QPveq\215"
 3976      DD937F97 
 3976      00854A0F 
 3976      992B5150 
 3976      7665718D 
 3977 06df C708F6AB 		.ascii	"\307\010\366\253\006B@Z\375\003QS\274[S\274\207&\366"
 3977      0642405A 
 3977      FD035153 
 3977      BC5B53BC 
 3977      8726F6
 3978 06f2 32892BFF 		.ascii	"2\211+\377G\026\277F\201d\310\005C\371d\"\220,\271`"
 3978      4716BF46 
 3978      8164C805 
 3978      43F96422 
 3978      902CB960 
 3979 0706 30D92819 		.ascii	"0\331(\031\3106\246\264\365\310\275\223>VMe\202~1\264"
 3979      C836A6B4 
 3979      F5C8BD93 
 3979      3E564D65 
 3979      827E31B4 
 3980 071a 5BAE3880 		.ascii	"[\2568\200\024a\305\203\362UoR\206W\025(GP\252PN\240"
 3980      1461C583 
ARM GAS  C:\Users\acest\AppData\Local\Temp\cc3CIuce.s 			page 131


 3980      F2556F52 
 3980      86571528 
 3980      4750AA50 
 3981 0730 D4A05CA4 		.ascii	"\324\240\\\244\324\375N\227\266w\012C\206\204\016\321"
 3981      D4FD4E97 
 3981      B6770A43 
 3981      86840ED1 
 3982 0740 F5AE65ED 		.ascii	"\365\256e\355\215\327\337\257\234\345\252\302\365N\271"
 3982      8DD7DFAF 
 3982      9CE5AAC2 
 3982      F54EB9
 3983 074f 00870538 		.ascii	"\000\207\0058\255\271Q!\250I\374l!Ob\304\234p\303\250"
 3983      ADB95121 
 3983      A849FC6C 
 3983      214F62C4 
 3983      9C70C3A8 
 3984 0763 292A4F10 		.ascii	")*O\020\305xK0\300I\006B\203k\0048+\300y\001j\005\270"
 3984      C5784B30 
 3984      C0490642 
 3984      836B0438 
 3984      2BC07901 
 3985 077a 28C01901 		.ascii	"(\300\031\001N\011pI\200\013\002\234\023\344\221\271"
 3985      4E097049 
 3985      800B029C 
 3985      13E491B9 
 3986 078a 5B23AF72 		.ascii	"[#\257r#\247{<e\256z\245\201\216\272\201\216\010\032"
 3986      23A77B3C 
 3986      65AE7AA5 
 3986      818EBA81 
 3986      8E081A
 3987 079d E8B9063A 		.ascii	"\350\271\006:\356e\246\214Y\260X\305\224\272aJtD/4\242"
 3987      EE65A68C 
 3987      59B058C5 
 3987      94BA614A 
 3987      74442F34 
 3988 07b2 6A6F9378 		.ascii	"jo\223xLR4\242C\336D\034\363R\3439\346m5\307\364h\230"
 3988      4C5234A2 
 3988      43DE441C 
 3988      F352E339 
 3988      E66D35C7 
 3989 07c9 4AEFF8A3 		.ascii	"J\357\370\243A$\307"
 3989      4124C7
 3990 07d0 CF4036FB 		.ascii	"\317@6\373\321\364x\226\334\2645\304='/\013pE\313\311"
 3990      D1F47896 
 3990      DCB435C4 
 3990      3D272F0B 
 3990      7045CBC9 
 3991 07e4 8C3B8DED 		.ascii	"\214;\215\355\272y\346\212\306v\225&e!e\361[\233ur\006"
 3991      BA79E68A 
 3991      C6769526 
 3991      652165F1 
 3991      5B9B7572 
 3992 07f9 19C216D2 		.ascii	"\031\302\026\322\035U\247\027\261a\343\252\000u\002"
 3992      1D55A717 
 3992      B161E3AA 
 3992      007502
 3993 0808 5CF735F8 		.ascii	"\\\3675\370T\357\374\216\"\320\262\203\014\301\333X"
ARM GAS  C:\Users\acest\AppData\Local\Temp\cc3CIuce.s 			page 132


 3993      54EFFC8E 
 3993      22D0B283 
 3993      0CC1DB58 
 3994 0818 0DAAD6F8 		.ascii	"\015\252\326\370Eh\0076~=Ca\3437\010pMPV\007A\274\037"
 3994      45680736 
 3994      7E3D4361 
 3994      E3370870 
 3994      4D505607 
 3995 082f 1848197A 		.ascii	"\030H\031zS\211r\234y\224Q\322\352\362X\002\334\022"
 3995      5389729C 
 3995      799451D2 
 3995      EAF25802 
 3995      DC12
 3996 0841 E0B6D215 		.ascii	"\340\266\322\025\353\031\350\316\326\243\255\340\016"
 3996      EB19E8CE 
 3996      D6A3ADE0 
 3996      0E
 3997 084e BAA38110 		.ascii	"\272\243\201\020PP~\241\304Os\373\256\346F3u\273\203"
 3997      50507EA1 
 3997      C44F73FB 
 3997      AEE64633 
 3997      75BB83
 3998 0861 B218F397 		.ascii	"\262\030\363\227\037o6\322\374\347K\244|e\211\324,\320"
 3998      1F6F36D2 
 3998      FCE74BA4 
 3998      7C6589D4 
 3998      2CD0
 3999 0873 2541CB9B 		.ascii	"%A\313\233\223\372\206\200\375\227\331\325\302\374\272"
 3999      93FA8680 
 3999      FD97D9D5 
 3999      C2FCBA
 4000 0882 2F40AB00 		.ascii	"/@\253\000\017\224\374\335)/\243\220\247\325\213\207"
 4000      0F94FCDD 
 4000      292FA390 
 4000      A7D58B87 
 4001 0892 27544751 		.ascii	"'TGQ\016\017\363\025\200{\202\036#'\024\372\260\276"
 4001      0E0FF315 
 4001      807B821E 
 4001      232714FA 
 4001      B0BE
 4002 08a4 E051B65F 		.ascii	"\340Q\266_\250\227\326;>\264\222\307\030\277n\346\324"
 4002      A897D63B 
 4002      3EB492C7 
 4002      18BF6EE6 
 4002      D4
 4003 08b5 DDD75B6E 		.ascii	"\335\327[n\004\323\031\323\305&\313\223\233\344\311"
 4003      04D319D3 
 4003      C526CB93 
 4003      9BE4C9
 4004 08c4 F2054087 		.ascii	"\362\005@\207\000\017\377\236S\006\012A\362N\001\036"
 4004      000FFF9E 
 4004      53060A41 
 4004      F24E011E 
 4005 08d4 09D025CF 		.ascii	"\011\320%\317\216\005\365\233\\\314\2456\001\232\030"
 4005      8E05F59B 
 4005      5CCCA536 
 4005      019A18
ARM GAS  C:\Users\acest\AppData\Local\Temp\cc3CIuce.s 			page 133


 4006 08e3 8B825659 		.ascii	"\213\202VY\012\352dH\007\256\002\031\204\217\317\012"
 4006      0AEA6448 
 4006      07AE0219 
 4006      848FCF0A 
 4007 08f3 84B8FCD1 		.ascii	"\204\270\374\321\274\367\346\265.\330\001C\364?:\376"
 4007      BCF7E6B5 
 4007      2ED80143 
 4007      F43F3AFE 
 4008 0903 D0AC6AD8 		.ascii	"\320\254j\330$\321Q\007+\336\304\365\013\361\320@c\326"
 4008      24D15107 
 4008      2BDEC4F5 
 4008      0BF1D040 
 4008      63D6
 4009 0915 7D84CF68 		.ascii	"}\204\317h{\004(`\020\305\225|\255\363\244$\363\330"
 4009      7B042860 
 4009      10C5957C 
 4009      ADF3A424 
 4009      F3D8
 4010 0927 D700ECF4 		.ascii	"\327\000\354\364\306\310\301\337\231\233\036\\\340\""
 4010      C6C8C1DF 
 4010      999B1E5C 
 4010      E022
 4011 0935 902DC03A 		.ascii	"\220-\300:\006\342;\262\265\024\202\373n\352MK\236\352"
 4011      06E23BB2 
 4011      B51482FB 
 4011      6EEA4D4B 
 4011      9EEA
 4012 0947 CD6DA010 		.ascii	"\315m\240\020\305\233&P=n\323<\336+\3501\347\264Aa\353"
 4012      C59B2650 
 4012      3D6ED33C 
 4012      DE2BE831 
 4012      E7B44161 
 4013 095c B1B9AEDE 		.ascii	"\261\271\256\3363\202`\243\000\033<U\255\347\252\352"
 4013      338260A3 
 4013      001B3C55 
 4013      ADE7AAEA 
 4014 096c E405014E 		.ascii	"\344\005\001N\321\335\2407\271S\245\351H9\301]\307%"
 4014      D1DDA037 
 4014      B953A5E9 
 4014      4839C15D 
 4014      C725
 4015 097e 4FBD1BE6 		.ascii	"O\275\033\346\252nH\314H\345DQ\360\330\315\365K\032"
 4015      AA6E48CC 
 4015      48E54451 
 4015      F0D8CDF5 
 4015      4B1A
 4016 0990 A663C1B6 		.ascii	"\246c\301\266t%\357\352\300\013\304m~\256\255P\032\275"
 4016      7425EFEA 
 4016      C00BC46D 
 4016      7EAEAD50 
 4016      1ABD
 4017 09a2 95718356 		.ascii	"\225q\203V\037\343<;\004\330\342\246l\255\340\221W\027"
 4017      1FE33C3B 
 4017      04D8E2A6 
 4017      6CADE091 
 4017      5717
 4018 09b4 00CE035B 		.ascii	"\000\316\003[q\"\0123\353\211\000s\011t\013\360T\200"
ARM GAS  C:\Users\acest\AppData\Local\Temp\cc3CIuce.s 			page 134


 4018      71220A33 
 4018      EB890073 
 4018      09740BF0 
 4018      5480
 4019 09c6 67B8D822 		.ascii	"g\270\330\"0\233\300K\001\236\013\360J\2009\004^\010"
 4019      309BC04B 
 4019      019E0BF0 
 4019      4A803904 
 4019      5E08
 4020 09d8 80C4AF05 		.ascii	"\200\304\257\005\300\026\352\221\373T\307:\271\311r"
 4020      C016EA91 
 4020      FB54C73A 
 4020      B9C972
 4021 09e7 05D8E419 		.ascii	"\005\330\344\031G>\346\0244\310fc\246?\364\216\243\014"
 4021      473EE614 
 4021      34C86663 
 4021      A63FF48E 
 4021      A30C
 4022 09f9 BA27B719 		.ascii	"\272'\267\031\016H\373\031\017\037\243\264\271\005;"
 4022      0E48FB19 
 4022      0F1FA3B4 
 4022      B9053B
 4023 0a08 DEE3D4B3 		.ascii	"\336\343\324\263+\215\241^\036\314\377\367{@\346\372"
 4023      2B8DA15E 
 4023      1ECCFFF7 
 4023      7B40E6FA 
 4024 0a18 1BC842DA 		.ascii	"\033\310B\332\001\204\272\025\3472=\206\256y\004\346"
 4024      0184BA15 
 4024      E7323D86 
 4024      AE7904E6 
 4025 0a28 13797CCB 		.ascii	"\023y|\313a\240\303\273\363\0072L\271\202I\3250x\177"
 4025      61A0C3BB 
 4025      F307324C 
 4025      B98249D5 
 4025      30787F
 4026 0a3b D3C16B85 		.ascii	"\323\301k\205\272Q}\201\346\353B\"\017\257\341\244\010"
 4026      BA517D81 
 4026      E6EB4222 
 4026      0FAFE1A4 
 4026      08
 4027 0a4c 7596A01C 		.ascii	"u\226\240\034A9\316hKg\035H\015\360^L\260\0079\312b"
 4027      4139CE68 
 4027      4B671D48 
 4027      0DF05E4C 
 4027      B00739CA 
 4028 0a61 02F75065 		.ascii	"\002\367Pe3\347\314\027\330lPT\377\3325\222\217\037"
 4028      33E7CC17 
 4028      D86C5054 
 4028      FFDA3592 
 4028      8F1F
 4029 0a73 4B092C21 		.ascii	"K\011,!\260\234\370\230\017\334\266Gi\014\204l\313\350"
 4029      B09CF898 
 4029      0FDCB647 
 4029      690C846C 
 4029      CBE8
 4030 0a85 533432CF 		.ascii	"S42\317H\025/Y\2619\300{'\265\302\035\232f\244\226\377"
 4030      48152F59 
ARM GAS  C:\Users\acest\AppData\Local\Temp\cc3CIuce.s 			page 135


 4030      B139C07B 
 4030      27B5C21D 
 4030      9A66A496 
 4031 0a9a A83E5CFA 		.ascii	"\250>\\\372\021g\272U\254\372\306\271\227{|l\3143(\006"
 4031      1167BA55 
 4031      ACFAC6B9 
 4031      977B7C6C 
 4031      CC332806 
 4032 0aae ABAF21B0 		.ascii	"\253\257!\260\232\220\015F\003\331J\341\342\206\252"
 4032      9A900D46 
 4032      03D94AE1 
 4032      E286AA
 4033 0abd CC0C53A8 		.ascii	"\314\014S\250\367\326x\035\201,\246/\233\360a\255\350"
 4033      F7D6781D 
 4033      812CA62F 
 4033      9BF061AD 
 4033      E8
 4034 0ace 51D682F7 		.ascii	"Q\326\202\367\331Z\207\017ZY\304s\320\332\313\364W\245"
 4034      D95A870F 
 4034      5A59C473 
 4034      D0DACBF4 
 4034      57A5
 4035 0ae0 AE4CEBE5 		.ascii	"\256L\353\345\275\353]\357\306\307Wq@\016\241\035U("
 4035      BDEB5DEF 
 4035      C6C75771 
 4035      400EA11D 
 4035      5528
 4036 0af2 6758D55F 		.ascii	"gX\325_g\255[\032\344m\372f}\310\311U\204\337`\360\243"
 4036      67AD5B1A 
 4036      E46DFA66 
 4036      7DC8C955 
 4036      84DF60F0 
 4037 0b07 67AB1F7A 		.ascii	"g\253\037zdG\036\201\255Jv\264s\316\373\373\216\371"
 4037      64471E81 
 4037      AD4A76B4 
 4037      73CEFBFB 
 4037      8EF9
 4038 0b19 B983B669 		.ascii	"\271\203\266i \004<Z;o\223\277n\011\2545\332\016\372"
 4038      20043C5A 
 4038      3B6F93BF 
 4038      6E09AC35 
 4038      DA0EFA
 4039 0b2c 86A307D5 		.ascii	"\206\243\007\325\315\011\240\300\232\252\362'!\336\326"
 4039      CD09A0C0 
 4039      9AAAF227 
 4039      21DED6
 4040 0b3b ED744F08 		.ascii	"\355tO\010\343\263W=\013$m\242<\255<i+ \220O\240\220"
 4040      E3B3573D 
 4040      0B246DA2 
 4040      3CAD3C69 
 4040      2B20904F 
 4041 0b51 784E5E5E 		.ascii	"xN^^sV\036C!\343n\002\277\022\330E\344^]S\311g\301\035"
 4041      73561E43 
 4041      21E36E02 
 4041      BF12D845 
 4041      E45E5D53 
 4042 0b69 84CE9485 		.ascii	"\204\316\224\205\304\307LYpJ\236M\021s\307\013\303&"
ARM GAS  C:\Users\acest\AppData\Local\Temp\cc3CIuce.s 			page 136


 4042      C4C74C59 
 4042      704A9E4D 
 4042      1173C70B 
 4042      C326
 4043 0b7b CAE4AA7B 		.ascii	"\312\344\252{\327M\336\023\3456\037J\311\322\000\314"
 4043      D74DDE13 
 4043      E5361F4A 
 4043      C9D200CC 
 4044 0b8b 1294DDCC 		.ascii	"\022\224\335\314\377\275\2673\352L\246F\257=E\021q\333"
 4044      FFBDB733 
 4044      EA4CA646 
 4044      AF3D4511 
 4044      71DB
 4045 0b9d 5318CF6F 		.ascii	"S\030\317o\317LfKe>\251\326\345\364\231\301\002\260"
 4045      CF4C664B 
 4045      653EA9D6 
 4045      E5F499C1 
 4045      02B0
 4046 0baf 87C01602 		.ascii	"\207\300\026\002\007='\253\033t\020\315A\263Waj\355"
 4046      073D27AB 
 4046      1B7410CD 
 4046      41B35761 
 4046      6AED
 4047 0bc1 471B1846 		.ascii	"G\033\030FI\255#n#\344\000\334*\021\272\264\203\275"
 4047      49AD236E 
 4047      23E400DC 
 4047      2A11BAB4 
 4047      83BD
 4048 0bd3 0C855A0F 		.ascii	"\014\205Z\017\020(!P,\007\251\240E\016@.\201M\014\342"
 4048      10282150 
 4048      2C07A9A0 
 4048      450E402E 
 4048      814D0CE2 
 4049 0be7 B91C2625 		.ascii	"\271\034&%\314\231_gg\037\226B\275hK}\320\362\307p@"
 4049      CC995F67 
 4049      671F9642 
 4049      BD684B7D 
 4049      D0F2C770 
 4050 0bfc CE61242E 		.ascii	"\316a$.\243\334\245\004~\207*V-\244\315L[\346\224<\341"
 4050      A3DCA504 
 4050      7E872A56 
 4050      2DA4CD4C 
 4050      5BE6943C 
 4051 0c11 2CC04528 		.ascii	",\300E(\201#\336J\265p\227\023\352\022T0\030\3529J\340"
 4051      8123DE4A 
 4051      B5709713 
 4051      EA125430 
 4051      18EA394A 
 4052 0c26 B0DCC13A 		.ascii	"\260\334\301:\252\267\215\247,|\331p\3043N\244\235\031"
 4052      AAB78DA7 
 4052      2C7CD970 
 4052      C4334EA4 
 4052      9D19
 4053 0c38 BE70F799 		.ascii	"\276p\367\231J)\324\213\360\230'!\033\327\012\370\376"
 4053      4A29D48B 
 4053      F0982721 
 4053      1BD70AF8 
ARM GAS  C:\Users\acest\AppData\Local\Temp\cc3CIuce.s 			page 137


 4053      FE
 4054 0c49 D315485E 		.ascii	"\323\025H^\242\341.\023\216\033&J\222\336\225\36308"
 4054      A2E12E13 
 4054      8E1B264A 
 4054      92DE95F3 
 4054      3038
 4055 0c5b A8F10D0F 		.ascii	"\250\361\015\017.qT(\314:87`H\350\015\332\202\2057v"
 4055      2E715428 
 4055      CC3A3837 
 4055      6048E80D 
 4055      DA828537 
 4056 0c70 851FE6BB 		.ascii	"\205\037\346\273\234\032\002\247\010\324\376\335q\355"
 4056      9C1A02A7 
 4056      08D4FEDD 
 4056      71ED
 4057 0c7e 2403A135 		.ascii	"$\003\2415\247Y\036\3250\245\345E\235\205&\357\201\355"
 4057      A7591ED5 
 4057      30A5E545 
 4057      9D8526EF 
 4057      81ED
 4058 0c90 8C1B3683 		.ascii	"\214\0336\203\364\311q\265\234\017QwZ<\211\366\357\220"
 4058      F4C971B5 
 4058      9C0F5177 
 4058      5A3C89F6 
 4058      EF90
 4059 0ca2 93680381 		.ascii	"\223h\003\201\265\004\316k\011r\3003A\216\023\250&l"
 4059      B504CE6B 
 4059      0972C033 
 4059      418E13A8 
 4059      266C
 4060 0cb4 4B7A9ED1 		.ascii	"Kz\236\321^$p\211\3009\002\227\011\\\300\271\234@\035"
 4060      5E247089 
 4060      C0390297 
 4060      095CC0B9 
 4060      9C401D
 4061 0cc7 2ED8E598 		.ascii	".\330\345\230\027\234\224\367\017+\011,f\274\212g\213"
 4061      179C94F7 
 4061      0F2B092C 
 4061      66BC8A67 
 4061      8B
 4062 0cd8 88360FAE 		.ascii	"\2106\017\256\333\301\347\301*\002\207\030\210\007]"
 4062      DBC1E7C1 
 4062      2A028718 
 4062      88075D
 4063 0ce7 BFA0DB4A 		.ascii	"\277\240\333J!4\203\313\010ld\030\236Q\372\014.h\220"
 4063      213483CB 
 4063      086C6418 
 4063      9E51FA0C 
 4063      2E6890
 4064 0cfa 7992095C 		.ascii	"y\222\011\\\004\212\341\223\245\274\006\222\273p\251"
 4064      048AE193 
 4064      A5BC0692 
 4064      BB70A9
 4065 0d09 6C512681 		.ascii	"lQ&\201U\336\026\361\005\305\345S<\341\026\022Hq\303"
 4065      55DE16F1 
 4065      05C5E553 
 4065      3CE11612 
ARM GAS  C:\Users\acest\AppData\Local\Temp\cc3CIuce.s 			page 138


 4065      4871C3
 4066 0d1c 9C53C794 		.ascii	"\234S\307\224\216{;8\346,\201\023n\230\263\332\344\235"
 4066      8E7B3B38 
 4066      E62C8113 
 4066      6E98B3DA 
 4066      E49D
 4067 0d2e 71ACBDDD 		.ascii	"q\254\275\335\030\352\025\273_\377~\354\260\362\234"
 4067      18EA15BB 
 4067      5FFF7EEC 
 4067      B0F29C
 4068 0d3d C6E7EF6A 		.ascii	"\306\347\357j\343f\275\246\240\201\260\373;O\225-\203"
 4068      E366BDA6 
 4068      A081B0FB 
 4068      3B4F952D 
 4068      83
 4069 0d4e 3EBCBD71 		.ascii	">\274\275q\361\330\240\001\256\021\366\334\333@\032"
 4069      F1D8A001 
 4069      AE11F6DC 
 4069      DB401A
 4070 0d5d 3023EFD2 		.ascii	"0#\357\322\3440Vo8\371\236<h\026\254=\315\227\201U@"
 4070      E430566F 
 4070      38F99E3C 
 4070      6816AC3D 
 4070      CD978155 
 4071 0d72 972F3795 		.ascii	"\227/7\225\345\313\0336\026\327\011\205\240\2617\010"
 4071      E5CB1B36 
 4071      16D70985 
 4071      A0B13708 
 4072 0d82 34615E28 		.ascii	"4a^(\275)\3574\367\377\032\346\027P\210\307pI1\371;"
 4072      BD29EF34 
 4072      F7FF1AE6 
 4072      175088C7 
 4072      704931F9 
 4073 0d97 39A60217 		.ascii	"9\246\002\027oD\217\3216\026\333\232\212\033\202n\003"
 4073      6F448FD1 
 4073      3616DB9A 
 4073      8A1B826E 
 4073      03
 4074 0da8 7B05285A 		.ascii	"{\005(Z\001W\202\037\343\037\223\341\277\023C\230Kp"
 4074      0157821F 
 4074      E31F93E1 
 4074      BF134398 
 4074      4B70
 4075 0dba 097E5622 		.ascii	"\011~V\"\230\210\211XMU\360\356\320Gd\224Q\030\332\313"
 4075      98888958 
 4075      4D55F0EE 
 4075      D0476494 
 4075      5118DACB 
 4076 0dce 64DC5209 		.ascii	"d\334R\011\275M\222Q\020\232\375\255\246\241/`\273\220"
 4076      BD4D9251 
 4076      109AFDAD 
 4076      A6A12F60 
 4076      BB90
 4077 0de0 ED377894 		.ascii	"\3557x\224K\264.\350\333\354\357\022\322\276\013\033"
 4077      4BB42EE8 
 4077      DBECEF12 
 4077      D2BE0B1B 
ARM GAS  C:\Users\acest\AppData\Local\Temp\cc3CIuce.s 			page 139


 4078 0df0 390AFF36 		.ascii	"9\012\3776\373W\201\025k\215\023\215\275\361\254\331"
 4078      FB578115 
 4078      6B8D138D 
 4078      BDF1ACD9 
 4079 0e00 DFF48864 		.ascii	"\337\364\210d/\364\263\236\022R\376\200\376\233\254"
 4079      2FF4B39E 
 4079      1252FE80 
 4079      FE9BAC
 4080 0e0f 23C2D0CE 		.ascii	"#\302\320\316QF\343\273\275*H\005\371\322`0\032\013"
 4080      5146E3BB 
 4080      BD2A4805 
 4080      F9D26030 
 4080      1A0B
 4081 0e21 F2FB9A9A 		.ascii	"\362\373\232\232\375{!\305P\353\340\336\326\301\275"
 4081      FD7B21C5 
 4081      50EBE0DE 
 4081      D6C1BD
 4082 0e30 AA40B25A 		.ascii	"\252@\262ZMaC\015h\204u\304\210Q\202\011\231Ec\025\214"
 4082      4D61430D 
 4082      688475C4 
 4082      88518209 
 4082      99456315 
 4083 0e45 201034C2 		.ascii	" \0204\302u\243\245\277I2\005\274;x\250\301`5|) /\351"
 4083      75A3A5BF 
 4083      493205BC 
 4083      3B78A8C1 
 4083      60357C29 
 4084 0e5c 517EE08F 		.ascii	"Q~\340\217:\255\332%\300P\2230B _7\373\033\014\2020"
 4084      3AADDA25 
 4084      C0509330 
 4084      42205F37 
 4084      FB1B0C82 
 4085 0e71 1863291A 		.ascii	"\030c)\032\203\202\300\205\207\000\363\327\326q#L\206"
 4085      8382C085 
 4085      8700F3D7 
 4085      D671234C 
 4085      86
 4086 0e82 667F016F 		.ascii	"f\177\001o\205\261\007\261ZM\023\316\010p\365\177`\217"
 4086      85B107B1 
 4086      5A4D13CE 
 4086      0870F57F 
 4086      608F
 4087 0e94 66FFD13F 		.ascii	"f\377\321? \377\001z\011\374s\012E\015+\247\263\261"
 4087      20FF017A 
 4087      09FC730A 
 4087      450D2BA7 
 4087      B3B1
 4088 0ea6 20A32984 		.ascii	" \243)\204\227\252\007\371\234\002\004\231Gy\311\007"
 4088      97AA07F9 
 4088      9C020499 
 4088      4779C907 
 4089 0eb6 BC8EAC84 		.ascii	"\274\216\254\204\376\325\221\253\020\220!\012\017\257"
 4089      FED591AB 
 4089      1090210A 
 4089      0FAF
 4090 0ec4 2303D4BA 		.ascii	"#\003\324\272\362)\325\301\300\202\276\016\253\347f"
 4090      F229D5C1 
ARM GAS  C:\Users\acest\AppData\Local\Temp\cc3CIuce.s 			page 140


 4090      C082BE0E 
 4090      ABE766
 4091 0ed3 B8466950 		.ascii	"\270FiPi\025\223\014\374\002\363\346\320\322\253\311"
 4091      6915930C 
 4091      FC02F3E6 
 4091      D0D2ABC9 
 4092 0ee3 D21DFA24 		.ascii	"\322\035\372$\372e[zY \364M\033e\0002;\220\336\273:"
 4092      FA655B7A 
 4092      5920F44D 
 4092      1B650032 
 4092      3B90DEBB 
 4093 0ef8 67D722F7 		.ascii	"g\327\"\367\205\013n\265\265\025I\306\315\355/<^\322"
 4093      850B6EB5 
 4093      B51549C6 
 4093      CDED2F3C 
 4093      5ED2
 4094 0f0a 1C023DA0 		.ascii	"\034\002=\240\244|G\247I\353z\367\264\274\275\317\273"
 4094      A47C47A7 
 4094      49EB7AF7 
 4094      B4BCBDCF 
 4094      BB
 4095 0f1b 5ED5D187 		.ascii	"^\325\321\207M\364\233\010Z\000\011l*\020\330L\320\033"
 4095      4DF49B08 
 4095      5A00096C 
 4095      2A10D84C 
 4095      D01B
 4096 0f2d 6FAEA9DE 		.ascii	"o\256\251\336\362:\270?r\267\272\\a\020\015\017p=A\207"
 4096      F23AB83F 
 4096      72B7BA5C 
 4096      61100D0F 
 4096      703D4187 
 4097 0f41 9636EC95 		.ascii	"\2266\354\225-x\362^\332*\372\212\260}V .\\f\322\276"
 4097      2D78F25E 
 4097      DA2AFA8A 
 4097      B07D5620 
 4097      2E5C66D2 
 4098 0f56 86B7E0AE 		.ascii	"\206\267\340\256\254\336\200g\270\257&p\233\214y9\220"
 4098      ACDE8067 
 4098      B8AF2670 
 4098      9B8C7939 
 4098      90
 4099 0f67 AC670E25 		.ascii	"\254g\016%\027/:a\362A\331\211\320\004\316Xt\260x\311"
 4099      172F3A61 
 4099      F241D989 
 4099      D004CE58 
 4099      74B078C9 
 4100 0f7b BFA9849D 		.ascii	"\277\251\204\235\004:T\302\016\225p\307@\322\024h 3"
 4100      043A54C2 
 4100      0E9570C7 
 4100      40D21468 
 4100      2033
 4101 0f8d 8228E9FC 		.ascii	"\202(\351\374\207\307fH*i1\250\254\2179+B:\233"
 4101      87C76648 
 4101      2A6931A8 
 4101      AC8F392B 
 4101      423A9B
 4102 0fa0 DA9A7ABD 		.ascii	"\332\232z\275\267\012\355\355\274yo\225\377\311Ss\027"
ARM GAS  C:\Users\acest\AppData\Local\Temp\cc3CIuce.s 			page 141


 4102      B70AEDED 
 4102      BC796F95 
 4102      FFC95373 
 4102      17
 4103 0fb1 B9B267B8 		.ascii	"\271\262g\270F\271\000A\360H\326\000O\350\271\242c~"
 4103      46B90041 
 4103      F048D600 
 4103      4FE8B9A2 
 4103      637E
 4104 0fc3 FFDF30F8 		.ascii	"\377\3370\370\251fpZfv\271\340\302M\311S\002]:\246."
 4104      A966705A 
 4104      6676B9E0 
 4104      C24DC953 
 4104      025D3AA6 
 4105 0fd8 8509D786 		.ascii	"\205\011\327\206A\006\262&\230\032\322u\253h~ \0138"
 4105      4106B226 
 4105      981AD275 
 4105      AB687E20 
 4105      0B38
 4106 0fea DA998005 		.ascii	"\332\231\200\005E\265O+\214>\024\274\304\332\335\274"
 4106      45B54F2B 
 4106      8C3E14BC 
 4106      C4DADDBC 
 4107 0ffa 9172B776 		.ascii	"\221r\267v\237\223"
 4107      9F93
 4108 1000 A8F11DDD 		.ascii	"\250\361\035\335\247~\336\342r\245\215\302\273\360B"
 4108      A77EDEE2 
 4108      72A58DC2 
 4108      BBF042
 4109 100f 51F58A9E 		.ascii	"Q\365\212\236+F\267\367\373\015\243_\3730\3725\201\347"
 4109      2B46B7F7 
 4109      FB0DA35F 
 4109      FB30FA35 
 4109      81E7
 4110 1021 3AA6E79A 		.ascii	":\246\347\232\321\371\314\340[k_w\3701\203\253\270\301"
 4110      D1F9CCE0 
 4110      5B6B5F77 
 4110      F83183AB 
 4110      B8C1
 4111 1033 C75FA4E7 		.ascii	"\307_\244\347\213>\310g\342H;Cd\006\317XS\233\006\324"
 4111      8B3EC867 
 4111      E2483B43 
 4111      6406CF58 
 4111      539B06D4 
 4112 1047 E0827573 		.ascii	"\340\202usp\216\302\226tY\361>\270D\245%]\242b\360\262"
 4112      708EC296 
 4112      7459F13E 
 4112      B844A525 
 4112      5DA262F0 
 4113 105c 81A49229 		.ascii	"\201\244\222)j*\271\272\322\304*\225)\225X\363\317V"
 4113      6A2AB9BA 
 4113      D2C42A95 
 4113      299558F3 
 4113      CF56
 4114 106e 2BCD562B 		.ascii	"+\315V+\275\032@N\261JG/\035\335\031\300\254\253\341"
 4114      BD1A404E 
 4114      B14A472F 
ARM GAS  C:\Users\acest\AppData\Local\Temp\cc3CIuce.s 			page 142


 4114      1DDD19C0 
 4114      ACABE1
 4115 1081 D6ED6BDF 		.ascii	"\326\355k\337U\034\344\303\272\024\254\233\314\255+"
 4115      551CE4C3 
 4115      BA14AC9B 
 4115      CCAD2B
 4116 1090 3876F155 		.ascii	"8v\361U\310{E\250(/YU\224\"\302\\U\321\\U\321\255\001"
 4116      C87B45A8 
 4116      282F5955 
 4116      9422C25C 
 4116      55D15C55 
 4117 10a7 E4125374 		.ascii	"\344\022St\354i\355~-\244\270~S\210SE%\307R[\367\236"
 4117      EC69ED7E 
 4117      2DA4B87E 
 4117      53885345 
 4117      25C7525B 
 4118 10bd 0964CDF4 		.ascii	"\011d\315\364\354\356\334\220Z\332)\003\3606\314Wy\347"
 4118      ECEEDC90 
 4118      5ADA2903 
 4118      F036CC57 
 4118      79E7
 4119 10cf ABBC5B07 		.ascii	"\253\274[\007\220\026\306\3730{M\225\304\034\370\021"
 4119      9016C6FB 
 4119      307B4D95 
 4119      C41CF811 
 4120 10df 12882B84 		.ascii	"\022\210+\204\256\030\017\314\337\235#\362\327\320\001"
 4120      AE180FCC 
 4120      DF9D23F2 
 4120      D7D001
 4121 10ee 02A48B33 		.ascii	"\002\244\2133\251\201\351b9}\272?;H~\270\277\230\026"
 4121      A981E962 
 4121      397DBA3F 
 4121      3B487EB8 
 4121      BF9816
 4122 1101 E1C65084 		.ascii	"\341\306P\204%\"}v\267{\345+\255U\322E\325\276\245\010"
 4122      25227D76 
 4122      B77BE52B 
 4122      AD55D245 
 4122      D5BEA508 
 4123 1115 5AC41DAF 		.ascii	"Z\304\035\257\236\237\361\204E\270\243\250\232\346\021"
 4123      9E9FF184 
 4123      45B8A3A8 
 4123      9AE611
 4124 1124 ED5F4B45 		.ascii	"\355_KEX\250\332\267P\265\257\260?\231Km\021\032\037"
 4124      58A8DAB7 
 4124      50B5AFB0 
 4124      3F994B6D 
 4124      111A1F
 4125 1137 65FF4FD6 		.ascii	"e\377O\326(\363\027\352\033e\271Zg\271Z'\257?Y\315\352"
 4125      28F317EA 
 4125      1B65B95A 
 4125      67B95A27 
 4125      AF3F59CD 
 4126 114c CC6ECB5D 		.ascii	"\314n\313]/0\237Jx\243\264\315m\\\017J\301*j\356\234"
 4126      2F309F4A 
 4126      78A3B4CD 
 4126      6D5C0F4A 
ARM GAS  C:\Users\acest\AppData\Local\Temp\cc3CIuce.s 			page 143


 4126      C12A6AEE 
 4127 1161 EEAAD460 		.ascii	"\356\252\324`\245d5-\271\276 \277>\320\227\003\031\250"
 4127      A564352D 
 4127      B9BE20BF 
 4127      3ED09703 
 4127      19A8
 4128 1173 600D77A0 		.ascii	"`\015w\240f\303\322'\306\3672\321\232\342\305\334\232"
 4128      66C3D227 
 4128      C6F732D1 
 4128      9AE2C5DC 
 4128      9A
 4129 1184 1922DE87 		.ascii	"\031\"\336\207\225\2625\220I\317\025{\366\366#;}\333"
 4129      95B23590 
 4129      49CF157B 
 4129      F6F6233B 
 4129      7DDB
 4130 1196 7320F564 		.ascii	"s \365d\211\344#I\262\260\356:\256jQ\323\351\316 \346"
 4130      89E42349 
 4130      B2B0EE3A 
 4130      AE6A51D3 
 4130      E9CE20E6 
 4131 11aa 78FD62D5 		.ascii	"x\375b\325\361,\021\326\252\216\257U\025\315\350G\016"
 4131      F12C11D6 
 4131      AA8EAF55 
 4131      15CDE847 
 4131      0E
 4132 11bb 8518C845 		.ascii	"\205\030\310E\246lEYyf/\344\200\015\234\310\327\020"
 4132      A66C4559 
 4132      79662FE4 
 4132      800D9CC8 
 4132      D710
 4133 11cd BE512621 		.ascii	"\276Q&!\327Y\225\216\322\326\247\036\357I6\211*\210"
 4133      D759958E 
 4133      D2D6A71E 
 4133      EF493689 
 4133      2A88
 4134 11df BE7C29EC 		.ascii	"\276|)\354\334\014\3320\276YT\207\361\\\256\344\370"
 4134      DC0CDA30 
 4134      BE595487 
 4134      F15CAEE4 
 4134      F8
 4135 11f0 D5F30F4C 		.ascii	"\325\363\017L\314\303\\\221yX\363\344uZ\200\017\017"
 4135      CCC35C91 
 4135      7958F3E4 
 4135      755A800F 
 4135      0F
 4136 1201 F3D0E82D 		.ascii	"\363\320\350-\274\316\306\322u\233C\336[\305\276\362"
 4136      BCCEC6D2 
 4136      759B43DE 
 4136      5BC5BEF2 
 4137 1211 389963CA 		.ascii	"8\231c\312tU\314t\215B\000\254\347\212!\007\261\353"
 4137      7455CC74 
 4137      8D4200AC 
 4137      E78A2107 
 4137      B1EB
 4138 1223 29A9813C 		.ascii	")\251\201<\364\351Z\313\313\363\251A\224\241\340\304"
 4138      F4E95ACB 
ARM GAS  C:\Users\acest\AppData\Local\Temp\cc3CIuce.s 			page 144


 4138      CBF3A941 
 4138      94A1E0C4 
 4139 1233 ACE4F2DE 		.ascii	"\254\344\362\336r\365mr\365\355X}\033\257\236\322\213"
 4139      72F56D72 
 4139      F5ED587D 
 4139      1BAF9ED2 
 4139      8B
 4140 1244 294CABCC 		.ascii	")L\253\314\025)\274\343\370,\034~a\034E\347\253\361"
 4140      1529BCE3 
 4140      F82C1C7E 
 4140      611C45E7 
 4140      ABF1
 4141 1256 CCE7D895 		.ascii	"\314\347\330\225\014\273\271}S\0173\256(\263\373\320"
 4141      0CBBB97D 
 4141      530F33AE 
 4141      28B3FBD0 
 4142 1266 7E40E304 		.ascii	"~@\343\004\232v\005*\272\200\243\2573t\365\245\331\213"
 4142      9A76052A 
 4142      BA80A3AF 
 4142      3374F5A5 
 4142      D98B
 4143 1278 2486DEDB 		.ascii	"$\206\336\333s\346\277(\340B\025\\\310\301\233zS\360"
 4143      73E6BF28 
 4143      E042155C 
 4143      C8C19B7A 
 4143      53F0
 4144 128a E9EEFD4F 		.ascii	"\351\356\375O9\370lN\241\012\336\255\202ws\360}\006"
 4144      39F86C4E 
 4144      A10ADEAD 
 4144      827773F0 
 4144      7D06
 4145 129c BE997AB6 		.ascii	"\276\231z\266\2240\360\223\334\302\277(\340\275*x/\007"
 4145      9430F093 
 4145      DCC2BF28 
 4145      E0BD2A78 
 4145      2F07
 4146 12ae E7FF8E82 		.ascii	"\347\377\216\202_/_\262\216\267\002.\267\331\330~\246"
 4146      5F2F5FB2 
 4146      8EB7022E 
 4146      B7D9D87E 
 4146      A6
 4147 12bf F400CFFB 		.ascii	"\364\000\317\373=\002\354\247Y~>\267\253\325\327\224"
 4147      3D02ECA7 
 4147      597E3EB7 
 4147      ABD5D794 
 4148 12cf 5A4CB739 		.ascii	"ZL\2679<\252\267\272\016\235\026\230\312\025\371\351"
 4148      3CAAB7BA 
 4148      0E9D1698 
 4148      CA15F9E9 
 4149 12df 2399CA62 		.ascii	"#\231\312b\021\212T\225E\\e7SYz/\243,\230\201\327\025"
 4149      118A5495 
 4149      455C6537 
 4149      53597A2F 
 4149      A32C9881 
 4150 12f5 CEFC48B1 		.ascii	"\316\374H\261\257D\005\227ppQ\037\012\316\271\3306["
 4150      AF440597 
 4150      7070511F 
ARM GAS  C:\Users\acest\AppData\Local\Temp\cc3CIuce.s 			page 145


 4150      0ACEB9D8 
 4150      365B
 4151 1307 7C7F559A 		.ascii	"|\177U\232\353\331\232;\353\037\320}\322\000\272\032"
 4151      EBD99A3B 
 4151      EB1FD07D 
 4151      D200BA1A 
 4152 1317 2FA36879 		.ascii	"/\243hyEo\300+\303\230\013}\311\301>|c\030\306V\003"
 4152      456FC02B 
 4152      C3980B7D 
 4152      C9C13E7C 
 4152      6318C656 
 4153 132c D940AAFB 		.ascii	"\331@\252\373\340\246\026\245\031\345\031\245\013\272"
 4153      E0A616A5 
 4153      19E519A5 
 4153      0BBA
 4154 133a 9ABCFB62 		.ascii	"\232\274\373bH\250\262\367\222\327\332\225\"T\210\354"
 4154      48A8B2F7 
 4154      92D7DA95 
 4154      225488EC 
 4155 134a E15B15A3 		.ascii	"\341[\025\243=%\302I\021\252E8.\302\011\221\357\275"
 4155      3D25C249 
 4155      11AA4538 
 4155      2EC20991 
 4155      EFBD
 4156 135c 719BF6FC 		.ascii	"q\233\366\374\204\374\000}\007n`E\212\365\361\352\247"
 4156      84FC007D 
 4156      076E6045 
 4156      8AF5F1EA 
 4156      A7
 4157 136d 477EF28A 		.ascii	"G~\362\212\230\303\336\030y\027\224\272P\005\035s\003"
 4157      98C3DE18 
 4157      791794BA 
 4157      50051D73 
 4157      03
 4158 137e E9DEFD3C 		.ascii	"\351\336\375<\320\210\216\272at\017D\256\247\352\037"
 4158      D0888EBA 
 4158      61740F44 
 4158      AEA7EA1F 
 4159 138e 717B60F8 		.ascii	"q{`\370\233\203=\2477\262\347m\263\313\365\256\246\276"
 4159      9B833DA7 
 4159      37B2E76D 
 4159      B3CBF5AE 
 4159      A6BE
 4160 13a0 D155FAA2 		.ascii	"\321U\372\242\261\344\325J\377\3673Y\310w\355\012_\352"
 4160      B1E4D54A 
 4160      FFF73359 
 4160      C877ED0A 
 4160      5FEA
 4161 13b2 727D0535 		.ascii	"r}\0055\"\034b\0258\201\201^\305\217y\336\227$\207\322"
 4161      221C6215 
 4161      3881815E 
 4161      C58F79DE 
 4161      972487D2 
 4162 13c6 2A5B17AE 		.ascii	"*[\027\256\357\010\366~\356R+z\357^\350T\273\251nS\000"
 4162      EF08F67E 
 4162      EE522B7A 
 4162      EF5EE854 
ARM GAS  C:\Users\acest\AppData\Local\Temp\cc3CIuce.s 			page 146


 4162      BBA96E53 
 4163 13db 6DD38E86 		.ascii	"m\323\216\206\003\342WpF\244\333\034\212\222\037\011"
 4163      03E25770 
 4163      46A4DB1C 
 4163      8A921F09 
 4164 13eb 5C278631 		.ascii	"\\'\2061\247\372\222\245\241\362\307#\362>?\230]\015"
 4164      A7FA92A5 
 4164      A1F2C723 
 4164      F23E3F98 
 4164      5D0D
 4165 13fd 44824BCD 		.ascii	"D\202K\315\355\275|}ntI\244\237\033]\244I\233\332\271"
 4165      EDBD7C7D 
 4165      6E7449A4 
 4165      9F1B5DA4 
 4165      499BDAB9 
 4166 1411 E4985F1F 		.ascii	"\344\230_\037nQv\020}\367{A\204\363\324\362:\221\001"
 4166      6E517610 
 4166      7DF77B41 
 4166      84F3D4F2 
 4166      3A9101
 4167 1424 0DEFA7A1 		.ascii	"\015\357\247\241\001\317\236\211\270\307\254\023\341"
 4167      01CF9E89 
 4167      B8C7AC13 
 4167      E1
 4168 1431 1CF34EC1 		.ascii	"\034\363N\301\234\303\204z\320\227l\0115\220\255\314"
 4168      9CC3847A 
 4168      D0976C09 
 4168      3590ADCC 
 4169 1441 C1FBAEB9 		.ascii	"\301\373\256\271\021\336O\307\256\212\372gw\273\020"
 4169      11DE4FC7 
 4169      AE8AFA67 
 4169      77BB10
 4170 1450 BD17E520 		.ascii	"\275\027\345 \312!\224\223<4\213R\253C|\274\254\276"
 4170      CA219493 
 4170      3C348B52 
 4170      AB437CBC 
 4170      ACBE
 4171 1462 21BA3D58 		.ascii	"!\272=X\012\312n_\373\244\227[f\252\017n\014\320\304"
 4171      0ACA6E5F 
 4171      FBA4975B 
 4171      66AA0F6E 
 4171      0CD0C4
 4172 1475 ACBB2DC2 		.ascii	"\254\273-\302-\021\356\210pW\204f%/\017&\347\351>w\273"
 4172      2D11EE88 
 4172      70578466 
 4172      252F0F26 
 4172      E7E93E77 
 4173 148a 2652AC8F 		.ascii	"&R\254\217T\331\"?:B\314u/\214\374\202B\2034\270At\351"
 4173      54D9223F 
 4173      3A42CC75 
 4173      2F8CFC82 
 4173      428334B8 
 4174 14a1 BD4DC6D4 		.ascii	"\275M\306\324\213p\305\033#\353\332\256<\360\272)B#"
 4174      8B70C51B 
 4174      23EBDAAE 
 4174      3CF0BA29 
 4174      4223
ARM GAS  C:\Users\acest\AppData\Local\Temp\cc3CIuce.s 			page 147


 4175 14b3 43793CF0 		.ascii	"Cy<\360\302\260d\335\253\335\030\344\375\210j\223\370"
 4175      C2B064DD 
 4175      ABDD18E4 
 4175      FD886A93 
 4175      F8
 4176 14c4 265FE994 		.ascii	"&_\351\224\222\265-\217hSJ\236\246\375>\037\206\316"
 4176      92B52D8F 
 4176      68534A9E 
 4176      A6FD3E1F 
 4176      86CE
 4177 14d6 3EED4AD3 		.ascii	">\355J\323\3159\3674@\213<\347\324\027t\353>\250\352"
 4177      CD39F734 
 4177      408B3CE7 
 4177      D41774EB 
 4177      3EA8EA
 4178 14e9 D4F616AD 		.ascii	"\324\366\026\255\034\260\264\366U\234v\277N#x\300\357"
 4178      1CB0B4F6 
 4178      559C76BF 
 4178      4E2378C0 
 4178      EF
 4179 14fa E75EBEB2 		.ascii	"\347^\276\262I\360\225zm,\365Z\011\313Q\302\022v\000"
 4179      49F0957A 
 4179      6D2CF55A 
 4179      09CB51C2 
 4179      127600
 4180 150d E25366AF 		.ascii	"\342Sf\257Y\000r\032\376/8\016\320!B;\315\260N\221\325"
 4180      5900721A 
 4180      FE2F380E 
 4180      D021423B 
 4180      CDB04E91 
 4181 1522 619F33B4 		.ascii	"a\2373\264$\357\323})\323\251)}\310\001K\236n\331\256"
 4181      24EFD37D 
 4181      29D3A929 
 4181      7DC8014B 
 4181      9E6ED9AE 
 4182 1536 FBD4E98C 		.ascii	"\373\324\351\214\006\350\342\200\262\253\313\213u\201"
 4182      06E8E280 
 4182      B2ABCB8B 
 4182      7581
 4183 1544 69D3DC7A 		.ascii	"i\323\334z\304\001\217Z\033\257\352\030\2125\206\307"
 4183      C4018F5A 
 4183      1BAFEA18 
 4183      8A3586C7 
 4184 1554 1CB0776D 		.ascii	"\034\260wm\311:\335\027\0135\032\340\011\007\354i{Y"
 4184      C93ADD17 
 4184      0B351AE0 
 4184      0907EC69 
 4184      7B59
 4185 1566 20F972FC 		.ascii	" \371r\374)s<\034!\027r^\034$z_\225\211\342\231\310"
 4185      29733C1C 
 4185      2117725E 
 4185      1C247A5F 
 4185      9589E299 
 4186 157b 60BC37FB 		.ascii	"`\2747\373\321(\356O9\021\340\213\354\005#{.2\244?\213"
 4186      D128EE4F 
 4186      3911E08B 
 4186      EC05237B 
ARM GAS  C:\Users\acest\AppData\Local\Temp\cc3CIuce.s 			page 148


 4186      2E32A43F 
 4187 1590 E2A7883F 		.ascii	"\342\247\210?\327t\247\242\227\236\371\245\010\3354"
 4187      D774A7A2 
 4187      979EF9A5 
 4187      08DD34
 4188 159f 8AAF4456 		.ascii	"\212\257DV\307@.`\177kb\375-\265\2422\223\256\375\241"
 4188      C7402E60 
 4188      7F6B62FD 
 4188      2DB5A232 
 4188      93AEFDA1 
 4189 15b3 871B9E96 		.ascii	"\207\033\236\226r\376c6\235\225\013l~\273\262p\365<"
 4189      72FE6336 
 4189      9D950B6C 
 4189      7EBBB270 
 4189      F53C
 4190 15c5 7F5F5B01 		.ascii	"\177_[\001\011\267\002\222\274A<[V\330\375A\345,\027"
 4190      09B70292 
 4190      BC413C5B 
 4190      56D8FD41 
 4190      E52C17
 4191 15d8 DDB85409 		.ascii	"\335\270T\011x\017^\313+\004\227\004\263\350\225\262"
 4191      780F5ECB 
 4191      2B049704 
 4191      B3E895B2 
 4192 15e8 8ECA7987 		.ascii	"\216\312y\207\224\206\361J\273\357\234\275\034Q\301"
 4192      9486F14A 
 4192      BBEF9CBD 
 4192      1C51C1
 4193 15f7 2B7DC576 		.ascii	"+}\305v\001\222\274\304\233#\341\271R\343\330@\3622"
 4193      0192BCC4 
 4193      9B23E1B9 
 4193      52E3D840 
 4193      F232
 4194 1609 CCCB52C6 		.ascii	"\314\313R\306\260\254\275c\245\177q\221\3135\307\345"
 4194      B0ACBD63 
 4194      A57F7191 
 4194      CB35C7E5 
 4195 1619 9AF947BA 		.ascii	"\232\371G\272\303\204\271\234\003\222%H\221\360Ja\251"
 4195      C384B99C 
 4195      03922548 
 4195      91F04A61 
 4195      A9
 4196 162a 1B4452FA 		.ascii	"\033DR\372\372d):[V1\201\357E\017\205Q\212y2\305|\011"
 4196      FA64293A 
 4196      5B563181 
 4196      EF450F85 
 4196      518A7932 
 4197 1641 5225BC52 		.ascii	"R%\274R(^\274CV\274\201\002\015\311\362\327s,\2209\026"
 4197      285EBC43 
 4197      56BC8102 
 4197      0DC9F2D7 
 4197      732C9039 
 4198 1656 4AB048C2 		.ascii	"J\260H\302+\205\243d\020\035\317\353.]\326\275dH\326"
 4198      2B85A364 
 4198      101DCFEB 
 4198      2E5DD6BD 
 4198      6448D6
ARM GAS  C:\Users\acest\AppData\Local\Temp\cc3CIuce.s 			page 149


 4199 1669 D26F31AB 		.ascii	"\322o1\253F\227\213-\335\365\272\216\327\246\275|N\223"
 4199      46978B2D 
 4199      DDF5BA8E 
 4199      D7A6BD7C 
 4199      4E93
 4200 167b E8BB2E66 		.ascii	"\350\273.f\307\257\251y\213E\357\217\331\226H\272\217"
 4200      C7AFA979 
 4200      8B45EF8F 
 4200      D99648BA 
 4200      8F
 4201 168c D91076B9 		.ascii	"\331\020v\271\246\276F\327\313\367h\352\226J\274\227"
 4201      A6BE46D7 
 4201      CBF768EA 
 4201      964ABC97 
 4202 169c 1F5C90A9 		.ascii	"\037\\\220\251\373\314\263C{\000\274L\3625\014<\325"
 4202      FBCCB343 
 4202      7B00BC4C 
 4202      F2350C3C 
 4202      D5
 4203 16ad 1896536B 		.ascii	"\030\226Sk\362\274\243B\323;\375\365qAM\234rm7\265J"
 4203      F2BCA342 
 4203      D33BFDF5 
 4203      71414D9C 
 4203      726D37B5 
 4204 16c2 5277A898 		.ascii	"Rw\250\2308g\273\376\263\2268\253$X!Gn\245\004\253\351"
 4204      3867BBFE 
 4204      B39638AB 
 4204      24582147 
 4204      6EA504AB 
 4205 16d7 9512B9D2 		.ascii	"\225\022\271\322w\310\2767G\377\271\237\032}\334\353"
 4205      77C8BE37 
 4205      47FFB99F 
 4205      1A7DDCEB 
 4206 16e7 AF913932 		.ascii	"\257\22192$\310\224\360J\341X\361\0169\341\323V\257"
 4206      24C894F0 
 4206      4AE158F1 
 4206      0E39E1D3 
 4206      56AF
 4207 16f9 1DFB89D6 		.ascii	"\035\373\211\326\215\315&_;\225l$\313\242i\277\014\267"
 4207      8DCD265F 
 4207      3B956C24 
 4207      CBA269BF 
 4207      0CB7
 4208 170b 580FF6B5 		.ascii	"X\017\366\265\336\000\327|\354g\343\361\006\254\225"
 4208      DE00D77C 
 4208      EC67E3F1 
 4208      06AC95
 4209 171a D5AE9360 		.ascii	"\325\256\223`=\275R\324>\035\344\035\303\327Z\0147\320"
 4209      3DBD52D4 
 4209      3E1DE41D 
 4209      C3D75A0C 
 4209      37D0
 4210 172c 18D633BB 		.ascii	"\030\3263\273\346\226\337\2555\232\032\177\373\233\245"
 4210      E696DFAD 
 4210      359A1A7F 
 4210      FB9BA5
 4211 173b 9B7D7185 		.ascii	"\233}q\205\306\340m\257\347]\014\321\036\252\226kY\222"
ARM GAS  C:\Users\acest\AppData\Local\Temp\cc3CIuce.s 			page 150


 4211      C6E06DAF 
 4211      E75D0CD1 
 4211      1EAA966B 
 4211      5992
 4212 174d 2BC90F55 		.ascii	"+\311\017U\037\"\370%\312\314~\270DGIG\311D\331\200"
 4212      1F22F825 
 4212      CACC7EB8 
 4212      44474947 
 4212      C944D980 
 4213 1761 B205A510 		.ascii	"\262\005\245\020\345 J\005JU?J\372<\347E\013a6\224\277"
 4213      E5204A05 
 4213      4A553F4A 
 4213      FA3CE745 
 4213      0B613694 
 4214 1776 D9865308 		.ascii	"\331\206S\010\277\200R\217r\033\245\025\245\013\345"
 4214      BF80528F 
 4214      721BA515 
 4214      A50BE5
 4215 1785 453F3E6A 		.ascii	"E?>j\325\363\027%\215\022\351\241\244\341\273\222/\254"
 4215      D5F31725 
 4215      8D12E9A1 
 4215      A4E1BB92 
 4215      2FAC
 4216 1797 958678FF 		.ascii	"\225\206x\377\330\004N_,\024\276xx\301\177+v\345y\003"
 4216      D8044E5F 
 4216      2C14BE78 
 4216      78C17F2B 
 4216      76E57903 
 4217 17ab 60A30445 		.ascii	"`\243\004E\022\234\225\274&K\372vhGI\"}\371\200\230"
 4217      129C95BC 
 4217      264BFA76 
 4217      68474922 
 4217      7DF98098 
 4218 17bf 036E98E1 		.ascii	"\003n\230\341\032\244Z\205\354p\203(O\361o#\246"
 4218      1AA45A85 
 4218      EC708328 
 4218      4FF16F23 
 4218      A6
 4219 17d0 9863764B 		.ascii	"\230cvK\360\253\033F\371R\210\362\354Wy\366\272a\216"
 4219      F0AB1B46 
 4219      F95288F2 
 4219      EC5779F6 
 4219      BA618E
 4220 17e3 E830F92A 		.ascii	"\3500\371*f\277\267\311\374A\377i\016\311\225`\263\033"
 4220      66BFB7C9 
 4220      FC41FF69 
 4220      0EC99560 
 4220      B31B
 4221 17f5 44FF06BE 		.ascii	"D\377\006\276L\305\354t\303\034\320\251:\250\252*t\303"
 4221      4CC5EC74 
 4221      C31CD0A9 
 4221      3AA8AA2A 
 4221      74C3
 4222 1807 C81F4951 		.ascii	"\310\037IQH\235\012\331\344\006\221\277\207\240\220"
 4222      489D0AD9 
 4222      E40691BF 
 4222      87A090
ARM GAS  C:\Users\acest\AppData\Local\Temp\cc3CIuce.s 			page 151


 4223 1816 032A648F 		.ascii	"\003*d\217\267\343\034rR\205lu\203\344k\220\022\025"
 4223      B7E31C72 
 4223      52856C75 
 4223      83E46B90 
 4223      1215
 4224 1828 B2CBDB16 		.ascii	"\262\313\333\026\331\336+*\246\324\015\323\244\031\263"
 4224      D9DE2B2A 
 4224      A6D40DD3 
 4224      A419B3
 4225 1837 5D85147B 		.ascii	"]\205\024{5&G\\V\0219\336\036\311\212\212T\314>\357"
 4225      3526475C 
 4225      561139DE 
 4225      1EC98A8A 
 4225      54CC3EEF 
 4226 184b 76E234C7 		.ascii	"v\3424\307U\310v7\3109\315\226\032\025\262\305\273\231"
 4226      55C87637 
 4226      C839CD96 
 4226      1A15B2C5 
 4226      BB99
 4227 185d F4AF1A4A 		.ascii	"\364\257\032J$8\210]\226b\350\216@\202r\011\016KP&\301"
 4227      2438885D 
 4227      9662E88E 
 4227      40827209 
 4227      0E4B5026 
 4228 1872 69092A25 		.ascii	"i\011*%\250\226\240B\202c\022\234\220\340\274\004G%"
 4228      A896A042 
 4228      8263129C 
 4228      90E0BC04 
 4228      4725
 4229 1884 3827C121 		.ascii	"8'\301!\011j%\270(\301q\011.HpF\202#\022TIP#\301I\372"
 4229      096A25B8 
 4229      28C17109 
 4229      2E487046 
 4229      82231254 
 4230 189e 3FE6500B 		.ascii	"?\346P\013\252T\013\362\275\363\226\033Y\252B\012\274"
 4230      AA540BF2 
 4230      BDF3961B 
 4230      59AA420A 
 4230      BC
 4231 18af F384434E 		.ascii	"\363\204CN\251\220<\357\326\223\323\355\204\232n\333"
 4231      A9903CEF 
 4231      D693D3ED 
 4231      849A6EDB 
 4232 18bf BCC341DF 		.ascii	"\274\303A\337\213^\350\317\206\202+\017\177\014\365"
 4232      8B5EE8CF 
 4232      86822B0F 
 4232      7F0CF5
 4233 18ce 741C2E49 		.ascii	"t\034.I\377\177]\247\343^\361\331,\335Ggu\232E\227\351"
 4233      FF7F5DA7 
 4233      E35EF1D9 
 4233      2CDD4767 
 4233      759A4597 
 4234 18e3 E078ADBF 		.ascii	"\340x\255\277\257A{\356\203\313\377\254\016\321%\332"
 4234      AF417BEE 
 4234      83CBFFAC 
 4234      0ED125DA 
 4235 18f3 F2A95E37 		.ascii	"\362\251^7\277,k\257-\366/\325V\010\365\022\\\221G\351"
ARM GAS  C:\Users\acest\AppData\Local\Temp\cc3CIuce.s 			page 152


 4235      BF2C6BAF 
 4235      2DF62FD5 
 4235      5608F512 
 4235      5C9147E9 
 4236 1907 AB1234D0 		.ascii	"\253\0224\320+e\224.\030D\236\365WV&\017/\270\255L\256"
 4236      2B65942E 
 4236      18449EF5 
 4236      5756260F 
 4236      2FB8AD4C 
 4237 191c 292B93EB 		.ascii	")+\223\353\022\236+5\272\006\222\231\003\336\2642)X"
 4237      129E2B35 
 4237      BA069299 
 4237      03DEB432 
 4237      2958
 4238 192e EAB13269 		.ascii	"\352\2612i\224\365\336\220\340\246\204W\012\313\215"
 4238      94F5DE90 
 4238      E0A68457 
 4238      0ACB8D
 4239 193d 4164C100 		.ascii	"Ad\301\000Eoa\247\233\336&E\357-\011\317\325\251p Y"
 4239      456F61A7 
 4239      9BDE2645 
 4239      EF2D09CF 
 4239      D5A97020 
 4240 1952 FB46BDD9 		.ascii	"\373F\275\331\031\036zo\313z\357HpW\302+\205\345\364"
 4240      191E7A6F 
 4240      CB7AEF48 
 4240      7057C22B 
 4240      85E5F4
 4241 1965 2052F006 		.ascii	" R\360\006\026:+\377\311mVn\226I\356Ip\237^)$\015\357"
 4241      163A2BFF 
 4241      C96D566E 
 4241      9649EE49 
 4241      709F5E29 
 4242 197c 90626F12 		.ascii	"\220bo\022\372p\247<\243\021|M\240\017\334Z'm\211\336"
 4242      FA70A73C 
 4242      A3117C4D 
 4242      A00FDC5A 
 4242      276D89DE 
 4243 1990 DA0712B4 		.ascii	"\332\007\022\264\310\212Z%h\243W\212\242\373\203\310"
 4243      C88A5A25 
 4243      68A3578A 
 4243      A2FB83C8 
 4244 19a0 69354AE9 		.ascii	"i5J\351O\335\242\324\256D\251C\302s\245\306\236\201"
 4244      4FDDA2D4 
 4244      AE44A943 
 4244      C273A5C6 
 4244      9E81
 4245 19b2 E4E61BA3 		.ascii	"\344\346\033\243T\273\326#J\235\262\336\207\022tIx\245"
 4245      54BBD623 
 4245      4A9DB2DE 
 4245      87127449 
 4245      78A5
 4246 19c4 B01C1D64 		.ascii	"\260\034\035d\370t\330\260\341\372\177\243\243c&\307"
 4246      F874D8B0 
 4246      E1FA7FA3 
 4246      A36326C7 
 4247 19d4 4C702659 		.ascii	"Lp&Yc\022\206[\350y\202cDDD\304\360\004\307p\273s\270"
ARM GAS  C:\Users\acest\AppData\Local\Temp\cc3CIuce.s 			page 153


 4247      6312865B 
 4247      E8798263 
 4247      444444C4 
 4247      F004C770 
 4248 19eb C36EC152 		.ascii	"\303n\301R\307t\3070\213\361_\277\373a\360\350\210O"
 4248      C774C730 
 4248      8BF15FBF 
 4248      FB61F0E8 
 4248      884F
 4249 19fd 0CBF930B 		.ascii	"\014\277\223\013\206}\024\376\331'\226\317\"\"\014F"
 4249      867D14FE 
 4249      D92796CF 
 4249      22220C46 
 4250 1a0d BC76381D 		.ascii	"\274v8\035f\247\277\335i\211w\232\235~\011S\2468l\316"
 4250      66A7BFDD 
 4250      6989779A 
 4250      9D7E0953 
 4250      A6386CCE 
 4251 1a21 70CB3F4D 		.ascii	"p\313?Mb\234\016\306?I\307?)\3011\311\356\234\024\023"
 4251      629C0EC6 
 4251      3F49C73F 
 4251      29C131C9 
 4251      EE9C1413 
 4252 1a35 6F894DB2 		.ascii	"o\211M\262\332\360\2163nX\264\241\2673\316l\211\214"
 4252      DAF08E33 
 4252      6E58B4A1 
 4252      B733CE6C 
 4252      898C
 4253 1a47 8D996C8F 		.ascii	"\215\231l\217t\306$\304\233\235!\310\354\264\305\231"
 4253      74C624C4 
 4253      9B9D21C8 
 4253      ECB4C599 
 4254 1a57 1DCE48A7 		.ascii	"\035\316H\247\315\354\024-\321\221\366\200\230x\274"
 4254      CDEC142D 
 4254      D191F680 
 4254      9878BC
 4255 1a66 8CB7D81C 		.ascii	"\214\267\330\034\246\270\310\230xg\264\335\026i5\342"
 4255      A6B8C898 
 4255      7867B4DD 
 4255      166935E2 
 4256 1a76 9FD8447B 		.ascii	"\237\330D{L\202\277\223\376ES\342\234\277\304\242b\243"
 4256      4C82BF93 
 4256      FE4553E2 
 4256      9CBFC4A2 
 4256      62A3
 4257 1a88 25DA1C97 		.ascii	"%\332\034\227\344\264\375b\264%\332\342\2551\361Q\201"
 4257      E4B4FD62 
 4257      B425DAE2 
 4257      AD31F151 
 4257      81
 4258 1a99 B6A9B678 		.ascii	"\266\251\266xg\\\244\343'\263\323\030\347\210\3729\311"
 4258      675CA4E3 
 4258      27B3D318 
 4258      E788FA39 
 4258      C9
 4259 1aaa 966413E3 		.ascii	"\226d\023\343m\2770,\2732)'\2502\321n\233:\362-\034"
 4259      6DBF302C 
ARM GAS  C:\Users\acest\AppData\Local\Temp\cc3CIuce.s 			page 154


 4259      BB322927 
 4259      A832D16E 
 4259      9B3AF22D 
 4260 1abf A14A1DE8 		.ascii	"\241J\035\350\213\377\264\310\030'\252\363G.Z\026 \037"
 4260      8BFFB4C8 
 4260      1827AAF3 
 4260      472E5A16 
 4260      201F
 4261 1ad1 CD4E48F2 		.ascii	"\315NH\362\263M\243\372\375\2469\321\312D<8lq\211A\010"
 4261      B34DA3FA 
 4261      FDA639D1 
 4261      CA443C38 
 4261      6C718941 
 4262 1ae6 C0636462 		.ascii	"\300cdbt\202\335\346\357\2406:\242$\024\263S\232\346"
 4262      7482DDE6 
 4262      EFA0363A 
 4262      A22414B3 
 4262      539AE6
 4263 1af9 74DA1329 		.ascii	"t\332\023)\203\354-?\230\235}\344\023\273m\212\315n"
 4263      83EC2D3F 
 4263      989D7DE4 
 4263      13BB6D8A 
 4263      CD6E
 4264 1b0b C39860EC 		.ascii	"\303\230`\354\2479\023&\377-\321h\373%\306iI\260\332"
 4264      A7391326 
 4264      FF2DD168 
 4264      FB25C669 
 4264      49B0DA
 4265 1b1e FCECD6E9 		.ascii	"\374\354\326\351H\362\321[\270\200\365m\026\346\204"
 4265      48F2D15B 
 4265      B880F56D 
 4265      16E684
 4266 1b2d 88C40E7F 		.ascii	"\210\304\016\177'\375\213VL\211\215\214\302\2538d\305"
 4266      27FD8B56 
 4266      4C898D8C 
 4266      C2AB3864 
 4266      C5
 4267 1b3e 2BD62646 		.ascii	"+\326&F\247\3344~\323\"'G:l&\207\363'l\300(l;1>2\316"
 4267      A7DC347E 
 4267      D3222747 
 4267      3A6C2687 
 4267      F3276CC0 
 4268 1b59 26254C8B 		.ascii	"&%L\213\267\331C\320\362\004\207Yi\270`\3359\326\264"
 4268      B7D943D0 
 4268      F2048759 
 4268      69B860DD 
 4268      39D6B4
 4269 1b6c B350138B 		.ascii	"\263P\023\213\363\027T\027\345\360\213\265\233m\277"
 4269      F3175417 
 4269      E5F08BB5 
 4269      9B6DBF
 4270 1b7b 588C49D8 		.ascii	"X\214I\330\266#G\230\235\304\036\021\201\022.\330?\023"
 4270      B6234798 
 4270      9DC41E11 
 4270      81122ED8 
 4270      3F13
 4271 1b8d EC9F0AF6 		.ascii	"\354\237\012\366O\004\373\307\202\375#\301\376\241?"
ARM GAS  C:\Users\acest\AppData\Local\Temp\cc3CIuce.s 			page 155


 4271      4F04FBC7 
 4271      82FD23C1 
 4271      FEA13F
 4272 1b9c D588CD1D 		.ascii	"\325\210\315\035\230\230`w\"\243\023)F\375\266\237\226"
 4272      98986077 
 4272      22A31329 
 4272      46FDB69F 
 4272      96
 4273 1bad 84B8B884 		.ascii	"\204\270\270\204\370I\264\202cR\244=n\352'\037\304}"
 4273      F849B482 
 4273      6352A43D 
 4273      6EEA271F 
 4273      C47D
 4274 1bbf 1019EB44 		.ascii	"\020\031\353D\234\005\303\216.\013\216D\316\207\011"
 4274      9C05C38E 
 4274      2E0B8E44 
 4274      CE8709
 4275 1bce 817C41EC 		.ascii	"\201|A\354\334\222\020\217)\344$\321V\273_\"3\027{\201"
 4275      DC92108F 
 4275      29E424D1 
 4275      56BB5F22 
 4275      33177B81 
 4276 1be2 99669A3D 		.ascii	"\231f\232=\3069\235\347J\250W\011\313\236\230\004\211"
 4276      C6399DE7 
 4276      4AA85709 
 4276      CB9E9804 
 4276      89
 4277 1bf3 67186D7C 		.ascii	"g\030m|).1!!\326\017\351\246\304D\365u\217\212\231\227"
 4277      292E3121 
 4277      21D60FE9 
 4277      A6C444F5 
 4277      758F8A99 
 4278 1c08 86791721 		.ascii	"\206y\027!\217}\212%\211f\022=\2124w\002\351\231\231"
 4278      8F7D8A25 
 4278      8966123D 
 4278      8A347702 
 4278      E99999
 4279 1c1b 67F188B7 		.ascii	"g\361\210\267h[Z\015\275\364c\325\235\376\324is\214"
 4279      685B5A0D 
 4279      BDF463D5 
 4279      9DFED469 
 4279      738C
 4280 1c2d 35403ED2 		.ascii	"5@>\322.l\213\242\226\006Re\266(<\263O7)'\330XS\235"
 4280      2E6C8BA2 
 4280      96065265 
 4280      B6283CB3 
 4280      4F372927 
 4281 1c45 AC57C546 		.ascii	"\254W\305F:\234\316\2308[\000\355\240x\304|\260\322"
 4281      3A9CCE98 
 4281      385B00ED 
 4281      A078C47C 
 4281      B0D2
 4282 1c57 1BC158CD 		.ascii	"\033\301X\315j\213uF\262\\\357\345vE1\364\"\030\353"
 4282      6A8B7546 
 4282      B25CEFE5 
 4282      764531F4 
 4282      2218EB
ARM GAS  C:\Users\acest\AppData\Local\Temp\cc3CIuce.s 			page 156


 4283 1c6a 6063D9EC 		.ascii	"`c\331\354S#c\315\316~\210\231\032cw&\321\013d\262;"
 4283      532363CD 
 4283      CE7E8899 
 4283      1A637726 
 4283      D10B64B2 
 4284 1c7f 7877A11A 		.ascii	"xw\241\0320\012q\211,\021>\376\320\354\354\353\003\206"
 4284      300A7189 
 4284      2C113EFE 
 4284      D0ECECEB 
 4284      0386
 4285 1c91 9C76452F 		.ascii	"\234vE/\355\011\323Y\251\277%\311\216\335\301\031\244"
 4285      ED09D359 
 4285      A9BF25C9 
 4285      8EDDC119 
 4285      A4
 4286 1ca2 15611E59 		.ascii	"\025a\036Y'GQ\203\344!\305j\233\234\024\025\220\030"
 4286      27475183 
 4286      E421C56A 
 4286      9B9C1415 
 4286      9018
 4287 1cb4 191F6331 		.ascii	"\031\037c1c\377x\233.\316\252b\020C\364Tf\326\303y\011"
 4287      63FF789B 
 4287      2ECEAA62 
 4287      1043F454 
 4287      66D6C379 
 4288 1cc9 71C65948 		.ascii	"q\306YH\304\307\206\000\226a\266\017\342\014&\0140f"
 4288      C4C78600 
 4288      9661B60F 
 4288      E20C260C 
 4288      3066
 4289 1cdb D007711F 		.ascii	"\320\007q\037\032~o6{\014s\274\277a\253\3078\203\314"
 4289      1A7E6F36 
 4289      7B0C73BC 
 4289      BF61ABC7 
 4289      3883CC
 4290 1cee 98127887 		.ascii	"\230\022x\207]|\370\33361\240\333\3103\031\215\372\017"
 4290      5D7CF8DB 
 4290      3631A0DB 
 4290      C833198D 
 4290      FA0F
 4291 1d00 96E809D3 		.ascii	"\226\350\011\323\035\377jsN\300\216\231\344\370<\336"
 4291      1DFF6A73 
 4291      4EC08E99 
 4291      E4F83CDE 
 4292 1d10 FA4D82E5 		.ascii	"\372M\202\345\247\277\016K\214\264;\207\205\367\363"
 4292      A7BF0E4B 
 4292      8CB43B87 
 4292      85F7F3
 4293 1d1f 7DF71F47 		.ascii	"}\367\037G\377\323\244\037\034\030\324I\2218\256:'\215"
 4293      FFD3A41F 
 4293      1C18D449 
 4293      9138AE3A 
 4293      278D
 4294 1d31 B1397E72 		.ascii	"\2619~r&$N\032?\354\363a\243\207}1\311\216\305\230\334"
 4294      26244E1A 
 4294      3FECF361 
 4294      A3877D31 
ARM GAS  C:\Users\acest\AppData\Local\Temp\cc3CIuce.s 			page 157


 4294      C98EC598 
 4295 1d46 09D44EC3 		.ascii	"\011\324N\303g\377\336)\3040\210i\037\217\0320\335\270"
 4295      67FFDE29 
 4295      C4308869 
 4295      1F8F1A30 
 4295      DDB8
 4296 1d58 058A61A1 		.ascii	"\005\212a\241>n\205\261\262\277\3408:\201\205\225\026"
 4296      3E6E85B1 
 4296      B2BFE038 
 4296      3A818595 
 4296      16
 4297 1d69 DB0258E1 		.ascii	"\333\002X\341X\014\017?\373\012{o\250\342\325Xk\254"
 4297      580C0F3F 
 4297      FB0A7B6F 
 4297      A8E2D558 
 4297      6BAC
 4298 1d7b 6D221B12 		.ascii	"m\"\033\022\345\312c1\317\242h\217\034\035m\263\374"
 4298      E5CA6331 
 4298      CFA2688F 
 4298      1C1D6DB3 
 4298      FC
 4299 1d8c 345632FF 		.ascii	"4V2\377\013\366\277>\354\326D\232E_E\306c\025\373\330"
 4299      0BF6BF3E 
 4299      ECD6449A 
 4299      455F45C6 
 4299      6315FBD8 
 4300 1da0 BE1CED18 		.ascii	"\276\034\355\030\235\220D3\363/1\316\350\230\370\277"
 4300      9D904433 
 4300      F32F31CE 
 4300      E898F8BF 
 4301 1db0 FE8E958E 		.ascii	"\376\216\225\216K\210\215\265Y\307\330b#\247S\326\211"
 4301      4B888DB5 
 4301      59C7D862 
 4301      23A753D6 
 4301      89
 4302 1dc1 DF4EC0D0 		.ascii	"\337N\300\320|k\213t$\331mq\230e\1775\306'\304\304\307"
 4302      7C6B8B74 
 4302      24D96D71 
 4302      98657F35 
 4302      C627C4C4 
 4303 1dd6 C6C4DBFA 		.ascii	"\306\304\333\372\260\256\020\247\335\302\244\345\025"
 4303      B0AE10A7 
 4303      DDC2A4E5 
 4303      15
 4304 1de3 D0477D8D 		.ascii	"\320G}\215\020Z\372=kv\352I\210\331<%\322\202\236Og"
 4304      105AFA3D 
 4304      6B76EA49 
 4304      88D93C25 
 4304      D2829E4F 
 4305 1df8 EDFEE9DB 		.ascii	"\355\376\351\333\265\273\\\025\333>\320l\216\266E&2"
 4305      B5BB5C15 
 4305      DB3ED06C 
 4305      8EB64526 
 4305      32
 4306 1e09 92CFDE8E 		.ascii	"\222\317\336\216$\316\026G\253:8\013\037\016\336\336"
 4306      24CE1647 
 4306      AB3A380B 
ARM GAS  C:\Users\acest\AppData\Local\Temp\cc3CIuce.s 			page 158


 4306      1F0EDEDE 
 4307 1e19 14649187 		.ascii	"\024d\221\207\321\336\030:K4\266\247%\332fM\212\265"
 4307      D1DE183A 
 4307      4B34B6A7 
 4307      25DA664D 
 4307      8AB5
 4308 1e2b 4D789B41 		.ascii	"Mx\233A\012+Y\221\003\203=V\036\011\265X}\362\026<\352"
 4308      0A2B5991 
 4308      03833D56 
 4308      1E09B558 
 4308      7DF2163C 
 4309 1e40 4A817A65 		.ascii	"J\201ze\211\376\363\3041\011\023c0\015\336fa2\325\211"
 4309      89FEF3C4 
 4309      31091363 
 4309      300DDE66 
 4309      6132D589 
 4310 1e54 9589253A 		.ascii	"\225\211%:\234\316\317\324\271p\263eJT\257\030L\033"
 4310      9CCECFD4 
 4310      B970B365 
 4310      4A54AF18 
 4310      4C1B
 4311 1e66 79F2A5B3 		.ascii	"y\362\245\263P\210\266\0241\3432\243\227\356\222\335"
 4311      5088B614 
 4311      31E332A3 
 4311      97EE92DD 
 4312 1e76 D6C1F176 		.ascii	"\326\301\361v\2406\0149\303(m\270\231\002\344\331\335"
 4312      A0360C39 
 4312      C3286DB8 
 4312      9902E4D9 
 4312      DD
 4313 1e87 3C2D12E2 		.ascii	"<-\022\342\375\222\330JJ\244\303\2404-\301\356p\212"
 4313      FD92D84A 
 4313      4AA4C3A0 
 4313      342DC1EE 
 4313      708A
 4314 1e99 93B17398 		.ascii	"\223\261s\230,IqI\2618lL\265\031\355N>\362\006\233q"
 4314      2C497149 
 4314      B1386C4C 
 4314      B519ED4E 
 4314      3EF2069B 
 4315 1eae DDE034FF 		.ascii	"\335\3404\377\313\347\023\276\0307~lpd\354\264\310\351"
 4315      CBE713BE 
 4315      18377E6C 
 4315      7064ECB4 
 4315      C8E9
 4316 1ec0 740EA119 		.ascii	"t\016\241\031\371\315\377\325t\210S\033\235\014'Y\342"
 4316      F9CDFFD5 
 4316      7488531B 
 4316      9D0C2759 
 4316      E2
 4317 1ed1 1C31B4D0 		.ascii	"\0341\264\320n\323\002@\213\314Q\026\013\017!v\207\037"
 4317      6ED30240 
 4317      8BCC5116 
 4317      0B0F2176 
 4317      871F
 4318 1ee3 E26371C8 		.ascii	"\342cq\310\210x\233\346\234\316\032\200\315\244I\254"
 4318      88789BE6 
ARM GAS  C:\Users\acest\AppData\Local\Temp\cc3CIuce.s 			page 159


 4318      9CCE1A80 
 4318      CDA449AC 
 4319 1ef3 369A6C8D 		.ascii	"6\232l\215qDNF\237c\354?\3639V.\220\230\337\010\210"
 4319      71444E46 
 4319      9F63EC3F 
 4319      F339562E 
 4319      9098DF08 
 4320 1f08 D27C0A65 		.ascii	"\322|\012e\000Z\200h\266\030Lr\364\346\223>^\333\342"
 4320      005A8068 
 4320      B6184C72 
 4320      F4E6933E 
 4320      5EDBE2
 4321 1f1b 693DABF4 		.ascii	"i=\253\364\355\347\023\276\036)\215\376\376\333q#\003"
 4321      EDE713BE 
 4321      1E298DFE 
 4321      FEDB7123 
 4321      03
 4322 1f2c C67F31E1 		.ascii	"\306\1771\341\213\361\177\376b\314\210\200/\177\370"
 4322      8BF17FFE 
 4322      62CC8880 
 4322      2F7FF8
 4323 1f3b 6EF4C4B1 		.ascii	"n\364\304\261\337\1777\202\335\037\301\356\217P\357"
 4323      DF7F3782 
 4323      DD1FC1EE 
 4323      8F50EF
 4324 1f4a 47A8F723 		.ascii	"G\250\367#\330\375\010v?B\275\037\256\336\017g\367\303"
 4324      D8FD0876 
 4324      3F42BD1F 
 4324      AEDE0F67 
 4324      F7C3
 4325 1f5c D9FD7071 		.ascii	"\331\375pq\334\350\011\343\375\277\374\376\2331\243"
 4325      DCE809E3 
 4325      FDBFFCFE 
 4325      9B31A3
 4326 1f6b BF9BE8F7 		.ascii	"\277\233\350\367\315\204\037\360`\234\360\315\027_\214"
 4326      CD841FF0 
 4326      609CF0CD 
 4326      175F8C
 4327 1f7a A3D75FFC 		.ascii	"\243\327_\374u4=\214\0367\226\035~\244W\342\350\211"
 4327      75343D8C 
 4327      1E37961D 
 4327      7EA457E2 
 4327      E889
 4328 1f8c E3BF51C9 		.ascii	"\343\277Q\311F~\375\377\334.\264\207Z\342>\304\300\032"
 4328      467EFDFF 
 4328      DC2EB487 
 4328      5AE23EC4 
 4328      C01A
 4329 1f9e C7FC     		.ascii	"\307\374"
 4330 1fa0 65A279E2 		.ascii	"e\242y\342\364D\333@\026\0229R\026>\222\231q\222M\222"
 4330      F444DB40 
 4330      16123952 
 4330      163E9299 
 4330      71924D92 
 4331 1fb4 074D3AD4 		.ascii	"\007M:\324\0070\014m\203\336j\331\227\366\204\270\261"
 4331      07300C6D 
 4331      83DE6AD9 
ARM GAS  C:\Users\acest\AppData\Local\Temp\cc3CIuce.s 			page 160


 4331      97F684B8 
 4331      B1
 4332 1fc5 13C6F751 		.ascii	"\023\306\367Qo\231\247`\2119\306a7\361f\030;n\302x\336"
 4332      6F99A760 
 4332      8939C661 
 4332      37F16618 
 4332      3B6EC278 
 4333 1fda 06980B58 		.ascii	"\006\230\013X\254\254\207\372\350\022B&\011\323\265"
 4333      ACAC87FA 
 4333      E8124226 
 4333      09D3B5
 4334 1fe9 B24AF37F 		.ascii	"\262J\363\177\000/T)\337"
 4334      002F5429 
 4334      DF
 4335              		.text
 4336              		.section	.gnu.lto_.symtab.b3bf9a1d,"e",%progbits
 4337 0000 63685379 		.ascii	"chSysWaitSystemState\000"
 4337      73576169 
 4337      74537973 
 4337      74656D53 
 4337      74617465 
 4338 0015 00       		.ascii	"\000"
 4339 0016 00       		.ascii	"\000"
 4340 0017 00       		.ascii	"\000"
 4341 0018 00000000 		.ascii	"\000\000\000\000\000\000\000\000"
 4341      00000000 
 4342 0020 03020000 		.ascii	"\003\002\000\000"
 4343 0024 63685F73 		.ascii	"ch_system\000"
 4343      79737465 
 4343      6D00
 4344 002e 00       		.ascii	"\000"
 4345 002f 00       		.ascii	"\000"
 4346 0030 00       		.ascii	"\000"
 4347 0031 00000000 		.ascii	"\000\000\000\000\000\000\000\000"
 4347      00000000 
 4348 0039 52020000 		.ascii	"R\002\000\000"
 4349 003d 63685379 		.ascii	"chSysInit\000"
 4349      73496E69 
 4349      7400
 4350 0047 00       		.ascii	"\000"
 4351 0048 00       		.ascii	"\000"
 4352 0049 00       		.ascii	"\000"
 4353 004a 00000000 		.ascii	"\000\000\000\000\000\000\000\000"
 4353      00000000 
 4354 0052 05020000 		.ascii	"\005\002\000\000"
 4355 0056 63683000 		.ascii	"ch0\000"
 4356 005a 00       		.ascii	"\000"
 4357 005b 00       		.ascii	"\000"
 4358 005c 00       		.ascii	"\000"
 4359 005d 00000000 		.ascii	"\000\000\000\000\000\000\000\000"
 4359      00000000 
 4360 0065 40020000 		.ascii	"@\002\000\000"
 4361 0069 63685F63 		.ascii	"ch_core0_cfg\000"
 4361      6F726530 
 4361      5F636667 
 4361      00
 4362 0076 00       		.ascii	"\000"
ARM GAS  C:\Users\acest\AppData\Local\Temp\cc3CIuce.s 			page 161


 4363 0077 00       		.ascii	"\000"
 4364 0078 00       		.ascii	"\000"
 4365 0079 00000000 		.ascii	"\000\000\000\000\000\000\000\000"
 4365      00000000 
 4366 0081 4F020000 		.ascii	"O\002\000\000"
 4367 0085 63685379 		.ascii	"chSysHalt\000"
 4367      7348616C 
 4367      7400
 4368 008f 00       		.ascii	"\000"
 4369 0090 00       		.ascii	"\000"
 4370 0091 00       		.ascii	"\000"
 4371 0092 00000000 		.ascii	"\000\000\000\000\000\000\000\000"
 4371      00000000 
 4372 009a 09020000 		.ascii	"\011\002\000\000"
 4373 009e 63685379 		.ascii	"chSysGetIdleThreadX\000"
 4373      73476574 
 4373      49646C65 
 4373      54687265 
 4373      61645800 
 4374 00b2 00       		.ascii	"\000"
 4375 00b3 00       		.ascii	"\000"
 4376 00b4 00       		.ascii	"\000"
 4377 00b5 00000000 		.ascii	"\000\000\000\000\000\000\000\000"
 4377      00000000 
 4378 00bd 0C020000 		.ascii	"\014\002\000\000"
 4379 00c1 63685379 		.ascii	"chSysIntegrityCheckI\000"
 4379      73496E74 
 4379      65677269 
 4379      74794368 
 4379      65636B49 
 4380 00d6 00       		.ascii	"\000"
 4381 00d7 00       		.ascii	"\000"
 4382 00d8 00       		.ascii	"\000"
 4383 00d9 00000000 		.ascii	"\000\000\000\000\000\000\000\000"
 4383      00000000 
 4384 00e1 14020000 		.ascii	"\024\002\000\000"
 4385 00e5 63685379 		.ascii	"chSysTimerHandlerI\000"
 4385      7354696D 
 4385      65724861 
 4385      6E646C65 
 4385      724900
 4386 00f8 00       		.ascii	"\000"
 4387 00f9 00       		.ascii	"\000"
 4388 00fa 00       		.ascii	"\000"
 4389 00fb 00000000 		.ascii	"\000\000\000\000\000\000\000\000"
 4389      00000000 
 4390 0103 16020000 		.ascii	"\026\002\000\000"
 4391 0107 63685379 		.ascii	"chSysGetStatusAndLockX\000"
 4391      73476574 
 4391      53746174 
 4391      7573416E 
 4391      644C6F63 
 4392 011e 00       		.ascii	"\000"
 4393 011f 00       		.ascii	"\000"
 4394 0120 00       		.ascii	"\000"
 4395 0121 00000000 		.ascii	"\000\000\000\000\000\000\000\000"
 4395      00000000 
ARM GAS  C:\Users\acest\AppData\Local\Temp\cc3CIuce.s 			page 162


 4396 0129 F6010000 		.ascii	"\366\001\000\000"
 4397 012d 63685379 		.ascii	"chSysRestoreStatusX\000"
 4397      73526573 
 4397      746F7265 
 4397      53746174 
 4397      75735800 
 4398 0141 00       		.ascii	"\000"
 4399 0142 00       		.ascii	"\000"
 4400 0143 00       		.ascii	"\000"
 4401 0144 00000000 		.ascii	"\000\000\000\000\000\000\000\000"
 4401      00000000 
 4402 014c FD010000 		.ascii	"\375\001\000\000"
 4403 0150 63685379 		.ascii	"chSysIsCounterWithinX\000"
 4403      73497343 
 4403      6F756E74 
 4403      65725769 
 4403      7468696E 
 4404 0166 00       		.ascii	"\000"
 4405 0167 00       		.ascii	"\000"
 4406 0168 00       		.ascii	"\000"
 4407 0169 00000000 		.ascii	"\000\000\000\000\000\000\000\000"
 4407      00000000 
 4408 0171 1C020000 		.ascii	"\034\002\000\000"
 4409 0175 63685379 		.ascii	"chSysPolledDelayX\000"
 4409      73506F6C 
 4409      6C656444 
 4409      656C6179 
 4409      5800
 4410 0187 00       		.ascii	"\000"
 4411 0188 00       		.ascii	"\000"
 4412 0189 00       		.ascii	"\000"
 4413 018a 00000000 		.ascii	"\000\000\000\000\000\000\000\000"
 4413      00000000 
 4414 0192 20020000 		.ascii	" \002\000\000"
 4415 0196 6368544D 		.ascii	"chTMStopMeasurementX\000"
 4415      53746F70 
 4415      4D656173 
 4415      7572656D 
 4415      656E7458 
 4416 01ab 00       		.ascii	"\000"
 4417 01ac 02       		.ascii	"\002"
 4418 01ad 00       		.ascii	"\000"
 4419 01ae 00000000 		.ascii	"\000\000\000\000\000\000\000\000"
 4419      00000000 
 4420 01b6 2A020000 		.ascii	"*\002\000\000"
 4421 01ba 6368544D 		.ascii	"chTMStartMeasurementX\000"
 4421      53746172 
 4421      744D6561 
 4421      73757265 
 4421      6D656E74 
 4422 01d0 00       		.ascii	"\000"
 4423 01d1 02       		.ascii	"\002"
 4424 01d2 00       		.ascii	"\000"
 4425 01d3 00000000 		.ascii	"\000\000\000\000\000\000\000\000"
 4425      00000000 
 4426 01db 2D020000 		.ascii	"-\002\000\000"
 4427 01df 6368544D 		.ascii	"chTMObjectInit\000"
ARM GAS  C:\Users\acest\AppData\Local\Temp\cc3CIuce.s 			page 163


 4427      4F626A65 
 4427      6374496E 
 4427      697400
 4428 01ee 00       		.ascii	"\000"
 4429 01ef 02       		.ascii	"\002"
 4430 01f0 00       		.ascii	"\000"
 4431 01f1 00000000 		.ascii	"\000\000\000\000\000\000\000\000"
 4431      00000000 
 4432 01f9 2F020000 		.ascii	"/\002\000\000"
 4433 01fd 5F5F6661 		.ascii	"__factory_init\000"
 4433      63746F72 
 4433      795F696E 
 4433      697400
 4434 020c 00       		.ascii	"\000"
 4435 020d 02       		.ascii	"\002"
 4436 020e 00       		.ascii	"\000"
 4437 020f 00000000 		.ascii	"\000\000\000\000\000\000\000\000"
 4437      00000000 
 4438 0217 31020000 		.ascii	"1\002\000\000"
 4439 021b 5F5F6865 		.ascii	"__heap_init\000"
 4439      61705F69 
 4439      6E697400 
 4440 0227 00       		.ascii	"\000"
 4441 0228 02       		.ascii	"\002"
 4442 0229 00       		.ascii	"\000"
 4443 022a 00000000 		.ascii	"\000\000\000\000\000\000\000\000"
 4443      00000000 
 4444 0232 33020000 		.ascii	"3\002\000\000"
 4445 0236 5F5F636F 		.ascii	"__core_init\000"
 4445      72655F69 
 4445      6E697400 
 4446 0242 00       		.ascii	"\000"
 4447 0243 02       		.ascii	"\002"
 4448 0244 00       		.ascii	"\000"
 4449 0245 00000000 		.ascii	"\000\000\000\000\000\000\000\000"
 4449      00000000 
 4450 024d 35020000 		.ascii	"5\002\000\000"
 4451 0251 63685363 		.ascii	"chSchRescheduleS\000"
 4451      68526573 
 4451      63686564 
 4451      756C6553 
 4451      00
 4452 0262 00       		.ascii	"\000"
 4453 0263 02       		.ascii	"\002"
 4454 0264 00       		.ascii	"\000"
 4455 0265 00000000 		.ascii	"\000\000\000\000\000\000\000\000"
 4455      00000000 
 4456 026d 37020000 		.ascii	"7\002\000\000"
 4457 0271 6368496E 		.ascii	"chInstanceObjectInit\000"
 4457      7374616E 
 4457      63654F62 
 4457      6A656374 
 4457      496E6974 
 4458 0286 00       		.ascii	"\000"
 4459 0287 02       		.ascii	"\002"
 4460 0288 00       		.ascii	"\000"
 4461 0289 00000000 		.ascii	"\000\000\000\000\000\000\000\000"
ARM GAS  C:\Users\acest\AppData\Local\Temp\cc3CIuce.s 			page 164


 4461      00000000 
 4462 0291 3C020000 		.ascii	"<\002\000\000"
 4463 0295 63685654 		.ascii	"chVTDoTickI\000"
 4463      446F5469 
 4463      636B4900 
 4464 02a1 00       		.ascii	"\000"
 4465 02a2 02       		.ascii	"\002"
 4466 02a3 00       		.ascii	"\000"
 4467 02a4 00000000 		.ascii	"\000\000\000\000\000\000\000\000"
 4467      00000000 
 4468 02ac 3E020000 		.ascii	">\002\000\000"
 4469              		.text
 4470              		.section	.gnu.lto_.ext_symtab.b3bf9a1d,"e",%progbits
 4471 0000 01       		.ascii	"\001"
 4472 0001 01       		.ascii	"\001"
 4473 0002 00       		.ascii	"\000"
 4474 0003 02       		.ascii	"\002"
 4475 0004 01       		.ascii	"\001"
 4476 0005 01       		.ascii	"\001"
 4477 0006 00       		.ascii	"\000"
 4478 0007 02       		.ascii	"\002"
 4479 0008 01       		.ascii	"\001"
 4480 0009 02       		.ascii	"\002"
 4481 000a 00       		.ascii	"\000"
 4482 000b 01       		.ascii	"\001"
 4483 000c 00       		.ascii	"\000"
 4484 000d 01       		.ascii	"\001"
 4485 000e 00       		.ascii	"\000"
 4486 000f 01       		.ascii	"\001"
 4487 0010 00       		.ascii	"\000"
 4488 0011 01       		.ascii	"\001"
 4489 0012 00       		.ascii	"\000"
 4490 0013 01       		.ascii	"\001"
 4491 0014 00       		.ascii	"\000"
 4492 0015 01       		.ascii	"\001"
 4493 0016 00       		.ascii	"\000"
 4494 0017 01       		.ascii	"\001"
 4495 0018 00       		.ascii	"\000"
 4496 0019 01       		.ascii	"\001"
 4497 001a 00       		.ascii	"\000"
 4498 001b 01       		.ascii	"\001"
 4499 001c 00       		.ascii	"\000"
 4500 001d 01       		.ascii	"\001"
 4501 001e 00       		.ascii	"\000"
 4502 001f 01       		.ascii	"\001"
 4503 0020 00       		.ascii	"\000"
 4504 0021 01       		.ascii	"\001"
 4505 0022 00       		.ascii	"\000"
 4506 0023 01       		.ascii	"\001"
 4507 0024 00       		.ascii	"\000"
 4508 0025 01       		.ascii	"\001"
 4509 0026 00       		.ascii	"\000"
 4510 0027 01       		.ascii	"\001"
 4511 0028 00       		.ascii	"\000"
 4512 0029 01       		.ascii	"\001"
 4513 002a 00       		.ascii	"\000"
 4514 002b 01       		.ascii	"\001"
ARM GAS  C:\Users\acest\AppData\Local\Temp\cc3CIuce.s 			page 165


 4515 002c 00       		.ascii	"\000"
 4516              		.text
 4517              		.section	.gnu.lto_.opts,"e",%progbits
 4518 0000 272D666E 		.ascii	"'-fno-openmp' '-fno-openacc' '-fno-pie' '-fcf-prote"
 4518      6F2D6F70 
 4518      656E6D70 
 4518      2720272D 
 4518      666E6F2D 
 4519 0033 6374696F 		.ascii	"ction=none' '-g' '-mcpu=cortex-m4' '-mthumb' '-mflo"
 4519      6E3D6E6F 
 4519      6E652720 
 4519      272D6727 
 4519      20272D6D 
 4520 0066 61742D61 		.ascii	"at-abi=soft' '-mlibarch=armv7e-m' '-march=armv7e-m'"
 4520      62693D73 
 4520      6F667427 
 4520      20272D6D 
 4520      6C696261 
 4521 0099 20272D4F 		.ascii	" '-O2' '-fomit-frame-pointer' '-falign-functions=16"
 4521      32272027 
 4521      2D666F6D 
 4521      69742D66 
 4521      72616D65 
 4522 00cc 2720272D 		.ascii	"' '-ffunction-sections' '-fdata-sections' '-fno-com"
 4522      6666756E 
 4522      6374696F 
 4522      6E2D7365 
 4522      6374696F 
 4523 00ff 6D6F6E27 		.ascii	"mon' '-flto' '-Xassembler' '-alms=./build/lst/chsys"
 4523      20272D66 
 4523      6C746F27 
 4523      20272D58 
 4523      61737365 
 4524 0132 2E6C7374 		.ascii	".lst'\000"
 4524      2700
 4525              		.text
 4526              		.comm	__gnu_lto_slim,1,1
 4527              		.ident	"GCC: (GNU Arm Embedded Toolchain 10.3-2021.10) 10.3.1 20210824 (release)"
ARM GAS  C:\Users\acest\AppData\Local\Temp\cc3CIuce.s 			page 166


DEFINED SYMBOLS
                            *ABS*:00000000 chsys.c
C:\Users\acest\AppData\Local\Temp\cc3CIuce.s:37     .gnu.debuglto_.debug_info:00000000 chsys.c.5097c911
                            *COM*:00000001 __gnu_lto_slim

NO UNDEFINED SYMBOLS
