ARM GAS  C:\Users\acest\AppData\Local\Temp\ccvMP4Ad.s 			page 1


   1              		.cpu cortex-m4
   2              		.arch armv7e-m
   3              		.fpu softvfp
   4              		.eabi_attribute 20, 1
   5              		.eabi_attribute 21, 1
   6              		.eabi_attribute 23, 3
   7              		.eabi_attribute 24, 1
   8              		.eabi_attribute 25, 1
   9              		.eabi_attribute 26, 1
  10              		.eabi_attribute 30, 2
  11              		.eabi_attribute 34, 1
  12              		.eabi_attribute 18, 4
  13              		.file	"chvt.c"
  14              		.file 1 "c:\\chibistudio\\tools\\gnu tools arm embedded\\10.3 2021.10\\arm-none-eabi\\include\\mac
  15              		.file 2 "c:\\chibistudio\\tools\\gnu tools arm embedded\\10.3 2021.10\\arm-none-eabi\\include\\sys
  16              		.file 3 "c:\\chibistudio\\chibios2111\\os\\common\\ports\\arm-common\\chtypes.h"
  17              		.file 4 "c:\\chibistudio\\chibios2111\\os\\rt\\include\\chearly.h"
  18              		.file 5 "c:\\chibistudio\\chibios2111\\os\\rt\\include\\chobjects.h"
  19              		.file 6 "c:\\chibistudio\\chibios2111\\os\\rt\\include\\chrfcu.h"
  20              		.file 7 "c:\\chibistudio\\chibios2111\\os\\rt\\include\\chdebug.h"
  21              		.file 8 "c:\\chibistudio\\chibios2111\\os\\rt\\include\\chtime.h"
  22              		.file 9 "c:\\chibistudio\\chibios2111\\os\\rt\\include\\chlists.h"
  23              		.file 10 "c:\\chibistudio\\chibios2111\\os\\common\\ports\\armv7-m-alt\\chcore.h"
  24              		.file 11 "c:\\chibistudio\\chibios2111\\os\\rt\\include\\chsem.h"
  25              		.file 12 "c:\\chibistudio\\chibios2111\\os\\rt\\include\\chmtx.h"
  26              		.file 13 "../../../../../ChibiStudio/chibios2111/os/rt/src/chvt.c"
  27              		.file 14 "c:\\chibistudio\\chibios2111\\os\\rt\\include\\chsys.h"
  28              		.file 15 "c:\\chibistudio\\chibios2111\\os\\rt\\include\\chvt.h"
  29              		.file 16 "c:\\chibistudio\\chibios2111\\os\\hal\\osal\\rt-nil\\chcore_timer.h"
  30              		.file 17 "c:\\chibistudio\\chibios2111\\os\\common\\ext\\arm\\cmsis\\core\\include\\cmsis_gcc.h"
  31              		.section	.gnu.debuglto_.debug_info,"e",%progbits
  32              	.Ldebug_info0:
  33              		.hidden	chvt.c.87298af5
  34              		.weak	chvt.c.87298af5
  35              	chvt.c.87298af5:
  36 0000 720E0000 		.4byte	0xe72
  37 0004 0400     		.2byte	0x4
  38 0006 00000000 		.4byte	.Ldebug_abbrev0
  39 000a 04       		.byte	0x4
  40 000b 01       		.uleb128 0x1
  41 000c E9020000 		.4byte	.LASF166
  42 0010 0C       		.byte	0xc
  43 0011 AC020000 		.4byte	.LASF167
  44 0015 D8010000 		.4byte	.LASF168
  45 0019 00000000 		.4byte	.Ldebug_line0
  46 001d 02       		.uleb128 0x2
  47 001e 04       		.byte	0x4
  48 001f 05       		.byte	0x5
  49 0020 696E7400 		.ascii	"int\000"
  50 0024 03       		.uleb128 0x3
  51 0025 04       		.byte	0x4
  52 0026 07       		.byte	0x7
  53 0027 A6040000 		.4byte	.LASF0
  54 002b 03       		.uleb128 0x3
  55 002c 08       		.byte	0x8
  56 002d 05       		.byte	0x5
  57 002e 2D010000 		.4byte	.LASF1
ARM GAS  C:\Users\acest\AppData\Local\Temp\ccvMP4Ad.s 			page 2


  58 0032 03       		.uleb128 0x3
  59 0033 08       		.byte	0x8
  60 0034 04       		.byte	0x4
  61 0035 85060000 		.4byte	.LASF2
  62 0039 03       		.uleb128 0x3
  63 003a 01       		.byte	0x1
  64 003b 06       		.byte	0x6
  65 003c 3B010000 		.4byte	.LASF3
  66 0040 04       		.uleb128 0x4
  67 0041 60000000 		.4byte	.LASF7
  68 0045 01       		.byte	0x1
  69 0046 2B       		.byte	0x2b
  70 0047 18       		.byte	0x18
  71 0048 4C000000 		.4byte	0x4c
  72 004c 03       		.uleb128 0x3
  73 004d 01       		.byte	0x1
  74 004e 08       		.byte	0x8
  75 004f A4050000 		.4byte	.LASF4
  76 0053 03       		.uleb128 0x3
  77 0054 02       		.byte	0x2
  78 0055 05       		.byte	0x5
  79 0056 CF050000 		.4byte	.LASF5
  80 005a 03       		.uleb128 0x3
  81 005b 02       		.byte	0x2
  82 005c 07       		.byte	0x7
  83 005d 24070000 		.4byte	.LASF6
  84 0061 04       		.uleb128 0x4
  85 0062 31040000 		.4byte	.LASF8
  86 0066 01       		.byte	0x1
  87 0067 4D       		.byte	0x4d
  88 0068 18       		.byte	0x18
  89 0069 6D000000 		.4byte	0x6d
  90 006d 03       		.uleb128 0x3
  91 006e 04       		.byte	0x4
  92 006f 05       		.byte	0x5
  93 0070 7F010000 		.4byte	.LASF9
  94 0074 04       		.uleb128 0x4
  95 0075 0D020000 		.4byte	.LASF10
  96 0079 01       		.byte	0x1
  97 007a 4F       		.byte	0x4f
  98 007b 19       		.byte	0x19
  99 007c 80000000 		.4byte	0x80
 100 0080 03       		.uleb128 0x3
 101 0081 04       		.byte	0x4
 102 0082 07       		.byte	0x7
 103 0083 81020000 		.4byte	.LASF11
 104 0087 04       		.uleb128 0x4
 105 0088 0B050000 		.4byte	.LASF12
 106 008c 01       		.byte	0x1
 107 008d 69       		.byte	0x69
 108 008e 19       		.byte	0x19
 109 008f 93000000 		.4byte	0x93
 110 0093 03       		.uleb128 0x3
 111 0094 08       		.byte	0x8
 112 0095 07       		.byte	0x7
 113 0096 B3000000 		.4byte	.LASF13
 114 009a 05       		.uleb128 0x5
ARM GAS  C:\Users\acest\AppData\Local\Temp\ccvMP4Ad.s 			page 3


 115 009b 04       		.byte	0x4
 116 009c 03       		.uleb128 0x3
 117 009d 01       		.byte	0x1
 118 009e 08       		.byte	0x8
 119 009f 98060000 		.4byte	.LASF14
 120 00a3 06       		.uleb128 0x6
 121 00a4 9C000000 		.4byte	0x9c
 122 00a8 07       		.uleb128 0x7
 123 00a9 04       		.byte	0x4
 124 00aa A3000000 		.4byte	0xa3
 125 00ae 08       		.uleb128 0x8
 126 00af A8000000 		.4byte	0xa8
 127 00b3 04       		.uleb128 0x4
 128 00b4 DB070000 		.4byte	.LASF15
 129 00b8 02       		.byte	0x2
 130 00b9 18       		.byte	0x18
 131 00ba 13       		.byte	0x13
 132 00bb 40000000 		.4byte	0x40
 133 00bf 04       		.uleb128 0x4
 134 00c0 9C050000 		.4byte	.LASF16
 135 00c4 02       		.byte	0x2
 136 00c5 2C       		.byte	0x2c
 137 00c6 13       		.byte	0x13
 138 00c7 61000000 		.4byte	0x61
 139 00cb 04       		.uleb128 0x4
 140 00cc 50060000 		.4byte	.LASF17
 141 00d0 02       		.byte	0x2
 142 00d1 30       		.byte	0x30
 143 00d2 14       		.byte	0x14
 144 00d3 74000000 		.4byte	0x74
 145 00d7 04       		.uleb128 0x4
 146 00d8 36000000 		.4byte	.LASF18
 147 00dc 02       		.byte	0x2
 148 00dd 3C       		.byte	0x3c
 149 00de 14       		.byte	0x14
 150 00df 87000000 		.4byte	0x87
 151 00e3 08       		.uleb128 0x8
 152 00e4 D7000000 		.4byte	0xd7
 153 00e8 04       		.uleb128 0x4
 154 00e9 60060000 		.4byte	.LASF19
 155 00ed 03       		.byte	0x3
 156 00ee 48       		.byte	0x48
 157 00ef 1D       		.byte	0x1d
 158 00f0 D7000000 		.4byte	0xd7
 159 00f4 04       		.uleb128 0x4
 160 00f5 42040000 		.4byte	.LASF20
 161 00f9 04       		.byte	0x4
 162 00fa 50       		.byte	0x50
 163 00fb 19       		.byte	0x19
 164 00fc E8000000 		.4byte	0xe8
 165 0100 04       		.uleb128 0x4
 166 0101 EE050000 		.4byte	.LASF21
 167 0105 04       		.byte	0x4
 168 0106 53       		.byte	0x53
 169 0107 19       		.byte	0x19
 170 0108 B3000000 		.4byte	0xb3
 171 010c 04       		.uleb128 0x4
ARM GAS  C:\Users\acest\AppData\Local\Temp\ccvMP4Ad.s 			page 4


 172 010d 88010000 		.4byte	.LASF22
 173 0111 04       		.byte	0x4
 174 0112 54       		.byte	0x54
 175 0113 19       		.byte	0x19
 176 0114 B3000000 		.4byte	0xb3
 177 0118 04       		.uleb128 0x4
 178 0119 41050000 		.4byte	.LASF23
 179 011d 04       		.byte	0x4
 180 011e 55       		.byte	0x55
 181 011f 19       		.byte	0x19
 182 0120 B3000000 		.4byte	0xb3
 183 0124 04       		.uleb128 0x4
 184 0125 6B050000 		.4byte	.LASF24
 185 0129 04       		.byte	0x4
 186 012a 57       		.byte	0x57
 187 012b 19       		.byte	0x19
 188 012c CB000000 		.4byte	0xcb
 189 0130 04       		.uleb128 0x4
 190 0131 65050000 		.4byte	.LASF25
 191 0135 04       		.byte	0x4
 192 0136 58       		.byte	0x58
 193 0137 19       		.byte	0x19
 194 0138 BF000000 		.4byte	0xbf
 195 013c 04       		.uleb128 0x4
 196 013d 54000000 		.4byte	.LASF26
 197 0141 04       		.byte	0x4
 198 0142 5A       		.byte	0x5a
 199 0143 19       		.byte	0x19
 200 0144 CB000000 		.4byte	0xcb
 201 0148 04       		.uleb128 0x4
 202 0149 51020000 		.4byte	.LASF27
 203 014d 04       		.byte	0x4
 204 014e 5C       		.byte	0x5c
 205 014f 19       		.byte	0x19
 206 0150 BF000000 		.4byte	0xbf
 207 0154 04       		.uleb128 0x4
 208 0155 37050000 		.4byte	.LASF28
 209 0159 04       		.byte	0x4
 210 015a 80       		.byte	0x80
 211 015b 12       		.byte	0x12
 212 015c 24000000 		.4byte	0x24
 213 0160 04       		.uleb128 0x4
 214 0161 BE060000 		.4byte	.LASF29
 215 0165 04       		.byte	0x4
 216 0166 85       		.byte	0x85
 217 0167 1A       		.byte	0x1a
 218 0168 6C010000 		.4byte	0x16c
 219 016c 09       		.uleb128 0x9
 220 016d C6030000 		.4byte	.LASF44
 221 0171 70       		.byte	0x70
 222 0172 05       		.byte	0x5
 223 0173 9C       		.byte	0x9c
 224 0174 08       		.byte	0x8
 225 0175 4F020000 		.4byte	0x24f
 226 0179 0A       		.uleb128 0xa
 227 017a 68647200 		.ascii	"hdr\000"
 228 017e 05       		.byte	0x5
ARM GAS  C:\Users\acest\AppData\Local\Temp\ccvMP4Ad.s 			page 5


 229 017f AD       		.byte	0xad
 230 0180 05       		.byte	0x5
 231 0181 82060000 		.4byte	0x682
 232 0185 00       		.byte	0
 233 0186 0A       		.uleb128 0xa
 234 0187 63747800 		.ascii	"ctx\000"
 235 018b 05       		.byte	0x5
 236 018c B1       		.byte	0xb1
 237 018d 21       		.byte	0x21
 238 018e 5C050000 		.4byte	0x55c
 239 0192 0C       		.byte	0xc
 240 0193 0B       		.uleb128 0xb
 241 0194 93020000 		.4byte	.LASF30
 242 0198 05       		.byte	0x5
 243 0199 B6       		.byte	0xb6
 244 019a 21       		.byte	0x21
 245 019b 85030000 		.4byte	0x385
 246 019f 38       		.byte	0x38
 247 01a0 0B       		.uleb128 0xb
 248 01a1 70060000 		.4byte	.LASF31
 249 01a5 05       		.byte	0x5
 250 01a6 BB       		.byte	0xbb
 251 01a7 22       		.byte	0x22
 252 01a8 8F070000 		.4byte	0x78f
 253 01ac 40       		.byte	0x40
 254 01ad 0B       		.uleb128 0xb
 255 01ae E4020000 		.4byte	.LASF32
 256 01b2 05       		.byte	0x5
 257 01b3 C0       		.byte	0xc0
 258 01b4 22       		.byte	0x22
 259 01b5 A8000000 		.4byte	0xa8
 260 01b9 44       		.byte	0x44
 261 01ba 0B       		.uleb128 0xb
 262 01bb 91060000 		.4byte	.LASF33
 263 01bf 05       		.byte	0x5
 264 01c0 C9       		.byte	0xc9
 265 01c1 22       		.byte	0x22
 266 01c2 8C050000 		.4byte	0x58c
 267 01c6 48       		.byte	0x48
 268 01c7 0B       		.uleb128 0xb
 269 01c8 79010000 		.4byte	.LASF34
 270 01cc 05       		.byte	0x5
 271 01cd CE       		.byte	0xce
 272 01ce 21       		.byte	0x21
 273 01cf 0C010000 		.4byte	0x10c
 274 01d3 4C       		.byte	0x4c
 275 01d4 0B       		.uleb128 0xb
 276 01d5 E3070000 		.4byte	.LASF35
 277 01d9 05       		.byte	0x5
 278 01da D2       		.byte	0xd2
 279 01db 21       		.byte	0x21
 280 01dc 00010000 		.4byte	0x100
 281 01e0 4D       		.byte	0x4d
 282 01e1 0B       		.uleb128 0xb
 283 01e2 28010000 		.4byte	.LASF36
 284 01e6 05       		.byte	0x5
 285 01e7 D7       		.byte	0xd7
ARM GAS  C:\Users\acest\AppData\Local\Temp\ccvMP4Ad.s 			page 6


 286 01e8 21       		.byte	0x21
 287 01e9 18010000 		.4byte	0x118
 288 01ed 4E       		.byte	0x4e
 289 01ee 0C       		.uleb128 0xc
 290 01ef 7500     		.ascii	"u\000"
 291 01f1 05       		.byte	0x5
 292 01f2 2801     		.2byte	0x128
 293 01f4 21       		.byte	0x21
 294 01f5 B0060000 		.4byte	0x6b0
 295 01f9 50       		.byte	0x50
 296 01fa 0D       		.uleb128 0xd
 297 01fb 23020000 		.4byte	.LASF37
 298 01ff 05       		.byte	0x5
 299 0200 2D01     		.2byte	0x12d
 300 0202 21       		.byte	0x21
 301 0203 58030000 		.4byte	0x358
 302 0207 54       		.byte	0x54
 303 0208 0D       		.uleb128 0xd
 304 0209 70010000 		.4byte	.LASF38
 305 020d 05       		.byte	0x5
 306 020e 3301     		.2byte	0x133
 307 0210 21       		.byte	0x21
 308 0211 85030000 		.4byte	0x385
 309 0215 58       		.byte	0x58
 310 0216 0D       		.uleb128 0xd
 311 0217 EC030000 		.4byte	.LASF39
 312 021b 05       		.byte	0x5
 313 021c 3901     		.2byte	0x139
 314 021e 21       		.byte	0x21
 315 021f 3C010000 		.4byte	0x13c
 316 0223 60       		.byte	0x60
 317 0224 0D       		.uleb128 0xd
 318 0225 52080000 		.4byte	.LASF40
 319 0229 05       		.byte	0x5
 320 022a 4001     		.2byte	0x140
 321 022c 22       		.byte	0x22
 322 022d 89070000 		.4byte	0x789
 323 0231 64       		.byte	0x64
 324 0232 0D       		.uleb128 0xd
 325 0233 67040000 		.4byte	.LASF41
 326 0237 05       		.byte	0x5
 327 0238 4401     		.2byte	0x144
 328 023a 21       		.byte	0x21
 329 023b 24010000 		.4byte	0x124
 330 023f 68       		.byte	0x68
 331 0240 0D       		.uleb128 0xd
 332 0241 AE030000 		.4byte	.LASF42
 333 0245 05       		.byte	0x5
 334 0246 4B01     		.2byte	0x14b
 335 0248 22       		.byte	0x22
 336 0249 9A000000 		.4byte	0x9a
 337 024d 6C       		.byte	0x6c
 338 024e 00       		.byte	0
 339 024f 04       		.uleb128 0x4
 340 0250 0E070000 		.4byte	.LASF43
 341 0254 04       		.byte	0x4
 342 0255 8A       		.byte	0x8a
ARM GAS  C:\Users\acest\AppData\Local\Temp\ccvMP4Ad.s 			page 7


 343 0256 1F       		.byte	0x1f
 344 0257 5B020000 		.4byte	0x25b
 345 025b 0E       		.uleb128 0xe
 346 025c FF060000 		.4byte	.LASF45
 347 0260 B0       		.byte	0xb0
 348 0261 05       		.byte	0x5
 349 0262 8A01     		.2byte	0x18a
 350 0264 08       		.byte	0x8
 351 0265 DA020000 		.4byte	0x2da
 352 0269 0D       		.uleb128 0xd
 353 026a D5070000 		.4byte	.LASF46
 354 026e 05       		.byte	0x5
 355 026f 8E01     		.2byte	0x18e
 356 0271 21       		.byte	0x21
 357 0272 C0070000 		.4byte	0x7c0
 358 0276 00       		.byte	0
 359 0277 0D       		.uleb128 0xd
 360 0278 5D010000 		.4byte	.LASF47
 361 027c 05       		.byte	0x5
 362 027d 9201     		.2byte	0x192
 363 027f 21       		.byte	0x21
 364 0280 3D060000 		.4byte	0x63d
 365 0284 10       		.byte	0x10
 366 0285 0D       		.uleb128 0xd
 367 0286 1C070000 		.4byte	.LASF48
 368 028a 05       		.byte	0x5
 369 028b 9901     		.2byte	0x199
 370 028d 21       		.byte	0x21
 371 028e 64060000 		.4byte	0x664
 372 0292 28       		.byte	0x28
 373 0293 0D       		.uleb128 0xd
 374 0294 8A000000 		.4byte	.LASF49
 375 0298 05       		.byte	0x5
 376 0299 9E01     		.2byte	0x19e
 377 029b 21       		.byte	0x21
 378 029c 54010000 		.4byte	0x154
 379 02a0 30       		.byte	0x30
 380 02a1 0D       		.uleb128 0xd
 381 02a2 0D000000 		.4byte	.LASF50
 382 02a6 05       		.byte	0x5
 383 02a7 A401     		.2byte	0x1a4
 384 02a9 21       		.byte	0x21
 385 02aa 01030000 		.4byte	0x301
 386 02ae 34       		.byte	0x34
 387 02af 0D       		.uleb128 0xd
 388 02b0 A2060000 		.4byte	.LASF51
 389 02b4 05       		.byte	0x5
 390 02b5 A901     		.2byte	0x1a9
 391 02b7 22       		.byte	0x22
 392 02b8 34080000 		.4byte	0x834
 393 02bc 38       		.byte	0x38
 394 02bd 0D       		.uleb128 0xd
 395 02be FA000000 		.4byte	.LASF52
 396 02c2 05       		.byte	0x5
 397 02c3 AD01     		.2byte	0x1ad
 398 02c5 21       		.byte	0x21
 399 02c6 60010000 		.4byte	0x160
ARM GAS  C:\Users\acest\AppData\Local\Temp\ccvMP4Ad.s 			page 8


 400 02ca 3C       		.byte	0x3c
 401 02cb 0C       		.uleb128 0xc
 402 02cc 64626700 		.ascii	"dbg\000"
 403 02d0 05       		.byte	0x5
 404 02d1 B101     		.2byte	0x1b1
 405 02d3 21       		.byte	0x21
 406 02d4 28030000 		.4byte	0x328
 407 02d8 AC       		.byte	0xac
 408 02d9 00       		.byte	0
 409 02da 04       		.uleb128 0x4
 410 02db 70040000 		.4byte	.LASF53
 411 02df 06       		.byte	0x6
 412 02e0 3F       		.byte	0x3f
 413 02e1 12       		.byte	0x12
 414 02e2 CB000000 		.4byte	0xcb
 415 02e6 09       		.uleb128 0x9
 416 02e7 91010000 		.4byte	.LASF54
 417 02eb 04       		.byte	0x4
 418 02ec 06       		.byte	0x6
 419 02ed 44       		.byte	0x44
 420 02ee 10       		.byte	0x10
 421 02ef 01030000 		.4byte	0x301
 422 02f3 0B       		.uleb128 0xb
 423 02f4 18020000 		.4byte	.LASF55
 424 02f8 06       		.byte	0x6
 425 02f9 48       		.byte	0x48
 426 02fa 21       		.byte	0x21
 427 02fb DA020000 		.4byte	0x2da
 428 02ff 00       		.byte	0
 429 0300 00       		.byte	0
 430 0301 04       		.uleb128 0x4
 431 0302 B8050000 		.4byte	.LASF56
 432 0306 06       		.byte	0x6
 433 0307 49       		.byte	0x49
 434 0308 03       		.byte	0x3
 435 0309 E6020000 		.4byte	0x2e6
 436 030d 09       		.uleb128 0x9
 437 030e 86050000 		.4byte	.LASF57
 438 0312 04       		.byte	0x4
 439 0313 07       		.byte	0x7
 440 0314 3E       		.byte	0x3e
 441 0315 10       		.byte	0x10
 442 0316 28030000 		.4byte	0x328
 443 031a 0B       		.uleb128 0xb
 444 031b EE060000 		.4byte	.LASF58
 445 031f 07       		.byte	0x7
 446 0320 46       		.byte	0x46
 447 0321 24       		.byte	0x24
 448 0322 AE000000 		.4byte	0xae
 449 0326 00       		.byte	0
 450 0327 00       		.byte	0
 451 0328 04       		.uleb128 0x4
 452 0329 7B000000 		.4byte	.LASF59
 453 032d 07       		.byte	0x7
 454 032e 51       		.byte	0x51
 455 032f 03       		.byte	0x3
 456 0330 0D030000 		.4byte	0x30d
ARM GAS  C:\Users\acest\AppData\Local\Temp\ccvMP4Ad.s 			page 9


 457 0334 04       		.uleb128 0x4
 458 0335 CD060000 		.4byte	.LASF60
 459 0339 08       		.byte	0x8
 460 033a 6D       		.byte	0x6d
 461 033b 12       		.byte	0x12
 462 033c CB000000 		.4byte	0xcb
 463 0340 04       		.uleb128 0x4
 464 0341 43020000 		.4byte	.LASF61
 465 0345 08       		.byte	0x8
 466 0346 79       		.byte	0x79
 467 0347 12       		.byte	0x12
 468 0348 CB000000 		.4byte	0xcb
 469 034c 04       		.uleb128 0x4
 470 034d C9010000 		.4byte	.LASF62
 471 0351 08       		.byte	0x8
 472 0352 81       		.byte	0x81
 473 0353 12       		.byte	0x12
 474 0354 D7000000 		.4byte	0xd7
 475 0358 04       		.uleb128 0x4
 476 0359 BC030000 		.4byte	.LASF63
 477 035d 09       		.byte	0x9
 478 035e 32       		.byte	0x32
 479 035f 18       		.byte	0x18
 480 0360 64030000 		.4byte	0x364
 481 0364 09       		.uleb128 0x9
 482 0365 0B040000 		.4byte	.LASF64
 483 0369 04       		.byte	0x4
 484 036a 09       		.byte	0x9
 485 036b 38       		.byte	0x38
 486 036c 08       		.byte	0x8
 487 036d 7F030000 		.4byte	0x37f
 488 0371 0B       		.uleb128 0xb
 489 0372 23010000 		.4byte	.LASF65
 490 0376 09       		.byte	0x9
 491 0377 39       		.byte	0x39
 492 0378 1A       		.byte	0x1a
 493 0379 7F030000 		.4byte	0x37f
 494 037d 00       		.byte	0
 495 037e 00       		.byte	0
 496 037f 07       		.uleb128 0x7
 497 0380 04       		.byte	0x4
 498 0381 58030000 		.4byte	0x358
 499 0385 04       		.uleb128 0x4
 500 0386 9A020000 		.4byte	.LASF66
 501 038a 09       		.byte	0x9
 502 038b 3F       		.byte	0x3f
 503 038c 19       		.byte	0x19
 504 038d 91030000 		.4byte	0x391
 505 0391 09       		.uleb128 0x9
 506 0392 99010000 		.4byte	.LASF67
 507 0396 08       		.byte	0x8
 508 0397 09       		.byte	0x9
 509 0398 45       		.byte	0x45
 510 0399 08       		.byte	0x8
 511 039a B9030000 		.4byte	0x3b9
 512 039e 0B       		.uleb128 0xb
 513 039f 23010000 		.4byte	.LASF65
ARM GAS  C:\Users\acest\AppData\Local\Temp\ccvMP4Ad.s 			page 10


 514 03a3 09       		.byte	0x9
 515 03a4 46       		.byte	0x46
 516 03a5 1A       		.byte	0x1a
 517 03a6 B9030000 		.4byte	0x3b9
 518 03aa 00       		.byte	0
 519 03ab 0B       		.uleb128 0xb
 520 03ac 6A000000 		.4byte	.LASF68
 521 03b0 09       		.byte	0x9
 522 03b1 47       		.byte	0x47
 523 03b2 1A       		.byte	0x1a
 524 03b3 B9030000 		.4byte	0x3b9
 525 03b7 04       		.byte	0x4
 526 03b8 00       		.byte	0
 527 03b9 07       		.uleb128 0x7
 528 03ba 04       		.byte	0x4
 529 03bb 85030000 		.4byte	0x385
 530 03bf 04       		.uleb128 0x4
 531 03c0 9F000000 		.4byte	.LASF69
 532 03c4 09       		.byte	0x9
 533 03c5 4E       		.byte	0x4e
 534 03c6 22       		.byte	0x22
 535 03c7 CB030000 		.4byte	0x3cb
 536 03cb 09       		.uleb128 0x9
 537 03cc 37070000 		.4byte	.LASF70
 538 03d0 0C       		.byte	0xc
 539 03d1 09       		.byte	0x9
 540 03d2 55       		.byte	0x55
 541 03d3 08       		.byte	0x8
 542 03d4 00040000 		.4byte	0x400
 543 03d8 0B       		.uleb128 0xb
 544 03d9 23010000 		.4byte	.LASF65
 545 03dd 09       		.byte	0x9
 546 03de 56       		.byte	0x56
 547 03df 1A       		.byte	0x1a
 548 03e0 00040000 		.4byte	0x400
 549 03e4 00       		.byte	0
 550 03e5 0B       		.uleb128 0xb
 551 03e6 6A000000 		.4byte	.LASF68
 552 03ea 09       		.byte	0x9
 553 03eb 57       		.byte	0x57
 554 03ec 1A       		.byte	0x1a
 555 03ed 00040000 		.4byte	0x400
 556 03f1 04       		.byte	0x4
 557 03f2 0B       		.uleb128 0xb
 558 03f3 F3040000 		.4byte	.LASF71
 559 03f7 09       		.byte	0x9
 560 03f8 58       		.byte	0x58
 561 03f9 19       		.byte	0x19
 562 03fa 24010000 		.4byte	0x124
 563 03fe 08       		.byte	0x8
 564 03ff 00       		.byte	0
 565 0400 07       		.uleb128 0x7
 566 0401 04       		.byte	0x4
 567 0402 BF030000 		.4byte	0x3bf
 568 0406 04       		.uleb128 0x4
 569 0407 A8010000 		.4byte	.LASF72
 570 040b 09       		.byte	0x9
ARM GAS  C:\Users\acest\AppData\Local\Temp\ccvMP4Ad.s 			page 11


 571 040c 5F       		.byte	0x5f
 572 040d 1E       		.byte	0x1e
 573 040e 12040000 		.4byte	0x412
 574 0412 09       		.uleb128 0x9
 575 0413 47010000 		.4byte	.LASF73
 576 0417 0C       		.byte	0xc
 577 0418 09       		.byte	0x9
 578 0419 64       		.byte	0x64
 579 041a 08       		.byte	0x8
 580 041b 47040000 		.4byte	0x447
 581 041f 0B       		.uleb128 0xb
 582 0420 23010000 		.4byte	.LASF65
 583 0424 09       		.byte	0x9
 584 0425 65       		.byte	0x65
 585 0426 1A       		.byte	0x1a
 586 0427 47040000 		.4byte	0x447
 587 042b 00       		.byte	0
 588 042c 0B       		.uleb128 0xb
 589 042d 6A000000 		.4byte	.LASF68
 590 0431 09       		.byte	0x9
 591 0432 66       		.byte	0x66
 592 0433 1A       		.byte	0x1a
 593 0434 47040000 		.4byte	0x447
 594 0438 04       		.byte	0x4
 595 0439 0B       		.uleb128 0xb
 596 043a 29000000 		.4byte	.LASF74
 597 043e 09       		.byte	0x9
 598 043f 67       		.byte	0x67
 599 0440 19       		.byte	0x19
 600 0441 40030000 		.4byte	0x340
 601 0445 08       		.byte	0x8
 602 0446 00       		.byte	0
 603 0447 07       		.uleb128 0x7
 604 0448 04       		.byte	0x4
 605 0449 06040000 		.4byte	0x406
 606 044d 0E       		.uleb128 0xe
 607 044e D6040000 		.4byte	.LASF75
 608 0452 20       		.byte	0x20
 609 0453 0A       		.byte	0xa
 610 0454 9301     		.2byte	0x193
 611 0456 08       		.byte	0x8
 612 0457 C7040000 		.4byte	0x4c7
 613 045b 0C       		.uleb128 0xc
 614 045c 723000   		.ascii	"r0\000"
 615 045f 0A       		.byte	0xa
 616 0460 9401     		.2byte	0x194
 617 0462 19       		.byte	0x19
 618 0463 CB000000 		.4byte	0xcb
 619 0467 00       		.byte	0
 620 0468 0C       		.uleb128 0xc
 621 0469 723100   		.ascii	"r1\000"
 622 046c 0A       		.byte	0xa
 623 046d 9501     		.2byte	0x195
 624 046f 19       		.byte	0x19
 625 0470 CB000000 		.4byte	0xcb
 626 0474 04       		.byte	0x4
 627 0475 0C       		.uleb128 0xc
ARM GAS  C:\Users\acest\AppData\Local\Temp\ccvMP4Ad.s 			page 12


 628 0476 723200   		.ascii	"r2\000"
 629 0479 0A       		.byte	0xa
 630 047a 9601     		.2byte	0x196
 631 047c 19       		.byte	0x19
 632 047d CB000000 		.4byte	0xcb
 633 0481 08       		.byte	0x8
 634 0482 0C       		.uleb128 0xc
 635 0483 723300   		.ascii	"r3\000"
 636 0486 0A       		.byte	0xa
 637 0487 9701     		.2byte	0x197
 638 0489 19       		.byte	0x19
 639 048a CB000000 		.4byte	0xcb
 640 048e 0C       		.byte	0xc
 641 048f 0C       		.uleb128 0xc
 642 0490 72313200 		.ascii	"r12\000"
 643 0494 0A       		.byte	0xa
 644 0495 9801     		.2byte	0x198
 645 0497 19       		.byte	0x19
 646 0498 CB000000 		.4byte	0xcb
 647 049c 10       		.byte	0x10
 648 049d 0D       		.uleb128 0xd
 649 049e 73020000 		.4byte	.LASF76
 650 04a2 0A       		.byte	0xa
 651 04a3 9901     		.2byte	0x199
 652 04a5 19       		.byte	0x19
 653 04a6 CB000000 		.4byte	0xcb
 654 04aa 14       		.byte	0x14
 655 04ab 0C       		.uleb128 0xc
 656 04ac 706300   		.ascii	"pc\000"
 657 04af 0A       		.byte	0xa
 658 04b0 9A01     		.2byte	0x19a
 659 04b2 19       		.byte	0x19
 660 04b3 CB000000 		.4byte	0xcb
 661 04b7 18       		.byte	0x18
 662 04b8 0D       		.uleb128 0xd
 663 04b9 E2050000 		.4byte	.LASF77
 664 04bd 0A       		.byte	0xa
 665 04be 9B01     		.2byte	0x19b
 666 04c0 19       		.byte	0x19
 667 04c1 CB000000 		.4byte	0xcb
 668 04c5 1C       		.byte	0x1c
 669 04c6 00       		.byte	0
 670 04c7 0E       		.uleb128 0xe
 671 04c8 6F000000 		.4byte	.LASF78
 672 04cc 28       		.byte	0x28
 673 04cd 0A       		.byte	0xa
 674 04ce B701     		.2byte	0x1b7
 675 04d0 08       		.byte	0x8
 676 04d1 5C050000 		.4byte	0x55c
 677 04d5 0D       		.uleb128 0xd
 678 04d6 B4030000 		.4byte	.LASF79
 679 04da 0A       		.byte	0xa
 680 04db B801     		.2byte	0x1b8
 681 04dd 19       		.byte	0x19
 682 04de CB000000 		.4byte	0xcb
 683 04e2 00       		.byte	0
 684 04e3 0C       		.uleb128 0xc
ARM GAS  C:\Users\acest\AppData\Local\Temp\ccvMP4Ad.s 			page 13


 685 04e4 723400   		.ascii	"r4\000"
 686 04e7 0A       		.byte	0xa
 687 04e8 B901     		.2byte	0x1b9
 688 04ea 19       		.byte	0x19
 689 04eb CB000000 		.4byte	0xcb
 690 04ef 04       		.byte	0x4
 691 04f0 0C       		.uleb128 0xc
 692 04f1 723500   		.ascii	"r5\000"
 693 04f4 0A       		.byte	0xa
 694 04f5 BA01     		.2byte	0x1ba
 695 04f7 19       		.byte	0x19
 696 04f8 CB000000 		.4byte	0xcb
 697 04fc 08       		.byte	0x8
 698 04fd 0C       		.uleb128 0xc
 699 04fe 723600   		.ascii	"r6\000"
 700 0501 0A       		.byte	0xa
 701 0502 BB01     		.2byte	0x1bb
 702 0504 19       		.byte	0x19
 703 0505 CB000000 		.4byte	0xcb
 704 0509 0C       		.byte	0xc
 705 050a 0C       		.uleb128 0xc
 706 050b 723700   		.ascii	"r7\000"
 707 050e 0A       		.byte	0xa
 708 050f BC01     		.2byte	0x1bc
 709 0511 19       		.byte	0x19
 710 0512 CB000000 		.4byte	0xcb
 711 0516 10       		.byte	0x10
 712 0517 0C       		.uleb128 0xc
 713 0518 723800   		.ascii	"r8\000"
 714 051b 0A       		.byte	0xa
 715 051c BD01     		.2byte	0x1bd
 716 051e 19       		.byte	0x19
 717 051f CB000000 		.4byte	0xcb
 718 0523 14       		.byte	0x14
 719 0524 0C       		.uleb128 0xc
 720 0525 723900   		.ascii	"r9\000"
 721 0528 0A       		.byte	0xa
 722 0529 BE01     		.2byte	0x1be
 723 052b 19       		.byte	0x19
 724 052c CB000000 		.4byte	0xcb
 725 0530 18       		.byte	0x18
 726 0531 0C       		.uleb128 0xc
 727 0532 72313000 		.ascii	"r10\000"
 728 0536 0A       		.byte	0xa
 729 0537 BF01     		.2byte	0x1bf
 730 0539 19       		.byte	0x19
 731 053a CB000000 		.4byte	0xcb
 732 053e 1C       		.byte	0x1c
 733 053f 0C       		.uleb128 0xc
 734 0540 72313100 		.ascii	"r11\000"
 735 0544 0A       		.byte	0xa
 736 0545 C001     		.2byte	0x1c0
 737 0547 19       		.byte	0x19
 738 0548 CB000000 		.4byte	0xcb
 739 054c 20       		.byte	0x20
 740 054d 0D       		.uleb128 0xd
 741 054e 3B040000 		.4byte	.LASF80
ARM GAS  C:\Users\acest\AppData\Local\Temp\ccvMP4Ad.s 			page 14


 742 0552 0A       		.byte	0xa
 743 0553 C401     		.2byte	0x1c4
 744 0555 19       		.byte	0x19
 745 0556 CB000000 		.4byte	0xcb
 746 055a 24       		.byte	0x24
 747 055b 00       		.byte	0
 748 055c 0E       		.uleb128 0xe
 749 055d C9040000 		.4byte	.LASF81
 750 0561 2C       		.byte	0x2c
 751 0562 0A       		.byte	0xa
 752 0563 DF01     		.2byte	0x1df
 753 0565 08       		.byte	0x8
 754 0566 86050000 		.4byte	0x586
 755 056a 0C       		.uleb128 0xc
 756 056b 737000   		.ascii	"sp\000"
 757 056e 0A       		.byte	0xa
 758 056f E001     		.2byte	0x1e0
 759 0571 1A       		.byte	0x1a
 760 0572 86050000 		.4byte	0x586
 761 0576 00       		.byte	0
 762 0577 0D       		.uleb128 0xd
 763 0578 76060000 		.4byte	.LASF82
 764 057c 0A       		.byte	0xa
 765 057d E101     		.2byte	0x1e1
 766 057f 19       		.byte	0x19
 767 0580 C7040000 		.4byte	0x4c7
 768 0584 04       		.byte	0x4
 769 0585 00       		.byte	0
 770 0586 07       		.uleb128 0x7
 771 0587 04       		.byte	0x4
 772 0588 4D040000 		.4byte	0x44d
 773 058c 07       		.uleb128 0x7
 774 058d 04       		.byte	0x4
 775 058e F4000000 		.4byte	0xf4
 776 0592 04       		.uleb128 0x4
 777 0593 49050000 		.4byte	.LASF83
 778 0597 05       		.byte	0x5
 779 0598 3C       		.byte	0x3c
 780 0599 21       		.byte	0x21
 781 059a 9E050000 		.4byte	0x59e
 782 059e 09       		.uleb128 0x9
 783 059f 15060000 		.4byte	.LASF84
 784 05a3 18       		.byte	0x18
 785 05a4 05       		.byte	0x5
 786 05a5 4B       		.byte	0x4b
 787 05a6 08       		.byte	0x8
 788 05a7 E0050000 		.4byte	0x5e0
 789 05ab 0B       		.uleb128 0xb
 790 05ac C7060000 		.4byte	.LASF85
 791 05b0 05       		.byte	0x5
 792 05b1 4F       		.byte	0x4f
 793 05b2 21       		.byte	0x21
 794 05b3 06040000 		.4byte	0x406
 795 05b7 00       		.byte	0
 796 05b8 0B       		.uleb128 0xb
 797 05b9 9D060000 		.4byte	.LASF86
 798 05bd 05       		.byte	0x5
ARM GAS  C:\Users\acest\AppData\Local\Temp\ccvMP4Ad.s 			page 15


 799 05be 53       		.byte	0x53
 800 05bf 21       		.byte	0x21
 801 05c0 E0050000 		.4byte	0x5e0
 802 05c4 0C       		.byte	0xc
 803 05c5 0A       		.uleb128 0xa
 804 05c6 70617200 		.ascii	"par\000"
 805 05ca 05       		.byte	0x5
 806 05cb 57       		.byte	0x57
 807 05cc 22       		.byte	0x22
 808 05cd 9A000000 		.4byte	0x9a
 809 05d1 10       		.byte	0x10
 810 05d2 0B       		.uleb128 0xb
 811 05d3 A5020000 		.4byte	.LASF87
 812 05d7 05       		.byte	0x5
 813 05d8 5B       		.byte	0x5b
 814 05d9 21       		.byte	0x21
 815 05da 40030000 		.4byte	0x340
 816 05de 14       		.byte	0x14
 817 05df 00       		.byte	0
 818 05e0 04       		.uleb128 0x4
 819 05e1 D7060000 		.4byte	.LASF88
 820 05e5 05       		.byte	0x5
 821 05e6 46       		.byte	0x46
 822 05e7 10       		.byte	0x10
 823 05e8 EC050000 		.4byte	0x5ec
 824 05ec 07       		.uleb128 0x7
 825 05ed 04       		.byte	0x4
 826 05ee F2050000 		.4byte	0x5f2
 827 05f2 0F       		.uleb128 0xf
 828 05f3 02060000 		.4byte	0x602
 829 05f7 10       		.uleb128 0x10
 830 05f8 02060000 		.4byte	0x602
 831 05fc 10       		.uleb128 0x10
 832 05fd 9A000000 		.4byte	0x9a
 833 0601 00       		.byte	0
 834 0602 07       		.uleb128 0x7
 835 0603 04       		.byte	0x4
 836 0604 92050000 		.4byte	0x592
 837 0608 09       		.uleb128 0x9
 838 0609 8F040000 		.4byte	.LASF89
 839 060d 18       		.byte	0x18
 840 060e 05       		.byte	0x5
 841 060f 64       		.byte	0x64
 842 0610 10       		.byte	0x10
 843 0611 3D060000 		.4byte	0x63d
 844 0615 0B       		.uleb128 0xb
 845 0616 C7060000 		.4byte	.LASF85
 846 061a 05       		.byte	0x5
 847 061b 68       		.byte	0x68
 848 061c 21       		.byte	0x21
 849 061d 06040000 		.4byte	0x406
 850 0621 00       		.byte	0
 851 0622 0B       		.uleb128 0xb
 852 0623 D9050000 		.4byte	.LASF90
 853 0627 05       		.byte	0x5
 854 0628 73       		.byte	0x73
 855 0629 21       		.byte	0x21
ARM GAS  C:\Users\acest\AppData\Local\Temp\ccvMP4Ad.s 			page 16


 856 062a 34030000 		.4byte	0x334
 857 062e 0C       		.byte	0xc
 858 062f 0B       		.uleb128 0xb
 859 0630 5D040000 		.4byte	.LASF91
 860 0634 05       		.byte	0x5
 861 0635 79       		.byte	0x79
 862 0636 21       		.byte	0x21
 863 0637 E3000000 		.4byte	0xe3
 864 063b 10       		.byte	0x10
 865 063c 00       		.byte	0
 866 063d 04       		.uleb128 0x4
 867 063e 0D010000 		.4byte	.LASF92
 868 0642 05       		.byte	0x5
 869 0643 7B       		.byte	0x7b
 870 0644 03       		.byte	0x3
 871 0645 08060000 		.4byte	0x608
 872 0649 09       		.uleb128 0x9
 873 064a B8010000 		.4byte	.LASF93
 874 064e 08       		.byte	0x8
 875 064f 05       		.byte	0x5
 876 0650 80       		.byte	0x80
 877 0651 10       		.byte	0x10
 878 0652 64060000 		.4byte	0x664
 879 0656 0B       		.uleb128 0xb
 880 0657 A2010000 		.4byte	.LASF94
 881 065b 05       		.byte	0x5
 882 065c 84       		.byte	0x84
 883 065d 21       		.byte	0x21
 884 065e 85030000 		.4byte	0x385
 885 0662 00       		.byte	0
 886 0663 00       		.byte	0
 887 0664 04       		.uleb128 0x4
 888 0665 45060000 		.4byte	.LASF95
 889 0669 05       		.byte	0x5
 890 066a 85       		.byte	0x85
 891 066b 03       		.byte	0x3
 892 066c 49060000 		.4byte	0x649
 893 0670 04       		.uleb128 0x4
 894 0671 7C040000 		.4byte	.LASF96
 895 0675 05       		.byte	0x5
 896 0676 8A       		.byte	0x8a
 897 0677 14       		.byte	0x14
 898 0678 7C060000 		.4byte	0x67c
 899 067c 07       		.uleb128 0x7
 900 067d 04       		.byte	0x4
 901 067e 60010000 		.4byte	0x160
 902 0682 11       		.uleb128 0x11
 903 0683 0C       		.byte	0xc
 904 0684 05       		.byte	0x5
 905 0685 A0       		.byte	0xa0
 906 0686 03       		.byte	0x3
 907 0687 B0060000 		.4byte	0x6b0
 908 068b 12       		.uleb128 0x12
 909 068c 34080000 		.4byte	.LASF97
 910 0690 05       		.byte	0x5
 911 0691 A4       		.byte	0xa4
 912 0692 21       		.byte	0x21
ARM GAS  C:\Users\acest\AppData\Local\Temp\ccvMP4Ad.s 			page 17


 913 0693 58030000 		.4byte	0x358
 914 0697 12       		.uleb128 0x12
 915 0698 A2010000 		.4byte	.LASF94
 916 069c 05       		.byte	0x5
 917 069d A8       		.byte	0xa8
 918 069e 21       		.byte	0x21
 919 069f 85030000 		.4byte	0x385
 920 06a3 12       		.uleb128 0x12
 921 06a4 F8060000 		.4byte	.LASF98
 922 06a8 05       		.byte	0x5
 923 06a9 AC       		.byte	0xac
 924 06aa 21       		.byte	0x21
 925 06ab BF030000 		.4byte	0x3bf
 926 06af 00       		.byte	0
 927 06b0 11       		.uleb128 0x11
 928 06b1 04       		.byte	0x4
 929 06b2 05       		.byte	0x5
 930 06b3 EB       		.byte	0xeb
 931 06b4 03       		.byte	0x3
 932 06b5 20070000 		.4byte	0x720
 933 06b9 12       		.uleb128 0x12
 934 06ba 2F000000 		.4byte	.LASF99
 935 06be 05       		.byte	0x5
 936 06bf F2       		.byte	0xf2
 937 06c0 21       		.byte	0x21
 938 06c1 30010000 		.4byte	0x130
 939 06c5 12       		.uleb128 0x12
 940 06c6 F1000000 		.4byte	.LASF100
 941 06ca 05       		.byte	0x5
 942 06cb F9       		.byte	0xf9
 943 06cc 21       		.byte	0x21
 944 06cd 30010000 		.4byte	0x130
 945 06d1 13       		.uleb128 0x13
 946 06d2 FC030000 		.4byte	.LASF101
 947 06d6 05       		.byte	0x5
 948 06d7 0001     		.2byte	0x100
 949 06d9 22       		.byte	0x22
 950 06da 9A000000 		.4byte	0x9a
 951 06de 13       		.uleb128 0x13
 952 06df 12000000 		.4byte	.LASF102
 953 06e3 05       		.byte	0x5
 954 06e4 0701     		.2byte	0x107
 955 06e6 22       		.byte	0x22
 956 06e7 20070000 		.4byte	0x720
 957 06eb 13       		.uleb128 0x13
 958 06ec 05010000 		.4byte	.LASF103
 959 06f0 05       		.byte	0x5
 960 06f1 0C01     		.2byte	0x10c
 961 06f3 21       		.byte	0x21
 962 06f4 30010000 		.4byte	0x130
 963 06f8 13       		.uleb128 0x13
 964 06f9 7A020000 		.4byte	.LASF104
 965 06fd 05       		.byte	0x5
 966 06fe 1501     		.2byte	0x115
 967 0700 22       		.byte	0x22
 968 0701 4E070000 		.4byte	0x74e
 969 0705 13       		.uleb128 0x13
ARM GAS  C:\Users\acest\AppData\Local\Temp\ccvMP4Ad.s 			page 18


 970 0706 59060000 		.4byte	.LASF105
 971 070a 05       		.byte	0x5
 972 070b 1E01     		.2byte	0x11e
 973 070d 22       		.byte	0x22
 974 070e 89070000 		.4byte	0x789
 975 0712 13       		.uleb128 0x13
 976 0713 E7050000 		.4byte	.LASF106
 977 0717 05       		.byte	0x5
 978 0718 2601     		.2byte	0x126
 979 071a 21       		.byte	0x21
 980 071b 3C010000 		.4byte	0x13c
 981 071f 00       		.byte	0
 982 0720 07       		.uleb128 0x7
 983 0721 04       		.byte	0x4
 984 0722 70060000 		.4byte	0x670
 985 0726 09       		.uleb128 0x9
 986 0727 26060000 		.4byte	.LASF107
 987 072b 0C       		.byte	0xc
 988 072c 0B       		.byte	0xb
 989 072d 34       		.byte	0x34
 990 072e 10       		.byte	0x10
 991 072f 4E070000 		.4byte	0x74e
 992 0733 0B       		.uleb128 0xb
 993 0734 A2010000 		.4byte	.LASF94
 994 0738 0B       		.byte	0xb
 995 0739 35       		.byte	0x35
 996 073a 19       		.byte	0x19
 997 073b 85030000 		.4byte	0x385
 998 073f 00       		.byte	0
 999 0740 0A       		.uleb128 0xa
 1000 0741 636E7400 		.ascii	"cnt\000"
 1001 0745 0B       		.byte	0xb
 1002 0746 37       		.byte	0x37
 1003 0747 19       		.byte	0x19
 1004 0748 48010000 		.4byte	0x148
 1005 074c 08       		.byte	0x8
 1006 074d 00       		.byte	0
 1007 074e 07       		.uleb128 0x7
 1008 074f 04       		.byte	0x4
 1009 0750 26070000 		.4byte	0x726
 1010 0754 09       		.uleb128 0x9
 1011 0755 B6070000 		.4byte	.LASF108
 1012 0759 10       		.byte	0x10
 1013 075a 0C       		.byte	0xc
 1014 075b 39       		.byte	0x39
 1015 075c 08       		.byte	0x8
 1016 075d 89070000 		.4byte	0x789
 1017 0761 0B       		.uleb128 0xb
 1018 0762 A2010000 		.4byte	.LASF94
 1019 0766 0C       		.byte	0xc
 1020 0767 3A       		.byte	0x3a
 1021 0768 19       		.byte	0x19
 1022 0769 85030000 		.4byte	0x385
 1023 076d 00       		.byte	0
 1024 076e 0B       		.uleb128 0xb
 1025 076f 70060000 		.4byte	.LASF31
 1026 0773 0C       		.byte	0xc
ARM GAS  C:\Users\acest\AppData\Local\Temp\ccvMP4Ad.s 			page 19


 1027 0774 3C       		.byte	0x3c
 1028 0775 1A       		.byte	0x1a
 1029 0776 7C060000 		.4byte	0x67c
 1030 077a 08       		.byte	0x8
 1031 077b 0B       		.uleb128 0xb
 1032 077c 23010000 		.4byte	.LASF65
 1033 0780 0C       		.byte	0xc
 1034 0781 3E       		.byte	0x3e
 1035 0782 1A       		.byte	0x1a
 1036 0783 53080000 		.4byte	0x853
 1037 0787 0C       		.byte	0xc
 1038 0788 00       		.byte	0
 1039 0789 07       		.uleb128 0x7
 1040 078a 04       		.byte	0x4
 1041 078b 54070000 		.4byte	0x754
 1042 078f 07       		.uleb128 0x7
 1043 0790 04       		.byte	0x4
 1044 0791 4F020000 		.4byte	0x24f
 1045 0795 0E       		.uleb128 0xe
 1046 0796 13040000 		.4byte	.LASF109
 1047 079a 10       		.byte	0x10
 1048 079b 05       		.byte	0x5
 1049 079c 5C01     		.2byte	0x15c
 1050 079e 10       		.byte	0x10
 1051 079f C0070000 		.4byte	0x7c0
 1052 07a3 0D       		.uleb128 0xd
 1053 07a4 F8060000 		.4byte	.LASF98
 1054 07a8 05       		.byte	0x5
 1055 07a9 6101     		.2byte	0x161
 1056 07ab 21       		.byte	0x21
 1057 07ac BF030000 		.4byte	0x3bf
 1058 07b0 00       		.byte	0
 1059 07b1 0D       		.uleb128 0xd
 1060 07b2 F8040000 		.4byte	.LASF110
 1061 07b6 05       		.byte	0x5
 1062 07b7 6501     		.2byte	0x165
 1063 07b9 22       		.byte	0x22
 1064 07ba 7C060000 		.4byte	0x67c
 1065 07be 0C       		.byte	0xc
 1066 07bf 00       		.byte	0
 1067 07c0 14       		.uleb128 0x14
 1068 07c1 00000000 		.4byte	.LASF111
 1069 07c5 05       		.byte	0x5
 1070 07c6 6601     		.2byte	0x166
 1071 07c8 03       		.byte	0x3
 1072 07c9 95070000 		.4byte	0x795
 1073 07cd 0E       		.uleb128 0xe
 1074 07ce B3040000 		.4byte	.LASF112
 1075 07d2 14       		.byte	0x14
 1076 07d3 05       		.byte	0x5
 1077 07d4 6B01     		.2byte	0x16b
 1078 07d6 10       		.byte	0x10
 1079 07d7 22080000 		.4byte	0x822
 1080 07db 0D       		.uleb128 0xd
 1081 07dc E4020000 		.4byte	.LASF32
 1082 07e0 05       		.byte	0x5
 1083 07e1 6F01     		.2byte	0x16f
ARM GAS  C:\Users\acest\AppData\Local\Temp\ccvMP4Ad.s 			page 20


 1084 07e3 22       		.byte	0x22
 1085 07e4 A8000000 		.4byte	0xa8
 1086 07e8 00       		.byte	0
 1087 07e9 0D       		.uleb128 0xd
 1088 07ea 2B020000 		.4byte	.LASF113
 1089 07ee 05       		.byte	0x5
 1090 07ef 7501     		.2byte	0x175
 1091 07f1 22       		.byte	0x22
 1092 07f2 8C050000 		.4byte	0x58c
 1093 07f6 04       		.byte	0x4
 1094 07f7 0D       		.uleb128 0xd
 1095 07f8 8B070000 		.4byte	.LASF114
 1096 07fc 05       		.byte	0x5
 1097 07fd 7901     		.2byte	0x179
 1098 07ff 22       		.byte	0x22
 1099 0800 8C050000 		.4byte	0x58c
 1100 0804 08       		.byte	0x8
 1101 0805 0D       		.uleb128 0xd
 1102 0806 4D040000 		.4byte	.LASF115
 1103 080a 05       		.byte	0x5
 1104 080b 7F01     		.2byte	0x17f
 1105 080d 22       		.byte	0x22
 1106 080e 8C050000 		.4byte	0x58c
 1107 0812 0C       		.byte	0xc
 1108 0813 0D       		.uleb128 0xd
 1109 0814 43080000 		.4byte	.LASF116
 1110 0818 05       		.byte	0x5
 1111 0819 8301     		.2byte	0x183
 1112 081b 22       		.byte	0x22
 1113 081c 8C050000 		.4byte	0x58c
 1114 0820 10       		.byte	0x10
 1115 0821 00       		.byte	0
 1116 0822 14       		.uleb128 0x14
 1117 0823 A1070000 		.4byte	.LASF117
 1118 0827 05       		.byte	0x5
 1119 0828 8501     		.2byte	0x185
 1120 082a 03       		.byte	0x3
 1121 082b CD070000 		.4byte	0x7cd
 1122 082f 06       		.uleb128 0x6
 1123 0830 22080000 		.4byte	0x822
 1124 0834 07       		.uleb128 0x7
 1125 0835 04       		.byte	0x4
 1126 0836 2F080000 		.4byte	0x82f
 1127 083a 15       		.uleb128 0x15
 1128 083b 63683000 		.ascii	"ch0\000"
 1129 083f 0E       		.byte	0xe
 1130 0840 4101     		.2byte	0x141
 1131 0842 16       		.byte	0x16
 1132 0843 4F020000 		.4byte	0x24f
 1133 0847 04       		.uleb128 0x4
 1134 0848 3B020000 		.4byte	.LASF118
 1135 084c 0C       		.byte	0xc
 1136 084d 34       		.byte	0x34
 1137 084e 19       		.byte	0x19
 1138 084f 54070000 		.4byte	0x754
 1139 0853 07       		.uleb128 0x7
 1140 0854 04       		.byte	0x4
ARM GAS  C:\Users\acest\AppData\Local\Temp\ccvMP4Ad.s 			page 21


 1141 0855 47080000 		.4byte	0x847
 1142 0859 03       		.uleb128 0x3
 1143 085a 01       		.byte	0x1
 1144 085b 02       		.byte	0x2
 1145 085c 96050000 		.4byte	.LASF119
 1146 0860 16       		.uleb128 0x16
 1147 0861 0F080000 		.4byte	.LASF169
 1148 0865 0D       		.byte	0xd
 1149 0866 9102     		.2byte	0x291
 1150 0868 06       		.byte	0x6
 1151 0869 17       		.uleb128 0x17
 1152 086a 33060000 		.4byte	.LASF126
 1153 086e 0D       		.byte	0xd
 1154 086f 7202     		.2byte	0x272
 1155 0871 10       		.byte	0x10
 1156 0872 4C030000 		.4byte	0x34c
 1157 0876 B8080000 		.4byte	0x8b8
 1158 087a 18       		.uleb128 0x18
 1159 087b 6F697000 		.ascii	"oip\000"
 1160 087f 0D       		.byte	0xd
 1161 0880 7302     		.2byte	0x273
 1162 0882 13       		.byte	0x13
 1163 0883 8F070000 		.4byte	0x78f
 1164 0887 19       		.uleb128 0x19
 1165 0888 E7030000 		.4byte	.LASF120
 1166 088c 0D       		.byte	0xd
 1167 088d 7402     		.2byte	0x274
 1168 088f 12       		.byte	0x12
 1169 0890 4C030000 		.4byte	0x34c
 1170 0894 19       		.uleb128 0x19
 1171 0895 1D020000 		.4byte	.LASF121
 1172 0899 0D       		.byte	0xd
 1173 089a 7402     		.2byte	0x274
 1174 089c 18       		.byte	0x18
 1175 089d 4C030000 		.4byte	0x34c
 1176 08a1 18       		.uleb128 0x18
 1177 08a2 6E6F7700 		.ascii	"now\000"
 1178 08a6 0D       		.byte	0xd
 1179 08a7 7502     		.2byte	0x275
 1180 08a9 0D       		.byte	0xd
 1181 08aa 34030000 		.4byte	0x334
 1182 08ae 1A       		.uleb128 0x1a
 1183 08af 0C060000 		.4byte	.LASF124
 1184 08b3 C8080000 		.4byte	0x8c8
 1185 08b7 00       		.byte	0
 1186 08b8 1B       		.uleb128 0x1b
 1187 08b9 A3000000 		.4byte	0xa3
 1188 08bd C8080000 		.4byte	0x8c8
 1189 08c1 1C       		.uleb128 0x1c
 1190 08c2 24000000 		.4byte	0x24
 1191 08c6 11       		.byte	0x11
 1192 08c7 00       		.byte	0
 1193 08c8 06       		.uleb128 0x6
 1194 08c9 B8080000 		.4byte	0x8b8
 1195 08cd 1D       		.uleb128 0x1d
 1196 08ce E7040000 		.4byte	.LASF128
 1197 08d2 0D       		.byte	0xd
ARM GAS  C:\Users\acest\AppData\Local\Temp\ccvMP4Ad.s 			page 22


 1198 08d3 D001     		.2byte	0x1d0
 1199 08d5 06       		.byte	0x6
 1200 08d6 43090000 		.4byte	0x943
 1201 08da 19       		.uleb128 0x19
 1202 08db C4010000 		.4byte	.LASF122
 1203 08df 0D       		.byte	0xd
 1204 08e0 D101     		.2byte	0x1d1
 1205 08e2 1A       		.byte	0x1a
 1206 08e3 43090000 		.4byte	0x943
 1207 08e7 18       		.uleb128 0x18
 1208 08e8 76747000 		.ascii	"vtp\000"
 1209 08ec 0D       		.byte	0xd
 1210 08ed EF01     		.2byte	0x1ef
 1211 08ef 14       		.byte	0x14
 1212 08f0 02060000 		.4byte	0x602
 1213 08f4 19       		.uleb128 0x19
 1214 08f5 6A020000 		.4byte	.LASF123
 1215 08f9 0D       		.byte	0xd
 1216 08fa F001     		.2byte	0x1f0
 1217 08fc 11       		.byte	0x11
 1218 08fd 40030000 		.4byte	0x340
 1219 0901 18       		.uleb128 0x18
 1220 0902 6E6F7700 		.ascii	"now\000"
 1221 0906 0D       		.byte	0xd
 1222 0907 F101     		.2byte	0x1f1
 1223 0909 0D       		.byte	0xd
 1224 090a 34030000 		.4byte	0x334
 1225 090e 1A       		.uleb128 0x1a
 1226 090f 0C060000 		.4byte	.LASF124
 1227 0913 59090000 		.4byte	0x959
 1228 0917 1E       		.uleb128 0x1e
 1229 0918 19       		.uleb128 0x19
 1230 0919 D9050000 		.4byte	.LASF90
 1231 091d 0D       		.byte	0xd
 1232 091e F601     		.2byte	0x1f6
 1233 0920 0F       		.byte	0xf
 1234 0921 34030000 		.4byte	0x334
 1235 0925 1E       		.uleb128 0x1e
 1236 0926 19       		.uleb128 0x19
 1237 0927 29000000 		.4byte	.LASF74
 1238 092b 0D       		.byte	0xd
 1239 092c 1F02     		.2byte	0x21f
 1240 092e 15       		.byte	0x15
 1241 092f 40030000 		.4byte	0x340
 1242 0933 19       		.uleb128 0x19
 1243 0934 B2050000 		.4byte	.LASF125
 1244 0938 0D       		.byte	0xd
 1245 0939 1F02     		.2byte	0x21f
 1246 093b 1C       		.byte	0x1c
 1247 093c 40030000 		.4byte	0x340
 1248 0940 00       		.byte	0
 1249 0941 00       		.byte	0
 1250 0942 00       		.byte	0
 1251 0943 07       		.uleb128 0x7
 1252 0944 04       		.byte	0x4
 1253 0945 3D060000 		.4byte	0x63d
 1254 0949 1B       		.uleb128 0x1b
ARM GAS  C:\Users\acest\AppData\Local\Temp\ccvMP4Ad.s 			page 23


 1255 094a A3000000 		.4byte	0xa3
 1256 094e 59090000 		.4byte	0x959
 1257 0952 1C       		.uleb128 0x1c
 1258 0953 24000000 		.4byte	0x24
 1259 0957 0B       		.byte	0xb
 1260 0958 00       		.byte	0
 1261 0959 06       		.uleb128 0x6
 1262 095a 49090000 		.4byte	0x949
 1263 095e 17       		.uleb128 0x17
 1264 095f CA000000 		.4byte	.LASF127
 1265 0963 0D       		.byte	0xd
 1266 0964 A801     		.2byte	0x1a8
 1267 0966 0F       		.byte	0xf
 1268 0967 40030000 		.4byte	0x340
 1269 096b C9090000 		.4byte	0x9c9
 1270 096f 1F       		.uleb128 0x1f
 1271 0970 76747000 		.ascii	"vtp\000"
 1272 0974 0D       		.byte	0xd
 1273 0975 A801     		.2byte	0x1a8
 1274 0977 3A       		.byte	0x3a
 1275 0978 02060000 		.4byte	0x602
 1276 097c 19       		.uleb128 0x19
 1277 097d C4010000 		.4byte	.LASF122
 1278 0981 0D       		.byte	0xd
 1279 0982 A901     		.2byte	0x1a9
 1280 0984 1A       		.byte	0x1a
 1281 0985 43090000 		.4byte	0x943
 1282 0989 19       		.uleb128 0x19
 1283 098a 29000000 		.4byte	.LASF74
 1284 098e 0D       		.byte	0xd
 1285 098f AA01     		.2byte	0x1aa
 1286 0991 11       		.byte	0x11
 1287 0992 40030000 		.4byte	0x340
 1288 0996 18       		.uleb128 0x18
 1289 0997 646C7000 		.ascii	"dlp\000"
 1290 099b 0D       		.byte	0xd
 1291 099c AB01     		.2byte	0x1ab
 1292 099e 14       		.byte	0x14
 1293 099f 47040000 		.4byte	0x447
 1294 09a3 1A       		.uleb128 0x1a
 1295 09a4 0C060000 		.4byte	.LASF124
 1296 09a8 D9090000 		.4byte	0x9d9
 1297 09ac 1E       		.uleb128 0x1e
 1298 09ad 18       		.uleb128 0x18
 1299 09ae 6E6F7700 		.ascii	"now\000"
 1300 09b2 0D       		.byte	0xd
 1301 09b3 B501     		.2byte	0x1b5
 1302 09b5 11       		.byte	0x11
 1303 09b6 34030000 		.4byte	0x334
 1304 09ba 19       		.uleb128 0x19
 1305 09bb 6A020000 		.4byte	.LASF123
 1306 09bf 0D       		.byte	0xd
 1307 09c0 B601     		.2byte	0x1b6
 1308 09c2 15       		.byte	0x15
 1309 09c3 40030000 		.4byte	0x340
 1310 09c7 00       		.byte	0
 1311 09c8 00       		.byte	0
ARM GAS  C:\Users\acest\AppData\Local\Temp\ccvMP4Ad.s 			page 24


 1312 09c9 1B       		.uleb128 0x1b
 1313 09ca A3000000 		.4byte	0xa3
 1314 09ce D9090000 		.4byte	0x9d9
 1315 09d2 1C       		.uleb128 0x1c
 1316 09d3 24000000 		.4byte	0x24
 1317 09d7 19       		.byte	0x19
 1318 09d8 00       		.byte	0
 1319 09d9 06       		.uleb128 0x6
 1320 09da C9090000 		.4byte	0x9c9
 1321 09de 1D       		.uleb128 0x1d
 1322 09df E4000000 		.4byte	.LASF129
 1323 09e3 0D       		.byte	0xd
 1324 09e4 5201     		.2byte	0x152
 1325 09e6 06       		.byte	0x6
 1326 09e7 360A0000 		.4byte	0xa36
 1327 09eb 1F       		.uleb128 0x1f
 1328 09ec 76747000 		.ascii	"vtp\000"
 1329 09f0 0D       		.byte	0xd
 1330 09f1 5201     		.2byte	0x152
 1331 09f3 24       		.byte	0x24
 1332 09f4 02060000 		.4byte	0x602
 1333 09f8 19       		.uleb128 0x19
 1334 09f9 C4010000 		.4byte	.LASF122
 1335 09fd 0D       		.byte	0xd
 1336 09fe 5301     		.2byte	0x153
 1337 0a00 1A       		.byte	0x1a
 1338 0a01 43090000 		.4byte	0x943
 1339 0a05 1A       		.uleb128 0x1a
 1340 0a06 0C060000 		.4byte	.LASF124
 1341 0a0a 460A0000 		.4byte	0xa46
 1342 0a0e 18       		.uleb128 0x18
 1343 0a0f 6E6F7700 		.ascii	"now\000"
 1344 0a13 0D       		.byte	0xd
 1345 0a14 6601     		.2byte	0x166
 1346 0a16 0D       		.byte	0xd
 1347 0a17 34030000 		.4byte	0x334
 1348 0a1b 19       		.uleb128 0x19
 1349 0a1c 6A020000 		.4byte	.LASF123
 1350 0a20 0D       		.byte	0xd
 1351 0a21 6701     		.2byte	0x167
 1352 0a23 11       		.byte	0x11
 1353 0a24 40030000 		.4byte	0x340
 1354 0a28 19       		.uleb128 0x19
 1355 0a29 29000000 		.4byte	.LASF74
 1356 0a2d 0D       		.byte	0xd
 1357 0a2e 6701     		.2byte	0x167
 1358 0a30 1B       		.byte	0x1b
 1359 0a31 40030000 		.4byte	0x340
 1360 0a35 00       		.byte	0
 1361 0a36 1B       		.uleb128 0x1b
 1362 0a37 A3000000 		.4byte	0xa3
 1363 0a3b 460A0000 		.4byte	0xa46
 1364 0a3f 1C       		.uleb128 0x1c
 1365 0a40 24000000 		.4byte	0x24
 1366 0a44 0C       		.byte	0xc
 1367 0a45 00       		.byte	0
 1368 0a46 06       		.uleb128 0x6
ARM GAS  C:\Users\acest\AppData\Local\Temp\ccvMP4Ad.s 			page 25


 1369 0a47 360A0000 		.4byte	0xa36
 1370 0a4b 1D       		.uleb128 0x1d
 1371 0a4c 3F000000 		.4byte	.LASF130
 1372 0a50 0D       		.byte	0xd
 1373 0a51 3A01     		.2byte	0x13a
 1374 0a53 06       		.byte	0x6
 1375 0a54 A30A0000 		.4byte	0xaa3
 1376 0a58 1F       		.uleb128 0x1f
 1377 0a59 76747000 		.ascii	"vtp\000"
 1378 0a5d 0D       		.byte	0xd
 1379 0a5e 3A01     		.2byte	0x13a
 1380 0a60 2C       		.byte	0x2c
 1381 0a61 02060000 		.4byte	0x602
 1382 0a65 20       		.uleb128 0x20
 1383 0a66 B2050000 		.4byte	.LASF125
 1384 0a6a 0D       		.byte	0xd
 1385 0a6b 3A01     		.2byte	0x13a
 1386 0a6d 3F       		.byte	0x3f
 1387 0a6e 40030000 		.4byte	0x340
 1388 0a72 20       		.uleb128 0x20
 1389 0a73 9A070000 		.4byte	.LASF131
 1390 0a77 0D       		.byte	0xd
 1391 0a78 3B01     		.2byte	0x13b
 1392 0a7a 24       		.byte	0x24
 1393 0a7b E0050000 		.4byte	0x5e0
 1394 0a7f 1F       		.uleb128 0x1f
 1395 0a80 70617200 		.ascii	"par\000"
 1396 0a84 0D       		.byte	0xd
 1397 0a85 3B01     		.2byte	0x13b
 1398 0a87 32       		.byte	0x32
 1399 0a88 9A000000 		.4byte	0x9a
 1400 0a8c 19       		.uleb128 0x19
 1401 0a8d C4010000 		.4byte	.LASF122
 1402 0a91 0D       		.byte	0xd
 1403 0a92 3C01     		.2byte	0x13c
 1404 0a94 1A       		.byte	0x1a
 1405 0a95 43090000 		.4byte	0x943
 1406 0a99 1A       		.uleb128 0x1a
 1407 0a9a 0C060000 		.4byte	.LASF124
 1408 0a9e B30A0000 		.4byte	0xab3
 1409 0aa2 00       		.byte	0
 1410 0aa3 1B       		.uleb128 0x1b
 1411 0aa4 A3000000 		.4byte	0xa3
 1412 0aa8 B30A0000 		.4byte	0xab3
 1413 0aac 1C       		.uleb128 0x1c
 1414 0aad 24000000 		.4byte	0x24
 1415 0ab1 14       		.byte	0x14
 1416 0ab2 00       		.byte	0
 1417 0ab3 06       		.uleb128 0x6
 1418 0ab4 A30A0000 		.4byte	0xaa3
 1419 0ab8 1D       		.uleb128 0x1d
 1420 0ab9 21040000 		.4byte	.LASF132
 1421 0abd 0D       		.byte	0xd
 1422 0abe 1501     		.2byte	0x115
 1423 0ac0 06       		.byte	0x6
 1424 0ac1 100B0000 		.4byte	0xb10
 1425 0ac5 1F       		.uleb128 0x1f
ARM GAS  C:\Users\acest\AppData\Local\Temp\ccvMP4Ad.s 			page 26


 1426 0ac6 76747000 		.ascii	"vtp\000"
 1427 0aca 0D       		.byte	0xd
 1428 0acb 1501     		.2byte	0x115
 1429 0acd 22       		.byte	0x22
 1430 0ace 02060000 		.4byte	0x602
 1431 0ad2 20       		.uleb128 0x20
 1432 0ad3 B2050000 		.4byte	.LASF125
 1433 0ad7 0D       		.byte	0xd
 1434 0ad8 1501     		.2byte	0x115
 1435 0ada 35       		.byte	0x35
 1436 0adb 40030000 		.4byte	0x340
 1437 0adf 20       		.uleb128 0x20
 1438 0ae0 9A070000 		.4byte	.LASF131
 1439 0ae4 0D       		.byte	0xd
 1440 0ae5 1601     		.2byte	0x116
 1441 0ae7 1A       		.byte	0x1a
 1442 0ae8 E0050000 		.4byte	0x5e0
 1443 0aec 1F       		.uleb128 0x1f
 1444 0aed 70617200 		.ascii	"par\000"
 1445 0af1 0D       		.byte	0xd
 1446 0af2 1601     		.2byte	0x116
 1447 0af4 28       		.byte	0x28
 1448 0af5 9A000000 		.4byte	0x9a
 1449 0af9 19       		.uleb128 0x19
 1450 0afa C4010000 		.4byte	.LASF122
 1451 0afe 0D       		.byte	0xd
 1452 0aff 1701     		.2byte	0x117
 1453 0b01 1A       		.byte	0x1a
 1454 0b02 43090000 		.4byte	0x943
 1455 0b06 1A       		.uleb128 0x1a
 1456 0b07 0C060000 		.4byte	.LASF124
 1457 0b0b 200B0000 		.4byte	0xb20
 1458 0b0f 00       		.byte	0
 1459 0b10 1B       		.uleb128 0x1b
 1460 0b11 A3000000 		.4byte	0xa3
 1461 0b15 200B0000 		.4byte	0xb20
 1462 0b19 1C       		.uleb128 0x1c
 1463 0b1a 24000000 		.4byte	0x24
 1464 0b1e 0A       		.byte	0xa
 1465 0b1f 00       		.byte	0
 1466 0b20 06       		.uleb128 0x6
 1467 0b21 100B0000 		.4byte	0xb10
 1468 0b25 21       		.uleb128 0x21
 1469 0b26 29080000 		.4byte	.LASF133
 1470 0b2a 0D       		.byte	0xd
 1471 0b2b CD       		.byte	0xcd
 1472 0b2c 0D       		.byte	0xd
 1473 0b2d 7C0B0000 		.4byte	0xb7c
 1474 0b31 22       		.uleb128 0x22
 1475 0b32 C4010000 		.4byte	.LASF122
 1476 0b36 0D       		.byte	0xd
 1477 0b37 CD       		.byte	0xcd
 1478 0b38 2F       		.byte	0x2f
 1479 0b39 43090000 		.4byte	0x943
 1480 0b3d 23       		.uleb128 0x23
 1481 0b3e 76747000 		.ascii	"vtp\000"
 1482 0b42 0D       		.byte	0xd
ARM GAS  C:\Users\acest\AppData\Local\Temp\ccvMP4Ad.s 			page 27


 1483 0b43 CE       		.byte	0xce
 1484 0b44 29       		.byte	0x29
 1485 0b45 02060000 		.4byte	0x602
 1486 0b49 22       		.uleb128 0x22
 1487 0b4a B2050000 		.4byte	.LASF125
 1488 0b4e 0D       		.byte	0xd
 1489 0b4f CF       		.byte	0xcf
 1490 0b50 26       		.byte	0x26
 1491 0b51 40030000 		.4byte	0x340
 1492 0b55 24       		.uleb128 0x24
 1493 0b56 29000000 		.4byte	.LASF74
 1494 0b5a 0D       		.byte	0xd
 1495 0b5b D0       		.byte	0xd0
 1496 0b5c 11       		.byte	0x11
 1497 0b5d 40030000 		.4byte	0x340
 1498 0b61 1E       		.uleb128 0x1e
 1499 0b62 24       		.uleb128 0x24
 1500 0b63 6A020000 		.4byte	.LASF123
 1501 0b67 0D       		.byte	0xd
 1502 0b68 D4       		.byte	0xd4
 1503 0b69 13       		.byte	0x13
 1504 0b6a 40030000 		.4byte	0x340
 1505 0b6e 25       		.uleb128 0x25
 1506 0b6f 6E6F7700 		.ascii	"now\000"
 1507 0b73 0D       		.byte	0xd
 1508 0b74 D5       		.byte	0xd5
 1509 0b75 0F       		.byte	0xf
 1510 0b76 34030000 		.4byte	0x334
 1511 0b7a 00       		.byte	0
 1512 0b7b 00       		.byte	0
 1513 0b7c 21       		.uleb128 0x21
 1514 0b7d 16050000 		.4byte	.LASF134
 1515 0b81 0D       		.byte	0xd
 1516 0b82 83       		.byte	0x83
 1517 0b83 0D       		.byte	0xd
 1518 0b84 D30B0000 		.4byte	0xbd3
 1519 0b88 22       		.uleb128 0x22
 1520 0b89 C4010000 		.4byte	.LASF122
 1521 0b8d 0D       		.byte	0xd
 1522 0b8e 83       		.byte	0x83
 1523 0b8f 34       		.byte	0x34
 1524 0b90 43090000 		.4byte	0x943
 1525 0b94 23       		.uleb128 0x23
 1526 0b95 76747000 		.ascii	"vtp\000"
 1527 0b99 0D       		.byte	0xd
 1528 0b9a 84       		.byte	0x84
 1529 0b9b 2E       		.byte	0x2e
 1530 0b9c 02060000 		.4byte	0x602
 1531 0ba0 23       		.uleb128 0x23
 1532 0ba1 6E6F7700 		.ascii	"now\000"
 1533 0ba5 0D       		.byte	0xd
 1534 0ba6 85       		.byte	0x85
 1535 0ba7 27       		.byte	0x27
 1536 0ba8 34030000 		.4byte	0x334
 1537 0bac 22       		.uleb128 0x22
 1538 0bad B2050000 		.4byte	.LASF125
 1539 0bb1 0D       		.byte	0xd
ARM GAS  C:\Users\acest\AppData\Local\Temp\ccvMP4Ad.s 			page 28


 1540 0bb2 86       		.byte	0x86
 1541 0bb3 2B       		.byte	0x2b
 1542 0bb4 40030000 		.4byte	0x340
 1543 0bb8 24       		.uleb128 0x24
 1544 0bb9 7B060000 		.4byte	.LASF135
 1545 0bbd 0D       		.byte	0xd
 1546 0bbe 87       		.byte	0x87
 1547 0bbf 11       		.byte	0x11
 1548 0bc0 40030000 		.4byte	0x340
 1549 0bc4 1E       		.uleb128 0x1e
 1550 0bc5 24       		.uleb128 0x24
 1551 0bc6 F5030000 		.4byte	.LASF136
 1552 0bca 0D       		.byte	0xd
 1553 0bcb A6       		.byte	0xa6
 1554 0bcc 0F       		.byte	0xf
 1555 0bcd 34030000 		.4byte	0x334
 1556 0bd1 00       		.byte	0
 1557 0bd2 00       		.byte	0
 1558 0bd3 21       		.uleb128 0x21
 1559 0bd4 92000000 		.4byte	.LASF137
 1560 0bd8 0D       		.byte	0xd
 1561 0bd9 45       		.byte	0x45
 1562 0bda 0D       		.byte	0xd
 1563 0bdb 1E0C0000 		.4byte	0xc1e
 1564 0bdf 23       		.uleb128 0x23
 1565 0be0 6E6F7700 		.ascii	"now\000"
 1566 0be4 0D       		.byte	0xd
 1567 0be5 45       		.byte	0x45
 1568 0be6 24       		.byte	0x24
 1569 0be7 34030000 		.4byte	0x334
 1570 0beb 22       		.uleb128 0x22
 1571 0bec B2050000 		.4byte	.LASF125
 1572 0bf0 0D       		.byte	0xd
 1573 0bf1 45       		.byte	0x45
 1574 0bf2 37       		.byte	0x37
 1575 0bf3 40030000 		.4byte	0x340
 1576 0bf7 24       		.uleb128 0x24
 1577 0bf8 7B060000 		.4byte	.LASF135
 1578 0bfc 0D       		.byte	0xd
 1579 0bfd 46       		.byte	0x46
 1580 0bfe 11       		.byte	0x11
 1581 0bff 40030000 		.4byte	0x340
 1582 0c03 1E       		.uleb128 0x1e
 1583 0c04 24       		.uleb128 0x24
 1584 0c05 6A020000 		.4byte	.LASF123
 1585 0c09 0D       		.byte	0xd
 1586 0c0a 5A       		.byte	0x5a
 1587 0c0b 13       		.byte	0x13
 1588 0c0c 40030000 		.4byte	0x340
 1589 0c10 24       		.uleb128 0x24
 1590 0c11 F5030000 		.4byte	.LASF136
 1591 0c15 0D       		.byte	0xd
 1592 0c16 5B       		.byte	0x5b
 1593 0c17 0F       		.byte	0xf
 1594 0c18 34030000 		.4byte	0x334
 1595 0c1c 00       		.byte	0
 1596 0c1d 00       		.byte	0
ARM GAS  C:\Users\acest\AppData\Local\Temp\ccvMP4Ad.s 			page 29


 1597 0c1e 26       		.uleb128 0x26
 1598 0c1f 57020000 		.4byte	.LASF140
 1599 0c23 0F       		.byte	0xf
 1600 0c24 7A       		.byte	0x7a
 1601 0c25 19       		.byte	0x19
 1602 0c26 34030000 		.4byte	0x334
 1603 0c2a 27       		.uleb128 0x27
 1604 0c2b 73050000 		.4byte	.LASF138
 1605 0c2f 0E       		.byte	0xe
 1606 0c30 D901     		.2byte	0x1d9
 1607 0c32 14       		.byte	0x14
 1608 0c33 27       		.uleb128 0x27
 1609 0c34 FE070000 		.4byte	.LASF139
 1610 0c38 0E       		.byte	0xe
 1611 0c39 C301     		.2byte	0x1c3
 1612 0c3b 14       		.byte	0x14
 1613 0c3c 26       		.uleb128 0x26
 1614 0c3d 49070000 		.4byte	.LASF141
 1615 0c41 10       		.byte	0x10
 1616 0c42 6F       		.byte	0x6f
 1617 0c43 19       		.byte	0x19
 1618 0c44 34030000 		.4byte	0x334
 1619 0c48 21       		.uleb128 0x21
 1620 0c49 E9070000 		.4byte	.LASF142
 1621 0c4d 10       		.byte	0x10
 1622 0c4e 63       		.byte	0x63
 1623 0c4f 14       		.byte	0x14
 1624 0c50 610C0000 		.4byte	0xc61
 1625 0c54 22       		.uleb128 0x22
 1626 0c55 E2040000 		.4byte	.LASF143
 1627 0c59 10       		.byte	0x10
 1628 0c5a 63       		.byte	0x63
 1629 0c5b 33       		.byte	0x33
 1630 0c5c 34030000 		.4byte	0x334
 1631 0c60 00       		.byte	0
 1632 0c61 28       		.uleb128 0x28
 1633 0c62 F6050000 		.4byte	.LASF144
 1634 0c66 10       		.byte	0x10
 1635 0c67 57       		.byte	0x57
 1636 0c68 14       		.byte	0x14
 1637 0c69 21       		.uleb128 0x21
 1638 0c6a D0030000 		.4byte	.LASF145
 1639 0c6e 10       		.byte	0x10
 1640 0c6f 4D       		.byte	0x4d
 1641 0c70 14       		.byte	0x14
 1642 0c71 820C0000 		.4byte	0xc82
 1643 0c75 22       		.uleb128 0x22
 1644 0c76 E2040000 		.4byte	.LASF143
 1645 0c7a 10       		.byte	0x10
 1646 0c7b 4D       		.byte	0x4d
 1647 0c7c 35       		.byte	0x35
 1648 0c7d 34030000 		.4byte	0x334
 1649 0c81 00       		.byte	0
 1650 0c82 27       		.uleb128 0x27
 1651 0c83 A9060000 		.4byte	.LASF146
 1652 0c87 0A       		.byte	0xa
 1653 0c88 3503     		.2byte	0x335
ARM GAS  C:\Users\acest\AppData\Local\Temp\ccvMP4Ad.s 			page 30


 1654 0c8a 1B       		.byte	0x1b
 1655 0c8b 27       		.uleb128 0x27
 1656 0c8c 5D070000 		.4byte	.LASF147
 1657 0c90 0A       		.byte	0xa
 1658 0c91 2A03     		.2byte	0x32a
 1659 0c93 1B       		.byte	0x1b
 1660 0c94 27       		.uleb128 0x27
 1661 0c95 64010000 		.4byte	.LASF148
 1662 0c99 0A       		.byte	0xa
 1663 0c9a 1F03     		.2byte	0x31f
 1664 0c9c 1B       		.byte	0x1b
 1665 0c9d 27       		.uleb128 0x27
 1666 0c9e 39080000 		.4byte	.LASF149
 1667 0ca2 0A       		.byte	0xa
 1668 0ca3 0B03     		.2byte	0x30b
 1669 0ca5 1B       		.byte	0x1b
 1670 0ca6 29       		.uleb128 0x29
 1671 0ca7 E0060000 		.4byte	.LASF150
 1672 0cab 11       		.byte	0x11
 1673 0cac EB01     		.2byte	0x1eb
 1674 0cae 1B       		.byte	0x1b
 1675 0caf C10C0000 		.4byte	0xcc1
 1676 0cb3 20       		.uleb128 0x20
 1677 0cb4 55010000 		.4byte	.LASF151
 1678 0cb8 11       		.byte	0x11
 1679 0cb9 EB01     		.2byte	0x1eb
 1680 0cbb 32       		.byte	0x32
 1681 0cbc CB000000 		.4byte	0xcb
 1682 0cc0 00       		.byte	0
 1683 0cc1 2A       		.uleb128 0x2a
 1684 0cc2 71080000 		.4byte	.LASF152
 1685 0cc6 09       		.byte	0x9
 1686 0cc7 4B02     		.2byte	0x24b
 1687 0cc9 20       		.byte	0x20
 1688 0cca 47040000 		.4byte	0x447
 1689 0cce E00C0000 		.4byte	0xce0
 1690 0cd2 1F       		.uleb128 0x1f
 1691 0cd3 646C7000 		.ascii	"dlp\000"
 1692 0cd7 09       		.byte	0x9
 1693 0cd8 4B02     		.2byte	0x24b
 1694 0cda 42       		.byte	0x42
 1695 0cdb 47040000 		.4byte	0x447
 1696 0cdf 00       		.byte	0
 1697 0ce0 2A       		.uleb128 0x2a
 1698 0ce1 75070000 		.4byte	.LASF153
 1699 0ce5 09       		.byte	0x9
 1700 0ce6 3B02     		.2byte	0x23b
 1701 0ce8 20       		.byte	0x20
 1702 0ce9 47040000 		.4byte	0x447
 1703 0ced 0C0D0000 		.4byte	0xd0c
 1704 0cf1 20       		.uleb128 0x20
 1705 0cf2 70070000 		.4byte	.LASF154
 1706 0cf6 09       		.byte	0x9
 1707 0cf7 3B02     		.2byte	0x23b
 1708 0cf9 47       		.byte	0x47
 1709 0cfa 47040000 		.4byte	0x447
 1710 0cfe 18       		.uleb128 0x18
ARM GAS  C:\Users\acest\AppData\Local\Temp\ccvMP4Ad.s 			page 31


 1711 0cff 646C7000 		.ascii	"dlp\000"
 1712 0d03 09       		.byte	0x9
 1713 0d04 3C02     		.2byte	0x23c
 1714 0d06 14       		.byte	0x14
 1715 0d07 47040000 		.4byte	0x447
 1716 0d0b 00       		.byte	0
 1717 0d0c 29       		.uleb128 0x29
 1718 0d0d BF050000 		.4byte	.LASF155
 1719 0d11 09       		.byte	0x9
 1720 0d12 1802     		.2byte	0x218
 1721 0d14 14       		.byte	0x14
 1722 0d15 570D0000 		.4byte	0xd57
 1723 0d19 20       		.uleb128 0x20
 1724 0d1a 70070000 		.4byte	.LASF154
 1725 0d1e 09       		.byte	0x9
 1726 0d1f 1802     		.2byte	0x218
 1727 0d21 35       		.byte	0x35
 1728 0d22 47040000 		.4byte	0x447
 1729 0d26 20       		.uleb128 0x20
 1730 0d27 2C040000 		.4byte	.LASF156
 1731 0d2b 09       		.byte	0x9
 1732 0d2c 1902     		.2byte	0x219
 1733 0d2e 35       		.byte	0x35
 1734 0d2f 47040000 		.4byte	0x447
 1735 0d33 20       		.uleb128 0x20
 1736 0d34 29000000 		.4byte	.LASF74
 1737 0d38 09       		.byte	0x9
 1738 0d39 1A02     		.2byte	0x21a
 1739 0d3b 32       		.byte	0x32
 1740 0d3c 40030000 		.4byte	0x340
 1741 0d40 18       		.uleb128 0x18
 1742 0d41 646C7000 		.ascii	"dlp\000"
 1743 0d45 09       		.byte	0x9
 1744 0d46 1B02     		.2byte	0x21b
 1745 0d48 14       		.byte	0x14
 1746 0d49 47040000 		.4byte	0x447
 1747 0d4d 1A       		.uleb128 0x1a
 1748 0d4e 0C060000 		.4byte	.LASF124
 1749 0d52 670D0000 		.4byte	0xd67
 1750 0d56 00       		.byte	0
 1751 0d57 1B       		.uleb128 0x1b
 1752 0d58 A3000000 		.4byte	0xa3
 1753 0d5c 670D0000 		.4byte	0xd67
 1754 0d60 1C       		.uleb128 0x1c
 1755 0d61 24000000 		.4byte	0x24
 1756 0d65 0F       		.byte	0xf
 1757 0d66 00       		.byte	0
 1758 0d67 06       		.uleb128 0x6
 1759 0d68 570D0000 		.4byte	0xd57
 1760 0d6c 29       		.uleb128 0x29
 1761 0d6d 5A080000 		.4byte	.LASF157
 1762 0d71 09       		.byte	0x9
 1763 0d72 0402     		.2byte	0x204
 1764 0d74 14       		.byte	0x14
 1765 0d75 A10D0000 		.4byte	0xda1
 1766 0d79 20       		.uleb128 0x20
 1767 0d7a 70070000 		.4byte	.LASF154
ARM GAS  C:\Users\acest\AppData\Local\Temp\ccvMP4Ad.s 			page 32


 1768 0d7e 09       		.byte	0x9
 1769 0d7f 0402     		.2byte	0x204
 1770 0d81 3C       		.byte	0x3c
 1771 0d82 47040000 		.4byte	0x447
 1772 0d86 1F       		.uleb128 0x1f
 1773 0d87 646C7000 		.ascii	"dlp\000"
 1774 0d8b 09       		.byte	0x9
 1775 0d8c 0502     		.2byte	0x205
 1776 0d8e 3C       		.byte	0x3c
 1777 0d8f 47040000 		.4byte	0x447
 1778 0d93 20       		.uleb128 0x20
 1779 0d94 29000000 		.4byte	.LASF74
 1780 0d98 09       		.byte	0x9
 1781 0d99 0602     		.2byte	0x206
 1782 0d9b 39       		.byte	0x39
 1783 0d9c 40030000 		.4byte	0x340
 1784 0da0 00       		.byte	0
 1785 0da1 29       		.uleb128 0x29
 1786 0da2 BF070000 		.4byte	.LASF158
 1787 0da6 09       		.byte	0x9
 1788 0da7 F001     		.2byte	0x1f0
 1789 0da9 14       		.byte	0x14
 1790 0daa D60D0000 		.4byte	0xdd6
 1791 0dae 20       		.uleb128 0x20
 1792 0daf 70070000 		.4byte	.LASF154
 1793 0db3 09       		.byte	0x9
 1794 0db4 F001     		.2byte	0x1f0
 1795 0db6 3B       		.byte	0x3b
 1796 0db7 47040000 		.4byte	0x447
 1797 0dbb 1F       		.uleb128 0x1f
 1798 0dbc 646C7000 		.ascii	"dlp\000"
 1799 0dc0 09       		.byte	0x9
 1800 0dc1 F101     		.2byte	0x1f1
 1801 0dc3 3B       		.byte	0x3b
 1802 0dc4 47040000 		.4byte	0x447
 1803 0dc8 20       		.uleb128 0x20
 1804 0dc9 29000000 		.4byte	.LASF74
 1805 0dcd 09       		.byte	0x9
 1806 0dce F201     		.2byte	0x1f2
 1807 0dd0 38       		.byte	0x38
 1808 0dd1 40030000 		.4byte	0x340
 1809 0dd5 00       		.byte	0
 1810 0dd6 2A       		.uleb128 0x2a
 1811 0dd7 26050000 		.4byte	.LASF159
 1812 0ddb 09       		.byte	0x9
 1813 0ddc E101     		.2byte	0x1e1
 1814 0dde 14       		.byte	0x14
 1815 0ddf 59080000 		.4byte	0x859
 1816 0de3 020E0000 		.4byte	0xe02
 1817 0de7 20       		.uleb128 0x20
 1818 0de8 70070000 		.4byte	.LASF154
 1819 0dec 09       		.byte	0x9
 1820 0ded E101     		.2byte	0x1e1
 1821 0def 36       		.byte	0x36
 1822 0df0 47040000 		.4byte	0x447
 1823 0df4 1F       		.uleb128 0x1f
 1824 0df5 646C7000 		.ascii	"dlp\000"
ARM GAS  C:\Users\acest\AppData\Local\Temp\ccvMP4Ad.s 			page 33


 1825 0df9 09       		.byte	0x9
 1826 0dfa E201     		.2byte	0x1e2
 1827 0dfc 36       		.byte	0x36
 1828 0dfd 47040000 		.4byte	0x447
 1829 0e01 00       		.byte	0
 1830 0e02 2A       		.uleb128 0x2a
 1831 0e03 18000000 		.4byte	.LASF160
 1832 0e07 09       		.byte	0x9
 1833 0e08 B901     		.2byte	0x1b9
 1834 0e0a 14       		.byte	0x14
 1835 0e0b 59080000 		.4byte	0x859
 1836 0e0f 210E0000 		.4byte	0xe21
 1837 0e13 20       		.uleb128 0x20
 1838 0e14 70070000 		.4byte	.LASF154
 1839 0e18 09       		.byte	0x9
 1840 0e19 B901     		.2byte	0x1b9
 1841 0e1b 36       		.byte	0x36
 1842 0e1c 47040000 		.4byte	0x447
 1843 0e20 00       		.byte	0
 1844 0e21 2A       		.uleb128 0x2a
 1845 0e22 59050000 		.4byte	.LASF161
 1846 0e26 08       		.byte	0x8
 1847 0e27 CD01     		.2byte	0x1cd
 1848 0e29 1D       		.byte	0x1d
 1849 0e2a 40030000 		.4byte	0x340
 1850 0e2e 4D0E0000 		.4byte	0xe4d
 1851 0e32 20       		.uleb128 0x20
 1852 0e33 23080000 		.4byte	.LASF162
 1853 0e37 08       		.byte	0x8
 1854 0e38 CD01     		.2byte	0x1cd
 1855 0e3a 33       		.byte	0x33
 1856 0e3b 34030000 		.4byte	0x334
 1857 0e3f 1F       		.uleb128 0x1f
 1858 0e40 656E6400 		.ascii	"end\000"
 1859 0e44 08       		.byte	0x8
 1860 0e45 CD01     		.2byte	0x1cd
 1861 0e47 44       		.byte	0x44
 1862 0e48 34030000 		.4byte	0x334
 1863 0e4c 00       		.byte	0
 1864 0e4d 2B       		.uleb128 0x2b
 1865 0e4e 00050000 		.4byte	.LASF163
 1866 0e52 08       		.byte	0x8
 1867 0e53 BA01     		.2byte	0x1ba
 1868 0e55 19       		.byte	0x19
 1869 0e56 34030000 		.4byte	0x334
 1870 0e5a 20       		.uleb128 0x20
 1871 0e5b 03040000 		.4byte	.LASF164
 1872 0e5f 08       		.byte	0x8
 1873 0e60 BA01     		.2byte	0x1ba
 1874 0e62 2E       		.byte	0x2e
 1875 0e63 34030000 		.4byte	0x334
 1876 0e67 20       		.uleb128 0x20
 1877 0e68 04020000 		.4byte	.LASF165
 1878 0e6c 08       		.byte	0x8
 1879 0e6d BB01     		.2byte	0x1bb
 1880 0e6f 32       		.byte	0x32
 1881 0e70 40030000 		.4byte	0x340
ARM GAS  C:\Users\acest\AppData\Local\Temp\ccvMP4Ad.s 			page 34


 1882 0e74 00       		.byte	0
 1883 0e75 00       		.byte	0
 1884              		.section	.gnu.debuglto_.debug_abbrev,"e",%progbits
 1885              	.Ldebug_abbrev0:
 1886 0000 01       		.uleb128 0x1
 1887 0001 11       		.uleb128 0x11
 1888 0002 01       		.byte	0x1
 1889 0003 25       		.uleb128 0x25
 1890 0004 0E       		.uleb128 0xe
 1891 0005 13       		.uleb128 0x13
 1892 0006 0B       		.uleb128 0xb
 1893 0007 03       		.uleb128 0x3
 1894 0008 0E       		.uleb128 0xe
 1895 0009 1B       		.uleb128 0x1b
 1896 000a 0E       		.uleb128 0xe
 1897 000b 10       		.uleb128 0x10
 1898 000c 17       		.uleb128 0x17
 1899 000d 00       		.byte	0
 1900 000e 00       		.byte	0
 1901 000f 02       		.uleb128 0x2
 1902 0010 24       		.uleb128 0x24
 1903 0011 00       		.byte	0
 1904 0012 0B       		.uleb128 0xb
 1905 0013 0B       		.uleb128 0xb
 1906 0014 3E       		.uleb128 0x3e
 1907 0015 0B       		.uleb128 0xb
 1908 0016 03       		.uleb128 0x3
 1909 0017 08       		.uleb128 0x8
 1910 0018 00       		.byte	0
 1911 0019 00       		.byte	0
 1912 001a 03       		.uleb128 0x3
 1913 001b 24       		.uleb128 0x24
 1914 001c 00       		.byte	0
 1915 001d 0B       		.uleb128 0xb
 1916 001e 0B       		.uleb128 0xb
 1917 001f 3E       		.uleb128 0x3e
 1918 0020 0B       		.uleb128 0xb
 1919 0021 03       		.uleb128 0x3
 1920 0022 0E       		.uleb128 0xe
 1921 0023 00       		.byte	0
 1922 0024 00       		.byte	0
 1923 0025 04       		.uleb128 0x4
 1924 0026 16       		.uleb128 0x16
 1925 0027 00       		.byte	0
 1926 0028 03       		.uleb128 0x3
 1927 0029 0E       		.uleb128 0xe
 1928 002a 3A       		.uleb128 0x3a
 1929 002b 0B       		.uleb128 0xb
 1930 002c 3B       		.uleb128 0x3b
 1931 002d 0B       		.uleb128 0xb
 1932 002e 39       		.uleb128 0x39
 1933 002f 0B       		.uleb128 0xb
 1934 0030 49       		.uleb128 0x49
 1935 0031 13       		.uleb128 0x13
 1936 0032 00       		.byte	0
 1937 0033 00       		.byte	0
 1938 0034 05       		.uleb128 0x5
ARM GAS  C:\Users\acest\AppData\Local\Temp\ccvMP4Ad.s 			page 35


 1939 0035 0F       		.uleb128 0xf
 1940 0036 00       		.byte	0
 1941 0037 0B       		.uleb128 0xb
 1942 0038 0B       		.uleb128 0xb
 1943 0039 00       		.byte	0
 1944 003a 00       		.byte	0
 1945 003b 06       		.uleb128 0x6
 1946 003c 26       		.uleb128 0x26
 1947 003d 00       		.byte	0
 1948 003e 49       		.uleb128 0x49
 1949 003f 13       		.uleb128 0x13
 1950 0040 00       		.byte	0
 1951 0041 00       		.byte	0
 1952 0042 07       		.uleb128 0x7
 1953 0043 0F       		.uleb128 0xf
 1954 0044 00       		.byte	0
 1955 0045 0B       		.uleb128 0xb
 1956 0046 0B       		.uleb128 0xb
 1957 0047 49       		.uleb128 0x49
 1958 0048 13       		.uleb128 0x13
 1959 0049 00       		.byte	0
 1960 004a 00       		.byte	0
 1961 004b 08       		.uleb128 0x8
 1962 004c 35       		.uleb128 0x35
 1963 004d 00       		.byte	0
 1964 004e 49       		.uleb128 0x49
 1965 004f 13       		.uleb128 0x13
 1966 0050 00       		.byte	0
 1967 0051 00       		.byte	0
 1968 0052 09       		.uleb128 0x9
 1969 0053 13       		.uleb128 0x13
 1970 0054 01       		.byte	0x1
 1971 0055 03       		.uleb128 0x3
 1972 0056 0E       		.uleb128 0xe
 1973 0057 0B       		.uleb128 0xb
 1974 0058 0B       		.uleb128 0xb
 1975 0059 3A       		.uleb128 0x3a
 1976 005a 0B       		.uleb128 0xb
 1977 005b 3B       		.uleb128 0x3b
 1978 005c 0B       		.uleb128 0xb
 1979 005d 39       		.uleb128 0x39
 1980 005e 0B       		.uleb128 0xb
 1981 005f 01       		.uleb128 0x1
 1982 0060 13       		.uleb128 0x13
 1983 0061 00       		.byte	0
 1984 0062 00       		.byte	0
 1985 0063 0A       		.uleb128 0xa
 1986 0064 0D       		.uleb128 0xd
 1987 0065 00       		.byte	0
 1988 0066 03       		.uleb128 0x3
 1989 0067 08       		.uleb128 0x8
 1990 0068 3A       		.uleb128 0x3a
 1991 0069 0B       		.uleb128 0xb
 1992 006a 3B       		.uleb128 0x3b
 1993 006b 0B       		.uleb128 0xb
 1994 006c 39       		.uleb128 0x39
 1995 006d 0B       		.uleb128 0xb
ARM GAS  C:\Users\acest\AppData\Local\Temp\ccvMP4Ad.s 			page 36


 1996 006e 49       		.uleb128 0x49
 1997 006f 13       		.uleb128 0x13
 1998 0070 38       		.uleb128 0x38
 1999 0071 0B       		.uleb128 0xb
 2000 0072 00       		.byte	0
 2001 0073 00       		.byte	0
 2002 0074 0B       		.uleb128 0xb
 2003 0075 0D       		.uleb128 0xd
 2004 0076 00       		.byte	0
 2005 0077 03       		.uleb128 0x3
 2006 0078 0E       		.uleb128 0xe
 2007 0079 3A       		.uleb128 0x3a
 2008 007a 0B       		.uleb128 0xb
 2009 007b 3B       		.uleb128 0x3b
 2010 007c 0B       		.uleb128 0xb
 2011 007d 39       		.uleb128 0x39
 2012 007e 0B       		.uleb128 0xb
 2013 007f 49       		.uleb128 0x49
 2014 0080 13       		.uleb128 0x13
 2015 0081 38       		.uleb128 0x38
 2016 0082 0B       		.uleb128 0xb
 2017 0083 00       		.byte	0
 2018 0084 00       		.byte	0
 2019 0085 0C       		.uleb128 0xc
 2020 0086 0D       		.uleb128 0xd
 2021 0087 00       		.byte	0
 2022 0088 03       		.uleb128 0x3
 2023 0089 08       		.uleb128 0x8
 2024 008a 3A       		.uleb128 0x3a
 2025 008b 0B       		.uleb128 0xb
 2026 008c 3B       		.uleb128 0x3b
 2027 008d 05       		.uleb128 0x5
 2028 008e 39       		.uleb128 0x39
 2029 008f 0B       		.uleb128 0xb
 2030 0090 49       		.uleb128 0x49
 2031 0091 13       		.uleb128 0x13
 2032 0092 38       		.uleb128 0x38
 2033 0093 0B       		.uleb128 0xb
 2034 0094 00       		.byte	0
 2035 0095 00       		.byte	0
 2036 0096 0D       		.uleb128 0xd
 2037 0097 0D       		.uleb128 0xd
 2038 0098 00       		.byte	0
 2039 0099 03       		.uleb128 0x3
 2040 009a 0E       		.uleb128 0xe
 2041 009b 3A       		.uleb128 0x3a
 2042 009c 0B       		.uleb128 0xb
 2043 009d 3B       		.uleb128 0x3b
 2044 009e 05       		.uleb128 0x5
 2045 009f 39       		.uleb128 0x39
 2046 00a0 0B       		.uleb128 0xb
 2047 00a1 49       		.uleb128 0x49
 2048 00a2 13       		.uleb128 0x13
 2049 00a3 38       		.uleb128 0x38
 2050 00a4 0B       		.uleb128 0xb
 2051 00a5 00       		.byte	0
 2052 00a6 00       		.byte	0
ARM GAS  C:\Users\acest\AppData\Local\Temp\ccvMP4Ad.s 			page 37


 2053 00a7 0E       		.uleb128 0xe
 2054 00a8 13       		.uleb128 0x13
 2055 00a9 01       		.byte	0x1
 2056 00aa 03       		.uleb128 0x3
 2057 00ab 0E       		.uleb128 0xe
 2058 00ac 0B       		.uleb128 0xb
 2059 00ad 0B       		.uleb128 0xb
 2060 00ae 3A       		.uleb128 0x3a
 2061 00af 0B       		.uleb128 0xb
 2062 00b0 3B       		.uleb128 0x3b
 2063 00b1 05       		.uleb128 0x5
 2064 00b2 39       		.uleb128 0x39
 2065 00b3 0B       		.uleb128 0xb
 2066 00b4 01       		.uleb128 0x1
 2067 00b5 13       		.uleb128 0x13
 2068 00b6 00       		.byte	0
 2069 00b7 00       		.byte	0
 2070 00b8 0F       		.uleb128 0xf
 2071 00b9 15       		.uleb128 0x15
 2072 00ba 01       		.byte	0x1
 2073 00bb 27       		.uleb128 0x27
 2074 00bc 19       		.uleb128 0x19
 2075 00bd 01       		.uleb128 0x1
 2076 00be 13       		.uleb128 0x13
 2077 00bf 00       		.byte	0
 2078 00c0 00       		.byte	0
 2079 00c1 10       		.uleb128 0x10
 2080 00c2 05       		.uleb128 0x5
 2081 00c3 00       		.byte	0
 2082 00c4 49       		.uleb128 0x49
 2083 00c5 13       		.uleb128 0x13
 2084 00c6 00       		.byte	0
 2085 00c7 00       		.byte	0
 2086 00c8 11       		.uleb128 0x11
 2087 00c9 17       		.uleb128 0x17
 2088 00ca 01       		.byte	0x1
 2089 00cb 0B       		.uleb128 0xb
 2090 00cc 0B       		.uleb128 0xb
 2091 00cd 3A       		.uleb128 0x3a
 2092 00ce 0B       		.uleb128 0xb
 2093 00cf 3B       		.uleb128 0x3b
 2094 00d0 0B       		.uleb128 0xb
 2095 00d1 39       		.uleb128 0x39
 2096 00d2 0B       		.uleb128 0xb
 2097 00d3 01       		.uleb128 0x1
 2098 00d4 13       		.uleb128 0x13
 2099 00d5 00       		.byte	0
 2100 00d6 00       		.byte	0
 2101 00d7 12       		.uleb128 0x12
 2102 00d8 0D       		.uleb128 0xd
 2103 00d9 00       		.byte	0
 2104 00da 03       		.uleb128 0x3
 2105 00db 0E       		.uleb128 0xe
 2106 00dc 3A       		.uleb128 0x3a
 2107 00dd 0B       		.uleb128 0xb
 2108 00de 3B       		.uleb128 0x3b
 2109 00df 0B       		.uleb128 0xb
ARM GAS  C:\Users\acest\AppData\Local\Temp\ccvMP4Ad.s 			page 38


 2110 00e0 39       		.uleb128 0x39
 2111 00e1 0B       		.uleb128 0xb
 2112 00e2 49       		.uleb128 0x49
 2113 00e3 13       		.uleb128 0x13
 2114 00e4 00       		.byte	0
 2115 00e5 00       		.byte	0
 2116 00e6 13       		.uleb128 0x13
 2117 00e7 0D       		.uleb128 0xd
 2118 00e8 00       		.byte	0
 2119 00e9 03       		.uleb128 0x3
 2120 00ea 0E       		.uleb128 0xe
 2121 00eb 3A       		.uleb128 0x3a
 2122 00ec 0B       		.uleb128 0xb
 2123 00ed 3B       		.uleb128 0x3b
 2124 00ee 05       		.uleb128 0x5
 2125 00ef 39       		.uleb128 0x39
 2126 00f0 0B       		.uleb128 0xb
 2127 00f1 49       		.uleb128 0x49
 2128 00f2 13       		.uleb128 0x13
 2129 00f3 00       		.byte	0
 2130 00f4 00       		.byte	0
 2131 00f5 14       		.uleb128 0x14
 2132 00f6 16       		.uleb128 0x16
 2133 00f7 00       		.byte	0
 2134 00f8 03       		.uleb128 0x3
 2135 00f9 0E       		.uleb128 0xe
 2136 00fa 3A       		.uleb128 0x3a
 2137 00fb 0B       		.uleb128 0xb
 2138 00fc 3B       		.uleb128 0x3b
 2139 00fd 05       		.uleb128 0x5
 2140 00fe 39       		.uleb128 0x39
 2141 00ff 0B       		.uleb128 0xb
 2142 0100 49       		.uleb128 0x49
 2143 0101 13       		.uleb128 0x13
 2144 0102 00       		.byte	0
 2145 0103 00       		.byte	0
 2146 0104 15       		.uleb128 0x15
 2147 0105 34       		.uleb128 0x34
 2148 0106 00       		.byte	0
 2149 0107 03       		.uleb128 0x3
 2150 0108 08       		.uleb128 0x8
 2151 0109 3A       		.uleb128 0x3a
 2152 010a 0B       		.uleb128 0xb
 2153 010b 3B       		.uleb128 0x3b
 2154 010c 05       		.uleb128 0x5
 2155 010d 39       		.uleb128 0x39
 2156 010e 0B       		.uleb128 0xb
 2157 010f 49       		.uleb128 0x49
 2158 0110 13       		.uleb128 0x13
 2159 0111 3F       		.uleb128 0x3f
 2160 0112 19       		.uleb128 0x19
 2161 0113 3C       		.uleb128 0x3c
 2162 0114 19       		.uleb128 0x19
 2163 0115 00       		.byte	0
 2164 0116 00       		.byte	0
 2165 0117 16       		.uleb128 0x16
 2166 0118 2E       		.uleb128 0x2e
ARM GAS  C:\Users\acest\AppData\Local\Temp\ccvMP4Ad.s 			page 39


 2167 0119 00       		.byte	0
 2168 011a 3F       		.uleb128 0x3f
 2169 011b 19       		.uleb128 0x19
 2170 011c 03       		.uleb128 0x3
 2171 011d 0E       		.uleb128 0xe
 2172 011e 3A       		.uleb128 0x3a
 2173 011f 0B       		.uleb128 0xb
 2174 0120 3B       		.uleb128 0x3b
 2175 0121 05       		.uleb128 0x5
 2176 0122 39       		.uleb128 0x39
 2177 0123 0B       		.uleb128 0xb
 2178 0124 27       		.uleb128 0x27
 2179 0125 19       		.uleb128 0x19
 2180 0126 00       		.byte	0
 2181 0127 00       		.byte	0
 2182 0128 17       		.uleb128 0x17
 2183 0129 2E       		.uleb128 0x2e
 2184 012a 01       		.byte	0x1
 2185 012b 3F       		.uleb128 0x3f
 2186 012c 19       		.uleb128 0x19
 2187 012d 03       		.uleb128 0x3
 2188 012e 0E       		.uleb128 0xe
 2189 012f 3A       		.uleb128 0x3a
 2190 0130 0B       		.uleb128 0xb
 2191 0131 3B       		.uleb128 0x3b
 2192 0132 05       		.uleb128 0x5
 2193 0133 39       		.uleb128 0x39
 2194 0134 0B       		.uleb128 0xb
 2195 0135 27       		.uleb128 0x27
 2196 0136 19       		.uleb128 0x19
 2197 0137 49       		.uleb128 0x49
 2198 0138 13       		.uleb128 0x13
 2199 0139 01       		.uleb128 0x1
 2200 013a 13       		.uleb128 0x13
 2201 013b 00       		.byte	0
 2202 013c 00       		.byte	0
 2203 013d 18       		.uleb128 0x18
 2204 013e 34       		.uleb128 0x34
 2205 013f 00       		.byte	0
 2206 0140 03       		.uleb128 0x3
 2207 0141 08       		.uleb128 0x8
 2208 0142 3A       		.uleb128 0x3a
 2209 0143 0B       		.uleb128 0xb
 2210 0144 3B       		.uleb128 0x3b
 2211 0145 05       		.uleb128 0x5
 2212 0146 39       		.uleb128 0x39
 2213 0147 0B       		.uleb128 0xb
 2214 0148 49       		.uleb128 0x49
 2215 0149 13       		.uleb128 0x13
 2216 014a 00       		.byte	0
 2217 014b 00       		.byte	0
 2218 014c 19       		.uleb128 0x19
 2219 014d 34       		.uleb128 0x34
 2220 014e 00       		.byte	0
 2221 014f 03       		.uleb128 0x3
 2222 0150 0E       		.uleb128 0xe
 2223 0151 3A       		.uleb128 0x3a
ARM GAS  C:\Users\acest\AppData\Local\Temp\ccvMP4Ad.s 			page 40


 2224 0152 0B       		.uleb128 0xb
 2225 0153 3B       		.uleb128 0x3b
 2226 0154 05       		.uleb128 0x5
 2227 0155 39       		.uleb128 0x39
 2228 0156 0B       		.uleb128 0xb
 2229 0157 49       		.uleb128 0x49
 2230 0158 13       		.uleb128 0x13
 2231 0159 00       		.byte	0
 2232 015a 00       		.byte	0
 2233 015b 1A       		.uleb128 0x1a
 2234 015c 34       		.uleb128 0x34
 2235 015d 00       		.byte	0
 2236 015e 03       		.uleb128 0x3
 2237 015f 0E       		.uleb128 0xe
 2238 0160 49       		.uleb128 0x49
 2239 0161 13       		.uleb128 0x13
 2240 0162 34       		.uleb128 0x34
 2241 0163 19       		.uleb128 0x19
 2242 0164 00       		.byte	0
 2243 0165 00       		.byte	0
 2244 0166 1B       		.uleb128 0x1b
 2245 0167 01       		.uleb128 0x1
 2246 0168 01       		.byte	0x1
 2247 0169 49       		.uleb128 0x49
 2248 016a 13       		.uleb128 0x13
 2249 016b 01       		.uleb128 0x1
 2250 016c 13       		.uleb128 0x13
 2251 016d 00       		.byte	0
 2252 016e 00       		.byte	0
 2253 016f 1C       		.uleb128 0x1c
 2254 0170 21       		.uleb128 0x21
 2255 0171 00       		.byte	0
 2256 0172 49       		.uleb128 0x49
 2257 0173 13       		.uleb128 0x13
 2258 0174 2F       		.uleb128 0x2f
 2259 0175 0B       		.uleb128 0xb
 2260 0176 00       		.byte	0
 2261 0177 00       		.byte	0
 2262 0178 1D       		.uleb128 0x1d
 2263 0179 2E       		.uleb128 0x2e
 2264 017a 01       		.byte	0x1
 2265 017b 3F       		.uleb128 0x3f
 2266 017c 19       		.uleb128 0x19
 2267 017d 03       		.uleb128 0x3
 2268 017e 0E       		.uleb128 0xe
 2269 017f 3A       		.uleb128 0x3a
 2270 0180 0B       		.uleb128 0xb
 2271 0181 3B       		.uleb128 0x3b
 2272 0182 05       		.uleb128 0x5
 2273 0183 39       		.uleb128 0x39
 2274 0184 0B       		.uleb128 0xb
 2275 0185 27       		.uleb128 0x27
 2276 0186 19       		.uleb128 0x19
 2277 0187 01       		.uleb128 0x1
 2278 0188 13       		.uleb128 0x13
 2279 0189 00       		.byte	0
 2280 018a 00       		.byte	0
ARM GAS  C:\Users\acest\AppData\Local\Temp\ccvMP4Ad.s 			page 41


 2281 018b 1E       		.uleb128 0x1e
 2282 018c 0B       		.uleb128 0xb
 2283 018d 01       		.byte	0x1
 2284 018e 00       		.byte	0
 2285 018f 00       		.byte	0
 2286 0190 1F       		.uleb128 0x1f
 2287 0191 05       		.uleb128 0x5
 2288 0192 00       		.byte	0
 2289 0193 03       		.uleb128 0x3
 2290 0194 08       		.uleb128 0x8
 2291 0195 3A       		.uleb128 0x3a
 2292 0196 0B       		.uleb128 0xb
 2293 0197 3B       		.uleb128 0x3b
 2294 0198 05       		.uleb128 0x5
 2295 0199 39       		.uleb128 0x39
 2296 019a 0B       		.uleb128 0xb
 2297 019b 49       		.uleb128 0x49
 2298 019c 13       		.uleb128 0x13
 2299 019d 00       		.byte	0
 2300 019e 00       		.byte	0
 2301 019f 20       		.uleb128 0x20
 2302 01a0 05       		.uleb128 0x5
 2303 01a1 00       		.byte	0
 2304 01a2 03       		.uleb128 0x3
 2305 01a3 0E       		.uleb128 0xe
 2306 01a4 3A       		.uleb128 0x3a
 2307 01a5 0B       		.uleb128 0xb
 2308 01a6 3B       		.uleb128 0x3b
 2309 01a7 05       		.uleb128 0x5
 2310 01a8 39       		.uleb128 0x39
 2311 01a9 0B       		.uleb128 0xb
 2312 01aa 49       		.uleb128 0x49
 2313 01ab 13       		.uleb128 0x13
 2314 01ac 00       		.byte	0
 2315 01ad 00       		.byte	0
 2316 01ae 21       		.uleb128 0x21
 2317 01af 2E       		.uleb128 0x2e
 2318 01b0 01       		.byte	0x1
 2319 01b1 03       		.uleb128 0x3
 2320 01b2 0E       		.uleb128 0xe
 2321 01b3 3A       		.uleb128 0x3a
 2322 01b4 0B       		.uleb128 0xb
 2323 01b5 3B       		.uleb128 0x3b
 2324 01b6 0B       		.uleb128 0xb
 2325 01b7 39       		.uleb128 0x39
 2326 01b8 0B       		.uleb128 0xb
 2327 01b9 27       		.uleb128 0x27
 2328 01ba 19       		.uleb128 0x19
 2329 01bb 01       		.uleb128 0x1
 2330 01bc 13       		.uleb128 0x13
 2331 01bd 00       		.byte	0
 2332 01be 00       		.byte	0
 2333 01bf 22       		.uleb128 0x22
 2334 01c0 05       		.uleb128 0x5
 2335 01c1 00       		.byte	0
 2336 01c2 03       		.uleb128 0x3
 2337 01c3 0E       		.uleb128 0xe
ARM GAS  C:\Users\acest\AppData\Local\Temp\ccvMP4Ad.s 			page 42


 2338 01c4 3A       		.uleb128 0x3a
 2339 01c5 0B       		.uleb128 0xb
 2340 01c6 3B       		.uleb128 0x3b
 2341 01c7 0B       		.uleb128 0xb
 2342 01c8 39       		.uleb128 0x39
 2343 01c9 0B       		.uleb128 0xb
 2344 01ca 49       		.uleb128 0x49
 2345 01cb 13       		.uleb128 0x13
 2346 01cc 00       		.byte	0
 2347 01cd 00       		.byte	0
 2348 01ce 23       		.uleb128 0x23
 2349 01cf 05       		.uleb128 0x5
 2350 01d0 00       		.byte	0
 2351 01d1 03       		.uleb128 0x3
 2352 01d2 08       		.uleb128 0x8
 2353 01d3 3A       		.uleb128 0x3a
 2354 01d4 0B       		.uleb128 0xb
 2355 01d5 3B       		.uleb128 0x3b
 2356 01d6 0B       		.uleb128 0xb
 2357 01d7 39       		.uleb128 0x39
 2358 01d8 0B       		.uleb128 0xb
 2359 01d9 49       		.uleb128 0x49
 2360 01da 13       		.uleb128 0x13
 2361 01db 00       		.byte	0
 2362 01dc 00       		.byte	0
 2363 01dd 24       		.uleb128 0x24
 2364 01de 34       		.uleb128 0x34
 2365 01df 00       		.byte	0
 2366 01e0 03       		.uleb128 0x3
 2367 01e1 0E       		.uleb128 0xe
 2368 01e2 3A       		.uleb128 0x3a
 2369 01e3 0B       		.uleb128 0xb
 2370 01e4 3B       		.uleb128 0x3b
 2371 01e5 0B       		.uleb128 0xb
 2372 01e6 39       		.uleb128 0x39
 2373 01e7 0B       		.uleb128 0xb
 2374 01e8 49       		.uleb128 0x49
 2375 01e9 13       		.uleb128 0x13
 2376 01ea 00       		.byte	0
 2377 01eb 00       		.byte	0
 2378 01ec 25       		.uleb128 0x25
 2379 01ed 34       		.uleb128 0x34
 2380 01ee 00       		.byte	0
 2381 01ef 03       		.uleb128 0x3
 2382 01f0 08       		.uleb128 0x8
 2383 01f1 3A       		.uleb128 0x3a
 2384 01f2 0B       		.uleb128 0xb
 2385 01f3 3B       		.uleb128 0x3b
 2386 01f4 0B       		.uleb128 0xb
 2387 01f5 39       		.uleb128 0x39
 2388 01f6 0B       		.uleb128 0xb
 2389 01f7 49       		.uleb128 0x49
 2390 01f8 13       		.uleb128 0x13
 2391 01f9 00       		.byte	0
 2392 01fa 00       		.byte	0
 2393 01fb 26       		.uleb128 0x26
 2394 01fc 2E       		.uleb128 0x2e
ARM GAS  C:\Users\acest\AppData\Local\Temp\ccvMP4Ad.s 			page 43


 2395 01fd 00       		.byte	0
 2396 01fe 03       		.uleb128 0x3
 2397 01ff 0E       		.uleb128 0xe
 2398 0200 3A       		.uleb128 0x3a
 2399 0201 0B       		.uleb128 0xb
 2400 0202 3B       		.uleb128 0x3b
 2401 0203 0B       		.uleb128 0xb
 2402 0204 39       		.uleb128 0x39
 2403 0205 0B       		.uleb128 0xb
 2404 0206 27       		.uleb128 0x27
 2405 0207 19       		.uleb128 0x19
 2406 0208 49       		.uleb128 0x49
 2407 0209 13       		.uleb128 0x13
 2408 020a 00       		.byte	0
 2409 020b 00       		.byte	0
 2410 020c 27       		.uleb128 0x27
 2411 020d 2E       		.uleb128 0x2e
 2412 020e 00       		.byte	0
 2413 020f 03       		.uleb128 0x3
 2414 0210 0E       		.uleb128 0xe
 2415 0211 3A       		.uleb128 0x3a
 2416 0212 0B       		.uleb128 0xb
 2417 0213 3B       		.uleb128 0x3b
 2418 0214 05       		.uleb128 0x5
 2419 0215 39       		.uleb128 0x39
 2420 0216 0B       		.uleb128 0xb
 2421 0217 27       		.uleb128 0x27
 2422 0218 19       		.uleb128 0x19
 2423 0219 00       		.byte	0
 2424 021a 00       		.byte	0
 2425 021b 28       		.uleb128 0x28
 2426 021c 2E       		.uleb128 0x2e
 2427 021d 00       		.byte	0
 2428 021e 03       		.uleb128 0x3
 2429 021f 0E       		.uleb128 0xe
 2430 0220 3A       		.uleb128 0x3a
 2431 0221 0B       		.uleb128 0xb
 2432 0222 3B       		.uleb128 0x3b
 2433 0223 0B       		.uleb128 0xb
 2434 0224 39       		.uleb128 0x39
 2435 0225 0B       		.uleb128 0xb
 2436 0226 27       		.uleb128 0x27
 2437 0227 19       		.uleb128 0x19
 2438 0228 00       		.byte	0
 2439 0229 00       		.byte	0
 2440 022a 29       		.uleb128 0x29
 2441 022b 2E       		.uleb128 0x2e
 2442 022c 01       		.byte	0x1
 2443 022d 03       		.uleb128 0x3
 2444 022e 0E       		.uleb128 0xe
 2445 022f 3A       		.uleb128 0x3a
 2446 0230 0B       		.uleb128 0xb
 2447 0231 3B       		.uleb128 0x3b
 2448 0232 05       		.uleb128 0x5
 2449 0233 39       		.uleb128 0x39
 2450 0234 0B       		.uleb128 0xb
 2451 0235 27       		.uleb128 0x27
ARM GAS  C:\Users\acest\AppData\Local\Temp\ccvMP4Ad.s 			page 44


 2452 0236 19       		.uleb128 0x19
 2453 0237 01       		.uleb128 0x1
 2454 0238 13       		.uleb128 0x13
 2455 0239 00       		.byte	0
 2456 023a 00       		.byte	0
 2457 023b 2A       		.uleb128 0x2a
 2458 023c 2E       		.uleb128 0x2e
 2459 023d 01       		.byte	0x1
 2460 023e 03       		.uleb128 0x3
 2461 023f 0E       		.uleb128 0xe
 2462 0240 3A       		.uleb128 0x3a
 2463 0241 0B       		.uleb128 0xb
 2464 0242 3B       		.uleb128 0x3b
 2465 0243 05       		.uleb128 0x5
 2466 0244 39       		.uleb128 0x39
 2467 0245 0B       		.uleb128 0xb
 2468 0246 27       		.uleb128 0x27
 2469 0247 19       		.uleb128 0x19
 2470 0248 49       		.uleb128 0x49
 2471 0249 13       		.uleb128 0x13
 2472 024a 01       		.uleb128 0x1
 2473 024b 13       		.uleb128 0x13
 2474 024c 00       		.byte	0
 2475 024d 00       		.byte	0
 2476 024e 2B       		.uleb128 0x2b
 2477 024f 2E       		.uleb128 0x2e
 2478 0250 01       		.byte	0x1
 2479 0251 03       		.uleb128 0x3
 2480 0252 0E       		.uleb128 0xe
 2481 0253 3A       		.uleb128 0x3a
 2482 0254 0B       		.uleb128 0xb
 2483 0255 3B       		.uleb128 0x3b
 2484 0256 05       		.uleb128 0x5
 2485 0257 39       		.uleb128 0x39
 2486 0258 0B       		.uleb128 0xb
 2487 0259 27       		.uleb128 0x27
 2488 025a 19       		.uleb128 0x19
 2489 025b 49       		.uleb128 0x49
 2490 025c 13       		.uleb128 0x13
 2491 025d 00       		.byte	0
 2492 025e 00       		.byte	0
 2493 025f 00       		.byte	0
 2494              		.section	.gnu.debuglto_.debug_line,"e",%progbits
 2495              	.Ldebug_line0:
 2496 0000 D7020000 		.4byte	.LELT0-.LSLT0
 2497              	.LSLT0:
 2498 0004 0400     		.2byte	0x4
 2499 0006 D1020000 		.4byte	.LELTP0-.LASLTP0
 2500              	.LASLTP0:
 2501 000a 01       		.byte	0x1
 2502 000b 01       		.byte	0x1
 2503 000c 01       		.byte	0x1
 2504 000d F6       		.byte	0xf6
 2505 000e F2       		.byte	0xf2
 2506 000f 0D       		.byte	0xd
 2507 0010 00       		.byte	0
 2508 0011 01       		.byte	0x1
ARM GAS  C:\Users\acest\AppData\Local\Temp\ccvMP4Ad.s 			page 45


 2509 0012 01       		.byte	0x1
 2510 0013 01       		.byte	0x1
 2511 0014 01       		.byte	0x1
 2512 0015 00       		.byte	0
 2513 0016 00       		.byte	0
 2514 0017 00       		.byte	0
 2515 0018 01       		.byte	0x1
 2516 0019 00       		.byte	0
 2517 001a 00       		.byte	0
 2518 001b 01       		.byte	0x1
 2519 001c 2E2E2F2E 		.ascii	"../../../../../ChibiStudio/chibios2111/os/rt/src"
 2519      2E2F2E2E 
 2519      2F2E2E2F 
 2519      2E2E2F43 
 2519      68696269 
 2520 004c 00       		.byte	0
 2521 004d 633A5C63 		.ascii	"c:\\chibistudio\\chibios2111\\os\\common\\ext\\arm\\"
 2521      68696269 
 2521      73747564 
 2521      696F5C63 
 2521      68696269 
 2522 007a 636D7369 		.ascii	"cmsis\\core\\include"
 2522      735C636F 
 2522      72655C69 
 2522      6E636C75 
 2522      6465
 2523 008c 00       		.byte	0
 2524 008d 633A5C63 		.ascii	"c:\\chibistudio\\chibios2111\\os\\common\\ports\\ar"
 2524      68696269 
 2524      73747564 
 2524      696F5C63 
 2524      68696269 
 2525 00ba 6D2D636F 		.ascii	"m-common"
 2525      6D6D6F6E 
 2526 00c2 00       		.byte	0
 2527 00c3 633A5C63 		.ascii	"c:\\chibistudio\\chibios2111\\os\\common\\ports\\ar"
 2527      68696269 
 2527      73747564 
 2527      696F5C63 
 2527      68696269 
 2528 00f0 6D76372D 		.ascii	"mv7-m-alt"
 2528      6D2D616C 
 2528      74
 2529 00f9 00       		.byte	0
 2530 00fa 633A5C63 		.ascii	"c:\\chibistudio\\chibios2111\\os\\hal\\osal\\rt-nil"
 2530      68696269 
 2530      73747564 
 2530      696F5C63 
 2530      68696269 
 2531 0127 00       		.byte	0
 2532 0128 633A5C63 		.ascii	"c:\\chibistudio\\chibios2111\\os\\rt\\include"
 2532      68696269 
 2532      73747564 
 2532      696F5C63 
 2532      68696269 
 2533 0150 00       		.byte	0
 2534 0151 633A5C63 		.ascii	"c:\\chibistudio\\tools\\gnu tools arm embedded\\10."
ARM GAS  C:\Users\acest\AppData\Local\Temp\ccvMP4Ad.s 			page 46


 2534      68696269 
 2534      73747564 
 2534      696F5C74 
 2534      6F6F6C73 
 2535 0180 33203230 		.ascii	"3 2021.10\\arm-none-eabi\\include\\machine"
 2535      32312E31 
 2535      305C6172 
 2535      6D2D6E6F 
 2535      6E652D65 
 2536 01a7 00       		.byte	0
 2537 01a8 633A5C63 		.ascii	"c:\\chibistudio\\tools\\gnu tools arm embedded\\10."
 2537      68696269 
 2537      73747564 
 2537      696F5C74 
 2537      6F6F6C73 
 2538 01d7 33203230 		.ascii	"3 2021.10\\arm-none-eabi\\include\\sys"
 2538      32312E31 
 2538      305C6172 
 2538      6D2D6E6F 
 2538      6E652D65 
 2539 01fa 00       		.byte	0
 2540 01fb 00       		.byte	0
 2541 01fc 5F646566 		.ascii	"_default_types.h\000"
 2541      61756C74 
 2541      5F747970 
 2541      65732E68 
 2541      00
 2542 020d 07       		.uleb128 0x7
 2543 020e 00       		.uleb128 0
 2544 020f 00       		.uleb128 0
 2545 0210 5F737464 		.ascii	"_stdint.h\000"
 2545      696E742E 
 2545      6800
 2546 021a 08       		.uleb128 0x8
 2547 021b 00       		.uleb128 0
 2548 021c 00       		.uleb128 0
 2549 021d 63687479 		.ascii	"chtypes.h\000"
 2549      7065732E 
 2549      6800
 2550 0227 03       		.uleb128 0x3
 2551 0228 00       		.uleb128 0
 2552 0229 00       		.uleb128 0
 2553 022a 63686561 		.ascii	"chearly.h\000"
 2553      726C792E 
 2553      6800
 2554 0234 06       		.uleb128 0x6
 2555 0235 00       		.uleb128 0
 2556 0236 00       		.uleb128 0
 2557 0237 63686F62 		.ascii	"chobjects.h\000"
 2557      6A656374 
 2557      732E6800 
 2558 0243 06       		.uleb128 0x6
 2559 0244 00       		.uleb128 0
 2560 0245 00       		.uleb128 0
 2561 0246 63687266 		.ascii	"chrfcu.h\000"
 2561      63752E68 
 2561      00
ARM GAS  C:\Users\acest\AppData\Local\Temp\ccvMP4Ad.s 			page 47


 2562 024f 06       		.uleb128 0x6
 2563 0250 00       		.uleb128 0
 2564 0251 00       		.uleb128 0
 2565 0252 63686465 		.ascii	"chdebug.h\000"
 2565      6275672E 
 2565      6800
 2566 025c 06       		.uleb128 0x6
 2567 025d 00       		.uleb128 0
 2568 025e 00       		.uleb128 0
 2569 025f 63687469 		.ascii	"chtime.h\000"
 2569      6D652E68 
 2569      00
 2570 0268 06       		.uleb128 0x6
 2571 0269 00       		.uleb128 0
 2572 026a 00       		.uleb128 0
 2573 026b 63686C69 		.ascii	"chlists.h\000"
 2573      7374732E 
 2573      6800
 2574 0275 06       		.uleb128 0x6
 2575 0276 00       		.uleb128 0
 2576 0277 00       		.uleb128 0
 2577 0278 6368636F 		.ascii	"chcore.h\000"
 2577      72652E68 
 2577      00
 2578 0281 04       		.uleb128 0x4
 2579 0282 00       		.uleb128 0
 2580 0283 00       		.uleb128 0
 2581 0284 63687365 		.ascii	"chsem.h\000"
 2581      6D2E6800 
 2582 028c 06       		.uleb128 0x6
 2583 028d 00       		.uleb128 0
 2584 028e 00       		.uleb128 0
 2585 028f 63686D74 		.ascii	"chmtx.h\000"
 2585      782E6800 
 2586 0297 06       		.uleb128 0x6
 2587 0298 00       		.uleb128 0
 2588 0299 00       		.uleb128 0
 2589 029a 63687674 		.ascii	"chvt.c\000"
 2589      2E6300
 2590 02a1 01       		.uleb128 0x1
 2591 02a2 00       		.uleb128 0
 2592 02a3 00       		.uleb128 0
 2593 02a4 63687379 		.ascii	"chsys.h\000"
 2593      732E6800 
 2594 02ac 06       		.uleb128 0x6
 2595 02ad 00       		.uleb128 0
 2596 02ae 00       		.uleb128 0
 2597 02af 63687674 		.ascii	"chvt.h\000"
 2597      2E6800
 2598 02b6 06       		.uleb128 0x6
 2599 02b7 00       		.uleb128 0
 2600 02b8 00       		.uleb128 0
 2601 02b9 6368636F 		.ascii	"chcore_timer.h\000"
 2601      72655F74 
 2601      696D6572 
 2601      2E6800
 2602 02c8 05       		.uleb128 0x5
ARM GAS  C:\Users\acest\AppData\Local\Temp\ccvMP4Ad.s 			page 48


 2603 02c9 00       		.uleb128 0
 2604 02ca 00       		.uleb128 0
 2605 02cb 636D7369 		.ascii	"cmsis_gcc.h\000"
 2605      735F6763 
 2605      632E6800 
 2606 02d7 02       		.uleb128 0x2
 2607 02d8 00       		.uleb128 0
 2608 02d9 00       		.uleb128 0
 2609 02da 00       		.byte	0
 2610              	.LELTP0:
 2611              	.LELT0:
 2612              		.section	.gnu.debuglto_.debug_str,"eMS",%progbits,1
 2613              	.LASF111:
 2614 0000 72656164 		.ascii	"ready_list_t\000"
 2614      795F6C69 
 2614      73745F74 
 2614      00
 2615              	.LASF50:
 2616 000d 72666375 		.ascii	"rfcu\000"
 2616      00
 2617              	.LASF102:
 2618 0012 77747472 		.ascii	"wttrp\000"
 2618      7000
 2619              	.LASF160:
 2620 0018 63685F64 		.ascii	"ch_dlist_isempty\000"
 2620      6C697374 
 2620      5F697365 
 2620      6D707479 
 2620      00
 2621              	.LASF74:
 2622 0029 64656C74 		.ascii	"delta\000"
 2622      6100
 2623              	.LASF99:
 2624 002f 7264796D 		.ascii	"rdymsg\000"
 2624      736700
 2625              	.LASF18:
 2626 0036 75696E74 		.ascii	"uint64_t\000"
 2626      36345F74 
 2626      00
 2627              	.LASF130:
 2628 003f 63685654 		.ascii	"chVTDoSetContinuousI\000"
 2628      446F5365 
 2628      74436F6E 
 2628      74696E75 
 2628      6F757349 
 2629              	.LASF26:
 2630 0054 6576656E 		.ascii	"eventmask_t\000"
 2630      746D6173 
 2630      6B5F7400 
 2631              	.LASF7:
 2632 0060 5F5F7569 		.ascii	"__uint8_t\000"
 2632      6E74385F 
 2632      7400
 2633              	.LASF68:
 2634 006a 70726576 		.ascii	"prev\000"
 2634      00
 2635              	.LASF78:
ARM GAS  C:\Users\acest\AppData\Local\Temp\ccvMP4Ad.s 			page 49


 2636 006f 706F7274 		.ascii	"port_intctx\000"
 2636      5F696E74 
 2636      63747800 
 2637              	.LASF59:
 2638 007b 73797374 		.ascii	"system_debug_t\000"
 2638      656D5F64 
 2638      65627567 
 2638      5F7400
 2639              	.LASF49:
 2640 008a 636F7265 		.ascii	"core_id\000"
 2640      5F696400 
 2641              	.LASF137:
 2642 0092 76745F73 		.ascii	"vt_set_alarm\000"
 2642      65745F61 
 2642      6C61726D 
 2642      00
 2643              	.LASF69:
 2644 009f 63685F70 		.ascii	"ch_priority_queue_t\000"
 2644      72696F72 
 2644      6974795F 
 2644      71756575 
 2644      655F7400 
 2645              	.LASF13:
 2646 00b3 6C6F6E67 		.ascii	"long long unsigned int\000"
 2646      206C6F6E 
 2646      6720756E 
 2646      7369676E 
 2646      65642069 
 2647              	.LASF127:
 2648 00ca 63685654 		.ascii	"chVTGetRemainingIntervalI\000"
 2648      47657452 
 2648      656D6169 
 2648      6E696E67 
 2648      496E7465 
 2649              	.LASF129:
 2650 00e4 63685654 		.ascii	"chVTDoResetI\000"
 2650      446F5265 
 2650      73657449 
 2650      00
 2651              	.LASF100:
 2652 00f1 65786974 		.ascii	"exitcode\000"
 2652      636F6465 
 2652      00
 2653              	.LASF52:
 2654 00fa 6D61696E 		.ascii	"mainthread\000"
 2654      74687265 
 2654      616400
 2655              	.LASF103:
 2656 0105 73656E74 		.ascii	"sentmsg\000"
 2656      6D736700 
 2657              	.LASF92:
 2658 010d 76697274 		.ascii	"virtual_timers_list_t\000"
 2658      75616C5F 
 2658      74696D65 
 2658      72735F6C 
 2658      6973745F 
 2659              	.LASF65:
ARM GAS  C:\Users\acest\AppData\Local\Temp\ccvMP4Ad.s 			page 50


 2660 0123 6E657874 		.ascii	"next\000"
 2660      00
 2661              	.LASF36:
 2662 0128 72656673 		.ascii	"refs\000"
 2662      00
 2663              	.LASF1:
 2664 012d 6C6F6E67 		.ascii	"long long int\000"
 2664      206C6F6E 
 2664      6720696E 
 2664      7400
 2665              	.LASF3:
 2666 013b 7369676E 		.ascii	"signed char\000"
 2666      65642063 
 2666      68617200 
 2667              	.LASF73:
 2668 0147 63685F64 		.ascii	"ch_delta_list\000"
 2668      656C7461 
 2668      5F6C6973 
 2668      7400
 2669              	.LASF151:
 2670 0155 62617365 		.ascii	"basePri\000"
 2670      50726900 
 2671              	.LASF47:
 2672 015d 76746C69 		.ascii	"vtlist\000"
 2672      737400
 2673              	.LASF148:
 2674 0164 706F7274 		.ascii	"port_unlock\000"
 2674      5F756E6C 
 2674      6F636B00 
 2675              	.LASF38:
 2676 0170 6D736771 		.ascii	"msgqueue\000"
 2676      75657565 
 2676      00
 2677              	.LASF34:
 2678 0179 73746174 		.ascii	"state\000"
 2678      6500
 2679              	.LASF9:
 2680 017f 6C6F6E67 		.ascii	"long int\000"
 2680      20696E74 
 2680      00
 2681              	.LASF22:
 2682 0188 74737461 		.ascii	"tstate_t\000"
 2682      74655F74 
 2682      00
 2683              	.LASF54:
 2684 0191 63685F72 		.ascii	"ch_rfcu\000"
 2684      66637500 
 2685              	.LASF67:
 2686 0199 63685F71 		.ascii	"ch_queue\000"
 2686      75657565 
 2686      00
 2687              	.LASF94:
 2688 01a2 71756575 		.ascii	"queue\000"
 2688      6500
 2689              	.LASF72:
 2690 01a8 63685F64 		.ascii	"ch_delta_list_t\000"
 2690      656C7461 
ARM GAS  C:\Users\acest\AppData\Local\Temp\ccvMP4Ad.s 			page 51


 2690      5F6C6973 
 2690      745F7400 
 2691              	.LASF93:
 2692 01b8 63685F72 		.ascii	"ch_registry\000"
 2692      65676973 
 2692      74727900 
 2693              	.LASF122:
 2694 01c4 76746C70 		.ascii	"vtlp\000"
 2694      00
 2695              	.LASF62:
 2696 01c9 73797374 		.ascii	"systimestamp_t\000"
 2696      696D6573 
 2696      74616D70 
 2696      5F7400
 2697              	.LASF168:
 2698 01d8 433A5C55 		.ascii	"C:\\Users\\acest\\Desktop\\R.A.C.E\\race_project\000"
 2698      73657273 
 2698      5C616365 
 2698      73745C44 
 2698      65736B74 
 2699              	.LASF165:
 2700 0204 696E7465 		.ascii	"interval\000"
 2700      7276616C 
 2700      00
 2701              	.LASF10:
 2702 020d 5F5F7569 		.ascii	"__uint32_t\000"
 2702      6E743332 
 2702      5F7400
 2703              	.LASF55:
 2704 0218 6D61736B 		.ascii	"mask\000"
 2704      00
 2705              	.LASF121:
 2706 021d 7374616D 		.ascii	"stamp\000"
 2706      7000
 2707              	.LASF37:
 2708 0223 77616974 		.ascii	"waiting\000"
 2708      696E6700 
 2709              	.LASF113:
 2710 022b 6D61696E 		.ascii	"mainthread_base\000"
 2710      74687265 
 2710      61645F62 
 2710      61736500 
 2711              	.LASF118:
 2712 023b 6D757465 		.ascii	"mutex_t\000"
 2712      785F7400 
 2713              	.LASF61:
 2714 0243 73797369 		.ascii	"sysinterval_t\000"
 2714      6E746572 
 2714      76616C5F 
 2714      7400
 2715              	.LASF27:
 2716 0251 636E745F 		.ascii	"cnt_t\000"
 2716      7400
 2717              	.LASF140:
 2718 0257 63685654 		.ascii	"chVTGetSystemTimeX\000"
 2718      47657453 
 2718      79737465 
ARM GAS  C:\Users\acest\AppData\Local\Temp\ccvMP4Ad.s 			page 52


 2718      6D54696D 
 2718      655800
 2719              	.LASF123:
 2720 026a 6E6F7764 		.ascii	"nowdelta\000"
 2720      656C7461 
 2720      00
 2721              	.LASF76:
 2722 0273 6C725F74 		.ascii	"lr_thd\000"
 2722      686400
 2723              	.LASF104:
 2724 027a 77747365 		.ascii	"wtsemp\000"
 2724      6D7000
 2725              	.LASF11:
 2726 0281 6C6F6E67 		.ascii	"long unsigned int\000"
 2726      20756E73 
 2726      69676E65 
 2726      6420696E 
 2726      7400
 2727              	.LASF30:
 2728 0293 72717565 		.ascii	"rqueue\000"
 2728      756500
 2729              	.LASF66:
 2730 029a 63685F71 		.ascii	"ch_queue_t\000"
 2730      75657565 
 2730      5F7400
 2731              	.LASF87:
 2732 02a5 72656C6F 		.ascii	"reload\000"
 2732      616400
 2733              	.LASF167:
 2734 02ac 2E2E2F2E 		.ascii	"../../../../../ChibiStudio/chibios2111/os/rt/src/ch"
 2734      2E2F2E2E 
 2734      2F2E2E2F 
 2734      2E2E2F43 
 2734      68696269 
 2735 02df 76742E63 		.ascii	"vt.c\000"
 2735      00
 2736              	.LASF32:
 2737 02e4 6E616D65 		.ascii	"name\000"
 2737      00
 2738              	.LASF166:
 2739 02e9 474E5520 		.ascii	"GNU C17 10.3.1 20210824 (release) -mcpu=cortex-m4 -"
 2739      43313720 
 2739      31302E33 
 2739      2E312032 
 2739      30323130 
 2740 031c 6D746875 		.ascii	"mthumb -mfloat-abi=soft -march=armv7e-m -ggdb -O2 -"
 2740      6D62202D 
 2740      6D666C6F 
 2740      61742D61 
 2740      62693D73 
 2741 034f 666F6D69 		.ascii	"fomit-frame-pointer -falign-functions=16 -ffunction"
 2741      742D6672 
 2741      616D652D 
 2741      706F696E 
 2741      74657220 
 2742 0382 2D736563 		.ascii	"-sections -fdata-sections -fno-common -flto\000"
 2742      74696F6E 
ARM GAS  C:\Users\acest\AppData\Local\Temp\ccvMP4Ad.s 			page 53


 2742      73202D66 
 2742      64617461 
 2742      2D736563 
 2743              	.LASF42:
 2744 03ae 6D706F6F 		.ascii	"mpool\000"
 2744      6C00
 2745              	.LASF79:
 2746 03b4 62617365 		.ascii	"basepri\000"
 2746      70726900 
 2747              	.LASF63:
 2748 03bc 63685F6C 		.ascii	"ch_list_t\000"
 2748      6973745F 
 2748      7400
 2749              	.LASF44:
 2750 03c6 63685F74 		.ascii	"ch_thread\000"
 2750      68726561 
 2750      6400
 2751              	.LASF145:
 2752 03d0 706F7274 		.ascii	"port_timer_start_alarm\000"
 2752      5F74696D 
 2752      65725F73 
 2752      74617274 
 2752      5F616C61 
 2753              	.LASF120:
 2754 03e7 6C617374 		.ascii	"last\000"
 2754      00
 2755              	.LASF39:
 2756 03ec 6570656E 		.ascii	"epending\000"
 2756      64696E67 
 2756      00
 2757              	.LASF136:
 2758 03f5 6E65776E 		.ascii	"newnow\000"
 2758      6F7700
 2759              	.LASF101:
 2760 03fc 77746F62 		.ascii	"wtobjp\000"
 2760      6A7000
 2761              	.LASF164:
 2762 0403 73797374 		.ascii	"systime\000"
 2762      696D6500 
 2763              	.LASF64:
 2764 040b 63685F6C 		.ascii	"ch_list\000"
 2764      69737400 
 2765              	.LASF109:
 2766 0413 63685F72 		.ascii	"ch_ready_list\000"
 2766      65616479 
 2766      5F6C6973 
 2766      7400
 2767              	.LASF132:
 2768 0421 63685654 		.ascii	"chVTDoSetI\000"
 2768      446F5365 
 2768      744900
 2769              	.LASF156:
 2770 042c 646C6570 		.ascii	"dlep\000"
 2770      00
 2771              	.LASF8:
 2772 0431 5F5F696E 		.ascii	"__int32_t\000"
 2772      7433325F 
ARM GAS  C:\Users\acest\AppData\Local\Temp\ccvMP4Ad.s 			page 54


 2772      7400
 2773              	.LASF80:
 2774 043b 6C725F65 		.ascii	"lr_exc\000"
 2774      786300
 2775              	.LASF20:
 2776 0442 73746B61 		.ascii	"stkalign_t\000"
 2776      6C69676E 
 2776      5F7400
 2777              	.LASF115:
 2778 044d 69646C65 		.ascii	"idlethread_base\000"
 2778      74687265 
 2778      61645F62 
 2778      61736500 
 2779              	.LASF91:
 2780 045d 6C617374 		.ascii	"laststamp\000"
 2780      7374616D 
 2780      7000
 2781              	.LASF41:
 2782 0467 7265616C 		.ascii	"realprio\000"
 2782      7072696F 
 2782      00
 2783              	.LASF53:
 2784 0470 72666375 		.ascii	"rfcu_mask_t\000"
 2784      5F6D6173 
 2784      6B5F7400 
 2785              	.LASF96:
 2786 047c 74687265 		.ascii	"thread_reference_t\000"
 2786      61645F72 
 2786      65666572 
 2786      656E6365 
 2786      5F7400
 2787              	.LASF89:
 2788 048f 63685F76 		.ascii	"ch_virtual_timers_list\000"
 2788      69727475 
 2788      616C5F74 
 2788      696D6572 
 2788      735F6C69 
 2789              	.LASF0:
 2790 04a6 756E7369 		.ascii	"unsigned int\000"
 2790      676E6564 
 2790      20696E74 
 2790      00
 2791              	.LASF112:
 2792 04b3 63685F6F 		.ascii	"ch_os_instance_config\000"
 2792      735F696E 
 2792      7374616E 
 2792      63655F63 
 2792      6F6E6669 
 2793              	.LASF81:
 2794 04c9 706F7274 		.ascii	"port_context\000"
 2794      5F636F6E 
 2794      74657874 
 2794      00
 2795              	.LASF75:
 2796 04d6 706F7274 		.ascii	"port_extctx\000"
 2796      5F657874 
 2796      63747800 
ARM GAS  C:\Users\acest\AppData\Local\Temp\ccvMP4Ad.s 			page 55


 2797              	.LASF143:
 2798 04e2 74696D65 		.ascii	"time\000"
 2798      00
 2799              	.LASF128:
 2800 04e7 63685654 		.ascii	"chVTDoTickI\000"
 2800      446F5469 
 2800      636B4900 
 2801              	.LASF71:
 2802 04f3 7072696F 		.ascii	"prio\000"
 2802      00
 2803              	.LASF110:
 2804 04f8 63757272 		.ascii	"current\000"
 2804      656E7400 
 2805              	.LASF163:
 2806 0500 63685469 		.ascii	"chTimeAddX\000"
 2806      6D654164 
 2806      645800
 2807              	.LASF12:
 2808 050b 5F5F7569 		.ascii	"__uint64_t\000"
 2808      6E743634 
 2808      5F7400
 2809              	.LASF134:
 2810 0516 76745F69 		.ascii	"vt_insert_first\000"
 2810      6E736572 
 2810      745F6669 
 2810      72737400 
 2811              	.LASF159:
 2812 0526 63685F64 		.ascii	"ch_dlist_isfirst\000"
 2812      6C697374 
 2812      5F697366 
 2812      69727374 
 2812      00
 2813              	.LASF28:
 2814 0537 636F7265 		.ascii	"core_id_t\000"
 2814      5F69645F 
 2814      7400
 2815              	.LASF23:
 2816 0541 74726566 		.ascii	"trefs_t\000"
 2816      735F7400 
 2817              	.LASF83:
 2818 0549 76697274 		.ascii	"virtual_timer_t\000"
 2818      75616C5F 
 2818      74696D65 
 2818      725F7400 
 2819              	.LASF161:
 2820 0559 63685469 		.ascii	"chTimeDiffX\000"
 2820      6D654469 
 2820      66665800 
 2821              	.LASF25:
 2822 0565 6D73675F 		.ascii	"msg_t\000"
 2822      7400
 2823              	.LASF24:
 2824 056b 74707269 		.ascii	"tprio_t\000"
 2824      6F5F7400 
 2825              	.LASF138:
 2826 0573 63685379 		.ascii	"chSysUnlockFromISR\000"
 2826      73556E6C 
ARM GAS  C:\Users\acest\AppData\Local\Temp\ccvMP4Ad.s 			page 56


 2826      6F636B46 
 2826      726F6D49 
 2826      535200
 2827              	.LASF57:
 2828 0586 63685F73 		.ascii	"ch_system_debug\000"
 2828      79737465 
 2828      6D5F6465 
 2828      62756700 
 2829              	.LASF119:
 2830 0596 5F426F6F 		.ascii	"_Bool\000"
 2830      6C00
 2831              	.LASF16:
 2832 059c 696E7433 		.ascii	"int32_t\000"
 2832      325F7400 
 2833              	.LASF4:
 2834 05a4 756E7369 		.ascii	"unsigned char\000"
 2834      676E6564 
 2834      20636861 
 2834      7200
 2835              	.LASF125:
 2836 05b2 64656C61 		.ascii	"delay\000"
 2836      7900
 2837              	.LASF56:
 2838 05b8 72666375 		.ascii	"rfcu_t\000"
 2838      5F7400
 2839              	.LASF155:
 2840 05bf 63685F64 		.ascii	"ch_dlist_insert\000"
 2840      6C697374 
 2840      5F696E73 
 2840      65727400 
 2841              	.LASF5:
 2842 05cf 73686F72 		.ascii	"short int\000"
 2842      7420696E 
 2842      7400
 2843              	.LASF90:
 2844 05d9 6C617374 		.ascii	"lasttime\000"
 2844      74696D65 
 2844      00
 2845              	.LASF77:
 2846 05e2 78707372 		.ascii	"xpsr\000"
 2846      00
 2847              	.LASF106:
 2848 05e7 65776D61 		.ascii	"ewmask\000"
 2848      736B00
 2849              	.LASF21:
 2850 05ee 746D6F64 		.ascii	"tmode_t\000"
 2850      655F7400 
 2851              	.LASF144:
 2852 05f6 706F7274 		.ascii	"port_timer_stop_alarm\000"
 2852      5F74696D 
 2852      65725F73 
 2852      746F705F 
 2852      616C6172 
 2853              	.LASF124:
 2854 060c 5F5F6675 		.ascii	"__func__\000"
 2854      6E635F5F 
 2854      00
ARM GAS  C:\Users\acest\AppData\Local\Temp\ccvMP4Ad.s 			page 57


 2855              	.LASF84:
 2856 0615 63685F76 		.ascii	"ch_virtual_timer\000"
 2856      69727475 
 2856      616C5F74 
 2856      696D6572 
 2856      00
 2857              	.LASF107:
 2858 0626 63685F73 		.ascii	"ch_semaphore\000"
 2858      656D6170 
 2858      686F7265 
 2858      00
 2859              	.LASF126:
 2860 0633 63685654 		.ascii	"chVTGetTimeStampI\000"
 2860      47657454 
 2860      696D6553 
 2860      74616D70 
 2860      4900
 2861              	.LASF95:
 2862 0645 72656769 		.ascii	"registry_t\000"
 2862      73747279 
 2862      5F7400
 2863              	.LASF17:
 2864 0650 75696E74 		.ascii	"uint32_t\000"
 2864      33325F74 
 2864      00
 2865              	.LASF105:
 2866 0659 77746D74 		.ascii	"wtmtxp\000"
 2866      787000
 2867              	.LASF19:
 2868 0660 706F7274 		.ascii	"port_stkalign_t\000"
 2868      5F73746B 
 2868      616C6967 
 2868      6E5F7400 
 2869              	.LASF31:
 2870 0670 6F776E65 		.ascii	"owner\000"
 2870      7200
 2871              	.LASF82:
 2872 0676 72656773 		.ascii	"regs\000"
 2872      00
 2873              	.LASF135:
 2874 067b 63757272 		.ascii	"currdelta\000"
 2874      64656C74 
 2874      6100
 2875              	.LASF2:
 2876 0685 6C6F6E67 		.ascii	"long double\000"
 2876      20646F75 
 2876      626C6500 
 2877              	.LASF33:
 2878 0691 77616261 		.ascii	"wabase\000"
 2878      736500
 2879              	.LASF14:
 2880 0698 63686172 		.ascii	"char\000"
 2880      00
 2881              	.LASF86:
 2882 069d 66756E63 		.ascii	"func\000"
 2882      00
 2883              	.LASF51:
ARM GAS  C:\Users\acest\AppData\Local\Temp\ccvMP4Ad.s 			page 58


 2884 06a2 636F6E66 		.ascii	"config\000"
 2884      696700
 2885              	.LASF146:
 2886 06a9 706F7274 		.ascii	"port_unlock_from_isr\000"
 2886      5F756E6C 
 2886      6F636B5F 
 2886      66726F6D 
 2886      5F697372 
 2887              	.LASF29:
 2888 06be 74687265 		.ascii	"thread_t\000"
 2888      61645F74 
 2888      00
 2889              	.LASF85:
 2890 06c7 646C6973 		.ascii	"dlist\000"
 2890      7400
 2891              	.LASF60:
 2892 06cd 73797374 		.ascii	"systime_t\000"
 2892      696D655F 
 2892      7400
 2893              	.LASF88:
 2894 06d7 76746675 		.ascii	"vtfunc_t\000"
 2894      6E635F74 
 2894      00
 2895              	.LASF150:
 2896 06e0 5F5F7365 		.ascii	"__set_BASEPRI\000"
 2896      745F4241 
 2896      53455052 
 2896      4900
 2897              	.LASF58:
 2898 06ee 70616E69 		.ascii	"panic_msg\000"
 2898      635F6D73 
 2898      6700
 2899              	.LASF98:
 2900 06f8 70717565 		.ascii	"pqueue\000"
 2900      756500
 2901              	.LASF45:
 2902 06ff 63685F6F 		.ascii	"ch_os_instance\000"
 2902      735F696E 
 2902      7374616E 
 2902      636500
 2903              	.LASF43:
 2904 070e 6F735F69 		.ascii	"os_instance_t\000"
 2904      6E737461 
 2904      6E63655F 
 2904      7400
 2905              	.LASF48:
 2906 071c 7265676C 		.ascii	"reglist\000"
 2906      69737400 
 2907              	.LASF6:
 2908 0724 73686F72 		.ascii	"short unsigned int\000"
 2908      7420756E 
 2908      7369676E 
 2908      65642069 
 2908      6E7400
 2909              	.LASF70:
 2910 0737 63685F70 		.ascii	"ch_priority_queue\000"
 2910      72696F72 
ARM GAS  C:\Users\acest\AppData\Local\Temp\ccvMP4Ad.s 			page 59


 2910      6974795F 
 2910      71756575 
 2910      6500
 2911              	.LASF141:
 2912 0749 706F7274 		.ascii	"port_timer_get_time\000"
 2912      5F74696D 
 2912      65725F67 
 2912      65745F74 
 2912      696D6500 
 2913              	.LASF147:
 2914 075d 706F7274 		.ascii	"port_lock_from_isr\000"
 2914      5F6C6F63 
 2914      6B5F6672 
 2914      6F6D5F69 
 2914      737200
 2915              	.LASF154:
 2916 0770 646C6870 		.ascii	"dlhp\000"
 2916      00
 2917              	.LASF153:
 2918 0775 63685F64 		.ascii	"ch_dlist_remove_first\000"
 2918      6C697374 
 2918      5F72656D 
 2918      6F76655F 
 2918      66697273 
 2919              	.LASF114:
 2920 078b 6D61696E 		.ascii	"mainthread_end\000"
 2920      74687265 
 2920      61645F65 
 2920      6E6400
 2921              	.LASF131:
 2922 079a 76746675 		.ascii	"vtfunc\000"
 2922      6E6300
 2923              	.LASF117:
 2924 07a1 6F735F69 		.ascii	"os_instance_config_t\000"
 2924      6E737461 
 2924      6E63655F 
 2924      636F6E66 
 2924      69675F74 
 2925              	.LASF108:
 2926 07b6 63685F6D 		.ascii	"ch_mutex\000"
 2926      75746578 
 2926      00
 2927              	.LASF158:
 2928 07bf 63685F64 		.ascii	"ch_dlist_insert_after\000"
 2928      6C697374 
 2928      5F696E73 
 2928      6572745F 
 2928      61667465 
 2929              	.LASF46:
 2930 07d5 726C6973 		.ascii	"rlist\000"
 2930      7400
 2931              	.LASF15:
 2932 07db 75696E74 		.ascii	"uint8_t\000"
 2932      385F7400 
 2933              	.LASF35:
 2934 07e3 666C6167 		.ascii	"flags\000"
 2934      7300
ARM GAS  C:\Users\acest\AppData\Local\Temp\ccvMP4Ad.s 			page 60


 2935              	.LASF142:
 2936 07e9 706F7274 		.ascii	"port_timer_set_alarm\000"
 2936      5F74696D 
 2936      65725F73 
 2936      65745F61 
 2936      6C61726D 
 2937              	.LASF139:
 2938 07fe 63685379 		.ascii	"chSysLockFromISR\000"
 2938      734C6F63 
 2938      6B46726F 
 2938      6D495352 
 2938      00
 2939              	.LASF169:
 2940 080f 63685654 		.ascii	"chVTResetTimeStampI\000"
 2940      52657365 
 2940      7454696D 
 2940      65537461 
 2940      6D704900 
 2941              	.LASF162:
 2942 0823 73746172 		.ascii	"start\000"
 2942      7400
 2943              	.LASF133:
 2944 0829 76745F65 		.ascii	"vt_enqueue\000"
 2944      6E717565 
 2944      756500
 2945              	.LASF97:
 2946 0834 6C697374 		.ascii	"list\000"
 2946      00
 2947              	.LASF149:
 2948 0839 706F7274 		.ascii	"port_lock\000"
 2948      5F6C6F63 
 2948      6B00
 2949              	.LASF116:
 2950 0843 69646C65 		.ascii	"idlethread_end\000"
 2950      74687265 
 2950      61645F65 
 2950      6E6400
 2951              	.LASF40:
 2952 0852 6D74786C 		.ascii	"mtxlist\000"
 2952      69737400 
 2953              	.LASF157:
 2954 085a 63685F64 		.ascii	"ch_dlist_insert_before\000"
 2954      6C697374 
 2954      5F696E73 
 2954      6572745F 
 2954      6265666F 
 2955              	.LASF152:
 2956 0871 63685F64 		.ascii	"ch_dlist_dequeue\000"
 2956      6C697374 
 2956      5F646571 
 2956      75657565 
 2956      00
 2957              		.text
 2958              		.section	.gnu.lto_.profile.b3bfb553,"e",%progbits
 2959 0000 789C6361 		.ascii	"x\234ca\000\002FN\006\000\000=\000\017"
 2959      0002464E 
 2959      0600003D 
ARM GAS  C:\Users\acest\AppData\Local\Temp\ccvMP4Ad.s 			page 61


 2959      000F
 2960              		.text
 2961              		.section	.gnu.lto_.icf.b3bfb553,"e",%progbits
 2962 0000 789C7361 		.ascii	"x\234sa@\000n\206\017\317\016.\341a<\360\367\3603^\246"
 2962      40006E86 
 2962      0FCF0E2E 
 2962      E1613CF0 
 2962      F7F0335E 
 2963 0015 2553F71D 		.ascii	"%S\367\035\344gn\277\335\326\302\310r\277\377\341\033"
 2963      E4676EBF 
 2963      DDD6C2C8 
 2963      72BFFFE1 
 2963      1B
 2964 0026 5EB67F47 		.ascii	"^\266\177G\257\336ag\237\270h\336f\036\216\235Gv/`\345"
 2964      AFDE6167 
 2964      9FB868DE 
 2964      661E8E9D 
 2964      47762F60 
 2965 003b 6C7A3A7D 		.ascii	"lz:}+\013W\363\371\037\207\230\270?\237\374>\227\227"
 2965      2B0B57F3 
 2965      F91F8798 
 2965      B83F9FFC 
 2965      3E9797
 2966 004e 01009FED 		.ascii	"\001\000\237\355!\315"
 2966      21CD
 2967              		.text
 2968              		.section	.gnu.lto_.ipa_sra.b3bfb553,"e",%progbits
 2969 0000 789C654E 		.ascii	"x\234eNI\022\300 \010#\310\330\305K\237l\373r\2012\226"
 2969      4912C020 
 2969      0823C8D8 
 2969      C54B9F6C 
 2969      FB728132 
 2970 0015 B11CD084 		.ascii	"\261\034\320\204\204p\201f5*\224J'\020Z\012\004\200"
 2970      84708166 
 2970      352A944A 
 2970      27105A0A 
 2970      0480
 2971 0027 F5657EEA 		.ascii	"\365e~\352\307:P\356\265\251\306@\347$0\200R\346\032"
 2971      C73A50EE 
 2971      B5A9C640 
 2971      E7243080 
 2971      52E61A
 2972 003a 6B8E6039 		.ascii	"k\216`9\354\233=\015w\012\325\231H\366$_\2270\327\377"
 2972      EC9B3D0D 
 2972      770AD599 
 2972      48F6245F 
 2972      9730D7FF 
 2973 004e 958B6243 		.ascii	"\225\213bC\334n}w\240\212\303\031\004\037\227\2376i"
 2973      DC6E7D77 
 2973      A08AC319 
 2973      041F979F 
 2973      3669
 2974 0060 FE1FA23B 		.ascii	"\376\037\242;\004a"
 2974      0461
 2975              		.text
 2976              		.section	.gnu.lto_.inline.b3bfb553,"e",%progbits
 2977 0000 789C9552 		.ascii	"x\234\225R=K#Q\024=\357\336\211\216\023\025\203k\243"
ARM GAS  C:\Users\acest\AppData\Local\Temp\ccvMP4Ad.s 			page 62


 2977      3D4B2351 
 2977      143DEFDE 
 2977      898E1315 
 2977      836BA3
 2978 0013 1669F70F 		.ascii	"\026i\367\017X\357/\230\312\037\260~D#\372\027\004\233"
 2978      58EF2F98 
 2978      CA1FB07E 
 2978      4423FA17 
 2978      049B
 2979 0025 2804928C 		.ascii	"(\004\222\214\225\010\013kP\026\321\354&\235 \2106b"
 2979      95080B6B 
 2979      5016D1EC 
 2979      269D2088 
 2979      3662
 2980 0037 6125EC6E 		.ascii	"a%\354n!\012\212\210\225\235\202V\331{\337\233\231h"
 2980      210A8A88 
 2980      959D8256 
 2980      D97BDF9B 
 2980      9968
 2981 0049 769B9D84 		.ascii	"v\233\235\204y\227{\357\234s\356=o\231\221>Y`\370\271"
 2981      79977BEF 
 2981      9C73EE3D 
 2981      6F99913E 
 2981      5960F8B9 
 2982 005d DD7EE0A2 		.ascii	"\335~\340\24210;R\221\2777*\251c.\002\301\212<T \020"
 2982      31303B52 
 2982      91BF372A 
 2982      A9632E02 
 2982      C18A3C54 
 2983 0073 8C0DA709 		.ascii	"\214\015\247\011^\032\303\263\030\006\240(\224c\254"
 2983      5E1AC3B3 
 2983      1806A028 
 2983      9463AC
 2984 0082 592BDD53 		.ascii	"Y+\335S\321d\024\311hEN\262-12K\240\354$\247~\3343R"
 2984      D16414C9 
 2984      68454EB2 
 2984      2D31324B 
 2984      A0EC24A7 
 2985 009a 3BBBABD3 		.ascii	";\273\253\323\234\010\021\304\255.\246\241\016\323\020"
 2985      9C0811C4 
 2985      AD2EA6A1 
 2985      0ED310
 2986 00a9 C84633C8 		.ascii	"\310F3\310\247\321g\005\312Z\001\224\025:#\"\02216\021"
 2986      A7D16705 
 2986      CA5A0194 
 2986      153A2322 
 2986      12313611 
 2987 00bd 57A39090 		.ascii	"W\243\220\220k\325J\337E\2321\261\002\036\374Z=\333"
 2987      6BD54ADF 
 2987      459A31B1 
 2987      021EFC5A 
 2987      3DDB
 2988 00cf E68268B0 		.ascii	"\346\202h\260p\263\312\234 {\035\344\277\020\035\021"
 2988      70B3CA9C 
 2988      207B1DE4 
 2988      BF101D11 
 2989 00df 63FCE75A 		.ascii	"c\374\347Z\371X\020\251{X\372Pm\036\356\352L\376\345"
ARM GAS  C:\Users\acest\AppData\Local\Temp\ccvMP4Ad.s 			page 63


 2989      F95810A9 
 2989      7B58FA50 
 2989      6D1EEEEA 
 2989      4CFEE5
 2990 00f2 8FAB5787 		.ascii	"\217\253W\207,K\035P\326(\214\302Z\310\375\260\240Q"
 2990      2C4B1D50 
 2990      D6288CC2 
 2990      5AC8FDB0 
 2990      A051
 2991 0104 9819D492 		.ascii	"\230\031\324\222F\372\263\234\302\036\330e\314\313\\"
 2991      46FAB39C 
 2991      C21ED865 
 2991      CCCB5C
 2992 0113 AC8A7806 		.ascii	"\254\212x\006\350\223\363\204\337aA?\351\371\237\346"
 2992      E893F384 
 2992      DF61413F 
 2992      E9F99FE6 
 2993 0123 5E7CDCFC 		.ascii	"^|\334\374\262Z\341y\343\341\2155\014\376\224x\224\357"
 2993      B25AE179 
 2993      E3E18D35 
 2993      0CFE9478 
 2993      94EF
 2994 0135 98E54FEC 		.ascii	"\230\345O\354\227o\277\261\016\242x\361\212.\016^~\361"
 2994      976FBFB1 
 2994      0EA278F1 
 2994      8A2E0E5E 
 2994      7EF1
 2995 0147 14C14F63 		.ascii	"\024\301Oc\3700\353\225\223\015\232r\226\271X,K\263"
 2995      F830EB95 
 2995      930D9A72 
 2995      96B9582C 
 2995      4BB3
 2996 0159 F94E36AF 		.ascii	"\371N6\257b\322\361\335\300&\320\267\217\341\353\372"
 2996      62D2F1DD 
 2996      C026D0B7 
 2996      8FE1EBFA 
 2997 0169 518316DC 		.ascii	"Q\203\026\334M\264\253\034\257^<VhAL*\245&\305\326\240"
 2997      4DB4AB1C 
 2997      AF5E3C56 
 2997      68414C2A 
 2997      A526C5D6 
 2998 017e 0FA768D5 		.ascii	"\017\247h\325\177\237\363\222\214>\271\367\324(\361"
 2998      7F9FF392 
 2998      8C3EB9F7 
 2998      D428F1
 2999 018d E23B37DF 		.ascii	"\342;7\337\022y\003&Y\202[9\222\215\233\364\376ho|\225"
 2999      12790326 
 2999      59825B39 
 2999      928D9BF4 
 2999      FE686F7C 
 3000 01a2 0347A3EF 		.ascii	"\003G\243\357L\216b\214\300^\322\226]u\277]u\241\213"
 3000      4C8E628C 
 3000      C05ED296 
 3000      5D75BF5D 
 3000      75A18B
 3001 01b5 CF09CBA2 		.ascii	"\317\011\313\242Wr7<'}\236+\377\263\017\177\000\277"
 3001      5772373C 
ARM GAS  C:\Users\acest\AppData\Local\Temp\ccvMP4Ad.s 			page 64


 3001      277D9E2B 
 3001      FFB30F7F 
 3001      00BF
 3002 01c7 C0ADAF   		.ascii	"\300\255\257"
 3003              		.text
 3004              		.section	.gnu.lto_.jmpfuncs.b3bfb553,"e",%progbits
 3005 0000 789C9D94 		.ascii	"x\234\235\224\301N\3030\014\206\375\331\245\313\266"
 3005      C14EC330 
 3005      0C86FDD9 
 3005      A5CBB6
 3006 000f C33871E6 		.ascii	"\3038q\346\021x\302\365\302\023pf\267\012\361\000\003"
 3006      1178C2F5 
 3006      C2137066 
 3006      B70AF100 
 3006      03
 3007 0020 8106128F 		.ascii	"\201\006\022\217\305\015\234\264k\273\206A\204%\313"
 3007      C50D9CB4 
 3007      6BBB8641 
 3007      8425CB
 3008 002f 8D63FFF6 		.ascii	"\215c\377\366\357&\271\252d\220\265\030\260hZ\223^\315"
 3008      EF26B9AA 
 3008      6490B518 
 3008      B0685A93 
 3008      5ECD
 3009 0041 77F9A810 		.ascii	"w\371\250\020W\320;k\355\002\351\014\312\023i7E\010"
 3009      57D03B6B 
 3009      ED02E90C 
 3009      CA136937 
 3009      4508
 3010 0053 31848D67 		.ascii	"1\204\215g\341\252\256UD\320\224U3\015\325\021\365\313"
 3010      E1AAAE55 
 3010      44D09455 
 3010      330DD511 
 3010      F5CB
 3011 0065 6523A765 		.ascii	"e#\247e\330\343\3203\370<I\025l,\303\3634\374_\210v"
 3011      D8E3D033 
 3011      F83C4915 
 3011      6C2CC3F3 
 3011      34FC5F88 
 3012 007a E47F6460 		.ascii	"\344\177d`u\210\2039\215\012\302\334\365\013\237\336"
 3012      75888339 
 3012      8D0AC2DC 
 3012      F50B9FDE 
 3013 008a B1CD8A85 		.ascii	"\261\315\212\205j\233\347m\377\206\316\221\244\032F"
 3013      6A9BE76D 
 3013      FF86CE91 
 3013      A41A46
 3014 0099 AF78D36E 		.ascii	"\257x\323n#\211P\333\215\264\266|4\331\331\224\306g"
 3014      238950DB 
 3014      8DB4B67C 
 3014      34D9D994 
 3014      C667
 3015 00ab CCEAFEA6 		.ascii	"\314\352\376\246@g\022RYG\365X\255)\257\306\013\274"
 3015      40671252 
 3015      5947F558 
 3015      AD29AFC6 
 3015      0BBC
ARM GAS  C:\Users\acest\AppData\Local\Temp\ccvMP4Ad.s 			page 65


 3016 00bd 525661E1 		.ascii	"RVa\341\370\021>\033c\276\016}\250,%\237z\326\271\335"
 3016      F8113E1B 
 3016      63BE0E7D 
 3016      A82C259F 
 3016      7AD6B9DD 
 3017 00d1 5BE20B97 		.ascii	"[\342\013\227\376u\213\266\266\362\206\305\027\017\304"
 3017      FE758BB6 
 3017      B6F286C5 
 3017      170FC4
 3018 00e0 EE798303 		.ascii	"\356y\203\003\022\231\254ygg\234c2\303>\343\226P2\225"
 3018      1299AC79 
 3018      67679C63 
 3018      32C33EE3 
 3018      96503295 
 3019 00f4 42ACFC02 		.ascii	"B\254\374\002tWK\223_\273C\375\363\301\3373xE\012&\325"
 3019      74574B93 
 3019      5FBB43FD 
 3019      F3C1DF33 
 3019      78450A26 
 3020 0109 5CAFD283 		.ascii	"\\\257\322\203\340\362\015\212\370\010\254"
 3020      E0F20D8A 
 3020      F808AC
 3021              		.text
 3022              		.section	.gnu.lto_.pureconst.b3bfb553,"e",%progbits
 3023 0000 789C05C1 		.ascii	"x\234\005\301\211\001\000\020\000\003\261\342\374[\330"
 3023      89010010 
 3023      0003B1E2 
 3023      FC5BD8
 3024 000f 5A27C174 		.ascii	"Z'\301t\222%i\312\004\023\017i\203)\246\232v\351/\017"
 3024      922569CA 
 3024      04130F69 
 3024      8329A69A 
 3024      76E92F0F 
 3025 0023 33CD0782 		.ascii	"3\315\007\202\012\007\222"
 3025      0A0792
 3026              		.text
 3027              		.section	.gnu.lto_.lto.b3bfb553,"e",%progbits
 3028 0000 09000400 		.ascii	"\011\000\004\000\001\000\000\000"
 3028      01000000 
 3029              		.text
 3030              		.section	.gnu.lto_ch_dlist_insert.37.b3bfb553,"e",%progbits
 3031 0000 789C7D55 		.ascii	"x\234}UKL\\e\024\376\277\373\337{g\2400W\001\0232.$"
 3031      4B4C5C65 
 3031      14FEBFFB 
 3031      DF7B67A0 
 3031      30570113 
 3032 0017 1AA3DD10 		.ascii	"\032\243\335\020)Q[\331te\\\270q\2451l\332\031\032H"
 3032      29515BD9 
 3032      74655CB8 
 3032      71A5316C 
 3032      DA191A48 
 3033 002b 264284BA 		.ascii	"&B\204\272\355\025(&\364A\207\3268\343\203\230q\322"
 3033      ED152826 
 3033      F44187D6 
 3033      38E38398 
 3033      71D2
 3034 003d D0B8B093 		.ascii	"\320\270\260\223I-Pj\307>\0065\264\032\233\206\030E"
ARM GAS  C:\Users\acest\AppData\Local\Temp\ccvMP4Ad.s 			page 66


 3034      492D506A 
 3034      C73E0635 
 3034      B41A9B86 
 3034      1845
 3035 004f DBB9C640 		.ascii	"\333\271\306@\243\206t\2436M\3539\347\316\343\216\245"
 3035      A38674A3 
 3035      364DEB39 
 3035      E7CEE38E 
 3035      A5
 3036 0060 4EC23FE7 		.ascii	"N\302?\347\376\347\373\316w^w\310\333J\275\256\224\212"
 3036      FEE7FBCE 
 3036      775E77C8 
 3036      DB4ABDAE 
 3036      948A
 3037 0072 D31F6C85 		.ascii	"\323\037l\205\351\344\244\241\\\327\335\0312p,9\271"
 3037      E9E4A4A1 
 3037      5CD7DD19 
 3037      32702C39 
 3037      B9
 3038 0083 74F09317 		.ascii	"t\360\223\027q\016r\241q,Wq\232\306X\362\200A\236\374"
 3038      710E72A1 
 3038      712C5771 
 3038      9AC658F2 
 3038      80419EFC 
 3039 0097 6FCB3BCC 		.ascii	"o\313;\314\375\311\310\345t\3366-\274\235\234\\9\374"
 3039      FDC9C8E5 
 3039      74DE362D 
 3039      BC9D9C5C 
 3039      39FC
 3040 00a9 8440A0F6 		.ascii	"\204@\240\366\031\232\256\366\031\246\252}\216\352\255"
 3040      199AAEF6 
 3040      19A6AA7D 
 3040      8EEAAD
 3041 00b8 E4FD7BFC 		.ascii	"\344\375{\374\247\324k\356l\001Y\255\324\214.\373>\324"
 3041      A7D46BEE 
 3041      6C0159AD 
 3041      D48C2EFB 
 3041      3ED4
 3042 00ca 98D6590D 		.ascii	"\230\326Y\015\230e\313@\007Y\3729\365T\301u\277\373"
 3042      9865CB40 
 3042      0759FA39 
 3042      F554C175 
 3042      BFFB
 3043 00dc 63CE751B 		.ascii	"c\316u\033TVk\234\006q\3609p\012\212/z\322Q\306\275"
 3043      54566B9C 
 3043      0671F039 
 3043      700A8A2F 
 3043      7AD251C6 
 3044 00f1 2CB893F3 		.ascii	",\270\223\363\271\241\227\0305\377_\324qA\275\"\250"
 3044      B9A19718 
 3044      35FF5FD4 
 3044      7141BD22 
 3044      A8
 3045 0102 8D85DCAC 		.ascii	"\215\205\334\254\007\267%\253M\234\251\007\232=\371"
 3045      07B725AB 
 3045      4D9CA907 
 3045      9A3DF9
ARM GAS  C:\Users\acest\AppData\Local\Temp\ccvMP4Ad.s 			page 67


 3046 0111 A824A35F 		.ascii	"\250$\243_\345\363IF\237\311\235\274\001w\332\005\007"
 3046      E5F34946 
 3046      9FC99DBC 
 3046      0177DA05 
 3046      07
 3047 0122 3E1BC42B 		.ascii	">\033\304+\325S\210R\343\276\200_\010\210bsQ@\001\314"
 3047      D5538852 
 3047      E3BE805F 
 3047      08886273 
 3047      514001CC 
 3048 0136 17B583B9 		.ascii	"\027\265\203\271\015_\315O\036e6\276\344\200=\377D+"
 3048      0D5FCD4F 
 3048      1E6536BE 
 3048      E4803DFF 
 3048      442B
 3049 0148 3A73419D 		.ascii	":sA\235`\231\204\364;$\341\016\325\302\235\015\206\273"
 3049      609984F4 
 3049      3B24E10E 
 3049      D5C29D0D 
 3049      86BB
 3050 015a 20E1261E 		.ascii	" \341&\036\3354\\0mB\006\302\035\316\375\032\354E5\334"
 3050      DD345C30 
 3050      6D4206C2 
 3050      1DCEFD1A 
 3050      EC4535DC 
 3051 016e 2570378E 		.ascii	"%p7\216n\026\256\276k\204\364\303\331<\334\337S6\212"
 3051      6E16AEBE 
 3051      6B84F4C3 
 3051      D93CDCDF 
 3051      53368A
 3052 0181 C045E03C 		.ascii	"\300E\340<\271\316qDE-\301\222\264\204\220\240n}\366"
 3052      B9CE7144 
 3052      452DC192 
 3052      B48490A0 
 3052      6E7DF6
 3053 0194 BD5570EF 		.ascii	"\275Up\357\334\233r\335\225\003H~\373\351\322\303Q\362"
 3053      DC9B72DD 
 3053      9503487E 
 3053      FBE9D2C3 
 3053      51F2
 3054 01a6 2DC2E056 		.ascii	"-\302\340V\232lY4\013\313\246\303\016\321\021\012\363"
 3054      9A6C5934 
 3054      0BCBA6C3 
 3054      0ED1110A 
 3054      F3
 3055 01b7 C1F3B71A 		.ascii	"\301\363\267\032\371\330\002\314\241\211\301\315 p\004"
 3055      F9D802CC 
 3055      A189C1CD 
 3055      207004
 3056 01c6 5880C38F 		.ascii	"X\200\303\217-\314me\253\215\247\256\324\224Vk\313\351"
 3056      2DCC6D65 
 3056      AB8DA7AE 
 3056      D494566B 
 3056      CBE9
 3057 01d8 6EB805A5 		.ascii	"n\270\005\245\216hC\3541\262o\302-\375Uj\227\357\273"
 3057      8E6843EC 
 3057      31B26FC2 
ARM GAS  C:\Users\acest\AppData\Local\Temp\ccvMP4Ad.s 			page 68


 3057      2DFD556A 
 3057      97EFBB
 3058 01eb BBD59F18 		.ascii	"\273\325\237\030]\\\327\031\335T^>-\323;\316\273\277"
 3058      5D5CD719 
 3058      DD545E3E 
 3058      2DD33BCE 
 3058      BBBF
 3059 01fd 16C9EA70 		.ascii	"\026\311\352pFo\301\327P\317\320s\230\275\337\340#Y"
 3059      466FC1D7 
 3059      50CFD073 
 3059      98BDDFE0 
 3059      2359
 3060 020f DC9B18FD 		.ascii	"\334\233\030\375\330!5bJ\250\244\327\256XH\247\351\335"
 3060      D8213562 
 3060      4AA8A4D7 
 3060      AE5848A7 
 3060      E9DD
 3061 0221 D0AC64F1 		.ascii	"\320\254d\361\365\273\336\323\354~\274z\224R1\322\034"
 3061      F5BBDED3 
 3061      EC7EBC7A 
 3061      945231D2 
 3061      1C
 3062 0232 9B995825 		.ascii	"\233\231X%jKF\323iq\260\016J\237.\004\362\001\221$\257"
 3062      6A4B46D3 
 3062      6971B00E 
 3062      4A9F2E04 
 3062      F2019124 
 3063 0247 A68C6EAD 		.ascii	"\246\214n\255d3\353H6F]6\313\201l\272%\233V\311\302"
 3063      6433EB48 
 3063      36465D36 
 3063      CB816CBA 
 3063      259B56C9 
 3064 025c 24806B96 		.ascii	"$\200k\226\353\035\335\251\304e\220m\210\014D\346\210"
 3064      EB1DDDA9 
 3064      C465906D 
 3064      880C44E6 
 3064      88
 3065 026d 17A63189 		.ascii	"\027\2461\211\322\211fJ\243\242\024\276O\310\304\025"
 3065      D289664A 
 3065      A3A214BE 
 3065      4FC8C415 
 3066 027d 12E26153 		.ascii	"\022\342aS\352\013\357P\004\273\2349\221\357\360s\210"
 3066      EA0BEF50 
 3066      04BB9C39 
 3066      91EFF073 
 3066      88
 3067 028e AED406F6 		.ascii	"\256\324\006\366wdtx\034vV7\314\220\236\"\00775\004"
 3067      77647478 
 3067      1C765637 
 3067      CC909E22 
 3067      07373504 
 3068 02a2 DA9D46B5 		.ascii	"\332\235F\265\216\361\365\013{\010\341\337\311\333\177"
 3068      8EF1F50B 
 3068      7B08E1DF 
 3068      C9DB7F
 3069 02b1 1BC46EA6 		.ascii	"\033\304n\246\037\013*^_I\027\017\201r\272\015\203\372"
 3069      1F0B2A5E 
ARM GAS  C:\Users\acest\AppData\Local\Temp\ccvMP4Ad.s 			page 69


 3069      5F49170F 
 3069      8172BA0D 
 3069      83FA
 3070 02c3 6ADC7DAF 		.ascii	"j\334}\257H\223i\325?\247\213MT\224U7\303\274\327\356"
 3070      489369D5 
 3070      3FA78B4D 
 3070      54945537 
 3070      C3BCD7EE 
 3071 02d7 F7ED3C05 		.ascii	"\367\355<\005p|\363\"\231\021\337,\222i2\320K\227\256"
 3071      707CF322 
 3071      9911DF2C 
 3071      926932D0 
 3071      4B97AE
 3072 02ea B7D0120A 		.ascii	"\267\320\022\012)WJ\001_I\315\357\257?\"\005+\2516R"
 3072      29574A01 
 3072      5F49CDEF 
 3072      AF3F2205 
 3072      2BA93652 
 3073 02fe A9765673 		.ascii	"\251vVs\271W\245\\b\225\203\224\362\2641\377O\322\270"
 3073      B957A55C 
 3073      62958394 
 3073      F2B431FF 
 3073      4FD2B8
 3074 0311 26C31092 		.ascii	"&\303\020\222#\244S>i\361\304c\031\335\026\3409u3\\"
 3074      23A4533E 
 3074      69F1C463 
 3074      19DD16E0 
 3074      3975335C 
 3075 0325 219AC134 		.ascii	"!\232\3014\306nL\256\032\017V\370\241\002\245x\242p"
 3075      C66E4CAE 
 3075      1A0F56F8 
 3075      A102A578 
 3075      A270
 3076 0337 7AB3B4DA 		.ascii	"z\263\264\332\252\244\010\223~\254\245\025\021\322\374"
 3076      AAA40893 
 3076      7EACA515 
 3076      11D2FC
 3077 0346 66A46A4E 		.ascii	"f\244jNk\242\264ZS\222\206^\317{)\236\014\277\333\225"
 3077      6BA2B45A 
 3077      5392865E 
 3077      CF7B299E 
 3077      0CBFDB95 
 3078 035a 5EAB4AA7 		.ascii	"^\253J\247\375\201\314\305\374b\235\214n\250_%?6\377"
 3078      FD81CCC5 
 3078      FC629D8C 
 3078      6EA85F25 
 3078      3F36FF
 3079 036d C6E297DA 		.ascii	"\306\342\227\332\036\315LP\360F\002s\217\245t<\220v"
 3079      1ECD4C50 
 3079      F0460273 
 3079      8FA5743C 
 3079      9076
 3080 037f C3A7115E 		.ascii	"\303\247\021^\244\256zR\301\2555\247\372\256\352\373"
 3080      A4AE7A52 
 3080      C1AD35A7 
 3080      FAAEEAFB 
 3081 038f DE55139E 		.ascii	"\336U\023\236\317\342m\263p\217>\216\272E\245\\\363"
ARM GAS  C:\Users\acest\AppData\Local\Temp\ccvMP4Ad.s 			page 70


 3081      CFE26DB3 
 3081      708F3E8E 
 3081      BA45A55C 
 3081      F3
 3082 03a0 C2FEE699 		.ascii	"\302\376\346\231\264\304\246I\006\245\314\377\256\246"
 3082      B4C4A649 
 3082      06A5CCFF 
 3082      AEA6
 3083 03ae 3464C546 		.ascii	"4d\305F\013\354\357\216\275\320\033\353\037\330=0<\262"
 3083      0BECEF8E 
 3083      BDD01BEB 
 3083      1FD83D30 
 3083      3CB2
 3084 03c0 373E30E8 		.ascii	"7>0\350\333\203\303\333\272\272\272z\007\207{\337\034"
 3084      DB83C3DB 
 3084      BABABA7A 
 3084      07877BDF 
 3084      1C
 3085 03d1 E91D7823 		.ascii	"\351\035x#\226\330\033\357#O\202@\303\235\375\312\214"
 3085      96D81BEF 
 3085      234F8240 
 3085      C39DFDCA 
 3085      8C
 3086 03e2 27FA871E 		.ascii	"'\372\207\036\212\365\2775\322\031\353\334\376\374\266"
 3086      8AF5BF35 
 3086      D219EBDC 
 3086      FEFCB6
 3087 03f1 1DDB77ED 		.ascii	"\035\333w\355y\226o\373\206\254x_bd\227\216'\206\376"
 3087      79966FFB 
 3087      86AC785F 
 3087      6264978E 
 3087      2786FE
 3088 0404 052CCC3C 		.ascii	"\005,\314<\306"
 3088      C6
 3089              		.text
 3090              		.section	.gnu.lto_vt_set_alarm.335.b3bfb553,"e",%progbits
 3091 0000 789C9555 		.ascii	"x\234\225Ukl\024U\024\276g\356\354\354n\351+\030\322"
 3091      6B6C1455 
 3091      14BE67EE 
 3091      ECEC6EE9 
 3091      2B18D2
 3092 0013 86F8A3D1 		.ascii	"\206\370\243\321\030\243\321\255\205\020\240\306D\203"
 3092      18A3D1AD 
 3092      8510A0C6 
 3092      4483
 3093 0021 AFBFBEFE 		.ascii	"\257\277\276\376m$\313vMW\327.\231\235B\370a\034\332"
 3093      6D24CB76 
 3093      4D57D72E 
 3093      999D42F8 
 3093      611CDA
 3094 0034 A5354528 		.ascii	"\2455E(\245\006\212\264K]\032cb\242\001\202}\002\013"
 3094      A5068AB4 
 3094      4B5D1A63 
 3094      62A20182 
 3094      7D020B
 3095 0047 55D64A4B 		.ascii	"U\326JKy\264\362\350K\250\212\250\241MAlJ\261\236s\357"
 3095      79B4F2E8 
ARM GAS  C:\Users\acest\AppData\Local\Temp\ccvMP4Ad.s 			page 71


 3095      4BA88AA8 
 3095      A14D416C 
 3095      4AB19E73 
 3096 005c 4C774B1A 		.ascii	"LwK\032\0237\335\271g\316\375\316w\316\371\356\271\333"
 3096      1337DDB9 
 3096      67CEFDCE 
 3096      77CEF9EE 
 3096      B9DB
 3097 006e 2F9D8CBD 		.ascii	"/\235\214\275\015\214U3\306\300\305`w]\215\302L\323"
 3097      0D8C5533 
 3097      C6C0C560 
 3097      775D8DC2 
 3097      4CD3
 3098 0080 7CDEA9C0 		.ascii	"|\336\251\300Cb\345\312\266\272\355\012\034\203#\277"
 3098      4362E5CA 
 3098      B6BAED0A 
 3098      1C8323BF 
 3099 0090 F6AE55A3 		.ascii	"\366\256U\243u;\025\350\206\276}G4U\205\372C5\375\373"
 3099      753B15E8 
 3099      86BE7D47 
 3099      345585FA 
 3099      4335FDFB 
 3100 00a4 CFA9B829 		.ascii	"\317\251\270)\240\016\245\252nI\315W\265\313\324\352"
 3100      A00EA5AA 
 3100      6E49CD57 
 3100      B5CBD4EA 
 3101 00b4 BAECBBE7 		.ascii	"\272\354\273\347'\237T5\330;O\350\204\255u5\023\007"
 3101      279F5435 
 3101      D83B4FE8 
 3101      84AD7535 
 3101      1307
 3102 00c6 1EB1D1C0 		.ascii	"\036\261\321\300>T\270\352\320\234\200+K}\352\371\023"
 3102      3E54B8EA 
 3102      D09C802B 
 3102      4B7DEAF9 
 3102      13
 3103 00d7 B83FFDCB 		.ascii	"\270?\375\313\336\035\007\235\346\027\011h\301\315\230"
 3103      DE1D079D 
 3103      E6170968 
 3103      C1CD98
 3104 00e6 0D68E4B0 		.ascii	"\015h\344\260\233\267p\000\325\262\024(@\213\227\262"
 3104      9BB77000 
 3104      D5B21428 
 3104      408B97B2 
 3105 00f6 C713A679 		.ascii	"\307\023\246y\256\267\3154\335\254\205sh\005\214\201"
 3105      AEB7CD34 
 3105      DDAC8573 
 3105      68058C81 
 3106 0106 6F008E62 		.ascii	"o\000\216bw\350\010\215\345\021\356\003\211\233\260"
 3106      77E8088D 
 3106      E511EE03 
 3106      899BB0
 3107 0115 702AB42F 		.ascii	"p*\264/\304\251\241?\362D\026^\011\264<\206\350\311"
 3107      C4A9A13F 
 3107      F244165E 
 3107      09B43C86 
 3107      E8C9
ARM GAS  C:\Users\acest\AppData\Local\Temp\ccvMP4Ad.s 			page 72


 3108 0127 9D076BB2 		.ascii	"\235\007k\262wmu\021\2743\035\316X\350\357<\215A\027"
 3108      776D7511 
 3108      BC331DCE 
 3108      58E8EF3C 
 3108      8D4117
 3109 013a C802A926 		.ascii	"\310\002\251&\215\212\0058.\242\371\216\024I\347x\265"
 3109      8D8A0538 
 3109      2EA2F98E 
 3109      1449E778 
 3109      B5
 3110 014b 24E170E2 		.ascii	"$\341p\342\001\222]\371\204\375$\205\355\030\237Ox\362"
 3110      01925DF9 
 3110      84FD2485 
 3110      ED189F4F 
 3110      78F2
 3111 015d 016C345F 		.ascii	"\001l4_$\201S\000\011`\250%\013U\212\360&\021N\335M"
 3111      24815300 
 3111      0960A825 
 3111      0B558AF0 
 3111      26114EDD 
 3112 0172 7FBA7DA6 		.ascii	"\177\272}\246/\257\321L\250\224\354[\240z$\001|\007"
 3112      2FAFD14C 
 3112      A894EC5B 
 3112      A07A2401 
 3112      7C07
 3113 0184 24C5D587 		.ascii	"$\305\325\207\255D\323\307o6\024#0Z`#Y\012)\325\346"
 3113      AD44D3C7 
 3113      6F361423 
 3113      305A6023 
 3113      590A29D5 
 3114 0199 97D379EF 		.ascii	"\227\323y\357\365-\227\274*$\323y\277\007\222\356\306"
 3114      F52D97BC 
 3114      2A24D379 
 3114      BF0792EE 
 3114      C6
 3115 01aa 62BC12C9 		.ascii	"b\274\022\311RH\311\253\341\031\267\215\275\006=\000"
 3115      5248C9AB 
 3115      E119B78D 
 3115      BD063D00 
 3116 01ba A7D1DD4D 		.ascii	"\247\321\335Ml\014\305\203\037l\361\204\222\012\364"
 3116      6C0CC583 
 3116      1F6CF184 
 3116      920AF4
 3117 01c9 4A25AFA5 		.ascii	"J%\257\245\312h\254=3\276\334n\257\017\010d\221\237"
 3117      CA68AC3D 
 3117      33BEDC6E 
 3117      AF0F0864 
 3117      919F
 3118 01db 15ED0DE4 		.ascii	"\025\355\015\344/\332^_z\031g\037(\243\337\252A\021"
 3118      2FDA5E5F 
 3118      7A19671F 
 3118      28A3DFAA 
 3118      4111
 3119 01ed 359C032B 		.ascii	"5\234\003+\255\250\201\303\005\230\307\336\270\306%"
 3119      ADA881C3 
 3119      0598C7DE 
 3119      B8C625
ARM GAS  C:\Users\acest\AppData\Local\Temp\ccvMP4Ad.s 			page 73


 3120 01fc 52B55D5D 		.ascii	"R\265]]\275=s\237\241\363\":\271\010\037\000;\202\302"
 3120      BD3D739F 
 3120      A1F3223A 
 3120      B9081F00 
 3120      3B82C2
 3121 020f 1DF0A36C 		.ascii	"\035\360\243laPIS\262ib\276\205K@ \253\260\313\242\205"
 3121      61504953 
 3121      B26962BE 
 3121      854B4020 
 3121      ABB0CBA2 
 3122 0224 C38B9FD0 		.ascii	"\303\213\237\320\245\364\026.\333'4\264\200\267\366"
 3122      A5F4162E 
 3122      DB2734B4 
 3122      80B7F6
 3123 0233 D19395E6 		.ascii	"\321\223\225\346\253\204\276\232\316;$xO,\316{5\235"
 3123      AB84BE9A 
 3123      CE3B2478 
 3123      4F2CCE7B 
 3123      359D
 3124 0245 77284D9A 		.ascii	"w(M\232\351\033[\0350\014p\305\222\307!\372\033\001"
 3124      E91B5B1D 
 3124      300C70C5 
 3124      92C721FA 
 3124      1B01
 3125 0257 6A096180 		.ascii	"j\011a\200\243\377\365\005G\302\234\235\2535\315\211"
 3125      A3FFF505 
 3125      47C29C9D 
 3125      AB35CD89 
 3126 0267 FC7FBAE6 		.ascii	"\374\177\272\346\\\313\000\257\221C\301\207\306\351"
 3126      5CCB00AF 
 3126      9143C187 
 3126      C6E9
 3127 0275 A1326803 		.ascii	"\2412h\003\007\203\016\0207\305\015he\000\3722\311\227"
 3127      07830E10 
 3127      37C50D68 
 3127      6500FA32 
 3127      C997
 3128 0287 85106736 		.ascii	"\205\020g6=rh7\227\036K\351\225\261Z\316\032\3607\207"
 3128      3D726837 
 3128      971E4BE9 
 3128      95B15ACE 
 3128      1AF03787 
 3129 029b 8399606C 		.ascii	"\203\231`l\027W\344K%\276\374\016\346\365&\234\032Z"
 3129      1757E44B 
 3129      25BEFC0E 
 3129      E6F5269C 
 3129      1A5A
 3130 02ad 0F6BB854 		.ascii	"\017k\270T4?\213q\364s\340\004E\270[q\373\026T\336\251"
 3130      343F8B71 
 3130      F473E004 
 3130      45B85B71 
 3130      FB1654DE 
 3131 02c2 52589C67 		.ascii	"RX\234g\302\030\304\271\233\021\015\307\256L\025(X\301"
 3131      C218C4B9 
 3131      9B110DC7 
 3131      AE4C1528 
 3131      58C1
ARM GAS  C:\Users\acest\AppData\Local\Temp\ccvMP4Ad.s 			page 74


 3132 02d4 9838D784 		.ascii	"\2308\327\204\325\201\226CXmh\251\202c\352e\272^d\375"
 3132      D5819643 
 3132      586D68A9 
 3132      8263EA65 
 3132      BA5E64FD 
 3133 02e8 753A03DB 		.ascii	"u:\003\333\027\346]M,\263\"m\001\316\256D\243\331cQ"
 3133      17E65D4D 
 3133      2CB3226D 
 3133      01CEAE44 
 3133      A3D96351 
 3134 02fc 98B78FEE 		.ascii	"\230\267\217\356\2713\324\0108\311\002Z?\352\2063\242"
 3134      B933D408 
 3134      38C9025A 
 3134      3FEA8633 
 3134      A2
 3135 030d 9AC6AA41 		.ascii	"\232\306\252A%\316\227b\204DVL\336\277\336\372&2\323"
 3135      25CE9762 
 3135      8444564C 
 3135      DEBFDEFA 
 3135      2632D3
 3136 0320 15B0492C 		.ascii	"\025\260I,\243\037\331\226\012\266\366\330\236\352="
 3136      A31FD996 
 3136      0AB6F6D8 
 3136      9EEA3D
 3137 032f 803329D8 		.ascii	"\2003)\330\366'\335p\036\330$D\013X\024\224\026\356"
 3137      F627DD70 
 3137      1ED82444 
 3137      0B581494 
 3137      16EE
 3138 0341 8A718D36 		.ascii	"\212q\2156\021\336\202=\246\263\366\203\324\252\321"
 3138      11DE823D 
 3138      A6B3F683 
 3138      D4AAD1
 3139 0350 29880E7D 		.ascii	")\210\016}~'\211e]\224DsI7\263\370\217\223{@\272/\""
 3139      7E278965 
 3139      5D944473 
 3139      4937B3F8 
 3139      8F937B40 
 3140 0367 FF20F157 		.ascii	"\377 \361W6\257\212\363,\221\"#\206\272\016\320\271"
 3140      36AF8AF3 
 3140      2C912223 
 3140      86BA0ED0 
 3140      B9
 3141 0378 2EB1F8DB 		.ascii	".\261\370\333\247]\224 \201Ef\211\260\003IE\326}%%\310"
 3141      A75D9420 
 3141      81456689 
 3141      B0034945 
 3141      D67D2525 
 3142 038d B0BD8B82 		.ascii	"\260\275\213\202t\214\306\000\347F\246@AF\205 \261\252"
 3142      748CC600 
 3142      E746A640 
 3142      41468520 
 3142      B1AA
 3143 039f 41C46423 		.ascii	"A\304d#\314\012\232\274?\325\336\354&\352+\266\020\303"
 3143      CC0A9ABC 
 3143      3FD5DEEC 
 3143      26EA2BB6 
ARM GAS  C:\Users\acest\AppData\Local\Temp\ccvMP4Ad.s 			page 75


 3143      10C3
 3144 03b1 B6718AA0 		.ascii	"\266q\212\240\202\340\020&\303\350\216\352>t\221\352"
 3144      82E01026 
 3144      C3E88EEA 
 3144      3E7491EA 
 3145 03c1 B4710B2A 		.ascii	"\264q\013*f\253\361\005\025\246\362\267\025\3049\217"
 3145      66ABF105 
 3145      15A6F2B7 
 3145      15C4398F 
 3146 03d1 82D6C233 		.ascii	"\202\326\3023c\334\305P\036\205\346C\003\274\007Y\354"
 3146      63DCC550 
 3146      1E85E643 
 3146      03BC0759 
 3146      EC
 3147 03e2 26446F76 		.ascii	"&Dovo@\204\364\211\177-3\200\307\222\241\250\010\315"
 3147      6F4084F4 
 3147      897F2D33 
 3147      80C792A1 
 3147      A808CD
 3148 03f5 52771EFB 		.ascii	"Rw\036\373\231:\234\001\344\316\024\276\0345v\354O\351"
 3148      993A9C01 
 3148      E4CE14BE 
 3148      1C3576EC 
 3148      4FE9
 3149 0407 D3709E2C 		.ascii	"\323p\236,\337h\347,\371p\260\324\337z\367\255\264\307"
 3149      DF68E72C 
 3149      F970B0D4 
 3149      DF7AF7AD 
 3149      B4C7
 3150 0419 33BE449E 		.ascii	"3\276D\236\367},(\007gL\216&\310Fh\352rD#\347\245j\315"
 3150      F77D2C28 
 3150      07674C8E 
 3150      26C84668 
 3150      EA724423 
 3151 0431 2BC5D465 		.ascii	"+\305\324eY\007 }\253\305LJ\334\355\323\037\003\315"
 3151      5907207D 
 3151      ABC54C4A 
 3151      DCEDD31F 
 3151      03CD
 3152 0443 220DB063 		.ascii	"\"\015\260c\341=\030I\002u3\322\275<\316s)\215\2127"
 3152      E13D1849 
 3152      027533D2 
 3152      BD3CCE73 
 3152      298D8A37 
 3153 0457 4074938B 		.ascii	"@t\223\213yQU\014\321\222\015\0375\300|\310X2\203\310"
 3153      7951550C 
 3153      D1920D1F 
 3153      35C07CC8 
 3153      583283C8 
 3154 046b 5223941D 		.ascii	"R#\224\035\243\313A\3019$O\256\310\343L\345\231\202"
 3154      A3CB41C1 
 3154      39244FAE 
 3154      C8E34CE5 
 3154      9982
 3155 047d 8A9FEEBD 		.ascii	"\212\237\356\275\"D\252\345 \375\025\011z}j]\261\367"
 3155      2244AAE5 
 3155      20FD1509 
ARM GAS  C:\Users\acest\AppData\Local\Temp\ccvMP4Ad.s 			page 76


 3155      7A7D6A5D 
 3155      B1F7
 3156 048f AD48408F 		.ascii	"\255H@\217x}\376@\304\360\276\030\210\274g\2047z_\367"
 3156      787DFE40 
 3156      C4F0BE18 
 3156      88BC6784 
 3156      377A5FF7 
 3157 04a3 BCE059E7 		.ascii	"\274\340Y\347y\311\253\243{\375F=\374n\300o\2605\036"
 3157      79C9ABA3 
 3157      7BFD463D 
 3157      FC6EC06F 
 3157      B0351E
 3158 04b6 4F61FADF 		.ascii	"Oa\372\337\272\322\340\206\340\033FyI0\\\350';\034Y"
 3158      BAD2E086 
 3158      E01B4679 
 3158      49305CE8 
 3158      273B1C59 
 3159 04ca 51545454 		.ascii	"QTTT\030\216\024\352FaD\367\243w\223\341\3613^\026\336"
 3159      188E14EA 
 3159      466144F7 
 3159      A37793E1 
 3159      F1335E16 
 3160 04df 9C2B6DCF 		.ascii	"\234+m\317\232\325+\326\256\361\275\263\2129J\002!\337"
 3160      9AD52BD6 
 3160      AEF1BDB3 
 3160      8A394A02 
 3160      21DF
 3161 04f1 16B7BF5C 		.ascii	"\026\267\277\\\327\3212|ZY`3\342\\\370\025\357\316\310"
 3161      D7D1327C 
 3161      5A596033 
 3161      E25CF815 
 3161      EFCEC8
 3162 0504 9688117C 		.ascii	"\226\210\021|?\260\302_\354\025\354\021\221\311\233"
 3162      3FB0C25F 
 3162      EC15EC11 
 3162      91C99B
 3163 0513 96C91B8E 		.ascii	"\226\311\033\216xu\303\033,\363\207\312K\002\270CxO"
 3163      7875C31B 
 3163      2CF387CA 
 3163      4B02B843 
 3163      784F
 3164 0525 297305CB 		.ascii	")s\005\313\214\200\276\311\027R\311\361\334\177\023"
 3164      8C80BEC9 
 3164      1752C9F1 
 3164      DC7F13
 3165 0534 94FA42B8 		.ascii	"\224\372B\270\340C7\236.\013\206p\333\037\326\003\353"
 3165      E043379E 
 3165      2E0B8670 
 3165      DB1FD603 
 3165      EB
 3166 0545 295247AE 		.ascii	")RG\256g\376Gzl\260\2249\"\206O7x\240\254\344_\"\333"
 3166      67FE477A 
 3166      6CB09439 
 3166      22864F37 
 3166      78A0ACE4 
 3167 055c 0688     		.ascii	"\006\210"
 3168              		.text
ARM GAS  C:\Users\acest\AppData\Local\Temp\ccvMP4Ad.s 			page 77


 3169              		.section	.gnu.lto_vt_insert_first.336.b3bfb553,"e",%progbits
 3170 0000 789C9557 		.ascii	"x\234\225W\177L\\U\026\276\347\3357\363f\240\260\265"
 3170      7F4C5C55 
 3170      16BEE7DD 
 3170      37F366A0 
 3170      B0B5
 3171 0012 2DA5AD1B 		.ascii	"-\245\255\033m4fw\315\012\226\306Xk6qS71\321\370\207"
 3171      6D346677 
 3171      CD0A96C6 
 3171      586B3671 
 3171      533731D1 
 3172 0028 BBFBDF24 		.ascii	"\273\373\337$\006\207\331\200\316\000\231\231\326\370"
 3172      0687D980 
 3172      CE009999 
 3172      D6F8
 3173 0036 CFEE2B50 		.ascii	"\317\356+PPZK\201\332\326Zh\235\245\246M65j\326\305"
 3173      505A4B81 
 3173      DAD65A68 
 3173      9DA5A64D 
 3173      36356AD6 
 3174 004b 8A945A91 		.ascii	"\212\224Z\221Z\012\255\326\266\013,\205R\241\200\335"
 3174      5A0AADD6 
 3174      B60B2C85 
 3174      52A180DD 
 3175 005b 322D2858 		.ascii	"2-(X\241\365\234s\337\233y4\243QB\336\273\367\334\357"
 3175      A1F59C73 
 3175      DF9B7934 
 3175      A35142DE 
 3175      BBF7DCEF 
 3176 006f FBCE8F7B 		.ascii	"\373\316\217{\356}\260<C\2107A\210:!\004x\004\324\325"
 3176      EE7DB03C 
 3176      43883741 
 3176      883A2104 
 3176      7804D4D5 
 3177 0083 566BC234 		.ascii	"Vk\3024\315\307\014\015\352kOLN\267\355\326\3404\260"
 3177      CDC70C0D 
 3177      EA6B4F4C 
 3177      4EB7EDD6 
 3177      E034B0
 3178 0096 456A9B6A 		.ascii	"Ej\233j7kp\024\336\0339\371\210^Q\273U\203\001\350z"
 3178      376B7014 
 3178      DE1B39F9 
 3178      885E51BB 
 3178      558301E8 
 3179 00ab FD3DB7AE 		.ascii	"\375=\267\256C\375;'\246;G\312\356\303U\306\272\264"
 3179      43FD3B27 
 3179      A63B47CA 
 3179      EEC355C6 
 3179      BAB4
 3180 00bd CADAF4EA 		.ascii	"\312\332\364\352C5YzUm\346\267\237\307\357\327\335\260"
 3180      4335597A 
 3180      556DE6B7 
 3180      9FC7EFD7 
 3180      DDB0
 3181 00cf 33A16DC0 		.ascii	"3\241m\300\306\332\352[\315\367\330h\020\377\320\244"
 3181      C6DAEA5B 
 3181      CDF7D868 
ARM GAS  C:\Users\acest\AppData\Local\Temp\ccvMP4Ad.s 			page 78


 3181      10FFD0A4 
 3182 00df EE721B80 		.ascii	"\356r\033\200o\221\374\251\227\277\303\365\231\341\235"
 3182      6F91FCA9 
 3182      97BFC3F5 
 3182      99E19D
 3183 00ee 9BF71BE6 		.ascii	"\233\367\033\346\2016h\302\305F\033\260GB\235l\222\000"
 3183      813668C2 
 3183      C5461BB0 
 3183      47429D6C 
 3183      9200
 3184 0100 BA35D260 		.ascii	"\2725\322`%\216d\241\370M\233i\236\276\322l\232^\321"
 3184      258E64A1 
 3184      F84D9B69 
 3184      9EBED26C 
 3184      9A5ED1
 3185 0113 2425FC07 		.ascii	"$%\374\007\220\003\357\003\374\033\023EC\350\345l\302"
 3185      9003EF03 
 3185      FC1B1345 
 3185      43E8E56C 
 3185      C2
 3186 0124 FD9D71F1 		.ascii	"\375\235q\361-\355;3\267\241\262\016\037\314\307\351"
 3186      2DED3B33 
 3186      B7A1B20E 
 3186      1FCCC7E9 
 3187 0134 A1ED8C2B 		.ascii	"\241\355\214+\003\005|u\270\236\201.\370p>\320\025\332"
 3187      03057C75 
 3187      B89E812E 
 3187      F8703ED0 
 3187      15DA
 3188 0146 C7C04A0B 		.ascii	"\307\300J\013\270ux\007\003\335\360\321|\240;\364\257"
 3188      B8757807 
 3188      03DDF0D1 
 3188      7CA03BF4 
 3188      AF
 3189 0157 6C8E5B6E 		.ascii	"l\216[n\001z\335G\350\232\375\325\231\3336z\010~\304"
 3189      017ADD47 
 3189      E89AFDD5 
 3189      99DB367A 
 3189      087EC4
 3190 016a 091722D4 		.ascii	"\011\027\"\324\234\355\026\320\006*e\003\011nJ\037\340"
 3190      9CED16D0 
 3190      062A6503 
 3190      096E4A1F 
 3190      E0
 3191 017b 6366CB1D 		.ascii	"cf\313\035\374\"\2273\263\3257\272\262\367\230m:\205"
 3191      FC229733 
 3191      B3D537BA 
 3191      B2F7986D 
 3191      3A85
 3192 018d 770C08A4 		.ascii	"w\014\010\244d\340\023\2128\324\373k\313\335Lk\317\201"
 3192      64E0138A 
 3192      38D4FB6B 
 3192      CBDD4C6B 
 3192      CF81
 3193 019f B508AC58 		.ascii	"\265\010\254Xi#E\022\251\212*?w\352~\337\265B\351\272"
 3193      69234512 
 3193      A98A2A3F 
ARM GAS  C:\Users\acest\AppData\Local\Temp\ccvMP4Ad.s 			page 79


 3193      77EA7EDF 
 3193      B542E9BA 
 3194 01b3 E153A76E 		.ascii	"\341S\247n\007%\030\272\234JW!E\022\251t\335\270\225"
 3194      072518BA 
 3194      9C4A5721 
 3194      4512A974 
 3194      DDB895
 3195 01c6 CDC37970 		.ascii	"\315\303yp\034\240\035\315GIM`F\360\231\235\021\247"
 3195      1CA01DCD 
 3195      47494D60 
 3195      46F0999D 
 3195      11A7
 3196 01d8 A741A74A 		.ascii	"\247A\247J\2577\031\306\315\255\015\377\274\323N\357"
 3196      AF3719C6 
 3196      CDAD0DFF 
 3196      BCD34EEF 
 3197 01e8 2410C812 		.ascii	"$\020\310\022\357\342\364\276Y\2262\275\223\3160\272"
 3197      EFE2F4BE 
 3197      599632BD 
 3197      93CE30BA 
 3198 01f8 6E0BA3DB 		.ascii	"n\013\243\333\212A\343\030N\201\345\226c\220\240j \033"
 3198      8A41E318 
 3198      4E81E596 
 3198      6390A06A 
 3198      201B
 3199 020a B4440CDB 		.ascii	"\264D\014\333\353G'\356R1\030\360\005\020\310R>\203"
 3199      EB4727EE 
 3199      523118F0 
 3199      0510C852 
 3199      3E83
 3200 021c 3118A143 		.ascii	"1\030\241Cw\246\210A!E\022i\225\370\234Sw,\251{\326"
 3200      77A68841 
 3200      21451269 
 3200      95F89C53 
 3200      772CA97B 
 3201 0231 A97B8E75 		.ascii	"\251{\216u?L\255{\326\251{\316\326\355u\352\216\327"
 3201      3F4CAD7B 
 3201      D6A97BCE 
 3201      D6ED75EA 
 3201      8ED7
 3202 0243 DC656FDD 		.ascii	"\334eo\335\177\235\272=\274u\307S\351*\244H\"\0355\353"
 3202      7F9DBA3D 
 3202      BC75C753 
 3202      E92AA448 
 3202      221D35EB 
 3203 0257 CE835E80 		.ascii	"\316\203^\200\363\000_Z\225\223\\\271>\260\2135\250"
 3203      F3005F5A 
 3203      95935CB9 
 3203      3EB08B35 
 3203      A8
 3204 0268 259ABA7B 		.ascii	"%\232\272{\270J5\265\013\372ok\352\366l\2562\\`\025"
 3204      B84A35B5 
 3204      0BFA6F6B 
 3204      EAF66CAE 
 3204      325C6015 
 3205 027c 11FA24DB 		.ascii	"\021\372$\333&m\336\237 \245lL\002m\343@\305O6\331\314"
 3205      266DDE9F 
ARM GAS  C:\Users\acest\AppData\Local\Temp\ccvMP4Ad.s 			page 80


 3205      20A56C4C 
 3205      026DE340 
 3205      C54F36D9 
 3206 0291 F4337011 		.ascii	"\3643p\021`\020\315\003\211&\033\232\327d:|\345\354"
 3206      6010CD03 
 3206      89261B9A 
 3206      D7643A7C 
 3206      E5EC
 3207 02a3 AECE4B2B 		.ascii	"\256\316K+\234\335\245\333\252\303\334]_\376\214\356"
 3207      9CDDA5DB 
 3207      AAC3DC5D 
 3207      5FFE8CEE 
 3208 02b3 1ABECDFF 		.ascii	"\032\276\315\377\210\345\\g\347\227\301\362\307\316"
 3208      88E55C67 
 3208      E797C1F2 
 3208      C7CE
 3209 02c1 5D300689 		.ascii	"]0\006\211\252N\014I\205t\333\246\226S\235\267\336D"
 3209      AA4E0C49 
 3209      8574DBA6 
 3209      96539DB7 
 3209      DE44
 3210 02d3 E3381A5D 		.ascii	"\3438\032]L\377\032l\006\321\015\370\277\252\367.\351"
 3210      4CFF1A6C 
 3210      06D10DF8 
 3210      BFAAF72E 
 3210      E9
 3211 02e4 38A70D13 		.ascii	"8\247\015\023\211\024\256\002\201\254\300&8\205wS\237"
 3211      8914AE02 
 3211      81ACC026 
 3211      38857753 
 3211      9F
 3212 02f5 FFABCE14 		.ascii	"\377\253\316\024&\354&j\234\247[s\357\321r\363\011B"
 3212      26EC266A 
 3212      9CA75B73 
 3212      EFD172F3 
 3212      0942
 3213 0307 5F73EA5E 		.ascii	"_s\352^g\335#\251u\2579u\257;K3Q'a\022 n\225\307\340"
 3213      67DD23A9 
 3213      75AF3975 
 3213      AF3B4B33 
 3213      51276112 
 3214 0320 FCA68052 		.ascii	"\374\246\200RB\030\340m\367\366\027\2566s\366V\215i"
 3214      4218E06D 
 3214      F7F617AE 
 3214      3673F656 
 3214      8D69
 3215 0332 4EFF767C 		.ascii	"N\377v|\366\222\367\036\300\33564zH\272\015u\034y\\"
 3215      F692F71E 
 3215      C0DD3634 
 3215      7A48BA0D 
 3215      751C795C 
 3216 0346 F8F0BAE9 		.ascii	"\370\360\272\351a\010h\241\017W+xi5\003\240\0312\001"
 3216      610868A1 
 3216      0F572B78 
 3216      693503A0 
 3216      193201
 3217 0359 6D0B010E 		.ascii	"m\013\001\016\303\035\200\013\213\020\227\266\230\036"
ARM GAS  C:\Users\acest\AppData\Local\Temp\ccvMP4Ad.s 			page 81


 3217      C31D800B 
 3217      8B1097B6 
 3217      981E
 3218 0367 4B089245 		.ascii	"K\010\222ERK\211\261\214l\313\351!D\215\024\273\360"
 3218      524B89B1 
 3218      8C6CCBE9 
 3218      21448D14 
 3218      BBF0
 3219 0379 BB26C16C 		.ascii	"\273&\301l\023b\233\324\324\244\034'\343`\016\355=\001"
 3219      13629BD4 
 3219      D4A41C27 
 3219      E3600EED 
 3219      3D01
 3220 038b FC7E3F4D 		.ascii	"\374~?M\\\205\262\335\007\263\254O\216\344\235x\213"
 3220      5C85B2DD 
 3220      07B3AC4F 
 3220      8EE49D78 
 3220      8B
 3221 039c BE62A338 		.ascii	"\276b\2438M\217\311\014\370\026\304\2038\347>\236\206"
 3221      4D8FC90C 
 3221      F816C483 
 3221      38E73E9E 
 3221      86
 3222 03ad 06BABB63 		.ascii	"\006\272\273c2\223\351\037\240\014\362\267WCL\202M<"
 3222      3293E91F 
 3222      A00CF2B7 
 3222      57434C82 
 3222      4D3C
 3223 03bf 70779288 		.ascii	"pw\222\2106\213\273\000\276C.\326\244\202\305\351*\200"
 3223      368BBB00 
 3223      BE432ED6 
 3223      A482C5E9 
 3223      2A80
 3224 03d1 1B38B5E9 		.ascii	"\0338\265\351\232\025\201\356\210\340\201&\231\021\223"
 3224      9A1581EE 
 3224      88E08126 
 3224      991193
 3225 03e0 0B6176BE 		.ascii	"\013av\276\320\034\012i\363\204n\002\245U\266\022\217"
 3225      D01C0A69 
 3225      F3846E02 
 3225      A555B612 
 3225      8F
 3226 03f1 3206A286 		.ascii	"2\006\242\206\347IT\015{qx\007\005<y\360\255\323{w\000"
 3226      E749540D 
 3226      7B717807 
 3226      053C79F0 
 3226      ADD37B77 
 3227 0406 9E710EBF 		.ascii	"\236q\016\277g\300\013\377\343\014v\217\331\0250,\377"
 3227      67C00BFF 
 3227      E30C768F 
 3227      D915302C 
 3227      FF
 3228 0417 58C505E4 		.ascii	"X\305\005\344\333\3248\373\003\222\216\350F\255\001"
 3228      DBD438FB 
 3228      03928EE8 
 3228      46AD01
 3229 0426 6F09A45B 		.ascii	"o\011\244[zC}\003\016zJ\222\001\345H\322\025I\271\355"
ARM GAS  C:\Users\acest\AppData\Local\Temp\ccvMP4Ad.s 			page 82


 3229      7A437D03 
 3229      0E7A4A92 
 3229      01E548D2 
 3229      1549B9ED 
 3230 043a 57A49683 		.ascii	"W\244\226\203w\307\244\223\227a\363<D\333\2044\027\321"
 3230      77C7A493 
 3230      9761F33C 
 3230      44DB8434 
 3230      17D1
 3231 044c 081BAFEE 		.ascii	"\010\033\257\356\327~\334C\225\015E=\3660\220*\254\254"
 3231      D77EDC43 
 3231      950D453D 
 3231      F630902A 
 3231      ACAC
 3232 045e 04299348 		.ascii	"\004)\223H\257$\303\322\230t-\025)\021\323({\332\234"
 3232      AF24C3D2 
 3232      98742D15 
 3232      2911D328 
 3232      7BDA9C
 3233 0471 F4C4B58D 		.ascii	"\364\304\265\215\317}|\346)\274\366\350\016\265\313"
 3233      CF7D7CE6 
 3233      29BCF6E8 
 3233      0EB5CB
 3234 0480 2EECA2AB 		.ascii	".\354\242\253VkM\243\371\276G\261S\251\276i\240\274"
 3234      566B4DA3 
 3234      F9BE47B1 
 3234      53A9BE69 
 3234      A0BC
 3235 0492 9DE7D629 		.ascii	"\235\347\326)\237\252\324\260\233\226\302\253\232*\251"
 3235      9FAAD4B0 
 3235      9B96C2AB 
 3235      9A2AA9
 3236 04a1 866D8C73 		.ascii	"\206m\214s\206l\177\222.T\026k\007\325r8<n\257O~\367"
 3236      866C7F92 
 3236      2E54166B 
 3236      07D57238 
 3236      3C6EAF4F 
 3237 04b7 DA54DF1E 		.ascii	"\332T\337\036\300\317-\243\353/xAi\356\251<\213j\213"
 3237      C0CF2DA3 
 3237      EB2F7841 
 3237      69EEA93C 
 3237      8B6A8B
 3238 04ca 91A19018 		.ascii	"\221\241\220\030e\254\207\243l\267\203;n\017\272Qm1"
 3238      65AC87A3 
 3238      6CB7833B 
 3238      6E0FBA51 
 3238      6D31
 3239 04dc ABCD351C 		.ascii	"\253\3155\034\256\304\3268\245\324\216|\352\305?\023"
 3239      AEC4D638 
 3239      A5D48E7C 
 3239      EAC53F13 
 3240 04ec 451CF072 		.ascii	"E\034\360r\256\000\255If6J\017-\"\274I\376J\320\231"
 3240      AE00AD49 
 3240      66364A0F 
 3240      2D22BC49 
 3240      FE4AD099 
 3241 0500 92581653 		.ascii	"\222X\026S\267\316TY|6\326\243\223\223n\245\375\030"
ARM GAS  C:\Users\acest\AppData\Local\Temp\ccvMP4Ad.s 			page 83


 3241      B7CE5459 
 3241      7C36D6A3 
 3241      93936EA5 
 3241      FD18
 3242 0512 9DCD98F4 		.ascii	"\235\315\230\364&\222\362\360\250\005G\006\273\330m"
 3242      2692F2F0 
 3242      A8054706 
 3242      BBD86D
 3243 0521 A5670E35 		.ascii	"\245g\0165t\246\341\355\301\303\226t\016\346\243CS\035"
 3243      74A6E1ED 
 3243      C1C39674 
 3243      0EE6A343 
 3243      531D
 3244 0533 98DAB832 		.ascii	"\230\332\2702\336\352\360\012+\306V2\177\255\314g:\274"
 3244      DEEAF00A 
 3244      2BC65632 
 3244      7FADCC67 
 3244      3ABC
 3245 0545 7085622C 		.ascii	"p\205b,\337\367PL.\3430\0276J/\2557q51\363\241\276\031"
 3245      DFF7504C 
 3245      2EE33017 
 3245      364A2FAD 
 3245      37713531 
 3246 055d 0F8AE3E7 		.ascii	"\017\212\343\347\011!*\265N\353X\304\255Pp8i\257bQ\017"
 3246      09212AB5 
 3246      4EEB58C4 
 3246      AD507038 
 3246      69AF6251 
 3247 0572 5F6804BC 		.ascii	"_h\004\274\302\224\013,\3527\\\324\306\312\263\210Y"
 3247      C2940B2C 
 3247      EA375CD4 
 3247      C6CAB388 
 3247      59
 3248 0583 84308B14 		.ascii	"\2040\213\024\237\273\336\367\025K\307\355bN\362y.?"
 3248      9FBBDEF7 
 3248      154BC7ED 
 3248      624EF279 
 3248      2E3F
 3249 0595 5C85481D 		.ascii	"\\\205H\035\023F<u\324,\315]h\302P7\255\214Iw\005\270"
 3249      13463C75 
 3249      D42CCD5D 
 3249      68C25037 
 3249      AD8C4977 
 3250 05ab 9BE4A246 		.ascii	"\233\344\242F\272\246p\201\272\302\013x\216\027\213"
 3250      BAA67081 
 3250      BAC20B78 
 3250      8E178B
 3251 05ba 31A8183B 		.ascii	"1\250\030;\366\034\"\224\215\377,\276\001\006\356\244"
 3251      F61C2294 
 3251      8DFF2CBE 
 3251      0106EEA4 
 3252 05ca A6237499 		.ascii	"\246#t\231~h\200]\336\000\324^\312\266%z\353\300\025"
 3252      7E68805D 
 3252      DE00D45E 
 3252      CAB6257A 
 3252      EBC015
 3253 05dd 65F36217 		.ascii	"e\363b\027i7\317Ly\260\256\264\320\335?K\013\270S\372"
ARM GAS  C:\Users\acest\AppData\Local\Temp\ccvMP4Ad.s 			page 84


 3253      6937CF4C 
 3253      79B0AEB4 
 3253      D0DD3F4B 
 3253      0BB853FA 
 3254 05f1 E8C9D757 		.ascii	"\350\311\327W\333\227_,]5\311\034\201p\203TWZ\215F["
 3254      DB975F2C 
 3254      5D35C91C 
 3254      81708354 
 3254      575A8D46 
 3255 0606 B6449D21 		.ascii	"\266D\235!\273L\203\3112]\264W\355\336\033J\366\336"
 3255      BB4C83C9 
 3255      325DB457 
 3255      EDDE1B4A 
 3255      F6DE
 3256 0618 2547EF2D 		.ascii	"%G\357-G\206BR\231\372\377BU\032\264\253t\321\036\214"
 3256      47864252 
 3256      99FAFF42 
 3256      551AB4AB 
 3256      74D11E8C 
 3257 062c A0DA726B 		.ascii	"\240\332rk_wTa\357]Vjo\340\276\216\336\326{\351\264"
 3257      5F775461 
 3257      EF5D566A 
 3257      6FE0BE8E 
 3257      DED67BE9 
 3258 0641 8870EA3D 		.ascii	"\210p\352=\247\352\210u\312\246\322\371\224\255\346"
 3258      A7EA8875 
 3258      CAA6D2F9 
 3258      94ADE6
 3259 0650 FE52FB3C 		.ascii	"\376R\373<\255\022\330\3670w\237J\352\215\316-@]G\355"
 3259      AD12D8F7 
 3259      30779F4A 
 3259      EA8DCE2D 
 3259      405D47ED 
 3260 0664 EB9AFF49 		.ascii	"\353\232\377I\250\305\276\305\372\367\037[\021\223\262"
 3260      A8C5BEC5 
 3260      FAF71F5B 
 3260      1193B2
 3261 0673 8EAF3B4D 		.ascii	"\216\257;M\325_b\221p\363\220\342\356\330\365\362.H"
 3261      D55F6291 
 3261      70F390E2 
 3261      EED8F5F2 
 3261      2E48
 3262 0685 50EABBD3 		.ascii	"P\352\273\323H,\031\350\222F\271\000\377\367Br\026m"
 3262      482C19E8 
 3262      9246B900 
 3262      FFF74272 
 3262      166D
 3263 0697 E852F663 		.ascii	"\350R\366c$\375\\\207\262\301\275O\363\266\326HP\366"
 3263      24FD5C87 
 3263      B2C1BD4F 
 3263      F3B6D648 
 3263      50F6
 3264 06a9 B2369AFE 		.ascii	"\2626\232\376~\335Z\337_#\201p\304\227\357\017D\242"
 3264      7EDD5ADF 
 3264      5F238170 
 3264      C497EF0F 
 3264      44A2
ARM GAS  C:\Users\acest\AppData\Local\Temp\ccvMP4Ad.s 			page 85


 3265 06bb BEC70391 		.ascii	"\276\307\003\221\027\242%\245\276gr\376\230\263.\347"
 3265      17A225A5 
 3265      BE6772FE 
 3265      98B32EE7 
 3266 06cb 4FBE309A 		.ascii	"O\2760\232\237-\015\227<\037\360G\305\232\234\234\\"
 3266      9F2D0D97 
 3266      3C1FF047 
 3266      C59A9C9C 
 3266      5C
 3267 06dc E7EFBAC2 		.ascii	"\347\357\272\302\242\347\212\376\034]_PT\222\353\247"
 3267      A2E78AFE 
 3267      1C5D5F50 
 3267      5492EBA7 
 3268 06ec 7149246F 		.ascii	"qI$o\325\252U\271%\221\334p47\022\366\243uC4\307/\364"
 3268      D5AA55B9 
 3268      2591DC70 
 3268      343712F6 
 3268      A3754334 
 3269 0703 0DD160E9 		.ascii	"\015\321`\351B5\311Y\363p\336#k\362\377\366\220\220"
 3269      4235C959 
 3269      F370DE23 
 3269      6BF2FFF6 
 3269      9090
 3270 0715 1BA2A5B2 		.ascii	"\033\242\245\262\270\344EWA \230\377\222\327\277>\034"
 3270      B8E44557 
 3270      412098FF 
 3270      92D7BF3E 
 3270      1C
 3271 0726 C65134DF 		.ascii	"\306Q4\337\210\274\024\211\026\205\002y\376\265>\226"
 3271      88BC1489 
 3271      16850279 
 3271      FEB53E96 
 3272 0736 8DB00B9F 		.ascii	"\215\260\013\237\303\205\257$\342\013G}E\305\376\340"
 3272      C385AF24 
 3272      E20B477D 
 3272      45C5FEE0 
 3273 0746 FA8200AE 		.ascii	"\372\202\000\256\020>\247Px\212\212\243\201\360\206"
 3273      103EA750 
 3273      788A8AA3 
 3273      81F086
 3274 0755 FCA04E86 		.ascii	"\374\240N\206?\374\264@a~\020_\370\010G\037(.\012\342"
 3274      3FFCB440 
 3274      617E105F 
 3274      F808471F 
 3274      282E0AE2 
 3275 0769 B2BF241C 		.ascii	"\262\277$\034x\226\230a\324\322\013\202\205\245\253"
 3275      78969861 
 3275      D4D20B82 
 3275      85A5AB
 3276 0778 7F410C41 		.ascii	"\177A\014A\004E\220(\013\202\245.\316\304]\034x\021"
 3276      04459028 
 3276      0B82A52E 
 3276      CEC45D1C 
 3276      7811
 3277 078a 137CF017 		.ascii	"\023|\360\027\210`\211\012\205+\022\315\017Ge\240\270"
 3277      8860890A 
 3277      852B12CD 
ARM GAS  C:\Users\acest\AppData\Local\Temp\ccvMP4Ad.s 			page 86


 3277      0F4765A0 
 3277      B8
 3278 079b E0072DF1 		.ascii	"\340\007-\361\331\275"
 3278      D9BD
 3279              		.text
 3280              		.section	.gnu.lto_vt_enqueue.337.b3bfb553,"e",%progbits
 3281 0000 789C9555 		.ascii	"x\234\225UmlSe\024~\317}\357m{\267Y\001q?\324\350\214"
 3281      6D6C5365 
 3281      147ECF7D 
 3281      EF6D7BB7 
 3281      5901713F 
 3282 0017 A8D16807 		.ascii	"\250\321h\0073D\2061\301\240\211\2775\376kBFW\263i\273"
 3282      33448631 
 3282      C1A089BF 
 3282      35FE6B42 
 3282      4657B369 
 3283 002c 2EED05F5 		.ascii	".\355\005\365\217\\\3321t$l\353tb\330\012\326\352F\202"
 3283      8F5CDA31 
 3283      74246CEB 
 3283      7462D80A 
 3283      D6EA4682 
 3284 0040 33183F06 		.ascii	"3\030?\006\224\255\010\330\001\356\213/\003\003\014"
 3284      94AD08D8 
 3284      01EE8B2F 
 3284      03030C
 3285 004f 0319F803 		.ascii	"\003\031\370\0037p\262\3715\3179\267];BL\270Y\357}\337"
 3285      3770B2F9 
 3285      35CF39B7 
 3285      5D3B424C 
 3285      B859EF7D 
 3286 0064 739FF39C 		.ascii	"s\237\363\234s\236s\336\273r\273\020\353@\210V!\004"
 3286      739E73DE 
 3286      BB72BB10 
 3286      EB408856 
 3286      2104
 3287 0076 14088836 		.ascii	"\024\010\21067(\3024\315\025vE\2114oR\340\020t\014\177"
 3287      3728C234 
 3287      CD157645 
 3287      89346F52 
 3287      E010740C 
 3288 008b 6A53EB9A 		.ascii	"jS\353\232\235\247\273\316\226\253\022>\216\306'\222"
 3288      9DA7BBCE 
 3288      96AB123E 
 3288      8EC62792 
 3289 009b 63C01855 		.ascii	"c\300\030U\331\320\\\210\253\022\265\276\331\311O\015"
 3289      D9D05C88 
 3289      AB12B5BE 
 3289      D9C94F0D 
 3290 00ab 5A67196C 		.ascii	"Zg\031l\312F\213\241\241\253\361^uK\323(\3741<\376\244"
 3290      CA468BA1 
 3290      A1ABF15E 
 3290      754BD328 
 3290      FC313CFE 
 3291 00c0 6A872DD1 		.ascii	"j\207-\321\370\303\026\304At\026\227\016\353\233\013"
 3291      F8C316C4 
 3291      41741697 
 3291      0EEB9B0B 
ARM GAS  C:\Users\acest\AppData\Local\Temp\ccvMP4Ad.s 			page 87


 3292 00d0 7805629D 		.ascii	"x\005b\235\"U\315fw\350\260\016Z\344\023h\235\372\345"
 3292      2255CD66 
 3292      77E8B00E 
 3292      5AE41368 
 3292      9DFAE5
 3293 00e3 A3F60EBB 		.ascii	"\243\366\016\273\331\231\202\204\024\"\206?\276\332"
 3293      D9998284 
 3293      1422863F 
 3293      BEDA
 3294 00f1 24446542 		.ascii	"$DeB\002\250\231\225\002%\270\222U\342\361\224i\016"
 3294      02A89995 
 3294      0225B892 
 3294      55E2F194 
 3294      690E
 3295 0103 FDDC6D9A 		.ascii	"\375\334m\232\272HH\011\337\001\372\300\267\000\337"
 3295      BA484809 
 3295      DF01FAC0 
 3295      B700DF
 3296 0112 60B168F0 		.ascii	"`\261h\360\357*&\334\273\214\033\217u\264:\233\220Y"
 3296      EF2A26DC 
 3296      BB8C1B8F 
 3296      75B43A9B 
 3296      9059
 3297 0124 85DD7371 		.ascii	"\205\335sq\252\177\037\343\302`\001\267\245[\030\250"
 3297      AA7F1FE3 
 3297      C26001B7 
 3297      A55B18A8 
 3298 0134 C1DEB940 		.ascii	"\301\336\271@\315\177\270\230\323\221\357\001=\036%"
 3298      CD7FB898 
 3298      D391EF01 
 3298      3D1E25
 3299 0143 74674783 		.ascii	"tgG\203\263i\275\203\340\373\362\341B\370O\026\333\004"
 3299      B369BD83 
 3299      E0FBF2E1 
 3299      42F84F16 
 3299      DB04
 3300 0155 F4805589 		.ascii	"\364\200U\211D\007\033U\005\220bo\2719G\362\305\330"
 3300      44071B55 
 3300      0590626F 
 3300      B93947F2 
 3300      C5D8
 3301 0167 468BC406 		.ascii	"F\213\304\006\373o!\271\306\271Es\330\235c\263\001\017"
 3301      FB6F21B9 
 3301      C6B94573 
 3301      D89D63B3 
 3301      010F
 3302 0179 DC821D2D 		.ascii	"\334\202\035-\346 p\020\340{\020\320\013\302\177\201"
 3302      E6207010 
 3302      E07B10D0 
 3302      0BC27F81 
 3303 0189 DDB7B23B 		.ascii	"\335\267\262;U7\025\335\324\376\333}mfJ\245`?\000\345"
 3303      553715DD 
 3303      D4FEDB7D 
 3303      6D664AA5 
 3303      603F00E5 
 3304 019d 6311401A 		.ascii	"c\021@\032k\266\371\277z \023h\252\347\352\356\345\010"
 3304      6BB6F9BF 
ARM GAS  C:\Users\acest\AppData\Local\Temp\ccvMP4Ad.s 			page 88


 3304      7A201368 
 3304      AAE7EAEE 
 3304      E508
 3305 01af AC2BC922 		.ascii	"\254+\311\"E\016i\265E\236\230\303\333\370\310\376\210"
 3305      450E69B5 
 3305      459E98C3 
 3305      DBF8C8FE 
 3305      88
 3306 01c0 F932A10F 		.ascii	"\3712\241\017\347\363\036a\336\336\333\363\036\316\347"
 3306      E7F31E61 
 3306      DEDEDBF3 
 3306      1ECEE7
 3307 01cf 3D92E1B5 		.ascii	"=\222\341\265\3210\\\212hp\024\240\017\355\207\210N"
 3307      D1305C8A 
 3307      687014A0 
 3307      0FED8788 
 3307      4E
 3308 01e0 A07AF063 		.ascii	"\240z\360cV=\226R\201\001\230\305\237:\256YH\2315%\273"
 3308      563D9652 
 3308      810198C5 
 3308      9F3AAE59 
 3308      48993525 
 3309 01f5 D3339F20 		.ascii	"\3233\237 \373 \032\025v\037\202\254\007\271\253p\314"
 3309      FB201A15 
 3309      761F82AC 
 3309      07B9AB70 
 3309      CC
 3310 0206 EAC4FBCA 		.ascii	"\352\304\373\312l\031\311\350t\377\375\226<v8\016\004"
 3310      6C19C9E8 
 3310      74FFFD96 
 3310      3C76380E 
 3310      04
 3311 0217 CA247702 		.ascii	"\312$w\002\313\260\373[nW\206\205\0249d\256\214\356"
 3311      CBB0FB5B 
 3311      6E578685 
 3311      143964AE 
 3311      8CEE
 3312 0229 B32D124E 		.ascii	"\263-\022NfjP9\211S@q\021\0038\034_\036\323R\346\337"
 3312      666A5039 
 3312      89534071 
 3312      1103381C 
 3312      5F1ED352 
 3313 023f 338DA639 		.ascii	"3\215\2469S~.\371\257\276\020p\320\354\012\336\034\222"
 3313      537E2EF9 
 3313      AFBE1070 
 3313      D0EC0ADE 
 3313      1C92
 3314 0251 6E2A6D35 		.ascii	"n*m5\032#\035\240\033O/n\013\001\222PD6'\300\036\230"
 3314      1A231DA0 
 3314      1B4F2F6E 
 3314      0B019250 
 3314      443627C0 
 3315 0267 4FB80574 		.ascii	"O\270\005t\023\242Q\212\031\274$\230)!\232\244bm\"\270"
 3315      13A2518A 
 3315      19BC2498 
 3315      29219AA4 
 3315      626D22B8 
ARM GAS  C:\Users\acest\AppData\Local\Temp\ccvMP4Ad.s 			page 89


 3316 027b F915CCD1 		.ascii	"\371\025\314\321\341\001\235\206\202\226\247\007\012"
 3316      E1019D86 
 3316      8296A707 
 3316      0A
 3317 0288 30255E9E 		.ascii	"0%^\236q\322\343\306\205\366\337\323m\200b\261q&\255"
 3317      71D2E3C6 
 3317      85F6DFD3 
 3317      6D8062B1 
 3317      7126AD
 3318 029b B3CF8D1D 		.ascii	"\263\317\215\035;{\310<d\231\217\247u\030\0061\016\221"
 3318      3B7BC83C 
 3318      64998FA7 
 3318      75180631 
 3318      0E91
 3319 02ad ED4BE372 		.ascii	"\355K\343r~\035(\011\251\307p\024\207(\357\002\304\204"
 3319      7E1D2809 
 3319      A9C77014 
 3319      8728EF02 
 3319      C484
 3320 02bf C7FF3936 		.ascii	"\307\37796\371\265\216\3448\203\010a\267\211\001E\\"
 3320      F9B58EE4 
 3320      38830861 
 3320      B7890145 
 3320      5C
 3321 02d0 83F0070D 		.ascii	"\203\360\007\015\375h\202\3141\226,\376\347\364e\270"
 3321      FD6882CC 
 3321      31962CFE 
 3321      E7F465B8 
 3322 02e0 F2504216 		.ascii	"\362PB\026\306\245\016\247\331\266\030M8\340Ep\006\332"
 3322      C6A50EA7 
 3322      D9B6184D 
 3322      38E04570 
 3322      06DA
 3323 02f2 E9ECD431 		.ascii	"\351\354\3241\246\210\204\036\001J+\\\202\232\"\023"
 3323      A688841E 
 3323      014A2B5C 
 3323      829A2213 
 3324 0302 67389DB8 		.ascii	"g8\235\270\276\265\025PV\016usD\207\237\200\242%\257"
 3324      BEB51550 
 3324      560E7573 
 3324      44879F80 
 3324      A225AF
 3325 0315 3E189705 		.ascii	">\030\227\005\231`\366L0\314\262\210\002\235\003\221"
 3325      9960F64C 
 3325      30CCB288 
 3325      029D0391 
 3326 0325 896287F3 		.ascii	"\211b\207\363\030\005\204E\200\351\207o^rP\372\3305"
 3326      18058445 
 3326      80E9876F 
 3326      5E7250FA 
 3326      D835
 3327 0337 7115EAAE 		.ascii	"q\025\352\256\034X\215\221\220\211?FMRv7\264\227\315"
 3327      1C588D91 
 3327      90893F46 
 3327      4D527637 
 3327      B497CD
 3328 034a 4A3A3920 		.ascii	"J:9 Q\215\215%\202\245\270+&\261\303\310\037\227N\254"
ARM GAS  C:\Users\acest\AppData\Local\Temp\ccvMP4Ad.s 			page 90


 3328      518D8D25 
 3328      82A5B82B 
 3328      26B1C3C8 
 3328      1F974EAC 
 3329 035e 3D2E0B13 		.ascii	"=.\013\023\222\325\035\235r\262\263\232\236\034\355"
 3329      92D51D9D 
 3329      72B2B39A 
 3329      9E1CED
 3330 036d CF35A465 		.ascii	"\3175\244e\220uI\356X\030\227JV\214\316E91(\307\316"
 3330      907549EE 
 3330      5818974A 
 3330      568CCE45 
 3330      393128C7 
 3331 0382 8574502E 		.ascii	"\205tP.`\222\212\310\024\337\207\371(\326\362hV\344"
 3331      60928AC8 
 3331      14DF87F9 
 3331      28D6F268 
 3331      56E4
 3332 0394 1B9FB5EE 		.ascii	"\033\237\265\3569\037\003<\"V\247\316\353\320O:Db\365"
 3332      391F033C 
 3332      2256A7CE 
 3332      EBD04F3A 
 3332      4462F5
 3333 03a7 A4D502CE 		.ascii	"\244\325\002\316G\261J\214No\347\016\365e\325<\232]"
 3333      47B14A8C 
 3333      4E6FE70E 
 3333      F565D53C 
 3333      9A5D
 3334 03b9 1C242813 		.ascii	"\034$(\023|\310\271E\332\352'\321\204\232\025Z/\020"
 3334      7CC8B945 
 3334      DAEA27D1 
 3334      849A155A 
 3334      2F10
 3335 03cb D34306C6 		.ascii	"\323C\006\306lC\014J4B\022\025\321{K\"\355\342\236\211"
 3335      6C430C4A 
 3335      34421215 
 3335      D17B4B22 
 3335      EDE29E89 
 3336 03df CB305BE5 		.ascii	"\3130[\345\256AI\216\333\237c\317B\206\330\362\205\010"
 3336      AE41498E 
 3336      DB9F63CF 
 3336      4286D8F2 
 3336      8508
 3337 03f1 AF10FC4A 		.ascii	"\257\020\374Jc\370\336A\036M\356\340\242\270\224Y]\034"
 3337      63F8DE41 
 3337      1E4DEEE0 
 3337      A2B89459 
 3337      5D1C
 3338 0403 DCBA82BC 		.ascii	"\334\272\202\274\326ip\021U\241\011\301$\316Q\022\222"
 3338      D6697011 
 3338      55A109C1 
 3338      24CE5112 
 3338      92
 3339 0414 48F0FA13 		.ascii	"H\360\372\0234\314H\355\232~\033\003j\233\37720\244"
 3339      34CC48ED 
 3339      9A7E1B03 
 3339      6A9BFF32 
ARM GAS  C:\Users\acest\AppData\Local\Temp\ccvMP4Ad.s 			page 91


 3339      30A4
 3340 0426 BD2DB16B 		.ascii	"\275-\261kK.\253\336A\352\334\206L\347\356\216I;u\316"
 3340      4B2EABDE 
 3340      41EADC86 
 3340      4CE7EE8E 
 3340      493B75CE 
 3341 043a EAD93CCE 		.ascii	"\352\331<\316\321\3217\247Y\023\203|zx\2161\331\354"
 3341      D1D137A7 
 3341      5913837C 
 3341      7A788E31 
 3341      D9EC
 3342 044c 7F23356F 		.ascii	"\177#5o\214\037K\020\201\023.\317\035\3431\314R\315"
 3342      8C1F4B10 
 3342      81132ECF 
 3342      1DE331CC 
 3342      52CD
 3343 045e 8E317D46 		.ascii	"\2161}F\340\012\352=\016\365\231\340\013btvy\312T, "
 3343      E00AEA3D 
 3343      0EF599E0 
 3343      0B627476 
 3343      79CA542C 
 3344 0473 21EFE1F8 		.ascii	"!\357\341\370:\302M\225\343_'\215\370j\224`\231\303"
 3344      3AC24D95 
 3344      E35F278D 
 3344      F86A9460 
 3344      99C3
 3345 0485 29DA3EB5 		.ascii	")\332>\265r\271\373\265\2207\030rWx\274!\303\375\242"
 3345      72B9FBB5 
 3345      90371872 
 3345      5778BC21 
 3345      C3FDA2
 3346 0498 37F4A611 		.ascii	"7\364\246\021\250u\277\342z\301\265\322\365\222;\210"
 3346      A875BFE2 
 3346      7AC1B5D2 
 3346      F5923B88 
 3347 04a8 E655B5C1 		.ascii	"\346U\265\301\300\033^\217!\226\271\\\245\371\177+\253"
 3347      C01B5E8F 
 3347      2196B95C 
 3347      A5F97F2B 
 3347      AB
 3348 04b9 AA5757BF 		.ascii	"\252WW\277j\254\251\254\016\224zh\035\010\225-Y\262"
 3348      6AACA9AC 
 3348      0E947A68 
 3348      1D08952D 
 3348      59B2
 3349 04cb A434102A 		.ascii	"\2444\020*\015\032\245\241\240\007\255k\015\227G\250"
 3349      0D1AA5A1 
 3349      A007AD6B 
 3349      0D9747A8 
 3350 04db 6B0D5FED 		.ascii	"k\015_\355<k\343Z\366lY\371\262\212\327\227\012\271"
 3350      3C6BE35A 
 3350      F66C59F9 
 3350      B28AD797 
 3350      0AB9
 3351 04ed D6A8D52A 		.ascii	"\326\250\325*\275\276\212w\350nT\310\232\300[\016\374"
 3351      BDBE8A77 
 3351      E86E54C8 
ARM GAS  C:\Users\acest\AppData\Local\Temp\ccvMP4Ad.s 			page 92


 3351      9AC05B0E 
 3351      FC
 3352 04fe F1460B19 		.ascii	"\361F\013\031\025A\243\314\263\334\315\314!\216\342"
 3352      1541A3CC 
 3352      B3DCCDCC 
 3352      218EE2
 3353 050d CE8BE20E 		.ascii	"\316\213\342\016\204\334A\303]]\343\361\255\251\364"
 3353      84DC41C3 
 3353      5D5DE3F1 
 3353      ADA9F4
 3354 051c E21BA3DA 		.ascii	"\342\033\243\332\357uU\011\351\255\251\\|\007n\230S"
 3354      EF755509 
 3354      E9ADA95C 
 3354      7C076E98 
 3354      53
 3355 052d 95502B7D 		.ascii	"\225P+}U\265\317\334\201\227\017A!t|\376\377}\252*|"
 3355      55B5CFDC 
 3355      81970F41 
 3355      21747CFE 
 3355      FF7DAA2A 
 3356 0542 F8C05BD0 		.ascii	"\370\300[\320x\272\246\332\207\257=\201\240w\025\245"
 3356      78BAA6DA 
 3356      87AF3D81 
 3356      A07715A5 
 3357 0552 1A44EFFF 		.ascii	"\032D\357\377\000\250\337\364\311"
 3357      00A8DFF4 
 3357      C9
 3358              		.text
 3359              		.section	.gnu.lto_chVTDoSetI.338.b3bfb553,"e",%progbits
 3360 0000 789C7D52 		.ascii	"x\234}RKh\023Q\024\275g\336$M[-\"\326u\361\203\010:"
 3360      4B681351 
 3360      14BD67DE 
 3360      244D5B2D 
 3360      22D675F1 
 3361 0017 310531BA 		.ascii	"1\0051\272R\242\033\227\026w\001\211iJ\253\203\011\231"
 3361      52A21B97 
 3361      16770189 
 3361      694AAB83 
 3361      0999
 3362 0029 69C085F4 		.ascii	"i\300\205\3645\026\027Y4mE\012\242EJ\220\270\320\202"
 3362      35161759 
 3362      346D450A 
 3362      A2454A90 
 3362      B8D082
 3363 003c A0D67FFC 		.ascii	"\240\326\177\374\024mqQ\343B7R)\010\"*\265\"V\251\324"
 3363      146D7151 
 3363      E3423752 
 3363      2908222A 
 3363      B52256A9 
 3364 0051 FBDE0CB5 		.ascii	"\373\336\014\265E\3520o\336\275w\3169\367\274;\363\325"
 3364      45EA306F 
 3364      DEBD77CE 
 3364      39F7BC3B 
 3364      F3D5
 3365 0063 201A20A2 		.ascii	" \032 \242\215\274 \010\003\375\005\203\244\224{k\014"
 3365      8DBC2008 
 3365      03FD0583 
ARM GAS  C:\Users\acest\AppData\Local\Temp\ccvMP4Ad.s 			page 93


 3365      A4947B6B 
 3365      0C
 3366 0074 74F7176A 		.ascii	"t\367\027j\361\010:\003u\031\350\302Y\261\225\323\271"
 3366      F1083A03 
 3366      7519E8C2 
 3366      59B195D3 
 3366      B9
 3367 0085 F78357C7 		.ascii	"\367\203W\307!\313\025\224\004\321\020/}]\020\030\020"
 3367      21CB1594 
 3367      04D1102F 
 3367      7D5D1018 
 3367      10
 3368 0096 2501987E 		.ascii	"%\001\230~d\240\211#\321N[*RNN\214JYK%!p\013\314\301"
 3368      64A08923 
 3368      D14E5B2A 
 3368      524E4E8C 
 3368      4A594B25 
 3369 00af 4DE00648 		.ascii	"M\340\006H\025\354\261F\205;\345\341>\3738\023\267\227"
 3369      15ECB146 
 3369      853BE5E1 
 3369      3EFB3813 
 3369      B797
 3370 00c1 E34CBBAA 		.ascii	"\343L\273\252q\247\241\2013\327\306{\033\372\330B\000"
 3370      71A7A181 
 3370      33D7C67B 
 3370      1BFAD842 
 3370      00
 3371 00d2 77970303 		.ascii	"w\227\003\003\366\224\006\026<\340\344\033_1\210\373"
 3371      F6940616 
 3371      3CE0E41B 
 3371      5F3188FB 
 3372 00e2 CB8141FB 		.ascii	"\313\201A\373S\243\366-z\241\266\315JvD\311v\207J\242"
 3372      53A3F62D 
 3372      7AA1B6CD 
 3372      4A7644C9 
 3372      76874AA2 
 3373 00f6 060F97C2 		.ascii	"\006\017\227\302\211\354\237\215AB\005\376\221Um\244"
 3373      89EC9F8D 
 3373      414205FE 
 3373      91556DA4 
 3374 0106 1AA8C8F9 		.ascii	"\032\250\310\371\205\242\224?\016\276\235\277^W\307"
 3374      85A2943F 
 3374      0EBE9DBF 
 3374      5E57C7
 3375 0115 C7BF0313 		.ascii	"\307\277\003\023x\200 p\017!`\224qE\241\206*M\310\012"
 3375      78802070 
 3375      0F216094 
 3375      7145A186 
 3375      2A4DC80A 
 3376 0129 519F30BC 		.ascii	"Q\2370\274\244\233\223\217\220\323SU\360\236\277\324"
 3376      A49B938F 
 3376      90D35355 
 3376      F09EBFD4 
 3377 0139 C9DAFEE8 		.ascii	"\311\332\376\350B\332O\017\014\016\313B{\274\014v\\"
 3377      42DA4F0F 
 3377      0C0ECB42 
 3377      7BBC0C76 
ARM GAS  C:\Users\acest\AppData\Local\Temp\ccvMP4Ad.s 			page 94


 3377      5C
 3378 014a 8B27C063 		.ascii	"\213'\300c\375r\007k\224\267\227D\035\236\342\2422\324"
 3378      FD72076B 
 3378      94B79744 
 3378      1D9EE2A2 
 3378      32D4
 3379 015c 83BC941F 		.ascii	"\203\274\224\0376)\343c\360\224\277U\327\353\375\273"
 3379      3629E363 
 3379      F094BF55 
 3379      D7EBFDBB 
 3380 016c EE20372C 		.ascii	"\356 7,>\246\177\255\245/\310\237\277\262\316o(\340"
 3380      3EA67FAD 
 3380      A52FC89F 
 3380      BFB2CE6F 
 3380      28E0
 3381 017e F550A29C 		.ascii	"\365P\242\234\326\017\263\205g \325$\244&\367\234{\260"
 3381      D60FB385 
 3381      6720D524 
 3381      A426F79C 
 3381      7BB0
 3382 0190 E8B03035 		.ascii	"\350\26005\3757\013.\362Wb\0050\301,C\261\202\232\265"
 3382      FD370B2E 
 3382      F2576205 
 3382      30C12C43 
 3382      B1829AB5 
 3383 01a4 E0B166CB 		.ascii	"\340\261f\313\377c\231x\301,>\220\262\265\312?\310\271"
 3383      FF639978 
 3383      C12C3E90 
 3383      B2B5CA3F 
 3383      C8B9
 3384 01b6 57A0199C 		.ascii	"W\240\031\234i\"=\222\325C\312\313\012\003\232\\:\240"
 3384      69223D92 
 3384      D543CACB 
 3384      0A039A5C 
 3384      3AA0
 3385 01c8 B9D7A57A 		.ascii	"\271\327\245z5\242\227\377\214\210\255p\337a\301M\032"
 3385      35A297FF 
 3385      8C88AD70 
 3385      DF61C14D 
 3385      1A
 3386 01d9 6816F977 		.ascii	"h\026\371w\203-\372/.\012\374\375TD\333b{\342\207\235"
 3386      832DFA2F 
 3386      2E0AFCFD 
 3386      5444DB62 
 3386      7BE2879D 
 3387 01ed 54D68927 		.ascii	"T\326\211'\222)\307\215\357O9\307\335t&~\310\332g\305"
 3387      9229C78D 
 3387      EF4F39C7 
 3387      DD74267E 
 3387      C8DA67C5 
 3388 0201 AC03F12C 		.ascii	"\254\003\361,\227\217d\262\351c\251\244KQ\313\012/\275"
 3388      978F64B2 
 3388      E963A9A4 
 3388      4B51CB0A 
 3388      2FBD
 3389 0213 63ED1D47 		.ascii	"c\355\035G;Z\334\316\326\216t8\251\342\264\323\034\211"
 3389      3B5ADCCE 
ARM GAS  C:\Users\acest\AppData\Local\Temp\ccvMP4Ad.s 			page 95


 3389      D68E7438 
 3389      A9E2B4D3 
 3389      1C89
 3390 0225 44C26927 		.ascii	"D\302i'\234u\303N6\311\325\234k%I\344\334\314\032/\266"
 3390      9C75C34E 
 3390      36C9D59C 
 3390      6B2549E4 
 3390      DCCC1A2F 
 3391 023a A2BB9A77 		.ascii	"\242\273\232wG\023m;)\320\232\262\023'\2039\267\255"
 3391      47136D3B 
 3391      29D09AB2 
 3391      13278339 
 3391      B7AD
 3392 024c F3445264 		.ascii	"\363DRd\022Y3\347\332\231?w*\024\272"
 3392      125933E7 
 3392      DA993F77 
 3392      2A14BA
 3393              		.text
 3394              		.section	.gnu.lto_chVTDoSetContinuousI.339.b3bfb553,"e",%progbits
 3395 0000 789C8D52 		.ascii	"x\234\215RKh\023Q\024\275g\336$MR-.b\327\305\017\"\350"
 3395      4B681351 
 3395      14BD67DE 
 3395      244D522D 
 3395      2E62D7C5 
 3396 0017 C414C4EA 		.ascii	"\304\024\304\352J\211\256\005EW\001\211iJ\243\203\011"
 3396      4A89AE05 
 3396      45570189 
 3396      694AA383 
 3396      09
 3397 0028 9949C085 		.ascii	"\231I\300\205\3645\026\301 m\232\012E\251U\312 q%.\324"
 3397      F43516C1 
 3397      206D9A0A 
 3397      45A955CA 
 3397      2071252E 
 3398 003d F88F3FB4 		.ascii	"\370\217?\264\"\030[\020\027\202R\250HA-]\371\251\306"
 3398      22185B10 
 3398      178252A8 
 3398      48412D5D 
 3398      F9A9C6
 3399 0050 F75E06DB 		.ascii	"\367^\006\333\"\005\207\231y\367\2769\347\3343g\346"
 3399      22058799 
 3399      79F7BE39 
 3399      E7DC3367 
 3399      E6
 3400 0061 B3465422 		.ascii	"\263FT\"\242\265\342\002#\224\006\013\032q\316w6i\350"
 3400      A2B5E202 
 3400      2394060B 
 3400      1A71CE77 
 3400      3669E8
 3401 0074 1D2CF8F1 		.ascii	"\035,\370\361\020\252\003\365h\350\301\020\333(\332"
 3401      10AA03F5 
 3401      68E8C110 
 3401      DB28DA
 3402 0083 6FD3C33F 		.ascii	"o\323\303?\306\301\313U8\214hT\\\352\030a(1\207\001"
 3402      C6C1CB55 
 3402      388C6854 
 3402      5CEA1861 
ARM GAS  C:\Users\acest\AppData\Local\Temp\ccvMP4Ad.s 			page 96


 3402      28318701 
 3403 0097 BA5B6968 		.ascii	"\272[ih\023\025\353\246\015U\316k\357*\234\373\311a"
 3403      1315EBA6 
 3403      0D55CE6B 
 3403      EF2A9CFB 
 3403      C961
 3404 00a9 0C372138 		.ascii	"\0147!8\270\001\\\007\311\015\363mP\342N4pu\027\247"
 3404      B8015C07 
 3404      C90DF36D 
 3404      50E24E34 
 3404      707517A7 
 3405 00bd E3D6529C 		.ascii	"\343\326R\234nN+\334I(\340\354\317\323C-Ea\301\203;"
 3405      6E4E2BDC 
 3405      4928E0EC 
 3405      CFD3432D 
 3405      4561C183 
 3406 00d2 4B811E73 		.ascii	"K\201\036sN\001\013\015`m\306U\364\342\336R\240\327"
 3406      4E010B0D 
 3406      606DC655 
 3406      F4E2DE52 
 3406      A0D7
 3407 00e4 AC07956F 		.ascii	"\254\007\225o\326\017\271\254\227\262\363\343\375-\305"
 3407      D60FB9AC 
 3407      97B2F3E3 
 3407      FD2DC5
 3408 00f3 5E9FC39A 		.ascii	"^\237\303\232\360`1\234\310<\263\332K\250\302}e\271"
 3408      F060319C 
 3408      C83CB3DA 
 3408      4BA8C27D 
 3408      65B9
 3409 0105 7775C253 		.ascii	"wu\302S\345\363\365\001\316\337\357\375:\3621\020\320"
 3409      E5F3F501 
 3409      CEDFEFFD 
 3409      3AF23110 
 3409      D0
 3410 0116 80DBD081 		.ascii	"\200\333\320\201\373\360\002w\341\003*\0027\300d\250"
 3410      FBF00277 
 3410      E1032A02 
 3410      37C064A8 
 3411 0126 5C07AF12 		.ascii	"\\\007\257\022\025\231\326hzE3\003>\365}\022b\315_\312"
 3411      1599D668 
 3411      7A453303 
 3411      3EF57D12 
 3411      62CD5FCA 
 3412 013a 0A6D373A 		.ascii	"\012m7:\237\362\323\007M\224e\246<^\206p\354\307c\340"
 3412      9FF2D307 
 3412      4D9465A6 
 3412      3C5E8670 
 3412      ECC763E0 
 3413 014e 917AB845 		.ascii	"\221z\270Eh\2247;,\200'\270 \015\365!\317\371\247u\322"
 3413      6894373B 
 3413      2C8027B8 
 3413      200DF521 
 3413      CFF9A775 
 3414 0163 F8533494 		.ascii	"\370S4\224\177M\266\252\265\256&\3605\177oSg[\351\013"
 3414      7F4DB6AA 
 3414      B5AE26F0 
ARM GAS  C:\Users\acest\AppData\Local\Temp\ccvMP4Ad.s 			page 97


 3414      357F6F53 
 3414      675BE90B 
 3415 0177 F2E7AF04 		.ascii	"\362\347\257\004\335\201\014\215\031RT\264\315c\302"
 3415      DD810C8D 
 3415      195254B4 
 3415      CD63C2
 3416 0186 C233901C 		.ascii	"\3023\220\034\342\223\311=\0273\204\350\030\323\025"
 3416      E293C93D 
 3416      173384E8 
 3416      18D315
 3417 0195 7DF80D16 		.ascii	"}\370\015\026\370\313\261<x!X\232dy\025\353\334\377"
 3417      F8CBB13C 
 3417      7821589A 
 3417      647915EB 
 3417      DCFF
 3418 01a7 B074BC14 		.ascii	"\260t\274\024,&Y\232b]\024\254Y\234j#\025\307\212Q\351"
 3418      2C26599A 
 3418      625D14AC 
 3418      599C6A23 
 3418      15C78A51 
 3419 01bc 6399705E 		.ascii	"c\231p^-\016\247\362\333i\226\361\324\376\211\3475\204"
 3419      2D0EA7F2 
 3419      DB6996F1 
 3419      D4FE89E7 
 3419      3584
 3420 01ce B84FE83B 		.ascii	"\270O\350;l%\315!\377\341\332A\365\007\0170,|&\242M"
 3420      6C25CD21 
 3420      FFE1DA41 
 3420      F5070F30 
 3420      2C7C26A2 
 3421 01e3 911DD103 		.ascii	"\221\035\321\003V\"cEc\361\204eGw'\254\243v*\035\335"
 3421      56226345 
 3421      63F18465 
 3421      477727AC 
 3421      A3762A1D 
 3422 01f8 67EC3222 		.ascii	"g\3542\"\306\236hFl\037JgRG\022q\233:\014#\264\370\214"
 3422      C69E6846 
 3422      6C1F4A67 
 3422      52471271 
 3422      9B3A0C23 
 3423 020f 74270F27 		.ascii	"t'\017'\367\333\331\316d*\024\227u\312j\017\207\303"
 3423      F7DBD9CE 
 3423      642A1497 
 3423      75CA6A0F 
 3423      87C3
 3424 0221 A19415CA 		.ascii	"\241\224\025\312\330!+\023\027\2739\333\210\023\313"
 3424      D8212B13 
 3424      17BB39DB 
 3424      8813CB
 3425 0230 D9E9558D 		.ascii	"\331\351U\215\332\350\330\326\276\275#\326\265\225<"
 3425      DAE8D8D6 
 3425      BEBD23D6 
 3425      B5953C
 3426 023f 9D093376 		.ascii	"\235\0113v\334\233\263\273\262\307\342,\035\313\350"
 3426      DC9BB3BB 
 3426      B2C7E22C 
 3426      1DCBE8
ARM GAS  C:\Users\acest\AppData\Local\Temp\ccvMP4Ad.s 			page 98


 3427 024e 39DB4CFF 		.ascii	"9\333L\377\001\373\021\023b"
 3427      01FB1113 
 3427      62
 3428              		.text
 3429              		.section	.gnu.lto_chVTDoResetI.340.b3bfb553,"e",%progbits
 3430 0000 789C9557 		.ascii	"x\234\225W{PT\327\031?\337=\373\024\\\210XD$\221<\234"
 3430      7B5054D7 
 3430      193FDF3D 
 3430      FB145C88 
 3430      58442491 
 3431 0016 B619036A 		.ascii	"\266\031\003j\353\324d\246\235tlg\372w;\351L:\333\311"
 3431      EBD464A6 
 3431      9D746C67 
 3431      FA773BE9 
 3431      4C3ADBC9 
 3432 002a 50C08176 		.ascii	"P\300\201v+\314\356j\377\312\344\312\242\264jxY\037"
 3432      2BCCEE6A 
 3432      FFCAE4CA 
 3432      A2B46A78 
 3432      591F
 3433 003c 0DB8D12D 		.ascii	"\015\270\321-M@\023\215Z\015\025\2045\212\210\217\360"
 3433      4D40138D 
 3433      5A0D1584 
 3433      358A888F 
 3433      F0
 3434 004d 6A445130 		.ascii	"jDQ0b!kl\342\262\244\021+J\277\357\234{w\357\302j'\214"
 3434      62216B6C 
 3434      E2B2A411 
 3434      2B4ABFEF 
 3434      9C7B77EF 
 3435 0065 9E7BEEB9 		.ascii	"\236{\356\271\337\367\373~\337\363\336]\223\312\330"
 3435      DFF7FB7E 
 3435      DFF3DE5D 
 3435      93CAD8
 3436 0074 EBC05805 		.ascii	"\353\300X\005c\014\354\014jk6+LU\325\227\255\212\342"
 3436      630CEC0C 
 3436      6A6B362B 
 3436      4C55D597 
 3436      AD8AE2
 3437 0087 ABD9A2C0 		.ascii	"\253\331\242\300I\350\3330\371\214\251\274\306q\340"
 3437      49E8DB30 
 3437      F98CA9BC 
 3437      C671E0
 3438 0096 61C59326 		.ascii	"a\305\223&\016\273j\003\343\367\367\203\2201)\033k\222"
 3438      0EBB6A03 
 3438      E3F7F783 
 3438      9031291B 
 3438      6B92
 3439 00a8 8EDCED4A 		.ascii	"\216\334\355J2m\252q\\\374\343\261\357\233\314\364\374"
 3439      326DAA71 
 3439      5CFCE3B1 
 3439      EF9BCCF4 
 3439      FC
 3440 00b9 50D55CF1 		.ascii	"P\325\\\361\330\242\354\252>\014\025\237^\3156U\324"
 3440      D8A2ECAA 
 3440      3E0C159F 
 3440      5ECD3655 
ARM GAS  C:\Users\acest\AppData\Local\Temp\ccvMP4Ad.s 			page 99


 3440      D4
 3441 00ca 38EEBDDD 		.ascii	"8\356\275\335\260\330d\245\347OK\0136\330P3G\354\200"
 3441      B0D864A5 
 3441      E74F4B0B 
 3441      36D85033 
 3441      47EC80
 3442 00dd BDA17093 		.ascii	"\275\241p\223\331\202Go\3006\376]<\234\034\335\271\357"
 3442      D982476F 
 3442      C036FE5D 
 3442      3C9C1CDD 
 3442      B9EF
 3443 00ef 3CA88D41 		.ascii	"<\250\215Ah\340\214\371\361\277\370\253\347P\313\033"
 3443      68E08CF9 
 3443      F1BFF8AB 
 3443      E750CB1B 
 3444 00ff 388049DB 		.ascii	"8\200I\333)\220\215;^\304\276\035T\325\236\013\315\252"
 3444      29908D3B 
 3444      5EC4BE1D 
 3444      54D59E0B 
 3444      CDAA
 3445 0111 6A670D9C 		.ascii	"jg\015\234\303\207\200:p\014\340(z\207\007\256\333i"
 3445      C387803A 
 3445      700CE028 
 3445      7A8707AE 
 3445      DB69
 3446 0123 429BBF4E 		.ascii	"B\233\277N\353\022\024\016w\337\256tTo\2605p\023\374"
 3446      EB12140E 
 3446      77DFAE74 
 3446      546FB035 
 3446      7013FC
 3447 0136 C328CD98 		.ascii	"\303(\315\230\253q>\211\372@\227\355i\"\340l\022m\231"
 3447      AB713E89 
 3447      FA4097ED 
 3447      6922E06C 
 3447      126D99
 3448 0149 215A2744 		.ascii	"!Z'D\267FE\303\037\357\257\220\260f81C\266R\310V\307"
 3448      B74645C3 
 3448      1FEFAF90 
 3448      B0663831 
 3448      43B652C8 
 3449 015f 64F79FD7 		.ascii	"d\367\237\327(X\240}\206\354d\232\205A\020\240\015\240"
 3449      2858A07D 
 3449      86EC649A 
 3449      854110A0 
 3449      0DA0
 3450 0171 15E038C8 		.ascii	"\025\3408\310\030XQ\323B\361\000\370H\300X0V\315\335"
 3450      185851D3 
 3450      42F100F8 
 3450      48C05830 
 3450      56CDDD
 3451 0184 3B50F524 		.ascii	";P\365$\002(\372Q\353\373\035\323{\361\360\024\036\002"
 3451      0228FA51 
 3451      EBFB1DD3 
 3451      7BF1F014 
 3451      1E02
 3452 0196 430D381D 		.ascii	"C\0158\035\325 u\016g\304\015\227\027\012\336ds\345"
 3452      D520750E 
ARM GAS  C:\Users\acest\AppData\Local\Temp\ccvMP4Ad.s 			page 100


 3452      67C40D97 
 3452      170ADE64 
 3452      73E5
 3453 01a8 EE3B99F5 		.ascii	"\356;\231\365j\320D\324;\201\204$\0358\213I0\273\016"
 3453      6AD044D4 
 3453      3B818424 
 3453      1D388B49 
 3453      30BB0E
 3454 01bb 6769B427 		.ascii	"gi\264'\333z\007\267Z\325\263jT\222\305$e\222\370t\034"
 3454      DB7A07B7 
 3454      5AD5B36A 
 3454      5492C524 
 3454      6592F874 
 3455 01d0 6ED5B327 		.ascii	"n\325\263'}\352\317H\372\234\021\367\274\300mO\214{"
 3455      7DEACF48 
 3455      FA9C11F7 
 3455      BCC06D4F 
 3455      8C7B
 3456 01e2 CE887B5E 		.ascii	"\316\210{^\303%\337&\273\3078\\\000\350\002\3514\027"
 3456      C325DF26 
 3456      BBC7385C 
 3456      00E802E9 
 3456      3417
 3457 01f4 FE5D04CD 		.ascii	"\376]\004\315%\341\237\011\272\243\341\231<\363K)h\022"
 3457      25E19F09 
 3457      BAA3E199 
 3457      3CF34B29 
 3457      6812
 3458 0206 823DA03D 		.ascii	"\202=\240=\343>EO\304\244\277v\352\320\262\217|\322"
 3458      E33E454F 
 3458      C4A4BF76 
 3458      EAD0B28F 
 3458      7CD2
 3459 0218 B615FA50 		.ascii	"\266\025\372P\332\254\333\356G\333\256\207\013\0054"
 3459      DAACDBEE 
 3459      47DBAE87 
 3459      0B0534
 3460 0227 DDD0A37F 		.ascii	"\335\320\243\177J\204\026E\3672|\377P\353\326,u\217"
 3460      4A841645 
 3460      F7327CFF 
 3460      50EBD62C 
 3460      758F
 3461 0239 42EA9F18 		.ascii	"B\352\237\030\325/\241\223V\327\370\302\004NJI\026\223"
 3461      D52FA193 
 3461      56D7F8C2 
 3461      044E4A49 
 3461      1693
 3462 024b 343839BD 		.ascii	"489\275\022\0064\007\315\217\243\311\2144\321A\270\202"
 3462      12063407 
 3462      CD8FA3C9 
 3462      8C34D141 
 3462      B882
 3463 025d FBCBA031 		.ascii	"\373\313\2401\024\301\260\300\325h6\302\367.\3269\252"
 3463      14C1B0C0 
 3463      D56836C2 
 3463      F72ED639 
 3463      AA
ARM GAS  C:\Users\acest\AppData\Local\Temp\ccvMP4Ad.s 			page 101


 3464 026e 41B76DD1 		.ascii	"A\267m\321\265\257\011\226\333\022\245b\006\313kF\226"
 3464      B5AF0996 
 3464      DB12A562 
 3464      06CB6B46 
 3464      96
 3465 027f 1DEB6148 		.ascii	"\035\353aHci\021\321\035\006\315\230\260l\205Ocu\340"
 3465      636911D1 
 3465      1D06CD98 
 3465      B06C854F 
 3465      6375E0
 3466 0292 AFAD3BF2 		.ascii	"\257\255;\362\235]\324H:w\253\216yCX\357K\034\2438/"
 3466      9D5DD448 
 3466      3A77AB8E 
 3466      794358EF 
 3466      4B1CA338 
 3467 02a7 6F18AC37 		.ascii	"o\030\2547\337\351\3400\242\231\267\012\3637A\263(\314"
 3467      DFE9E030 
 3467      A299B70A 
 3467      F33741B3 
 3467      28CC
 3468 02b9 DB60D468 		.ascii	"\333`\324h\276\253{\221,o\351\221M\307\034\023\326?"
 3468      BEAB7B91 
 3468      2C6FE991 
 3468      4DC71C13 
 3468      D63F
 3469 02cb 5BF4FF7D 		.ascii	"[\364\377}\037\323\254k\200\347b\200}F\300\220\000\374"
 3469      1FD3AC6B 
 3469      80E76280 
 3469      7D46C090 
 3469      00FC
 3470 02dd 2A31609C 		.ascii	"*1`\234;!c0\277\330\310\341\026\300g\232G6\341\321\347"
 3470      3B216330 
 3470      BFD8C8E1 
 3470      16C0679A 
 3470      4736E1D1 
 3471 02f2 404EA018 		.ascii	"@N\240\030\015\201\203}\346\240:5]\245\252\003\277\272"
 3471      0D81837D 
 3471      E6A03A35 
 3471      5DA5AA03 
 3471      BFBA
 3472 0304 D27A30E9 		.ascii	"\322z0\351Y\300\331f5\341b3\0034\203\225nmtKS\3206\207"
 3472      59C0D966 
 3472      35E16233 
 3472      03348395 
 3472      6E6D744B 
 3473 031c 96245A92 		.ascii	"\226$Z\222i\231K\213\203\226\024\222K\245\335<\332\245"
 3473      69994B8B 
 3473      83961492 
 3473      4BA5DD3C 
 3473      DAA5
 3474 032e 31C4CEA0 		.ascii	"1\304\316\240\335BZ2iYDO\263ha\254\212\323\304VM\240"
 3474      DD425A32 
 3474      6959444F 
 3474      B36861AC 
 3474      8AD3C456 
 3475 0344 0619ABE6 		.ascii	"\006\031\253\346\212\274\361\341\315\347\240\216\014"
 3475      8ABCF1E1 
ARM GAS  C:\Users\acest\AppData\Local\Temp\ccvMP4Ad.s 			page 102


 3475      CDE7A08E 
 3475      0C
 3476 0351 5CB2235F 		.ascii	"\\\262#_\334\226\355Y\207\023K\033\314v\021\371r\300"
 3476      DC96ED59 
 3476      87134B1B 
 3476      CC7611F9 
 3476      72C0
 3477 0363 86B03772 		.ascii	"\206\2607r\341\344;\304v\016|\001\360o\361p\031\302"
 3477      E1E43BC4 
 3477      760E7C01 
 3477      F06FF170 
 3477      19C2
 3478 0375 34BED0C0 		.ascii	"4\276\320\300\223\340K\330M\323\255\034\312T5\364\034"
 3478      93E04BD8 
 3478      4DD3AD1C 
 3478      CA5435F4 
 3478      1C
 3479 0386 8DC33B20 		.ascii	"\215\303; \301\257^J\027\327\241KdA}&\272\214\014\247"
 3479      C1AF5E4A 
 3479      17D7A14B 
 3479      64417D26 
 3479      BA8C0CA7 
 3480 039a CF38A85F 		.ascii	"\3178\250_ .~y9\266\200}\011e\177\336\334\001\001n\325"
 3480      202E7E79 
 3480      39B6807D 
 3480      09657FDE 
 3480      DC01016E 
 3481 03af 38719034 		.ascii	"8q\2204\320n\010\355&\007\260K\307\243Tp\014\317\205"
 3481      D06E08ED 
 3481      2607B04B 
 3481      C7A35470 
 3481      0CCF85
 3482 03c2 08320162 		.ascii	"\0102\001bB\334\222)_\023\202IY6\346E\203\261@\352l"
 3482      42DC9229 
 3482      5F138249 
 3482      5936E645 
 3482      83B140EA 
 3483 03d7 D7487E31 		.ascii	"\327H~1\371\3625\300\177\3421\357\"\246\242y'1'A\213"
 3483      F9F235C0 
 3483      7FE231EF 
 3483      22A6A279 
 3483      27312741 
 3484 03ec 5836261C 		.ascii	"X6&\034\371\021\343\211\023\015\265o\357\000L\270\340"
 3484      F911E389 
 3484      130DB56F 
 3484      EF004CB8 
 3484      E0
 3485 03fd FF97EB76 		.ascii	"\377\227\353v\270\015\344C\353\255\364\000\237\247\331"
 3485      B80DE443 
 3485      EBADF400 
 3485      9FA7D9
 3486 040c B626B2CD 		.ascii	"\266&\262\315\310\312}\200\377\002\323\214Za\012\215"
 3486      C8CA7D80 
 3486      FF02D38C 
 3486      5A610A8D 
 3487 041c 7226D1CA 		.ascii	"r&\321\312\302\017\016\267\334\260\241M*.\335.c\267"
 3487      C20F0EB7 
ARM GAS  C:\Users\acest\AppData\Local\Temp\ccvMP4Ad.s 			page 103


 3487      DCB0A14D 
 3487      2A2EDD2E 
 3487      63B7
 3488 042e A0FCD6A9 		.ascii	"\240\374\326\251L\264\217\370\342\365Z\315y\315\233"
 3488      4CB48FF8 
 3488      E2F55ACD 
 3488      79CD9B
 3489 043d C19D4A34 		.ascii	"\301\235J4\267'\006\024\221\330\027\237G\334\360\201"
 3489      B7270614 
 3489      91D8179F 
 3489      47DCF081 
 3490 044d A3E595A9 		.ascii	"\243\345\225\2514\341\330\273\034\364\367\261p\275\371"
 3490      34E1D8BB 
 3490      1CF4F7B1 
 3490      70BDF9
 3491 045c CE767BE2 		.ascii	"\316v{\342\200N\033\003\352 f\252\022u~\004\340!h\316"
 3491      804E1B03 
 3491      EA2066AA 
 3491      12757E04 
 3491      E02168CE 
 3492 0470 1F1B0BCE 		.ascii	"\037\033\013\316\307\376\025f[\306v\001\374Kz\337\304"
 3492      C7FE1566 
 3492      5BC67601 
 3492      FC4B7ADF 
 3492      C4
 3493 0481 031CA2DE 		.ascii	"\003\034\242\336\307\034&[eJ\314a\237\262\033'<!\010"
 3493      C71C265B 
 3493      654ACC61 
 3493      9FB21B27 
 3493      3C2108
 3494 0494 ADAC00CF 		.ascii	"\255\254\000\317x\244\354FE\004G\312\2067\017)\006I"
 3494      78A4EC46 
 3494      450447CA 
 3494      86370F29 
 3494      0649
 3495 04a6 D02525DB 		.ascii	"\320%%\333\012]\024\361dH\3062\022he\304k\375I'\203"
 3495      0A5D14F1 
 3495      6448C632 
 3495      126865C4 
 3495      6BFD4927 
 3496 04bb 7842AB77 		.ascii	"xB\253w,C&b\244e\\$bD+\360~\214\260 \374T\200\333\364"
 3496      2C432662 
 3496      A4655C24 
 3496      62442BF0 
 3496      7E8CB020 
 3497 04d4 70DA0C98 		.ascii	"p\332\014\230\214\276:\266 \236\031\343-\312ai\200\333"
 3497      8CBE3AB6 
 3497      209E19E3 
 3497      2DCA6169 
 3497      80DB
 3498 04e6 A335B724 		.ascii	"\2435\267$q\330\337TD\330\351>\264\224\020*\243\010"
 3498      71D8DF54 
 3498      44D8E93E 
 3498      B494102A 
 3498      A308
 3499 04f8 BEFA4DA3 		.ascii	"\276\372M\243\030\3239h\017\201\244/\360H\313\325R\017"
 3499      18D33968 
ARM GAS  C:\Users\acest\AppData\Local\Temp\ccvMP4Ad.s 			page 104


 3499      0F81A42F 
 3499      F048CBD5 
 3499      520F
 3500 050a E505DD2B 		.ascii	"\345\005\335+\222n$\224\036e\220\234\230A\255\201A\012"
 3500      926E2494 
 3500      1E65909C 
 3500      9841AD81 
 3500      410A
 3501 051c C5649B88 		.ascii	"\305d\233\210$#hB\232\320\221\026$l\246P25\323vef3\355"
 3501      24236842 
 3501      9AD09116 
 3501      246CA650 
 3501      3235D376 
 3502 0534 50443389 		.ascii	"PD3\211P\317'\202;%A*\017\033L\343_\212\200\277\213"
 3502      50CF2782 
 3502      3B25412A 
 3502      0F1B4CE3 
 3502      5F8A80BF 
 3503 0549 F054D0A6 		.ascii	"\360T\320\246p\244=\004\321\202\236\036\320Jo\000\036"
 3503      70A43D04 
 3503      D1829E1E 
 3503      D04A6F00 
 3503      1E
 3504 055a D3C36FCD 		.ascii	"\323\303o\3152[\247\304zX\214w\250W\230V\271_\337\304"
 3504      325BA7C4 
 3504      7A588C77 
 3504      A8579856 
 3504      B95FDFC4 
 3505 056e CABD2CF3 		.ascii	"\312\275,\363|\357&V\356\240\234\206\257\342\273\230"
 3505      7CEF2656 
 3505      EEA09C86 
 3505      AFE2BB98 
 3506 057e 3A8BCE1F 		.ascii	":\213\316\037\334\314\220\311\303\272\3144\324\315\274"
 3506      DCCC90C9 
 3506      C3BACC34 
 3506      D4CDBC
 3507 058d B8BAF4CB 		.ascii	"\270\272\364\313b\273\254\325\345\250\362\210^\337\243"
 3507      62BBACD5 
 3507      E5A8F288 
 3507      5EDFA3
 3508 059c E8BD1E12 		.ascii	"\350\275\036\022]\261W\327Cp\351\2464\367VS\272\301"
 3508      5DB157D7 
 3508      4370E9A6 
 3508      34F75653 
 3508      BAC1
 3509 05ae 56A66E2B 		.ascii	"V\246n+$j\364\257\262F/'\016D\353\365\251\203?b\024"
 3509      246AF4AF 
 3509      B2462F27 
 3509      0E44EBF5 
 3509      A9833F62 
 3510 05c3 8CBFCD0A 		.ascii	"\214\277\315\012\306;\263\202\361\256\014F\244\265\241"
 3510      C63BB382 
 3510      F1AE0C46 
 3510      A4B5A1
 3511 05d2 768DA8F3 		.ascii	"v\215\250\363\251H\273\231\312|@\2377W\264z\257\316"
 3511      A948BB99 
 3511      CA7C409F 
ARM GAS  C:\Users\acest\AppData\Local\Temp\ccvMP4Ad.s 			page 105


 3511      3757B47A 
 3511      AFCE
 3512 05e4 9459FF56 		.ascii	"\224Y\377V4\342<q\3754\031\352G\360\335\027_?;\265("
 3512      34E23C71 
 3512      FD3419EA 
 3512      47F0DD17 
 3512      5F3F3BB5 
 3513 05f9 A7E01748 		.ascii	"\247\340\027H\342\012z\212\330\2777\213\375\373F\366"
 3513      E20A7A8A 
 3513      D8BF378B 
 3513      FDFB46F6 
 3514 0609 227C07A2 		.ascii	"\"|\007\242\251\214\324\341\004\036\226\251\274{\325"
 3514      A98CD4E1 
 3514      041E96A9 
 3514      BC7BD5
 3515 0618 0ED7B509 		.ascii	"\016\327\265\011\214\315\271\360\021\271\370@\211\233"
 3515      8CCDB9F0 
 3515      11B9F840 
 3515      899B
 3516 0626 BB87642A 		.ascii	"\273\207d*\206\365\271\333\373k\012\303\220\234\266"
 3516      86F5B9DB 
 3516      FB6B0AC3 
 3516      909CB6
 3517 0635 219AB609 		.ascii	"!\232\266\011\200\242l\217\314b\373\367Yl\217*L\033"
 3517      80A26C8F 
 3517      CC62FBF7 
 3517      596C8F2A 
 3517      4C1B
 3518 0647 D6E60FCE 		.ascii	"\326\346\017\316V<\037-\355\272A\021\230\211\275\357"
 3518      563C1F2D 
 3518      EDBA4111 
 3518      9889BDEF 
 3519 0657 0D6F422F 		.ascii	"\015oB/z\244\027\023g\354\320\013,\014\276l&\254:\374"
 3519      7AA41713 
 3519      67ECD00B 
 3519      2C0CBE6C 
 3519      26AC3AFC 
 3520 066b F86EEE21 		.ascii	"\370n\356!\356\242Q\"\017\"\275\257\320@&@Kp_s[\254"
 3520      EEA25122 
 3520      0F22BDAF 
 3520      D0402640 
 3520      4B705F73 
 3521 0681 593E1CD4 		.ascii	"Y>\034\324\334\1772\300\223\342'\304\302\330\204h6\314"
 3521      DC7F32C0 
 3521      93E227C4 
 3521      C2D88468 
 3521      36CC
 3522 0693 A6269C4D 		.ascii	"\246&\234M\311Q\227\236K\234\331\343\261\3146\212\331"
 3522      C951979E 
 3522      4B9CD9E3 
 3522      B1CC368A 
 3522      D9
 3523 06a4 D4629C4D 		.ascii	"\324b\234MC8\233\320@\022\002%\234M\006\313'\364\331"
 3523      43389BD0 
 3523      40120225 
 3523      9C4D06CB 
 3523      27F4D9
ARM GAS  C:\Users\acest\AppData\Local\Temp\ccvMP4Ad.s 			page 106


 3524 06b7 34574EE6 		.ascii	"4WN\346A\371.9\272\375\253\316z\300\337>\262\025:\355"
 3524      41F92E39 
 3524      BAFDABCE 
 3524      7AC0DF3E 
 3524      B2153AED 
 3525 06cb 4C8B4B1B 		.ascii	"L\213K\033\035\237\226\307\375\235v\350\020q\331\263"
 3525      1D9F96C7 
 3525      FD9D76E8 
 3525      1071D9B3 
 3526 06db 32C0B344 		.ascii	"2\300\263DhR\375\370yr\232B\363\2046\254\373G\305\260"
 3526      6852FDF8 
 3526      79729A42 
 3526      F38436AC 
 3526      FB47C5B0 
 3527 06ef 6EC3C6CA 		.ascii	"n\303\306\312\022j\355ZH\232R\002\334\361\230\011\022"
 3527      126AED5A 
 3527      489A5202 
 3527      DCF19809 
 3527      12
 3528 0700 1489142E 		.ascii	"\024\211\024.\246\320\257\231\223H\025?\347d/t!\234"
 3528      A6D0AF99 
 3528      9348153F 
 3528      E7642F74 
 3528      219C
 3529 0712 436E2FE8 		.ascii	"Cn/\350\310\023\343\365\307\207\375\200\277c$\275a;"
 3529      C813E3F5 
 3529      C787FD80 
 3529      BF6324BD 
 3529      613B
 3530 0724 7C4CA67C 		.ascii	"|L\246|\376M\237\240\314\"\024\323\224\302\017\"\375"
 3530      FE4D9FA0 
 3530      CC2214D3 
 3530      94C20F22 
 3530      FD
 3531 0735 F704AD2E 		.ascii	"\367\004\255.\275\271.\350\233V\022\225_e:\321\305\001"
 3531      BDB92EE8 
 3531      9B561295 
 3531      5F653AD1 
 3531      C501
 3532 0747 9E92B8E2 		.ascii	"\236\222\270\342\026\020\321S\263*\356\264a\302.\246"
 3532      1610D153 
 3532      B32AEEB4 
 3532      61C22EA6 
 3533 0757 82EB908D 		.ascii	"\202\353\220\215'KaI\200\247\306'$\3050\302L\320\251"
 3533      274B6149 
 3533      80A7C627 
 3533      24C530C2 
 3533      4CD0A9
 3534 076a E512ABFD 		.ascii	"\345\022\253\375\032U{*\021\222\345j\335\267m\313\020"
 3534      1A557B2A 
 3534      1192E56A 
 3534      DDB76DCB 
 3534      10
 3535 077b 8B56D7F8 		.ascii	"\213V\327\370\240\346\237\202\0314\241s\024\011Q\002"
 3535      A0E69F82 
 3535      1934A173 
 3535      14095102 
ARM GAS  C:\Users\acest\AppData\Local\Temp\ccvMP4Ad.s 			page 107


 3536 078b 179F40EF 		.ascii	"\027\237@\357\002<M\034\247J\317\216\323\201\354\313"
 3536      023C4D1C 
 3536      A74ACF8E 
 3536      D381ECCB 
 3537 079b 414ADB46 		.ascii	"AJ\333F\255\234\347\371y\022\225\000F'\255\001%\310"
 3537      AD9CE7F9 
 3537      79129500 
 3537      4627AD01 
 3537      25C8
 3538 07ad 902DF681 		.ascii	"\220-\366\201\032\201\262\227e\273Tq\220\307eA\272]"
 3538      1A81B297 
 3538      65BB5471 
 3538      90C76541 
 3538      BA5D
 3539 07bf BAFA25E7 		.ascii	"\272\372%\347+\236B\267\307\231\227_\350\361:\177R"
 3539      2B9E42B7 
 3539      C799975F 
 3539      E8F13A7F 
 3539      52
 3540 07d0 E8F99DB7 		.ascii	"\350\371\235\267\244\324\371\363\234\037\347\254\316"
 3540      A4D4F9F3 
 3540      9C1FE7AC 
 3540      CE
 3541 07dd F9A9D38D 		.ascii	"\371\251\323\215\307\257\225\272K~[\230\357e\253rrr"
 3541      C7AF95BA 
 3541      4B7E5B98 
 3541      EF65AB72 
 3541      7272
 3542 07ef 8DFF5617 		.ascii	"\215\377V\027\025\377\246\370\027\336u\005\305%\271"
 3542      15FFA6F8 
 3542      17DE7505 
 3542      C525B9
 3543 07fe F9B42FF1 		.ascii	"\371\264/\361\254X\276|yn\211'\327\355\315\365\270\363"
 3543      AC58BE7C 
 3543      796E8927 
 3543      D7EDCDF5 
 3543      B8F3
 3544 0810 F174BD37 		.ascii	"\361t\2757'\237\361\365\336\322T\271\317Y\365\203\025"
 3544      279FF1F5 
 3544      DED254B9 
 3544      CF59F583 
 3544      15
 3545 0821 2FAECA5B 		.ascii	"/\256\312[\263\222\231\013\012]\336<\333\332\222?\210"
 3545      B392990B 
 3545      0A5DDE3C 
 3545      DBDA923F 
 3545      88
 3546 0832 0DC78D69 		.ascii	"\015\307\215i\275\327U\272,\377%\247@\363\010d\247\001"
 3546      BDD755BA 
 3546      2CFF25A7 
 3546      40F30864 
 3546      A701
 3547 0844 D959E271 		.ascii	"\331Y\342q\272\275\316\342\265\371\256u\005\205N\201"
 3547      BABDCEE2 
 3547      B5F9AE75 
 3547      05854E81 
 3548 0854 58C4CC1E 		.ascii	"X\304\314\036o\236\333\273\342\033\250y\213\177_\210"
ARM GAS  C:\Users\acest\AppData\Local\Temp\ccvMP4Ad.s 			page 108


 3548      6F9EDBBB 
 3548      E21BA879 
 3548      8B7F5F88 
 3549 0864 8ABC706D 		.ascii	"\212\274pm\001/p\225~\357\033\250\272P\310\203\272\246"
 3549      012F7095 
 3549      7EEF1BA8 
 3549      BA50C883 
 3549      BAA6
 3550 0876 025751E9 		.ascii	"\002WQ\351\017\037\257X\224\347\302\013.n\357\013k\213"
 3550      0F1FAF58 
 3550      94E7C20B 
 3550      2E6EEF0B 
 3550      6B8B
 3551 0888 5DF838BF 		.ascii	"]\3708\277\304]\370\032Yw#\304\377\000.T\262\245"
 3551      C45DF81A 
 3551      597723C4 
 3551      FF002E54 
 3551      B2A5
 3552              		.text
 3553              		.section	.gnu.lto_chVTGetRemainingIntervalI.341.b3bfb553,"e",%progbits
 3554 0000 789C9555 		.ascii	"x\234\225Ukl\024U\024\276\347\336\231}\364\261-\017"
 3554      6B6C1455 
 3554      14BEE7DE 
 3554      997DF4B1 
 3554      2D0F
 3555 0012 31514C6A 		.ascii	"1QLj\304\030\023\331\362\020E\242\006\003&\376\326\230"
 3555      C41813D9 
 3555      F21045A2 
 3555      060326FE 
 3555      D698
 3556 0024 F8631352 		.ascii	"\370c\023R\266kZ\\\272\315\356\024\177\031\247\017K"
 3556      B66B5A5C 
 3556      BACDEE14 
 3556      7F19A70F 
 3556      4B
 3557 0035 6CA5EDF2 		.ascii	"l\245\355\362\020\177\264\015\335lLQ\213\001EKiai\305"
 3557      107FB40D 
 3557      DD6C4C51 
 3557      8B01454B 
 3557      696169C5 
 3558 0049 15E48DA4 		.ascii	"\025\344\215\244\300\270\255\226\324P\260PEcC\200z\316"
 3558      C0B8AD96 
 3558      D450B050 
 3558      45634380 
 3558      7ACE
 3559 005b BDB3DBA5 		.ascii	"\275\263\333\245%&n\232\231\263\347~\347;\337y\334\355"
 3559      25266E9A 
 3559      99B3E77E 
 3559      E73BDF79 
 3559      DCED
 3560 006d 1627636B 		.ascii	"\026'ck\201\261\035\2141p3\330\032m\340\3144\315\325"
 3560      81B11D8C 
 3560      317033D8 
 3560      1A6DE0CC 
 3560      34CDD5
 3561 0080 4E0EDBA2 		.ascii	"N\016\333\2429\322\022\274.\332\310\3410\014&\373\205"
 3561      39D212BC 
ARM GAS  C:\Users\acest\AppData\Local\Temp\ccvMP4Ad.s 			page 109


 3561      2EDAC8E1 
 3561      300C26FB 
 3561      85
 3562 0091 561FF5EC 		.ascii	"V\037\365\354\356\356{Q\323\370f\362\036\005\304\024"
 3562      EEEE7B51 
 3562      D3F866F2 
 3562      1E05C414 
 3563 00a1 691F443D 		.ascii	"i\037D=\362\255\303\316h\303\340\315\267d\240\203\177"
 3563      F2ADC3CE 
 3563      68C3E0CD 
 3563      B764A083 
 3563      7F
 3564 00b2 D2B2EF71 		.ascii	"\322\262\357q\014\224\001\233\243\036I\340\202m{\013"
 3564      0C94019B 
 3564      A31E49E0 
 3564      826D7B0B 
 3565 00c2 550E2754 		.ascii	"U\016'T\3339\200\275\317\205\246;\\N@\203M\177\266\211"
 3565      DB3980BD 
 3565      CF85A63B 
 3565      5C4E4083 
 3565      4D7FB689 
 3566 00d6 56015B45 		.ascii	"V\001[E\\0\320l\013\240\350\351\204iN\216\356\2748\356"
 3566      5C30D06C 
 3566      0BA0E8E9 
 3566      84694E8E 
 3566      EEBC38EE 
 3567 00ea 6CED4C68 		.ascii	"l\355Lhq\301Y;\002\366\003|\015\024\204@Q\306\236B\320"
 3567      71C1593B 
 3567      02F6037C 
 3567      0D148440 
 3567      51C69E42 
 3568 00ff 99DBDDA6 		.ascii	"\231\333\335\246\351fq!\340[\310\302\240#xs\256B\276"
 3568      E9667121 
 3568      E05BC8C2 
 3568      A0237873 
 3568      AE42BE
 3569 0112 47CF2711 		.ascii	"G\317'\021<ami\364\264T\273\342B\203\003p\037c\360\343"
 3569      3C616D69 
 3569      F4B454BB 
 3569      E2428303 
 3569      701F63F0 
 3570 0127 7904AD86 		.ascii	"y\004\255\206\014\366rW\203\302r88\003\373\241\304n"
 3570      0CF67257 
 3570      83C27238 
 3570      3803FBA1 
 3570      C46E
 3571 0139 9EC65E3A 		.ascii	"\236\306^:\331\244\260:\364\315\300\336\231\353`p\010"
 3571      D9A4B03A 
 3571      F4CDC0DE 
 3571      99EB6070 
 3571      08
 3572 014a A017A007 		.ascii	"\240\027\240\007\250\012\3068\2069\030\332\000\011\311"
 3572      A80AC638 
 3572      863918DA 
 3572      0009C9
 3573 0159 213E9AA6 		.ascii	"!>\232\246\272\321\325\230N{d\006U\217L\273c\032;\236"
 3573      BAD1D598 
ARM GAS  C:\Users\acest\AppData\Local\Temp\ccvMP4Ad.s 			page 110


 3573      4E7B6406 
 3573      558F4CBB 
 3573      631A3B9E 
 3574 016d 96E88081 		.ascii	"\226\350\200\201\031\330\256y2\011|\007\320\017\014"
 3574      19D8AE79 
 3574      32097C07 
 3574      D00F0C
 3575 017c 47C4825F 		.ascii	"G\304\202_H\027N\343\352\303\014\307\332\216M\265\035"
 3575      48174EE3 
 3575      EAC30CC7 
 3575      DA8E4DB5 
 3575      1D
 3576 018d BD078E4E 		.ascii	"\275\007\216Nu`\370\367\350\004\206\322 \231\226&u\012"
 3576      7560F8F7 
 3576      E80486D2 
 3576      20999626 
 3576      750A
 3577 019f 38A6741E 		.ascii	"8\246t\036\227/\352\373\344\231\246\266\233\217\264"
 3577      972FEAFB 
 3577      E499A6B6 
 3577      9B8FB4
 3578 01ae 9A341C07 		.ascii	"\2324\034\007\034\007\002\251\354\360#\240+\270o\241"
 3578      1C0702A9 
 3578      ECF023A0 
 3578      2BB86FA1 
 3579 01be AD72F2D0 		.ascii	"\255r\362\320\221\361\227\021XW\224F\262i\244=\313Z"
 3579      91F19711 
 3579      58579446 
 3579      B269A43D 
 3579      CB5A
 3580 01d0 9ECDDBFC 		.ascii	"\236\315\333\374\304\221Z\3635B\237\314\346=%y\017?"
 3580      C4915AF3 
 3580      35429FCC 
 3580      E63D2579 
 3580      0F3F
 3581 01e2 98F76436 		.ascii	"\230\367d6\357)\233\227j\353\376\247\336\015\247\001"
 3581      EF299B97 
 3581      6AEBFEA7 
 3581      DE0DA701 
 3582 01f2 4E802A5A 		.ascii	"N\200*Z\310\372\316\000\225\2040\256\006\363\3459=a"
 3582      C8FACE00 
 3582      958430AE 
 3582      06F3E539 
 3582      3D61
 3583 0204 DE996A36 		.ascii	"\336\231j6\315\344\306\251\336+\271\363\0007\310\311"
 3583      CDE4C6A9 
 3583      DE2BB9F3 
 3583      0037C8C9 
 3584 0214 F1A109B2 		.ascii	"\361\241\011\2624\2068\235\036\330\323\036p\242\217"
 3584      3486389D 
 3584      1ED8D31E 
 3584      70A28F
 3585 0223 D3D63973 		.ascii	"\323\3269s\351k\036\035\344\003t\203\207\276\026\320"
 3585      E96B1E1D 
 3585      E4037483 
 3585      87BE16D0 
 3586 0233 412141E6 		.ascii	"A!A\346\220\305X\263`\237Y#\317\201\231`\254Epi\327"
ARM GAS  C:\Users\acest\AppData\Local\Temp\ccvMP4Ad.s 			page 111


 3586      90C558B3 
 3586      609F5923 
 3586      CF819960 
 3586      AC457069 
 3587 0248 A27D0DCC 		.ascii	"\242}\015\314\221\257,7M\347\032\324\354\252\302=\261"
 3587      91AF2C37 
 3587      4DE71AD4 
 3587      ECAAC23D 
 3587      B1
 3588 0259 AF804B36 		.ascii	"\257\200K6\272\0168\232\235B\026\363)Ir\303y\200s\362"
 3588      BA0E389A 
 3588      9D4216F3 
 3588      294972C3 
 3588      798073F2 
 3589 026d 700916D7 		.ascii	"p\011\026\327\2718.r\340'h\243\265\252\203\032\234\355"
 3589      B9382E72 
 3589      E02768A3 
 3589      B5AA831A 
 3589      9CED
 3590 027f 225AC20B 		.ascii	"\"Z\302\013\240\310\367[ \337\337<*_\007\255\005\362"
 3590      A0C8F75B 
 3590      20DFDF3C 
 3590      2A5F07AD 
 3590      05F2
 3591 0291 7DD85209 		.ascii	"}\330R\011\227\243l\312\346\264\341g\321\177\003jz\307"
 3591      97A36CCA 
 3591      E6B4E167 
 3591      D17F036A 
 3591      7AC7
 3592 02a3 444CE4DA 		.ascii	"DL\344\332Jt(\234\255\204\226\310C\251/\001\\\314\250"
 3592      4A74289C 
 3592      AD8496C8 
 3592      43A92F01 
 3592      5CCCA8
 3593 02b6 C145CC85 		.ascii	"\301E\314\205\313(\006\351\244\272\005t\321,tp\306d"
 3593      CB2806E9 
 3593      A4BA0574 
 3593      D12C7470 
 3593      C664
 3594 02c8 C202EC0E 		.ascii	"\302\002\354\016R3j\203@\204\251\331}\250Y\315\344\221"
 3594      52336A83 
 3594      4084A9D9 
 3594      7DA859CD 
 3594      E491
 3595 02da 036D1A49 		.ascii	"\003m\032IL\350R\321\371tw\314\221\013\026W\342\346"
 3595      4CE852D1 
 3595      F97477CC 
 3595      910B1657 
 3595      E2E6
 3596 02ec C744BA4D 		.ascii	"\307D\272M\032d\364Pr\214\207\0240[\013\207!LM\235\271"
 3596      1A64F450 
 3596      728C8714 
 3596      305B0B87 
 3596      214C4D9D 
 3597 0301 01B5ADF5 		.ascii	"\001\265\255\365)$\315\303PE]S$\263\344I\352AE\275\275"
 3597      2924CDC3 
 3597      50455D53 
ARM GAS  C:\Users\acest\AppData\Local\Temp\ccvMP4Ad.s 			page 112


 3597      24B3E449 
 3597      EA4145BD 
 3598 0316 E1288F09 		.ascii	"\341(\217\011ns\213in*\004C\363\341\227\373k\375\025"
 3598      6E738B69 
 3598      6E2A0443 
 3598      F3E197FB 
 3598      6BFD15
 3599 0329 F9356A3C 		.ascii	"\3715j<a\346\223\234\021,}\014\352\256\016\254G\"*\007"
 3599      61E6939C 
 3599      112C7D0C 
 3599      EAAE0EAC 
 3599      47222A07 
 3600 033d 3FB74187 		.ascii	"?\267A\207A\340\367\254\000\346s\355Im\274\015\016l"
 3600      41E0F7AC 
 3600      00E673ED 
 3600      496DBC0D 
 3600      0E6C
 3601 034f 026F4A3D 		.ascii	"\002oJ=\026\023\036\327\275\341\000vC\353\356\333\276"
 3601      16131ED7 
 3601      BDE10076 
 3601      43EBEEDB 
 3601      BE
 3602 0360 30B31496 		.ascii	"0\263\024\226\225\213\313J\346\255\321\035\177%[\001"
 3602      958BCB4A 
 3602      E6ADD11D 
 3602      7F255B01 
 3603 0370 AFA63C98 		.ascii	"\257\246<\230J\272%\342V_\374\020\271\223\312}>\351"
 3603      4ABA25E2 
 3603      565FFC10 
 3603      B993CA7D 
 3603      3EE9
 3604 0382 861F804D 		.ascii	"\206\037\200M@\355\256\02511GN+\277\035\365$ii<T\357"
 3604      40EDAE15 
 3604      3131474E 
 3604      2BBF1DF5 
 3604      2469693C 
 3605 0398 C4DD73A9 		.ascii	"\304\335s\251>7\262\342O\002BdX\312\022\262\245\273"
 3605      3E37B2E2 
 3605      4F024264 
 3605      58CA12B2 
 3605      A5BB
 3606 03aa 17C58478 		.ascii	"\027\305\204x\340\224;\237\245)\217\312)\313\221.\242"
 3606      E0943B9F 
 3606      A5298FCA 
 3606      29CB912E 
 3606      A2
 3607 03bb CBF61BD6 		.ascii	"\313\366\033\326\255\253\221\026\341\305\302`e\236N"
 3607      ADAB9116 
 3607      E1C5C260 
 3607      659E4E
 3608 03ca 33DFEA68 		.ascii	"3\337\352h\353\031j\007\274fJ\336\220\033\316\322j\325"
 3608      EB196A07 
 3608      BC664ADE 
 3608      901BCED2 
 3608      6AD5
 3609 03dc B6D75F40 		.ascii	"\266\327_@L\001\302\354\240\211\273#\251\216\034\222"
 3609      4C01C2EC 
ARM GAS  C:\Users\acest\AppData\Local\Temp\ccvMP4Ad.s 			page 113


 3609      A089BB23 
 3609      A98E1C92 
 3610 03ec 7502589A 		.ascii	"u\002X\232\3056\372\011*\011\206Q(\266\325\032\330\020"
 3610      C536FA09 
 3610      2A098651 
 3610      28B6D51A 
 3610      D810
 3611 03fe 131A3965 		.ascii	"\023\0329e[\321\312\023{R\343.Z\221\026\241\377\334"
 3611      5BD1CA13 
 3611      7B52E32E 
 3611      5A9116A1 
 3611      FFDC
 3612 0410 DEE0C9B4 		.ascii	"\336\340\311\264\360o\325B\231\223\263\230pcBR'wat."
 3612      F06FD542 
 3612      9993B398 
 3612      70634252 
 3612      27776174 
 3613 0425 9EC544A1 		.ascii	"\236\305D\241ds\313ut\034\357\277~Ed\302\247\254\034"
 3613      6473CB75 
 3613      741CEFBF 
 3613      7E4564C2 
 3613      A7AC1C
 3614 0438 62950B87 		.ascii	"b\225\013\207\243\367d\032R0k\3174\270\232\265\342\313"
 3614      A3F7641A 
 3614      52306BCF 
 3614      34B89AB5 
 3614      E2CB
 3615 044a E51E7B24 		.ascii	"\345\036{$It(\237d\217\015x\024\303\003\372\273\220"
 3615      4974289F 
 3615      648F0D78 
 3615      14C303FA 
 3615      BB90
 3616 045c FA7B6DD6 		.ascii	"\372{m\326-\272\256n\221\272\322\017Q\216\337A\375\277"
 3616      2DBAAE6E 
 3616      91BAD20F 
 3616      518EDF41 
 3616      FDBF
 3617 046e 6C16AEC1 		.ascii	"l\026\256\301x\3331\374\337\201\242\235\237\247\177"
 3617      78DB31FC 
 3617      DF81A29D 
 3617      9FA77F
 3618 047d 4AFEA42B 		.ascii	"J\376\244+\024\243\037\033l\214\223\366\227\003\323"
 3618      14A31F1B 
 3618      6C8C93F6 
 3618      9703D3
 3619 048c 9A863BDC 		.ascii	"\232\206;\334\252R}\317\360^P\356)\374\0248N\3751&\373"
 3619      AA527DCF 
 3619      F05E50EE 
 3619      29FC1438 
 3619      4EFD3126 
 3620 04a1 D62C4092 		.ascii	"\326,@\222\324$\210\375\2315\253|oF\002\341\210\257"
 3620      D42488FD 
 3620      9935AB7C 
 3620      6F4602E1 
 3620      88AF
 3621 04b3 C41F8818 		.ascii	"\304\037\210\030\276\265\201\310;F\250\322\367\272\367"
 3621      BEB581C8 
ARM GAS  C:\Users\acest\AppData\Local\Temp\ccvMP4Ad.s 			page 114


 3621      3B46A8D2 
 3621      F7BAF7
 3622 04c2 15EF1AEF 		.ascii	"\025\357\032\357\253\2760\272\327U\206C\033\002~\203"
 3622      ABBE30BA 
 3622      D7558643 
 3622      1B027E83 
 3623 04d2 ADF47A8B 		.ascii	"\255\364z\213\263\377\326\224\225\257/\177\303\250*"
 3623      B3FFD694 
 3623      95AF2F7F 
 3623      C3A82A
 3624 04e1 2D0F15FB 		.ascii	"-\017\025\373\311\016E\226-]\272\2648\024)\016\033\305"
 3624      C90E4596 
 3624      2D5DBAB4 
 3624      3814290E 
 3624      1BC5
 3625 04f3 91B01FBD 		.ascii	"\221\260\037\275\233\014\257\237\211MFe\241\262\275"
 3625      9B0CAF9F 
 3625      894D4665 
 3625      A1B2BD
 3626 0502 2B9F5FF6 		.ascii	"+\237_\366\302\312\222\267W0Q\032\254\324K\003A\243"
 3626      C2CA92B7 
 3626      5730511A 
 3626      ACD44B03 
 3626      41A3
 3627 0514 44DB6404 		.ascii	"D\333d\004+]\025\241w\3457\201\306\022\377*\237d\214"
 3627      2B5D15A1 
 3627      77E53781 
 3627      C612FF2A 
 3627      9F648C
 3628 0527 48765F16 		.ascii	"Hv_\026\273/\024\361\205\015_y\205?XU\032\360I\3262"
 3628      BB2F14F1 
 3628      850D5F79 
 3628      853F5855 
 3628      1AF049D6 
 3629 053c A6478C92 		.ascii	"\246G\214\222\260\261\354\177\204\031\345\033\003\030"
 3629      B0B1EC7F 
 3629      8419E51B 
 3629      0318
 3630 054a 280215A5 		.ascii	"(\002\025\245/\375wXYI\020_\370\010\033\213+\312\203"
 3630      2FFD7758 
 3630      5949105F 
 3630      F8081B8B 
 3630      2BCA83
 3631 055d 78EC0F85 		.ascii	"x\354\017\205\003\353\210 \214\014\377\002\2155\356"
 3631      03EB8820 
 3631      8C0CFF02 
 3631      8D35EE
 3632 056c C1       		.ascii	"\301"
 3633              		.text
 3634              		.section	.gnu.lto_chVTDoTickI.342.b3bfb553,"e",%progbits
 3635 0000 789C9558 		.ascii	"x\234\225X{P\224\327\025\377\316\367}\373by\243\222"
 3635      7B5094D7 
 3635      15FFCEF7 
 3635      7DFB6279 
 3635      A392
 3636 0012 182B98E8 		.ascii	"\030+\230\350\304&\312Ck5\231t\232N\332\231\376\321"
 3636      C426CA43 
ARM GAS  C:\Users\acest\AppData\Local\Temp\ccvMP4Ad.s 			page 115


 3636      6B359974 
 3636      9A4EDA99 
 3636      FED1
 3637 0024 CEE4D1FE 		.ascii	"\316\344\321\376G'\203\270\255\244\213\220\335\215m"
 3637      472783B8 
 3637      ADA48B90 
 3637      DD8D6D
 3638 0033 3AD3C90A 		.ascii	":\323\311\012\010\0151\362\362\261\004X\315fM$\017\255"
 3638      080D31F2 
 3638      F2B10458 
 3638      CD664D24 
 3638      0FAD
 3639 0045 12119FF8 		.ascii	"\022\021\237\370DL5(B4\032!bD\210/\002\306\007\006\351"
 3639      444C3528 
 3639      42341A21 
 3639      6244882F 
 3639      02C60706 
 3640 005a 39F7DEEF 		.ascii	"9\367\336\357\333\017Ym\303\350\335\273\347\236{\036"
 3640      DB0F596D 
 3640      C3E8DDBB 
 3640      E79E7B1E 
 3641 006a BF73EE39 		.ascii	"\277s\3569\367n\341C\222\264D\226\244?\201$\3018\011"
 3641      F76EE143 
 3641      92B44496 
 3641      A43F8124 
 3641      C13809
 3642 007d 2ACA4B64 		.ascii	"*\312Kd\311\353\365>k\221\241\262<\202\315\024X!f\252"
 3642      C9EBF53E 
 3642      6B91A1B2 
 3642      3C82CD14 
 3642      582166AA 
 3643 0091 BCBE6CF3 		.ascii	"\274\276l\363\024h\202\223\207\366)\352\322\362\345"
 3643      14688293 
 3643      87F629EA 
 3643      D2F2E5
 3644 00a0 321C86BA 		.ascii	"2\034\206\272\306]\317\250&\271\250\334\336s\265\322"
 3644      C65DCFA8 
 3644      26B9A8DC 
 3644      DE73B5D2 
 3645 00b0 AE169747 		.ascii	"\256\026\227G\277S~\371g\252\031V\227\177VP]\264\375"
 3645      BF537EF9 
 3645      67AA1956 
 3645      977F5650 
 3645      5DB4FD
 3646 00c3 31380D6C 		.ascii	"18\015l\267E\366\321\356\303p\264\252\336\254~T\326"
 3646      B745F6D1 
 3646      EEC370B4 
 3646      AADEAC7E 
 3646      54D6
 3647 00d5 0DF53D47 		.ascii	"\015\365=G\236R\023`\205\225\253\264\312U\304p\027J"
 3647      9E521360 
 3647      8595ABB4 
 3647      CA55C470 
 3647      174A
 3648 00e7 36948E57 		.ascii	"6\224\216W\337A\206\033\307\373\237PmP]\021\340\"\""
 3648      DF41861B 
 3648      C7FB9F50 
ARM GAS  C:\Users\acest\AppData\Local\Temp\ccvMP4Ad.s 			page 116


 3648      6D505D11 
 3648      E02222
 3649 00fa 683A8573 		.ascii	"h:\205s\333\345\032\316\315\214\251EnfI$|X\021\270\275"
 3649      DBE51ACE 
 3649      CD8CA945 
 3649      6E664924 
 3649      7C5811B8 
 3650 010f FBB8EF3D 		.ascii	"\373\270\357=3c\213\222\375e\233iw\262\272\006y\330"
 3650      33638B92 
 3650      FD659B69 
 3650      77B2BA06 
 3650      79D8
 3651 0121 241AD6E8 		.ascii	"$\032\326\350bb\240r\023\367.V\376\220{\367^\303\305"
 3651      6262A072 
 3651      13F72E56 
 3651      FE907BF7 
 3651      5EC3C5
 3652 0134 04B50E99 		.ascii	"\004\265\016\231\317\036\366\315P\343H\240`\216\207"
 3652      CF1EF6CD 
 3652      50E348A0 
 3652      608E87
 3653 0143 25020A90 		.ascii	"%\002\012\220\336\220\025\325d\266$Xm\021\366\310\250"
 3653      DE9015D5 
 3653      64B62458 
 3653      6D11F6C8 
 3653      A8
 3654 0154 E898D8B8 		.ascii	"\350\230\330\270xxCQ\244\320\237j\230W*?\305}\267.\254"
 3654      78784351 
 3654      A4D09F6A 
 3654      98572A3F 
 3654      C57DB72E 
 3655 0169 5EDF0ADE 		.ascii	"^\337\012\336\365{ \210\214\376\020s\215\002\025JP\001"
 3655      F57B2088 
 3655      8CFE1073 
 3655      8D02154A 
 3655      5001
 3656 017b 50C54C86 		.ascii	"P\305L\206d\234)\013ie\332\036\257\267\277ocqt\331\022"
 3656      649C290B 
 3656      6965DA1E 
 3656      AFB7BF6F 
 3656      637174D9 
 3657 0190 6B505160 		.ascii	"kPQ`+\340Nh\000\330\002\264\327\271$\236X\377\251\263"
 3657      2BE04E68 
 3657      00D802B4 
 3657      D7B9249E 
 3657      58FFA9B3 
 3658 01a4 F66E2CE1 		.ascii	"\366n,\341\254*l\273\207\365z\034\261\026\201\316\333"
 3658      AC2A6CBB 
 3658      87F57A1C 
 3658      B11681CE 
 3658      DB
 3659 01b5 55FA16E7 		.ascii	"U\372\026\3475\301\216{x/2\336\222\020o]\353r\316k\206"
 3659      35C18E7B 
 3659      782F32DE 
 3659      92106F5D 
 3659      EB72CE6B 
 3660 01ca 5DF7F09E 		.ascii	"]\367\360\236\2163K\260\033`'\300v\200F\340\276E\342"
ARM GAS  C:\Users\acest\AppData\Local\Temp\ccvMP4Ad.s 			page 117


 3660      8E334BB0 
 3660      1B6027C0 
 3660      768046E0 
 3660      BE45E2
 3661 01dd 4E33F909 		.ascii	"N3\371\011\260\207\211QJ\331\307\343(\355\326\251\222"
 3661      B0878951 
 3661      4AD9C7E3 
 3661      28EDD6A9 
 3661      92
 3662 01ee DB471FA9 		.ascii	"\333G\037\251\361\356Q\203\212\005\366\0021qy\260\017"
 3662      F1EE5183 
 3662      8A05F602 
 3662      317179B0 
 3662      0F
 3663 01ff D1B1382B 		.ascii	"\321\2618+'\011\275\267v\357\035Zf\361\266xuN)\304\311"
 3663      2709BDB7 
 3663      76EF1D5A 
 3663      66F1B678 
 3663      754E29C4 
 3664 0214 B1A35037 		.ascii	"\261\243P7~Q\025\015\373\221\330D\262$\324\013\0074"
 3664      7E51150D 
 3664      FB91D844 
 3664      B224D40B 
 3664      0734
 3665 0226 BDCC0819 		.ascii	"\275\314\010\031\232\271\021-!\227\256^\323Q=t\217K"
 3665      9AB9112D 
 3665      2197AE5E 
 3665      D3513D74 
 3665      8F4B
 3666 0238 BE78B611 		.ascii	"\276x\266\021Z\230H\311\271:^(\272u\322\027!a\032\373"
 3666      5A9848C9 
 3666      B93A5E28 
 3666      BA75D217 
 3666      21611AFB 
 3667 024c 31D882B4 		.ascii	"1\330\202\264\263\356P\347\\\011>C\232\252\321j\336"
 3667      B3EE50E7 
 3667      5C093E43 
 3667      9AAAD16A 
 3667      DE
 3668 025d 3A7C7392 		.ascii	":|s\222\004\377A\232\211\251= \353\2767\256:\323:\221"
 3668      04FF419A 
 3668      89A93D20 
 3668      EBBE37AE 
 3668      3AD33A91 
 3669 0271 FB6E85A3 		.ascii	"\373n\205\243@\266\011\217>G\337\255\316\372\2075\337"
 3669      40B6098F 
 3669      3E47DFAD 
 3669      CEFA8735 
 3669      DF
 3670 0282 5755346D 		.ascii	"WU4m\233\261\277\200{\317y\245\020o\310\373[\337\324"
 3670      9BB1BF80 
 3670      7BCF79A5 
 3670      106FC8FB 
 3670      5BDFD4
 3671 0295 98A11589 		.ascii	"\230\241\025\211GH\032\363\376\030\010\207\231\205]"
 3671      47481AF3 
 3671      FE180887 
ARM GAS  C:\Users\acest\AppData\Local\Temp\ccvMP4Ad.s 			page 118


 3671      99855D
 3672 02a4 970FBEC0 		.ascii	"\227\017\276\300\2556\033\254nF\253\333\220f\011Y\375"
 3672      AD361BAC 
 3672      6E46ABDB 
 3672      90660959 
 3672      FD
 3673 02b5 E655B4FA 		.ascii	"\346U\264\372\004\322\254:J\325\333.\237\003o\205\027"
 3673      04D2AC3A 
 3673      4AD5DB2E 
 3673      9F036F85 
 3673      17
 3674 02c6 1E684263 		.ascii	"\036hBc\007\232\320\201\304v\335\204/t\023(\00068e\260"
 3674      079AD081 
 3674      C476DD84 
 3674      2F741328 
 3674      00363865 
 3675 02db 2778F055 		.ascii	"'x\360Un\217\215\261~\011\332*\261F\300\031\036\253"
 3675      6E8F8DB1 
 3675      7E09DA2A 
 3675      B146C019 
 3675      1EAB
 3676 02ed 2A4507AD 		.ascii	"*E\007\255\242z\350h\"\007M\201\257\200\230\204\025"
 3676      A27AE868 
 3676      22074D81 
 3676      AF809884 
 3676      15
 3677 02fe 67D130C5 		.ascii	"g\3210\305y:\\\302pN)\304\311\355U\332\215r\357\034"
 3677      793A5CC2 
 3677      704E29C4 
 3677      C9ED55DA 
 3677      8D72EF1C 
 3678 0312 15C150A1 		.ascii	"\025\301P\241\313(\367k\224\253:/\206\223\3139\245\020"
 3678      CB28F76B 
 3678      94AB3A2F 
 3678      8693CB39 
 3678      A510
 3679 0324 A7018723 		.ascii	"\247\001\207#\276\347\341\034@'p\377\"\230\177\335 "
 3679      BEE7E11C 
 3679      402770FF 
 3679      22987FDD 
 3679      20
 3680 0335 5C62FED9 		.ascii	"\\b\376\331\341\033\356\337Y\305p \252\353\247\373\032"
 3680      E11BEEDF 
 3680      59C57020 
 3680      AAEBA7FB 
 3680      1A
 3681 0346 BD5E1BE5 		.ascii	"\275^\033\345\371\005 .!\276\207\235\210\266\207\303"
 3681      F905202E 
 3681      21BE879D 
 3681      88B687C3 
 3682 0356 9E880B46 		.ascii	"\236\210\013FCz\214\206|\356\233\007\027\205\025vfE"
 3682      437A8C86 
 3682      7CEE9B07 
 3682      17851576 
 3682      6645
 3683 0368 2F08C52C 		.ascii	"/\010\305,\256\353[_\375\237\247\252\3357\013\276\025"
 3683      AEEB5B5F 
ARM GAS  C:\Users\acest\AppData\Local\Temp\ccvMP4Ad.s 			page 119


 3683      FD9FA7AA 
 3683      DD370BBE 
 3683      15
 3684 0379 32F8A9BA 		.ascii	"2\370\251\2724\352TE\302\025=\250\215w\267*\2343J\217"
 3684      34EA5445 
 3684      C2153DA8 
 3684      8D77B72A 
 3684      9C334A8F 
 3685 038d F3E1D691 		.ascii	"\363\341\326\221w\221x\025\211\221l\3735\320v\320\366"
 3685      77917815 
 3685      89916CFB 
 3685      35D076D0 
 3685      F6
 3686 039e 68F88E03 		.ascii	"h\370\216\003Q\241\032\002R{m\242\026\350\001 &a\331"
 3686      51A11A02 
 3686      527B6DA2 
 3686      16E80120 
 3686      2661D9
 3687 03b1 200BF4E6 		.ascii	" \013\364\346\360\201\0360\3720\250\005\3327Jn\351c"
 3687      F0811E30 
 3687      FA30A805 
 3687      DA374A6E 
 3687      E963
 3688 03c3 7B0BBCBF 		.ascii	"{\013\274\277%\356\357\215ro0\271M\341\345~o\224{\303"
 3688      25EEEF8D 
 3688      726F30B9 
 3688      4DE1E57E 
 3688      6F947BC3 
 3689 03d7 78E6EE16 		.ascii	"x\346\356\026\233\340&\300u\001O4\363\357\026h.\325"
 3689      9BE026C0 
 3689      75014F34 
 3689      F3EF1668 
 3689      2ED5
 3690 03e9 A83AD24D 		.ascii	"\250:\322M\233\372\265\023\244\302\320=\225\246\236"
 3690      9BFAB513 
 3690      A4C2D03D 
 3690      95A69E
 3691 03f8 D5EF80CE 		.ascii	"\325\357\200\316}\354\023J\202db\375\341\036\326\367"
 3691      7DEC134A 
 3691      826462FD 
 3691      E11ED6F7 
 3692 0408 45511A06 		.ascii	"EQ\032\006\270\303\264J\316u\361?&\234#\276\237\303"
 3692      B8C3B44A 
 3692      CE75F13F 
 3692      269C23BE 
 3692      9FC3
 3693 041a 0812EFEA 		.ascii	"\010\022\357\352\341\364\312Z8Y\203\362=\315\027\307"
 3693      E1F4CA5A 
 3693      385983F2 
 3693      3DCD17C7 
 3694 042a 44305FD6 		.ascii	"D0_\326\"X \213\010\376\2371 \2662\214ga\262\364@<\033"
 3694      2258208B 
 3694      08FE9F31 
 3694      20B6328C 
 3694      6761B2F4 
 3695 0441 7B7C7F80 		.ascii	"{|\177\200\"\031\226\312\334\004\216g\261Lx\"\233B\335"
 3695      221996CA 
ARM GAS  C:\Users\acest\AppData\Local\Temp\ccvMP4Ad.s 			page 120


 3695      DC048E67 
 3695      B14C7822 
 3695      9B42DD
 3696 0454 8539BEB1 		.ascii	"\2059\276\261\315\264\307\373\303H\251\327{\350\037"
 3696      CDB4C7FB 
 3696      C348A9D7 
 3696      7BE81F
 3697 0463 8D3503CB 		.ascii	"\2155\003\313\340\031@\3116\231\006\225\006\023\015"
 3697      E01940C9 
 3697      36990695 
 3697      06130D
 3698 0472 661C222C 		.ascii	"f\034\",8\330\255\364\325\206Cd\004\016Qv\032\"\211"
 3698      38D8ADF4 
 3698      D5864364 
 3698      040E5176 
 3698      1A2289
 3699 0485 16454334 		.ascii	"\026EC4\01514\304\342`\211\223PC\274\204\312\022h\030"
 3699      0D3134C4 
 3699      E2608993 
 3699      5043BC84 
 3699      CA126818 
 3700 0499 470BE369 		.ascii	"G\013\343i6\201`O\244\325ID\233L\264$\332AnY\246\322"
 3700      3681604F 
 3700      A4D54944 
 3700      9B4CB424 
 3700      DA416E59 
 3701 04af 308D561F 		.ascii	"0\215V\037\247\325\351\304\374$\315RiH\243!\235\206"
 3701      A7D5E9C4 
 3701      FC24CD52 
 3701      6948A321 
 3701      9D86
 3702 04c1 59C4379B 		.ascii	"Y\3047\233\2069\364U\222J\025\251\366\355\276\311\340"
 3702      8639F455 
 3702      924A15A9 
 3702      F6EDBEC9 
 3702      E0
 3703 04d2 DD234965 		.ascii	"\335#Ie\212\314\346\0058\377\026\274\335':m\324{\276"
 3703      8ACCE605 
 3703      38FF16BC 
 3703      DD273A6D 
 3703      D47BBE
 3704 04e5 85FCB5AF 		.ascii	"\205\374\265\257a{\025w\203h\006~!\3108]\2570\370\336"
 3704      617B1577 
 3704      8368067E 
 3704      21C8385D 
 3704      AF30F8DE 
 3705 04f9 270062A0 		.ascii	"'\000b\240D\2067Y\227IC8\327\317\014*\261\360\226\\"
 3705      44863759 
 3705      97494338 
 3705      D7CF0C2A 
 3705      B1F0965C 
 3706 050d 4BADB810 		.ascii	"K\255\270\020\362\275\336\336\251\324\273\227\311\224"
 3706      F2BDDEDE 
 3706      A9D4BB97 
 3706      C994
 3707 051b 4A658A72 		.ascii	"Je\212r\375\330\301#\022\323E_U\334\342Ua\211P}\262"
 3707      FDD8C123 
ARM GAS  C:\Users\acest\AppData\Local\Temp\ccvMP4Ad.s 			page 121


 3707      12D3455F 
 3707      55DCE255 
 3707      6189507D 
 3708 0530 7302FB6C 		.ascii	"s\002\373l\352\002\366y,\211}\264\361\217\323\374\343"
 3708      EA02F679 
 3708      2C897DB4 
 3708      F18FD3FC 
 3708      E3
 3709 0541 6C5704E5 		.ascii	"lW\004\345 M\007\222\244\253\220\277\263/2\240L\026"
 3709      204D0792 
 3709      A4AB90BF 
 3709      B32F32A0 
 3709      4C16
 3710 0553 769A2176 		.ascii	"v\232!v\254\235d\33042\254T\206\345\272\255\330\201"
 3710      AC9D64D8 
 3710      3432AC54 
 3710      86E5BAAD 
 3710      D881
 3711 0565 E3A00C4D 		.ascii	"\343\240\014M\3058\323\367\336\031\224\306\345H c\311"
 3711      C538D3F7 
 3711      DE1994C6 
 3711      E5482063 
 3711      C9
 3712 0576 FFD98836 		.ascii	"\377\331\2106\212f\272nw\311\3649\270n\367\365C5\200"
 3712      8A66BA6E 
 3712      77C9F439 
 3712      B86EF7F5 
 3712      433580
 3713 0589 B5855147 		.ascii	"\265\205QG\016\331\230\351\203\347\232\317\335lI\300"
 3713      0ED998E9 
 3713      83E79ACF 
 3713      DD6C49C0 
 3714 0599 42C3313C 		.ascii	"B\3031<d\203~\220\372\241`\355\234\200\36283'\336\217"
 3714      64837E90 
 3714      FAA160ED 
 3714      9C80F238 
 3714      3327DE8F 
 3715 05ad 605D23CC 		.ascii	"`]#\314\022Hx\377\360\276\221+V\364\004o.\310\302\266"
 3715      124878FF 
 3715      F0BE912B 
 3715      56F4046F 
 3715      2EC8C2B6 
 3716 05c1 DD411DE4 		.ascii	"\335A\035\344P\335\270\200\002\341\335\230Jn\254`n0"
 3716      50DDB880 
 3716      02E1DD98 
 3716      4A6EAC60 
 3716      6E30
 3717 05d3 BCC75176 		.ascii	"\274\307Qv\257D\233\025ns2V\006\334\314\24775\311\203"
 3717      AF449B15 
 3717      6E733256 
 3717      06DCCCA7 
 3717      3735C983 
 3718 05e7 EB1AB677 		.ascii	"\353\032\266w\372\001\353\204\036\342\333\200\252\012"
 3718      FA01EB84 
 3718      1EE2DB80 
 3718      AA0A
 3719 05f5 FC451DC8 		.ascii	"\374E\035\310\363$\262\211M\375\303m#\357\332\310,\254"
ARM GAS  C:\Users\acest\AppData\Local\Temp\ccvMP4Ad.s 			page 122


 3719      F324B289 
 3719      4DFDC36D 
 3719      23EFDAC8 
 3719      2CAC
 3720 0607 309A1431 		.ascii	"0\232\0241\331N\254L\300\352\356\351\334\320\244\200"
 3720      D94EAC4C 
 3720      C0EAEEE9 
 3720      DCD0A480 
 3721 0617 220BE44D 		.ascii	"\"\013\344M\240[\331\233\030T\320\205\311\260z4\330"
 3721      A05BD99B 
 3721      1854D085 
 3721      C9B07A34 
 3721      D8
 3722 0628 3EB453E5 		.ascii	">\264S\345`\257O\242RS\205\004\023\032\336\007\205g"
 3722      60AF4FA2 
 3722      52538504 
 3722      131ADE07 
 3722      8567
 3723 063a F7CF4759 		.ascii	"\367\317GY\244\200\247\206\351\360\276K\347\025=+7\241"
 3723      A480A786 
 3723      E9F0BE4B 
 3723      E7153D2B 
 3723      37A1
 3724 064c 460AC90B 		.ascii	"F\012\311\013\330\342t\377\316\341TD\245\341\372\031"
 3724      D8E274FF 
 3724      CEE15444 
 3724      A5E1FA19 
 3725 065c 8C4A37F7 		.ascii	"\214J7\367\257\022\375;\317\374\253)\352@\231\251\270"
 3725      AF12FD3B 
 3725      CFFCAB29 
 3725      EA4099A9 
 3725      B8
 3726 066d 8373A27F 		.ascii	"\203s\242\177\371\225E+\200\034\354\324\374:\247MZ\220"
 3726      F995452B 
 3726      801CECD4 
 3726      FC3AA74D 
 3726      5A90
 3727 067f 2B9549A8 		.ascii	"+\225I\250\347\016\256\252\233\0206\014\275\221\024"
 3727      E70EAEAA 
 3727      9B10360C 
 3727      BD9114
 3728 068e 866A3D0C 		.ascii	"\206j=\014\3542W\303\243\240\211\330&,~\352\011d\350"
 3728      EC3257C3 
 3728      A3A089D8 
 3728      262C7EEA 
 3728      0964E8
 3729 06a1 DFB0A570 		.ascii	"\337\260\245py,\212\261H\037(\240]\277\231,\354\230"
 3729      792C8AB1 
 3729      481F28A0 
 3729      5DBF992C 
 3729      EC98
 3730 06b3 159415E1 		.ascii	"\025\224\025\341\000[\303\001+d\241\217\246\364\\+\363"
 3730      005BC301 
 3730      2B64A18F 
 3730      A6F45C2B 
 3730      F3
 3731 06c4 E4476B2F 		.ascii	"\344Gk/\002\370\271\367\233V6\364\354\031\207\215\226"
ARM GAS  C:\Users\acest\AppData\Local\Temp\ccvMP4Ad.s 			page 123


 3731      02F8B9F7 
 3731      9B5636F4 
 3731      EC19878D 
 3731      96
 3732 06d5 29DED1E3 		.ascii	")\336\321\343\003\350\003\036 %\240$\213\000Y@?\265"
 3732      03E8031E 
 3732      2025A024 
 3732      8B005940 
 3732      3FB5
 3733 06e7 71A42BA0 		.ascii	"q\244+\240\333n\201\367P\221\231Z5\3375)\240$\335\227"
 3733      DB6E81F7 
 3733      5091995A 
 3733      35DF3529 
 3733      A024DD97 
 3734 06fb 771D3B21 		.ascii	"w\035;!\202\267\277\344\254l\340L\3268\271\265\037h"
 3734      82B7BFE4 
 3734      AC6CE04C 
 3734      D638B9B5 
 3734      1F68
 3735 070d AC288FD9 		.ascii	"\254(\217\331\266\253\347\2410\273\222F\357\252\323"
 3735      B6ABE7A1 
 3735      30BB9246 
 3735      EFAAD3
 3736 071c 8C41796C 		.ascii	"\214Ayl\327q\334\305\217Le\321r\026\273\213\300\323"
 3736      D771DCC5 
 3736      8F4C65D1 
 3736      7216BB8B 
 3736      C0D3
 3737 072e 62078FD3 		.ascii	"b\007\217\323@\357\004\375\204D\206\207\362\243P\356"
 3737      40EF04FD 
 3737      84448687 
 3737      F2A350EE 
 3738 073e F5C69096 		.ascii	"\365\306\220\226\217\371A'\325L\207\010\327l\274y\204"
 3738      8FF94127 
 3738      D54C8708 
 3738      D76CBC79 
 3738      84
 3739 074f 8F7912C5 		.ascii	"\217y\022\305|\303\230\012\262\221W\020^\354\"I\362"
 3739      7CC3980A 
 3739      B2915710 
 3739      5EEC2249 
 3739      F2
 3740 0760 BF654984 		.ascii	"\277eI\204e\240z\025\340\335\205)\270y\306\006\2279"
 3740      65A07A15 
 3740      E0DD8529 
 3740      B879C606 
 3740      9739
 3741 0772 BE7D9303 		.ascii	"\276}\223\003\312T=*a\012\026\301\002\3652l6\300\376"
 3741      CA543D2A 
 3741      610A16C1 
 3741      02F5326C 
 3741      36C0FE
 3742 0785 29C7F292 		.ascii	")\307\362\2228\246\371+\233\2271(\360\242D\347\247\227"
 3742      38A6F92B 
 3742      9B973128 
 3742      F0A244E7 
 3742      A797
ARM GAS  C:\Users\acest\AppData\Local\Temp\ccvMP4Ad.s 			page 124


 3743 0797 CECFD407 		.ascii	"\316\317\324\007X\3360\306\362\255c,o\224%q\374\314"
 3743      58DE30C6 
 3743      F2AD632C 
 3743      6F942571 
 3743      FCCC
 3744 07a9 77DB3F6C 		.ascii	"w\333?l\227BM\241{\236V\346.}\035\217\027gF\035l\266"
 3744      97424DA1 
 3744      7B9E56E6 
 3744      2E7D1D8F 
 3744      1767461D 
 3745 07bf E1439BCA 		.ascii	"\341C\233\312\\\262\304\324\216\367\243\242/\311\374"
 3745      5CB2C4D4 
 3745      8EF7A3A2 
 3745      2FC9FC
 3746 07ce 094C     		.ascii	"\011L"
 3747 07d0 8A65D421 		.ascii	"\212e\324!\036\030\036X\331\254\025\357\301u\265\003"
 3747      1E181E58 
 3747      D9AC15EF 
 3747      C175B503 
 3748 07e0 7E44E733 		.ascii	"~D\3473\201\216?(Bz\333?\215\027\303N\316\367I\360\364"
 3748      818E3F28 
 3748      427ADB3F 
 3748      8D17C34E 
 3748      CEF749F0 
 3749 07f5 E0A9047C 		.ascii	"\340\251\004|\3230j\327\240\217\363\235\037\031@\352"
 3749      D3306AD7 
 3749      A08FF39D 
 3749      1F1940EA 
 3750 0805 1171E005 		.ascii	"\021q\340\005\025OE+C\325\312\231\006\277\373\270\241"
 3750      154F452B 
 3750      43D5CA99 
 3750      06BFFBB8 
 3750      A1
 3751 0816 AB16F059 		.ascii	"\253\026\360Y\302\263\245\313\006\307A\272\006\371\217"
 3751      C2B3A5CB 
 3751      06C741BA 
 3751      06F98F
 3752 0825 5277EFA1 		.ascii	"Rw\357\241\207\357\224\233j\021\242\221\210Sz;\303N"
 3752      87EF949B 
 3752      6A11A291 
 3752      88537A3B 
 3752      C34E
 3753 0837 99DED0B0 		.ascii	"\231\336\320\260K\206\035\014\255)Cl\375!\266\330\304"
 3753      4B861D0C 
 3753      AD29436C 
 3753      FD21B6D8 
 3753      C4
 3754 0848 229BDFFF 		.ascii	"\"\233\337\377q\260b\320*\321\333\207\373U\261\232\373"
 3754      71B062D0 
 3754      2AD1DB87 
 3754      FB55B19A 
 3754      FB
 3755 0859 C50E0F76 		.ascii	"\305\016\017v#\263\006\2755\224\214\002\366\207a/\302"
 3755      23B306BD 
 3755      35948C02 
 3755      F687612F 
 3755      C2
ARM GAS  C:\Users\acest\AppData\Local\Temp\ccvMP4Ad.s 			page 125


 3756 086a 6E41692C 		.ascii	"nAi,\023\260:Y\302\225M\226\247\210\250\035\366#\273"
 3756      13B03A59 
 3756      C2954D96 
 3756      A788A81D 
 3756      F623BB
 3757 087d 15D9FB61 		.ascii	"\025\331\373ai2\026\0273\376\307\364\261\004\225\211"
 3757      69321617 
 3757      33FEC7F4 
 3757      B1049589 
 3758 088d CCA71BF3 		.ascii	"\314\247\033\363\005\232\253\010\3156\356hu\247hK\237"
 3758      059AAB08 
 3758      CD36EE68 
 3758      75A7684B 
 3758      9F
 3759 089e 043F25F0 		.ascii	"\004?%\360Np\3626\035\274\255\004^;\247v\014\350\340"
 3759      4E70F236 
 3759      1DBCAD04 
 3759      5E3BA776 
 3759      0CE8E0
 3760 08b1 7508F0D2 		.ascii	"u\010\360\322\214\340}\021\002\357\244\021<\001\323"
 3760      8CE07D11 
 3760      02EFA411 
 3760      3C01D3
 3761 08c0 41069811 		.ascii	"A\006\230\021\233\366\001\304\246C`\263\256\266\246"
 3761      9BF601C4 
 3761      A64360B3 
 3761      AEB6A6
 3762 08cf 9307748D 		.ascii	"\223\007t\215?\211\243\325m@\213z\267\365\376h\251\320"
 3762      3F89A3D5 
 3762      6D408B7A 
 3762      B7F5FE68 
 3762      A9D0
 3763 08e1 82EEDB18 		.ascii	"\202\356\333\030Z\005m\305X\021l\310OF\252\300\020\374"
 3763      5A056DC5 
 3763      58116CC8 
 3763      4F46AAC0 
 3763      10FC
 3764 08f3 81681148 		.ascii	"\201h\021Hf\370\004\024{!\230\203\312#~%\216*q\004q"
 3764      66F80414 
 3764      7B219883 
 3764      CA237E25 
 3764      8E2A7104 
 3765 0908 46513E4E 		.ascii	"FQ>N\2423\322Gg\304\016Gx\226\227*\011oo\334^\257\000"
 3765      A233D247 
 3765      67C40E47 
 3765      7896972A 
 3765      096F6FDC 
 3766 091f 60A65A77 		.ascii	"`\246ZwVnJ\323\323}\244\273\021\360:\310\346\253\262"
 3766      566E4AD3 
 3766      D37DA4BB 
 3766      11F03AC8 
 3766      E6ABB2
 3767 0932 8C7D3F5F 		.ascii	"\214}?_\016\333\367\013d\275\357\027\312Z\337O\017\365"
 3767      0EDBF70B 
 3767      64BDEF17 
 3767      CA5ADF4F 
 3767      0FF5
ARM GAS  C:\Users\acest\AppData\Local\Temp\ccvMP4Ad.s 			page 126


 3768 0944 FD0239D4 		.ascii	"\375\0029\324\3677W5/'\351\254\361\247\263}U\347\347"
 3768      F7375735 
 3768      2F27E9AC 
 3768      F1A7B37D 
 3768      55E7E7
 3769 0957 F1002CC5 		.ascii	"\361\000,\305|\210\346\323\"Y\254j\315\273X\326\233"
 3769      7C88E6D3 
 3769      2259AC6A 
 3769      CDBB58D6 
 3769      9B
 3770 0968 F7BFE450 		.ascii	"\367\277\344P\363NC6\261\011\013dU\321J&{\251,ib\014"
 3770      F34E4336 
 3770      B1090B64 
 3770      55D14A26 
 3770      7BA92C69 
 3771 097e DD3B8DF7 		.ascii	"\335;\215\367R\324\306\260\3072\0379\032\373\370Q\330"
 3771      52D4C6B0 
 3771      C7321F39 
 3771      1AFBF851 
 3771      D8
 3772 098f 7F2EB047 		.ascii	"\177.\260G\350\316\354\177\005\231I\002\376\015A<\206"
 3772      E8CEEC7F 
 3772      05994902 
 3772      FE0D413C 
 3772      86
 3773 09a0 C9E21FB9 		.ascii	"\311\342\037\271@\027\230!\210\306\236g\331\270\271"
 3773      40179821 
 3773      88C69E67 
 3773      D9B8B9
 3774 09af F2BB3AD6 		.ascii	"\362\273:\326w\313\024[W\347\235\030B\323\304\002\276"
 3774      77CB145B 
 3774      57E79D18 
 3774      42D3C402 
 3774      BE
 3775 09c0 AF9A6A15 		.ascii	"\257\232j\025\307\363Q}\350\336\236\205H\025\212\322"
 3775      C7F3517D 
 3775      E8DE9E85 
 3775      48158AD2 
 3776 09d0 F113BF12 		.ascii	"\361\023\277\022/I\024\257\311\364\225\267\213\335Y"
 3776      2F4914AF 
 3776      C9F495B7 
 3776      8BDD59
 3777 09df AC26FF12 		.ascii	"\254&\377\022o\270\264b\003^\234\"\316~\272%Y\017\326"
 3777      6FB8B462 
 3777      035E9C22 
 3777      CE7EBA25 
 3777      590FD6
 3778 09f2 C9F32DE2 		.ascii	"\311\363-\342.#c\310\321\247h\002\2165\377\3418\324"
 3778      2E2363C8 
 3778      D1A76802 
 3778      8E35FFE1 
 3778      38D4
 3779 0a04 1A50A631 		.ascii	"\032P\2461\323'q\034\356\020\201\211\261\033b\236\377"
 3779      D327711C 
 3779      EE108189 
 3779      B11B629E 
 3779      FF
ARM GAS  C:\Users\acest\AppData\Local\Temp\ccvMP4Ad.s 			page 127


 3780 0a15 ACC45612 		.ascii	"\254\304V\022\231\310\341\363Z\374\363\327\316\305\267"
 3780      99C8E1F3 
 3780      5AFCF3D7 
 3780      CEC5B7
 3781 0a24 4BF8B2CA 		.ascii	"K\370\262\312\356b'\306\224\325vcY\215\242\262\3321"
 3781      EE6227C6 
 3781      94D57663 
 3781      598DA2B2 
 3781      DA31
 3782 0a36 BA217865 		.ascii	"\272!xe\275!,\221\365\2060\353>m\340\344\3506p\212\267"
 3782      BD212C91 
 3782      F58630EB 
 3782      3E6DE0E4 
 3782      E836708A 
 3783 0a4b 01AFB8CD 		.ascii	"\001\257\270\315t\257i~\233\005|Dk\003\257\204\025\245"
 3783      74AF697E 
 3783      9B057C44 
 3783      6B03AF84 
 3783      15A5
 3784 0a5d DB7B7A8C 		.ascii	"\333{z\214\275g\306\330\373\025? C\220\010m\262\355"
 3784      BD67C6D8 
 3784      FB153F20 
 3784      4390086D 
 3784      B2ED
 3785 0a6f 6E75730C 		.ascii	"nus\014B\026\321PkF\320\"/\264\266\313:\366\345=-T\377"
 3785      4216D150 
 3785      6B46D022 
 3785      2FB4B6CB 
 3785      3AF6E53D 
 3786 0a86 8B451093 		.ascii	"\213E\020\223\375\230\344\367{(t\031\037\012\267\332"
 3786      FD98E4F7 
 3786      7B287419 
 3786      1F0AB7DA 
 3787 0a96 3FB09339 		.ascii	"?\260\2239_\217y*\234\243(&\004\024\324\031\027T\246"
 3787      5F8F792A 
 3787      9CA32826 
 3787      0414D419 
 3787      1754A6
 3788 0aa9 30352B49 		.ascii	"05+I\015\332\203w\205D\273\212\023\\\217\267\257\032"
 3788      0DDA8377 
 3788      8544BB8A 
 3788      135C8FB7 
 3788      AF1A
 3789 0abb 31B1F443 		.ascii	"1\261\364C\316t{i\303\262\266b\204\002\217_\231\022"
 3789      CE747B69 
 3789      C3B2B662 
 3789      84028F5F 
 3789      9912
 3790 0acd 7572FF57 		.ascii	"ur\377W3Cm\247\242\276\331N\341d9q\005\243<\035\345"
 3790      33436DA7 
 3790      A2BED94E 
 3790      E1643971 
 3790      05A33C1D 
 3791 0ae2 F0D38009 		.ascii	"\360\323\200\0111L\004\246fK\317<=\327\247\213\\Gi\321"
 3791      314C04A6 
 3791      664BCF3C 
 3791      3DD7A78B 
ARM GAS  C:\Users\acest\AppData\Local\Temp\ccvMP4Ad.s 			page 128


 3791      5C4769D1 
 3792 0af6 97DEBD3A 		.ascii	"\227\336\275:Awy+\331\302\263r\230%\014\261\304\030"
 3792      4177792B 
 3792      D9C2B372 
 3792      98250CB1 
 3792      C418
 3793 0b08 14522AD1 		.ascii	"\024R*\321\212x\313\364\360T\3020\257(Aj\254\036\216"
 3793      8A78CBF4 
 3793      F054C230 
 3793      AF28416A 
 3793      AC1E8E
 3794 0b1b 19A11367 		.ascii	"\031\241\023g\014\307y\303\235\257\227]\020\276\221"
 3794      0CC779C3 
 3794      9DAF975D 
 3794      10BE91
 3795 0b2a A9FA1709 		.ascii	"\251\372\027\011\214\037\365+\343\302aLw\237\311\004"
 3795      8C1FF52B 
 3795      E3C2614C 
 3795      779FC904 
 3796 0b3a E9C53111 		.ascii	"\351\3051\021\3565F\230\211\354#\220c\321\306\240\362"
 3796      EE354698 
 3796      89EC2390 
 3796      63D1C6A0 
 3796      F2
 3797 0b4b 18013B01 		.ascii	"\030\001;\001\035\216\362\3277\343\321I\214V\311\243"
 3797      1D8EF2D7 
 3797      37E3D149 
 3797      8C56C9A3 
 3798 0b5b D8C65D2B 		.ascii	"\330\306]+&\351N\177IwJ\361*\214\201\375\3679\020L\375"
 3798      26E94E7F 
 3798      49774AF1 
 3798      2A8C81FD 
 3798      F739104C 
 3799 0b70 A531EA2F 		.ascii	"\2451\352/\217Q\177e\364\2018\020\272!\035\014\335\220"
 3799      8F517F65 
 3799      F4813810 
 3799      BA211D0C 
 3799      DD90
 3800 0b82 66DFE740 		.ascii	"f\337\347@\\\033} \372\371\2018 \356E\373\266`\254\233"
 3800      5C1B7D20 
 3800      FAF98138 
 3800      20EE45FB 
 3800      B660AC9B 
 3801 0b96 807E95E5 		.ascii	"\200~\225\345\347abXI\272\271\003c\314\035\034c\356"
 3801      E7616258 
 3801      49BAB903 
 3801      63CC1D1C 
 3801      63EE
 3802 0ba8 75ED3CA8 		.ascii	"u\355<\250\370\220P;\371\003i\010\242\360M\241\356."
 3802      F890503B 
 3802      F9036908 
 3802      A2F04DA1 
 3802      EE2E
 3803 0bba 2F4A1A82 		.ascii	"/J\032\202\361X\017U\377\210c\010L\370\226R\265d\354"
 3803      F1580F55 
 3803      FF886308 
 3803      4CF89652 
ARM GAS  C:\Users\acest\AppData\Local\Temp\ccvMP4Ad.s 			page 129


 3803      B564EC
 3804 0bcd A76218B7 		.ascii	"\247b\030\267a\2401!\224\214\201\255\315\354\201\315"
 3804      61A03121 
 3804      948C81AD 
 3804      CDEC81CD 
 3805 0bdd AEC11D72 		.ascii	"\256\301\035rX\323\254d\331\015\376\274`\277_\334\324"
 3805      58D3AC64 
 3805      D90DFEBC 
 3805      60BF5FDC 
 3805      D4
 3806 0bee DE16268E 		.ascii	"\336\026&\216\024\273F\213\212\207\235F\245\005\226"
 3806      14BB468B 
 3806      8A879D46 
 3806      A50596
 3807 0bfd DD17E251 		.ascii	"\335\027\342Qv\200\022\013\255\233\303\225\300\350\032"
 3807      7680120B 
 3807      AD9BC395 
 3807      C0E81A
 3808 0c0c 3F5ECB38 		.ascii	"?^\3138\206\346mq/\226\330\257D\374=\206\373y\031D5"
 3808      86E66D71 
 3808      2F96D8AF 
 3808      44FC3D86 
 3808      FB791944 
 3809 0c21 ECDAC12C 		.ascii	"\354\332\301,\234\352W\3063\023p9(Jh\274\376\323\301"
 3809      9CEA57C6 
 3809      33137039 
 3809      284A68BC 
 3809      FED3C1
 3810 0c34 00E5BDE8 		.ascii	"\000\345\275\350\253\300\250\371\354\221?\343\271\247"
 3810      ABC0A8F9 
 3810      EC913FE3 
 3810      B9A7
 3811 0c42 33FEE876 		.ascii	"3\376\350v\270\334\031\231Y\016\267'\343\327\016\367"
 3811      B8DC1999 
 3811      590EB727 
 3811      E3D70EF7 
 3812 0c52 5F3DB979 		.ascii	"_=\271y\031/\246\374*\345\271\224\337d\270\220\374r"
 3812      192FA6FC 
 3812      2AE5B994 
 3812      DF64B890 
 3812      FC72
 3813 0c64 9E2BF715 		.ascii	"\236+\367\025G\226G\232\227\222\222j\374\367\334\302"
 3813      4796479A 
 3813      9792926A 
 3813      FCF7DCC2 
 3814 0c74 ECF9D92F 		.ascii	"\354\371\331/y^[\220\235\233\232E\363\\\367\254\364"
 3814      795E5B90 
 3814      9D9B9A45 
 3814      F35CF7AC 
 3814      F4
 3815 0c85 F4F4D45C 		.ascii	"\364\364\324\\w\252\313\223\352ve!u\261'%KR\026\345"
 3815      77AACB93 
 3815      EA766521 
 3815      75B12725 
 3815      4B5216E5 
 3816 0c99 FE2D96CF 		.ascii	"\376-\226\317S\346\315\235\365\324\274\314?\317\221"
 3816      53E6CD9D 
ARM GAS  C:\Users\acest\AppData\Local\Temp\ccvMP4Ad.s 			page 130


 3816      F5D4BCCC 
 3816      3FCF91
 3817 0ca8 AC485CE0 		.ascii	"\254H\\\340pz2\225\305\236<u\261\307\231\247.p.\314"
 3817      707A3295 
 3817      C59E3C75 
 3817      B1C799A7 
 3817      2E702ECC 
 3818 0cbc 9B9DF574 		.ascii	"\233\235\365t\006\023\346f\2023\014\2023r\335\031.O"
 3818      0613E666 
 3818      82330C82 
 3818      3372DD19 
 3818      2E4F
 3819 0cce 46F6A22C 		.ascii	"F\366\242,\347k\013\034\270\342D&w\312B\311\352\314"
 3819      E76B0B1C 
 3819      B8E24426 
 3819      77CA42C9 
 3819      EACC
 3820 0ce0 747B3CD9 		.ascii	"t{<\3319\216\364\037\261\331\375:m}\366\301;\262rsr"
 3820      398EF41F 
 3820      B1D9FD3A 
 3820      6D7DF6C1 
 3820      3BB27273 
 3821 0cf5 721765E4 		.ascii	"r\027e\344\345\272<\010\221+g\361\334\231933\235\036"
 3821      E5BA3C08 
 3821      912B67F1 
 3821      DC993933 
 3821      339D1E
 3822 0d08 E4CBCA75 		.ascii	"\344\313\312u9P\200e~\246\333\361\274+\373w\377\227"
 3822      39508065 
 3822      7EA6DBF1 
 3822      BC2BFB77 
 3822      FF97
 3823 0d1a 20C7DF3D 		.ascii	" \307\337=$&#+\307\235MD\227#d\021\221^\376KV\026\011"
 3823      2426232B 
 3823      C79D4D44 
 3823      97236411 
 3823      915EFE4B 
 3824 0d31 45E3C89F 		.ascii	"E\343\310\237Y?\302\037\342',\262\027y\034\256\305\231"
 3824      593FC21F 
 3824      E2272CB2 
 3824      17791CAE 
 3824      C599
 3825 0d43 4E658133 		.ascii	"Ne\2013/\355G\354\307\350,\224LnO\246\313\2438\026-"
 3825      2FED47EC 
 3825      C7E82C94 
 3825      4C6E4FA6 
 3825      CBA33816 
 3826 0d58 30616C32 		.ascii	"0al2_7\261\010\375\342\301b\026f:\361\003\007\227g\346"
 3826      5F37B108 
 3826      FDE2C162 
 3826      16663AF1 
 3826      03079767 
 3827 0d6d A26CA7C0 		.ascii	"\242l\247\300\346e2\310\2052c\177\377\322\213\311\204"
 3827      E66532C8 
 3827      8532637F 
 3827      FFD28BC9 
 3827      84
ARM GAS  C:\Users\acest\AppData\Local\Temp\ccvMP4Ad.s 			page 131


 3828 0d7e 529E2B7B 		.ascii	"R\236+{F\362\2644IvI\226\034GN\256\353u\351\277<g\016"
 3828      46F2B434 
 3828      49764996 
 3828      1C474EAE 
 3828      EB75E9BF 
 3829 0d95 4A       		.ascii	"J"
 3830              		.text
 3831              		.section	.gnu.lto_chVTGetTimeStampI.343.b3bfb553,"e",%progbits
 3832 0000 789C9552 		.ascii	"x\234\225R]h\034U\024\276\337\334\331m\022E\223\027"
 3832      5D681C55 
 3832      14BEDFDC 
 3832      D96D1245 
 3832      9317
 3833 0012 11C9C3A2 		.ascii	"\021\311\303\242\250\010\272\233\004BcAP\242\342\263"
 3833      A808BA9B 
 3833      04426341 
 3833      50A2E2B3 
 3834 0022 22BE0C94 		.ascii	"\"\276\014\224u\263\232\255\333l\230\231\352\223\364"
 3834      75B39AAD 
 3834      DB6C9899 
 3834      EA93F4
 3835 0031 6637A6A5 		.ascii	"f7\246\245\210\2611V*\333\265YVIE\021\\\305\032\267"
 3835      88B13156 
 3835      2ADBB559 
 3835      56494511 
 3835      5CC51AB7 
 3836 0045 C9B64D1A 		.ascii	"\311\266M\032\333\264\266\251\211\265}\2505 MR\177\242"
 3836      DBB4B6A9 
 3836      89B57DA8 
 3836      35204D52 
 3836      7FA2
 3837 0057 A952B425 		.ascii	"\251R\264%\236sg\262\335\026\"8\014s\317=\363}\3379"
 3837      9E7367B2 
 3837      DD162238 
 3837      0C73CF3D 
 3837      F37DDF39 
 3838 006b E7BB77C6 		.ascii	"\347\273w\306\024b=\204\270O\010\001)0\260s\207!\224"
 3838      14623D84 
 3838      B84F0801 
 3838      2930B073 
 3838      872194
 3839 007e 528FAE33 		.ascii	"R\217\2563\320\263s\307\311}\207\237\304A\350\004\304"
 3839      D0B373C7 
 3839      C97D879F 
 3839      C441E804 
 3839      C4
 3840 008f 56035BF1 		.ascii	"V\003[\361\226\314J\014\310\002\201k\374\010(\213\007"
 3840      96CC4A0C 
 3840      C802816B 
 3840      FC08288B 
 3840      07
 3841 00a0 CA4A5DF9 		.ascii	"\312J]\371\351\235\305b\350t\346\265\355\2244D\216 "
 3841      E99DC562 
 3841      E874E6B5 
 3841      ED943444 
 3841      8E20
 3842 00b2 9F039F91 		.ascii	"\237\003\237\221<?\025\232Y\241\205(\222\235\374\347"
ARM GAS  C:\Users\acest\AppData\Local\Temp\ccvMP4Ad.s 			page 132


 3842      3C3F159A 
 3842      59A18528 
 3842      929DFCE7 
 3843 00c2 5EA22FFD 		.ascii	"^\242/\375R\274|\001j@\241 %\276\004\363\367\003_h~"
 3843      52BC7C01 
 3843      6A40A120 
 3843      25BE04F3 
 3843      F7035F68 
 3844 00d7 72A881C1 		.ascii	"r\250\201\301\257V\300?\027/,@\315\251z*\205\257pC\261"
 3844      AF56C03F 
 3844      172F2C40 
 3844      CDA97A2A 
 3844      85AF7043 
 3845 00ec E4A00667 		.ascii	"\344\240\006g\260\212>\365\341\210R\015=!\306\036\270"
 3845      B08A3EF5 
 3845      E188520D 
 3845      3D21C61E 
 3845      B8
 3846 00fd 09BB4D63 		.ascii	"\011\273Mc\267W\260K\227\212\037\375\350\267ab\354\246"
 3846      B757B04B 
 3846      978A1FFD 
 3846      E8B76162 
 3846      ECA6
 3847 010f 36FEAE0F 		.ascii	"6\376\256\017\012\224\201Q\240\004\214\200\247\024\302"
 3847      0A948151 
 3847      A0048C80 
 3847      A714C2
 3848 011e 206E5050 		.ascii	" nPP\014\034\322BA\262l\377\265\335-\202\334\313\221"
 3848      0C1CD242 
 3848      41B26CFF 
 3848      B5DD2D82 
 3848      DCCB91
 3849 0131 177EAA94 		.ascii	"\027~\252\224\235X\031\"\275\303\224\204 \006\306+\014"
 3849      9D581922 
 3849      BDC39484 
 3849      2006C62B 
 3849      0C
 3850 0142 A64B1CD1 		.ascii	"\246K\034\321\033y@/\367\263\251\273\336\330\363\333"
 3850      1B79402F 
 3850      F7B3A9BB 
 3850      DED8F3DB 
 3851 0152 5D595536 		.ascii	"]YU6\331\225I0\310k\007_\263Q\311O\033\375\306\257\214"
 3851      D9954930 
 3851      C86B075F 
 3851      B351C94F 
 3851      1BFDC6AF 
 3852 0167 4EE73275 		.ascii	"N\3472u\204\354\015\255B\305u\250w\002\362\257\033\204"
 3852      84EC0DAD 
 3852      42C575A8 
 3852      7702F2AF 
 3852      1B84
 3853 0179 FBEF3998 		.ascii	"\373\3579\230QO1\372X\265\360\224\026\036[C\370X\265"
 3853      514F31FA 
 3853      58B5F094 
 3853      161E5B43 
 3853      F858B5
 3854 018c F0942FAC 		.ascii	"\360\224/\254\007\236xw\0208\016\034\2057\267\324#\236"
ARM GAS  C:\Users\acest\AppData\Local\Temp\ccvMP4Ad.s 			page 133


 3854      079E7877 
 3854      10380E1C 
 3854      8537B7D4 
 3854      239E
 3855 019e 004F4538 		.ascii	"\000OE8\303s\355\223\323\201\262\272\272\322\257\324"
 3855      C373ED93 
 3855      D381B2BA 
 3855      BAD2AFD4 
 3856 01ae 991C7AA6 		.ascii	"\231\034z\246.\3154\324A\024d\300\240O\320\024\004\012"
 3856      2ECD34D4 
 3856      411464C0 
 3856      A04FD014 
 3856      040A
 3857 01c0 F0967C2E 		.ascii	"\360\226|.\241\206#!\372%_JeB\225\205xS\032\336&C\233"
 3857      A1862321 
 3857      FA255F4A 
 3857      65429585 
 3857      78531ADE 
 3858 01d7 45BA0367 		.ascii	"E\272\003g.\336Ikz\357st0\376\3352\365\230\2750(\034"
 3858      2EDE496B 
 3858      7AEF7374 
 3858      30FEDD32 
 3858      F598BD30 
 3859 01ed 96BAC30F 		.ascii	"\226\272\303\017\270\310:\234\002NB\364\"\255\324|#"
 3859      B8C83A9C 
 3859      024E42F4 
 3859      22ADD47C 
 3859      23
 3860 01fe 03A7E1A9 		.ascii	"\003\247\341\251\234\325*j\356\334\213z\371\341\342"
 3860      9CD52A6A 
 3860      EEDC8B7A 
 3860      F9E1E2
 3861 020d BCA1833F 		.ascii	"\274\241\203?\275\374\362\357\203\227'\263\240\243\323"
 3861      BDFCF2EF 
 3861      839727B3 
 3861      A0A3D3
 3862 021c D995C95A 		.ascii	"\331\225\311ZM[^xo\224\323\343^\372\333\311ZL@,!\263"
 3862      4D5B5E78 
 3862      6F94D3E3 
 3862      5EFADBC9 
 3862      5A4C402C 
 3863 0232 B7352F6B 		.ascii	"\2675/kt\00359\2522\316\325k\271\315\245k\371\261#\257"
 3863      74033539 
 3863      AA32CED5 
 3863      6BB9CDA5 
 3863      6BF9B123 
 3864 0247 830CA2EB 		.ascii	"\203\014\242\353C\030\315\373\207\212\374\212C\245}"
 3864      4318CDFB 
 3864      878AFC8A 
 3864      43A57D
 3865 0256 B7E6A5B9 		.ascii	"\267\346\245\271F\3473\272s\3327\321\364\363\267\025"
 3865      46E733BA 
 3865      73DA37D1 
 3865      F4F3B715 
 3866 0266 641D66B1 		.ascii	"d\035f\261\207\257_\323\020%\356(\310[\360\035%\370"
 3866      87AF5FD3 
 3866      1025EE28 
ARM GAS  C:\Users\acest\AppData\Local\Temp\ccvMP4Ad.s 			page 134


 3866      C85BF01D 
 3866      25F8
 3867 0278 44D88E66 		.ascii	"D\330\216fr\222\324\264\376\333\213\254\237\276\272"
 3867      7292D4B4 
 3867      FEDB8BAC 
 3867      9FBEBA
 3868 0287 6DD6CC4B 		.ascii	"m\326\314K?\233\016\321A\321\316\013\217\257\366\262"
 3868      3F9B0ED1 
 3868      41D1CE0B 
 3868      8FAFF6B2 
 3869 0297 FC7176E4 		.ascii	"\374qv\344|\016tl\336D\347k\361\015\210\234\311\365"
 3869      7C0E746C 
 3869      DE44E76B 
 3869      F10D889C 
 3869      C9F5
 3870 02a9 CD122640 		.ascii	"\315\022&@0\237D\223L\367\275\257'9\252M\3242\302/d"
 3870      309F4493 
 3870      4CF7BDAF 
 3870      2739AA4D 
 3870      D432C22F 
 3871 02be E425BD01 		.ascii	"\344%\275\001ff\373N\0203\250\023~\345\022't\201\335"
 3871      6666FB4E 
 3871      1033A813 
 3871      7EE51227 
 3871      7481DD
 3872 02d1 8BDADFBB 		.ascii	"\213\332\337\273+\237\271\334&\366b\327B\343\032F|_"
 3872      2B9FB9DC 
 3872      26F662D7 
 3872      42E31A46 
 3872      7C5F
 3873 02e3 6DC4B064 		.ascii	"m\304\260d#\316^7b\370v6\342\234g\304j\221\"\025\371"
 3873      23CE5E37 
 3873      62F87636 
 3873      E29C67C4 
 3873      6A912215 
 3874 02f8 833C69E5 		.ascii	"\203<i\345\204\340\013\005\357\016\245\313\274}\260"
 3874      84E00B05 
 3874      EF0EA5CB 
 3874      BC7DB0
 3875 0307 7D83F5AC 		.ascii	"}\203\365\254\023\267\035+\032\213;\256\365x\334y\311"
 3875      13B71D2B 
 3875      1A8B3BAE 
 3875      F578DC79 
 3875      C9
 3876 0318 4D755B4F 		.ascii	"Mu[O\207\037\013\267\207\237\260lJo\354\266S\233\342"
 3876      871F0BB7 
 3876      879FB06C 
 3876      4A6FECB6 
 3876      539BE2
 3877 032b 3157B485 		.ascii	"1W\264\205\303\221\352\267\2753\361|\342\031wKG\"\025"
 3877      C391EAB7 
 3877      BD33F17C 
 3877      E219774B 
 3877      472215
 3878 033e 89719C72 		.ascii	"\211q\234rZ\232\233\233#)'b\273\021\307\216Q\366e7\034"
 3878      5A9A9B9B 
 3878      23292762 
ARM GAS  C:\Users\acest\AppData\Local\Temp\ccvMP4Ad.s 			page 135


 3878      BB11C78E 
 3878      51F66537 
 3879 0353 13B22BF5 		.ascii	"\023\262+\365J\275\027\207\333\326\267<\334\026}\241"
 3879      4ABD1787 
 3879      DBD6B73C 
 3879      DC167DA1 
 3880 0363 55041C37 		.ascii	"U\004\0347\272\271\333LF\035W\246\022\335M\261\015\226"
 3880      BAB9DB4C 
 3880      461D57A6 
 3880      12DD4DB1 
 3880      0D96
 3881 0375 1671B4A0 		.ascii	"\026q\264\240U%h\245\034\313v\255DW,\271\245#ni\241"
 3881      552568A5 
 3881      1CCB76AD 
 3881      44572CB9 
 3881      A5236E69 
 3882 038a 4ECDB7DD 		.ascii	"N\315\267\335\226\377As\023\233\343D\224\361\256\216"
 3882      96FF4173 
 3882      139BE344 
 3882      94F1AE8E 
 3883 039a 47FE9BD6 		.ascii	"G\376\233\326\031M\322B\037\333}\250+\221\244\337\261"
 3883      194DD242 
 3883      1FDB7DA8 
 3883      2B91A4DF 
 3883      B1
 3884 03ab 941DDFC8 		.ascii	"\224\035\337\310\0026)\374\013\011\335\374V"
 3884      023629FC 
 3884      0B09DDFC 
 3884      56
 3885              		.text
 3886              		.section	.gnu.lto_chVTResetTimeStampI.344.b3bfb553,"e",%progbits
 3887 0000 789C7D50 		.ascii	"x\234}PAk\023A\024~o\337&m\020\217B\357\236\004\335"
 3887      416B1341 
 3887      147E6FDF 
 3887      266D108F 
 3887      42EF9E04 
 3888 0015 4D04410A 		.ascii	"M\004A\012\202\022\375\003\212\267\201R\267\013Y\215"
 3888      8212FD03 
 3888      8AB78152 
 3888      B70B598D 
 3889 0025 DD32B3F5 		.ascii	"\3352\263\365\3321\025\01794mE\204RC[\026i/z\212V\254"
 3889      DA31150F 
 3889      39346D45 
 3889      8452435B 
 3889      16692F7A 
 3890 003c 65D1430E 		.ascii	"e\321C\016^D!\012\"\250P(9Hi\225z(\3047\223\012=9\314"
 3890      5E44210A 
 3890      22A85028 
 3890      39486995 
 3890      7A28C437 
 3891 0055 BC79DFF7 		.ascii	"\274y\337\367\3367\363\336\273\217\000\035\0008\311"
 3891      DE37F3DE 
 3891      BB8F001D 
 3891      0038C9
 3892 0064 0709707E 		.ascii	"\007\011p~\256\356\200\326\372\342\200\203w\347\352"
 3892      AEEE80D6 
 3892      FAE28083 
ARM GAS  C:\Users\acest\AppData\Local\Temp\ccvMP4Ad.s 			page 136


 3892      77E7EA
 3893 0073 056CA145 		.ascii	"\005l\241E\010S\016N\341\003:\305\360\317\326\243\265"
 3893      08530E4E 
 3893      E1033AC5 
 3893      F0CFD6A3 
 3893      B5
 3894 0084 D6905ECD 		.ascii	"\326\220^\3150%\200&\237\303\225?D\270Hh}\304\347\010"
 3894      30258026 
 3894      9FC3953F 
 3894      44B84868 
 3894      7DC4E708 
 3895 0098 06185567 		.ascii	"\006\030Ug\341=\002?\330$\347\037\267\361\371mo\231"
 3895      E13D023F 
 3895      D824E71F 
 3895      B7F1F96D 
 3895      6F99
 3896 00aa BF7DC124 		.ascii	"\277}\301$\0329\256[\011W\005\317>\3442}\320k\350l\377"
 3896      1A39AE5B 
 3896      095705CF 
 3896      3EE4327D 
 3896      D06BE86C 
 3897 00bf D85A6B69 		.ascii	"\330Zki\367i\313\315#\244\204.\033\007\240A\246P\355"
 3897      F769CBCD 
 3897      23A4842E 
 3897      1B07A041 
 3897      A650ED
 3898 00d2 A2CE0066 		.ascii	"\242\316\000f\311\351\203i\006]\324?>u\267\035\353|"
 3898      C9E98369 
 3898      065DD43F 
 3898      3E75B71D 
 3898      EB7C
 3899 00e4 E90E997B 		.ascii	"\351\016\231{\357\373\314\257\366\"\362O\226\355\265"
 3899      EFFBCCAF 
 3899      F622F24F 
 3899      96EDB5
 3900 00f3 0B366F6F 		.ascii	"\0136oo\353\341\246\241\327\373\364\307v\001_\"\354"
 3900      EBE1A6A1 
 3900      D7FBF4C7 
 3900      76015F22 
 3900      EC
 3901 0104 E0F4D2B9 		.ascii	"\340\364\322\271\025r\357\241\223\0225\211L<%\027~b"
 3901      1572EFA1 
 3901      93123589 
 3901      4C3C2517 
 3901      7E62
 3902 0116 EDA0BDFF 		.ascii	"\355\240\275\377\256\2630\233\343FV\210\267!\337\354"
 3902      AEB3309B 
 3902      E3465688 
 3902      B721DFEC 
 3903 0126 D47F13B7 		.ascii	"\324\177\023\2674O)\345l\303V\231[\345a0xb\304y\334"
 3903      344F29E5 
 3903      6CC35699 
 3903      5BE56130 
 3903      7862C479 
 3904 013b 407C6583 		.ascii	"@|e\203E\256t\373xJ\003\370\032\037\233y\025\227\231"
 3904      45AE74FB 
 3904      784A03F8 
ARM GAS  C:\Users\acest\AppData\Local\Temp\ccvMP4Ad.s 			page 137


 3904      1A1F9B79 
 3904      159799
 3905 014e 3891D220 		.ascii	"8\221\322 n2\301\315\363\313\260\213\265o_\273\203v"
 3905      6E32C1CD 
 3905      F3CBB08B 
 3905      B56F5FBB 
 3905      8376
 3906 0160 B00DC27E 		.ascii	"\260\015\302~{\265\314\300\323\345aq]\205R\211\321 "
 3906      7BB5CCC0 
 3906      D3E56171 
 3906      5D855289 
 3906      D120
 3907 0172 5489B81C 		.ascii	"T\211\270\034\252[I<!\256z\227\274\262wEH\246G&d|3\014"
 3907      AA5B493C 
 3907      21AE7A97 
 3907      BCB27745 
 3907      48A64726 
 3908 018a 1238EF79 		.ascii	"\0228\357y\376\321]\256D7\242k\311\344X\024\373\201"
 3908      FED15DAE 
 3908      4437A26B 
 3908      C9E45814 
 3908      FB81
 3909 019c F16375B6 		.ascii	"\361cu\266T*\371\261\362e\342+\0310{'\361\002(\006\303"
 3909      542AF9B1 
 3909      F265E22B 
 3909      19307B27 
 3909      F1022806 
 3910 01b1 C226289B 		.ascii	"\302&(\233,\216$\213X\011\231\210h<\250N\216\205\302"
 3910      2C8E248B 
 3910      58099988 
 3910      683CA84E 
 3910      8E85C2
 3911 01c4 0A2A70E1 		.ascii	"\012*p\341\377\202\312h\225/6293\036U9\034\3042\034"
 3911      FF82CA68 
 3911      952F3632 
 3911      39331E55 
 3911      391CC432 
 3912 01d9 49A2DBA1 		.ascii	"I\242\333\241d\365_\252\223\322\331"
 3912      64F55FAA 
 3912      93D2D9
 3913              		.text
 3914              		.section	.gnu.lto_.symbol_nodes.b3bfb553,"e",%progbits
 3915 0000 789C75D2 		.ascii	"x\234u\322\273K\034Q\024\006\360s\316\267\3568\373\032"
 3915      BB4B1C51 
 3915      1406F073 
 3915      CEB7EE38 
 3915      FB1A
 3916 0012 1FE03641 		.ascii	"\037\3406Aml\002\202$\220\332\277%v\261\260\010X\330"
 3916      6D6C0282 
 3916      2490DABF 
 3916      2576B1B0 
 3916      0858D8
 3917 0025 9CDD6520 		.ascii	"\234\335e !\022\020\264\330\2006f\252-$\"\2015\250\204"
 3917      211210B4 
 3917      D8803666 
 3917      AA2D2422 
 3917      8135A884 
ARM GAS  C:\Users\acest\AppData\Local\Temp\ccvMP4Ad.s 			page 138


 3918 0039 55D0806F 		.ascii	"U\320\200o71\301\027\254kP\322\005\254\204\230\273\316"
 3918      3731C117 
 3918      AC6B50D2 
 3918      05AC8498 
 3918      BBCE
 3919 004b 2C367B4F 		.ascii	",6{Ou\270\277\357\236\271\303\275\303 \"\031P\272\336"
 3919      75B8BFEF 
 3919      9EB9C3BD 
 3919      C3202219 
 3919      50BADE
 3920 005e FEF09CA7 		.ascii	"\376\360\234\247v\211\224h9\227\317\017\021S\243d_\224"
 3920      76899468 
 3920      3997CF0F 
 3920      1153A364 
 3920      5F94
 3921 0070 8B4BBFB7 		.ascii	"\213K\277\267\321R\367D\305\256\007\242\2707\325Z\017"
 3921      D152F744 
 3921      C5AE07A2 
 3921      B837D55A 
 3921      0F
 3922 0081 45633953 		.ascii	"Ec9S\261\246~\311\3459\302\266_B\375\215\320\221h\233"
 3922      B1A67EC9 
 3922      E539C2B6 
 3922      5F42FD8D 
 3922      D091689B 
 3923 0095 2D2455D1 		.ascii	"-$U\321\270\025\277\213:\245\223\332\213V\366C\264}"
 3923      B815BF8B 
 3923      3AA593DA 
 3923      8B56F643 
 3923      B47D
 3924 00a7 EEFD4D6F 		.ascii	"\356\375Mo+;\026u\255C\177\212&l\310\247\242\311\373"
 3924      2B3B1675 
 3924      AD437F8A 
 3924      266CC8A7 
 3924      A2C9FB
 3925 00ba A8FA1E02 		.ascii	"\250\372\036\002D&\333P>\023M\331\354B4m\263\023\321"
 3925      4426DB50 
 3925      3E134DD9 
 3925      EC42346D 
 3925      B313D1
 3926 00cd 8CCDCE45 		.ascii	"\214\315\316E=\233]\212vX\014\224\012\177\241\236\004"
 3926      3D9B5D8A 
 3926      76580C94 
 3926      0A7FA19E 
 3926      04
 3927 00de 7784B717 		.ascii	"w\204\267\027\364\200\275p\325\357\005G\001\177\004"
 3927      F480BD70 
 3927      D5EF0547 
 3927      017F04
 3928 00ed 9C797819 		.ascii	"\234yx\031\376(8\275Y|[d\256\217A2\241od \321\256\240"
 3928      FE2838BD 
 3928      597C5B64 
 3928      AE8F4132 
 3928      A16F6420 
 3929 0104 0BD21C9B 		.ascii	"\013\322\034\233\205D\331\240\017\360\302\027\340\307"
 3929      8544D9A0 
 3929      0FF0C217 
ARM GAS  C:\Users\acest\AppData\Local\Temp\ccvMP4Ad.s 			page 139


 3929      E0C7
 3930 0112 012EBF9B 		.ascii	"\001.\277\233{\306\265\004 \263\301\242\361B\026\240"
 3930      7BC6B504 
 3930      20B3C1A2 
 3930      F14216A0 
 3931 0122 ADDBDA0E 		.ascii	"\255\333\332\016\270\226E\014\341\200\212\203\370c\353"
 3931      B896450C 
 3931      E1808A83 
 3931      F863EB
 3932 0131 747EDA7A 		.ascii	"t~\332z\363\224\203\0218\336\327Ry\315L}\005GJ\323\223"
 3932      F3948311 
 3932      38DED752 
 3932      79CD4C7D 
 3932      05474AD3 
 3933 0146 67C495D7 		.ascii	"g\304\225\327h\367\312\2533O8\360\3406\317\222\200\333"
 3933      68F7CAAB 
 3933      334F38F0 
 3933      E036CF92 
 3933      80DB
 3934 0158 F9AF5AAA 		.ascii	"\371\257Z\252\022\327_\302M}\253\374\2714\007\0307\201"
 3934      12D75FC2 
 3934      4D7DABFC 
 3934      B9340718 
 3934      3781
 3935 016a 95E9C521 		.ascii	"\225\351\305!\336\230\200\233\2768\277\363\330\377\310"
 3935      DE98809B 
 3935      BE38BFF3 
 3935      D8FFC8
 3936 0179 70F96AAF 		.ascii	"p\371j\257*\\X0-\035\257\237\016\362\374\222ie\341o"
 3936      2A5C5830 
 3936      2D1DAF9F 
 3936      0EF2FC92 
 3936      6965E16F 
 3937 018d B99B0B6B 		.ascii	"\271\233\013k\034s\303\375\237G\221\210>P\217#\331l"
 3937      1C73C3FD 
 3937      9F479188 
 3937      3E508F23 
 3937      D96C
 3938 019f 99FE0307 		.ascii	"\231\376\003\007\375\014\213"
 3938      FD0C8B
 3939              		.text
 3940              		.section	.gnu.lto_.refs.b3bfb553,"e",%progbits
 3941 0000 789C1D4D 		.ascii	"x\234\035M\273\015\204P\014s\000\363y \012\304\000\324"
 3941      BB0D8450 
 3941      0C7300F3 
 3941      79200AC4 
 3941      00D4
 3942 0012 94204AF4 		.ascii	"\224 J\364\346\243D4\267\300\265\350t\033\260\303\325"
 3942      E6A34434 
 3942      B7C0B5E8 
 3942      741BB0C3 
 3942      D5
 3943 0023 CC720E45 		.ascii	"\314r\016E\034\307q\234\015\200e\011[X\356X\026`\007"
 3943      1CC7719C 
 3943      0D806509 
 3943      5B58EE58 
 3943      166007
ARM GAS  C:\Users\acest\AppData\Local\Temp\ccvMP4Ad.s 			page 140


 3944 0036 E3A89A91 		.ascii	"\343\250\232\221p\001\030\325/\371\370s\270\201\264"
 3944      700118D5 
 3944      2FF9F873 
 3944      B881B4
 3945 0045 042BD141 		.ascii	"\004+\321A\213\011M\005\006M\375s\006\256R\243\372n"
 3945      8B094D05 
 3945      064DFD73 
 3945      06AE52A3 
 3945      FA6E
 3946 0057 2287C3CB 		.ascii	"\"\207\303\313\341m\322Ng\037\223\363+\026\340\177\025"
 3946      E16DD24E 
 3946      671F93F3 
 3946      2B16E07F 
 3946      15
 3947 0068 63B579E0 		.ascii	"c\265y\340\037\321@\012\303"
 3947      1FD1400A 
 3947      C3
 3948              		.text
 3949              		.section	.gnu.lto_.decls.b3bfb553,"e",%progbits
 3950 0000 789C9D5A 		.ascii	"x\234\235Z\011TTW\232~\377\273\265Q\254\212&\332\311"
 3950      09545457 
 3950      9A7EFFBB 
 3950      B551AC8A 
 3950      26DAC9
 3951 0013 743C197B 		.ascii	"t<\031{\332\231\356\270e\357>s\332\264\351t<\351\351"
 3951      DA99EEB8 
 3951      65EF3E73 
 3951      DAB4E974 
 3951      3CE9E9
 3952 0026 C9249D3E 		.ascii	"\311$\235>\351\036\347\324\224T\211L\200\242\253\036"
 3952      E91EE7D4 
 3952      9454894C 
 3952      80A2AB1E 
 3953 0036 6ACE9939 		.ascii	"j\316\2319]\202\012* \342\212 \242\270\241\242\205["
 3953      5D820A2A 
 3953      20E28A20 
 3953      A2B8A1A2 
 3953      855B
 3954 0048 70477001 		.ascii	"pGp\001\025\225\270\242\250\270\203\210\240\240 n\363"
 3954      1595B8A2 
 3954      A8B88388 
 3954      A0A0206E 
 3954      F3
 3955 0059 DF7BDF56 		.ascii	"\337{\337V\213I\247In\325}\367}\367\377\277\177\271"
 3955      8B49A749 
 3955      6ED57DF7 
 3955      7DF7FFBF 
 3955      7FB9
 3956 006b FFBDEF95 		.ascii	"\377\275\357\2259?\023\204\2040A\370\324,\010\317\361"
 3956      393F1384 
 3956      843041F8 
 3956      D42C08CF 
 3956      F1
 3957 007c 2F421084 		.ascii	"/B\020\204zl\364\373(\266+\330z\260\035\224\307M\330"
 3957      7A6CF4FB 
 3957      28B62BD8 
 3957      7AB01D94 
ARM GAS  C:\Users\acest\AppData\Local\Temp\ccvMP4Ad.s 			page 141


 3957      C74DD8
 3958 008f 7AB17560 		.ascii	"z\261u`\213\307\326\204\355\026\010\302\021\374\026"
 3958      8BC7D684 
 3958      ED1608C2 
 3958      11FC16
 3959 009e 291EFB17 		.ascii	")\036\373\027\360\273\017\266v\354?\302\366\014\233"
 3959      F0BB0FB6 
 3959      76EC3FC2 
 3959      F60C9B
 3960 00ad 016F8663 		.ascii	"\001o\206c\213\304\326\007[\177l\003\260\375\003\266"
 3960      8BC4D607 
 3960      5B7F6C03 
 3960      B0FD03B6 
 3961 00bd D7B0FD0B 		.ascii	"\327\260\375\013\266\241\330Fb{\033\333\273\330\336"
 3961      B6A1D846 
 3961      627B1BDB 
 3961      BBD8DE
 3962 00cc C7865385 		.ascii	"\307\206S\205_R\301\272\277\313\004e\341\367\004l}\261"
 3962      5F52C1BA 
 3962      BFCB0465 
 3962      E1F7046C 
 3962      7DB1
 3963 00de F593B952 		.ascii	"\365\223\271R\216?\305\366+\221\363\244\234Fa\377\003"
 3963      8E3FC5F6 
 3963      2B91F3A4 
 3963      9C4661FF 
 3963      03
 3964 00ef 6C384538 		.ascii	"l8E8\214\355\020\266Z\201_S~\243e\335\201\177O\011\267"
 3964      8CED10B6 
 3964      5A815F53 
 3964      7EA365DD 
 3964      817F4F09 
 3965 0104 41AFA35E 		.ascii	"A\257\243^\326\241\310\247\272>\304\376\010l\277\301"
 3965      D6A1C8A7 
 3965      BA3EC4FE 
 3965      086CBFC1 
 3966 0114 F696A8E9 		.ascii	"\366\226\250\351\373H\344~zC\226m\025\270\037>\301\353"
 3966      FB48E47E 
 3966      7A43966D 
 3966      15B81F3E 
 3966      C1EB
 3967 0126 7FC3F6EF 		.ascii	"\177\303\366\357\330\376\003\333\037u6+>\010\374\353"
 3967      D8FE03DB 
 3967      1F75362B 
 3967      3E08FCEB 
 3968 0136 442E2F07 		.ascii	"D./\007pQ\342\242p:\032\300\253I\266\277\373o\344H\347"
 3968      7051E2A2 
 3968      703A1AC0 
 3968      AB49B6BF 
 3968      FB6FE448 
 3969 014b 5D1278EC 		.ascii	"]\022x\354\356\353\374D}\026)\3608R\356_b\373s\010\033"
 3969      EEEBFC44 
 3969      7D1629F0 
 3969      3852EE5F 
 3969      62FB7308 
 3970 0160 DED5D930 		.ascii	"\336\325\3310\362\005v\204\0318\367Pv(\371uT\346\257"
 3970      F2057684 
ARM GAS  C:\Users\acest\AppData\Local\Temp\ccvMP4Ad.s 			page 142


 3970      1938F750 
 3970      7628F975 
 3970      54E6AF
 3971 0173 7055ECF8 		.ascii	"pU\354\370O\354\367 \207\261\370\375\024\270]\377\205"
 3971      4FECF720 
 3971      87B1F8FD 
 3971      14B85DFF 
 3971      85
 3972 0184 FDBBD837 		.ascii	"\375\273\3307\312\274\017\3136\034\222m\300\264fy\367"
 3972      CABC0FCB 
 3972      361C926D 
 3972      C0B46679 
 3972      F7
 3973 0195 471D57BB 		.ascii	"G\035W\273\314S\311K\232\003\201\177/#\317\350\000\236"
 3973      CC53C94B 
 3973      9A03817F 
 3973      2F23CFE8 
 3973      009E
 3974 01a7 0A4725EF 		.ascii	"\012G%\357)o\232\3677\201s\354\226y\217\243\271\206"
 3974      296F9AF7 
 3974      378173EC 
 3974      96798FA3 
 3974      B986
 3975 01b9 CD20F0B5 		.ascii	"\315 \360\265\320\211\337]\330\036\010|}\3205`xA^\277"
 3975      D089DF5D 
 3975      D81E087C 
 3975      7DD03560 
 3975      78415EBF 
 3976 01cd 8293A2FE 		.ascii	"\202\223\242\376\016\275\337\2473\362;t\376c\210\230"
 3976      0EBDDFA7 
 3976      33F23B74 
 3976      FE638898 
 3977 01dd E8E37145 		.ascii	"\350\343qE\027\223@\2754.q(\357e]n)\3611\313\\\356\353"
 3977      179340BD 
 3977      342E7128 
 3977      EF655D6E 
 3977      29F131CB 
 3978 01f4 62532BC7 		.ascii	"bS+\307\206\306\210\326\227>\0019\344\304\226 \307\350"
 3978      86C688D6 
 3978      973E0139 
 3978      E4C49620 
 3978      C7E8
 3979 0206 2B6C2972 		.ascii	"+l)r\015\240\361\242\261\022e\376\333\003\342\36539"
 3979      0DA0F1A2 
 3979      B11265FE 
 3979      DB03E2F5 
 3979      3339
 3980 0218 5E0AFF83 		.ascii	"^\012\377\203\262\015J\375\252\017\301_Y\033\012o\223"
 3980      B20D4AFD 
 3980      AA0FC15F 
 3980      591B0A6F 
 3980      93
 3981 0229 A0D52EA5 		.ascii	"\240\325.\245N\334\227\271\322\374\352\037\300\365\355"
 3981      4EDC97B9 
 3981      D2FCEA1F 
 3981      C0F5ED
 3982 0238 17F87304 		.ascii	"\027\370s\004r\371'!t\335\350\321\3713\0218\247\273"
ARM GAS  C:\Users\acest\AppData\Local\Temp\ccvMP4Ad.s 			page 143


 3982      72F92721 
 3982      74DDE8D1 
 3982      F9331138 
 3982      A7BB
 3983 024a 725C95B5 		.ascii	"r\\\225\265\033\310Q\341\327\255\363\265\033\333$\221"
 3983      1BC851E1 
 3983      D7ADF3B5 
 3983      1BDB2491 
 3984 025a E7449B10 		.ascii	"\347D\233\020z=+\353EY#J\\\254\001v^\022\374\327;\315"
 3984      7A3D2BEB 
 3984      4559234A 
 3984      5CAC0176 
 3984      5E12FCD7 
 3985 0270 9B4E3977 		.ascii	"\233N9w^\022x\215\246\361\370?l\177\305\226\206m\032"
 3985      5E12788D 
 3985      A6F1F83F 
 3985      6C7FC596 
 3985      866D1A
 3986 0283 B60C6C33 		.ascii	"\266\014l3\261e\313q\373D\216Y\240\217\336\327\325\265"
 3986      B165CB71 
 3986      FB448E59 
 3986      A08FDED7 
 3986      D5B5
 3987 0295 47F27AFB 		.ascii	"G\362z\373\256X\376\322\300sC\361\335+\"\367\337-\331"
 3987      AE58FED2 
 3987      C07343F1 
 3987      DD2B22F7 
 3987      DF2DD9
 3988 02a8 5F4304EE 		.ascii	"_C\004\356\037}}8/h{O\243\034\257\177\370\033\343\365"
 3988      1F7D7D38 
 3988      2F687B4F 
 3988      A31CAF7F 
 3988      F81BE3F5 
 3989 02bc 2B03AF13 		.ascii	"+\003\257\023\023d\331\372\332\243\217E\240\016\272"
 3989      1364D9FA 
 3989      DAA38F45 
 3989      A00EBA
 3990 02cb D65ED3E9 		.ascii	"\326^\323\351x\221\374<\002}\301\200\237\375`\020\353"
 3990      7891FC3C 
 3990      027DC180 
 3990      9FFD6010 
 3990      EB
 3991 02dc 5B70A512 		.ascii	"[p\245\022\2630\314\313\376\256\276&@\005/A\037\207"
 3991      B330CCCB 
 3991      FEAEBE26 
 3991      40052F41 
 3991      1F87
 3992 02ee 933F0905 		.ascii	"\223?\011\005D<\370m\355}\210\345\267+\331-\330\001"
 3992      443CF86D 
 3992      ED7D88E5 
 3992      B72BD92D 
 3992      D801
 3993 0300 B013603B 		.ascii	"\260\023`;\275 \361\024\263\371\3667\207L\376\230]\032"
 3993      BD20F114 
 3993      B3F9F637 
 3993      874CFE98 
 3993      5D1A
ARM GAS  C:\Users\acest\AppData\Local\Temp\ccvMP4Ad.s 			page 144


 3994 0312 06015D4B 		.ascii	"\006\001]Kf\2544GTz\275\035\336\342*\003\354\006\330"
 3994      66AC3447 
 3994      547ABD1D 
 3994      DEE22A03 
 3994      EC06D8
 3995 0325 0AB0056F 		.ascii	"\012\260\005o\302\036\374 \2238\257\010\306\253I \377"
 3995      C21EFC20 
 3995      9338AF08 
 3995      C6AB4920 
 3995      FF
 3996 0336 4BAF7F0A 		.ascii	"K\257\177\012\364\000\020\315z\002I\003*\347XM\345\303"
 3996      F40010CD 
 3996      7A024903 
 3996      2AE7584D 
 3996      E5C3
 3997 0348 282B9353 		.ascii	"(+\223S95L\220\245\300\001@\314v\200\375\000\325P@,"
 3997      39354C90 
 3997      A5C00140 
 3997      CC7680FD 
 3997      00D55040 
 3998 035d 3D4F9F67 		.ascii	"=O\237g\031\007\307\016\036\214\310\236\0233\217\227"
 3998      1907C70E 
 3998      1E8CC89E 
 3998      13338F97 
 3999 036d 4415223E 		.ascii	"D\025\">\002\016\002T\001\324h\332\267\321\217\021\002"
 3999      020E0254 
 3999      01D468DA 
 3999      B7D18F11 
 3999      02
 4000 037e D29E8ACC 		.ascii	"\322\236\212\314\015\002\354\003@\003\250\2055\224="
 4000      0D02EC03 
 4000      4003A885 
 4000      35943D
 4001 038d 1C06A805 		.ascii	"\034\006\250\0058D\315\240Z\217U\347D\345N!\310\032"
 4001      3844CDA0 
 4001      5A8F55E7 
 4001      44E54E21 
 4001      C81A
 4002 039f BEF11334 		.ascii	"\276\361\0234L\240d(\306W\227\236\341\215Ae\210\331"
 4002      4CA06428 
 4002      C657979E 
 4002      E18D4165 
 4002      88D9
 4003 03b1 1B841941 		.ascii	"\033\204\031A\255\310\250i\271l\215\015R\272+\204RD"
 4003      ADC8A869 
 4003      B96C8D0D 
 4003      52BA2B84 
 4003      5244
 4004 03c3 371C6B3C 		.ascii	"7\034k<\006\232\357\216h\002\217\202\034\320\030\346"
 4004      069AEF8E 
 4004      68028F82 
 4004      1CD018E6 
 4005 03d3 B84A81EC 		.ascii	"\270J\201\354GO\3251OmN/\232\033\021\354\251\023zO\221"
 4005      474FD531 
 4005      4F6D4E2F 
 4005      9A1B11EC 
 4005      A9137A4F 
ARM GAS  C:\Users\acest\AppData\Local\Temp\ccvMP4Ad.s 			page 145


 4006 03e8 B308BF08 		.ascii	"\263\010\277\010\\\306\000.\003H\027\033\030\002\177"
 4006      5CC6002E 
 4006      0348171B 
 4006      18027F
 4007 03f7 659F0279 		.ascii	"e\237\002y\306\344m\273Qp\316jm\362z\273\274\225\213"
 4007      C6E46DBB 
 4007      5170CE6A 
 4007      6DF27ABB 
 4007      BC958B
 4008 040a 724D021C 		.ascii	"rM\002\034\003\352=h\000\004\241\300s\000g\251\353O"
 4008      03EA3D68 
 4008      0004A1C0 
 4008      730067A9 
 4008      EB4F
 4009 041c AD2FCC10 		.ascii	"\255/\314\020\007\243\357\321\274\236\242\274s%}\247"
 4009      07A3EFD1 
 4009      BC9EA2BC 
 4009      73257DA7 
 4010 042c 30D723ED 		.ascii	"0\327#\355o\001.\202l\254\342\215+\350\260G%\350\260"
 4010      6F012E82 
 4010      6CACE28D 
 4010      2BE8B047 
 4010      25E8B0
 4011 043f 459500E7 		.ascii	"E\225\000\347\001\3160\014\227-@\235_x\006\010p\032"
 4011      01CE300C 
 4011      972D409D 
 4011      5F780608 
 4011      701A
 4012 0451 E0142A3D 		.ascii	"\340\024*=\311P\250\365\002\300%\200F9<\276V\331\365"
 4012      C950A8F5 
 4012      02C02580 
 4012      46393CBE 
 4012      56D9F5
 4013 0464 F500C719 		.ascii	"\365\000\307\031\304/\316\030\037\262[d\316\231Z\274"
 4013      C42FCE18 
 4013      1FB25B64 
 4013      CE995ABC 
 4014 0474 DF181B24 		.ascii	"\337\030\033$\366r\010\261\210^\260\277\267(B\013@\223"
 4014      F67208B1 
 4014      885EB0BF 
 4014      B728420B 
 4014      4093
 4015 0486 2696AE3E 		.ascii	"&\226\256>r\022\027\320Y&\266\245gjk4]\211\020\017."
 4015      721217D0 
 4015      5926B6A5 
 4015      676A6B34 
 4015      5D89100F 
 4016 049b D2C8C6B2 		.ascii	"\322\310\306\262\233V\254\017\363_\0327\000n*\313\247"
 4016      9B56AC0F 
 4016      F35F1A37 
 4016      006E2ACB 
 4016      A7
 4017 04ac 8DF3C9DC 		.ascii	"\215\363\311\334\325\024\341\017\272\245\201\0200e~"
 4017      D514E10F 
 4017      BAA58110 
 4017      30657E
 4018 04bb F674AB46 		.ascii	"\366t\253F\241Y\243\320\002\014PP?\333gd\252[\000\256"
ARM GAS  C:\Users\acest\AppData\Local\Temp\ccvMP4Ad.s 			page 146


 4018      A159A3D0 
 4018      020C5050 
 4018      3FDB6764 
 4018      AA5B00AE 
 4019 04cf 038BA8C8 		.ascii	"\003\213\250\310\"\032\203w\333.7Nx\031e\337\361z\373"
 4019      221A8377 
 4019      DB2E374E 
 4019      781965DF 
 4019      F17AFB
 4020 04e2 C104B803 		.ascii	"\301\004\270\003\320J\347\266\241\315\267\371\374\243"
 4020      D04AE7B6 
 4020      A1CDB7F9 
 4020      FCA3
 4021 04f0 07DA9FE8 		.ascii	"\007\332\237\350ll\323\024\334e,\310SF\364\374\264\263"
 4021      6C6CD314 
 4021      DC652CC8 
 4021      5346F4FC 
 4021      B4B3
 4022 0502 9B4C2160 		.ascii	"\233L!`\320\016\012p:A\240\265t\315\3121\203\361\217"
 4022      D00E0A70 
 4022      3A41A0B5 
 4022      74CDCA31 
 4022      83F18F
 4023 0515 1AE55B5A 		.ascii	"\032\345[Z\342ea\3419\36000\007\250\270\215\325yla\305"
 4023      E26561E1 
 4023      39F03030 
 4023      07A8B88D 
 4023      D5796C61 
 4024 052a C3558650 		.ascii	"\303U\206P\264\313\031@!\353J8\244\003\340\232\037F"
 4024      B4CB1940 
 4024      21EB4A38 
 4024      A403E09A 
 4024      1F46
 4025 053c 092ECD80 		.ascii	"\011.\315\200\235r\006\340J\277\027,\010A\332\252\223"
 4025      9D7206E0 
 4025      4ABF172C 
 4025      0841DAAA 
 4025      93
 4026 054d 837E83C1 		.ascii	"\203~\203\3010\350\367\001\272\000:\001\036\310N/\352"
 4026      30E8F701 
 4026      BA003A01 
 4026      1EC84E2F 
 4026      EA
 4027 055e BE5B6B8E 		.ascii	"\276[k\216\015\232p\353\205\023no\331Pa\320\274\323"
 4027      0D9A70EB 
 4027      85136E6F 
 4027      D95061D0 
 4027      BCD3
 4028 0570 AD69A75B 		.ascii	"\255i\247[\037\311\246\236\021\367\244\357\230\025\026"
 4028      1FC9A69E 
 4028      11F7A4EF 
 4028      981516
 4029 057f BC301FE9 		.ascii	"\2740\037\351\027&\013\337\032\376\365\036\373\354\020"
 4029      17260BDF 
 4029      1AFEF51E 
 4029      FBEC10
 4030 058e 5830BD66 		.ascii	"X0\275f\222O\370zm\026\310\012\"\2202&\364\264\267\256"
ARM GAS  C:\Users\acest\AppData\Local\Temp\ccvMP4Ad.s 			page 147


 4030      924FF87A 
 4030      6D16C80A 
 4030      22903226 
 4030      F4B4B7AE 
 4031 05a2 D0122C34 		.ascii	"\320\022,4M\014\024\212\305u+\316\332\315f]\357\\\337"
 4031      4D0C148A 
 4031      C5752BCE 
 4031      DACD665D 
 4031      EF5CDF
 4032 05b5 15ED9F76 		.ascii	"\025\355\237v\323E\310\020\325\264ko\312\337\240\313"
 4032      D345C810 
 4032      D5B46B6F 
 4032      CADFA0CB 
 4033 05c5 0ABCA318 		.ascii	"\012\274\243\030\224I\317x\007Q\322q&\351\340\203#\363"
 4033      9449CF78 
 4033      0751D271 
 4033      26E9E083 
 4033      23F3
 4034 05d7 8DC1FA67 		.ascii	"\215\301\372g\006\351?'\220\0138\353:\233u\265\253l"
 4034      06E93F27 
 4034      900B38EB 
 4034      3A9B75B5 
 4034      AB6C
 4035 05e9 B5E8AF3F 		.ascii	"\265\350\257?G\204\331\242\2626\030h\356\341\031\255"
 4035      4784D9A2 
 4035      B2361868 
 4035      EEE119AD 
 4036 05f9 567F50AE 		.ascii	"V\177P\256\006\242R\332\322k,\032\3119\032\311<\221"
 4036      06A252DA 
 4036      D26B2C1A 
 4036      C9391AC9 
 4036      3C91
 4037 060b 024C67EF 		.ascii	"\002Lg\357\336[\032\216\233\201\026I\271v\241\262\271"
 4037      DE5B1A8E 
 4037      9B811649 
 4037      B976A1B2 
 4037      B9
 4038 061c 540ECC17 		.ascii	"T\016\314\027a\236\310k\010n\027\263\253\345\355\"O"
 4038      619EC86B 
 4038      086E17B3 
 4038      ABE5ED22 
 4038      4F
 4039 062d A4557EAE 		.ascii	"\244U~\256\030\252\312\347\310\211\206\230\275A\030"
 4039      18AACAE7 
 4039      C8898698 
 4039      BD4118
 4040 063c 56E56F74 		.ascii	"V\345ot^\255\217\210\015R\232\033\250\224\371\345\204"
 4040      5EAD8F88 
 4040      0D529A1B 
 4040      A894F9E5 
 4040      84
 4041 064d 407AD02F 		.ascii	"@z\320/^\003\235\271\177E\317m\342or\276\010\213\025"
 4041      5E039DB9 
 4041      7F45CF6D 
 4041      E26F72BE 
 4041      088B15
 4042 0660 BF643250 		.ascii	"\277d2P\251\257k\256\331\037T\240\201\020\260\374\336"
ARM GAS  C:\Users\acest\AppData\Local\Temp\ccvMP4Ad.s 			page 148


 4042      A9AF6BAE 
 4042      D91F54A0 
 4042      8110B0FC 
 4042      DE
 4043 0671 CE0CA3E6 		.ascii	"\316\014\243\346\227B\215\342\022\346\027\303\363]\253"
 4043      97428DE2 
 4043      12E617C3 
 4043      F35DAB
 4044 0680 CF8AAC50 		.ascii	"\317\212\254Pwp\206r\324PW\021c\270T\366\211\357Q\205"
 4044      77708672 
 4044      D4505711 
 4044      63B854F6 
 4044      89EF5185 
 4045 0694 D71B1681 		.ascii	"\327\033\026\201\363\250\255E!l]\363\340\341*Cl\220"
 4045      F3A8AD45 
 4045      216C5DF3 
 4045      E0E12A43 
 4045      6C90
 4046 06a6 A4023F49 		.ascii	"\244\002?I$\317 \220y\330\012\260-\307V\312\255\275"
 4046      24CF2090 
 4046      79D80AB0 
 4046      2DC756CA 
 4046      ADBD
 4047 06b8 7132D7E8 		.ascii	"q2\327\350o\310J\021Vi\206\034\354\336\260.Z3d\225\246"
 4047      6FC84A11 
 4047      5669861C 
 4047      ECDEB02E 
 4047      5A336495 
 4048 06cd 7F35CDC2 		.ascii	"\1775\315\302m\006\352B\023;-\230Y\217J\232L\3660\351"
 4048      6D06EA42 
 4048      133B2D98 
 4048      598F4A9A 
 4048      4CF630E9 
 4049 06e1 ED674E57 		.ascii	"\355gNW\231\254\336\300\314\\'\"\016\211\255\025\241"
 4049      99ACDEC0 
 4049      CC5C2722 
 4049      0E89AD15 
 4049      A1
 4050 06f2 5424FB91 		.ascii	"T$\373\221\314a\006\237\232\221_\033\220\222\033D\330"
 4050      CC61069F 
 4050      9A915F1B 
 4050      90921B44 
 4050      D8
 4051 0703 A8B8FE14 		.ascii	"\250\270\376\024\007=X\3720\200\261O\003!\340L~\376"
 4051      073D58FA 
 4051      3080B14F 
 4051      0321E04C 
 4051      7EFE
 4052 0715 4651635C 		.ascii	"FQc\\\2561\336D\031_dR\316t\255\276\024\031\002\004"
 4052      AE31DE44 
 4052      195F6452 
 4052      CE74ADBE 
 4052      14190204 
 4053 0729 9B450643 		.ascii	"\233E\006C\310\255[\213K\3025\310\026M\316V*\247\003"
 4053      C8AD5B8B 
 4053      4BC235C8 
 4053      164DCE56 
ARM GAS  C:\Users\acest\AppData\Local\Temp\ccvMP4Ad.s 			page 149


 4053      2AA703
 4054 073c 697763F3 		.ascii	"iwc\363\032\021\334\367\372\316\326\3450\270\337`\376"
 4054      1A11DCF7 
 4054      FACED6E5 
 4054      30B8DF60 
 4054      FE
 4055 074d 57C9B6DF 		.ascii	"W\311\266\337=\265}y*g\212P\"\302\216\300\320\005FL"
 4055      3DB57D79 
 4055      2A678A50 
 4055      22C28EC0 
 4055      D005464C 
 4056 0761 A01074CB 		.ascii	"\240\020t\313n\021*1\330\"\354\022a\247\010\373pP\204"
 4056      6E112A31 
 4056      D822EC12 
 4056      61A708FB 
 4056      705084
 4057 0774 3D348874 		.ascii	"=4\210tFa)\257\304\353EX\023B(\345;\273\226C\266\212"
 4057      466129AF 
 4057      C4EB4558 
 4057      134228E5 
 4057      3BBB9643 
 4058 078a 50F602BD 		.ascii	"P\366\002\275\267W\253R*BK\361\035\233\301\027\331,"
 4058      B757AB52 
 4058      2A424BF1 
 4058      1D9BC117 
 4058      D92C
 4059 079c 1196BF40 		.ascii	"\021\226\277@Qf\255\262ql{\201\236G\232\236o^ \244L"
 4059      5166ADB2 
 4059      716C7B81 
 4059      9E479A9E 
 4059      6F5E20A4 
 4060 07b1 16B25A84 		.ascii	"\026\262Z\204\025! \254\364\016g\353\264F \031F:\360"
 4060      152120AC 
 4060      F40E67EB 
 4060      B4462019 
 4060      463AF0
 4061 07c4 2A3C07F6 		.ascii	"*<\007\366%\220,\352~\361\233\313"
 4061      25902CEA 
 4061      7EF19BCB 
 4062 07d0 539687D3 		.ascii	"S\226\207\323\022\330\354\255\232B\004x\023\206\013"
 4062      12D8ECAD 
 4062      9A420478 
 4062      13860B
 4063 07df 70484404 		.ascii	"pHD\004\372\363\240\010\007\370v<\204\3143\012d1\233"
 4063      FAF3A008 
 4063      07F8763C 
 4063      84CC330A 
 4063      64319B
 4064 07f2 D2BEA9F1 		.ascii	"\322\276\251\361Vd\340\224#\372)d9\202\3270\360\305"
 4064      5664E094 
 4064      23FA2964 
 4064      3982D730 
 4064      F0C5
 4065 0804 47EB4F06 		.ascii	"G\353O\006\201\217\371\201\313\021\\\301\300i\227\012"
 4065      818FF981 
 4065      CB115CC1 
 4065      C069970A 
ARM GAS  C:\Users\acest\AppData\Local\Temp\ccvMP4Ad.s 			page 150


 4066 0814 D6B0FD20 		.ascii	"\326\260\375 \340\264V/\372\235\326\304\272\264\254"
 4066      E0B4562F 
 4066      FA9DD6C4 
 4066      BAB4AC
 4067 0823 DD515A82 		.ascii	"\335QZ\202}\253Y\216\247\032^\231\360TY\215rk\250\\"
 4067      7DAB598E 
 4067      A71A5E99 
 4067      F054598D 
 4067      726BA85C 
 4068 0837 D3D353A7 		.ascii	"\323\323S\247O\230\255\257\000\340\377\001T\316\210"
 4068      4F98ADAF 
 4068      00E0FF01 
 4068      54CE88
 4069 0846 80A72038 		.ascii	"\200\247 8'B\203H\273i^\357\223\327\360\033\265\024"
 4069      27428348 
 4069      BB695EEF 
 4069      93D7F01B 
 4069      B514
 4070 0858 3F3B51CA 		.ascii	"?;Q\312]S\031\032\217\230\313K\226\316\321m5\3475&\027"
 4070      5D53191A 
 4070      8F98CB4B 
 4070      96CED16D 
 4070      35E73526 
 4071 086d 68AAD721 		.ascii	"h\252\327!\205\223\314\264\365\333\262V\030\374\027"
 4071      8593CCB4 
 4071      F5DBB256 
 4071      18FC17
 4072 087c DF45112E 		.ascii	"\337E\021.)+\364*\003\025W\357<\026PA/k \004\3446\266"
 4072      292BF42A 
 4072      031557EF 
 4072      3C165041 
 4072      2F6B2004 
 4073 0893 E976EA26 		.ascii	"\351v\352&M\333\025\266\260\214\334\366\237\363\007"
 4073      4DDB15B6 
 4073      B08CDCF6 
 4073      9FF307
 4074 08a2 129174CB 		.ascii	"\022\221t\313\003C\370!Y$\217\345\201A\304k\302\224"
 4074      0343F821 
 4074      59248FE5 
 4074      8141C46B 
 4074      C294
 4075 08b4 30519977 		.ascii	"0Q\231w\016\264\034\215\014\336\004[\365\233 \301`\220"
 4075      0EB41C8D 
 4075      0CDE045B 
 4075      F59B20C1 
 4075      6090
 4076 08c6 79D81661 		.ascii	"y\330\026a+\300V\204m\031\266\025\330Vc[\213m\023\025"
 4076      2BC05684 
 4076      6D19B615 
 4076      D856635B 
 4076      8B6D1315 
 4077 08da F7D2F13D 		.ascii	"\367\322\361=\355\367\330IZ\267\242\237t6]\376Iu\272"
 4077      EDF7D849 
 4077      5AB7A29F 
 4077      74365DFE 
 4077      4975BA
 4078 08ed B7064FCB 		.ascii	"\267\006O\313wDh\027\341\221F\375\224zV\362\365d\363"
ARM GAS  C:\Users\acest\AppData\Local\Temp\ccvMP4Ad.s 			page 151


 4078      77446817 
 4078      E19146FD 
 4078      947A56F2 
 4078      F564F3
 4079 0900 85839807 		.ascii	"\205\203\230\007~\030uY\310\233\322-\021nb\024\0362"
 4079      7E187559 
 4079      C89BD22D 
 4079      116E6214 
 4079      1E32
 4080 0912 1092EC11 		.ascii	"\020\222\354\021\341\211\010\317D\350\025\301K\340\261"
 4080      E18908CF 
 4080      44E815C1 
 4080      4BE0B1
 4081 0921 08DD22E0 		.ascii	"\010\335\"\340\312x.\302Se7x\254\011\277\357'\\\177"
 4081      CA782EC2 
 4081      53653778 
 4081      AC09BFEF 
 4081      275C7F
 4082 0934 107BAA81 		.ascii	"\020{\252\201:\374@u:\320#\015\324\025DS\306d\315V1"
 4082      3AFC4075 
 4082      3AD0230D 
 4082      D4154453 
 4082      C664CD56 
 4083 0949 B7FD302D 		.ascii	"\267\3750-\242\006\352\325\004u\006S\342>\311\324\004"
 4083      A206EAD5 
 4083      04750653 
 4083      E23EC9D4 
 4083      04
 4084 095a B5050BE2 		.ascii	"\265\005\013\342\230'\232\234{\301\2549\346\271\206"
 4084      98279A9C 
 4084      7BC1AC39 
 4084      E6B986
 4085 0969 B91BEC7F 		.ascii	"\271\033\354\177\372\220\361\034c\230f\246)\321\223"
 4085      FA90F11C 
 4085      639866A6 
 4085      29D193
 4086 0978 716D6D94 		.ascii	"qmm\224\177\036\246\023\230J\324<,\270\331\324\256\333"
 4086      7F1EA613 
 4086      984AD43C 
 4086      2CB8D9D4 
 4086      AEDB
 4087 098a DBF08E22 		.ascii	"\333\360\216\"m\032\301D\314\241RLK\226\036\235B0\023"
 4087      6D1AC144 
 4087      CCA1524C 
 4087      4B961E9D 
 4087      423013
 4088 099d 28ACE638 		.ascii	"(\254\3468\177\002\235F \215\300\014\022\242\340\325"
 4088      7F029D46 
 4088      208DC00C 
 4088      12A2E0D5 
 4089 09ad 6EFC3D45 		.ascii	"n\374=E \263f\221\"x\214U\247j\301\277.\3025\014\376"
 4089      20B36691 
 4089      22788C55 
 4089      A76AC1BF 
 4089      2EC2350C 
 4090 09c2 74260783 		.ascii	"t&\007\203\237A \223\276\210&\005f\201,\305\266\212"
 4090      9F412093 
ARM GAS  C:\Users\acest\AppData\Local\Temp\ccvMP4Ad.s 			page 152


 4090      BE882605 
 4090      66812CC5 
 4090      B68A
 4091 09d4 1951B0FB 		.ascii	"\031Q\260\373\2167\340\244\221E [6\202T0\320\315\265"
 4091      8E37E0A4 
 4091      9145205B 
 4091      36825430 
 4091      D0CDB5
 4092 09e7 07EF04BC 		.ascii	"\007\357\004\274&\310\321@\010\360U\236\336\255{t\230"
 4092      26C8D140 
 4092      08F0559E 
 4092      DEAD7B74 
 4092      98
 4093 09f8 AD31CFA5 		.ascii	"\2551\317\245\226\036\245R,\033\346\037n\266h\017\356"
 4093      961EA552 
 4093      2C1BE61F 
 4093      6EB6680F 
 4093      EE
 4094 0a09 1B949358 		.ascii	"\033\224\223X.a\247\254\020\326\372?B#\257\271\314\024"
 4094      2E61A7AC 
 4094      10D6FA3F 
 4094      4223AFB9 
 4094      CC14
 4095 0a1b 5C9CF308 		.ascii	"\\\234\363\010\314'r\312n\224Ok(\347\233 9<\207:*J\270"
 4095      CC2772CA 
 4095      6E944F6B 
 4095      28E79B20 
 4095      393C873A 
 4096 0a32 67D34598 		.ascii	"g\323E\230C\364\0309\207\320\206e\276\256bS\360\203"
 4096      43F41839 
 4096      87D08665 
 4096      BEAE6253 
 4096      F083
 4097 0a44 7B4E08AD 		.ascii	"{N\010\255\244\036\375w\226\031u\353\331\232+\221tc"
 4097      A41EFD77 
 4097      961975EB 
 4097      D99A2B91 
 4097      7463
 4098 0a56 F6B23DF9 		.ascii	"\366\262=\371\350JyO.\026a\021\201\305\337g\224@!(<"
 4098      E84A794F 
 4098      2E166111 
 4098      81C5DF67 
 4098      94402128 
 4099 0a6b 9F4021C1 		.ascii	"\237@!\301\242\3157a_\343J\376P\265\200\300,&\305\377"
 4099      A2CD3761 
 4099      5FE34AFE 
 4099      50B580C0 
 4099      2C26C5FF 
 4100 0a7f A18A42CE 		.ascii	"\241\212B\316)\020\021\0262\210\362\\\315!\244\221\322"
 4100      29101116 
 4100      3288F25C 
 4100      CD21A491 
 4100      D2
 4101 0a90 7B7DC69D 		.ascii	"{}\306\235\2542\030\254\377\243%\207&\322\305\225FZ"
 4101      AC3218AC 
 4101      FFA32587 
 4101      26D2C595 
ARM GAS  C:\Users\acest\AppData\Local\Temp\ccvMP4Ad.s 			page 153


 4101      465A
 4102 0aa2 6870E24C 		.ascii	"hp\342L\002\353\0025P\237=>\3007\316+\"4\212\024\242"
 4102      02EB0235 
 4102      509F3D3E 
 4102      C037CE2B 
 4102      22348A14 
 4103 0ab7 AE056D4D 		.ascii	"\256\005mMefp\337_\020\341t0Fv\376\306\325y\221>,85"
 4103      656670DF 
 4103      5F10E174 
 4103      304676FE 
 4103      C6D57991 
 4104 0acf 22EC6720 		.ascii	"\"\354g \272G\010PM!U\"\263\246\265T\265&\233A\024k"
 4104      BA470850 
 4104      4D215522 
 4104      B3A6B554 
 4104      B5269B41 
 4105 0ae5 B244D5E2 		.ascii	"\262D\325\342\273\232\305W\3750O\264\365\273\366\320"
 4105      BB9AC557 
 4105      FD304FB4 
 4105      F5BBF6D0 
 4106 0af5 746FCC94 		.ascii	"to\314\224\0108*\302\341@U\265\\\3259\371\334\201'\201"
 4106      08382AC2 
 4106      E14055B5 
 4106      5CD539F9 
 4106      DC812781 
 4107 0b09 657E9417 		.ascii	"e~\224\027\252fud\036\341\246\343\311j\232\037f\252"
 4107      AA667564 
 4107      1EE1A6E3 
 4107      C96A9A1F 
 4107      66AA
 4108 0b1b AE2E15CC 		.ascii	"\256.\025\314\342\202\342a\011\321c\274:\323\263\326"
 4108      E282E261 
 4108      09D163BC 
 4108      3AD3B3D6 
 4109 0b2b E5297937 		.ascii	"\345)y7E\014\002q\316\217\264\203\320\214`e\234P\376"
 4109      450C0271 
 4109      CE8FB483 
 4109      D08C6065 
 4109      9C50FE
 4110 0b3e 212EE7A4 		.ascii	"!.\347\244\010'\3740\325b@^=\003x\012\354`\273\216e"
 4110      0827FC30 
 4110      D562405E 
 4110      3D03780A 
 4110      EC60BB8E 
 4111 0b53 5611810D 		.ascii	"V\021\201\015\004J\010,%PL`-\236\225\010\254 \260\214"
 4111      044A082C 
 4111      25504C60 
 4111      2D9E9508 
 4111      AC20B08C 
 4112 0b67 C04A0265 		.ascii	"\300J\002e\004\226\023(%\260\212\300\032<#\311k\252"
 4112      04961328 
 4112      25B08AC0 
 4112      1A3C23C9 
 4112      6BAA
 4113 0b79 A3480ED9 		.ascii	"\243H\016\331q\021\352\002\375\310\313\214\357\242L"
 4113      7111EA02 
 4113      FDC8CB8C 
ARM GAS  C:\Users\acest\AppData\Local\Temp\ccvMP4Ad.s 			page 154


 4113      EFA24C
 4114 0b88 9B667AB0 		.ascii	"\233fz\260\037eP\213\0343\254A7\030\210\227%m;\301\205"
 4114      1F65508B 
 4114      1C33AC41 
 4114      37188897 
 4114      256D3BC1 
 4115 0b9d F760D6B7 		.ascii	"\367`\326\267\013-\261A\026\370\376~\013\310U\\\237"
 4115      0B2DB141 
 4115      16F8FE7E 
 4115      0BC8555C 
 4115      9F
 4116 0bae 2DAC749D 		.ascii	"-\254t\235[p\2620\240t\225\023\330\244\324\267\347\014"
 4116      5B70B230 
 4116      A0749513 
 4116      D8A4D4B7 
 4116      E70C
 4117 0bc0 B47FCB86 		.ascii	"\264\177\313\206\201\014S\251`6k\030\274\277r\327\245"
 4117      810C53A9 
 4117      60366B18 
 4117      BCBF72D7 
 4117      A5
 4118 0bd1 4DBA42BE 		.ascii	"M\272B\276E\263\025\237\267\371Ya8\231g\021H>\266e\026"
 4118      45B3159F 
 4118      B7F95961 
 4118      38996711 
 4118      483EB665 
 4119 0be6 FAFCB537 		.ascii	"\372\374\2657m\332L\221U\365\212\302\222)o\362\242\320"
 4119      6DDA4C91 
 4119      55F58AC2 
 4119      92296FF2 
 4119      A2D0
 4120 0bf8 0BB09DC0 		.ascii	"\013\260\235\300\316Pu\335\357\321\252\202\201\320\364"
 4120      CE5075DD 
 4120      EFD1AA82 
 4120      81D0F4
 4121 0c07 1DCC9A06 		.ascii	"\035\314\232\006*Q\234\263`UX\360S\330.\177h\223\205"
 4121      2A519CB3 
 4121      605558F0 
 4121      53D82E7F 
 4121      689385
 4122 0c1a D2F993FA 		.ascii	"\322\371\223\372v\365O\270c5\263\351+\2467<\017\361"
 4122      76F54FB8 
 4122      6335B3E9 
 4122      2BA6373C 
 4122      0FF1
 4123 0c2c 14BF8F62 		.ascii	"\024\277\217bpz%\026aB\356#\377^\306\177yMa\20156\370"
 4123      707A2516 
 4123      6142EE23 
 4123      FF5EC67F 
 4123      794D6181 
 4124 0c43 B17A3F81 		.ascii	"\261z?\201\003L\337A\271VU\024\345e\375\204\235Yx%:"
 4124      034CDF41 
 4124      B9565514 
 4124      E565FD84 
 4124      9D597825 
 4125 0c58 105489A6 		.ascii	"\020T\211\246\207Q\3755\263\026\346F\007?1\037\362\223"
 4125      8751FD35 
ARM GAS  C:\Users\acest\AppData\Local\Temp\ccvMP4Ad.s 			page 155


 4125      B316E646 
 4125      073F311F 
 4125      F293
 4126 0c6a 47E684C9 		.ascii	"G\346\204\311\357B\200,\012\303\003\024\266\365t\272"
 4126      EF42802C 
 4126      0AC30314 
 4126      B6F574BA 
 4127 0c7a 695FD5A2 		.ascii	"i_\325\242l\372\326\227\032P'\257\316M\230\234\230\242"
 4127      6CFAD697 
 4127      1A5027AF 
 4127      CE4D989C 
 4127      98A2
 4128 0c8c 01C5DC6F 		.ascii	"\001\305\334o\027<L\350\356\016G\031\014\265\234@v2"
 4128      173C4CE8 
 4128      EE0E4719 
 4128      0CB59C40 
 4128      7632
 4129 0c9e F18EDA75 		.ascii	"\361\216\332u\237Q)\274\306\036\017\254\200d\013\243"
 4129      9F5129BC 
 4129      C61E0FAC 
 4129      80640BA3 
 4130 0cae 9DBDA5BE 		.ascii	"\235\275\245\276\332\030\033$\260>P K\002\037p\362\341"
 4130      DA181B24 
 4130      B03E5020 
 4130      4B021F70 
 4130      F2E1
 4131 0cc0 641F123F 		.ascii	"d\037\022?\200\3554\023\222\327Yr?2\242\351\005\347"
 4131      80ED3413 
 4131      92D75972 
 4131      3F32A2E9 
 4131      05E7
 4132 0cd2 5FF4F6A6 		.ascii	"_\364\366\246\245\273\246\207\015\216\275\202{\310\263"
 4132      A5BBA687 
 4132      0D8EBD82 
 4132      7BC8B3
 4133 0ce1 0D57CA87 		.ascii	"\015W\312\207\357\347\247\300s\004\316\0228\377\275"
 4133      EFE7A7C0 
 4133      7304CE12 
 4133      38FFBD
 4134 0cf0 F9728681 		.ascii	"\371r\206\201\220M\003s\342\\+UZYqo\22358a.\370a\361"
 4134      904D0373 
 4134      E25C2B55 
 4134      5A59716F 
 4134      93353861 
 4135 0d08 D1B2C4DB 		.ascii	"\321\262\304\333z*J=\211\362ml{\231\374f\267\206@5\201"
 4135      7A2A4A3D 
 4135      89F26D6C 
 4135      7B99FC66 
 4135      B7864035 
 4136 0d1d 4B5A4C6F 		.ascii	"KZLo\372\325\233\001X\350\261(\021~Lgb\233p\303 p\221"
 4136      FAD59B01 
 4136      58E8B128 
 4136      117E4C67 
 4136      629B70C3 
 4137 0d34 C0350297 		.ascii	"\3005\002\227q\275\023\270\212k_\331\330\216\312\347"
 4137      71BD13B8 
 4137      8A6B5FD9 
ARM GAS  C:\Users\acest\AppData\Local\Temp\ccvMP4Ad.s 			page 156


 4137      D88ECAE7 
 4138 0d44 ABDDB857 		.ascii	"\253\335\270W3\271j\350\210V4\212\312x\321\370\226\300"
 4138      33B96AE8 
 4138      8856348A 
 4138      CA78D1F8 
 4138      96C0
 4139 0d56 1106E24E 		.ascii	"\021\006\342N\327\357~k)\204\276Vn\002\250e\030\376"
 4139      D7EF7E6B 
 4139      2984BE56 
 4139      6E02A865 
 4139      18FE
 4140 0d68 024FFF5A 		.ascii	"\002O\377Z\331wQ\226\263\021\217\270@1\274\262\310\033"
 4140      D9775196 
 4140      B3118FB8 
 4140      4031BCB2 
 4140      C81B
 4141 0d7a 865CC5F7 		.ascii	"\206\\\305\367\310\214\252\010\354\011f\304\253oC\235"
 4141      C88CAA08 
 4141      EC0966C4 
 4141      AB6F439D 
 4142 0d8a FCC04BC0 		.ascii	"\374\300K\300\347\207y\242*\353h)\343\230F\244\342\207"
 4142      E78779A2 
 4142      2AEB6829 
 4142      E39846A4 
 4142      E287
 4143 0d9c 79AC55BA 		.ascii	"y\254U\272\202C\355\355\226\330 \337]\376~\337\341\344"
 4143      8243EDED 
 4143      96D820DF 
 4143      5DFE7EDF 
 4143      E1E4
 4144 0dae 694D8F7E 		.ascii	"iM\217~\254\325\240\233\232\202[\204\335_wm\347\305"
 4144      ACD5A09B 
 4144      9A825B84 
 4144      DD5F776D 
 4144      E7C5
 4145 0dc0 881BC07E 		.ascii	"\210\033\300~928\000\263\347\035\374\260\012\177&B?"
 4145      39323800 
 4145      B3E71DFC 
 4145      B00A7F26 
 4145      423F
 4146 0dd2 AFE8154D 		.ascii	"\257\350\025M\016\"Z\211\2258\2545\360\343!]d\224E\034"
 4146      0E225A89 
 4146      9538AC35 
 4146      F0E3215D 
 4146      6494451C 
 4147 0de6 126DB5AC 		.ascii	"\022m\265\254\251\206\030\253\321\"\212\315f\207uH/"
 4147      A98618AB 
 4147      D1228ACD 
 4147      66877548 
 4147      2F
 4148 0df7 3E49179B 		.ascii	">I\027\233\006\215\362\032\034Y\375\233\315^1\367\367"
 4148      068DF21A 
 4148      1C59FD9B 
 4148      CD5E31F7 
 4148      F7
 4149 0e08 FDDE1C85 		.ascii	"\375\336\034\205\237\315\346\032p\340\254O\015\226\030"
 4149      9FCDE61A 
ARM GAS  C:\Users\acest\AppData\Local\Temp\ccvMP4Ad.s 			page 157


 4149      70E0AC4F 
 4149      0D9618
 4150 0e17 EC359BAD 		.ascii	"\3545\233\255]\2448\333\344\250\0233\177\0125`u\214"
 4150      5DA438DB 
 4150      E4A81333 
 4150      7F0A3560 
 4150      758C
 4151 0e29 EC87768D 		.ascii	"\354\207v\215\262X~\034]E\252\310G\202`\261\3706\364"
 4151      B2587E1C 
 4151      5D45AAC8 
 4151      478260B1 
 4151      F836F4
 4152 0e3c B7369BA3 		.ascii	"\2676\233\243Q\304\020\307\240\030\307\240\350\0320"
 4152      51C410C7 
 4152      A018C7A0 
 4152      E81A30
 4153 0e4b 3A1CD67E 		.ascii	":\034\326~C\004$\341\0309r\224hE\311\006K\015\214$\020"
 4153      430424E1 
 4153      18397294 
 4153      6845C906 
 4153      4B0D8C24 
 4154 0e60 31D27BA5 		.ascii	"1\322{\245\365e\253\321\032\366\343AC\004\301!|$\242"
 4154      F565ABD1 
 4154      1AF6E341 
 4154      4304C121 
 4154      7C24A2
 4155 0e73 5CF25CF9 		.ascii	"\\\362\\\371\0033\352th\227\000C\254\342H\221|\322l"
 4155      0333EA74 
 4155      68970043 
 4155      ACE24891 
 4155      7CD26C
 4156 0e86 1604511C 		.ascii	"\026\004Q\034\204\371e\260DD\200\027\277\302l\2378>"
 4156      84F965B0 
 4156      44448017 
 4156      BFC26C9F 
 4156      383E
 4157 0e98 1D69159A 		.ascii	"\035i\025\232\315\"\336\352g\300\335\026\264\231V|d"
 4157      CD22DEEA 
 4157      67C0DD16 
 4157      B499567C 
 4157      64
 4158 0ea9 86C35819 		.ascii	"\206\303X\031\371\177\364\003\344\017\240\227\300\377"
 4158      F97FF403 
 4158      E40FA097 
 4158      C0FF
 4159 0eb7 758AA286 		.ascii	"u\212\242\206\215\323=A\224\321\024\302G\325/\271O\001"
 4159      8DD33D41 
 4159      94D114C2 
 4159      47D52FB9 
 4159      4F01
 4160 0ec9 A22C47F9 		.ascii	"\242,G\371m\016\370\034Y\011\375\324\011W! C\0249|\216"
 4160      6D0EF81C 
 4160      5909FDD4 
 4160      09572120 
 4160      4314397C 
 4161 0ede 0C50E7CA 		.ascii	"\014P\347\312]\252\203\201E\375\0346\317\217\270&RP"
 4161      5DAA8381 
ARM GAS  C:\Users\acest\AppData\Local\Temp\ccvMP4Ad.s 			page 158


 4161      45FD1C36 
 4161      CF8FB826 
 4161      5250
 4162 0ef0 C52A9404 		.ascii	"\305*\224\004~\201y\263o\356\205\014\343M\372^\255\342"
 4162      7E8179B3 
 4162      6FEE850C 
 4162      E34DFA5E 
 4162      ADE2
 4163 0f02 66DA9270 		.ascii	"f\332\222p\350\237;J\000\262\223\325\220\223\033\037"
 4163      E89F3B4A 
 4163      00B293D5 
 4163      90931B1F 
 4164 0f12 3658D82F 		.ascii	"6X\330/\017\007\001\\8\360mM\331z>\260\007\240\225\320"
 4164      0F07015C 
 4164      38F06D4D 
 4164      D97A3EB0 
 4164      07A095D0 
 4165 0f26 87EDF4E6 		.ascii	"\207\355\364\346\345\006e\344\016\035\231\265m~{d\210"
 4165      E50665E4 
 4165      0E1D99B5 
 4165      6D7E7B64 
 4165      88
 4166 0f37 5F24EE62 		.ascii	"_$\356b\252\267a\256\276\236\273\210\236\377+\312\207"
 4166      AAB761AE 
 4166      BE9EBB88 
 4166      9EFF2BCA 
 4166      87
 4167 0f48 57A57BD7 		.ascii	"W\245{\327 \356c\274\005\267\345\355V\300\036>\266\021"
 4167      20EE63BC 
 4167      05B7E5ED 
 4167      56C01E3E 
 4167      B611
 4168 0f5a 68261F67 		.ascii	"h&\037g\375\210\034y\001\217%\215E\341l\240\036\340"
 4168      FD881C79 
 4168      018F258D 
 4168      45E16CA0 
 4168      1EE0
 4169 0f6c 1ED5BA35 		.ascii	"\036\325\2725m\332\2760\345G\222\373t\344Da\371\374"
 4169      6DDABE30 
 4169      E54792FB 
 4169      74E44461 
 4169      F9FC
 4170 0f7e 8037E027 		.ascii	"\2007\340'\001\272\264m\275\266\274bw\300/3\227\375"
 4170      01BAB46D 
 4170      BDB6BC62 
 4170      77C02F33 
 4170      97FD
 4171 0f90 0077572D 		.ascii	"\000wW-?\246{\213\367@[s\017\371\232\333"
 4171      3FA67B8B 
 4171      F7405B73 
 4171      0FF99ADB 
 4172 0fa0 767C5725 		.ascii	"v|W%7\376!\201N\252\364\320\202\322\034\010a|\017\032"
 4172      37FE2181 
 4172      4EAAF4D0 
 4172      82D21C08 
 4172      617C0F1A 
 4173 0fb4 D5AD18DF 		.ascii	"\325\255\030\337\275m_\213q\326\312\214\034o1\356tx"
ARM GAS  C:\Users\acest\AppData\Local\Temp\ccvMP4Ad.s 			page 159


 4173      BD6D5F8B 
 4173      71D6CA8C 
 4173      1C6F31EE 
 4173      7478
 4174 0fc6 0F3A54EB 		.ascii	"\017:T\353;T\353\237\274D\366\205\177\277\365\217\251"
 4174      3B54EB9F 
 4174      BC44F685 
 4174      7FBFF58F 
 4174      A9
 4175 0fd7 DA29F7EA 		.ascii	"\332)\367\352.XC\250}\212\322\236\310j}\331\364A)\015"
 4175      2E5843A8 
 4175      7D8AD29E 
 4175      C86A7DD9 
 4175      F441290D 
 4176 0feb 41061C87 		.ascii	"A\006\034\207^Ue\257\252\362\344\313\344Xh\225\247\213"
 4176      5E5565AF 
 4176      AAF2E4CB 
 4176      E4586895 
 4176      A78B
 4177 0ffd 1BCAA3   		.ascii	"\033\312\243"
 4178 1000 15F77A0D 		.ascii	"\025\367z\015\364\330\326\271\272$R\261}\012\035y\226"
 4178      F4D8D6B9 
 4178      BA2452B1 
 4178      7D0A1D79 
 4178      96
 4179 1011 93EF0B15 		.ascii	"\223\357\013\025\370t\334}\322\0142\211%\031*\211t\003"
 4179      F874DC7D 
 4179      D20C3289 
 4179      25192A89 
 4179      7403
 4180 1023 3C57493C 		.ascii	"<WI<WI\254|\2114\204\007\375\344\206\327\327\252\212"
 4180      5749AC7C 
 4180      89348407 
 4180      FDE486D7 
 4180      D7AA8A
 4181 1036 DA805D77 		.ascii	"\332\200]w\000L\247\032\213[\322s\303\024\232\031t\344"
 4181      004CA71A 
 4181      8B5BD273 
 4181      C3149A19 
 4181      74E4
 4182 1048 E4E13975 		.ascii	"\344\3419u\242\3023\223\216\034\372&}\212\030\202\325"
 4182      A2C23393 
 4182      8E1CFA26 
 4182      7D8A1882 
 4182      D5
 4183 1059 4C6435C3 		.ascii	"Ld5\303\300\3028/\247\370q\324\353\213\026\321\227\205"
 4183      C0C2382F 
 4183      A7F871D4 
 4183      EB8B16D1 
 4183      9785
 4184 106b 7FA11939 		.ascii	"\177\241\0319\012\357\3024\203\302m\232A\341V\321\237"
 4184      0AEFC234 
 4184      83C26D9A 
 4184      41E156D1 
 4184      9F
 4185 107c 5C67DCDA 		.ascii	"\\g\334\332V\034\274\025M\247\370zg\250\006\341\244"
 4185      561CBC15 
ARM GAS  C:\Users\acest\AppData\Local\Temp\ccvMP4Ad.s 			page 160


 4185      4DA7F87A 
 4185      67A806E1 
 4185      A4
 4186 108d 2C755296 		.ascii	",uR\226:\351H?\362\210M\332\232\261\271\302\242\220"
 4186      3AE9483F 
 4186      F2884DDA 
 4186      9AB1B9C2 
 4186      A290
 4187 109f A3165594 		.ascii	"\243\026U\224\225n\017\025\266\\\234;\233s\233\223\263"
 4187      956E0F15 
 4187      B65C9C3B 
 4187      9B739B93 
 4187      B3
 4188 10b0 F5B19129 		.ascii	"\365\261\221)Z;KU\224k\200\034UQ\216\252\350R,\231\036"
 4188      5A3B4B55 
 4188      946B801C 
 4188      55518EAA 
 4188      E8522C99 
 4189 10c5 1152D192 		.ascii	"\021R\321\222\232t\227\252\007}\245(\232\207s\347rE"
 4189      9A7497AA 
 4189      077DA528 
 4189      9A8773E7 
 4189      7245
 4190 10d7 8B1E4EDF 		.ascii	"\213\036N\337bfN8\327\226\021u\202.\012\300\373\220"
 4190      62664E38 
 4190      D7961175 
 4190      822E0AC0 
 4190      FB90
 4191 10e9 A72ACAD3 		.ascii	"\247*\312\323\024\365%\305LQ\306\316\234#\241\014X\210"
 4191      14F525C5 
 4191      4C51C6CE 
 4191      9C23A10C 
 4191      5888
 4192 10fb 5017139B 		.ascii	"P\027\023\233\327R\262:\234\211]s\\\366\355B\003,P\205"
 4192      D752B23A 
 4192      9C895D73 
 4192      5CF6ED42 
 4192      032C5085 
 4193 110f 2E5085D6 		.ascii	".P\205\326\365!\353#\004\262\207\011n\337|\327\026\342"
 4193      F521EB23 
 4193      04B28709 
 4193      6EDF7CD7 
 4193      16E2
 4194 1121 1DE76283 		.ascii	"\035\347b\203\377;\316\323MS+\303T\375\005\006\225@"
 4194      FF3BCED3 
 4194      4D532BC3 
 4194      54FD0506 
 4194      9540
 4195 1133 A14AA06E 		.ascii	"\241J\240n\311\203\233&F\340\366\346\342+\340\235\211"
 4195      C9839B26 
 4195      46E0F6E6 
 4195      E22BE09D 
 4195      89
 4196 1144 E818BC0F 		.ascii	"\350\030\274\017\371*\207|\225CK\014\251c\372\033VM"
 4196      F92A877C 
 4196      95434B0C 
 4196      A963FA1B 
ARM GAS  C:\Users\acest\AppData\Local\Temp\ccvMP4Ad.s 			page 161


 4196      564D
 4197 1156 B9CCE2DB 		.ascii	"\271\314\342\333Q\272u\221\342\015$^\244N*R'5\305\220"
 4197      51BA7591 
 4197      E20D245E 
 4197      A44E2A52 
 4197      2735C590 
 4198 116a 2B48FC3E 		.ascii	"+H\374>\233x\377R\343\232\010\364(,\303\017\322\303"
 4198      9B78FF52 
 4198      E39A08F4 
 4198      282CC30F 
 4198      D2C3
 4199 117c C6B6B4CE 		.ascii	"\306\266\264\316-\240?\340B\011\316Yn O\331h\325\205"
 4199      2DA03FE0 
 4199      4209CE59 
 4199      6E204FD9 
 4199      68D585
 4200 118f 1BB7CC74 		.ascii	"\033\267\314tt%\216\256\240\251zks\376\234(\0266\023"
 4200      74258EAE 
 4200      A0A97A6B 
 4200      73FE9C28 
 4200      163613
 4201 11a2 8BDAA27D 		.ascii	"\213\332\242}\273\347\233\345\353\325\024\220\366\244"
 4201      BBE79BE5 
 4201      EBD51490 
 4201      F6A4
 4202 11b0 FA84E66E 		.ascii	"\372\204\346n\223jm)JX\303\303x\376\\\333\012\313\353"
 4202      936A6D29 
 4202      4A58C3C3 
 4202      78FE5CDB 
 4202      0ACBEB
 4203 11c3 8599DECC 		.ascii	"\205\231\336\314\214\312O\323\275\225\025\"\336\205"
 4203      8CCA4FD3 
 4203      BD951522 
 4203      DE85
 4204 11d1 624E1B56 		.ascii	"bN\033V!\260\230J\024\310\264H\366\022\253\262%\223"
 4204      21B0984A 
 4204      14C8B448 
 4204      F612ABB2 
 4204      2593
 4205 11e3 ABE8E599 		.ascii	"\253\350\345\231\322^\263\277\316\034\"\242e8s=W\261"
 4205      D25EB3BF 
 4205      CE1C22A2 
 4205      6538733D 
 4205      57B1
 4206 11f5 725ACE6A 		.ascii	"rZ\316j\362\372\"<)\026\226\\\331:h_z\361\020\274\015"
 4206      F2FA223C 
 4206      2916965C 
 4206      D93A685F 
 4206      7AF110BC 
 4207 120a EB54D7AC 		.ascii	"\353T\327\254\343\032\0263\015\235\363\273\333\210R"
 4207      E31A1633 
 4207      0D9DF3BB 
 4207      DB8852
 4208 1219 ACA88605 		.ascii	"\254\250\206\005i\265\017\302Ch(G\015>\256\241\261\246"
 4208      69B50FC2 
 4208      43682847 
 4208      0D3EAEA1 
ARM GAS  C:\Users\acest\AppData\Local\Temp\ccvMP4Ad.s 			page 162


 4208      B1A6
 4209 122b F46604D5 		.ascii	"\364f\004\325P\261\270u\316l3\312/7\300FU\376F.\377"
 4209      50B1B875 
 4209      CE6C33CA 
 4209      2F37C046 
 4209      55FE462E 
 4210 1240 1A93DFDB 		.ascii	"\032\223\337\3330\365\261F\270^\313\355-j\012\224\257"
 4210      30F5B146 
 4210      B85ECBED 
 4210      2D6A0A94 
 4210      AF
 4211 1251 BA71DF44 		.ascii	"\272q\337D\305u\364\356\350\360Z\206\340-\330\254J\333"
 4211      C575F4EE 
 4211      E8F05A86 
 4211      E02DD8AC 
 4211      4ADB
 4212 1263 CCA57530 		.ascii	"\314\245u0i\363K\246\336\210b\320v\037\203\242\342m"
 4212      69F34BA6 
 4212      DE8862D0 
 4212      761F83A2 
 4212      E26D
 4213 1275 2A741B87 		.ascii	"*t\033\207>\345\206-\234\373\334H\241\276\236\012\357"
 4213      3EE5862D 
 4213      9CFBDC48 
 4213      A1BE9E0A 
 4213      EF
 4214 1286 54234D7A 		.ascii	"T#Mz\250P\241\025\034:#\212\025\23039\337D\374\204z"
 4214      A850A115 
 4214      1C3A238A 
 4214      15983339 
 4214      DF44FC84 
 4215 129b 6CC7FD39 		.ascii	"l\307\3759\345\357\347y\2133\011=\302\355\240p\371\030"
 4215      E5EFE779 
 4215      8B33093D 
 4215      C2EDA070 
 4215      F918
 4216 12ad 28E095F0 		.ascii	"(\340\225\360\361\216\030\262\227N1\355\230\271\245"
 4216      F18E18B2 
 4216      974E31ED 
 4216      98B9A5
 4217 12bc C4C05FC6 		.ascii	"\304\300_\306\207\211\260\327\220F\327\375^C%}1?5B~"
 4217      8789B0D7 
 4217      9046D7FD 
 4217      5E43257D 
 4217      313F3542 
 4218 12d1 CFBE8B0E 		.ascii	"\317\276\213\016\011\260\333\000{hz\254\231\347{\240"
 4218      09B0DB00 
 4218      7B687AAC 
 4218      99E77BA0 
 4219 12e1 FBB514E3 		.ascii	"\373\265\024\343\256\354W\225\334\257K\216t?\340\025"
 4219      AEEC5795 
 4219      DCAF4B8E 
 4219      743FE015 
 4220 12f1 BA3264FE 		.ascii	"\2722d\376\220\003Q\312\366\234\245l\317\271l{\256\222"
 4220      900351CA 
 4220      F69CA56C 
 4220      CFB96C7B 
ARM GAS  C:\Users\acest\AppData\Local\Temp\ccvMP4Ad.s 			page 163


 4220      AE92
 4221 1303 0D836A03 		.ascii	"\015\203j\003\366\225\314\277\363#\024zd\353\321\333"
 4221      F695CCBF 
 4221      F323147A 
 4221      64EBD1DB 
 4222 1313 FADFBA34 		.ascii	"\372\337\2724\255\373\271\326\272UW\037\350~\210\330"
 4222      ADFBB9D6 
 4222      BA55571F 
 4222      E87E88D8 
 4223 1323 A2010E70 		.ascii	"\242\001\016p\300\263\366\302\353\2727\366e\032\340"
 4223      C0B3F6C2 
 4223      EBBA37F6 
 4223      651AE0
 4224 1332 2025D518 		.ascii	" %\325\030\365\375\273`\015\265\377\302\201\216\274"
 4224      F5FDBB60 
 4224      0DB5FFC2 
 4224      818EBC
 4225 1341 F050A970 		.ascii	"\360P\251p\030\031\327\322\035h\036\332V\324\275\214"
 4225      1819D7D2 
 4225      1D681EDA 
 4225      56D4BD8C 
 4226 1351 BD67E7B6 		.ascii	"\275g\347\266\0356\300!\305\266#\264\257\226\243W\311"
 4226      1D36C021 
 4226      C5B623B4 
 4226      AF96A357 
 4226      C9
 4227 1362 E268EE8D 		.ascii	"\342h\356\215\305\255\345\3335o\240\201G\225\031u\264"
 4227      C5ADE5DB 
 4227      356FA081 
 4227      47951975 
 4227      B4
 4228 1373 AFCCA819 		.ascii	"\257\314\250\031@6\362\031\035\227Krh\321(\316\005j"
 4228      4036F219 
 4228      1D974B72 
 4228      68D128CE 
 4228      056A
 4229 1385 EE31057E 		.ascii	"\3561\005~\234\366\025\370\256\001\244\232\303+\032"
 4229      9CF615F8 
 4229      AE01A49A 
 4229      C32B1A
 4230 1394 9F2DFB55 		.ascii	"\237-\373U\241\267\022c\274\217\371\347\2042\241\236"
 4230      A1B71263 
 4230      BC8FF9E7 
 4230      8432A19E 
 4231 13a4 F6950945 		.ascii	"\366\225\011E\003HFL\310%\365\354Q\331\226he\340$u\305"
 4231      0348464C 
 4231      C825F5EC 
 4231      51D99668 
 4231      65E02475 
 4232 13b9 998A9E6C 		.ascii	"\231\212\236lc\250\212\177\032\305\235\322\\Q\337\371"
 4232      63A88A7F 
 4232      1AC59DD2 
 4232      5C51DFF9 
 4233 13c9 B6EA8AD3 		.ascii	"\266\352\212\323\006\370VQ|\206\366\025\305\313^%sc"
 4233      06F85651 
 4233      7C86F615 
 4233      C5CB5E25 
ARM GAS  C:\Users\acest\AppData\Local\Temp\ccvMP4Ad.s 			page 164


 4233      7363
 4234 13db 1457D46F 		.ascii	"\024W\324o\366s\305Ye\3069\332W\353\350\000\262\226"
 4234      F673C559 
 4234      65C639DA 
 4234      57EBE800 
 4234      B296
 4235 13ed CFA83831 		.ascii	"\317\25081\263y\266YK\244\006\005\177\336\200}U\303"
 4235      B379B659 
 4235      4BA40605 
 4235      7FDE807D 
 4235      55C3
 4236 13ff 2B34C287 		.ascii	"+4\302\207\316\224\353\322\267G;n]\340y\262nk\3573\335"
 4236      CE94EBD2 
 4236      B7473B6E 
 4236      5DE079B2 
 4236      6E6BEF33 
 4237 1414 7B98A71A 		.ascii	"{\230\247\032\240\221\003\256f6\225\352\336C\337\325"
 4237      A09103AE 
 4237      663695EA 
 4237      DE43DFD5 
 4238 1424 00176922 		.ascii	"\000\027i\"U2\357\345o:\235\026\245\234X\251\367\322"
 4238      5532EFE5 
 4238      6F3A9D16 
 4238      A59C58A9 
 4238      F7D2
 4239 1436 B2EB75BE 		.ascii	"\262\353u\276\332\253m\"M\310\357\262rpa\277g\320\010"
 4239      DAAB6D22 
 4239      4DC8EFB2 
 4239      727061BF 
 4239      67D008
 4240 1449 0DC671B8 		.ascii	"\015\306q\270\244\230q\205\366\0253\322^\245\307\312"
 4240      A4987185 
 4240      F61533D2 
 4240      5EA5C7CA 
 4241 1459 071B1B74 		.ascii	"\007\033\033t,\323\265l\276\312Y\036n\364=\326\331\271"
 4241      2CD3B56C 
 4241      BECA591E 
 4241      6EF43DD6 
 4241      D9B9
 4242 146b 50035CA3 		.ascii	"P\003\\\243,\353e\307-n\275\367\266\232\024\010\272"
 4242      2CEB65C7 
 4242      2D6EBDF7 
 4242      B69A1408 
 4242      BA
 4243 147c AEA8BC41 		.ascii	"\256\250\274A\373\212\312+\003\310\255\320f\265\224"
 4243      FB8ACA2B 
 4243      03C8ADD0 
 4243      66B594
 4244 148b 3EF76A7B 		.ascii	">\367j{\343\036-\005\232\351oC\006\365 \376\270|\320"
 4244      E31E2D05 
 4244      9AE96F43 
 4244      06F520FE 
 4244      B87CD0
 4245 149e 7E25A0CD 		.ascii	"~%\240\315\370d\251\250i\241}u\217\033H\236r^\276\202"
 4245      F864A9A8 
 4245      69A17D75 
 4245      8F1B489E 
ARM GAS  C:\Users\acest\AppData\Local\Temp\ccvMP4Ad.s 			page 165


 4245      725EBE82 
 4246 14b2 CD292AF8 		.ascii	"\315)*\370\266\002n\245}\005\274o \311\351\023\222S"
 4246      B6026EA5 
 4246      7D05BC6F 
 4246      20C9E913 
 4246      9253
 4247 14c4 C3D3F96B 		.ascii	"\303\323\371k#\225\2016\266f\017\036\353\211\016\345"
 4247      23958136 
 4247      B6660F1E 
 4247      EB890EE5 
 4248 14d4 FC761477 		.ascii	"\374v\024wWf\331Q;{\026_Oa8\016w\024\255\035\264\257"
 4248      5766D951 
 4248      3B7B165F 
 4248      4F61380E 
 4248      7714AD1D 
 4249 14ea 683D4373 		.ascii	"h=Csh\353\335'>\243\372O\002\240\257\352\332{\210\033"
 4249      68EBDD27 
 4249      3EA3FA4F 
 4249      02A0AFEA 
 4249      DA7B881B 
 4250 14fe 06C3E999 		.ascii	"\006\303\351\231\241\244w\027\351\313\237\302\377\033"
 4250      A1A47717 
 4250      E9CB9FC2 
 4250      FF1B
 4251 150c CE8AAAC6 		.ascii	"\316\212\252\306\373\006\006\343\357rL\210\\\275=\363"
 4251      FB0606E3 
 4251      EF724C88 
 4251      5CBD3DF3 
 4252 151c 48582861 		.ascii	"HX(a]LX\247\201!\315\354\245\317{4\201\257\335\254\212"
 4252      5D4C58A7 
 4252      8121CDEC 
 4252      A5CF7B34 
 4252      81AFDDAC 
 4253 1531 D64B7E88 		.ascii	"\326K~\210\017\015t\207\3576\2609\002Y\332G e\3145\263"
 4253      0F0D7487 
 4253      EF36B039 
 4253      0259DA47 
 4253      2065CC35 
 4254 1546 AAAA0B4D 		.ascii	"\252\252\013M\364\336#\236\024\271\231\247\336a\216"
 4254      F4DE239E 
 4254      14B999A7 
 4254      DE618E
 4255 1555 B923324F 		.ascii	"\271#2O\235\317\316\237\021j\037~\202\242\036+\301{"
 4255      9DCFCE9F 
 4255      116A1F7E 
 4255      82A21E2B 
 4255      C17B
 4256 1567 B86ED3E3 		.ascii	"\270n\323\3437\344\365[#\342=\350\2217\372^\\\036\364"
 4256      37E4F55B 
 4256      23E23DE8 
 4256      9137FA5E 
 4256      5C1EF4
 4257 157a 4A71CEAA 		.ascii	"Jq\316\252\201$\263/\237\204[P\367\010u\011cb=S\334"
 4257      8124B32F 
 4257      9F845B50 
 4257      F7087509 
 4257      63623D53 
ARM GAS  C:\Users\acest\AppData\Local\Temp\ccvMP4Ad.s 			page 166


 4258 158f F99CF695 		.ascii	"\371\234\366\225\031k\007\220\202\276AL\231\204'\235"
 4258      196B0790 
 4258      82BE414C 
 4258      9984279D 
 4259 159f 27969877 		.ascii	"'\226\230wVx\275\323\274\336\264\177f\033\237\327\310"
 4259      5678BDD3 
 4259      BCDEB47F 
 4259      661B9FD7 
 4259      C8
 4260 15b0 F54E3142 		.ascii	"\365N1B\232\021\257\324\0251\220\370BK\361\355\335\236"
 4260      9A11AFD4 
 4260      153190F8 
 4260      424BF1ED 
 4260      DD9E
 4261 15c2 22F3C6F9 		.ascii	"\"\363\306\371\351\362\374\251F\230f\304+e\376\274\201"
 4261      E9F2FCA9 
 4261      469866C4 
 4261      2B65FEBC 
 4261      81
 4262 15d3 6497CABB 		.ascii	"d\227\312\273\374\236\037\357\351F\231w\206\021\373"
 4262      FC9E1FEF 
 4262      E9469977 
 4262      8611FB
 4263 15e2 CA8CCD03 		.ascii	"\312\214\315\003H\335\013y\027\027\004\360\316\224\365"
 4263      48DD0B79 
 4263      171704F0 
 4263      CE94F5
 4264 15f1 CE30C24C 		.ascii	"\3160\302L#^)Rf\015$M/\340]\240\347=K\236\237e\204l"
 4264      235E2952 
 4264      660D244D 
 4264      2FE05DA0 
 4264      E73D4B9E 
 4265 1609 235E29F3 		.ascii	"#^)\363\227\014\024\014)n\347\304w\207\016\035\246\377"
 4265      970C140C 
 4265      296EE7C4 
 4265      77870E1D 
 4265      A6FF
 4266 161b 7FF48484 		.ascii	"\177\364\204\204q\011\237K\251\216\004\327\2608\332"
 4266      71099F4B 
 4266      A98E04D7 
 4266      B038DA
 4267 162a 7779468E 		.ascii	"wyF\216\0301b\230\3133\314-\015\363\270\343pt\24244"
 4267      18316298 
 4267      CB33CC2D 
 4267      0DF3B8E3 
 4267      7074A234 
 4268 163f CEF2DBDF 		.ascii	"\316\362\333\337\1771h\364\210w\205\030~=\364\275wG"
 4268      7F3168F4 
 4268      88778518 
 4268      7E3DF4BD 
 4268      7747
 4269 1651 BEFF9E7D 		.ascii	"\276\377\236}\374\333Bd\334\004\233\303\231(\331m\211"
 4269      FCDB4264 
 4269      DC049BC3 
 4269      9928D96D 
 4269      89
 4270 1662 091E29DA 		.ascii	"\011\036)\332\357\312&\031\222\235\223%#\033\211\364"
ARM GAS  C:\Users\acest\AppData\Local\Temp\ccvMP4Ad.s 			page 167


 4270      EFCA2619 
 4270      929D9325 
 4270      231B89F4 
 4271 1672 7CED4948 		.ascii	"|\355IH\226\234\356\211\366D\233\364f\334/\3062\205"
 4271      969CEE89 
 4271      F6449BF4 
 4271      66DC2FC6 
 4271      3285
 4272 1684 1EA67CAC 		.ascii	"\036\246|\254N\371X\227g\254[\032\233\220\034\227\230"
 4272      4EF95897 
 4272      67AC5B1A 
 4272      9B901C97 
 4272      98
 4273 1695 EA70E21D 		.ascii	"\352p\342\035*\3123t\202`I\264{$)!\311\031\206\242\350"
 4273      2ACA3374 
 4273      826049B4 
 4273      7B242921 
 4273      C91986A2 
 4274 16aa B70D45D3 		.ascii	"\267\015E\323\233/\241\326\211\011n)\225J\306q\267\207"
 4274      9B2FA1D6 
 4274      89096E29 
 4274      954AC671 
 4274      B787
 4275 16bc A90FA378 		.ascii	"\251\017\243x\217dOJ\261\244\242\346w\336\262Io\377"
 4275      8F644F4A 
 4275      B1A4A2E6 
 4275      77DEB249 
 4275      6FFF
 4276 16ce 00B5AE71 		.ascii	"\000\265\256q\377\343\214c\212\373\207\020n\223H\212"
 4276      FFE38C63 
 4276      8AFB8710 
 4276      6E93488A 
 4277 16de DD6D189F 		.ascii	"\335m\030\237\232\034\027\023\250>\332\357\312&Y&J\024"
 4277      9A1C1713 
 4277      A83EDAEF 
 4277      CA265926 
 4277      4A14
 4278 16f0 67934C6E 		.ascii	"g\223Lng\242\313\356\010w\217\217K\265%\331=_\331$k"
 4278      67A2CBEE 
 4278      08778F8F 
 4278      4BB525D9 
 4278      3D5FD924 
 4279 1705 921DB94D 		.ascii	"\222\035\271Mp;\355\016\013~$\246\270\023\\f\211~\332"
 4279      703BED0E 
 4279      0B7E24A6 
 4279      B8135C66 
 4279      897EDA
 4280 1718 24739234 		.ascii	"$s\2224\231\352\262\240\202\244T\3119\331\342Lq&;\022"
 4280      99EAB2A0 
 4280      82A454C9 
 4280      39D9E24C 
 4280      71263B12 
 4281 172c 92E3C39D 		.ascii	"\222\343\303\235\023\235\311\022\227`I\362\304\377%"
 4281      139DC912 
 4281      976049F2 
 4281      C4FF25
 4282 173b D599EAA4 		.ascii	"\325\231\352\2440\326\261*\035\0241\311\236 \341\004"
ARM GAS  C:\Users\acest\AppData\Local\Temp\ccvMP4Ad.s 			page 168


 4282      30D6B12A 
 4282      1D1431C9 
 4282      9E20E104 
 4283 174b 330E319F 		.ascii	"3\0161\237\310\3376\011RM\316IT\202i\222\204zR\360\313"
 4283      C8DF3609 
 4283      524DCE49 
 4283      54826992 
 4283      847A52F0 
 4284 1760 E34C4A89 		.ascii	"\343LJ\211@\000~\333S&\270\334N\263\207j\361\304\033"
 4284      40007EDB 
 4284      5326B8DC 
 4284      4EB3876A 
 4284      F1C41B
 4285 1773 B1A1B327 		.ascii	"\261\241\263'I\222;\205J\220\371\362/\233\324W\356\270"
 4285      49923B85 
 4285      4A90F9F2 
 4285      2F9BD457 
 4285      EEB8
 4286 1785 9DE39D6E 		.ascii	"\235\343\235ngr\034\352Ei\350\277\024\213sr\202\024"
 4286      67721CEA 
 4286      4569E8BF 
 4286      148B7372 
 4286      8214
 4287 1797 E772384D 		.ascii	"\347r8Mn\307\327(\304\200\020\217Y\242\237(o|\242=\036"
 4287      6EC7D728 
 4287      C480108F 
 4287      59A29F28 
 4287      6F7CA23D 
 4288 17ac AF92F03E 		.ascii	"\257\222\360>^a\244$\247Eb_T\200}\234\335\343\264z\244"
 4288      5E61A424 
 4288      A745625F 
 4288      54807D9C 
 4288      DDE3B47A 
 4289 17c1 AFEC8909 		.ascii	"\257\354\211\011\361\3114\227\354INC\334\004\273"
 4289      F1C93497 
 4289      EC494E43 
 4289      DC04BB
 4290 17d0 DBE89A94 		.ascii	"\333\350\232\224\354tG!\021\227\307\226\220\2143Pg\244"
 4290      EC744721 
 4290      1197C796 
 4290      908C3350 
 4290      67A4
 4291 17e2 AE4F3DCD 		.ascii	"\256O=\315\034@\342\244\311\2503\336cJt\333\234\223"
 4291      1C40E2A4 
 4291      C9A833DE 
 4291      634A74DB 
 4291      9C93
 4292 17f4 E35822BC 		.ascii	"\343X\"\2749\022\203\347\0361\002\333p\321\375\276\350"
 4292      391283E7 
 4292      1E3102DB 
 4292      70D1FDBE 
 4292      E8
 4293 1805 7E4F74BF 		.ascii	"~Ot\277+\272\337\021\335o\213\356\267\314T-\372?<\305"
 4293      2BBADF11 
 4293      DD6F8BEE 
 4293      B7CC542D 
 4293      FA3F3CC5 
ARM GAS  C:\Users\acest\AppData\Local\Temp\ccvMP4Ad.s 			page 169


 4294 1819 E59650A2 		.ascii	"\345\226P\242\204\"F}w\332\304\271\222\222\\\311c\351"
 4294      8422467D 
 4294      77DAC4B9 
 4294      92925CC9 
 4294      63E9
 4295 182b 04CF58BB 		.ascii	"\004\317X\273;i\342\273o$\275aO\224\020\027\207^\304"
 4295      3B69E2BB 
 4295      6F24BD61 
 4295      4F941017 
 4295      875EC4
 4296 183e 0C123D29 		.ascii	"\014\022=)\\\036.\007\224\027\301\372q.\\\016\223%2"
 4296      5C1E2E07 
 4296      9417C1FA 
 4296      712E5C0E 
 4296      932532
 4297 1851 C1E136A5 		.ascii	"\301\3416\2450\272}\320$\032zw\202\3645\217`l\320\010"
 4297      30BA7DD0 
 4297      241A7A77 
 4297      82F4358F 
 4297      606CD008 
 4298 1865 3A820E18 		.ascii	":\202\016\030\331\205\201\306\322\230\224\342r%\232"
 4298      D98581C6 
 4298      D29894E2 
 4298      72259A
 4299 1874 50DCF884 		.ascii	"P\334\370\204\370\376\376^\261\361\321~\301C(\207\246"
 4299      F8FEFE5E 
 4299      B1F1D17E 
 4299      C1432887 
 4299      A6
 4300 1885 214D0CFA 		.ascii	"!M\014\372m\240\2510\362\007,\017:\011-3\261\\\226\314"
 4300      6DA0A930 
 4300      F2072C0F 
 4300      3A092D33 
 4300      B15C96CC 
 4301 1899 D4505B82 		.ascii	"\324P[\202#L\376\306\021t;e\027N\0258\343\261\347\376"
 4301      234CFEC6 
 4301      11743B65 
 4301      174E1538 
 4301      E3B1E7FE 
 4302 18ad DAAA7430 		.ascii	"\332\252t0@\023%\306\335M?#\031\306\356\370\232\345"
 4302      401325C6 
 4302      DD4D3F23 
 4302      19C6EEF8 
 4302      9AE5
 4303 18bf A6392ED5 		.ascii	"\2469.\325\215i$EhC\0300\307\270xZ]\350\322w&a\221\031"
 4303      8D692445 
 4303      68431830 
 4303      C7B8785A 
 4303      5DE8D277 
 4304 18d7 971A1F96 		.ascii	"\227\032\037\226bON\210\263a^\375\220r\302\246\"\363"
 4304      624F4E88 
 4304      B3615EFD 
 4304      9072C2A6 
 4304      22F3
 4305 18e9 28BD2854 		.ascii	"(\275(T0\342\035!\214\005\317\371F\222`E;08o$\275%\260"
 4305      30E21D21 
 4305      8C05CFF9 
ARM GAS  C:\Users\acest\AppData\Local\Temp\ccvMP4Ad.s 			page 170


 4305      46926045 
 4305      3B30386F 
 4306 1901 9AC648A0 		.ascii	"\232\306H\240\007\235n)z\242\322\263\215Op{\244\237"
 4306      079D6E29 
 4306      7AA2D2B3 
 4306      8D4F707B 
 4306      A49F
 4307 1913 8FFEC5D8 		.ascii	"\217\376\305\330/\360\022C\037\347\364Hc?tz\276\222"
 4307      2FF01243 
 4307      1FE7F448 
 4307      633F747A 
 4307      BE92
 4308 1925 5C29633F 		.ascii	"\\)c?\033\372\301\320\321C\1773\326\215\303\030C\027"
 4308      1BFAC1D0 
 4308      D1437F33 
 4308      D68DC318 
 4308      4317
 4309 1937 AD26C27B 		.ascii	"\255&\302{\177g\001\026\"P\253\307)\331\354\211\310"
 4309      7F670116 
 4309      2250ABC7 
 4309      29D9EC89 
 4309      C8
 4310 1948 D18A17CE 		.ascii	"\321\212\027\316de\255\377\361\017\037\272>wJc\372\251"
 4310      6465ADFF 
 4310      F10F1FBA 
 4310      3E774A63 
 4310      FAA9
 4311 195a DDD19859 		.ascii	"\335\321\230Y\011\311\251\256T\317\230\010>\370\231"
 4311      09C9A9AE 
 4311      54CF9808 
 4311      3EF899
 4312 1969 13278F19 		.ascii	"\023'\217\031H/~\353\224>s\322\252\203ea\214\\\220\307"
 4312      482F7EEB 
 4312      943E73D2 
 4312      AA836561 
 4312      8C5C90C7 
 4313 197d 8473D81F 		.ascii	"\204s\330\037\022\342\276\032\323GF\375\001\253\327"
 4313      12E2BE1A 
 4313      D34746FD 
 4313      01ABD7
 4314 198c E7B47C8E 		.ascii	"\347\264|\216\211\222\013.+\2466)\226\002\230D\015\022"
 4314      89920B2E 
 4314      2BA63629 
 4314      96029844 
 4314      0D12
 4315 199e 63B38D4B 		.ascii	"c\263\215KMHD\265\230\343)h\252\021\323\314#\031\022"
 4315      4D4844B5 
 4315      98E32968 
 4315      AA11D3CC 
 4315      231912
 4316 19b1 9DF6F1E6 		.ascii	"\235\366\361\346d\027V\010\327$$\370\331G\243\277\030"
 4316      64175608 
 4316      D72424F8 
 4316      D947A3BF 
 4316      18
 4317 19c2 ED4A4C44 		.ascii	"\355JLD\300G\366\324D\3113\006W82\376\200\232\365\257"
 4317      C047F6D4 
ARM GAS  C:\Users\acest\AppData\Local\Temp\ccvMP4Ad.s 			page 171


 4317      44C93306 
 4317      573832FE 
 4317      809AF5AF 
 4318 19d6 DF1DC509 		.ascii	"\337\035\305\011\366D\374\302\017\267\364FrB\242\274"
 4318      F644FCC2 
 4318      0FB7F446 
 4318      7242A2BC 
 4319 19e6 BA7891C5 		.ascii	"\272x\221\305xFx\244\337R\323S\251Mx\201\274\334\\n"
 4319      784678A4 
 4319      DF52D353 
 4319      A94D7881 
 4319      BCDC5C6E 
 4320 19fa 38BD70A5 		.ascii	"8\275p\245\260>\211\2330|\304\017\310\026\264\034e\033"
 4320      B03E899B 
 4320      307CC40F 
 4320      C816B41C 
 4320      651B
 4321 1a0c 6DBFC625 		.ascii	"m\277\306%\366R@&\330\3069\307#\003\014\001\365\303"
 4321      F6524026 
 4321      D8C639C7 
 4321      23030C01 
 4321      F5C3
 4322 1a1e 070EC797 		.ascii	"\007\016\307\227?d\001Q\336(\272\037\253\005|\247P\003"
 4322      3F640151 
 4322      DE28BA1F 
 4322      AB057CA7 
 4322      5003
 4323 1a30 1CAB1B8C 		.ascii	"\034\253\033\214w\362^_9,\237\263\264\245\032\277\034"
 4323      77F25E5F 
 4323      392C9FB3 
 4323      B4A51ABF 
 4323      1C
 4324 1a41 FE03D461 		.ascii	"\376\003\324a\026M\020\3029\325\017\023\306\217\377"
 4324      164D10C2 
 4324      39D50F13 
 4324      C68FFF
 4325 1a50 F225BD62 		.ascii	"\362%\275b\352+\256\272\177\240\221\366\361\350\317"
 4325      EA2BAEBA 
 4325      7FA091F6 
 4325      F1E8CF
 4326 1a5f 186D94EE 		.ascii	"\030m\224\356\022\322\327\375\375f\273R\002'\273\235"
 4326      12D2D7FD 
 4326      FD66BB52 
 4326      0227BB9D 
 4327 1a6f 49AE894E 		.ascii	"I\256\211N\276B\264\311\016'KZ\2754\206\210\2641\333"
 4327      BE42B4C9 
 4327      0E274B5A 
 4327      BD348688 
 4327      B431DB
 4328 1a82 7FFDC1E7 		.ascii	"\177\375\301\347\277\371\364\2631\221\366\304I\366\257"
 4328      BFF9F4B3 
 4328      3191F6C4 
 4328      49F6AF
 4329 1a91 69C54A4C 		.ascii	"i\305JLHv\376\356o*\276XHi\351\035\033\227\344I\240"
 4329      4876FEEE 
 4329      6F2ABE58 
 4329      4869E91D 
ARM GAS  C:\Users\acest\AppData\Local\Temp\ccvMP4Ad.s 			page 172


 4329      1B97E449 
 4330 1aa6 836EA766 		.ascii	"\203n\247f;\035\262\305\307\305\241\003\320\211\350"
 4330      3B1DB2C5 
 4330      C7C5A103 
 4330      D089E8
 4331 1ab5 BF2F9213 		.ascii	"\277/\222\023]q_}\344v%\215\371\3743\036\200T6d\033"
 4331      5D715F7D 
 4331      E476258D 
 4331      F9FC331E 
 4331      80543664 
 4332 1aca 8F6348CA 		.ascii	"\217cH\312\035\256\033\214as~\247\315\350\313n\372\341"
 4332      1DAE1B8C 
 4332      61737EA7 
 4332      CDE8CB6E 
 4332      FAE1
 4333 1adc C3D4A1FF 		.ascii	"\303\324\241\377\007\346I-\012"
 4333      07E6492D 
 4333      0A
 4334              		.text
 4335              		.section	.gnu.lto_.symtab.b3bfb553,"e",%progbits
 4336 0000 63685654 		.ascii	"chVTDoSetI\000"
 4336      446F5365 
 4336      744900
 4337 000b 00       		.ascii	"\000"
 4338 000c 00       		.ascii	"\000"
 4339 000d 00       		.ascii	"\000"
 4340 000e 00000000 		.ascii	"\000\000\000\000\000\000\000\000"
 4340      00000000 
 4341 0016 0B020000 		.ascii	"\013\002\000\000"
 4342 001a 63685654 		.ascii	"chVTDoSetContinuousI\000"
 4342      446F5365 
 4342      74436F6E 
 4342      74696E75 
 4342      6F757349 
 4343 002f 00       		.ascii	"\000"
 4344 0030 00       		.ascii	"\000"
 4345 0031 00       		.ascii	"\000"
 4346 0032 00000000 		.ascii	"\000\000\000\000\000\000\000\000"
 4346      00000000 
 4347 003a 0D020000 		.ascii	"\015\002\000\000"
 4348 003e 63685654 		.ascii	"chVTDoResetI\000"
 4348      446F5265 
 4348      73657449 
 4348      00
 4349 004b 00       		.ascii	"\000"
 4350 004c 00       		.ascii	"\000"
 4351 004d 00       		.ascii	"\000"
 4352 004e 00000000 		.ascii	"\000\000\000\000\000\000\000\000"
 4352      00000000 
 4353 0056 11020000 		.ascii	"\021\002\000\000"
 4354 005a 63685654 		.ascii	"chVTGetRemainingIntervalI\000"
 4354      47657452 
 4354      656D6169 
 4354      6E696E67 
 4354      496E7465 
 4355 0074 00       		.ascii	"\000"
 4356 0075 00       		.ascii	"\000"
ARM GAS  C:\Users\acest\AppData\Local\Temp\ccvMP4Ad.s 			page 173


 4357 0076 00       		.ascii	"\000"
 4358 0077 00000000 		.ascii	"\000\000\000\000\000\000\000\000"
 4358      00000000 
 4359 007f 15020000 		.ascii	"\025\002\000\000"
 4360 0083 63685654 		.ascii	"chVTDoTickI\000"
 4360      446F5469 
 4360      636B4900 
 4361 008f 00       		.ascii	"\000"
 4362 0090 00       		.ascii	"\000"
 4363 0091 00       		.ascii	"\000"
 4364 0092 00000000 		.ascii	"\000\000\000\000\000\000\000\000"
 4364      00000000 
 4365 009a 18020000 		.ascii	"\030\002\000\000"
 4366 009e 63685654 		.ascii	"chVTGetTimeStampI\000"
 4366      47657454 
 4366      696D6553 
 4366      74616D70 
 4366      4900
 4367 00b0 00       		.ascii	"\000"
 4368 00b1 00       		.ascii	"\000"
 4369 00b2 00       		.ascii	"\000"
 4370 00b3 00000000 		.ascii	"\000\000\000\000\000\000\000\000"
 4370      00000000 
 4371 00bb 1D020000 		.ascii	"\035\002\000\000"
 4372 00bf 63685654 		.ascii	"chVTResetTimeStampI\000"
 4372      52657365 
 4372      7454696D 
 4372      65537461 
 4372      6D704900 
 4373 00d3 00       		.ascii	"\000"
 4374 00d4 00       		.ascii	"\000"
 4375 00d5 00       		.ascii	"\000"
 4376 00d6 00000000 		.ascii	"\000\000\000\000\000\000\000\000"
 4376      00000000 
 4377 00de 1F020000 		.ascii	"\037\002\000\000"
 4378 00e2 63683000 		.ascii	"ch0\000"
 4379 00e6 00       		.ascii	"\000"
 4380 00e7 02       		.ascii	"\002"
 4381 00e8 00       		.ascii	"\000"
 4382 00e9 00000000 		.ascii	"\000\000\000\000\000\000\000\000"
 4382      00000000 
 4383 00f1 3B020000 		.ascii	";\002\000\000"
 4384 00f5 63685246 		.ascii	"chRFCUCollectFaultsI\000"
 4384      4355436F 
 4384      6C6C6563 
 4384      74466175 
 4384      6C747349 
 4385 010a 00       		.ascii	"\000"
 4386 010b 02       		.ascii	"\002"
 4387 010c 00       		.ascii	"\000"
 4388 010d 00000000 		.ascii	"\000\000\000\000\000\000\000\000"
 4388      00000000 
 4389 0115 2E020000 		.ascii	".\002\000\000"
 4390 0119 73745365 		.ascii	"stSetAlarm\000"
 4390      74416C61 
 4390      726D00
 4391 0124 00       		.ascii	"\000"
ARM GAS  C:\Users\acest\AppData\Local\Temp\ccvMP4Ad.s 			page 174


 4392 0125 02       		.ascii	"\002"
 4393 0126 00       		.ascii	"\000"
 4394 0127 00000000 		.ascii	"\000\000\000\000\000\000\000\000"
 4394      00000000 
 4395 012f 32020000 		.ascii	"2\002\000\000"
 4396 0133 73744765 		.ascii	"stGetCounter\000"
 4396      74436F75 
 4396      6E746572 
 4396      00
 4397 0140 00       		.ascii	"\000"
 4398 0141 02       		.ascii	"\002"
 4399 0142 00       		.ascii	"\000"
 4400 0143 00000000 		.ascii	"\000\000\000\000\000\000\000\000"
 4400      00000000 
 4401 014b 35020000 		.ascii	"5\002\000\000"
 4402 014f 73745374 		.ascii	"stStartAlarm\000"
 4402      61727441 
 4402      6C61726D 
 4402      00
 4403 015c 00       		.ascii	"\000"
 4404 015d 02       		.ascii	"\002"
 4405 015e 00       		.ascii	"\000"
 4406 015f 00000000 		.ascii	"\000\000\000\000\000\000\000\000"
 4406      00000000 
 4407 0167 37020000 		.ascii	"7\002\000\000"
 4408 016b 73745374 		.ascii	"stStopAlarm\000"
 4408      6F70416C 
 4408      61726D00 
 4409 0177 00       		.ascii	"\000"
 4410 0178 02       		.ascii	"\002"
 4411 0179 00       		.ascii	"\000"
 4412 017a 00000000 		.ascii	"\000\000\000\000\000\000\000\000"
 4412      00000000 
 4413 0182 39020000 		.ascii	"9\002\000\000"
 4414              		.text
 4415              		.section	.gnu.lto_.ext_symtab.b3bfb553,"e",%progbits
 4416 0000 01       		.ascii	"\001"
 4417 0001 01       		.ascii	"\001"
 4418 0002 00       		.ascii	"\000"
 4419 0003 01       		.ascii	"\001"
 4420 0004 00       		.ascii	"\000"
 4421 0005 01       		.ascii	"\001"
 4422 0006 00       		.ascii	"\000"
 4423 0007 01       		.ascii	"\001"
 4424 0008 00       		.ascii	"\000"
 4425 0009 01       		.ascii	"\001"
 4426 000a 00       		.ascii	"\000"
 4427 000b 01       		.ascii	"\001"
 4428 000c 00       		.ascii	"\000"
 4429 000d 01       		.ascii	"\001"
 4430 000e 00       		.ascii	"\000"
 4431 000f 02       		.ascii	"\002"
 4432 0010 01       		.ascii	"\001"
 4433 0011 01       		.ascii	"\001"
 4434 0012 00       		.ascii	"\000"
 4435 0013 01       		.ascii	"\001"
 4436 0014 00       		.ascii	"\000"
ARM GAS  C:\Users\acest\AppData\Local\Temp\ccvMP4Ad.s 			page 175


 4437 0015 01       		.ascii	"\001"
 4438 0016 00       		.ascii	"\000"
 4439 0017 01       		.ascii	"\001"
 4440 0018 00       		.ascii	"\000"
 4441 0019 01       		.ascii	"\001"
 4442 001a 00       		.ascii	"\000"
 4443              		.text
 4444              		.section	.gnu.lto_.opts,"e",%progbits
 4445 0000 272D666E 		.ascii	"'-fno-openmp' '-fno-openacc' '-fno-pie' '-fcf-prote"
 4445      6F2D6F70 
 4445      656E6D70 
 4445      2720272D 
 4445      666E6F2D 
 4446 0033 6374696F 		.ascii	"ction=none' '-g' '-mcpu=cortex-m4' '-mthumb' '-mflo"
 4446      6E3D6E6F 
 4446      6E652720 
 4446      272D6727 
 4446      20272D6D 
 4447 0066 61742D61 		.ascii	"at-abi=soft' '-mlibarch=armv7e-m' '-march=armv7e-m'"
 4447      62693D73 
 4447      6F667427 
 4447      20272D6D 
 4447      6C696261 
 4448 0099 20272D4F 		.ascii	" '-O2' '-fomit-frame-pointer' '-falign-functions=16"
 4448      32272027 
 4448      2D666F6D 
 4448      69742D66 
 4448      72616D65 
 4449 00cc 2720272D 		.ascii	"' '-ffunction-sections' '-fdata-sections' '-fno-com"
 4449      6666756E 
 4449      6374696F 
 4449      6E2D7365 
 4449      6374696F 
 4450 00ff 6D6F6E27 		.ascii	"mon' '-flto' '-Xassembler' '-alms=./build/lst/chvt."
 4450      20272D66 
 4450      6C746F27 
 4450      20272D58 
 4450      61737365 
 4451 0132 6C737427 		.ascii	"lst'\000"
 4451      00
 4452              		.text
 4453              		.comm	__gnu_lto_slim,1,1
 4454              		.ident	"GCC: (GNU Arm Embedded Toolchain 10.3-2021.10) 10.3.1 20210824 (release)"
ARM GAS  C:\Users\acest\AppData\Local\Temp\ccvMP4Ad.s 			page 176


DEFINED SYMBOLS
                            *ABS*:00000000 chvt.c
C:\Users\acest\AppData\Local\Temp\ccvMP4Ad.s:35     .gnu.debuglto_.debug_info:00000000 chvt.c.87298af5
                            *COM*:00000001 __gnu_lto_slim

NO UNDEFINED SYMBOLS
