ARM GAS  C:\Users\acest\AppData\Local\Temp\ccVwUupn.s 			page 1


   1              		.cpu cortex-m4
   2              		.arch armv7e-m
   3              		.fpu softvfp
   4              		.eabi_attribute 20, 1
   5              		.eabi_attribute 21, 1
   6              		.eabi_attribute 23, 3
   7              		.eabi_attribute 24, 1
   8              		.eabi_attribute 25, 1
   9              		.eabi_attribute 26, 1
  10              		.eabi_attribute 30, 2
  11              		.eabi_attribute 34, 1
  12              		.eabi_attribute 18, 4
  13              		.file	"crt1.c"
  14              		.file 1 "c:\\chibistudio\\tools\\gnu tools arm embedded\\10.3 2021.10\\arm-none-eabi\\include\\mac
  15              		.file 2 "c:\\chibistudio\\tools\\gnu tools arm embedded\\10.3 2021.10\\arm-none-eabi\\include\\sys
  16              		.file 3 "../../../../../ChibiStudio/chibios2111/os/common/startup/ARMCMx/compilers/GCC/crt1.c"
  17              		.section	.gnu.debuglto_.debug_info,"e",%progbits
  18              	.Ldebug_info0:
  19              		.hidden	crt1.c.5ce07f45
  20              		.weak	crt1.c.5ce07f45
  21              	crt1.c.5ce07f45:
  22 0000 C4020000 		.4byte	0x2c4
  23 0004 0400     		.2byte	0x4
  24 0006 00000000 		.4byte	.Ldebug_abbrev0
  25 000a 04       		.byte	0x4
  26 000b 01       		.uleb128 0x1
  27 000c F5000000 		.4byte	.LASF52
  28 0010 0C       		.byte	0xc
  29 0011 49000000 		.4byte	.LASF53
  30 0015 00040000 		.4byte	.LASF54
  31 0019 00000000 		.4byte	.Ldebug_line0
  32 001d 02       		.uleb128 0x2
  33 001e 01       		.byte	0x1
  34 001f 06       		.byte	0x6
  35 0020 2C040000 		.4byte	.LASF0
  36 0024 02       		.uleb128 0x2
  37 0025 01       		.byte	0x1
  38 0026 08       		.byte	0x8
  39 0027 FA010000 		.4byte	.LASF1
  40 002b 02       		.uleb128 0x2
  41 002c 02       		.byte	0x2
  42 002d 05       		.byte	0x5
  43 002e BC030000 		.4byte	.LASF2
  44 0032 02       		.uleb128 0x2
  45 0033 02       		.byte	0x2
  46 0034 07       		.byte	0x7
  47 0035 4B040000 		.4byte	.LASF3
  48 0039 02       		.uleb128 0x2
  49 003a 04       		.byte	0x4
  50 003b 05       		.byte	0x5
  51 003c E7030000 		.4byte	.LASF4
  52 0040 03       		.uleb128 0x3
  53 0041 A3020000 		.4byte	.LASF9
  54 0045 01       		.byte	0x1
  55 0046 4F       		.byte	0x4f
  56 0047 19       		.byte	0x19
  57 0048 4C000000 		.4byte	0x4c
ARM GAS  C:\Users\acest\AppData\Local\Temp\ccVwUupn.s 			page 2


  58 004c 02       		.uleb128 0x2
  59 004d 04       		.byte	0x4
  60 004e 07       		.byte	0x7
  61 004f 23020000 		.4byte	.LASF5
  62 0053 02       		.uleb128 0x2
  63 0054 08       		.byte	0x8
  64 0055 05       		.byte	0x5
  65 0056 4E030000 		.4byte	.LASF6
  66 005a 02       		.uleb128 0x2
  67 005b 08       		.byte	0x8
  68 005c 07       		.byte	0x7
  69 005d FB020000 		.4byte	.LASF7
  70 0061 04       		.uleb128 0x4
  71 0062 04       		.byte	0x4
  72 0063 05       		.byte	0x5
  73 0064 696E7400 		.ascii	"int\000"
  74 0068 02       		.uleb128 0x2
  75 0069 04       		.byte	0x4
  76 006a 07       		.byte	0x7
  77 006b EE020000 		.4byte	.LASF8
  78 006f 03       		.uleb128 0x3
  79 0070 DE030000 		.4byte	.LASF10
  80 0074 02       		.byte	0x2
  81 0075 30       		.byte	0x30
  82 0076 14       		.byte	0x14
  83 0077 40000000 		.4byte	0x40
  84 007b 05       		.uleb128 0x5
  85 007c 10       		.byte	0x10
  86 007d 03       		.byte	0x3
  87 007e 39       		.byte	0x39
  88 007f 09       		.byte	0x9
  89 0080 B9000000 		.4byte	0xb9
  90 0084 06       		.uleb128 0x6
  91 0085 C8010000 		.4byte	.LASF11
  92 0089 03       		.byte	0x3
  93 008a 3A       		.byte	0x3a
  94 008b 1A       		.byte	0x1a
  95 008c B9000000 		.4byte	0xb9
  96 0090 00       		.byte	0
  97 0091 06       		.uleb128 0x6
  98 0092 C6030000 		.4byte	.LASF12
  99 0096 03       		.byte	0x3
 100 0097 3B       		.byte	0x3b
 101 0098 1A       		.byte	0x1a
 102 0099 B9000000 		.4byte	0xb9
 103 009d 04       		.byte	0x4
 104 009e 06       		.uleb128 0x6
 105 009f DB000000 		.4byte	.LASF13
 106 00a3 03       		.byte	0x3
 107 00a4 3C       		.byte	0x3c
 108 00a5 1A       		.byte	0x1a
 109 00a6 B9000000 		.4byte	0xb9
 110 00aa 08       		.byte	0x8
 111 00ab 06       		.uleb128 0x6
 112 00ac 32030000 		.4byte	.LASF14
 113 00b0 03       		.byte	0x3
 114 00b1 3D       		.byte	0x3d
ARM GAS  C:\Users\acest\AppData\Local\Temp\ccVwUupn.s 			page 3


 115 00b2 1A       		.byte	0x1a
 116 00b3 B9000000 		.4byte	0xb9
 117 00b7 0C       		.byte	0xc
 118 00b8 00       		.byte	0
 119 00b9 07       		.uleb128 0x7
 120 00ba 04       		.byte	0x4
 121 00bb 6F000000 		.4byte	0x6f
 122 00bf 03       		.uleb128 0x3
 123 00c0 AE000000 		.4byte	.LASF15
 124 00c4 03       		.byte	0x3
 125 00c5 3E       		.byte	0x3e
 126 00c6 03       		.byte	0x3
 127 00c7 7B000000 		.4byte	0x7b
 128 00cb 08       		.uleb128 0x8
 129 00cc BF000000 		.4byte	0xbf
 130 00d0 09       		.uleb128 0x9
 131 00d1 C8000000 		.4byte	.LASF16
 132 00d5 03       		.byte	0x3
 133 00d6 45       		.byte	0x45
 134 00d7 11       		.byte	0x11
 135 00d8 6F000000 		.4byte	0x6f
 136 00dc 09       		.uleb128 0x9
 137 00dd 35020000 		.4byte	.LASF17
 138 00e1 03       		.byte	0x3
 139 00e2 45       		.byte	0x45
 140 00e3 25       		.byte	0x25
 141 00e4 6F000000 		.4byte	0x6f
 142 00e8 09       		.uleb128 0x9
 143 00e9 00000000 		.4byte	.LASF18
 144 00ed 03       		.byte	0x3
 145 00ee 45       		.byte	0x45
 146 00ef 34       		.byte	0x34
 147 00f0 6F000000 		.4byte	0x6f
 148 00f4 09       		.uleb128 0x9
 149 00f5 2B000000 		.4byte	.LASF19
 150 00f9 03       		.byte	0x3
 151 00fa 45       		.byte	0x45
 152 00fb 44       		.byte	0x44
 153 00fc 6F000000 		.4byte	0x6f
 154 0100 09       		.uleb128 0x9
 155 0101 6C030000 		.4byte	.LASF20
 156 0105 03       		.byte	0x3
 157 0106 48       		.byte	0x48
 158 0107 11       		.byte	0x11
 159 0108 6F000000 		.4byte	0x6f
 160 010c 09       		.uleb128 0x9
 161 010d 3B000000 		.4byte	.LASF21
 162 0111 03       		.byte	0x3
 163 0112 48       		.byte	0x48
 164 0113 25       		.byte	0x25
 165 0114 6F000000 		.4byte	0x6f
 166 0118 09       		.uleb128 0x9
 167 0119 51020000 		.4byte	.LASF22
 168 011d 03       		.byte	0x3
 169 011e 48       		.byte	0x48
 170 011f 34       		.byte	0x34
 171 0120 6F000000 		.4byte	0x6f
ARM GAS  C:\Users\acest\AppData\Local\Temp\ccVwUupn.s 			page 4


 172 0124 09       		.uleb128 0x9
 173 0125 F0030000 		.4byte	.LASF23
 174 0129 03       		.byte	0x3
 175 012a 48       		.byte	0x48
 176 012b 44       		.byte	0x44
 177 012c 6F000000 		.4byte	0x6f
 178 0130 09       		.uleb128 0x9
 179 0131 38040000 		.4byte	.LASF24
 180 0135 03       		.byte	0x3
 181 0136 4B       		.byte	0x4b
 182 0137 11       		.byte	0x11
 183 0138 6F000000 		.4byte	0x6f
 184 013c 09       		.uleb128 0x9
 185 013d 0F000000 		.4byte	.LASF25
 186 0141 03       		.byte	0x3
 187 0142 4B       		.byte	0x4b
 188 0143 25       		.byte	0x25
 189 0144 6F000000 		.4byte	0x6f
 190 0148 09       		.uleb128 0x9
 191 0149 9A030000 		.4byte	.LASF26
 192 014d 03       		.byte	0x3
 193 014e 4B       		.byte	0x4b
 194 014f 34       		.byte	0x34
 195 0150 6F000000 		.4byte	0x6f
 196 0154 09       		.uleb128 0x9
 197 0155 5C030000 		.4byte	.LASF27
 198 0159 03       		.byte	0x3
 199 015a 4B       		.byte	0x4b
 200 015b 44       		.byte	0x44
 201 015c 6F000000 		.4byte	0x6f
 202 0160 09       		.uleb128 0x9
 203 0161 90020000 		.4byte	.LASF28
 204 0165 03       		.byte	0x3
 205 0166 4E       		.byte	0x4e
 206 0167 11       		.byte	0x11
 207 0168 6F000000 		.4byte	0x6f
 208 016c 09       		.uleb128 0x9
 209 016d D0030000 		.4byte	.LASF29
 210 0171 03       		.byte	0x3
 211 0172 4E       		.byte	0x4e
 212 0173 25       		.byte	0x25
 213 0174 6F000000 		.4byte	0x6f
 214 0178 09       		.uleb128 0x9
 215 0179 E6000000 		.4byte	.LASF30
 216 017d 03       		.byte	0x3
 217 017e 4E       		.byte	0x4e
 218 017f 34       		.byte	0x34
 219 0180 6F000000 		.4byte	0x6f
 220 0184 09       		.uleb128 0x9
 221 0185 7F030000 		.4byte	.LASF31
 222 0189 03       		.byte	0x3
 223 018a 4E       		.byte	0x4e
 224 018b 44       		.byte	0x44
 225 018c 6F000000 		.4byte	0x6f
 226 0190 09       		.uleb128 0x9
 227 0191 A9030000 		.4byte	.LASF32
 228 0195 03       		.byte	0x3
ARM GAS  C:\Users\acest\AppData\Local\Temp\ccVwUupn.s 			page 5


 229 0196 51       		.byte	0x51
 230 0197 11       		.byte	0x11
 231 0198 6F000000 		.4byte	0x6f
 232 019c 09       		.uleb128 0x9
 233 019d C1020000 		.4byte	.LASF33
 234 01a1 03       		.byte	0x3
 235 01a2 51       		.byte	0x51
 236 01a3 25       		.byte	0x25
 237 01a4 6F000000 		.4byte	0x6f
 238 01a8 09       		.uleb128 0x9
 239 01a9 CF020000 		.4byte	.LASF34
 240 01ad 03       		.byte	0x3
 241 01ae 51       		.byte	0x51
 242 01af 34       		.byte	0x34
 243 01b0 6F000000 		.4byte	0x6f
 244 01b4 09       		.uleb128 0x9
 245 01b5 DE020000 		.4byte	.LASF35
 246 01b9 03       		.byte	0x3
 247 01ba 51       		.byte	0x51
 248 01bb 44       		.byte	0x44
 249 01bc 6F000000 		.4byte	0x6f
 250 01c0 09       		.uleb128 0x9
 251 01c1 AE020000 		.4byte	.LASF36
 252 01c5 03       		.byte	0x3
 253 01c6 54       		.byte	0x54
 254 01c7 11       		.byte	0x11
 255 01c8 6F000000 		.4byte	0x6f
 256 01cc 09       		.uleb128 0x9
 257 01cd 43020000 		.4byte	.LASF37
 258 01d1 03       		.byte	0x3
 259 01d2 54       		.byte	0x54
 260 01d3 25       		.byte	0x25
 261 01d4 6F000000 		.4byte	0x6f
 262 01d8 09       		.uleb128 0x9
 263 01d9 5E040000 		.4byte	.LASF38
 264 01dd 03       		.byte	0x3
 265 01de 54       		.byte	0x54
 266 01df 34       		.byte	0x34
 267 01e0 6F000000 		.4byte	0x6f
 268 01e4 09       		.uleb128 0x9
 269 01e5 60020000 		.4byte	.LASF39
 270 01e9 03       		.byte	0x3
 271 01ea 54       		.byte	0x54
 272 01eb 44       		.byte	0x44
 273 01ec 6F000000 		.4byte	0x6f
 274 01f0 09       		.uleb128 0x9
 275 01f1 D7010000 		.4byte	.LASF40
 276 01f5 03       		.byte	0x3
 277 01f6 57       		.byte	0x57
 278 01f7 11       		.byte	0x11
 279 01f8 6F000000 		.4byte	0x6f
 280 01fc 09       		.uleb128 0x9
 281 01fd BA010000 		.4byte	.LASF41
 282 0201 03       		.byte	0x3
 283 0202 57       		.byte	0x57
 284 0203 25       		.byte	0x25
 285 0204 6F000000 		.4byte	0x6f
ARM GAS  C:\Users\acest\AppData\Local\Temp\ccVwUupn.s 			page 6


 286 0208 09       		.uleb128 0x9
 287 0209 14020000 		.4byte	.LASF42
 288 020d 03       		.byte	0x3
 289 020e 57       		.byte	0x57
 290 020f 34       		.byte	0x34
 291 0210 6F000000 		.4byte	0x6f
 292 0214 09       		.uleb128 0x9
 293 0215 EA010000 		.4byte	.LASF43
 294 0219 03       		.byte	0x3
 295 021a 57       		.byte	0x57
 296 021b 44       		.byte	0x44
 297 021c 6F000000 		.4byte	0x6f
 298 0220 09       		.uleb128 0x9
 299 0221 12030000 		.4byte	.LASF44
 300 0225 03       		.byte	0x3
 301 0226 5A       		.byte	0x5a
 302 0227 11       		.byte	0x11
 303 0228 6F000000 		.4byte	0x6f
 304 022c 09       		.uleb128 0x9
 305 022d 1D000000 		.4byte	.LASF45
 306 0231 03       		.byte	0x3
 307 0232 5A       		.byte	0x5a
 308 0233 25       		.byte	0x25
 309 0234 6F000000 		.4byte	0x6f
 310 0238 09       		.uleb128 0x9
 311 0239 3F030000 		.4byte	.LASF46
 312 023d 03       		.byte	0x3
 313 023e 5A       		.byte	0x5a
 314 023f 34       		.byte	0x34
 315 0240 6F000000 		.4byte	0x6f
 316 0244 09       		.uleb128 0x9
 317 0245 9E000000 		.4byte	.LASF47
 318 0249 03       		.byte	0x3
 319 024a 5A       		.byte	0x5a
 320 024b 44       		.byte	0x44
 321 024c 6F000000 		.4byte	0x6f
 322 0250 0A       		.uleb128 0xa
 323 0251 CB000000 		.4byte	0xcb
 324 0255 60020000 		.4byte	0x260
 325 0259 0B       		.uleb128 0xb
 326 025a 68000000 		.4byte	0x68
 327 025e 07       		.byte	0x7
 328 025f 00       		.byte	0
 329 0260 08       		.uleb128 0x8
 330 0261 50020000 		.4byte	0x250
 331 0265 0C       		.uleb128 0xc
 332 0266 BE000000 		.4byte	.LASF48
 333 026a 03       		.byte	0x3
 334 026b 61       		.byte	0x61
 335 026c 1E       		.byte	0x1e
 336 026d 60020000 		.4byte	0x260
 337 0271 0D       		.uleb128 0xd
 338 0272 7F020000 		.4byte	.LASF55
 339 0276 03       		.byte	0x3
 340 0277 EC       		.byte	0xec
 341 0278 06       		.byte	0x6
 342 0279 A1020000 		.4byte	0x2a1
ARM GAS  C:\Users\acest\AppData\Local\Temp\ccVwUupn.s 			page 7


 343 027d 0E       		.uleb128 0xe
 344 027e 72617000 		.ascii	"rap\000"
 345 0282 03       		.byte	0x3
 346 0283 EE       		.byte	0xee
 347 0284 1A       		.byte	0x1a
 348 0285 A1020000 		.4byte	0x2a1
 349 0289 0F       		.uleb128 0xf
 350 028a 0E       		.uleb128 0xe
 351 028b 747000   		.ascii	"tp\000"
 352 028e 03       		.byte	0x3
 353 028f F1       		.byte	0xf1
 354 0290 0F       		.byte	0xf
 355 0291 B9000000 		.4byte	0xb9
 356 0295 0E       		.uleb128 0xe
 357 0296 7000     		.ascii	"p\000"
 358 0298 03       		.byte	0x3
 359 0299 F2       		.byte	0xf2
 360 029a 0F       		.byte	0xf
 361 029b B9000000 		.4byte	0xb9
 362 029f 00       		.byte	0
 363 02a0 00       		.byte	0
 364 02a1 07       		.uleb128 0x7
 365 02a2 04       		.byte	0x4
 366 02a3 CB000000 		.4byte	0xcb
 367 02a7 10       		.uleb128 0x10
 368 02a8 70020000 		.4byte	.LASF56
 369 02ac 03       		.byte	0x3
 370 02ad BB       		.byte	0xbb
 371 02ae 06       		.byte	0x6
 372 02af 11       		.uleb128 0x11
 373 02b0 08020000 		.4byte	.LASF49
 374 02b4 03       		.byte	0x3
 375 02b5 AE       		.byte	0xae
 376 02b6 06       		.byte	0x6
 377 02b7 11       		.uleb128 0x11
 378 02b8 25030000 		.4byte	.LASF50
 379 02bc 03       		.byte	0x3
 380 02bd A0       		.byte	0xa0
 381 02be 06       		.byte	0x6
 382 02bf 11       		.uleb128 0x11
 383 02c0 8F030000 		.4byte	.LASF51
 384 02c4 03       		.byte	0x3
 385 02c5 8D       		.byte	0x8d
 386 02c6 06       		.byte	0x6
 387 02c7 00       		.byte	0
 388              		.section	.gnu.debuglto_.debug_abbrev,"e",%progbits
 389              	.Ldebug_abbrev0:
 390 0000 01       		.uleb128 0x1
 391 0001 11       		.uleb128 0x11
 392 0002 01       		.byte	0x1
 393 0003 25       		.uleb128 0x25
 394 0004 0E       		.uleb128 0xe
 395 0005 13       		.uleb128 0x13
 396 0006 0B       		.uleb128 0xb
 397 0007 03       		.uleb128 0x3
 398 0008 0E       		.uleb128 0xe
 399 0009 1B       		.uleb128 0x1b
ARM GAS  C:\Users\acest\AppData\Local\Temp\ccVwUupn.s 			page 8


 400 000a 0E       		.uleb128 0xe
 401 000b 10       		.uleb128 0x10
 402 000c 17       		.uleb128 0x17
 403 000d 00       		.byte	0
 404 000e 00       		.byte	0
 405 000f 02       		.uleb128 0x2
 406 0010 24       		.uleb128 0x24
 407 0011 00       		.byte	0
 408 0012 0B       		.uleb128 0xb
 409 0013 0B       		.uleb128 0xb
 410 0014 3E       		.uleb128 0x3e
 411 0015 0B       		.uleb128 0xb
 412 0016 03       		.uleb128 0x3
 413 0017 0E       		.uleb128 0xe
 414 0018 00       		.byte	0
 415 0019 00       		.byte	0
 416 001a 03       		.uleb128 0x3
 417 001b 16       		.uleb128 0x16
 418 001c 00       		.byte	0
 419 001d 03       		.uleb128 0x3
 420 001e 0E       		.uleb128 0xe
 421 001f 3A       		.uleb128 0x3a
 422 0020 0B       		.uleb128 0xb
 423 0021 3B       		.uleb128 0x3b
 424 0022 0B       		.uleb128 0xb
 425 0023 39       		.uleb128 0x39
 426 0024 0B       		.uleb128 0xb
 427 0025 49       		.uleb128 0x49
 428 0026 13       		.uleb128 0x13
 429 0027 00       		.byte	0
 430 0028 00       		.byte	0
 431 0029 04       		.uleb128 0x4
 432 002a 24       		.uleb128 0x24
 433 002b 00       		.byte	0
 434 002c 0B       		.uleb128 0xb
 435 002d 0B       		.uleb128 0xb
 436 002e 3E       		.uleb128 0x3e
 437 002f 0B       		.uleb128 0xb
 438 0030 03       		.uleb128 0x3
 439 0031 08       		.uleb128 0x8
 440 0032 00       		.byte	0
 441 0033 00       		.byte	0
 442 0034 05       		.uleb128 0x5
 443 0035 13       		.uleb128 0x13
 444 0036 01       		.byte	0x1
 445 0037 0B       		.uleb128 0xb
 446 0038 0B       		.uleb128 0xb
 447 0039 3A       		.uleb128 0x3a
 448 003a 0B       		.uleb128 0xb
 449 003b 3B       		.uleb128 0x3b
 450 003c 0B       		.uleb128 0xb
 451 003d 39       		.uleb128 0x39
 452 003e 0B       		.uleb128 0xb
 453 003f 01       		.uleb128 0x1
 454 0040 13       		.uleb128 0x13
 455 0041 00       		.byte	0
 456 0042 00       		.byte	0
ARM GAS  C:\Users\acest\AppData\Local\Temp\ccVwUupn.s 			page 9


 457 0043 06       		.uleb128 0x6
 458 0044 0D       		.uleb128 0xd
 459 0045 00       		.byte	0
 460 0046 03       		.uleb128 0x3
 461 0047 0E       		.uleb128 0xe
 462 0048 3A       		.uleb128 0x3a
 463 0049 0B       		.uleb128 0xb
 464 004a 3B       		.uleb128 0x3b
 465 004b 0B       		.uleb128 0xb
 466 004c 39       		.uleb128 0x39
 467 004d 0B       		.uleb128 0xb
 468 004e 49       		.uleb128 0x49
 469 004f 13       		.uleb128 0x13
 470 0050 38       		.uleb128 0x38
 471 0051 0B       		.uleb128 0xb
 472 0052 00       		.byte	0
 473 0053 00       		.byte	0
 474 0054 07       		.uleb128 0x7
 475 0055 0F       		.uleb128 0xf
 476 0056 00       		.byte	0
 477 0057 0B       		.uleb128 0xb
 478 0058 0B       		.uleb128 0xb
 479 0059 49       		.uleb128 0x49
 480 005a 13       		.uleb128 0x13
 481 005b 00       		.byte	0
 482 005c 00       		.byte	0
 483 005d 08       		.uleb128 0x8
 484 005e 26       		.uleb128 0x26
 485 005f 00       		.byte	0
 486 0060 49       		.uleb128 0x49
 487 0061 13       		.uleb128 0x13
 488 0062 00       		.byte	0
 489 0063 00       		.byte	0
 490 0064 09       		.uleb128 0x9
 491 0065 34       		.uleb128 0x34
 492 0066 00       		.byte	0
 493 0067 03       		.uleb128 0x3
 494 0068 0E       		.uleb128 0xe
 495 0069 3A       		.uleb128 0x3a
 496 006a 0B       		.uleb128 0xb
 497 006b 3B       		.uleb128 0x3b
 498 006c 0B       		.uleb128 0xb
 499 006d 39       		.uleb128 0x39
 500 006e 0B       		.uleb128 0xb
 501 006f 49       		.uleb128 0x49
 502 0070 13       		.uleb128 0x13
 503 0071 3F       		.uleb128 0x3f
 504 0072 19       		.uleb128 0x19
 505 0073 3C       		.uleb128 0x3c
 506 0074 19       		.uleb128 0x19
 507 0075 00       		.byte	0
 508 0076 00       		.byte	0
 509 0077 0A       		.uleb128 0xa
 510 0078 01       		.uleb128 0x1
 511 0079 01       		.byte	0x1
 512 007a 49       		.uleb128 0x49
 513 007b 13       		.uleb128 0x13
ARM GAS  C:\Users\acest\AppData\Local\Temp\ccVwUupn.s 			page 10


 514 007c 01       		.uleb128 0x1
 515 007d 13       		.uleb128 0x13
 516 007e 00       		.byte	0
 517 007f 00       		.byte	0
 518 0080 0B       		.uleb128 0xb
 519 0081 21       		.uleb128 0x21
 520 0082 00       		.byte	0
 521 0083 49       		.uleb128 0x49
 522 0084 13       		.uleb128 0x13
 523 0085 2F       		.uleb128 0x2f
 524 0086 0B       		.uleb128 0xb
 525 0087 00       		.byte	0
 526 0088 00       		.byte	0
 527 0089 0C       		.uleb128 0xc
 528 008a 34       		.uleb128 0x34
 529 008b 00       		.byte	0
 530 008c 03       		.uleb128 0x3
 531 008d 0E       		.uleb128 0xe
 532 008e 3A       		.uleb128 0x3a
 533 008f 0B       		.uleb128 0xb
 534 0090 3B       		.uleb128 0x3b
 535 0091 0B       		.uleb128 0xb
 536 0092 39       		.uleb128 0x39
 537 0093 0B       		.uleb128 0xb
 538 0094 49       		.uleb128 0x49
 539 0095 13       		.uleb128 0x13
 540 0096 00       		.byte	0
 541 0097 00       		.byte	0
 542 0098 0D       		.uleb128 0xd
 543 0099 2E       		.uleb128 0x2e
 544 009a 01       		.byte	0x1
 545 009b 3F       		.uleb128 0x3f
 546 009c 19       		.uleb128 0x19
 547 009d 03       		.uleb128 0x3
 548 009e 0E       		.uleb128 0xe
 549 009f 3A       		.uleb128 0x3a
 550 00a0 0B       		.uleb128 0xb
 551 00a1 3B       		.uleb128 0x3b
 552 00a2 0B       		.uleb128 0xb
 553 00a3 39       		.uleb128 0x39
 554 00a4 0B       		.uleb128 0xb
 555 00a5 27       		.uleb128 0x27
 556 00a6 19       		.uleb128 0x19
 557 00a7 01       		.uleb128 0x1
 558 00a8 13       		.uleb128 0x13
 559 00a9 00       		.byte	0
 560 00aa 00       		.byte	0
 561 00ab 0E       		.uleb128 0xe
 562 00ac 34       		.uleb128 0x34
 563 00ad 00       		.byte	0
 564 00ae 03       		.uleb128 0x3
 565 00af 08       		.uleb128 0x8
 566 00b0 3A       		.uleb128 0x3a
 567 00b1 0B       		.uleb128 0xb
 568 00b2 3B       		.uleb128 0x3b
 569 00b3 0B       		.uleb128 0xb
 570 00b4 39       		.uleb128 0x39
ARM GAS  C:\Users\acest\AppData\Local\Temp\ccVwUupn.s 			page 11


 571 00b5 0B       		.uleb128 0xb
 572 00b6 49       		.uleb128 0x49
 573 00b7 13       		.uleb128 0x13
 574 00b8 00       		.byte	0
 575 00b9 00       		.byte	0
 576 00ba 0F       		.uleb128 0xf
 577 00bb 0B       		.uleb128 0xb
 578 00bc 01       		.byte	0x1
 579 00bd 00       		.byte	0
 580 00be 00       		.byte	0
 581 00bf 10       		.uleb128 0x10
 582 00c0 2E       		.uleb128 0x2e
 583 00c1 00       		.byte	0
 584 00c2 3F       		.uleb128 0x3f
 585 00c3 19       		.uleb128 0x19
 586 00c4 03       		.uleb128 0x3
 587 00c5 0E       		.uleb128 0xe
 588 00c6 3A       		.uleb128 0x3a
 589 00c7 0B       		.uleb128 0xb
 590 00c8 3B       		.uleb128 0x3b
 591 00c9 0B       		.uleb128 0xb
 592 00ca 39       		.uleb128 0x39
 593 00cb 0B       		.uleb128 0xb
 594 00cc 27       		.uleb128 0x27
 595 00cd 19       		.uleb128 0x19
 596 00ce 8701     		.uleb128 0x87
 597 00d0 19       		.uleb128 0x19
 598 00d1 00       		.byte	0
 599 00d2 00       		.byte	0
 600 00d3 11       		.uleb128 0x11
 601 00d4 2E       		.uleb128 0x2e
 602 00d5 00       		.byte	0
 603 00d6 3F       		.uleb128 0x3f
 604 00d7 19       		.uleb128 0x19
 605 00d8 03       		.uleb128 0x3
 606 00d9 0E       		.uleb128 0xe
 607 00da 3A       		.uleb128 0x3a
 608 00db 0B       		.uleb128 0xb
 609 00dc 3B       		.uleb128 0x3b
 610 00dd 0B       		.uleb128 0xb
 611 00de 39       		.uleb128 0x39
 612 00df 0B       		.uleb128 0xb
 613 00e0 27       		.uleb128 0x27
 614 00e1 19       		.uleb128 0x19
 615 00e2 00       		.byte	0
 616 00e3 00       		.byte	0
 617 00e4 00       		.byte	0
 618              		.section	.gnu.debuglto_.debug_line,"e",%progbits
 619              	.Ldebug_line0:
 620 0000 3D010000 		.4byte	.LELT0-.LSLT0
 621              	.LSLT0:
 622 0004 0400     		.2byte	0x4
 623 0006 37010000 		.4byte	.LELTP0-.LASLTP0
 624              	.LASLTP0:
 625 000a 01       		.byte	0x1
 626 000b 01       		.byte	0x1
 627 000c 01       		.byte	0x1
ARM GAS  C:\Users\acest\AppData\Local\Temp\ccVwUupn.s 			page 12


 628 000d F6       		.byte	0xf6
 629 000e F2       		.byte	0xf2
 630 000f 0D       		.byte	0xd
 631 0010 00       		.byte	0
 632 0011 01       		.byte	0x1
 633 0012 01       		.byte	0x1
 634 0013 01       		.byte	0x1
 635 0014 01       		.byte	0x1
 636 0015 00       		.byte	0
 637 0016 00       		.byte	0
 638 0017 00       		.byte	0
 639 0018 01       		.byte	0x1
 640 0019 00       		.byte	0
 641 001a 00       		.byte	0
 642 001b 01       		.byte	0x1
 643 001c 2E2E2F2E 		.ascii	"../../../../../ChibiStudio/chibios2111/os/common/st"
 643      2E2F2E2E 
 643      2F2E2E2F 
 643      2E2E2F43 
 643      68696269 
 644 004f 61727475 		.ascii	"artup/ARMCMx/compilers/GCC"
 644      702F4152 
 644      4D434D78 
 644      2F636F6D 
 644      70696C65 
 645 0069 00       		.byte	0
 646 006a 633A5C63 		.ascii	"c:\\chibistudio\\tools\\gnu tools arm embedded\\10."
 646      68696269 
 646      73747564 
 646      696F5C74 
 646      6F6F6C73 
 647 0099 33203230 		.ascii	"3 2021.10\\arm-none-eabi\\include\\machine"
 647      32312E31 
 647      305C6172 
 647      6D2D6E6F 
 647      6E652D65 
 648 00c0 00       		.byte	0
 649 00c1 633A5C63 		.ascii	"c:\\chibistudio\\tools\\gnu tools arm embedded\\10."
 649      68696269 
 649      73747564 
 649      696F5C74 
 649      6F6F6C73 
 650 00f0 33203230 		.ascii	"3 2021.10\\arm-none-eabi\\include\\sys"
 650      32312E31 
 650      305C6172 
 650      6D2D6E6F 
 650      6E652D65 
 651 0113 00       		.byte	0
 652 0114 00       		.byte	0
 653 0115 5F646566 		.ascii	"_default_types.h\000"
 653      61756C74 
 653      5F747970 
 653      65732E68 
 653      00
 654 0126 02       		.uleb128 0x2
 655 0127 00       		.uleb128 0
 656 0128 00       		.uleb128 0
ARM GAS  C:\Users\acest\AppData\Local\Temp\ccVwUupn.s 			page 13


 657 0129 5F737464 		.ascii	"_stdint.h\000"
 657      696E742E 
 657      6800
 658 0133 03       		.uleb128 0x3
 659 0134 00       		.uleb128 0
 660 0135 00       		.uleb128 0
 661 0136 63727431 		.ascii	"crt1.c\000"
 661      2E6300
 662 013d 01       		.uleb128 0x1
 663 013e 00       		.uleb128 0
 664 013f 00       		.uleb128 0
 665 0140 00       		.byte	0
 666              	.LELTP0:
 667              	.LELT0:
 668              		.section	.gnu.debuglto_.debug_str,"eMS",%progbits,1
 669              	.LASF18:
 670 0000 5F5F7261 		.ascii	"__ram0_clear__\000"
 670      6D305F63 
 670      6C656172 
 670      5F5F00
 671              	.LASF25:
 672 000f 5F5F7261 		.ascii	"__ram2_init__\000"
 672      6D325F69 
 672      6E69745F 
 672      5F00
 673              	.LASF45:
 674 001d 5F5F7261 		.ascii	"__ram7_init__\000"
 674      6D375F69 
 674      6E69745F 
 674      5F00
 675              	.LASF19:
 676 002b 5F5F7261 		.ascii	"__ram0_noinit__\000"
 676      6D305F6E 
 676      6F696E69 
 676      745F5F00 
 677              	.LASF21:
 678 003b 5F5F7261 		.ascii	"__ram1_init__\000"
 678      6D315F69 
 678      6E69745F 
 678      5F00
 679              	.LASF53:
 680 0049 2E2E2F2E 		.ascii	"../../../../../ChibiStudio/chibios2111/os/common/st"
 680      2E2F2E2E 
 680      2F2E2E2F 
 680      2E2E2F43 
 680      68696269 
 681 007c 61727475 		.ascii	"artup/ARMCMx/compilers/GCC/crt1.c\000"
 681      702F4152 
 681      4D434D78 
 681      2F636F6D 
 681      70696C65 
 682              	.LASF47:
 683 009e 5F5F7261 		.ascii	"__ram7_noinit__\000"
 683      6D375F6E 
 683      6F696E69 
 683      745F5F00 
 684              	.LASF15:
ARM GAS  C:\Users\acest\AppData\Local\Temp\ccVwUupn.s 			page 14


 685 00ae 72616D5F 		.ascii	"ram_init_area_t\000"
 685      696E6974 
 685      5F617265 
 685      615F7400 
 686              	.LASF48:
 687 00be 72616D5F 		.ascii	"ram_areas\000"
 687      61726561 
 687      7300
 688              	.LASF16:
 689 00c8 5F5F7261 		.ascii	"__ram0_init_text__\000"
 689      6D305F69 
 689      6E69745F 
 689      74657874 
 689      5F5F00
 690              	.LASF13:
 691 00db 636C6561 		.ascii	"clear_area\000"
 691      725F6172 
 691      656100
 692              	.LASF30:
 693 00e6 5F5F7261 		.ascii	"__ram3_clear__\000"
 693      6D335F63 
 693      6C656172 
 693      5F5F00
 694              	.LASF52:
 695 00f5 474E5520 		.ascii	"GNU C17 10.3.1 20210824 (release) -mcpu=cortex-m4 -"
 695      43313720 
 695      31302E33 
 695      2E312032 
 695      30323130 
 696 0128 6D746875 		.ascii	"mthumb -mfloat-abi=soft -march=armv7e-m -ggdb -O2 -"
 696      6D62202D 
 696      6D666C6F 
 696      61742D61 
 696      62693D73 
 697 015b 666F6D69 		.ascii	"fomit-frame-pointer -falign-functions=16 -ffunction"
 697      742D6672 
 697      616D652D 
 697      706F696E 
 697      74657220 
 698 018e 2D736563 		.ascii	"-sections -fdata-sections -fno-common -flto\000"
 698      74696F6E 
 698      73202D66 
 698      64617461 
 698      2D736563 
 699              	.LASF41:
 700 01ba 5F5F7261 		.ascii	"__ram6_init__\000"
 700      6D365F69 
 700      6E69745F 
 700      5F00
 701              	.LASF11:
 702 01c8 696E6974 		.ascii	"init_text_area\000"
 702      5F746578 
 702      745F6172 
 702      656100
 703              	.LASF40:
 704 01d7 5F5F7261 		.ascii	"__ram6_init_text__\000"
 704      6D365F69 
ARM GAS  C:\Users\acest\AppData\Local\Temp\ccVwUupn.s 			page 15


 704      6E69745F 
 704      74657874 
 704      5F5F00
 705              	.LASF43:
 706 01ea 5F5F7261 		.ascii	"__ram6_noinit__\000"
 706      6D365F6E 
 706      6F696E69 
 706      745F5F00 
 707              	.LASF1:
 708 01fa 756E7369 		.ascii	"unsigned char\000"
 708      676E6564 
 708      20636861 
 708      7200
 709              	.LASF49:
 710 0208 5F5F6C61 		.ascii	"__late_init\000"
 710      74655F69 
 710      6E697400 
 711              	.LASF42:
 712 0214 5F5F7261 		.ascii	"__ram6_clear__\000"
 712      6D365F63 
 712      6C656172 
 712      5F5F00
 713              	.LASF5:
 714 0223 6C6F6E67 		.ascii	"long unsigned int\000"
 714      20756E73 
 714      69676E65 
 714      6420696E 
 714      7400
 715              	.LASF17:
 716 0235 5F5F7261 		.ascii	"__ram0_init__\000"
 716      6D305F69 
 716      6E69745F 
 716      5F00
 717              	.LASF37:
 718 0243 5F5F7261 		.ascii	"__ram5_init__\000"
 718      6D355F69 
 718      6E69745F 
 718      5F00
 719              	.LASF22:
 720 0251 5F5F7261 		.ascii	"__ram1_clear__\000"
 720      6D315F63 
 720      6C656172 
 720      5F5F00
 721              	.LASF39:
 722 0260 5F5F7261 		.ascii	"__ram5_noinit__\000"
 722      6D355F6E 
 722      6F696E69 
 722      745F5F00 
 723              	.LASF56:
 724 0270 5F5F6465 		.ascii	"__default_exit\000"
 724      6661756C 
 724      745F6578 
 724      697400
 725              	.LASF55:
 726 027f 5F5F696E 		.ascii	"__init_ram_areas\000"
 726      69745F72 
 726      616D5F61 
ARM GAS  C:\Users\acest\AppData\Local\Temp\ccVwUupn.s 			page 16


 726      72656173 
 726      00
 727              	.LASF28:
 728 0290 5F5F7261 		.ascii	"__ram3_init_text__\000"
 728      6D335F69 
 728      6E69745F 
 728      74657874 
 728      5F5F00
 729              	.LASF9:
 730 02a3 5F5F7569 		.ascii	"__uint32_t\000"
 730      6E743332 
 730      5F7400
 731              	.LASF36:
 732 02ae 5F5F7261 		.ascii	"__ram5_init_text__\000"
 732      6D355F69 
 732      6E69745F 
 732      74657874 
 732      5F5F00
 733              	.LASF33:
 734 02c1 5F5F7261 		.ascii	"__ram4_init__\000"
 734      6D345F69 
 734      6E69745F 
 734      5F00
 735              	.LASF34:
 736 02cf 5F5F7261 		.ascii	"__ram4_clear__\000"
 736      6D345F63 
 736      6C656172 
 736      5F5F00
 737              	.LASF35:
 738 02de 5F5F7261 		.ascii	"__ram4_noinit__\000"
 738      6D345F6E 
 738      6F696E69 
 738      745F5F00 
 739              	.LASF8:
 740 02ee 756E7369 		.ascii	"unsigned int\000"
 740      676E6564 
 740      20696E74 
 740      00
 741              	.LASF7:
 742 02fb 6C6F6E67 		.ascii	"long long unsigned int\000"
 742      206C6F6E 
 742      6720756E 
 742      7369676E 
 742      65642069 
 743              	.LASF44:
 744 0312 5F5F7261 		.ascii	"__ram7_init_text__\000"
 744      6D375F69 
 744      6E69745F 
 744      74657874 
 744      5F5F00
 745              	.LASF50:
 746 0325 5F5F6561 		.ascii	"__early_init\000"
 746      726C795F 
 746      696E6974 
 746      00
 747              	.LASF14:
 748 0332 6E6F5F69 		.ascii	"no_init_area\000"
ARM GAS  C:\Users\acest\AppData\Local\Temp\ccVwUupn.s 			page 17


 748      6E69745F 
 748      61726561 
 748      00
 749              	.LASF46:
 750 033f 5F5F7261 		.ascii	"__ram7_clear__\000"
 750      6D375F63 
 750      6C656172 
 750      5F5F00
 751              	.LASF6:
 752 034e 6C6F6E67 		.ascii	"long long int\000"
 752      206C6F6E 
 752      6720696E 
 752      7400
 753              	.LASF27:
 754 035c 5F5F7261 		.ascii	"__ram2_noinit__\000"
 754      6D325F6E 
 754      6F696E69 
 754      745F5F00 
 755              	.LASF20:
 756 036c 5F5F7261 		.ascii	"__ram1_init_text__\000"
 756      6D315F69 
 756      6E69745F 
 756      74657874 
 756      5F5F00
 757              	.LASF31:
 758 037f 5F5F7261 		.ascii	"__ram3_noinit__\000"
 758      6D335F6E 
 758      6F696E69 
 758      745F5F00 
 759              	.LASF51:
 760 038f 5F5F6370 		.ascii	"__cpu_init\000"
 760      755F696E 
 760      697400
 761              	.LASF26:
 762 039a 5F5F7261 		.ascii	"__ram2_clear__\000"
 762      6D325F63 
 762      6C656172 
 762      5F5F00
 763              	.LASF32:
 764 03a9 5F5F7261 		.ascii	"__ram4_init_text__\000"
 764      6D345F69 
 764      6E69745F 
 764      74657874 
 764      5F5F00
 765              	.LASF2:
 766 03bc 73686F72 		.ascii	"short int\000"
 766      7420696E 
 766      7400
 767              	.LASF12:
 768 03c6 696E6974 		.ascii	"init_area\000"
 768      5F617265 
 768      6100
 769              	.LASF29:
 770 03d0 5F5F7261 		.ascii	"__ram3_init__\000"
 770      6D335F69 
 770      6E69745F 
 770      5F00
ARM GAS  C:\Users\acest\AppData\Local\Temp\ccVwUupn.s 			page 18


 771              	.LASF10:
 772 03de 75696E74 		.ascii	"uint32_t\000"
 772      33325F74 
 772      00
 773              	.LASF4:
 774 03e7 6C6F6E67 		.ascii	"long int\000"
 774      20696E74 
 774      00
 775              	.LASF23:
 776 03f0 5F5F7261 		.ascii	"__ram1_noinit__\000"
 776      6D315F6E 
 776      6F696E69 
 776      745F5F00 
 777              	.LASF54:
 778 0400 433A5C55 		.ascii	"C:\\Users\\acest\\Desktop\\R.A.C.E\\race_project\000"
 778      73657273 
 778      5C616365 
 778      73745C44 
 778      65736B74 
 779              	.LASF0:
 780 042c 7369676E 		.ascii	"signed char\000"
 780      65642063 
 780      68617200 
 781              	.LASF24:
 782 0438 5F5F7261 		.ascii	"__ram2_init_text__\000"
 782      6D325F69 
 782      6E69745F 
 782      74657874 
 782      5F5F00
 783              	.LASF3:
 784 044b 73686F72 		.ascii	"short unsigned int\000"
 784      7420756E 
 784      7369676E 
 784      65642069 
 784      6E7400
 785              	.LASF38:
 786 045e 5F5F7261 		.ascii	"__ram5_clear__\000"
 786      6D355F63 
 786      6C656172 
 786      5F5F00
 787              		.text
 788              		.section	.gnu.lto_.profile.b3bf8061,"e",%progbits
 789 0000 789C6362 		.ascii	"x\234cb\000\001\000\000\022\000\003"
 789      00010000 
 789      120003
 790              		.text
 791              		.section	.gnu.lto_.icf.b3bf8061,"e",%progbits
 792 0000 789C5365 		.ascii	"x\234Se@\0006\206gS\336?\340`\004\223L`\222\371\327"
 792      40003686 
 792      6753DE3F 
 792      E0600493 
 792      4C6092F9 
 793 0015 81DD7FB8 		.ascii	"\201\335\177\270Y\216\355\234\357\317\372\252\347\363"
 793      598EED9C 
 793      EFCFFAAA 
 793      E7F3
 794 0023 15760600 		.ascii	"\025v\006\000v:\023["
ARM GAS  C:\Users\acest\AppData\Local\Temp\ccVwUupn.s 			page 19


 794      763A135B 
 795              		.text
 796              		.section	.gnu.lto_.ipa_sra.b3bf8061,"e",%progbits
 797 0000 789C1364 		.ascii	"x\234\023d@\000V\006\006FF\006F&\006Ff\006F\026\006"
 797      40005606 
 797      06464606 
 797      46260646 
 797      66064616 
 798 0015 46060002 		.ascii	"F\006\000\002\315\000&"
 798      CD0026
 799              		.text
 800              		.section	.gnu.lto_.inline.b3bf8061,"e",%progbits
 801 0000 789C5BC3 		.ascii	"x\234[\303\200\000\254\014\014\314\015@\300\224\302"
 801      8000AC0C 
 801      0CCC0D40 
 801      C094C2
 802 000f C8C0C4C0 		.ascii	"\310\300\304\300\320\010d\32610\260A\204\230@B\014\214"
 802      D00864D6 
 802      3130B041 
 802      84984042 
 802      0C8C
 803 0021 04553011 		.ascii	"\004U0\021T\301\014$\301\342\310*X \014\210\012\026"
 803      54C10C24 
 803      C1E2C82A 
 803      58200C88 
 803      0A16
 804 0033 06917747 		.ascii	"\006\221wG\327md\316\001\252P\002\26260\347\240\231"
 804      D76D64CE 
 804      01AA5002 
 804      B23630E7 
 804      A099
 805 0045 C1000068 		.ascii	"\301\000\000hr(\001"
 805      722801
 806              		.text
 807              		.section	.gnu.lto_.jmpfuncs.b3bf8061,"e",%progbits
 808 0000 789C1364 		.ascii	"x\234\023d@\000V fd``b``f``\001r\000\002\245\000!"
 808      40005620 
 808      66646060 
 808      62606066 
 808      60600172 
 809              		.text
 810              		.section	.gnu.lto_.pureconst.b3bf8061,"e",%progbits
 811 0000 789C1360 		.ascii	"x\234\023````e\230\301\3028\203\205i\006\013\363\026"
 811      60606065 
 811      98C1C238 
 811      83856906 
 811      0BF316
 812 0013 1696592C 		.ascii	"\026\226Y,\000\032\274\003J"
 812      001ABC03 
 812      4A
 813              		.text
 814              		.section	.gnu.lto_.lto.b3bf8061,"e",%progbits
 815 0000 09000400 		.ascii	"\011\000\004\000\001\000\000\000"
 815      01000000 
 816              		.text
 817              		.section	.gnu.lto_ram_areas.130.b3bf8061,"e",%progbits
 818 0000 789C5DCF 		.ascii	"x\234]\317;o\323`\024\306q?y\223\224\002mB\013\024h"
ARM GAS  C:\Users\acest\AppData\Local\Temp\ccVwUupn.s 			page 20


 818      3B6FD360 
 818      14C6713F 
 818      79939402 
 818      6D420B14 
 819 0015 285F20B2 		.ascii	"(_ \262\345lt\253\\\304\324\245(\233\245\022\214\245"
 819      E56C74AB 
 819      5CC4D4A5 
 819      289BA512 
 819      8CA5
 820 0027 A62538B2 		.ascii	"\246%8\262\035\2111\2522 \2611\303\200\344\241\037\200"
 820      1D8931AA 
 820      3220B131 
 820      C380E4A1 
 820      1F80
 821 0039 425BCAB5 		.ascii	"B[\312\265-\224\373\245\367{;pY`@\240v`\300986:\226"
 821      2D94FBA5 
 821      F77B3B70 
 821      596040A0 
 821      7660C039 
 822 0051 75F4EA6F 		.ascii	"u\364\352o\277\372\351L\011I\252I\377\236[\0025\214"
 822      BFFAE94C 
 822      0949AA49 
 822      FF9E5B02 
 822      358C
 823 0063 54AB7F7E 		.ascii	"T\253\177~\336\330\273\223\362\2044*\242\370-K\001Q"
 823      DED8BB93 
 823      F284342A 
 823      A2F82D4B 
 823      0151
 824 0075 C8508885 		.ascii	"\310P\210\205a4FA\324\303\331\221\353\325\264'p[H\270"
 824      61344641 
 824      D4C3D991 
 824      EBD5B427 
 824      705B48B8 
 825 0089 EF4FE09E 		.ascii	"\357O\340\236?c\030\363\247\300]\370\277\334\024\236"
 825      3F6318F3 
 825      A7C05DF8 
 825      BFDC149E 
 826 0099 1F9A1AB7 		.ascii	"\037\232\032\267\367\177\007d\234\223\011N&9\331\304"
 826      F77F0764 
 826      9C93094E 
 826      2639D9C4 
 827 00a9 C987444E 		.ascii	"\311\207DN\021\371\200\310\311\210L6n\217\377\012\310"
 827      11F980C8 
 827      C9884C36 
 827      6E8FFF0A 
 827      C8
 828 00ba 039C6CE6 		.ascii	"\003\234l\346\344AN\036\342\3444\221\317\210|J\344\223"
 828      E4414E1E 
 828      E2E43491 
 828      CF887C4A 
 828      E493
 829 00cc 884C845B 		.ascii	"\210L\204[\376\010\310\303\234l\341d+'S\234|I\344\034"
 829      FE08C8C3 
 829      9C6CE164 
 829      2B27539C 
 829      7C49E41C 
ARM GAS  C:\Users\acest\AppData\Local\Temp\ccVwUupn.s 			page 21


 830 00e0 912F887C 		.ascii	"\221/\210|\036\221\361p\313\357\001\231\346\344\021"
 830      1E91F170 
 830      CBEF0199 
 830      E6E411
 831 00ef 4EB671B2 		.ascii	"N\266q\262\235\223\357\211|G\344[\"\337D\244\010\267"
 831      9D93EF89 
 831      7C47E45B 
 831      22DF44A4 
 831      08B7
 832 0101 FC1A9047 		.ascii	"\374\032\220G9y\214\223\3079\331\301\311E\"\027\210"
 832      39798C93 
 832      C739D9C1 
 832      C9452217 
 832      88
 833 0112 9C27F253 		.ascii	"\234'\362SD\306\302-\277\004\344\011N\236\344\344)N"
 833      44C6C22D 
 833      BF04E409 
 833      4E9EE4E4 
 833      294E
 834 0124 7672729D 		.ascii	"vrr\235\3105\"W\211\\A\010}\016\240\014\207Ns\250\213"
 834      C8352257 
 834      895C4108 
 834      7D0EA00C 
 834      874E73A8 
 835 0139 436738B4 		.ascii	"Cg8\264C\3206A[\004m\322\367\213\236\177T\261\013\344"
 835      43D03641 
 835      5B046DD2 
 835      F78B9E7F 
 835      54B10BE4 
 836 014d B0012C03 		.ascii	"\260\001,\003K\300G\340\003\360\032x\005\314\0023\300"
 836      4BC047E0 
 836      03F01A78 
 836      05CC0233 
 836      C0
 837 015e 63E01130 		.ascii	"c\340\0210\001\214C\312j\335z\3361mG/\030\246\343\352"
 837      018C43CA 
 837      6ADD7ADE 
 837      316D472F 
 837      18A6E3EA 
 838 0172 BDA633EC 		.ascii	"\275\2463\354Ze\275_\356\2215\371\234n\373y\240l[C\246"
 838      5A65BD5F 
 838      EE9135F9 
 838      9C6EFB79 
 838      A06C5B43 
 839 0187 E14A7959 		.ascii	"\341JyYV\376\177\265\301\342\245\342\005\267r\271h)"
 839      56FE7FB5 
 839      C1E2A5E2 
 839      05B772B9 
 839      6829
 840 0199 46FD6C39 		.ascii	"F\375l99UU\025\313Q\014\253T\262\256*\216[\260\335J"
 840      39555515 
 840      CB510CAB 
 840      54B2AE2A 
 840      8E5BB0DD 
 841 01ae 59E9E9EF 		.ascii	"Y\351\351\357\323\372\256\325k\271x\305\327\224\363"
 841      D3FAAED5 
 841      6BB978C5 
ARM GAS  C:\Users\acest\AppData\Local\Temp\ccVwUupn.s 			page 22


 841      D794F3
 842 01bd 9AA618B6 		.ascii	"\232\246\030\266\253\312\206\364\027R\3519\203"
 842      ABCA86F4 
 842      1752E939 
 842      83
 843              		.text
 844              		.section	.gnu.lto___cpu_init.131.b3bf8061,"e",%progbits
 845 0000 789C2B61 		.ascii	"x\234+a``h\001be fdf`\2344\261\213\211\241\241\241\301"
 845      60606801 
 845      62652066 
 845      6466609C 
 845      34B18B89 
 846 0018 819D89B1 		.ascii	"\201\235\211\261qb\027'\343VF0\217\221\241\236\211\261"
 846      71621727 
 846      E3564630 
 846      8F91A19E 
 846      89B1
 847 002a 9E7132B3 		.ascii	"\236q2\263&\220\373\343\351\364\271G\031\033V\034`\\"
 847      2690FBE3 
 847      E9F4B947 
 847      191B561C 
 847      605C
 848 003c C2CCC030 		.ascii	"\302\314\3000\017\210\241\200\015\306c\004\342\365\227"
 848      0F88A180 
 848      0DC66304 
 848      E2F597
 849 004b 580F34FC 		.ascii	"X\0174\374\371\337\337\320\360\367\021\343jU&\006\206"
 849      F9DFDFD0 
 849      F0F711E3 
 849      6A552606 
 849      86
 850 005c 7E6690D1 		.ascii	"~f\220\321\015,\214\015\007\030\030&03A8\215@\316+\306"
 850      0D2C8C0D 
 850      07181826 
 850      30334138 
 850      8D40CE2B 
 851 0071 0625864F 		.ascii	"\006%\206O\214M\012`c\372\231\031\021\352\030\030t\234"
 851      8C4D0A60 
 851      63FA9919 
 851      11EA1818 
 851      749C
 852 0083 AD62428B 		.ascii	"\255bB\213S\213\212c\022\223S\213Kb\\R\213\263K\362"
 852      538B8A63 
 852      1293538B 
 852      4B625C52 
 852      8BB34BF2 
 853 0097 0B6282F4 		.ascii	"\013b\202\364\034\365\234\365\\c\212\200\302\361\005"
 853      1CF59CF5 
 853      5C638A80 
 853      C2F105
 854 00a6 45F959A9 		.ascii	"E\371Y\251\311%\014\241zz\372\310\3109#3)3\270\2444"
 854      C9250CA1 
 854      7A7AFAC8 
 854      C8392333 
 854      2933B8A4 
 855 00bb 25335F3F 		.ascii	"%3_?\031\304\316/6244\324\317/\326O\316\317\315\315"
 855      19C4CE2F 
ARM GAS  C:\Users\acest\AppData\Local\Temp\ccVwUupn.s 			page 23


 855      36323434 
 855      D4CF2FD6 
 855      4FCECFCD 
 856 00d0 CFD32F2E 		.ascii	"\317\323/.I,*)-\320w\014\362u\366\255\000\211\026d\346"
 856      492C2A29 
 856      2DD0770C 
 856      F275F6AD 
 856      00891664 
 857 00e5 006DD377 		.ascii	"\000m\323wwv\326O.*1\324Kf\000\000\362\320V\361"
 857      7776D64F 
 857      2E2A31D4 
 857      4B660000 
 857      F2D056F1 
 858              		.text
 859              		.section	.gnu.lto___early_init.132.b3bf8061,"e",%progbits
 860 0000 789C2B66 		.ascii	"x\234+f``h\001be fdf`\2344\261\213\211\241\241\241\301"
 860      60606801 
 860      62652066 
 860      6466609C 
 860      34B18B89 
 861 0018 819D89B1 		.ascii	"\201\235\211\261qb\027'\343VF0\217\221\241\236\211\261"
 861      71621727 
 861      E3564630 
 861      8F91A19E 
 861      89B1
 862 002a 9E7132B3 		.ascii	"\236q2\263&\220\373\343\351\364\023G\031\033V\034`\\"
 862      2690FBE3 
 862      E9F41347 
 862      191B561C 
 862      605C
 863 003c C2CCC030 		.ascii	"\302\314\3000\017\210\241\200\015\306c\004\342\365\227"
 863      0F88A180 
 863      0DC66304 
 863      E2F597
 864 004b 580F34FC 		.ascii	"X\0174\374\371\337\337\320pv1\243\025\023\003C?3\310"
 864      F9DFDFD0 
 864      707631A3 
 864      15130343 
 864      3F33C8
 865 005e E40616C6 		.ascii	"\344\006\026\306\206\003\014\014\023\230\231 \234F "
 865      86030C0C 
 865      13989920 
 865      9C4620
 866 006d E7156383 		.ascii	"\347\025c\203\022\303'\306&\005\260)\375\314\214\010"
 866      12C327C6 
 866      2605B029 
 866      FDCC8C08 
 867 007d 750C0C3A 		.ascii	"u\014\014:\316V1\241\305\251E\3051\211\311\251\305%"
 867      CE5631A1 
 867      C5A945C5 
 867      3189C9A9 
 867      C525
 868 008f 312EA9C5 		.ascii	"1.\251\305\331%\371\0051Az\216z\316z\2561E@\341\370"
 868      D925F905 
 868      31417A8E 
 868      7ACE7AAE 
 868      314540E1 
ARM GAS  C:\Users\acest\AppData\Local\Temp\ccVwUupn.s 			page 24


 869 00a4 82A2FCAC 		.ascii	"\202\242\374\254\324\344\022\206P==}d\344\234\221\231"
 869      D4E41286 
 869      503D3D7D 
 869      64E49C91 
 869      99
 870 00b5 94195C52 		.ascii	"\224\031\\R\232\222\231\257\237\014b\347\027\033\031"
 870      9A9299AF 
 870      9F0C62E7 
 870      171B19
 871 00c4 1A1AEAE7 		.ascii	"\032\032\352\347\027\353'\347\347\346\346\347\351\027"
 871      17EB27E7 
 871      E7E6E6E7 
 871      E917
 872 00d2 97241695 		.ascii	"\227$\026\225\224\026\350;\006\371:\373V\200D\0132s"
 872      9416E83B 
 872      06F93AFB 
 872      5680440B 
 872      3273
 873 00e4 80B6E9BB 		.ascii	"\200\266\351\273;;\353'\027\225\030\352%3\000\000:V"
 873      3B3BEB27 
 873      179518EA 
 873      25330000 
 873      3A56
 874 00f6 5616     		.ascii	"V\026"
 875              		.text
 876              		.section	.gnu.lto___late_init.133.b3bf8061,"e",%progbits
 877 0000 789C2B66 		.ascii	"x\234+f``h\001be fdf`\2344\261\213\211\241\241\241\301"
 877      60606801 
 877      62652066 
 877      6466609C 
 877      34B18B89 
 878 0018 819D89B1 		.ascii	"\201\235\211\261qb\027'\343VF0\217\221\241\236\211\261"
 878      71621727 
 878      E3564630 
 878      8F91A19E 
 878      89B1
 879 002a 9E7132B3 		.ascii	"\236q2\263&\220\373\343\351\364{G\031\033V\034`\\\302"
 879      2690FBE3 
 879      E9F47B47 
 879      191B561C 
 879      605CC2
 880 003d CCC0300F 		.ascii	"\314\3000\017\210\241\200\015\306c\004\342\365\227X"
 880      88A1800D 
 880      C66304E2 
 880      F59758
 881 004c 0F34FCF9 		.ascii	"\0174\374\371\337\337\320pt1\243%\023\003C?3\310\344"
 881      DFDFD070 
 881      7431A325 
 881      1303433F 
 881      33C8E4
 882 005f 0616C686 		.ascii	"\006\026\306\206\003\014\014\023\230\231 \234F \347"
 882      030C0C13 
 882      9899209C 
 882      4620E7
 883 006e 15638312 		.ascii	"\025c\203\022\303'\306&\005\260)\375\314\214\010u\014"
 883      C327C626 
 883      05B029FD 
ARM GAS  C:\Users\acest\AppData\Local\Temp\ccVwUupn.s 			page 25


 883      CC8C0875 
 883      0C
 884 007f 0C3ACE56 		.ascii	"\014:\316V1\241\305\251E\3051\211\311\251\305%1.\251"
 884      31A1C5A9 
 884      45C53189 
 884      C9A9C525 
 884      312EA9
 885 0092 C5D925F9 		.ascii	"\305\331%\371\0051Az\216z\316z\2561E@\341\370\202\242"
 885      0531417A 
 885      8E7ACE7A 
 885      AE314540 
 885      E1F882A2 
 886 00a6 FCACD4E4 		.ascii	"\374\254\324\344\022\206P==}d\344\234\221\231\224\031"
 886      1286503D 
 886      3D7D64E4 
 886      9C919994 
 886      19
 887 00b7 5C529A92 		.ascii	"\\R\232\222\231\257\237\014b\347\027\033\031\032\032"
 887      99AF9F0C 
 887      62E7171B 
 887      191A1A
 888 00c6 EAE717EB 		.ascii	"\352\347\027\353'\347\347\346\346\347\351\027\227$\026"
 888      27E7E7E6 
 888      E6E7E917 
 888      972416
 889 00d5 959416E8 		.ascii	"\225\224\026\350;\006\371:\373V\200D\0132s\200\266\351"
 889      3B06F93A 
 889      FB568044 
 889      0B327380 
 889      B6E9
 890 00e7 BB3B3BEB 		.ascii	"\273;;\353'\027\225\030\352%3\000\000H\004V#"
 890      27179518 
 890      EA253300 
 890      00480456 
 890      23
 891              		.text
 892              		.section	.gnu.lto___default_exit.134.b3bf8061,"e",%progbits
 893 0000 789C9BC4 		.ascii	"x\234\233\304\300\300\320\002\304\016@\314\310\312\300"
 893      C0C0D002 
 893      C40E40CC 
 893      C8CAC0
 894 000f 38696217 		.ascii	"8ib\027\023CCC\203\003;\023\343\344\211\\`\0263\343"
 894      13434343 
 894      83033B13 
 894      E3E4895C 
 894      601633E3 
 895 0023 14288B85 		.ascii	"\024(\213\205q\262!\230\301\310P\317\304\314\302\010"
 895      71B22198 
 895      C1C850CF 
 895      C4CCC208 
 896 0033 24181060 		.ascii	"$\030\020`2\263&P\362\307\323\351\277\21726\2548\300"
 896      32B32650 
 896      F2C7D3E9 
 896      BF8F3236 
 896      AC38C0
 897 0046 B8042839 		.ascii	"\270\004(9\017\241\200\015\306c\004\342\365\227X\017"
 897      0FA1800D 
ARM GAS  C:\Users\acest\AppData\Local\Temp\ccVwUupn.s 			page 26


 897      C66304E2 
 897      F597580F 
 898 0056 34FCF9DF 		.ascii	"4\374\371\337\337\320p\3671c\207:P\250\237\231\341\310"
 898      DFD070F7 
 898      3163873A 
 898      50A89F99 
 898      E1C8
 899 0068 FB0E56C6 		.ascii	"\373\016V\306\206\003 6\023\230\335\010dO`f\006\232"
 899      86032036 
 899      1398DD08 
 899      644F6066 
 899      069A
 900 007a DAC002E2 		.ascii	"\332\300\002\3420\276blx\364\3674'\343VF\006\020\363"
 900      30BE626C 
 900      78F4F734 
 900      27E35646 
 900      0610F3
 901 008d 1F370344 		.ascii	"\0377\003D\204\207\001\244\211\005\242\220\021\310d"
 901      848701A4 
 901      8905A290 
 901      11C864
 902 009c 64600759 		.ascii	"d`\007Y\245\343l\025\023Z\234ZT\034\223\230\234Z\\\022"
 902      A5E36C15 
 902      135A9C5A 
 902      541C9398 
 902      9C5A5C12 
 903 00b0 E3925A9C 		.ascii	"\343\222Z\234]\222_\020\023\244\347\250\347\254\347"
 903      5D925F10 
 903      13A4E7A8 
 903      E7ACE7
 904 00bf 1A530414 		.ascii	"\032S\004\024\216/(\312\317JM.a\010\325\323\323GF\316"
 904      8E2F28CA 
 904      CF4A4D2E 
 904      6108D5D3 
 904      D34746CE 
 905 00d3 19994999 		.ascii	"\031\231I\231\301%\245)\231\371\372\311 v~\261\221\241"
 905      C125A529 
 905      99F9FAC9 
 905      20767EB1 
 905      91A1
 906 00e5 A1A17E7E 		.ascii	"\241\241~~\261~r~nn~\236~qIbQIi\201\276c\220\257\263"
 906      B17E727E 
 906      6E6E7E9E 
 906      7E714962 
 906      51496981 
 907 00fe 6F0548B4 		.ascii	"o\005H\264 3\007h\233\276\273\263\263~rQ\211\241^2\003"
 907      20330768 
 907      9BBEBBB3 
 907      B37E7251 
 907      89A15E32 
 908 0113 00125968 		.ascii	"\000\022Yh\216"
 908      8E
 909              		.text
 910              		.section	.gnu.lto___init_ram_areas.135.b3bf8061,"e",%progbits
 911 0000 789C7D54 		.ascii	"x\234}T_h[e\024\377\316=\337\315\275\371\273\320N|\022"
 911      5F685B65 
 911      14FFCE3D 
ARM GAS  C:\Users\acest\AppData\Local\Temp\ccVwUupn.s 			page 27


 911      DFCDBDF9 
 911      BBD04E7C 
 912 0015 AA282248 		.ascii	"\252(\"H\262\014\207E\020;\242\354i/\225\275\005\\\315"
 912      B20C8745 
 912      103BA2EC 
 912      692F95BD 
 912      055CCD
 913 0028 22D6B925 		.ascii	"\"\326\271%$)\370 \3546KW\226i\233\264\024\273Y\207"
 913      2429F820 
 913      EC364B57 
 913      96699BB4 
 913      14BB5987 
 914 003c 6461041F 		.ascii	"da\004\037\246\033lN\273nqU\253\240D\273u>\314\015-"
 914      A61B6C4E 
 914      BB6E7155 
 914      ABA044BB 
 914      753ECC0D 
 915 0051 8CDA0DB6 		.ascii	"\214\332\015\266\272'\255\253\365\234\357\336\244\261"
 915      BA27ADAB 
 915      F59CEFDE 
 915      A4B1
 916 005f 5443F2E5 		.ascii	"TC\362\345\334\357\374\316\357\234\363;\337ww\350B\034"
 916      DCEFFCCE 
 916      EF9CF33B 
 916      DF7777E8 
 916      421C
 917 0071 1742DCA1 		.ascii	"\027B\334\241\037\370\005\214\224\012\232\260,\253\313"
 917      1FF8058C 
 917      940A9AB0 
 917      2CABCB
 918 0080 D060B4E4 		.ascii	"\320`\264\344Q\026\302X\251p\357\3429\011\027AmH\030"
 918      5116C258 
 918      A970EFE2 
 918      39091741 
 918      6D4818
 919 0093 3BDD80E9 		.ascii	";\335\200\351Z\276tD#\317\354\322r\247|\2778\017\247"
 919      5ABE7444 
 919      23CFECD2 
 919      72A77CBF 
 919      380FA7
 920 00a6 86070CE9 		.ascii	"\206\007\014\351\205\361\034\330\010\003\306GN\332\201"
 920      85F11CD8 
 920      0803C647 
 920      4EDA81
 921 00b5 A636D802 		.ascii	"\2466\330\002>\332\000\273\265\211\342\231G\3413\006"
 921      3EDA00BB 
 921      B589E299 
 921      47E13306 
 922 00c5 75CA63B4 		.ascii	"u\312c\264M\206)}0z:hsx\240\277TX\370\3461\033\323e"
 922      4D86297D 
 922      307A3A68 
 922      7378A0BF 
 922      5458F8E6 
 923 00dd 8038A0A1 		.ascii	"\2008\240\241\324\275\206\351\366y\340\200D\0015\011"
 923      D4BD86E9 
 923      F679E080 
 923      44013509 
ARM GAS  C:\Users\acest\AppData\Local\Temp\ccVwUupn.s 			page 28


 924 00ed C6DA22EC 		.ascii	"\306\332\"\354\217.\326>f\213=\212O\021\317\037\267"
 924      8F2ED63E 
 924      668B3D8A 
 924      4F11CF1F 
 924      B7
 925 00fe DEFB7906 		.ascii	"\336\373y\006\254j\015*H2`\323=\2010\202\025\004\220"
 925      AC6A0D2A 
 925      483260D3 
 925      3D813082 
 925      150490
 926 0111 8EA54107 		.ascii	"\216\245A\007Y8\000\354z\242fYK7g\206\002\305~\263\202"
 926      593800EC 
 926      7AA26659 
 926      4B376786 
 926      02C57EB3 
 927 0126 089F0285 		.ascii	"\010\237\002\205\3029\200\263\300\301\207aE\272\004"
 927      C23980B3 
 927      C0C18761 
 927      45BA04
 928 0135 9C079B11 		.ascii	"\234\007\233\0218\360\330Z\340\355\205A;P\302\347\353"
 928      38F0D85A 
 928      E0ED8541 
 928      3B50C2E7 
 928      EB
 929 0146 03C77406 		.ascii	"\003\307t\006O4\301\237,\016\016Z\301|\007\203/\254"
 929      4F34C19F 
 929      2C0E0E5A 
 929      C17C0783 
 929      2FAC
 930 0158 071774CA 		.ascii	"\007\027t\3122\0050\011\202d\241\215\303:y\220\022\333"
 930      32053009 
 930      8264A18D 
 930      C33A7990 
 930      12DB
 931 016a BB1FCFEA 		.ascii	"\273\037\317\3525\353\301\352\260e-<?5q\302\263\031"
 931      35EBC1EA 
 931      B0652D3C 
 931      3F3571C2 
 931      B319
 932 017c 4405758D 		.ascii	"D\005u\215\026\222\213\026\3115\352LA<\223$\031->~\364"
 932      16928B16 
 932      C935EA4C 
 932      413C9324 
 932      192D3E7E 
 933 0191 B315606F 		.ascii	"\263\025`o\220\2556^\332\331!\3040\012\236\030X5!\212"
 933      90AD365E 
 933      DAD921C4 
 933      300A9E18 
 933      5835218A 
 934 01a5 A829BB9F 		.ascii	"\250)\273\237\354\333`\315O\325\201\376s\037\366Q\240"
 934      ECDB60CD 
 934      4FD581FE 
 934      731FF651 
 934      A0
 935 01b6 239B4B75 		.ascii	"#\233Ku\222\007\027\231UT\272\236\004YA\232\021\300"
 935      92071799 
 935      5554BA9E 
ARM GAS  C:\Users\acest\AppData\Local\Temp\ccVwUupn.s 			page 29


 935      0459419A 
 935      11C0
 936 01c8 25107938 		.ascii	"%\020y8dY\325\307\031\370\205\352\252\210\270\264\\"
 936      6459D5C7 
 936      19F885EA 
 936      AA88B8B4 
 936      5C
 937 01d9 ED743873 		.ascii	"\355t8s]\\D\031\245\342\377\261\356\346>\331\274R\367"
 937      5D5C4419 
 937      A5E2FFB1 
 937      EEE63ED9 
 937      BC52F7
 938 01ec D0211277 		.ascii	"\320!\022w!waqS\031}N:\004;\003\215\366\267\207+hR$"
 938      21776171 
 938      53197D4E 
 938      3A043B03 
 938      8DF6B787 
 939 0204 4C83D892 		.ascii	"L\203\330\222\247\323TA7|\011\037\250\031s\225/P?\024"
 939      A7D35441 
 939      377C091F 
 939      A8197395 
 939      2F503F14 
 940 0218 A9E8E6EA 		.ascii	"\251\350\346\352Z\223\313\337`\250n\304\36051@\223a"
 940      5A93CBDF 
 940      60A86EC4 
 940      F0353140 
 940      9361
 941 022a 9218FC8A 		.ascii	"\222\030\374\212\341:1\210e\220\252\241\363\367\016"
 941      E13A3188 
 941      6590AAA1 
 941      F3F70E
 942 0239 BA9D86B5 		.ascii	"\272\235\206\265\217\236\244\232\313\030\360\015\225"
 942      8F9EA49A 
 942      CB18F00D 
 942      95
 943 0246 7E35B9E6 		.ascii	"~5\271\346\"\312\322\300O3\330\224\355F\0359\371\370"
 943      22CAD2C0 
 943      4F33D894 
 943      ED461D39 
 943      F9F8
 944 0258 915B846B 		.ascii	"\221[\204k\010'A\250\"(\251\247\214:|KI\011\264T\230"
 944      082741A8 
 944      2228A9A7 
 944      8C3A7C4B 
 944      4909B454 
 945 026d 73DA43E5 		.ascii	"s\332C\345p\261\203\242\024\321\315M\0049x\346\320W"
 945      70B183A2 
 945      14D1CD4D 
 945      043978E6 
 945      D057
 946 027f C4D3C6BE 		.ascii	"\304\323\306\276\263j\036\035\252\3146\005\371]\345"
 946      B36A1E1D 
 946      AACC3605 
 946      F95DE5
 947 028e 22CCF7B4 		.ascii	"\"\314\367\264\325\316\304\015\014\213\321\256\006\240"
 947      D5CEC40D 
 947      0C8BD1AE 
ARM GAS  C:\Users\acest\AppData\Local\Temp\ccVwUupn.s 			page 30


 947      06A0
 948 029c 13BD255B 		.ascii	"\023\275%[&\300\341.\2625\005\322\235~\337\205\346\004"
 948      26C0E12E 
 948      B23505D2 
 948      9D7EDF85 
 948      E604
 949 02ae 1E2AA3D6 		.ascii	"\036*\243\326P\315\334@\264\357H4\222G,B\376\306\364"
 949      50CDDC40 
 949      B4EF4834 
 949      92472C42 
 949      FEC6F4
 950 02c1 7E02339F 		.ascii	"~\0023\237`\275t\232\000\036_y\233r\313\241\325=\313"
 950      60BD749A 
 950      001E5F79 
 950      9B72CBA1 
 950      D53DCB
 951 02d4 E02241F1 		.ascii	"\340\"A\361\024o\264\311\277Wv\323y\363\252\363\300"
 951      146FB4C9 
 951      BF5776D3 
 951      79F3AAF3 
 951      C0
 952 02e5 BA19FFD6 		.ascii	"\272\031\377\326\355/[\267\373U\177\253\"\006+\302\012"
 952      ED2F5BB7 
 952      FB557FAB 
 952      22062BC2 
 952      0A
 953 02f6 7AC0863D 		.ascii	"z\300\206=hQ%\310\376VU\202\252cs\243\216\015\025\375"
 953      685125C8 
 953      FE565582 
 953      AA6373A3 
 953      8E0D15FD 
 954 030a E7BA3EF1 		.ascii	"\347\272>\361\377\372\374\201\372\304\226>\221YT\237"
 954      FFFAFC81 
 954      FAC4963E 
 954      9159549F 
 955 031a 06A532EE 		.ascii	"\006\2452\356\256\356\246\306\275\222S\272[N\2715_\232"
 955      AEEEA6C6 
 955      BD9253BA 
 955      5B4EB935 
 955      5F9A
 956 032c 758EB353 		.ascii	"u\216\263Sg\200\230\355\367O\320\256\225/A@A\307f\337"
 956      678098ED 
 956      F74FD0AE 
 956      952F4140 
 956      41C766DF 
 957 0340 01BE0594 		.ascii	"\001\276\005\224\343\3724\341\002\316\201\361\202\371"
 957      E3FA34E1 
 957      02CE81F1 
 957      82F9
 958 034e 1F37EDAA 		.ascii	"\0377\355\252\272i\364\274\225\352\254>Bu\303\034\300"
 958      BA69F4BC 
 958      95EAAC3E 
 958      4275C31C 
 958      C0
 959 035f 153EC5F6 		.ascii	"\025>\305\366\365\333\314\027\347\032\330o\276a\364"
 959      F5DBCC17 
 959      E71AD86F 
ARM GAS  C:\Users\acest\AppData\Local\Temp\ccVwUupn.s 			page 31


 959      BE61F4
 960 036e 5DBE7322 		.ascii	"]\276s\"\242\004\3674\257\367}\310\375r\264\333\001"
 960      A204F734 
 960      AFF77DC8 
 960      FD72B4DB 
 960      01
 961 037f 40F30D20 		.ascii	"@\363\015 \304\323\321\347b\2732\211t&\326\023Od\262"
 961      C4D3D1E7 
 961      62BB3289 
 961      7426D613 
 961      4F64B2
 962 0392 B1171399 		.ascii	"\261\027\023\231\275\331d*\326\035\332\036\212\206^"
 962      BDD9642A 
 962      D61DDA1E 
 962      8A865E
 963 03a1 8AA569FB 		.ascii	"\212\245i\373\225T:\371F\"\236\025\273B\241p\3537\372"
 963      95543AF9 
 963      46229E15 
 963      BB42A170 
 963      EB37FA
 964 03b4 7AEFABBD 		.ascii	"z\357\253\275/g\373\366\364&\303q\266\223\231\255\221"
 964      2F67FBF6 
 964      F426C371 
 964      B69399AD 
 964      91
 965 03c5 48249CCC 		.ascii	"H$\234\314\204\343\311}\373\222\373\303\231lO:\333\227"
 965      84E3C97D 
 965      FB92FBC3 
 965      996C4F3A 
 965      DB97
 966 03d7 0A6FEFDE 		.ascii	"\012o\357\336\031\335\371\026\357\246z\337\244l\341"
 966      19DDF916 
 966      EFA67ADF 
 966      A46CE1
 967 03e6 1DD16838 		.ascii	"\035\321h8\236\316FBq\201\351\236T\320\266C\333\342"
 967      9ECE4642 
 967      7181E99E 
 967      54D0B643 
 967      DBE2
 968 03f8 892DCFBE 		.ascii	"\211-\317\276\366\3146\001)-\233\372\007I\222\005M"
 968      F6CC3601 
 968      292D9BFA 
 968      07499205 
 968      4D
 969              		.text
 970              		.section	.gnu.lto_.symbol_nodes.b3bf8061,"e",%progbits
 971 0000 789C75CB 		.ascii	"x\234u\313GRBa\020E\341>/\210\212\001\025\005E\205\255"
 971      47524261 
 971      1045E13E 
 971      2F888A01 
 971      15054585 
 972 0015 C8C6FE67 		.ascii	"\310\306\376g\0001\020\004\023AT\004\235\271\000\306"
 972      00311004 
 972      13415404 
 972      9DB900C6 
 973 0025 8ED98A5B 		.ascii	"\216\331\212[\200w\253,&\322\223\257\252O\3356f\346"
 973      8077AB2C 
ARM GAS  C:\Users\acest\AppData\Local\Temp\ccVwUupn.s 			page 32


 973      26D293AF 
 973      AA4FDD36 
 973      66E6
 974 0037 9DE32C9A 		.ascii	"\235\343,\232]@cb\346\314\306\321)\026\247Y\274\300"
 974      5D406362 
 974      E6CCC6D1 
 974      2916A759 
 974      BCC0
 975 0049 B1309670 		.ascii	"\2610\226p\336\302X\306\371?\277\225p\336N\376\322%"
 975      DEC258C6 
 975      F93FBF95 
 975      70DE4EFE 
 975      D225
 976 005b 2EF8AE97 		.ascii	".\370\256\227\022\377\314\3023,*\232\371a\005\012\361"
 976      12FFCCC2 
 976      332C2A9A 
 976      F961050A 
 976      F1
 977 006c E30A4F5E 		.ascii	"\343\012O^\343\313\033\002yK(\253,\311\032\011YgY6X"
 977      E3CB1B02 
 977      794B28AB 
 977      2CC91A09 
 977      59675936 
 978 0081 9177ACCA 		.ascii	"\221w\254\312&I\331bM\336\263.\037\330\220\217l\312"
 978      2649D962 
 978      4DDEB32E 
 978      1FD8908F 
 978      6CCA
 979 0093 2752F299 		.ascii	"'R\362\231-\331f[v\330\221]\322\262\307\256|aO\366\311"
 979      2DD9665B 
 979      76D8915D 
 979      D2B2C7AE 
 979      7C614FF6 
 980 00a8 C857B2F2 		.ascii	"\310W\262\362\215}\371\316\201\034\220\223\037\034\312"
 980      8D7DF9CE 
 980      811C9093 
 980      1F1CCA
 981 00b7 214772C4 		.ascii	"!Gr\304\261\374$/\277(\304\332\024\313\244<\260"
 981      B1FC242F 
 981      BF28C4DA 
 981      14CBA43C 
 981      B0
 982              		.text
 983              		.section	.gnu.lto_.refs.b3bf8061,"e",%progbits
 984 0000 789C05C1 		.ascii	"x\234\005\301i\032B`\030\000\300\367\231|h\221\222h"
 984      691A4260 
 984      1800C0F7 
 984      997C6891 
 984      9268
 985 0012 A7C52F67 		.ascii	"\247\305/gq\377\3534\263D\204LZ\2054\307\230\344\012"
 985      71FFEB34 
 985      B344844C 
 985      5A8534C7 
 985      98E40A
 986 0025 A5B58DAD 		.ascii	"\245\265\215\255\235\312^\355\340\250q\322:\353\364"
 986      9DCA5EED 
 986      E0A871D2 
ARM GAS  C:\Users\acest\AppData\Local\Temp\ccVwUupn.s 			page 33


 986      3AEBF4
 987 0034 2EAE6EEE 		.ascii	".\256n\356\036\236^\006\243\267\217\257\237)\376\200"
 987      1E9E5E06 
 987      A3B78FAF 
 987      9F29FE80 
 988 0044 6803A5   		.ascii	"h\003\245"
 989              		.text
 990              		.section	.gnu.lto_.decls.b3bf8061,"e",%progbits
 991 0000 789CB596 		.ascii	"x\234\265\226{PT\327\035\307\317\357\236\273\354\356"
 991      7B5054D7 
 991      1DC7CFEF 
 991      9EBBECEE 
 992 0010 6515AA38 		.ascii	"e\025\2528N\307\251!F\013m\0226\273\274f\372\027\031"
 992      4EC7A921 
 992      460B6D12 
 992      36BBBC66 
 992      FA1719
 993 0023 DAE48F4C 		.ascii	"\332\344\217L\036\223\326\177Rg\356Pv3\322\010\313,"
 993      1E93D67F 
 993      5267EE50 
 993      7633D208 
 993      CB2C
 994 0035 4B6BFFE8 		.ascii	"Kk\377\350\314\015\362\322\200E\245\026\037q\030q\224"
 994      CC0DF2D2 
 994      8045A516 
 994      1F711871 
 994      94
 995 0046 A8AD5803 		.ascii	"\250\255X\0031>\021\020\327g\304\020\037E\243\202\217"
 995      313E1110 
 995      D767C410 
 995      1F45A382 
 995      8F
 996 0057 454844C1 		.ascii	"EHD\3017J\177\347\334\313\356\236\273\374\321\177\272"
 996      374A7FE7 
 996      DCCBEE9E 
 996      BBFCD17F 
 996      BA
 997 0068 FABDF79E 		.ascii	"\372\275\367\236{?\337\3579\277s\316\335\245\307A\310"
 997      7B3FDFEF 
 997      39BF73CE 
 997      DDA5C741 
 997      C8
 998 0079 BF2921E5 		.ascii	"\277)!\345\022!\023\370\261\022BzH\344cA\035B\035Au"
 998      122113F8 
 998      B112427A 
 998      48E46341 
 998      1D421D41 
 999 008e A18EA34E 		.ascii	"\241\216\243N\242^F\015\242\206P?\240\356\242\356\241"
 999      A25E460D 
 999      A286503F 
 999      A0EEA2EE 
 999      A1
 1000 009f 46510F50 		.ascii	"FQ\017P\217POP\317P\317Q\023(\000B(\312\202\262\242"
 1000      8F504F50 
 1000      CF50CF51 
 1000      13280042 
 1000      28CA82B2 
ARM GAS  C:\Users\acest\AppData\Local\Temp\ccVwUupn.s 			page 34


 1001 00b4 ECA878D4 		.ascii	"\354\250x\3244T\002\352'\250\231\250Y\250\331\250\237"
 1001      345402EA 
 1001      27A899A8 
 1001      59A8D9A8 
 1001      9F
 1002 00c5 A2E6A07E 		.ascii	"\242\346\240~\206z\011\3652\352\025\324\002T\012\352"
 1002      867A09F5 
 1002      32EA15D4 
 1002      02540AEA 
 1003 00d5 174084CF 		.ascii	"\027@\204\317\267\330\226\361|\011u\033\225\204\012"
 1003      B7D896F1 
 1003      7C09751B 
 1003      95840A
 1004 00e4 11FDDE75 		.ascii	"\021\375\336uT?\352*j\300\340\223\211\236\221bd\276"
 1004      543FEA2A 
 1004      6AC0E093 
 1004      899E9162 
 1004      64BE
 1005 00f6 62F4F192 		.ascii	"b\364\361\222\321\347\034c\014\263\2151\3154\306\230"
 1005      D1E71C63 
 1005      0CB38D31 
 1005      CD34C698 
 1006 0106 608C39DE 		.ascii	"`\2149\336\250\301j\324\304jc5N\0305?3\346\340\2211"
 1006      A8C16AD4 
 1006      C46A6335 
 1006      4E18353F 
 1006      33E6E091 
 1007 011b 27A3C61C 		.ascii	"'\243\306\034\3355\346lH\034>\371+\363\343y\261\321"
 1007      DD35E66C 
 1007      481C3EF9 
 1007      2BF3E379 
 1007      B1D1
 1008 012d 0663EECD 		.ascii	"\006c\356\315\237eSpG\246\340\226O\301uM\301\255\231"
 1008      9F655370 
 1008      47A6E096 
 1008      4FC1754D 
 1008      C1AD99
 1009 0140 823B3E05 		.ascii	"\202;>\005\367\017|\3400\270\031D\237\337_\202>\337"
 1009      F70F7CE0 
 1009      30B81944 
 1009      9FDF5F82 
 1009      3EDF
 1010 0152 29A85741 		.ascii	")\250WA\237o6\367\257\341\365E<\177D\246\236\177\326"
 1010      9F6F36F7 
 1010      AFE1F545 
 1010      3C7F44A6 
 1010      9E7FD6
 1011 0165 C749E33C 		.ascii	"\307I\343<h\352g\003\225v\014\354\277\342\270\011Db"
 1011      68EA6703 
 1011      95760CEC 
 1011      BFE2B809 
 1011      4462
 1012 0177 760F005C 		.ascii	"v\017\000\\\314\302\203B>\242$I\2234)\316C%\205*\324"
 1012      CCC28342 
 1012      3EA22449 
 1012      933429CE 
 1012      4325852A 
ARM GAS  C:\Users\acest\AppData\Local\Temp\ccVwUupn.s 			page 35


 1013 018c A304616E 		.ascii	"\243\004an\352\030\315\261I\251\011\212\255\271\023"
 1013      EA18CDB1 
 1013      49A9098A 
 1013      ADB913
 1014 019b 12158B4D 		.ascii	"\022\025\213M\222BV\217\222\372\024vJ\215q\3119\232"
 1014      9242568F 
 1014      92FA1476 
 1014      4A8D71C9 
 1014      399A
 1015 01ad ECA99915 		.ascii	"\354\251\231\025\262jR\335{I\3519x\014Y\203\340A\327"
 1015      B26A52DD 
 1015      7B49E939 
 1015      780C5983 
 1015      E041D7
 1016 01c0 07B22D11 		.ascii	"\007\262-\021\257BVe\2146\326\306yNK\325)\020\004\305"
 1016      AF425665 
 1016      8C36D6C6 
 1016      794E4BD5 
 1016      291004C5 
 1017 01d4 E34ED234 		.ascii	"\343N\3224-\307f\233\233\320A;\350[\204\330l-\377\232"
 1017      2DC7669B 
 1017      9BD0413B 
 1017      E85B84D8 
 1017      6C2DFF9A 
 1018 01e8 A584AC09 		.ascii	"\245\204\254\011\030\221\352IN\364$'\004\301\342\361"
 1018      1891EA49 
 1018      4EF42427 
 1018      04C1E2F1 
 1019 01f8 2849A904 		.ascii	"(I\251\004\007\341q\273s$\005\223e[\020\334\024\034"
 1019      07E171BB 
 1019      73240593 
 1019      655B10DC 
 1019      141C
 1020 020a 6EEDFAD0 		.ascii	"n\355\372\320l\305\242\330\347&\247\022\342!oI\230K"
 1020      6CC5A2D8 
 1020      E726A712 
 1020      E2216F49 
 1020      984B
 1021 021c 27263F60 		.ascii	"'&?`\305>=\221&@\252\"\271%\372N\010\337?IJ&D\223m\016"
 1021      C53E3D91 
 1021      2640AA22 
 1021      B925FA4E 
 1021      08DF3F49 
 1022 0236 076878B2 		.ascii	"\007hx\262\253\357x>p+$d\225\360Q\222\014\232\004\021"
 1022      ABEF783E 
 1022      702B2464 
 1022      95F05192 
 1022      0C9A0411 
 1023 024a A712875B 		.ascii	"\247\022\207[N\002\242\377c\0070\0160\271\033\243z\341"
 1023      4E02A2FF 
 1023      6307300E 
 1023      30B91BA3 
 1023      7AE1
 1024 025c F7D9AC4B 		.ascii	"\367\331\254K\006\315\020\375n\370d\\3@2r\244\311\215"
 1024      06CD10FD 
 1024      6EF8645C 
 1024      33403272 
ARM GAS  C:\Users\acest\AppData\Local\Temp\ccVwUupn.s 			page 36


 1024      A4C98D
 1025 026f A17B8C4E 		.ascii	"\241{\214N\3301*<\214\200\201L\346\350\036\003\010{"
 1025      D8312A3C 
 1025      8C80814C 
 1025      E6E81E03 
 1025      087B
 1026 0281 8D4BD607 		.ascii	"\215K\326\007\207\245h\017\367\011\003\217D\222p\354"
 1026      87A5680F 
 1026      F709038F 
 1026      449270EC 
 1027 0291 E490084C 		.ascii	"\344\220\010Ln\233#k\372\252,\267p\332\264\206$\230"
 1027      6E9B236B 
 1027      FAAA2CB7 
 1027      70DAB486 
 1027      2498
 1028 02a3 55974380 		.ascii	"U\227C\200\316!\364\347\354Q\313\306\361\036\033\356"
 1028      CE21F4E7 
 1028      EC51CBC6 
 1028      F11E1BEE 
 1029 02b3 44F88ABD 		.ascii	"D\370\212\275\251\257\022\247\306?e\2331\360k0\336\227"
 1029      A9AF12A7 
 1029      C63F659B 
 1029      31F06B30 
 1029      DE97
 1030 02c5 F8D51466 		.ascii	"\370\325\024f\200\204\307$HDS\325\376\225'\225\331\210"
 1030      8084C724 
 1030      484453D5 
 1030      FE952795 
 1030      D988
 1031 02d7 0D6B5A12 		.ascii	"\015kZ\022,\206\003\000\373\331P\016\242\311\307{\254"
 1031      2C860300 
 1031      FBD9500E 
 1031      A2C9C77B 
 1031      AC
 1032 02e8 DDB7F36F 		.ascii	"\335\267\363o\362\274\206:\355\361\203\023\307\232R"
 1032      F2BC863A 
 1032      EDF18313 
 1032      C79A52
 1033 02f7 FAF76A5A 		.ascii	"\372\367jZE\231\246\331\030\003m\000\373\030\276\027"
 1033      4599A6D9 
 1033      18036D00 
 1033      FB18BE17 
 1034 0307 F136542B 		.ascii	"\3616T+\300\227\260\034\016[\350\347R\314\230X\373\320"
 1034      C097B01C 
 1034      0E5BE8E7 
 1034      52CC9858 
 1034      FBD0
 1035 0319 EDF50E16 		.ascii	"\355\365\016\026\326\022\254\250\322\022\313>\305\365"
 1035      D612ACA8 
 1035      D212CB3E 
 1035      C5F5
 1036 0327 6739878D 		.ascii	"g9\207\215\234v\3148\034\311\371\312B\267O\231\323y"
 1036      9C76CC38 
 1036      1CC9F9CA 
 1036      42B74F99 
 1036      D379
 1037 0339 6CFCB09D 		.ascii	"l\374\260\235\347|/\344t\0309\235\230\321\021\311\331"
ARM GAS  C:\Users\acest\AppData\Local\Temp\ccVwUupn.s 			page 37


 1037      E77C2FE4 
 1037      7418399D 
 1037      98D111C9 
 1037      D9
 1038 034a 65A16D12 		.ascii	"e\241m\022\241Gy\326`\250\267/\201eu\353Y\003\313{\016"
 1038      A14779D6 
 1038      60A8B72F 
 1038      816575EB 
 1038      5903CB7B 
 1039 035f D88D6C38 		.ascii	"\330\215l8\006xg\254o\3536\373\274\275\230\376LH?j\244"
 1039      067867AC 
 1039      6FEB36FB 
 1039      BCBD98FE 
 1039      4C483F6A 
 1040 0374 07113C1A 		.ascii	"\007\021<\032I\337f\241gx\362\203\317v\035\244\363\032"
 1040      49DF66A1 
 1040      6778F283 
 1040      CF761DA4 
 1040      F31A
 1041 0386 1AB496CB 		.ascii	"\032\264\226\313U\314\247\031\276\023\272\017\235'\""
 1041      55CCA719 
 1041      BE13BA0F 
 1041      9D2722
 1042 0395 AE7B32BD 		.ascii	"\256{2\275*\021\276\034\032\360\365\320l\274e\345G\231"
 1042      2A11BE1C 
 1042      1AF0F5D0 
 1042      6CBC65E5 
 1042      4799
 1043 03a7 DF4AC6D4 		.ascii	"\337J\306\324\257\317\327\036\214W0kDk/\267\343\243"
 1043      AFCFD71E 
 1043      8C57306B 
 1043      446B2FB7 
 1043      E3A3
 1044 03b9 1E80B36C 		.ascii	"\036\200\263l\030\3470\314\011\337\000\347mt\220\247"
 1044      18E730CC 
 1044      09DF00E7 
 1044      6D7490A7 
 1045 03c9 A5F05727 		.ascii	"\245\360W'\201_\021:\306\3075|t\360\3244\245\335H F"
 1045      815F113A 
 1045      C6C7357C 
 1045      74F0D434 
 1045      A5DD4820 
 1046 03de 005C0064 		.ascii	"\000\\\000d\366\001\234\007\370\216\225\275o\374\233"
 1046      F6019C07 
 1046      F88E95BD 
 1046      6FFC9B
 1047 03ed FB710E8E 		.ascii	"\373q\016\2165v\310p\021\302=]b;\3529\316`\025\325G"
 1047      3576C870 
 1047      11C23D5D 
 1047      623BEA39 
 1047      CE6015D5 
 1048 0402 9CA80F18 		.ascii	"\234\250\017\030\350Z\212\035(\215\033.\034\243\363"
 1048      E85A8A1D 
 1048      288D1B2E 
 1048      1CA3F3
 1049 0411 67CE9F3F 		.ascii	"g\316\237?\237\271\307\307\212\203\355\200&\350\005"
 1049      9FB9C7C7 
ARM GAS  C:\Users\acest\AppData\Local\Temp\ccVwUupn.s 			page 38


 1049      8A83ED80 
 1049      26E805
 1050 0420 B8164961 		.ascii	"\270\026Ia\277^\340\"XI\271\246\265\313\004\256\000"
 1050      BF5EE022 
 1050      5849B9A6 
 1050      B5CB04AE 
 1050      00
 1051 0431 5C66F7AE 		.ascii	"\\f\367\256\261\371\201\353\000\375\000W\001\006\330"
 1051      B1F981EB 
 1051      00FD0057 
 1051      0106D8
 1052 0440 5C6150CB 		.ascii	"\\aP\313S\334kv\007\013\352\023\202\234<\207\021\317"
 1052      53DC6B76 
 1052      070BEA13 
 1052      829C3C87 
 1052      11CF
 1053 0452 C2C47F62 		.ascii	"\302\304\177b\210\036\340\310\3630\362}\354h\220\241"
 1053      881EE0C8 
 1053      F330F27D 
 1053      EC6890A1 
 1054 0462 4DAC04E9 		.ascii	"M\254\004\351Fe\3479\353L\363\330\340\006L9:4\334n\353"
 1054      4665E739 
 1054      EB4CF3D8 
 1054      E0064C39 
 1054      3A34DC6E 
 1055 0477 B8649BA1 		.ascii	"\270d\233\241\033\032%\270\011p\006\3404\013\275\005"
 1055      1B1A25B8 
 1055      097006E0 
 1055      340BBD05 
 1056 0487 7C6D1874 		.ascii	"|m\030t\253kw\235\314S\333\377\267\324\027;V\365\312"
 1056      AB6B779D 
 1056      CC53DBFF 
 1056      B7D4173B 
 1056      56F5CA
 1057 049a 91D4DBB1 		.ascii	"\221\324\333\261\251\013\352\353\264\221\343\235\357"
 1057      A90BEAEB 
 1057      B491E39D 
 1057      EF
 1058 04a7 D7018400 		.ascii	"\327\001\204\000N\361\230I\006[E\313\341\246L\367\360"
 1058      4EF19849 
 1058      065B45CB 
 1058      E1A64CF7 
 1058      F0
 1059 04b8 9A2A1FD7 		.ascii	"\232*\037\327\237\266,\270\210KR\333\264b\245\006h\301"
 1059      9FB62CB8 
 1059      884B52DB 
 1059      B462A506 
 1059      68C1
 1060 04ca 45BDC32D 		.ascii	"E\275\303-\223\323p\007\360[\341,\320n\356X\327\372"
 1060      93D37007 
 1060      F05BE12C 
 1060      D06EEE58 
 1060      D7FA
 1061 04dc B056618E 		.ascii	"\260Va\216\263\247\367jl\253 ?,\360\303\214\277\014"
 1061      B3A7F76A 
 1061      6CAB203F 
 1061      2CF0C38C 
ARM GAS  C:\Users\acest\AppData\Local\Temp\ccVwUupn.s 			page 39


 1061      BF0C
 1062 04ee B497F357 		.ascii	"\264\227\363W\372\203\025\3238?\034\346\177\024\370"
 1062      FA8315D3 
 1062      383F1CE6 
 1062      7F14F8
 1063 04fd 1F191F02 		.ascii	"\037\031\037\002:\300\371\301\325O\206\355\234\257Y"
 1063      3AC0F9C1 
 1063      D54F86ED 
 1063      9CAF59
 1064 050c 56D59EC8 		.ascii	"V\325\236\3107\331\210\300\2170~\014\350(\347\203C]"
 1064      37D988C0 
 1064      8F307E0C 
 1064      E828E783 
 1064      435D
 1065 051e DDF1BC82 		.ascii	"\335\361\274\202\206\250\012\356\013\216\373\314\241"
 1065      86A80AEE 
 1065      0B8EFBCC 
 1065      A1
 1066 052b 49B45266 		.ascii	"I\264Rf\216\277?X\366\234\232*\030\023\3701\306\327"
 1066      8EBF3F58 
 1066      F69C9A2A 
 1066      1813F831 
 1066      C6D7
 1067 053d 48B49EF3 		.ascii	"H\264\236\363\333W\254\354\226L\025<\024\370\207\214"
 1067      DB57ACEC 
 1067      964C153C 
 1067      14F8878C 
 1068 054d 6F906813 		.ascii	"o\220h\023\347\333\237\3645M7U\360X\340\0373~\213D\367"
 1068      E7DB9FF4 
 1068      354D3755 
 1068      F058E01F 
 1068      337E8B44 
 1069 0562 70FE4275 		.ascii	"p\376Buu\033\037\317\310\206\250\012\236\012\216\247"
 1069      751B1FCF 
 1069      C886A80A 
 1069      9E0A8EA7 
 1070 0572 CCD122D1 		.ascii	"\314\321\"\321n\356\230\350?\327\3520U0.\360\343\214"
 1070      6EEE98E8 
 1070      3FD7EA30 
 1070      55302EF0 
 1070      E38C
 1071 0584 3F20D15E 		.ascii	"? \321^\316\337X\365\3036\207\251\202\027\002\377\202"
 1071      CEDF58F5 
 1071      C33687A9 
 1071      821702FF 
 1071      82
 1072 0595 F141890E 		.ascii	"\361A\211\016p\276\366\363'\247$S\005\370\213\033\305"
 1072      70BEF6F3 
 1072      27A72453 
 1072      05F88B1B 
 1072      C5
 1073 05a6 6B12F2BD 		.ascii	"k\022\362\275\022\035\345\374\362\326\262\335z\005\233"
 1073      121DE5FC 
 1073      F2D6B2DD 
 1073      7A059B
 1074 05b5 A22A2813 		.ascii	"\242*(\023\034e\314q\015\327\300\302\034\233\357/k\265"
 1074      1C65CC71 
ARM GAS  C:\Users\acest\AppData\Local\Temp\ccVwUupn.s 			page 40


 1074      0DD7C0C2 
 1074      1C9BEF2F 
 1074      6BB5
 1075 05c7 9A2A2817 		.ascii	"\232*(\027\370r\306\017\343\032p~\373\304g\353\314\273"
 1075      F872C60F 
 1075      E31A707E 
 1075      FBC467EB 
 1075      CCBB
 1076 05d9 A852E02B 		.ascii	"\250R\340+\031\377\030\327\200\363\025\353\032\316\232"
 1076      19FF18D7 
 1076      80F315EB 
 1076      1ACE9A
 1077 05e8 7751B5C0 		.ascii	"wQ\265\300W3\276\234\322=\234\357Y}\267?\216W\360ET"
 1077      5733BE9C 
 1077      D23D9CEF 
 1077      597DB73F 
 1077      8E57F045 
 1078 05fd 052B04C7 		.ascii	"\005+\004\307\012\346\250\243\264\233;Z\016\257\372"
 1078      0AE6A8A3 
 1078      B49B3B5A 
 1078      0EAFFA
 1079 060c BDA9801A 		.ascii	"\275\251\200\032\001\257a\370FJ{9>\324u\375\234\335"
 1079      01AF61F8 
 1079      464A7B39 
 1079      3ED475FD 
 1079      9CDD
 1080 061e 54C04A81 		.ascii	"T\300J\201_\311\370fJ\0078\377\344\344\252\236i\246"
 1080      5FC9F866 
 1080      4A0738FF 
 1080      E4E4AA9E 
 1080      69A6
 1081 0630 02EA04BE 		.ascii	"\002\352\004\276\216\361_R:\312\371\252]\025-|\311F"
 1081      8EF15F52 
 1081      3ACAF9AA 
 1081      5D152D7C 
 1081      C946
 1082 0642 764615B0 		.ascii	"vF\025\260Zp\254f\216vJ+\343\370\253\377\342\3305\363"
 1082      5A70AC66 
 1082      8E764A2B 
 1082      E3F8ABFF 
 1082      E2D835F3 
 1083 0656 12D40B7C 		.ascii	"\022\324\013|=\343OQZ\317\371\262\326M+\250\251\202"
 1083      3DE34F51 
 1083      5ACFF9B2 
 1083      D64D2BA8 
 1083      A982
 1084 0668 B502BF96 		.ascii	"\265\002\277\226\361\027)m\342\374\320\231\306\335\346"
 1084      F117296D 
 1084      E2FCD099 
 1084      C6DDE6
 1085 0677 0A1A04BE 		.ascii	"\012\032\004\276\201\3617p\0118\377\351\267\247\036"
 1085      81F13770 
 1085      0938FFE9 
 1085      B7A71E
 1086 0686 717E6457 		.ascii	"q~dWT\005\353\005\307z\346\030\301%\340\216\232\013"
 1086      5405EB05 
 1086      C77AE618 
ARM GAS  C:\Users\acest\AppData\Local\Temp\ccVwUupn.s 			page 41


 1086      C125E08E 
 1086      9A0B
 1087 0698 7BDACCAF 		.ascii	"{\332\314\257\301F\201\337\310\370q\\\003\275\342;\225"
 1087      C14681DF 
 1087      C8F8715C 
 1087      03BDE23B 
 1087      95
 1088 06a9 97CC156C 		.ascii	"\227\314\025l\022\370M\214\257\226\351\000\347\017\234"
 1088      12F84D8C 
 1088      AF96E900 
 1088      E70F9C
 1089 06b8 1B3A6F7E 		.ascii	"\033:o~\015\032\005\276\221\361\3652\035\345\374\326"
 1089      0D1A05BE 
 1089      91F1F532 
 1089      1DE5FCD6 
 1090 06c8 5B2FFEC9 		.ascii	"[/\376\311\3073\262/\252\202\315\202c3s4\312\264\322"
 1090      C733B22F 
 1090      AA82CD82 
 1090      63337334 
 1090      CAB4D2
 1091 06db CA1CE3F7 		.ascii	"\312\034\343\367\232o\305\233*\330\"\360[\030\277S\246"
 1091      9A6FC59B 
 1091      2AD822F0 
 1091      5B18BF53 
 1091      A6
 1092 06ec F59C3F54 		.ascii	"\365\234?T^?a\376*\332*\360[\031\277W\246M\234\377\342"
 1092      5E3F61FE 
 1092      2ADA2AF0 
 1092      5B19BF57 
 1092      A64D9CFF 
 1093 0701 E8FD4EF3 		.ascii	"\350\375N\363WQ\263\30073\276KF\366\2735\025\317-\221"
 1093      5751B3C0 
 1093      3733BE4B 
 1093      46F6BB35 
 1093      15CF2D91 
 1094 0715 DFF6DB11 		.ascii	"\337\366\333\021\006\377\300\342\357\310\331\346q9\002"
 1094      06FFC0E2 
 1094      EFC8D9E6 
 1094      713902
 1095 0724 8422C00E 		.ascii	"\204\"\300\016\035xz\240/\205?o\237\342\217\003B]Y\304"
 1095      1D787AA0 
 1095      2F853F6F 
 1095      9FE28F03 
 1095      425D59C4 
 1096 0738 9EE72FFC 		.ascii	"\236\347/\374S\266\367\365B\242\344\373\374\001\357"
 1096      53B6F7F5 
 1096      42A2E4FB 
 1096      FC01EF
 1097 0747 D2D70B33 		.ascii	"\322\327\0133\210\242\252\371\305\245jAQA@\376\2637"
 1097      88A2AAF9 
 1097      C5A56A41 
 1097      514140FE 
 1097      B337
 1098 0759 EF93DFA5 		.ascii	"\357\223\337\245\2459\243\377\347..\370C\301o\003\245"
 1098      A539A3FF 
 1098      E72E2EF8 
 1098      43C16F03 
ARM GAS  C:\Users\acest\AppData\Local\Temp\ccVwUupn.s 			page 42


 1098      A5
 1099 076a 9E029F33 		.ascii	"\236\002\2373\237]\373J\334.\227\313\351+q\346\373\012"
 1099      9F5DFB4A 
 1099      DC2E97CB 
 1099      E92B71E6 
 1099      FB0A
 1100 077c 0B7D45CE 		.ascii	"\013}E\316\222@\236?PZ\354|\363\303ws\337]\312\356\026"
 1100      92409E3F 
 1100      505AEC7C 
 1100      F3C37773 
 1100      DF5DCAEE 
 1101 0791 172CF1FA 		.ascii	"\027,\361\372K\234o\347\346:\363\375\001WZ\276\355\355"
 1101      4B9C6FE7 
 1101      E63AF3FD 
 1101      01575ABE 
 1101      EDED
 1102 07a3 F71626E7 		.ascii	"\367\026&\347\272\262I\242\336N\313\314\367\276\221"
 1102      BAB249A2 
 1102      DE4ECBCC 
 1102      F7BE91
 1103 07b2 FD714626 		.ascii	"\375qF&y-\367W\213\026\226 \275(/\337[\022X\364ko\311"
 1103      792DF757 
 1103      8B169620 
 1103      BD282FDF 
 1103      5B1258F4 
 1104 07c9 27015FF1 		.ascii	"'\001_\361\242\017\323"
 1104      A20FD3
 1105 07d0 DE4CCB4D 		.ascii	"\336L\313M\373\315\"?\336V\213\375\276?z\363\003d\341"
 1105      FBCD223F 
 1105      DE568BFD 
 1105      BE3F7AF3 
 1105      0364E1
 1106 07e3 FF636CC4 		.ascii	"\377cl\304\241\252\336<\377\222\277\3609\210W\325%y"
 1106      A1AADE3C 
 1106      FF92BFF0 
 1106      398857D5 
 1106      2579
 1107 07f5 012FBF9E 		.ascii	"\001/\277\236\256\252\036\357\307y\245K\002\252wiA\300"
 1107      AEAA1EEF 
 1107      C779A54B 
 1107      02AA7769 
 1107      41C0
 1108 0807 56E4F37B 		.ascii	"V\344\363{\003\245\376\242D\225?V\375y\205j\236\337"
 1108      03A5FEA2 
 1108      44953F56 
 1108      FD79856A 
 1108      9EDF
 1109 0819 9B57620F 		.ascii	"\233Wb\017_)\371K0\213_\333J\013\212\002\351n5`\347"
 1109      5F29F94B 
 1109      308B5FDB 
 1109      4A0B8A02 
 1109      E96E3560 
 1110 082e 30BB359D 		.ascii	"0\2735\235_\341\304\353MG\221O\015?K`\031\341\226\032"
 1110      5FE1C4EB 
 1110      4D47914F 
 1110      0D3F4B60 
 1110      19E1961A 
ARM GAS  C:\Users\acest\AppData\Local\Temp\ccVwUupn.s 			page 43


 1111 0842 98A1B2FC 		.ascii	"\230\241\262\3747\324\210E\235\026}K\235n\264\364\036"
 1111      37D48845 
 1111      9D167D4B 
 1111      9D6EB4F4 
 1111      1E
 1112 0853 D504A359 		.ascii	"\325\004\243Y\344\323\037\353~W\254\337%\370]\242\337"
 1112      E4D31FEB 
 1112      7E57ACDF 
 1112      25F85DA2 
 1112      DF
 1113 0864 65F2BB63 		.ascii	"e\362\273c\375n\301\357\026\375n\223?=\326\237.\370"
 1113      FD6EC1EF 
 1113      16FD6E93 
 1113      3F3DD69F 
 1113      2EF8
 1114 0876 D3457FBA 		.ascii	"\323E\177\272\311\237\021\353\317\020\374\031\242?\303"
 1114      C99F11EB 
 1114      CF10FC19 
 1114      A23FC3
 1115 0885 E4CF8CF5 		.ascii	"\344\317\214\365g\012\376L\321\237i\362g\305\372\263"
 1115      670AFE4C 
 1115      D19F69F2 
 1115      67C5FAB3 
 1116 0895 047F96E8 		.ascii	"\004\177\226\350\3172\371\263c\375\331\202?[\364g\207"
 1116      CF32F9B3 
 1116      63FDD982 
 1116      3F5BF467 
 1116      87
 1117 08a6 FDFF05EF 		.ascii	"\375\377\005\357\025a4"
 1117      156134
 1118              		.text
 1119              		.section	.gnu.lto_.symtab.b3bf8061,"e",%progbits
 1120 0000 5F5F6370 		.ascii	"__cpu_init\000"
 1120      755F696E 
 1120      697400
 1121 000b 00       		.ascii	"\000"
 1122 000c 01       		.ascii	"\001"
 1123 000d 00       		.ascii	"\000"
 1124 000e 00000000 		.ascii	"\000\000\000\000\000\000\000\000"
 1124      00000000 
 1125 0016 BE000000 		.ascii	"\276\000\000\000"
 1126 001a 5F5F6561 		.ascii	"__early_init\000"
 1126      726C795F 
 1126      696E6974 
 1126      00
 1127 0027 00       		.ascii	"\000"
 1128 0028 01       		.ascii	"\001"
 1129 0029 00       		.ascii	"\000"
 1130 002a 00000000 		.ascii	"\000\000\000\000\000\000\000\000"
 1130      00000000 
 1131 0032 C1000000 		.ascii	"\301\000\000\000"
 1132 0036 5F5F6C61 		.ascii	"__late_init\000"
 1132      74655F69 
 1132      6E697400 
 1133 0042 00       		.ascii	"\000"
 1134 0043 01       		.ascii	"\001"
 1135 0044 00       		.ascii	"\000"
ARM GAS  C:\Users\acest\AppData\Local\Temp\ccVwUupn.s 			page 44


 1136 0045 00000000 		.ascii	"\000\000\000\000\000\000\000\000"
 1136      00000000 
 1137 004d C4000000 		.ascii	"\304\000\000\000"
 1138 0051 5F5F6465 		.ascii	"__default_exit\000"
 1138      6661756C 
 1138      745F6578 
 1138      697400
 1139 0060 00       		.ascii	"\000"
 1140 0061 01       		.ascii	"\001"
 1141 0062 00       		.ascii	"\000"
 1142 0063 00000000 		.ascii	"\000\000\000\000\000\000\000\000"
 1142      00000000 
 1143 006b C9000000 		.ascii	"\311\000\000\000"
 1144 006f 5F5F696E 		.ascii	"__init_ram_areas\000"
 1144      69745F72 
 1144      616D5F61 
 1144      72656173 
 1144      00
 1145 0080 00       		.ascii	"\000"
 1146 0081 00       		.ascii	"\000"
 1147 0082 00       		.ascii	"\000"
 1148 0083 00000000 		.ascii	"\000\000\000\000\000\000\000\000"
 1148      00000000 
 1149 008b CB000000 		.ascii	"\313\000\000\000"
 1150 008f 5F5F7261 		.ascii	"__ram0_init_text__\000"
 1150      6D305F69 
 1150      6E69745F 
 1150      74657874 
 1150      5F5F00
 1151 00a2 00       		.ascii	"\000"
 1152 00a3 02       		.ascii	"\002"
 1153 00a4 00       		.ascii	"\000"
 1154 00a5 00000000 		.ascii	"\000\000\000\000\000\000\000\000"
 1154      00000000 
 1155 00ad EB000000 		.ascii	"\353\000\000\000"
 1156 00b1 5F5F7261 		.ascii	"__ram0_init__\000"
 1156      6D305F69 
 1156      6E69745F 
 1156      5F00
 1157 00bf 00       		.ascii	"\000"
 1158 00c0 02       		.ascii	"\002"
 1159 00c1 00       		.ascii	"\000"
 1160 00c2 00000000 		.ascii	"\000\000\000\000\000\000\000\000"
 1160      00000000 
 1161 00ca ED000000 		.ascii	"\355\000\000\000"
 1162 00ce 5F5F7261 		.ascii	"__ram0_clear__\000"
 1162      6D305F63 
 1162      6C656172 
 1162      5F5F00
 1163 00dd 00       		.ascii	"\000"
 1164 00de 02       		.ascii	"\002"
 1165 00df 00       		.ascii	"\000"
 1166 00e0 00000000 		.ascii	"\000\000\000\000\000\000\000\000"
 1166      00000000 
 1167 00e8 EF000000 		.ascii	"\357\000\000\000"
 1168 00ec 5F5F7261 		.ascii	"__ram0_noinit__\000"
 1168      6D305F6E 
ARM GAS  C:\Users\acest\AppData\Local\Temp\ccVwUupn.s 			page 45


 1168      6F696E69 
 1168      745F5F00 
 1169 00fc 00       		.ascii	"\000"
 1170 00fd 02       		.ascii	"\002"
 1171 00fe 00       		.ascii	"\000"
 1172 00ff 00000000 		.ascii	"\000\000\000\000\000\000\000\000"
 1172      00000000 
 1173 0107 F1000000 		.ascii	"\361\000\000\000"
 1174 010b 5F5F7261 		.ascii	"__ram1_init_text__\000"
 1174      6D315F69 
 1174      6E69745F 
 1174      74657874 
 1174      5F5F00
 1175 011e 00       		.ascii	"\000"
 1176 011f 02       		.ascii	"\002"
 1177 0120 00       		.ascii	"\000"
 1178 0121 00000000 		.ascii	"\000\000\000\000\000\000\000\000"
 1178      00000000 
 1179 0129 F3000000 		.ascii	"\363\000\000\000"
 1180 012d 5F5F7261 		.ascii	"__ram1_init__\000"
 1180      6D315F69 
 1180      6E69745F 
 1180      5F00
 1181 013b 00       		.ascii	"\000"
 1182 013c 02       		.ascii	"\002"
 1183 013d 00       		.ascii	"\000"
 1184 013e 00000000 		.ascii	"\000\000\000\000\000\000\000\000"
 1184      00000000 
 1185 0146 F5000000 		.ascii	"\365\000\000\000"
 1186 014a 5F5F7261 		.ascii	"__ram1_clear__\000"
 1186      6D315F63 
 1186      6C656172 
 1186      5F5F00
 1187 0159 00       		.ascii	"\000"
 1188 015a 02       		.ascii	"\002"
 1189 015b 00       		.ascii	"\000"
 1190 015c 00000000 		.ascii	"\000\000\000\000\000\000\000\000"
 1190      00000000 
 1191 0164 F7000000 		.ascii	"\367\000\000\000"
 1192 0168 5F5F7261 		.ascii	"__ram1_noinit__\000"
 1192      6D315F6E 
 1192      6F696E69 
 1192      745F5F00 
 1193 0178 00       		.ascii	"\000"
 1194 0179 02       		.ascii	"\002"
 1195 017a 00       		.ascii	"\000"
 1196 017b 00000000 		.ascii	"\000\000\000\000\000\000\000\000"
 1196      00000000 
 1197 0183 F9000000 		.ascii	"\371\000\000\000"
 1198 0187 5F5F7261 		.ascii	"__ram2_init_text__\000"
 1198      6D325F69 
 1198      6E69745F 
 1198      74657874 
 1198      5F5F00
 1199 019a 00       		.ascii	"\000"
 1200 019b 02       		.ascii	"\002"
 1201 019c 00       		.ascii	"\000"
ARM GAS  C:\Users\acest\AppData\Local\Temp\ccVwUupn.s 			page 46


 1202 019d 00000000 		.ascii	"\000\000\000\000\000\000\000\000"
 1202      00000000 
 1203 01a5 FB000000 		.ascii	"\373\000\000\000"
 1204 01a9 5F5F7261 		.ascii	"__ram2_init__\000"
 1204      6D325F69 
 1204      6E69745F 
 1204      5F00
 1205 01b7 00       		.ascii	"\000"
 1206 01b8 02       		.ascii	"\002"
 1207 01b9 00       		.ascii	"\000"
 1208 01ba 00000000 		.ascii	"\000\000\000\000\000\000\000\000"
 1208      00000000 
 1209 01c2 FD000000 		.ascii	"\375\000\000\000"
 1210 01c6 5F5F7261 		.ascii	"__ram2_clear__\000"
 1210      6D325F63 
 1210      6C656172 
 1210      5F5F00
 1211 01d5 00       		.ascii	"\000"
 1212 01d6 02       		.ascii	"\002"
 1213 01d7 00       		.ascii	"\000"
 1214 01d8 00000000 		.ascii	"\000\000\000\000\000\000\000\000"
 1214      00000000 
 1215 01e0 FF000000 		.ascii	"\377\000\000\000"
 1216 01e4 5F5F7261 		.ascii	"__ram2_noinit__\000"
 1216      6D325F6E 
 1216      6F696E69 
 1216      745F5F00 
 1217 01f4 00       		.ascii	"\000"
 1218 01f5 02       		.ascii	"\002"
 1219 01f6 00       		.ascii	"\000"
 1220 01f7 00000000 		.ascii	"\000\000\000\000\000\000\000\000"
 1220      00000000 
 1221 01ff 01010000 		.ascii	"\001\001\000\000"
 1222 0203 5F5F7261 		.ascii	"__ram3_init_text__\000"
 1222      6D335F69 
 1222      6E69745F 
 1222      74657874 
 1222      5F5F00
 1223 0216 00       		.ascii	"\000"
 1224 0217 02       		.ascii	"\002"
 1225 0218 00       		.ascii	"\000"
 1226 0219 00000000 		.ascii	"\000\000\000\000\000\000\000\000"
 1226      00000000 
 1227 0221 03010000 		.ascii	"\003\001\000\000"
 1228 0225 5F5F7261 		.ascii	"__ram3_init__\000"
 1228      6D335F69 
 1228      6E69745F 
 1228      5F00
 1229 0233 00       		.ascii	"\000"
 1230 0234 02       		.ascii	"\002"
 1231 0235 00       		.ascii	"\000"
 1232 0236 00000000 		.ascii	"\000\000\000\000\000\000\000\000"
 1232      00000000 
 1233 023e 05010000 		.ascii	"\005\001\000\000"
 1234 0242 5F5F7261 		.ascii	"__ram3_clear__\000"
 1234      6D335F63 
 1234      6C656172 
ARM GAS  C:\Users\acest\AppData\Local\Temp\ccVwUupn.s 			page 47


 1234      5F5F00
 1235 0251 00       		.ascii	"\000"
 1236 0252 02       		.ascii	"\002"
 1237 0253 00       		.ascii	"\000"
 1238 0254 00000000 		.ascii	"\000\000\000\000\000\000\000\000"
 1238      00000000 
 1239 025c 07010000 		.ascii	"\007\001\000\000"
 1240 0260 5F5F7261 		.ascii	"__ram3_noinit__\000"
 1240      6D335F6E 
 1240      6F696E69 
 1240      745F5F00 
 1241 0270 00       		.ascii	"\000"
 1242 0271 02       		.ascii	"\002"
 1243 0272 00       		.ascii	"\000"
 1244 0273 00000000 		.ascii	"\000\000\000\000\000\000\000\000"
 1244      00000000 
 1245 027b 09010000 		.ascii	"\011\001\000\000"
 1246 027f 5F5F7261 		.ascii	"__ram4_init_text__\000"
 1246      6D345F69 
 1246      6E69745F 
 1246      74657874 
 1246      5F5F00
 1247 0292 00       		.ascii	"\000"
 1248 0293 02       		.ascii	"\002"
 1249 0294 00       		.ascii	"\000"
 1250 0295 00000000 		.ascii	"\000\000\000\000\000\000\000\000"
 1250      00000000 
 1251 029d 0B010000 		.ascii	"\013\001\000\000"
 1252 02a1 5F5F7261 		.ascii	"__ram4_init__\000"
 1252      6D345F69 
 1252      6E69745F 
 1252      5F00
 1253 02af 00       		.ascii	"\000"
 1254 02b0 02       		.ascii	"\002"
 1255 02b1 00       		.ascii	"\000"
 1256 02b2 00000000 		.ascii	"\000\000\000\000\000\000\000\000"
 1256      00000000 
 1257 02ba 0D010000 		.ascii	"\015\001\000\000"
 1258 02be 5F5F7261 		.ascii	"__ram4_clear__\000"
 1258      6D345F63 
 1258      6C656172 
 1258      5F5F00
 1259 02cd 00       		.ascii	"\000"
 1260 02ce 02       		.ascii	"\002"
 1261 02cf 00       		.ascii	"\000"
 1262 02d0 00000000 		.ascii	"\000\000\000\000\000\000\000\000"
 1262      00000000 
 1263 02d8 0F010000 		.ascii	"\017\001\000\000"
 1264 02dc 5F5F7261 		.ascii	"__ram4_noinit__\000"
 1264      6D345F6E 
 1264      6F696E69 
 1264      745F5F00 
 1265 02ec 00       		.ascii	"\000"
 1266 02ed 02       		.ascii	"\002"
 1267 02ee 00       		.ascii	"\000"
 1268 02ef 00000000 		.ascii	"\000\000\000\000\000\000\000\000"
 1268      00000000 
ARM GAS  C:\Users\acest\AppData\Local\Temp\ccVwUupn.s 			page 48


 1269 02f7 11010000 		.ascii	"\021\001\000\000"
 1270 02fb 5F5F7261 		.ascii	"__ram5_init_text__\000"
 1270      6D355F69 
 1270      6E69745F 
 1270      74657874 
 1270      5F5F00
 1271 030e 00       		.ascii	"\000"
 1272 030f 02       		.ascii	"\002"
 1273 0310 00       		.ascii	"\000"
 1274 0311 00000000 		.ascii	"\000\000\000\000\000\000\000\000"
 1274      00000000 
 1275 0319 13010000 		.ascii	"\023\001\000\000"
 1276 031d 5F5F7261 		.ascii	"__ram5_init__\000"
 1276      6D355F69 
 1276      6E69745F 
 1276      5F00
 1277 032b 00       		.ascii	"\000"
 1278 032c 02       		.ascii	"\002"
 1279 032d 00       		.ascii	"\000"
 1280 032e 00000000 		.ascii	"\000\000\000\000\000\000\000\000"
 1280      00000000 
 1281 0336 15010000 		.ascii	"\025\001\000\000"
 1282 033a 5F5F7261 		.ascii	"__ram5_clear__\000"
 1282      6D355F63 
 1282      6C656172 
 1282      5F5F00
 1283 0349 00       		.ascii	"\000"
 1284 034a 02       		.ascii	"\002"
 1285 034b 00       		.ascii	"\000"
 1286 034c 00000000 		.ascii	"\000\000\000\000\000\000\000\000"
 1286      00000000 
 1287 0354 17010000 		.ascii	"\027\001\000\000"
 1288 0358 5F5F7261 		.ascii	"__ram5_noinit__\000"
 1288      6D355F6E 
 1288      6F696E69 
 1288      745F5F00 
 1289 0368 00       		.ascii	"\000"
 1290 0369 02       		.ascii	"\002"
 1291 036a 00       		.ascii	"\000"
 1292 036b 00000000 		.ascii	"\000\000\000\000\000\000\000\000"
 1292      00000000 
 1293 0373 19010000 		.ascii	"\031\001\000\000"
 1294 0377 5F5F7261 		.ascii	"__ram6_init_text__\000"
 1294      6D365F69 
 1294      6E69745F 
 1294      74657874 
 1294      5F5F00
 1295 038a 00       		.ascii	"\000"
 1296 038b 02       		.ascii	"\002"
 1297 038c 00       		.ascii	"\000"
 1298 038d 00000000 		.ascii	"\000\000\000\000\000\000\000\000"
 1298      00000000 
 1299 0395 1B010000 		.ascii	"\033\001\000\000"
 1300 0399 5F5F7261 		.ascii	"__ram6_init__\000"
 1300      6D365F69 
 1300      6E69745F 
 1300      5F00
ARM GAS  C:\Users\acest\AppData\Local\Temp\ccVwUupn.s 			page 49


 1301 03a7 00       		.ascii	"\000"
 1302 03a8 02       		.ascii	"\002"
 1303 03a9 00       		.ascii	"\000"
 1304 03aa 00000000 		.ascii	"\000\000\000\000\000\000\000\000"
 1304      00000000 
 1305 03b2 1D010000 		.ascii	"\035\001\000\000"
 1306 03b6 5F5F7261 		.ascii	"__ram6_clear__\000"
 1306      6D365F63 
 1306      6C656172 
 1306      5F5F00
 1307 03c5 00       		.ascii	"\000"
 1308 03c6 02       		.ascii	"\002"
 1309 03c7 00       		.ascii	"\000"
 1310 03c8 00000000 		.ascii	"\000\000\000\000\000\000\000\000"
 1310      00000000 
 1311 03d0 1F010000 		.ascii	"\037\001\000\000"
 1312 03d4 5F5F7261 		.ascii	"__ram6_noinit__\000"
 1312      6D365F6E 
 1312      6F696E69 
 1312      745F5F00 
 1313 03e4 00       		.ascii	"\000"
 1314 03e5 02       		.ascii	"\002"
 1315 03e6 00       		.ascii	"\000"
 1316 03e7 00000000 		.ascii	"\000\000\000\000\000\000\000\000"
 1316      00000000 
 1317 03ef 21010000 		.ascii	"!\001\000\000"
 1318 03f3 5F5F7261 		.ascii	"__ram7_init_text__\000"
 1318      6D375F69 
 1318      6E69745F 
 1318      74657874 
 1318      5F5F00
 1319 0406 00       		.ascii	"\000"
 1320 0407 02       		.ascii	"\002"
 1321 0408 00       		.ascii	"\000"
 1322 0409 00000000 		.ascii	"\000\000\000\000\000\000\000\000"
 1322      00000000 
 1323 0411 23010000 		.ascii	"#\001\000\000"
 1324 0415 5F5F7261 		.ascii	"__ram7_init__\000"
 1324      6D375F69 
 1324      6E69745F 
 1324      5F00
 1325 0423 00       		.ascii	"\000"
 1326 0424 02       		.ascii	"\002"
 1327 0425 00       		.ascii	"\000"
 1328 0426 00000000 		.ascii	"\000\000\000\000\000\000\000\000"
 1328      00000000 
 1329 042e 25010000 		.ascii	"%\001\000\000"
 1330 0432 5F5F7261 		.ascii	"__ram7_clear__\000"
 1330      6D375F63 
 1330      6C656172 
 1330      5F5F00
 1331 0441 00       		.ascii	"\000"
 1332 0442 02       		.ascii	"\002"
 1333 0443 00       		.ascii	"\000"
 1334 0444 00000000 		.ascii	"\000\000\000\000\000\000\000\000"
 1334      00000000 
 1335 044c 27010000 		.ascii	"'\001\000\000"
ARM GAS  C:\Users\acest\AppData\Local\Temp\ccVwUupn.s 			page 50


 1336 0450 5F5F7261 		.ascii	"__ram7_noinit__\000"
 1336      6D375F6E 
 1336      6F696E69 
 1336      745F5F00 
 1337 0460 00       		.ascii	"\000"
 1338 0461 02       		.ascii	"\002"
 1339 0462 00       		.ascii	"\000"
 1340 0463 00000000 		.ascii	"\000\000\000\000\000\000\000\000"
 1340      00000000 
 1341 046b 29010000 		.ascii	")\001\000\000"
 1342              		.text
 1343              		.section	.gnu.lto_.ext_symtab.b3bf8061,"e",%progbits
 1344 0000 01       		.ascii	"\001"
 1345 0001 01       		.ascii	"\001"
 1346 0002 00       		.ascii	"\000"
 1347 0003 01       		.ascii	"\001"
 1348 0004 00       		.ascii	"\000"
 1349 0005 01       		.ascii	"\001"
 1350 0006 00       		.ascii	"\000"
 1351 0007 01       		.ascii	"\001"
 1352 0008 00       		.ascii	"\000"
 1353 0009 01       		.ascii	"\001"
 1354 000a 00       		.ascii	"\000"
 1355 000b 02       		.ascii	"\002"
 1356 000c 01       		.ascii	"\001"
 1357 000d 02       		.ascii	"\002"
 1358 000e 01       		.ascii	"\001"
 1359 000f 02       		.ascii	"\002"
 1360 0010 01       		.ascii	"\001"
 1361 0011 02       		.ascii	"\002"
 1362 0012 01       		.ascii	"\001"
 1363 0013 02       		.ascii	"\002"
 1364 0014 01       		.ascii	"\001"
 1365 0015 02       		.ascii	"\002"
 1366 0016 01       		.ascii	"\001"
 1367 0017 02       		.ascii	"\002"
 1368 0018 01       		.ascii	"\001"
 1369 0019 02       		.ascii	"\002"
 1370 001a 01       		.ascii	"\001"
 1371 001b 02       		.ascii	"\002"
 1372 001c 01       		.ascii	"\001"
 1373 001d 02       		.ascii	"\002"
 1374 001e 01       		.ascii	"\001"
 1375 001f 02       		.ascii	"\002"
 1376 0020 01       		.ascii	"\001"
 1377 0021 02       		.ascii	"\002"
 1378 0022 01       		.ascii	"\001"
 1379 0023 02       		.ascii	"\002"
 1380 0024 01       		.ascii	"\001"
 1381 0025 02       		.ascii	"\002"
 1382 0026 01       		.ascii	"\001"
 1383 0027 02       		.ascii	"\002"
 1384 0028 01       		.ascii	"\001"
 1385 0029 02       		.ascii	"\002"
 1386 002a 01       		.ascii	"\001"
 1387 002b 02       		.ascii	"\002"
 1388 002c 01       		.ascii	"\001"
ARM GAS  C:\Users\acest\AppData\Local\Temp\ccVwUupn.s 			page 51


 1389 002d 02       		.ascii	"\002"
 1390 002e 01       		.ascii	"\001"
 1391 002f 02       		.ascii	"\002"
 1392 0030 01       		.ascii	"\001"
 1393 0031 02       		.ascii	"\002"
 1394 0032 01       		.ascii	"\001"
 1395 0033 02       		.ascii	"\002"
 1396 0034 01       		.ascii	"\001"
 1397 0035 02       		.ascii	"\002"
 1398 0036 01       		.ascii	"\001"
 1399 0037 02       		.ascii	"\002"
 1400 0038 01       		.ascii	"\001"
 1401 0039 02       		.ascii	"\002"
 1402 003a 01       		.ascii	"\001"
 1403 003b 02       		.ascii	"\002"
 1404 003c 01       		.ascii	"\001"
 1405 003d 02       		.ascii	"\002"
 1406 003e 01       		.ascii	"\001"
 1407 003f 02       		.ascii	"\002"
 1408 0040 01       		.ascii	"\001"
 1409 0041 02       		.ascii	"\002"
 1410 0042 01       		.ascii	"\001"
 1411 0043 02       		.ascii	"\002"
 1412 0044 01       		.ascii	"\001"
 1413 0045 02       		.ascii	"\002"
 1414 0046 01       		.ascii	"\001"
 1415 0047 02       		.ascii	"\002"
 1416 0048 01       		.ascii	"\001"
 1417 0049 02       		.ascii	"\002"
 1418 004a 01       		.ascii	"\001"
 1419              		.text
 1420              		.section	.gnu.lto_.opts,"e",%progbits
 1421 0000 272D666E 		.ascii	"'-fno-openmp' '-fno-openacc' '-fno-pie' '-fcf-prote"
 1421      6F2D6F70 
 1421      656E6D70 
 1421      2720272D 
 1421      666E6F2D 
 1422 0033 6374696F 		.ascii	"ction=none' '-g' '-mcpu=cortex-m4' '-mthumb' '-mflo"
 1422      6E3D6E6F 
 1422      6E652720 
 1422      272D6727 
 1422      20272D6D 
 1423 0066 61742D61 		.ascii	"at-abi=soft' '-mlibarch=armv7e-m' '-march=armv7e-m'"
 1423      62693D73 
 1423      6F667427 
 1423      20272D6D 
 1423      6C696261 
 1424 0099 20272D4F 		.ascii	" '-O2' '-fomit-frame-pointer' '-falign-functions=16"
 1424      32272027 
 1424      2D666F6D 
 1424      69742D66 
 1424      72616D65 
 1425 00cc 2720272D 		.ascii	"' '-ffunction-sections' '-fdata-sections' '-fno-com"
 1425      6666756E 
 1425      6374696F 
 1425      6E2D7365 
 1425      6374696F 
ARM GAS  C:\Users\acest\AppData\Local\Temp\ccVwUupn.s 			page 52


 1426 00ff 6D6F6E27 		.ascii	"mon' '-flto' '-Xassembler' '-alms=./build/lst/crt1."
 1426      20272D66 
 1426      6C746F27 
 1426      20272D58 
 1426      61737365 
 1427 0132 6C737427 		.ascii	"lst'\000"
 1427      00
 1428              		.text
 1429              		.comm	__gnu_lto_slim,1,1
 1430              		.ident	"GCC: (GNU Arm Embedded Toolchain 10.3-2021.10) 10.3.1 20210824 (release)"
ARM GAS  C:\Users\acest\AppData\Local\Temp\ccVwUupn.s 			page 53


DEFINED SYMBOLS
                            *ABS*:00000000 crt1.c
C:\Users\acest\AppData\Local\Temp\ccVwUupn.s:21     .gnu.debuglto_.debug_info:00000000 crt1.c.5ce07f45
                            *COM*:00000001 __gnu_lto_slim

NO UNDEFINED SYMBOLS
