ARM GAS  C:\Users\acest\AppData\Local\Temp\ccbjvY4c.s 			page 1


   1              		.cpu cortex-m4
   2              		.arch armv7e-m
   3              		.fpu softvfp
   4              		.eabi_attribute 20, 1
   5              		.eabi_attribute 21, 1
   6              		.eabi_attribute 23, 3
   7              		.eabi_attribute 24, 1
   8              		.eabi_attribute 25, 1
   9              		.eabi_attribute 26, 1
  10              		.eabi_attribute 30, 2
  11              		.eabi_attribute 34, 1
  12              		.eabi_attribute 18, 4
  13              		.file	"hal_pal_lld.c"
  14              		.file 1 "c:\\chibistudio\\tools\\gnu tools arm embedded\\10.3 2021.10\\arm-none-eabi\\include\\mac
  15              		.file 2 "c:\\chibistudio\\tools\\gnu tools arm embedded\\10.3 2021.10\\arm-none-eabi\\include\\sys
  16              		.file 3 "c:\\chibistudio\\chibios2111\\os\\rt\\include\\chearly.h"
  17              		.file 4 "c:\\chibistudio\\chibios2111\\os\\rt\\include\\chlists.h"
  18              		.file 5 "c:\\chibistudio\\chibios2111\\os\\common\\ext\\st\\stm32g4xx\\stm32g474xx.h"
  19              		.file 6 "c:\\chibistudio\\chibios2111\\os\\rt\\include\\chobjects.h"
  20              		.file 7 "c:\\chibistudio\\chibios2111\\os\\hal\\include\\hal_pal.h"
  21              		.file 8 "c:\\chibistudio\\chibios2111\\os\\hal\\ports\\stm32\\lld\\gpiov2\\stm32_gpio.h"
  22              		.file 9 "c:\\chibistudio\\chibios2111\\os\\hal\\ports\\stm32\\lld\\gpiov2\\hal_pal_lld.h"
  23              		.file 10 "../../../../../ChibiStudio/chibios2111/os/hal/ports/STM32/LLD/GPIOv2/hal_pal_lld.c"
  24              		.file 11 "c:\\chibistudio\\chibios2111\\os\\hal\\osal\\rt-nil\\osal.h"
  25              		.file 12 "c:\\chibistudio\\chibios2111\\os\\rt\\include\\chthreads.h"
  26              		.section	.gnu.debuglto_.debug_info,"e",%progbits
  27              	.Ldebug_info0:
  28              		.hidden	hal_pal_lld.c.d3314150
  29              		.weak	hal_pal_lld.c.d3314150
  30              	hal_pal_lld.c.d3314150:
  31 0000 9B060000 		.4byte	0x69b
  32 0004 0400     		.2byte	0x4
  33 0006 00000000 		.4byte	.Ldebug_abbrev0
  34 000a 04       		.byte	0x4
  35 000b 01       		.uleb128 0x1
  36 000c 98020000 		.4byte	.LASF89
  37 0010 0C       		.byte	0xc
  38 0011 FD030000 		.4byte	.LASF90
  39 0015 43020000 		.4byte	.LASF91
  40 0019 00000000 		.4byte	.Ldebug_line0
  41 001d 02       		.uleb128 0x2
  42 001e 04       		.byte	0x4
  43 001f 05       		.byte	0x5
  44 0020 696E7400 		.ascii	"int\000"
  45 0024 03       		.uleb128 0x3
  46 0025 04       		.byte	0x4
  47 0026 07       		.byte	0x7
  48 0027 72040000 		.4byte	.LASF0
  49 002b 03       		.uleb128 0x3
  50 002c 08       		.byte	0x8
  51 002d 05       		.byte	0x5
  52 002e 70000000 		.4byte	.LASF1
  53 0032 03       		.uleb128 0x3
  54 0033 08       		.byte	0x8
  55 0034 04       		.byte	0x4
  56 0035 29010000 		.4byte	.LASF2
  57 0039 03       		.uleb128 0x3
ARM GAS  C:\Users\acest\AppData\Local\Temp\ccbjvY4c.s 			page 2


  58 003a 01       		.byte	0x1
  59 003b 06       		.byte	0x6
  60 003c C9010000 		.4byte	.LASF3
  61 0040 03       		.uleb128 0x3
  62 0041 01       		.byte	0x1
  63 0042 08       		.byte	0x8
  64 0043 A7010000 		.4byte	.LASF4
  65 0047 03       		.uleb128 0x3
  66 0048 02       		.byte	0x2
  67 0049 05       		.byte	0x5
  68 004a 46000000 		.4byte	.LASF5
  69 004e 04       		.uleb128 0x4
  70 004f 97000000 		.4byte	.LASF7
  71 0053 01       		.byte	0x1
  72 0054 39       		.byte	0x39
  73 0055 19       		.byte	0x19
  74 0056 5A000000 		.4byte	0x5a
  75 005a 03       		.uleb128 0x3
  76 005b 02       		.byte	0x2
  77 005c 07       		.byte	0x7
  78 005d 1C020000 		.4byte	.LASF6
  79 0061 04       		.uleb128 0x4
  80 0062 A8000000 		.4byte	.LASF8
  81 0066 01       		.byte	0x1
  82 0067 4D       		.byte	0x4d
  83 0068 18       		.byte	0x18
  84 0069 6D000000 		.4byte	0x6d
  85 006d 03       		.uleb128 0x3
  86 006e 04       		.byte	0x4
  87 006f 05       		.byte	0x5
  88 0070 65010000 		.4byte	.LASF9
  89 0074 04       		.uleb128 0x4
  90 0075 7E000000 		.4byte	.LASF10
  91 0079 01       		.byte	0x1
  92 007a 4F       		.byte	0x4f
  93 007b 19       		.byte	0x19
  94 007c 80000000 		.4byte	0x80
  95 0080 03       		.uleb128 0x3
  96 0081 04       		.byte	0x4
  97 0082 07       		.byte	0x7
  98 0083 9D030000 		.4byte	.LASF11
  99 0087 03       		.uleb128 0x3
 100 0088 08       		.byte	0x8
 101 0089 07       		.byte	0x7
 102 008a DC010000 		.4byte	.LASF12
 103 008e 04       		.uleb128 0x4
 104 008f 09020000 		.4byte	.LASF13
 105 0093 02       		.byte	0x2
 106 0094 24       		.byte	0x24
 107 0095 14       		.byte	0x14
 108 0096 4E000000 		.4byte	0x4e
 109 009a 04       		.uleb128 0x4
 110 009b 6F020000 		.4byte	.LASF14
 111 009f 02       		.byte	0x2
 112 00a0 2C       		.byte	0x2c
 113 00a1 13       		.byte	0x13
 114 00a2 61000000 		.4byte	0x61
ARM GAS  C:\Users\acest\AppData\Local\Temp\ccbjvY4c.s 			page 3


 115 00a6 04       		.uleb128 0x4
 116 00a7 F3010000 		.4byte	.LASF15
 117 00ab 02       		.byte	0x2
 118 00ac 30       		.byte	0x30
 119 00ad 14       		.byte	0x14
 120 00ae 74000000 		.4byte	0x74
 121 00b2 05       		.uleb128 0x5
 122 00b3 A6000000 		.4byte	0xa6
 123 00b7 04       		.uleb128 0x4
 124 00b8 B5010000 		.4byte	.LASF16
 125 00bc 03       		.byte	0x3
 126 00bd 58       		.byte	0x58
 127 00be 19       		.byte	0x19
 128 00bf 9A000000 		.4byte	0x9a
 129 00c3 03       		.uleb128 0x3
 130 00c4 01       		.byte	0x1
 131 00c5 08       		.byte	0x8
 132 00c6 3E020000 		.4byte	.LASF17
 133 00ca 06       		.uleb128 0x6
 134 00cb C3000000 		.4byte	0xc3
 135 00cf 04       		.uleb128 0x4
 136 00d0 EC000000 		.4byte	.LASF18
 137 00d4 04       		.byte	0x4
 138 00d5 3F       		.byte	0x3f
 139 00d6 19       		.byte	0x19
 140 00d7 DB000000 		.4byte	0xdb
 141 00db 07       		.uleb128 0x7
 142 00dc 50040000 		.4byte	.LASF41
 143 00e0 08       		.byte	0x8
 144 00e1 04       		.byte	0x4
 145 00e2 45       		.byte	0x45
 146 00e3 08       		.byte	0x8
 147 00e4 03010000 		.4byte	0x103
 148 00e8 08       		.uleb128 0x8
 149 00e9 B0040000 		.4byte	.LASF19
 150 00ed 04       		.byte	0x4
 151 00ee 46       		.byte	0x46
 152 00ef 1A       		.byte	0x1a
 153 00f0 03010000 		.4byte	0x103
 154 00f4 00       		.byte	0
 155 00f5 08       		.uleb128 0x8
 156 00f6 C4010000 		.4byte	.LASF20
 157 00fa 04       		.byte	0x4
 158 00fb 47       		.byte	0x47
 159 00fc 1A       		.byte	0x1a
 160 00fd 03010000 		.4byte	0x103
 161 0101 04       		.byte	0x4
 162 0102 00       		.byte	0
 163 0103 09       		.uleb128 0x9
 164 0104 04       		.byte	0x4
 165 0105 CF000000 		.4byte	0xcf
 166 0109 0A       		.uleb128 0xa
 167 010a 38       		.byte	0x38
 168 010b 05       		.byte	0x5
 169 010c B301     		.2byte	0x1b3
 170 010e 09       		.byte	0x9
 171 010f D8010000 		.4byte	0x1d8
ARM GAS  C:\Users\acest\AppData\Local\Temp\ccbjvY4c.s 			page 4


 172 0113 0B       		.uleb128 0xb
 173 0114 AF030000 		.4byte	.LASF21
 174 0118 05       		.byte	0x5
 175 0119 B501     		.2byte	0x1b5
 176 011b 11       		.byte	0x11
 177 011c B2000000 		.4byte	0xb2
 178 0120 00       		.byte	0
 179 0121 0B       		.uleb128 0xb
 180 0122 77030000 		.4byte	.LASF22
 181 0126 05       		.byte	0x5
 182 0127 B601     		.2byte	0x1b6
 183 0129 11       		.byte	0x11
 184 012a B2000000 		.4byte	0xb2
 185 012e 04       		.byte	0x4
 186 012f 0B       		.uleb128 0xb
 187 0130 26000000 		.4byte	.LASF23
 188 0134 05       		.byte	0x5
 189 0135 B701     		.2byte	0x1b7
 190 0137 11       		.byte	0x11
 191 0138 B2000000 		.4byte	0xb2
 192 013c 08       		.byte	0x8
 193 013d 0B       		.uleb128 0xb
 194 013e F7030000 		.4byte	.LASF24
 195 0142 05       		.byte	0x5
 196 0143 B801     		.2byte	0x1b8
 197 0145 11       		.byte	0x11
 198 0146 B2000000 		.4byte	0xb2
 199 014a 0C       		.byte	0xc
 200 014b 0B       		.uleb128 0xb
 201 014c 06010000 		.4byte	.LASF25
 202 0150 05       		.byte	0x5
 203 0151 B901     		.2byte	0x1b9
 204 0153 11       		.byte	0x11
 205 0154 B2000000 		.4byte	0xb2
 206 0158 10       		.byte	0x10
 207 0159 0C       		.uleb128 0xc
 208 015a 50523100 		.ascii	"PR1\000"
 209 015e 05       		.byte	0x5
 210 015f BA01     		.2byte	0x1ba
 211 0161 11       		.byte	0x11
 212 0162 B2000000 		.4byte	0xb2
 213 0166 14       		.byte	0x14
 214 0167 0B       		.uleb128 0xb
 215 0168 81030000 		.4byte	.LASF26
 216 016c 05       		.byte	0x5
 217 016d BB01     		.2byte	0x1bb
 218 016f 11       		.byte	0x11
 219 0170 A6000000 		.4byte	0xa6
 220 0174 18       		.byte	0x18
 221 0175 0B       		.uleb128 0xb
 222 0176 8B030000 		.4byte	.LASF27
 223 017a 05       		.byte	0x5
 224 017b BC01     		.2byte	0x1bc
 225 017d 11       		.byte	0x11
 226 017e A6000000 		.4byte	0xa6
 227 0182 1C       		.byte	0x1c
 228 0183 0B       		.uleb128 0xb
ARM GAS  C:\Users\acest\AppData\Local\Temp\ccbjvY4c.s 			page 5


 229 0184 B4030000 		.4byte	.LASF28
 230 0188 05       		.byte	0x5
 231 0189 BD01     		.2byte	0x1bd
 232 018b 11       		.byte	0x11
 233 018c B2000000 		.4byte	0xb2
 234 0190 20       		.byte	0x20
 235 0191 0B       		.uleb128 0xb
 236 0192 7C030000 		.4byte	.LASF29
 237 0196 05       		.byte	0x5
 238 0197 BE01     		.2byte	0x1be
 239 0199 11       		.byte	0x11
 240 019a B2000000 		.4byte	0xb2
 241 019e 24       		.byte	0x24
 242 019f 0B       		.uleb128 0xb
 243 01a0 2C000000 		.4byte	.LASF30
 244 01a4 05       		.byte	0x5
 245 01a5 BF01     		.2byte	0x1bf
 246 01a7 11       		.byte	0x11
 247 01a8 B2000000 		.4byte	0xb2
 248 01ac 28       		.byte	0x28
 249 01ad 0B       		.uleb128 0xb
 250 01ae C1000000 		.4byte	.LASF31
 251 01b2 05       		.byte	0x5
 252 01b3 C001     		.2byte	0x1c0
 253 01b5 11       		.byte	0x11
 254 01b6 B2000000 		.4byte	0xb2
 255 01ba 2C       		.byte	0x2c
 256 01bb 0B       		.uleb128 0xb
 257 01bc 0D010000 		.4byte	.LASF32
 258 01c0 05       		.byte	0x5
 259 01c1 C101     		.2byte	0x1c1
 260 01c3 11       		.byte	0x11
 261 01c4 B2000000 		.4byte	0xb2
 262 01c8 30       		.byte	0x30
 263 01c9 0C       		.uleb128 0xc
 264 01ca 50523200 		.ascii	"PR2\000"
 265 01ce 05       		.byte	0x5
 266 01cf C201     		.2byte	0x1c2
 267 01d1 11       		.byte	0x11
 268 01d2 B2000000 		.4byte	0xb2
 269 01d6 34       		.byte	0x34
 270 01d7 00       		.byte	0
 271 01d8 0D       		.uleb128 0xd
 272 01d9 58010000 		.4byte	.LASF33
 273 01dd 05       		.byte	0x5
 274 01de C301     		.2byte	0x1c3
 275 01e0 03       		.byte	0x3
 276 01e1 09010000 		.4byte	0x109
 277 01e5 0A       		.uleb128 0xa
 278 01e6 28       		.byte	0x28
 279 01e7 05       		.byte	0x5
 280 01e8 4F03     		.2byte	0x34f
 281 01ea 09       		.byte	0x9
 282 01eb 52020000 		.4byte	0x252
 283 01ef 0B       		.uleb128 0xb
 284 01f0 43010000 		.4byte	.LASF34
 285 01f4 05       		.byte	0x5
ARM GAS  C:\Users\acest\AppData\Local\Temp\ccbjvY4c.s 			page 6


 286 01f5 5103     		.2byte	0x351
 287 01f7 11       		.byte	0x11
 288 01f8 B2000000 		.4byte	0xb2
 289 01fc 00       		.byte	0
 290 01fd 0B       		.uleb128 0xb
 291 01fe A2000000 		.4byte	.LASF35
 292 0202 05       		.byte	0x5
 293 0203 5203     		.2byte	0x352
 294 0205 11       		.byte	0x11
 295 0206 B2000000 		.4byte	0xb2
 296 020a 04       		.byte	0x4
 297 020b 0B       		.uleb128 0xb
 298 020c D8000000 		.4byte	.LASF36
 299 0210 05       		.byte	0x5
 300 0211 5303     		.2byte	0x353
 301 0213 11       		.byte	0x11
 302 0214 62020000 		.4byte	0x262
 303 0218 08       		.byte	0x8
 304 0219 0B       		.uleb128 0xb
 305 021a 5F040000 		.4byte	.LASF37
 306 021e 05       		.byte	0x5
 307 021f 5403     		.2byte	0x354
 308 0221 11       		.byte	0x11
 309 0222 B2000000 		.4byte	0xb2
 310 0226 18       		.byte	0x18
 311 0227 0B       		.uleb128 0xb
 312 0228 03020000 		.4byte	.LASF38
 313 022c 05       		.byte	0x5
 314 022d 5503     		.2byte	0x355
 315 022f 11       		.byte	0x11
 316 0230 B2000000 		.4byte	0xb2
 317 0234 1C       		.byte	0x1c
 318 0235 0B       		.uleb128 0xb
 319 0236 B9030000 		.4byte	.LASF39
 320 023a 05       		.byte	0x5
 321 023b 5603     		.2byte	0x356
 322 023d 11       		.byte	0x11
 323 023e B2000000 		.4byte	0xb2
 324 0242 20       		.byte	0x20
 325 0243 0C       		.uleb128 0xc
 326 0244 534B5200 		.ascii	"SKR\000"
 327 0248 05       		.byte	0x5
 328 0249 5703     		.2byte	0x357
 329 024b 11       		.byte	0x11
 330 024c B2000000 		.4byte	0xb2
 331 0250 24       		.byte	0x24
 332 0251 00       		.byte	0
 333 0252 0E       		.uleb128 0xe
 334 0253 B2000000 		.4byte	0xb2
 335 0257 62020000 		.4byte	0x262
 336 025b 0F       		.uleb128 0xf
 337 025c 24000000 		.4byte	0x24
 338 0260 03       		.byte	0x3
 339 0261 00       		.byte	0
 340 0262 05       		.uleb128 0x5
 341 0263 52020000 		.4byte	0x252
 342 0267 0D       		.uleb128 0xd
ARM GAS  C:\Users\acest\AppData\Local\Temp\ccbjvY4c.s 			page 7


 343 0268 2F020000 		.4byte	.LASF40
 344 026c 05       		.byte	0x5
 345 026d 5803     		.2byte	0x358
 346 026f 03       		.byte	0x3
 347 0270 E5010000 		.4byte	0x1e5
 348 0274 10       		.uleb128 0x10
 349 0275 04       		.byte	0x4
 350 0276 07       		.uleb128 0x7
 351 0277 C7000000 		.4byte	.LASF42
 352 027b 08       		.byte	0x8
 353 027c 06       		.byte	0x6
 354 027d 8F       		.byte	0x8f
 355 027e 10       		.byte	0x10
 356 027f 91020000 		.4byte	0x291
 357 0283 08       		.uleb128 0x8
 358 0284 96010000 		.4byte	.LASF43
 359 0288 06       		.byte	0x6
 360 0289 93       		.byte	0x93
 361 028a 21       		.byte	0x21
 362 028b CF000000 		.4byte	0xcf
 363 028f 00       		.byte	0
 364 0290 00       		.byte	0
 365 0291 04       		.uleb128 0x4
 366 0292 16000000 		.4byte	.LASF44
 367 0296 06       		.byte	0x6
 368 0297 94       		.byte	0x94
 369 0298 03       		.byte	0x3
 370 0299 76020000 		.4byte	0x276
 371 029d 09       		.uleb128 0x9
 372 029e 04       		.byte	0x4
 373 029f A3020000 		.4byte	0x2a3
 374 02a3 11       		.uleb128 0x11
 375 02a4 AE020000 		.4byte	0x2ae
 376 02a8 12       		.uleb128 0x12
 377 02a9 74020000 		.4byte	0x274
 378 02ad 00       		.byte	0
 379 02ae 03       		.uleb128 0x3
 380 02af 01       		.byte	0x1
 381 02b0 02       		.byte	0x2
 382 02b1 92020000 		.4byte	.LASF45
 383 02b5 04       		.uleb128 0x4
 384 02b6 1B010000 		.4byte	.LASF46
 385 02ba 07       		.byte	0x7
 386 02bb 94       		.byte	0x94
 387 02bc 10       		.byte	0x10
 388 02bd 9D020000 		.4byte	0x29d
 389 02c1 13       		.uleb128 0x13
 390 02c2 10       		.byte	0x10
 391 02c3 07       		.byte	0x7
 392 02c4 9A       		.byte	0x9a
 393 02c5 09       		.byte	0x9
 394 02c6 F1020000 		.4byte	0x2f1
 395 02ca 08       		.uleb128 0x8
 396 02cb 35010000 		.4byte	.LASF47
 397 02cf 07       		.byte	0x7
 398 02d0 9F       		.byte	0x9f
 399 02d1 19       		.byte	0x19
ARM GAS  C:\Users\acest\AppData\Local\Temp\ccbjvY4c.s 			page 8


 400 02d2 91020000 		.4byte	0x291
 401 02d6 00       		.byte	0
 402 02d7 14       		.uleb128 0x14
 403 02d8 636200   		.ascii	"cb\000"
 404 02db 07       		.byte	0x7
 405 02dc A5       		.byte	0xa5
 406 02dd 19       		.byte	0x19
 407 02de B5020000 		.4byte	0x2b5
 408 02e2 08       		.byte	0x8
 409 02e3 14       		.uleb128 0x14
 410 02e4 61726700 		.ascii	"arg\000"
 411 02e8 07       		.byte	0x7
 412 02e9 A9       		.byte	0xa9
 413 02ea 1A       		.byte	0x1a
 414 02eb 74020000 		.4byte	0x274
 415 02ef 0C       		.byte	0xc
 416 02f0 00       		.byte	0
 417 02f1 04       		.uleb128 0x4
 418 02f2 65000000 		.4byte	.LASF48
 419 02f6 07       		.byte	0x7
 420 02f7 AB       		.byte	0xab
 421 02f8 03       		.byte	0x3
 422 02f9 C1020000 		.4byte	0x2c1
 423 02fd 13       		.uleb128 0x13
 424 02fe 04       		.byte	0x4
 425 02ff 08       		.byte	0x8
 426 0300 5B       		.byte	0x5b
 427 0301 05       		.byte	0x5
 428 0302 21030000 		.4byte	0x321
 429 0306 14       		.uleb128 0x14
 430 0307 73657400 		.ascii	"set\000"
 431 030b 08       		.byte	0x8
 432 030c 5C       		.byte	0x5c
 433 030d 19       		.byte	0x19
 434 030e 8E000000 		.4byte	0x8e
 435 0312 00       		.byte	0
 436 0313 08       		.uleb128 0x8
 437 0314 74010000 		.4byte	.LASF49
 438 0318 08       		.byte	0x8
 439 0319 5D       		.byte	0x5d
 440 031a 19       		.byte	0x19
 441 031b 8E000000 		.4byte	0x8e
 442 031f 02       		.byte	0x2
 443 0320 00       		.byte	0
 444 0321 15       		.uleb128 0x15
 445 0322 04       		.byte	0x4
 446 0323 08       		.byte	0x8
 447 0324 59       		.byte	0x59
 448 0325 0C       		.byte	0xc
 449 0326 3F030000 		.4byte	0x33f
 450 032a 16       		.uleb128 0x16
 451 032b 5700     		.ascii	"W\000"
 452 032d 08       		.byte	0x8
 453 032e 5A       		.byte	0x5a
 454 032f 19       		.byte	0x19
 455 0330 A6000000 		.4byte	0xa6
 456 0334 16       		.uleb128 0x16
ARM GAS  C:\Users\acest\AppData\Local\Temp\ccbjvY4c.s 			page 9


 457 0335 4800     		.ascii	"H\000"
 458 0337 08       		.byte	0x8
 459 0338 5E       		.byte	0x5e
 460 0339 07       		.byte	0x7
 461 033a FD020000 		.4byte	0x2fd
 462 033e 00       		.byte	0
 463 033f 05       		.uleb128 0x5
 464 0340 21030000 		.4byte	0x321
 465 0344 13       		.uleb128 0x13
 466 0345 28       		.byte	0x28
 467 0346 08       		.byte	0x8
 468 0347 51       		.byte	0x51
 469 0348 09       		.byte	0x9
 470 0349 D0030000 		.4byte	0x3d0
 471 034d 08       		.uleb128 0x8
 472 034e 6E010000 		.4byte	.LASF50
 473 0352 08       		.byte	0x8
 474 0353 53       		.byte	0x53
 475 0354 19       		.byte	0x19
 476 0355 B2000000 		.4byte	0xb2
 477 0359 00       		.byte	0
 478 035a 08       		.uleb128 0x8
 479 035b 14010000 		.4byte	.LASF51
 480 035f 08       		.byte	0x8
 481 0360 54       		.byte	0x54
 482 0361 19       		.byte	0x19
 483 0362 B2000000 		.4byte	0xb2
 484 0366 04       		.byte	0x4
 485 0367 08       		.uleb128 0x8
 486 0368 95030000 		.4byte	.LASF52
 487 036c 08       		.byte	0x8
 488 036d 55       		.byte	0x55
 489 036e 19       		.byte	0x19
 490 036f B2000000 		.4byte	0xb2
 491 0373 08       		.byte	0x8
 492 0374 08       		.uleb128 0x8
 493 0375 4A010000 		.4byte	.LASF53
 494 0379 08       		.byte	0x8
 495 037a 56       		.byte	0x56
 496 037b 19       		.byte	0x19
 497 037c B2000000 		.4byte	0xb2
 498 0380 0C       		.byte	0xc
 499 0381 14       		.uleb128 0x14
 500 0382 49445200 		.ascii	"IDR\000"
 501 0386 08       		.byte	0x8
 502 0387 57       		.byte	0x57
 503 0388 19       		.byte	0x19
 504 0389 B2000000 		.4byte	0xb2
 505 038d 10       		.byte	0x10
 506 038e 14       		.uleb128 0x14
 507 038f 4F445200 		.ascii	"ODR\000"
 508 0393 08       		.byte	0x8
 509 0394 58       		.byte	0x58
 510 0395 19       		.byte	0x19
 511 0396 B2000000 		.4byte	0xb2
 512 039a 14       		.byte	0x14
 513 039b 08       		.uleb128 0x8
ARM GAS  C:\Users\acest\AppData\Local\Temp\ccbjvY4c.s 			page 10


 514 039c B5040000 		.4byte	.LASF54
 515 03a0 08       		.byte	0x8
 516 03a1 5F       		.byte	0x5f
 517 03a2 05       		.byte	0x5
 518 03a3 3F030000 		.4byte	0x33f
 519 03a7 18       		.byte	0x18
 520 03a8 08       		.uleb128 0x8
 521 03a9 90010000 		.4byte	.LASF55
 522 03ad 08       		.byte	0x8
 523 03ae 60       		.byte	0x60
 524 03af 19       		.byte	0x19
 525 03b0 B2000000 		.4byte	0xb2
 526 03b4 1C       		.byte	0x1c
 527 03b5 08       		.uleb128 0x8
 528 03b6 17020000 		.4byte	.LASF56
 529 03ba 08       		.byte	0x8
 530 03bb 61       		.byte	0x61
 531 03bc 19       		.byte	0x19
 532 03bd B2000000 		.4byte	0xb2
 533 03c1 20       		.byte	0x20
 534 03c2 08       		.uleb128 0x8
 535 03c3 12020000 		.4byte	.LASF57
 536 03c7 08       		.byte	0x8
 537 03c8 62       		.byte	0x62
 538 03c9 19       		.byte	0x19
 539 03ca B2000000 		.4byte	0xb2
 540 03ce 24       		.byte	0x24
 541 03cf 00       		.byte	0
 542 03d0 04       		.uleb128 0x4
 543 03d1 50000000 		.4byte	.LASF58
 544 03d5 08       		.byte	0x8
 545 03d6 63       		.byte	0x63
 546 03d7 03       		.byte	0x3
 547 03d8 44030000 		.4byte	0x344
 548 03dc 04       		.uleb128 0x4
 549 03dd DF000000 		.4byte	.LASF59
 550 03e1 09       		.byte	0x9
 551 03e2 C2       		.byte	0xc2
 552 03e3 12       		.byte	0x12
 553 03e4 A6000000 		.4byte	0xa6
 554 03e8 04       		.uleb128 0x4
 555 03e9 B8000000 		.4byte	.LASF60
 556 03ed 09       		.byte	0x9
 557 03ee C7       		.byte	0xc7
 558 03ef 12       		.byte	0x12
 559 03f0 A6000000 		.4byte	0xa6
 560 03f4 04       		.uleb128 0x4
 561 03f5 89000000 		.4byte	.LASF61
 562 03f9 09       		.byte	0x9
 563 03fa D1       		.byte	0xd1
 564 03fb 12       		.byte	0x12
 565 03fc A6000000 		.4byte	0xa6
 566 0400 04       		.uleb128 0x4
 567 0401 9C010000 		.4byte	.LASF62
 568 0405 09       		.byte	0x9
 569 0406 D9       		.byte	0xd9
 570 0407 18       		.byte	0x18
ARM GAS  C:\Users\acest\AppData\Local\Temp\ccbjvY4c.s 			page 11


 571 0408 0C040000 		.4byte	0x40c
 572 040c 09       		.uleb128 0x9
 573 040d 04       		.byte	0x4
 574 040e D0030000 		.4byte	0x3d0
 575 0412 04       		.uleb128 0x4
 576 0413 83020000 		.4byte	.LASF63
 577 0417 09       		.byte	0x9
 578 0418 DE       		.byte	0xde
 579 0419 12       		.byte	0x12
 580 041a A6000000 		.4byte	0xa6
 581 041e 0E       		.uleb128 0xe
 582 041f F1020000 		.4byte	0x2f1
 583 0423 2E040000 		.4byte	0x42e
 584 0427 0F       		.uleb128 0xf
 585 0428 24000000 		.4byte	0x24
 586 042c 0F       		.byte	0xf
 587 042d 00       		.byte	0
 588 042e 17       		.uleb128 0x17
 589 042f 77020000 		.4byte	.LASF92
 590 0433 09       		.byte	0x9
 591 0434 EB01     		.2byte	0x1eb
 592 0436 13       		.byte	0x13
 593 0437 1E040000 		.4byte	0x41e
 594 043b 18       		.uleb128 0x18
 595 043c 2E040000 		.4byte	0x42e
 596 0440 0A       		.byte	0xa
 597 0441 29       		.byte	0x29
 598 0442 0C       		.byte	0xc
 599 0443 19       		.uleb128 0x19
 600 0444 97040000 		.4byte	.LASF72
 601 0448 0A       		.byte	0xa
 602 0449 D3       		.byte	0xd3
 603 044a 06       		.byte	0x6
 604 044b C7040000 		.4byte	0x4c7
 605 044f 1A       		.uleb128 0x1a
 606 0450 72030000 		.4byte	.LASF64
 607 0454 0A       		.byte	0xa
 608 0455 D3       		.byte	0xd3
 609 0456 2A       		.byte	0x2a
 610 0457 00040000 		.4byte	0x400
 611 045b 1B       		.uleb128 0x1b
 612 045c 70616400 		.ascii	"pad\000"
 613 0460 0A       		.byte	0xa
 614 0461 D3       		.byte	0xd3
 615 0462 3A       		.byte	0x3a
 616 0463 12040000 		.4byte	0x412
 617 0467 1C       		.uleb128 0x1c
 618 0468 FE000000 		.4byte	.LASF65
 619 046c 0A       		.byte	0xa
 620 046d D4       		.byte	0xd4
 621 046e 0C       		.byte	0xc
 622 046f A6000000 		.4byte	0xa6
 623 0473 1C       		.uleb128 0x1c
 624 0474 D1030000 		.4byte	.LASF66
 625 0478 0A       		.byte	0xa
 626 0479 D4       		.byte	0xd4
 627 047a 15       		.byte	0x15
ARM GAS  C:\Users\acest\AppData\Local\Temp\ccbjvY4c.s 			page 12


 628 047b A6000000 		.4byte	0xa6
 629 047f 1C       		.uleb128 0x1c
 630 0480 B2000000 		.4byte	.LASF67
 631 0484 0A       		.byte	0xa
 632 0485 D4       		.byte	0xd4
 633 0486 1C       		.byte	0x1c
 634 0487 A6000000 		.4byte	0xa6
 635 048b 1D       		.uleb128 0x1d
 636 048c BB010000 		.4byte	.LASF76
 637 0490 D7040000 		.4byte	0x4d7
 638 0494 1E       		.uleb128 0x1e
 639 0495 1C       		.uleb128 0x1c
 640 0496 3D010000 		.4byte	.LASF68
 641 049a 0A       		.byte	0xa
 642 049b DE       		.byte	0xde
 643 049c 0E       		.byte	0xe
 644 049d A6000000 		.4byte	0xa6
 645 04a1 1C       		.uleb128 0x1c
 646 04a2 40000000 		.4byte	.LASF69
 647 04a6 0A       		.byte	0xa
 648 04a7 DE       		.byte	0xde
 649 04a8 15       		.byte	0x15
 650 04a9 A6000000 		.4byte	0xa6
 651 04ad 1C       		.uleb128 0x1c
 652 04ae D5010000 		.4byte	.LASF70
 653 04b2 0A       		.byte	0xa
 654 04b3 DE       		.byte	0xde
 655 04b4 1C       		.byte	0x1c
 656 04b5 A6000000 		.4byte	0xa6
 657 04b9 1C       		.uleb128 0x1c
 658 04ba 5D000000 		.4byte	.LASF71
 659 04be 0A       		.byte	0xa
 660 04bf DE       		.byte	0xde
 661 04c0 24       		.byte	0x24
 662 04c1 A6000000 		.4byte	0xa6
 663 04c5 00       		.byte	0
 664 04c6 00       		.byte	0
 665 04c7 0E       		.uleb128 0xe
 666 04c8 CA000000 		.4byte	0xca
 667 04cc D7040000 		.4byte	0x4d7
 668 04d0 0F       		.uleb128 0xf
 669 04d1 24000000 		.4byte	0x24
 670 04d5 18       		.byte	0x18
 671 04d6 00       		.byte	0
 672 04d7 06       		.uleb128 0x6
 673 04d8 C7040000 		.4byte	0x4c7
 674 04dc 19       		.uleb128 0x19
 675 04dd 7F040000 		.4byte	.LASF73
 676 04e1 0A       		.byte	0xa
 677 04e2 97       		.byte	0x97
 678 04e3 06       		.byte	0x6
 679 04e4 52050000 		.4byte	0x552
 680 04e8 1A       		.uleb128 0x1a
 681 04e9 72030000 		.4byte	.LASF64
 682 04ed 0A       		.byte	0xa
 683 04ee 97       		.byte	0x97
 684 04ef 29       		.byte	0x29
ARM GAS  C:\Users\acest\AppData\Local\Temp\ccbjvY4c.s 			page 13


 685 04f0 00040000 		.4byte	0x400
 686 04f4 1B       		.uleb128 0x1b
 687 04f5 70616400 		.ascii	"pad\000"
 688 04f9 0A       		.byte	0xa
 689 04fa 98       		.byte	0x98
 690 04fb 28       		.byte	0x28
 691 04fc 12040000 		.4byte	0x412
 692 0500 1A       		.uleb128 0x1a
 693 0501 8D020000 		.4byte	.LASF74
 694 0505 0A       		.byte	0xa
 695 0506 99       		.byte	0x99
 696 0507 2C       		.byte	0x2c
 697 0508 F4030000 		.4byte	0x3f4
 698 050c 1C       		.uleb128 0x1c
 699 050d FE000000 		.4byte	.LASF65
 700 0511 0A       		.byte	0xa
 701 0512 9B       		.byte	0x9b
 702 0513 0C       		.byte	0xc
 703 0514 A6000000 		.4byte	0xa6
 704 0518 1C       		.uleb128 0x1c
 705 0519 3D010000 		.4byte	.LASF68
 706 051d 0A       		.byte	0xa
 707 051e 9B       		.byte	0x9b
 708 051f 15       		.byte	0x15
 709 0520 A6000000 		.4byte	0xa6
 710 0524 1C       		.uleb128 0x1c
 711 0525 40000000 		.4byte	.LASF69
 712 0529 0A       		.byte	0xa
 713 052a 9B       		.byte	0x9b
 714 052b 1C       		.byte	0x1c
 715 052c A6000000 		.4byte	0xa6
 716 0530 1C       		.uleb128 0x1c
 717 0531 F7000000 		.4byte	.LASF75
 718 0535 0A       		.byte	0xa
 719 0536 9B       		.byte	0x9b
 720 0537 23       		.byte	0x23
 721 0538 A6000000 		.4byte	0xa6
 722 053c 1C       		.uleb128 0x1c
 723 053d 5D000000 		.4byte	.LASF71
 724 0541 0A       		.byte	0xa
 725 0542 9B       		.byte	0x9b
 726 0543 2B       		.byte	0x2b
 727 0544 A6000000 		.4byte	0xa6
 728 0548 1D       		.uleb128 0x1d
 729 0549 BB010000 		.4byte	.LASF76
 730 054d 62050000 		.4byte	0x562
 731 0551 00       		.byte	0
 732 0552 0E       		.uleb128 0xe
 733 0553 CA000000 		.4byte	0xca
 734 0557 62050000 		.4byte	0x562
 735 055b 0F       		.uleb128 0xf
 736 055c 24000000 		.4byte	0x24
 737 0560 17       		.byte	0x17
 738 0561 00       		.byte	0
 739 0562 06       		.uleb128 0x6
 740 0563 52050000 		.4byte	0x552
 741 0567 19       		.uleb128 0x19
ARM GAS  C:\Users\acest\AppData\Local\Temp\ccbjvY4c.s 			page 14


 742 0568 00000000 		.4byte	.LASF77
 743 056c 0A       		.byte	0xa
 744 056d 59       		.byte	0x59
 745 056e 06       		.byte	0x6
 746 056f 0F060000 		.4byte	0x60f
 747 0573 1A       		.uleb128 0x1a
 748 0574 72030000 		.4byte	.LASF64
 749 0578 0A       		.byte	0xa
 750 0579 59       		.byte	0x59
 751 057a 27       		.byte	0x27
 752 057b 00040000 		.4byte	0x400
 753 057f 1A       		.uleb128 0x1a
 754 0580 CC030000 		.4byte	.LASF78
 755 0584 0A       		.byte	0xa
 756 0585 5A       		.byte	0x5a
 757 0586 29       		.byte	0x29
 758 0587 DC030000 		.4byte	0x3dc
 759 058b 1A       		.uleb128 0x1a
 760 058c 8D020000 		.4byte	.LASF74
 761 0590 0A       		.byte	0xa
 762 0591 5B       		.byte	0x5b
 763 0592 25       		.byte	0x25
 764 0593 E8030000 		.4byte	0x3e8
 765 0597 1C       		.uleb128 0x1c
 766 0598 59040000 		.4byte	.LASF79
 767 059c 0A       		.byte	0xa
 768 059d 5D       		.byte	0x5d
 769 059e 0C       		.byte	0xc
 770 059f A6000000 		.4byte	0xa6
 771 05a3 1C       		.uleb128 0x1c
 772 05a4 FC010000 		.4byte	.LASF80
 773 05a8 0A       		.byte	0xa
 774 05a9 5E       		.byte	0x5e
 775 05aa 0C       		.byte	0xc
 776 05ab A6000000 		.4byte	0xa6
 777 05af 1C       		.uleb128 0x1c
 778 05b0 50010000 		.4byte	.LASF81
 779 05b4 0A       		.byte	0xa
 780 05b5 5F       		.byte	0x5f
 781 05b6 0C       		.byte	0xc
 782 05b7 A6000000 		.4byte	0xa6
 783 05bb 1C       		.uleb128 0x1c
 784 05bc D7030000 		.4byte	.LASF82
 785 05c0 0A       		.byte	0xa
 786 05c1 60       		.byte	0x60
 787 05c2 0C       		.byte	0xc
 788 05c3 A6000000 		.4byte	0xa6
 789 05c7 1C       		.uleb128 0x1c
 790 05c8 64040000 		.4byte	.LASF83
 791 05cc 0A       		.byte	0xa
 792 05cd 61       		.byte	0x61
 793 05ce 0C       		.byte	0xc
 794 05cf A6000000 		.4byte	0xa6
 795 05d3 1F       		.uleb128 0x1f
 796 05d4 62697400 		.ascii	"bit\000"
 797 05d8 0A       		.byte	0xa
 798 05d9 62       		.byte	0x62
ARM GAS  C:\Users\acest\AppData\Local\Temp\ccbjvY4c.s 			page 15


 799 05da 0C       		.byte	0xc
 800 05db A6000000 		.4byte	0xa6
 801 05df 1E       		.uleb128 0x1e
 802 05e0 1C       		.uleb128 0x1c
 803 05e1 69040000 		.4byte	.LASF84
 804 05e5 0A       		.byte	0xa
 805 05e6 65       		.byte	0x65
 806 05e7 10       		.byte	0x10
 807 05e8 A6000000 		.4byte	0xa6
 808 05ec 1F       		.uleb128 0x1f
 809 05ed 6D3100   		.ascii	"m1\000"
 810 05f0 0A       		.byte	0xa
 811 05f1 65       		.byte	0x65
 812 05f2 1A       		.byte	0x1a
 813 05f3 A6000000 		.4byte	0xa6
 814 05f7 1F       		.uleb128 0x1f
 815 05f8 6D3200   		.ascii	"m2\000"
 816 05fb 0A       		.byte	0xa
 817 05fc 65       		.byte	0x65
 818 05fd 1E       		.byte	0x1e
 819 05fe A6000000 		.4byte	0xa6
 820 0602 1F       		.uleb128 0x1f
 821 0603 6D3400   		.ascii	"m4\000"
 822 0606 0A       		.byte	0xa
 823 0607 65       		.byte	0x65
 824 0608 22       		.byte	0x22
 825 0609 A6000000 		.4byte	0xa6
 826 060d 00       		.byte	0
 827 060e 00       		.byte	0
 828 060f 19       		.uleb128 0x19
 829 0610 32000000 		.4byte	.LASF85
 830 0614 0A       		.byte	0xa
 831 0615 41       		.byte	0x41
 832 0616 06       		.byte	0x6
 833 0617 26060000 		.4byte	0x626
 834 061b 1F       		.uleb128 0x1f
 835 061c 6900     		.ascii	"i\000"
 836 061e 0A       		.byte	0xa
 837 061f 44       		.byte	0x44
 838 0620 0C       		.byte	0xc
 839 0621 24000000 		.4byte	0x24
 840 0625 00       		.byte	0
 841 0626 20       		.uleb128 0x20
 842 0627 7A010000 		.4byte	.LASF86
 843 062b 0B       		.byte	0xb
 844 062c 9703     		.2byte	0x397
 845 062e 14       		.byte	0x14
 846 062f 4E060000 		.4byte	0x64e
 847 0633 21       		.uleb128 0x21
 848 0634 74717000 		.ascii	"tqp\000"
 849 0638 0B       		.byte	0xb
 850 0639 9703     		.2byte	0x397
 851 063b 3B       		.byte	0x3b
 852 063c 4E060000 		.4byte	0x64e
 853 0640 21       		.uleb128 0x21
 854 0641 6D736700 		.ascii	"msg\000"
 855 0645 0B       		.byte	0xb
ARM GAS  C:\Users\acest\AppData\Local\Temp\ccbjvY4c.s 			page 16


 856 0646 9703     		.2byte	0x397
 857 0648 46       		.byte	0x46
 858 0649 B7000000 		.4byte	0xb7
 859 064d 00       		.byte	0
 860 064e 09       		.uleb128 0x9
 861 064f 04       		.byte	0x4
 862 0650 91020000 		.4byte	0x291
 863 0654 20       		.uleb128 0x20
 864 0655 DD030000 		.4byte	.LASF87
 865 0659 0B       		.byte	0xb
 866 065a 6003     		.2byte	0x360
 867 065c 14       		.byte	0x14
 868 065d 6F060000 		.4byte	0x66f
 869 0661 21       		.uleb128 0x21
 870 0662 74717000 		.ascii	"tqp\000"
 871 0666 0B       		.byte	0xb
 872 0667 6003     		.2byte	0x360
 873 0669 3F       		.byte	0x3f
 874 066a 4E060000 		.4byte	0x64e
 875 066e 00       		.byte	0
 876 066f 20       		.uleb128 0x20
 877 0670 5D030000 		.4byte	.LASF88
 878 0674 0C       		.byte	0xc
 879 0675 CD01     		.2byte	0x1cd
 880 0677 14       		.byte	0x14
 881 0678 8A060000 		.4byte	0x68a
 882 067c 21       		.uleb128 0x21
 883 067d 74717000 		.ascii	"tqp\000"
 884 0681 0C       		.byte	0xc
 885 0682 CD01     		.2byte	0x1cd
 886 0684 3A       		.byte	0x3a
 887 0685 4E060000 		.4byte	0x64e
 888 0689 00       		.byte	0
 889 068a 22       		.uleb128 0x22
 890 068b BE030000 		.4byte	.LASF93
 891 068f 04       		.byte	0x4
 892 0690 DE       		.byte	0xde
 893 0691 14       		.byte	0x14
 894 0692 1B       		.uleb128 0x1b
 895 0693 717000   		.ascii	"qp\000"
 896 0696 04       		.byte	0x4
 897 0697 DE       		.byte	0xde
 898 0698 2E       		.byte	0x2e
 899 0699 03010000 		.4byte	0x103
 900 069d 00       		.byte	0
 901 069e 00       		.byte	0
 902              		.section	.gnu.debuglto_.debug_abbrev,"e",%progbits
 903              	.Ldebug_abbrev0:
 904 0000 01       		.uleb128 0x1
 905 0001 11       		.uleb128 0x11
 906 0002 01       		.byte	0x1
 907 0003 25       		.uleb128 0x25
 908 0004 0E       		.uleb128 0xe
 909 0005 13       		.uleb128 0x13
 910 0006 0B       		.uleb128 0xb
 911 0007 03       		.uleb128 0x3
 912 0008 0E       		.uleb128 0xe
ARM GAS  C:\Users\acest\AppData\Local\Temp\ccbjvY4c.s 			page 17


 913 0009 1B       		.uleb128 0x1b
 914 000a 0E       		.uleb128 0xe
 915 000b 10       		.uleb128 0x10
 916 000c 17       		.uleb128 0x17
 917 000d 00       		.byte	0
 918 000e 00       		.byte	0
 919 000f 02       		.uleb128 0x2
 920 0010 24       		.uleb128 0x24
 921 0011 00       		.byte	0
 922 0012 0B       		.uleb128 0xb
 923 0013 0B       		.uleb128 0xb
 924 0014 3E       		.uleb128 0x3e
 925 0015 0B       		.uleb128 0xb
 926 0016 03       		.uleb128 0x3
 927 0017 08       		.uleb128 0x8
 928 0018 00       		.byte	0
 929 0019 00       		.byte	0
 930 001a 03       		.uleb128 0x3
 931 001b 24       		.uleb128 0x24
 932 001c 00       		.byte	0
 933 001d 0B       		.uleb128 0xb
 934 001e 0B       		.uleb128 0xb
 935 001f 3E       		.uleb128 0x3e
 936 0020 0B       		.uleb128 0xb
 937 0021 03       		.uleb128 0x3
 938 0022 0E       		.uleb128 0xe
 939 0023 00       		.byte	0
 940 0024 00       		.byte	0
 941 0025 04       		.uleb128 0x4
 942 0026 16       		.uleb128 0x16
 943 0027 00       		.byte	0
 944 0028 03       		.uleb128 0x3
 945 0029 0E       		.uleb128 0xe
 946 002a 3A       		.uleb128 0x3a
 947 002b 0B       		.uleb128 0xb
 948 002c 3B       		.uleb128 0x3b
 949 002d 0B       		.uleb128 0xb
 950 002e 39       		.uleb128 0x39
 951 002f 0B       		.uleb128 0xb
 952 0030 49       		.uleb128 0x49
 953 0031 13       		.uleb128 0x13
 954 0032 00       		.byte	0
 955 0033 00       		.byte	0
 956 0034 05       		.uleb128 0x5
 957 0035 35       		.uleb128 0x35
 958 0036 00       		.byte	0
 959 0037 49       		.uleb128 0x49
 960 0038 13       		.uleb128 0x13
 961 0039 00       		.byte	0
 962 003a 00       		.byte	0
 963 003b 06       		.uleb128 0x6
 964 003c 26       		.uleb128 0x26
 965 003d 00       		.byte	0
 966 003e 49       		.uleb128 0x49
 967 003f 13       		.uleb128 0x13
 968 0040 00       		.byte	0
 969 0041 00       		.byte	0
ARM GAS  C:\Users\acest\AppData\Local\Temp\ccbjvY4c.s 			page 18


 970 0042 07       		.uleb128 0x7
 971 0043 13       		.uleb128 0x13
 972 0044 01       		.byte	0x1
 973 0045 03       		.uleb128 0x3
 974 0046 0E       		.uleb128 0xe
 975 0047 0B       		.uleb128 0xb
 976 0048 0B       		.uleb128 0xb
 977 0049 3A       		.uleb128 0x3a
 978 004a 0B       		.uleb128 0xb
 979 004b 3B       		.uleb128 0x3b
 980 004c 0B       		.uleb128 0xb
 981 004d 39       		.uleb128 0x39
 982 004e 0B       		.uleb128 0xb
 983 004f 01       		.uleb128 0x1
 984 0050 13       		.uleb128 0x13
 985 0051 00       		.byte	0
 986 0052 00       		.byte	0
 987 0053 08       		.uleb128 0x8
 988 0054 0D       		.uleb128 0xd
 989 0055 00       		.byte	0
 990 0056 03       		.uleb128 0x3
 991 0057 0E       		.uleb128 0xe
 992 0058 3A       		.uleb128 0x3a
 993 0059 0B       		.uleb128 0xb
 994 005a 3B       		.uleb128 0x3b
 995 005b 0B       		.uleb128 0xb
 996 005c 39       		.uleb128 0x39
 997 005d 0B       		.uleb128 0xb
 998 005e 49       		.uleb128 0x49
 999 005f 13       		.uleb128 0x13
 1000 0060 38       		.uleb128 0x38
 1001 0061 0B       		.uleb128 0xb
 1002 0062 00       		.byte	0
 1003 0063 00       		.byte	0
 1004 0064 09       		.uleb128 0x9
 1005 0065 0F       		.uleb128 0xf
 1006 0066 00       		.byte	0
 1007 0067 0B       		.uleb128 0xb
 1008 0068 0B       		.uleb128 0xb
 1009 0069 49       		.uleb128 0x49
 1010 006a 13       		.uleb128 0x13
 1011 006b 00       		.byte	0
 1012 006c 00       		.byte	0
 1013 006d 0A       		.uleb128 0xa
 1014 006e 13       		.uleb128 0x13
 1015 006f 01       		.byte	0x1
 1016 0070 0B       		.uleb128 0xb
 1017 0071 0B       		.uleb128 0xb
 1018 0072 3A       		.uleb128 0x3a
 1019 0073 0B       		.uleb128 0xb
 1020 0074 3B       		.uleb128 0x3b
 1021 0075 05       		.uleb128 0x5
 1022 0076 39       		.uleb128 0x39
 1023 0077 0B       		.uleb128 0xb
 1024 0078 01       		.uleb128 0x1
 1025 0079 13       		.uleb128 0x13
 1026 007a 00       		.byte	0
ARM GAS  C:\Users\acest\AppData\Local\Temp\ccbjvY4c.s 			page 19


 1027 007b 00       		.byte	0
 1028 007c 0B       		.uleb128 0xb
 1029 007d 0D       		.uleb128 0xd
 1030 007e 00       		.byte	0
 1031 007f 03       		.uleb128 0x3
 1032 0080 0E       		.uleb128 0xe
 1033 0081 3A       		.uleb128 0x3a
 1034 0082 0B       		.uleb128 0xb
 1035 0083 3B       		.uleb128 0x3b
 1036 0084 05       		.uleb128 0x5
 1037 0085 39       		.uleb128 0x39
 1038 0086 0B       		.uleb128 0xb
 1039 0087 49       		.uleb128 0x49
 1040 0088 13       		.uleb128 0x13
 1041 0089 38       		.uleb128 0x38
 1042 008a 0B       		.uleb128 0xb
 1043 008b 00       		.byte	0
 1044 008c 00       		.byte	0
 1045 008d 0C       		.uleb128 0xc
 1046 008e 0D       		.uleb128 0xd
 1047 008f 00       		.byte	0
 1048 0090 03       		.uleb128 0x3
 1049 0091 08       		.uleb128 0x8
 1050 0092 3A       		.uleb128 0x3a
 1051 0093 0B       		.uleb128 0xb
 1052 0094 3B       		.uleb128 0x3b
 1053 0095 05       		.uleb128 0x5
 1054 0096 39       		.uleb128 0x39
 1055 0097 0B       		.uleb128 0xb
 1056 0098 49       		.uleb128 0x49
 1057 0099 13       		.uleb128 0x13
 1058 009a 38       		.uleb128 0x38
 1059 009b 0B       		.uleb128 0xb
 1060 009c 00       		.byte	0
 1061 009d 00       		.byte	0
 1062 009e 0D       		.uleb128 0xd
 1063 009f 16       		.uleb128 0x16
 1064 00a0 00       		.byte	0
 1065 00a1 03       		.uleb128 0x3
 1066 00a2 0E       		.uleb128 0xe
 1067 00a3 3A       		.uleb128 0x3a
 1068 00a4 0B       		.uleb128 0xb
 1069 00a5 3B       		.uleb128 0x3b
 1070 00a6 05       		.uleb128 0x5
 1071 00a7 39       		.uleb128 0x39
 1072 00a8 0B       		.uleb128 0xb
 1073 00a9 49       		.uleb128 0x49
 1074 00aa 13       		.uleb128 0x13
 1075 00ab 00       		.byte	0
 1076 00ac 00       		.byte	0
 1077 00ad 0E       		.uleb128 0xe
 1078 00ae 01       		.uleb128 0x1
 1079 00af 01       		.byte	0x1
 1080 00b0 49       		.uleb128 0x49
 1081 00b1 13       		.uleb128 0x13
 1082 00b2 01       		.uleb128 0x1
 1083 00b3 13       		.uleb128 0x13
ARM GAS  C:\Users\acest\AppData\Local\Temp\ccbjvY4c.s 			page 20


 1084 00b4 00       		.byte	0
 1085 00b5 00       		.byte	0
 1086 00b6 0F       		.uleb128 0xf
 1087 00b7 21       		.uleb128 0x21
 1088 00b8 00       		.byte	0
 1089 00b9 49       		.uleb128 0x49
 1090 00ba 13       		.uleb128 0x13
 1091 00bb 2F       		.uleb128 0x2f
 1092 00bc 0B       		.uleb128 0xb
 1093 00bd 00       		.byte	0
 1094 00be 00       		.byte	0
 1095 00bf 10       		.uleb128 0x10
 1096 00c0 0F       		.uleb128 0xf
 1097 00c1 00       		.byte	0
 1098 00c2 0B       		.uleb128 0xb
 1099 00c3 0B       		.uleb128 0xb
 1100 00c4 00       		.byte	0
 1101 00c5 00       		.byte	0
 1102 00c6 11       		.uleb128 0x11
 1103 00c7 15       		.uleb128 0x15
 1104 00c8 01       		.byte	0x1
 1105 00c9 27       		.uleb128 0x27
 1106 00ca 19       		.uleb128 0x19
 1107 00cb 01       		.uleb128 0x1
 1108 00cc 13       		.uleb128 0x13
 1109 00cd 00       		.byte	0
 1110 00ce 00       		.byte	0
 1111 00cf 12       		.uleb128 0x12
 1112 00d0 05       		.uleb128 0x5
 1113 00d1 00       		.byte	0
 1114 00d2 49       		.uleb128 0x49
 1115 00d3 13       		.uleb128 0x13
 1116 00d4 00       		.byte	0
 1117 00d5 00       		.byte	0
 1118 00d6 13       		.uleb128 0x13
 1119 00d7 13       		.uleb128 0x13
 1120 00d8 01       		.byte	0x1
 1121 00d9 0B       		.uleb128 0xb
 1122 00da 0B       		.uleb128 0xb
 1123 00db 3A       		.uleb128 0x3a
 1124 00dc 0B       		.uleb128 0xb
 1125 00dd 3B       		.uleb128 0x3b
 1126 00de 0B       		.uleb128 0xb
 1127 00df 39       		.uleb128 0x39
 1128 00e0 0B       		.uleb128 0xb
 1129 00e1 01       		.uleb128 0x1
 1130 00e2 13       		.uleb128 0x13
 1131 00e3 00       		.byte	0
 1132 00e4 00       		.byte	0
 1133 00e5 14       		.uleb128 0x14
 1134 00e6 0D       		.uleb128 0xd
 1135 00e7 00       		.byte	0
 1136 00e8 03       		.uleb128 0x3
 1137 00e9 08       		.uleb128 0x8
 1138 00ea 3A       		.uleb128 0x3a
 1139 00eb 0B       		.uleb128 0xb
 1140 00ec 3B       		.uleb128 0x3b
ARM GAS  C:\Users\acest\AppData\Local\Temp\ccbjvY4c.s 			page 21


 1141 00ed 0B       		.uleb128 0xb
 1142 00ee 39       		.uleb128 0x39
 1143 00ef 0B       		.uleb128 0xb
 1144 00f0 49       		.uleb128 0x49
 1145 00f1 13       		.uleb128 0x13
 1146 00f2 38       		.uleb128 0x38
 1147 00f3 0B       		.uleb128 0xb
 1148 00f4 00       		.byte	0
 1149 00f5 00       		.byte	0
 1150 00f6 15       		.uleb128 0x15
 1151 00f7 17       		.uleb128 0x17
 1152 00f8 01       		.byte	0x1
 1153 00f9 0B       		.uleb128 0xb
 1154 00fa 0B       		.uleb128 0xb
 1155 00fb 3A       		.uleb128 0x3a
 1156 00fc 0B       		.uleb128 0xb
 1157 00fd 3B       		.uleb128 0x3b
 1158 00fe 0B       		.uleb128 0xb
 1159 00ff 39       		.uleb128 0x39
 1160 0100 0B       		.uleb128 0xb
 1161 0101 01       		.uleb128 0x1
 1162 0102 13       		.uleb128 0x13
 1163 0103 00       		.byte	0
 1164 0104 00       		.byte	0
 1165 0105 16       		.uleb128 0x16
 1166 0106 0D       		.uleb128 0xd
 1167 0107 00       		.byte	0
 1168 0108 03       		.uleb128 0x3
 1169 0109 08       		.uleb128 0x8
 1170 010a 3A       		.uleb128 0x3a
 1171 010b 0B       		.uleb128 0xb
 1172 010c 3B       		.uleb128 0x3b
 1173 010d 0B       		.uleb128 0xb
 1174 010e 39       		.uleb128 0x39
 1175 010f 0B       		.uleb128 0xb
 1176 0110 49       		.uleb128 0x49
 1177 0111 13       		.uleb128 0x13
 1178 0112 00       		.byte	0
 1179 0113 00       		.byte	0
 1180 0114 17       		.uleb128 0x17
 1181 0115 34       		.uleb128 0x34
 1182 0116 00       		.byte	0
 1183 0117 03       		.uleb128 0x3
 1184 0118 0E       		.uleb128 0xe
 1185 0119 3A       		.uleb128 0x3a
 1186 011a 0B       		.uleb128 0xb
 1187 011b 3B       		.uleb128 0x3b
 1188 011c 05       		.uleb128 0x5
 1189 011d 39       		.uleb128 0x39
 1190 011e 0B       		.uleb128 0xb
 1191 011f 49       		.uleb128 0x49
 1192 0120 13       		.uleb128 0x13
 1193 0121 3F       		.uleb128 0x3f
 1194 0122 19       		.uleb128 0x19
 1195 0123 3C       		.uleb128 0x3c
 1196 0124 19       		.uleb128 0x19
 1197 0125 00       		.byte	0
ARM GAS  C:\Users\acest\AppData\Local\Temp\ccbjvY4c.s 			page 22


 1198 0126 00       		.byte	0
 1199 0127 18       		.uleb128 0x18
 1200 0128 34       		.uleb128 0x34
 1201 0129 00       		.byte	0
 1202 012a 47       		.uleb128 0x47
 1203 012b 13       		.uleb128 0x13
 1204 012c 3A       		.uleb128 0x3a
 1205 012d 0B       		.uleb128 0xb
 1206 012e 3B       		.uleb128 0x3b
 1207 012f 0B       		.uleb128 0xb
 1208 0130 39       		.uleb128 0x39
 1209 0131 0B       		.uleb128 0xb
 1210 0132 00       		.byte	0
 1211 0133 00       		.byte	0
 1212 0134 19       		.uleb128 0x19
 1213 0135 2E       		.uleb128 0x2e
 1214 0136 01       		.byte	0x1
 1215 0137 3F       		.uleb128 0x3f
 1216 0138 19       		.uleb128 0x19
 1217 0139 03       		.uleb128 0x3
 1218 013a 0E       		.uleb128 0xe
 1219 013b 3A       		.uleb128 0x3a
 1220 013c 0B       		.uleb128 0xb
 1221 013d 3B       		.uleb128 0x3b
 1222 013e 0B       		.uleb128 0xb
 1223 013f 39       		.uleb128 0x39
 1224 0140 0B       		.uleb128 0xb
 1225 0141 27       		.uleb128 0x27
 1226 0142 19       		.uleb128 0x19
 1227 0143 01       		.uleb128 0x1
 1228 0144 13       		.uleb128 0x13
 1229 0145 00       		.byte	0
 1230 0146 00       		.byte	0
 1231 0147 1A       		.uleb128 0x1a
 1232 0148 05       		.uleb128 0x5
 1233 0149 00       		.byte	0
 1234 014a 03       		.uleb128 0x3
 1235 014b 0E       		.uleb128 0xe
 1236 014c 3A       		.uleb128 0x3a
 1237 014d 0B       		.uleb128 0xb
 1238 014e 3B       		.uleb128 0x3b
 1239 014f 0B       		.uleb128 0xb
 1240 0150 39       		.uleb128 0x39
 1241 0151 0B       		.uleb128 0xb
 1242 0152 49       		.uleb128 0x49
 1243 0153 13       		.uleb128 0x13
 1244 0154 00       		.byte	0
 1245 0155 00       		.byte	0
 1246 0156 1B       		.uleb128 0x1b
 1247 0157 05       		.uleb128 0x5
 1248 0158 00       		.byte	0
 1249 0159 03       		.uleb128 0x3
 1250 015a 08       		.uleb128 0x8
 1251 015b 3A       		.uleb128 0x3a
 1252 015c 0B       		.uleb128 0xb
 1253 015d 3B       		.uleb128 0x3b
 1254 015e 0B       		.uleb128 0xb
ARM GAS  C:\Users\acest\AppData\Local\Temp\ccbjvY4c.s 			page 23


 1255 015f 39       		.uleb128 0x39
 1256 0160 0B       		.uleb128 0xb
 1257 0161 49       		.uleb128 0x49
 1258 0162 13       		.uleb128 0x13
 1259 0163 00       		.byte	0
 1260 0164 00       		.byte	0
 1261 0165 1C       		.uleb128 0x1c
 1262 0166 34       		.uleb128 0x34
 1263 0167 00       		.byte	0
 1264 0168 03       		.uleb128 0x3
 1265 0169 0E       		.uleb128 0xe
 1266 016a 3A       		.uleb128 0x3a
 1267 016b 0B       		.uleb128 0xb
 1268 016c 3B       		.uleb128 0x3b
 1269 016d 0B       		.uleb128 0xb
 1270 016e 39       		.uleb128 0x39
 1271 016f 0B       		.uleb128 0xb
 1272 0170 49       		.uleb128 0x49
 1273 0171 13       		.uleb128 0x13
 1274 0172 00       		.byte	0
 1275 0173 00       		.byte	0
 1276 0174 1D       		.uleb128 0x1d
 1277 0175 34       		.uleb128 0x34
 1278 0176 00       		.byte	0
 1279 0177 03       		.uleb128 0x3
 1280 0178 0E       		.uleb128 0xe
 1281 0179 49       		.uleb128 0x49
 1282 017a 13       		.uleb128 0x13
 1283 017b 34       		.uleb128 0x34
 1284 017c 19       		.uleb128 0x19
 1285 017d 00       		.byte	0
 1286 017e 00       		.byte	0
 1287 017f 1E       		.uleb128 0x1e
 1288 0180 0B       		.uleb128 0xb
 1289 0181 01       		.byte	0x1
 1290 0182 00       		.byte	0
 1291 0183 00       		.byte	0
 1292 0184 1F       		.uleb128 0x1f
 1293 0185 34       		.uleb128 0x34
 1294 0186 00       		.byte	0
 1295 0187 03       		.uleb128 0x3
 1296 0188 08       		.uleb128 0x8
 1297 0189 3A       		.uleb128 0x3a
 1298 018a 0B       		.uleb128 0xb
 1299 018b 3B       		.uleb128 0x3b
 1300 018c 0B       		.uleb128 0xb
 1301 018d 39       		.uleb128 0x39
 1302 018e 0B       		.uleb128 0xb
 1303 018f 49       		.uleb128 0x49
 1304 0190 13       		.uleb128 0x13
 1305 0191 00       		.byte	0
 1306 0192 00       		.byte	0
 1307 0193 20       		.uleb128 0x20
 1308 0194 2E       		.uleb128 0x2e
 1309 0195 01       		.byte	0x1
 1310 0196 03       		.uleb128 0x3
 1311 0197 0E       		.uleb128 0xe
ARM GAS  C:\Users\acest\AppData\Local\Temp\ccbjvY4c.s 			page 24


 1312 0198 3A       		.uleb128 0x3a
 1313 0199 0B       		.uleb128 0xb
 1314 019a 3B       		.uleb128 0x3b
 1315 019b 05       		.uleb128 0x5
 1316 019c 39       		.uleb128 0x39
 1317 019d 0B       		.uleb128 0xb
 1318 019e 27       		.uleb128 0x27
 1319 019f 19       		.uleb128 0x19
 1320 01a0 01       		.uleb128 0x1
 1321 01a1 13       		.uleb128 0x13
 1322 01a2 00       		.byte	0
 1323 01a3 00       		.byte	0
 1324 01a4 21       		.uleb128 0x21
 1325 01a5 05       		.uleb128 0x5
 1326 01a6 00       		.byte	0
 1327 01a7 03       		.uleb128 0x3
 1328 01a8 08       		.uleb128 0x8
 1329 01a9 3A       		.uleb128 0x3a
 1330 01aa 0B       		.uleb128 0xb
 1331 01ab 3B       		.uleb128 0x3b
 1332 01ac 05       		.uleb128 0x5
 1333 01ad 39       		.uleb128 0x39
 1334 01ae 0B       		.uleb128 0xb
 1335 01af 49       		.uleb128 0x49
 1336 01b0 13       		.uleb128 0x13
 1337 01b1 00       		.byte	0
 1338 01b2 00       		.byte	0
 1339 01b3 22       		.uleb128 0x22
 1340 01b4 2E       		.uleb128 0x2e
 1341 01b5 01       		.byte	0x1
 1342 01b6 03       		.uleb128 0x3
 1343 01b7 0E       		.uleb128 0xe
 1344 01b8 3A       		.uleb128 0x3a
 1345 01b9 0B       		.uleb128 0xb
 1346 01ba 3B       		.uleb128 0x3b
 1347 01bb 0B       		.uleb128 0xb
 1348 01bc 39       		.uleb128 0x39
 1349 01bd 0B       		.uleb128 0xb
 1350 01be 27       		.uleb128 0x27
 1351 01bf 19       		.uleb128 0x19
 1352 01c0 00       		.byte	0
 1353 01c1 00       		.byte	0
 1354 01c2 00       		.byte	0
 1355              		.section	.gnu.debuglto_.debug_line,"e",%progbits
 1356              	.Ldebug_line0:
 1357 0000 AC020000 		.4byte	.LELT0-.LSLT0
 1358              	.LSLT0:
 1359 0004 0400     		.2byte	0x4
 1360 0006 A6020000 		.4byte	.LELTP0-.LASLTP0
 1361              	.LASLTP0:
 1362 000a 01       		.byte	0x1
 1363 000b 01       		.byte	0x1
 1364 000c 01       		.byte	0x1
 1365 000d F6       		.byte	0xf6
 1366 000e F2       		.byte	0xf2
 1367 000f 0D       		.byte	0xd
 1368 0010 00       		.byte	0
ARM GAS  C:\Users\acest\AppData\Local\Temp\ccbjvY4c.s 			page 25


 1369 0011 01       		.byte	0x1
 1370 0012 01       		.byte	0x1
 1371 0013 01       		.byte	0x1
 1372 0014 01       		.byte	0x1
 1373 0015 00       		.byte	0
 1374 0016 00       		.byte	0
 1375 0017 00       		.byte	0
 1376 0018 01       		.byte	0x1
 1377 0019 00       		.byte	0
 1378 001a 00       		.byte	0
 1379 001b 01       		.byte	0x1
 1380 001c 2E2E2F2E 		.ascii	"../../../../../ChibiStudio/chibios2111/os/hal/ports"
 1380      2E2F2E2E 
 1380      2F2E2E2F 
 1380      2E2E2F43 
 1380      68696269 
 1381 004f 2F53544D 		.ascii	"/STM32/LLD/GPIOv2"
 1381      33322F4C 
 1381      4C442F47 
 1381      50494F76 
 1381      32
 1382 0060 00       		.byte	0
 1383 0061 633A5C63 		.ascii	"c:\\chibistudio\\chibios2111\\os\\common\\ext\\st\\"
 1383      68696269 
 1383      73747564 
 1383      696F5C63 
 1383      68696269 
 1384 008d 73746D33 		.ascii	"stm32g4xx"
 1384      32673478 
 1384      78
 1385 0096 00       		.byte	0
 1386 0097 633A5C63 		.ascii	"c:\\chibistudio\\chibios2111\\os\\hal\\include"
 1386      68696269 
 1386      73747564 
 1386      696F5C63 
 1386      68696269 
 1387 00c0 00       		.byte	0
 1388 00c1 633A5C63 		.ascii	"c:\\chibistudio\\chibios2111\\os\\hal\\osal\\rt-nil"
 1388      68696269 
 1388      73747564 
 1388      696F5C63 
 1388      68696269 
 1389 00ee 00       		.byte	0
 1390 00ef 633A5C63 		.ascii	"c:\\chibistudio\\chibios2111\\os\\hal\\ports\\stm32"
 1390      68696269 
 1390      73747564 
 1390      696F5C63 
 1390      68696269 
 1391 011c 5C6C6C64 		.ascii	"\\lld\\gpiov2"
 1391      5C677069 
 1391      6F7632
 1392 0127 00       		.byte	0
 1393 0128 633A5C63 		.ascii	"c:\\chibistudio\\chibios2111\\os\\rt\\include"
 1393      68696269 
 1393      73747564 
 1393      696F5C63 
 1393      68696269 
ARM GAS  C:\Users\acest\AppData\Local\Temp\ccbjvY4c.s 			page 26


 1394 0150 00       		.byte	0
 1395 0151 633A5C63 		.ascii	"c:\\chibistudio\\tools\\gnu tools arm embedded\\10."
 1395      68696269 
 1395      73747564 
 1395      696F5C74 
 1395      6F6F6C73 
 1396 0180 33203230 		.ascii	"3 2021.10\\arm-none-eabi\\include\\machine"
 1396      32312E31 
 1396      305C6172 
 1396      6D2D6E6F 
 1396      6E652D65 
 1397 01a7 00       		.byte	0
 1398 01a8 633A5C63 		.ascii	"c:\\chibistudio\\tools\\gnu tools arm embedded\\10."
 1398      68696269 
 1398      73747564 
 1398      696F5C74 
 1398      6F6F6C73 
 1399 01d7 33203230 		.ascii	"3 2021.10\\arm-none-eabi\\include\\sys"
 1399      32312E31 
 1399      305C6172 
 1399      6D2D6E6F 
 1399      6E652D65 
 1400 01fa 00       		.byte	0
 1401 01fb 00       		.byte	0
 1402 01fc 5F646566 		.ascii	"_default_types.h\000"
 1402      61756C74 
 1402      5F747970 
 1402      65732E68 
 1402      00
 1403 020d 07       		.uleb128 0x7
 1404 020e 00       		.uleb128 0
 1405 020f 00       		.uleb128 0
 1406 0210 5F737464 		.ascii	"_stdint.h\000"
 1406      696E742E 
 1406      6800
 1407 021a 08       		.uleb128 0x8
 1408 021b 00       		.uleb128 0
 1409 021c 00       		.uleb128 0
 1410 021d 63686561 		.ascii	"chearly.h\000"
 1410      726C792E 
 1410      6800
 1411 0227 06       		.uleb128 0x6
 1412 0228 00       		.uleb128 0
 1413 0229 00       		.uleb128 0
 1414 022a 63686C69 		.ascii	"chlists.h\000"
 1414      7374732E 
 1414      6800
 1415 0234 06       		.uleb128 0x6
 1416 0235 00       		.uleb128 0
 1417 0236 00       		.uleb128 0
 1418 0237 73746D33 		.ascii	"stm32g474xx.h\000"
 1418      32673437 
 1418      3478782E 
 1418      6800
 1419 0245 02       		.uleb128 0x2
 1420 0246 00       		.uleb128 0
 1421 0247 00       		.uleb128 0
ARM GAS  C:\Users\acest\AppData\Local\Temp\ccbjvY4c.s 			page 27


 1422 0248 63686F62 		.ascii	"chobjects.h\000"
 1422      6A656374 
 1422      732E6800 
 1423 0254 06       		.uleb128 0x6
 1424 0255 00       		.uleb128 0
 1425 0256 00       		.uleb128 0
 1426 0257 68616C5F 		.ascii	"hal_pal.h\000"
 1426      70616C2E 
 1426      6800
 1427 0261 03       		.uleb128 0x3
 1428 0262 00       		.uleb128 0
 1429 0263 00       		.uleb128 0
 1430 0264 73746D33 		.ascii	"stm32_gpio.h\000"
 1430      325F6770 
 1430      696F2E68 
 1430      00
 1431 0271 05       		.uleb128 0x5
 1432 0272 00       		.uleb128 0
 1433 0273 00       		.uleb128 0
 1434 0274 68616C5F 		.ascii	"hal_pal_lld.h\000"
 1434      70616C5F 
 1434      6C6C642E 
 1434      6800
 1435 0282 05       		.uleb128 0x5
 1436 0283 00       		.uleb128 0
 1437 0284 00       		.uleb128 0
 1438 0285 68616C5F 		.ascii	"hal_pal_lld.c\000"
 1438      70616C5F 
 1438      6C6C642E 
 1438      6300
 1439 0293 01       		.uleb128 0x1
 1440 0294 00       		.uleb128 0
 1441 0295 00       		.uleb128 0
 1442 0296 6F73616C 		.ascii	"osal.h\000"
 1442      2E6800
 1443 029d 04       		.uleb128 0x4
 1444 029e 00       		.uleb128 0
 1445 029f 00       		.uleb128 0
 1446 02a0 63687468 		.ascii	"chthreads.h\000"
 1446      72656164 
 1446      732E6800 
 1447 02ac 06       		.uleb128 0x6
 1448 02ad 00       		.uleb128 0
 1449 02ae 00       		.uleb128 0
 1450 02af 00       		.byte	0
 1451              	.LELTP0:
 1452              	.LELT0:
 1453              		.section	.gnu.debuglto_.debug_str,"eMS",%progbits,1
 1454              	.LASF77:
 1455 0000 5F70616C 		.ascii	"_pal_lld_setgroupmode\000"
 1455      5F6C6C64 
 1455      5F736574 
 1455      67726F75 
 1455      706D6F64 
 1456              	.LASF44:
 1457 0016 74687265 		.ascii	"threads_queue_t\000"
 1457      6164735F 
ARM GAS  C:\Users\acest\AppData\Local\Temp\ccbjvY4c.s 			page 28


 1457      71756575 
 1457      655F7400 
 1458              	.LASF23:
 1459 0026 52545352 		.ascii	"RTSR1\000"
 1459      3100
 1460              	.LASF30:
 1461 002c 52545352 		.ascii	"RTSR2\000"
 1461      3200
 1462              	.LASF85:
 1463 0032 5F70616C 		.ascii	"_pal_lld_init\000"
 1463      5F6C6C64 
 1463      5F696E69 
 1463      7400
 1464              	.LASF69:
 1465 0040 63726F66 		.ascii	"croff\000"
 1465      6600
 1466              	.LASF5:
 1467 0046 73686F72 		.ascii	"short int\000"
 1467      7420696E 
 1467      7400
 1468              	.LASF58:
 1469 0050 73746D33 		.ascii	"stm32_gpio_t\000"
 1469      325F6770 
 1469      696F5F74 
 1469      00
 1470              	.LASF71:
 1471 005d 706F7274 		.ascii	"portidx\000"
 1471      69647800 
 1472              	.LASF48:
 1473 0065 70616C65 		.ascii	"palevent_t\000"
 1473      76656E74 
 1473      5F7400
 1474              	.LASF1:
 1475 0070 6C6F6E67 		.ascii	"long long int\000"
 1475      206C6F6E 
 1475      6720696E 
 1475      7400
 1476              	.LASF10:
 1477 007e 5F5F7569 		.ascii	"__uint32_t\000"
 1477      6E743332 
 1477      5F7400
 1478              	.LASF61:
 1479 0089 696F6576 		.ascii	"ioeventmode_t\000"
 1479      656E746D 
 1479      6F64655F 
 1479      7400
 1480              	.LASF7:
 1481 0097 5F5F7569 		.ascii	"__uint16_t\000"
 1481      6E743136 
 1481      5F7400
 1482              	.LASF35:
 1483 00a2 43464752 		.ascii	"CFGR1\000"
 1483      3100
 1484              	.LASF8:
 1485 00a8 5F5F696E 		.ascii	"__int32_t\000"
 1485      7433325F 
 1485      7400
ARM GAS  C:\Users\acest\AppData\Local\Temp\ccbjvY4c.s 			page 29


 1486              	.LASF67:
 1487 00b2 66747372 		.ascii	"ftsr1\000"
 1487      3100
 1488              	.LASF60:
 1489 00b8 696F6D6F 		.ascii	"iomode_t\000"
 1489      64655F74 
 1489      00
 1490              	.LASF31:
 1491 00c1 46545352 		.ascii	"FTSR2\000"
 1491      3200
 1492              	.LASF42:
 1493 00c7 63685F74 		.ascii	"ch_threads_queue\000"
 1493      68726561 
 1493      64735F71 
 1493      75657565 
 1493      00
 1494              	.LASF36:
 1495 00d8 45585449 		.ascii	"EXTICR\000"
 1495      435200
 1496              	.LASF59:
 1497 00df 696F706F 		.ascii	"ioportmask_t\000"
 1497      72746D61 
 1497      736B5F74 
 1497      00
 1498              	.LASF18:
 1499 00ec 63685F71 		.ascii	"ch_queue_t\000"
 1499      75657565 
 1499      5F7400
 1500              	.LASF75:
 1501 00f7 63726D61 		.ascii	"crmask\000"
 1501      736B00
 1502              	.LASF65:
 1503 00fe 7061646D 		.ascii	"padmask\000"
 1503      61736B00 
 1504              	.LASF25:
 1505 0106 53574945 		.ascii	"SWIER1\000"
 1505      523100
 1506              	.LASF32:
 1507 010d 53574945 		.ascii	"SWIER2\000"
 1507      523200
 1508              	.LASF51:
 1509 0114 4F545950 		.ascii	"OTYPER\000"
 1509      455200
 1510              	.LASF46:
 1511 011b 70616C63 		.ascii	"palcallback_t\000"
 1511      616C6C62 
 1511      61636B5F 
 1511      7400
 1512              	.LASF2:
 1513 0129 6C6F6E67 		.ascii	"long double\000"
 1513      20646F75 
 1513      626C6500 
 1514              	.LASF47:
 1515 0135 74687265 		.ascii	"threads\000"
 1515      61647300 
 1516              	.LASF68:
 1517 013d 63726964 		.ascii	"cridx\000"
ARM GAS  C:\Users\acest\AppData\Local\Temp\ccbjvY4c.s 			page 30


 1517      7800
 1518              	.LASF34:
 1519 0143 4D454D52 		.ascii	"MEMRMP\000"
 1519      4D5000
 1520              	.LASF53:
 1521 014a 50555044 		.ascii	"PUPDR\000"
 1521      5200
 1522              	.LASF81:
 1523 0150 6F737065 		.ascii	"ospeedr\000"
 1523      65647200 
 1524              	.LASF33:
 1525 0158 45585449 		.ascii	"EXTI_TypeDef\000"
 1525      5F547970 
 1525      65446566 
 1525      00
 1526              	.LASF9:
 1527 0165 6C6F6E67 		.ascii	"long int\000"
 1527      20696E74 
 1527      00
 1528              	.LASF50:
 1529 016e 4D4F4445 		.ascii	"MODER\000"
 1529      5200
 1530              	.LASF49:
 1531 0174 636C6561 		.ascii	"clear\000"
 1531      7200
 1532              	.LASF86:
 1533 017a 6F73616C 		.ascii	"osalThreadDequeueAllI\000"
 1533      54687265 
 1533      61644465 
 1533      71756575 
 1533      65416C6C 
 1534              	.LASF55:
 1535 0190 4C4F434B 		.ascii	"LOCKR\000"
 1535      5200
 1536              	.LASF43:
 1537 0196 71756575 		.ascii	"queue\000"
 1537      6500
 1538              	.LASF62:
 1539 019c 696F706F 		.ascii	"ioportid_t\000"
 1539      72746964 
 1539      5F7400
 1540              	.LASF4:
 1541 01a7 756E7369 		.ascii	"unsigned char\000"
 1541      676E6564 
 1541      20636861 
 1541      7200
 1542              	.LASF16:
 1543 01b5 6D73675F 		.ascii	"msg_t\000"
 1543      7400
 1544              	.LASF76:
 1545 01bb 5F5F6675 		.ascii	"__func__\000"
 1545      6E635F5F 
 1545      00
 1546              	.LASF20:
 1547 01c4 70726576 		.ascii	"prev\000"
 1547      00
 1548              	.LASF3:
ARM GAS  C:\Users\acest\AppData\Local\Temp\ccbjvY4c.s 			page 31


 1549 01c9 7369676E 		.ascii	"signed char\000"
 1549      65642063 
 1549      68617200 
 1550              	.LASF70:
 1551 01d5 6372706F 		.ascii	"crport\000"
 1551      727400
 1552              	.LASF12:
 1553 01dc 6C6F6E67 		.ascii	"long long unsigned int\000"
 1553      206C6F6E 
 1553      6720756E 
 1553      7369676E 
 1553      65642069 
 1554              	.LASF15:
 1555 01f3 75696E74 		.ascii	"uint32_t\000"
 1555      33325F74 
 1555      00
 1556              	.LASF80:
 1557 01fc 6F747970 		.ascii	"otyper\000"
 1557      657200
 1558              	.LASF38:
 1559 0203 43464752 		.ascii	"CFGR2\000"
 1559      3200
 1560              	.LASF13:
 1561 0209 75696E74 		.ascii	"uint16_t\000"
 1561      31365F74 
 1561      00
 1562              	.LASF57:
 1563 0212 41465248 		.ascii	"AFRH\000"
 1563      00
 1564              	.LASF56:
 1565 0217 4146524C 		.ascii	"AFRL\000"
 1565      00
 1566              	.LASF6:
 1567 021c 73686F72 		.ascii	"short unsigned int\000"
 1567      7420756E 
 1567      7369676E 
 1567      65642069 
 1567      6E7400
 1568              	.LASF40:
 1569 022f 53595343 		.ascii	"SYSCFG_TypeDef\000"
 1569      46475F54 
 1569      79706544 
 1569      656600
 1570              	.LASF17:
 1571 023e 63686172 		.ascii	"char\000"
 1571      00
 1572              	.LASF91:
 1573 0243 433A5C55 		.ascii	"C:\\Users\\acest\\Desktop\\R.A.C.E\\race_project\000"
 1573      73657273 
 1573      5C616365 
 1573      73745C44 
 1573      65736B74 
 1574              	.LASF14:
 1575 026f 696E7433 		.ascii	"int32_t\000"
 1575      325F7400 
 1576              	.LASF92:
 1577 0277 5F70616C 		.ascii	"_pal_events\000"
ARM GAS  C:\Users\acest\AppData\Local\Temp\ccbjvY4c.s 			page 32


 1577      5F657665 
 1577      6E747300 
 1578              	.LASF63:
 1579 0283 696F7061 		.ascii	"iopadid_t\000"
 1579      6469645F 
 1579      7400
 1580              	.LASF74:
 1581 028d 6D6F6465 		.ascii	"mode\000"
 1581      00
 1582              	.LASF45:
 1583 0292 5F426F6F 		.ascii	"_Bool\000"
 1583      6C00
 1584              	.LASF89:
 1585 0298 474E5520 		.ascii	"GNU C17 10.3.1 20210824 (release) -mcpu=cortex-m4 -"
 1585      43313720 
 1585      31302E33 
 1585      2E312032 
 1585      30323130 
 1586 02cb 6D746875 		.ascii	"mthumb -mfloat-abi=soft -march=armv7e-m -ggdb -O2 -"
 1586      6D62202D 
 1586      6D666C6F 
 1586      61742D61 
 1586      62693D73 
 1587 02fe 666F6D69 		.ascii	"fomit-frame-pointer -falign-functions=16 -ffunction"
 1587      742D6672 
 1587      616D652D 
 1587      706F696E 
 1587      74657220 
 1588 0331 2D736563 		.ascii	"-sections -fdata-sections -fno-common -flto\000"
 1588      74696F6E 
 1588      73202D66 
 1588      64617461 
 1588      2D736563 
 1589              	.LASF88:
 1590 035d 63685468 		.ascii	"chThdQueueObjectInit\000"
 1590      64517565 
 1590      75654F62 
 1590      6A656374 
 1590      496E6974 
 1591              	.LASF64:
 1592 0372 706F7274 		.ascii	"port\000"
 1592      00
 1593              	.LASF22:
 1594 0377 454D5231 		.ascii	"EMR1\000"
 1594      00
 1595              	.LASF29:
 1596 037c 454D5232 		.ascii	"EMR2\000"
 1596      00
 1597              	.LASF26:
 1598 0381 52455345 		.ascii	"RESERVED1\000"
 1598      52564544 
 1598      3100
 1599              	.LASF27:
 1600 038b 52455345 		.ascii	"RESERVED2\000"
 1600      52564544 
 1600      3200
 1601              	.LASF52:
ARM GAS  C:\Users\acest\AppData\Local\Temp\ccbjvY4c.s 			page 33


 1602 0395 4F535045 		.ascii	"OSPEEDR\000"
 1602      45445200 
 1603              	.LASF11:
 1604 039d 6C6F6E67 		.ascii	"long unsigned int\000"
 1604      20756E73 
 1604      69676E65 
 1604      6420696E 
 1604      7400
 1605              	.LASF21:
 1606 03af 494D5231 		.ascii	"IMR1\000"
 1606      00
 1607              	.LASF28:
 1608 03b4 494D5232 		.ascii	"IMR2\000"
 1608      00
 1609              	.LASF39:
 1610 03b9 53575052 		.ascii	"SWPR\000"
 1610      00
 1611              	.LASF93:
 1612 03be 63685F71 		.ascii	"ch_queue_init\000"
 1612      75657565 
 1612      5F696E69 
 1612      7400
 1613              	.LASF78:
 1614 03cc 6D61736B 		.ascii	"mask\000"
 1614      00
 1615              	.LASF66:
 1616 03d1 72747372 		.ascii	"rtsr1\000"
 1616      3100
 1617              	.LASF82:
 1618 03d7 70757064 		.ascii	"pupdr\000"
 1618      7200
 1619              	.LASF87:
 1620 03dd 6F73616C 		.ascii	"osalThreadQueueObjectInit\000"
 1620      54687265 
 1620      61645175 
 1620      6575654F 
 1620      626A6563 
 1621              	.LASF24:
 1622 03f7 46545352 		.ascii	"FTSR1\000"
 1622      3100
 1623              	.LASF90:
 1624 03fd 2E2E2F2E 		.ascii	"../../../../../ChibiStudio/chibios2111/os/hal/ports"
 1624      2E2F2E2E 
 1624      2F2E2E2F 
 1624      2E2E2F43 
 1624      68696269 
 1625 0430 2F53544D 		.ascii	"/STM32/LLD/GPIOv2/hal_pal_lld.c\000"
 1625      33322F4C 
 1625      4C442F47 
 1625      50494F76 
 1625      322F6861 
 1626              	.LASF41:
 1627 0450 63685F71 		.ascii	"ch_queue\000"
 1627      75657565 
 1627      00
 1628              	.LASF79:
 1629 0459 6D6F6465 		.ascii	"moder\000"
ARM GAS  C:\Users\acest\AppData\Local\Temp\ccbjvY4c.s 			page 34


 1629      7200
 1630              	.LASF37:
 1631 045f 53435352 		.ascii	"SCSR\000"
 1631      00
 1632              	.LASF83:
 1633 0464 616C7472 		.ascii	"altr\000"
 1633      00
 1634              	.LASF84:
 1635 0469 616C7472 		.ascii	"altrmask\000"
 1635      6D61736B 
 1635      00
 1636              	.LASF0:
 1637 0472 756E7369 		.ascii	"unsigned int\000"
 1637      676E6564 
 1637      20696E74 
 1637      00
 1638              	.LASF73:
 1639 047f 5F70616C 		.ascii	"_pal_lld_enablepadevent\000"
 1639      5F6C6C64 
 1639      5F656E61 
 1639      626C6570 
 1639      61646576 
 1640              	.LASF72:
 1641 0497 5F70616C 		.ascii	"_pal_lld_disablepadevent\000"
 1641      5F6C6C64 
 1641      5F646973 
 1641      61626C65 
 1641      70616465 
 1642              	.LASF19:
 1643 04b0 6E657874 		.ascii	"next\000"
 1643      00
 1644              	.LASF54:
 1645 04b5 42535252 		.ascii	"BSRR\000"
 1645      00
 1646              		.text
 1647              		.section	.gnu.lto_.profile.b3bf8fb3,"e",%progbits
 1648 0000 789C6362 		.ascii	"x\234cb\000\001\000\000\022\000\003"
 1648      00010000 
 1648      120003
 1649              		.text
 1650              		.section	.gnu.lto_.icf.b3bf8fb3,"e",%progbits
 1651 0000 789C9367 		.ascii	"x\234\223g@\000V\206\225\013O\337fg\\\360hN\027\027"
 1651      40005686 
 1651      950B4FDF 
 1651      66675CF0 
 1651      684E1717 
 1652 0014 53FFDE8E 		.ascii	"S\377\336\216\026\036\346\356'\307_\360\263\354\\w\300"
 1652      161EE6EE 
 1652      27C75FF0 
 1652      B3EC5C77 
 1652      C0
 1653 0025 980100DD 		.ascii	"\230\001\000\335G\015\303"
 1653      470DC3
 1654              		.text
 1655              		.section	.gnu.lto_.ipa_sra.b3bf8fb3,"e",%progbits
 1656 0000 789C3360 		.ascii	"x\2343`@\000\026\006\006F&f$\001\006FfT.\013\023\220"
 1656      40001606 
ARM GAS  C:\Users\acest\AppData\Local\Temp\ccbjvY4c.s 			page 35


 1656      06462666 
 1656      24010646 
 1656      66542E0B 
 1657 0016 64053381 		.ascii	"d\0053\201\020\000\016\237\000P"
 1657      10000E9F 
 1657      0050
 1658              		.text
 1659              		.section	.gnu.lto_.inline.b3bf8fb3,"e",%progbits
 1660 0000 789C6551 		.ascii	"x\234eQ=K\303P\024=\367\336\330f\310P\2128t\312\350"
 1660      3D4BC350 
 1660      143DF7DE 
 1660      D866C850 
 1660      8A3874CA 
 1661 0015 E40F70EA 		.ascii	"\344\017p\352/\360G\230\230H]\364\037D\321\251\240\342"
 1661      2FF04798 
 1661      98485DF4 
 1661      1F44D1A9 
 1661      A0E2
 1662 0027 224E2A44 		.ascii	"\"N*Dp\022\301\250P\024\212P\007\021!\024tV\034\204"
 1662      7012C1A8 
 1662      50148A50 
 1662      07112114 
 1662      74561C84 
 1663 003b 2E0EFE00 		.ascii	".\016\376\000\357M\322\342\307\345\301;9\357\344\335"
 1663      EF4DD2E2 
 1663      C7E5C13B 
 1663      39EFE4DD 
 1664 004b 73EE1B11 		.ascii	"s\356\033\021&\345\000\336\315\363\316)w\010\334T\224"
 1664      26E500DE 
 1664      CDF3CE29 
 1664      7708DC54 
 1664      94
 1665 005c 7207A825 		.ascii	"r\007\250%Z\0342X%\214'\274}\0146y\205\204WS\301\236"
 1665      5A1C3258 
 1665      258C27BC 
 1665      7D0C3679 
 1665      85845753 
 1666 0072 A442C4A0 		.ascii	"\244B\304\240 \025\256\276\204\327\364\2042\252X\272"
 1666      2015AEBE 
 1666      84D7F484 
 1666      32AA58BA 
 1667 0082 242665B4 		.ascii	"$&e\264\352\363\207\275\374\325\256\365>\007g_\022\331"
 1667      EAF387BD 
 1667      FCD5AEF5 
 1667      3E07675F 
 1667      12D9
 1668 0094 B53327FB 		.ascii	"\2653'\373\275c\216\321({\311\222\313\320\325R|.\261"
 1668      BD638ED1 
 1668      287BC992 
 1668      CBD0D552 
 1668      7C2EB1
 1669 00a7 0B17AD87 		.ascii	"\013\027\255\207\274{+\221\243\026ki/\357J\3500\034"
 1669      BC7B2B91 
 1669      A3166B69 
 1669      2FEF4AE8 
 1669      301C
 1670 00b9 33249833 		.ascii	"3$\2303\031/S\335\272J\351\000Eg\252\374\2209\025\272"
ARM GAS  C:\Users\acest\AppData\Local\Temp\ccbjvY4c.s 			page 36


 1670      192F53DD 
 1670      BA4AE900 
 1670      4567AAFC 
 1670      903915BA 
 1671 00cd A28AA56B 		.ascii	"\242\212\245k*\264?\230\354\237&\323\377Rq\314\264\356"
 1671      2AB43F98 
 1671      EC9F26D3 
 1671      FF5271CC 
 1671      B4EE
 1672 00df 53965D77 		.ascii	"S\226]w\013\341Mk\307>G\277F\323Tt\244\\\273\312\020"
 1672      0BE14D6B 
 1672      C73E47BF 
 1672      46D35474 
 1672      A45CBBCA 
 1673 00f4 22D12116 		.ascii	"\"\321!\026\347\001\372\004\257L\206\204Q\3330\030X"
 1673      E701FA04 
 1673      AF4C8684 
 1673      51DB3018 
 1673      58
 1674 0105 2E5E37C1 		.ascii	".^7\301\242\213\266;\246\213\214%\364\341\217\025>\332"
 1674      A28BB63B 
 1674      A68B8C25 
 1674      F4E18F15 
 1674      3EDA
 1675 0117 FE986EE8 		.ascii	"\376\230n\350\240\354\261\374\355\255\227\013\216ib"
 1675      A0ECB1FC 
 1675      EDAD970B 
 1675      8E6962
 1676 0126 5466EFEF 		.ascii	"Tf\357\357F\303?\306\274\367\307\203!\207(\004\236\305"
 1676      46C33FC6 
 1676      BCF7C783 
 1676      21872804 
 1676      9EC5
 1677 0138 D85D00BE 		.ascii	"\330]\000\276\001I\365q\213"
 1677      0149F571 
 1677      8B
 1678              		.text
 1679              		.section	.gnu.lto_.jmpfuncs.b3bf8fb3,"e",%progbits
 1680 0000 789C4D8B 		.ascii	"x\234M\213\321\011\2000\020C\223\313i\375sRW\250;8C"
 1680      D1098030 
 1680      104393CB 
 1680      69FD7352 
 1680      57A83B38 
 1681 0015 077130E1 		.ascii	"\007q0\341\274VA\003\217\300#\331\360\305\023\023\311"
 1681      BC564103 
 1681      8FC023D9 
 1681      F0C51313 
 1681      C9
 1682 0026 B2374DC9 		.ascii	"\2627M\311\234@\177\343\211\334H\303+\362\304\323\211"
 1682      9C407FE3 
 1682      89DC48C3 
 1682      2BF2C4D3 
 1682      89
 1683 0037 E48A8895 		.ascii	"\344\212\210\225v\250\251\220OEwC-\254cY\373\032\270"
 1683      76A8A990 
 1683      4F457743 
 1683      2DAC6359 
ARM GAS  C:\Users\acest\AppData\Local\Temp\ccbjvY4c.s 			page 37


 1683      FB1AB8
 1684 004a 01E55819 		.ascii	"\001\345X\031h"
 1684      68
 1685              		.text
 1686              		.section	.gnu.lto_.pureconst.b3bf8fb3,"e",%progbits
 1687 0000 789CE365 		.ascii	"x\234\343e```a\230\305\3024\213\205y\026\013\313,\026"
 1687      60606061 
 1687      98C5C234 
 1687      8B857916 
 1687      0BCB2C16 
 1688 0014 00114E02 		.ascii	"\000\021N\002\223"
 1688      93
 1689              		.text
 1690              		.section	.gnu.lto_.lto.b3bf8fb3,"e",%progbits
 1691 0000 09000400 		.ascii	"\011\000\004\000\001\000\000\000"
 1691      01000000 
 1692              		.text
 1693              		.section	.gnu.lto__pal_lld_init.403.b3bf8fb3,"e",%progbits
 1694 0000 789C9554 		.ascii	"x\234\225TKl\033U\024}\347\275\361'u\210\020\233\354"
 1694      4B6C1B55 
 1694      147DE7BD 
 1694      F1277588 
 1694      109BEC
 1695 0013 AA080910 		.ascii	"\252\010\011\020\022\330qB\204TuQ\224\362\223\212\370"
 1695      12D87142 
 1695      84547551 
 1695      94F2938A 
 1695      F8
 1696 0024 A4EC46AA 		.ascii	"\244\354F\252\202c).V\355\332.\333N\355\004T7Ml\327"
 1696      8263292E 
 1696      56EDDA2E 
 1696      DB4EED04 
 1696      54374D6C 
 1697 0039 8414E200 		.ascii	"\204\024\342\000\221\013\205M\325E!m\363q\023\032\247"
 1697      910B854D 
 1697      D545216D 
 1697      F371131A 
 1697      A7
 1698 004a FC5C0A28 		.ascii	"\374\\\012(\025\202\320\004UjY\240\022\026\216P\020"
 1698      1582D004 
 1698      556A59A0 
 1698      12168E50 
 1698      10
 1699 005b DCF7663C 		.ascii	"\334\367f<q\325F\300\310\236y\357\276{\3179\3673\223"
 1699      71D546C0 
 1699      C89E79EF 
 1699      BE7BCF39 
 1699      F73393
 1700 006e 7730D609 		.ascii	"w0\326\011\306\"\21418\031r\3314g\206a\354pq\344\263"
 1700      C6228C31 
 1700      381972D9 
 1700      34678661 
 1700      EC7071E4 
 1701 0083 E9EAC883 		.ascii	"\351\352\310\2038\013\265\027\310\237\256\235i<\225"
 1701      380BB517 
 1701      C89FAE9D 
 1701      693C95
ARM GAS  C:\Users\acest\AppData\Local\Temp\ccbjvY4c.s 			page 38


 1702 0092 3DC2E964 		.ascii	"=\302\351d\351\303\261\355Z\177\266i\374\352\262\320"
 1702      E9C3B1ED 
 1702      5A7FB669 
 1702      FCEAB2D0 
 1703 00a2 1C38944D 		.ascii	"\0348\224M/\036\347\312\005\354 \227\246\203\\c(i\270"
 1703      2F1EE7CA 
 1703      05EC2097 
 1703      A6835C63 
 1703      2869B8
 1704 00b5 77E3C6CC 		.ascii	"w\343\306\314\353\230x\230<\327\256\277ux\016\306\311"
 1704      EB987898 
 1704      3CD7AEBF 
 1704      75780EC6 
 1704      C9
 1705 00c6 128A82B1 		.ascii	"\022\212\202\2611\301j\327\250@N\024\005\240Y+\216\026"
 1705      31C16AD7 
 1705      A8404E14 
 1705      05A0592B 
 1705      8E16
 1706 00d8 5A8914E4 		.ascii	"Z\211\024\344\321\003%\303\2705\220z\243)s\310]\024"
 1706      D10325C3 
 1706      B835907A 
 1706      A32973C8 
 1706      5D14
 1707 00ea 029F8242 		.ascii	"\002\237\202B\361\011p\0062\270\037\3574R6\0230\021"
 1707      F1097006 
 1707      32B81FEF 
 1707      34523613 
 1707      3011
 1708 00fc 41114E89 		.ascii	"A\021N\211\016\234S\341j\303q^mDA=\036\"\310\265\334"
 1708      0E9C53E1 
 1708      6AC3715E 
 1708      6D44413D 
 1708      1E22C8B5 
 1709 0111 9185F3DB 		.ascii	"\221\205\363\333\313)\343\231\242\3200I\240\302\002"
 1709      CB29E399 
 1709      A2D03049 
 1709      A0C202
 1710 0120 C51409D4 		.ascii	"\305\024\011\324\372\261\334h\261\257M_\032\031p\031"
 1710      FAB1DC68 
 1710      B1AF4D5F 
 1710      1A197019 
 1711 0130 0B865673 		.ascii	"\013\206Vse\033\256\246~\247\314\257\374\"\246\311v"
 1711      651BAEA6 
 1711      7EA7CCAF 
 1711      FC22A6C9 
 1711      76
 1712 0141 5662D934 		.ascii	"Vb\3314K\203\205\312\326Q\243d\307\362Zl\311\244Y\267"
 1712      4B8385CA 
 1712      D651A364 
 1712      C7F25A6C 
 1712      C9A459B7 
 1713 0155 69A4A2D6 		.ascii	"i\244\242\326\331\324]\211JuD\023\327\013N\\ \343\214"
 1713      D9D45D89 
 1713      4A754413 
 1713      D70B4E5C 
 1713      20E38C
ARM GAS  C:\Users\acest\AppData\Local\Temp\ccbjvY4c.s 			page 39


 1714 0168 84B392C4 		.ascii	"\204\263\222\304,jI\036\3456\373\345\334t\271\331dw"
 1714      2C6A491E 
 1714      E536FBE5 
 1714      DC74B9D9 
 1714      6477
 1715 017a E033C8B2 		.ascii	"\3403\310\262X\200\027\211\335\321\217\334=5v\022:\344"
 1715      58801789 
 1715      DDD18FDC 
 1715      3D357612 
 1715      3AE4
 1716 018c 21D7BE96 		.ascii	"!\327\276\226\232/\333\360\255\313\262\3628\346\311"
 1716      9A2FDBF0 
 1716      ADCBB2F2 
 1716      38E6C9
 1717 019b 3627C198 		.ascii	"6'\301\230$.\253R\223\013\250\013\247\2568J\306\372"
 1717      242EAB52 
 1717      930BA80B 
 1717      A7AE384A 
 1717      C6FA
 1718 01ad DF4346A9 		.ascii	"\337CF\251\3529<7H3\342\001\243l\270l\221K\336\334\264"
 1718      EA393C37 
 1718      4833E201 
 1718      A36CB86C 
 1718      914BDEDC 
 1719 01c2 A5511C12 		.ascii	"\245Q\034\022,3{t+\214\022c\031\301\325:E\353_a\254"
 1719      2C337B74 
 1719      2B8C1263 
 1719      19C1D53A 
 1719      45EB5F61 
 1720 01d7 1C2702F9 		.ascii	"\034'\002\371\034u\322#\371^\007E\311\261\020\252\341"
 1720      1C75D223 
 1720      F95E0745 
 1720      C9B110AA 
 1720      E1
 1721 01e8 19217E9F 		.ascii	"\031!~\237Z]\026\322[H\257w\347\271\364\276\237\375"
 1721      5A5D16D2 
 1721      5B48AF77 
 1721      E7B9F4BE 
 1721      9FFD
 1722 01fa 86643E8D 		.ascii	"\206d>\215q\001k\214\234\252\034}\340\264<)T\006\037"
 1722      71016B8C 
 1722      9CAA1C7D 
 1722      E0B43C29 
 1722      54061F
 1723 020d 48312E7C 		.ascii	"H1.|\001|\256\016\333(#\232*7\276\2448nf\331j\332\032"
 1723      017CAE0E 
 1723      DB28239A 
 1723      2A37BEA4 
 1723      386E66D9 
 1724 0224 F0150A72 		.ascii	"\360\025\012r\244\372`\0324|\015\251/\331Bm&\026I\372"
 1724      A4FA601A 
 1724      347C0DA9 
 1724      2FD9426D 
 1724      261649FA 
 1725 0238 C789E14C 		.ascii	"\307\211\341L\365\332}\324\011%\370\315\352H\315\345"
 1725      F5DA7DD4 
 1725      0925F8CD 
ARM GAS  C:\Users\acest\AppData\Local\Temp\ccbjvY4c.s 			page 40


 1725      EA48CDE5 
 1726 0248 82ED3255 		.ascii	"\202\3552U876\014\352\217r\231Yj\240\332\331Z\335\226"
 1726      3837360C 
 1726      EA8F7299 
 1726      596AA0DA 
 1726      D95ADD96 
 1727 025c 566D53AD 		.ascii	"VmS\255\337\000\227m\255\223?O\0168\244\336+w\321\373"
 1727      DF00976D 
 1727      AD933F4F 
 1727      0E38A4DE 
 1727      2B77D1FB 
 1728 0270 ADA9D732 		.ascii	"\255\251\3272M\236*W\026\311w\013\276#;\344\200\250"
 1728      4D9E2A57 
 1728      16C9770B 
 1728      BE233BE4 
 1728      80A8
 1729 0282 4C6EC8C6 		.ascii	"Ln\310\306\343{K\020)\235\2272\224\322\367O\254\017"
 1729      E37B4B10 
 1729      299D9732 
 1729      94D2F74F 
 1729      AC0F
 1730 0294 92D2B2A9 		.ascii	"\222\322\262\2514[i\300\202R\372\366GM\226L\007le[("
 1730      345B69C0 
 1730      8252FAF6 
 1730      474D964C 
 1730      076C655B 
 1731 02a9 3F2C8249 		.ascii	"?,\202I\256\033\\\036]%\036.\347\301\302[9V\251\013"
 1731      AE1B5C1E 
 1731      5D251E2E 
 1731      E7C1C25B 
 1731      3956A90B 
 1732 02bd DF24E807 		.ascii	"\337$\350\007\012\022\033A\311[S\205iU\"9e\312P\034"
 1732      0A121B41 
 1732      C95B5385 
 1732      69552239 
 1732      65CA501C 
 1733 02d1 CE57DD4C 		.ascii	"\316W\335L\016\274\332\376\265zz7\275c\362U\263\333"
 1733      0EBCDAFE 
 1733      B57A7A37 
 1733      BD63F255 
 1733      B3DB
 1734 02e3 BEEADEA4 		.ascii	"\276\352\336\244x?\336\321\350\237\254\302YU\363`\211"
 1734      783FDED1 
 1734      E89FACC2 
 1734      5955F360 
 1734      89
 1735 02f4 04688CC9 		.ascii	"\004h\214\311\354<\377\005r\371\016\310\225\333!\033"
 1735      EC3CFF05 
 1735      72F90EC8 
 1735      95DB211B 
 1736 0304 F10B41D2 		.ascii	"\361\013A\322\210\303k\242\311R\024\346\233\01155\372"
 1736      88C36BA2 
 1736      C95214E6 
 1736      9B093535 
 1736      FA
 1737 0315 FA45312E 		.ascii	"\372E1.\\\344o\016\264\325\202\011Bp\251\331\326\010"
 1737      5CE46F0E 
ARM GAS  C:\Users\acest\AppData\Local\Temp\ccbjvY4c.s 			page 41


 1737      B4D58209 
 1737      4270A9D9 
 1737      D608
 1738 0327 C3D0E46C 		.ascii	"\303\320\344l\203Nv0u\244\346{|F\243\264\331M\364\335"
 1738      834E7630 
 1738      75A4E67B 
 1738      7C46A3B4 
 1738      D94DF4DD 
 1739 033b 9C6BB201 		.ascii	"\234k\262\001\324'\366Op\\\002\377XB\213\264\213`\034"
 1739      D427F64F 
 1739      705C02FF 
 1739      58428BB4 
 1739      8B601C
 1740 034e F6FBB48A 		.ascii	"\366\373\264\212\344\2653O\251\357\354\220\2002'Kr\367"
 1740      E4B5334F 
 1740      A9EFEC90 
 1740      8032274B 
 1740      72F7
 1741 0360 48E736FD 		.ascii	"H\3476\375\345x0\026\327\273\003\301xB\337\031\214\277"
 1741      E5783016 
 1741      D7BB03C1 
 1741      7842DF19 
 1741      8CBF
 1742 0372 9A8844F5 		.ascii	"\232\210D\365\227\274Ox;\275O\35212\357\211\306\"{\203"
 1742      97BC4F78 
 1742      3BBD4FEA 
 1742      3132EF89 
 1742      C6227B83 
 1743 0386 8104EBF2 		.ascii	"\201\004\353\362z}\365\277\316\336\320+\241\256\304"
 1743      7A7DF5BF 
 1743      CEDED02B 
 1743      A1AEC4
 1744 0395 819E50C4 		.ascii	"\201\236P\304\027\220\353H\274\315\357\367\373\"q_o"
 1744      1790EB48 
 1744      BCCDEFF7 
 1744      FB22715F 
 1744      6F
 1745 03a6 77D8178D 		.ascii	"w\330\027\215\304\022q_\327\356\347\332\333|\273v\355"
 1745      C412715F 
 1745      D7EEE7DA 
 1745      DB7CBB76 
 1745      ED
 1746 03b7 F43DFDC2 		.ascii	"\364=\375\302\263\317\277\326&\217\366D\351\037\016"
 1746      B3CFBFD6 
 1746      268FF644 
 1746      E91F0E
 1747 03c6 F778030C 		.ascii	"\367x\003\014\241\346\333\014\336\236\366v\377c\376"
 1747      A1E6DB0C 
 1747      DE9EF676 
 1747      FF63FE
 1748 03d5 8E562612 		.ascii	"\216V&\022\373\243\035\201m\272B\216+\026\275\216E\217"
 1748      FBA31D81 
 1748      6DBA428E 
 1748      2B16BD8E 
 1748      458F
 1749 03e7 C4758AA4 		.ascii	"\304u\212\244\007\335b\211G\367\205\314\265\267\227"
 1749      07DD6289 
ARM GAS  C:\Users\acest\AppData\Local\Temp\ccbjvY4c.s 			page 42


 1749      47F785CC 
 1749      B5B797
 1750 03f6 FD4B542C 		.ascii	"\375KT,\241\207\366\005\302\007z\202t\222\350\215\005"
 1750      A187F605 
 1750      C2077A82 
 1750      7492E88D 
 1750      05
 1751 0407 BB7BE214 		.ascii	"\273{\342\024\305\367G\333\377G`\230\234d\330?K\264"
 1751      C5F747DB 
 1751      FF476098 
 1751      9C64D83F 
 1751      4BB4
 1752 0419 312C     		.ascii	"1,"
 1753              		.text
 1754              		.section	.gnu.lto__pal_lld_setgroupmode.404.b3bf8fb3,"e",%progbits
 1755 0000 789C8D56 		.ascii	"x\234\215VklTE\024\236s\347\356\243\273\355-(\210\212"
 1755      6B6C5445 
 1755      149E73E7 
 1755      EEA3BBED 
 1755      2D28888A 
 1756 0014 428B20AF 		.ascii	"B\213 \257\262\333->\000\015\026\321\030\223\226\266"
 1756      B2DB2D3E 
 1756      000D16D1 
 1756      189396B6 
 1757 0024 A2FF9A28 		.ascii	"\242\377\232(\320&\242mv\263\273j\374\345\226BK0\221"
 1757      D026A26D 
 1757      76B3BB6A 
 1757      FCE59642 
 1757      4B3091
 1758 0037 DD5645B4 		.ascii	"\335VE\264T]\320T\177\000j\024\012\202\225Z\026\253"
 1758      545DD054 
 1758      7F006A14 
 1758      0A82955A 
 1758      16AB
 1759 0049 08E51134 		.ascii	"\010\345\0214\202U\"\012\206\"j*Z\251x\316\231\335{"
 1759      8255220A 
 1759      86226A2A 
 1759      5AA978CE 
 1759      99DD7B
 1760 005c 7757D2B4 		.ascii	"wW\322\264iOg\316|\337\231o\316\234;3\317\030B\364\013"
 1760      694F67CE 
 1760      7CDF996F 
 1760      CE9C3B33 
 1760      CF1842F4 
 1761 0071 212EE11F 		.ascii	"!.\341\037\344\013h\211\255\323D$\022)uh\320\032sqK"
 1761      E40B6889 
 1761      ADD34424 
 1761      12297568 
 1761      D01A7371 
 1762 0086 6AAB63CF 		.ascii	"j\253c\317k\3609`\257@o\213\236.\204#\252\255kkb\356"
 1762      6BF03960 
 1762      AF406F8B 
 1762      9E2E8423 
 1762      AAAD6B6B 
 1763 009c F39B7F18 		.ascii	"\363\233\177\030\257o\214\236\206\027O\266\317\322m"
 1763      AF6F8C9E 
 1763      86174FB6 
ARM GAS  C:\Users\acest\AppData\Local\Temp\ccbjvY4c.s 			page 43


 1763      CFD26D
 1764 00ab 5A53CCCD 		.ascii	"ZS\314\315\203\3151\203\377\333\341\225\2268p$\0075"
 1764      83CD3183 
 1764      FFDBE195 
 1764      96387024 
 1764      0735
 1765 00bd 0B557C27 		.ascii	"\013U|'\264a[E*u\344h\257F\337WA_\303P\334p\021B\015"
 1765      B4615B45 
 1765      2A75E468 
 1765      AF46DF57 
 1765      415FC350 
 1766 00d6 BB19AC88 		.ascii	"\273\031\254\210\271\332\246\350\373\205(g\353\3725"
 1766      B9DAA6E8 
 1766      FB852867 
 1766      EBFA35
 1767 00e5 0EBD1DD1 		.ascii	"\016\275\035\321G.\016\315\323\363\240!\266\256\277"
 1767      472E0ECD 
 1767      D3F3A021 
 1767      B6AEBF
 1768 00f4 C3608C01 		.ascii	"\303`\214\001\255\357\255\373\271\255\230; \236\323"
 1768      ADEFADFB 
 1768      B9AD983B 
 1768      209ED3
 1769 0103 A46EB33B 		.ascii	"\244n\263;\2349.wn\236\001\330\025\326O\253\234\211"
 1769      9C392E77 
 1769      6E9E01D8 
 1769      15D64FAB 
 1769      9C89
 1770 0115 B0BFCE6C 		.ascii	"\260\277\316l\350\354\206HG\027l\301\301\366\024\240"
 1770      E8EC8648 
 1770      47176CC1 
 1770      C1F614A0 
 1771 0125 4D428BDC 		.ascii	"MB\213\334\"\001\364dK\203\002l\311F\020\323\273\"\221"
 1771      2201F464 
 1771      4B83026C 
 1771      C94610D3 
 1771      BB2291
 1772 0138 C3877646 		.ascii	"\303\207vF\"9b\213\224\260\003\220\004\037\001|\010"
 1772      2239628B 
 1772      94B00390 
 1772      041F017C 
 1772      08
 1773 0149 821C6BE1 		.ascii	"\202\034k\341\017\027!\337P\310\213\2736\277lD1\270"
 1773      0F1721DF 
 1773      50C88BBB 
 1773      36BF6C44 
 1773      31B8
 1774 015b 0E9D9948 		.ascii	"\016\235\231H}-\\a\344[I\344\356\315\255\214\264\301"
 1774      7D2D5C61 
 1774      E45B49E4 
 1774      EECDAD8C 
 1774      B4C1
 1775 016d EE4CA46D 		.ascii	"\356L\244m-<\357fM\362]\240\177\323\010\336\333\330"
 1775      2D3CEF66 
 1775      4DF25DA0 
 1775      7FD308DE 
 1775      DBD8
ARM GAS  C:\Users\acest\AppData\Local\Temp\ccbjvY4c.s 			page 44


 1776 017f 6C441B9C 		.ascii	"lD\033\234[\244\035\366\244\343\205X\013G\335\004\336"
 1776      5BA41DF6 
 1776      A4E38558 
 1776      0B47DD04 
 1776      DE
 1777 0190 6A82B77F 		.ascii	"j\202\267\177\336\330\034\031\263\272\200\300\237d\203"
 1777      DED81C19 
 1777      B3BA80C0 
 1777      9F6483
 1778 019f 130CFEC0 		.ascii	"\023\014\376\300\002\037\260\300\237f\203w3\270\323"
 1778      021FB0C0 
 1778      9F668377 
 1778      33B8D3
 1779 01ae 027F6281 		.ascii	"\002\177b\201\273\263\301\333\030\374\251\005\336k\201"
 1779      BBB3C1DB 
 1779      18FCA905 
 1779      DE6B81
 1780 01bd 7BB2C19B 		.ascii	"{\262\301\233\031|\300\002\357\261\300\211l\360\006"
 1780      197CC002 
 1780      EFB1C089 
 1780      6CF006
 1781 01cc B75DC001 		.ascii	"\267]\300\001\200\375\000\237\001\354\003\350\002\330"
 1781      80FD009F 
 1781      01EC03E8 
 1781      02D8
 1782 01da 0B6AFF80 		.ascii	"\013j\377\200\342|e%\352`wK*Q\275\331qV\345\022\270"
 1782      E27C6525 
 1782      EA60774B 
 1782      2A51BDD9 
 1782      7156E512 
 1783 01ef CF041FDE 		.ascii	"\317\004\037\336K\033\313s~\231\215\275\304\002\217"
 1783      4B1BCB73 
 1783      7E998DBD 
 1783      C4028F
 1784 01fe 59D85D26 		.ascii	"Y\330]&\366\253l\354y\306\236\260\260\035&\366p6\366"
 1784      F6AB6CEC 
 1784      79C69EB0 
 1784      B01D26F6 
 1784      7036F6
 1785 0211 7B5A4B1F 		.ascii	"{ZK\037\300!\200\203\000_\200\300\032Gw\277\033\307"
 1785      C0218083 
 1785      005F80C0 
 1785      1A4777BF 
 1785      1BC7
 1786 0223 5DFF5F64 		.ascii	"]\377_d:t\333\021[W\344\362\225\365\221H\377\304oO\276"
 1786      3A74DB11 
 1786      5B57E4F2 
 1786      95F59148 
 1786      FFC46F4F 
 1787 0238 9DF31060 		.ascii	"\235\363\020`\271842\222\214N\306F\306N\306A\306\211"
 1787      B9383432 
 1787      928C4EC6 
 1787      46C64EC6 
 1787      41C689
 1788 024b C649B5EB 		.ascii	"\306I\265\353pQ\313M&\227\272yd\0142\371d\306\220\031"
 1788      7051CB4D 
 1788      2697BA79 
ARM GAS  C:\Users\acest\AppData\Local\Temp\ccbjvY4c.s 			page 45


 1788      640C32F9 
 1788      64C69019 
 1789 025f 4BE61A32 		.ascii	"K\346\0322\327\222\031Gf<\231\353\310L s=\231\033\310"
 1789      D7921947 
 1789      663C99EB 
 1789      C84C2073 
 1789      3D991BC8 
 1790 0273 DC486622 		.ascii	"\334Hf\"\231\233\310\334Lf\022\231\311d\012\310\024"
 1790      999BC8DC 
 1790      4C661299 
 1790      C9640AC8 
 1790      14
 1791 0284 929942E6 		.ascii	"\222\231B\346\0262S\311L#s+\231\351df\220\231If\026"
 1791      163253C9 
 1791      4C23732B 
 1791      99E96466 
 1791      90994966 
 1792 0299 99D9648A 		.ascii	"\231\331d\212\310\314\021\260\013<\264\355^\2019)\026"
 1792      C8CC11B0 
 1792      0B3CB4ED 
 1792      5E813929 
 1792      16
 1793 02aa 98159FC0 		.ascii	"\230\025\237\300\274\224\010L\313\035\000\037\303\235"
 1793      BC94084C 
 1793      CB1D001F 
 1793      C39D
 1794 02b8 343A8F46 		.ascii	"4:\217F\347\323\350\002\032\275K`\336\356\006\344.\244"
 1794      E7D3E802 
 1794      1ABD4B60 
 1794      DEEE06E4 
 1794      2EA4
 1795 02ca 34DF2330 		.ascii	"4\337#0{\245\002\363\267H`\006\357\005\330\011e\024"
 1795      7BA502F3 
 1795      B7486006 
 1795      EF05D809 
 1795      6514
 1796 02dc B99C684B 		.ascii	"\271\234hK\210VA\264J\012UE\221\205X/\305\305\241\216"
 1796      885641B4 
 1796      4A0A5545 
 1796      9185582F 
 1796      C5C5A18E 
 1797 02f0 7910E912 		.ascii	"y\020\351\022\"*5n7`\373\027\210\234\376g?\210\013\320"
 1797      222A356E 
 1797      3760FB17 
 1797      889CFE67 
 1797      3F880BD0 
 1798 0304 F872F319 		.ascii	"\370r\363\031\210\313;\343\362\016:-\034 qpU\001\206"
 1798      88CB3BE3 
 1798      F20E3A2D 
 1798      1C207170 
 1798      550186
 1799 0317 4027E386 		.ascii	"@'\343\206\025\356r\323\031{\\B\022\347\004\315\"\317"
 1799      15EE72D3 
 1799      197B5C42 
 1799      12E704CD 
 1799      22CF
 1800 0329 8BABA3C6 		.ascii	"\213\253\243\306\001\240\310\373\311\311\344+)\362\000"
ARM GAS  C:\Users\acest\AppData\Local\Temp\ccbjvY4c.s 			page 46


 1800      01A0C8FB 
 1800      C9C9E42B 
 1800      29F200
 1801 0338 92352443 		.ascii	"\2225$C\221\305\233\217.8\232\344|F\016\346\304\022"
 1801      91C59B8F 
 1801      2E389AE4 
 1801      7C460EE6 
 1801      C412
 1802 034a 69134A73 		.ascii	"i\023JsB\233E\\\200~\223\270\217\034LlM\021{\034q\251"
 1802      429B455C 
 1802      807E93B8 
 1802      8F1C4C6C 
 1802      4D117B1C 
 1803 0360 9B448745 		.ascii	"\233D\207E\274\013\375Ji\276\"w\221\223\311/%8\336\033"
 1803      BC0BFD4A 
 1803      69BE2277 
 1803      9193C92F 
 1803      2538DE1B 
 1804 0374 F3317104 		.ascii	"\3631q\004\261s\221G\245\304\2636\242'\263\266\252\224"
 1804      B1739147 
 1804      A5C4B336 
 1804      A227B3B6 
 1804      AA94
 1805 0386 F21A9725 		.ascii	"\362\032\227%\330\326xf\037\267H|1\267h\351^nQ\006="
 1805      D8D67866 
 1805      1FB7487C 
 1805      31B768E9 
 1805      5E6E5106 
 1806 039b DCDA85AD 		.ascii	"\334\332\205\2559<\311\206D\016}#\324\334\230Hfp\030"
 1806      393CC986 
 1806      440E7D23 
 1806      D4DC9848 
 1806      667018
 1807 03ae 476D0880 		.ascii	"Gm\010\200\343 \316\301\352s\335\313\261\257D\362\211"
 1807      E320CEC1 
 1807      EA73DDCB 
 1807      B1AF44F2 
 1807      89
 1808 03bf 3E0473E2 		.ascii	">\004s\342\362nM\027qYf\264\367\235ub\204!\360\340\366"
 1808      F26E4D17 
 1808      715966B4 
 1808      F79D7562 
 1808      8421F0E0 
 1809 03d4 68DFED08 		.ascii	"h\337\355\010\304e\245\361o_\335\020x1\345\332\005r"
 1809      C465A5F1 
 1809      6F5FDD10 
 1809      7831E5DA 
 1809      0572
 1810 03e6 941BFBAB 		.ascii	"\224\033\373\253\206\240\030\323\251\375\211\373\272"
 1810      86A018D3 
 1810      A9FD89FB 
 1810      BA
 1811 03f3 C4F8AE2F 		.ascii	"\304\370\256/<\004>\314\222\366B'\216W\030\027\210P"
 1811      3C043ECC 
 1811      92F64227 
 1811      8E571817 
 1811      8850
ARM GAS  C:\Users\acest\AppData\Local\Temp\ccbjvY4c.s 			page 47


 1812 0405 02DF80B6 		.ascii	"\002\337\200\266\225\034U\306\013G\037\303\245\352\015"
 1812      951C55C6 
 1812      0B471FC3 
 1812      A5EA0D
 1813 0414 B854CD2C 		.ascii	"\270T\315,\220\327\022n\274\355\270\331\236\314a\017"
 1813      90D7126E 
 1813      BCEDB8D9 
 1813      9ECC610F 
 1814 0424 661537A5 		.ascii	"f\0257\245D\311c\347\366\246\001tb\302\355\312\251\223"
 1814      44C963E7 
 1814      F6A60174 
 1814      62C2EDCA 
 1814      A993
 1815 0436 73A8A907 		.ascii	"s\250\251\0077{!'\334\2412\335\207\313\\\310\301\336"
 1815      377B2127 
 1815      DCA132DD 
 1815      87CB5CC8 
 1815      C1DE
 1816 0448 4B488519 		.ascii	"KH\205\031D\227\023fS:/\300\252\313\315\307\261\177"
 1816      44971366 
 1816      533A2FC0 
 1816      AACBCDC7 
 1816      B17F
 1817 045a 0FBA14E1 		.ascii	"\017\272\024\341\020\365\230\360\201\"lo\032\304\240"
 1817      10F598F0 
 1817      81226C6F 
 1817      1AC4A0
 1818 0469 39E6F49A 		.ascii	"9\346\364\232\025\305\005E8bE)E\227\212r\220z\034\345"
 1818      15C50545 
 1818      38624529 
 1818      45978A72 
 1818      907A1CE5 
 1819 047d C3D4B494 		.ascii	"\303\324\264\224p\267*\215|\222g\262\026\241_\261\276"
 1819      70B72A8D 
 1819      7C9267B2 
 1819      16A15FB1 
 1819      BE
 1820 048e A01EB376 		.ascii	"\240\036\263v0k\337\307\357L\212\313\334\344\225*\371"
 1820      306BDFC7 
 1820      EF4C8ACB 
 1820      DCE4952A 
 1820      F9
 1821 049f 747C9B6E 		.ascii	"t|\233nz<\234Q\320\275\320\017\242\370M\356\272\340"
 1821      7A3C9C51 
 1821      D0BDD00F 
 1821      A2F84DEE 
 1821      BAE0
 1822 04b1 7BD8C4B7 		.ascii	"{\330\304\2671\306}\245y\030\223\223G\013\341\374Q\252"
 1822      31C67DA5 
 1822      79189393 
 1822      470BE1FC 
 1822      51AA
 1823 04c3 0C0C843E 		.ascii	"\014\014\204>r\2644\237\301\235\317g\237\227\246\271"
 1823      72B4349F 
 1823      C19DCF67 
 1823      9F97A6B9 
 1824 04d3 B86E404B 		.ascii	"\270n@K\205>\233w\225\330\247Ul$\261\272\3164ucF\322"
ARM GAS  C:\Users\acest\AppData\Local\Temp\ccbjvY4c.s 			page 48


 1824      853E9B77 
 1824      95D8A755 
 1824      6C24B1BA 
 1824      CE347563 
 1825 04e9 F423F220 		.ascii	"\364#\362 \245\251\007'\035KiaM\203\250\351\032\244"
 1825      A5A90727 
 1825      1D4B6961 
 1825      4D83A8E9 
 1825      1AA4
 1826 04fb A34F691A 		.ascii	"\243Oi\032\300\341k\331W<*M?\251\330HbM\273\3234\215"
 1826      C0E16BD9 
 1826      573C2A4D 
 1826      3FA9D848 
 1826      624DBBD3 
 1827 0511 1B49D359 		.ascii	"\033I\323Y\344i\254\211\276NT1\236e\215S*N\241\212\353"
 1827      E469AC89 
 1827      BE4E5431 
 1827      9E658D53 
 1827      2A4EA18A 
 1828 0526 D8E71B95 		.ascii	"\330\347\033\225\212_T4$\261\212=\250\002\277\246\263"
 1828      8A5F5434 
 1828      24B18A3D 
 1828      A802BFA6 
 1828      B3
 1829 0537 DD4FE087 		.ascii	"\335O\340\207\002\247\324\247\024\225\266\355\353\327"
 1829      02A7D4A7 
 1829      1495B6ED 
 1829      EBD7
 1830 0545 9C106689 		.ascii	"\234\020f\211\037M\344\022\352dw0YUv,j\205\264\177\235"
 1830      1F4DE412 
 1830      EA647730 
 1830      5955762C 
 1830      6A85B47F 
 1831 055a D837DB04 		.ascii	"\3307\333\004\036O\344\361\242\316\341\242&\214\264"
 1831      1E4FE4F1 
 1831      A2CEE1A2 
 1831      268CB4
 1832 0569 A8019421 		.ascii	"\250\001\224!S\211\246\324^O\225d.\361\006\244\243\317"
 1832      5389A6D4 
 1832      5E4F9564 
 1832      2EF106A4 
 1832      A3CF
 1833 057b 5AE28DEC 		.ascii	"Z\342\215\354[\250\2268h-1\377*\261\177U\261\221\304"
 1833      5BA89638 
 1833      682D31FF 
 1833      2AB17F55 
 1833      B191C4
 1834 058e 0A1D190A 		.ascii	"\012\035\031\012\277IS8q$\205\277a\024=]\341M\031\012"
 1834      BF495338 
 1834      712485BF 
 1834      61143D5D 
 1834      E14D190A 
 1835 05a2 6F463AFA 		.ascii	"oF:\372,\205\223\3307:\205\177\250\330Hb\205\316\314"
 1835      2C8593D8 
 1835      373A857F 
 1835      A8D84862 
 1835      85CECC
ARM GAS  C:\Users\acest\AppData\Local\Temp\ccbjvY4c.s 			page 49


 1836 05b5 6C7F8BD9 		.ascii	"l\177\213\331\346\312\230\034\227\223G\2228\210al\251"
 1836      E6CA981C 
 1836      97934792 
 1836      3888616C 
 1836      A9
 1837 05c6 CA208905 		.ascii	"\312 \211\005\\\031\223\255\372,d\237G\211\032\266D"
 1837      5C1993AD 
 1837      FA2C649F 
 1837      47891AB6 
 1837      44
 1838 05d7 19578976 		.ascii	"\031W\211vIEC\022\213\3129\214\327 \230\242\006\323"
 1838      49454312 
 1838      8BCA398C 
 1838      D72098A2 
 1838      06D3
 1839 05e9 444D1949 		.ascii	"DM\031I\324\337\331\242naQS,QS\3317:Q\377\244DMe\025"
 1839      D4DFD9A2 
 1839      6E615153 
 1839      2C5153D9 
 1839      373A51FF 
 1840 0602 97D20B11 		.ascii	"\227\322\013\021\316\247\312\325\325\261s\3171+\201"
 1840      CEA7CAD5 
 1840      D5B173CF 
 1840      312B81
 1841 0611 7FA7EDF1 		.ascii	"\177\247\355\361\264\221\264\016gW\341\255\031{<\035"
 1841      B491B40E 
 1841      6757E1AD 
 1841      197B3C1D 
 1842 0621 E9E8B3F6 		.ascii	"\351\350\263\366x\006\373F\267\307WRU8\203%\2723%\016"
 1842      7806FB46 
 1842      B7C75752 
 1842      55388325 
 1842      BA33250E 
 1843 0635 A7499C39 		.ascii	"\247I\2349\222\304\006-\253\014geH\304[a&\372,\211E"
 1843      92C4062D 
 1843      AB0C6765 
 1843      48C45B61 
 1843      26FA2C89 
 1844 064a EC1B9DC4 		.ascii	"\354\033\235\304F-Y\206E,17\375\012\307gB\257\213.a"
 1844      462D5986 
 1844      452C3137 
 1844      FD0AC767 
 1844      42AF8B2E 
 1845 065f 7E29D0B1 		.ascii	"~)\320\261_F\227\357lu\360\323U]\246\336\003\275\232"
 1845      5F4697EF 
 1845      6C75F0D3 
 1845      555DA6DE 
 1845      03BD9A
 1846 0672 3A40F03A 		.ascii	":@\360:.\243\243AW\233\202\361\3622\336Q\033z\245\370"
 1846      2EA3A341 
 1846      579B82F1 
 1846      F232DE51 
 1846      1B7AA5F8 
 1847 0686 1DB9C941 		.ascii	"\035\271\311A#\266\346DB\232\243\033{\223\327\024=?"
 1847      23B6E644 
 1847      429AA31B 
 1847      7B93D714 
ARM GAS  C:\Users\acest\AppData\Local\Temp\ccbjvY4c.s 			page 50


 1847      3D3F
 1848 0698 CAF1984F 		.ascii	"\312\361\230O\315D\017\205ru\317\246 \003\350Z\202\247"
 1848      CD440F85 
 1848      7275CFA6 
 1848      2003E85A 
 1848      82A7
 1849 06aa 2E1C4B7B 		.ascii	".\034K{\023-a\314\246\024\346\024\272*\360L41\364\010"
 1849      132D61CC 
 1849      A614E614 
 1849      BA2AF04C 
 1849      3431F408 
 1850 06be A960CCEB 		.ascii	"\251`\314\353\351\230J,D\023CO\221Ju\367*L[S\017\272"
 1850      E9984A2C 
 1850      4413434F 
 1850      914A75F7 
 1850      2A4C5B53 
 1851 06d4 AACC432F 		.ascii	"\252\314C/\211\243\247MU\362\241\222+\350\371\010\346"
 1851      89A3A74D 
 1851      55F2A192 
 1851      2BE8F908 
 1851      E6
 1852 06e5 F35188A2 		.ascii	"\363Q\210\242\305\013\252\037\011\325\006C\325\313V"
 1852      C50BAA1F 
 1852      09D50643 
 1852      D5CB56
 1853 06f4 D486C2D5 		.ascii	"\324\206\302\325\367\325\206\236\014\373\003\325\017"
 1853      F7D5869E 
 1853      0CFB03D5 
 1853      0F
 1854 0701 79167916 		.ascii	"y\026y\026{\356\257\016\242\373\321@\320\377D\355\212"
 1854      7BEEAF0E 
 1854      A2FBD140 
 1854      D0FF44ED 
 1854      8A
 1855 0712 B058EAF1 		.ascii	"\260X\352\361x\323\177\027?\276r\371\312\245\341\247"
 1855      78D37F17 
 1855      3FBE72F9 
 1855      CAA5E1A7 
 1856 0722 6A56FABD 		.ascii	"jV\372\275+\250\355\017\225\370|>\257?\344}|Y\2357\340"
 1856      2BA8ED0F 
 1856      95F87C3E 
 1856      AF3FE47D 
 1856      7C599D37 
 1857 0737 0F8643DE 		.ascii	"\017\206C\336\245\017\227\317-\361\226\225\335\347}"
 1857      A50F97CF 
 1857      2DF19695 
 1857      DDE77D
 1858 0746 A0F2C18A 		.ascii	"\240\362\301\212\247Kh\350\321\000\376\325\325\325x"
 1858      A74B68E8 
 1858      D100FED5 
 1858      D5D578
 1859 0755 56089D50 		.ascii	"V\010\235P\0232|\236\232\271s}\267\371n/\026z\375\262"
 1859      13327C9E 
 1859      9AB9737D 
 1859      B7F96E2F 
 1859      167AFDB2 
 1860 0769 D0937ABD 		.ascii	"\320\223z\275\277\246V._\031\326\227\325\205\203\266"
ARM GAS  C:\Users\acest\AppData\Local\Temp\ccbjvY4c.s 			page 51


 1860      BFA6562E 
 1860      5F19D697 
 1860      D58583B6 
 1861 0779 C053819A 		.ascii	"\300S\201\232\240\303\037\012\324\326\326\004\355\376"
 1861      A0C31F0A 
 1861      D4D6D604 
 1861      EDFE
 1862 0787 F0B381DA 		.ascii	"\360\263\201\332\240\215 A\255\3766\255\276D\253\367"
 1862      A08D2041 
 1862      ADFE36AD 
 1862      BE44ABF7 
 1863 0797 390948D4 		.ascii	"9\011H\324\377\000U\306\025%"
 1863      FF0055C6 
 1863      1525
 1864              		.text
 1865              		.section	.gnu.lto__pal_lld_enablepadevent.405.b3bf8fb3,"e",%progbits
 1866 0000 789C8594 		.ascii	"x\234\205\224mL\233U\024\307\357y\356\323W\336\006c"
 1866      6D4C9B55 
 1866      14C7EF79 
 1866      EED357DE 
 1866      0663
 1867 0012 63E3656B 		.ascii	"c\343ek\331\2301J\313\213~\361\323\014[\214\311|\211"
 1867      D998314A 
 1867      CB8B7EF1 
 1867      D30C5B8C 
 1867      C97C89
 1868 0025 E8B7260B 		.ascii	"\350\267&\013\266,\303\261\224\264h\374\266\313\313"
 1868      B62CC3B1 
 1868      94B468FC 
 1868      B6CBCB
 1869 0034 284113A0 		.ascii	"(A\023\240\306A\"3\3324\006>\230\261\017:&l\253\214"
 1869      C6412233 
 1869      DA34063E 
 1869      98B10F3A 
 1869      266CAB8C 
 1870 0048 69224171 		.ascii	"i\"Aq\006\223\371\272\220TaF\335T\342K z\316\275\355"
 1870      0693F9BA 
 1870      90546146 
 1870      DD54E24B 
 1870      207ACEBD 
 1871 005d D3A78D0D 		.ascii	"\323\247\215\015M{\236{\317\375\235\363?\367<\367\366"
 1871      4D7B9E7B 
 1871      CFFD9DF3 
 1871      3FF73CF7 
 1871      F6
 1872 006e A89DB145 		.ascii	"\250\235\261E\306X/\376\300\301 ::\2441!\304a\233\246"
 1872      C6582FFE 
 1872      C0C1203A 
 1872      3AA43121 
 1872      C4619BA6 
 1873 0082 F58DBEA2 		.ascii	"\365\215\276\242\301\307\2003\227\336?Z,\237\034^\037"
 1873      C1C78033 
 1873      97DE3F5A 
 1873      2C9F1C5E 
 1873      1F
 1874 0093 75CA751D 		.ascii	"u\312u\035Gi\326\242\015\230\330H\212\265\302x4\006"
 1874      4769D6A2 
ARM GAS  C:\Users\acest\AppData\Local\Temp\ccbjvY4c.s 			page 52


 1874      0D98D848 
 1874      8AB5C278 
 1874      3406
 1875 00a5 12B0D1D0 		.ascii	"\022\260\321\320\255`;\364\214\0169\024|\330\006\354"
 1875      AD603BF4 
 1875      8C0E3914 
 1875      7CD806EC 
 1876 00b5 8CC6758B 		.ascii	"\214\306u\213\025\335g\3405~?:\377J\216]\270\001b2\001"
 1876      15DD67E0 
 1876      357E3F3A 
 1876      FF4A8E5D 
 1876      B8016232 
 1877 00ca 71CED89B 		.ascii	"q\316\330\233\370\223\237\011\016Q\036\347\000zj\244"
 1877      F8939F09 
 1877      0E511EE7 
 1877      007A6AA4 
 1878 00da 810B47BC 		.ascii	"\201\013G\274\017\330}\011!\226o\315\010\341`q\316\341"
 1878      0FD87D09 
 1878      21966FCD 
 1878      08E16071 
 1878      CEE1
 1879 00ec 126010BC 		.ascii	"\022`\020\274\017\360\0360r\014\302\232\203\310\267"
 1879      0FF01E30 
 1879      720CC29A 
 1879      83C8B7
 1880 00fb 147977E6 		.ascii	"\024yw\346\354\271\342\021L\256\303\345lR\037\204?$"
 1880      ECB9E211 
 1880      4CAEC3E5 
 1880      6C521F84 
 1880      3F24
 1881 010d 194F9197 		.ascii	"\031O\221\227\317\216I\322\002\263\331\244e\020\204"
 1881      CF8E49D2 
 1881      02B3D9A4 
 1881      651084
 1882 011c 53D6C4A7 		.ascii	"S\326\304\247\200\036u\204\317&1q\217=\316\255p\305"
 1882      801E7584 
 1882      CF263171 
 1882      8F3DCEAD 
 1882      70C5
 1883 012e CC333608 		.ascii	"\31436\010sN\202/\032\360\362\"\325\353\"\366Z.;-\331"
 1883      734E822F 
 1883      1AF0F222 
 1883      D5EB22F6 
 1883      5A2E3B2D 
 1884 0143 990C3B67 		.ascii	"\231\014;g\260\037\346\262q\311^\315\260\357\032\354"
 1884      B01FE6B2 
 1884      71C95ECD 
 1884      B0EF1AEC 
 1885 0153 F55C765C 		.ascii	"\365\\v\\\262\013\031v\302`o\344\262\257:\255\014>\002"
 1885      B20B1976 
 1885      C2606FE4 
 1885      B2AF3AAD 
 1885      0C3E02
 1886 0166 58009807 		.ascii	"X\000\230\007H\000\240\204z\027\010XrV.\334\264$\304"
 1886      4800A084 
 1886      7A170858 
 1886      72562EDC 
ARM GAS  C:\Users\acest\AppData\Local\Temp\ccbjvY4c.s 			page 53


 1886      B424C4
 1887 0179 E6BFC342 		.ascii	"\346\277\303B|\366\300\235\211\037\034\365\300pYc\010"
 1887      7CF6C09D 
 1887      891F1CF5 
 1887      C0705963 
 1887      08
 1888 018a 60D60458 		.ascii	"`\326\004X\001\346\300\001\360\0018)i\001\300\014\024"
 1888      01E6C001 
 1888      F0013829 
 1888      6901C00C 
 1888      14
 1889 019b 320C2CC2 		.ascii	"2\014,\302^\332\212\311\224\220\331A\246\024\215\275"
 1889      5EDA8AC9 
 1889      9490D941 
 1889      A6148DBD 
 1890 01ab 8C463BC9 		.ascii	"\214F;\311\224\223\331Ef7\231\0122{\310\354%SI\246\212"
 1890      9493D945 
 1890      6637990A 
 1890      327BC8EC 
 1890      255349A6 
 1891 01c0 4C35991A 		.ascii	"L5\231\0322\373\310\354'\343\"\343&SK\346\000\231\203"
 1891      32FBC8EC 
 1891      27E322E3 
 1891      26534BE6 
 1891      009983
 1892 01d3 64EAC81C 		.ascii	"d\352\310\034\"\303\3300\247\203)t\020\011\306F\270"
 1892      22C3D830 
 1892      A7832974 
 1892      1009C646 
 1892      B8
 1893 01e4 A6263D38 		.ascii	"\246&=8\271\003b\365\317O@>7\235\354\027\350\373g\340"
 1893      B90362F5 
 1893      CF4F403E 
 1893      379DEC17 
 1893      E8FB67E0 
 1894 01f8 5B887127 		.ascii	"[\210q'\035?;\340\310\201k\275.\334\022:%6\266(\361"
 1894      1D3F3BE0 
 1894      C8816BBD 
 1894      2EDC123A 
 1894      2536B628 
 1895 020d 5AC3AC4E 		.ascii	"Z\303\254N\027``\357fd\013\231\242\030\247Y\337\304"
 1895      176060EF 
 1895      66640B99 
 1895      A218A759 
 1895      DFC4
 1896 021f C0068FF1 		.ascii	"\300\006\217\361btP&\033]\205\204\\\330\034X\262\306"
 1896      62745026 
 1896      1B5D8584 
 1896      5CD81C58 
 1896      B2C6
 1897 0231 7809AE29 		.ascii	"x\011\256)\011)z.B\242\205\350Wt\211\022\275JN)q\011"
 1897      09297A2E 
 1897      42A285E8 
 1897      57748912 
 1897      BD4A4E29 
 1898 0247 4565F00A 		.ascii	"Ee\360\012\272\250*\025\254)n\201\234\222\233U\034\346"
 1898      BAA82A15 
ARM GAS  C:\Users\acest\AppData\Local\Temp\ccbjvY4c.s 			page 54


 1898      AC296E81 
 1898      9C929B55 
 1898      1CE6
 1899 0259 43F51D29 		.ascii	"C\365\035)\316\206\257\010\235\3232XC\277r\352*x\236"
 1899      CE86AF08 
 1899      9DD33258 
 1899      43BF72EA 
 1899      2A789E
 1900 026c 9C32F88A 		.ascii	"\2342\370\212\012\306\016 T\252\024Jh\021w7\036\241"
 1900      0AC60E20 
 1900      54AA144A 
 1900      68117737 
 1900      1EA1
 1901 027e 604C5AAA 		.ascii	"`LZ\252\242\0224\223Q\327d\324\374\362T}\214\227\245"
 1901      A2123493 
 1901      51D764D4 
 1901      FCF2547D 
 1901      8C97A5
 1902 0291 2EAE0398 		.ascii	".\256\003\2301\022\242_\320\205~\207z0Y\027\347N\370"
 1902      3112A25F 
 1902      D0857E87 
 1902      7A305917 
 1902      E74EF8
 1903 02a4 1C605912 		.ascii	"\034`Y\022\015o\013\201\227\251\000n\302y:yM8\237\254"
 1903      0D6F0B81 
 1903      97A9006E 
 1903      C2793A79 
 1903      4D389FAC 
 1904 02b8 8FF342F8 		.ascii	"\217\363B\370Bn\011?r7+\330\262\235R\276LU\270\265'"
 1904      426E093F 
 1904      72372BD8 
 1904      B29D52BE 
 1904      4C55B8B5 
 1905 02cd C6CB65C7 		.ascii	"\306\313e\307\250\272\276h$i\213\361]\022*\247j\356"
 1905      A8BABE68 
 1905      24698BF1 
 1905      5D122AA7 
 1905      6AEE
 1906 02df 0E2DF1B4 		.ascii	"\016-\361\264\346Z\341\377k\256d4\327\312I\363\313\224"
 1906      E65AE1FF 
 1906      6BAE6434 
 1906      D7CA49F3 
 1906      CB94
 1907 02f1 2666923B 		.ascii	"&f\222;\373>\335\314$.\354\216q\253\352\033\260u\350"
 1907      FB3EDDCC 
 1907      242EEC8E 
 1907      71ABEA1B 
 1907      B075E8
 1908 0304 5FBF5E89 		.ascii	"_\277^\211>\345P\377^#\234\367\240\232f\234\253{\213"
 1908      3EE550FF 
 1908      5E239CF7 
 1908      A09A669C 
 1908      AB7B8B
 1909 0317 54DBFCDC 		.ascii	"T\333\374\334:\026Z\221jG\221\321\230\"\020\203\246"
 1909      3A165A91 
 1909      6A4791D1 
 1909      98221083 
ARM GAS  C:\Users\acest\AppData\Local\Temp\ccbjvY4c.s 			page 55


 1909      A6
 1910 0328 C66045C5 		.ascii	"\306`E\305\3605\300W\300\032\334T\3147X\035\250\375"
 1910      F035C057 
 1910      C01ADC54 
 1910      CC37581D 
 1910      A8FD
 1911 033a 4723A88F 		.ascii	"G#\250\217\033vb\036\2659\310\033\366\235\012C^\226"
 1911      1B76621E 
 1911      B539C81B 
 1911      F69D0A43 
 1911      5E96
 1912 034c A46797B4 		.ascii	"\244g\227\264a*io\336\034\267\015i|\355I<\013\225t\366"
 1912      612A696F 
 1912      DE1CB70D 
 1912      697CED49 
 1912      3C0B9574 
 1913 0361 65279670 		.ascii	"e'\226pV\205\261\350\333\256\222\325t%U\262\022K\316"
 1913      5685B1E8 
 1913      DBAE92D5 
 1913      742555B2 
 1913      124BCE
 1914 0374 A533F7B6 		.ascii	"\2453\367\266\332\350\255f\364\266\032nA\252\257\326"
 1914      DAE8AD66 
 1914      F4B61A6E 
 1914      41AAAFD6 
 1915 0384 EC4DFC6D 		.ascii	"\354M\374m\332DM^\371$\312k\246\376\355\223\375\253"
 1915      DA444D5E 
 1915      F924CA6B 
 1915      A6FEED93 
 1915      FDAB
 1916 0396 D9AEEA1F 		.ascii	"\331\256\352\037U\030\362R\332\226-\275e\222\336\237"
 1916      5518F252 
 1916      DA962DBD 
 1916      6592DE9F 
 1917 03a6 37C7BA21 		.ascii	"7\307\272!\235\352\237+\253\177n\214E\337v\225\374\224"
 1917      9DEA9F2B 
 1917      AB7F6E8C 
 1917      45DF7695 
 1917      FC94
 1918 03b8 AEC42D2B 		.ascii	"\256\304-+\261g\367\357\215O\345\255\233\233\302\013"
 1918      B167F7EF 
 1918      8D4FE5AD 
 1918      9B9BC20B 
 1919 03c8 5A9B37C7 		.ascii	"Z\2337\307\317\230\203\233\232p@6\241v;\351_U\030\362"
 1919      CF98839B 
 1919      9A704036 
 1919      A1763BE9 
 1919      5F5518F2 
 1920 03dc 52EBBC49 		.ascii	"R\353\274I\353`\336\240{\030\244\247wM\373\2543v\275"
 1920      EB60DEA0 
 1920      7B18A4A7 
 1920      774DFBAC 
 1920      3376BD
 1921 03ef 81D28730 		.ascii	"\201\322\2070\026}\333I\377\256\262 \317~\203\336\333"
 1921      167DDB49 
 1921      FFAEB220 
 1921      CF7E83DE 
ARM GAS  C:\Users\acest\AppData\Local\Temp\ccbjvY4c.s 			page 56


 1921      DB
 1922 0400 179F9467 		.ascii	"\027\237\224g`\230C\346\017\234\261\007[\036\361=\027"
 1922      609843E6 
 1922      0F9CB107 
 1922      5B1EF13D 
 1922      17
 1923 0411 6E0F857D 		.ascii	"n\017\205}m\376\366p\267\357H{\370Tw\260\313\367\214"
 1923      6DFEF670 
 1923      B7EF487B 
 1923      F85477B0 
 1923      CBF78C
 1924 0424 E7514F8B 		.ascii	"\347QO\213\347\250/\204\356\343]\241\340\013\355\376"
 1924      E7A82F84 
 1924      EEE35DA1 
 1924      E00BEDFE 
 1925 0434 6ED6EAF1 		.ascii	"n\326\352\361x\315\337\226\223\035\317w\264v\277\030"
 1925      78CDDF96 
 1925      931DCF77 
 1925      B476BF18 
 1926 0444 E8087AFD 		.ascii	"\350\010z\3754\016\206\233\032\033\033\275\301\260\367"
 1926      340E869B 
 1926      1A1B1BBD 
 1926      C1B0F7
 1927 0453 645BA7B7 		.ascii	"d[\247\267+\030\352\016{[\237}\242\271\311{\354\330"
 1927      2B18EA0E 
 1927      7B5B9F7D 
 1927      A2B9C97B 
 1927      ECD8
 1928 0465 11EF634F 		.ascii	"\021\357cO?\376\324KM\264t\274\013\177\235\235\001\217"
 1928      3FFED44B 
 1928      4DB474BC 
 1928      0B7F9D9D 
 1928      018F
 1929 0477 9FE94455 		.ascii	"\237\351DUd\371<\201\346\346\306\207\032\037n`\274\253"
 1929      64F93C81 
 1929      E6E6C687 
 1929      1A1F6E60 
 1929      BCAB
 1930 0489 2DA09F0E 		.ascii	"-\240\237\016\006\332mDu\004^\266\372C\247\333\302\247"
 1930      06DA6D44 
 1930      75045EB6 
 1930      FA43A7DB 
 1930      C2A7
 1931 049b 2CFE50F0 		.ascii	",\376P\360\304\011\264\350\262!C\276\377\000\237q\316"
 1931      C409B4E8 
 1931      B22143BE 
 1931      FF009F71 
 1931      CE
 1932 04ac 39       		.ascii	"9"
 1933              		.text
 1934              		.section	.gnu.lto__pal_lld_disablepadevent.406.b3bf8fb3,"e",%progbits
 1935 0000 789C8D56 		.ascii	"x\234\215Vml\223U\024\276\317{\373\275\217n\343\313"
 1935      6D6C9355 
 1935      14BECF7B 
 1935      FBBD8F6E 
 1935      E3CB
 1936 0012 1843A689 		.ascii	"\030C\246\2111\022l\331\006\211\342\037\015\030\320"
ARM GAS  C:\Users\acest\AppData\Local\Temp\ccbjvY4c.s 			page 57


 1936      31126CD9 
 1936      0689E21F 
 1936      0D18D0
 1937 0021 60344EFF 		.ascii	"`4N\3775\301\271\015\231\200\235m5&&\362\262\0166\007"
 1937      35C1B90D 
 1937      99809D6D 
 1937      352626F2 
 1937      B20E3607 
 1938 0035 B80F2612 		.ascii	"\270\017&\022\371p,\015\202\212h\010:p\233\025\304!"
 1938      F9702C0D 
 1938      828A6808 
 1938      3A709B15 
 1938      C421
 1939 0047 0A1B4354 		.ascii	"\012\033CT\024\001\027\027\030*6#\310\030\220y\316}"
 1939      14011717 
 1939      182A3623 
 1939      C8189079 
 1939      CE7D
 1940 0059 DFBEEB06 		.ascii	"\337\276\353\006\003\232\366\366\336\323\347<\3479\347"
 1940      039AF6F6 
 1940      DED3E73C 
 1940      E739E7
 1941 0068 9E7BDFE6 		.ascii	"\236{\337\346z\204\310\202\020s\204\020\260\0134\324"
 1941      7A84C882 
 1941      10738410 
 1941      B00B34D4 
 1942 0078 D76842D7 		.ascii	"\327hB\327\365G\234\232\026\255_\251\341k\324|R;\301"
 1942      F5479C9A 
 1942      16AD5FA9 
 1942      E16BD47C 
 1942      523BC1
 1943 008b 56599FF9 		.ascii	"VY\237\371\337\221\304\024\233D\243\205\260aY}\215\233"
 1943      DF91C414 
 1943      9B44A385 
 1943      B061597D 
 1943      8D9B
 1944 009d 106A05B1 		.ascii	"\020j\005\261T\2236,\305\032y?\031\006z\337\375\250"
 1944      5493362C 
 1944      C51A793F 
 1944      19067ADF 
 1944      FDA8
 1945 00af 03FAD638 		.ascii	"\003\372\3268bR\210M\364Q\257\015\022\0152&\001\233"
 1945      6252884D 
 1945      F451AF0D 
 1945      120D3226 
 1945      019B
 1946 00c1 39D3904B 		.ascii	"9\323\220K3\031\205\270/\256\353]\277\266\350\272[\304"
 1946      331985B8 
 1946      2FAEEB5D 
 1946      BFB6E8BA 
 1946      5BC4
 1947 00d3 A4C41720 		.ascii	"\244\304\027 '|\016\354\"yd\250F\247\213\221M&r\320"
 1947      277C0EEC 
 1947      227964A8 
 1947      46A78B91 
 1947      4D2672D0 
 1948 00e7 44DAB07B 		.ascii	"D\332\260{$\322V\215\337\\*\222\214\201\277\356%x\342"
ARM GAS  C:\Users\acest\AppData\Local\Temp\ccbjvY4c.s 			page 58


 1948      24D2568D 
 1948      DF5C2A92 
 1948      8C81BFEE 
 1948      2578E2
 1949 00fa E3AADACC 		.ascii	"\343\252\332\314\272e\256\230\264\343\313T\274\020\325"
 1949      BA65AE98 
 1949      B4E3CB54 
 1949      BC10D5
 1950 0109 1852C41F 		.ascii	"\030R\304\037Z\340\256\355\314\235\313\330\266\321\330"
 1950      5AE0AEED 
 1950      CC9DCBD8 
 1950      B6D1D8
 1951 0118 0B0AFBE9 		.ascii	"\013\012\373\3510v\203\205\375j4\366\214\313!\020\007"
 1951      30768385 
 1951      FD6A34F6 
 1951      8CCB2110 
 1951      07
 1952 0129 DA815618 		.ascii	"\332\201V\0305\000\2719\270\036\300^\305![\2065\266"
 1952      3500B939 
 1952      B81EC05E 
 1952      C5215B86 
 1952      35B6
 1953 013b 57AD496A 		.ascii	"W\255Ij\3347\232k\267\233\301\361\341\270\255V\334\375"
 1953      DC379A6B 
 1953      B79BC1F1 
 1953      E1B8AD56 
 1953      DCFD
 1954 014d A3B1DB15 		.ascii	"\243\261\333\025\266\343F\371t\214\306nV\330C\303\330"
 1954      B6E346F9 
 1954      748CC66E 
 1954      56D843C3 
 1954      D8
 1955 015e 4D16F6BB 		.ascii	"M\026\366\273\321\330w\334J=\016\002\007\200o\201o "
 1955      D1D877DC 
 1955      4A3D0E02 
 1955      07806F81 
 1955      6F20
 1956 0170 68FBE997 		.ascii	"h\373\351\227F\305rT\261\360\356\014\234|{G\333\324"
 1956      46C57254 
 1956      B1F0EE0C 
 1956      9C7C7B47 
 1956      DBD4
 1957 0182 8EA83E37 		.ascii	"\216\250>7&\035\370\001\234\257A\204C\324\020\216j\354"
 1957      261DF801 
 1957      9CAF4184 
 1957      43D4108E 
 1957      6AEC
 1958 0194 4C37030E 		.ascii	"L7\003\016\264\037\337\263\312\251\037\320mI\250\030"
 1958      B41FDFB3 
 1958      CAA91FD0 
 1958      6D49A818 
 1959 01a4 861A1D23 		.ascii	"\206\032\035#Wk\212X7\211\037\\\307\032c\322\211\316"
 1959      576B8A58 
 1959      37891F5C 
 1959      C71A63D2 
 1959      89CE
 1960 01b6 54E62E62 		.ascii	"T\346.bvV#\256\230\365\221\314\006T\014C\015f\007\303"
ARM GAS  C:\Users\acest\AppData\Local\Temp\ccbjvY4c.s 			page 59


 1960      765623AE 
 1960      98F591CC 
 1960      06540C43 
 1960      0D6607C3 
 1961 01ca 3AA6E308 		.ascii	":\246\343\010p\230\314\3373\235\240\375A\267\332\037"
 1961      7098CCDF 
 1961      339DA0FD 
 1961      41B7DA1F 
 1962 01da 42D9AC0D 		.ascii	"B\331\254\015\244\264wt\333\343\372\325\241Z]?5s\350"
 1962      A4B47774 
 1962      DBE3FAD5 
 1962      A15A5D3F 
 1962      3573E8
 1963 01ed C416CF5D 		.ascii	"\304\026\317]\240~si<H\036\2506\355p\362\314\305\003"
 1963      A07E7369 
 1963      3C481EA8 
 1963      36ED70F2 
 1963      CCC503
 1964 0200 B7A7CBC3 		.ascii	"\267\247\313\303C\032\017\351<d\360\220I\203\303+\210"
 1964      431A0FE9 
 1964      3C64F090 
 1964      4983C32B 
 1964      88
 1965 0211 340BD883 		.ascii	"4\013\330\203l\356\222\034\240\005\343\270\270B\324"
 1965      6CEE921C 
 1965      A005E3B8 
 1965      B842D4
 1966 0220 4A3E61BA 		.ascii	"J>a\272\015z\\\210:\251\031\213(-\316A\3579NR\371\373"
 1966      0D7A5C88 
 1966      3AA9198B 
 1966      282DCE41 
 1966      EF394E52 
 1967 0236 44A6388F 		.ascii	"D\2468\217\275\255}\351\315\322a\236&7\2045\323\253"
 1967      BDAD7DE9 
 1967      CDD2619E 
 1967      26378435 
 1967      D3AB
 1968 0248 2B753E65 		.ascii	"+u>e[\370|\236\365\306\244\007\307\200\037!\246m\326"
 1968      5BF87C9E 
 1968      F5C6A407 
 1968      C7801F21 
 1968      A66DD6
 1969 025b 756AB234 		.ascii	"uj\2624\374\204\215\352\\\236CES\001)'\036E|\212\002"
 1969      FC848DEA 
 1969      5C9E4345 
 1969      53012927 
 1969      1E457C8A 
 1970 0270 2499BD37 		.ascii	"$\231\2757e\370\205\030`1\264\022\203W1\\T\014\321\301"
 1970      65F88518 
 1970      6031B412 
 1970      8357315C 
 1970      540CD1C1 
 1971 0284 15BF9329 		.ascii	"\025\277\223)\233\365\244\203fY\014\314\245d\311\250"
 1971      9BF5A483 
 1971      66590CCC 
 1971      A564C9A8 
 1972 0294 70570C5C 		.ascii	"pW\014\\C\32552q|& \303\332\252\375\262Yj\312\226-\372"
ARM GAS  C:\Users\acest\AppData\Local\Temp\ccbjvY4c.s 			page 60


 1972      43D53532 
 1972      717C2620 
 1972      C3DAAAFD 
 1972      B2596ACA 
 1973 02ab 50D9B7EF 		.ascii	"P\331\267\357NZ3\221\035\306MR'eWbp+\254\262\\;\354"
 1973      4E5A3391 
 1973      1DC64D52 
 1973      27655762 
 1973      702BACB2 
 1974 02c2 A10D54D3 		.ascii	"\241\015T\323F\257RT8\205t'\336\333\226\320A\255\341"
 1974      46AF5254 
 1974      38857427 
 1974      DEDB96D0 
 1974      41ADE1
 1975 02d5 121F98B7 		.ascii	"\022\037\230\267\220\316\371\264\364\256\261\223\261"
 1975      90CEF9B4 
 1975      F4AEB193 
 1975      B1
 1976 02e2 59E6185E 		.ascii	"Y\346\030^\025M\365\030\003o\226\324\305n\361\264\271"
 1976      154DF518 
 1976      036F96D4 
 1976      C56EF1B4 
 1976      B9
 1977 02f3 CA39EA66 		.ascii	"\3129\352f\303\011\340\024\222\376?\337\302?\035\236"
 1977      C309E014 
 1977      92FE3FDF 
 1977      C23F1D9E 
 1978 0303 E795EFCE 		.ascii	"\347\225\357\316\014\366=\011\364X\276\017\323Y\262"
 1978      0CF63D09 
 1978      F458BE0F 
 1978      D359B2
 1979 0312 C2784B75 		.ascii	"\302xKuU_;\376\000\376D2\253\365\235\032\327\346\352"
 1979      555F3BFE 
 1979      00FE4432 
 1979      ABF59D1A 
 1979      D7E6EA
 1980 0325 8A5EAACA 		.ascii	"\212^\252\3128\252\246A\252\031E=\310F\205{\277S\231"
 1980      38AAA641 
 1980      AA19453D 
 1980      C846857B 
 1980      BF5399
 1981 0338 9ADEB855 		.ascii	"\232\336\270U:\222\343\014\2349\352Tu\310\302YK\316"
 1981      3A92E30C 
 1981      9C39EA54 
 1981      75C8C259 
 1981      4BCE
 1982 034a 43235CED 		.ascii	"C#\\\355\327\273\332\236P\256\373\324\206\234\001\376"
 1982      D7BBDA9E 
 1982      50AEFBD4 
 1982      869C01FE 
 1983 035a 4ABAE6F2 		.ascii	"J\272\346\362\325p\316\020\374\231\022\274\267\253o"
 1983      D570CE10 
 1983      FC9912BC 
 1983      B7AB6F
 1984 0369 72B394A6 		.ascii	"r\263\224\246k\206\325\241\031T\316\324\016\235\030"
 1984      6B86D5A1 
 1984      1954CED4 
ARM GAS  C:\Users\acest\AppData\Local\Temp\ccbjvY4c.s 			page 61


 1984      0E9D18
 1985 0378 9399380F 		.ascii	"\223\2318\017\374\243\020f\213y\361/\265\230&D>\255"
 1985      FCA31066 
 1985      8B79F12F 
 1985      B5982644 
 1985      3EAD
 1986 038a CF4EE69E 		.ascii	"\317N\346\236K\250D\315\246[?V\315U\245\377>\352V\251"
 1986      4BA844CD 
 1986      A65B3F56 
 1986      CD55A5FF 
 1986      3EEA56A9 
 1987 039e 495264A5 		.ascii	"IRd\245F\027\227U\337\376\324\372\266\251\272\351\367"
 1987      46179755 
 1987      DFFED4FA 
 1987      B6A9BAE9 
 1987      F7
 1988 03af 58434FBF 		.ascii	"XCO\277\3278\007\343\233\2453\251\323\225r\014\356f"
 1988      D73807E3 
 1988      9BA533A9 
 1988      D395720C 
 1988      EE66
 1989 03c1 3D174920 		.ascii	"=\027I \007=\217\212uU\275\324\263.\356Y\325\304\207"
 1989      073D8F8A 
 1989      7555BDD4 
 1989      B32EEE59 
 1989      D5C487
 1990 03d4 68E5265F 		.ascii	"h\345&_\2621Q\242\006c\262\\2X\010o\034 \243t*\264g"
 1990      B23151A2 
 1990      0663B25C 
 1990      3258086F 
 1990      1C20A374 
 1991 03eb 4CA7CBE4 		.ascii	"L\247\313\344dS\241)\030\225%M\005\367\334*\326\025"
 1991      6453A129 
 1991      1895254D 
 1991      05F7DC2A 
 1991      D615
 1992 03fd C38DF02A 		.ascii	"\303\215\360*\326%\243\257\326V\035\2433\227\256\016"
 1992      D625A3AF 
 1992      D6561DA3 
 1992      3397AE0E 
 1993 040d A129F798 		.ascii	"\241)\367\230f\355N\372\015N\3775\343\376 '\305s9\225"
 1993      66ED4EFA 
 1993      0D4EFF35 
 1993      E3FE2027 
 1993      C5733995 
 1994 0421 274349F1 		.ascii	"'CI\361\336\026\317\220q\213\220\223q\220\215\334\327"
 1994      DE16CF90 
 1994      718B9093 
 1994      71908DDC 
 1994      D7
 1995 0432 6E9B7053 		.ascii	"n\233pS\257e\332F\352L\221\274J\336\357\206\261q\264"
 1995      AF65DA46 
 1995      EA4C91BC 
 1995      4ADEEF86 
 1995      B171B4
 1996 0445 0F8D3554 		.ascii	"\017\2155T\214L\263\317\262T?UB\243\351V\251\026[\370"
 1996      8C4CB3CF 
ARM GAS  C:\Users\acest\AppData\Local\Temp\ccbjvY4c.s 			page 62


 1996      B2543F55 
 1996      42A3E956 
 1996      A9165BF8 
 1997 0459 DECE46A5 		.ascii	"\336\316F\245\206\250z\262\344\033U\312\301r\215/)\325"
 1997      86A87AB2 
 1997      E41B55CA 
 1997      C1728D2F 
 1997      29D5
 1998 046b E7D30CDB 		.ascii	"\347\323\014\3338\254\2408\364H\2504K\351@\225&\214"
 1998      38ACA038 
 1998      F448A834 
 1998      4BE94095 
 1998      268C
 1999 047d 4E3FCC51 		.ascii	"N?\314Q\214\351\021\025j<\336d\015\027\3326\236\034"
 1999      8CE91115 
 1999      6A3CDE64 
 1999      0D17DA36 
 1999      9E1C
 2000 048f 3C9D0343 		.ascii	"<\235\003CQ\317\205\301u\000=\033\023X\236+\224\216"
 2000      51CF85C1 
 2000      75003D1B 
 2000      13589E2B 
 2000      948E
 2001 04a1 099BE87F 		.ascii	"\011\233\350\177\017\375J\356x\213\326\023\231$q\265"
 2001      0FFD4AEE 
 2001      788BD613 
 2001      992471B5 
 2002 04b1 BFDE4EBD 		.ascii	"\277\336N\275\310O\242$\251\260R\352w\215\221\304\312"
 2002      C84FA224 
 2002      A9B052EA 
 2002      778D91C4 
 2002      CA
 2003 04c2 EB925865 		.ascii	"\353\222Xe&af0\011\253)\003\247\020\254p\322\355P\326"
 2003      26616630 
 2003      09AB2903 
 2003      A710AC70 
 2003      D2ED50D6 
 2004 04d6 5D47593F 		.ascii	"]GY?\222\362\0164\020%\375\311\202O\335\3046\353\001"
 2004      92F20E34 
 2004      1025FDC9 
 2004      824FDDC4 
 2004      36EB01
 2005 04e9 0545DE8F 		.ascii	"\005E\336\217\212\323\273\272]\374\337\200_\265\022"
 2005      8AD3BBBA 
 2005      5DFCDF80 
 2005      5FB512
 2006 04f8 06A022CE 		.ascii	"\006\240\"\316\313\251\263f\006\236\013\227\206\302"
 2006      CBA9B366 
 2006      069E0B97 
 2006      86C2
 2007 0506 81A2E2D2 		.ascii	"\201\242\342\322p$0\2734\274(\022,\017<\343{\3247\313"
 2007      702430BB 
 2007      34BC2812 
 2007      2C0F3CE3 
 2007      7BD437CB 
 2008 051a F7582044 		.ascii	"\367X D\346\371\345\241\340K\245\305\021Q\350\363\371"
 2008      E6F9E5A1 
ARM GAS  C:\Users\acest\AppData\Local\Temp\ccbjvY4c.s 			page 63


 2008      E04BA5C5 
 2008      1151E8F3 
 2008      F9
 2009 052b 53DFB316 		.ascii	"S\337\263\026\226\275PV\030y\265\244,\350/\346y0\234"
 2009      96BD5056 
 2009      1879B5A4 
 2009      2CE82FE6 
 2009      79309C
 2010 053e 9F9797E7 		.ascii	"\237\227\227\347\017\206\375\013\213\026\373\313\203"
 2010      0F86FD0B 
 2010      8B16FBCB 
 2010      83
 2011 054b A148D85F 		.ascii	"\241H\330_\370\354\223\005\371\376y\363f\373\347<\375"
 2011      F8EC9305 
 2011      F9FE79F3 
 2011      66FBE73C 
 2011      FD
 2012 055c F853AFE5 		.ascii	"\370S\257\345\363O\363\313\351\263xq\211\257X\330\030"
 2012      F34FF3CB 
 2012      E9B37871 
 2012      89AF58D8 
 2012      18
 2013 056d 356984CD 		.ascii	"5i\204\315WRP\2207=o\3064!\313\213J\354\013\"\341P\236"
 2013      57525090 
 2013      373D6FC6 
 2013      3421CB8B 
 2013      4AEC0B22 
 2014 0584 3DC4A393 		.ascii	"=\304\243\223\326K\212\302\213\234\354TV\362\272\243"
 2014      D64B8AC2 
 2014      8B9CEC54 
 2014      56F2BAA3 
 2015 0594 38C4337B 		.ascii	"8\3043{q(\270`\001\215d\222\221W\312g\024\317\014(="
 2015      7128B860 
 2015      018D6492 
 2015      9157CA67 
 2015      14CF0C28 
 2016 05a9 61A52D90 		.ascii	"a\245-\220\242-\020\014\007(\030}\321\020\212<\360r"
 2016      A22D100C 
 2016      0728187D 
 2016      D1108A3C 
 2016      F072
 2017 05bb 9931F72D 		.ascii	"\2311\367-\024rI\370\305\377\001/\012p\310"
 2017      147249F8 
 2017      C5FF012F 
 2017      0A70C8
 2018              		.text
 2019              		.section	.gnu.lto_.symbol_nodes.b3bf8fb3,"e",%progbits
 2020 0000 789C5BC2 		.ascii	"x\234[\302\000\004L\223\231\353\031&\034\352\225c\234"
 2020      00044C93 
 2020      99EB1926 
 2020      1CEA9563 
 2020      9C
 2021 0011 708E81A1 		.ascii	"p\216\201\241\236\201aWC##\003#H\212\201u\0223C\243"
 2021      9E816157 
 2021      43232303 
 2021      23488A81 
 2021      75123343 
ARM GAS  C:\Users\acest\AppData\Local\Temp\ccbjvY4c.s 			page 64


 2022 0026 1348D114 		.ascii	"\023H\321\024\346z\306\017\277VX`Q\3044\225\271\236"
 2022      E67AC60F 
 2022      BF565860 
 2022      51C43495 
 2022      B99E
 2023 0038 A9010858 		.ascii	"\251\001\010X\260INc\256g\306%\3118\223\271\236\345"
 2023      B0494E63 
 2023      AE67C625 
 2023      C93893B9 
 2023      9EE5
 2024 004a 3F14C883 		.ascii	"?\024\310\203\02500\000\325\202d\231YX/\000-dd|\"\307"
 2024      15303000 
 2024      D5826499 
 2024      59582F00 
 2024      2D64647C 
 2025 0060 0000E002 		.ascii	"\000\000\340\002.."
 2025      2E2E
 2026              		.text
 2027              		.section	.gnu.lto_.refs.b3bf8fb3,"e",%progbits
 2028 0000 789C5362 		.ascii	"x\234Sb```a`bd\003b^\006FF\011 \226b`fab4\003\262\354"
 2028      60606061 
 2028      60626403 
 2028      625E0646 
 2028      46092096 
 2029 001d 81F82050 		.ascii	"\201\370 P\005\000\024\343\001\272"
 2029      050014E3 
 2029      01BA
 2030              		.text
 2031              		.section	.gnu.lto_.decls.b3bf8fb3,"e",%progbits
 2032 0000 789CAD58 		.ascii	"x\234\255X{PT\327\031\277\3379\373bY\204Q\214\311t\342"
 2032      7B5054D7 
 2032      19BFDF39 
 2032      FB625984 
 2032      518CC974 
 2033 0015 50C756FE 		.ascii	"P\307V\376\250\220]M\322\2463\255)`b\325H\027\323<\206"
 2033      A8905D4D 
 2033      D2A633AD 
 2033      296062D5 
 2033      4817D33C 
 2034 002a 84417603 		.ascii	"\204Av\0034\300\022vu\354L\233^\005D\320 \211mB\324"
 2034      34C01276 
 2034      75EC4C9B 
 2034      5E0544D0 
 2034      20896D42 
 2035 003f 128CE223 		.ascii	"\022\214\342#\370@\343\003Eyk\360\215\0174\212\017\024"
 2035      F840E303 
 2035      45796BF0 
 2035      8D0F348A 
 2035      0F14
 2036 0051 1F203E10 		.ascii	"\037 >\0205 \032\351w\316\275w\357.\2731M\247W\277\273"
 2036      35201AE9 
 2036      77CEBD77 
 2036      EF2EBB31 
 2036      4DA757BF 
 2037 0066 E79EF3FB 		.ascii	"\347\236\363\373\276\357\367}\347\315\337\206\013\302"
 2037      BEEFF77D 
 2037      E7CDDF86 
ARM GAS  C:\Users\acest\AppData\Local\Temp\ccbjvY4c.s 			page 65


 2037      0BC2
 2038 0074 535A4198 		.ascii	"SZA\230M\004a\000\037,\012GQ\002P\252P\306\240\354F"
 2038      4D046100 
 2038      1F2C0A47 
 2038      510250AA 
 2038      50C6A0EC 
 2039 0089 A941A943 		.ascii	"\251A\251C\271\213r\037\305\000\202\240\023\244\207"
 2039      B98B721F 
 2039      C50082A0 
 2039      13A487
 2040 0098 E904E1F7 		.ascii	"\351\004\341\367\010\224gQF\241D\240\340\177!\032\004"
 2040      08946751 
 2040      46A144A0 
 2040      E07F211A 
 2040      04
 2041 00a9 AFE767E8 		.ascii	"\257\347g\350'\010\177SP\206\242\204\242\274%\333\213"
 2041      27087F53 
 2041      5086A284 
 2041      A2BC25DB 
 2041      8B
 2042 00ba 41998812 		.ascii	"A\231\210\022\205\362\007\024=\012E\371\015J\262 \371"
 2042      85F20714 
 2042      3D0A45F9 
 2042      0D4AB220 
 2042      F9
 2043 00cb 9B80652D 		.ascii	"\233\200e-\012a\366Q~\217\362;\024\215\314\341\217("
 2043      0A61F651 
 2043      7E8FF23B 
 2043      148DCCE1 
 2043      8F28
 2044 00dd AFA1C4FE 		.ascii	"\257\241\304\376\200\377H\364\0378\310\277\022S\225"
 2044      80FF48F4 
 2044      1F38C8BF 
 2044      125395
 2045 00ec 1C2B8BF9 		.ascii	"\034+\213\371m\224n\224F\331\3575\224\353(\235(\227"
 2045      6D946E94 
 2045      46D9EF35 
 2045      94EB289D 
 2045      2897
 2046 00fe 516EA2DC 		.ascii	"Qn\242\334\020$\037#\006\371`\317o\321O\260\037?ur."
 2046      10241F23 
 2046      06F960CF 
 2046      6FD14FB0 
 2046      1F3F7572 
 2047 0113 153F2CF6 		.ascii	"\025?,\366\367P\337\216\362&H\376\362\361w>Hy}\007\177"
 2047      F750DF8E 
 2047      F22648FE 
 2047      F2F1773E 
 2047      48797D07 
 2048 0128 3F44F93B 		.ascii	"?D\371;J\016\312<9\256g\375\370\214A\237\317\374\200"
 2048      4A0ECA3C 
 2048      39AE67FD 
 2048      F88C419F 
 2048      CFFC80
 2049 013b CFDD728E 		.ascii	"\317\335r\216\307\200\344W\361\321\350\207\303\340>"
 2049      C780E457 
 2049      F1D1E887 
ARM GAS  C:\Users\acest\AppData\Local\Temp\ccbjvY4c.s 			page 66


 2049      C3E03E
 2050 014a 60F117E0 		.ascii	"`\361\027\340\357X\217\276`\343C\341\365\216\007\267"
 2050      EF588FBE 
 2050      60E343E1 
 2050      F58E07B7 
 2051 015a 6C90FA48 		.ascii	"l\220\372H\351\027*H\343a\241<&\220\242\260\335O\277"
 2051      E9172A48 
 2051      E361A13C 
 2051      2690A2B0 
 2051      DD4FBF
 2052 016d 7C42610C 		.ascii	"|Ba\014\260\001\030\314K\002%B\244\310\237/\337\027"
 2052      B00118CC 
 2052      4B022542 
 2052      A4C89F2F 
 2052      DF17
 2053 017f 609B847E 		.ascii	"`\233\204~7\220\316b\310\241\240\301w(\204-\245\244"
 2053      3790CE62 
 2053      C8A1A0C1 
 2053      7728842D 
 2053      A5A4
 2054 0191 7FF1F60B 		.ascii	"\177\361\366\013&c\255(v\213\2659\001\002\354\004\330"
 2054      2663AD28 
 2054      768BB539 
 2054      0102EC04 
 2054      D8
 2055 01a2 01025402 		.ascii	"\001\002T\002Z\331\016\260\025`\013\320\177\010\210"
 2055      5AD90EB0 
 2055      15600BD0 
 2055      7F0888
 2056 01b1 BCB1A7F3 		.ascii	"\274\261\247\363`\220/r\227\027\022s\202\320\332U_\345"
 2056      60902F72 
 2056      97171273 
 2056      82D0DA55 
 2056      5FE5
 2057 01c3 0DF18556 		.ascii	"\015\361\205V{A?\345\320\325U\035=Z_h\255'\224S\016"
 2057      7B413FE5 
 2057      D0D5551D 
 2057      3D5A5F68 
 2057      AD279453 
 2058 01d8 A3A55C61 		.ascii	"\243\245\\a^\355\265f\203\261\355\2114\270\302\323\264"
 2058      5EEDB566 
 2058      83B1ED89 
 2058      34B8C2D3 
 2058      B4
 2059 01e9 0CF3508E 		.ascii	"\014\363P\216R\201\262\031\004\036s\010o#t\013\377\376"
 2059      5281B219 
 2059      041E7308 
 2059      6F23740B 
 2059      FFFE
 2060 01fb 25E68CF2 		.ascii	"%\346\214\362_\201\356\344\346{\347\255)\011d|n\210"
 2060      5F81EEE4 
 2060      E67BE7AD 
 2060      2909647C 
 2060      6E88
 2061 020d B573B502 		.ascii	"\265s\265\002\354\0078\200\346\217\000b\320\374a\200"
 2061      EC073880 
 2061      E68F0062 
ARM GAS  C:\Users\acest\AppData\Local\Temp\ccbjvY4c.s 			page 67


 2061      D0FC6180 
 2062 021d 43401B18 		.ascii	"C@\033\030Tw\342\350\2223d\330\350\321\230\344\034Q"
 2062      5477E2E8 
 2062      923364D8 
 2062      E8D198E4 
 2062      1C51
 2063 022f AC250A17 		.ascii	"\254%\012\027\001\216\001\303\036\0078\301\022\217\306"
 2063      018E01C3 
 2063      1E0738C1 
 2063      128FC6
 2064 023e FA4A0A77 		.ascii	"\372J\012w\255\030\262\024M\232\240\031\340(0\210dZ"
 2064      AD18B214 
 2064      4D9AA019 
 2064      E0283088 
 2064      645A
 2065 0250 80481433 		.ascii	"\200H\0243CU\354n\237'\206H\220\203>\220\375\334\351"
 2065      4355EC6E 
 2065      9F278648 
 2065      90833E90 
 2065      FDDCE9
 2066 0263 9ED266C7 		.ascii	"\236\322f\307\350\321\241\350\263\273\272]\273\246\226"
 2066      E8D1A1E8 
 2066      B3BBBA5D 
 2066      BBA696
 2067 0272 C3F6019C 		.ascii	"\303\366\001\234\002\267w\267\275\356\235+\012\207\024"
 2067      02B777B7 
 2067      BDEE9D2B 
 2067      0A8714
 2068 0281 CDA1B01B 		.ascii	"\315\241\260\033\240\311\017\204\031A\342\032\225\370"
 2068      A0C90F84 
 2068      1941E21A 
 2068      95F8
 2069 028f 294EFC24 		.ascii	")N\374$@\013#\216\351\270U\331\260hHh\351\217\000yN"
 2069      400B238E 
 2069      E9B855D9 
 2069      B0684868 
 2069      E98F0079 
 2070 02a4 43682111 		.ascii	"Ch!\021\350'D\3722\320O\361k\031\312J\224r\2716\234"
 2070      E82744FA 
 2070      32D04FF1 
 2070      6B19CA4A 
 2070      9472B936 
 2071 02b9 F7412DA1 		.ascii	"\367A-\241\233\010Z\177\352\366\205\217O\005\217\306"
 2071      9B085A7F 
 2071      EAF6858F 
 2071      4F058FC6 
 2072 02c9 67D868FE 		.ascii	"g\330h\376\\\304\034\354\313\316\023CrL\320\010\320"
 2072      5CC41CEC 
 2072      CBCE1343 
 2072      724CD008 
 2072      D0
 2073 02da 00D0A172 		.ascii	"\000\320\241r\256\007N\232a*U\314\031/\314i\366\302"
 2073      AE074E9A 
 2073      612A55CC 
 2073      192FCC69 
 2073      F6C2
 2074 02ec 8E5C8E84 		.ascii	"\216\\\216\204kV|\320\204\351\371\026\340\033/\314\036"
ARM GAS  C:\Users\acest\AppData\Local\Temp\ccbjvY4c.s 			page 68


 2074      6B567CD0 
 2074      84E9F916 
 2074      E01B2FCC 
 2074      1E
 2075 02fd B79DEE75 		.ascii	"\267\235\356ur~\320\316\005/L\244dF\356Y\214\373\022"
 2075      727ED0CE 
 2075      052F4CA4 
 2075      6446EE59 
 2075      8CFB12
 2076 0310 C045D6D0 		.ascii	"\300E\326\320\301\343\276\001p\015\340:@'\300-\200+"
 2076      C1E3BE01 
 2076      700DE03A 
 2076      4027C02D 
 2076      802B
 2077 0322 005701BA 		.ascii	"\000W\001\272\000.\003\334d\371`\0347\250\034\317y\331"
 2077      002E03DC 
 2077      64F9601C 
 2077      37A81CCF 
 2077      79D9
 2078 0334 3E2B7364 		.ascii	">+sd\240\365*\350\274/H\012\266I\305\354\365\015D6T"
 2078      A0F52AE8 
 2078      BC2F480A 
 2078      B649C5EC 
 2078      F50D4436 
 2079 0349 AE82DA7C 		.ascii	"\256\202\332|\"\221\354\354W!\355\276\211\225\355lT"
 2079      2291ECEC 
 2079      5721EDBE 
 2079      8995ED6C 
 2079      54
 2080 035a 41ADBE99 		.ascii	"A\255\276\2315\013t\033\3538\262\360\362\206\032\375"
 2080      350B741B 
 2080      EB38B2F0 
 2080      F2861AFD 
 2081 036a B0C1E981 		.ascii	"\260\301\351\201\333\360_&\010M\334\375\374\372r\215"
 2081      DBF05F26 
 2081      084DDCFD 
 2081      FCFA728D 
 2082 037a 894FFCD2 		.ascii	"\211O\374\322z\015t\253\256\3560\023\002m\340\236\226"
 2082      7A0D74AB 
 2082      AEEE3013 
 2082      026DE09E 
 2082      96
 2083 038b 55ECCC26 		.ascii	"U\354\314&~`\320\003\012\3600\0076\237_~ \330w!\271"
 2083      7E60D003 
 2083      0AF03007 
 2083      369F5F7E 
 2083      20D87721 
 2084 03a0 37685DC0 		.ascii	"7h]\300\321'\320V\034\2227PzPz\271\366\245{\353W\223"
 2084      D127D056 
 2084      1C923750 
 2084      7A507AB9 
 2084      F6A57BEB 
 2085 03b6 61D28A59 		.ascii	"a\322\212Y\313WK\350\007x\310\035\340*,R\006Z\274?\277"
 2085      CB574BE8 
 2085      0778C81D 
 2085      E02A2C52 
 2085      065ABC3F 
ARM GAS  C:\Users\acest\AppData\Local\Temp\ccbjvY4c.s 			page 69


 2086 03cb CBE80D7A 		.ascii	"\313\350\015z\244\202\230\225\233\331M\006\225\354\367"
 2086      A4829895 
 2086      9BD94D06 
 2086      95ECF7
 2087 03da 6A4C8FD9 		.ascii	"jL\217\331Z\276\200Y\321\235\272u\347\213@u\331\300"
 2087      5ABE8059 
 2087      D19DBA75 
 2087      E78B4075 
 2087      D9C0
 2088 03ec EC7D07AC 		.ascii	"\354}\007\254\277\231C\2210\256s\011\314!\362\302\321"
 2088      BF994391 
 2088      30AE7309 
 2088      CC21F2C2 
 2088      D1
 2089 03fd BC6451C3 		.ascii	"\274dQ\303\220e\030\222\011m\300\000\207\014\032\245"
 2089      90651892 
 2089      096DC000 
 2089      870C1AA5 
 2090 040d 6CE52894 		.ascii	"l\345(\224\373\0151\017|0f\306\355\312\335KGM\303|\234"
 2090      FB0D310F 
 2090      7C3066C6 
 2090      EDCADD4B 
 2090      474DC37C 
 2091 0422 3E1AEC74 		.ascii	">\032\354t)\325\364-+)5\014\363%\330\013\220\303\261"
 2091      29D5F42D 
 2091      2B29350C 
 2091      F325D80B 
 2091      90C3B1
 2092 0435 B90C88CD 		.ascii	"\271\014\210\315}\305%\345eC\347pv\331\004\372x\273"
 2092      7DC525E5 
 2092      6543E770 
 2092      76D904FA 
 2092      78BB
 2093 0447 04563CD3 		.ascii	"\004V<\323~\236\272\202\207\215s\202}\275\317#\236\026"
 2093      7E9EBA82 
 2093      878D7382 
 2093      7DBDCF23 
 2093      9E16
 2094 0459 117734E7 		.ascii	"\021w4\347jS\220\232\301<5\220\371\204\003\312\333\253"
 2094      6A53909A 
 2094      C13C3590 
 2094      F98403CA 
 2094      DBAB
 2095 046b CE99AE00 		.ascii	"\316\231\256\000\337\01056\300\371\375\002\276\214\302"
 2095      DF083536 
 2095      C0F9FD02 
 2095      BE8CC2
 2096 047a DB540815 		.ascii	"\333T\010\025\211Ht6J\214\324Hm\306&\030\031~\217N0"
 2096      89487436 
 2096      4A8CD448 
 2096      6DC62618 
 2096      197E8F4E 
 2097 048f 90F060A3 		.ascii	"\220\360`\243aM\003\204\030\265\006B:\3646cx?\254#\245"
 2097      614D0384 
 2097      18B50642 
 2097      3AF43663 
 2097      783FAC23 
ARM GAS  C:\Users\acest\AppData\Local\Temp\ccbjvY4c.s 			page 70


 2098 04a4 BAB009A2 		.ascii	"\272\260\011\242\306\266px\207^$E\257\205\216\233\200"
 2098      C6B67078 
 2098      875E2445 
 2098      AF858E9B 
 2098      80
 2099 04b5 EF0E7D13 		.ascii	"\357\016}\023\330P+Vc\010\301R\207\336x\217\226~\244"
 2099      D8502B56 
 2099      6308C152 
 2099      87DE788F 
 2099      967EA4
 2100 04c8 B31D22F3 		.ascii	"\263\035\"\363\307\340\022j\264Y\330\312;\301`\030\031"
 2100      C7E0126A 
 2100      B459D8CA 
 2100      3BC16018 
 2100      19
 2101 04d9 5C4FEBE9 		.ascii	"\\O\353\351D<\024\030*6\0147v\350\203\321D\270-,\304"
 2101      443C1418 
 2101      2A360C37 
 2101      76E883D1 
 2101      44B82D2C 
 2102 04ee 1616DC04 		.ascii	"\026\026\334\004Z\233\315\030\032. \011\233\3052\201"
 2102      5A9BCD18 
 2102      1A2E2009 
 2102      9BC53281 
 2103 04fe 18D1B2C6 		.ascii	"\030\321\262\306\320\004\026\012&\213x\261k\204Qk\014"
 2103      D004160A 
 2103      268B78B1 
 2103      6B84516B 
 2103      0C
 2104 050f 1819162E 		.ascii	"\030\031\026.\0106a\"A\273t@y@\217>m\352'@\270\221X"
 2104      08366122 
 2104      41BB7440 
 2104      79408F3E 
 2104      6DEA2740 
 2105 0526 089DDCA1 		.ascii	"\010\235\334\241\307\315\237\204a\3325\006\223\011D"
 2105      C7CD9F84 
 2105      61DA3506 
 2105      930944
 2106 0535 FC094898 		.ascii	"\374\011H\230l\213\265\030\205\016=\301\246P\015\353"
 2106      6C8BB518 
 2106      850E3DC1 
 2106      A6500DEB 
 2107 0545 4855D3A8 		.ascii	"HU\323\250\303\003\336\0223&\231\377c/\220_ \037\376"
 2107      C303DE12 
 2107      332699FF 
 2107      632F905F 
 2107      201FFE
 2108 0558 3CDDF07A 		.ascii	"<\335\360z6\242\211\214f\020\251\326\375#\227\031\200"
 2108      36A2898C 
 2108      6610A9D6 
 2108      FD239719 
 2108      80
 2109 0569 C876887C 		.ascii	"\310v\210|\376\000IGv\302\336\036\306\335\020\220!\212"
 2109      FE004947 
 2109      76C2DE1E 
 2109      C6DD1090 
 2109      218A
ARM GAS  C:\Users\acest\AppData\Local\Temp\ccbjvY4c.s 			page 71


 2110 057b 1D494706 		.ascii	"\035IG\006\270u\345\"\363\301\301\304S\207\353y\021"
 2110      B875E522 
 2110      F3C1C1C4 
 2110      5387EB79 
 2110      11
 2111 058c 574D0A6E 		.ascii	"WM\012n\263\012%A\372\300qS\267\2705O{\025\330\240m"
 2111      B30A2541 
 2111      FAC07153 
 2111      B7B8354F 
 2111      7B15D8A0 
 2112 05a1 9CF3990E 		.ascii	"\234\363\231\016\206\027M\020\200\256\320\260\266\274"
 2112      86174D10 
 2112      80AED0B0 
 2112      B6BC
 2113 05af AAC203C6 		.ascii	"\252\302\003\306\021\"\333\363\305PHq\357\272\013\321"
 2113      1122DBF3 
 2113      C5504871 
 2113      EFBA0BD1 
 2114 05bf B3836BE7 		.ascii	"\263\203k\347\027|V\256\031U\\,\366\035o\357^J\363\033"
 2114      177C56AE 
 2114      19555C2C 
 2114      F61D6FEF 
 2114      5E4AF31B 
 2115 05d3 EE88A2D1 		.ascii	"\356\210\242\321\200\000X@\244\331/`I\200\002\002\371"
 2115      80005840 
 2115      A4D92F60 
 2115      49800202 
 2115      F9
 2116 05e4 E4DD4526 		.ascii	"\344\335E&\272Y\313\324\276+\331{\322\310\216\326P\005"
 2116      BA59CBD4 
 2116      BE2BD97B 
 2116      D2C88ED6 
 2116      5005
 2117 05f6 E0C08ACA 		.ascii	"\340\300\212\312\223\325\015\032^q\037`\021\301\232"
 2117      93D50D1A 
 2117      5E711F60 
 2117      11C19A
 2118 0605 D6DC4D85 		.ascii	"\326\334M\205\340\265\246\010\3601q\257(-\3376\025\006"
 2118      E0B5A608 
 2118      F03171AF 
 2118      282DDF36 
 2118      1506
 2119 0617 7B2F39B8 		.ascii	"{/9\270\310z\000\216\355.9\356\261\214~\242N\230\305"
 2119      C87A008E 
 2119      ED2E39EE 
 2119      B18C7EA2 
 2119      4E98C5
 2120 062a D284E9EC 		.ascii	"\322\204\351\354\377\372N\220\037\000[@e\310\322\271"
 2120      FFFA4E90 
 2120      1F005B40 
 2120      65C8D2B9 
 2121 063a F7CB249A 		.ascii	"\367\313$\232\377$P\304X\355k-\351\362\227\021\334\323"
 2121      FF2450C4 
 2121      58ED6B2D 
 2121      E9F29711 
 2121      DCD3
 2122 064c E15F9252 		.ascii	"\341_\222R\345\311\366}\300RR\261\203\255=s\021\254"
ARM GAS  C:\Users\acest\AppData\Local\Temp\ccbjvY4c.s 			page 72


 2122      E5C9F67D 
 2122      C05252B1 
 2122      83AD3D73 
 2122      11AC
 2123 065e C1762874 		.ascii	"\301v(t'\244\320\235\220kF\332\304\023\322s\274\345"
 2123      27A4D09D 
 2123      906B46DA 
 2123      C413D273 
 2123      BCE5
 2124 0670 02E19E6A 		.ascii	"\002\341\236j\244\204T\374\273#\235\177\327\001|\316"
 2124      A48454FC 
 2124      BB239D7F 
 2124      D7017CCE 
 2125 0680 3C775D5E 		.ascii	"<w]^\\O\024.KXMK\343\326g\375P\301\243\005,\225\250"
 2125      5C4F142E 
 2125      4B584D4B 
 2125      E3D667FD 
 2125      50C1A305 
 2126 0697 7C9BDD7F 		.ascii	"|\233\335\177\320\310\251l\314uSYF\240\330M\245\330"
 2126      D0C8A96C 
 2126      CC755359 
 2126      46A0D84D 
 2126      A5D8
 2127 06a9 4DE56C00 		.ascii	"M\345l\000m\343Tr\213zF)\236\031\223\325\275\237\256"
 2127      6DE35472 
 2127      8B7A4629 
 2127      9E1993D5 
 2127      BD9FAE
 2128 06bc 0C541C7F 		.ascii	"\014T\034\177\301\034\347.?s@\347\307\363r4V*y\376\250"
 2128      C11CE72E 
 2128      3F7340E7 
 2128      C7F37234 
 2128      562A79FE 
 2129 06d1 30B73E90 		.ascii	"0\267>\220{.\317s{^N\240\304\355\271\304\355\271\301"
 2129      7B2ECF73 
 2129      7B5E4EA0 
 2129      C4EDB9C4 
 2129      EDB9C1
 2130 06e4 401F68D9 		.ascii	"@\037h\3311H\307g\251\236\227X\277\316\246\005:f\354"
 2130      3148C767 
 2130      A99E9758 
 2130      BFCEA605 
 2130      3A66EC
 2131 06f7 F6C9967A 		.ascii	"\366\311\226z\235Q\034\274\203\255\"\210\303%\262\214"
 2131      9D511CBC 
 2131      83AD2288 
 2131      C325B28C 
 2132 0707 C04A9EA1 		.ascii	"\300J\236\241\352\201Y\234\347j\302\211\237;w\367K\235"
 2132      EA81599C 
 2132      E76AC289 
 2132      9F3B77F7 
 2132      4B9D
 2133 0719 F710C185 		.ascii	"\367\020\301\205z\255:Dno\332\332`\362\006\340\272\353"
 2133      7AAD3A44 
 2133      6E6FDADA 
 2133      60F206E0 
 2133      BAEB
ARM GAS  C:\Users\acest\AppData\Local\Temp\ccbjvY4c.s 			page 73


 2134 072b 01183871 		.ascii	"\001\0308q\252\037\324!\362\225:\206\312\2450\327\336"
 2134      AA1FD421 
 2134      F2953A86 
 2134      CAA530D7 
 2134      DE
 2135 073c 0CE71ECB 		.ascii	"\014\347\036\313\011\254a\024\012\332\276\370\320Ob"
 2135      09AC6114 
 2135      0ADABEF8 
 2135      D04F62
 2136 074b D663ACEB 		.ascii	"\326c\254\353$\215\276\354\354\257\365\243\212\331\006"
 2136      248DBEEC 
 2136      ECAFF5A3 
 2136      8AD906
 2137 075a D653B4E9 		.ascii	"\326S\264\351\347u\331\245\341\330\014+\334yY\301W\016"
 2137      E775D9A5 
 2137      E1D80C2B 
 2137      DC7959C1 
 2137      570E
 2138 076c BA57271D 		.ascii	"\272W'\035\014E\302\367fQ:\236\007\243\205\266\362\315"
 2138      0C45C2F7 
 2138      66513A9E 
 2138      07A385B6 
 2138      F2CD
 2139 077e BDE0CE06 		.ascii	"\275\340\316\006V*\234\276F/\221\260\231\320c<k\235"
 2139      562A9CBE 
 2139      462F91B0 
 2139      99D0633C 
 2139      6B9D
 2140 0790 7D395DC1 		.ascii	"}9]\301\234]2O\307\303\313[\262\211\037rxp\201\255\022"
 2140      9C5D324F 
 2140      C7C3CB5B 
 2140      B2891F72 
 2140      787081AD 
 2141 07a5 B99CC2DC 		.ascii	"\271\234\302\334\363:5\336mj\274\3339?\332\302-\347"
 2141      F33A35DE 
 2141      6D6ABCDB 
 2141      393FDAC2 
 2141      2DE7
 2142 07b7 F73EEC0C 		.ascii	"\367>\354\014\364\003\203J\242\000\333u\322\255B\004"
 2142      F403834A 
 2142      A200DB75 
 2142      D2AD4204 
 2143 07c7 DAC5740C 		.ascii	"\332\305t\014\265\307\006\366\352"
 2143      B5C706F6 
 2143      EA
 2144 07d0 D96956DD 		.ascii	"\331iV\335\352\252\210tx\332\3157\272Z\0025\004\252"
 2144      EAAA8874 
 2144      78DACD37 
 2144      BA5A0235 
 2144      04AA
 2145 07e2 95EDBDBA 		.ascii	"\225\355\275\272\267\2505\274![d'\325d\330E\030j\360"
 2145      B7A835BC 
 2145      215B6427 
 2145      D564D845 
 2145      186AF0
 2146 07f5 41913138 		.ascii	"A\22118T&\235Tw\020\330\342\013\342G\371\212\2322\221"
 2146      54269D54 
ARM GAS  C:\Users\acest\AppData\Local\Temp\ccbjvY4c.s 			page 74


 2146      7710D8E2 
 2146      0BE247F9 
 2146      8A9A3291 
 2147 0809 9F01D8A6 		.ascii	"\237\001\330\246\3111\203v\342\225z~t;[\335\355\271"
 2147      C9318376 
 2147      E2957A7E 
 2147      743B5BDD 
 2147      EDB9
 2148 081b 134BF4A0 		.ascii	"\023K\364\240\216\370\022d\263\374\346\366\\\303P\011"
 2148      8EF81264 
 2148      B3FCE6F6 
 2148      5CC35009 
 2149 082b 5D4AA09E 		.ascii	"]J\240\236\300&\002\025\330\010x<c]\301\027\251\303"
 2149      C0260215 
 2149      D808783C 
 2149      635DC117 
 2149      A9C3
 2150 083d 1BAE1A7E 		.ascii	"\033\256\032~Q\\$\366=\272Z\264@\217\347\001\0156\303"
 2150      515C24F6 
 2150      3DBA5AB4 
 2150      408FE701 
 2150      0D36C3
 2151 0850 466E4FC1 		.ascii	"FnO\301o$\302\273U\006D\357\337\265p\231IMk\266\032"
 2151      6F24C2BB 
 2151      550644EF 
 2151      DFB57099 
 2151      494D6BB6 
 2152 0865 CB1EC9DC 		.ascii	"\313\036\311\334\321u\371\037{\034\371\032T\300^\004"
 2152      D175F91F 
 2152      7B1CF91A 
 2152      54C05E04 
 2153 0875 D08D3C8C 		.ascii	"\320\215<\2145\315g\327\014\341\335\376X\232\277K\367"
 2153      35CD67D7 
 2153      0CE1DDFE 
 2153      589ABF4B 
 2153      F7
 2154 0886 945F0CF6 		.ascii	"\224_\014\366\323\357\373\220g\023\352\215**f\247\251"
 2154      D3EFFB90 
 2154      6713EA8D 
 2154      2A2A66A7 
 2154      A9
 2155 0897 EABC403C 		.ascii	"\352\274@<M\341D\255\323`\023|#\017H\330\317\312\312"
 2155      4DE144AD 
 2155      D360137C 
 2155      230F48D8 
 2155      CFCACA
 2156 08aa 542D08A2 		.ascii	"T-\010\242\273\271\227\226\015\373\036\350\224\241\317"
 2156      BBB99796 
 2156      0DFB1EE8 
 2156      94A1CF
 2157 08b9 BC6C6F2D 		.ascii	"\274lo-\273\357ot\035B\335\203\262\227\312\346\236\346"
 2157      BBEF6F74 
 2157      1D42DD83 
 2157      B297CAE6 
 2157      9EE6
 2158 08cb BBE0F672 		.ascii	"\273\340\366r\210\300\001\305\313aVV\274\3346\321cz"
 2158      88C001C5 
ARM GAS  C:\Users\acest\AppData\Local\Temp\ccbjvY4c.s 			page 75


 2158      CB615656 
 2158      BCDC36D1 
 2158      637A
 2159 08dd 49A37240 		.ascii	"I\243r@\334\241\367\3248\242h4\263\262\242q\302D\277"
 2159      DCA1F7D4 
 2159      38A26834 
 2159      B3B2A271 
 2159      C244BF
 2160 08f0 34087435 		.ascii	"4\010t5\312z\224\315\006i\362Pv6\275\376p\243\311\337"
 2160      CA7A94CD 
 2160      0669F250 
 2160      7636BDFE 
 2160      70A3C9DF 
 2161 0904 7439C9A7 		.ascii	"t9\311\247K\013\233\266\033\226\264\346\203\332\231"
 2161      4B0B9BB6 
 2161      1B96B4E6 
 2161      83DA99
 2162 0913 782B54C6 		.ascii	"x+T\306\346)\302\201,\344\322\023\363\253\002UP\243"
 2162      E629C281 
 2162      2CE4D213 
 2162      F3AB0255 
 2162      50A3
 2163 0925 2F88EE40 		.ascii	"/\210\356@\3375({\015\250\020R\\uo+(w8\274C\364mYU\267"
 2163      DF35287B 
 2163      0DA81052 
 2163      5C756F2B 
 2163      287738BC 
 2164 093f 55BFB652 		.ascii	"U\277\266R\024\363\237f\352\307\011\\ 0\350\366\265"
 2164      14F39F66 
 2164      EAC7095C 
 2164      2030E8F6 
 2164      B5
 2165 0950 9CDD59AA 		.ascii	"\234\335Y\2524\374\202F\340\004\207(~<\356>\033\253"
 2165      34FC8246 
 2165      E0048728 
 2165      7E3CEE3E 
 2165      1BAB
 2166 0962 321984DD 		.ascii	"2\031\204\335F\274\254(W\026\337\013\332\005>\350\332"
 2166      46BCAC28 
 2166      5716DF0B 
 2166      DA053EE8 
 2166      DA
 2167 0973 095C2470 		.ascii	"\011\\$p\216\300Y\002m\004.\0218O\344{\331z\267\311"
 2167      8EC05902 
 2167      6D042E11 
 2167      384FE47B 
 2167      D97AB7C9 
 2168 0987 63BEC4E4 		.ascii	"c\276\304\344[\320Wn\314i/L\244\012\331\340\206\034"
 2168      5BD0576E 
 2168      CC692F4C 
 2168      A40AD9E0 
 2168      861C
 2169 0999 F5652691 		.ascii	"\365e&\221_\353\206\234\361\261\202\323qQ\000_(W\344"
 2169      5FEB869C 
 2169      F1B182D3 
 2169      7151005F 
 2169      2857E4
ARM GAS  C:\Users\acest\AppData\Local\Temp\ccbjvY4c.s 			page 76


 2170 09ac BFEA7B91 		.ascii	"\277\352{\221\272L\236\034\010\333\257\252[\366Su\226"
 2170      BA4C9E1C 
 2170      08DBAFAA 
 2170      5BF65375 
 2170      96
 2171 09bd 5C51ED5F 		.ascii	"\\Q\355_%\362\215\3749Z\022 \3202\224r\224M(\333P\252"
 2171      25F28DFC 
 2171      395A1220 
 2171      D0329472 
 2171      944D28DB 
 2172 09d3 50F6A01C 		.ascii	"P\366\240\034A9\216r\006\245\015\345*JW\200\244\371"
 2172      41398E72 
 2172      06A50DE5 
 2172      2A4A5780 
 2172      A4F9
 2173 09e5 6BE9A644 		.ascii	"k\351\246Di7#9\262q\301\343N\223rI\037\255\336\325\013"
 2173      69372339 
 2173      B271C1E3 
 2173      4E937249 
 2173      1FADDED5 
 2174 09fa 16B96F8B 		.ascii	"\026\271o\213\275\004\036\250\024\256\221\301\375\363"
 2174      BD041EA8 
 2174      14AE91C1 
 2174      FDF3
 2175 0a08 1D81FBAC 		.ascii	"\035\201\373\254\362\001\017+\207\302<\012\217\011|"
 2175      F2010F2B 
 2175      87C23C0A 
 2175      8F097C
 2176 0a17 4FE01181 		.ascii	"O\340\021\201l\012\270\266\015\020\350'\360\220@.\005"
 2176      6C0AB8B6 
 2176      0D10E827 
 2176      F090402E 
 2176      05
 2177 0a28 91C25C0A 		.ascii	"\221\302\\\012}J\247}\377\221\333\321\015/G\036\351"
 2177      7D4AA77D 
 2177      FF91DBD1 
 2177      0D2F471E 
 2177      E9
 2178 0a39 7EAC62BA 		.ascii	"~\254b\272|1r\267=PA\335^\240\323\252\241>\025s\307"
 2178      7C3172B7 
 2178      3D5041DD 
 2178      5EA0D3AA 
 2178      A13E1573 
 2179 0a4e 0BE37973 		.ascii	"\013\343ys\277\255\202z|A\322\237s\036\311\030\234h"
 2179      BFAD827A 
 2179      7C41D29F 
 2179      731EC918 
 2179      9C68
 2180 0a60 37BD309E 		.ascii	"7\2750\236cm\276\232\303N/\320Eu\371\257x\250Z\272\345"
 2180      636DBE9A 
 2180      C34E2FD0 
 2180      4575F9AF 
 2180      78A85ABA 
 2181 0a75 6B49A29D 		.ascii	"kI\242\235\257\032\352\360\355\014\011\323\257\262\276"
 2181      AF1AEAF0 
 2181      ED0C09D3 
 2181      AFB2BE
ARM GAS  C:\Users\acest\AppData\Local\Temp\ccbjvY4c.s 			page 77


 2182 0a84 ED1BBECC 		.ascii	"\355\033\276\314\350\246\012\272\347\005R\377\2260\240"
 2182      E8A60ABA 
 2182      E70552FF 
 2182      9630A0
 2183 0a93 42AEFB92 		.ascii	"B\256\373\222\2260\267T\314]\0373\350\212\336\343\023"
 2183      9630B754 
 2183      CC5D1F33 
 2183      E88ADEE3 
 2183      13
 2184 0aa4 A0ADE678 		.ascii	"\240\255\346xy\300\260\301\003\005\362\350\3770T\330"
 2184      79C0B0C1 
 2184      0305F2E8 
 2184      FF3054D8 
 2185 0ab4 E9685FE1 		.ascii	"\351h_\341\021\217\335e>u\273\315\247\322\005\362t\345"
 2185      118FDD65 
 2185      3E75BBCD 
 2185      A7D205F2 
 2185      74E5
 2186 0ac6 19A30A58 		.ascii	"\031\243\012X\257\362*@\000\235c\224v\212\312\201\356"
 2186      AFF22A40 
 2186      009D6394 
 2186      768ACA81 
 2186      EE
 2187 0ad7 16FD3A5C 		.ascii	"\026\375:\\\304rEqn\000;\333\300\002*\257\311\013)\226"
 2187      C4724571 
 2187      6E003BDB 
 2187      C0022AAF 
 2187      C90B2996 
 2188 0aeb 95357995 		.ascii	"\2255y\225I\260FDDz\376\217JI\235\221\032\347\232iK"
 2188      49B04644 
 2188      447AFE8F 
 2188      4A499D91 
 2188      1AE79A69 
 2189 0b00 754426B1 		.ascii	"uD&\261\262\303i1\233\315\221\016gdJbZd\246#\313\345"
 2189      B2C36931 
 2189      9BCD910E 
 2189      67644A62 
 2189      5A64A623 
 2190 0b16 8C8C9B3E 		.ascii	"\214\214\233>u\234%r\312\224\350\310Wb'M\233eaM\011"
 2190      759C2572 
 2190      CA94E8C8 
 2190      5762274D 
 2190      9B65614D 
 2191 0b2b 99286969 		.ascii	"\231(ii\266\210$\303+\257\275\036\026e~Q\030\341U\035"
 2191      B68824C3 
 2191      2BAFBD1E 
 2191      16657E51 
 2191      18E1551D 
 2192 0b3f 611B37CE 		.ascii	"a\0337\316<\336\374\374s\202!\325\221\356\260\331\023"
 2192      3CDEFCFC 
 2192      738221D5 
 2192      91EEB0D9 
 2192      13
 2193 0b50 5C8699A9 		.ascii	"\\\206\231\251\031\256q\226\004WP\252\303>\313\236\341"
 2193      19AE7196 
 2193      045750AA 
 2193      C33ECB9E 
ARM GAS  C:\Users\acest\AppData\Local\Temp\ccbjvY4c.s 			page 78


 2193      E1
 2194 0b61 92AA0352 		.ascii	"\222\252\003R\035\231\211\266T[\202K\363\362D\353\024"
 2194      1D9989B6 
 2194      545B824B 
 2194      F3F244EB 
 2194      14
 2195 0b72 ED946951 		.ascii	"\355\224iQ\223\255\232?\304Y\255\360\006\274\252MJ\263"
 2195      93AD9A3F 
 2195      C459ADF0 
 2195      06BCAA4D 
 2195      4AB3
 2196 0b84 27667155 		.ascii	"'fqU\363\013\011.\352\264\273&&\275\024\317\311:9\361"
 2196      F30B092E 
 2196      EAB4BB26 
 2196      26BD14CF 
 2196      C93A39F1 
 2197 0b98 780FE2F1 		.ascii	"x\017\342\361\016g<\322\210\347\304\343\235\256\364"
 2197      0E673CD2 
 2197      88E7C4E3 
 2197      9DAEF4
 2198 0ba7 719678A4 		.ascii	"q\226x\244\023\237\234\231\352\230e\221*\022\330GD\212"
 2198      139F9C99 
 2198      EA986591 
 2198      2A12D847 
 2198      448A
 2199 0bb9 40A7455B 		.ascii	"@\247E[\351\244h\2536\366\365\330h\253~Z\\lLL\264U7"
 2199      E9A468AB 
 2199      36F6F5D8 
 2199      68AB7E5A 
 2199      5C6C4C4C 
 2200 0bd0 6DFA5BB1 		.ascii	"m\372[\2611V\355\324i\3211VF\350U\223\252\225\3402\""
 2200      3156EDD4 
 2200      69D13156 
 2200      46E85593 
 2200      AA95E032 
 2201 0be5 59B4CDD8 		.ascii	"Y\264\315\330\232\244bz\242\363\375\004WHRJ\202+%\313"
 2201      9AA4627A 
 2201      A2F3FD04 
 2201      5748524A 
 2201      822B25CB 
 2202 0bf9 9E687326 		.ascii	"\236hs&|0\323>\323\256\345oM\206}\266\313\200m\374\313"
 2202      7C30D33E 
 2202      D3AEE56F 
 2202      4D867DB6 
 2202      CB806DFC 
 2203 0c0e A81430D4 		.ascii	"\250\0240\324\314,\373\254qO\016$\313\025\237\232\221"
 2203      CC2CFBAC 
 2203      714F0E24 
 2203      CB159F9A 
 2203      91
 2204 0c1f 9436D366 		.ascii	"\2246\323f\307\2264\0049\221\365\363?A\3071\343/\366"
 2204      C7963404 
 2204      3991F5F3 
 2204      3F41C731 
 2204      E32FF6
 2205 0c32 24AE15EC 		.ascii	"$\256\025\354\305\015\323h~A\010H\314J\237\365\242}"
 2205      C50DD368 
ARM GAS  C:\Users\acest\AppData\Local\Temp\ccbjvY4c.s 			page 79


 2205      7E410848 
 2205      CC4A9FF5 
 2205      A27D
 2206 0c44 6CBA604C 		.ascii	"l\272`L\3028\354\263\307\246\217\027\202\224\036LH\315"
 2206      C238ECB3 
 2206      C7A68F17 
 2206      82941E4C 
 2206      48CD
 2207 0c56 4875FD2A 		.ascii	"Hu\375*\352\245\370\327\235\366,g|b\222\335\351\212"
 2207      EAA5F8D7 
 2207      9DF62C67 
 2207      7C6292DD 
 2207      E98A
 2208 0c68 8FB63BDF 		.ascii	"\217\266;\337w92\343\255\021/GDE\304\304gauBf\226\203"
 2208      773932E3 
 2208      AD112F47 
 2208      4445C4C4 
 2208      67617542 
 2209 0c7f B911E2FE 		.ascii	"\271\021\342\376\377cK\030\356\246\203\375\236\234\345"
 2209      FF634B18 
 2209      EEA683FD 
 2209      9E9CE5
 2210 0c8e 9899C9C6 		.ascii	"\230\231\311\306\314\010w\255=#qF\232\035\207\017\037"
 2210      CC0877AD 
 2210      3D237146 
 2210      9A1D870F 
 2210      1F
 2211 0c9f 4F4FBBEB 		.ascii	"OO\273\353m\251N\317\006\354\235\351)\266h;\217\376"
 2211      6DA94ECF 
 2211      06EC9DE9 
 2211      29B6683B 
 2211      8FFE
 2212 0cb1 E5B4B449 		.ascii	"\345\264\264I\332tgr\202\353\247\344RN \3462\220{\341"
 2212      DA746772 
 2212      82EBA7E4 
 2212      524E20E6 
 2212      32907BE1 
 2213 0cc5 769D2469 		.ascii	"v\235$iF\020~%%\246\245\315HL\302q\240\227q41+y\374"
 2213      46107E25 
 2213      25A6A5CD 
 2213      484CC271 
 2213      A0977134 
 2214 0cdd 8F8F53C5 		.ascii	"\217\217S\305\276\0345Z7\342\017\267\215\323\304=\\"
 2214      BE1C355A 
 2214      37E20FB7 
 2214      8DD3C43D 
 2214      5C
 2215 0cee 585F84F2 		.ascii	"X_\204\362\030\376\304\276\247\361~\235\204\225\317"
 2215      18FEC4BE 
 2215      A7F17E9D 
 2215      8495CF
 2216 0cfd 389C8969 		.ascii	"8\234\211i\323\271\313A-?\022\033s\316t1\310\261\031"
 2216      D3B9CB41 
 2216      2D3F121B 
 2216      73CE7431 
 2216      C8B119
 2217 0d10 A95219BD 		.ascii	"\251R\031\275k\342\336\210\265j\243&\276b\265h\342\242"
ARM GAS  C:\Users\acest\AppData\Local\Temp\ccbjvY4c.s 			page 80


 2217      6BE2DE88 
 2217      B56AA326 
 2217      BE62B568 
 2217      E2A2
 2218 0d22 E2ACBA98 		.ascii	"\342\254\272\2307\247O\212\222j\314\272\2511S\255Sc"
 2218      37A74F8A 
 2218      926ACCBA 
 2218      A93153AD 
 2218      5363
 2219 0d34 69DC646B 		.ascii	"i\334dk\364\223\255'9\322\323\035\031\3618\366q\312"
 2219      F493AD27 
 2219      39D2D31D 
 2219      19F138F6 
 2219      71CA
 2220 0d46 49B32E79 		.ascii	"I\263.y\374\354\331J\351E,\243\263!qo\305\241\341\204"
 2220      FCECD94A 
 2220      E9452CA3 
 2220      B321716F 
 2220      C5A1E184 
 2221 0d5a E97FCDB4 		.ascii	"\351\177\315\264G\333\337\323\305\2751)\306j\321N\234"
 2221      47DBDFD3 
 2221      C5BD3129 
 2221      C66AD14E 
 2221      9C
 2222 0d6b 1E876F2B 		.ascii	"\036\207o+{k\320\241E3\011_\001\326\230\270\030\353"
 2222      7B6BD0A1 
 2222      4533095F 
 2222      01D698B8 
 2222      18EB
 2223 0d7d 9F63A2D5 		.ascii	"\237c\242\325\222\231\306\"'\256d\346Jf\256dfJf\246"
 2223      9299C622 
 2223      27AE64E6 
 2223      4A66AE64 
 2223      664A66A6 
 2224 0d91 C4001613 		.ascii	"\304\000\026\023\213@q1\\M\227\307`\370\017\241U&\301"
 2224      8B407131 
 2224      5C4D97C7 
 2224      60F80FA1 
 2224      5526C1
 2225              		.text
 2226              		.section	.gnu.lto_.symtab.b3bf8fb3,"e",%progbits
 2227 0000 5F70616C 		.ascii	"_pal_lld_init\000"
 2227      5F6C6C64 
 2227      5F696E69 
 2227      7400
 2228 000e 00       		.ascii	"\000"
 2229 000f 00       		.ascii	"\000"
 2230 0010 00       		.ascii	"\000"
 2231 0011 00000000 		.ascii	"\000\000\000\000\000\000\000\000"
 2231      00000000 
 2232 0019 0D010000 		.ascii	"\015\001\000\000"
 2233 001d 5F70616C 		.ascii	"_pal_events\000"
 2233      5F657665 
 2233      6E747300 
 2234 0029 00       		.ascii	"\000"
 2235 002a 00       		.ascii	"\000"
 2236 002b 00       		.ascii	"\000"
ARM GAS  C:\Users\acest\AppData\Local\Temp\ccbjvY4c.s 			page 81


 2237 002c 00000000 		.ascii	"\000\000\000\000\000\000\000\000"
 2237      00000000 
 2238 0034 44010000 		.ascii	"D\001\000\000"
 2239 0038 5F70616C 		.ascii	"_pal_lld_setgroupmode\000"
 2239      5F6C6C64 
 2239      5F736574 
 2239      67726F75 
 2239      706D6F64 
 2240 004e 00       		.ascii	"\000"
 2241 004f 00       		.ascii	"\000"
 2242 0050 00       		.ascii	"\000"
 2243 0051 00000000 		.ascii	"\000\000\000\000\000\000\000\000"
 2243      00000000 
 2244 0059 17010000 		.ascii	"\027\001\000\000"
 2245 005d 5F70616C 		.ascii	"_pal_lld_enablepadevent\000"
 2245      5F6C6C64 
 2245      5F656E61 
 2245      626C6570 
 2245      61646576 
 2246 0075 00       		.ascii	"\000"
 2247 0076 00       		.ascii	"\000"
 2248 0077 00       		.ascii	"\000"
 2249 0078 00000000 		.ascii	"\000\000\000\000\000\000\000\000"
 2249      00000000 
 2250 0080 1D010000 		.ascii	"\035\001\000\000"
 2251 0084 5F70616C 		.ascii	"_pal_lld_disablepadevent\000"
 2251      5F6C6C64 
 2251      5F646973 
 2251      61626C65 
 2251      70616465 
 2252 009d 00       		.ascii	"\000"
 2253 009e 00       		.ascii	"\000"
 2254 009f 00       		.ascii	"\000"
 2255 00a0 00000000 		.ascii	"\000\000\000\000\000\000\000\000"
 2255      00000000 
 2256 00a8 22010000 		.ascii	"\"\001\000\000"
 2257 00ac 63685468 		.ascii	"chThdDequeueAllI\000"
 2257      64446571 
 2257      75657565 
 2257      416C6C49 
 2257      00
 2258 00bd 00       		.ascii	"\000"
 2259 00be 02       		.ascii	"\002"
 2260 00bf 00       		.ascii	"\000"
 2261 00c0 00000000 		.ascii	"\000\000\000\000\000\000\000\000"
 2261      00000000 
 2262 00c8 2E010000 		.ascii	".\001\000\000"
 2263              		.text
 2264              		.section	.gnu.lto_.ext_symtab.b3bf8fb3,"e",%progbits
 2265 0000 01       		.ascii	"\001"
 2266 0001 01       		.ascii	"\001"
 2267 0002 00       		.ascii	"\000"
 2268 0003 02       		.ascii	"\002"
 2269 0004 01       		.ascii	"\001"
 2270 0005 01       		.ascii	"\001"
 2271 0006 00       		.ascii	"\000"
 2272 0007 01       		.ascii	"\001"
ARM GAS  C:\Users\acest\AppData\Local\Temp\ccbjvY4c.s 			page 82


 2273 0008 00       		.ascii	"\000"
 2274 0009 01       		.ascii	"\001"
 2275 000a 00       		.ascii	"\000"
 2276 000b 01       		.ascii	"\001"
 2277 000c 00       		.ascii	"\000"
 2278              		.text
 2279              		.section	.gnu.lto_.opts,"e",%progbits
 2280 0000 272D666E 		.ascii	"'-fno-openmp' '-fno-openacc' '-fno-pie' '-fcf-prote"
 2280      6F2D6F70 
 2280      656E6D70 
 2280      2720272D 
 2280      666E6F2D 
 2281 0033 6374696F 		.ascii	"ction=none' '-g' '-mcpu=cortex-m4' '-mthumb' '-mflo"
 2281      6E3D6E6F 
 2281      6E652720 
 2281      272D6727 
 2281      20272D6D 
 2282 0066 61742D61 		.ascii	"at-abi=soft' '-mlibarch=armv7e-m' '-march=armv7e-m'"
 2282      62693D73 
 2282      6F667427 
 2282      20272D6D 
 2282      6C696261 
 2283 0099 20272D4F 		.ascii	" '-O2' '-fomit-frame-pointer' '-falign-functions=16"
 2283      32272027 
 2283      2D666F6D 
 2283      69742D66 
 2283      72616D65 
 2284 00cc 2720272D 		.ascii	"' '-ffunction-sections' '-fdata-sections' '-fno-com"
 2284      6666756E 
 2284      6374696F 
 2284      6E2D7365 
 2284      6374696F 
 2285 00ff 6D6F6E27 		.ascii	"mon' '-flto' '-Xassembler' '-alms=./build/lst/hal_p"
 2285      20272D66 
 2285      6C746F27 
 2285      20272D58 
 2285      61737365 
 2286 0132 616C5F6C 		.ascii	"al_lld.lst'\000"
 2286      6C642E6C 
 2286      73742700 
 2287              		.text
 2288              		.comm	__gnu_lto_slim,1,1
 2289              		.ident	"GCC: (GNU Arm Embedded Toolchain 10.3-2021.10) 10.3.1 20210824 (release)"
ARM GAS  C:\Users\acest\AppData\Local\Temp\ccbjvY4c.s 			page 83


DEFINED SYMBOLS
                            *ABS*:00000000 hal_pal_lld.c
C:\Users\acest\AppData\Local\Temp\ccbjvY4c.s:30     .gnu.debuglto_.debug_info:00000000 hal_pal_lld.c.d3314150
                            *COM*:00000001 __gnu_lto_slim

NO UNDEFINED SYMBOLS
