ARM GAS  C:\Users\acest\AppData\Local\Temp\ccbxR75b.s 			page 1


   1              		.cpu cortex-m4
   2              		.arch armv7e-m
   3              		.fpu softvfp
   4              		.eabi_attribute 20, 1
   5              		.eabi_attribute 21, 1
   6              		.eabi_attribute 23, 3
   7              		.eabi_attribute 24, 1
   8              		.eabi_attribute 25, 1
   9              		.eabi_attribute 26, 1
  10              		.eabi_attribute 30, 2
  11              		.eabi_attribute 34, 1
  12              		.eabi_attribute 18, 4
  13              		.file	"hal_buffered_serial.c"
  14              		.file 1 "c:\\chibistudio\\tools\\gnu tools arm embedded\\10.3 2021.10\\lib\\gcc\\arm-none-eabi\\10
  15              		.file 2 "c:\\chibistudio\\tools\\gnu tools arm embedded\\10.3 2021.10\\arm-none-eabi\\include\\mac
  16              		.file 3 "c:\\chibistudio\\tools\\gnu tools arm embedded\\10.3 2021.10\\arm-none-eabi\\include\\sys
  17              		.file 4 "c:\\chibistudio\\chibios2111\\os\\common\\ports\\arm-common\\chtypes.h"
  18              		.file 5 "c:\\chibistudio\\chibios2111\\os\\rt\\include\\chearly.h"
  19              		.file 6 "c:\\chibistudio\\chibios2111\\os\\rt\\include\\chobjects.h"
  20              		.file 7 "c:\\chibistudio\\chibios2111\\os\\rt\\include\\chrfcu.h"
  21              		.file 8 "c:\\chibistudio\\chibios2111\\os\\rt\\include\\chdebug.h"
  22              		.file 9 "c:\\chibistudio\\chibios2111\\os\\rt\\include\\chtime.h"
  23              		.file 10 "c:\\chibistudio\\chibios2111\\os\\rt\\include\\chlists.h"
  24              		.file 11 "c:\\chibistudio\\chibios2111\\os\\common\\ports\\armv7-m-alt\\chcore.h"
  25              		.file 12 "c:\\chibistudio\\chibios2111\\os\\rt\\include\\chsem.h"
  26              		.file 13 "c:\\chibistudio\\chibios2111\\os\\rt\\include\\chmtx.h"
  27              		.file 14 "c:\\chibistudio\\chibios2111\\os\\rt\\include\\chevents.h"
  28              		.file 15 "c:\\chibistudio\\chibios2111\\os\\hal\\include\\hal_queues.h"
  29              		.file 16 "c:\\chibistudio\\chibios2111\\os\\hal\\include\\hal_buffered_serial.h"
  30              		.file 17 "../../../../../ChibiStudio/chibios2111/os/hal/src/hal_buffered_serial.c"
  31              		.file 18 "c:\\chibistudio\\chibios2111\\os\\hal\\osal\\rt-nil\\osal.h"
  32              		.section	.gnu.debuglto_.debug_info,"e",%progbits
  33              	.Ldebug_info0:
  34              		.hidden	hal_buffered_serial.c.ad54f57e
  35              		.weak	hal_buffered_serial.c.ad54f57e
  36              	hal_buffered_serial.c.ad54f57e:
  37 0000 520C0000 		.4byte	0xc52
  38 0004 0400     		.2byte	0x4
  39 0006 00000000 		.4byte	.Ldebug_abbrev0
  40 000a 04       		.byte	0x4
  41 000b 01       		.uleb128 0x1
  42 000c 6E020000 		.4byte	.LASF156
  43 0010 0C       		.byte	0xc
  44 0011 82050000 		.4byte	.LASF157
  45 0015 98010000 		.4byte	.LASF158
  46 0019 00000000 		.4byte	.Ldebug_line0
  47 001d 02       		.uleb128 0x2
  48 001e 04       		.byte	0x4
  49 001f 05       		.byte	0x5
  50 0020 696E7400 		.ascii	"int\000"
  51 0024 03       		.uleb128 0x3
  52 0025 12000000 		.4byte	.LASF4
  53 0029 01       		.byte	0x1
  54 002a D1       		.byte	0xd1
  55 002b 17       		.byte	0x17
  56 002c 35000000 		.4byte	0x35
  57 0030 04       		.uleb128 0x4
ARM GAS  C:\Users\acest\AppData\Local\Temp\ccbxR75b.s 			page 2


  58 0031 24000000 		.4byte	0x24
  59 0035 05       		.uleb128 0x5
  60 0036 04       		.byte	0x4
  61 0037 07       		.byte	0x7
  62 0038 20020000 		.4byte	.LASF0
  63 003c 05       		.uleb128 0x5
  64 003d 08       		.byte	0x8
  65 003e 05       		.byte	0x5
  66 003f 03010000 		.4byte	.LASF1
  67 0043 05       		.uleb128 0x5
  68 0044 08       		.byte	0x8
  69 0045 04       		.byte	0x4
  70 0046 49040000 		.4byte	.LASF2
  71 004a 05       		.uleb128 0x5
  72 004b 01       		.byte	0x1
  73 004c 06       		.byte	0x6
  74 004d 11010000 		.4byte	.LASF3
  75 0051 03       		.uleb128 0x3
  76 0052 2F000000 		.4byte	.LASF5
  77 0056 02       		.byte	0x2
  78 0057 2B       		.byte	0x2b
  79 0058 18       		.byte	0x18
  80 0059 5D000000 		.4byte	0x5d
  81 005d 05       		.uleb128 0x5
  82 005e 01       		.byte	0x1
  83 005f 08       		.byte	0x8
  84 0060 FE040000 		.4byte	.LASF6
  85 0064 05       		.uleb128 0x5
  86 0065 02       		.byte	0x2
  87 0066 05       		.byte	0x5
  88 0067 22050000 		.4byte	.LASF7
  89 006b 05       		.uleb128 0x5
  90 006c 02       		.byte	0x2
  91 006d 07       		.byte	0x7
  92 006e BD060000 		.4byte	.LASF8
  93 0072 03       		.uleb128 0x3
  94 0073 6C060000 		.4byte	.LASF9
  95 0077 02       		.byte	0x2
  96 0078 4D       		.byte	0x4d
  97 0079 18       		.byte	0x18
  98 007a 7E000000 		.4byte	0x7e
  99 007e 05       		.uleb128 0x5
 100 007f 04       		.byte	0x4
 101 0080 05       		.byte	0x5
 102 0081 41010000 		.4byte	.LASF10
 103 0085 03       		.uleb128 0x3
 104 0086 C4010000 		.4byte	.LASF11
 105 008a 02       		.byte	0x2
 106 008b 4F       		.byte	0x4f
 107 008c 19       		.byte	0x19
 108 008d 91000000 		.4byte	0x91
 109 0091 05       		.uleb128 0x5
 110 0092 04       		.byte	0x4
 111 0093 07       		.byte	0x7
 112 0094 29060000 		.4byte	.LASF12
 113 0098 03       		.uleb128 0x3
 114 0099 AD040000 		.4byte	.LASF13
ARM GAS  C:\Users\acest\AppData\Local\Temp\ccbxR75b.s 			page 3


 115 009d 02       		.byte	0x2
 116 009e 69       		.byte	0x69
 117 009f 19       		.byte	0x19
 118 00a0 A4000000 		.4byte	0xa4
 119 00a4 05       		.uleb128 0x5
 120 00a5 08       		.byte	0x8
 121 00a6 07       		.byte	0x7
 122 00a7 84000000 		.4byte	.LASF14
 123 00ab 03       		.uleb128 0x3
 124 00ac 40070000 		.4byte	.LASF15
 125 00b0 03       		.byte	0x3
 126 00b1 18       		.byte	0x18
 127 00b2 13       		.byte	0x13
 128 00b3 51000000 		.4byte	0x51
 129 00b7 06       		.uleb128 0x6
 130 00b8 AB000000 		.4byte	0xab
 131 00bc 03       		.uleb128 0x3
 132 00bd F6040000 		.4byte	.LASF16
 133 00c1 03       		.byte	0x3
 134 00c2 2C       		.byte	0x2c
 135 00c3 13       		.byte	0x13
 136 00c4 72000000 		.4byte	0x72
 137 00c8 03       		.uleb128 0x3
 138 00c9 DC050000 		.4byte	.LASF17
 139 00cd 03       		.byte	0x3
 140 00ce 30       		.byte	0x30
 141 00cf 14       		.byte	0x14
 142 00d0 85000000 		.4byte	0x85
 143 00d4 03       		.uleb128 0x3
 144 00d5 26000000 		.4byte	.LASF18
 145 00d9 03       		.byte	0x3
 146 00da 3C       		.byte	0x3c
 147 00db 14       		.byte	0x14
 148 00dc 98000000 		.4byte	0x98
 149 00e0 04       		.uleb128 0x4
 150 00e1 D4000000 		.4byte	0xd4
 151 00e5 03       		.uleb128 0x3
 152 00e6 05060000 		.4byte	.LASF19
 153 00ea 04       		.byte	0x4
 154 00eb 48       		.byte	0x48
 155 00ec 1D       		.byte	0x1d
 156 00ed D4000000 		.4byte	0xd4
 157 00f1 03       		.uleb128 0x3
 158 00f2 C2030000 		.4byte	.LASF20
 159 00f6 05       		.byte	0x5
 160 00f7 50       		.byte	0x50
 161 00f8 19       		.byte	0x19
 162 00f9 E5000000 		.4byte	0xe5
 163 00fd 03       		.uleb128 0x3
 164 00fe 8E030000 		.4byte	.LASF21
 165 0102 05       		.byte	0x5
 166 0103 53       		.byte	0x53
 167 0104 19       		.byte	0x19
 168 0105 AB000000 		.4byte	0xab
 169 0109 03       		.uleb128 0x3
 170 010a 4A010000 		.4byte	.LASF22
 171 010e 05       		.byte	0x5
ARM GAS  C:\Users\acest\AppData\Local\Temp\ccbxR75b.s 			page 4


 172 010f 54       		.byte	0x54
 173 0110 19       		.byte	0x19
 174 0111 AB000000 		.4byte	0xab
 175 0115 03       		.uleb128 0x3
 176 0116 C2040000 		.4byte	.LASF23
 177 011a 05       		.byte	0x5
 178 011b 55       		.byte	0x55
 179 011c 19       		.byte	0x19
 180 011d AB000000 		.4byte	0xab
 181 0121 03       		.uleb128 0x3
 182 0122 D0040000 		.4byte	.LASF24
 183 0126 05       		.byte	0x5
 184 0127 57       		.byte	0x57
 185 0128 19       		.byte	0x19
 186 0129 C8000000 		.4byte	0xc8
 187 012d 03       		.uleb128 0x3
 188 012e CA040000 		.4byte	.LASF25
 189 0132 05       		.byte	0x5
 190 0133 58       		.byte	0x58
 191 0134 19       		.byte	0x19
 192 0135 BC000000 		.4byte	0xbc
 193 0139 03       		.uleb128 0x3
 194 013a AC030000 		.4byte	.LASF26
 195 013e 05       		.byte	0x5
 196 013f 5A       		.byte	0x5a
 197 0140 19       		.byte	0x19
 198 0141 C8000000 		.4byte	0xc8
 199 0145 03       		.uleb128 0x3
 200 0146 61030000 		.4byte	.LASF27
 201 014a 05       		.byte	0x5
 202 014b 5B       		.byte	0x5b
 203 014c 19       		.byte	0x19
 204 014d C8000000 		.4byte	0xc8
 205 0151 03       		.uleb128 0x3
 206 0152 1A020000 		.4byte	.LASF28
 207 0156 05       		.byte	0x5
 208 0157 5C       		.byte	0x5c
 209 0158 19       		.byte	0x19
 210 0159 BC000000 		.4byte	0xbc
 211 015d 03       		.uleb128 0x3
 212 015e B8040000 		.4byte	.LASF29
 213 0162 05       		.byte	0x5
 214 0163 80       		.byte	0x80
 215 0164 12       		.byte	0x12
 216 0165 35000000 		.4byte	0x35
 217 0169 03       		.uleb128 0x3
 218 016a 53060000 		.4byte	.LASF30
 219 016e 05       		.byte	0x5
 220 016f 85       		.byte	0x85
 221 0170 1A       		.byte	0x1a
 222 0171 75010000 		.4byte	0x175
 223 0175 07       		.uleb128 0x7
 224 0176 57030000 		.4byte	.LASF45
 225 017a 70       		.byte	0x70
 226 017b 06       		.byte	0x6
 227 017c 9C       		.byte	0x9c
 228 017d 08       		.byte	0x8
ARM GAS  C:\Users\acest\AppData\Local\Temp\ccbxR75b.s 			page 5


 229 017e 58020000 		.4byte	0x258
 230 0182 08       		.uleb128 0x8
 231 0183 68647200 		.ascii	"hdr\000"
 232 0187 06       		.byte	0x6
 233 0188 AD       		.byte	0xad
 234 0189 05       		.byte	0x5
 235 018a 49060000 		.4byte	0x649
 236 018e 00       		.byte	0
 237 018f 08       		.uleb128 0x8
 238 0190 63747800 		.ascii	"ctx\000"
 239 0194 06       		.byte	0x6
 240 0195 B1       		.byte	0xb1
 241 0196 21       		.byte	0x21
 242 0197 70050000 		.4byte	0x570
 243 019b 0C       		.byte	0xc
 244 019c 09       		.uleb128 0x9
 245 019d 48020000 		.4byte	.LASF31
 246 01a1 06       		.byte	0x6
 247 01a2 B6       		.byte	0xb6
 248 01a3 21       		.byte	0x21
 249 01a4 99030000 		.4byte	0x399
 250 01a8 38       		.byte	0x38
 251 01a9 09       		.uleb128 0x9
 252 01aa 15060000 		.4byte	.LASF32
 253 01ae 06       		.byte	0x6
 254 01af BB       		.byte	0xbb
 255 01b0 22       		.byte	0x22
 256 01b1 56070000 		.4byte	0x756
 257 01b5 40       		.byte	0x40
 258 01b6 09       		.uleb128 0x9
 259 01b7 69020000 		.4byte	.LASF33
 260 01bb 06       		.byte	0x6
 261 01bc C0       		.byte	0xc0
 262 01bd 22       		.byte	0x22
 263 01be 31030000 		.4byte	0x331
 264 01c2 44       		.byte	0x44
 265 01c3 09       		.uleb128 0x9
 266 01c4 3B060000 		.4byte	.LASF34
 267 01c8 06       		.byte	0x6
 268 01c9 C9       		.byte	0xc9
 269 01ca 22       		.byte	0x22
 270 01cb A0050000 		.4byte	0x5a0
 271 01cf 48       		.byte	0x48
 272 01d0 09       		.uleb128 0x9
 273 01d1 3B010000 		.4byte	.LASF35
 274 01d5 06       		.byte	0x6
 275 01d6 CE       		.byte	0xce
 276 01d7 21       		.byte	0x21
 277 01d8 09010000 		.4byte	0x109
 278 01dc 4C       		.byte	0x4c
 279 01dd 09       		.uleb128 0x9
 280 01de 50070000 		.4byte	.LASF36
 281 01e2 06       		.byte	0x6
 282 01e3 D2       		.byte	0xd2
 283 01e4 21       		.byte	0x21
 284 01e5 FD000000 		.4byte	0xfd
 285 01e9 4D       		.byte	0x4d
ARM GAS  C:\Users\acest\AppData\Local\Temp\ccbxR75b.s 			page 6


 286 01ea 09       		.uleb128 0x9
 287 01eb F4000000 		.4byte	.LASF37
 288 01ef 06       		.byte	0x6
 289 01f0 D7       		.byte	0xd7
 290 01f1 21       		.byte	0x21
 291 01f2 15010000 		.4byte	0x115
 292 01f6 4E       		.byte	0x4e
 293 01f7 0A       		.uleb128 0xa
 294 01f8 7500     		.ascii	"u\000"
 295 01fa 06       		.byte	0x6
 296 01fb 2801     		.2byte	0x128
 297 01fd 21       		.byte	0x21
 298 01fe 77060000 		.4byte	0x677
 299 0202 50       		.byte	0x50
 300 0203 0B       		.uleb128 0xb
 301 0204 D4010000 		.4byte	.LASF38
 302 0208 06       		.byte	0x6
 303 0209 2D01     		.2byte	0x12d
 304 020b 21       		.byte	0x21
 305 020c 6C030000 		.4byte	0x36c
 306 0210 54       		.byte	0x54
 307 0211 0B       		.uleb128 0xb
 308 0212 32010000 		.4byte	.LASF39
 309 0216 06       		.byte	0x6
 310 0217 3301     		.2byte	0x133
 311 0219 21       		.byte	0x21
 312 021a 99030000 		.4byte	0x399
 313 021e 58       		.byte	0x58
 314 021f 0B       		.uleb128 0xb
 315 0220 77030000 		.4byte	.LASF40
 316 0224 06       		.byte	0x6
 317 0225 3901     		.2byte	0x139
 318 0227 21       		.byte	0x21
 319 0228 39010000 		.4byte	0x139
 320 022c 60       		.byte	0x60
 321 022d 0B       		.uleb128 0xb
 322 022e 88070000 		.4byte	.LASF41
 323 0232 06       		.byte	0x6
 324 0233 4001     		.2byte	0x140
 325 0235 22       		.byte	0x22
 326 0236 50070000 		.4byte	0x750
 327 023a 64       		.byte	0x64
 328 023b 0B       		.uleb128 0xb
 329 023c 20060000 		.4byte	.LASF42
 330 0240 06       		.byte	0x6
 331 0241 4401     		.2byte	0x144
 332 0243 21       		.byte	0x21
 333 0244 21010000 		.4byte	0x121
 334 0248 68       		.byte	0x68
 335 0249 0B       		.uleb128 0xb
 336 024a 39030000 		.4byte	.LASF43
 337 024e 06       		.byte	0x6
 338 024f 4B01     		.2byte	0x14b
 339 0251 22       		.byte	0x22
 340 0252 A6050000 		.4byte	0x5a6
 341 0256 6C       		.byte	0x6c
 342 0257 00       		.byte	0
ARM GAS  C:\Users\acest\AppData\Local\Temp\ccbxR75b.s 			page 7


 343 0258 03       		.uleb128 0x3
 344 0259 96060000 		.4byte	.LASF44
 345 025d 05       		.byte	0x5
 346 025e 8A       		.byte	0x8a
 347 025f 1F       		.byte	0x1f
 348 0260 64020000 		.4byte	0x264
 349 0264 0C       		.uleb128 0xc
 350 0265 87060000 		.4byte	.LASF46
 351 0269 B0       		.byte	0xb0
 352 026a 06       		.byte	0x6
 353 026b 8A01     		.2byte	0x18a
 354 026d 08       		.byte	0x8
 355 026e E3020000 		.4byte	0x2e3
 356 0272 0B       		.uleb128 0xb
 357 0273 2D070000 		.4byte	.LASF47
 358 0277 06       		.byte	0x6
 359 0278 8E01     		.2byte	0x18e
 360 027a 21       		.byte	0x21
 361 027b 87070000 		.4byte	0x787
 362 027f 00       		.byte	0
 363 0280 0B       		.uleb128 0xb
 364 0281 2B010000 		.4byte	.LASF48
 365 0285 06       		.byte	0x6
 366 0286 9201     		.2byte	0x192
 367 0288 21       		.byte	0x21
 368 0289 DD050000 		.4byte	0x5dd
 369 028d 10       		.byte	0x10
 370 028e 0B       		.uleb128 0xb
 371 028f B5060000 		.4byte	.LASF49
 372 0293 06       		.byte	0x6
 373 0294 9901     		.2byte	0x199
 374 0296 21       		.byte	0x21
 375 0297 04060000 		.4byte	0x604
 376 029b 28       		.byte	0x28
 377 029c 0B       		.uleb128 0xb
 378 029d 68000000 		.4byte	.LASF50
 379 02a1 06       		.byte	0x6
 380 02a2 9E01     		.2byte	0x19e
 381 02a4 21       		.byte	0x21
 382 02a5 5D010000 		.4byte	0x15d
 383 02a9 30       		.byte	0x30
 384 02aa 0B       		.uleb128 0xb
 385 02ab 0D000000 		.4byte	.LASF51
 386 02af 06       		.byte	0x6
 387 02b0 A401     		.2byte	0x1a4
 388 02b2 21       		.byte	0x21
 389 02b3 0A030000 		.4byte	0x30a
 390 02b7 34       		.byte	0x34
 391 02b8 0B       		.uleb128 0xb
 392 02b9 4C060000 		.4byte	.LASF52
 393 02bd 06       		.byte	0x6
 394 02be A901     		.2byte	0x1a9
 395 02c0 22       		.byte	0x22
 396 02c1 FB070000 		.4byte	0x7fb
 397 02c5 38       		.byte	0x38
 398 02c6 0B       		.uleb128 0xb
 399 02c7 A4000000 		.4byte	.LASF53
ARM GAS  C:\Users\acest\AppData\Local\Temp\ccbxR75b.s 			page 8


 400 02cb 06       		.byte	0x6
 401 02cc AD01     		.2byte	0x1ad
 402 02ce 21       		.byte	0x21
 403 02cf 69010000 		.4byte	0x169
 404 02d3 3C       		.byte	0x3c
 405 02d4 0A       		.uleb128 0xa
 406 02d5 64626700 		.ascii	"dbg\000"
 407 02d9 06       		.byte	0x6
 408 02da B101     		.2byte	0x1b1
 409 02dc 21       		.byte	0x21
 410 02dd 48030000 		.4byte	0x348
 411 02e1 AC       		.byte	0xac
 412 02e2 00       		.byte	0
 413 02e3 03       		.uleb128 0x3
 414 02e4 00040000 		.4byte	.LASF54
 415 02e8 07       		.byte	0x7
 416 02e9 3F       		.byte	0x3f
 417 02ea 12       		.byte	0x12
 418 02eb C8000000 		.4byte	0xc8
 419 02ef 07       		.uleb128 0x7
 420 02f0 53010000 		.4byte	.LASF55
 421 02f4 04       		.byte	0x4
 422 02f5 07       		.byte	0x7
 423 02f6 44       		.byte	0x44
 424 02f7 10       		.byte	0x10
 425 02f8 0A030000 		.4byte	0x30a
 426 02fc 09       		.uleb128 0x9
 427 02fd CF010000 		.4byte	.LASF56
 428 0301 07       		.byte	0x7
 429 0302 48       		.byte	0x48
 430 0303 21       		.byte	0x21
 431 0304 E3020000 		.4byte	0x2e3
 432 0308 00       		.byte	0
 433 0309 00       		.byte	0
 434 030a 03       		.uleb128 0x3
 435 030b 0C050000 		.4byte	.LASF57
 436 030f 07       		.byte	0x7
 437 0310 49       		.byte	0x49
 438 0311 03       		.byte	0x3
 439 0312 EF020000 		.4byte	0x2ef
 440 0316 07       		.uleb128 0x7
 441 0317 E0040000 		.4byte	.LASF58
 442 031b 04       		.byte	0x4
 443 031c 08       		.byte	0x8
 444 031d 3E       		.byte	0x3e
 445 031e 10       		.byte	0x10
 446 031f 31030000 		.4byte	0x331
 447 0323 09       		.uleb128 0x9
 448 0324 76060000 		.4byte	.LASF59
 449 0328 08       		.byte	0x8
 450 0329 46       		.byte	0x46
 451 032a 24       		.byte	0x24
 452 032b 37030000 		.4byte	0x337
 453 032f 00       		.byte	0
 454 0330 00       		.byte	0
 455 0331 0D       		.uleb128 0xd
 456 0332 04       		.byte	0x4
ARM GAS  C:\Users\acest\AppData\Local\Temp\ccbxR75b.s 			page 9


 457 0333 43030000 		.4byte	0x343
 458 0337 04       		.uleb128 0x4
 459 0338 31030000 		.4byte	0x331
 460 033c 05       		.uleb128 0x5
 461 033d 01       		.byte	0x1
 462 033e 08       		.byte	0x8
 463 033f 47060000 		.4byte	.LASF60
 464 0343 06       		.uleb128 0x6
 465 0344 3C030000 		.4byte	0x33c
 466 0348 03       		.uleb128 0x3
 467 0349 4A000000 		.4byte	.LASF61
 468 034d 08       		.byte	0x8
 469 034e 51       		.byte	0x51
 470 034f 03       		.byte	0x3
 471 0350 16030000 		.4byte	0x316
 472 0354 03       		.uleb128 0x3
 473 0355 62060000 		.4byte	.LASF62
 474 0359 09       		.byte	0x9
 475 035a 6D       		.byte	0x6d
 476 035b 12       		.byte	0x12
 477 035c C8000000 		.4byte	0xc8
 478 0360 03       		.uleb128 0x3
 479 0361 0C020000 		.4byte	.LASF63
 480 0365 09       		.byte	0x9
 481 0366 79       		.byte	0x79
 482 0367 12       		.byte	0x12
 483 0368 C8000000 		.4byte	0xc8
 484 036c 03       		.uleb128 0x3
 485 036d 4D030000 		.4byte	.LASF64
 486 0371 0A       		.byte	0xa
 487 0372 32       		.byte	0x32
 488 0373 18       		.byte	0x18
 489 0374 78030000 		.4byte	0x378
 490 0378 07       		.uleb128 0x7
 491 0379 96030000 		.4byte	.LASF65
 492 037d 04       		.byte	0x4
 493 037e 0A       		.byte	0xa
 494 037f 38       		.byte	0x38
 495 0380 08       		.byte	0x8
 496 0381 93030000 		.4byte	0x393
 497 0385 09       		.uleb128 0x9
 498 0386 D8000000 		.4byte	.LASF66
 499 038a 0A       		.byte	0xa
 500 038b 39       		.byte	0x39
 501 038c 1A       		.byte	0x1a
 502 038d 93030000 		.4byte	0x393
 503 0391 00       		.byte	0
 504 0392 00       		.byte	0
 505 0393 0D       		.uleb128 0xd
 506 0394 04       		.byte	0x4
 507 0395 6C030000 		.4byte	0x36c
 508 0399 03       		.uleb128 0x3
 509 039a 4F020000 		.4byte	.LASF67
 510 039e 0A       		.byte	0xa
 511 039f 3F       		.byte	0x3f
 512 03a0 19       		.byte	0x19
 513 03a1 A5030000 		.4byte	0x3a5
ARM GAS  C:\Users\acest\AppData\Local\Temp\ccbxR75b.s 			page 10


 514 03a5 07       		.uleb128 0x7
 515 03a6 5B010000 		.4byte	.LASF68
 516 03aa 08       		.byte	0x8
 517 03ab 0A       		.byte	0xa
 518 03ac 45       		.byte	0x45
 519 03ad 08       		.byte	0x8
 520 03ae CD030000 		.4byte	0x3cd
 521 03b2 09       		.uleb128 0x9
 522 03b3 D8000000 		.4byte	.LASF66
 523 03b7 0A       		.byte	0xa
 524 03b8 46       		.byte	0x46
 525 03b9 1A       		.byte	0x1a
 526 03ba CD030000 		.4byte	0x3cd
 527 03be 00       		.byte	0
 528 03bf 09       		.uleb128 0x9
 529 03c0 39000000 		.4byte	.LASF69
 530 03c4 0A       		.byte	0xa
 531 03c5 47       		.byte	0x47
 532 03c6 1A       		.byte	0x1a
 533 03c7 CD030000 		.4byte	0x3cd
 534 03cb 04       		.byte	0x4
 535 03cc 00       		.byte	0
 536 03cd 0D       		.uleb128 0xd
 537 03ce 04       		.byte	0x4
 538 03cf 99030000 		.4byte	0x399
 539 03d3 03       		.uleb128 0x3
 540 03d4 70000000 		.4byte	.LASF70
 541 03d8 0A       		.byte	0xa
 542 03d9 4E       		.byte	0x4e
 543 03da 22       		.byte	0x22
 544 03db DF030000 		.4byte	0x3df
 545 03df 07       		.uleb128 0x7
 546 03e0 D0060000 		.4byte	.LASF71
 547 03e4 0C       		.byte	0xc
 548 03e5 0A       		.byte	0xa
 549 03e6 55       		.byte	0x55
 550 03e7 08       		.byte	0x8
 551 03e8 14040000 		.4byte	0x414
 552 03ec 09       		.uleb128 0x9
 553 03ed D8000000 		.4byte	.LASF66
 554 03f1 0A       		.byte	0xa
 555 03f2 56       		.byte	0x56
 556 03f3 1A       		.byte	0x1a
 557 03f4 14040000 		.4byte	0x414
 558 03f8 00       		.byte	0
 559 03f9 09       		.uleb128 0x9
 560 03fa 39000000 		.4byte	.LASF69
 561 03fe 0A       		.byte	0xa
 562 03ff 57       		.byte	0x57
 563 0400 1A       		.byte	0x1a
 564 0401 14040000 		.4byte	0x414
 565 0405 04       		.byte	0x4
 566 0406 09       		.uleb128 0x9
 567 0407 A0040000 		.4byte	.LASF72
 568 040b 0A       		.byte	0xa
 569 040c 58       		.byte	0x58
 570 040d 19       		.byte	0x19
ARM GAS  C:\Users\acest\AppData\Local\Temp\ccbxR75b.s 			page 11


 571 040e 21010000 		.4byte	0x121
 572 0412 08       		.byte	0x8
 573 0413 00       		.byte	0
 574 0414 0D       		.uleb128 0xd
 575 0415 04       		.byte	0x4
 576 0416 D3030000 		.4byte	0x3d3
 577 041a 03       		.uleb128 0x3
 578 041b 75010000 		.4byte	.LASF73
 579 041f 0A       		.byte	0xa
 580 0420 5F       		.byte	0x5f
 581 0421 1E       		.byte	0x1e
 582 0422 26040000 		.4byte	0x426
 583 0426 07       		.uleb128 0x7
 584 0427 1D010000 		.4byte	.LASF74
 585 042b 0C       		.byte	0xc
 586 042c 0A       		.byte	0xa
 587 042d 64       		.byte	0x64
 588 042e 08       		.byte	0x8
 589 042f 5B040000 		.4byte	0x45b
 590 0433 09       		.uleb128 0x9
 591 0434 D8000000 		.4byte	.LASF66
 592 0438 0A       		.byte	0xa
 593 0439 65       		.byte	0x65
 594 043a 1A       		.byte	0x1a
 595 043b 5B040000 		.4byte	0x45b
 596 043f 00       		.byte	0
 597 0440 09       		.uleb128 0x9
 598 0441 39000000 		.4byte	.LASF69
 599 0445 0A       		.byte	0xa
 600 0446 66       		.byte	0x66
 601 0447 1A       		.byte	0x1a
 602 0448 5B040000 		.4byte	0x45b
 603 044c 04       		.byte	0x4
 604 044d 09       		.uleb128 0x9
 605 044e 19000000 		.4byte	.LASF75
 606 0452 0A       		.byte	0xa
 607 0453 67       		.byte	0x67
 608 0454 19       		.byte	0x19
 609 0455 60030000 		.4byte	0x360
 610 0459 08       		.byte	0x8
 611 045a 00       		.byte	0
 612 045b 0D       		.uleb128 0xd
 613 045c 04       		.byte	0x4
 614 045d 1A040000 		.4byte	0x41a
 615 0461 0C       		.uleb128 0xc
 616 0462 94040000 		.4byte	.LASF76
 617 0466 20       		.byte	0x20
 618 0467 0B       		.byte	0xb
 619 0468 9301     		.2byte	0x193
 620 046a 08       		.byte	0x8
 621 046b DB040000 		.4byte	0x4db
 622 046f 0A       		.uleb128 0xa
 623 0470 723000   		.ascii	"r0\000"
 624 0473 0B       		.byte	0xb
 625 0474 9401     		.2byte	0x194
 626 0476 19       		.byte	0x19
 627 0477 C8000000 		.4byte	0xc8
ARM GAS  C:\Users\acest\AppData\Local\Temp\ccbxR75b.s 			page 12


 628 047b 00       		.byte	0
 629 047c 0A       		.uleb128 0xa
 630 047d 723100   		.ascii	"r1\000"
 631 0480 0B       		.byte	0xb
 632 0481 9501     		.2byte	0x195
 633 0483 19       		.byte	0x19
 634 0484 C8000000 		.4byte	0xc8
 635 0488 04       		.byte	0x4
 636 0489 0A       		.uleb128 0xa
 637 048a 723200   		.ascii	"r2\000"
 638 048d 0B       		.byte	0xb
 639 048e 9601     		.2byte	0x196
 640 0490 19       		.byte	0x19
 641 0491 C8000000 		.4byte	0xc8
 642 0495 08       		.byte	0x8
 643 0496 0A       		.uleb128 0xa
 644 0497 723300   		.ascii	"r3\000"
 645 049a 0B       		.byte	0xb
 646 049b 9701     		.2byte	0x197
 647 049d 19       		.byte	0x19
 648 049e C8000000 		.4byte	0xc8
 649 04a2 0C       		.byte	0xc
 650 04a3 0A       		.uleb128 0xa
 651 04a4 72313200 		.ascii	"r12\000"
 652 04a8 0B       		.byte	0xb
 653 04a9 9801     		.2byte	0x198
 654 04ab 19       		.byte	0x19
 655 04ac C8000000 		.4byte	0xc8
 656 04b0 10       		.byte	0x10
 657 04b1 0B       		.uleb128 0xb
 658 04b2 2D020000 		.4byte	.LASF77
 659 04b6 0B       		.byte	0xb
 660 04b7 9901     		.2byte	0x199
 661 04b9 19       		.byte	0x19
 662 04ba C8000000 		.4byte	0xc8
 663 04be 14       		.byte	0x14
 664 04bf 0A       		.uleb128 0xa
 665 04c0 706300   		.ascii	"pc\000"
 666 04c3 0B       		.byte	0xb
 667 04c4 9A01     		.2byte	0x19a
 668 04c6 19       		.byte	0x19
 669 04c7 C8000000 		.4byte	0xc8
 670 04cb 18       		.byte	0x18
 671 04cc 0B       		.uleb128 0xb
 672 04cd 35050000 		.4byte	.LASF78
 673 04d1 0B       		.byte	0xb
 674 04d2 9B01     		.2byte	0x19b
 675 04d4 19       		.byte	0x19
 676 04d5 C8000000 		.4byte	0xc8
 677 04d9 1C       		.byte	0x1c
 678 04da 00       		.byte	0
 679 04db 0C       		.uleb128 0xc
 680 04dc 3E000000 		.4byte	.LASF79
 681 04e0 28       		.byte	0x28
 682 04e1 0B       		.byte	0xb
 683 04e2 B701     		.2byte	0x1b7
 684 04e4 08       		.byte	0x8
ARM GAS  C:\Users\acest\AppData\Local\Temp\ccbxR75b.s 			page 13


 685 04e5 70050000 		.4byte	0x570
 686 04e9 0B       		.uleb128 0xb
 687 04ea 45030000 		.4byte	.LASF80
 688 04ee 0B       		.byte	0xb
 689 04ef B801     		.2byte	0x1b8
 690 04f1 19       		.byte	0x19
 691 04f2 C8000000 		.4byte	0xc8
 692 04f6 00       		.byte	0
 693 04f7 0A       		.uleb128 0xa
 694 04f8 723400   		.ascii	"r4\000"
 695 04fb 0B       		.byte	0xb
 696 04fc B901     		.2byte	0x1b9
 697 04fe 19       		.byte	0x19
 698 04ff C8000000 		.4byte	0xc8
 699 0503 04       		.byte	0x4
 700 0504 0A       		.uleb128 0xa
 701 0505 723500   		.ascii	"r5\000"
 702 0508 0B       		.byte	0xb
 703 0509 BA01     		.2byte	0x1ba
 704 050b 19       		.byte	0x19
 705 050c C8000000 		.4byte	0xc8
 706 0510 08       		.byte	0x8
 707 0511 0A       		.uleb128 0xa
 708 0512 723600   		.ascii	"r6\000"
 709 0515 0B       		.byte	0xb
 710 0516 BB01     		.2byte	0x1bb
 711 0518 19       		.byte	0x19
 712 0519 C8000000 		.4byte	0xc8
 713 051d 0C       		.byte	0xc
 714 051e 0A       		.uleb128 0xa
 715 051f 723700   		.ascii	"r7\000"
 716 0522 0B       		.byte	0xb
 717 0523 BC01     		.2byte	0x1bc
 718 0525 19       		.byte	0x19
 719 0526 C8000000 		.4byte	0xc8
 720 052a 10       		.byte	0x10
 721 052b 0A       		.uleb128 0xa
 722 052c 723800   		.ascii	"r8\000"
 723 052f 0B       		.byte	0xb
 724 0530 BD01     		.2byte	0x1bd
 725 0532 19       		.byte	0x19
 726 0533 C8000000 		.4byte	0xc8
 727 0537 14       		.byte	0x14
 728 0538 0A       		.uleb128 0xa
 729 0539 723900   		.ascii	"r9\000"
 730 053c 0B       		.byte	0xb
 731 053d BE01     		.2byte	0x1be
 732 053f 19       		.byte	0x19
 733 0540 C8000000 		.4byte	0xc8
 734 0544 18       		.byte	0x18
 735 0545 0A       		.uleb128 0xa
 736 0546 72313000 		.ascii	"r10\000"
 737 054a 0B       		.byte	0xb
 738 054b BF01     		.2byte	0x1bf
 739 054d 19       		.byte	0x19
 740 054e C8000000 		.4byte	0xc8
 741 0552 1C       		.byte	0x1c
ARM GAS  C:\Users\acest\AppData\Local\Temp\ccbxR75b.s 			page 14


 742 0553 0A       		.uleb128 0xa
 743 0554 72313100 		.ascii	"r11\000"
 744 0558 0B       		.byte	0xb
 745 0559 C001     		.2byte	0x1c0
 746 055b 19       		.byte	0x19
 747 055c C8000000 		.4byte	0xc8
 748 0560 20       		.byte	0x20
 749 0561 0B       		.uleb128 0xb
 750 0562 80030000 		.4byte	.LASF81
 751 0566 0B       		.byte	0xb
 752 0567 C401     		.2byte	0x1c4
 753 0569 19       		.byte	0x19
 754 056a C8000000 		.4byte	0xc8
 755 056e 24       		.byte	0x24
 756 056f 00       		.byte	0
 757 0570 0C       		.uleb128 0xc
 758 0571 87040000 		.4byte	.LASF82
 759 0575 2C       		.byte	0x2c
 760 0576 0B       		.byte	0xb
 761 0577 DF01     		.2byte	0x1df
 762 0579 08       		.byte	0x8
 763 057a 9A050000 		.4byte	0x59a
 764 057e 0A       		.uleb128 0xa
 765 057f 737000   		.ascii	"sp\000"
 766 0582 0B       		.byte	0xb
 767 0583 E001     		.2byte	0x1e0
 768 0585 1A       		.byte	0x1a
 769 0586 9A050000 		.4byte	0x59a
 770 058a 00       		.byte	0
 771 058b 0B       		.uleb128 0xb
 772 058c 1B060000 		.4byte	.LASF83
 773 0590 0B       		.byte	0xb
 774 0591 E101     		.2byte	0x1e1
 775 0593 19       		.byte	0x19
 776 0594 DB040000 		.4byte	0x4db
 777 0598 04       		.byte	0x4
 778 0599 00       		.byte	0
 779 059a 0D       		.uleb128 0xd
 780 059b 04       		.byte	0x4
 781 059c 61040000 		.4byte	0x461
 782 05a0 0D       		.uleb128 0xd
 783 05a1 04       		.byte	0x4
 784 05a2 F1000000 		.4byte	0xf1
 785 05a6 0E       		.uleb128 0xe
 786 05a7 04       		.byte	0x4
 787 05a8 07       		.uleb128 0x7
 788 05a9 28040000 		.4byte	.LASF84
 789 05ad 18       		.byte	0x18
 790 05ae 06       		.byte	0x6
 791 05af 64       		.byte	0x64
 792 05b0 10       		.byte	0x10
 793 05b1 DD050000 		.4byte	0x5dd
 794 05b5 09       		.uleb128 0x9
 795 05b6 5C060000 		.4byte	.LASF85
 796 05ba 06       		.byte	0x6
 797 05bb 68       		.byte	0x68
 798 05bc 21       		.byte	0x21
ARM GAS  C:\Users\acest\AppData\Local\Temp\ccbxR75b.s 			page 15


 799 05bd 1A040000 		.4byte	0x41a
 800 05c1 00       		.byte	0
 801 05c2 09       		.uleb128 0x9
 802 05c3 2C050000 		.4byte	.LASF86
 803 05c7 06       		.byte	0x6
 804 05c8 73       		.byte	0x73
 805 05c9 21       		.byte	0x21
 806 05ca 54030000 		.4byte	0x354
 807 05ce 0C       		.byte	0xc
 808 05cf 09       		.uleb128 0x9
 809 05d0 DD030000 		.4byte	.LASF87
 810 05d4 06       		.byte	0x6
 811 05d5 79       		.byte	0x79
 812 05d6 21       		.byte	0x21
 813 05d7 E0000000 		.4byte	0xe0
 814 05db 10       		.byte	0x10
 815 05dc 00       		.byte	0
 816 05dd 03       		.uleb128 0x3
 817 05de B7000000 		.4byte	.LASF88
 818 05e2 06       		.byte	0x6
 819 05e3 7B       		.byte	0x7b
 820 05e4 03       		.byte	0x3
 821 05e5 A8050000 		.4byte	0x5a8
 822 05e9 07       		.uleb128 0x7
 823 05ea 85010000 		.4byte	.LASF89
 824 05ee 08       		.byte	0x8
 825 05ef 06       		.byte	0x6
 826 05f0 80       		.byte	0x80
 827 05f1 10       		.byte	0x10
 828 05f2 04060000 		.4byte	0x604
 829 05f6 09       		.uleb128 0x9
 830 05f7 33030000 		.4byte	.LASF90
 831 05fb 06       		.byte	0x6
 832 05fc 84       		.byte	0x84
 833 05fd 21       		.byte	0x21
 834 05fe 99030000 		.4byte	0x399
 835 0602 00       		.byte	0
 836 0603 00       		.byte	0
 837 0604 03       		.uleb128 0x3
 838 0605 CA050000 		.4byte	.LASF91
 839 0609 06       		.byte	0x6
 840 060a 85       		.byte	0x85
 841 060b 03       		.byte	0x3
 842 060c E9050000 		.4byte	0x5e9
 843 0610 03       		.uleb128 0x3
 844 0611 0C040000 		.4byte	.LASF92
 845 0615 06       		.byte	0x6
 846 0616 8A       		.byte	0x8a
 847 0617 14       		.byte	0x14
 848 0618 1C060000 		.4byte	0x61c
 849 061c 0D       		.uleb128 0xd
 850 061d 04       		.byte	0x4
 851 061e 69010000 		.4byte	0x169
 852 0622 07       		.uleb128 0x7
 853 0623 DD000000 		.4byte	.LASF93
 854 0627 08       		.byte	0x8
 855 0628 06       		.byte	0x6
ARM GAS  C:\Users\acest\AppData\Local\Temp\ccbxR75b.s 			page 16


 856 0629 8F       		.byte	0x8f
 857 062a 10       		.byte	0x10
 858 062b 3D060000 		.4byte	0x63d
 859 062f 09       		.uleb128 0x9
 860 0630 33030000 		.4byte	.LASF90
 861 0634 06       		.byte	0x6
 862 0635 93       		.byte	0x93
 863 0636 21       		.byte	0x21
 864 0637 99030000 		.4byte	0x399
 865 063b 00       		.byte	0
 866 063c 00       		.byte	0
 867 063d 03       		.uleb128 0x3
 868 063e 65050000 		.4byte	.LASF94
 869 0642 06       		.byte	0x6
 870 0643 94       		.byte	0x94
 871 0644 03       		.byte	0x3
 872 0645 22060000 		.4byte	0x622
 873 0649 0F       		.uleb128 0xf
 874 064a 0C       		.byte	0xc
 875 064b 06       		.byte	0x6
 876 064c A0       		.byte	0xa0
 877 064d 03       		.byte	0x3
 878 064e 77060000 		.4byte	0x677
 879 0652 10       		.uleb128 0x10
 880 0653 6D070000 		.4byte	.LASF95
 881 0657 06       		.byte	0x6
 882 0658 A4       		.byte	0xa4
 883 0659 21       		.byte	0x21
 884 065a 6C030000 		.4byte	0x36c
 885 065e 10       		.uleb128 0x10
 886 065f 33030000 		.4byte	.LASF90
 887 0663 06       		.byte	0x6
 888 0664 A8       		.byte	0xa8
 889 0665 21       		.byte	0x21
 890 0666 99030000 		.4byte	0x399
 891 066a 10       		.uleb128 0x10
 892 066b 80060000 		.4byte	.LASF96
 893 066f 06       		.byte	0x6
 894 0670 AC       		.byte	0xac
 895 0671 21       		.byte	0x21
 896 0672 D3030000 		.4byte	0x3d3
 897 0676 00       		.byte	0
 898 0677 0F       		.uleb128 0xf
 899 0678 04       		.byte	0x4
 900 0679 06       		.byte	0x6
 901 067a EB       		.byte	0xeb
 902 067b 03       		.byte	0x3
 903 067c E7060000 		.4byte	0x6e7
 904 0680 10       		.uleb128 0x10
 905 0681 1F000000 		.4byte	.LASF97
 906 0685 06       		.byte	0x6
 907 0686 F2       		.byte	0xf2
 908 0687 21       		.byte	0x21
 909 0688 2D010000 		.4byte	0x12d
 910 068c 10       		.uleb128 0x10
 911 068d 9B000000 		.4byte	.LASF98
 912 0691 06       		.byte	0x6
ARM GAS  C:\Users\acest\AppData\Local\Temp\ccbxR75b.s 			page 17


 913 0692 F9       		.byte	0xf9
 914 0693 21       		.byte	0x21
 915 0694 2D010000 		.4byte	0x12d
 916 0698 11       		.uleb128 0x11
 917 0699 56070000 		.4byte	.LASF99
 918 069d 06       		.byte	0x6
 919 069e 0001     		.2byte	0x100
 920 06a0 22       		.byte	0x22
 921 06a1 A6050000 		.4byte	0x5a6
 922 06a5 11       		.uleb128 0x11
 923 06a6 42020000 		.4byte	.LASF100
 924 06aa 06       		.byte	0x6
 925 06ab 0701     		.2byte	0x107
 926 06ad 22       		.byte	0x22
 927 06ae E7060000 		.4byte	0x6e7
 928 06b2 11       		.uleb128 0x11
 929 06b3 AF000000 		.4byte	.LASF101
 930 06b7 06       		.byte	0x6
 931 06b8 0C01     		.2byte	0x10c
 932 06ba 21       		.byte	0x21
 933 06bb 2D010000 		.4byte	0x12d
 934 06bf 11       		.uleb128 0x11
 935 06c0 34020000 		.4byte	.LASF102
 936 06c4 06       		.byte	0x6
 937 06c5 1501     		.2byte	0x115
 938 06c7 22       		.byte	0x22
 939 06c8 15070000 		.4byte	0x715
 940 06cc 11       		.uleb128 0x11
 941 06cd E5050000 		.4byte	.LASF103
 942 06d1 06       		.byte	0x6
 943 06d2 1E01     		.2byte	0x11e
 944 06d4 22       		.byte	0x22
 945 06d5 50070000 		.4byte	0x750
 946 06d9 11       		.uleb128 0x11
 947 06da 3A050000 		.4byte	.LASF104
 948 06de 06       		.byte	0x6
 949 06df 2601     		.2byte	0x126
 950 06e1 21       		.byte	0x21
 951 06e2 39010000 		.4byte	0x139
 952 06e6 00       		.byte	0
 953 06e7 0D       		.uleb128 0xd
 954 06e8 04       		.byte	0x4
 955 06e9 10060000 		.4byte	0x610
 956 06ed 07       		.uleb128 0x7
 957 06ee 75050000 		.4byte	.LASF105
 958 06f2 0C       		.byte	0xc
 959 06f3 0C       		.byte	0xc
 960 06f4 34       		.byte	0x34
 961 06f5 10       		.byte	0x10
 962 06f6 15070000 		.4byte	0x715
 963 06fa 09       		.uleb128 0x9
 964 06fb 33030000 		.4byte	.LASF90
 965 06ff 0C       		.byte	0xc
 966 0700 35       		.byte	0x35
 967 0701 19       		.byte	0x19
 968 0702 99030000 		.4byte	0x399
 969 0706 00       		.byte	0
ARM GAS  C:\Users\acest\AppData\Local\Temp\ccbxR75b.s 			page 18


 970 0707 08       		.uleb128 0x8
 971 0708 636E7400 		.ascii	"cnt\000"
 972 070c 0C       		.byte	0xc
 973 070d 37       		.byte	0x37
 974 070e 19       		.byte	0x19
 975 070f 51010000 		.4byte	0x151
 976 0713 08       		.byte	0x8
 977 0714 00       		.byte	0
 978 0715 0D       		.uleb128 0xd
 979 0716 04       		.byte	0x4
 980 0717 ED060000 		.4byte	0x6ed
 981 071b 07       		.uleb128 0x7
 982 071c 1B070000 		.4byte	.LASF106
 983 0720 10       		.byte	0x10
 984 0721 0D       		.byte	0xd
 985 0722 39       		.byte	0x39
 986 0723 08       		.byte	0x8
 987 0724 50070000 		.4byte	0x750
 988 0728 09       		.uleb128 0x9
 989 0729 33030000 		.4byte	.LASF90
 990 072d 0D       		.byte	0xd
 991 072e 3A       		.byte	0x3a
 992 072f 19       		.byte	0x19
 993 0730 99030000 		.4byte	0x399
 994 0734 00       		.byte	0
 995 0735 09       		.uleb128 0x9
 996 0736 15060000 		.4byte	.LASF32
 997 073a 0D       		.byte	0xd
 998 073b 3C       		.byte	0x3c
 999 073c 1A       		.byte	0x1a
 1000 073d 1C060000 		.4byte	0x61c
 1001 0741 08       		.byte	0x8
 1002 0742 09       		.uleb128 0x9
 1003 0743 D8000000 		.4byte	.LASF66
 1004 0747 0D       		.byte	0xd
 1005 0748 3E       		.byte	0x3e
 1006 0749 1A       		.byte	0x1a
 1007 074a 0D080000 		.4byte	0x80d
 1008 074e 0C       		.byte	0xc
 1009 074f 00       		.byte	0
 1010 0750 0D       		.uleb128 0xd
 1011 0751 04       		.byte	0x4
 1012 0752 1B070000 		.4byte	0x71b
 1013 0756 0D       		.uleb128 0xd
 1014 0757 04       		.byte	0x4
 1015 0758 58020000 		.4byte	0x258
 1016 075c 0C       		.uleb128 0xc
 1017 075d 9E030000 		.4byte	.LASF107
 1018 0761 10       		.byte	0x10
 1019 0762 06       		.byte	0x6
 1020 0763 5C01     		.2byte	0x15c
 1021 0765 10       		.byte	0x10
 1022 0766 87070000 		.4byte	0x787
 1023 076a 0B       		.uleb128 0xb
 1024 076b 80060000 		.4byte	.LASF96
 1025 076f 06       		.byte	0x6
 1026 0770 6101     		.2byte	0x161
ARM GAS  C:\Users\acest\AppData\Local\Temp\ccbxR75b.s 			page 19


 1027 0772 21       		.byte	0x21
 1028 0773 D3030000 		.4byte	0x3d3
 1029 0777 00       		.byte	0
 1030 0778 0B       		.uleb128 0xb
 1031 0779 A5040000 		.4byte	.LASF108
 1032 077d 06       		.byte	0x6
 1033 077e 6501     		.2byte	0x165
 1034 0780 22       		.byte	0x22
 1035 0781 1C060000 		.4byte	0x61c
 1036 0785 0C       		.byte	0xc
 1037 0786 00       		.byte	0
 1038 0787 12       		.uleb128 0x12
 1039 0788 00000000 		.4byte	.LASF109
 1040 078c 06       		.byte	0x6
 1041 078d 6601     		.2byte	0x166
 1042 078f 03       		.byte	0x3
 1043 0790 5C070000 		.4byte	0x75c
 1044 0794 0C       		.uleb128 0xc
 1045 0795 71040000 		.4byte	.LASF110
 1046 0799 14       		.byte	0x14
 1047 079a 06       		.byte	0x6
 1048 079b 6B01     		.2byte	0x16b
 1049 079d 10       		.byte	0x10
 1050 079e E9070000 		.4byte	0x7e9
 1051 07a2 0B       		.uleb128 0xb
 1052 07a3 69020000 		.4byte	.LASF33
 1053 07a7 06       		.byte	0x6
 1054 07a8 6F01     		.2byte	0x16f
 1055 07aa 22       		.byte	0x22
 1056 07ab 31030000 		.4byte	0x331
 1057 07af 00       		.byte	0
 1058 07b0 0B       		.uleb128 0xb
 1059 07b1 DC010000 		.4byte	.LASF111
 1060 07b5 06       		.byte	0x6
 1061 07b6 7501     		.2byte	0x175
 1062 07b8 22       		.byte	0x22
 1063 07b9 A0050000 		.4byte	0x5a0
 1064 07bd 04       		.byte	0x4
 1065 07be 0B       		.uleb128 0xb
 1066 07bf E2060000 		.4byte	.LASF112
 1067 07c3 06       		.byte	0x6
 1068 07c4 7901     		.2byte	0x179
 1069 07c6 22       		.byte	0x22
 1070 07c7 A0050000 		.4byte	0x5a0
 1071 07cb 08       		.byte	0x8
 1072 07cc 0B       		.uleb128 0xb
 1073 07cd CD030000 		.4byte	.LASF113
 1074 07d1 06       		.byte	0x6
 1075 07d2 7F01     		.2byte	0x17f
 1076 07d4 22       		.byte	0x22
 1077 07d5 A0050000 		.4byte	0x5a0
 1078 07d9 0C       		.byte	0xc
 1079 07da 0B       		.uleb128 0xb
 1080 07db 13050000 		.4byte	.LASF114
 1081 07df 06       		.byte	0x6
 1082 07e0 8301     		.2byte	0x183
 1083 07e2 22       		.byte	0x22
ARM GAS  C:\Users\acest\AppData\Local\Temp\ccbxR75b.s 			page 20


 1084 07e3 A0050000 		.4byte	0x5a0
 1085 07e7 10       		.byte	0x10
 1086 07e8 00       		.byte	0
 1087 07e9 12       		.uleb128 0x12
 1088 07ea 00070000 		.4byte	.LASF115
 1089 07ee 06       		.byte	0x6
 1090 07ef 8501     		.2byte	0x185
 1091 07f1 03       		.byte	0x3
 1092 07f2 94070000 		.4byte	0x794
 1093 07f6 06       		.uleb128 0x6
 1094 07f7 E9070000 		.4byte	0x7e9
 1095 07fb 0D       		.uleb128 0xd
 1096 07fc 04       		.byte	0x4
 1097 07fd F6070000 		.4byte	0x7f6
 1098 0801 03       		.uleb128 0x3
 1099 0802 EC010000 		.4byte	.LASF116
 1100 0806 0D       		.byte	0xd
 1101 0807 34       		.byte	0x34
 1102 0808 19       		.byte	0x19
 1103 0809 1B070000 		.4byte	0x71b
 1104 080d 0D       		.uleb128 0xd
 1105 080e 04       		.byte	0x4
 1106 080f 01080000 		.4byte	0x801
 1107 0813 03       		.uleb128 0x3
 1108 0814 A4060000 		.4byte	.LASF117
 1109 0818 0E       		.byte	0xe
 1110 0819 34       		.byte	0x34
 1111 081a 1F       		.byte	0x1f
 1112 081b 1F080000 		.4byte	0x81f
 1113 081f 07       		.uleb128 0x7
 1114 0820 A0070000 		.4byte	.LASF118
 1115 0824 14       		.byte	0x14
 1116 0825 0E       		.byte	0xe
 1117 0826 39       		.byte	0x39
 1118 0827 08       		.byte	0x8
 1119 0828 6E080000 		.4byte	0x86e
 1120 082c 09       		.uleb128 0x9
 1121 082d D8000000 		.4byte	.LASF66
 1122 0831 0E       		.byte	0xe
 1123 0832 3A       		.byte	0x3a
 1124 0833 1A       		.byte	0x1a
 1125 0834 6E080000 		.4byte	0x86e
 1126 0838 00       		.byte	0
 1127 0839 09       		.uleb128 0x9
 1128 083a 1F040000 		.4byte	.LASF119
 1129 083e 0E       		.byte	0xe
 1130 083f 3D       		.byte	0x3d
 1131 0840 1A       		.byte	0x1a
 1132 0841 1C060000 		.4byte	0x61c
 1133 0845 04       		.byte	0x4
 1134 0846 09       		.uleb128 0x9
 1135 0847 D5050000 		.4byte	.LASF120
 1136 084b 0E       		.byte	0xe
 1137 084c 3F       		.byte	0x3f
 1138 084d 19       		.byte	0x19
 1139 084e 39010000 		.4byte	0x139
 1140 0852 08       		.byte	0x8
ARM GAS  C:\Users\acest\AppData\Local\Temp\ccbxR75b.s 			page 21


 1141 0853 09       		.uleb128 0x9
 1142 0854 50070000 		.4byte	.LASF36
 1143 0858 0E       		.byte	0xe
 1144 0859 41       		.byte	0x41
 1145 085a 19       		.byte	0x19
 1146 085b 45010000 		.4byte	0x145
 1147 085f 0C       		.byte	0xc
 1148 0860 09       		.uleb128 0x9
 1149 0861 91010000 		.4byte	.LASF121
 1150 0865 0E       		.byte	0xe
 1151 0866 43       		.byte	0x43
 1152 0867 19       		.byte	0x19
 1153 0868 45010000 		.4byte	0x145
 1154 086c 10       		.byte	0x10
 1155 086d 00       		.byte	0
 1156 086e 0D       		.uleb128 0xd
 1157 086f 04       		.byte	0x4
 1158 0870 13080000 		.4byte	0x813
 1159 0874 07       		.uleb128 0x7
 1160 0875 33070000 		.4byte	.LASF122
 1161 0879 04       		.byte	0x4
 1162 087a 0E       		.byte	0xe
 1163 087b 4A       		.byte	0x4a
 1164 087c 10       		.byte	0x10
 1165 087d 8F080000 		.4byte	0x88f
 1166 0881 09       		.uleb128 0x9
 1167 0882 D8000000 		.4byte	.LASF66
 1168 0886 0E       		.byte	0xe
 1169 0887 4B       		.byte	0x4b
 1170 0888 1A       		.byte	0x1a
 1171 0889 6E080000 		.4byte	0x86e
 1172 088d 00       		.byte	0
 1173 088e 00       		.byte	0
 1174 088f 03       		.uleb128 0x3
 1175 0890 FD010000 		.4byte	.LASF123
 1176 0894 0E       		.byte	0xe
 1177 0895 4E       		.byte	0x4e
 1178 0896 03       		.byte	0x3
 1179 0897 74080000 		.4byte	0x874
 1180 089b 05       		.uleb128 0x5
 1181 089c 01       		.byte	0x1
 1182 089d 02       		.byte	0x2
 1183 089e F0040000 		.4byte	.LASF124
 1184 08a2 0D       		.uleb128 0xd
 1185 08a3 04       		.byte	0x4
 1186 08a4 AB000000 		.4byte	0xab
 1187 08a8 13       		.uleb128 0x13
 1188 08a9 24000000 		.4byte	0x24
 1189 08ad C1080000 		.4byte	0x8c1
 1190 08b1 14       		.uleb128 0x14
 1191 08b2 A6050000 		.4byte	0x5a6
 1192 08b6 14       		.uleb128 0x14
 1193 08b7 C1080000 		.4byte	0x8c1
 1194 08bb 14       		.uleb128 0x14
 1195 08bc 24000000 		.4byte	0x24
 1196 08c0 00       		.byte	0
 1197 08c1 0D       		.uleb128 0xd
ARM GAS  C:\Users\acest\AppData\Local\Temp\ccbxR75b.s 			page 22


 1198 08c2 04       		.byte	0x4
 1199 08c3 B7000000 		.4byte	0xb7
 1200 08c7 0D       		.uleb128 0xd
 1201 08c8 04       		.byte	0x4
 1202 08c9 A8080000 		.4byte	0x8a8
 1203 08cd 13       		.uleb128 0x13
 1204 08ce 24000000 		.4byte	0x24
 1205 08d2 E6080000 		.4byte	0x8e6
 1206 08d6 14       		.uleb128 0x14
 1207 08d7 A6050000 		.4byte	0x5a6
 1208 08db 14       		.uleb128 0x14
 1209 08dc A2080000 		.4byte	0x8a2
 1210 08e0 14       		.uleb128 0x14
 1211 08e1 24000000 		.4byte	0x24
 1212 08e5 00       		.byte	0
 1213 08e6 0D       		.uleb128 0xd
 1214 08e7 04       		.byte	0x4
 1215 08e8 CD080000 		.4byte	0x8cd
 1216 08ec 13       		.uleb128 0x13
 1217 08ed 2D010000 		.4byte	0x12d
 1218 08f1 00090000 		.4byte	0x900
 1219 08f5 14       		.uleb128 0x14
 1220 08f6 A6050000 		.4byte	0x5a6
 1221 08fa 14       		.uleb128 0x14
 1222 08fb AB000000 		.4byte	0xab
 1223 08ff 00       		.byte	0
 1224 0900 0D       		.uleb128 0xd
 1225 0901 04       		.byte	0x4
 1226 0902 EC080000 		.4byte	0x8ec
 1227 0906 13       		.uleb128 0x13
 1228 0907 2D010000 		.4byte	0x12d
 1229 090b 15090000 		.4byte	0x915
 1230 090f 14       		.uleb128 0x14
 1231 0910 A6050000 		.4byte	0x5a6
 1232 0914 00       		.byte	0
 1233 0915 0D       		.uleb128 0xd
 1234 0916 04       		.byte	0x4
 1235 0917 06090000 		.4byte	0x906
 1236 091b 13       		.uleb128 0x13
 1237 091c 2D010000 		.4byte	0x12d
 1238 0920 34090000 		.4byte	0x934
 1239 0924 14       		.uleb128 0x14
 1240 0925 A6050000 		.4byte	0x5a6
 1241 0929 14       		.uleb128 0x14
 1242 092a AB000000 		.4byte	0xab
 1243 092e 14       		.uleb128 0x14
 1244 092f 60030000 		.4byte	0x360
 1245 0933 00       		.byte	0
 1246 0934 0D       		.uleb128 0xd
 1247 0935 04       		.byte	0x4
 1248 0936 1B090000 		.4byte	0x91b
 1249 093a 13       		.uleb128 0x13
 1250 093b 2D010000 		.4byte	0x12d
 1251 093f 4E090000 		.4byte	0x94e
 1252 0943 14       		.uleb128 0x14
 1253 0944 A6050000 		.4byte	0x5a6
 1254 0948 14       		.uleb128 0x14
ARM GAS  C:\Users\acest\AppData\Local\Temp\ccbxR75b.s 			page 23


 1255 0949 60030000 		.4byte	0x360
 1256 094d 00       		.byte	0
 1257 094e 0D       		.uleb128 0xd
 1258 094f 04       		.byte	0x4
 1259 0950 3A090000 		.4byte	0x93a
 1260 0954 13       		.uleb128 0x13
 1261 0955 24000000 		.4byte	0x24
 1262 0959 72090000 		.4byte	0x972
 1263 095d 14       		.uleb128 0x14
 1264 095e A6050000 		.4byte	0x5a6
 1265 0962 14       		.uleb128 0x14
 1266 0963 C1080000 		.4byte	0x8c1
 1267 0967 14       		.uleb128 0x14
 1268 0968 24000000 		.4byte	0x24
 1269 096c 14       		.uleb128 0x14
 1270 096d 60030000 		.4byte	0x360
 1271 0971 00       		.byte	0
 1272 0972 0D       		.uleb128 0xd
 1273 0973 04       		.byte	0x4
 1274 0974 54090000 		.4byte	0x954
 1275 0978 13       		.uleb128 0x13
 1276 0979 24000000 		.4byte	0x24
 1277 097d 96090000 		.4byte	0x996
 1278 0981 14       		.uleb128 0x14
 1279 0982 A6050000 		.4byte	0x5a6
 1280 0986 14       		.uleb128 0x14
 1281 0987 A2080000 		.4byte	0x8a2
 1282 098b 14       		.uleb128 0x14
 1283 098c 24000000 		.4byte	0x24
 1284 0990 14       		.uleb128 0x14
 1285 0991 60030000 		.4byte	0x360
 1286 0995 00       		.byte	0
 1287 0996 0D       		.uleb128 0xd
 1288 0997 04       		.byte	0x4
 1289 0998 78090000 		.4byte	0x978
 1290 099c 13       		.uleb128 0x13
 1291 099d 2D010000 		.4byte	0x12d
 1292 09a1 B5090000 		.4byte	0x9b5
 1293 09a5 14       		.uleb128 0x14
 1294 09a6 A6050000 		.4byte	0x5a6
 1295 09aa 14       		.uleb128 0x14
 1296 09ab 35000000 		.4byte	0x35
 1297 09af 14       		.uleb128 0x14
 1298 09b0 A6050000 		.4byte	0x5a6
 1299 09b4 00       		.byte	0
 1300 09b5 0D       		.uleb128 0xd
 1301 09b6 04       		.byte	0x4
 1302 09b7 9C090000 		.4byte	0x99c
 1303 09bb 03       		.uleb128 0x3
 1304 09bc CD000000 		.4byte	.LASF125
 1305 09c0 0F       		.byte	0xf
 1306 09c1 3A       		.byte	0x3a
 1307 09c2 19       		.byte	0x19
 1308 09c3 C7090000 		.4byte	0x9c7
 1309 09c7 07       		.uleb128 0x7
 1310 09c8 F4010000 		.4byte	.LASF126
 1311 09cc 24       		.byte	0x24
ARM GAS  C:\Users\acest\AppData\Local\Temp\ccbxR75b.s 			page 24


 1312 09cd 0F       		.byte	0xf
 1313 09ce 4B       		.byte	0x4b
 1314 09cf 08       		.byte	0x8
 1315 09d0 3D0A0000 		.4byte	0xa3d
 1316 09d4 09       		.uleb128 0x9
 1317 09d5 F9000000 		.4byte	.LASF127
 1318 09d9 0F       		.byte	0xf
 1319 09da 4C       		.byte	0x4c
 1320 09db 19       		.byte	0x19
 1321 09dc 3D060000 		.4byte	0x63d
 1322 09e0 00       		.byte	0
 1323 09e1 09       		.uleb128 0x9
 1324 09e2 3F040000 		.4byte	.LASF128
 1325 09e6 0F       		.byte	0xf
 1326 09e7 4D       		.byte	0x4d
 1327 09e8 19       		.byte	0x19
 1328 09e9 30000000 		.4byte	0x30
 1329 09ed 08       		.byte	0x8
 1330 09ee 09       		.uleb128 0x9
 1331 09ef 64010000 		.4byte	.LASF129
 1332 09f3 0F       		.byte	0xf
 1333 09f4 4E       		.byte	0x4e
 1334 09f5 1A       		.byte	0x1a
 1335 09f6 A2080000 		.4byte	0x8a2
 1336 09fa 0C       		.byte	0xc
 1337 09fb 09       		.uleb128 0x9
 1338 09fc 15070000 		.4byte	.LASF130
 1339 0a00 0F       		.byte	0xf
 1340 0a01 4F       		.byte	0x4f
 1341 0a02 1A       		.byte	0x1a
 1342 0a03 A2080000 		.4byte	0x8a2
 1343 0a07 10       		.byte	0x10
 1344 0a08 09       		.uleb128 0x9
 1345 0a09 6D010000 		.4byte	.LASF131
 1346 0a0d 0F       		.byte	0xf
 1347 0a0e 51       		.byte	0x51
 1348 0a0f 1A       		.byte	0x1a
 1349 0a10 A2080000 		.4byte	0x8a2
 1350 0a14 14       		.byte	0x14
 1351 0a15 09       		.uleb128 0x9
 1352 0a16 D8040000 		.4byte	.LASF132
 1353 0a1a 0F       		.byte	0xf
 1354 0a1b 52       		.byte	0x52
 1355 0a1c 1A       		.byte	0x1a
 1356 0a1d A2080000 		.4byte	0x8a2
 1357 0a21 18       		.byte	0x18
 1358 0a22 09       		.uleb128 0x9
 1359 0a23 24070000 		.4byte	.LASF133
 1360 0a27 0F       		.byte	0xf
 1361 0a28 53       		.byte	0x53
 1362 0a29 19       		.byte	0x19
 1363 0a2a 3D0A0000 		.4byte	0xa3d
 1364 0a2e 1C       		.byte	0x1c
 1365 0a2f 09       		.uleb128 0x9
 1366 0a30 81070000 		.4byte	.LASF134
 1367 0a34 0F       		.byte	0xf
 1368 0a35 54       		.byte	0x54
ARM GAS  C:\Users\acest\AppData\Local\Temp\ccbxR75b.s 			page 25


 1369 0a36 1A       		.byte	0x1a
 1370 0a37 A6050000 		.4byte	0x5a6
 1371 0a3b 20       		.byte	0x20
 1372 0a3c 00       		.byte	0
 1373 0a3d 03       		.uleb128 0x3
 1374 0a3e B8030000 		.4byte	.LASF135
 1375 0a42 0F       		.byte	0xf
 1376 0a43 41       		.byte	0x41
 1377 0a44 10       		.byte	0x10
 1378 0a45 490A0000 		.4byte	0xa49
 1379 0a49 0D       		.uleb128 0xd
 1380 0a4a 04       		.byte	0x4
 1381 0a4b 4F0A0000 		.4byte	0xa4f
 1382 0a4f 15       		.uleb128 0x15
 1383 0a50 5A0A0000 		.4byte	0xa5a
 1384 0a54 14       		.uleb128 0x14
 1385 0a55 5A0A0000 		.4byte	0xa5a
 1386 0a59 00       		.byte	0
 1387 0a5a 0D       		.uleb128 0xd
 1388 0a5b 04       		.byte	0x4
 1389 0a5c BB090000 		.4byte	0x9bb
 1390 0a60 03       		.uleb128 0x3
 1391 0a61 ED030000 		.4byte	.LASF136
 1392 0a65 0F       		.byte	0xf
 1393 0a66 61       		.byte	0x61
 1394 0a67 14       		.byte	0x14
 1395 0a68 BB090000 		.4byte	0x9bb
 1396 0a6c 03       		.uleb128 0x3
 1397 0a6d F1060000 		.4byte	.LASF137
 1398 0a71 0F       		.byte	0xf
 1399 0a72 6D       		.byte	0x6d
 1400 0a73 14       		.byte	0x14
 1401 0a74 BB090000 		.4byte	0x9bb
 1402 0a78 16       		.uleb128 0x16
 1403 0a79 07       		.byte	0x7
 1404 0a7a 01       		.byte	0x1
 1405 0a7b 5D000000 		.4byte	0x5d
 1406 0a7f 10       		.byte	0x10
 1407 0a80 3B       		.byte	0x3b
 1408 0a81 0E       		.byte	0xe
 1409 0a82 990A0000 		.4byte	0xa99
 1410 0a86 17       		.uleb128 0x17
 1411 0a87 67040000 		.4byte	.LASF138
 1412 0a8b 00       		.byte	0
 1413 0a8c 17       		.uleb128 0x17
 1414 0a8d 48070000 		.4byte	.LASF139
 1415 0a91 01       		.byte	0x1
 1416 0a92 17       		.uleb128 0x17
 1417 0a93 6E030000 		.4byte	.LASF140
 1418 0a97 02       		.byte	0x2
 1419 0a98 00       		.byte	0
 1420 0a99 03       		.uleb128 0x3
 1421 0a9a 5A020000 		.4byte	.LASF141
 1422 0a9e 10       		.byte	0x10
 1423 0a9f 3F       		.byte	0x3f
 1424 0aa0 03       		.byte	0x3
 1425 0aa1 780A0000 		.4byte	0xa78
ARM GAS  C:\Users\acest\AppData\Local\Temp\ccbxR75b.s 			page 26


 1426 0aa5 03       		.uleb128 0x3
 1427 0aa6 59000000 		.4byte	.LASF142
 1428 0aaa 10       		.byte	0x10
 1429 0aab 44       		.byte	0x44
 1430 0aac 24       		.byte	0x24
 1431 0aad B10A0000 		.4byte	0xab1
 1432 0ab1 07       		.uleb128 0x7
 1433 0ab2 48050000 		.4byte	.LASF143
 1434 0ab6 54       		.byte	0x54
 1435 0ab7 10       		.byte	0x10
 1436 0ab8 68       		.byte	0x68
 1437 0ab9 08       		.byte	0x8
 1438 0aba 000B0000 		.4byte	0xb00
 1439 0abe 08       		.uleb128 0x8
 1440 0abf 766D7400 		.ascii	"vmt\000"
 1441 0ac3 10       		.byte	0x10
 1442 0ac4 6A       		.byte	0x6a
 1443 0ac5 23       		.byte	0x23
 1444 0ac6 950B0000 		.4byte	0xb95
 1445 0aca 00       		.byte	0
 1446 0acb 09       		.uleb128 0x9
 1447 0acc 3F030000 		.4byte	.LASF144
 1448 0ad0 10       		.byte	0x10
 1449 0ad1 6B       		.byte	0x6b
 1450 0ad2 03       		.byte	0x3
 1451 0ad3 8F080000 		.4byte	0x88f
 1452 0ad7 04       		.byte	0x4
 1453 0ad8 09       		.uleb128 0x9
 1454 0ad9 3B010000 		.4byte	.LASF35
 1455 0add 10       		.byte	0x10
 1456 0ade 6B       		.byte	0x6b
 1457 0adf 03       		.byte	0x3
 1458 0ae0 990A0000 		.4byte	0xa99
 1459 0ae4 08       		.byte	0x8
 1460 0ae5 09       		.uleb128 0x9
 1461 0ae6 3B020000 		.4byte	.LASF145
 1462 0aea 10       		.byte	0x10
 1463 0aeb 6B       		.byte	0x6b
 1464 0aec 03       		.byte	0x3
 1465 0aed 600A0000 		.4byte	0xa60
 1466 0af1 0C       		.byte	0xc
 1467 0af2 09       		.uleb128 0x9
 1468 0af3 41050000 		.4byte	.LASF146
 1469 0af7 10       		.byte	0x10
 1470 0af8 6B       		.byte	0x6b
 1471 0af9 03       		.byte	0x3
 1472 0afa 6C0A0000 		.4byte	0xa6c
 1473 0afe 30       		.byte	0x30
 1474 0aff 00       		.byte	0
 1475 0b00 07       		.uleb128 0x7
 1476 0b01 55040000 		.4byte	.LASF147
 1477 0b05 28       		.byte	0x28
 1478 0b06 10       		.byte	0x10
 1479 0b07 51       		.byte	0x51
 1480 0b08 08       		.byte	0x8
 1481 0b09 900B0000 		.4byte	0xb90
 1482 0b0d 09       		.uleb128 0x9
ARM GAS  C:\Users\acest\AppData\Local\Temp\ccbxR75b.s 			page 27


 1483 0b0e 5D070000 		.4byte	.LASF148
 1484 0b12 10       		.byte	0x10
 1485 0b13 52       		.byte	0x52
 1486 0b14 03       		.byte	0x3
 1487 0b15 24000000 		.4byte	0x24
 1488 0b19 00       		.byte	0
 1489 0b1a 09       		.uleb128 0x9
 1490 0b1b E7030000 		.4byte	.LASF149
 1491 0b1f 10       		.byte	0x10
 1492 0b20 52       		.byte	0x52
 1493 0b21 03       		.byte	0x3
 1494 0b22 C7080000 		.4byte	0x8c7
 1495 0b26 04       		.byte	0x4
 1496 0b27 09       		.uleb128 0x9
 1497 0b28 42060000 		.4byte	.LASF150
 1498 0b2c 10       		.byte	0x10
 1499 0b2d 52       		.byte	0x52
 1500 0b2e 03       		.byte	0x3
 1501 0b2f E6080000 		.4byte	0x8e6
 1502 0b33 08       		.byte	0x8
 1503 0b34 08       		.uleb128 0x8
 1504 0b35 70757400 		.ascii	"put\000"
 1505 0b39 10       		.byte	0x10
 1506 0b3a 52       		.byte	0x52
 1507 0b3b 03       		.byte	0x3
 1508 0b3c 00090000 		.4byte	0x900
 1509 0b40 0C       		.byte	0xc
 1510 0b41 08       		.uleb128 0x8
 1511 0b42 67657400 		.ascii	"get\000"
 1512 0b46 10       		.byte	0x10
 1513 0b47 52       		.byte	0x52
 1514 0b48 03       		.byte	0x3
 1515 0b49 15090000 		.4byte	0x915
 1516 0b4d 10       		.byte	0x10
 1517 0b4e 09       		.uleb128 0x9
 1518 0b4f FB030000 		.4byte	.LASF151
 1519 0b53 10       		.byte	0x10
 1520 0b54 52       		.byte	0x52
 1521 0b55 03       		.byte	0x3
 1522 0b56 34090000 		.4byte	0x934
 1523 0b5a 14       		.byte	0x14
 1524 0b5b 09       		.uleb128 0x9
 1525 0b5c 64020000 		.4byte	.LASF152
 1526 0b60 10       		.byte	0x10
 1527 0b61 52       		.byte	0x52
 1528 0b62 03       		.byte	0x3
 1529 0b63 4E090000 		.4byte	0x94e
 1530 0b67 18       		.byte	0x18
 1531 0b68 09       		.uleb128 0x9
 1532 0b69 87030000 		.4byte	.LASF153
 1533 0b6d 10       		.byte	0x10
 1534 0b6e 52       		.byte	0x52
 1535 0b6f 03       		.byte	0x3
 1536 0b70 72090000 		.4byte	0x972
 1537 0b74 1C       		.byte	0x1c
 1538 0b75 09       		.uleb128 0x9
 1539 0b76 EE000000 		.4byte	.LASF154
ARM GAS  C:\Users\acest\AppData\Local\Temp\ccbxR75b.s 			page 28


 1540 0b7a 10       		.byte	0x10
 1541 0b7b 52       		.byte	0x52
 1542 0b7c 03       		.byte	0x3
 1543 0b7d 96090000 		.4byte	0x996
 1544 0b81 20       		.byte	0x20
 1545 0b82 08       		.uleb128 0x8
 1546 0b83 63746C00 		.ascii	"ctl\000"
 1547 0b87 10       		.byte	0x10
 1548 0b88 52       		.byte	0x52
 1549 0b89 03       		.byte	0x3
 1550 0b8a B5090000 		.4byte	0x9b5
 1551 0b8e 24       		.byte	0x24
 1552 0b8f 00       		.byte	0
 1553 0b90 06       		.uleb128 0x6
 1554 0b91 000B0000 		.4byte	0xb00
 1555 0b95 0D       		.uleb128 0xd
 1556 0b96 04       		.byte	0x4
 1557 0b97 900B0000 		.4byte	0xb90
 1558 0b9b 18       		.uleb128 0x18
 1559 0b9c 72070000 		.4byte	.LASF159
 1560 0ba0 11       		.byte	0x11
 1561 0ba1 58       		.byte	0x58
 1562 0ba2 07       		.byte	0x7
 1563 0ba3 2D010000 		.4byte	0x12d
 1564 0ba7 CB0B0000 		.4byte	0xbcb
 1565 0bab 19       		.uleb128 0x19
 1566 0bac 62737000 		.ascii	"bsp\000"
 1567 0bb0 11       		.byte	0x11
 1568 0bb1 58       		.byte	0x58
 1569 0bb2 26       		.byte	0x26
 1570 0bb3 CB0B0000 		.4byte	0xbcb
 1571 0bb7 1A       		.uleb128 0x1a
 1572 0bb8 6200     		.ascii	"b\000"
 1573 0bba 11       		.byte	0x11
 1574 0bbb 59       		.byte	0x59
 1575 0bbc 0A       		.byte	0xa
 1576 0bbd 2D010000 		.4byte	0x12d
 1577 0bc1 1B       		.uleb128 0x1b
 1578 0bc2 5C050000 		.4byte	.LASF155
 1579 0bc6 E10B0000 		.4byte	0xbe1
 1580 0bca 00       		.byte	0
 1581 0bcb 0D       		.uleb128 0xd
 1582 0bcc 04       		.byte	0x4
 1583 0bcd A50A0000 		.4byte	0xaa5
 1584 0bd1 1C       		.uleb128 0x1c
 1585 0bd2 43030000 		.4byte	0x343
 1586 0bd6 E10B0000 		.4byte	0xbe1
 1587 0bda 1D       		.uleb128 0x1d
 1588 0bdb 35000000 		.4byte	0x35
 1589 0bdf 0E       		.byte	0xe
 1590 0be0 00       		.byte	0
 1591 0be1 06       		.uleb128 0x6
 1592 0be2 D10B0000 		.4byte	0xbd1
 1593 0be6 1E       		.uleb128 0x1e
 1594 0be7 90070000 		.4byte	.LASF160
 1595 0beb 11       		.byte	0x11
 1596 0bec 3C       		.byte	0x3c
ARM GAS  C:\Users\acest\AppData\Local\Temp\ccbxR75b.s 			page 29


 1597 0bed 06       		.byte	0x6
 1598 0bee 120C0000 		.4byte	0xc12
 1599 0bf2 19       		.uleb128 0x19
 1600 0bf3 62737000 		.ascii	"bsp\000"
 1601 0bf7 11       		.byte	0x11
 1602 0bf8 3C       		.byte	0x3c
 1603 0bf9 26       		.byte	0x26
 1604 0bfa CB0B0000 		.4byte	0xbcb
 1605 0bfe 19       		.uleb128 0x19
 1606 0bff 6200     		.ascii	"b\000"
 1607 0c01 11       		.byte	0x11
 1608 0c02 3C       		.byte	0x3c
 1609 0c03 33       		.byte	0x33
 1610 0c04 AB000000 		.4byte	0xab
 1611 0c08 1B       		.uleb128 0x1b
 1612 0c09 5C050000 		.4byte	.LASF155
 1613 0c0d 220C0000 		.4byte	0xc22
 1614 0c11 00       		.byte	0
 1615 0c12 1C       		.uleb128 0x1c
 1616 0c13 43030000 		.4byte	0x343
 1617 0c17 220C0000 		.4byte	0xc22
 1618 0c1b 1D       		.uleb128 0x1d
 1619 0c1c 35000000 		.4byte	0x35
 1620 0c20 0F       		.byte	0xf
 1621 0c21 00       		.byte	0
 1622 0c22 06       		.uleb128 0x6
 1623 0c23 120C0000 		.4byte	0xc12
 1624 0c27 1F       		.uleb128 0x1f
 1625 0c28 EC050000 		.4byte	.LASF161
 1626 0c2c 12       		.byte	0x12
 1627 0c2d BC03     		.2byte	0x3bc
 1628 0c2f 14       		.byte	0x14
 1629 0c30 4F0C0000 		.4byte	0xc4f
 1630 0c34 20       		.uleb128 0x20
 1631 0c35 65737000 		.ascii	"esp\000"
 1632 0c39 12       		.byte	0x12
 1633 0c3a BC03     		.2byte	0x3bc
 1634 0c3c 3D       		.byte	0x3d
 1635 0c3d 4F0C0000 		.4byte	0xc4f
 1636 0c41 21       		.uleb128 0x21
 1637 0c42 50070000 		.4byte	.LASF36
 1638 0c46 12       		.byte	0x12
 1639 0c47 BD03     		.2byte	0x3bd
 1640 0c49 3A       		.byte	0x3a
 1641 0c4a 45010000 		.4byte	0x145
 1642 0c4e 00       		.byte	0
 1643 0c4f 0D       		.uleb128 0xd
 1644 0c50 04       		.byte	0x4
 1645 0c51 8F080000 		.4byte	0x88f
 1646 0c55 00       		.byte	0
 1647              		.section	.gnu.debuglto_.debug_abbrev,"e",%progbits
 1648              	.Ldebug_abbrev0:
 1649 0000 01       		.uleb128 0x1
 1650 0001 11       		.uleb128 0x11
 1651 0002 01       		.byte	0x1
 1652 0003 25       		.uleb128 0x25
 1653 0004 0E       		.uleb128 0xe
ARM GAS  C:\Users\acest\AppData\Local\Temp\ccbxR75b.s 			page 30


 1654 0005 13       		.uleb128 0x13
 1655 0006 0B       		.uleb128 0xb
 1656 0007 03       		.uleb128 0x3
 1657 0008 0E       		.uleb128 0xe
 1658 0009 1B       		.uleb128 0x1b
 1659 000a 0E       		.uleb128 0xe
 1660 000b 10       		.uleb128 0x10
 1661 000c 17       		.uleb128 0x17
 1662 000d 00       		.byte	0
 1663 000e 00       		.byte	0
 1664 000f 02       		.uleb128 0x2
 1665 0010 24       		.uleb128 0x24
 1666 0011 00       		.byte	0
 1667 0012 0B       		.uleb128 0xb
 1668 0013 0B       		.uleb128 0xb
 1669 0014 3E       		.uleb128 0x3e
 1670 0015 0B       		.uleb128 0xb
 1671 0016 03       		.uleb128 0x3
 1672 0017 08       		.uleb128 0x8
 1673 0018 00       		.byte	0
 1674 0019 00       		.byte	0
 1675 001a 03       		.uleb128 0x3
 1676 001b 16       		.uleb128 0x16
 1677 001c 00       		.byte	0
 1678 001d 03       		.uleb128 0x3
 1679 001e 0E       		.uleb128 0xe
 1680 001f 3A       		.uleb128 0x3a
 1681 0020 0B       		.uleb128 0xb
 1682 0021 3B       		.uleb128 0x3b
 1683 0022 0B       		.uleb128 0xb
 1684 0023 39       		.uleb128 0x39
 1685 0024 0B       		.uleb128 0xb
 1686 0025 49       		.uleb128 0x49
 1687 0026 13       		.uleb128 0x13
 1688 0027 00       		.byte	0
 1689 0028 00       		.byte	0
 1690 0029 04       		.uleb128 0x4
 1691 002a 35       		.uleb128 0x35
 1692 002b 00       		.byte	0
 1693 002c 49       		.uleb128 0x49
 1694 002d 13       		.uleb128 0x13
 1695 002e 00       		.byte	0
 1696 002f 00       		.byte	0
 1697 0030 05       		.uleb128 0x5
 1698 0031 24       		.uleb128 0x24
 1699 0032 00       		.byte	0
 1700 0033 0B       		.uleb128 0xb
 1701 0034 0B       		.uleb128 0xb
 1702 0035 3E       		.uleb128 0x3e
 1703 0036 0B       		.uleb128 0xb
 1704 0037 03       		.uleb128 0x3
 1705 0038 0E       		.uleb128 0xe
 1706 0039 00       		.byte	0
 1707 003a 00       		.byte	0
 1708 003b 06       		.uleb128 0x6
 1709 003c 26       		.uleb128 0x26
 1710 003d 00       		.byte	0
ARM GAS  C:\Users\acest\AppData\Local\Temp\ccbxR75b.s 			page 31


 1711 003e 49       		.uleb128 0x49
 1712 003f 13       		.uleb128 0x13
 1713 0040 00       		.byte	0
 1714 0041 00       		.byte	0
 1715 0042 07       		.uleb128 0x7
 1716 0043 13       		.uleb128 0x13
 1717 0044 01       		.byte	0x1
 1718 0045 03       		.uleb128 0x3
 1719 0046 0E       		.uleb128 0xe
 1720 0047 0B       		.uleb128 0xb
 1721 0048 0B       		.uleb128 0xb
 1722 0049 3A       		.uleb128 0x3a
 1723 004a 0B       		.uleb128 0xb
 1724 004b 3B       		.uleb128 0x3b
 1725 004c 0B       		.uleb128 0xb
 1726 004d 39       		.uleb128 0x39
 1727 004e 0B       		.uleb128 0xb
 1728 004f 01       		.uleb128 0x1
 1729 0050 13       		.uleb128 0x13
 1730 0051 00       		.byte	0
 1731 0052 00       		.byte	0
 1732 0053 08       		.uleb128 0x8
 1733 0054 0D       		.uleb128 0xd
 1734 0055 00       		.byte	0
 1735 0056 03       		.uleb128 0x3
 1736 0057 08       		.uleb128 0x8
 1737 0058 3A       		.uleb128 0x3a
 1738 0059 0B       		.uleb128 0xb
 1739 005a 3B       		.uleb128 0x3b
 1740 005b 0B       		.uleb128 0xb
 1741 005c 39       		.uleb128 0x39
 1742 005d 0B       		.uleb128 0xb
 1743 005e 49       		.uleb128 0x49
 1744 005f 13       		.uleb128 0x13
 1745 0060 38       		.uleb128 0x38
 1746 0061 0B       		.uleb128 0xb
 1747 0062 00       		.byte	0
 1748 0063 00       		.byte	0
 1749 0064 09       		.uleb128 0x9
 1750 0065 0D       		.uleb128 0xd
 1751 0066 00       		.byte	0
 1752 0067 03       		.uleb128 0x3
 1753 0068 0E       		.uleb128 0xe
 1754 0069 3A       		.uleb128 0x3a
 1755 006a 0B       		.uleb128 0xb
 1756 006b 3B       		.uleb128 0x3b
 1757 006c 0B       		.uleb128 0xb
 1758 006d 39       		.uleb128 0x39
 1759 006e 0B       		.uleb128 0xb
 1760 006f 49       		.uleb128 0x49
 1761 0070 13       		.uleb128 0x13
 1762 0071 38       		.uleb128 0x38
 1763 0072 0B       		.uleb128 0xb
 1764 0073 00       		.byte	0
 1765 0074 00       		.byte	0
 1766 0075 0A       		.uleb128 0xa
 1767 0076 0D       		.uleb128 0xd
ARM GAS  C:\Users\acest\AppData\Local\Temp\ccbxR75b.s 			page 32


 1768 0077 00       		.byte	0
 1769 0078 03       		.uleb128 0x3
 1770 0079 08       		.uleb128 0x8
 1771 007a 3A       		.uleb128 0x3a
 1772 007b 0B       		.uleb128 0xb
 1773 007c 3B       		.uleb128 0x3b
 1774 007d 05       		.uleb128 0x5
 1775 007e 39       		.uleb128 0x39
 1776 007f 0B       		.uleb128 0xb
 1777 0080 49       		.uleb128 0x49
 1778 0081 13       		.uleb128 0x13
 1779 0082 38       		.uleb128 0x38
 1780 0083 0B       		.uleb128 0xb
 1781 0084 00       		.byte	0
 1782 0085 00       		.byte	0
 1783 0086 0B       		.uleb128 0xb
 1784 0087 0D       		.uleb128 0xd
 1785 0088 00       		.byte	0
 1786 0089 03       		.uleb128 0x3
 1787 008a 0E       		.uleb128 0xe
 1788 008b 3A       		.uleb128 0x3a
 1789 008c 0B       		.uleb128 0xb
 1790 008d 3B       		.uleb128 0x3b
 1791 008e 05       		.uleb128 0x5
 1792 008f 39       		.uleb128 0x39
 1793 0090 0B       		.uleb128 0xb
 1794 0091 49       		.uleb128 0x49
 1795 0092 13       		.uleb128 0x13
 1796 0093 38       		.uleb128 0x38
 1797 0094 0B       		.uleb128 0xb
 1798 0095 00       		.byte	0
 1799 0096 00       		.byte	0
 1800 0097 0C       		.uleb128 0xc
 1801 0098 13       		.uleb128 0x13
 1802 0099 01       		.byte	0x1
 1803 009a 03       		.uleb128 0x3
 1804 009b 0E       		.uleb128 0xe
 1805 009c 0B       		.uleb128 0xb
 1806 009d 0B       		.uleb128 0xb
 1807 009e 3A       		.uleb128 0x3a
 1808 009f 0B       		.uleb128 0xb
 1809 00a0 3B       		.uleb128 0x3b
 1810 00a1 05       		.uleb128 0x5
 1811 00a2 39       		.uleb128 0x39
 1812 00a3 0B       		.uleb128 0xb
 1813 00a4 01       		.uleb128 0x1
 1814 00a5 13       		.uleb128 0x13
 1815 00a6 00       		.byte	0
 1816 00a7 00       		.byte	0
 1817 00a8 0D       		.uleb128 0xd
 1818 00a9 0F       		.uleb128 0xf
 1819 00aa 00       		.byte	0
 1820 00ab 0B       		.uleb128 0xb
 1821 00ac 0B       		.uleb128 0xb
 1822 00ad 49       		.uleb128 0x49
 1823 00ae 13       		.uleb128 0x13
 1824 00af 00       		.byte	0
ARM GAS  C:\Users\acest\AppData\Local\Temp\ccbxR75b.s 			page 33


 1825 00b0 00       		.byte	0
 1826 00b1 0E       		.uleb128 0xe
 1827 00b2 0F       		.uleb128 0xf
 1828 00b3 00       		.byte	0
 1829 00b4 0B       		.uleb128 0xb
 1830 00b5 0B       		.uleb128 0xb
 1831 00b6 00       		.byte	0
 1832 00b7 00       		.byte	0
 1833 00b8 0F       		.uleb128 0xf
 1834 00b9 17       		.uleb128 0x17
 1835 00ba 01       		.byte	0x1
 1836 00bb 0B       		.uleb128 0xb
 1837 00bc 0B       		.uleb128 0xb
 1838 00bd 3A       		.uleb128 0x3a
 1839 00be 0B       		.uleb128 0xb
 1840 00bf 3B       		.uleb128 0x3b
 1841 00c0 0B       		.uleb128 0xb
 1842 00c1 39       		.uleb128 0x39
 1843 00c2 0B       		.uleb128 0xb
 1844 00c3 01       		.uleb128 0x1
 1845 00c4 13       		.uleb128 0x13
 1846 00c5 00       		.byte	0
 1847 00c6 00       		.byte	0
 1848 00c7 10       		.uleb128 0x10
 1849 00c8 0D       		.uleb128 0xd
 1850 00c9 00       		.byte	0
 1851 00ca 03       		.uleb128 0x3
 1852 00cb 0E       		.uleb128 0xe
 1853 00cc 3A       		.uleb128 0x3a
 1854 00cd 0B       		.uleb128 0xb
 1855 00ce 3B       		.uleb128 0x3b
 1856 00cf 0B       		.uleb128 0xb
 1857 00d0 39       		.uleb128 0x39
 1858 00d1 0B       		.uleb128 0xb
 1859 00d2 49       		.uleb128 0x49
 1860 00d3 13       		.uleb128 0x13
 1861 00d4 00       		.byte	0
 1862 00d5 00       		.byte	0
 1863 00d6 11       		.uleb128 0x11
 1864 00d7 0D       		.uleb128 0xd
 1865 00d8 00       		.byte	0
 1866 00d9 03       		.uleb128 0x3
 1867 00da 0E       		.uleb128 0xe
 1868 00db 3A       		.uleb128 0x3a
 1869 00dc 0B       		.uleb128 0xb
 1870 00dd 3B       		.uleb128 0x3b
 1871 00de 05       		.uleb128 0x5
 1872 00df 39       		.uleb128 0x39
 1873 00e0 0B       		.uleb128 0xb
 1874 00e1 49       		.uleb128 0x49
 1875 00e2 13       		.uleb128 0x13
 1876 00e3 00       		.byte	0
 1877 00e4 00       		.byte	0
 1878 00e5 12       		.uleb128 0x12
 1879 00e6 16       		.uleb128 0x16
 1880 00e7 00       		.byte	0
 1881 00e8 03       		.uleb128 0x3
ARM GAS  C:\Users\acest\AppData\Local\Temp\ccbxR75b.s 			page 34


 1882 00e9 0E       		.uleb128 0xe
 1883 00ea 3A       		.uleb128 0x3a
 1884 00eb 0B       		.uleb128 0xb
 1885 00ec 3B       		.uleb128 0x3b
 1886 00ed 05       		.uleb128 0x5
 1887 00ee 39       		.uleb128 0x39
 1888 00ef 0B       		.uleb128 0xb
 1889 00f0 49       		.uleb128 0x49
 1890 00f1 13       		.uleb128 0x13
 1891 00f2 00       		.byte	0
 1892 00f3 00       		.byte	0
 1893 00f4 13       		.uleb128 0x13
 1894 00f5 15       		.uleb128 0x15
 1895 00f6 01       		.byte	0x1
 1896 00f7 27       		.uleb128 0x27
 1897 00f8 19       		.uleb128 0x19
 1898 00f9 49       		.uleb128 0x49
 1899 00fa 13       		.uleb128 0x13
 1900 00fb 01       		.uleb128 0x1
 1901 00fc 13       		.uleb128 0x13
 1902 00fd 00       		.byte	0
 1903 00fe 00       		.byte	0
 1904 00ff 14       		.uleb128 0x14
 1905 0100 05       		.uleb128 0x5
 1906 0101 00       		.byte	0
 1907 0102 49       		.uleb128 0x49
 1908 0103 13       		.uleb128 0x13
 1909 0104 00       		.byte	0
 1910 0105 00       		.byte	0
 1911 0106 15       		.uleb128 0x15
 1912 0107 15       		.uleb128 0x15
 1913 0108 01       		.byte	0x1
 1914 0109 27       		.uleb128 0x27
 1915 010a 19       		.uleb128 0x19
 1916 010b 01       		.uleb128 0x1
 1917 010c 13       		.uleb128 0x13
 1918 010d 00       		.byte	0
 1919 010e 00       		.byte	0
 1920 010f 16       		.uleb128 0x16
 1921 0110 04       		.uleb128 0x4
 1922 0111 01       		.byte	0x1
 1923 0112 3E       		.uleb128 0x3e
 1924 0113 0B       		.uleb128 0xb
 1925 0114 0B       		.uleb128 0xb
 1926 0115 0B       		.uleb128 0xb
 1927 0116 49       		.uleb128 0x49
 1928 0117 13       		.uleb128 0x13
 1929 0118 3A       		.uleb128 0x3a
 1930 0119 0B       		.uleb128 0xb
 1931 011a 3B       		.uleb128 0x3b
 1932 011b 0B       		.uleb128 0xb
 1933 011c 39       		.uleb128 0x39
 1934 011d 0B       		.uleb128 0xb
 1935 011e 01       		.uleb128 0x1
 1936 011f 13       		.uleb128 0x13
 1937 0120 00       		.byte	0
 1938 0121 00       		.byte	0
ARM GAS  C:\Users\acest\AppData\Local\Temp\ccbxR75b.s 			page 35


 1939 0122 17       		.uleb128 0x17
 1940 0123 28       		.uleb128 0x28
 1941 0124 00       		.byte	0
 1942 0125 03       		.uleb128 0x3
 1943 0126 0E       		.uleb128 0xe
 1944 0127 1C       		.uleb128 0x1c
 1945 0128 0B       		.uleb128 0xb
 1946 0129 00       		.byte	0
 1947 012a 00       		.byte	0
 1948 012b 18       		.uleb128 0x18
 1949 012c 2E       		.uleb128 0x2e
 1950 012d 01       		.byte	0x1
 1951 012e 3F       		.uleb128 0x3f
 1952 012f 19       		.uleb128 0x19
 1953 0130 03       		.uleb128 0x3
 1954 0131 0E       		.uleb128 0xe
 1955 0132 3A       		.uleb128 0x3a
 1956 0133 0B       		.uleb128 0xb
 1957 0134 3B       		.uleb128 0x3b
 1958 0135 0B       		.uleb128 0xb
 1959 0136 39       		.uleb128 0x39
 1960 0137 0B       		.uleb128 0xb
 1961 0138 27       		.uleb128 0x27
 1962 0139 19       		.uleb128 0x19
 1963 013a 49       		.uleb128 0x49
 1964 013b 13       		.uleb128 0x13
 1965 013c 01       		.uleb128 0x1
 1966 013d 13       		.uleb128 0x13
 1967 013e 00       		.byte	0
 1968 013f 00       		.byte	0
 1969 0140 19       		.uleb128 0x19
 1970 0141 05       		.uleb128 0x5
 1971 0142 00       		.byte	0
 1972 0143 03       		.uleb128 0x3
 1973 0144 08       		.uleb128 0x8
 1974 0145 3A       		.uleb128 0x3a
 1975 0146 0B       		.uleb128 0xb
 1976 0147 3B       		.uleb128 0x3b
 1977 0148 0B       		.uleb128 0xb
 1978 0149 39       		.uleb128 0x39
 1979 014a 0B       		.uleb128 0xb
 1980 014b 49       		.uleb128 0x49
 1981 014c 13       		.uleb128 0x13
 1982 014d 00       		.byte	0
 1983 014e 00       		.byte	0
 1984 014f 1A       		.uleb128 0x1a
 1985 0150 34       		.uleb128 0x34
 1986 0151 00       		.byte	0
 1987 0152 03       		.uleb128 0x3
 1988 0153 08       		.uleb128 0x8
 1989 0154 3A       		.uleb128 0x3a
 1990 0155 0B       		.uleb128 0xb
 1991 0156 3B       		.uleb128 0x3b
 1992 0157 0B       		.uleb128 0xb
 1993 0158 39       		.uleb128 0x39
 1994 0159 0B       		.uleb128 0xb
 1995 015a 49       		.uleb128 0x49
ARM GAS  C:\Users\acest\AppData\Local\Temp\ccbxR75b.s 			page 36


 1996 015b 13       		.uleb128 0x13
 1997 015c 00       		.byte	0
 1998 015d 00       		.byte	0
 1999 015e 1B       		.uleb128 0x1b
 2000 015f 34       		.uleb128 0x34
 2001 0160 00       		.byte	0
 2002 0161 03       		.uleb128 0x3
 2003 0162 0E       		.uleb128 0xe
 2004 0163 49       		.uleb128 0x49
 2005 0164 13       		.uleb128 0x13
 2006 0165 34       		.uleb128 0x34
 2007 0166 19       		.uleb128 0x19
 2008 0167 00       		.byte	0
 2009 0168 00       		.byte	0
 2010 0169 1C       		.uleb128 0x1c
 2011 016a 01       		.uleb128 0x1
 2012 016b 01       		.byte	0x1
 2013 016c 49       		.uleb128 0x49
 2014 016d 13       		.uleb128 0x13
 2015 016e 01       		.uleb128 0x1
 2016 016f 13       		.uleb128 0x13
 2017 0170 00       		.byte	0
 2018 0171 00       		.byte	0
 2019 0172 1D       		.uleb128 0x1d
 2020 0173 21       		.uleb128 0x21
 2021 0174 00       		.byte	0
 2022 0175 49       		.uleb128 0x49
 2023 0176 13       		.uleb128 0x13
 2024 0177 2F       		.uleb128 0x2f
 2025 0178 0B       		.uleb128 0xb
 2026 0179 00       		.byte	0
 2027 017a 00       		.byte	0
 2028 017b 1E       		.uleb128 0x1e
 2029 017c 2E       		.uleb128 0x2e
 2030 017d 01       		.byte	0x1
 2031 017e 3F       		.uleb128 0x3f
 2032 017f 19       		.uleb128 0x19
 2033 0180 03       		.uleb128 0x3
 2034 0181 0E       		.uleb128 0xe
 2035 0182 3A       		.uleb128 0x3a
 2036 0183 0B       		.uleb128 0xb
 2037 0184 3B       		.uleb128 0x3b
 2038 0185 0B       		.uleb128 0xb
 2039 0186 39       		.uleb128 0x39
 2040 0187 0B       		.uleb128 0xb
 2041 0188 27       		.uleb128 0x27
 2042 0189 19       		.uleb128 0x19
 2043 018a 01       		.uleb128 0x1
 2044 018b 13       		.uleb128 0x13
 2045 018c 00       		.byte	0
 2046 018d 00       		.byte	0
 2047 018e 1F       		.uleb128 0x1f
 2048 018f 2E       		.uleb128 0x2e
 2049 0190 01       		.byte	0x1
 2050 0191 03       		.uleb128 0x3
 2051 0192 0E       		.uleb128 0xe
 2052 0193 3A       		.uleb128 0x3a
ARM GAS  C:\Users\acest\AppData\Local\Temp\ccbxR75b.s 			page 37


 2053 0194 0B       		.uleb128 0xb
 2054 0195 3B       		.uleb128 0x3b
 2055 0196 05       		.uleb128 0x5
 2056 0197 39       		.uleb128 0x39
 2057 0198 0B       		.uleb128 0xb
 2058 0199 27       		.uleb128 0x27
 2059 019a 19       		.uleb128 0x19
 2060 019b 01       		.uleb128 0x1
 2061 019c 13       		.uleb128 0x13
 2062 019d 00       		.byte	0
 2063 019e 00       		.byte	0
 2064 019f 20       		.uleb128 0x20
 2065 01a0 05       		.uleb128 0x5
 2066 01a1 00       		.byte	0
 2067 01a2 03       		.uleb128 0x3
 2068 01a3 08       		.uleb128 0x8
 2069 01a4 3A       		.uleb128 0x3a
 2070 01a5 0B       		.uleb128 0xb
 2071 01a6 3B       		.uleb128 0x3b
 2072 01a7 05       		.uleb128 0x5
 2073 01a8 39       		.uleb128 0x39
 2074 01a9 0B       		.uleb128 0xb
 2075 01aa 49       		.uleb128 0x49
 2076 01ab 13       		.uleb128 0x13
 2077 01ac 00       		.byte	0
 2078 01ad 00       		.byte	0
 2079 01ae 21       		.uleb128 0x21
 2080 01af 05       		.uleb128 0x5
 2081 01b0 00       		.byte	0
 2082 01b1 03       		.uleb128 0x3
 2083 01b2 0E       		.uleb128 0xe
 2084 01b3 3A       		.uleb128 0x3a
 2085 01b4 0B       		.uleb128 0xb
 2086 01b5 3B       		.uleb128 0x3b
 2087 01b6 05       		.uleb128 0x5
 2088 01b7 39       		.uleb128 0x39
 2089 01b8 0B       		.uleb128 0xb
 2090 01b9 49       		.uleb128 0x49
 2091 01ba 13       		.uleb128 0x13
 2092 01bb 00       		.byte	0
 2093 01bc 00       		.byte	0
 2094 01bd 00       		.byte	0
 2095              		.section	.gnu.debuglto_.debug_line,"e",%progbits
 2096              	.Ldebug_line0:
 2097 0000 46030000 		.4byte	.LELT0-.LSLT0
 2098              	.LSLT0:
 2099 0004 0400     		.2byte	0x4
 2100 0006 40030000 		.4byte	.LELTP0-.LASLTP0
 2101              	.LASLTP0:
 2102 000a 01       		.byte	0x1
 2103 000b 01       		.byte	0x1
 2104 000c 01       		.byte	0x1
 2105 000d F6       		.byte	0xf6
 2106 000e F2       		.byte	0xf2
 2107 000f 0D       		.byte	0xd
 2108 0010 00       		.byte	0
 2109 0011 01       		.byte	0x1
ARM GAS  C:\Users\acest\AppData\Local\Temp\ccbxR75b.s 			page 38


 2110 0012 01       		.byte	0x1
 2111 0013 01       		.byte	0x1
 2112 0014 01       		.byte	0x1
 2113 0015 00       		.byte	0
 2114 0016 00       		.byte	0
 2115 0017 00       		.byte	0
 2116 0018 01       		.byte	0x1
 2117 0019 00       		.byte	0
 2118 001a 00       		.byte	0
 2119 001b 01       		.byte	0x1
 2120 001c 2E2E2F2E 		.ascii	"../../../../../ChibiStudio/chibios2111/os/hal/src"
 2120      2E2F2E2E 
 2120      2F2E2E2F 
 2120      2E2E2F43 
 2120      68696269 
 2121 004d 00       		.byte	0
 2122 004e 633A5C63 		.ascii	"c:\\chibistudio\\chibios2111\\os\\common\\ports\\ar"
 2122      68696269 
 2122      73747564 
 2122      696F5C63 
 2122      68696269 
 2123 007b 6D2D636F 		.ascii	"m-common"
 2123      6D6D6F6E 
 2124 0083 00       		.byte	0
 2125 0084 633A5C63 		.ascii	"c:\\chibistudio\\chibios2111\\os\\common\\ports\\ar"
 2125      68696269 
 2125      73747564 
 2125      696F5C63 
 2125      68696269 
 2126 00b1 6D76372D 		.ascii	"mv7-m-alt"
 2126      6D2D616C 
 2126      74
 2127 00ba 00       		.byte	0
 2128 00bb 633A5C63 		.ascii	"c:\\chibistudio\\chibios2111\\os\\hal\\include"
 2128      68696269 
 2128      73747564 
 2128      696F5C63 
 2128      68696269 
 2129 00e4 00       		.byte	0
 2130 00e5 633A5C63 		.ascii	"c:\\chibistudio\\chibios2111\\os\\hal\\osal\\rt-nil"
 2130      68696269 
 2130      73747564 
 2130      696F5C63 
 2130      68696269 
 2131 0112 00       		.byte	0
 2132 0113 633A5C63 		.ascii	"c:\\chibistudio\\chibios2111\\os\\rt\\include"
 2132      68696269 
 2132      73747564 
 2132      696F5C63 
 2132      68696269 
 2133 013b 00       		.byte	0
 2134 013c 633A5C63 		.ascii	"c:\\chibistudio\\tools\\gnu tools arm embedded\\10."
 2134      68696269 
 2134      73747564 
 2134      696F5C74 
 2134      6F6F6C73 
 2135 016b 33203230 		.ascii	"3 2021.10\\arm-none-eabi\\include\\machine"
ARM GAS  C:\Users\acest\AppData\Local\Temp\ccbxR75b.s 			page 39


 2135      32312E31 
 2135      305C6172 
 2135      6D2D6E6F 
 2135      6E652D65 
 2136 0192 00       		.byte	0
 2137 0193 633A5C63 		.ascii	"c:\\chibistudio\\tools\\gnu tools arm embedded\\10."
 2137      68696269 
 2137      73747564 
 2137      696F5C74 
 2137      6F6F6C73 
 2138 01c2 33203230 		.ascii	"3 2021.10\\arm-none-eabi\\include\\sys"
 2138      32312E31 
 2138      305C6172 
 2138      6D2D6E6F 
 2138      6E652D65 
 2139 01e5 00       		.byte	0
 2140 01e6 633A5C63 		.ascii	"c:\\chibistudio\\tools\\gnu tools arm embedded\\10."
 2140      68696269 
 2140      73747564 
 2140      696F5C74 
 2140      6F6F6C73 
 2141 0215 33203230 		.ascii	"3 2021.10\\lib\\gcc\\arm-none-eabi\\10.3.1\\include"
 2141      32312E31 
 2141      305C6C69 
 2141      625C6763 
 2141      635C6172 
 2142 0243 00       		.byte	0
 2143 0244 00       		.byte	0
 2144 0245 73746464 		.ascii	"stddef.h\000"
 2144      65662E68 
 2144      00
 2145 024e 09       		.uleb128 0x9
 2146 024f 00       		.uleb128 0
 2147 0250 00       		.uleb128 0
 2148 0251 5F646566 		.ascii	"_default_types.h\000"
 2148      61756C74 
 2148      5F747970 
 2148      65732E68 
 2148      00
 2149 0262 07       		.uleb128 0x7
 2150 0263 00       		.uleb128 0
 2151 0264 00       		.uleb128 0
 2152 0265 5F737464 		.ascii	"_stdint.h\000"
 2152      696E742E 
 2152      6800
 2153 026f 08       		.uleb128 0x8
 2154 0270 00       		.uleb128 0
 2155 0271 00       		.uleb128 0
 2156 0272 63687479 		.ascii	"chtypes.h\000"
 2156      7065732E 
 2156      6800
 2157 027c 02       		.uleb128 0x2
 2158 027d 00       		.uleb128 0
 2159 027e 00       		.uleb128 0
 2160 027f 63686561 		.ascii	"chearly.h\000"
 2160      726C792E 
 2160      6800
ARM GAS  C:\Users\acest\AppData\Local\Temp\ccbxR75b.s 			page 40


 2161 0289 06       		.uleb128 0x6
 2162 028a 00       		.uleb128 0
 2163 028b 00       		.uleb128 0
 2164 028c 63686F62 		.ascii	"chobjects.h\000"
 2164      6A656374 
 2164      732E6800 
 2165 0298 06       		.uleb128 0x6
 2166 0299 00       		.uleb128 0
 2167 029a 00       		.uleb128 0
 2168 029b 63687266 		.ascii	"chrfcu.h\000"
 2168      63752E68 
 2168      00
 2169 02a4 06       		.uleb128 0x6
 2170 02a5 00       		.uleb128 0
 2171 02a6 00       		.uleb128 0
 2172 02a7 63686465 		.ascii	"chdebug.h\000"
 2172      6275672E 
 2172      6800
 2173 02b1 06       		.uleb128 0x6
 2174 02b2 00       		.uleb128 0
 2175 02b3 00       		.uleb128 0
 2176 02b4 63687469 		.ascii	"chtime.h\000"
 2176      6D652E68 
 2176      00
 2177 02bd 06       		.uleb128 0x6
 2178 02be 00       		.uleb128 0
 2179 02bf 00       		.uleb128 0
 2180 02c0 63686C69 		.ascii	"chlists.h\000"
 2180      7374732E 
 2180      6800
 2181 02ca 06       		.uleb128 0x6
 2182 02cb 00       		.uleb128 0
 2183 02cc 00       		.uleb128 0
 2184 02cd 6368636F 		.ascii	"chcore.h\000"
 2184      72652E68 
 2184      00
 2185 02d6 03       		.uleb128 0x3
 2186 02d7 00       		.uleb128 0
 2187 02d8 00       		.uleb128 0
 2188 02d9 63687365 		.ascii	"chsem.h\000"
 2188      6D2E6800 
 2189 02e1 06       		.uleb128 0x6
 2190 02e2 00       		.uleb128 0
 2191 02e3 00       		.uleb128 0
 2192 02e4 63686D74 		.ascii	"chmtx.h\000"
 2192      782E6800 
 2193 02ec 06       		.uleb128 0x6
 2194 02ed 00       		.uleb128 0
 2195 02ee 00       		.uleb128 0
 2196 02ef 63686576 		.ascii	"chevents.h\000"
 2196      656E7473 
 2196      2E6800
 2197 02fa 06       		.uleb128 0x6
 2198 02fb 00       		.uleb128 0
 2199 02fc 00       		.uleb128 0
 2200 02fd 68616C5F 		.ascii	"hal_queues.h\000"
 2200      71756575 
ARM GAS  C:\Users\acest\AppData\Local\Temp\ccbxR75b.s 			page 41


 2200      65732E68 
 2200      00
 2201 030a 04       		.uleb128 0x4
 2202 030b 00       		.uleb128 0
 2203 030c 00       		.uleb128 0
 2204 030d 68616C5F 		.ascii	"hal_buffered_serial.h\000"
 2204      62756666 
 2204      65726564 
 2204      5F736572 
 2204      69616C2E 
 2205 0323 04       		.uleb128 0x4
 2206 0324 00       		.uleb128 0
 2207 0325 00       		.uleb128 0
 2208 0326 68616C5F 		.ascii	"hal_buffered_serial.c\000"
 2208      62756666 
 2208      65726564 
 2208      5F736572 
 2208      69616C2E 
 2209 033c 01       		.uleb128 0x1
 2210 033d 00       		.uleb128 0
 2211 033e 00       		.uleb128 0
 2212 033f 6F73616C 		.ascii	"osal.h\000"
 2212      2E6800
 2213 0346 05       		.uleb128 0x5
 2214 0347 00       		.uleb128 0
 2215 0348 00       		.uleb128 0
 2216 0349 00       		.byte	0
 2217              	.LELTP0:
 2218              	.LELT0:
 2219              		.section	.gnu.debuglto_.debug_str,"eMS",%progbits,1
 2220              	.LASF109:
 2221 0000 72656164 		.ascii	"ready_list_t\000"
 2221      795F6C69 
 2221      73745F74 
 2221      00
 2222              	.LASF51:
 2223 000d 72666375 		.ascii	"rfcu\000"
 2223      00
 2224              	.LASF4:
 2225 0012 73697A65 		.ascii	"size_t\000"
 2225      5F7400
 2226              	.LASF75:
 2227 0019 64656C74 		.ascii	"delta\000"
 2227      6100
 2228              	.LASF97:
 2229 001f 7264796D 		.ascii	"rdymsg\000"
 2229      736700
 2230              	.LASF18:
 2231 0026 75696E74 		.ascii	"uint64_t\000"
 2231      36345F74 
 2231      00
 2232              	.LASF5:
 2233 002f 5F5F7569 		.ascii	"__uint8_t\000"
 2233      6E74385F 
 2233      7400
 2234              	.LASF69:
 2235 0039 70726576 		.ascii	"prev\000"
ARM GAS  C:\Users\acest\AppData\Local\Temp\ccbxR75b.s 			page 42


 2235      00
 2236              	.LASF79:
 2237 003e 706F7274 		.ascii	"port_intctx\000"
 2237      5F696E74 
 2237      63747800 
 2238              	.LASF61:
 2239 004a 73797374 		.ascii	"system_debug_t\000"
 2239      656D5F64 
 2239      65627567 
 2239      5F7400
 2240              	.LASF142:
 2241 0059 42756666 		.ascii	"BufferedSerial\000"
 2241      65726564 
 2241      53657269 
 2241      616C00
 2242              	.LASF50:
 2243 0068 636F7265 		.ascii	"core_id\000"
 2243      5F696400 
 2244              	.LASF70:
 2245 0070 63685F70 		.ascii	"ch_priority_queue_t\000"
 2245      72696F72 
 2245      6974795F 
 2245      71756575 
 2245      655F7400 
 2246              	.LASF14:
 2247 0084 6C6F6E67 		.ascii	"long long unsigned int\000"
 2247      206C6F6E 
 2247      6720756E 
 2247      7369676E 
 2247      65642069 
 2248              	.LASF98:
 2249 009b 65786974 		.ascii	"exitcode\000"
 2249      636F6465 
 2249      00
 2250              	.LASF53:
 2251 00a4 6D61696E 		.ascii	"mainthread\000"
 2251      74687265 
 2251      616400
 2252              	.LASF101:
 2253 00af 73656E74 		.ascii	"sentmsg\000"
 2253      6D736700 
 2254              	.LASF88:
 2255 00b7 76697274 		.ascii	"virtual_timers_list_t\000"
 2255      75616C5F 
 2255      74696D65 
 2255      72735F6C 
 2255      6973745F 
 2256              	.LASF125:
 2257 00cd 696F5F71 		.ascii	"io_queue_t\000"
 2257      75657565 
 2257      5F7400
 2258              	.LASF66:
 2259 00d8 6E657874 		.ascii	"next\000"
 2259      00
 2260              	.LASF93:
 2261 00dd 63685F74 		.ascii	"ch_threads_queue\000"
 2261      68726561 
ARM GAS  C:\Users\acest\AppData\Local\Temp\ccbxR75b.s 			page 43


 2261      64735F71 
 2261      75657565 
 2261      00
 2262              	.LASF154:
 2263 00ee 72656164 		.ascii	"readt\000"
 2263      7400
 2264              	.LASF37:
 2265 00f4 72656673 		.ascii	"refs\000"
 2265      00
 2266              	.LASF127:
 2267 00f9 715F7761 		.ascii	"q_waiting\000"
 2267      6974696E 
 2267      6700
 2268              	.LASF1:
 2269 0103 6C6F6E67 		.ascii	"long long int\000"
 2269      206C6F6E 
 2269      6720696E 
 2269      7400
 2270              	.LASF3:
 2271 0111 7369676E 		.ascii	"signed char\000"
 2271      65642063 
 2271      68617200 
 2272              	.LASF74:
 2273 011d 63685F64 		.ascii	"ch_delta_list\000"
 2273      656C7461 
 2273      5F6C6973 
 2273      7400
 2274              	.LASF48:
 2275 012b 76746C69 		.ascii	"vtlist\000"
 2275      737400
 2276              	.LASF39:
 2277 0132 6D736771 		.ascii	"msgqueue\000"
 2277      75657565 
 2277      00
 2278              	.LASF35:
 2279 013b 73746174 		.ascii	"state\000"
 2279      6500
 2280              	.LASF10:
 2281 0141 6C6F6E67 		.ascii	"long int\000"
 2281      20696E74 
 2281      00
 2282              	.LASF22:
 2283 014a 74737461 		.ascii	"tstate_t\000"
 2283      74655F74 
 2283      00
 2284              	.LASF55:
 2285 0153 63685F72 		.ascii	"ch_rfcu\000"
 2285      66637500 
 2286              	.LASF68:
 2287 015b 63685F71 		.ascii	"ch_queue\000"
 2287      75657565 
 2287      00
 2288              	.LASF129:
 2289 0164 715F6275 		.ascii	"q_buffer\000"
 2289      66666572 
 2289      00
 2290              	.LASF131:
ARM GAS  C:\Users\acest\AppData\Local\Temp\ccbxR75b.s 			page 44


 2291 016d 715F7772 		.ascii	"q_wrptr\000"
 2291      70747200 
 2292              	.LASF73:
 2293 0175 63685F64 		.ascii	"ch_delta_list_t\000"
 2293      656C7461 
 2293      5F6C6973 
 2293      745F7400 
 2294              	.LASF89:
 2295 0185 63685F72 		.ascii	"ch_registry\000"
 2295      65676973 
 2295      74727900 
 2296              	.LASF121:
 2297 0191 77666C61 		.ascii	"wflags\000"
 2297      677300
 2298              	.LASF158:
 2299 0198 433A5C55 		.ascii	"C:\\Users\\acest\\Desktop\\R.A.C.E\\race_project\000"
 2299      73657273 
 2299      5C616365 
 2299      73745C44 
 2299      65736B74 
 2300              	.LASF11:
 2301 01c4 5F5F7569 		.ascii	"__uint32_t\000"
 2301      6E743332 
 2301      5F7400
 2302              	.LASF56:
 2303 01cf 6D61736B 		.ascii	"mask\000"
 2303      00
 2304              	.LASF38:
 2305 01d4 77616974 		.ascii	"waiting\000"
 2305      696E6700 
 2306              	.LASF111:
 2307 01dc 6D61696E 		.ascii	"mainthread_base\000"
 2307      74687265 
 2307      61645F62 
 2307      61736500 
 2308              	.LASF116:
 2309 01ec 6D757465 		.ascii	"mutex_t\000"
 2309      785F7400 
 2310              	.LASF126:
 2311 01f4 696F5F71 		.ascii	"io_queue\000"
 2311      75657565 
 2311      00
 2312              	.LASF123:
 2313 01fd 6576656E 		.ascii	"event_source_t\000"
 2313      745F736F 
 2313      75726365 
 2313      5F7400
 2314              	.LASF63:
 2315 020c 73797369 		.ascii	"sysinterval_t\000"
 2315      6E746572 
 2315      76616C5F 
 2315      7400
 2316              	.LASF28:
 2317 021a 636E745F 		.ascii	"cnt_t\000"
 2317      7400
 2318              	.LASF0:
 2319 0220 756E7369 		.ascii	"unsigned int\000"
ARM GAS  C:\Users\acest\AppData\Local\Temp\ccbxR75b.s 			page 45


 2319      676E6564 
 2319      20696E74 
 2319      00
 2320              	.LASF77:
 2321 022d 6C725F74 		.ascii	"lr_thd\000"
 2321      686400
 2322              	.LASF102:
 2323 0234 77747365 		.ascii	"wtsemp\000"
 2323      6D7000
 2324              	.LASF145:
 2325 023b 69717565 		.ascii	"iqueue\000"
 2325      756500
 2326              	.LASF100:
 2327 0242 77747472 		.ascii	"wttrp\000"
 2327      7000
 2328              	.LASF31:
 2329 0248 72717565 		.ascii	"rqueue\000"
 2329      756500
 2330              	.LASF67:
 2331 024f 63685F71 		.ascii	"ch_queue_t\000"
 2331      75657565 
 2331      5F7400
 2332              	.LASF141:
 2333 025a 62737374 		.ascii	"bsstate_t\000"
 2333      6174655F 
 2333      7400
 2334              	.LASF152:
 2335 0264 67657474 		.ascii	"gett\000"
 2335      00
 2336              	.LASF33:
 2337 0269 6E616D65 		.ascii	"name\000"
 2337      00
 2338              	.LASF156:
 2339 026e 474E5520 		.ascii	"GNU C17 10.3.1 20210824 (release) -mcpu=cortex-m4 -"
 2339      43313720 
 2339      31302E33 
 2339      2E312032 
 2339      30323130 
 2340 02a1 6D746875 		.ascii	"mthumb -mfloat-abi=soft -march=armv7e-m -ggdb -O2 -"
 2340      6D62202D 
 2340      6D666C6F 
 2340      61742D61 
 2340      62693D73 
 2341 02d4 666F6D69 		.ascii	"fomit-frame-pointer -falign-functions=16 -ffunction"
 2341      742D6672 
 2341      616D652D 
 2341      706F696E 
 2341      74657220 
 2342 0307 2D736563 		.ascii	"-sections -fdata-sections -fno-common -flto\000"
 2342      74696F6E 
 2342      73202D66 
 2342      64617461 
 2342      2D736563 
 2343              	.LASF90:
 2344 0333 71756575 		.ascii	"queue\000"
 2344      6500
 2345              	.LASF43:
ARM GAS  C:\Users\acest\AppData\Local\Temp\ccbxR75b.s 			page 46


 2346 0339 6D706F6F 		.ascii	"mpool\000"
 2346      6C00
 2347              	.LASF144:
 2348 033f 6576656E 		.ascii	"event\000"
 2348      7400
 2349              	.LASF80:
 2350 0345 62617365 		.ascii	"basepri\000"
 2350      70726900 
 2351              	.LASF64:
 2352 034d 63685F6C 		.ascii	"ch_list_t\000"
 2352      6973745F 
 2352      7400
 2353              	.LASF45:
 2354 0357 63685F74 		.ascii	"ch_thread\000"
 2354      68726561 
 2354      6400
 2355              	.LASF27:
 2356 0361 6576656E 		.ascii	"eventflags_t\000"
 2356      74666C61 
 2356      67735F74 
 2356      00
 2357              	.LASF140:
 2358 036e 42535F52 		.ascii	"BS_READY\000"
 2358      45414459 
 2358      00
 2359              	.LASF40:
 2360 0377 6570656E 		.ascii	"epending\000"
 2360      64696E67 
 2360      00
 2361              	.LASF81:
 2362 0380 6C725F65 		.ascii	"lr_exc\000"
 2362      786300
 2363              	.LASF153:
 2364 0387 77726974 		.ascii	"writet\000"
 2364      657400
 2365              	.LASF21:
 2366 038e 746D6F64 		.ascii	"tmode_t\000"
 2366      655F7400 
 2367              	.LASF65:
 2368 0396 63685F6C 		.ascii	"ch_list\000"
 2368      69737400 
 2369              	.LASF107:
 2370 039e 63685F72 		.ascii	"ch_ready_list\000"
 2370      65616479 
 2370      5F6C6973 
 2370      7400
 2371              	.LASF26:
 2372 03ac 6576656E 		.ascii	"eventmask_t\000"
 2372      746D6173 
 2372      6B5F7400 
 2373              	.LASF135:
 2374 03b8 716E6F74 		.ascii	"qnotify_t\000"
 2374      6966795F 
 2374      7400
 2375              	.LASF20:
 2376 03c2 73746B61 		.ascii	"stkalign_t\000"
 2376      6C69676E 
ARM GAS  C:\Users\acest\AppData\Local\Temp\ccbxR75b.s 			page 47


 2376      5F7400
 2377              	.LASF113:
 2378 03cd 69646C65 		.ascii	"idlethread_base\000"
 2378      74687265 
 2378      61645F62 
 2378      61736500 
 2379              	.LASF87:
 2380 03dd 6C617374 		.ascii	"laststamp\000"
 2380      7374616D 
 2380      7000
 2381              	.LASF149:
 2382 03e7 77726974 		.ascii	"write\000"
 2382      6500
 2383              	.LASF136:
 2384 03ed 696E7075 		.ascii	"input_queue_t\000"
 2384      745F7175 
 2384      6575655F 
 2384      7400
 2385              	.LASF151:
 2386 03fb 70757474 		.ascii	"putt\000"
 2386      00
 2387              	.LASF54:
 2388 0400 72666375 		.ascii	"rfcu_mask_t\000"
 2388      5F6D6173 
 2388      6B5F7400 
 2389              	.LASF92:
 2390 040c 74687265 		.ascii	"thread_reference_t\000"
 2390      61645F72 
 2390      65666572 
 2390      656E6365 
 2390      5F7400
 2391              	.LASF119:
 2392 041f 6C697374 		.ascii	"listener\000"
 2392      656E6572 
 2392      00
 2393              	.LASF84:
 2394 0428 63685F76 		.ascii	"ch_virtual_timers_list\000"
 2394      69727475 
 2394      616C5F74 
 2394      696D6572 
 2394      735F6C69 
 2395              	.LASF128:
 2396 043f 715F636F 		.ascii	"q_counter\000"
 2396      756E7465 
 2396      7200
 2397              	.LASF2:
 2398 0449 6C6F6E67 		.ascii	"long double\000"
 2398      20646F75 
 2398      626C6500 
 2399              	.LASF147:
 2400 0455 42756666 		.ascii	"BufferedSerialVMT\000"
 2400      65726564 
 2400      53657269 
 2400      616C564D 
 2400      5400
 2401              	.LASF138:
 2402 0467 42535F55 		.ascii	"BS_UNINIT\000"
ARM GAS  C:\Users\acest\AppData\Local\Temp\ccbxR75b.s 			page 48


 2402      4E494E49 
 2402      5400
 2403              	.LASF110:
 2404 0471 63685F6F 		.ascii	"ch_os_instance_config\000"
 2404      735F696E 
 2404      7374616E 
 2404      63655F63 
 2404      6F6E6669 
 2405              	.LASF82:
 2406 0487 706F7274 		.ascii	"port_context\000"
 2406      5F636F6E 
 2406      74657874 
 2406      00
 2407              	.LASF76:
 2408 0494 706F7274 		.ascii	"port_extctx\000"
 2408      5F657874 
 2408      63747800 
 2409              	.LASF72:
 2410 04a0 7072696F 		.ascii	"prio\000"
 2410      00
 2411              	.LASF108:
 2412 04a5 63757272 		.ascii	"current\000"
 2412      656E7400 
 2413              	.LASF13:
 2414 04ad 5F5F7569 		.ascii	"__uint64_t\000"
 2414      6E743634 
 2414      5F7400
 2415              	.LASF29:
 2416 04b8 636F7265 		.ascii	"core_id_t\000"
 2416      5F69645F 
 2416      7400
 2417              	.LASF23:
 2418 04c2 74726566 		.ascii	"trefs_t\000"
 2418      735F7400 
 2419              	.LASF25:
 2420 04ca 6D73675F 		.ascii	"msg_t\000"
 2420      7400
 2421              	.LASF24:
 2422 04d0 74707269 		.ascii	"tprio_t\000"
 2422      6F5F7400 
 2423              	.LASF132:
 2424 04d8 715F7264 		.ascii	"q_rdptr\000"
 2424      70747200 
 2425              	.LASF58:
 2426 04e0 63685F73 		.ascii	"ch_system_debug\000"
 2426      79737465 
 2426      6D5F6465 
 2426      62756700 
 2427              	.LASF124:
 2428 04f0 5F426F6F 		.ascii	"_Bool\000"
 2428      6C00
 2429              	.LASF16:
 2430 04f6 696E7433 		.ascii	"int32_t\000"
 2430      325F7400 
 2431              	.LASF6:
 2432 04fe 756E7369 		.ascii	"unsigned char\000"
 2432      676E6564 
ARM GAS  C:\Users\acest\AppData\Local\Temp\ccbxR75b.s 			page 49


 2432      20636861 
 2432      7200
 2433              	.LASF57:
 2434 050c 72666375 		.ascii	"rfcu_t\000"
 2434      5F7400
 2435              	.LASF114:
 2436 0513 69646C65 		.ascii	"idlethread_end\000"
 2436      74687265 
 2436      61645F65 
 2436      6E6400
 2437              	.LASF7:
 2438 0522 73686F72 		.ascii	"short int\000"
 2438      7420696E 
 2438      7400
 2439              	.LASF86:
 2440 052c 6C617374 		.ascii	"lasttime\000"
 2440      74696D65 
 2440      00
 2441              	.LASF78:
 2442 0535 78707372 		.ascii	"xpsr\000"
 2442      00
 2443              	.LASF104:
 2444 053a 65776D61 		.ascii	"ewmask\000"
 2444      736B00
 2445              	.LASF146:
 2446 0541 6F717565 		.ascii	"oqueue\000"
 2446      756500
 2447              	.LASF143:
 2448 0548 68616C5F 		.ascii	"hal_buffered_serial\000"
 2448      62756666 
 2448      65726564 
 2448      5F736572 
 2448      69616C00 
 2449              	.LASF155:
 2450 055c 5F5F6675 		.ascii	"__func__\000"
 2450      6E635F5F 
 2450      00
 2451              	.LASF94:
 2452 0565 74687265 		.ascii	"threads_queue_t\000"
 2452      6164735F 
 2452      71756575 
 2452      655F7400 
 2453              	.LASF105:
 2454 0575 63685F73 		.ascii	"ch_semaphore\000"
 2454      656D6170 
 2454      686F7265 
 2454      00
 2455              	.LASF157:
 2456 0582 2E2E2F2E 		.ascii	"../../../../../ChibiStudio/chibios2111/os/hal/src/h"
 2456      2E2F2E2E 
 2456      2F2E2E2F 
 2456      2E2E2F43 
 2456      68696269 
 2457 05b5 616C5F62 		.ascii	"al_buffered_serial.c\000"
 2457      75666665 
 2457      7265645F 
 2457      73657269 
ARM GAS  C:\Users\acest\AppData\Local\Temp\ccbxR75b.s 			page 50


 2457      616C2E63 
 2458              	.LASF91:
 2459 05ca 72656769 		.ascii	"registry_t\000"
 2459      73747279 
 2459      5F7400
 2460              	.LASF120:
 2461 05d5 6576656E 		.ascii	"events\000"
 2461      747300
 2462              	.LASF17:
 2463 05dc 75696E74 		.ascii	"uint32_t\000"
 2463      33325F74 
 2463      00
 2464              	.LASF103:
 2465 05e5 77746D74 		.ascii	"wtmtxp\000"
 2465      787000
 2466              	.LASF161:
 2467 05ec 6F73616C 		.ascii	"osalEventBroadcastFlagsI\000"
 2467      4576656E 
 2467      7442726F 
 2467      61646361 
 2467      7374466C 
 2468              	.LASF19:
 2469 0605 706F7274 		.ascii	"port_stkalign_t\000"
 2469      5F73746B 
 2469      616C6967 
 2469      6E5F7400 
 2470              	.LASF32:
 2471 0615 6F776E65 		.ascii	"owner\000"
 2471      7200
 2472              	.LASF83:
 2473 061b 72656773 		.ascii	"regs\000"
 2473      00
 2474              	.LASF42:
 2475 0620 7265616C 		.ascii	"realprio\000"
 2475      7072696F 
 2475      00
 2476              	.LASF12:
 2477 0629 6C6F6E67 		.ascii	"long unsigned int\000"
 2477      20756E73 
 2477      69676E65 
 2477      6420696E 
 2477      7400
 2478              	.LASF34:
 2479 063b 77616261 		.ascii	"wabase\000"
 2479      736500
 2480              	.LASF150:
 2481 0642 72656164 		.ascii	"read\000"
 2481      00
 2482              	.LASF60:
 2483 0647 63686172 		.ascii	"char\000"
 2483      00
 2484              	.LASF52:
 2485 064c 636F6E66 		.ascii	"config\000"
 2485      696700
 2486              	.LASF30:
 2487 0653 74687265 		.ascii	"thread_t\000"
 2487      61645F74 
ARM GAS  C:\Users\acest\AppData\Local\Temp\ccbxR75b.s 			page 51


 2487      00
 2488              	.LASF85:
 2489 065c 646C6973 		.ascii	"dlist\000"
 2489      7400
 2490              	.LASF62:
 2491 0662 73797374 		.ascii	"systime_t\000"
 2491      696D655F 
 2491      7400
 2492              	.LASF9:
 2493 066c 5F5F696E 		.ascii	"__int32_t\000"
 2493      7433325F 
 2493      7400
 2494              	.LASF59:
 2495 0676 70616E69 		.ascii	"panic_msg\000"
 2495      635F6D73 
 2495      6700
 2496              	.LASF96:
 2497 0680 70717565 		.ascii	"pqueue\000"
 2497      756500
 2498              	.LASF46:
 2499 0687 63685F6F 		.ascii	"ch_os_instance\000"
 2499      735F696E 
 2499      7374616E 
 2499      636500
 2500              	.LASF44:
 2501 0696 6F735F69 		.ascii	"os_instance_t\000"
 2501      6E737461 
 2501      6E63655F 
 2501      7400
 2502              	.LASF117:
 2503 06a4 6576656E 		.ascii	"event_listener_t\000"
 2503      745F6C69 
 2503      7374656E 
 2503      65725F74 
 2503      00
 2504              	.LASF49:
 2505 06b5 7265676C 		.ascii	"reglist\000"
 2505      69737400 
 2506              	.LASF8:
 2507 06bd 73686F72 		.ascii	"short unsigned int\000"
 2507      7420756E 
 2507      7369676E 
 2507      65642069 
 2507      6E7400
 2508              	.LASF71:
 2509 06d0 63685F70 		.ascii	"ch_priority_queue\000"
 2509      72696F72 
 2509      6974795F 
 2509      71756575 
 2509      6500
 2510              	.LASF112:
 2511 06e2 6D61696E 		.ascii	"mainthread_end\000"
 2511      74687265 
 2511      61645F65 
 2511      6E6400
 2512              	.LASF137:
 2513 06f1 6F757470 		.ascii	"output_queue_t\000"
ARM GAS  C:\Users\acest\AppData\Local\Temp\ccbxR75b.s 			page 52


 2513      75745F71 
 2513      75657565 
 2513      5F7400
 2514              	.LASF115:
 2515 0700 6F735F69 		.ascii	"os_instance_config_t\000"
 2515      6E737461 
 2515      6E63655F 
 2515      636F6E66 
 2515      69675F74 
 2516              	.LASF130:
 2517 0715 715F746F 		.ascii	"q_top\000"
 2517      7000
 2518              	.LASF106:
 2519 071b 63685F6D 		.ascii	"ch_mutex\000"
 2519      75746578 
 2519      00
 2520              	.LASF133:
 2521 0724 715F6E6F 		.ascii	"q_notify\000"
 2521      74696679 
 2521      00
 2522              	.LASF47:
 2523 072d 726C6973 		.ascii	"rlist\000"
 2523      7400
 2524              	.LASF122:
 2525 0733 6576656E 		.ascii	"event_source\000"
 2525      745F736F 
 2525      75726365 
 2525      00
 2526              	.LASF15:
 2527 0740 75696E74 		.ascii	"uint8_t\000"
 2527      385F7400 
 2528              	.LASF139:
 2529 0748 42535F53 		.ascii	"BS_STOP\000"
 2529      544F5000 
 2530              	.LASF36:
 2531 0750 666C6167 		.ascii	"flags\000"
 2531      7300
 2532              	.LASF99:
 2533 0756 77746F62 		.ascii	"wtobjp\000"
 2533      6A7000
 2534              	.LASF148:
 2535 075d 696E7374 		.ascii	"instance_offset\000"
 2535      616E6365 
 2535      5F6F6666 
 2535      73657400 
 2536              	.LASF95:
 2537 076d 6C697374 		.ascii	"list\000"
 2537      00
 2538              	.LASF159:
 2539 0772 62735265 		.ascii	"bsRequestDataI\000"
 2539      71756573 
 2539      74446174 
 2539      614900
 2540              	.LASF134:
 2541 0781 715F6C69 		.ascii	"q_link\000"
 2541      6E6B00
 2542              	.LASF41:
ARM GAS  C:\Users\acest\AppData\Local\Temp\ccbxR75b.s 			page 53


 2543 0788 6D74786C 		.ascii	"mtxlist\000"
 2543      69737400 
 2544              	.LASF160:
 2545 0790 6273496E 		.ascii	"bsIncomingDataI\000"
 2545      636F6D69 
 2545      6E674461 
 2545      74614900 
 2546              	.LASF118:
 2547 07a0 6576656E 		.ascii	"event_listener\000"
 2547      745F6C69 
 2547      7374656E 
 2547      657200
 2548              		.text
 2549              		.section	.gnu.lto_.profile.b3bfd481,"e",%progbits
 2550 0000 789C6362 		.ascii	"x\234cb\000\001\000\000\022\000\003"
 2550      00010000 
 2550      120003
 2551              		.text
 2552              		.section	.gnu.lto_.icf.b3bfd481,"e",%progbits
 2553 0000 789CE363 		.ascii	"x\234\343c@\000&\206\325K\336511\336Y\374\3548'\003"
 2553      40002686 
 2553      D54BDE35 
 2553      3131DE59 
 2553      FCEC3827 
 2554 0015 002CFD06 		.ascii	"\000,\375\006\010"
 2554      08
 2555              		.text
 2556              		.section	.gnu.lto_.ipa_sra.b3bfd481,"e",%progbits
 2557 0000 789C7362 		.ascii	"x\234sb@\000& \204\000FF&F\030\023\314b\004\021\010"
 2557      40002620 
 2557      84004646 
 2557      26461813 
 2557      CC620411 
 2558 0015 31309791 		.ascii	"10\227\221\031M\200\201\001\000\030\270\000b"
 2558      194D8081 
 2558      010018B8 
 2558      0062
 2559              		.text
 2560              		.section	.gnu.lto_.inline.b3bfd481,"e",%progbits
 2561 0000 789CDBC2 		.ascii	"x\234\333\302\200\000L\014\014B\037\177\255\330\300"
 2561      80004C0C 
 2561      0C421F7F 
 2561      ADD8C0
 2562 000f 9CCEC8CC 		.ascii	"\234\316\310\314P\260\204\231a\022\363\022fFF\006\346"
 2562      50B08499 
 2562      6112F312 
 2562      66464606 
 2562      E6
 2563 0020 058C0C0C 		.ascii	"\005\214\014\014\214@&\234\005T\311\300\302\322\000"
 2563      8C40269C 
 2563      0554C9C0 
 2563      C2D200
 2564 002f 044C290C 		.ascii	"\004L)\014\014l\020\006\023\320\000F03\211\211\201\203"
 2564      0C6C1006 
 2564      13D00046 
 2564      30338989 
 2564      8183
ARM GAS  C:\Users\acest\AppData\Local\Temp\ccbxR75b.s 			page 54


 2565 0041 898115C8 		.ascii	"\211\201\025\310<\000\224\347\000*f\346\001\231?\301"
 2565      3C0094E7 
 2565      002A66E6 
 2565      01993FC1 
 2566 0051 8F818517 		.ascii	"\217\201\205\027\302\230\340\007\022b\001\21312p_\376"
 2566      C298E007 
 2566      1262018B 
 2566      3132705F 
 2566      FE
 2567 0062 F06B0353 		.ascii	"\360k\003S:\320.\250\341L\330\014G2\006\314`\0042\000"
 2567      3AD02EA8 
 2567      E14CD80C 
 2567      473206CC 
 2567      60043200 
 2568 0076 3D902264 		.ascii	"=\220\"d"
 2569              		.text
 2570              		.section	.gnu.lto_.jmpfuncs.b3bfd481,"e",%progbits
 2571 0000 789C758E 		.ascii	"x\234u\216\313\015\302@\014D\375lG\362\215\224@iTB\266"
 2571      CB0DC240 
 2571      0C44FD6C 
 2571      47F28D94 
 2571      40695442 
 2572 0015 86D4B025 		.ascii	"\206\324\260%\204;Uq\205]\023)\240$#Y\226\346g\277d"
 2572      843B5571 
 2572      855D1329 
 2572      A0242359 
 2572      96E667BF 
 2573 002a 838A824D 		.ascii	"\203\212\202M\325\224j\346qm\034OG\332\274\033.\350"
 2573      D5946AE6 
 2573      716D1C4F 
 2573      47DABC1B 
 2573      2EE8
 2574 003c 6CD51CBE 		.ascii	"l\325\034\276+\271\244\006\312\230\3262v\277x\334\366"
 2574      2BB9A406 
 2574      CA98D632 
 2574      76BF78DC 
 2574      F6
 2575 004d 591678E0 		.ascii	"Y\026x\340w~\024\244\237\341\330\272V{\252\236\3054"
 2575      777E14A4 
 2575      9FE1D8BA 
 2575      567BAA9E 
 2575      C534
 2576 005f F4070F9F 		.ascii	"\364\007\017\237\373KE\252\221)\215bgG\344\003\350\342"
 2576      FB4B45AA 
 2576      91298D62 
 2576      6747E403 
 2576      E8E2
 2577 0071 3A70     		.ascii	":p"
 2578              		.text
 2579              		.section	.gnu.lto_.pureconst.b3bfd481,"e",%progbits
 2580 0000 789C6367 		.ascii	"x\234cg```b\230\305\3028\203\005\000\004\257\001E"
 2580      60606062 
 2580      98C5C238 
 2580      83050004 
 2580      AF0145
 2581              		.text
 2582              		.section	.gnu.lto_.lto.b3bfd481,"e",%progbits
ARM GAS  C:\Users\acest\AppData\Local\Temp\ccbxR75b.s 			page 55


 2583 0000 09000400 		.ascii	"\011\000\004\000\001\000\000\000"
 2583      01000000 
 2584              		.text
 2585              		.section	.gnu.lto_bsIncomingDataI.402.b3bfd481,"e",%progbits
 2586 0000 789C8553 		.ascii	"x\234\205SohSW\024\277\277w\337{I\272\332UE\024\277"
 2586      6F685357 
 2586      14BFBF77 
 2586      DF7B49BA 
 2586      DA554514 
 2587 0015 AC4CC6E6 		.ascii	"\254L\306\346\230I\253\226\2110\330\250\023\277\272"
 2587      9849AB96 
 2587      8930D8A8 
 2587      13BFBA
 2588 0024 3FDF1E94 		.ascii	"?\337\036\2244M\327\270bJ^\034~(xM\3339\332A\232Z\335"
 2588      344DD7B8 
 2588      624A5E1C 
 2588      7E28784D 
 2588      DB39DA41 
 2589 003b 60B5B02C 		.ascii	"`\265\260,\214\372e\243\340\237nZ\033[m\265\212S7Q\021"
 2589      8CFA65A3 
 2589      E09F6E5A 
 2589      1B5B6DB5 
 2589      8A533751 
 2590 0050 410BAEFE 		.ascii	"A\013\256\376\201\221)H\321v\356\334{\2334S\351B\336"
 2590      81912948 
 2590      D176EEDC 
 2590      7B9B3453 
 2590      E942DE
 2591 0063 BDE79CF7 		.ascii	"\275\347\234\367;\277s\316\357\336w\305d\354&c\354\013"
 2591      3BBF73CE 
 2591      EFDE77C5 
 2591      64EC2663 
 2591      EC0B
 2592 0075 7AE061E8 		.ascii	"z\340a\350Nu\030L\010\361\276\3070ZS\235\006\216\241"
 2592      4E75184C 
 2592      08F1BEC7 
 2592      305A539D 
 2592      068EA1
 2593 0088 E3A7E432 		.ascii	"\343\247\3442\263-U\366\370R\356m\223\243'5\361\303"
 2593      B32D55F6 
 2593      F852EE6D 
 2593      93A32735 
 2593      F1C3
 2594 009a F5ECF42A 		.ascii	"\365\354\364*\234\201\302\231F\273\306\375\375\244\277"
 2594      9C81C299 
 2594      46BBC6FD 
 2594      FDA4BF
 2595 00a9 DCFC3255 		.ascii	"\334\3742U\226l\277\0320-\354Ou\370pJcl\354NM<\352<"
 2595      966CBF1A 
 2595      302DEC4F 
 2595      75F8704A 
 2595      636CEC4E 
 2596 00c1 BF98602A 		.ascii	"\277\230`*\000\266\313\340\246ec\027\366\362\325\024"
 2596      00B6CBE0 
 2596      A6656317 
 2596      F6F2D514 
 2597 00d1 9ABEF3CD 		.ascii	"\232\276\363\315Li\373\212\014g\254\217\036\365\353"
ARM GAS  C:\Users\acest\AppData\Local\Temp\ccbxR75b.s 			page 56


 2597      4C69FB8A 
 2597      0C67AC8F 
 2597      1EF5EB
 2598 00e0 E5E8E619 		.ascii	"\345\350\346\031\016\230s\226\201\012\262\370N\366f"
 2598      0E987396 
 2598      810AB2F8 
 2598      4EF666
 2599 00ef 56888B17 		.ascii	"V\210\213\027\006\205\360\261\014\3478\012\312\301\021"
 2599      0685F0B1 
 2599      0CE7380A 
 2599      CAC111
 2600 00fe E030980C 		.ascii	"\3400\230\014\264<\\.q\275\320\300\007\207\204\340\024"
 2600      B43C5C2E 
 2600      71BDD0C0 
 2600      078784E0 
 2600      14
 2601 010f 37F18B02 		.ascii	"7\361\213\002\256C\245\204\231-\377,g\314\236+hP\206"
 2601      AE43A584 
 2601      992DFF2C 
 2601      67CC9E2B 
 2601      685086
 2602 0122 B281E390 		.ascii	"\262\201\343\220\245y\237\332$\303tO\347\314\320\372"
 2602      A5799FDA 
 2602      24C3744F 
 2602      E7CCD0FA 
 2603 0132 F156B125 		.ascii	"\361V\261%\303-\014A\202t5\234\000\205Z\016\255 \344"
 2603      C32D0C41 
 2603      8274359C 
 2603      00855A0E 
 2603      AD20E4
 2604 0145 1B1279E2 		.ascii	"\033\022y\342\366\324\206l[E\036\307\346qz ~\255\230"
 2604      F6D4866C 
 2604      5B451EC7 
 2604      E6717A20 
 2604      7EAD98
 2605 0158 7576E82D 		.ascii	"uv\350-\315j#[\314z\222X\355\226\223/\262j\034\233\307"
 2605      CD6A235B 
 2605      CC7A9258 
 2605      ED96932F 
 2605      B26A1C9B 
 2606 016d 69569B14 		.ascii	"iV\233\024\034\034\337\212\021`\230\302\307$\227\234"
 2606      1C1CDF8A 
 2606      116098C2 
 2606      C724979C 
 2607 017d 0CA3F969 		.ascii	"\014\243\371i$Mn\346\353=\242|\201\346$\250\253WP%\266"
 2607      244D6EE6 
 2607      EB3DA27C 
 2607      81E624A8 
 2607      AB575025 
 2608 0192 70A9D35B 		.ascii	"p\251\323[1\006\234\376O\251qUJ\242~\276le\305\314\263"
 2608      31069CFE 
 2608      4FA97155 
 2608      4AA27EBE 
 2608      6C65C5CC 
 2609 01a7 A4105353 		.ascii	"\244\020SS\370s`s\231It\036\213\026\313\246\305\353"
 2609      F8736073 
 2609      9949741E 
ARM GAS  C:\Users\acest\AppData\Local\Temp\ccbxR75b.s 			page 57


 2609      8B16CBA6 
 2609      C5EB
 2610 01b9 A1C5E795 		.ascii	"\241\305\347\225\256\017\030D\011\360+\245%\271\274"
 2610      AE0F1844 
 2610      09F02BA5 
 2610      25B9BC
 2611 01c8 77C284C8 		.ascii	"w\302\204\3102\326\305\015\355\264\222s\037brv\010j"
 2611      32D6C50D 
 2611      EDB49273 
 2611      1F627276 
 2611      086A
 2612 01da 7FB6486E 		.ascii	"\177\266Hn\257\027\226\311n\233\375\205\221\343\367"
 2612      AF1796C9 
 2612      6E9BFD85 
 2612      91E3F7
 2613 01e9 789AE7AF 		.ascii	"x\232\347\257\011W\023\377(o\2327\303K\322\334\207\263"
 2613      095713FF 
 2613      286F9A37 
 2613      C34BD2DC 
 2613      87B3
 2614 01fb 2A54A923 		.ascii	"*T\251#\257`\002\007\344\231W~\257\374R\234#_v~\017"
 2614      AF600207 
 2614      E499577E 
 2614      AFFC529C 
 2614      235F767E 
 2615 0210 6D774757 		.ascii	"mwGW\022\223\244)\205\276\206]\234_\314=\351G\241\227"
 2615      1293A429 
 2615      85BE865D 
 2615      9C5FCC3D 
 2615      E947A197 
 2616 0224 7D6306D5 		.ascii	"}c\006\325L\364t \315\255\005+-\302\005b6\030k\233\203"
 2616      4CF47420 
 2616      CDAD052B 
 2616      2DC20562 
 2616      36186B9B 
 2617 0239 58F80D92 		.ascii	"X\370\015\222$QA\352Q\2666\307T\333e0%\375\243\203\373"
 2617      245141EA 
 2617      51B636C7 
 2617      54DB6530 
 2617      25FDA383 
 2618 024e A79FDE5A 		.ascii	"\247\237\336ZBz\352\201\237~\013\372\324X\016\355\025"
 2618      427AEA81 
 2618      9F7E0BFA 
 2618      D4580EED 
 2618      15
 2619 025f 446364F8 		.ascii	"Dcd\370\253}\364!\320[J\307%\272(\345\252G\263\240\027"
 2619      AB7DF421 
 2619      D05B4AC7 
 2619      25BA28E5 
 2619      AA47B3A0 
 2620 0274 8833379B 		.ascii	"\21037\233\036\370\204\016G\236Q\276\206j>}T\323~G\276"
 2620      1EF8840E 
 2620      479E51BE 
 2620      866A3E7D 
 2620      54D37E47 
 2621 0289 9AE1BD34 		.ascii	"\232\341\2754\267\3633\364/{\271\\\277k\271\324\020"
 2621      B7F333F4 
ARM GAS  C:\Users\acest\AppData\Local\Temp\ccbxR75b.s 			page 58


 2621      2F7BB95C 
 2621      BF6BB9D4 
 2621      10
 2622 029a 77A9532F 		.ascii	"w\251S/\376 6\331Q\232{TO\213\3738!\210*\315K2|\211"
 2622      FE2036D9 
 2622      519A7B54 
 2622      4F8BFB38 
 2622      21882ACD 
 2623 02b2 14F28614 		.ascii	"\024\362\206\024\322#\007[Z\020\322\372\352\352xb^\310"
 2623      D223075B 
 2623      5A10D2FA 
 2623      EAEA7862 
 2623      5EC8
 2624 02c4 0345427A 		.ascii	"\003EBz\377G\310k\317\013y=?\331\260\314\326\346\310"
 2624      FF47C86B 
 2624      CF0B793D 
 2624      3FD9B0CC 
 2624      D6E6C8
 2625 02d7 9C90A2BC 		.ascii	"\234\220\242\274X\311\321\"%O\275\240\344\250T\322\213"
 2625      58C9D122 
 2625      254FBDA0 
 2625      E4A854D2 
 2625      8B
 2626 02e8 1B0525ED 		.ascii	"\033\005%\355\347\224\234\324J\016\347\353\215\314+"
 2626      E7949CD4 
 2626      4A0EE7EB 
 2626      8DCC2B
 2627 02f7 F910895B 		.ascii	"\371\020\211[\003\233\325pI\016\235\227\310J\367\235"
 2627      039BD570 
 2627      490E9D97 
 2627      C84AF79D 
 2628 0307 9A8DCEA7 		.ascii	"\232\215\316\247n8\346:\301P\330\215;\233\302\356\347"
 2628      6E38E63A 
 2628      C150D88D 
 2628      3B9BC2EE 
 2628      E7
 2629 0318 F168B3F3 		.ascii	"\361h\263\363\221\377\003\177\215\377C'F\341\332\346"
 2629      91FF037F 
 2629      8DFF4327 
 2629      46E1DAE6 
 2630 0328 58745B38 		.ascii	"Xt[8\024g[\374\376@\361\277\2461R\027\3718\276\243>"
 2630      14675BFC 
 2630      FE40F1BF 
 2630      A6315217 
 2630      F938BEA3 
 2631 033d 120D84A4 		.ascii	"\022\015\204\244\035u\327VUU\005\242n\2401\330\024p"
 2631      1D75D756 
 2631      555505A2 
 2631      6EA031D8 
 2631      1470
 2632 034f 6321B9D7 		.ascii	"c!\271\327\326\355hh\010\307\302\365\265T'\022l\362"
 2632      D6ED6868 
 2632      08C7C2F5 
 2632      B5542712 
 2632      6CF2
 2633 0361 8718AF73 		.ascii	"\207\030\257s\233_{\351+\177\260\276z}C\365\273a\206"
 2633      9B5F7BE9 
ARM GAS  C:\Users\acest\AppData\Local\Temp\ccbxR75b.s 			page 59


 2633      2B7FB0BE 
 2633      7A7D43F5 
 2633      BB6186
 2634 0374 3A1E769B 		.ascii	":\036v\233\253C\033\035E\355\2522NQ\031'\352:\304A\033"
 2634      AB431B1D 
 2634      45EDAA32 
 2634      4E511927 
 2634      EA3AC441 
 2635 0389 2DB1F89A 		.ascii	"-\261\370\232\355\021m\373\033\231\325\320\024\374\314"
 2635      ED116DFB 
 2635      1B99D5D0 
 2635      14FCCC
 2636 0398 FD170FA1 		.ascii	"\375\027\017\241\343j"
 2636      E36A
 2637              		.text
 2638              		.section	.gnu.lto_bsRequestDataI.403.b3bfd481,"e",%progbits
 2639 0000 789C6D53 		.ascii	"x\234mSmHSQ\030>\357=w\037\366!\021\204Q?\032ITPw\031"
 2639      6D485351 
 2639      183EEF3D 
 2639      771FF621 
 2639      1184513F 
 2640 001a 8E40080A 		.ascii	"\216@\010\012\013\374k\037\377.\310>\356r%m\354N\350"
 2640      0BFC6B1F 
 2640      FF2EC83E 
 2640      EE72256D 
 2640      EC4EE8
 2641 002d C7C0E39C 		.ascii	"\307\300\343\234\021\012\351L2h\215Z#\214~D`83ujm\241"
 2641      110AE94C 
 2641      32688D5A 
 2641      238C7E44 
 2641      60383375 
 2642 0044 21D11F0B 		.ascii	"!\321\037\013\011\302\022\252\037a\371\303\225\212\275"
 2642      09C212AA 
 2642      1F61F9C3 
 2642      958ABD
 2643 0053 E75CA70B 		.ascii	"\347\\\247\013\204\355\276\347\274\347y\237\367y\316"
 2643      84EDBEE7 
 2643      BCE7799F 
 2643      F779CE
 2644 0062 7BAF8712 		.ascii	"{\257\207\022\362\211\020R\213\1770\021\350\212\265"
 2644      F2891052 
 2644      8B7F3011 
 2644      E88AB5
 2645 0071 49843176 		.ascii	"I\2041v\312\"I-\261v\011\006\341\327\337\336\035r4V"
 2645      CA22492D 
 2645      B1760906 
 2645      E1D7DFDE 
 2645      1D723456 
 2646 0085 DAD13A6D 		.ascii	"\332\321:m\227)t\307&\036~\314\344\313\341\025\010\234"
 2646      972974C7 
 2646      261E7ECC 
 2646      E4CBE115 
 2646      089C
 2647 0097 0CCDB189 		.ascii	"\014\315\261\211\305\311\271\007\345\210\025\031 M\022"
 2647      C5C9B907 
 2647      E5881519 
 2647      204D12
ARM GAS  C:\Users\acest\AppData\Local\Temp\ccbxR75b.s 			page 60


 2648 00a6 95A1096E 		.ascii	"\225\241\011n\3218\205.\232\242\004\344\265\025\200"
 2648      D138852E 
 2648      9AA204E4 
 2648      B51580
 2649 00b5 ED3082F2 		.ascii	"\3550\202\362s=\351/\020\357\315\310)*\221\004\002\236"
 2649      733DE92F 
 2649      10EFCDC8 
 2649      292A9104 
 2649      029E
 2650 00c7 03F4018A 		.ascii	"\003\364\001\212 \010\244\327\310\301\014c\357\246\322"
 2650      2008A4D7 
 2650      C8C10C63 
 2650      EFA6D2
 2651 00d6 8C959014 		.ascii	"\214\225\220\024\245\320\017E\030L\204\237\224\031\310"
 2651      A5D00F45 
 2651      184C849F 
 2651      9419C8
 2652 00e5 38F07000 		.ascii	"8\360p\000)\347\007\306\257\227v6[\221\020\006\340?"
 2652      29E707C6 
 2652      AF977636 
 2652      5B911006 
 2652      E03F
 2653 00f7 CA707F99 		.ascii	"\312p\177\231\231\300\013\340\215\320&\026\230\011\256"
 2653      99C00BE0 
 2653      8DD02616 
 2653      9809AE
 2654 0106 015E8A6A 		.ascii	"\001^\212j\232\020\201\267\314w\267/\017U\346ZXM\012"
 2654      9A1081B7 
 2654      CC77B72F 
 2654      0F55E65A 
 2654      584D0A
 2655 0119 1D0C0107 		.ascii	"\035\014\001\007\03140\014\230\012\367\355\346\3558"
 2655      1934300C 
 2655      980AF7ED 
 2655      E6ED38
 2656 0128 7278F4EE 		.ascii	"rx\364\356M\013{\303\344\002\222l \327l|(\346]\031:"
 2656      4D0B7BC3 
 2656      E402926C 
 2656      20D76C7C 
 2656      28E65D19 
 2657 013d 64F09A20 		.ascii	"d\360\232 S\314;\212\274\246\360\350f\274\006\222l "
 2657      53CC3B8A 
 2657      BCA6F0E8 
 2657      66BC0692 
 2657      6C20
 2658 014f 0D5E33BA 		.ascii	"\015^3\272M\177\255\2051\200\021L\017r6\202\216`\\8"
 2658      4D7FAD85 
 2658      3180114C 
 2658      0F723682 
 2658      8E605C38 
 2659 0163 4214A0D9 		.ascii	"B\024\240\331\247\357M\031\266\274\332\301Xn\357L|\301"
 2659      A7EF4D19 
 2659      B6BCDAC1 
 2659      586EEF4C 
 2659      7CC1
 2660 0175 5A2201A4 		.ascii	"Z\"\001\244A\306\3333\233\360![\304\215\220\016\312"
 2660      41C6DB33 
ARM GAS  C:\Users\acest\AppData\Local\Temp\ccbxR75b.s 			page 61


 2660      9BF0215B 
 2660      C48D900E 
 2660      CA
 2661 0186 C7CD6460 		.ascii	"\307\315d`\031B:\251dlZp\363\003\330\354B\026D\\\314"
 2661      19423AA9 
 2661      646C5A70 
 2661      F303D8EC 
 2661      4216445C 
 2662 019b 9689F8C7 		.ascii	"\226\211\370\307\330\357_\177\314.\233\311O\210t\267"
 2662      D8EF5F7F 
 2662      CC2E9BC9 
 2662      4F8874B7 
 2663 01ab 9D4CD2C2 		.ascii	"\235L\322\302\214\251\260\375\210\277\014\275\273R\324"
 2663      8CA9B0FD 
 2663      88BF0CBD 
 2663      BB52D4
 2664 01ba 92C489BC 		.ascii	"\222\304\211\274\026\271c\230\302\001Y!\013\367\370"
 2664      16B96398 
 2664      C2015921 
 2664      0BF7F8
 2665 01c9 28A21CF3 		.ascii	"(\242\034\363\015K\314\220C-\363\020\265%\251%\012R"
 2665      0D4BCC90 
 2665      432DF310 
 2665      B525A925 
 2665      0A52
 2666 01db 8A9624F0 		.ascii	"\212\226$\360\305 H\232\242[\260Q\304\206j\361L\364"
 2666      C520489A 
 2666      A25BB051 
 2666      C4866AF1 
 2666      4CF4
 2667 01ed 5C4515DF 		.ascii	"\\E\025\337!:3\276\0073\274\243$\306\314\365\323\033"
 2667      213A33BE 
 2667      0733BCA3 
 2667      24C6CCF5 
 2667      D31B
 2668 01ff D3B908AC 		.ascii	"\323\271\010\254\353\217\345$C\036\326\232\012\242\254"
 2668      EB8FE524 
 2668      431ED69A 
 2668      0AA2AC
 2669 020e 9B69DA0A 		.ascii	"\233i\332\012\223\250\011\3264Y\371P\337\0021:\217\360"
 2669      93A809D6 
 2669      3459F950 
 2669      DF02313A 
 2669      8FF0
 2670 0220 6A633926 		.ascii	"jc9&\034n\003+\247_x|;\277\364y'\336\273!k\351\016\340"
 2670      1C6E032B 
 2670      A75F787C 
 2670      3BBFF479 
 2670      27DEBB21 
 2671 0238 5781365A 		.ascii	"W\2016ZmD\230\330\236\300\313\300S,\207)\234s\251\320"
 2671      6D4498D8 
 2671      9EC0CBC0 
 2671      532C8729 
 2671      9C73A9D0 
 2672 024c 28AFDF31 		.ascii	"(\257\3371 \347\374Jd\340\002\016\221\317\262\320C\210"
 2672      20E7FC4A 
 2672      64E0020E 
ARM GAS  C:\Users\acest\AppData\Local\Temp\ccbxR75b.s 			page 62


 2672      91CFB2D0 
 2672      4388
 2673 025e 4F3E3368 		.ascii	"O>3h{\360j~C\344\276\203\333'|b`\020D2|{\244\272J\275"
 2673      7BF06A7E 
 2673      43E4BE83 
 2673      DB277C62 
 2673      60104432 
 2674 0278 A86B415D 		.ascii	"\250kA]u\2725=\244\236\321\364+!\177@=\247\234V\252"
 2674      75BA353D 
 2674      A49ED1F4 
 2674      2B217F40 
 2674      3DA79C56 
 2675 028d 95B36A10 		.ascii	"\225\263j\020\323u\201\240\377\262\346\016\221\032E"
 2675      D37581A0 
 2675      FFB2E60E 
 2675      911A45
 2676 029c B117FFAA 		.ascii	"\261\027\377\252\353}.\337\371P\243\307\347\267\273"
 2676      EB7D2EDF 
 2676      F950A3C7 
 2676      E7B7BB
 2677 02ab F9DAAF1F 		.ascii	"\371\332\257\037\257\250\250\260\373u{\275\263\301\256"
 2677      AFA8A8B0 
 2677      FB757BBD 
 2677      B3C1AE
 2678 02ba 07DD3CD6 		.ascii	"\007\335<\326\271\032\275^-\250y\352\260\217\317\331"
 2678      B91ABD5E 
 2678      2DA879EA 
 2678      B08FCFD9 
 2679 02ca A0B80975 		.ascii	"\240\270\011u\351\201}\233\036)N\217\243\322\3538\241"
 2679      E9817D9B 
 2679      1E294E8F 
 2679      A3D2EB38 
 2679      A1
 2680 02db 1170514D 		.ascii	"\021pQM\0178\334U\252\240\326E\033\265\250\215\352\327"
 2680      0F38DC55 
 2680      AAA0D645 
 2680      1BB5A88D 
 2680      EAD7
 2681 02ed 55E4C080 		.ascii	"U\344\300\200\217`\350\350U\237\261V\352\211\311\333"
 2681      8F60E8E8 
 2681      559FB156 
 2681      EA89C9DB 
 2682 02fd E0BCA4FF 		.ascii	"\340\274\244\377\003\010\267nX"
 2682      0308B76E 
 2682      58
 2683              		.text
 2684              		.section	.gnu.lto_.symbol_nodes.b3bfd481,"e",%progbits
 2685 0000 789C758D 		.ascii	"x\234u\2151\016\2030\020\004w\275V\"\205\202'\360\324"
 2685      310E8330 
 2685      100477BD 
 2685      56228582 
 2685      27F0D4
 2686 0013 23918B94 		.ascii	"#\221\213\224\021A\360\005\336@\215D\027\245\343\033"
 2686      1141F005 
 2686      DE408D44 
 2686      17A5E31B 
 2687 0023 D469C010 		.ascii	"\324i\300\020\267\236rfu7#\342\032\031\352\210\347\353"
ARM GAS  C:\Users\acest\AppData\Local\Temp\ccbxR75b.s 			page 63


 2687      B79E7266 
 2687      753723E2 
 2687      1A19EA88 
 2687      E7EB
 2688 0035 031830D6 		.ascii	"\003\0300\326w\2028\343[\306\\d's[\242:\0078.\035\225"
 2688      778238E3 
 2688      5BC65C64 
 2688      27735BA2 
 2688      3A07382E 
 2689 004b AD4CB9D6 		.ascii	"\255L\271\326\313|\246\011\356\273\376\006r\272\012"
 2689      CB7CA609 
 2689      EEBBFE06 
 2689      72BA0A
 2690 005a FA7F0E45 		.ascii	"\372\177\016E\264\317e~\220\241\024}\262\0271\331\351"
 2690      B4CF657E 
 2690      90A1147D 
 2690      B21731D9 
 2690      E9
 2691 006b 861DEC3E 		.ascii	"\206\035\354>B\221"
 2691      4291
 2692              		.text
 2693              		.section	.gnu.lto_.refs.b3bfd481,"e",%progbits
 2694 0000 789C6364 		.ascii	"x\234cd\000\002\000\000\012\000\002"
 2694      00020000 
 2694      0A0002
 2695              		.text
 2696              		.section	.gnu.lto_.decls.b3bfd481,"e",%progbits
 2697 0000 789CAD57 		.ascii	"x\234\255WkPTG\026\356\323=\314\014W\004Vpuk\263Y\312"
 2697      6B505447 
 2697      16EED33D 
 2697      CC0C5704 
 2697      5670756B 
 2698 0017 B54A7E44 		.ascii	"\265J~D\010\250q\313\335\037$&Q\223]c\305\315Ve\213"
 2698      08A871CB 
 2698      DD1F2426 
 2698      51935D63 
 2698      C5CD5665 
 2699 002c AAA97166 		.ascii	"\252\251qf\224\331 #3\027\343\346\327E4\242\011\210"
 2699      94D92023 
 2699      3317E3E6 
 2699      D74534A2 
 2699      0988
 2700 003e E21389A2 		.ascii	"\342\023\211\242\342[\334I\342\203\370\342\245\004_"
 2700      E25BDC49 
 2700      E283F8E2 
 2700      A5045F
 2701 004d 51D7D7AA 		.ascii	"Q\327\327\252k|\240\0061\012*\272\370H\330\323\335w"
 2701      6B7CA006 
 2701      310A2ABA 
 2701      F848D8D3 
 2701      DD77
 2702 005f E6CE835D 		.ascii	"\346\316\203]+U{\265o\367\235\376\316w\276>}\316\245"
 2702      2B557BB5 
 2702      6FF79DFE 
 2702      CE77BE3E 
 2702      7DCEA5
 2703 0072 6F430221 		.ascii	"oC\002!\251&B&\000!=x1B\310Ilfl\357c\333\203\355\005"
ARM GAS  C:\Users\acest\AppData\Local\Temp\ccbxR75b.s 			page 64


 2703      A9264226 
 2703      00213D78 
 2703      3142C849 
 2703      6C666CEF 
 2704 008b 9C3B8DFD 		.ascii	"\234;\215\375\257\260\037B\344\025\203m\010>\247c\373"
 2704      AFB01F42 
 2704      E415836D 
 2704      083EA763 
 2704      FB
 2705 009c 1DB6D7B0 		.ascii	"\035\266\327\260\215\005\022u\275C\011I\306>\007[?\""
 2705      8D051275 
 2705      BD430949 
 2705      C63E075B 
 2705      3F22
 2706 00ae C701BE71 		.ascii	"\307\001\276q\330\017\007\351\347-\220>\177\211\375"
 2706      D80F07E9 
 2706      E72D903E 
 2706      7F89FD
 2707 00bd 63DDAF55 		.ascii	"c\335\257U\367\3676\366\243\260\375\001\333\253\330"
 2707      F7F736F6 
 2707      A3B0FD01 
 2707      DBABD8
 2708 00cc 8662E33A 		.ascii	"\206b\343:\177\216\375\003\354\177\201\275I\3273>DO"
 2708      7F8EFD03 
 2708      EC7F81BD 
 2708      49D7333E 
 2708      444F
 2709 00de E465432D 		.ascii	"\344eC-\011!:8\017\327\022\320\301\327\307\375'a{\007"
 2709      09213A38 
 2709      0FD712D0 
 2709      C1D7C7FD 
 2709      27617B07 
 2710 00f2 DB1888D6 		.ascii	"\333\030\210\326\200\024\244?\030>\323u\237cu\277\221"
 2710      8014A43F 
 2710      183ED375 
 2710      9F6375BF 
 2710      91
 2711 0103 D74206EF 		.ascii	"\327B\006\357\003\017l\202\030\021FI\272&\256\306\311"
 2711      030F6C82 
 2711      18114649 
 2711      BA26AEC6 
 2711      C9
 2712 0114 04764A8B 		.ascii	"\004vJ\213\211}\230\217#\373\201\011\357\311\220\262"
 2712      897D988F 
 2712      23FB8109 
 2712      EFC990B2 
 2713 0124 82D11FAF 		.ascii	"\202\321\037\257\255l\267*W4\255S\253\237\025K`7\300"
 2713      AD6CB72A 
 2713      5734AD53 
 2713      AB9F154B 
 2713      6037C0
 2714 0137 5740A016 		.ascii	"W@\240\026\220e\027\300\016\200\355 L^\026\367\301\302"
 2714      906517C0 
 2714      0E80ED20 
 2714      4C5E16F7 
 2714      C1C2
 2715 0149 B08A8A07 		.ascii	"\260\212\212\007+\373H\322\245\210\373@V\210\216\347"
ARM GAS  C:\Users\acest\AppData\Local\Temp\ccbxR75b.s 			page 65


 2715      2BFB48D2 
 2715      A588FB40 
 2715      56888EE7 
 2716 0159 0141DAB3 		.ascii	"\001A\332\263\007/\357\260&I\005\365\302;\034\0008\010"
 2716      072FEFB0 
 2716      264905F5 
 2716      C23B1C00 
 2716      3808
 2717 016b C8896356 		.ascii	"\310\211cV.@U\225\313\366A8\250\331\000!\340\241\377"
 2717      2E405595 
 2717      CBF64138 
 2717      A8D90021 
 2717      E0A1FF
 2718 017e F0294B5C 		.ascii	"\360)K\\=\027W\325h\202\257A\227G\240\005\004`wW\373"
 2718      3D1757D5 
 2718      6882AF41 
 2718      9747A005 
 2718      04607757 
 2719 0193 4CCAE383 		.ascii	"L\312\343\203?\200G\250\240Ba\"N^\330R\263\263\357\000"
 2719      3F8047A8 
 2719      A0426122 
 2719      4E5ED852 
 2719      B3B3EF00 
 2720 01a7 E4FE5ED3 		.ascii	"\344\376^\323\222!\007\216\000\034\346\266Gq}\207\244"
 2720      9221078E 
 2720      001CE6B6 
 2720      47717D87 
 2720      A4
 2721 01b8 7DCDB70F 		.ascii	"}\315\267\017\327\230\015\007G\015\007\307\204\012\266"
 2721      D7980D07 
 2721      470D07C7 
 2721      840AB6
 2722 01c7 52085DD2 		.ascii	"R\010]\322|x-\355\005\006\337@\000\270\021x(^\200\036"
 2722      7C782DED 
 2722      0506DF40 
 2722      00B81178 
 2722      285E801E 
 2723 01db 101D617E 		.ascii	"\020\035a~ay\264\271\244\005\024\264l\323\032\013\031"
 2723      6179B4B9 
 2723      A40514B4 
 2723      6CD31A0B 
 2723      19
 2724 01ec 8161F032 		.ascii	"\201a\3602\201S\200\010\014\356?\000N\002\202\272\016"
 2724      81538008 
 2724      0CEE3F00 
 2724      4E0282BA 
 2724      0E
 2725 01fd 5457F731 		.ascii	"TW\3671\350O\033*\316\000\221\021Nd\265\310\211Ab\315"
 2725      E84F1B2A 
 2725      CE009111 
 2725      4E64B5C8 
 2725      894162CD 
 2726 0211 D88E0B67 		.ascii	"\330\216\013g\311PO\330y|l\305\326\205\355\011\266\036"
 2726      C9504FD8 
 2726      797C6CC5 
 2726      D685ED09 
 2726      B61E
ARM GAS  C:\Users\acest\AppData\Local\Temp\ccbxR75b.s 			page 66


 2727 0223 E1F65A57 		.ascii	"\341\366ZW\315\006\032\036\331+\000W\003\341/\246\034"
 2727      CD061A1E 
 2727      D92B0057 
 2727      03E12FA6 
 2727      1C
 2728 0234 547E78EE 		.ascii	"T~x\356m%\034t\315\000q\226;E-VCW\253\241\353:/\215"
 2728      6D251C74 
 2728      CD007196 
 2728      3B452D56 
 2728      4357ABA1 
 2729 024c 72CE623E 		.ascii	"r\316b>w\367\336\252>I\203\007#\311,\3441\021\270\010"
 2729      77F7DEAA 
 2729      3E498307 
 2729      23C92CE4 
 2729      3111B808 
 2730 0260 5007C2E1 		.ascii	"P\007\302\341M\316\005m\000\337qF$\352\356\\8\277)\276"
 2730      4DCE056D 
 2730      00DF7146 
 2730      24EAEE5C 
 2730      38BF29BE 
 2731 0274 12532D0E 		.ascii	"\022S-\0169\340\206\200\004H\323\011O?\016\363\227\026"
 2731      39E08680 
 2731      0448D309 
 2731      4F3F0EF3 
 2731      9716
 2732 0286 CDD11225 		.ascii	"\315\321\022%\346r\024&\203k\273\361\340\332\311\270"
 2732      E6721426 
 2732      836BBBF1 
 2732      E0DAC9B8 
 2733 0296 A428A7D7 		.ascii	"\244(\247\327\"\235\256`\246\356\312\225U\326\244h\201"
 2733      229DAE60 
 2733      A6EECA95 
 2733      55D6A468 
 2733      81
 2734 02a7 9700DA05 		.ascii	"\227\000\332\005\3666\007\342tw\355\222-\353\372\025"
 2734      F63607E2 
 2734      7477ED92 
 2734      2DEBFA15 
 2735 02b7 0A75B700 		.ascii	"\012u\267\000\276\025\363\022\034\360\314f2\356}\336"
 2735      BE15F312 
 2735      1CF0CC66 
 2735      32EE7DDE 
 2736 02c7 D3038509 		.ascii	"\323\003\205\011\321\336\277\017cd\0139\266\337\336"
 2736      D1DEBF0F 
 2736      63640B39 
 2736      B6DFDE
 2737 02d6 D3CBFD30 		.ascii	"\323\313\3750x0\206\210_<\010\367+6\007\202p\006\340"
 2737      78308688 
 2737      5F3C08F7 
 2737      2B360782 
 2737      7006E0
 2738 02e9 04C03D63 		.ascii	"\004\300=c\201\215 \374\360 l\322\203\200\230sa\230"
 2738      818D20FC 
 2738      F0206CD2 
 2738      83809873 
 2738      6198
 2739 02fb B3202365 		.ascii	"\263 #e\370\337\017\260\017D\211\335\023\376\377\015"
ARM GAS  C:\Users\acest\AppData\Local\Temp\ccbxR75b.s 			page 67


 2739      F8DF0FB0 
 2739      0F4489DD 
 2739      13FEFF0D 
 2740 030b F000E03E 		.ascii	"\360\000\340>\300#\200N\200\016\200\207\000]\372&\370"
 2740      C023804E 
 2740      800E8087 
 2740      005DFA26 
 2740      F8
 2741 031c 571AC4E7 		.ascii	"W\032\304\347\303\210\353t\342\253\270\345\237\255-"
 2741      C388EB74 
 2741      E2ABB8E5 
 2741      9FAD2D
 2742 032b 8D2F2B64 		.ascii	"\215/+d\260\007\340B4H(\354\334\332$1S\340n\030\244"
 2742      B007E042 
 2742      344828EC 
 2742      DCDA2431 
 2742      53E06E18 
 2743 0340 C1806CD1 		.ascii	"\301\200l\321i\216\0034E/Tnw\347*\235\007\005\3753z"
 2743      698E0334 
 2743      452F546E 
 2743      77E72A9D 
 2743      0705FD33 
 2744 0355 A5197CA1 		.ascii	"\245\031|\241\235\225k\307s\310\035\200\177\011H\304"
 2744      9D956BC7 
 2744      73C81D80 
 2744      7F0948C4 
 2745 0365 BE9C14FB 		.ascii	"\276\234\024\373\262r\375\325\256\276IQq\351~~\\\330"
 2745      B272FDD5 
 2745      AEBE4951 
 2745      71E97E7E 
 2745      5CD8
 2746 0377 6541B06B 		.ascii	"eA\260k\315\323f\305\312\353\265\370\012\326\204\250"
 2746      CDD366C5 
 2746      CAEBB5F8 
 2746      0AD684A8 
 2747 0387 57024F21 		.ascii	"W\002O!X\256\354\206\300\225\234\270\260\211F\340\340"
 2747      58AEEC86 
 2747      C0959CB8 
 2747      B08946E0 
 2747      E0
 2748 0398 1984213B 		.ascii	"\031\204!;\030a\017\261\3154q\213\356K\325\307b\303"
 2748      18610FB1 
 2748      CD34718B 
 2748      EE4BD5C7 
 2748      62C3
 2749 03aa AB4DA350 		.ascii	"\253M\243PH\365\222\\ @5\207\316\\a\341\240\231\006"
 2749      48F5925C 
 2749      20403587 
 2749      CE5C61E1 
 2749      A09906
 2750 03bd 080177DA 		.ascii	"\010\001w\332\273\216\3645J\262\210\006C5\213\212do"
 2750      BB8EF435 
 2750      4AB28806 
 2750      43358B8A 
 2750      646F
 2751 03cf 2F3A31DB 		.ascii	"/:1\333$\222\275S\206@\177S\365\000\314\3464\3601\325"
 2751      2492BD53 
ARM GAS  C:\Users\acest\AppData\Local\Temp\ccbxR75b.s 			page 68


 2751      86407F53 
 2751      F500CCE6 
 2751      34F031D5 
 2752 03e3 4B7151AB 		.ascii	"KqQ\253\377\313\324\246\"\255\245\036\320\230\327\331"
 2752      FFCBD4A6 
 2752      22ADA51E 
 2752      D098D7D9 
 2753 03f3 6C1A5167 		.ascii	"l\032Qg\354\234PU\364C\367\204\244(\30694\224\221\335"
 2753      EC9C5055 
 2753      F443F784 
 2753      A428C639 
 2753      349491DD 
 2754 0407 3411D62E 		.ascii	"4\021\326.\340\237w57D\254t\036\205O\214E\314\357x\364"
 2754      E09F7735 
 2754      3744AC74 
 2754      1E854F8C 
 2754      45CCEF78 
 2755 041c B17C3BD5 		.ascii	"\261|;\325\367\016\270\362\270u\261\311X\345\247\206"
 2755      F70EB8F2 
 2755      B875B1C9 
 2755      58E5A786 
 2756 042c AE12F4C5 		.ascii	"\256\022\364\305\236\231\344K\361\264|\013V\305\260"
 2756      9E99E44B 
 2756      F1B47C0B 
 2756      56C5B0
 2757 043b B218C296 		.ascii	"\262\030\302\226\306p\323\345];jb\2433`!}n\006\254`"
 2757      C670D3E5 
 2757      5D3B6A62 
 2757      A3336021 
 2757      7D6E06AC 
 2758 0450 719B1FCF 		.ascii	"q\233\037\317\352Vx\225&\211:\255\274]\265\347\245\003"
 2758      EA567895 
 2758      26893AAD 
 2758      BC5DB5E7 
 2758      A503
 2759 0462 32422514 		.ascii	"2B%\024\346RX\026\031!\036\225\213\255&\216(\247\260"
 2759      E6525816 
 2759      19211E95 
 2759      8BAD268E 
 2759      28A7B0
 2760 0475 4020A44B 		.ascii	"@ \244K\002{\203\311[\206\357\024\223\031\036\003 ."
 2760      027B83C9 
 2760      5B86EF14 
 2760      93191E03 
 2760      202E
 2761 0487 045167D4 		.ascii	"\004Qg\324@Y\005\206\302\014?\000<\021\020\231xuA\012"
 2761      40590586 
 2761      C20C3F00 
 2761      3C111099 
 2761      7875410A 
 2762 049b 7D396514 		.ascii	"}9e\024\346S\002\245\302\021.g\021\205\345\024\226R"
 2762      E65302A5 
 2762      C2112E67 
 2762      1185E514 
 2762      9652
 2763 04ad 58426131 		.ascii	"XBa1\225\257\261\262J\341\255\230\302\217\020\251\030"
 2763      95AFB1B2 
ARM GAS  C:\Users\acest\AppData\Local\Temp\ccbxR75b.s 			page 69


 2763      4AE1AD98 
 2763      C28F10A9 
 2763      18
 2764 04be 9DB1EF44 		.ascii	"\235\261\357D\240J\026\355+gIQ\314\025\377\225\231g"
 2764      A04A16ED 
 2764      2B674951 
 2764      CC15FF95 
 2764      9967
 2765 04d0 9FFFEAAA 		.ascii	"\237\377\352\252\220}YapW\212\354\2437/\256.\2157\000"
 2765      907D5961 
 2765      70578AEC 
 2765      A3372FAE 
 2765      2E8D3700 
 2766 04e4 E506E033 		.ascii	"\345\006\3403\011\330\322\272\347R\334\015\020\347\033"
 2766      09D8D2BA 
 2766      E752DC0D 
 2766      10E71B
 2767 04f3 9313B0DE 		.ascii	"\223\023\260\336_\301\233B\376\302H\262F5jv2\2520\205"
 2767      5FC19B42 
 2767      FEC248B2 
 2767      46356A76 
 2767      32AA3085 
 2768 0507 39951678 		.ascii	"9\225\026x1\265\213eYij\202b\335\330\004\211J\214\225"
 2768      31B58B65 
 2768      59696A82 
 2768      62DDD804 
 2768      894A8C95 
 2769 051b D2368B53 		.ascii	"\3226\213SI}\002[i\2259%K39?\355\337f\321h\331\370\344"
 2769      497D025B 
 2769      69953925 
 2769      4B33393F 
 2769      EDDF66D1 
 2770 0533 6159786F 		.ascii	"aYxo\263\264\200\023\255&\230\254\2118j\263(]\254\252"
 2770      B3B48013 
 2770      AD2698AC 
 2770      89386AB3 
 2770      285DACAA 
 2771 0547 C4EC3C46 		.ascii	"\304\354<F\213\207\340\011Aqf&\343\202\263\254\326\027"
 2771      8B87E009 
 2771      41716626 
 2771      E382B3AC 
 2771      D617
 2772 0559 131A5923 		.ascii	"\023\032Y#{\023\317]V\377\266\376J\233%\001)R\235)\211"
 2772      7B13CF5D 
 2772      56FFB6FE 
 2772      4A9B2501 
 2772      29529D29 
 2773 056e CE948416 		.ascii	"\316\224\204\026\210q:\225\344T\202\"\234\231\231YT"
 2773      88713A95 
 2773      E4548222 
 2773      9C999959 
 2773      54
 2774 057f 416693B5 		.ascii	"Af\223\265\0052\031\304ejWo\017Pb\224\330\027SR\011"
 2774      053219C4 
 2774      656A576F 
 2774      0F506294 
 2774      D8175352 
ARM GAS  C:\Users\acest\AppData\Local\Temp\ccbxR75b.s 			page 70


 2775 0594 71923729 		.ascii	"q\2227)\362\262\236\300\005\026\364\3514\036\001R\025"
 2775      F2B29EC0 
 2775      0516F4E9 
 2775      341E0152 
 2775      15
 2776 05a5 9A49D9DB 		.ascii	"\232I\331\333m\026<\323\321\024\334\037\2235.\0164\354"
 2776      6D163CD3 
 2776      D114DC1F 
 2776      93352E0E 
 2776      34EC
 2777 05b7 626D6F3B 		.ascii	"bmo;'d*\244\315Bq*\331\304_\007\206\245b&\000wGb\352"
 2777      27642AA4 
 2777      CD42712A 
 2777      D9C45F07 
 2777      86A56226 
 2778 05d0 8A7FFC06 		.ascii	"\212\177\374\006\372\015\370\243~\216\016\270\021\277"
 2778      FA0DF8A3 
 2778      7E8E0EB8 
 2778      11BF
 2779 05de F342A23A 		.ascii	"\363B\242:\232C\344\257\301N\037s\000\325y\250~|\004"
 2779      9A43E4AF 
 2779      C14E1F73 
 2779      00D579A8 
 2779      7E7C04
 2780 05f1 69A33BE1 		.ascii	"i\243;\341\367\020\362 \004tH\200G\332\350\200\240\255"
 2780      F710F220 
 2780      04744880 
 2780      47DAE880 
 2780      A0AD
 2781 0603 3EE43E04 		.ascii	">\344>\004\230\206\332\010\2730\341\006%\011\322\006"
 2781      9886DA08 
 2781      BB30E106 
 2781      2509D206 
 2782 0613 2411F980 		.ascii	"$\021\371\200y\323P~qN\314M\214\233\326v\271a\201\005"
 2782      79D3507E 
 2782      714ECC4D 
 2782      8C9BD676 
 2782      B9618105 
 2783 0627 FA976511 		.ascii	"\372\227e\021`\363\315|n\305\375U\3768q\010\304\223"
 2783      60F3CD7C 
 2783      6EC5FD55 
 2783      FE387108 
 2783      C493
 2784 0639 93077FF0 		.ascii	"\223\007\177\360w\336}\222\020\376\002\302\202Yc\274"
 2784      77DE7D92 
 2784      10FE02C2 
 2784      825963BC 
 2785 0649 5F16F4AC 		.ascii	"_\026\364\254{\024q<\252\010\003tnh\\\015F\036\2575"
 2785      7B14713C 
 2785      AA080374 
 2785      6E685C0D 
 2785      461EAF35 
 2786 065d F2B85AE6 		.ascii	"\362\270Z\346\361\271\265\373k\373\010\237\325\024V"
 2786      F1B9B5FB 
 2786      6BFB089F 
 2786      D51456
 2787 066c 53FC65FF 		.ascii	"S\374e\377\365U\317\254\275\2346\327\343\372\327I\243"
ARM GAS  C:\Users\acest\AppData\Local\Temp\ccbxR75b.s 			page 71


 2787      F555CFAC 
 2787      BD9C36D7 
 2787      E3FAD749 
 2787      A3
 2788 067d 7D3DCBE7 		.ascii	"}=\313\347\230\007-[\246u\367\334\277r\236=\373t\216"
 2788      98072D5B 
 2788      A675F7DC 
 2788      BF729E3D 
 2788      FB748E
 2789 0690 76824B00 		.ascii	"v\202K\000\216\302C\265tOpD`\025\205\225t\342\315\001"
 2789      8EC243B5 
 2789      744F7044 
 2789      60158595 
 2789      74E2CD01 
 2790 06a4 6CB1859B 		.ascii	"l\261\205\233V\334\376\370||\300\037?\350\232E\256X"
 2790      56DCFEF8 
 2790      7C7CC01F 
 2790      3FE89A45 
 2790      AE58
 2791 06b6 C48873CC 		.ascii	"\304\210s\314`\325\002\330q\366L\243Y\321\"\317\363"
 2791      60D502D8 
 2791      71F64CA3 
 2791      59D122CF 
 2791      F3
 2792 06c7 5B29E2B0 		.ascii	"[)\342\260\252\267P\330\314\325V\177r\347\\\237\240"
 2792      AAB750D8 
 2792      CCD5567F 
 2792      72E75C9F 
 2792      A0
 2793 06d8 DA1A1A94 		.ascii	"\332\032\032\224\273\015}o\222r\317.,\325\372p\271\235"
 2793      BB0D7D6F 
 2793      9272CF2E 
 2793      2CD5FA70 
 2793      B99D
 2794 06ea B5ADF91B 		.ascii	"\265\255\371\033y\341\340,l\014\312\334\030\224\271"
 2794      79E1E02C 
 2794      6C0CCADC 
 2794      1894B9
 2795 06f9 6200DB6C 		.ascii	"b\000\333l\341/\343!\301o\020\374HbuBQ\315\235\342G"
 2795      E12FE321 
 2795      C16F10FC 
 2795      48627542 
 2795      51CD9DE2 
 2796 070e 66A53E52 		.ascii	"f\245>R\321\227\0241\250\350\013\012\237sE;\346m8e\025"
 2796      D1971431 
 2796      A8E80B0A 
 2796      9F73453B 
 2796      E66D3865 
 2797 0723 2BDC4EC5 		.ascii	"+\334N\305.\226\255+\375M\370\036a\276\3544\366h\367"
 2797      2E96AD2B 
 2797      FD4DF81E 
 2797      61BEEC34 
 2797      F668F7
 2798 0736 839A1F23 		.ascii	"\203\232\037#>1\360OR\010\340|]\361g!/\243]\306&\326"
 2798      3E31F04F 
 2798      5208E07C 
 2798      5DF16721 
ARM GAS  C:\Users\acest\AppData\Local\Temp\ccbxR75b.s 			page 72


 2798      2FA35DC6 
 2799 074c CA0536D6 		.ascii	"\312\0056\326\026?L\020.k)\354\340\"\266/\256\351\240"
 2799      163F4C10 
 2799      2E6B29EC 
 2799      E022B62F 
 2799      AEE9A0
 2800 075f BD6CE26E 		.ascii	"\275l\342n\\\352W\322\350\322\372\013\307-\203\226\211"
 2800      5CEA57D2 
 2800      E8D2FA0B 
 2800      C72D8396 
 2800      89
 2801 0770 3FA0F5A7 		.ascii	"?\240\365\247R\032\212\252Rq\032\374\301\260\370EQ\261"
 2801      521A8AAA 
 2801      52711AFC 
 2801      C1B0F845 
 2801      51B1
 2802 0782 A3965E73 		.ascii	"\243\226^ss\311\302\255\225}\303Uw\207}\363\224\356"
 2802      73C9C2AD 
 2802      957DC355 
 2802      77877DF3 
 2802      94EE
 2803 0794 3CFC28D6 		.ascii	"<\374(\326P\275\337P]'\0054-\351\230g\026\224u\024\366"
 2803      50BDDF50 
 2803      5D270534 
 2803      2DE99867 
 2803      16947514 
 2804 07a9 71D5B7AF 		.ascii	"q\325\267\257mX@{\333\314\006\224]/\255J\016\035\375"
 2804      6D58407B 
 2804      DBCC0694 
 2804      5D2FAD4A 
 2804      0E1DFD
 2805 07bc BD507DBF 		.ascii	"\275P}\277\342\326&s\245\326Hq\026\366\006U\357\225"
 2805      E2D62673 
 2805      A5D64871 
 2805      16F60655 
 2805      EF95
 2806 07ce AA4F     		.ascii	"\252O"
 2807 07d0 09D54DBB 		.ascii	"\011\325M\273\276\250\210\017\027\211\177@CD\266/\275"
 2807      BEA8880F 
 2807      17897F40 
 2807      4344B62F 
 2807      BD
 2808 07e1 7F3CE48B 		.ascii	"\177<\344\213\345\200!\362\240tw\353\357\235\215\362"
 2808      E58021F2 
 2808      A07477EB 
 2808      EF9D8DF2 
 2809 07f1 C3ECA0DC 		.ascii	"\303\354\240\334\315\372\252=U\275j\374\03256K\243e"
 2809      CDFAAA3D 
 2809      55BD6AFC 
 2809      1A35364B 
 2809      A365
 2810 0803 159B1751 		.ascii	"\025\233\027Q.\322\377\303\3349\365\211\024\347\240"
 2810      2ED2FFC3 
 2810      DC39F589 
 2810      14E7A0
 2811 0812 29A8B089 		.ascii	")\250\260\211\352\357\202\353\035\255K\342\014\347\305"
 2811      EAEF82EB 
ARM GAS  C:\Users\acest\AppData\Local\Temp\ccbxR75b.s 			page 73


 2811      1DAD4BE2 
 2811      0CE7C5
 2812 0821 86F34392 		.ascii	"\206\363C\222\247p\315j\2571\377\3308N\036\226\363\307"
 2812      A770CD6A 
 2812      AF31FFD8 
 2812      384E1E96 
 2812      F3C7
 2813 0833 9676CD0D 		.ascii	"\226v\315\015\371\234\333m\020\034\221\200mu\355\317"
 2813      F99CDB6D 
 2813      101C9180 
 2813      6D75EDCF 
 2814 0843 42000D06 		.ascii	"B\000\015\006\340(?\177\\\260\220AeX\305g{\352/[\266"
 2814      E0283F7F 
 2814      5CB09041 
 2814      6558C567 
 2814      7BEA2F5B 
 2815 0858 D66ADA6C 		.ascii	"\326j\332lM\233\3113\233\3021].|\303\307\201\372\330"
 2815      4D9BC933 
 2815      9BC2315D 
 2815      2E7CC3C7 
 2815      81FAD8
 2816 086b 301049D7 		.ascii	"0\020I\327?]w\214\205|\314\032\244\307\371\312\306\244"
 2816      3F5D778C 
 2816      857CCC1A 
 2816      A4C7F9CA 
 2816      C6A4
 2817 087d A5A587FE 		.ascii	"\245\245\207\376\037\235\343\236\344\236\250\0268\335"
 2817      1F9DE39E 
 2817      E49EA816 
 2817      38DD
 2818 088b 9E74071F 		.ascii	"\236t\007\037{|\231\031\031\031\351\036_z\216=7\335"
 2818      7B7C9919 
 2818      1919E91E 
 2818      5F7A8E3D 
 2818      37DD
 2819 089d E775F0DE 		.ascii	"\347u\360\3366\251`\362d\227\327\345\264\371\\^\267"
 2819      36A960F2 
 2819      6497D7E5 
 2819      B4F95C5E 
 2819      B7
 2820 08ae 3D37CD61 		.ascii	"=7\315a\0353\376\275\224\321\031#\311\257{\235N\263"
 2820      1D33FEBD 
 2820      94D11923 
 2820      C9AF7B9D 
 2820      4EB3
 2821 08c0 3B470C9F 		.ascii	";G\014\237<b\244\213\230}\356\217\\6\325\354\316/p\025"
 2821      3C62A48B 
 2821      987DEE8F 
 2821      5C36D5EC 
 2821      CE2F7015 
 2822 08d4 B8ACF9B6 		.ascii	"\270\254\371\266<\217\352\236\3747\253\333c\023\277"
 2822      3C8FEA9E 
 2822      FC37ABDB 
 2822      6313BF
 2823 08e3 2881814D 		.ascii	"(\201\201M\215\315\227s6\325\222o\363:\247\251^K\201"
 2823      8DCD9773 
 2823      36D5926F 
ARM GAS  C:\Users\acest\AppData\Local\Temp\ccbxR75b.s 			page 74


 2823      F33AA7A9 
 2823      5E4B81
 2824 08f6 3B4FFDAD 		.ascii	";O\375\255x\376\320\213\3171\3716\3253\015I\244\303"
 2824      78FED08B 
 2824      CF31F936 
 2824      D5330D49 
 2824      A4C3
 2825 0908 D87C9BC3 		.ascii	"\330|\233\303S\220\247\212\321\207v\267\352\316\233"
 2825      5390A78A 
 2825      D18776B7 
 2825      EACE9B
 2826 0917 92E8C8B1 		.ascii	"\222\350\310\261\2519^\227\335\351\223\2741\342n\312"
 2826      A9395E97 
 2826      DDE993BC 
 2826      31E26ECA 
 2827 0927 73CD50AD 		.ascii	"s\315P\2558'\235\006\0066\3254\315\353\232>\3141*[\254"
 2827      38279D06 
 2827      0636D534 
 2827      CDEB9A3E 
 2827      CC312A5B 
 2828 093c DE272291 		.ascii	"\336'\"\221\035\022\211l\217/\333\253f\273\363\034\271"
 2828      1D12896C 
 2828      8F2FDBAB 
 2828      66BBF31C 
 2828      B9
 2829 094d 054E17CE 		.ascii	"\005N\027\316\344\"\310\227\226CF\374\004\033\317\244"
 2829      E422C897 
 2829      964346FC 
 2829      041BCFA4 
 2830 095d BFBA1CC2 		.ascii	"\277\272\034\302*!L\033\306%\337\226\353\316\373`\344"
 2830      2A214C1B 
 2830      C625DF96 
 2830      EBCEFB60 
 2830      E4
 2831 096e FF26C318 		.ascii	"\377&\303\030\007\331x\274\2051\247\353\353\316\233"
 2831      07D978BC 
 2831      8531A7EB 
 2831      EBCE9B
 2832 097d 56A006C8 		.ascii	"V\240\006\310b|\252]u\305N\362\211\036\237]\323]yj\234"
 2832      627CAA5D 
 2832      75C54EF2 
 2832      891E9F5D 
 2832      D35D796A 
 2833 0992 B8DB7C9E 		.ascii	"\270\333|\236\002\257\303\025/\037\370\"\\y.ob\370\243"
 2833      02AFC315 
 2833      2F1FF822 
 2833      5C792E6F 
 2833      62F8A3
 2834 09a5 4D1DFE13 		.ascii	"M\035\376\023V%l\271\212\370P\0176\225M\237\252\376"
 2834      56256CB9 
 2834      8AF8500F 
 2834      36954D9F 
 2834      AAFE
 2835 09b7 EC353D25 		.ascii	"\3545=%&\212\214\370\363\037\377\224\324K\242\230=B"
 2835      268A8CF8 
 2835      F31FFF94 
 2835      D44BA298 
ARM GAS  C:\Users\acest\AppData\Local\Temp\ccbxR75b.s 			page 75


 2835      3D42
 2836 09c9 79BCA740 		.ascii	"y\274\247@\015YF\326O\013Fd\362\241\236p\347,\343\025"
 2836      0D5946D6 
 2836      4F0B4664 
 2836      F2A19E70 
 2836      E72CE315 
 2837 09dd 126BF74E 		.ascii	"\022k\367N\235>\3225t*Q\034\036\257\352\2321t\352p\222"
 2837      9D3ED235 
 2837      742A511C 
 2837      1EAFEA9A 
 2837      3174EA70 
 2838 09f2 30C9372E 		.ascii	"0\3117.\317\341\231\212i\363\272]\265\217{i\364\250"
 2838      CFE1998A 
 2838      69F3BA5D 
 2838      B58F7B69 
 2838      F4A8
 2839 0a04 ECF790C5 		.ascii	"\354\367\220\305\227mw\270|j\366\353.\337\007\230o\331"
 2839      976D77B8 
 2839      7C6AF6EB 
 2839      2EDF0798 
 2839      6FD9
 2840 0a16 EFA6BD9A 		.ascii	"\357\246\275\2326:\355\215l/\376l\233\346\365\360\315"
 2840      363AED8D 
 2840      6C2FFE6C 
 2840      9BE6F5F0 
 2840      CD
 2841 0a27 2463FF4F 		.ascii	"$c\377O\225D\342'\371\336u\341\322}\252\020\0213\325"
 2841      9544E227 
 2841      F9DE75E1 
 2841      D27DAA10 
 2841      1133D5
 2842 0a3a 37C5A626 		.ascii	"7\305\246&;r\336\230\256\276\346\365\330\235\016\273"
 2842      3B72DE98 
 2842      AEBEE6F5 
 2842      D89D0EBB 
 2843 0a4a 4F7D33D7 		.ascii	"O}3\327>\3057N\356\344d>\026\0255\241@\035\207!\034"
 2843      3EC5374E 
 2843      EEE4643E 
 2843      161535A1 
 2843      401D8721 
 2844 0a5f E352C70D 		.ascii	"\343R\307\015\364\370\354\271o\360\351\010\233\347\244"
 2844      F4F8ECB9 
 2844      6FF0E908 
 2844      9BE7A4
 2845 0a6e 290F2637 		.ascii	")\017&7\305\235\035\232\347\226c\214\340\177\000z\034"
 2845      C59D1D9A 
 2845      E796638C 
 2845      E07F007A 
 2845      1C
 2846 0a7f 2293     		.ascii	"\"\223"
 2847              		.text
 2848              		.section	.gnu.lto_.symtab.b3bfd481,"e",%progbits
 2849 0000 6273496E 		.ascii	"bsIncomingDataI\000"
 2849      636F6D69 
 2849      6E674461 
 2849      74614900 
 2850 0010 00       		.ascii	"\000"
ARM GAS  C:\Users\acest\AppData\Local\Temp\ccbxR75b.s 			page 76


 2851 0011 00       		.ascii	"\000"
 2852 0012 00       		.ascii	"\000"
 2853 0013 00000000 		.ascii	"\000\000\000\000\000\000\000\000"
 2853      00000000 
 2854 001b 27010000 		.ascii	"'\001\000\000"
 2855 001f 62735265 		.ascii	"bsRequestDataI\000"
 2855      71756573 
 2855      74446174 
 2855      614900
 2856 002e 00       		.ascii	"\000"
 2857 002f 00       		.ascii	"\000"
 2858 0030 00       		.ascii	"\000"
 2859 0031 00000000 		.ascii	"\000\000\000\000\000\000\000\000"
 2859      00000000 
 2860 0039 2F010000 		.ascii	"/\001\000\000"
 2861 003d 63684576 		.ascii	"chEvtBroadcastFlagsI\000"
 2861      7442726F 
 2861      61646361 
 2861      7374466C 
 2861      61677349 
 2862 0052 00       		.ascii	"\000"
 2863 0053 02       		.ascii	"\002"
 2864 0054 00       		.ascii	"\000"
 2865 0055 00000000 		.ascii	"\000\000\000\000\000\000\000\000"
 2865      00000000 
 2866 005d 3B010000 		.ascii	";\001\000\000"
 2867 0061 69715075 		.ascii	"iqPutI\000"
 2867      744900
 2868 0068 00       		.ascii	"\000"
 2869 0069 02       		.ascii	"\002"
 2870 006a 00       		.ascii	"\000"
 2871 006b 00000000 		.ascii	"\000\000\000\000\000\000\000\000"
 2871      00000000 
 2872 0073 42010000 		.ascii	"B\001\000\000"
 2873 0077 6F714765 		.ascii	"oqGetI\000"
 2873      744900
 2874 007e 00       		.ascii	"\000"
 2875 007f 02       		.ascii	"\002"
 2876 0080 00       		.ascii	"\000"
 2877 0081 00000000 		.ascii	"\000\000\000\000\000\000\000\000"
 2877      00000000 
 2878 0089 48010000 		.ascii	"H\001\000\000"
 2879              		.text
 2880              		.section	.gnu.lto_.ext_symtab.b3bfd481,"e",%progbits
 2881 0000 01       		.ascii	"\001"
 2882 0001 01       		.ascii	"\001"
 2883 0002 00       		.ascii	"\000"
 2884 0003 01       		.ascii	"\001"
 2885 0004 00       		.ascii	"\000"
 2886 0005 01       		.ascii	"\001"
 2887 0006 00       		.ascii	"\000"
 2888 0007 01       		.ascii	"\001"
 2889 0008 00       		.ascii	"\000"
 2890 0009 01       		.ascii	"\001"
 2891 000a 00       		.ascii	"\000"
 2892              		.text
 2893              		.section	.gnu.lto_.opts,"e",%progbits
ARM GAS  C:\Users\acest\AppData\Local\Temp\ccbxR75b.s 			page 77


 2894 0000 272D666E 		.ascii	"'-fno-openmp' '-fno-openacc' '-fno-pie' '-fcf-prote"
 2894      6F2D6F70 
 2894      656E6D70 
 2894      2720272D 
 2894      666E6F2D 
 2895 0033 6374696F 		.ascii	"ction=none' '-g' '-mcpu=cortex-m4' '-mthumb' '-mflo"
 2895      6E3D6E6F 
 2895      6E652720 
 2895      272D6727 
 2895      20272D6D 
 2896 0066 61742D61 		.ascii	"at-abi=soft' '-mlibarch=armv7e-m' '-march=armv7e-m'"
 2896      62693D73 
 2896      6F667427 
 2896      20272D6D 
 2896      6C696261 
 2897 0099 20272D4F 		.ascii	" '-O2' '-fomit-frame-pointer' '-falign-functions=16"
 2897      32272027 
 2897      2D666F6D 
 2897      69742D66 
 2897      72616D65 
 2898 00cc 2720272D 		.ascii	"' '-ffunction-sections' '-fdata-sections' '-fno-com"
 2898      6666756E 
 2898      6374696F 
 2898      6E2D7365 
 2898      6374696F 
 2899 00ff 6D6F6E27 		.ascii	"mon' '-flto' '-Xassembler' '-alms=./build/lst/hal_b"
 2899      20272D66 
 2899      6C746F27 
 2899      20272D58 
 2899      61737365 
 2900 0132 75666665 		.ascii	"uffered_serial.lst'\000"
 2900      7265645F 
 2900      73657269 
 2900      616C2E6C 
 2900      73742700 
 2901              		.text
 2902              		.comm	__gnu_lto_slim,1,1
 2903              		.ident	"GCC: (GNU Arm Embedded Toolchain 10.3-2021.10) 10.3.1 20210824 (release)"
ARM GAS  C:\Users\acest\AppData\Local\Temp\ccbxR75b.s 			page 78


DEFINED SYMBOLS
                            *ABS*:00000000 hal_buffered_serial.c
C:\Users\acest\AppData\Local\Temp\ccbxR75b.s:36     .gnu.debuglto_.debug_info:00000000 hal_buffered_serial.c.ad54f57e
                            *COM*:00000001 __gnu_lto_slim

NO UNDEFINED SYMBOLS
