ARM GAS  C:\Users\acest\AppData\Local\Temp\ccYVngif.s 			page 1


   1              		.cpu cortex-m4
   2              		.arch armv7e-m
   3              		.fpu softvfp
   4              		.eabi_attribute 20, 1
   5              		.eabi_attribute 21, 1
   6              		.eabi_attribute 23, 3
   7              		.eabi_attribute 24, 1
   8              		.eabi_attribute 25, 1
   9              		.eabi_attribute 26, 1
  10              		.eabi_attribute 30, 2
  11              		.eabi_attribute 34, 1
  12              		.eabi_attribute 18, 4
  13              		.file	"hal_flash.c"
  14              		.file 1 "c:\\chibistudio\\tools\\gnu tools arm embedded\\10.3 2021.10\\lib\\gcc\\arm-none-eabi\\10
  15              		.file 2 "c:\\chibistudio\\tools\\gnu tools arm embedded\\10.3 2021.10\\arm-none-eabi\\include\\mac
  16              		.file 3 "c:\\chibistudio\\tools\\gnu tools arm embedded\\10.3 2021.10\\arm-none-eabi\\include\\sys
  17              		.file 4 "c:\\chibistudio\\chibios2111\\os\\rt\\include\\chtime.h"
  18              		.file 5 "c:\\chibistudio\\chibios2111\\os\\hal\\include\\hal_flash.h"
  19              		.file 6 "../../../../../ChibiStudio/chibios2111/os/hal/src/hal_flash.c"
  20              		.file 7 "c:\\chibistudio\\chibios2111\\os\\hal\\osal\\rt-nil\\osal.h"
  21              		.section	.gnu.debuglto_.debug_info,"e",%progbits
  22              	.Ldebug_info0:
  23              		.hidden	hal_flash.c.c5cdfa89
  24              		.weak	hal_flash.c.c5cdfa89
  25              	hal_flash.c.c5cdfa89:
  26 0000 DA050000 		.4byte	0x5da
  27 0004 0400     		.2byte	0x4
  28 0006 00000000 		.4byte	.Ldebug_abbrev0
  29 000a 04       		.byte	0x4
  30 000b 01       		.uleb128 0x1
  31 000c 13030000 		.4byte	.LASF76
  32 0010 0C       		.byte	0xc
  33 0011 50040000 		.4byte	.LASF77
  34 0015 96000000 		.4byte	.LASF78
  35 0019 00000000 		.4byte	.Ldebug_line0
  36 001d 02       		.uleb128 0x2
  37 001e 04       		.byte	0x4
  38 001f 05       		.byte	0x5
  39 0020 696E7400 		.ascii	"int\000"
  40 0024 03       		.uleb128 0x3
  41 0025 8F000000 		.4byte	.LASF4
  42 0029 01       		.byte	0x1
  43 002a D1       		.byte	0xd1
  44 002b 17       		.byte	0x17
  45 002c 30000000 		.4byte	0x30
  46 0030 04       		.uleb128 0x4
  47 0031 04       		.byte	0x4
  48 0032 07       		.byte	0x7
  49 0033 49020000 		.4byte	.LASF0
  50 0037 04       		.uleb128 0x4
  51 0038 08       		.byte	0x8
  52 0039 05       		.byte	0x5
  53 003a 89010000 		.4byte	.LASF1
  54 003e 04       		.uleb128 0x4
  55 003f 08       		.byte	0x8
  56 0040 04       		.byte	0x4
  57 0041 5E010000 		.4byte	.LASF2
ARM GAS  C:\Users\acest\AppData\Local\Temp\ccYVngif.s 			page 2


  58 0045 04       		.uleb128 0x4
  59 0046 01       		.byte	0x1
  60 0047 06       		.byte	0x6
  61 0048 20020000 		.4byte	.LASF3
  62 004c 03       		.uleb128 0x3
  63 004d D8010000 		.4byte	.LASF5
  64 0051 02       		.byte	0x2
  65 0052 2B       		.byte	0x2b
  66 0053 18       		.byte	0x18
  67 0054 58000000 		.4byte	0x58
  68 0058 04       		.uleb128 0x4
  69 0059 01       		.byte	0x1
  70 005a 08       		.byte	0x8
  71 005b FC010000 		.4byte	.LASF6
  72 005f 04       		.uleb128 0x4
  73 0060 02       		.byte	0x2
  74 0061 05       		.byte	0x5
  75 0062 85000000 		.4byte	.LASF7
  76 0066 04       		.uleb128 0x4
  77 0067 02       		.byte	0x2
  78 0068 07       		.byte	0x7
  79 0069 B5020000 		.4byte	.LASF8
  80 006d 04       		.uleb128 0x4
  81 006e 04       		.byte	0x4
  82 006f 05       		.byte	0x5
  83 0070 CA010000 		.4byte	.LASF9
  84 0074 03       		.uleb128 0x3
  85 0075 D5000000 		.4byte	.LASF10
  86 0079 02       		.byte	0x2
  87 007a 4F       		.byte	0x4f
  88 007b 19       		.byte	0x19
  89 007c 80000000 		.4byte	0x80
  90 0080 04       		.uleb128 0x4
  91 0081 04       		.byte	0x4
  92 0082 07       		.byte	0x7
  93 0083 FE030000 		.4byte	.LASF11
  94 0087 03       		.uleb128 0x3
  95 0088 E6030000 		.4byte	.LASF12
  96 008c 02       		.byte	0x2
  97 008d 69       		.byte	0x69
  98 008e 19       		.byte	0x19
  99 008f 93000000 		.4byte	0x93
 100 0093 04       		.uleb128 0x4
 101 0094 08       		.byte	0x8
 102 0095 07       		.byte	0x7
 103 0096 97010000 		.4byte	.LASF13
 104 009a 03       		.uleb128 0x3
 105 009b 23010000 		.4byte	.LASF14
 106 009f 03       		.byte	0x3
 107 00a0 18       		.byte	0x18
 108 00a1 13       		.byte	0x13
 109 00a2 4C000000 		.4byte	0x4c
 110 00a6 05       		.uleb128 0x5
 111 00a7 9A000000 		.4byte	0x9a
 112 00ab 03       		.uleb128 0x3
 113 00ac 00000000 		.4byte	.LASF15
 114 00b0 03       		.byte	0x3
ARM GAS  C:\Users\acest\AppData\Local\Temp\ccYVngif.s 			page 3


 115 00b1 30       		.byte	0x30
 116 00b2 14       		.byte	0x14
 117 00b3 74000000 		.4byte	0x74
 118 00b7 03       		.uleb128 0x3
 119 00b8 6D000000 		.4byte	.LASF16
 120 00bc 03       		.byte	0x3
 121 00bd 3C       		.byte	0x3c
 122 00be 14       		.byte	0x14
 123 00bf 87000000 		.4byte	0x87
 124 00c3 04       		.uleb128 0x4
 125 00c4 01       		.byte	0x1
 126 00c5 08       		.byte	0x8
 127 00c6 EE020000 		.4byte	.LASF17
 128 00ca 05       		.uleb128 0x5
 129 00cb C3000000 		.4byte	0xc3
 130 00cf 03       		.uleb128 0x3
 131 00d0 D8030000 		.4byte	.LASF18
 132 00d4 04       		.byte	0x4
 133 00d5 79       		.byte	0x79
 134 00d6 12       		.byte	0x12
 135 00d7 AB000000 		.4byte	0xab
 136 00db 03       		.uleb128 0x3
 137 00dc 9D040000 		.4byte	.LASF19
 138 00e0 04       		.byte	0x4
 139 00e1 9B       		.byte	0x9b
 140 00e2 12       		.byte	0x12
 141 00e3 B7000000 		.4byte	0xb7
 142 00e7 06       		.uleb128 0x6
 143 00e8 04       		.byte	0x4
 144 00e9 04       		.uleb128 0x4
 145 00ea 01       		.byte	0x1
 146 00eb 02       		.byte	0x2
 147 00ec 0D030000 		.4byte	.LASF20
 148 00f0 07       		.uleb128 0x7
 149 00f1 04       		.byte	0x4
 150 00f2 9A000000 		.4byte	0x9a
 151 00f6 07       		.uleb128 0x7
 152 00f7 04       		.byte	0x4
 153 00f8 A6000000 		.4byte	0xa6
 154 00fc 08       		.uleb128 0x8
 155 00fd 07       		.byte	0x7
 156 00fe 01       		.byte	0x1
 157 00ff 58000000 		.4byte	0x58
 158 0103 05       		.byte	0x5
 159 0104 57       		.byte	0x57
 160 0105 0E       		.byte	0xe
 161 0106 2F010000 		.4byte	0x12f
 162 010a 09       		.uleb128 0x9
 163 010b F1030000 		.4byte	.LASF21
 164 010f 00       		.byte	0
 165 0110 09       		.uleb128 0x9
 166 0111 0F050000 		.4byte	.LASF22
 167 0115 01       		.byte	0x1
 168 0116 09       		.uleb128 0x9
 169 0117 44040000 		.4byte	.LASF23
 170 011b 02       		.byte	0x2
 171 011c 09       		.uleb128 0x9
ARM GAS  C:\Users\acest\AppData\Local\Temp\ccYVngif.s 			page 4


 172 011d 02030000 		.4byte	.LASF24
 173 0121 03       		.byte	0x3
 174 0122 09       		.uleb128 0x9
 175 0123 8E040000 		.4byte	.LASF25
 176 0127 04       		.byte	0x4
 177 0128 09       		.uleb128 0x9
 178 0129 05010000 		.4byte	.LASF26
 179 012d 05       		.byte	0x5
 180 012e 00       		.byte	0
 181 012f 03       		.uleb128 0x3
 182 0130 3D000000 		.4byte	.LASF27
 183 0134 05       		.byte	0x5
 184 0135 5E       		.byte	0x5e
 185 0136 03       		.byte	0x3
 186 0137 FC000000 		.4byte	0xfc
 187 013b 08       		.uleb128 0x8
 188 013c 07       		.byte	0x7
 189 013d 01       		.byte	0x1
 190 013e 58000000 		.4byte	0x58
 191 0142 05       		.byte	0x5
 192 0143 63       		.byte	0x63
 193 0144 0E       		.byte	0xe
 194 0145 7A010000 		.4byte	0x17a
 195 0149 09       		.uleb128 0x9
 196 014a CF020000 		.4byte	.LASF28
 197 014e 00       		.byte	0
 198 014f 09       		.uleb128 0x9
 199 0150 7B020000 		.4byte	.LASF29
 200 0154 01       		.byte	0x1
 201 0155 09       		.uleb128 0x9
 202 0156 8E020000 		.4byte	.LASF30
 203 015a 02       		.byte	0x2
 204 015b 09       		.uleb128 0x9
 205 015c A9040000 		.4byte	.LASF31
 206 0160 03       		.byte	0x3
 207 0161 09       		.uleb128 0x9
 208 0162 55000000 		.4byte	.LASF32
 209 0166 04       		.byte	0x4
 210 0167 09       		.uleb128 0x9
 211 0168 CB040000 		.4byte	.LASF33
 212 016c 05       		.byte	0x5
 213 016d 09       		.uleb128 0x9
 214 016e F3040000 		.4byte	.LASF34
 215 0172 06       		.byte	0x6
 216 0173 09       		.uleb128 0x9
 217 0174 6A010000 		.4byte	.LASF35
 218 0178 07       		.byte	0x7
 219 0179 00       		.byte	0
 220 017a 03       		.uleb128 0x3
 221 017b BD040000 		.4byte	.LASF36
 222 017f 05       		.byte	0x5
 223 0180 6C       		.byte	0x6c
 224 0181 03       		.byte	0x3
 225 0182 3B010000 		.4byte	0x13b
 226 0186 03       		.uleb128 0x3
 227 0187 F3020000 		.4byte	.LASF37
 228 018b 05       		.byte	0x5
ARM GAS  C:\Users\acest\AppData\Local\Temp\ccYVngif.s 			page 5


 229 018c 71       		.byte	0x71
 230 018d 12       		.byte	0x12
 231 018e AB000000 		.4byte	0xab
 232 0192 03       		.uleb128 0x3
 233 0193 F6000000 		.4byte	.LASF38
 234 0197 05       		.byte	0x5
 235 0198 76       		.byte	0x76
 236 0199 12       		.byte	0x12
 237 019a AB000000 		.4byte	0xab
 238 019e 0A       		.uleb128 0xa
 239 019f 08       		.byte	0x8
 240 01a0 05       		.byte	0x5
 241 01a1 7B       		.byte	0x7b
 242 01a2 09       		.byte	0x9
 243 01a3 C2010000 		.4byte	0x1c2
 244 01a7 0B       		.uleb128 0xb
 245 01a8 C8020000 		.4byte	.LASF39
 246 01ac 05       		.byte	0x5
 247 01ad 7F       		.byte	0x7f
 248 01ae 19       		.byte	0x19
 249 01af 86010000 		.4byte	0x186
 250 01b3 00       		.byte	0
 251 01b4 0B       		.uleb128 0xb
 252 01b5 3F040000 		.4byte	.LASF40
 253 01b9 05       		.byte	0x5
 254 01ba 83       		.byte	0x83
 255 01bb 19       		.byte	0x19
 256 01bc AB000000 		.4byte	0xab
 257 01c0 04       		.byte	0x4
 258 01c1 00       		.byte	0
 259 01c2 03       		.uleb128 0x3
 260 01c3 E2010000 		.4byte	.LASF41
 261 01c7 05       		.byte	0x5
 262 01c8 84       		.byte	0x84
 263 01c9 03       		.byte	0x3
 264 01ca 9E010000 		.4byte	0x19e
 265 01ce 05       		.uleb128 0x5
 266 01cf C2010000 		.4byte	0x1c2
 267 01d3 0A       		.uleb128 0xa
 268 01d4 1C       		.byte	0x1c
 269 01d5 05       		.byte	0x5
 270 01d6 89       		.byte	0x89
 271 01d7 09       		.byte	0x9
 272 01d8 38020000 		.4byte	0x238
 273 01dc 0B       		.uleb128 0xb
 274 01dd 32000000 		.4byte	.LASF42
 275 01e1 05       		.byte	0x5
 276 01e2 8D       		.byte	0x8d
 277 01e3 19       		.byte	0x19
 278 01e4 AB000000 		.4byte	0xab
 279 01e8 00       		.byte	0
 280 01e9 0B       		.uleb128 0xb
 281 01ea 4B000000 		.4byte	.LASF43
 282 01ee 05       		.byte	0x5
 283 01ef 91       		.byte	0x91
 284 01f0 19       		.byte	0x19
 285 01f1 AB000000 		.4byte	0xab
ARM GAS  C:\Users\acest\AppData\Local\Temp\ccYVngif.s 			page 6


 286 01f5 04       		.byte	0x4
 287 01f6 0B       		.uleb128 0xb
 288 01f7 1A050000 		.4byte	.LASF44
 289 01fb 05       		.byte	0x5
 290 01fc 95       		.byte	0x95
 291 01fd 19       		.byte	0x19
 292 01fe 92010000 		.4byte	0x192
 293 0202 08       		.byte	0x8
 294 0203 0B       		.uleb128 0xb
 295 0204 41020000 		.4byte	.LASF45
 296 0208 05       		.byte	0x5
 297 0209 9B       		.byte	0x9b
 298 020a 24       		.byte	0x24
 299 020b 38020000 		.4byte	0x238
 300 020f 0C       		.byte	0xc
 301 0210 0B       		.uleb128 0xb
 302 0211 34020000 		.4byte	.LASF46
 303 0215 05       		.byte	0x5
 304 0216 A1       		.byte	0xa1
 305 0217 19       		.byte	0x19
 306 0218 AB000000 		.4byte	0xab
 307 021c 10       		.byte	0x10
 308 021d 0B       		.uleb128 0xb
 309 021e 2C020000 		.4byte	.LASF47
 310 0222 05       		.byte	0x5
 311 0223 A6       		.byte	0xa6
 312 0224 1A       		.byte	0x1a
 313 0225 F0000000 		.4byte	0xf0
 314 0229 14       		.byte	0x14
 315 022a 0B       		.uleb128 0xb
 316 022b 3F040000 		.4byte	.LASF40
 317 022f 05       		.byte	0x5
 318 0230 AA       		.byte	0xaa
 319 0231 19       		.byte	0x19
 320 0232 AB000000 		.4byte	0xab
 321 0236 18       		.byte	0x18
 322 0237 00       		.byte	0
 323 0238 07       		.uleb128 0x7
 324 0239 04       		.byte	0x4
 325 023a CE010000 		.4byte	0x1ce
 326 023e 03       		.uleb128 0x3
 327 023f 56020000 		.4byte	.LASF48
 328 0243 05       		.byte	0x5
 329 0244 AB       		.byte	0xab
 330 0245 03       		.byte	0x3
 331 0246 D3010000 		.4byte	0x1d3
 332 024a 05       		.uleb128 0x5
 333 024b 3E020000 		.4byte	0x23e
 334 024f 0C       		.uleb128 0xc
 335 0250 25040000 		.4byte	.LASF79
 336 0254 28       		.byte	0x28
 337 0255 05       		.byte	0x5
 338 0256 D0       		.byte	0xd0
 339 0257 08       		.byte	0x8
 340 0258 DF020000 		.4byte	0x2df
 341 025c 0B       		.uleb128 0xb
 342 025d AE010000 		.4byte	.LASF49
ARM GAS  C:\Users\acest\AppData\Local\Temp\ccYVngif.s 			page 7


 343 0261 05       		.byte	0x5
 344 0262 D1       		.byte	0xd1
 345 0263 03       		.byte	0x3
 346 0264 24000000 		.4byte	0x24
 347 0268 00       		.byte	0
 348 0269 0B       		.uleb128 0xb
 349 026a 76000000 		.4byte	.LASF50
 350 026e 05       		.byte	0x5
 351 026f D1       		.byte	0xd1
 352 0270 03       		.byte	0x3
 353 0271 F9020000 		.4byte	0x2f9
 354 0275 04       		.byte	0x4
 355 0276 0B       		.uleb128 0xb
 356 0277 84010000 		.4byte	.LASF51
 357 027b 05       		.byte	0x5
 358 027c D1       		.byte	0xd1
 359 027d 03       		.byte	0x3
 360 027e 1D030000 		.4byte	0x31d
 361 0282 08       		.byte	0x8
 362 0283 0B       		.uleb128 0xb
 363 0284 40010000 		.4byte	.LASF52
 364 0288 05       		.byte	0x5
 365 0289 D1       		.byte	0xd1
 366 028a 03       		.byte	0x3
 367 028b 41030000 		.4byte	0x341
 368 028f 0C       		.byte	0xc
 369 0290 0B       		.uleb128 0xb
 370 0291 E6000000 		.4byte	.LASF53
 371 0295 05       		.byte	0x5
 372 0296 D1       		.byte	0xd1
 373 0297 03       		.byte	0x3
 374 0298 56030000 		.4byte	0x356
 375 029c 10       		.byte	0x10
 376 029d 0B       		.uleb128 0xb
 377 029e C2000000 		.4byte	.LASF54
 378 02a2 05       		.byte	0x5
 379 02a3 D1       		.byte	0xd1
 380 02a4 03       		.byte	0x3
 381 02a5 70030000 		.4byte	0x370
 382 02a9 14       		.byte	0x14
 383 02aa 0B       		.uleb128 0xb
 384 02ab BE010000 		.4byte	.LASF55
 385 02af 05       		.byte	0x5
 386 02b0 D1       		.byte	0xd1
 387 02b1 03       		.byte	0x3
 388 02b2 90030000 		.4byte	0x390
 389 02b6 18       		.byte	0x18
 390 02b7 0B       		.uleb128 0xb
 391 02b8 13020000 		.4byte	.LASF56
 392 02bc 05       		.byte	0x5
 393 02bd D1       		.byte	0xd1
 394 02be 03       		.byte	0x3
 395 02bf 70030000 		.4byte	0x370
 396 02c3 1C       		.byte	0x1c
 397 02c4 0B       		.uleb128 0xb
 398 02c5 69020000 		.4byte	.LASF57
 399 02c9 05       		.byte	0x5
ARM GAS  C:\Users\acest\AppData\Local\Temp\ccYVngif.s 			page 8


 400 02ca D1       		.byte	0xd1
 401 02cb 03       		.byte	0x3
 402 02cc 56030000 		.4byte	0x356
 403 02d0 20       		.byte	0x20
 404 02d1 0B       		.uleb128 0xb
 405 02d2 11010000 		.4byte	.LASF58
 406 02d6 05       		.byte	0x5
 407 02d7 D1       		.byte	0xd1
 408 02d8 03       		.byte	0x3
 409 02d9 56030000 		.4byte	0x356
 410 02dd 24       		.byte	0x24
 411 02de 00       		.byte	0
 412 02df 05       		.uleb128 0x5
 413 02e0 4F020000 		.4byte	0x24f
 414 02e4 0D       		.uleb128 0xd
 415 02e5 F3020000 		.4byte	0x2f3
 416 02e9 F3020000 		.4byte	0x2f3
 417 02ed 0E       		.uleb128 0xe
 418 02ee E7000000 		.4byte	0xe7
 419 02f2 00       		.byte	0
 420 02f3 07       		.uleb128 0x7
 421 02f4 04       		.byte	0x4
 422 02f5 4A020000 		.4byte	0x24a
 423 02f9 07       		.uleb128 0x7
 424 02fa 04       		.byte	0x4
 425 02fb E4020000 		.4byte	0x2e4
 426 02ff 0D       		.uleb128 0xd
 427 0300 7A010000 		.4byte	0x17a
 428 0304 1D030000 		.4byte	0x31d
 429 0308 0E       		.uleb128 0xe
 430 0309 E7000000 		.4byte	0xe7
 431 030d 0E       		.uleb128 0xe
 432 030e 86010000 		.4byte	0x186
 433 0312 0E       		.uleb128 0xe
 434 0313 24000000 		.4byte	0x24
 435 0317 0E       		.uleb128 0xe
 436 0318 F0000000 		.4byte	0xf0
 437 031c 00       		.byte	0
 438 031d 07       		.uleb128 0x7
 439 031e 04       		.byte	0x4
 440 031f FF020000 		.4byte	0x2ff
 441 0323 0D       		.uleb128 0xd
 442 0324 7A010000 		.4byte	0x17a
 443 0328 41030000 		.4byte	0x341
 444 032c 0E       		.uleb128 0xe
 445 032d E7000000 		.4byte	0xe7
 446 0331 0E       		.uleb128 0xe
 447 0332 86010000 		.4byte	0x186
 448 0336 0E       		.uleb128 0xe
 449 0337 24000000 		.4byte	0x24
 450 033b 0E       		.uleb128 0xe
 451 033c F6000000 		.4byte	0xf6
 452 0340 00       		.byte	0
 453 0341 07       		.uleb128 0x7
 454 0342 04       		.byte	0x4
 455 0343 23030000 		.4byte	0x323
 456 0347 0D       		.uleb128 0xd
ARM GAS  C:\Users\acest\AppData\Local\Temp\ccYVngif.s 			page 9


 457 0348 7A010000 		.4byte	0x17a
 458 034c 56030000 		.4byte	0x356
 459 0350 0E       		.uleb128 0xe
 460 0351 E7000000 		.4byte	0xe7
 461 0355 00       		.byte	0
 462 0356 07       		.uleb128 0x7
 463 0357 04       		.byte	0x4
 464 0358 47030000 		.4byte	0x347
 465 035c 0D       		.uleb128 0xd
 466 035d 7A010000 		.4byte	0x17a
 467 0361 70030000 		.4byte	0x370
 468 0365 0E       		.uleb128 0xe
 469 0366 E7000000 		.4byte	0xe7
 470 036a 0E       		.uleb128 0xe
 471 036b 92010000 		.4byte	0x192
 472 036f 00       		.byte	0
 473 0370 07       		.uleb128 0x7
 474 0371 04       		.byte	0x4
 475 0372 5C030000 		.4byte	0x35c
 476 0376 0D       		.uleb128 0xd
 477 0377 7A010000 		.4byte	0x17a
 478 037b 8A030000 		.4byte	0x38a
 479 037f 0E       		.uleb128 0xe
 480 0380 E7000000 		.4byte	0xe7
 481 0384 0E       		.uleb128 0xe
 482 0385 8A030000 		.4byte	0x38a
 483 0389 00       		.byte	0
 484 038a 07       		.uleb128 0x7
 485 038b 04       		.byte	0x4
 486 038c AB000000 		.4byte	0xab
 487 0390 07       		.uleb128 0x7
 488 0391 04       		.byte	0x4
 489 0392 76030000 		.4byte	0x376
 490 0396 0A       		.uleb128 0xa
 491 0397 08       		.byte	0x8
 492 0398 05       		.byte	0x5
 493 0399 E1       		.byte	0xe1
 494 039a 09       		.byte	0x9
 495 039b BA030000 		.4byte	0x3ba
 496 039f 0F       		.uleb128 0xf
 497 03a0 766D7400 		.ascii	"vmt\000"
 498 03a4 05       		.byte	0x5
 499 03a5 E3       		.byte	0xe3
 500 03a6 1E       		.byte	0x1e
 501 03a7 BA030000 		.4byte	0x3ba
 502 03ab 00       		.byte	0
 503 03ac 0B       		.uleb128 0xb
 504 03ad 67000000 		.4byte	.LASF59
 505 03b1 05       		.byte	0x5
 506 03b2 E4       		.byte	0xe4
 507 03b3 03       		.byte	0x3
 508 03b4 2F010000 		.4byte	0x12f
 509 03b8 04       		.byte	0x4
 510 03b9 00       		.byte	0
 511 03ba 07       		.uleb128 0x7
 512 03bb 04       		.byte	0x4
 513 03bc DF020000 		.4byte	0x2df
ARM GAS  C:\Users\acest\AppData\Local\Temp\ccYVngif.s 			page 10


 514 03c0 03       		.uleb128 0x3
 515 03c1 E9040000 		.4byte	.LASF60
 516 03c5 05       		.byte	0x5
 517 03c6 E5       		.byte	0xe5
 518 03c7 03       		.byte	0x3
 519 03c8 96030000 		.4byte	0x396
 520 03cc 10       		.uleb128 0x10
 521 03cd 9F020000 		.4byte	.LASF63
 522 03d1 06       		.byte	0x6
 523 03d2 C1       		.byte	0xc1
 524 03d3 10       		.byte	0x10
 525 03d4 86010000 		.4byte	0x186
 526 03d8 0A040000 		.4byte	0x40a
 527 03dc 11       		.uleb128 0x11
 528 03dd 98040000 		.4byte	.LASF61
 529 03e1 06       		.byte	0x6
 530 03e2 C1       		.byte	0xc1
 531 03e3 31       		.byte	0x31
 532 03e4 0A040000 		.4byte	0x40a
 533 03e8 11       		.uleb128 0x11
 534 03e9 D3010000 		.4byte	.LASF62
 535 03ed 06       		.byte	0x6
 536 03ee C1       		.byte	0xc1
 537 03ef 3D       		.byte	0x3d
 538 03f0 E7000000 		.4byte	0xe7
 539 03f4 12       		.uleb128 0x12
 540 03f5 28050000 		.4byte	.LASF65
 541 03f9 06       		.byte	0x6
 542 03fa C2       		.byte	0xc2
 543 03fb 1D       		.byte	0x1d
 544 03fc F3020000 		.4byte	0x2f3
 545 0400 13       		.uleb128 0x13
 546 0401 0A020000 		.4byte	.LASF66
 547 0405 20040000 		.4byte	0x420
 548 0409 00       		.byte	0
 549 040a 07       		.uleb128 0x7
 550 040b 04       		.byte	0x4
 551 040c C0030000 		.4byte	0x3c0
 552 0410 14       		.uleb128 0x14
 553 0411 CA000000 		.4byte	0xca
 554 0415 20040000 		.4byte	0x420
 555 0419 15       		.uleb128 0x15
 556 041a 30000000 		.4byte	0x30
 557 041e 15       		.byte	0x15
 558 041f 00       		.byte	0
 559 0420 05       		.uleb128 0x5
 560 0421 10040000 		.4byte	0x410
 561 0425 10       		.uleb128 0x10
 562 0426 09000000 		.4byte	.LASF64
 563 042a 06       		.byte	0x6
 564 042b B0       		.byte	0xb0
 565 042c 07       		.byte	0x7
 566 042d E7000000 		.4byte	0xe7
 567 0431 63040000 		.4byte	0x463
 568 0435 11       		.uleb128 0x11
 569 0436 98040000 		.4byte	.LASF61
 570 043a 06       		.byte	0x6
ARM GAS  C:\Users\acest\AppData\Local\Temp\ccYVngif.s 			page 11


 571 043b B0       		.byte	0xb0
 572 043c 28       		.byte	0x28
 573 043d 0A040000 		.4byte	0x40a
 574 0441 11       		.uleb128 0x11
 575 0442 C8020000 		.4byte	.LASF39
 576 0446 06       		.byte	0x6
 577 0447 B0       		.byte	0xb0
 578 0448 3D       		.byte	0x3d
 579 0449 86010000 		.4byte	0x186
 580 044d 12       		.uleb128 0x12
 581 044e 28050000 		.4byte	.LASF65
 582 0452 06       		.byte	0x6
 583 0453 B1       		.byte	0xb1
 584 0454 1D       		.byte	0x1d
 585 0455 F3020000 		.4byte	0x2f3
 586 0459 13       		.uleb128 0x13
 587 045a 0A020000 		.4byte	.LASF66
 588 045e 20040000 		.4byte	0x420
 589 0462 00       		.byte	0
 590 0463 10       		.uleb128 0x10
 591 0464 2B010000 		.4byte	.LASF67
 592 0468 06       		.byte	0x6
 593 0469 8B       		.byte	0x8b
 594 046a 10       		.byte	0x10
 595 046b 92010000 		.4byte	0x192
 596 046f D1040000 		.4byte	0x4d1
 597 0473 11       		.uleb128 0x11
 598 0474 98040000 		.4byte	.LASF61
 599 0478 06       		.byte	0x6
 600 0479 8B       		.byte	0x8b
 601 047a 30       		.byte	0x30
 602 047b 0A040000 		.4byte	0x40a
 603 047f 11       		.uleb128 0x11
 604 0480 C8020000 		.4byte	.LASF39
 605 0484 06       		.byte	0x6
 606 0485 8B       		.byte	0x8b
 607 0486 45       		.byte	0x45
 608 0487 86010000 		.4byte	0x186
 609 048b 12       		.uleb128 0x12
 610 048c 48010000 		.4byte	.LASF68
 611 0490 06       		.byte	0x6
 612 0491 8C       		.byte	0x8c
 613 0492 12       		.byte	0x12
 614 0493 92010000 		.4byte	0x192
 615 0497 16       		.uleb128 0x16
 616 0498 6900     		.ascii	"i\000"
 617 049a 06       		.byte	0x6
 618 049b 8C       		.byte	0x8c
 619 049c 1A       		.byte	0x1a
 620 049d 92010000 		.4byte	0x192
 621 04a1 12       		.uleb128 0x12
 622 04a2 28050000 		.4byte	.LASF65
 623 04a6 06       		.byte	0x6
 624 04a7 8D       		.byte	0x8d
 625 04a8 1D       		.byte	0x1d
 626 04a9 F3020000 		.4byte	0x2f3
 627 04ad 13       		.uleb128 0x13
ARM GAS  C:\Users\acest\AppData\Local\Temp\ccYVngif.s 			page 12


 628 04ae 0A020000 		.4byte	.LASF66
 629 04b2 E1040000 		.4byte	0x4e1
 630 04b6 17       		.uleb128 0x17
 631 04b7 12       		.uleb128 0x12
 632 04b8 32040000 		.4byte	.LASF69
 633 04bc 06       		.byte	0x6
 634 04bd 92       		.byte	0x92
 635 04be 14       		.byte	0x14
 636 04bf 86010000 		.4byte	0x186
 637 04c3 12       		.uleb128 0x12
 638 04c4 DE040000 		.4byte	.LASF70
 639 04c8 06       		.byte	0x6
 640 04c9 93       		.byte	0x93
 641 04ca 14       		.byte	0x14
 642 04cb 86010000 		.4byte	0x186
 643 04cf 00       		.byte	0
 644 04d0 00       		.byte	0
 645 04d1 14       		.uleb128 0x14
 646 04d2 CA000000 		.4byte	0xca
 647 04d6 E1040000 		.4byte	0x4e1
 648 04da 15       		.uleb128 0x15
 649 04db 30000000 		.4byte	0x30
 650 04df 14       		.byte	0x14
 651 04e0 00       		.byte	0
 652 04e1 05       		.uleb128 0x5
 653 04e2 D1040000 		.4byte	0x4d1
 654 04e6 10       		.uleb128 0x10
 655 04e7 1F000000 		.4byte	.LASF71
 656 04eb 06       		.byte	0x6
 657 04ec 71       		.byte	0x71
 658 04ed 0A       		.byte	0xa
 659 04ee AB000000 		.4byte	0xab
 660 04f2 30050000 		.4byte	0x530
 661 04f6 11       		.uleb128 0x11
 662 04f7 98040000 		.4byte	.LASF61
 663 04fb 06       		.byte	0x6
 664 04fc 71       		.byte	0x71
 665 04fd 28       		.byte	0x28
 666 04fe 0A040000 		.4byte	0x40a
 667 0502 11       		.uleb128 0x11
 668 0503 48010000 		.4byte	.LASF68
 669 0507 06       		.byte	0x6
 670 0508 72       		.byte	0x72
 671 0509 2C       		.byte	0x2c
 672 050a 92010000 		.4byte	0x192
 673 050e 12       		.uleb128 0x12
 674 050f 3F040000 		.4byte	.LASF40
 675 0513 06       		.byte	0x6
 676 0514 73       		.byte	0x73
 677 0515 0C       		.byte	0xc
 678 0516 AB000000 		.4byte	0xab
 679 051a 12       		.uleb128 0x12
 680 051b 28050000 		.4byte	.LASF65
 681 051f 06       		.byte	0x6
 682 0520 74       		.byte	0x74
 683 0521 1D       		.byte	0x1d
 684 0522 F3020000 		.4byte	0x2f3
ARM GAS  C:\Users\acest\AppData\Local\Temp\ccYVngif.s 			page 13


 685 0526 13       		.uleb128 0x13
 686 0527 0A020000 		.4byte	.LASF66
 687 052b 40050000 		.4byte	0x540
 688 052f 00       		.byte	0
 689 0530 14       		.uleb128 0x14
 690 0531 CA000000 		.4byte	0xca
 691 0535 40050000 		.4byte	0x540
 692 0539 15       		.uleb128 0x15
 693 053a 30000000 		.4byte	0x30
 694 053e 12       		.byte	0x12
 695 053f 00       		.byte	0
 696 0540 05       		.uleb128 0x5
 697 0541 30050000 		.4byte	0x530
 698 0545 10       		.uleb128 0x10
 699 0546 10040000 		.4byte	.LASF72
 700 054a 06       		.byte	0x6
 701 054b 57       		.byte	0x57
 702 054c 10       		.byte	0x10
 703 054d 86010000 		.4byte	0x186
 704 0551 8F050000 		.4byte	0x58f
 705 0555 11       		.uleb128 0x11
 706 0556 98040000 		.4byte	.LASF61
 707 055a 06       		.byte	0x6
 708 055b 57       		.byte	0x57
 709 055c 30       		.byte	0x30
 710 055d 0A040000 		.4byte	0x40a
 711 0561 11       		.uleb128 0x11
 712 0562 48010000 		.4byte	.LASF68
 713 0566 06       		.byte	0x6
 714 0567 58       		.byte	0x58
 715 0568 34       		.byte	0x34
 716 0569 92010000 		.4byte	0x192
 717 056d 12       		.uleb128 0x12
 718 056e C8020000 		.4byte	.LASF39
 719 0572 06       		.byte	0x6
 720 0573 59       		.byte	0x59
 721 0574 12       		.byte	0x12
 722 0575 86010000 		.4byte	0x186
 723 0579 12       		.uleb128 0x12
 724 057a 28050000 		.4byte	.LASF65
 725 057e 06       		.byte	0x6
 726 057f 5A       		.byte	0x5a
 727 0580 1D       		.byte	0x1d
 728 0581 F3020000 		.4byte	0x2f3
 729 0585 13       		.uleb128 0x13
 730 0586 0A020000 		.4byte	.LASF66
 731 058a E1040000 		.4byte	0x4e1
 732 058e 00       		.byte	0
 733 058f 10       		.uleb128 0x10
 734 0590 4F010000 		.4byte	.LASF73
 735 0594 06       		.byte	0x6
 736 0595 3D       		.byte	0x3d
 737 0596 0F       		.byte	0xf
 738 0597 7A010000 		.4byte	0x17a
 739 059b C6050000 		.4byte	0x5c6
 740 059f 11       		.uleb128 0x11
 741 05a0 98040000 		.4byte	.LASF61
ARM GAS  C:\Users\acest\AppData\Local\Temp\ccYVngif.s 			page 14


 742 05a4 06       		.byte	0x6
 743 05a5 3D       		.byte	0x3d
 744 05a6 29       		.byte	0x29
 745 05a7 0A040000 		.4byte	0x40a
 746 05ab 17       		.uleb128 0x17
 747 05ac 16       		.uleb128 0x16
 748 05ad 65727200 		.ascii	"err\000"
 749 05b1 06       		.byte	0x6
 750 05b2 40       		.byte	0x40
 751 05b3 13       		.byte	0x13
 752 05b4 7A010000 		.4byte	0x17a
 753 05b8 12       		.uleb128 0x12
 754 05b9 0A050000 		.4byte	.LASF74
 755 05bd 06       		.byte	0x6
 756 05be 41       		.byte	0x41
 757 05bf 0E       		.byte	0xe
 758 05c0 AB000000 		.4byte	0xab
 759 05c4 00       		.byte	0
 760 05c5 00       		.byte	0
 761 05c6 18       		.uleb128 0x18
 762 05c7 DE020000 		.4byte	.LASF80
 763 05cb 07       		.byte	0x7
 764 05cc 0E03     		.2byte	0x30e
 765 05ce 14       		.byte	0x14
 766 05cf 19       		.uleb128 0x19
 767 05d0 E0000000 		.4byte	.LASF75
 768 05d4 07       		.byte	0x7
 769 05d5 0E03     		.2byte	0x30e
 770 05d7 32       		.byte	0x32
 771 05d8 CF000000 		.4byte	0xcf
 772 05dc 00       		.byte	0
 773 05dd 00       		.byte	0
 774              		.section	.gnu.debuglto_.debug_abbrev,"e",%progbits
 775              	.Ldebug_abbrev0:
 776 0000 01       		.uleb128 0x1
 777 0001 11       		.uleb128 0x11
 778 0002 01       		.byte	0x1
 779 0003 25       		.uleb128 0x25
 780 0004 0E       		.uleb128 0xe
 781 0005 13       		.uleb128 0x13
 782 0006 0B       		.uleb128 0xb
 783 0007 03       		.uleb128 0x3
 784 0008 0E       		.uleb128 0xe
 785 0009 1B       		.uleb128 0x1b
 786 000a 0E       		.uleb128 0xe
 787 000b 10       		.uleb128 0x10
 788 000c 17       		.uleb128 0x17
 789 000d 00       		.byte	0
 790 000e 00       		.byte	0
 791 000f 02       		.uleb128 0x2
 792 0010 24       		.uleb128 0x24
 793 0011 00       		.byte	0
 794 0012 0B       		.uleb128 0xb
 795 0013 0B       		.uleb128 0xb
 796 0014 3E       		.uleb128 0x3e
 797 0015 0B       		.uleb128 0xb
 798 0016 03       		.uleb128 0x3
ARM GAS  C:\Users\acest\AppData\Local\Temp\ccYVngif.s 			page 15


 799 0017 08       		.uleb128 0x8
 800 0018 00       		.byte	0
 801 0019 00       		.byte	0
 802 001a 03       		.uleb128 0x3
 803 001b 16       		.uleb128 0x16
 804 001c 00       		.byte	0
 805 001d 03       		.uleb128 0x3
 806 001e 0E       		.uleb128 0xe
 807 001f 3A       		.uleb128 0x3a
 808 0020 0B       		.uleb128 0xb
 809 0021 3B       		.uleb128 0x3b
 810 0022 0B       		.uleb128 0xb
 811 0023 39       		.uleb128 0x39
 812 0024 0B       		.uleb128 0xb
 813 0025 49       		.uleb128 0x49
 814 0026 13       		.uleb128 0x13
 815 0027 00       		.byte	0
 816 0028 00       		.byte	0
 817 0029 04       		.uleb128 0x4
 818 002a 24       		.uleb128 0x24
 819 002b 00       		.byte	0
 820 002c 0B       		.uleb128 0xb
 821 002d 0B       		.uleb128 0xb
 822 002e 3E       		.uleb128 0x3e
 823 002f 0B       		.uleb128 0xb
 824 0030 03       		.uleb128 0x3
 825 0031 0E       		.uleb128 0xe
 826 0032 00       		.byte	0
 827 0033 00       		.byte	0
 828 0034 05       		.uleb128 0x5
 829 0035 26       		.uleb128 0x26
 830 0036 00       		.byte	0
 831 0037 49       		.uleb128 0x49
 832 0038 13       		.uleb128 0x13
 833 0039 00       		.byte	0
 834 003a 00       		.byte	0
 835 003b 06       		.uleb128 0x6
 836 003c 0F       		.uleb128 0xf
 837 003d 00       		.byte	0
 838 003e 0B       		.uleb128 0xb
 839 003f 0B       		.uleb128 0xb
 840 0040 00       		.byte	0
 841 0041 00       		.byte	0
 842 0042 07       		.uleb128 0x7
 843 0043 0F       		.uleb128 0xf
 844 0044 00       		.byte	0
 845 0045 0B       		.uleb128 0xb
 846 0046 0B       		.uleb128 0xb
 847 0047 49       		.uleb128 0x49
 848 0048 13       		.uleb128 0x13
 849 0049 00       		.byte	0
 850 004a 00       		.byte	0
 851 004b 08       		.uleb128 0x8
 852 004c 04       		.uleb128 0x4
 853 004d 01       		.byte	0x1
 854 004e 3E       		.uleb128 0x3e
 855 004f 0B       		.uleb128 0xb
ARM GAS  C:\Users\acest\AppData\Local\Temp\ccYVngif.s 			page 16


 856 0050 0B       		.uleb128 0xb
 857 0051 0B       		.uleb128 0xb
 858 0052 49       		.uleb128 0x49
 859 0053 13       		.uleb128 0x13
 860 0054 3A       		.uleb128 0x3a
 861 0055 0B       		.uleb128 0xb
 862 0056 3B       		.uleb128 0x3b
 863 0057 0B       		.uleb128 0xb
 864 0058 39       		.uleb128 0x39
 865 0059 0B       		.uleb128 0xb
 866 005a 01       		.uleb128 0x1
 867 005b 13       		.uleb128 0x13
 868 005c 00       		.byte	0
 869 005d 00       		.byte	0
 870 005e 09       		.uleb128 0x9
 871 005f 28       		.uleb128 0x28
 872 0060 00       		.byte	0
 873 0061 03       		.uleb128 0x3
 874 0062 0E       		.uleb128 0xe
 875 0063 1C       		.uleb128 0x1c
 876 0064 0B       		.uleb128 0xb
 877 0065 00       		.byte	0
 878 0066 00       		.byte	0
 879 0067 0A       		.uleb128 0xa
 880 0068 13       		.uleb128 0x13
 881 0069 01       		.byte	0x1
 882 006a 0B       		.uleb128 0xb
 883 006b 0B       		.uleb128 0xb
 884 006c 3A       		.uleb128 0x3a
 885 006d 0B       		.uleb128 0xb
 886 006e 3B       		.uleb128 0x3b
 887 006f 0B       		.uleb128 0xb
 888 0070 39       		.uleb128 0x39
 889 0071 0B       		.uleb128 0xb
 890 0072 01       		.uleb128 0x1
 891 0073 13       		.uleb128 0x13
 892 0074 00       		.byte	0
 893 0075 00       		.byte	0
 894 0076 0B       		.uleb128 0xb
 895 0077 0D       		.uleb128 0xd
 896 0078 00       		.byte	0
 897 0079 03       		.uleb128 0x3
 898 007a 0E       		.uleb128 0xe
 899 007b 3A       		.uleb128 0x3a
 900 007c 0B       		.uleb128 0xb
 901 007d 3B       		.uleb128 0x3b
 902 007e 0B       		.uleb128 0xb
 903 007f 39       		.uleb128 0x39
 904 0080 0B       		.uleb128 0xb
 905 0081 49       		.uleb128 0x49
 906 0082 13       		.uleb128 0x13
 907 0083 38       		.uleb128 0x38
 908 0084 0B       		.uleb128 0xb
 909 0085 00       		.byte	0
 910 0086 00       		.byte	0
 911 0087 0C       		.uleb128 0xc
 912 0088 13       		.uleb128 0x13
ARM GAS  C:\Users\acest\AppData\Local\Temp\ccYVngif.s 			page 17


 913 0089 01       		.byte	0x1
 914 008a 03       		.uleb128 0x3
 915 008b 0E       		.uleb128 0xe
 916 008c 0B       		.uleb128 0xb
 917 008d 0B       		.uleb128 0xb
 918 008e 3A       		.uleb128 0x3a
 919 008f 0B       		.uleb128 0xb
 920 0090 3B       		.uleb128 0x3b
 921 0091 0B       		.uleb128 0xb
 922 0092 39       		.uleb128 0x39
 923 0093 0B       		.uleb128 0xb
 924 0094 01       		.uleb128 0x1
 925 0095 13       		.uleb128 0x13
 926 0096 00       		.byte	0
 927 0097 00       		.byte	0
 928 0098 0D       		.uleb128 0xd
 929 0099 15       		.uleb128 0x15
 930 009a 01       		.byte	0x1
 931 009b 27       		.uleb128 0x27
 932 009c 19       		.uleb128 0x19
 933 009d 49       		.uleb128 0x49
 934 009e 13       		.uleb128 0x13
 935 009f 01       		.uleb128 0x1
 936 00a0 13       		.uleb128 0x13
 937 00a1 00       		.byte	0
 938 00a2 00       		.byte	0
 939 00a3 0E       		.uleb128 0xe
 940 00a4 05       		.uleb128 0x5
 941 00a5 00       		.byte	0
 942 00a6 49       		.uleb128 0x49
 943 00a7 13       		.uleb128 0x13
 944 00a8 00       		.byte	0
 945 00a9 00       		.byte	0
 946 00aa 0F       		.uleb128 0xf
 947 00ab 0D       		.uleb128 0xd
 948 00ac 00       		.byte	0
 949 00ad 03       		.uleb128 0x3
 950 00ae 08       		.uleb128 0x8
 951 00af 3A       		.uleb128 0x3a
 952 00b0 0B       		.uleb128 0xb
 953 00b1 3B       		.uleb128 0x3b
 954 00b2 0B       		.uleb128 0xb
 955 00b3 39       		.uleb128 0x39
 956 00b4 0B       		.uleb128 0xb
 957 00b5 49       		.uleb128 0x49
 958 00b6 13       		.uleb128 0x13
 959 00b7 38       		.uleb128 0x38
 960 00b8 0B       		.uleb128 0xb
 961 00b9 00       		.byte	0
 962 00ba 00       		.byte	0
 963 00bb 10       		.uleb128 0x10
 964 00bc 2E       		.uleb128 0x2e
 965 00bd 01       		.byte	0x1
 966 00be 3F       		.uleb128 0x3f
 967 00bf 19       		.uleb128 0x19
 968 00c0 03       		.uleb128 0x3
 969 00c1 0E       		.uleb128 0xe
ARM GAS  C:\Users\acest\AppData\Local\Temp\ccYVngif.s 			page 18


 970 00c2 3A       		.uleb128 0x3a
 971 00c3 0B       		.uleb128 0xb
 972 00c4 3B       		.uleb128 0x3b
 973 00c5 0B       		.uleb128 0xb
 974 00c6 39       		.uleb128 0x39
 975 00c7 0B       		.uleb128 0xb
 976 00c8 27       		.uleb128 0x27
 977 00c9 19       		.uleb128 0x19
 978 00ca 49       		.uleb128 0x49
 979 00cb 13       		.uleb128 0x13
 980 00cc 01       		.uleb128 0x1
 981 00cd 13       		.uleb128 0x13
 982 00ce 00       		.byte	0
 983 00cf 00       		.byte	0
 984 00d0 11       		.uleb128 0x11
 985 00d1 05       		.uleb128 0x5
 986 00d2 00       		.byte	0
 987 00d3 03       		.uleb128 0x3
 988 00d4 0E       		.uleb128 0xe
 989 00d5 3A       		.uleb128 0x3a
 990 00d6 0B       		.uleb128 0xb
 991 00d7 3B       		.uleb128 0x3b
 992 00d8 0B       		.uleb128 0xb
 993 00d9 39       		.uleb128 0x39
 994 00da 0B       		.uleb128 0xb
 995 00db 49       		.uleb128 0x49
 996 00dc 13       		.uleb128 0x13
 997 00dd 00       		.byte	0
 998 00de 00       		.byte	0
 999 00df 12       		.uleb128 0x12
 1000 00e0 34       		.uleb128 0x34
 1001 00e1 00       		.byte	0
 1002 00e2 03       		.uleb128 0x3
 1003 00e3 0E       		.uleb128 0xe
 1004 00e4 3A       		.uleb128 0x3a
 1005 00e5 0B       		.uleb128 0xb
 1006 00e6 3B       		.uleb128 0x3b
 1007 00e7 0B       		.uleb128 0xb
 1008 00e8 39       		.uleb128 0x39
 1009 00e9 0B       		.uleb128 0xb
 1010 00ea 49       		.uleb128 0x49
 1011 00eb 13       		.uleb128 0x13
 1012 00ec 00       		.byte	0
 1013 00ed 00       		.byte	0
 1014 00ee 13       		.uleb128 0x13
 1015 00ef 34       		.uleb128 0x34
 1016 00f0 00       		.byte	0
 1017 00f1 03       		.uleb128 0x3
 1018 00f2 0E       		.uleb128 0xe
 1019 00f3 49       		.uleb128 0x49
 1020 00f4 13       		.uleb128 0x13
 1021 00f5 34       		.uleb128 0x34
 1022 00f6 19       		.uleb128 0x19
 1023 00f7 00       		.byte	0
 1024 00f8 00       		.byte	0
 1025 00f9 14       		.uleb128 0x14
 1026 00fa 01       		.uleb128 0x1
ARM GAS  C:\Users\acest\AppData\Local\Temp\ccYVngif.s 			page 19


 1027 00fb 01       		.byte	0x1
 1028 00fc 49       		.uleb128 0x49
 1029 00fd 13       		.uleb128 0x13
 1030 00fe 01       		.uleb128 0x1
 1031 00ff 13       		.uleb128 0x13
 1032 0100 00       		.byte	0
 1033 0101 00       		.byte	0
 1034 0102 15       		.uleb128 0x15
 1035 0103 21       		.uleb128 0x21
 1036 0104 00       		.byte	0
 1037 0105 49       		.uleb128 0x49
 1038 0106 13       		.uleb128 0x13
 1039 0107 2F       		.uleb128 0x2f
 1040 0108 0B       		.uleb128 0xb
 1041 0109 00       		.byte	0
 1042 010a 00       		.byte	0
 1043 010b 16       		.uleb128 0x16
 1044 010c 34       		.uleb128 0x34
 1045 010d 00       		.byte	0
 1046 010e 03       		.uleb128 0x3
 1047 010f 08       		.uleb128 0x8
 1048 0110 3A       		.uleb128 0x3a
 1049 0111 0B       		.uleb128 0xb
 1050 0112 3B       		.uleb128 0x3b
 1051 0113 0B       		.uleb128 0xb
 1052 0114 39       		.uleb128 0x39
 1053 0115 0B       		.uleb128 0xb
 1054 0116 49       		.uleb128 0x49
 1055 0117 13       		.uleb128 0x13
 1056 0118 00       		.byte	0
 1057 0119 00       		.byte	0
 1058 011a 17       		.uleb128 0x17
 1059 011b 0B       		.uleb128 0xb
 1060 011c 01       		.byte	0x1
 1061 011d 00       		.byte	0
 1062 011e 00       		.byte	0
 1063 011f 18       		.uleb128 0x18
 1064 0120 2E       		.uleb128 0x2e
 1065 0121 01       		.byte	0x1
 1066 0122 03       		.uleb128 0x3
 1067 0123 0E       		.uleb128 0xe
 1068 0124 3A       		.uleb128 0x3a
 1069 0125 0B       		.uleb128 0xb
 1070 0126 3B       		.uleb128 0x3b
 1071 0127 05       		.uleb128 0x5
 1072 0128 39       		.uleb128 0x39
 1073 0129 0B       		.uleb128 0xb
 1074 012a 27       		.uleb128 0x27
 1075 012b 19       		.uleb128 0x19
 1076 012c 00       		.byte	0
 1077 012d 00       		.byte	0
 1078 012e 19       		.uleb128 0x19
 1079 012f 05       		.uleb128 0x5
 1080 0130 00       		.byte	0
 1081 0131 03       		.uleb128 0x3
 1082 0132 0E       		.uleb128 0xe
 1083 0133 3A       		.uleb128 0x3a
ARM GAS  C:\Users\acest\AppData\Local\Temp\ccYVngif.s 			page 20


 1084 0134 0B       		.uleb128 0xb
 1085 0135 3B       		.uleb128 0x3b
 1086 0136 05       		.uleb128 0x5
 1087 0137 39       		.uleb128 0x39
 1088 0138 0B       		.uleb128 0xb
 1089 0139 49       		.uleb128 0x49
 1090 013a 13       		.uleb128 0x13
 1091 013b 00       		.byte	0
 1092 013c 00       		.byte	0
 1093 013d 00       		.byte	0
 1094              		.section	.gnu.debuglto_.debug_line,"e",%progbits
 1095              	.Ldebug_line0:
 1096 0000 36020000 		.4byte	.LELT0-.LSLT0
 1097              	.LSLT0:
 1098 0004 0400     		.2byte	0x4
 1099 0006 30020000 		.4byte	.LELTP0-.LASLTP0
 1100              	.LASLTP0:
 1101 000a 01       		.byte	0x1
 1102 000b 01       		.byte	0x1
 1103 000c 01       		.byte	0x1
 1104 000d F6       		.byte	0xf6
 1105 000e F2       		.byte	0xf2
 1106 000f 0D       		.byte	0xd
 1107 0010 00       		.byte	0
 1108 0011 01       		.byte	0x1
 1109 0012 01       		.byte	0x1
 1110 0013 01       		.byte	0x1
 1111 0014 01       		.byte	0x1
 1112 0015 00       		.byte	0
 1113 0016 00       		.byte	0
 1114 0017 00       		.byte	0
 1115 0018 01       		.byte	0x1
 1116 0019 00       		.byte	0
 1117 001a 00       		.byte	0
 1118 001b 01       		.byte	0x1
 1119 001c 2E2E2F2E 		.ascii	"../../../../../ChibiStudio/chibios2111/os/hal/src"
 1119      2E2F2E2E 
 1119      2F2E2E2F 
 1119      2E2E2F43 
 1119      68696269 
 1120 004d 00       		.byte	0
 1121 004e 633A5C63 		.ascii	"c:\\chibistudio\\chibios2111\\os\\hal\\include"
 1121      68696269 
 1121      73747564 
 1121      696F5C63 
 1121      68696269 
 1122 0077 00       		.byte	0
 1123 0078 633A5C63 		.ascii	"c:\\chibistudio\\chibios2111\\os\\hal\\osal\\rt-nil"
 1123      68696269 
 1123      73747564 
 1123      696F5C63 
 1123      68696269 
 1124 00a5 00       		.byte	0
 1125 00a6 633A5C63 		.ascii	"c:\\chibistudio\\chibios2111\\os\\rt\\include"
 1125      68696269 
 1125      73747564 
 1125      696F5C63 
ARM GAS  C:\Users\acest\AppData\Local\Temp\ccYVngif.s 			page 21


 1125      68696269 
 1126 00ce 00       		.byte	0
 1127 00cf 633A5C63 		.ascii	"c:\\chibistudio\\tools\\gnu tools arm embedded\\10."
 1127      68696269 
 1127      73747564 
 1127      696F5C74 
 1127      6F6F6C73 
 1128 00fe 33203230 		.ascii	"3 2021.10\\arm-none-eabi\\include\\machine"
 1128      32312E31 
 1128      305C6172 
 1128      6D2D6E6F 
 1128      6E652D65 
 1129 0125 00       		.byte	0
 1130 0126 633A5C63 		.ascii	"c:\\chibistudio\\tools\\gnu tools arm embedded\\10."
 1130      68696269 
 1130      73747564 
 1130      696F5C74 
 1130      6F6F6C73 
 1131 0155 33203230 		.ascii	"3 2021.10\\arm-none-eabi\\include\\sys"
 1131      32312E31 
 1131      305C6172 
 1131      6D2D6E6F 
 1131      6E652D65 
 1132 0178 00       		.byte	0
 1133 0179 633A5C63 		.ascii	"c:\\chibistudio\\tools\\gnu tools arm embedded\\10."
 1133      68696269 
 1133      73747564 
 1133      696F5C74 
 1133      6F6F6C73 
 1134 01a8 33203230 		.ascii	"3 2021.10\\lib\\gcc\\arm-none-eabi\\10.3.1\\include"
 1134      32312E31 
 1134      305C6C69 
 1134      625C6763 
 1134      635C6172 
 1135 01d6 00       		.byte	0
 1136 01d7 00       		.byte	0
 1137 01d8 73746464 		.ascii	"stddef.h\000"
 1137      65662E68 
 1137      00
 1138 01e1 07       		.uleb128 0x7
 1139 01e2 00       		.uleb128 0
 1140 01e3 00       		.uleb128 0
 1141 01e4 5F646566 		.ascii	"_default_types.h\000"
 1141      61756C74 
 1141      5F747970 
 1141      65732E68 
 1141      00
 1142 01f5 05       		.uleb128 0x5
 1143 01f6 00       		.uleb128 0
 1144 01f7 00       		.uleb128 0
 1145 01f8 5F737464 		.ascii	"_stdint.h\000"
 1145      696E742E 
 1145      6800
 1146 0202 06       		.uleb128 0x6
 1147 0203 00       		.uleb128 0
 1148 0204 00       		.uleb128 0
 1149 0205 63687469 		.ascii	"chtime.h\000"
ARM GAS  C:\Users\acest\AppData\Local\Temp\ccYVngif.s 			page 22


 1149      6D652E68 
 1149      00
 1150 020e 04       		.uleb128 0x4
 1151 020f 00       		.uleb128 0
 1152 0210 00       		.uleb128 0
 1153 0211 68616C5F 		.ascii	"hal_flash.h\000"
 1153      666C6173 
 1153      682E6800 
 1154 021d 02       		.uleb128 0x2
 1155 021e 00       		.uleb128 0
 1156 021f 00       		.uleb128 0
 1157 0220 68616C5F 		.ascii	"hal_flash.c\000"
 1157      666C6173 
 1157      682E6300 
 1158 022c 01       		.uleb128 0x1
 1159 022d 00       		.uleb128 0
 1160 022e 00       		.uleb128 0
 1161 022f 6F73616C 		.ascii	"osal.h\000"
 1161      2E6800
 1162 0236 03       		.uleb128 0x3
 1163 0237 00       		.uleb128 0
 1164 0238 00       		.uleb128 0
 1165 0239 00       		.byte	0
 1166              	.LELTP0:
 1167              	.LELT0:
 1168              		.section	.gnu.debuglto_.debug_str,"eMS",%progbits,1
 1169              	.LASF15:
 1170 0000 75696E74 		.ascii	"uint32_t\000"
 1170      33325F74 
 1170      00
 1171              	.LASF64:
 1172 0009 666C6173 		.ascii	"flashGetOffsetAddress\000"
 1172      68476574 
 1172      4F666673 
 1172      65744164 
 1172      64726573 
 1173              	.LASF71:
 1174 001f 666C6173 		.ascii	"flashGetSectorSize\000"
 1174      68476574 
 1174      53656374 
 1174      6F725369 
 1174      7A6500
 1175              	.LASF42:
 1176 0032 61747472 		.ascii	"attributes\000"
 1176      69627574 
 1176      657300
 1177              	.LASF27:
 1178 003d 666C6173 		.ascii	"flash_state_t\000"
 1178      685F7374 
 1178      6174655F 
 1178      7400
 1179              	.LASF43:
 1180 004b 70616765 		.ascii	"page_size\000"
 1180      5F73697A 
 1180      6500
 1181              	.LASF32:
 1182 0055 464C4153 		.ascii	"FLASH_ERROR_ERASE\000"
ARM GAS  C:\Users\acest\AppData\Local\Temp\ccYVngif.s 			page 23


 1182      485F4552 
 1182      524F525F 
 1182      45524153 
 1182      4500
 1183              	.LASF59:
 1184 0067 73746174 		.ascii	"state\000"
 1184      6500
 1185              	.LASF16:
 1186 006d 75696E74 		.ascii	"uint64_t\000"
 1186      36345F74 
 1186      00
 1187              	.LASF50:
 1188 0076 6765745F 		.ascii	"get_descriptor\000"
 1188      64657363 
 1188      72697074 
 1188      6F7200
 1189              	.LASF7:
 1190 0085 73686F72 		.ascii	"short int\000"
 1190      7420696E 
 1190      7400
 1191              	.LASF4:
 1192 008f 73697A65 		.ascii	"size_t\000"
 1192      5F7400
 1193              	.LASF78:
 1194 0096 433A5C55 		.ascii	"C:\\Users\\acest\\Desktop\\R.A.C.E\\race_project\000"
 1194      73657273 
 1194      5C616365 
 1194      73745C44 
 1194      65736B74 
 1195              	.LASF54:
 1196 00c2 73746172 		.ascii	"start_erase_sector\000"
 1196      745F6572 
 1196      6173655F 
 1196      73656374 
 1196      6F7200
 1197              	.LASF10:
 1198 00d5 5F5F7569 		.ascii	"__uint32_t\000"
 1198      6E743332 
 1198      5F7400
 1199              	.LASF75:
 1200 00e0 64656C61 		.ascii	"delay\000"
 1200      7900
 1201              	.LASF53:
 1202 00e6 73746172 		.ascii	"start_erase_all\000"
 1202      745F6572 
 1202      6173655F 
 1202      616C6C00 
 1203              	.LASF38:
 1204 00f6 666C6173 		.ascii	"flash_sector_t\000"
 1204      685F7365 
 1204      63746F72 
 1204      5F7400
 1205              	.LASF26:
 1206 0105 464C4153 		.ascii	"FLASH_ERASE\000"
 1206      485F4552 
 1206      41534500 
 1207              	.LASF58:
ARM GAS  C:\Users\acest\AppData\Local\Temp\ccYVngif.s 			page 24


 1208 0111 72656C65 		.ascii	"release_exclusive\000"
 1208      6173655F 
 1208      6578636C 
 1208      75736976 
 1208      6500
 1209              	.LASF14:
 1210 0123 75696E74 		.ascii	"uint8_t\000"
 1210      385F7400 
 1211              	.LASF67:
 1212 012b 666C6173 		.ascii	"flashGetOffsetSector\000"
 1212      68476574 
 1212      4F666673 
 1212      65745365 
 1212      63746F72 
 1213              	.LASF52:
 1214 0140 70726F67 		.ascii	"program\000"
 1214      72616D00 
 1215              	.LASF68:
 1216 0148 73656374 		.ascii	"sector\000"
 1216      6F7200
 1217              	.LASF73:
 1218 014f 666C6173 		.ascii	"flashWaitErase\000"
 1218      68576169 
 1218      74457261 
 1218      736500
 1219              	.LASF2:
 1220 015e 6C6F6E67 		.ascii	"long double\000"
 1220      20646F75 
 1220      626C6500 
 1221              	.LASF35:
 1222 016a 464C4153 		.ascii	"FLASH_ERROR_UNIMPLEMENTED\000"
 1222      485F4552 
 1222      524F525F 
 1222      554E494D 
 1222      504C454D 
 1223              	.LASF51:
 1224 0184 72656164 		.ascii	"read\000"
 1224      00
 1225              	.LASF1:
 1226 0189 6C6F6E67 		.ascii	"long long int\000"
 1226      206C6F6E 
 1226      6720696E 
 1226      7400
 1227              	.LASF13:
 1228 0197 6C6F6E67 		.ascii	"long long unsigned int\000"
 1228      206C6F6E 
 1228      6720756E 
 1228      7369676E 
 1228      65642069 
 1229              	.LASF49:
 1230 01ae 696E7374 		.ascii	"instance_offset\000"
 1230      616E6365 
 1230      5F6F6666 
 1230      73657400 
 1231              	.LASF55:
 1232 01be 71756572 		.ascii	"query_erase\000"
 1232      795F6572 
ARM GAS  C:\Users\acest\AppData\Local\Temp\ccYVngif.s 			page 25


 1232      61736500 
 1233              	.LASF9:
 1234 01ca 6C6F6E67 		.ascii	"long int\000"
 1234      20696E74 
 1234      00
 1235              	.LASF62:
 1236 01d3 61646472 		.ascii	"addr\000"
 1236      00
 1237              	.LASF5:
 1238 01d8 5F5F7569 		.ascii	"__uint8_t\000"
 1238      6E74385F 
 1238      7400
 1239              	.LASF41:
 1240 01e2 666C6173 		.ascii	"flash_sector_descriptor_t\000"
 1240      685F7365 
 1240      63746F72 
 1240      5F646573 
 1240      63726970 
 1241              	.LASF6:
 1242 01fc 756E7369 		.ascii	"unsigned char\000"
 1242      676E6564 
 1242      20636861 
 1242      7200
 1243              	.LASF66:
 1244 020a 5F5F6675 		.ascii	"__func__\000"
 1244      6E635F5F 
 1244      00
 1245              	.LASF56:
 1246 0213 76657269 		.ascii	"verify_erase\000"
 1246      66795F65 
 1246      72617365 
 1246      00
 1247              	.LASF3:
 1248 0220 7369676E 		.ascii	"signed char\000"
 1248      65642063 
 1248      68617200 
 1249              	.LASF47:
 1250 022c 61646472 		.ascii	"address\000"
 1250      65737300 
 1251              	.LASF46:
 1252 0234 73656374 		.ascii	"sectors_size\000"
 1252      6F72735F 
 1252      73697A65 
 1252      00
 1253              	.LASF45:
 1254 0241 73656374 		.ascii	"sectors\000"
 1254      6F727300 
 1255              	.LASF0:
 1256 0249 756E7369 		.ascii	"unsigned int\000"
 1256      676E6564 
 1256      20696E74 
 1256      00
 1257              	.LASF48:
 1258 0256 666C6173 		.ascii	"flash_descriptor_t\000"
 1258      685F6465 
 1258      73637269 
 1258      70746F72 
ARM GAS  C:\Users\acest\AppData\Local\Temp\ccYVngif.s 			page 26


 1258      5F7400
 1259              	.LASF57:
 1260 0269 61637175 		.ascii	"acquire_exclusive\000"
 1260      6972655F 
 1260      6578636C 
 1260      75736976 
 1260      6500
 1261              	.LASF29:
 1262 027b 464C4153 		.ascii	"FLASH_BUSY_ERASING\000"
 1262      485F4255 
 1262      53595F45 
 1262      52415349 
 1262      4E4700
 1263              	.LASF30:
 1264 028e 464C4153 		.ascii	"FLASH_ERROR_READ\000"
 1264      485F4552 
 1264      524F525F 
 1264      52454144 
 1264      00
 1265              	.LASF63:
 1266 029f 666C6173 		.ascii	"flashGetAddressOffset\000"
 1266      68476574 
 1266      41646472 
 1266      6573734F 
 1266      66667365 
 1267              	.LASF8:
 1268 02b5 73686F72 		.ascii	"short unsigned int\000"
 1268      7420756E 
 1268      7369676E 
 1268      65642069 
 1268      6E7400
 1269              	.LASF39:
 1270 02c8 6F666673 		.ascii	"offset\000"
 1270      657400
 1271              	.LASF28:
 1272 02cf 464C4153 		.ascii	"FLASH_NO_ERROR\000"
 1272      485F4E4F 
 1272      5F455252 
 1272      4F5200
 1273              	.LASF80:
 1274 02de 6F73616C 		.ascii	"osalThreadSleep\000"
 1274      54687265 
 1274      6164536C 
 1274      65657000 
 1275              	.LASF17:
 1276 02ee 63686172 		.ascii	"char\000"
 1276      00
 1277              	.LASF37:
 1278 02f3 666C6173 		.ascii	"flash_offset_t\000"
 1278      685F6F66 
 1278      66736574 
 1278      5F7400
 1279              	.LASF24:
 1280 0302 464C4153 		.ascii	"FLASH_READ\000"
 1280      485F5245 
 1280      414400
 1281              	.LASF20:
ARM GAS  C:\Users\acest\AppData\Local\Temp\ccYVngif.s 			page 27


 1282 030d 5F426F6F 		.ascii	"_Bool\000"
 1282      6C00
 1283              	.LASF76:
 1284 0313 474E5520 		.ascii	"GNU C17 10.3.1 20210824 (release) -mcpu=cortex-m4 -"
 1284      43313720 
 1284      31302E33 
 1284      2E312032 
 1284      30323130 
 1285 0346 6D746875 		.ascii	"mthumb -mfloat-abi=soft -march=armv7e-m -ggdb -O2 -"
 1285      6D62202D 
 1285      6D666C6F 
 1285      61742D61 
 1285      62693D73 
 1286 0379 666F6D69 		.ascii	"fomit-frame-pointer -falign-functions=16 -ffunction"
 1286      742D6672 
 1286      616D652D 
 1286      706F696E 
 1286      74657220 
 1287 03ac 2D736563 		.ascii	"-sections -fdata-sections -fno-common -flto\000"
 1287      74696F6E 
 1287      73202D66 
 1287      64617461 
 1287      2D736563 
 1288              	.LASF18:
 1289 03d8 73797369 		.ascii	"sysinterval_t\000"
 1289      6E746572 
 1289      76616C5F 
 1289      7400
 1290              	.LASF12:
 1291 03e6 5F5F7569 		.ascii	"__uint64_t\000"
 1291      6E743634 
 1291      5F7400
 1292              	.LASF21:
 1293 03f1 464C4153 		.ascii	"FLASH_UNINIT\000"
 1293      485F554E 
 1293      494E4954 
 1293      00
 1294              	.LASF11:
 1295 03fe 6C6F6E67 		.ascii	"long unsigned int\000"
 1295      20756E73 
 1295      69676E65 
 1295      6420696E 
 1295      7400
 1296              	.LASF72:
 1297 0410 666C6173 		.ascii	"flashGetSectorOffset\000"
 1297      68476574 
 1297      53656374 
 1297      6F724F66 
 1297      66736574 
 1298              	.LASF79:
 1299 0425 42617365 		.ascii	"BaseFlashVMT\000"
 1299      466C6173 
 1299      68564D54 
 1299      00
 1300              	.LASF69:
 1301 0432 73656374 		.ascii	"sector_start\000"
 1301      6F725F73 
ARM GAS  C:\Users\acest\AppData\Local\Temp\ccYVngif.s 			page 28


 1301      74617274 
 1301      00
 1302              	.LASF40:
 1303 043f 73697A65 		.ascii	"size\000"
 1303      00
 1304              	.LASF23:
 1305 0444 464C4153 		.ascii	"FLASH_READY\000"
 1305      485F5245 
 1305      41445900 
 1306              	.LASF77:
 1307 0450 2E2E2F2E 		.ascii	"../../../../../ChibiStudio/chibios2111/os/hal/src/h"
 1307      2E2F2E2E 
 1307      2F2E2E2F 
 1307      2E2E2F43 
 1307      68696269 
 1308 0483 616C5F66 		.ascii	"al_flash.c\000"
 1308      6C617368 
 1308      2E6300
 1309              	.LASF25:
 1310 048e 464C4153 		.ascii	"FLASH_PGM\000"
 1310      485F5047 
 1310      4D00
 1311              	.LASF61:
 1312 0498 64657670 		.ascii	"devp\000"
 1312      00
 1313              	.LASF19:
 1314 049d 74696D65 		.ascii	"time_conv_t\000"
 1314      5F636F6E 
 1314      765F7400 
 1315              	.LASF31:
 1316 04a9 464C4153 		.ascii	"FLASH_ERROR_PROGRAM\000"
 1316      485F4552 
 1316      524F525F 
 1316      50524F47 
 1316      52414D00 
 1317              	.LASF36:
 1318 04bd 666C6173 		.ascii	"flash_error_t\000"
 1318      685F6572 
 1318      726F725F 
 1318      7400
 1319              	.LASF33:
 1320 04cb 464C4153 		.ascii	"FLASH_ERROR_VERIFY\000"
 1320      485F4552 
 1320      524F525F 
 1320      56455249 
 1320      465900
 1321              	.LASF70:
 1322 04de 73656374 		.ascii	"sector_end\000"
 1322      6F725F65 
 1322      6E6400
 1323              	.LASF60:
 1324 04e9 42617365 		.ascii	"BaseFlash\000"
 1324      466C6173 
 1324      6800
 1325              	.LASF34:
 1326 04f3 464C4153 		.ascii	"FLASH_ERROR_HW_FAILURE\000"
 1326      485F4552 
ARM GAS  C:\Users\acest\AppData\Local\Temp\ccYVngif.s 			page 29


 1326      524F525F 
 1326      48575F46 
 1326      41494C55 
 1327              	.LASF74:
 1328 050a 6D736563 		.ascii	"msec\000"
 1328      00
 1329              	.LASF22:
 1330 050f 464C4153 		.ascii	"FLASH_STOP\000"
 1330      485F5354 
 1330      4F5000
 1331              	.LASF44:
 1332 051a 73656374 		.ascii	"sectors_count\000"
 1332      6F72735F 
 1332      636F756E 
 1332      7400
 1333              	.LASF65:
 1334 0528 64657363 		.ascii	"descriptor\000"
 1334      72697074 
 1334      6F7200
 1335              		.text
 1336              		.section	.gnu.lto_.profile.b3bf9926,"e",%progbits
 1337 0000 789CE363 		.ascii	"x\234\343c\000\0026\006\006F\006&\006f\006\026\006V"
 1337      00023606 
 1337      06460626 
 1337      06660616 
 1337      0656
 1338 0012 060001A2 		.ascii	"\006\000\001\242\000$"
 1338      0024
 1339              		.text
 1340              		.section	.gnu.lto_.icf.b3bf9926,"e",%progbits
 1341 0000 789C5365 		.ascii	"x\234Se@\0006\206\027\223\257=\343`<qi\373w.\246e\273"
 1341      40003686 
 1341      1793AF3D 
 1341      E3603C71 
 1341      69FB772E 
 1342 0017 D6E731BF 		.ascii	"\326\3471\277\236{i\032?\313\335\251?Vr\260\336\236"
 1342      9E7B691A 
 1342      3FCBDDA9 
 1342      3F5672B0 
 1342      DE9E
 1343 0029 747D1313 		.ascii	"t}\023\023\003\000f8\022["
 1343      03006638 
 1343      125B
 1344              		.text
 1345              		.section	.gnu.lto_.ipa_sra.b3bf9926,"e",%progbits
 1346 0000 789C75C9 		.ascii	"x\234u\311\261\015\000 \020\002@x\3208\266\213\3309"
 1346      B10D0020 
 1346      10024078 
 1346      D038B68B 
 1346      D839
 1347 0012 A81A4DAC 		.ascii	"\250\032M\254\236\202\020n\340\247\202\273-0\330\375"
 1347      9E82106E 
 1347      E0A782BB 
 1347      2D30D8FD 
 1348 0022 CEBDA730 		.ascii	"\316\275\2470E\230\315\365\\\342\345\310I99\245(9a\001"
 1348      4598CDF5 
 1348      5CE2E5C8 
ARM GAS  C:\Users\acest\AppData\Local\Temp\ccYVngif.s 			page 30


 1348      493939A5 
 1348      28396101 
 1349 0036 818E0B01 		.ascii	"\201\216\013\001"
 1350              		.text
 1351              		.section	.gnu.lto_.inline.b3bf9926,"e",%progbits
 1352 0000 789C3BC7 		.ascii	"x\234;\307\310\000\007l\014,\302\357\216\256;\314\224"
 1352      C800076C 
 1352      0C2CC2EF 
 1352      8EAE3BCC 
 1352      94
 1353 0011 CDC8C0C4 		.ascii	"\315\310\300\304\177\255\373n\003S&\003\003\373\311"
 1353      7FADFB6E 
 1353      03532603 
 1353      03FBC9
 1354 0020 755F1631 		.ascii	"u_\0261\247210\001\2250q\003\3253N\360c\023\002\322"
 1354      A7323130 
 1354      01953071 
 1354      03D5334E 
 1354      F0631302 
 1355 0035 4CA73918 		.ascii	"L\2479\030\030\031\204\236\237\231\271\2329\235\221"
 1355      1819849E 
 1355      9F99B99A 
 1355      399D91
 1356 0044 89817109 		.ascii	"\211\201q\0113\003\003\0201\002\031 \305\254\002\015"
 1356      33030310 
 1356      31021920 
 1356      C5AC020D 
 1357 0054 40C09C0A 		.ascii	"@\300\234\0124\031\304`J\001\231\301\010f&11\260\300"
 1357      3419C460 
 1357      4A0199C1 
 1357      08662631 
 1357      31B0C0
 1358 0067 D90C2C0C 		.ascii	"\331\014,\014L\027gn~\006dq\200\264\0112\200\355`b\020"
 1358      4C17676E 
 1358      7E066471 
 1358      80B40932 
 1358      80ED6062 
 1359 007c 3C3B73F3 		.ascii	"<;s\3632\354F\363\315\332\374\354\015\023\271F33\310"
 1359      32EC46F3 
 1359      CDDAFCEC 
 1359      0D13B946 
 1359      3333C8
 1360 008f B64E5BBA 		.ascii	"\266N[\272\236)\213\221\021n4\213\006P\250\235)\013"
 1360      9E298B91 
 1360      116E348B 
 1360      0650A89D 
 1360      290B
 1361 00a1 68641701 		.ascii	"hd\027\001#\021\006\2610\360\000\005?0\245#\033\004"
 1361      231106B1 
 1361      30F00005 
 1361      3F30A523 
 1361      1B04
 1362 00b3 7612730A 		.ascii	"v\022s\012\021nC\030\304\0127\010\325\263@\212<\003"
 1362      116E4318 
 1362      C40A3708 
 1362      D5B3408A 
 1362      3C03
ARM GAS  C:\Users\acest\AppData\Local\Temp\ccYVngif.s 			page 31


 1363 00c5 1900BC4F 		.ascii	"\031\000\274O_\342"
 1363      5FE2
 1364              		.text
 1365              		.section	.gnu.lto_.jmpfuncs.b3bf9926,"e",%progbits
 1366 0000 789C858C 		.ascii	"x\234\205\214\321\011\300 \014D\357\222\350oWp\322\272"
 1366      D109C020 
 1366      0C44EF92 
 1366      E86F5770 
 1366      D2BA
 1367 0012 43677090 		.ascii	"Cgp\220\016V\260\261\205VD\360\340\010\027\036O\211"
 1367      0E56B0B1 
 1367      855644F0 
 1367      E008171E 
 1367      4F89
 1368 0024 2F112473 		.ascii	"/\021$sQ\023\200\247\021\336\352\331`\266c\374\375\373"
 1368      511380A7 
 1368      11DEEAD9 
 1368      60B663FC 
 1368      FDFB
 1369 0036 6A9B7268 		.ascii	"j\233rh\321@\276\347ar\242\220\332\224^\021\267p\260"
 1369      D140BEE7 
 1369      6172A290 
 1369      DA945E11 
 1369      B770B0
 1370 0049 E4246B44 		.ascii	"\344$kD;$\316\021[#\241Ct\216\340\006P\255G("
 1370      3B24CE11 
 1370      5B23A143 
 1370      748EE006 
 1370      50AD4728 
 1371              		.text
 1372              		.section	.gnu.lto_.pureconst.b3bf9926,"e",%progbits
 1373 0000 789C1366 		.ascii	"x\234\023f```c\330\311\3028\223\205i&\013\363L\026\226"
 1373      60606063 
 1373      D8C9C238 
 1373      93856926 
 1373      0BF34C16 
 1374 0015 992CAC33 		.ascii	"\231,\2543Y\000'\244\003\367"
 1374      590027A4 
 1374      03F7
 1375              		.text
 1376              		.section	.gnu.lto_.lto.b3bf9926,"e",%progbits
 1377 0000 09000400 		.ascii	"\011\000\004\000\001\000\000\000"
 1377      01000000 
 1378              		.text
 1379              		.section	.gnu.lto_flashWaitErase.402.b3bf9926,"e",%progbits
 1380 0000 789C5553 		.ascii	"x\234US]h\\U\020\236\357\236\373\263\311\232\254\024"
 1380      5D685C55 
 1380      109EEF9E 
 1380      FBB3C99A 
 1380      AC14
 1381 0012 7C0F4251 		.ascii	"|\017BQAw\233J!-R\224h\351\253\177o\027\312\366fK\242"
 1381      41779B4A 
 1381      212D5294 
 1381      68E9AB7F 
 1381      6F17CAF6 
 1382 0029 6937ECDD 		.ascii	"i7\354\335\012>y\222\3354v\005\223MP\203\266\021\226"
 1382      0A3E7992 
ARM GAS  C:\Users\acest\AppData\Local\Temp\ccYVngif.s 			page 32


 1382      DD347605 
 1382      934D5083 
 1382      B61196
 1383 003c 452A8AB6 		.ascii	"E*\212\266Hu\243\261\335&\355\332>\364\367E|\221Z\011"
 1383      4875A3B1 
 1383      DD26EDDA 
 1383      3EF4F745 
 1383      7C915A09 
 1384 0050 1A1FEC92 		.ascii	"\032\037\354\222>$\204\226t\346\3345]/{\347\314\314"
 1384      3E248496 
 1384      74E6DC35 
 1384      5D2F7BE7 
 1384      CCCC
 1385 0062 996F66BE 		.ascii	"\231of\276\271\263W\024\321U\"J\363\013\2270].Y\244"
 1385      B9B35714 
 1385      D155224A 
 1385      F30B9730 
 1385      5D2E59A4 
 1386 0076 B57ED1B3 		.ascii	"\265~\321\2630S\3564\232\262\212\345\017,\234\3077\223"
 1386      3053EE34 
 1386      9AB28AE5 
 1386      0F2C9CC7 
 1386      3793
 1387 0088 E39E3D5E 		.ascii	"\343\236=^\356\276\325\334\350\263m\214\226Kk\263/\230"
 1387      EEBED5DC 
 1387      E8B36D8C 
 1387      964B6BB3 
 1387      2F98
 1388 009a 10073367 		.ascii	"\020\0073gJ\233\023\3331\017c\203\336\263\224\355\200"
 1388      4A9B13DB 
 1388      310F6383 
 1388      DEB394ED 
 1388      80
 1389 00ab 253D7A66 		.ascii	"%=zf\3243u\255\327\227?y\260\367\323SuT\371nN\021\236"
 1389      D43375AD 
 1389      D7973F79 
 1389      B0F7D353 
 1389      7554F96E 
 1390 00c2 C70EB93D 		.ascii	"\307\016\271=\2410\255\252\012\260[\232\205\036\326"
 1390      A130ADAA 
 1390      0AB05B9A 
 1390      851ED6
 1391 00d1 D4117A8A 		.ascii	"\324\021z\212Q7~\253i\335AU\245\360\003\004\365=p\026"
 1391      51377EAB 
 1391      69DD4155 
 1391      A5F00304 
 1391      F53D7016 
 1392 00e5 248EF0F3 		.ascii	"$\216\360\3638\221kr1\011\206\030\035\370\021\222S\035"
 1392      38916B72 
 1392      31098618 
 1392      1DF81192 
 1392      531D
 1393 00f7 37C7F61B 		.ascii	"7\307\366\033Z7\217/MtO\215\306\252\312\306O\355I\210"
 1393      5A378F2F 
 1393      4D744F8D 
 1393      C6AACAC6 
 1393      4FED4988 
ARM GAS  C:\Users\acest\AppData\Local\Temp\ccYVngif.s 			page 33


 1394 010b C25A5C62 		.ascii	"\302Z\\b?\214b\271^\363\375?K]\2475\307\022~F[\233\341"
 1394      3F8C62B9 
 1394      5EF3FD3F 
 1394      4B5DA735 
 1394      C7127E46 
 1395 0122 D7715302 		.ascii	"\327qS\002\347\200\005\0203\246\360+\003\2366`iv\275"
 1395      E7800510 
 1395      33A6F02B 
 1395      039E3660 
 1395      6976BD
 1396 0135 599A9B7F 		.ascii	"Y\232\233\177\272Q\320\373\253\312A\035\322MT\012\027"
 1396      BA51D0FB 
 1396      ABCA411D 
 1396      D24D540A 
 1396      17
 1397 0146 98B6135E 		.ascii	"\230\266\023^\217\267\312\254\237[Y+x\372\262\266\377"
 1397      8FB7CAAC 
 1397      9F5B592B 
 1397      78FAB2B6 
 1397      FF
 1398 0157 8BA44791 		.ascii	"\213\244G\221\321P\\\236h\355\352\253Xd\337yI%\\\261"
 1398      D1505C9E 
 1398      68EDEAAB 
 1398      5864DF79 
 1398      49255CB1 
 1399 016b 64F87188 		.ascii	"d\370q\210\0255\362\355-\247\256\357oNj}w\015\313\363"
 1399      1535F2ED 
 1399      2DA7AEEF 
 1399      6F4E6A7D 
 1399      770DCBF3 
 1400 017f FBB68147 		.ascii	"\373\266\201G\343Z,<\305\"f\263\350pD\270\"<\0211\271"
 1400      E35A2C3C 
 1400      C52266B3 
 1400      E87044B8 
 1400      223C1131 
 1401 0194 88033574 		.ascii	"\210\0035t\011\235\204\010\242IE\315\215S}\320u\321"
 1401      099D8408 
 1401      A24945CD 
 1401      8D537DD0 
 1401      75D1
 1402 01a6 2DA38FB2 		.ascii	"-\243\217\262>\245\024w\242m\024\330\370\007\272\342"
 1402      3EA51477 
 1402      A26D14D8 
 1402      F807BAE2 
 1403 01b6 89BC536E 		.ascii	"\211\274Sntr[F\235v\3151\353\322\277\030[X\351\252("
 1403      74725B46 
 1403      9D76CD31 
 1403      EBD2BF18 
 1403      5B58E9AA 
 1404 01cb B43EA532 		.ascii	"\264>\2452\243\371B\226\203'\332YQq\\\002\355\210L\027"
 1404      A3F94296 
 1404      8327DA59 
 1404      51715C02 
 1404      ED884C17 
 1405 01df 0D9C347B 		.ascii	"\015\2344{\"\260\216\212\262Z(\367\177\2508\247\303"
 1405      22B08E8A 
 1405      B25A28F7 
ARM GAS  C:\Users\acest\AppData\Local\Temp\ccYVngif.s 			page 34


 1405      7FA838A7 
 1405      C3
 1406 01f0 6546158D 		.ascii	"eF\025\215\371\030\2560Jf\324\304xOEq5\2138q\261\025"
 1406      F918AE30 
 1406      4A66D4C4 
 1406      784F4571 
 1406      358B3871 
 1407 0206 DEC543E1 		.ascii	"\336\305C\341\306\252\252\233\233\032\353aj\034c\372"
 1407      C6AAAA9B 
 1407      9B1AEB61 
 1407      6A1C63FA 
 1408 0216 FBAC61D1 		.ascii	"\373\254a\321\012\212+K\007\331#u\010f\007\230\241m"
 1408      0A8A2B4B 
 1408      07D92375 
 1408      08660798 
 1408      A16D
 1409 0228 D8B608DE 		.ascii	"\330\266\010\3369\331P\334\322\342\357_&8\327\356'y"
 1409      39D950DC 
 1409      D2E2EF5F 
 1409      2638D7EE 
 1409      2779
 1410 023a 6D689553 		.ascii	"mh\225SUT\202\2037\220`\270\272vf\230qNy\374\327_\324"
 1410      55548283 
 1410      379060B8 
 1410      BA766698 
 1410      714E79FC 
 1411 0251 16F02C57 		.ascii	"\026\360,W`.\0373\027%K\302\372\375\011\256o\263\315"
 1411      602E1F33 
 1411      17254BC2 
 1411      FAFD09AE 
 1411      6FB3CD
 1412 0264 46E1F431 		.ascii	"F\341\36416\034\266\245z\007\246\256\011\365\302\011"
 1412      361CB6A5 
 1412      7A07A6AE 
 1412      09F5C209 
 1413 0274 F1BA7C11 		.ascii	"\361\272|\021y\377\362\304Y\023\247\307\376\310\371"
 1413      79FFF2C4 
 1413      5913A7C7 
 1413      FEC8F9
 1414 0283 B7B7952C 		.ascii	"\267\267\225,\306\376\210\332\242XR\370\336\037\037"
 1414      C6FE88DA 
 1414      A25852F8 
 1414      DE1F1F
 1415 0292 2DACDEDE 		.ascii	"-\254\336\336\306\313a\332\270\271:\013\\\004\017\250"
 1415      C6CB61DA 
 1415      B8B93A0B 
 1415      5C040FA8 
 1416 02a2 D8434558 		.ascii	"\330CEXU\225\230\343\177\025\337r|U=.\350\346\203\312"
 1416      559598E3 
 1416      7F15DF72 
 1416      7C553D2E 
 1416      E8E683CA 
 1417 02b6 776FF09C 		.ascii	"wo\360\234d\275\014Ylq\225\024\233\3131\331p\331\004"
 1417      64BD0C59 
 1417      6C719514 
 1417      9BCB31D9 
 1417      70D904
ARM GAS  C:\Users\acest\AppData\Local\Temp\ccYVngif.s 			page 35


 1418 02c9 98D98CD5 		.ascii	"\230\331\214\325eR\317\366\357\361\337\0143\271\320"
 1418      6552CFF6 
 1418      EFF1DF0C 
 1418      33B9D0
 1419 02d8 4F079930 		.ascii	"O\007\2310\357\277\234\011\337\316gG\374\327\222/%\373"
 1419      EFBF9C09 
 1419      DFCE6747 
 1419      FCD7922F 
 1419      25FB
 1420 02ea 93AFF839 		.ascii	"\223\257\3709v\037\030\311e\337\312\004y\332\233L\246"
 1420      761F18C9 
 1420      65DFCA04 
 1420      79DA9B4C 
 1420      A6
 1421 02fb DA7FFD83 		.ascii	"\332\177\375\203C\007\207^\317\037\035\030\312\246\002"
 1421      4307875E 
 1421      CF1F1D18 
 1421      CAA602
 1422 030a D1B3E1CE 		.ascii	"\321\263\341\316\336\336\336T6L\015\246\207Sa.\220\363"
 1422      DEDEDE54 
 1422      364C0DA6 
 1422      8753612E 
 1422      90F3
 1423 031c C0A1E174 		.ascii	"\300\241\341t8\230\014\310\036\310\2743\362D\233'\031"
 1423      38980CC8 
 1423      1EC8BC33 
 1423      F2449B27 
 1423      19
 1424 032d EC0A060E 		.ascii	"\354\012\006\016\245\373v\223}8\314\004*\223\3139\003"
 1424      A5FB7693 
 1424      7D38CC04 
 1424      2A93CB39 
 1424      03
 1425 033e 99E1F4BB 		.ascii	"\231\341\364\273\273\202=\276I\030\232\344~[r?\033\372"
 1425      BB823DBE 
 1425      49189AE4 
 1425      7E5B723F 
 1425      1BFA
 1426 0350 9C820F16 		.ascii	"\234\202\017\026\271\374sG\206\"=9H\017\001K\322\200"
 1426      B9FC7347 
 1426      86223D39 
 1426      480F014B 
 1426      D280
 1427 0362 B3       		.ascii	"\263"
 1428              		.text
 1429              		.section	.gnu.lto_flashGetSectorOffset.403.b3bf9926,"e",%progbits
 1430 0000 789C7553 		.ascii	"x\234uS\335K\024Q\024\277\347\336\273_\343~\364\371"
 1430      DD4B1451 
 1430      14BFE7DE 
 1430      BB5FE37E 
 1430      F4F9
 1431 0012 522F1245 		.ascii	"R/\022E\0046\233\201\220=\204a\375\003\205o\013\262"
 1431      04369B81 
 1431      903D8461 
 1431      FD03856F 
 1431      0BB2
 1432 0024 CDEEE296 		.ascii	"\315\356\342\226\264\313\316\326\253\243\273\010\331"
ARM GAS  C:\Users\acest\AppData\Local\Temp\ccYVngif.s 			page 36


 1432      B4CBCED6 
 1432      ABA3BB08 
 1432      D9
 1433 0031 83BB8684 		.ascii	"\203\273\206\204iQ\323 \365\244\244\341GV\033\212K\224"
 1433      6951D320 
 1433      F5A4A4E1 
 1433      47561B8A 
 1433      4B94
 1434 0043 50416FBD 		.ascii	"PAo\275$(\032T\222=dHv\356\235u\335\015\202\231\373"
 1434      24281A54 
 1434      923D6448 
 1434      76EE9D75 
 1434      DD0D8299 
 1435 0058 71EEEF77 		.ascii	"q\356\357w~\277s\356L7#\344\001!\244\005_p\022\350\313"
 1435      7EBF73EE 
 1435      4C3723E4 
 1435      0121A405 
 1435      5F7012E8 
 1436 006d F7506218 		.ascii	"\367Pb\030F\223\213\322L\376&\205\227pgl\271\216g\363"
 1436      46938BD2 
 1436      4CFE2685 
 1436      9770676C 
 1436      B98E67F3 
 1437 0081 FEE5B703 		.ascii	"\376\345\267\003{9\203\376\274\"\3179\256\266\261\016"
 1437      7B3983FE 
 1437      BC22CF39 
 1437      AEB6B10E 
 1438 0091 E8CCF77C 		.ascii	"\350\314\367|\037\032\347\010\227\001 \035\224q\007"
 1438      1F1AE708 
 1438      9701201D 
 1438      947107
 1439 00a0 74C02D36 		.ascii	"t\300-6\304\240\217Y\214\000/\255\000j\217\025\014\343"
 1439      C4A08F59 
 1439      8C002FAD 
 1439      006A8F15 
 1439      0CE3
 1440 00b2 D7D2ED91 		.ascii	"\327\322\355\221\2142\364\250\300-F\311=\004<\005\030"
 1440      8C32F4A8 
 1440      C02D46C9 
 1440      3D043C05 
 1440      18
 1441 00c3 07344210 		.ascii	"\0074B\020\310\256\222\243\010z\2672i\030\036b1\006"
 1441      C8AE92A3 
 1441      087AB732 
 1441      69181E62 
 1441      3106
 1442 00d5 135081C1 		.ascii	"\023P\201\301\200\376Q\021\270\033 \201k\223\231A\177"
 1442      80FE5111 
 1442      B81B2081 
 1442      6B939941 
 1442      7F
 1443 00e6 0E2CC661 		.ascii	"\016,\306a\252\032\310\365\317\212\2352\007b:\"\320"
 1443      AA1AC8F5 
 1443      CF8A9D32 
 1443      07623A22 
 1443      D0
 1444 00f7 D30F7BFD 		.ascii	"\323\017{\375\271N\267\305\034\360\014\252\264\365\015"
ARM GAS  C:\Users\acest\AppData\Local\Temp\ccYVngif.s 			page 37


 1444      B94EB7C5 
 1444      1CF00CAA 
 1444      B4F50D
 1445 0106 99767007 		.ascii	"\231vp\007;5\333cc)<\377\007\373U\301\236\275\000\230"
 1445      3B35DB63 
 1445      63293CFF 
 1445      07FB55C1 
 1445      9EBD0098 
 1446 011a 015180E8 		.ascii	"\001Q\200\350!!\324\016\214|p\024\214\315\255^\303("
 1446      2121D40E 
 1446      8C7C7014 
 1446      8CCDAD5E 
 1446      C328
 1447 012c 1EDCFCB4 		.ascii	"\036\334\374\264\356\016\000zqR\034\\Lp\034\000\223"
 1447      EE0E007A 
 1447      71521C5C 
 1447      4C701C00 
 1447      93
 1448 013d E0C2ADDB 		.ascii	"\340\302\255\333\215\203G\324\350V\304\252\206 \333"
 1448      8D8347D4 
 1448      E856C4AA 
 1448      8620DB
 1449 014c 0B300D3E 		.ascii	"\0130\015>\201\363\213\201\220^&Zmp0\012\204\344\030"
 1449      81F38B81 
 1449      905E265A 
 1449      6D70300A 
 1449      84E418
 1450 015f B5379DB8 		.ascii	"\2657\235\270\371\002\306\342\372<\310\371\247\223|"
 1450      F902C6E2 
 1450      FA3CC8F9 
 1450      A7937C
 1451 016e 83AE99C7 		.ascii	"\203\256\231\307\307M\006\245n3Y\310\260\270\027,A1"
 1451      C74D06A5 
 1451      6E3359C8 
 1451      B0B8172C 
 1451      4131
 1452 0180 B1E20290 		.ascii	"\261\342\002\220\023\366\326\011\257\340\2564.h\036"
 1452      13F6D609 
 1452      AFE0AE34 
 1452      2E681E
 1453 018f 93D112CB 		.ascii	"\223\321\022\313Y\305\252\301t0\213\254\254\334za\016"
 1453      59C5AAC1 
 1453      74308BAC 
 1453      ACDC7A61 
 1453      0E
 1454 01a0 59A2036B 		.ascii	"Y\242\003k\220\2555\3051%\230\330b>t\321U\213\3761("
 1454      90AD35C5 
 1454      312598D8 
 1454      623E74D1 
 1454      558BFE31 
 1455 01b5 0D6DD8C6 		.ascii	"\015m\330\306\016\225\207\305M\333\342\352>\223\271"
 1455      0E9587C5 
 1455      4DDBE2EA 
 1455      3E93B9
 1456 01c4 4A628E2A 		.ascii	"Jb\216*1?ra\276,\026\200\"\212Q\024[\205\354\352\354"
 1456      313F7261 
 1456      BE2C1680 
ARM GAS  C:\Users\acest\AppData\Local\Temp\ccYVngif.s 			page 38


 1456      228A5114 
 1456      5B85ECEA 
 1457 01d9 01A4094E 		.ascii	"\001\244\011N@^\200h\005{?0\266L\313\255\330\232\247"
 1457      405E8068 
 1457      057B3F30 
 1457      B64CCBAD 
 1457      D89AA7
 1458 01ec 289019ED 		.ascii	"(\220\031\355^\340&s\233\314+\320\034\334\"\370\244"
 1458      5EE02673 
 1458      9BCC2BD0 
 1458      1CDC22F8 
 1458      A4
 1459 01fd 1B8D6195 		.ascii	"\033\215a\225.<\261\033\205b\376m\355\225\303\026\333"
 1459      2E3CB11B 
 1459      8562FE6D 
 1459      ED95C316 
 1459      DB
 1460 020e 85E7F0DA 		.ascii	"\205\347\360\332\026_\251\263\330nx\203\352\242CX\330"
 1460      165FA9B3 
 1460      D86E7883 
 1460      EAA24358 
 1460      D8
 1461 021f FD46BC0A 		.ascii	"\375F\274\012$HY>\212?\004\224e\373\213\324\256k\016"
 1461      2448593E 
 1461      8A3F0494 
 1461      65FB8BD4 
 1461      AE6B0E
 1462 0232 11CAFFCB 		.ascii	"\021\312\377\313\331\003\013\230\220\313\216\243\311"
 1462      D9030B98 
 1462      90CB8EA3 
 1462      C9
 1463 023f 2544FB4C 		.ascii	"%D\373Lq-^\273uB\300'\005\034\225W\334\325D\344\021"
 1463      712D5EBB 
 1463      7542C027 
 1463      051C9557 
 1463      DCD544E4 
 1464 0254 93628345 		.ascii	"\223b\203E\017\376i\344\007Zj0\245\273\337\300\320\030"
 1464      0FFE69E4 
 1464      075A6A30 
 1464      A5BBDFC0 
 1464      D018
 1465 0266 FB339144 		.ascii	"\3733\221D:\037n\304\357\005v\276\027B\352\232O\207"
 1465      3A1F6EC4 
 1465      EF0576BE 
 1465      1742EA9A 
 1465      4F87
 1466 0278 5AF4684A 		.ascii	"Z\364hJ\017\205\265\250\236\016\235\213\352W\322\211"
 1466      0F85B5A8 
 1466      9E0E9D8B 
 1466      EA57D289 
 1467 0288 64E8827A 		.ascii	"d\350\202zVmV\317\207R\030nM\246\022\227\243Z\232\234"
 1467      566D56CF 
 1467      8752186E 
 1467      4DA61297 
 1467      A35A9A9C 
 1468 029c 51D560E5 		.ascii	"Q\325`\345\323\334\026\277\024\277\230\276\026\211'"
 1468      D3DC16BF 
ARM GAS  C:\Users\acest\AppData\Local\Temp\ccYVngif.s 			page 39


 1468      14BF98BE 
 1468      168927
 1469 02ab 829A5827 		.ascii	"\202\232X'\364\223\365\365\365\301\204\036l\013\267"
 1469      F493F5F5 
 1469      F5C1841E 
 1469      6C0BB7
 1470 02ba 07F59426 		.ascii	"\007\365\224&\346\326X{XoS5\302#\321\353\311\375\025"
 1470      E6D6587B 
 1470      586F5335 
 1470      C223D1EB 
 1470      C9FD15
 1471 02cd 11556BD0 		.ascii	"\021Uk\320\"\261\360\251F\342\3241\177\"\245D\242\272"
 1471      22B1F0A9 
 1471      46E2D431 
 1471      7F22A544 
 1471      A2BA
 1472 02df 968A2771 		.ascii	"\226\212'q\351L\304bz4\375\027\231\243T\023"
 1472      E94CC462 
 1472      7A34FD17 
 1472      99A35413 
 1473              		.text
 1474              		.section	.gnu.lto_flashGetSectorSize.404.b3bf9926,"e",%progbits
 1475 0000 789C6553 		.ascii	"x\234eS\337K\024Q\024\276g\316\335\337\356\232T\004"
 1475      DF4B1451 
 1475      14BE67CE 
 1475      DDDFEE9A 
 1475      5404
 1476 0012 3D940421 		.ascii	"=\224\004!\201\355f T\017iX\377@\341\333\202l\343\212"
 1476      81ED6620 
 1476      540F6958 
 1476      FF40E1DB 
 1476      826CE38A 
 1477 0026 5BD22E3B 		.ascii	"[\322.;[\017\2758\356.F\006\271k\224h\2261\015aOI\032"
 1477      5B0FBD38 
 1477      EE2E4606 
 1477      B96B9468 
 1477      96310D61 
 1478 003d 59596D18 		.ascii	"YYm\030.QA\365\242/\275\010\211k\022R\020\025\205\235"
 1478      2E5141F5 
 1478      A22FBD08 
 1478      896B1252 
 1478      1015859D 
 1479 0051 7B675D77 		.ascii	"{g]w\013f\356\217s\277\357|\3379w&\206\214\2152\306"
 1479      0B66EE8F 
 1479      73BFEF7C 
 1479      DF397726 
 1479      868C8D32 
 1480 0066 5AE9053B 		.ascii	"Z\351\005;\203\201l\237\302t]ov(J*{I\201\3470<\261X"
 1480      83816C9F 
 1480      C2745D6F 
 1480      76284A2A 
 1480      7B4981E7 
 1481 007e CFD359DF 		.ascii	"\317\323Y\337\342\233\241\315\034\341j\326-\3179\255"
 1481      E29BA1CD 
 1481      1CE16AD6 
 1481      2DCF39AD 
 1482 008e D6B136E8 		.ascii	"\326\2616\350\311\366\255\215Nr\202\313\000\260n\005"
ARM GAS  C:\Users\acest\AppData\Local\Temp\ccYVngif.s 			page 40


 1482      C9F6AD8D 
 1482      4E7282CB 
 1482      00B06E05 
 1483 009e B90DBAE1 		.ascii	"\271\015\272\341\012\216 \014\240\211\014xq\005P\273"
 1483      0A8E200C 
 1483      A0890C78 
 1483      710550BB 
 1484 00ae 27A7EB3F 		.ascii	"'\247\353?>\015\026f\354#c9n\242\302n\022\340\001\300"
 1484      3E0D1666 
 1484      EC236339 
 1484      6EA2C26E 
 1484      12E001C0 
 1485 00c2 24901146 		.ascii	"$\220\021F@<\303\352\010\364n~J\327]\314D\204\207P\206"
 1485      403CC3EA 
 1485      08F46E7E 
 1485      4AD75DCC 
 1485      44848750 
 1486 00d7 A180F6DD 		.ascii	"\241\200\366\335%p\027A\002W\227S\203\276\014\230\310"
 1486      25701741 
 1486      02579753 
 1486      83BE0C98 
 1486      C8
 1487 00e8 E1512590 		.ascii	"\341Q%\220kI\267\2252\003b\332-\320+\267\373}\231\036"
 1487      6B49B795 
 1487      320362DA 
 1487      2DD02BB7 
 1487      FB7D991E 
 1488 00fc A7893678 		.ascii	"\247\2116x\002\025\332\332\260[`\257o`?\247.XX\005\236"
 1488      0215DADA 
 1488      B05B60AF 
 1488      6F603FA7 
 1488      2E585805 
 1489 0111 FE83BDEC 		.ascii	"\376\203\275\354\246\236=\003\230\006Q\200\350!c\212"
 1489      A69E3D03 
 1489      98065180 
 1489      E821638A 
 1490 0121 15B8F7C1 		.ascii	"\025\270\367\301\226\323\177\257\365\353\372\334\216"
 1490      96D37FAF 
 1490      F5EBFADC 
 1490      8E
 1491 012e 9511C3E5 		.ascii	"\225\021\303\345\003\362bWhp\240\340\330\000\246\300"
 1491      03F26257 
 1491      6870A0E0 
 1491      D800A6C0 
 1492 013e 415BA793 		.ascii	"A[\247\223\006\227\250\321\351fD\364\210\323*\200\307"
 1492      0697A8D1 
 1492      E96644F4 
 1492      88D32A80 
 1492      C7
 1493 014f E0152BC6 		.ascii	"\340\025+\306\372QtY\347\240\347\030\313\240bmzh\263"
 1493      FA517459 
 1493      E7A0E718 
 1493      CBA0626D 
 1493      7A68B3
 1494 0162 0CFAC25C 		.ascii	"\014\372\302\\\036\344<\357`_ 9}w\257\201Pl4\312\032"
 1494      1EE43CEF 
 1494      605F2039 
ARM GAS  C:\Users\acest\AppData\Local\Temp\ccYVngif.s 			page 41


 1494      7D77AF81 
 1494      506C34CA 
 1495 0177 EE882B21 		.ascii	"\356\210+!\367n\203\212\315\001\333gm\355\360\002nH"
 1495      F76E838A 
 1495      CD01DB67 
 1495      6DEDF002 
 1495      6E48
 1496 0189 CF82E632 		.ascii	"\317\202\3462P)\262\354\025,\017\245\203\031b\245\345"
 1496      5029B2EC 
 1496      152C0FA5 
 1496      831962A5 
 1496      E5
 1497 019a B60A5E12 		.ascii	"\266\012^\022K\024\277\012\351ZC$U\030%6\321K.\222\265"
 1497      4B14BF0A 
 1497      E95A4324 
 1497      55182536 
 1497      D14B2E92 
 1498 01af E49F82D2 		.ascii	"\344\237\202\322\320G\313\330\256\322\260\260jY,l1\320"
 1498      D047CBD8 
 1498      AED2B0B0 
 1498      6A592C6C 
 1498      31D0
 1499 01c1 5114B355 		.ascii	"Q\024\263U\210\371\210\013\263%\261j\310\223\230Bb\005"
 1499      88F9880B 
 1499      B325B16A 
 1499      C8939842 
 1499      6205
 1500 01d3 481766B6 		.ascii	"H\027f\266\023Mp\252e\357E+\360\375\320\304\242Rj\305"
 1500      134D70AA 
 1500      65EF452B 
 1500      F0FDD0C4 
 1500      A2526AC5 
 1501 01e7 B7BC4202 		.ascii	"\267\274B\002\251\361\336?h\240\323\300*\201\346\340"
 1501      A9F1DE3F 
 1501      68A0D3C0 
 1501      2A81E6E0 
 1502 01f7 14C1FBBD 		.ascii	"\024\301\373\275d\214\252t\320\211\325(\257\201\336"
 1502      648CAA74 
 1502      D089D528 
 1502      AF81DE
 1503 0206 75EDA59D 		.ascii	"u\355\245\235&n\242sxe\211/\325\231X\003\257I]t\210"
 1503      266EA273 
 1503      7865892F 
 1503      D5995803 
 1503      AF495D74 
 1504 021b 0ABBD548 		.ascii	"\012\273\325HWA\004)\313\307\351_\200\222\354O)ke\364"
 1504      57410429 
 1504      CBC7E95F 
 1504      8092EC4F 
 1504      296B65F4 
 1505 022f AC671CDB 		.ascii	"\254g\034\333\366_95\360\226\022\362\212\204\036\231"
 1505      F65F3935 
 1505      F09612F2 
 1505      8A841E99 
 1506 023f D0567EA5 		.ascii	"\320V~\245\311f&\217P&_\313\273\350\247b_\005\303\220"
 1506      C966268F 
 1506      50265FCB 
ARM GAS  C:\Users\acest\AppData\Local\Temp\ccYVngif.s 			page 42


 1506      BBE8A762 
 1506      5F05C390 
 1507 0253 6E7E0155 		.ascii	"n~\001U\347\305kM\304\346\263M\364y\300\306\347\301"
 1507      E7C56B4D 
 1507      C4E6B34D 
 1507      F479C0C6 
 1507      E7C1
 1508 0265 587DCBA1 		.ascii	"X}\313\241`\253\026\216k\301\220\032\326\022\301\243"
 1508      60AB168E 
 1508      6BC1901A 
 1508      D612C1A3 
 1509 0275 61ED7422 		.ascii	"a\355t\"\032\013\036\367\037\361\267\370\217\005\343"
 1509      1A0B1EF7 
 1509      1FF1B7F8 
 1509      8F05E3
 1510 0284 146E8BC5 		.ascii	"\024n\213\305\243\247\302j\202\035\366\373\003\345O"
 1510      A3A7C26A 
 1510      821DF6FB 
 1510      03E54F
 1511 0293 4B67E464 		.ascii	"Kg\344d\344D\342l{$\032P\305:\252\355ohh\010D\265@g"
 1511      E444E26C 
 1511      7B241A50 
 1511      C53AAAED 
 1511      6F686808 
 1512 02ab A82BA0C5 		.ascii	"\250+\240\305U1\267ut\205\264N\277\312x{\370\\lkY\304"
 1512      5531B775 
 1512      7485B44E 
 1512      BFCA787B 
 1512      F85C6C6B 
 1513 02c1 AF36AAED 		.ascii	"\2576\252\355\035\241\003\007\231]\243\374\321\270\273"
 1513      1DA10307 
 1513      995DA3FC 
 1513      D1B8BB
 1514 02d0 3DACA9F1 		.ascii	"=\254\251\361H\214\226\\\213\234\017\377\005\032\377"
 1514      488C965C 
 1514      8B9C0FFF 
 1514      051AFF
 1515 02df 4BCC     		.ascii	"K\314"
 1516              		.text
 1517              		.section	.gnu.lto_flashGetOffsetSector.405.b3bf9926,"e",%progbits
 1518 0000 789C7554 		.ascii	"x\234uT]L\034U\024\276g\356\314\354\314\354\262\300"
 1518      5D4C1C55 
 1518      14BE67EE 
 1518      CCECCCEC 
 1518      B2C0
 1519 0012 C2F6C117 		.ascii	"\302\366\301\027\327\277\030\222\272H\243\361'\304\324"
 1519      D7BF1892 
 1519      BA48A3F1 
 1519      27C4D4
 1520 0021 A0F1598D 		.ascii	"\240\361Y\215\017&$\004\227%lm\272dg\365\265CaQK,\013"
 1520      0F262404 
 1520      97256C6D 
 1520      BA6467F5 
 1520      B5436151 
 1521 0038 1AE90F58 		.ascii	"\032\351\017X\235\254J\353C\221\326\002\245\005d[kW"
 1521      9DAC4AEB 
 1521      4391D602 
ARM GAS  C:\Users\acest\AppData\Local\Temp\ccYVngif.s 			page 43


 1521      A505645B 
 1521      6B57
 1522 004a A984FA57 		.ascii	"\251\204\372WQ\0331$\240\321\024\033\243!\032<\347\336"
 1522      511B3124 
 1522      A0D1141B 
 1522      A3211A3C 
 1522      E7DE
 1523 005c 650A249D 		.ascii	"e\012$\235\300\235s\317\375\316\371\316\371\316\334"
 1523      C09D73CF 
 1523      FDCEF9CE 
 1523      F9CEDC
 1524 006b BDA23136 		.ascii	"\275\24216\316\030\233\305\177\3603\350\355\331\257"
 1524      CE189BC5 
 1524      7FF033E8 
 1524      EDD9AF
 1525 007a 30C77176 		.ascii	"0\307qv\372\024\345pv\370\016\370\004f^=\375\200z0\273"
 1525      FA14E570 
 1525      76F80EF8 
 1525      04665E3D 
 1525      FD807A30 
 1526 008f 0027FFBE 		.ascii	"\000'\377\276\344W-\3503$\200+\035=]\012|\012\270\213"
 1526      E4572DE8 
 1526      3324802B 
 1526      1D3D5D0A 
 1526      7C0AB88B 
 1527 00a3 A89D3D41 		.ascii	"\250\235=A\361V\225L\217\377\333\213\323\234<\307F\317"
 1527      F156954C 
 1527      8FFFDB8B 
 1527      D39C3CC7 
 1527      46CF
 1528 00b5 D5AA1A1C 		.ascii	"\325\252\032\034\352uW\3062\226\210\322\241\357\243"
 1528      EA7557C6 
 1528      329688D2 
 1528      A1EFA3
 1529 00c4 750A9FD2 		.ascii	"u\012\237\322.3\010\334!\244\020\201\206\010\230\314"
 1529      2E3308DC 
 1529      21A41081 
 1529      860898CC 
 1530 00d4 3C85E402 		.ascii	"<\205\344\002gB\233W\026\260\275\212\305UM\367\031&"
 1530      67429B57 
 1530      16B0BD8A 
 1530      C5554DF7 
 1530      1926
 1531 00e6 EC557C0C 		.ascii	"\354U|\014\246TB9\212g\260\342\363\006\357\347\320\313"
 1531      A6544239 
 1531      8A67B0E2 
 1531      F306EFE7 
 1531      D0CB
 1532 00f8 739C815A 		.ascii	"s\234\201Z\264\000\"US\216\363\317b\337\221\214\325"
 1532      B4002255 
 1532      538EF3CF 
 1532      62DF918C 
 1532      D5
 1533 0109 3F38A5E6 		.ascii	"?8\245\346\270\302\336F\300\307\000\247\200\202\020"
 1533      B8C2DE46 
 1533      C0C700A7 
 1533      808210
ARM GAS  C:\Users\acest\AppData\Local\Temp\ccYVngif.s 			page 44


 1534 0118 C8F7B07B 		.ascii	"\310\367\260{\0214\2734\3528&\313q\016#\260\001\203"
 1534      1134BB34 
 1534      EA3826CB 
 1534      710E23B0 
 1534      0183
 1535 012a 0EFB8641 		.ascii	"\016\373\206A\270\327@\002_o\177\305)\303T*\214m\006"
 1535      B8D74002 
 1535      5F6F7FC5 
 1535      29C3542A 
 1535      8C6D06
 1536 013d AAF69A21 		.ascii	"\252\366\232!Sf\201^\367 \372\372\300{\335\301l\233"
 1536      5366815E 
 1536      F720FAFA 
 1536      C07BDDC1 
 1536      6C9B
 1537 014f 91E31A8C 		.ascii	"\221\343\032\214\303&n\373]\223\260Gnb\373/\034\220"
 1537      C3266EFB 
 1537      5D93B047 
 1537      6E62FB2F 
 1537      1C90
 1538 0161 5805CE6D 		.ascii	"X\005\316m\301\366\011\354\200\207\235=N\345F\010:\271"
 1538      C1F609EC 
 1538      80879D3D 
 1538      4EE54608 
 1538      3AB9
 1539 0173 05DA65EA 		.ascii	"\005\332e\352(\023\300\004\300Y\240vq\326\024\234\273"
 1539      2813C004 
 1539      C059A076 
 1539      71D6149C 
 1539      BB
 1540 0184 49F461A6 		.ascii	"I\364a\246K\022\2510\275%:/\210Nx\330\241\343\031l\267"
 1540      4B12A930 
 1540      BD253A2F 
 1540      884E78D8 
 1540      A1E3196C 
 1541 0199 2342D8F3 		.ascii	"#B\330\363[\260#\304t\001 \017\014\207\307\354\323&"
 1541      5BB023C4 
 1541      7401200F 
 1541      0C87C7EC 
 1541      D326
 1542 01ab FA358F5B 		.ascii	"\3725\217[\036\235\230\323\246\234\177\327\272\035\347"
 1542      1E9D98D3 
 1542      A69C7FD7 
 1542      BA1DE7
 1543 01ba 5AD5407E 		.ascii	"Z\325@~\344-\330\006\250\225\256\340\342\303l\023\240"
 1543      E42DD806 
 1543      A895AEE0 
 1543      E2C36C13 
 1543      A0
 1544 01cb A2A5E800 		.ascii	"\242\245\350\000\243\340C\3130\310G\2030-\332\372\311"
 1544      A3E043CB 
 1544      30C84783 
 1544      302DDAFA 
 1544      C9
 1545 01dc 0AD05242 		.ascii	"\012\320RBK\220\2262\206\331\313\001\316@\210:\255\240"
 1545      4B909632 
 1545      86D9CB01 
ARM GAS  C:\Users\acest\AppData\Local\Temp\ccYVngif.s 			page 45


 1545      CE40883A 
 1545      ADA0
 1546 01ee 222A1972 		.ascii	"\"*\031r\205)\226\261n\316\006\026\277\334\001\316\024"
 1546      852996B1 
 1546      6ECE0616 
 1546      BFDC01CE 
 1546      14
 1547 01ff 6359AE08 		.ascii	"cY\256\010\273\015\355_\301Y\030+\230T+\231g,\366\007"
 1547      BB0DED5F 
 1547      C159182B 
 1547      98542B99 
 1547      672CF607 
 1548 0213 EC3B7BEC 		.ascii	"\354;{\354>\227C\361\213\341\242\357\367\351\313Bu,"
 1548      3E9743F1 
 1548      8BE1A2EF 
 1548      F7E9CB42 
 1548      752C
 1549 0225 97EB7011 		.ascii	"\227\353p\021\330\375r\253\303g0@r\2120\323\345J1J\337"
 1549      D8FD72AB 
 1549      C3673040 
 1549      728A30D3 
 1549      E54A314A 
 1550 023a 14E5C774 		.ascii	"\024\345\307tP\300\250\016\261\015\300\347\030E\202"
 1550      50C0A80E 
 1550      B10DC0E7 
 1550      184582
 1551 0249 5D878E88 		.ascii	"]\207\216\210\313\3130\216a\342\034/\301*\366E\260\025"
 1551      CBCB308E 
 1551      61E21C2F 
 1551      C12AF645 
 1551      B015
 1552 025b 748A8226 		.ascii	"t\212\202&\013\242\260;\275eaN\226\270\\\351r_\221L"
 1552      0BA2B03B 
 1552      BD65614E 
 1552      96B85CE9 
 1552      725F914C 
 1553 026f DB4416C4 		.ascii	"\333D\026\304X\230\361\310J\3412\222\321\235X\206\216"
 1553      5898F1C8 
 1553      4AE13292 
 1553      D19D5886 
 1553      8E
 1554 0280 E5FC6D18 		.ascii	"\345\374m\030F1\245 \357H7\267\206\276\030\257\002@"
 1554      4631A520 
 1554      EF4837B7 
 1554      86BE18AF 
 1554      0240
 1555 0292 59F8A5E9 		.ascii	"Y\370\245\351\337~\341\236.\363\005?^Mdk\037\352\234"
 1555      DF7EE19E 
 1555      2EF3053F 
 1555      5E4D646B 
 1555      1FEA9C
 1556 02a5 D15C8EED 		.ascii	"\321\\\216\355q\012U\300 \347p'V\211z\370\360D\252\266"
 1556      710A55C0 
 1556      20E77027 
 1556      56897AF8 
 1556      F044AAB6 
 1557 02b9 CDE515EB 		.ascii	"\315\345\025\353\205,m\317Q_\026\314\312J\006\2439^"
ARM GAS  C:\Users\acest\AppData\Local\Temp\ccYVngif.s 			page 46


 1557      852C6DCF 
 1557      515F16CC 
 1557      CA4A06A3 
 1557      395E
 1558 02cb 0E73580A 		.ascii	"\016sX\012\311\205]\276\363<\216\010\003\004\325\217"
 1558      C9855DBE 
 1558      F33C8E08 
 1558      0304D58F 
 1559 02db 052EBBAA 		.ascii	"\005.\273\252u\271\177=\305\340C\233S,\325\346x\010"
 1559      75B97F3D 
 1559      C5E0439B 
 1559      532CD5E6 
 1559      7808
 1560 02ed BEC214AA 		.ascii	"\276\302\024\252\020\274\275\277sFuy\300%}+\244\343"
 1560      10BCBDBF 
 1560      73467579 
 1560      C0257D2B 
 1560      A4E3
 1561 02ff 6BC5E5A8 		.ascii	"k\305\345\250L\200\3524a\015\237R)i\036\271*\005\327"
 1561      4C80EA34 
 1561      610D9F52 
 1561      29691EB9 
 1561      2A05D7
 1562 0312 35E44229 		.ascii	"5\344B)~\312\357ry9\005\322\223\345j\356\347\277V\200"
 1562      7ECAEF72 
 1562      793905D2 
 1562      93E56AEE 
 1562      E7BF5680 
 1563 0326 9A073CFD 		.ascii	"\232\007<\375!?\254\210\343\312\342\261\266z\340\203"
 1563      213FAC88 
 1563      E3CAE2B1 
 1563      B67AE083 
 1564 0336 124F9A95 		.ascii	"\022O\232\225B@\364\3604~k.7\204\357\006\372\330*\030"
 1564      4240F4F0 
 1564      347E6B2E 
 1564      3784EF06 
 1564      FAD82A18 
 1565 034a A892AA52 		.ascii	"\250\222\252R\210>{\362\3747BN\205\316\257\356?\005"
 1565      883E7BF2 
 1565      FC37424E 
 1565      85CEAFEE 
 1565      3F05
 1566 035c 453DB170 		.ascii	"E=\261p\335\345aOO\2205N`\256\260`\363\321\357\230*"
 1566      DDE5614F 
 1566      4F90354E 
 1566      60AEB060 
 1566      F3D1EF98 
 1567 0371 8AC1939D 		.ascii	"\212\301\223\235L\034q\242q\257\2502\011\212u\273\313"
 1567      4C1C71A2 
 1567      71AFA832 
 1567      098A75BB 
 1567      CB
 1568 0382 4B6E3DF8 		.ascii	"Kn=\370\012\370\016\245\322\344\340\347\3638\034\216"
 1568      0AF80EA5 
 1568      D2E4E0E7 
 1568      F3381C8E 
 1569 0392 78EA6615 		.ascii	"x\352f\025\320\012\353\207K$;\263P\221,7~?\370\246\351"
ARM GAS  C:\Users\acest\AppData\Local\Temp\ccYVngif.s 			page 47


 1569      D00AEB87 
 1569      4B243BB3 
 1569      50912C37 
 1569      7E3FF8A6 
 1570 03a7 75F85FC1 		.ascii	"u\370_\301\242K!x\356vy\360\326<!\230G\036]\216d\264"
 1570      A24B2178 
 1570      EE7679F0 
 1570      D63C2198 
 1570      471E5D8E 
 1571 03bd 73112B0D 		.ascii	"s\021+\015\011\351\202\262+R($r\256\025\024\321\235"
 1571      09E982B2 
 1571      2B522824 
 1571      72AE1514 
 1571      D19D
 1572 03cf 7974FDFA 		.ascii	"yt\375\372\375I\315\271b\236\253\200\26344\334\205\214"
 1572      FD49CDB9 
 1572      629EAB80 
 1572      B33434DC 
 1572      858C
 1573 03e1 C25DC80D 		.ascii	"\302]\310\015\337\203\357\362\325\026\374B\341\350\372"
 1573      DF83EFF2 
 1573      D516FC42 
 1573      E1E8FA
 1574 03f0 D5656C7B 		.ascii	"\325el{\335\243\365\317\331\361\224]\337\030\213\333"
 1574      DDA3F5CF 
 1574      D9F1945D 
 1574      DF188BDB 
 1575 0400 E9FA27E2 		.ascii	"\351\372'\342\366\213\351dk\3753\321\307\243u\321'\353"
 1575      F68BE964 
 1575      6BFD33D1 
 1575      C7A375D1 
 1575      27EB
 1576 0412 53E86E68 		.ascii	"S\350nhM%w\305ci\366X4Z\275\361\257\256%\361B\342\331"
 1576      4D2577C5 
 1576      6369F658 
 1576      345ABDF1 
 1576      AFAE25F1 
 1577 0429 F44B4D89 		.ascii	"\364KM\211du\214\354\244\275\243\246\246\246:iW\267"
 1577      64758CEC 
 1577      A4BDA3A6 
 1577      A6A63A69 
 1577      57B7
 1578 043b 34EEAEB6 		.ascii	"4\356\256\266S1z74\357n\264[\2421\2466\305_n\015o\360"
 1578      53317A37 
 1578      34EF6EB4 
 1578      5BA231A6 
 1578      36C55F6E 
 1579 0452 44630FC6 		.ascii	"Dc\017\306\232\232\033\037~\204\351\311\346f;\236\266"
 1579      9A9A1B1F 
 1579      7E84E9C9 
 1579      E6663B9E 
 1579      B6
 1580 0463 9AE2762C 		.ascii	"\232\342v,\225hM'S\220\320m\344L\246,\371j\210\357i"
 1580      95684D27 
 1580      5390D06D 
 1580      E44CA62C 
 1580      F96A88EF 
ARM GAS  C:\Users\acest\AppData\Local\Temp\ccYVngif.s 			page 48


 1581 0478 0A144D3B 		.ascii	"\012\024M;\335\230J\377\017`\3047\255"
 1581      DD984AFF 
 1581      0F60C437 
 1581      AD
 1582              		.text
 1583              		.section	.gnu.lto_flashGetOffsetAddress.406.b3bf9926,"e",%progbits
 1584 0000 789C5550 		.ascii	"x\234UPMh\023Q\020\236o\337&\331$\265\236\274\007AE"
 1584      4D681351 
 1584      109E6FDF 
 1584      26D924B5 
 1584      9EBC0741 
 1585 0015 D08D1104 		.ascii	"\320\215\021\004\365 J\364\342Q\361\026(q\263!\321\342"
 1585      F5204AF4 
 1585      E251F116 
 1585      2871B321 
 1585      D1E2
 1586 0027 867DABD7 		.ascii	"\206}\253\327\276\324\242X\220\244\365P\220\350!D\321"
 1586      BED4A258 
 1586      90A4F550 
 1586      90E82144 
 1586      D1
 1587 0038 8B5E5AAC 		.ascii	"\213^Z\254\266j\352\017\036D\020E\024\301K\241`=h\361"
 1587      B66AEA0F 
 1587      1E441045 
 1587      14C14BA1 
 1587      603D68F1 
 1588 004c E4A145E7 		.ascii	"\344\241E\347\355\206\232\300\3337of\277o\276o\346\244"
 1588      ED869AC0 
 1588      DB376F66 
 1588      BF6FBE6F 
 1588      E6A4
 1589 005e 41749388 		.ascii	"At\223\210v\362\007A\230\236\2324H)u4a\240>5\371\353"
 1589      76F20741 
 1589      989E9A34 
 1589      48297534 
 1589      61A03E35 
 1590 0074 C1AC89A7 		.ascii	"\301\254\211\247\010\013\2401\003c\270!Z\002\323\242"
 1590      080BA031 
 1590      0363B821 
 1590      5A02D3A2 
 1591 0084 C360B3F7 		.ascii	"\303`\263\367\0022\273\273J\375Y\231\371\276\202\326"
 1591      0232BBBB 
 1591      4AFD5999 
 1591      F9BE82D6 
 1592 0094 BDAED911 		.ascii	"\275\256\331\021\006\335f\300\0340\013\356L\014\024"
 1592      06DD66C0 
 1592      1C300BEE 
 1592      4C0C14
 1593 00a3 17681783 		.ascii	"\027h\027\203\336\177\231W*I\035!\360\010}\030.\310"
 1593      DE7F9957 
 1593      2A491D21 
 1593      F0087D18 
 1593      2EC8
 1594 00b5 394BE3AE 		.ascii	"9K\343\256!\002n\364\200&\036\017\002M\271dE-\233\320"
 1594      21026EF4 
 1594      80261E0F 
 1594      024DB964 
ARM GAS  C:\Users\acest\AppData\Local\Temp\ccYVngif.s 			page 49


 1594      452D9BD0 
 1595 00c9 6107A3D7 		.ascii	"a\007\243\327V\3574\206\233u\253#bX\300\200\266|g\305"
 1595      56EF3486 
 1595      9B75AB23 
 1595      6258C080 
 1595      B67C67C5 
 1596 00dd 098BD08E 		.ascii	"\011\213\320\216\364\224|8{\370!\326U\353\177\033J\275"
 1596      F4947C38 
 1596      7BF821D6 
 1596      55EB7F1B 
 1596      4ABD
 1597 00ef B1AFBF5C 		.ascii	"\261\257\277\\\230\301\020\270u\334\340+a\002\363\010"
 1597      98C110B8 
 1597      75DCE02B 
 1597      6102F308 
 1598 00ff 39094E2D 		.ascii	"9\011N-\213\257\244v\222L\001O\220&=\0365\204\336\223"
 1598      8BAFA476 
 1598      924C014F 
 1598      90263D1E 
 1598      3584DE93 
 1599 0113 32A1BA44 		.ascii	"2\241\272DMaDI\235\223\037P\313\037\337\202~b|\361\376"
 1599      4D614449 
 1599      9D931F50 
 1599      CB1FDF82 
 1599      7E627CF1 
 1600 0128 DEB6406F 		.ascii	"\336\266@oM\"t{Wo\223}\246\332<\3313\320\276(\215\343"
 1600      4D22747B 
 1600      576F937D 
 1600      A6DA3CD9 
 1600      33D0BE28 
 1601 013e 396E8506 		.ascii	"9n\205\0065-\331\026F\217\025\037`\245\271\035\226\230"
 1601      352DD916 
 1601      468F151F 
 1601      60A5B91D 
 1601      9698
 1602 0150 3511A643 		.ascii	"5\021\246Cx\301,=\346\032&2m\021g\036q\343\216\330\302"
 1602      78C12C3D 
 1602      E61A2632 
 1602      6D11671E 
 1602      71E38ED8 
 1603 0165 36C6333C 		.ascii	"6\3063<\002\027CG\237\331\021\307\355\233\327\362\327"
 1603      02174347 
 1603      9FD911C7 
 1603      ED9BD7F2 
 1603      D7
 1604 0176 74A8B56A 		.ascii	"t\250\265j\267E\242'\026\033\020\033f.^m\212m\305k\026"
 1604      B745A227 
 1604      161B101B 
 1604      662E5E6D 
 1604      8A6DC56B 
 1605 018b 33228BEB 		.ascii	"3\"\213\353W\277\031ma1\225\263\313\255+\033,\235\014"
 1605      57BF196D 
 1605      613195B3 
 1605      CBAD2B1B 
 1605      2C9D0C
 1606 019e 0BA9E8F7 		.ascii	"\013\251\350\367'Vf\267I\372\315>\370\251Gk\010\374"
 1606      275666B7 
ARM GAS  C:\Users\acest\AppData\Local\Temp\ccYVngif.s 			page 50


 1606      49FACD3E 
 1606      F8A9476B 
 1606      08FC
 1607 01b0 DF19D19E 		.ascii	"\337\031\321\236\374\341\302\031\351\372\262Pt\\\031"
 1607      FCE1C219 
 1607      E9FAB250 
 1607      745C19
 1608 01bf 148EBBF2 		.ascii	"\024\216\273\362|\340\325\012\247\354cv\336>Q\360\271"
 1608      7CE0D50A 
 1608      A7EC6376 
 1608      DE3E51F0 
 1608      B9
 1609 01d0 3C52F3BD 		.ascii	"<R\363\275s\256\023\320\021\333\316\366\237|\245z\266"
 1609      73AE13D0 
 1609      11DBCEF6 
 1609      9F7CA57A 
 1609      B6
 1610 01e1 7A3AB858 		.ascii	"z:\270X\252zYG\277=\271?\227\313e=\231\255\024G\263"
 1610      AA7A5947 
 1610      BF3DB93F 
 1610      97CB653D 
 1610      99AD1447 
 1611 01f6 D277741C 		.ascii	"\322wt\034)\217\026e\305v\310,\271\227j\333\372*\266"
 1611      298F1665 
 1611      C576C82C 
 1611      B9976ADB 
 1611      FA2AB6
 1612 0209 73C02995 		.ascii	"s\300)\225\213\007\017Q\334+\227\245\033\244J\256t\374"
 1612      8B070F51 
 1612      DC2B97A5 
 1612      1BA44AAE 
 1612      74FC
 1613 021b 6A2DF0FC 		.ascii	"j-\360\374\177Xi\342\337"
 1613      7F5869E2 
 1613      DF
 1614              		.text
 1615              		.section	.gnu.lto_flashGetAddressOffset.407.b3bf9926,"e",%progbits
 1616 0000 789C5550 		.ascii	"x\234UPMh\023A\024~\337\316&\233lj=y\017\202\212\240"
 1616      4D681341 
 1616      147EDFCE 
 1616      269B6C6A 
 1616      3D790F82 
 1617 0016 1B230855 		.ascii	"\033#\010UP\224\350\305\243\342-P\342\356\226D\213\033"
 1617      5094E8C5 
 1617      A3E22D50 
 1617      E2EE9644 
 1617      8B1B
 1618 0028 76A3D74E 		.ascii	"v\243\327Nj14\202i+\242B\354a\011\376\234\004Ql\265"
 1618      6A313482 
 1618      692BA242 
 1618      EC6109FE 
 1618      9C04516C 
 1619 003d 6AFC3B6A 		.ascii	"j\374;jE\360\346\251 X\005)\342\301C\252\276\331\204"
 1619      45F0E6A9 
 1619      20580529 
 1619      E2C143AA 
 1619      BED984
ARM GAS  C:\Users\acest\AppData\Local\Temp\ccYVngif.s 			page 51


 1620 0050 9AC0EECC 		.ascii	"\232\300\356\314\274\307\367\367\336q\215\350\006\021"
 1620      BCC7F7F7 
 1620      DE718DE8 
 1620      0611
 1621 005e 6DE71F82 		.ascii	"m\347\037\20207[\327HJy\330\320P\235\255//\376\321\361"
 1621      30375BD7 
 1621      484A79D8 
 1621      D0509DAD 
 1621      2F2FFED1 
 1622 0073 0C510334 		.ascii	"\014Q\0034\241a\002WES`N\264\030\254\367^@zg[\312\337"
 1622      A1610257 
 1622      4553604E 
 1622      B418ACF7 
 1622      5E407A67 
 1623 008a 5FAE4FD7 		.ascii	"_\256O\327\314\346\335\266\336\022\032\3153\340\021"
 1623      CCE6DDB6 
 1623      DE121ACD 
 1623      33E011
 1624 0099 F010AC4C 		.ascii	"\360\020\254L\014\024\347h\007\203>\254.H\231\244\226"
 1624      0C14E768 
 1624      07833EAC 
 1624      2E4899A4 
 1624      96
 1625 00aa 10788C3E 		.ascii	"\020x\214>\0147\202\317\206\302M\243\013\\\357\001u"
 1625      0C3782CF 
 1625      86C24DA3 
 1625      0B5CEF01 
 1625      75
 1626 00bb 2C0E02F5 		.ascii	",\016\002\365\340\253\321\225\274\002umc\364Z\375Nc"
 1626      E0ABD195 
 1626      BC02756D 
 1626      63F45AFD 
 1626      4E63
 1627 00cd 78A69A68 		.ascii	"x\246\232h\211\030\236b\300;\370e\304\011KP\211\324"
 1627      89189E62 
 1627      C03BF865 
 1627      C4094B50 
 1627      89D4
 1628 00df 94FC7175 		.ascii	"\224\374qu\377c\254-;\177\033R.\217\\~\375\275\211!"
 1628      FF63AC2D 
 1628      3B7F1B52 
 1628      2E8F5C7E 
 1628      FDBD8921 
 1629 00f3 B0745CE3 		.ascii	"\260t\\\343\303\320\201\005D\034\003x\202\004\3674\225"
 1629      C3D08105 
 1629      441C0378 
 1629      8204F734 
 1629      95
 1630 0104 2461F291 		.ascii	"$a\362\221L\251\027QC\250=I\035\262M4#\264nQ\345\342"
 1630      4CA91751 
 1630      43A83D49 
 1630      1DB24D34 
 1630      23B46E51 
 1631 011a 1BE4CAB5 		.ascii	"\033\344\312\265\367\240\037\230\\\272\267;\024\350"
 1631      F7A01F98 
 1631      5CBAB73B 
 1631      14E8
ARM GAS  C:\Users\acest\AppData\Local\Temp\ccYVngif.s 			page 52


 1632 0128 AD494469 		.ascii	"\255IDio\253mrN3\344\311\236\203\366t\3138^\340V\024"
 1632      6FAB6D72 
 1632      4E33E4C9 
 1632      9E83F674 
 1632      CB385EE0 
 1633 013e 50D192A1 		.ascii	"P\321\222\241\320z\254\370\000+\305rx\311\254\251\250"
 1633      D07AACF8 
 1633      002BC572 
 1633      78C9ACA9 
 1633      A8
 1634 014f 1CC22B66 		.ascii	"\034\302+f\2511\3270\225\016E\234y\304\302-\261\211"
 1634      A931D730 
 1634      950E459C 
 1634      79C4C22D 
 1634      B189
 1635 0161 634CA679 		.ascii	"cL\246y\004nF\211nr\"\276\267n\034+\017\206\225W\247"
 1635      046E4689 
 1635      6E7222BE 
 1635      B76E1C2B 
 1635      0F869557 
 1636 0176 F689316C 		.ascii	"\366\2111lhD\316\253\007Ca\366\254c\003\326\303\254"
 1636      6844CEAB 
 1636      074361F6 
 1636      AC6303D6 
 1636      C3AC
 1637 0188 84371BD6 		.ascii	"\2047\033\326\233\361\226\255\265n\340N\355\235\036"
 1637      9BF196AD 
 1637      B56EE04E 
 1637      ED9D1E
 1638 0197 AA702657 		.ascii	"\252p&W\027\347/\255\213P$\"\325\024\375\344\034\241"
 1638      17E72FAD 
 1638      8B502422 
 1638      D514FDE4 
 1638      1CA1
 1639 01a9 DA98DA19 		.ascii	"\332\230\332\031\376\357\214hW\356@\376T\340\372A\276"
 1639      FEEF8C68 
 1639      57EE40FE 
 1639      54E0FA41 
 1639      BE
 1640 01ba 60BB4125 		.ascii	"`\273A%\177\324\015\316V\274r\376\204u\304\312Y\307"
 1640      7FD40DCE 
 1640      56BC72FE 
 1640      8475C4CA 
 1640      59C7
 1641 01cc F23EB747 		.ascii	"\362>\267G\313\276w\306\265+t\310\2622\375_\256X:]:"
 1641      CBBE77C6 
 1641      B52B74C8 
 1641      B232FD5F 
 1641      AE583A5D 
 1642 01e1 5939EF94 		.ascii	"Y9\357\224\274\214\255\336^\2607\233\315f\274 S,\214"
 1642      BC8CADDE 
 1642      5EB0379B 
 1642      CD66BC20 
 1642      532C8C
 1643 01f4 6702DF56 		.ascii	"g\002\337V\367\350\330x!(Z6\351\216{\241\274\245\257"
 1643      F7E8D878 
 1643      21285A36 
ARM GAS  C:\Users\acest\AppData\Local\Temp\ccYVngif.s 			page 53


 1643      E98E7BA1 
 1643      BCA5AF
 1644 0207 63D9FB6C 		.ascii	"c\331\373lg\2540\262\237\364\202\343\370\246\343\006"
 1644      67AC30B2 
 1644      9FF482E3 
 1644      F8A6E306 
 1645 0217 B65F2A57 		.ascii	"\266_*W<\377\037\252<\341@"
 1645      3CFF1FAA 
 1645      3CE140
 1646              		.text
 1647              		.section	.gnu.lto_.symbol_nodes.b3bf9926,"e",%progbits
 1648 0000 789C1360 		.ascii	"x\234\023`d```\232\304\\\317\360\341\327\012\013\306"
 1648      64606060 
 1648      9AC45CCF 
 1648      F0E1D70A 
 1648      0BC6
 1649 0012 09E71818 		.ascii	"\011\347\030\030\352\031\030v5422\200d\200r\223\231"
 1649      EA191876 
 1649      35343232 
 1649      80648072 
 1649      9399
 1650 0024 EB191B80 		.ascii	"\353\031\033\200\200\005\233\344\024\346z&\234\222S"
 1650      80059BE4 
 1650      14E67A26 
 1650      9C9253
 1651 0033 99EB99E7 		.ascii	"\231\353\231\347>=o\204Mn\032s=\013N\215\323\231\353"
 1651      3E3D6F84 
 1651      4D6E1A73 
 1651      3D0B4E8D 
 1651      D399EB
 1652 0046 59714932 		.ascii	"YqI2\316`\256g\373\017\005\362`\005\014\014@\265 Yf"
 1652      CE60AE67 
 1652      FB0F05F2 
 1652      60050C0C 
 1652      40B52059 
 1653 005b 06B689AD 		.ascii	"\006\266\211\255\327\21733.\341ca\200\030\360\225\221"
 1653      D78F3333 
 1653      2EE16361 
 1653      8018F095 
 1653      91
 1654 006c 05EAFAAD 		.ascii	"\005\352\372\255\214,Lp\026\304]@\006\324\021S\031Y"
 1654      8C2C4C70 
 1654      16C45D40 
 1654      06D41153 
 1654      1959
 1655 007e 58612C06 		.ascii	"Xa,\006\00039JF"
 1655      0033394A 
 1655      46
 1656              		.text
 1657              		.section	.gnu.lto_.refs.b3bf9926,"e",%progbits
 1658 0000 789C6364 		.ascii	"x\234cd\000\002\000\000\012\000\002"
 1658      00020000 
 1658      0A0002
 1659              		.text
 1660              		.section	.gnu.lto_.decls.b3bf9926,"e",%progbits
 1661 0000 789CA558 		.ascii	"x\234\245X\013P\024W\026\355\373z\230\031\232\341\023"
 1661      0B501457 
ARM GAS  C:\Users\acest\AppData\Local\Temp\ccYVngif.s 			page 54


 1661      16EDFB7A 
 1661      98199AE1 
 1661      13
 1662 0011 C54DB636 		.ascii	"\305M\2666\225eS\273%\265\265\201\205\374S\265)\263"
 1662      956553BB 
 1662      25B5B581 
 1662      85FC53B5 
 1662      29B3
 1663 0023 262655A9 		.ascii	"&&U\251\315\246\326|6\033j\247&3\015L\202\2423\203\225"
 1663      CDA6D67C 
 1663      361B6AA7 
 1663      26330D4C 
 1663      82A23383 
 1664 0038 6CD5D68E 		.ascii	"l\325\326\216A$\242\002\212(J\0244\202\342\027b\210"
 1664      4124A202 
 1664      8A284A14 
 1664      3482E217 
 1664      6288
 1665 004a 8A310E20 		.ascii	"\2121\016 \012\021\025\224\030\215\361\023\011\006\374"
 1665      0A111594 
 1665      188DF113 
 1665      0906FC
 1666 0059 02A22241 		.ascii	"\002\242\"A\335\373\336\353\351\356\371\230d\327\321"
 1666      DDFBDEEB 
 1666      E9EEF998 
 1666      64D7D1
 1667 0068 DBFDFAF5 		.ascii	"\333\375\372\365y\367\234w\337}\335\267yj\254 T\210"
 1667      79F79C77 
 1667      DF7DDDB7 
 1667      796AAC20 
 1667      5488
 1668 007a 82F002DA 		.ascii	"\202\360\002\332m\374\231\004A\350D\243g\013\010B4Z"
 1668      6DFC9904 
 1668      41E844A3 
 1668      670B0842 
 1668      345A
 1669 008c 1BB633D0 		.ascii	"\033\2663\320\356\007~\257G\340?\212\371\035\366\375"
 1669      EE077EAF 
 1669      47E03F8A 
 1669      F91DF6FD 
 1670 009c 1E2D19ED 		.ascii	"\036-\031\355\021\264'\321\236F{\026\204\220\337\213"
 1670      11B427D1 
 1670      9E467B16 
 1670      8490DF8B 
 1671 00ac 4410EEC1 		.ascii	"D\020\356\301s#\332\030\264x\305g\007\236\237\001\316"
 1671      7323DA18 
 1671      B478C567 
 1671      079E9F01 
 1671      CE
 1672 00bd F725B6C7 		.ascii	"\367%\266\307\243%\242\375\012\257\243\320\236Sx\273"
 1672      A325A2FD 
 1672      0AAFA3D0 
 1672      9E5378BB 
 1673 00cd D026617B 		.ascii	"\320&a{\"\032\272\022\356\3033\240\211\212\216\027\356"
 1673      221ABA12 
 1673      EEC333A0 
 1673      898A8E17 
ARM GAS  C:\Users\acest\AppData\Local\Temp\ccYVngif.s 			page 55


 1673      EE
 1674 00de C0FB2A82 		.ascii	"\300\373*\202\307\3528{\024^:/\253\302;\202m\0318\267"
 1674      C7EA387B 
 1674      145E3A2F 
 1674      ABC23B82 
 1674      6D1938B7 
 1675 00f2 9F371DED 		.ascii	"\2377\035\355\006^\377\023\317\031h\016\264L4'Z\204"
 1675      065EFF13 
 1675      CF19680E 
 1675      B44C3427 
 1675      5A84
 1676 0104 C21F89F6 		.ascii	"\302\037\211\366w\264\267\320\336\240z\004\036\217\340"
 1676      77B4B7D0 
 1676      DEA07A04 
 1676      1E8FE0
 1677 0113 9F95707E 		.ascii	"\237\225p~\277\206\216\273\320\020\216\337\246\343O"
 1677      BF868EBB 
 1677      D0108EDF 
 1677      A6E34F
 1678 0122 0EC3EF24 		.ascii	"\016\303\357$\234\327\317\337\246\360\367\334E\014\336"
 1678      9CD7CFDF 
 1678      A6F0F7DC 
 1678      450CDE
 1679 0131 069E03C1 		.ascii	"\006\236\003\301q\240Z\336\324\351y$\214\0367\352\211"
 1679      71A05ADE 
 1679      D4E97924 
 1679      8C1E37EA 
 1679      89
 1680 0142 D3E9C9B8 		.ascii	"\323\351\311\270\203\236\013\302\235\365\274\243\254"
 1680      839E0BC2 
 1680      9DF5BCA3 
 1680      AC
 1681 014f BD9FFF35 		.ascii	"\275\237\3775\205\357\3110|\377\016\342\363\347@F\020"
 1681      85EFC930 
 1681      7CFF0EE2 
 1681      F3E74046 
 1681      10
 1682 0160 DF7885F3 		.ascii	"\337x\205\363\177\341{:\014\337B\021\306\200\001\217"
 1682      7FE17B3A 
 1682      0CDF4211 
 1682      C680018F 
 1683 0170 F190C0DA 		.ascii	"\361\220\300\332\011\"\021\312E\3227<\353|\254\001\001"
 1683      092211CA 
 1683      45D2373C 
 1683      EB7CAC01 
 1683      01
 1684 0181 9001D9EC 		.ascii	"\220\001\331\354\006a\2408<\336\017\267\201\235\004"
 1684      0661A038 
 1684      3CDE0FB7 
 1684      819D04
 1685 0190 315E48F6 		.ascii	"1^H\366\262_\323\333\002\354\344\376\337\214\302\361"
 1685      B25FD3DB 
 1685      02ECE4FE 
 1685      DF8CC2F1 
 1686 01a0 5B57FDB0 		.ascii	"[W\375\260G2\373\274\336\336\017N\373@\200\207\341\217"
 1686      4732FBBC 
 1686      DEDE0F4E 
ARM GAS  C:\Users\acest\AppData\Local\Temp\ccYVngif.s 			page 56


 1686      FB408087 
 1686      E18F
 1687 01b2 E86B17C0 		.ascii	"\350k\027\300\347\000\237\001\354\000q:\245YWW\237\027"
 1687      E7009F01 
 1687      EC00713A 
 1687      A5595757 
 1687      9F17
 1688 01c4 1304031F 		.ascii	"\023\004\003\037\350\201\210Z\265\257du\364\275\310"
 1688      E881885A 
 1688      B5AF6475 
 1688      F4BDC8
 1689 01d3 72C1EB8D 		.ascii	"r\301\353\215\207F\200\006\200\355tRM8d\0336\020SQ\265"
 1689      87468006 
 1689      80ED7452 
 1689      4D38641B 
 1689      36105351 
 1690 01e8 745D8405 		.ascii	"t]\204\005=\365{+\233\014x\007\352\001>\241\240fP\246"
 1690      3DF57B2B 
 1690      9B0C7807 
 1690      EA013EA1 
 1690      A06650A6 
 1691 01fc 799FF81F 		.ascii	"y\237\370\037\332\030\017\364\001\022\313Z\2028\017"
 1691      DA180FF4 
 1691      0112CB5A 
 1691      82380F
 1692 020b E8E8D2CA 		.ascii	"\350\350\322\312\374+ \261\321\276Y\221\2022\026Z\001"
 1692      FC2B20B1 
 1692      D1BE5991 
 1692      8232165A 
 1692      01
 1693 021c 3128642F 		.ascii	"1(d/\300\036*\244gq\351\200\211E\245\015 \033;|\013"
 1693      C01E2AA4 
 1693      6771E980 
 1693      8945A50D 
 1693      201B3B7C 
 1694 0231 E77E13A3 		.ascii	"\347~\023\243\204\351\013\212\230S\322S\025\031Nj;\272"
 1694      84E90B8A 
 1694      9853D253 
 1694      15194E6A 
 1694      3BBA
 1695 0243 DBC7A5AE 		.ascii	"\333\307\245\256\315[\266\"F\223\332\256I\335OW\256"
 1695      CD5BB622 
 1695      4693DAAE 
 1695      49DD4F57 
 1695      AE
 1696 0254 1C55AD61 		.ascii	"\034U\255a\252.\264\364\265G\207\252:\030\244\252a\364"
 1696      AA2EB4F4 
 1696      B54787AA 
 1696      3A18A4AA 
 1696      61F4
 1697 0266 E0A051F3 		.ascii	"\340\240Q\363\327\241\371\353\344\204\305\203;>&Le'"
 1697      D7A1F9EB 
 1697      E484C583 
 1697      3B3E264C 
 1697      6527
 1698 0278 97BD7CC1 		.ascii	"\227\275|\301\365\002I\221}\210\272h\234\273}&\204\223"
 1698      F5024991 
ARM GAS  C:\Users\acest\AppData\Local\Temp\ccYVngif.s 			page 57


 1698      7D88BA68 
 1698      9CBB7D26 
 1698      8493
 1699 028a DD857C87 		.ascii	"\335\205|\207\271\227\321\323\027\327I\032M\227F\363"
 1699      B997D1D3 
 1699      17D7491A 
 1699      4D9746F3 
 1700 029a A53FC271 		.ascii	"\245?\302qb-\212\307\200\263+\263\210#\305\343l*\335"
 1700      622D8AC7 
 1700      80B32BB3 
 1700      8823C5E3 
 1700      6C2ADD
 1701 02ad 859BBB63 		.ascii	"\205\233\273c\351Tz}M3Ee\241\217\003&\221n\235O\025"
 1701      E9547A7D 
 1701      4D334565 
 1701      A18F0326 
 1701      916E9D4F 
 1702 02c2 EED6337C 		.ascii	"\356\3263|\2431\234\340\022j/\355\25213\335'\200\245"
 1702      A3319CE0 
 1702      126A2FED 
 1702      AA3133DD 
 1702      2780A5
 1703 02d5 E51BEA5A 		.ascii	"\345\033\352Z\342&\026\273\031\325\302+\327[\215\241"
 1703      E22616BB 
 1703      19D5C22B 
 1703      D75B8DA1 
 1704 02e5 51FB1610 		.ascii	"Q\373\026\020\203d\247\001NQ\262\201\252-\233D\346\353"
 1704      8364A701 
 1704      4E51B281 
 1704      AA2D9B44 
 1704      E6EB
 1705 02f7 0CC04910 		.ascii	"\014\300I\020\317\261\301G\267/\033\010\223\010\337"
 1705      CFB1C147 
 1705      B72F1B08 
 1705      9308DF
 1706 0306 05857CF1 		.ascii	"\005\205|\361\231\256\262h6\270\007\240\233\366\\;0"
 1706      99AEB268 
 1706      36B807A0 
 1706      9BF65C3B 
 1706      30
 1707 0317 32CF1FD2 		.ascii	"2\317\037\322\263\264\243dv\373\2101\\H{\321\337\367"
 1707      B3B4A364 
 1707      76FB8831 
 1707      5C487BD1 
 1707      DFF7
 1708 0329 7C3EB7BA 		.ascii	"|>\267\272v_\216\322&\334\253M\270\217f\302\015&\251"
 1708      765F8ED2 
 1708      26DCAB4D 
 1708      B88F66C2 
 1708      0D26A9
 1709 033c 7DCFFC56 		.ascii	"}\317\374V&\251\327{\347\320\015\355^\275Z\347\351\274"
 1709      26A9D77B 
 1709      E7D00DED 
 1709      5EBD5AE7 
 1709      E9BC
 1710 034e E6E902A7 		.ascii	"\346\351\002\247\312\337\270|\021O\335\013<\007\216"
 1710      CADFB87C 
ARM GAS  C:\Users\acest\AppData\Local\Temp\ccYVngif.s 			page 58


 1710      114FDD0B 
 1710      3C078E
 1711 035d F93EFC28 		.ascii	"\371>\374(\326?\377\213\324\307\226\221M\373\325I]\242"
 1711      D63FFF8B 
 1711      D4C79691 
 1711      4DFBD549 
 1711      5DA2
 1712 036f 3D83574F 		.ascii	"=\203WO\034\365O\3522\355\030\376d\264\336\022nR\003"
 1712      1CF54FEA 
 1712      32ED18FE 
 1712      64B4DE12 
 1712      6E5203
 1713 0382 38A97ECE 		.ascii	"8\251~\316t\263\352\363\212HM\312\200&e\220N\352\026"
 1713      74B3EAF3 
 1713      8A484DCA 
 1713      80266590 
 1713      4EEA16
 1714 0395 843C5FF0 		.ascii	"\204<_\360\372x^]!\214\345\317\022\037\177\216\300U"
 1714      FA785E5D 
 1714      218CE5CF 
 1714      121F7F8E 
 1714      C055
 1715 03a7 FA10C086 		.ascii	"\372\020\300\2068\237=\222\232\256w\365\212\014\342"
 1715      389F3D92 
 1715      9AAE77F5 
 1715      8A0CE2
 1716 03b6 5320700D 		.ascii	"S p\015T\020\002\232o\224\026\210\032\361u\215xX\211"
 1716      5410029A 
 1716      6F941688 
 1716      1AF1758D 
 1716      785889
 1717 03c9 C1E06559 		.ascii	"\301\340eY\025?\254\211\3078\303\020\207\264\015\326"
 1717      153FAC89 
 1717      C738C310 
 1717      87B40DD6 
 1718 03d9 25692E6E 		.ascii	"%i.nh.F\250\366J\"\210\265\204gw\"{\036\372\210\270"
 1718      682E46A8 
 1718      F64A2288 
 1718      B5846777 
 1718      227B1EFA 
 1719 03ef 93AAFBC5 		.ascii	"\223\252\373\305\342C\263sM\277\345\277\261h\350c\370"
 1719      E243B373 
 1719      4DBFE5BF 
 1719      B168E863 
 1719      F8
 1720 0400 F3C53519 		.ascii	"\363\3055\031\037b\036YpcC\013@>Q\335\355\246\207z\020"
 1720      1F621E59 
 1720      7063430B 
 1720      403E51DD 
 1720      EDA6877A 
 1721 0415 10568C10 		.ascii	"\020V\214\020\203\0217\021\034\010\205\244\350\020\315"
 1721      83113711 
 1721      1C0885A4 
 1721      E810CD
 1722 0424 800F5E3D 		.ascii	"\200\017^=\342\323\020'\0109\032\0009\022\354\004\027"
 1722      E2D31027 
 1722      08391A00 
ARM GAS  C:\Users\acest\AppData\Local\Temp\ccYVngif.s 			page 59


 1722      3912EC04 
 1722      17
 1723 0435 FB870044 		.ascii	"\373\207\000Dr\020\240\017\340\353\000\300\261\020\026"
 1723      7210A00F 
 1723      E0EB00C0 
 1723      B11016
 1724 0444 9CCD57A1 		.ascii	"\234\315W\241,\010\301\330\316\302\3451\010p\013\340"
 1724      2C08C1D8 
 1724      CEC2E531 
 1724      08700BE0 
 1725 0454 26467594 		.ascii	"&Fu\224\3010Og\021\230C\240\200@\036\201\\\002\263\011"
 1725      C1304F67 
 1725      119843A0 
 1725      80401E81 
 1725      5C02B309 
 1726 0468 CC24E025 		.ascii	"\314$\340%\360\001\201\367i\215\0240\205\255\241\263"
 1726      F00181F7 
 1726      698D1430 
 1726      85ADA1B3 
 1727 0478 D42B1C01 		.ascii	"\324+\034\001\270\0222\205\000\201\203\000\347B\347"
 1727      B8123285 
 1727      00818300 
 1727      E742E7
 1728 0487 90421778 		.ascii	"\220B\027xk\321\245v\226E\263|\377\227P\232F\333:\007"
 1728      6BD1A576 
 1728      9645B37C 
 1728      FF97509A 
 1728      46DB3A07 
 1729 049b 74093E57 		.ascii	"t\011>W\243\231G\030`A~\356\262X\0150O\003`&\013\342"
 1729      A3994718 
 1729      60417EEE 
 1729      B2580D30 
 1729      4F036026 
 1730 04b1 6C9182CA 		.ascii	"l\221\202\312\3276]\213\011\310x*\242\210\250\351\\"
 1730      D7365D8B 
 1730      09C8782A 
 1730      A288A8E9 
 1730      5C
 1731 04c2 5AD93097 		.ascii	"Z\3310\227\004\346{ \240\354\352\305t\215\245XcY@\330"
 1731      04E67B20 
 1731      A0ECEAC5 
 1731      748DA558 
 1731      635940D8 
 1732 04d6 F318B353 		.ascii	"\363\030\263S\020\013\030Y\370\327\361\"\242\275\216"
 1732      100B1859 
 1732      F8D7F122 
 1732      A2BD8E
 1733 04e5 8B19EEFC 		.ascii	"\213\031\356\374\376\315;-\301\357\343R\242G\226\213"
 1733      FECD3B2D 
 1733      C1EFE352 
 1733      A247968B 
 1734 04f5 C6EAC585 		.ascii	"\306\352\305\2055\200i\216\270\332\366\275\263\275q"
 1734      3580698E 
 1734      B8DAF6BD 
 1734      B3BD71
 1735 0504 332DB098 		.ascii	"3-\260\230@\011\201\245Dq\255-I\377\276\275E1\3053E"
 1735      400981A5 
ARM GAS  C:\Users\acest\AppData\Local\Temp\ccYVngif.s 			page 60


 1735      4471AD2D 
 1735      49FFBEBD 
 1735      4531C533 
 1736 0519 5405850C 		.ascii	"T\005\205\014\021\230yZ\316,$|\235\2262\2622\002Kh\300"
 1736      1198795A 
 1736      CE2C247C 
 1736      9D9632B2 
 1736      32024B68 
 1737 052e C5154C59 		.ascii	"\305\025LY}\365\234\016il0\030\226\221 8\015\177\365"
 1737      7DF59C0E 
 1737      696C3018 
 1737      96912038 
 1737      0D7FF5
 1738 0541 D20BBAF7 		.ascii	"\322\013\272\367a\271\306\370!_\237\365\335;NXz\200"
 1738      61B9C6F8 
 1738      215F9FF5 
 1738      DD3B4E58 
 1738      7A80
 1739 0553 15E70607 		.ascii	"\025\347\006\007\340\236y\014\017\222\360\017Q\210\367"
 1739      E09E790C 
 1739      0F92F00F 
 1739      5188F7
 1740 0562 122F313A 		.ascii	"\022/1:D\"\211\222\350\220Z\341\201\304!q\202\231$\306"
 1740      44228992 
 1740      E8905AE1 
 1740      81C42171 
 1740      829924C6 
 1741 0576 4AE6B5CD 		.ascii	"J\346\265\315\020'E\230\011\35159\244\304\021\330@*"
 1741      10274598 
 1741      09E93539 
 1741      A4C411D8 
 1741      402A
 1742 0588 8D0913BC 		.ascii	"\215\011\023\274\006\307\274q\275&/)~)\376\341\011x"
 1742      06C7BC71 
 1742      BD262F29 
 1742      7E29FEE1 
 1742      0978
 1743 059a EC35B582 		.ascii	"\3545\265\202\003G\275l0\307a\253\327$\015\211\225\363"
 1743      0347BD6C 
 1743      30C761AB 
 1743      D7240D89 
 1743      95F3
 1744 05ac 8D8EFDE4 		.ascii	"\215\216\375\344\203\361XQH\216\324x\234\306\004\263"
 1744      83F15851 
 1744      488ED478 
 1744      9CC604B3 
 1745 05bc F981D826 		.ascii	"\371\201\330&\261I\234$\010fs\355\246qR\257)\026]$:"
 1745      B1499C24 
 1745      086673ED 
 1745      A67152AF 
 1745      29165D24 
 1746 05d1 12E21C09 		.ascii	"\022\342\034\011\261\255\020\341pH\361\211\002\212p"
 1746      B1AD10E1 
 1746      7048F189 
 1746      028A70
 1747 05e0 A4A64E20 		.ascii	"\244\246N \022z6\230[!U\004K\252\367\333\363\367J\021"
 1747      127A3698 
ARM GAS  C:\Users\acest\AppData\Local\Temp\ccYVngif.s 			page 61


 1747      5B215504 
 1747      4BAAF7DB 
 1747      F3F74A11 
 1748 05f4 52E40309 		.ascii	"R\344\003\011\370\375\341\020&\021\364+\336\366\377"
 1748      F8FDE110 
 1748      2611F42B 
 1748      DEF6FF
 1749 0603 C0849C0E 		.ascii	"\300\204\234\016\355\022 Q\"\251D|\261\027\253`B\022"
 1749      ED122051 
 1749      22A9447C 
 1749      B117AB60 
 1749      4212
 1750 0615 04C16B30 		.ascii	"\004\301k0[,\340\305S\244\365E\307\313\251\222\320k"
 1750      5B2CE0C5 
 1750      53A4F545 
 1750      C7CBA992 
 1750      D06B
 1751 0627 22782BDE 		.ascii	"\"x+\336@S]\033)\031\361\303\345(~[\361\177\364\000"
 1751      40535D1B 
 1751      2919F1C3 
 1751      E5287E5B 
 1751      F17FF400 
 1752 063b CA817ED0 		.ascii	"\312\201~\320P\323\323\260~\232\247DAS\010\357UOJ\233"
 1752      50D3D3B0 
 1752      7E9AA744 
 1752      415308EF 
 1752      554F4A9B 
 1753 064f 0288E287 		.ascii	"\002\210\342\207(\265(\3601\012\011=\352\234\253\020"
 1753      28B528F0 
 1753      310A093D 
 1753      EA9CAB10 
 1754 065f 50207E3F 		.ascii	"P ~?|\214\002P\307*M\312\301\300D?\206\215\013\020\256"
 1754      7C8C0250 
 1754      C72A4DCA 
 1754      C1C0443F 
 1754      868D0B10 
 1755 0674 B91454B7 		.ascii	"\271\024T\267~I\002\277\240UR\311\361\374\210\263\030"
 1755      7E4902BF 
 1755      A05552C9 
 1755      F1FC88B3 
 1755      18
 1756 0685 376FFFA7 		.ascii	"7o\377\247\227\242a\\\361\004\001\304F\226\236\341\336"
 1756      97A2615C 
 1756      F10401C4 
 1756      46969EE1 
 1756      DE
 1757 0696 5F95DA56 		.ascii	"_\225\332V\335q~A?\011\334\354\230\271:\300\221\306"
 1757      DD717E41 
 1757      3F09DCEC 
 1757      98B93AC0 
 1757      91C6
 1758 06a8 91215DF9 		.ascii	"\221!]\371\272R\313\331U<g{\016/\037\210b/\314U\204"
 1758      BA52CBD9 
 1758      553C677B 
 1758      0E2F1F88 
 1758      622FCC55 
 1759 06bd BD3147AB 		.ascii	"\2751G\253o\2547\204{\025\257\306\271~\304\007\255<"
ARM GAS  C:\Users\acest\AppData\Local\Temp\ccYVngif.s 			page 62


 1759      6FAC3784 
 1759      7B15AFC6 
 1759      B97EC407 
 1759      AD3C
 1760 06cf D0501DF3 		.ascii	"\320P\035\363`Y\231w\270\363\344\2555\277\256\330\346"
 1760      60599977 
 1760      B8F3E4AD 
 1760      35BFAED8 
 1760      E6
 1761 06e0 F5E6E108 		.ascii	"\365\346\341\0103\005A\205\302.`K\200\025\004\226\223"
 1761      33054185 
 1761      C22E604B 
 1761      80150496 
 1761      93
 1762 06f1 378BA2C4 		.ascii	"7\213\242\304\317\014B\270J\267\256\256\246K\362\363"
 1762      CF0C42B8 
 1762      4AB7AEAE 
 1762      A64BF2F3 
 1763 0701 AF21F431 		.ascii	"\257!\3641\370\311)\247\312\337\243\361\327\240\267"
 1763      F8C929A7 
 1763      CADFA3F1 
 1763      D7A0B7
 1764 0710 B59CFFD4 		.ascii	"\265\234\377\324\355\322\202H\312\337\2779\267 \246"
 1764      EDD28248 
 1764      CADFBF39 
 1764      B720A6
 1765 071f 83CE1EF0 		.ascii	"\203\316\036\360>T\253\324\325*u\213$v\376\014\352\015"
 1765      3E54ABD4 
 1765      D52A758B 
 1765      2476FE0C 
 1765      EA0D
 1766 0731 94FAE6E5 		.ascii	"\224\372\346\345]_\230U\356\016\215{\023\272\333\310"
 1766      5D5F9855 
 1766      EE0E8D7B 
 1766      13BADBC8 
 1767 0741 B98F5D2B 		.ascii	"\271\217]+(ds\357\357k\236\355\347\336D`\275\312\275"
 1767      286473EF 
 1767      EF6B9EED 
 1767      E7DE4460 
 1767      BDCABD
 1768 0754 5EE53E1B 		.ascii	"^\345>\033)~\307\270\2677\274_\021\343/\201(\367\314"
 1768      297EC7B8 
 1768      B737BC5F 
 1768      11E32F81 
 1768      28F7CC
 1769 0767 EA354B54 		.ascii	"\3525KT\356:\312]0\177\343N\223\312\335\246qoAw\037"
 1769      EE3ACA5D 
 1769      307FE34E 
 1769      93CADDA6 
 1769      716F4177 
 1770 077c 73EE6B35 		.ascii	"s\356k5\365'D\306]\236\247\316{\013\201Z\225\273V\345"
 1770      F52744C6 
 1770      5D9EA7CE 
 1770      7B0B815A 
 1770      95BB56E5 
 1771 0790 EE368B37 		.ascii	"\3566\2137~\006\367\247\224{\311\272\325\347\264yg\250"
 1771      7E06F7A7 
ARM GAS  C:\Users\acest\AppData\Local\Temp\ccYVngif.s 			page 63


 1771      947BC9BA 
 1771      D5E7B479 
 1771      67A8
 1772 07a2 D4DBD0DB 		.ascii	"\324\333\320\333VN\275b\376\325\325\022\243\356\355"
 1772      564EBD62 
 1772      FED5D512 
 1772      A3EEED
 1773 07b1 99BE963E 		.ascii	"\231\276\226>h\360.\324\253\304\365*q\225Y,\212\010"
 1773      68F02ED4 
 1773      ABC4F52A 
 1773      7195592C 
 1773      8A08
 1774 07c3 578B9DF9 		.ascii	"W\213\235\371\341\373\374\030?\357\016\312\333"
 1774      E1FBFC18 
 1774      3FEF0ECA 
 1774      DB
 1775 07d0 523AAF1F 		.ascii	"R:\257\037\302\2555\326>\360\031'\356k\354X\022\313"
 1775      C2AD35D6 
 1775      3EF01927 
 1775      EE6BEC58 
 1775      12CB
 1776 07e2 88E7E4AB 		.ascii	"\210\347\344\253s\336I\240A\245nP\251\333MbU\004\226"
 1776      73DE49A0 
 1776      41A56E50 
 1776      A9DB4D62 
 1776      550496
 1777 07f5 528CFE40 		.ascii	"R\214\376@\253\357ZLh\311\355#\201%\367\341\315\327"
 1777      ABEF5A4C 
 1777      68C9ED23 
 1777      8125F7E1 
 1777      CDD7
 1778 0807 8EF1DABF 		.ascii	"\216\361\332\277\221o\200S\307\207\226F\251\2422UM\315"
 1778      916F8053 
 1778      C7879646 
 1778      A9A23255 
 1778      4DCD
 1779 0819 48D3C435 		.ascii	"H\323\3045}\324U\324ex\260\014K\261\321\363\225u\277"
 1779      7DD455D4 
 1779      6578B00C 
 1779      4BB1D1F3 
 1779      9575BF
 1780 082c 69CCAD4C 		.ascii	"i\314\255L\304\333\260K\225\264\213([{w\345a+\333~\276"
 1780      C4DBB04B 
 1780      95B48B28 
 1780      5B7B77E5 
 1780      612BDB7E 
 1781 0841 30DF3654 		.ascii	"0\3376Td\363\311\213\272\332\262Y\333\237{\350+}(Bx"
 1781      64F3C98B 
 1781      BADAB259 
 1781      DB9F7BE8 
 1781      2B7D2842 
 1782 0856 B018B759 		.ascii	"\260\030\267Y\331\340\351\022\323\006\276\315\336\217"
 1782      D9E0E912 
 1782      D306BECD 
 1782      DE8F
 1783 0864 A45A60AF 		.ascii	"\244Z`\257B\006\255\264\355\217\300\236(\261\301(\210"
 1783      4206ADB4 
ARM GAS  C:\Users\acest\AppData\Local\Temp\ccYVngif.s 			page 64


 1783      ED8FC09E 
 1783      28B1C128 
 1783      88
 1784 0875 4D68078D 		.ascii	"Mh\007\215wz\200\264+C\305\257\030d\343\312\326&\010"
 1784      777A80B4 
 1784      2B43C5AF 
 1784      1864E3CA 
 1784      D62608
 1785 0888 2C08F613 		.ascii	",\010\366\023\025\204\200\242\341\316\246hM\344\001"
 1785      158480A2 
 1785      E1CEA668 
 1785      4DE401
 1786 0897 4DE4412A 		.ascii	"M\344A*r\000\311n\243\3151\361\012\366~V#\234\006q\221"
 1786      7200C96E 
 1786      A3CD31F1 
 1786      0AF67E56 
 1786      239C0671 
 1787 08ac 0947C70D 		.ascii	"\011G\307\015\026\015\025\030\375\025,/_\017\264\304"
 1787      160D1518 
 1787      FD152C2F 
 1787      5F0FB4C4 
 1788 08bc F0FA15BF 		.ascii	"\360\372\025\277\031\332\010\234\010\255\370(\331\327"
 1788      19DA089C 
 1788      08ADF828 
 1788      D9D7
 1789 08ca 5585EC05 		.ascii	"U\205\354\005\217\373\360\313\000\220V\301\366\357\310"
 1789      8FFBF0CB 
 1789      009056C1 
 1789      F6EFC8
 1790 08d9 2B619883 		.ascii	"+a\230\203\004\366\005`t\325e\177\233\346\350\213P6"
 1790      04F60560 
 1790      74D5657F 
 1790      9BE6E88B 
 1790      5036
 1791 08eb E6A8B626 		.ascii	"\346\250\266&/\337\033\207\212\020\323\031\200\321*"
 1791      2FDF1B87 
 1791      8A10D319 
 1791      80D12A
 1792 08fa 8EDA8D0A 		.ascii	"\216\332\215\012\0067gG(\031\367\263\\\363s(\304\217"
 1792      06376747 
 1792      2819F7B3 
 1792      5CF37328 
 1792      C48F
 1793 090c BE2AE922 		.ascii	"\276*\351\"p\230\320/NVf|C\340k\002\307\011\034\305"
 1793      7098D02F 
 1793      4E56667C 
 1793      43E06B02 
 1793      C7091CC5 
 1794 0920 FA83C011 		.ascii	"\372\203\300\021\002_)U\307\316\335UW@WX\362q\364\023"
 1794      025F2955 
 1794      C7CEDD55 
 1794      57405758 
 1794      F271F413 
 1795 0934 E5A7466E 		.ascii	"\345\247Fn\275\271i\320\244-\333IM\313)\272lK\351\352"
 1795      BDB969D0 
 1795      A42DDB49 
 1795      4DCB29BA 
ARM GAS  C:\Users\acest\AppData\Local\Temp\ccYVngif.s 			page 65


 1795      6C4BE9EA 
 1796 0948 18AB5BAA 		.ascii	"\030\253[\252\216X\224\232k\256\246\035\003\336\035"
 1796      8E58949A 
 1796      6BAEA61D 
 1796      03DE1D
 1797 0957 3606B773 		.ascii	"6\006\267s9\0067\353\351\020L\270\252\253\233\251<C"
 1797      390637EB 
 1797      E9104CB8 
 1797      AAAB9BA9 
 1797      3C43
 1798 0969 E05B45D6 		.ascii	"\340[E\326\261\301\326\327u\363Q\012\256\375$\024\271"
 1798      B1C1D6D7 
 1798      75F3510A 
 1798      AEFD2414 
 1798      B9
 1799 097a B9A5224F 		.ascii	"\271\245\"O\2679\276\323\310z\370>\334s=o\216A\333^"
 1799      B739BED3 
 1799      C87AF83E 
 1799      DC733D6F 
 1799      8E41DB5E 
 1800 098e 419F5508 		.ascii	"A\237U\010XT\260\362\254\016\020\352a\303\271\253\271"
 1800      5854B0F2 
 1800      AC0E10EA 
 1800      61C3B9AB 
 1800      B9
 1801 099f 843D247C 		.ascii	"\204=$|?\366]>4z\350c1\024\026\374\027\223\362\276\376"
 1801      3FF65D3E 
 1801      347AE863 
 1801      311416FC 
 1801      1793F2BE 
 1802 09b4 85965058 		.ascii	"\205\226PX\360\237{F.\256\232\250\211\012\372\246\026"
 1802      F09F7B46 
 1802      2EAE9AA8 
 1802      890AFAA6 
 1802      16
 1803 09c5 EEB1D9A7 		.ascii	"\356\261\331\247\3478]\262U~\327\236\225\343v\316\220"
 1803      E7385DB2 
 1803      557ED79E 
 1803      95E376CE 
 1803      90
 1804 09d6 FF949494 		.ascii	"\377\224\224\224\254\377?1\323\371\226s\262'\307\341"
 1804      ACFF3F31 
 1804      D3F99673 
 1804      B227C7E1 
 1805 09e6 CC4EB6D3 		.ascii	"\314N\266\323v\266;5%%%9\333\235\234i\313Jv\273\354"
 1805      76B63B35 
 1805      25252539 
 1805      DB9D9C69 
 1805      CB4A76BB 
 1806 09fb F46C4DCF 		.ascii	"\364lM\317\262\2713\223\354\346\347_z5ab\312\343\302"
 1806      B2B93393 
 1806      ECE6E75F 
 1806      7A356162 
 1806      CAE3C2
 1807 0a0e 385D6792 		.ascii	"8]g\222\375Q\273#\335\366\304\223B4\353\261\312.W\266"
 1807      FD51BB23 
 1807      DDF6C493 
ARM GAS  C:\Users\acest\AppData\Local\Temp\ccYVngif.s 			page 66


 1807      4234EBB1 
 1807      CA2E57B6 
 1808 0a22 CBEAB1CC 		.ascii	"\313\352\261\314\220]\316\364\367\360\322\346\226c\370"
 1808      905DCEF4 
 1808      F7F0D2E6 
 1808      9663F8
 1809 0a31 2DB76CF7 		.ascii	"-\267l\367\320{Q\323sd\227r\313\234\343\234\352y8\325"
 1809      D07B51D3 
 1809      73649772 
 1809      CB9CE39C 
 1809      EA7938D5 
 1810 0a45 EA19E3F6 		.ascii	"\352\031\343\366\330\\\036\336\251 c\365]\266\254,\323"
 1810      D85C1EDE 
 1810      A92063F5 
 1810      5DB6AC2C 
 1810      D3
 1811 0a56 34577686 		.ascii	"4Wv\206\3136\305D\307<a\365\030\335\316\177\311V\217"
 1811      CB36C544 
 1811      C73C61F5 
 1811      18DDCE7F 
 1811      C9568F
 1812 0a69 E23D3B3D 		.ascii	"\342=;=\335-{\254\036\203K\2669b2\260\351\220\335v\227"
 1812      DD2D7BAC 
 1812      1E834BB6 
 1812      396232B0 
 1812      E990DD76 
 1813 0a7e 731A7A1A 		.ascii	"s\032z\032\303!Z\207\325\023\353\234\212\356\247\332"
 1813      C3215A87 
 1813      D513EB9C 
 1813      8AEEA7DA 
 1814 0a8e 6565A0E5 		.ascii	"ee\240\345\317\3102\211\302^\373\313+\367\270\344,\231"
 1814      CFC83289 
 1814      C25EFBCB 
 1814      2BF7B8E4 
 1814      2C99
 1815 0aa0 B2AAA17B 		.ascii	"\262\252\241{\314\376T\032\013\221\233\205+M\027\256"
 1815      CCFE541A 
 1815      0B919B85 
 1815      2B4D17AE 
 1816 0ab0 B46C771A 		.ascii	"\264lw\032F$\3159\025\261\0169M\213N\246 \316\230\342"
 1816      4624CD39 
 1816      15B10E39 
 1816      4D8B4EA6 
 1816      20CE98E2 
 1817 0ac4 89401E8F 		.ascii	"\211@\036\217\254\204\207\265\255\236H\225MLyL\210\264"
 1817      AC8487B5 
 1817      AD9E4895 
 1817      4D4C794C 
 1817      88B4
 1818 0ad6 B9A6CC78 		.ascii	"\271\246\314x\\~h\212 \331\263]\036\371\335\207\246"
 1818      5C7E688A 
 1818      20D9B35D 
 1818      1EF9DD87 
 1818      A6
 1819 0ae7 3C22F069 		.ascii	"<\"\360i\275nsz\236\243\001\370\303\304\247\322^u\313"
 1819      BD6E737A 
 1819      9EA301F8 
ARM GAS  C:\Users\acest\AppData\Local\Temp\ccYVngif.s 			page 67


 1819      C3C4A7D2 
 1819      5E75CB
 1820 0afa 2E779ACD 		.ascii	".w\232\315.\273=i\317\312\356w<\331\323\322\376\226"
 1820      2EBB3D69 
 1820      CFCAEE77 
 1820      3CD9D3D2 
 1820      FE96
 1821 0b0c F44CD2C4 		.ascii	"\364L\322\304\244\347\322\\\330m\305\000\275\215\241"
 1821      A4E7D25C 
 1821      D86DC500 
 1821      BD8DA1
 1822 0b1b 139EBEAB 		.ascii	"\023\236\276\253\205\026\342Y\343y\3313\231\255\303"
 1822      8516E259 
 1822      E379D933 
 1822      99ADC3
 1823 0b2a 5F5980C6 		.ascii	"_Y\200\306\004vN\306\330\2538\216\3407\306\005v>\343"
 1823      04764EC6 
 1823      D8AB388E 
 1823      E037C605 
 1823      763EE3
 1824 0b3d 70B864B7 		.ascii	"p\270d\267[\355U\256\371M\311\236\371J\246cr\226,O\213"
 1824      5BED55AE 
 1824      F94DC99E 
 1824      F94AA663 
 1824      72962C4F 
 1825 0b52 76BFE7C6 		.ascii	"v\277\347\306e\225]3P\210\347\321\037\017\267\313\243"
 1825      65955D33 
 1825      5088E7D1 
 1825      1F0FB7CB 
 1825      A3
 1826 0b63 46DB9EE9 		.ascii	"F\333\236\351\311\244+\356\306h\307f\273mY\257\260K"
 1826      C9A42BEE 
 1826      C668C766 
 1826      BB6D59AF 
 1826      B04B
 1827 0b75 E6F327BC 		.ascii	"\346\363'\274\320E\243#\320\335CS\235\274\215^L6.\321"
 1827      D045A323 
 1827      D0DD4353 
 1827      9DBC8D5E 
 1827      4C362ED1 
 1828 0b89 C2B3D06D 		.ascii	"\302\263\320m\245ifR.~\031\220\312\372\204\212\366\303"
 1828      A5696652 
 1828      2E7E1990 
 1828      CAFA848A 
 1828      F6C3
 1829 0b9b EDD93953 		.ascii	"\355\3319S=\221\323l\0312\033)\331<\036\227\363\255"
 1829      3D91D36C 
 1829      19321B29 
 1829      D93C1E97 
 1829      F3AD
 1830 0bad 1C8FEC36 		.ascii	"\034\217\3546\320k#\317\267\377\002\357\205%p"
 1830      D06B23CF 
 1830      B7FF02EF 
 1830      852570
 1831              		.text
 1832              		.section	.gnu.lto_.symtab.b3bf9926,"e",%progbits
 1833 0000 666C6173 		.ascii	"flashWaitErase\000"
ARM GAS  C:\Users\acest\AppData\Local\Temp\ccYVngif.s 			page 68


 1833      68576169 
 1833      74457261 
 1833      736500
 1834 000f 00       		.ascii	"\000"
 1835 0010 00       		.ascii	"\000"
 1836 0011 00       		.ascii	"\000"
 1837 0012 00000000 		.ascii	"\000\000\000\000\000\000\000\000"
 1837      00000000 
 1838 001a 25010000 		.ascii	"%\001\000\000"
 1839 001e 666C6173 		.ascii	"flashGetSectorOffset\000"
 1839      68476574 
 1839      53656374 
 1839      6F724F66 
 1839      66736574 
 1840 0033 00       		.ascii	"\000"
 1841 0034 00       		.ascii	"\000"
 1842 0035 00       		.ascii	"\000"
 1843 0036 00000000 		.ascii	"\000\000\000\000\000\000\000\000"
 1843      00000000 
 1844 003e 2A010000 		.ascii	"*\001\000\000"
 1845 0042 666C6173 		.ascii	"flashGetSectorSize\000"
 1845      68476574 
 1845      53656374 
 1845      6F725369 
 1845      7A6500
 1846 0055 00       		.ascii	"\000"
 1847 0056 00       		.ascii	"\000"
 1848 0057 00       		.ascii	"\000"
 1849 0058 00000000 		.ascii	"\000\000\000\000\000\000\000\000"
 1849      00000000 
 1850 0060 2F010000 		.ascii	"/\001\000\000"
 1851 0064 666C6173 		.ascii	"flashGetOffsetSector\000"
 1851      68476574 
 1851      4F666673 
 1851      65745365 
 1851      63746F72 
 1852 0079 00       		.ascii	"\000"
 1853 007a 00       		.ascii	"\000"
 1854 007b 00       		.ascii	"\000"
 1855 007c 00000000 		.ascii	"\000\000\000\000\000\000\000\000"
 1855      00000000 
 1856 0084 34010000 		.ascii	"4\001\000\000"
 1857 0088 666C6173 		.ascii	"flashGetOffsetAddress\000"
 1857      68476574 
 1857      4F666673 
 1857      65744164 
 1857      64726573 
 1858 009e 00       		.ascii	"\000"
 1859 009f 00       		.ascii	"\000"
 1860 00a0 00       		.ascii	"\000"
 1861 00a1 00000000 		.ascii	"\000\000\000\000\000\000\000\000"
 1861      00000000 
 1862 00a9 39010000 		.ascii	"9\001\000\000"
 1863 00ad 666C6173 		.ascii	"flashGetAddressOffset\000"
 1863      68476574 
 1863      41646472 
 1863      6573734F 
ARM GAS  C:\Users\acest\AppData\Local\Temp\ccYVngif.s 			page 69


 1863      66667365 
 1864 00c3 00       		.ascii	"\000"
 1865 00c4 00       		.ascii	"\000"
 1866 00c5 00       		.ascii	"\000"
 1867 00c6 00000000 		.ascii	"\000\000\000\000\000\000\000\000"
 1867      00000000 
 1868 00ce 3E010000 		.ascii	">\001\000\000"
 1869 00d2 63685468 		.ascii	"chThdSleep\000"
 1869      64536C65 
 1869      657000
 1870 00dd 00       		.ascii	"\000"
 1871 00de 02       		.ascii	"\002"
 1872 00df 00       		.ascii	"\000"
 1873 00e0 00000000 		.ascii	"\000\000\000\000\000\000\000\000"
 1873      00000000 
 1874 00e8 44010000 		.ascii	"D\001\000\000"
 1875              		.text
 1876              		.section	.gnu.lto_.ext_symtab.b3bf9926,"e",%progbits
 1877 0000 01       		.ascii	"\001"
 1878 0001 01       		.ascii	"\001"
 1879 0002 00       		.ascii	"\000"
 1880 0003 01       		.ascii	"\001"
 1881 0004 00       		.ascii	"\000"
 1882 0005 01       		.ascii	"\001"
 1883 0006 00       		.ascii	"\000"
 1884 0007 01       		.ascii	"\001"
 1885 0008 00       		.ascii	"\000"
 1886 0009 01       		.ascii	"\001"
 1887 000a 00       		.ascii	"\000"
 1888 000b 01       		.ascii	"\001"
 1889 000c 00       		.ascii	"\000"
 1890 000d 01       		.ascii	"\001"
 1891 000e 00       		.ascii	"\000"
 1892              		.text
 1893              		.section	.gnu.lto_.opts,"e",%progbits
 1894 0000 272D666E 		.ascii	"'-fno-openmp' '-fno-openacc' '-fno-pie' '-fcf-prote"
 1894      6F2D6F70 
 1894      656E6D70 
 1894      2720272D 
 1894      666E6F2D 
 1895 0033 6374696F 		.ascii	"ction=none' '-g' '-mcpu=cortex-m4' '-mthumb' '-mflo"
 1895      6E3D6E6F 
 1895      6E652720 
 1895      272D6727 
 1895      20272D6D 
 1896 0066 61742D61 		.ascii	"at-abi=soft' '-mlibarch=armv7e-m' '-march=armv7e-m'"
 1896      62693D73 
 1896      6F667427 
 1896      20272D6D 
 1896      6C696261 
 1897 0099 20272D4F 		.ascii	" '-O2' '-fomit-frame-pointer' '-falign-functions=16"
 1897      32272027 
 1897      2D666F6D 
 1897      69742D66 
 1897      72616D65 
 1898 00cc 2720272D 		.ascii	"' '-ffunction-sections' '-fdata-sections' '-fno-com"
 1898      6666756E 
ARM GAS  C:\Users\acest\AppData\Local\Temp\ccYVngif.s 			page 70


 1898      6374696F 
 1898      6E2D7365 
 1898      6374696F 
 1899 00ff 6D6F6E27 		.ascii	"mon' '-flto' '-Xassembler' '-alms=./build/lst/hal_f"
 1899      20272D66 
 1899      6C746F27 
 1899      20272D58 
 1899      61737365 
 1900 0132 6C617368 		.ascii	"lash.lst'\000"
 1900      2E6C7374 
 1900      2700
 1901              		.text
 1902              		.comm	__gnu_lto_slim,1,1
 1903              		.ident	"GCC: (GNU Arm Embedded Toolchain 10.3-2021.10) 10.3.1 20210824 (release)"
ARM GAS  C:\Users\acest\AppData\Local\Temp\ccYVngif.s 			page 71


DEFINED SYMBOLS
                            *ABS*:00000000 hal_flash.c
C:\Users\acest\AppData\Local\Temp\ccYVngif.s:25     .gnu.debuglto_.debug_info:00000000 hal_flash.c.c5cdfa89
                            *COM*:00000001 __gnu_lto_slim

NO UNDEFINED SYMBOLS
