ARM GAS  C:\Users\acest\AppData\Local\Temp\ccFf54sQ.s 			page 1


   1              		.cpu cortex-m4
   2              		.arch armv7e-m
   3              		.fpu softvfp
   4              		.eabi_attribute 20, 1
   5              		.eabi_attribute 21, 1
   6              		.eabi_attribute 23, 3
   7              		.eabi_attribute 24, 1
   8              		.eabi_attribute 25, 1
   9              		.eabi_attribute 26, 1
  10              		.eabi_attribute 30, 2
  11              		.eabi_attribute 34, 1
  12              		.eabi_attribute 18, 4
  13              		.file	"nvic.c"
  14              		.file 1 "c:\\chibistudio\\tools\\gnu tools arm embedded\\10.3 2021.10\\arm-none-eabi\\include\\mac
  15              		.file 2 "c:\\chibistudio\\tools\\gnu tools arm embedded\\10.3 2021.10\\arm-none-eabi\\include\\sys
  16              		.file 3 "c:\\chibistudio\\chibios2111\\os\\common\\ext\\arm\\cmsis\\core\\include\\core_cm4.h"
  17              		.file 4 "../../../../../ChibiStudio/chibios2111/os/hal/ports/common/ARMCMx/nvic.c"
  18              		.section	.gnu.debuglto_.debug_info,"e",%progbits
  19              	.Ldebug_info0:
  20              		.hidden	nvic.c.6893dd84
  21              		.weak	nvic.c.6893dd84
  22              	nvic.c.6893dd84:
  23 0000 B8040000 		.4byte	0x4b8
  24 0004 0400     		.2byte	0x4
  25 0006 00000000 		.4byte	.Ldebug_abbrev0
  26 000a 04       		.byte	0x4
  27 000b 01       		.uleb128 0x1
  28 000c 25020000 		.4byte	.LASF54
  29 0010 0C       		.byte	0xc
  30 0011 7C010000 		.4byte	.LASF55
  31 0015 5B000000 		.4byte	.LASF56
  32 0019 00000000 		.4byte	.Ldebug_line0
  33 001d 02       		.uleb128 0x2
  34 001e 04       		.byte	0x4
  35 001f 05       		.byte	0x5
  36 0020 696E7400 		.ascii	"int\000"
  37 0024 03       		.uleb128 0x3
  38 0025 04       		.byte	0x4
  39 0026 07       		.byte	0x7
  40 0027 CB010000 		.4byte	.LASF0
  41 002b 03       		.uleb128 0x3
  42 002c 08       		.byte	0x8
  43 002d 05       		.byte	0x5
  44 002e E5000000 		.4byte	.LASF1
  45 0032 03       		.uleb128 0x3
  46 0033 08       		.byte	0x8
  47 0034 04       		.byte	0x4
  48 0035 CB000000 		.4byte	.LASF2
  49 0039 03       		.uleb128 0x3
  50 003a 01       		.byte	0x1
  51 003b 06       		.byte	0x6
  52 003c 70010000 		.4byte	.LASF3
  53 0040 04       		.uleb128 0x4
  54 0041 18010000 		.4byte	.LASF8
  55 0045 01       		.byte	0x1
  56 0046 2B       		.byte	0x2b
  57 0047 18       		.byte	0x18
ARM GAS  C:\Users\acest\AppData\Local\Temp\ccFf54sQ.s 			page 2


  58 0048 4C000000 		.4byte	0x4c
  59 004c 03       		.uleb128 0x3
  60 004d 01       		.byte	0x1
  61 004e 08       		.byte	0x8
  62 004f 27010000 		.4byte	.LASF4
  63 0053 03       		.uleb128 0x3
  64 0054 02       		.byte	0x2
  65 0055 05       		.byte	0x5
  66 0056 2E000000 		.4byte	.LASF5
  67 005a 03       		.uleb128 0x3
  68 005b 02       		.byte	0x2
  69 005c 07       		.byte	0x7
  70 005d E2010000 		.4byte	.LASF6
  71 0061 03       		.uleb128 0x3
  72 0062 04       		.byte	0x4
  73 0063 05       		.byte	0x5
  74 0064 0F010000 		.4byte	.LASF7
  75 0068 04       		.uleb128 0x4
  76 0069 50000000 		.4byte	.LASF9
  77 006d 01       		.byte	0x1
  78 006e 4F       		.byte	0x4f
  79 006f 19       		.byte	0x19
  80 0070 74000000 		.4byte	0x74
  81 0074 03       		.uleb128 0x3
  82 0075 04       		.byte	0x4
  83 0076 07       		.byte	0x7
  84 0077 26030000 		.4byte	.LASF10
  85 007b 03       		.uleb128 0x3
  86 007c 08       		.byte	0x8
  87 007d 07       		.byte	0x7
  88 007e F3000000 		.4byte	.LASF11
  89 0082 04       		.uleb128 0x4
  90 0083 A3000000 		.4byte	.LASF12
  91 0087 02       		.byte	0x2
  92 0088 18       		.byte	0x18
  93 0089 13       		.byte	0x13
  94 008a 40000000 		.4byte	0x40
  95 008e 05       		.uleb128 0x5
  96 008f 82000000 		.4byte	0x82
  97 0093 04       		.uleb128 0x4
  98 0094 09000000 		.4byte	.LASF13
  99 0098 02       		.byte	0x2
 100 0099 30       		.byte	0x30
 101 009a 14       		.byte	0x14
 102 009b 68000000 		.4byte	0x68
 103 009f 05       		.uleb128 0x5
 104 00a0 93000000 		.4byte	0x93
 105 00a4 06       		.uleb128 0x6
 106 00a5 9F000000 		.4byte	0x9f
 107 00a9 03       		.uleb128 0x3
 108 00aa 01       		.byte	0x1
 109 00ab 08       		.byte	0x8
 110 00ac F5010000 		.4byte	.LASF14
 111 00b0 06       		.uleb128 0x6
 112 00b1 A9000000 		.4byte	0xa9
 113 00b5 07       		.uleb128 0x7
 114 00b6 040E     		.2byte	0xe04
ARM GAS  C:\Users\acest\AppData\Local\Temp\ccFf54sQ.s 			page 3


 115 00b8 03       		.byte	0x3
 116 00b9 9601     		.2byte	0x196
 117 00bb 09       		.byte	0x9
 118 00bc 7F010000 		.4byte	0x17f
 119 00c0 08       		.uleb128 0x8
 120 00c1 9E000000 		.4byte	.LASF15
 121 00c5 03       		.byte	0x3
 122 00c6 9801     		.2byte	0x198
 123 00c8 12       		.byte	0x12
 124 00c9 8F010000 		.4byte	0x18f
 125 00cd 00       		.byte	0
 126 00ce 08       		.uleb128 0x8
 127 00cf F4020000 		.4byte	.LASF16
 128 00d3 03       		.byte	0x3
 129 00d4 9901     		.2byte	0x199
 130 00d6 12       		.byte	0x12
 131 00d7 94010000 		.4byte	0x194
 132 00db 20       		.byte	0x20
 133 00dc 08       		.uleb128 0x8
 134 00dd D8010000 		.4byte	.LASF17
 135 00e1 03       		.byte	0x3
 136 00e2 9A01     		.2byte	0x19a
 137 00e4 12       		.byte	0x12
 138 00e5 8F010000 		.4byte	0x18f
 139 00e9 80       		.byte	0x80
 140 00ea 08       		.uleb128 0x8
 141 00eb DC000000 		.4byte	.LASF18
 142 00ef 03       		.byte	0x3
 143 00f0 9B01     		.2byte	0x19b
 144 00f2 12       		.byte	0x12
 145 00f3 94010000 		.4byte	0x194
 146 00f7 A0       		.byte	0xa0
 147 00f8 09       		.uleb128 0x9
 148 00f9 15020000 		.4byte	.LASF19
 149 00fd 03       		.byte	0x3
 150 00fe 9C01     		.2byte	0x19c
 151 0100 12       		.byte	0x12
 152 0101 8F010000 		.4byte	0x18f
 153 0105 0001     		.2byte	0x100
 154 0107 09       		.uleb128 0x9
 155 0108 FE020000 		.4byte	.LASF20
 156 010c 03       		.byte	0x3
 157 010d 9D01     		.2byte	0x19d
 158 010f 12       		.byte	0x12
 159 0110 94010000 		.4byte	0x194
 160 0114 2001     		.2byte	0x120
 161 0116 09       		.uleb128 0x9
 162 0117 6B010000 		.4byte	.LASF21
 163 011b 03       		.byte	0x3
 164 011c 9E01     		.2byte	0x19e
 165 011e 12       		.byte	0x12
 166 011f 8F010000 		.4byte	0x18f
 167 0123 8001     		.2byte	0x180
 168 0125 09       		.uleb128 0x9
 169 0126 08030000 		.4byte	.LASF22
 170 012a 03       		.byte	0x3
 171 012b 9F01     		.2byte	0x19f
ARM GAS  C:\Users\acest\AppData\Local\Temp\ccFf54sQ.s 			page 4


 172 012d 12       		.byte	0x12
 173 012e 94010000 		.4byte	0x194
 174 0132 A001     		.2byte	0x1a0
 175 0134 09       		.uleb128 0x9
 176 0135 12000000 		.4byte	.LASF23
 177 0139 03       		.byte	0x3
 178 013a A001     		.2byte	0x1a0
 179 013c 12       		.byte	0x12
 180 013d 8F010000 		.4byte	0x18f
 181 0141 0002     		.2byte	0x200
 182 0143 09       		.uleb128 0x9
 183 0144 12030000 		.4byte	.LASF24
 184 0148 03       		.byte	0x3
 185 0149 A101     		.2byte	0x1a1
 186 014b 12       		.byte	0x12
 187 014c A4010000 		.4byte	0x1a4
 188 0150 2002     		.2byte	0x220
 189 0152 0A       		.uleb128 0xa
 190 0153 495000   		.ascii	"IP\000"
 191 0156 03       		.byte	0x3
 192 0157 A201     		.2byte	0x1a2
 193 0159 12       		.byte	0x12
 194 015a C4010000 		.4byte	0x1c4
 195 015e 0003     		.2byte	0x300
 196 0160 09       		.uleb128 0x9
 197 0161 1C030000 		.4byte	.LASF25
 198 0165 03       		.byte	0x3
 199 0166 A301     		.2byte	0x1a3
 200 0168 12       		.byte	0x12
 201 0169 C9010000 		.4byte	0x1c9
 202 016d F003     		.2byte	0x3f0
 203 016f 09       		.uleb128 0x9
 204 0170 BA000000 		.4byte	.LASF26
 205 0174 03       		.byte	0x3
 206 0175 A401     		.2byte	0x1a4
 207 0177 12       		.byte	0x12
 208 0178 9F000000 		.4byte	0x9f
 209 017c 000E     		.2byte	0xe00
 210 017e 00       		.byte	0
 211 017f 0B       		.uleb128 0xb
 212 0180 9F000000 		.4byte	0x9f
 213 0184 8F010000 		.4byte	0x18f
 214 0188 0C       		.uleb128 0xc
 215 0189 24000000 		.4byte	0x24
 216 018d 07       		.byte	0x7
 217 018e 00       		.byte	0
 218 018f 05       		.uleb128 0x5
 219 0190 7F010000 		.4byte	0x17f
 220 0194 0B       		.uleb128 0xb
 221 0195 93000000 		.4byte	0x93
 222 0199 A4010000 		.4byte	0x1a4
 223 019d 0C       		.uleb128 0xc
 224 019e 24000000 		.4byte	0x24
 225 01a2 17       		.byte	0x17
 226 01a3 00       		.byte	0
 227 01a4 0B       		.uleb128 0xb
 228 01a5 93000000 		.4byte	0x93
ARM GAS  C:\Users\acest\AppData\Local\Temp\ccFf54sQ.s 			page 5


 229 01a9 B4010000 		.4byte	0x1b4
 230 01ad 0C       		.uleb128 0xc
 231 01ae 24000000 		.4byte	0x24
 232 01b2 37       		.byte	0x37
 233 01b3 00       		.byte	0
 234 01b4 0B       		.uleb128 0xb
 235 01b5 8E000000 		.4byte	0x8e
 236 01b9 C4010000 		.4byte	0x1c4
 237 01bd 0C       		.uleb128 0xc
 238 01be 24000000 		.4byte	0x24
 239 01c2 EF       		.byte	0xef
 240 01c3 00       		.byte	0
 241 01c4 05       		.uleb128 0x5
 242 01c5 B4010000 		.4byte	0x1b4
 243 01c9 0B       		.uleb128 0xb
 244 01ca 93000000 		.4byte	0x93
 245 01ce DA010000 		.4byte	0x1da
 246 01d2 0D       		.uleb128 0xd
 247 01d3 24000000 		.4byte	0x24
 248 01d7 8302     		.2byte	0x283
 249 01d9 00       		.byte	0
 250 01da 0E       		.uleb128 0xe
 251 01db 61010000 		.4byte	.LASF27
 252 01df 03       		.byte	0x3
 253 01e0 A501     		.2byte	0x1a5
 254 01e2 04       		.byte	0x4
 255 01e3 B5000000 		.4byte	0xb5
 256 01e7 0F       		.uleb128 0xf
 257 01e8 8C       		.byte	0x8c
 258 01e9 03       		.byte	0x3
 259 01ea B801     		.2byte	0x1b8
 260 01ec 09       		.byte	0x9
 261 01ed 18030000 		.4byte	0x318
 262 01f1 08       		.uleb128 0x8
 263 01f2 98000000 		.4byte	.LASF28
 264 01f6 03       		.byte	0x3
 265 01f7 BA01     		.2byte	0x1ba
 266 01f9 12       		.byte	0x12
 267 01fa A4000000 		.4byte	0xa4
 268 01fe 00       		.byte	0
 269 01ff 08       		.uleb128 0x8
 270 0200 D7000000 		.4byte	.LASF29
 271 0204 03       		.byte	0x3
 272 0205 BB01     		.2byte	0x1bb
 273 0207 12       		.byte	0x12
 274 0208 9F000000 		.4byte	0x9f
 275 020c 04       		.byte	0x4
 276 020d 08       		.uleb128 0x8
 277 020e FA010000 		.4byte	.LASF30
 278 0212 03       		.byte	0x3
 279 0213 BC01     		.2byte	0x1bc
 280 0215 12       		.byte	0x12
 281 0216 9F000000 		.4byte	0x9f
 282 021a 08       		.byte	0x8
 283 021b 08       		.uleb128 0x8
 284 021c 35010000 		.4byte	.LASF31
 285 0220 03       		.byte	0x3
ARM GAS  C:\Users\acest\AppData\Local\Temp\ccFf54sQ.s 			page 6


 286 0221 BD01     		.2byte	0x1bd
 287 0223 12       		.byte	0x12
 288 0224 9F000000 		.4byte	0x9f
 289 0228 0C       		.byte	0xc
 290 0229 10       		.uleb128 0x10
 291 022a 53435200 		.ascii	"SCR\000"
 292 022e 03       		.byte	0x3
 293 022f BE01     		.2byte	0x1be
 294 0231 12       		.byte	0x12
 295 0232 9F000000 		.4byte	0x9f
 296 0236 10       		.byte	0x10
 297 0237 10       		.uleb128 0x10
 298 0238 43435200 		.ascii	"CCR\000"
 299 023c 03       		.byte	0x3
 300 023d BF01     		.2byte	0x1bf
 301 023f 12       		.byte	0x12
 302 0240 9F000000 		.4byte	0x9f
 303 0244 14       		.byte	0x14
 304 0245 10       		.uleb128 0x10
 305 0246 53485000 		.ascii	"SHP\000"
 306 024a 03       		.byte	0x3
 307 024b C001     		.2byte	0x1c0
 308 024d 12       		.byte	0x12
 309 024e 28030000 		.4byte	0x328
 310 0252 18       		.byte	0x18
 311 0253 08       		.uleb128 0x8
 312 0254 C5010000 		.4byte	.LASF32
 313 0258 03       		.byte	0x3
 314 0259 C101     		.2byte	0x1c1
 315 025b 12       		.byte	0x12
 316 025c 9F000000 		.4byte	0x9f
 317 0260 24       		.byte	0x24
 318 0261 08       		.uleb128 0x8
 319 0262 22010000 		.4byte	.LASF33
 320 0266 03       		.byte	0x3
 321 0267 C201     		.2byte	0x1c2
 322 0269 12       		.byte	0x12
 323 026a 9F000000 		.4byte	0x9f
 324 026e 28       		.byte	0x28
 325 026f 08       		.uleb128 0x8
 326 0270 EA020000 		.4byte	.LASF34
 327 0274 03       		.byte	0x3
 328 0275 C301     		.2byte	0x1c3
 329 0277 12       		.byte	0x12
 330 0278 9F000000 		.4byte	0x9f
 331 027c 2C       		.byte	0x2c
 332 027d 08       		.uleb128 0x8
 333 027e 1A020000 		.4byte	.LASF35
 334 0282 03       		.byte	0x3
 335 0283 C401     		.2byte	0x1c4
 336 0285 12       		.byte	0x12
 337 0286 9F000000 		.4byte	0x9f
 338 028a 30       		.byte	0x30
 339 028b 08       		.uleb128 0x8
 340 028c 28000000 		.4byte	.LASF36
 341 0290 03       		.byte	0x3
 342 0291 C501     		.2byte	0x1c5
ARM GAS  C:\Users\acest\AppData\Local\Temp\ccFf54sQ.s 			page 7


 343 0293 12       		.byte	0x12
 344 0294 9F000000 		.4byte	0x9f
 345 0298 34       		.byte	0x34
 346 0299 08       		.uleb128 0x8
 347 029a 0A010000 		.4byte	.LASF37
 348 029e 03       		.byte	0x3
 349 029f C601     		.2byte	0x1c6
 350 02a1 12       		.byte	0x12
 351 02a2 9F000000 		.4byte	0x9f
 352 02a6 38       		.byte	0x38
 353 02a7 08       		.uleb128 0x8
 354 02a8 38030000 		.4byte	.LASF38
 355 02ac 03       		.byte	0x3
 356 02ad C701     		.2byte	0x1c7
 357 02af 12       		.byte	0x12
 358 02b0 9F000000 		.4byte	0x9f
 359 02b4 3C       		.byte	0x3c
 360 02b5 10       		.uleb128 0x10
 361 02b6 50465200 		.ascii	"PFR\000"
 362 02ba 03       		.byte	0x3
 363 02bb C801     		.2byte	0x1c8
 364 02bd 12       		.byte	0x12
 365 02be 42030000 		.4byte	0x342
 366 02c2 40       		.byte	0x40
 367 02c3 10       		.uleb128 0x10
 368 02c4 44465200 		.ascii	"DFR\000"
 369 02c8 03       		.byte	0x3
 370 02c9 C901     		.2byte	0x1c9
 371 02cb 12       		.byte	0x12
 372 02cc A4000000 		.4byte	0xa4
 373 02d0 48       		.byte	0x48
 374 02d1 10       		.uleb128 0x10
 375 02d2 41445200 		.ascii	"ADR\000"
 376 02d6 03       		.byte	0x3
 377 02d7 CA01     		.2byte	0x1ca
 378 02d9 12       		.byte	0x12
 379 02da A4000000 		.4byte	0xa4
 380 02de 4C       		.byte	0x4c
 381 02df 08       		.uleb128 0x8
 382 02e0 EF020000 		.4byte	.LASF39
 383 02e4 03       		.byte	0x3
 384 02e5 CB01     		.2byte	0x1cb
 385 02e7 12       		.byte	0x12
 386 02e8 5C030000 		.4byte	0x35c
 387 02ec 50       		.byte	0x50
 388 02ed 08       		.uleb128 0x8
 389 02ee 10020000 		.4byte	.LASF40
 390 02f2 03       		.byte	0x3
 391 02f3 CC01     		.2byte	0x1cc
 392 02f5 12       		.byte	0x12
 393 02f6 76030000 		.4byte	0x376
 394 02fa 60       		.byte	0x60
 395 02fb 08       		.uleb128 0x8
 396 02fc F4020000 		.4byte	.LASF16
 397 0300 03       		.byte	0x3
 398 0301 CD01     		.2byte	0x1cd
 399 0303 12       		.byte	0x12
ARM GAS  C:\Users\acest\AppData\Local\Temp\ccFf54sQ.s 			page 8


 400 0304 7B030000 		.4byte	0x37b
 401 0308 74       		.byte	0x74
 402 0309 08       		.uleb128 0x8
 403 030a 3D030000 		.4byte	.LASF41
 404 030e 03       		.byte	0x3
 405 030f CE01     		.2byte	0x1ce
 406 0311 12       		.byte	0x12
 407 0312 9F000000 		.4byte	0x9f
 408 0316 88       		.byte	0x88
 409 0317 00       		.byte	0
 410 0318 0B       		.uleb128 0xb
 411 0319 8E000000 		.4byte	0x8e
 412 031d 28030000 		.4byte	0x328
 413 0321 0C       		.uleb128 0xc
 414 0322 24000000 		.4byte	0x24
 415 0326 0B       		.byte	0xb
 416 0327 00       		.byte	0
 417 0328 05       		.uleb128 0x5
 418 0329 18030000 		.4byte	0x318
 419 032d 0B       		.uleb128 0xb
 420 032e A4000000 		.4byte	0xa4
 421 0332 3D030000 		.4byte	0x33d
 422 0336 0C       		.uleb128 0xc
 423 0337 24000000 		.4byte	0x24
 424 033b 01       		.byte	0x1
 425 033c 00       		.byte	0
 426 033d 06       		.uleb128 0x6
 427 033e 2D030000 		.4byte	0x32d
 428 0342 05       		.uleb128 0x5
 429 0343 3D030000 		.4byte	0x33d
 430 0347 0B       		.uleb128 0xb
 431 0348 A4000000 		.4byte	0xa4
 432 034c 57030000 		.4byte	0x357
 433 0350 0C       		.uleb128 0xc
 434 0351 24000000 		.4byte	0x24
 435 0355 03       		.byte	0x3
 436 0356 00       		.byte	0
 437 0357 06       		.uleb128 0x6
 438 0358 47030000 		.4byte	0x347
 439 035c 05       		.uleb128 0x5
 440 035d 57030000 		.4byte	0x357
 441 0361 0B       		.uleb128 0xb
 442 0362 A4000000 		.4byte	0xa4
 443 0366 71030000 		.4byte	0x371
 444 036a 0C       		.uleb128 0xc
 445 036b 24000000 		.4byte	0x24
 446 036f 04       		.byte	0x4
 447 0370 00       		.byte	0
 448 0371 06       		.uleb128 0x6
 449 0372 61030000 		.4byte	0x361
 450 0376 05       		.uleb128 0x5
 451 0377 71030000 		.4byte	0x371
 452 037b 0B       		.uleb128 0xb
 453 037c 93000000 		.4byte	0x93
 454 0380 8B030000 		.4byte	0x38b
 455 0384 0C       		.uleb128 0xc
 456 0385 24000000 		.4byte	0x24
ARM GAS  C:\Users\acest\AppData\Local\Temp\ccFf54sQ.s 			page 9


 457 0389 04       		.byte	0x4
 458 038a 00       		.byte	0
 459 038b 0E       		.uleb128 0xe
 460 038c 00000000 		.4byte	.LASF42
 461 0390 03       		.byte	0x3
 462 0391 CF01     		.2byte	0x1cf
 463 0393 03       		.byte	0x3
 464 0394 E7010000 		.4byte	0x1e7
 465 0398 0F       		.uleb128 0xf
 466 0399 0C       		.byte	0xc
 467 039a 03       		.byte	0x3
 468 039b CF02     		.2byte	0x2cf
 469 039d 09       		.byte	0x9
 470 039e CD030000 		.4byte	0x3cd
 471 03a2 08       		.uleb128 0x8
 472 03a3 F4020000 		.4byte	.LASF16
 473 03a7 03       		.byte	0x3
 474 03a8 D102     		.2byte	0x2d1
 475 03aa 12       		.byte	0x12
 476 03ab CD030000 		.4byte	0x3cd
 477 03af 00       		.byte	0
 478 03b0 08       		.uleb128 0x8
 479 03b1 DD010000 		.4byte	.LASF43
 480 03b5 03       		.byte	0x3
 481 03b6 D202     		.2byte	0x2d2
 482 03b8 12       		.byte	0x12
 483 03b9 A4000000 		.4byte	0xa4
 484 03bd 04       		.byte	0x4
 485 03be 08       		.uleb128 0x8
 486 03bf 38000000 		.4byte	.LASF44
 487 03c3 03       		.byte	0x3
 488 03c4 D302     		.2byte	0x2d3
 489 03c6 12       		.byte	0x12
 490 03c7 9F000000 		.4byte	0x9f
 491 03cb 08       		.byte	0x8
 492 03cc 00       		.byte	0
 493 03cd 0B       		.uleb128 0xb
 494 03ce 93000000 		.4byte	0x93
 495 03d2 DD030000 		.4byte	0x3dd
 496 03d6 0C       		.uleb128 0xc
 497 03d7 24000000 		.4byte	0x24
 498 03db 00       		.byte	0
 499 03dc 00       		.byte	0
 500 03dd 0E       		.uleb128 0xe
 501 03de BF000000 		.4byte	.LASF45
 502 03e2 03       		.byte	0x3
 503 03e3 D402     		.2byte	0x2d4
 504 03e5 03       		.byte	0x3
 505 03e6 98030000 		.4byte	0x398
 506 03ea 03       		.uleb128 0x3
 507 03eb 01       		.byte	0x1
 508 03ec 02       		.byte	0x2
 509 03ed 1F020000 		.4byte	.LASF46
 510 03f1 11       		.uleb128 0x11
 511 03f2 AB000000 		.4byte	.LASF47
 512 03f6 04       		.byte	0x4
 513 03f7 AF       		.byte	0xaf
ARM GAS  C:\Users\acest\AppData\Local\Temp\ccFf54sQ.s 			page 10


 514 03f8 06       		.byte	0x6
 515 03f9 08040000 		.4byte	0x408
 516 03fd 12       		.uleb128 0x12
 517 03fe 6E00     		.ascii	"n\000"
 518 0400 04       		.byte	0x4
 519 0401 AF       		.byte	0xaf
 520 0402 1E       		.byte	0x1e
 521 0403 93000000 		.4byte	0x93
 522 0407 00       		.byte	0
 523 0408 11       		.uleb128 0x11
 524 0409 FF010000 		.4byte	.LASF48
 525 040d 04       		.byte	0x4
 526 040e A5       		.byte	0xa5
 527 040f 06       		.byte	0x6
 528 0410 1F040000 		.4byte	0x41f
 529 0414 12       		.uleb128 0x12
 530 0415 6E00     		.ascii	"n\000"
 531 0417 04       		.byte	0x4
 532 0418 A5       		.byte	0xa5
 533 0419 20       		.byte	0x20
 534 041a 93000000 		.4byte	0x93
 535 041e 00       		.byte	0
 536 041f 11       		.uleb128 0x11
 537 0420 44010000 		.4byte	.LASF49
 538 0424 04       		.byte	0x4
 539 0425 93       		.byte	0x93
 540 0426 06       		.byte	0x6
 541 0427 4D040000 		.4byte	0x44d
 542 042b 13       		.uleb128 0x13
 543 042c 87000000 		.4byte	.LASF50
 544 0430 04       		.byte	0x4
 545 0431 93       		.byte	0x93
 546 0432 2C       		.byte	0x2c
 547 0433 93000000 		.4byte	0x93
 548 0437 13       		.uleb128 0x13
 549 0438 43030000 		.4byte	.LASF51
 550 043c 04       		.byte	0x4
 551 043d 93       		.byte	0x93
 552 043e 3E       		.byte	0x3e
 553 043f 93000000 		.4byte	0x93
 554 0443 14       		.uleb128 0x14
 555 0444 3B010000 		.4byte	.LASF57
 556 0448 5D040000 		.4byte	0x45d
 557 044c 00       		.byte	0
 558 044d 0B       		.uleb128 0xb
 559 044e B0000000 		.4byte	0xb0
 560 0452 5D040000 		.4byte	0x45d
 561 0456 0C       		.uleb128 0xc
 562 0457 24000000 		.4byte	0x24
 563 045b 1C       		.byte	0x1c
 564 045c 00       		.byte	0
 565 045d 06       		.uleb128 0x6
 566 045e 4D040000 		.4byte	0x44d
 567 0462 11       		.uleb128 0x11
 568 0463 3E000000 		.4byte	.LASF52
 569 0467 04       		.byte	0x4
 570 0468 7D       		.byte	0x7d
ARM GAS  C:\Users\acest\AppData\Local\Temp\ccFf54sQ.s 			page 11


 571 0469 06       		.byte	0x6
 572 046a 79040000 		.4byte	0x479
 573 046e 12       		.uleb128 0x12
 574 046f 6E00     		.ascii	"n\000"
 575 0471 04       		.byte	0x4
 576 0472 7D       		.byte	0x7d
 577 0473 21       		.byte	0x21
 578 0474 93000000 		.4byte	0x93
 579 0478 00       		.byte	0
 580 0479 11       		.uleb128 0x11
 581 047a 17000000 		.4byte	.LASF53
 582 047e 04       		.byte	0x4
 583 047f 66       		.byte	0x66
 584 0480 06       		.byte	0x6
 585 0481 9C040000 		.4byte	0x49c
 586 0485 12       		.uleb128 0x12
 587 0486 6E00     		.ascii	"n\000"
 588 0488 04       		.byte	0x4
 589 0489 66       		.byte	0x66
 590 048a 20       		.byte	0x20
 591 048b 93000000 		.4byte	0x93
 592 048f 13       		.uleb128 0x13
 593 0490 43030000 		.4byte	.LASF51
 594 0494 04       		.byte	0x4
 595 0495 66       		.byte	0x66
 596 0496 2C       		.byte	0x2c
 597 0497 93000000 		.4byte	0x93
 598 049b 00       		.byte	0
 599 049c 15       		.uleb128 0x15
 600 049d 8F000000 		.4byte	.LASF58
 601 04a1 04       		.byte	0x4
 602 04a2 4F       		.byte	0x4f
 603 04a3 06       		.byte	0x6
 604 04a4 16       		.uleb128 0x16
 605 04a5 6E00     		.ascii	"n\000"
 606 04a7 04       		.byte	0x4
 607 04a8 54       		.byte	0x54
 608 04a9 0C       		.byte	0xc
 609 04aa 93000000 		.4byte	0x93
 610 04ae 17       		.uleb128 0x17
 611 04af 16       		.uleb128 0x16
 612 04b0 6900     		.ascii	"i\000"
 613 04b2 04       		.byte	0x4
 614 04b3 57       		.byte	0x57
 615 04b4 11       		.byte	0x11
 616 04b5 93000000 		.4byte	0x93
 617 04b9 00       		.byte	0
 618 04ba 00       		.byte	0
 619 04bb 00       		.byte	0
 620              		.section	.gnu.debuglto_.debug_abbrev,"e",%progbits
 621              	.Ldebug_abbrev0:
 622 0000 01       		.uleb128 0x1
 623 0001 11       		.uleb128 0x11
 624 0002 01       		.byte	0x1
 625 0003 25       		.uleb128 0x25
 626 0004 0E       		.uleb128 0xe
 627 0005 13       		.uleb128 0x13
ARM GAS  C:\Users\acest\AppData\Local\Temp\ccFf54sQ.s 			page 12


 628 0006 0B       		.uleb128 0xb
 629 0007 03       		.uleb128 0x3
 630 0008 0E       		.uleb128 0xe
 631 0009 1B       		.uleb128 0x1b
 632 000a 0E       		.uleb128 0xe
 633 000b 10       		.uleb128 0x10
 634 000c 17       		.uleb128 0x17
 635 000d 00       		.byte	0
 636 000e 00       		.byte	0
 637 000f 02       		.uleb128 0x2
 638 0010 24       		.uleb128 0x24
 639 0011 00       		.byte	0
 640 0012 0B       		.uleb128 0xb
 641 0013 0B       		.uleb128 0xb
 642 0014 3E       		.uleb128 0x3e
 643 0015 0B       		.uleb128 0xb
 644 0016 03       		.uleb128 0x3
 645 0017 08       		.uleb128 0x8
 646 0018 00       		.byte	0
 647 0019 00       		.byte	0
 648 001a 03       		.uleb128 0x3
 649 001b 24       		.uleb128 0x24
 650 001c 00       		.byte	0
 651 001d 0B       		.uleb128 0xb
 652 001e 0B       		.uleb128 0xb
 653 001f 3E       		.uleb128 0x3e
 654 0020 0B       		.uleb128 0xb
 655 0021 03       		.uleb128 0x3
 656 0022 0E       		.uleb128 0xe
 657 0023 00       		.byte	0
 658 0024 00       		.byte	0
 659 0025 04       		.uleb128 0x4
 660 0026 16       		.uleb128 0x16
 661 0027 00       		.byte	0
 662 0028 03       		.uleb128 0x3
 663 0029 0E       		.uleb128 0xe
 664 002a 3A       		.uleb128 0x3a
 665 002b 0B       		.uleb128 0xb
 666 002c 3B       		.uleb128 0x3b
 667 002d 0B       		.uleb128 0xb
 668 002e 39       		.uleb128 0x39
 669 002f 0B       		.uleb128 0xb
 670 0030 49       		.uleb128 0x49
 671 0031 13       		.uleb128 0x13
 672 0032 00       		.byte	0
 673 0033 00       		.byte	0
 674 0034 05       		.uleb128 0x5
 675 0035 35       		.uleb128 0x35
 676 0036 00       		.byte	0
 677 0037 49       		.uleb128 0x49
 678 0038 13       		.uleb128 0x13
 679 0039 00       		.byte	0
 680 003a 00       		.byte	0
 681 003b 06       		.uleb128 0x6
 682 003c 26       		.uleb128 0x26
 683 003d 00       		.byte	0
 684 003e 49       		.uleb128 0x49
ARM GAS  C:\Users\acest\AppData\Local\Temp\ccFf54sQ.s 			page 13


 685 003f 13       		.uleb128 0x13
 686 0040 00       		.byte	0
 687 0041 00       		.byte	0
 688 0042 07       		.uleb128 0x7
 689 0043 13       		.uleb128 0x13
 690 0044 01       		.byte	0x1
 691 0045 0B       		.uleb128 0xb
 692 0046 05       		.uleb128 0x5
 693 0047 3A       		.uleb128 0x3a
 694 0048 0B       		.uleb128 0xb
 695 0049 3B       		.uleb128 0x3b
 696 004a 05       		.uleb128 0x5
 697 004b 39       		.uleb128 0x39
 698 004c 0B       		.uleb128 0xb
 699 004d 01       		.uleb128 0x1
 700 004e 13       		.uleb128 0x13
 701 004f 00       		.byte	0
 702 0050 00       		.byte	0
 703 0051 08       		.uleb128 0x8
 704 0052 0D       		.uleb128 0xd
 705 0053 00       		.byte	0
 706 0054 03       		.uleb128 0x3
 707 0055 0E       		.uleb128 0xe
 708 0056 3A       		.uleb128 0x3a
 709 0057 0B       		.uleb128 0xb
 710 0058 3B       		.uleb128 0x3b
 711 0059 05       		.uleb128 0x5
 712 005a 39       		.uleb128 0x39
 713 005b 0B       		.uleb128 0xb
 714 005c 49       		.uleb128 0x49
 715 005d 13       		.uleb128 0x13
 716 005e 38       		.uleb128 0x38
 717 005f 0B       		.uleb128 0xb
 718 0060 00       		.byte	0
 719 0061 00       		.byte	0
 720 0062 09       		.uleb128 0x9
 721 0063 0D       		.uleb128 0xd
 722 0064 00       		.byte	0
 723 0065 03       		.uleb128 0x3
 724 0066 0E       		.uleb128 0xe
 725 0067 3A       		.uleb128 0x3a
 726 0068 0B       		.uleb128 0xb
 727 0069 3B       		.uleb128 0x3b
 728 006a 05       		.uleb128 0x5
 729 006b 39       		.uleb128 0x39
 730 006c 0B       		.uleb128 0xb
 731 006d 49       		.uleb128 0x49
 732 006e 13       		.uleb128 0x13
 733 006f 38       		.uleb128 0x38
 734 0070 05       		.uleb128 0x5
 735 0071 00       		.byte	0
 736 0072 00       		.byte	0
 737 0073 0A       		.uleb128 0xa
 738 0074 0D       		.uleb128 0xd
 739 0075 00       		.byte	0
 740 0076 03       		.uleb128 0x3
 741 0077 08       		.uleb128 0x8
ARM GAS  C:\Users\acest\AppData\Local\Temp\ccFf54sQ.s 			page 14


 742 0078 3A       		.uleb128 0x3a
 743 0079 0B       		.uleb128 0xb
 744 007a 3B       		.uleb128 0x3b
 745 007b 05       		.uleb128 0x5
 746 007c 39       		.uleb128 0x39
 747 007d 0B       		.uleb128 0xb
 748 007e 49       		.uleb128 0x49
 749 007f 13       		.uleb128 0x13
 750 0080 38       		.uleb128 0x38
 751 0081 05       		.uleb128 0x5
 752 0082 00       		.byte	0
 753 0083 00       		.byte	0
 754 0084 0B       		.uleb128 0xb
 755 0085 01       		.uleb128 0x1
 756 0086 01       		.byte	0x1
 757 0087 49       		.uleb128 0x49
 758 0088 13       		.uleb128 0x13
 759 0089 01       		.uleb128 0x1
 760 008a 13       		.uleb128 0x13
 761 008b 00       		.byte	0
 762 008c 00       		.byte	0
 763 008d 0C       		.uleb128 0xc
 764 008e 21       		.uleb128 0x21
 765 008f 00       		.byte	0
 766 0090 49       		.uleb128 0x49
 767 0091 13       		.uleb128 0x13
 768 0092 2F       		.uleb128 0x2f
 769 0093 0B       		.uleb128 0xb
 770 0094 00       		.byte	0
 771 0095 00       		.byte	0
 772 0096 0D       		.uleb128 0xd
 773 0097 21       		.uleb128 0x21
 774 0098 00       		.byte	0
 775 0099 49       		.uleb128 0x49
 776 009a 13       		.uleb128 0x13
 777 009b 2F       		.uleb128 0x2f
 778 009c 05       		.uleb128 0x5
 779 009d 00       		.byte	0
 780 009e 00       		.byte	0
 781 009f 0E       		.uleb128 0xe
 782 00a0 16       		.uleb128 0x16
 783 00a1 00       		.byte	0
 784 00a2 03       		.uleb128 0x3
 785 00a3 0E       		.uleb128 0xe
 786 00a4 3A       		.uleb128 0x3a
 787 00a5 0B       		.uleb128 0xb
 788 00a6 3B       		.uleb128 0x3b
 789 00a7 05       		.uleb128 0x5
 790 00a8 39       		.uleb128 0x39
 791 00a9 0B       		.uleb128 0xb
 792 00aa 49       		.uleb128 0x49
 793 00ab 13       		.uleb128 0x13
 794 00ac 00       		.byte	0
 795 00ad 00       		.byte	0
 796 00ae 0F       		.uleb128 0xf
 797 00af 13       		.uleb128 0x13
 798 00b0 01       		.byte	0x1
ARM GAS  C:\Users\acest\AppData\Local\Temp\ccFf54sQ.s 			page 15


 799 00b1 0B       		.uleb128 0xb
 800 00b2 0B       		.uleb128 0xb
 801 00b3 3A       		.uleb128 0x3a
 802 00b4 0B       		.uleb128 0xb
 803 00b5 3B       		.uleb128 0x3b
 804 00b6 05       		.uleb128 0x5
 805 00b7 39       		.uleb128 0x39
 806 00b8 0B       		.uleb128 0xb
 807 00b9 01       		.uleb128 0x1
 808 00ba 13       		.uleb128 0x13
 809 00bb 00       		.byte	0
 810 00bc 00       		.byte	0
 811 00bd 10       		.uleb128 0x10
 812 00be 0D       		.uleb128 0xd
 813 00bf 00       		.byte	0
 814 00c0 03       		.uleb128 0x3
 815 00c1 08       		.uleb128 0x8
 816 00c2 3A       		.uleb128 0x3a
 817 00c3 0B       		.uleb128 0xb
 818 00c4 3B       		.uleb128 0x3b
 819 00c5 05       		.uleb128 0x5
 820 00c6 39       		.uleb128 0x39
 821 00c7 0B       		.uleb128 0xb
 822 00c8 49       		.uleb128 0x49
 823 00c9 13       		.uleb128 0x13
 824 00ca 38       		.uleb128 0x38
 825 00cb 0B       		.uleb128 0xb
 826 00cc 00       		.byte	0
 827 00cd 00       		.byte	0
 828 00ce 11       		.uleb128 0x11
 829 00cf 2E       		.uleb128 0x2e
 830 00d0 01       		.byte	0x1
 831 00d1 3F       		.uleb128 0x3f
 832 00d2 19       		.uleb128 0x19
 833 00d3 03       		.uleb128 0x3
 834 00d4 0E       		.uleb128 0xe
 835 00d5 3A       		.uleb128 0x3a
 836 00d6 0B       		.uleb128 0xb
 837 00d7 3B       		.uleb128 0x3b
 838 00d8 0B       		.uleb128 0xb
 839 00d9 39       		.uleb128 0x39
 840 00da 0B       		.uleb128 0xb
 841 00db 27       		.uleb128 0x27
 842 00dc 19       		.uleb128 0x19
 843 00dd 01       		.uleb128 0x1
 844 00de 13       		.uleb128 0x13
 845 00df 00       		.byte	0
 846 00e0 00       		.byte	0
 847 00e1 12       		.uleb128 0x12
 848 00e2 05       		.uleb128 0x5
 849 00e3 00       		.byte	0
 850 00e4 03       		.uleb128 0x3
 851 00e5 08       		.uleb128 0x8
 852 00e6 3A       		.uleb128 0x3a
 853 00e7 0B       		.uleb128 0xb
 854 00e8 3B       		.uleb128 0x3b
 855 00e9 0B       		.uleb128 0xb
ARM GAS  C:\Users\acest\AppData\Local\Temp\ccFf54sQ.s 			page 16


 856 00ea 39       		.uleb128 0x39
 857 00eb 0B       		.uleb128 0xb
 858 00ec 49       		.uleb128 0x49
 859 00ed 13       		.uleb128 0x13
 860 00ee 00       		.byte	0
 861 00ef 00       		.byte	0
 862 00f0 13       		.uleb128 0x13
 863 00f1 05       		.uleb128 0x5
 864 00f2 00       		.byte	0
 865 00f3 03       		.uleb128 0x3
 866 00f4 0E       		.uleb128 0xe
 867 00f5 3A       		.uleb128 0x3a
 868 00f6 0B       		.uleb128 0xb
 869 00f7 3B       		.uleb128 0x3b
 870 00f8 0B       		.uleb128 0xb
 871 00f9 39       		.uleb128 0x39
 872 00fa 0B       		.uleb128 0xb
 873 00fb 49       		.uleb128 0x49
 874 00fc 13       		.uleb128 0x13
 875 00fd 00       		.byte	0
 876 00fe 00       		.byte	0
 877 00ff 14       		.uleb128 0x14
 878 0100 34       		.uleb128 0x34
 879 0101 00       		.byte	0
 880 0102 03       		.uleb128 0x3
 881 0103 0E       		.uleb128 0xe
 882 0104 49       		.uleb128 0x49
 883 0105 13       		.uleb128 0x13
 884 0106 34       		.uleb128 0x34
 885 0107 19       		.uleb128 0x19
 886 0108 00       		.byte	0
 887 0109 00       		.byte	0
 888 010a 15       		.uleb128 0x15
 889 010b 2E       		.uleb128 0x2e
 890 010c 01       		.byte	0x1
 891 010d 3F       		.uleb128 0x3f
 892 010e 19       		.uleb128 0x19
 893 010f 03       		.uleb128 0x3
 894 0110 0E       		.uleb128 0xe
 895 0111 3A       		.uleb128 0x3a
 896 0112 0B       		.uleb128 0xb
 897 0113 3B       		.uleb128 0x3b
 898 0114 0B       		.uleb128 0xb
 899 0115 39       		.uleb128 0x39
 900 0116 0B       		.uleb128 0xb
 901 0117 27       		.uleb128 0x27
 902 0118 19       		.uleb128 0x19
 903 0119 00       		.byte	0
 904 011a 00       		.byte	0
 905 011b 16       		.uleb128 0x16
 906 011c 34       		.uleb128 0x34
 907 011d 00       		.byte	0
 908 011e 03       		.uleb128 0x3
 909 011f 08       		.uleb128 0x8
 910 0120 3A       		.uleb128 0x3a
 911 0121 0B       		.uleb128 0xb
 912 0122 3B       		.uleb128 0x3b
ARM GAS  C:\Users\acest\AppData\Local\Temp\ccFf54sQ.s 			page 17


 913 0123 0B       		.uleb128 0xb
 914 0124 39       		.uleb128 0x39
 915 0125 0B       		.uleb128 0xb
 916 0126 49       		.uleb128 0x49
 917 0127 13       		.uleb128 0x13
 918 0128 00       		.byte	0
 919 0129 00       		.byte	0
 920 012a 17       		.uleb128 0x17
 921 012b 0B       		.uleb128 0xb
 922 012c 01       		.byte	0x1
 923 012d 00       		.byte	0
 924 012e 00       		.byte	0
 925 012f 00       		.byte	0
 926              		.section	.gnu.debuglto_.debug_line,"e",%progbits
 927              	.Ldebug_line0:
 928 0000 7F010000 		.4byte	.LELT0-.LSLT0
 929              	.LSLT0:
 930 0004 0400     		.2byte	0x4
 931 0006 79010000 		.4byte	.LELTP0-.LASLTP0
 932              	.LASLTP0:
 933 000a 01       		.byte	0x1
 934 000b 01       		.byte	0x1
 935 000c 01       		.byte	0x1
 936 000d F6       		.byte	0xf6
 937 000e F2       		.byte	0xf2
 938 000f 0D       		.byte	0xd
 939 0010 00       		.byte	0
 940 0011 01       		.byte	0x1
 941 0012 01       		.byte	0x1
 942 0013 01       		.byte	0x1
 943 0014 01       		.byte	0x1
 944 0015 00       		.byte	0
 945 0016 00       		.byte	0
 946 0017 00       		.byte	0
 947 0018 01       		.byte	0x1
 948 0019 00       		.byte	0
 949 001a 00       		.byte	0
 950 001b 01       		.byte	0x1
 951 001c 2E2E2F2E 		.ascii	"../../../../../ChibiStudio/chibios2111/os/hal/ports"
 951      2E2F2E2E 
 951      2F2E2E2F 
 951      2E2E2F43 
 951      68696269 
 952 004f 2F636F6D 		.ascii	"/common/ARMCMx"
 952      6D6F6E2F 
 952      41524D43 
 952      4D78
 953 005d 00       		.byte	0
 954 005e 633A5C63 		.ascii	"c:\\chibistudio\\chibios2111\\os\\common\\ext\\arm\\"
 954      68696269 
 954      73747564 
 954      696F5C63 
 954      68696269 
 955 008b 636D7369 		.ascii	"cmsis\\core\\include"
 955      735C636F 
 955      72655C69 
 955      6E636C75 
ARM GAS  C:\Users\acest\AppData\Local\Temp\ccFf54sQ.s 			page 18


 955      6465
 956 009d 00       		.byte	0
 957 009e 633A5C63 		.ascii	"c:\\chibistudio\\tools\\gnu tools arm embedded\\10."
 957      68696269 
 957      73747564 
 957      696F5C74 
 957      6F6F6C73 
 958 00cd 33203230 		.ascii	"3 2021.10\\arm-none-eabi\\include\\machine"
 958      32312E31 
 958      305C6172 
 958      6D2D6E6F 
 958      6E652D65 
 959 00f4 00       		.byte	0
 960 00f5 633A5C63 		.ascii	"c:\\chibistudio\\tools\\gnu tools arm embedded\\10."
 960      68696269 
 960      73747564 
 960      696F5C74 
 960      6F6F6C73 
 961 0124 33203230 		.ascii	"3 2021.10\\arm-none-eabi\\include\\sys"
 961      32312E31 
 961      305C6172 
 961      6D2D6E6F 
 961      6E652D65 
 962 0147 00       		.byte	0
 963 0148 00       		.byte	0
 964 0149 5F646566 		.ascii	"_default_types.h\000"
 964      61756C74 
 964      5F747970 
 964      65732E68 
 964      00
 965 015a 03       		.uleb128 0x3
 966 015b 00       		.uleb128 0
 967 015c 00       		.uleb128 0
 968 015d 5F737464 		.ascii	"_stdint.h\000"
 968      696E742E 
 968      6800
 969 0167 04       		.uleb128 0x4
 970 0168 00       		.uleb128 0
 971 0169 00       		.uleb128 0
 972 016a 636F7265 		.ascii	"core_cm4.h\000"
 972      5F636D34 
 972      2E6800
 973 0175 02       		.uleb128 0x2
 974 0176 00       		.uleb128 0
 975 0177 00       		.uleb128 0
 976 0178 6E766963 		.ascii	"nvic.c\000"
 976      2E6300
 977 017f 01       		.uleb128 0x1
 978 0180 00       		.uleb128 0
 979 0181 00       		.uleb128 0
 980 0182 00       		.byte	0
 981              	.LELTP0:
 982              	.LELT0:
 983              		.section	.gnu.debuglto_.debug_str,"eMS",%progbits,1
 984              	.LASF42:
 985 0000 5343425F 		.ascii	"SCB_Type\000"
 985      54797065 
ARM GAS  C:\Users\acest\AppData\Local\Temp\ccFf54sQ.s 			page 19


 985      00
 986              	.LASF13:
 987 0009 75696E74 		.ascii	"uint32_t\000"
 987      33325F74 
 987      00
 988              	.LASF23:
 989 0012 49414252 		.ascii	"IABR\000"
 989      00
 990              	.LASF53:
 991 0017 6E766963 		.ascii	"nvicEnableVector\000"
 991      456E6162 
 991      6C655665 
 991      63746F72 
 991      00
 992              	.LASF36:
 993 0028 4D4D4641 		.ascii	"MMFAR\000"
 993      5200
 994              	.LASF5:
 995 002e 73686F72 		.ascii	"short int\000"
 995      7420696E 
 995      7400
 996              	.LASF44:
 997 0038 4143544C 		.ascii	"ACTLR\000"
 997      5200
 998              	.LASF52:
 999 003e 6E766963 		.ascii	"nvicDisableVector\000"
 999      44697361 
 999      626C6556 
 999      6563746F 
 999      7200
 1000              	.LASF9:
 1001 0050 5F5F7569 		.ascii	"__uint32_t\000"
 1001      6E743332 
 1001      5F7400
 1002              	.LASF56:
 1003 005b 433A5C55 		.ascii	"C:\\Users\\acest\\Desktop\\R.A.C.E\\race_project\000"
 1003      73657273 
 1003      5C616365 
 1003      73745C44 
 1003      65736B74 
 1004              	.LASF50:
 1005 0087 68616E64 		.ascii	"handler\000"
 1005      6C657200 
 1006              	.LASF58:
 1007 008f 6E766963 		.ascii	"nvicInit\000"
 1007      496E6974 
 1007      00
 1008              	.LASF28:
 1009 0098 43505549 		.ascii	"CPUID\000"
 1009      4400
 1010              	.LASF15:
 1011 009e 49534552 		.ascii	"ISER\000"
 1011      00
 1012              	.LASF12:
 1013 00a3 75696E74 		.ascii	"uint8_t\000"
 1013      385F7400 
 1014              	.LASF47:
ARM GAS  C:\Users\acest\AppData\Local\Temp\ccFf54sQ.s 			page 20


 1015 00ab 6E766963 		.ascii	"nvicSetPending\000"
 1015      53657450 
 1015      656E6469 
 1015      6E6700
 1016              	.LASF26:
 1017 00ba 53544952 		.ascii	"STIR\000"
 1017      00
 1018              	.LASF45:
 1019 00bf 53436E53 		.ascii	"SCnSCB_Type\000"
 1019      43425F54 
 1019      79706500 
 1020              	.LASF2:
 1021 00cb 6C6F6E67 		.ascii	"long double\000"
 1021      20646F75 
 1021      626C6500 
 1022              	.LASF29:
 1023 00d7 49435352 		.ascii	"ICSR\000"
 1023      00
 1024              	.LASF18:
 1025 00dc 52534552 		.ascii	"RSERVED1\000"
 1025      56454431 
 1025      00
 1026              	.LASF1:
 1027 00e5 6C6F6E67 		.ascii	"long long int\000"
 1027      206C6F6E 
 1027      6720696E 
 1027      7400
 1028              	.LASF11:
 1029 00f3 6C6F6E67 		.ascii	"long long unsigned int\000"
 1029      206C6F6E 
 1029      6720756E 
 1029      7369676E 
 1029      65642069 
 1030              	.LASF37:
 1031 010a 42464152 		.ascii	"BFAR\000"
 1031      00
 1032              	.LASF7:
 1033 010f 6C6F6E67 		.ascii	"long int\000"
 1033      20696E74 
 1033      00
 1034              	.LASF8:
 1035 0118 5F5F7569 		.ascii	"__uint8_t\000"
 1035      6E74385F 
 1035      7400
 1036              	.LASF33:
 1037 0122 43465352 		.ascii	"CFSR\000"
 1037      00
 1038              	.LASF4:
 1039 0127 756E7369 		.ascii	"unsigned char\000"
 1039      676E6564 
 1039      20636861 
 1039      7200
 1040              	.LASF31:
 1041 0135 41495243 		.ascii	"AIRCR\000"
 1041      5200
 1042              	.LASF57:
 1043 013b 5F5F6675 		.ascii	"__func__\000"
ARM GAS  C:\Users\acest\AppData\Local\Temp\ccFf54sQ.s 			page 21


 1043      6E635F5F 
 1043      00
 1044              	.LASF49:
 1045 0144 6E766963 		.ascii	"nvicSetSystemHandlerPriority\000"
 1045      53657453 
 1045      79737465 
 1045      6D48616E 
 1045      646C6572 
 1046              	.LASF27:
 1047 0161 4E564943 		.ascii	"NVIC_Type\000"
 1047      5F547970 
 1047      6500
 1048              	.LASF21:
 1049 016b 49435052 		.ascii	"ICPR\000"
 1049      00
 1050              	.LASF3:
 1051 0170 7369676E 		.ascii	"signed char\000"
 1051      65642063 
 1051      68617200 
 1052              	.LASF55:
 1053 017c 2E2E2F2E 		.ascii	"../../../../../ChibiStudio/chibios2111/os/hal/ports"
 1053      2E2F2E2E 
 1053      2F2E2E2F 
 1053      2E2E2F43 
 1053      68696269 
 1054 01af 2F636F6D 		.ascii	"/common/ARMCMx/nvic.c\000"
 1054      6D6F6E2F 
 1054      41524D43 
 1054      4D782F6E 
 1054      7669632E 
 1055              	.LASF32:
 1056 01c5 53484353 		.ascii	"SHCSR\000"
 1056      5200
 1057              	.LASF0:
 1058 01cb 756E7369 		.ascii	"unsigned int\000"
 1058      676E6564 
 1058      20696E74 
 1058      00
 1059              	.LASF17:
 1060 01d8 49434552 		.ascii	"ICER\000"
 1060      00
 1061              	.LASF43:
 1062 01dd 49435452 		.ascii	"ICTR\000"
 1062      00
 1063              	.LASF6:
 1064 01e2 73686F72 		.ascii	"short unsigned int\000"
 1064      7420756E 
 1064      7369676E 
 1064      65642069 
 1064      6E7400
 1065              	.LASF14:
 1066 01f5 63686172 		.ascii	"char\000"
 1066      00
 1067              	.LASF30:
 1068 01fa 56544F52 		.ascii	"VTOR\000"
 1068      00
 1069              	.LASF48:
ARM GAS  C:\Users\acest\AppData\Local\Temp\ccFf54sQ.s 			page 22


 1070 01ff 6E766963 		.ascii	"nvicClearPending\000"
 1070      436C6561 
 1070      7250656E 
 1070      64696E67 
 1070      00
 1071              	.LASF40:
 1072 0210 49534152 		.ascii	"ISAR\000"
 1072      00
 1073              	.LASF19:
 1074 0215 49535052 		.ascii	"ISPR\000"
 1074      00
 1075              	.LASF35:
 1076 021a 44465352 		.ascii	"DFSR\000"
 1076      00
 1077              	.LASF46:
 1078 021f 5F426F6F 		.ascii	"_Bool\000"
 1078      6C00
 1079              	.LASF54:
 1080 0225 474E5520 		.ascii	"GNU C17 10.3.1 20210824 (release) -mcpu=cortex-m4 -"
 1080      43313720 
 1080      31302E33 
 1080      2E312032 
 1080      30323130 
 1081 0258 6D746875 		.ascii	"mthumb -mfloat-abi=soft -march=armv7e-m -ggdb -O2 -"
 1081      6D62202D 
 1081      6D666C6F 
 1081      61742D61 
 1081      62693D73 
 1082 028b 666F6D69 		.ascii	"fomit-frame-pointer -falign-functions=16 -ffunction"
 1082      742D6672 
 1082      616D652D 
 1082      706F696E 
 1082      74657220 
 1083 02be 2D736563 		.ascii	"-sections -fdata-sections -fno-common -flto\000"
 1083      74696F6E 
 1083      73202D66 
 1083      64617461 
 1083      2D736563 
 1084              	.LASF34:
 1085 02ea 48465352 		.ascii	"HFSR\000"
 1085      00
 1086              	.LASF39:
 1087 02ef 4D4D4652 		.ascii	"MMFR\000"
 1087      00
 1088              	.LASF16:
 1089 02f4 52455345 		.ascii	"RESERVED0\000"
 1089      52564544 
 1089      3000
 1090              	.LASF20:
 1091 02fe 52455345 		.ascii	"RESERVED2\000"
 1091      52564544 
 1091      3200
 1092              	.LASF22:
 1093 0308 52455345 		.ascii	"RESERVED3\000"
 1093      52564544 
 1093      3300
 1094              	.LASF24:
ARM GAS  C:\Users\acest\AppData\Local\Temp\ccFf54sQ.s 			page 23


 1095 0312 52455345 		.ascii	"RESERVED4\000"
 1095      52564544 
 1095      3400
 1096              	.LASF25:
 1097 031c 52455345 		.ascii	"RESERVED5\000"
 1097      52564544 
 1097      3500
 1098              	.LASF10:
 1099 0326 6C6F6E67 		.ascii	"long unsigned int\000"
 1099      20756E73 
 1099      69676E65 
 1099      6420696E 
 1099      7400
 1100              	.LASF38:
 1101 0338 41465352 		.ascii	"AFSR\000"
 1101      00
 1102              	.LASF41:
 1103 033d 43504143 		.ascii	"CPACR\000"
 1103      5200
 1104              	.LASF51:
 1105 0343 7072696F 		.ascii	"prio\000"
 1105      00
 1106              		.text
 1107              		.section	.gnu.lto_.profile.b3bfe932,"e",%progbits
 1108 0000 789C6362 		.ascii	"x\234cb\000\001\000\000\022\000\003"
 1108      00010000 
 1108      120003
 1109              		.text
 1110              		.section	.gnu.lto_.icf.b3bfe932,"e",%progbits
 1111 0000 789C5363 		.ascii	"x\234Sc@\0006\206kS\366|ac<\261}\366\007n\246=\347\246"
 1111      40003686 
 1111      6B53F67C 
 1111      61633CB1 
 1111      7DF6076E 
 1112 0018 2F67619E 		.ascii	"/ga\236;\273\361\024\013K\307\305-G\271X\273\257\314"
 1112      3BBBF114 
 1112      0B4BC7C5 
 1112      2D47B958 
 1112      BBAFCC
 1113 002b 5ECBCA00 		.ascii	"^\313\312\000\000^\224\021L"
 1113      005E9411 
 1113      4C
 1114              		.text
 1115              		.section	.gnu.lto_.ipa_sra.b3bfe932,"e",%progbits
 1116 0000 789C3360 		.ascii	"x\2343`@\0006\006\006FF&\030\217\221\211\021L1#DX \""
 1116      40003606 
 1116      06464626 
 1116      188F9189 
 1116      114C3123 
 1117 0018 AC108A01 		.ascii	"\254\020\212\001\000\016\376\000S"
 1117      000EFE00 
 1117      53
 1118              		.text
 1119              		.section	.gnu.lto_.inline.b3bfe932,"e",%progbits
 1120 0000 789CF361 		.ascii	"x\234\363ad\200\0036\006\006\356\303\027\273\3372g0"
 1120      64800336 
 1120      0606EEC3 
ARM GAS  C:\Users\acest\AppData\Local\Temp\ccFf54sQ.s 			page 24


 1120      17BBDF32 
 1120      6730
 1121 0012 32300900 		.ascii	"20\011\000Yw\2313\200\242\015@\300\224\302\304\300\004"
 1121      59779933 
 1121      80A20D40 
 1121      C094C2C4 
 1121      C004
 1122 0024 54C2C8C0 		.ascii	"T\302\310\300\013\3422\2471212.a\006k\203\322,`\205"
 1122      0BE232A7 
 1122      31323132 
 1122      2E61066B 
 1122      83D22C60 
 1123 0039 CC29283A 		.ascii	"\314)(:\230\300\314d\006\026\006\036\260l*\003\007P"
 1123      98C0CC64 
 1123      0616061E 
 1123      B06C2A03 
 1123      0750
 1124 004b 291398F7 		.ascii	")\023\230\367\200)\215\221\021\246\233\031\233n\230"
 1124      80298D91 
 1124      11A69B19 
 1124      9B6E98
 1125 005a 1E169002 		.ascii	"\036\026\220\002\260\304\001\246T,6\303l\301n3\214\005"
 1125      B0C401A6 
 1125      542C36C3 
 1125      6CC16E33 
 1125      8C05
 1126 006c B2998581 		.ascii	"\262\231\205\201\003d\012s*\222\315\330ts\200\231\020"
 1126      03640A73 
 1126      2A92CDD8 
 1126      74738099 
 1126      10
 1127 007d 9B59C9D0 		.ascii	"\233Y\311\320\303\000\000\236dE;"
 1127      C300009E 
 1127      64453B
 1128              		.text
 1129              		.section	.gnu.lto_.jmpfuncs.b3bfe932,"e",%progbits
 1130 0000 789C3367 		.ascii	"x\2343g@\0006 fdbdd\256_\302\314\000\302@6#\210fF\026"
 1130      40003620 
 1130      66646264 
 1130      64AE5FC2 
 1130      CC00C240 
 1131 001a 64810AB2 		.ascii	"d\201\012\262Bi\006\000\344\361\010n"
 1131      42690600 
 1131      E4F1086E 
 1132              		.text
 1133              		.section	.gnu.lto_.pureconst.b3bfe932,"e",%progbits
 1134 0000 789C1366 		.ascii	"x\234\023f```c\230\305\3028\213\205i\026\013\363,\026"
 1134      60606063 
 1134      98C5C238 
 1134      8B856916 
 1134      0BF32C16 
 1135 0014 96592CAC 		.ascii	"\226Y,\254\263X\000%\275\003\335"
 1135      B3580025 
 1135      BD03DD
 1136              		.text
 1137              		.section	.gnu.lto_.lto.b3bfe932,"e",%progbits
 1138 0000 09000400 		.ascii	"\011\000\004\000\001\000\000\000"
ARM GAS  C:\Users\acest\AppData\Local\Temp\ccFf54sQ.s 			page 25


 1138      01000000 
 1139              		.text
 1140              		.section	.gnu.lto_nvicInit.402.b3bfe932,"e",%progbits
 1141 0000 789C7D52 		.ascii	"x\234}R]H\223Q\030~\237\357|k\233\304\352\"\212\356"
 1141      5D489351 
 1141      187E9FEF 
 1141      7C6B9BC4 
 1141      EA228AEE 
 1142 0014 242A0862 		.ascii	"$*\010b\237Z\304\354JY]t\341\215\322\335 l\016\\\345"
 1142      9F5AC4EC 
 1142      4A595D74 
 1142      E18DD2DD 
 1142      206C0E5C 
 1143 0029 3ED95614 		.ascii	">\331V\024^xtY\260\2129\023\002\263\277\265\302\242"
 1143      5E787459 
 1143      B08A3913 
 1143      02B3BFB5 
 1143      C2A2
 1144 003b 142FFAD7 		.ascii	"\024/\372\327ZZZ\267BD \024A`^\224\351E!\305z\317\331"
 1144      5A5A5AB7 
 1144      42442014 
 1144      41605E94 
 1144      E94521C5 
 1145 0052 0FA38B0E 		.ascii	"\017\243\213\016\337\267\275\347}\317\363\274\317\363"
 1145      DFB7BDE7 
 1145      7DCFF3BC 
 1145      CFF3
 1146 0060 9E6FD220 		.ascii	"\236o\322 \272@D\021~\261\2060\220N\032$\245lp\032\030"
 1146      BA404411 
 1146      7EB18630 
 1146      904E1A24 
 1146      A56C701A 
 1147 0075 4C27F343 		.ascii	"L'\363C\3331\001\275\027\030\034/\325L#\221>gpeni\325"
 1147      DB3101BD 
 1147      17181C2F 
 1147      D54C2391 
 1147      3E677065 
 1148 008c 67F6A53D 		.ascii	"g\366\245=\243\251>\247\351@O:\371\363\362\026<) @\335"
 1148      A3A93EA7 
 1148      E9404F3A 
 1148      F9F3F216 
 1148      3C292040 
 1149 00a1 86E06CB7 		.ascii	"\206\340l\267a\022r&\\\372\207\212\353\242\330\301\247"
 1149      61127226 
 1149      5CFA878A 
 1149      EBA2D8C1 
 1149      A7
 1150 00b2 7E7DB974 		.ascii	"~}\271tm\032r$\207\254 \272*JU\032\026\030\020Y\001"
 1150      6D1A7224 
 1150      87AC20BA 
 1150      2A4A551A 
 1150      16181059 
 1151 00c7 98C5C840 		.ascii	"\230\305\310@5G\342\224\252l\313I\271t/q\326\323\337"
 1151      3547E294 
 1151      AA6CCB49 
 1151      B9742F71 
 1151      D6D3DF
ARM GAS  C:\Users\acest\AppData\Local\Temp\ccFf54sQ.s 			page 26


 1152 00da E3CA0A81 		.ascii	"\343\312\012\201G`$\036\002\017\240\260]Y7[y\214\002"
 1152      4760241E 
 1152      020FA0B0 
 1152      5D59375B 
 1152      798C02
 1153 00ed 1F14EC3C 		.ascii	"\037\024\354<\312\270\261\233\311\022\356\351?\2701"
 1153      CAB8B19B 
 1153      C912EEE9 
 1153      3FB831
 1154 00fc 857B0662 		.ascii	"\205{\006b\007\3245\352\346\244\3014\234\031\233s\344"
 1154      07D435EA 
 1154      E6A4C134 
 1154      9C199B73 
 1154      E4
 1155 010d E4EF7C4A 		.ascii	"\344\357|J\312\374\346\373\363\337].\250s\246j\342\324"
 1155      CAFCE6FB 
 1155      F3DF5D2E 
 1155      A873A66A 
 1155      E2D4
 1156 011f 084A095A 		.ascii	"\010J\011ZZ\035\361A\346\210\372\205\241\343\036\216"
 1156      5A1DF141 
 1156      E688FA85 
 1156      A1E31E8E 
 1157 012f 17213F7F 		.ascii	"\027!?\177\230\001}\303\324\304\035OF\224\354\230\240"
 1157      98017DC3 
 1157      D4C41D4F 
 1157      4694EC98 
 1157      A0
 1158 0140 72247309 		.ascii	"r$s\011\351\341\335m5\267\221MY\341\300s`\022TsKJ\026"
 1158      E9E1DD6D 
 1158      35B7914D 
 1158      59E1C073 
 1158      60125473 
 1159 0157 BA062F70 		.ascii	"\272\006/pE\217f\021\275\327\353\271)\363h\346\217\314"
 1159      458F6611 
 1159      BDD7EBB9 
 1159      29F368E6 
 1159      8FCC
 1160 0169 CCFF9971 		.ascii	"\314\377\231q\223/CW[X\215b\025\332Q\277\020\351\276"
 1160      932F4357 
 1160      5B588D62 
 1160      15DA51BF 
 1160      10E9BE
 1161 017c F7B34249 		.ascii	"\367\263BI\021\012\360c\306PR\226\0276\026\273;\313"
 1161      110AF063 
 1161      C6505296 
 1161      173616BB 
 1161      3BCB
 1162 018e 3A9C9053 		.ascii	":\234\220S\025:\026\326f\205\013\323\300\224>QsCKq\343"
 1162      153A16D6 
 1162      66850BD3 
 1162      C0943E51 
 1162      73434B71 
 1163 01a3 154B61EE 		.ascii	"\025Ka\356:\336/l\310\212*\274f5\252\231\342\250B\236"
 1163      3ADE2F6C 
 1163      C88A2ABC 
 1163      6635AA99 
ARM GAS  C:\Users\acest\AppData\Local\Temp\ccFf54sQ.s 			page 27


 1163      E2A8429E 
 1164 01b7 D73AAD6D 		.ascii	"\327:\255m\245\262\325\177)\3370\245QI\371\266H\211"
 1164      A5B2D57F 
 1164      29DF30A5 
 1164      5149F9B6 
 1164      4889
 1165 01c9 59146D6E 		.ascii	"Y\024mne\252\304\360\231wfF83\242\350P;\256f\303\234"
 1165      65AAC4F0 
 1165      99776646 
 1165      3833A2E8 
 1165      503BAE66 
 1166 01df D4664D6E 		.ascii	"\324fMn\"Me\026\\i ]*LhEO\350+N\317O\363-\350\001\362"
 1166      224D6516 
 1166      5C69205D 
 1166      2A4C6845 
 1166      4FE82B4E 
 1167 01fa 5A05F012 		.ascii	"Z\005\360\022\306\220\203\031\304]7S8\3127\267\214\336"
 1167      C6908319 
 1167      C45D3753 
 1167      38CA37B7 
 1167      8CDE
 1168 020c 4F7F665C 		.ascii	"O\177f\\\352[P+%P\276`\242\235\376\275\201\203\261P"
 1168      EA5B502B 
 1168      2550BE60 
 1168      A29DFEBD 
 1168      8183B150 
 1169 0220 3416680D 		.ascii	"4\026h\015\206b\361\300\276P\354h\334\356\0144{\033"
 1169      8662F1C0 
 1169      BE50EC68 
 1169      DCEE0C34 
 1169      7B1B
 1170 0232 BD7EEFFE 		.ascii	"\275~\357\376@\224\323\207:\243\366\221P0N\007\274^"
 1170      4094D387 
 1170      3AA3F691 
 1170      50304E07 
 1170      BC5E
 1171 0244 ABF2F1B7 		.ascii	"\253\362\361\267\207\017\207[\342\307\333\302\266\025"
 1171      870F875B 
 1171      E2C7DBC2 
 1171      B615
 1172 0252 54B11DAB 		.ascii	"T\261\035\253\253\255\255\265\354\230\325\336z\314\352"
 1172      ABADADB5 
 1172      EC98D5DE 
 1172      7ACCEA
 1173 0261 B4A3F198 		.ascii	"\264\243\361\230\025\264;:\354\210\325\330\334\344o"
 1173      15B43B3A 
 1173      EC88D5D8 
 1173      DCE46F
 1174 0270 3A69454E 		.ascii	":iEN\204\203\336 !\262\276\020y\367\370\352w\265\265"
 1174      8483DE20 
 1174      21B2BE10 
 1174      79F7F8EA 
 1174      77B5B5
 1175 0283 F97613C2 		.ascii	"\371v\023\302\177\001\365\031 \310"
 1175      7F01F519 
 1175      20C8
 1176              		.text
ARM GAS  C:\Users\acest\AppData\Local\Temp\ccFf54sQ.s 			page 28


 1177              		.section	.gnu.lto_nvicEnableVector.403.b3bfe932,"e",%progbits
 1178 0000 789C8D52 		.ascii	"x\234\215R\301j\023Q\024\275g\356\314\230h\321\376\201"
 1178      C16A1351 
 1178      14BD67EE 
 1178      CC9868D1 
 1178      FE81
 1179 0012 421722C8 		.ascii	"B\027\"\310\214\251\"\325\225%\212\270\350\246\242\253"
 1179      8CA922D5 
 1179      95258AB8 
 1179      E8A6A2AB 
 1180 0022 80D449A0 		.ascii	"\200\324I\240\2436\0232Q,.\372\332`\013A\210\255\240"
 1180      A3361332 
 1180      512C2EFA 
 1180      DA600B41 
 1180      88ADA0
 1181 0035 1B150C41 		.ascii	"\033\025\014A\272s\245V\2136T\324\272PT\310NA\204Hq"
 1181      BA73A556 
 1181      8B3654D4 
 1181      BA5054C8 
 1181      4E418448 
 1182 004a 51441044 		.ascii	"QD\020D\002z\337L\254\301\2058\314\\\3569s\336y\347"
 1182      027ADF4C 
 1182      ACC18538 
 1182      CC5CEE39 
 1182      73DE79E7 
 1183 005e BE99E306 		.ascii	"\276\231\343\006\321e\"\352\223\007L\230\233\255\030"
 1183      D16522EA 
 1183      93074C98 
 1183      9BAD18
 1184 006d A4943AB0 		.ascii	"\244\224:\260\301\300\344l%\211ED\0104a`\002Wx\207\300"
 1184      C1C0E46C 
 1184      25894544 
 1184      08346160 
 1184      02577887 
 1185 0082 EFAD6BAF 		.ascii	"\357\255k\257\236@\3157Pg\242\233\362D\327u\306\034"
 1185      9E40CD37 
 1185      5067A29B 
 1185      F244D775 
 1185      C61C
 1186 0094 D719303B 		.ascii	"\327\0310;\235\201m\322\3618mo(\365zeA\251$\325\231"
 1186      9D816DD2 
 1186      F1386D6F 
 1186      28F57A65 
 1186      41A924D5 
 1187 00a9 711FB206 		.ascii	"q\037\262\006\367\200\273 M\\\270\230\324\272K\210\205"
 1187      F780BB20 
 1187      4D5CB898 
 1187      D4BA4B88 
 1187      85
 1188 00ba EFD6850F 		.ascii	"\357\326\205\017\376\026V\223D\366\357-\205\243;o\255"
 1188      FE165693 
 1188      44F6EF2D 
 1188      85A33B6F 
 1188      AD
 1189 00cb 866AFFAC 		.ascii	"\206j\377\254*\325\374\204\265\276\036\210\3144ta)\226"
 1189      2AD5FC84 
 1189      B5BE1E88 
ARM GAS  C:\Users\acest\AppData\Local\Temp\ccFf54sQ.s 			page 29


 1189      CC347461 
 1189      2996
 1190 00dd A98B25C5 		.ascii	"\251\213%\305\266\201\207H\000\013\262\252\312zDeB5"
 1190      B6818748 
 1190      000BB2AA 
 1190      CA7A4465 
 1190      4235
 1191 00ef 647A3662 		.ascii	"dz6b0)\3403\324\307\305\347\2405L\265gZF\215Qc[P\371"
 1191      3029E033 
 1191      D4C7C5E7 
 1191      A0354CB5 
 1191      675A468D 
 1192 0108 C7B4741A 		.ascii	"\307\264t\032\353\271l\230\302-\177\2514\215\316\244"
 1192      EBB96C98 
 1192      C22D7FA9 
 1192      348DCEA4 
 1193 0118 723EEB9D 		.ascii	"r>\353\235Z.\253\315\202n\353\223[\025*\201\307\300"
 1193      5A2EABCD 
 1193      826EEB93 
 1193      5B152A81 
 1193      C7C0
 1194 012a A348B1EB 		.ascii	"\243H\261\353\226R\211:'\261\204\033z\206~\301\363["
 1194      9652893A 
 1194      27B1841B 
 1194      7A867EC1 
 1194      F35B
 1195 013c EABC110D 		.ascii	"\352\274\021\015\361O\010#\273D)\226\242\024\345\253"
 1195      F14F0823 
 1195      BB442996 
 1195      A214E5AB 
 1196 014c 332DB3C6 		.ascii	"3-\263\306,\357\264\271\205\255\232lO7%\212\331!mXq"
 1196      2CEFB4B9 
 1196      85AD9A6C 
 1196      4F37258A 
 1196      D9216D58 
 1197 0161 C26F22B3 		.ascii	"\302o\"\263bF\3148\216\370\222\377\035e\023\236J\024"
 1197      6246CC38 
 1197      8EF892FF 
 1197      1D65139E 
 1197      4A14
 1198 0173 C4515625 		.ascii	"\304QV%J\017\236\311j3\212bEQ\336DQ\376\313kE\274\214"
 1198      4A0F9EC9 
 1198      6A338A62 
 1198      4551DE44 
 1198      51FECB6B 
 1199 018a 6EAF175D 		.ascii	"n\257\027]^_1\365\341\375\341\350W\2512\376|\001\242"
 1199      5E5F31F5 
 1199      E1FDE1E8 
 1199      57A932FE 
 1199      7C01A2
 1200 019d 9DE9FD99 		.ascii	"\235\351\375\231ca\256\030fF\274\\X\312\034\314\205"
 1200      6361AE18 
 1200      6646BC5C 
 1200      58CA1CCC 
 1200      85
 1201 01ae A74B4121 		.ascii	"\247KA!3\354\014:i\347P\246(\364\211B18\225\363Jt\304"
 1201      33EC0C3A 
ARM GAS  C:\Users\acest\AppData\Local\Temp\ccFf54sQ.s 			page 30


 1201      69E750A6 
 1201      28F48942 
 1201      313895F3 
 1202 01c5 71DCEE3B 		.ascii	"q\334\356;=\352\237\364\217\226\316f\375\300\365t\037"
 1202      3DEA9FF4 
 1202      8F96CE66 
 1202      FDC0F574 
 1202      1F
 1203 01d6 84FDA954 		.ascii	"\204\375\251T\312\015Bwt\344\214[\010\212\245\320\365"
 1203      CA0D4277 
 1203      74E48C5B 
 1203      088AA5D0 
 1203      F5
 1204 01e7 82B1B120 		.ascii	"\202\261\261 \357\016\016\017\245\207\316\273\371s\276"
 1204      EF0E0E0F 
 1204      A587CEBB 
 1204      F973BE
 1205 01f6 E778847C 		.ascii	"\347x\204|o\3349{\007\366\355\316f\007\366\220Y(\372"
 1205      6FDC397B 
 1205      07F6EDCE 
 1205      6607F690 
 1205      5928FA
 1206 0209 C12F1D40 		.ascii	"\301/\035@\345P"
 1206      E550
 1207              		.text
 1208              		.section	.gnu.lto_nvicDisableVector.404.b3bfe932,"e",%progbits
 1209 0000 789C7D91 		.ascii	"x\234}\221Oh\023Q\020\306\347{\263i\023\013\352\305"
 1209      4F681351 
 1209      10C6E77B 
 1209      B369130B 
 1209      EAC5
 1210 0012 B3828808 		.ascii	"\263\202\210\010\262k\252H\365d\211\036\024z\251x[\220"
 1210      B26BAA48 
 1210      F564891E 
 1210      147AA978 
 1210      5B90
 1211 0024 BA09346A 		.ascii	"\272\0114j\263!\273\212\342\241\257\026*\304CL\005="
 1211      B321BB8A 
 1211      E2A1AF16 
 1211      2AC4434C 
 1211      053D
 1212 0036 5405C322 		.ascii	"T\005\303\"\271y\322\326\203\032RT\024\004\021\274\213"
 1212      B979D2D6 
 1212      831A5254 
 1212      140411BC 
 1212      8B
 1213 0047 18281E8A 		.ascii	"\030(\036\212\024\004\221\2268o7j\360\320\345\275\307"
 1213      14049196 
 1213      386F376A 
 1213      F0D0E5BD 
 1213      C7
 1214 0058 CCC7CC6F 		.ascii	"\314\307\314o\376l\027D7\211h\267\\0a\276^U\244\265"
 1214      FE6C1744 
 1214      378968B7 
 1214      5C3061BE 
 1214      5E55A4B5 
 1215 006c 3E36A830 		.ascii	">6\2500S\257f\360\014\261\007\232V\230\306m\336'\356"
ARM GAS  C:\Users\acest\AppData\Local\Temp\ccFf54sQ.s 			page 31


 1215      53AF66F0 
 1215      0CB1079A 
 1215      5698C66D 
 1215      DE27EE
 1216 007f CFCEDD8D 		.ascii	"\317\316\335\215e\350f\013\021\023=\220\033\177\367"
 1216      65E8660B 
 1216      11133D90 
 1216      1B7FF7
 1217 008e 18F31C31 		.ascii	"\030\363\0341`\365,\205]b\361U\332\333\322\372\303\333"
 1217      60F52C85 
 1217      5D62F155 
 1217      DADBD2FA 
 1217      C3DB
 1218 00a0 25AD3314 		.ascii	"%\2553\0241c\021\222\203\247\300\023\251.\302\265\325"
 1218      31631192 
 1218      83A7C013 
 1218      A92EC2B5 
 1218      D5
 1219 00b1 34D1C01F 		.ascii	"4\321\300\037\222h\364\370c\252\245\327\2735\255;_\261"
 1219      9268F4F8 
 1219      63AAA5D7 
 1219      BB35AD3B 
 1219      5FB1
 1220 00c3 B0270309 		.ascii	"\260'\003\011\263\224yX\236\224\005,IX\215M\253\332"
 1220      B3947958 
 1220      9E94052C 
 1220      49588D4D 
 1220      ABDA
 1221 00d5 826E11DD 		.ascii	"\202n\021\335b\22583\342|\203\376\322}\003Z\305\354"
 1221      62953833 
 1221      E27C83FE 
 1221      D27D035A 
 1221      C5EC
 1222 00e7 9D1B1DAB 		.ascii	"\235\033\035\253\301h\260eZ\262\260\323\210\353s\237"
 1222      C168B065 
 1222      5AB2B0D3 
 1222      88EB739F 
 1223 00f7 5483554F 		.ascii	"T\203UOL!e\304_s?\270\301\234(\222`\322\333\337\253"
 1223      4C2165C4 
 1223      5F733FB8 
 1223      C19C2892 
 1223      60D2DBDF 
 1224 010c EFB937CE 		.ascii	"\357\2717\316\000\350\257\245\333\263z\253x\217\314"
 1224      00E8AFA5 
 1224      DBB37AAB 
 1224      788FCC
 1225 011b 7A56441A 		.ascii	"zVD\032\304\013\340y\034q\340\241\326\351\210\323x\211"
 1225      C40BE079 
 1225      1C71E0A1 
 1225      D6E988D3 
 1225      7889
 1226 012d FB66A261 		.ascii	"\373f\242a\361W\266E\234AK\250J\024\251\022\267X\177"
 1226      F157B645 
 1226      9C414BA8 
 1226      4A14A912 
 1226      B7587F
 1227 0140 D75F6353 		.ascii	"\327_cSV[X\350g-\377\307ZHXk\315\035\233\243\266\340"
ARM GAS  C:\Users\acest\AppData\Local\Temp\ccFf54sQ.s 			page 32


 1227      565B58E8 
 1227      672DFFC7 
 1227      5A48586B 
 1227      CD1D9BA3 
 1228 0156 95A05482 		.ascii	"\225\240T\202j\012j\010\257\315v\004eF\033\222\"k\270"
 1228      6A0A6A08 
 1228      AFCD7604 
 1228      65461B92 
 1228      226BB8
 1229 0169 FE79F154 		.ascii	"\376y\361T\374Ok\214\177+&\332\237;\352\236\011\012"
 1229      FC4F6B8C 
 1229      7F2B26DA 
 1229      9F3BEA9E 
 1229      090A
 1230 017b 95C09DF0 		.ascii	"\225\300\235\360\012A\350\036/\004\027B\277\354\216"
 1230      0A41E81E 
 1230      2F041742 
 1230      BFEC8E
 1231 018a DBA376CE 		.ascii	"\333\243v\316>\341VD>[\256\370\347\013^H'm\333\351?"
 1231      3EE15644 
 1231      3E5BAEF8 
 1231      E70B5E48 
 1231      276DDBE9 
 1232 019f B9C9E2B9 		.ascii	"\271\311\342\271\342\351\360R\276\350;\236\261\375`"
 1232      E2E9F052 
 1232      BEE83B9E 
 1232      B1FD60
 1233 01ae 389BCD3A 		.ascii	"8\233\315:~\340LN\\t\312~%\014\034\317\237\232\362K"
 1233      7EE04C4E 
 1233      5C74CA7E 
 1233      250C1CCF 
 1233      9F9AF24B 
 1234 01c2 CEE8F858 		.ascii	"\316\350\370Xn\354\212S\272\\\364l\217P\332\236X\366"
 1234      6EEC8A53 
 1234      BA5CF46C 
 1234      8F50DA9E 
 1234      58F6
 1235 01d4 E1912307 		.ascii	"\341\221#\007\363\371\221C\364\033\272\246\313{"
 1235      F3F99143 
 1235      F41BBAA6 
 1235      CB7B
 1236              		.text
 1237              		.section	.gnu.lto_nvicSetSystemHandlerPriority.405.b3bfe932,"e",%progbits
 1238 0000 789C6590 		.ascii	"x\234e\220Oh\023A\024\306\337\267o\323$\036\324\243"
 1238      4F681341 
 1238      14C6DFB7 
 1238      6FD3241E 
 1238      D4A3
 1239 0012 C7A20711 		.ascii	"\307\242\007\021d\327T\221\352\311\022=\264\320K\305"
 1239      64D75491 
 1239      EAC9123D 
 1239      B4D04BC5 
 1240 0022 DB82C4CD 		.ascii	"\333\202\304\315BV\333L\330]EO\2354\240\220K\332\024"
 1240      4256DB4C 
 1240      D85D454F 
 1240      9D34A090 
 1240      4BDA14
ARM GAS  C:\Users\acest\AppData\Local\Temp\ccFf54sQ.s 			page 33


 1241 0035 F4A28261 		.ascii	"\364\242\202a\221@\017\236\264UQ\027\241\027O\"\210"
 1241      91400F9E 
 1241      B4555117 
 1241      A1174F22 
 1241      88
 1242 0046 A01EA4D0 		.ascii	"\240\036\244\320\213\207 \236\212\324?o\223\032\205"
 1242      8B87209E 
 1242      8AD43F6F 
 1242      931A85
 1243 0055 0E336FDE 		.ascii	"\0163o\336\357\343\233y\363\246\001\242\333DtH\026\230"
 1243      EFE39B79 
 1243      F3A601A2 
 1243      DB447448 
 1243      1698
 1244 0067 D05E6A1A 		.ascii	"\320^j\032\244\265>\2235P_j\346\361\034}\002\315\033"
 1244      A4B53E93 
 1244      35505F6A 
 1244      E6F11C7D 
 1244      02CD1B
 1245 007a 98C7321F 		.ascii	"\230\3072\037\021\334\332\274\263\262\016\335M\0203"
 1245      11DCDABC 
 1245      B3B20EDD 
 1245      4D1033
 1246 0089 D17D59FD 		.ascii	"\321}Y\375q\227\321\346\230\001s'30*\031\337\240\303"
 1246      7197D1E6 
 1246      98017327 
 1246      33302A19 
 1246      DFA0C3
 1247 009c 89D66F3F 		.ascii	"\211\326o?\257i\235\247\230\031\253\2203x\002<\226\352"
 1247      AF699DA7 
 1247      9819AB90 
 1247      3378023C 
 1247      96EA
 1248 00ae 22D4B192 		.ascii	"\"\324\261\222K\215m\014\234\277\206\316\247\273\234"
 1248      4B8D6D0C 
 1248      9CBF86CE 
 1248      A7BB9C
 1249 00bd AB39A291 		.ascii	"\2539\242\221\277EE\244G\3572\211\336\376\335\322z\363"
 1249      BF4545A4 
 1249      47EF3289 
 1249      DEFEDDD2 
 1249      7AF3
 1250 00cf 40EF8399 		.ascii	"@\357\203\231\005\360\014\362\2105\230r\302\314\244"
 1250      05F00CF2 
 1250      88359872 
 1250      C2CCA4
 1251 00de 81A8C569 		.ascii	"\201\250\305iW\332\204N\210\026\331\030@]\340+\364\306"
 1251      57DA844E 
 1251      8816D918 
 1251      405DE02B 
 1251      F4C6
 1252 00f0 A73748F7 		.ascii	"\2477H\367\203\303\260\261\265\207zX\330\276\365\236"
 1252      83C3B0B1 
 1252      B5877A58 
 1252      D8BEF59E 
 1253 0100 3B6C7618 		.ascii	";lv\030B\215\0377\321\341\214p\332[F\256\357\341\365"
 1253      428D1F37 
ARM GAS  C:\Users\acest\AppData\Local\Temp\ccFf54sQ.s 			page 34


 1253      D1E18C70 
 1253      DA5B46AE 
 1253      EFE1F5
 1254 0113 B7E63AEF 		.ascii	"\267\346:\357t;\002\032f\372cC\357\025z\230\376^W\244"
 1254      743B021A 
 1254      66FA6343 
 1254      EF157A98 
 1254      FE5E57A4 
 1255 0127 2C5E022F 		.ascii	",^\002/\372\216c\017\264\316\305\234\303+\334K\273\030"
 1255      FA8E630F 
 1255      B4CEC59C 
 1255      C32BDC4B 
 1255      BB18
 1256 0139 13EEEE8B 		.ascii	"\023\356\356\2139\217D\356O\025\251B\337\261\360\345"
 1256      398F44EE 
 1256      4F15A942 
 1256      DFB1F0E5 
 1257 0149 E754FF5F 		.ascii	"\347T\377_[\214\177o':Z<\355\\\010\275 tJ\256\027F\316"
 1257      5B8C7F6F 
 1257      273A5A3C 
 1257      ED5C08BD 
 1257      20744AAE 
 1258 0160 592FBC12 		.ascii	"Y/\274\022\251\2323cMXE\353\234\023\210|\261\026\250"
 1258      A99A3363 
 1258      4D5845EB 
 1258      9C13887C 
 1258      B116A8
 1259 0173 CB9E1BD1 		.ascii	"\313\236\033\321\244e\331\377\317b\305\277\344\237\217"
 1259      A465D9FF 
 1259      CF62C5BF 
 1259      E49F8F
 1260 0182 AE967D65 		.ascii	"\256\226}e\273i\256\302\261B\241`\253\320\256\224f\355"
 1260      BB69AEC2 
 1260      B142A160 
 1260      ABD0AE94 
 1260      66ED
 1261 0194 9A0AA2D0 		.ascii	"\232\012\242\320v\325\334\234\252\332\0233\323\305\351"
 1261      76D5DC9C 
 1261      AADA1333 
 1261      D3C5E9
 1262 01a3 EB76F59A 		.ascii	"\353v\365\232\357Z.e+\245jy\326\013\366\017\330:9~\352"
 1262      EF5A2E65 
 1262      2BA56A79 
 1262      D60BF60F 
 1262      D83A397E 
 1263 01b8 78B93C7E 		.ascii	"x\271<~\202\314Z\340\253?\346\234\251\315"
 1263      82CC5AE0 
 1263      AB3FE69C 
 1263      A9CD
 1264              		.text
 1265              		.section	.gnu.lto_nvicClearPending.406.b3bfe932,"e",%progbits
 1266 0000 789C4D50 		.ascii	"x\234MP\317KTQ\024>\337;\357\351\314\246\374\017\012"
 1266      CF4B5451 
 1266      143EDF3B 
 1266      EFE9CCA6 
 1266      FC0F0A
 1267 0013 22228CF7 		.ascii	"\"\"\214\367\032\213\260V\311\324B\302\215\321\356A"
ARM GAS  C:\Users\acest\AppData\Local\Temp\ccFf54sQ.s 			page 35


 1267      1A8BB056 
 1267      C9D442C2 
 1267      8DD1EE41 
 1268 0023 D89B01A7 		.ascii	"\330\233\001\247r\336\360\336K\212\026\036\025\024\246"
 1268      72DEF0DE 
 1268      4B8A161E 
 1268      1514A6
 1269 0032 C5A8856D 		.ascii	"\305\250\205m\372A\303C\334E\213JAm\020\204 \202\010"
 1269      FA41C343 
 1269      DC458B4A 
 1269      416D1084 
 1269      208208
 1270 0045 84364144 		.ascii	"\2046AD\202\264\210h\0251`\347\216\223v\271\367\360"
 1270      82B48868 
 1270      153160E7 
 1270      8E9376B9 
 1270      F7F0
 1271 0057 7DDFFDCE 		.ascii	"}\337\375\316\271\347\334\010D\367\210\350\210\0360"
 1271      B9E7DC08 
 1271      44F788E8 
 1271      881E30
 1272 0066 616EB66A 		.ascii	"an\266j\221\210\234\357\2640>[\315b\031-\006\032\263"
 1272      91889CEF 
 1272      B4303E5B 
 1272      CD62192D 
 1272      061AB3
 1273 0079 3086FB7C 		.ascii	"0\206\373|\\\351\357\255\207\3577 \213\015\244L\364"
 1273      5CE9EFAD 
 1273      87EF3720 
 1273      8B0DA44C 
 1273      F4
 1274 008a 444F6B3D 		.ascii	"DOk=b\314q\312\200\335F\026\016+\342;t\254!\362\341"
 1274      62CC71CA 
 1274      80DD4616 
 1274      0E2BE23B 
 1274      74AC21F2 
 1275 009f ED924896 		.ascii	"\355\222H\226Rf\274\206\346\340\025\360R_W\341\356\203"
 1275      5266BC86 
 1275      E6E015F0 
 1275      525F57E1 
 1275      EE83
 1276 00b1 0C51C7BF 		.ascii	"\014Q\307\277J\252\321\363\217NC\232;5\221\317\337\360"
 1276      4AAAD1F3 
 1276      8F4E439A 
 1276      3B3591CF 
 1276      DFF0
 1277 00c3 E968066A 		.ascii	"\351h\006j\263-\015\016\033d\233\340\000K\352\255\261"
 1277      B32D0D0E 
 1277      1B649BE0 
 1277      004BEAAD 
 1277      B1
 1278 00d4 E9576C48 		.ascii	"\351WlH\203h\206\255]2\256\344;\344\353\323w\240\037"
 1278      836886AD 
 1278      5D32AEE4 
 1278      3BE4EBD3 
 1278      77A01F
 1279 00e7 989C9FDE 		.ascii	"\230\234\237\336\264\353\214:;\246/\033\207\214\370"
ARM GAS  C:\Users\acest\AppData\Local\Temp\ccFf54sQ.s 			page 36


 1279      B4EB8C3A 
 1279      3BA62F1B 
 1279      878CF8
 1280 00f6 676A8BEB 		.ascii	"gj\213\353\332d\267\336\030\336\234\332\264\352\314"
 1280      DA64B7DE 
 1280      18DE9CDA 
 1280      B4EACC
 1281 0105 6D930347 		.ascii	"m\223\003G\305\211\346\2641i\262\245l\375gu\203\333"
 1281      C589E6B4 
 1281      3169B2A5 
 1281      6CFD6775 
 1281      83DB
 1282 0117 C37580F6 		.ascii	"\303u\200\366\220\254O\312\001e\013\346\263\266U\352"
 1282      90AC4FCA 
 1282      01650BE6 
 1282      B3B655EA 
 1283 0127 C42AB0D2 		.ascii	"\304*\260\322r\234|&\222I9\2035<6\363\365(\337>\230"
 1283      729C7C26 
 1283      92493983 
 1283      353C36F3 
 1283      F528DF3E 
 1284 013c 72166FB4 		.ascii	"r\026o\264\037\243hy\372\205\211//.\265\276\261\306"
 1284      1FA36879 
 1284      FA85892F 
 1284      2F2EB5BE 
 1284      B1C6
 1285 014e D81F88E8 		.ascii	"\330\037\210\350D\376\234\177%.F\261?\024\024\343\304"
 1285      44FE9C7F 
 1285      252E46B1 
 1285      3F1414E3 
 1285      C4
 1286 015f BF508C6F 		.ascii	"\277P\214o$a\305\037t\373\334\274{\321\217T\276Z\211"
 1286      2461C51F 
 1286      74FBDCBC 
 1286      7BD18F54 
 1286      BE5A89
 1287 0172 C2EBC520 		.ascii	"\302\353\305 \241~\327\365\376\337\371\341\322\265\322"
 1287      A17ED7F5 
 1287      FEDFF9E1 
 1287      D2B5D2
 1288 0181 E5E456A1 		.ascii	"\345\344V\241\024z\201\301a\334\223\313\345\2740\366"
 1288      147A81C1 
 1288      61DC93CB 
 1288      E5BC30F6 
 1289 0191 86876E7A 		.ascii	"\206\207nz\2250Jb/\010GF\302\262\32778\220\037\270\355"
 1289      95304A62 
 1289      2F084746 
 1289      C2B2D737 
 1289      38901FB8 
 1290 01a6 95474B81 		.ascii	"\225GK\201\033\020\312]\273\310=\323{\366T\241\320{"
 1290      1B10CA5D 
 1290      BBC83DD3 
 1290      7BF654A1 
 1290      D07B
 1291 01b8 9AFE0298 		.ascii	"\232\376\002\230\235\237\275"
 1291      9D9FBD
 1292              		.text
ARM GAS  C:\Users\acest\AppData\Local\Temp\ccFf54sQ.s 			page 37


 1293              		.section	.gnu.lto_nvicSetPending.407.b3bfe932,"e",%progbits
 1294 0000 789C4D50 		.ascii	"x\234MP\317k\023Q\020\236og\267I.\326\377@AD\244\262"
 1294      CF6B1351 
 1294      109E6F67 
 1294      B7492ED6 
 1294      FF404144 
 1295 0016 6BAA94EA 		.ascii	"k\252\224\352\311\022=\210\364\322\342m\241\324M\240"
 1295      C9123D88 
 1295      F4D2E26D 
 1295      A1D44DA0 
 1296 0026 519B0DBB 		.ascii	"Q\233\015\273\253(\036:m\241\205x\210\255`/Z0,\322\233"
 1296      AB281E3A 
 1296      6DA18578 
 1296      88AD602F 
 1296      5A302CD2 
 1297 003b 27B582B6 		.ascii	"'\265\202\266\241\320\223\010\242\344\254\210\205\322"
 1297      A1D09308 
 1297      A2E4AC88 
 1297      85D2
 1298 0049 83144FA5 		.ascii	"\203\024O\245Dt^\032\177<\336\033\276\357{\337\314\233"
 1298      44745E1A 
 1298      7F3CDE1B 
 1298      BEEF7BDF 
 1298      CC9B
 1299 005b 791188EE 		.ascii	"y\021\210\356\023\3211=`\302\342B\315\"\021\271\220"
 1299      13D1313D 
 1299      60C2E242 
 1299      CD2211B9 
 1299      90
 1300 006c B130BD50 		.ascii	"\2610\275P\313\3415:\0144ea\012\017\371\244\322\275"
 1300      CBE1353A 
 1300      0C346561 
 1300      0A0FF9A4 
 1300      D2BD
 1301 007e ADA5CF9B 		.ascii	"\255\245\317\233\220\225&R&Z\326\323Y\217\031\213\234"
 1301      90952652 
 1301      265AD6D3 
 1301      598F198B 
 1301      9C
 1302 008f 32607791 		.ascii	"2`w\221\205\243\212\370.\235h\212|X[\025\311Q\312\214"
 1302      85A38AF8 
 1302      2E9D688A 
 1302      7C585B15 
 1302      C951CA8C 
 1303 00a3 57D01CBC 		.ascii	"W\320\034\274\004^\350\353*\334\373\231!\352\371SI5"
 1303      045EE8EB 
 1303      2ADCFB99 
 1303      21EAF953 
 1303      4935
 1304 00b5 7AFED169 		.ascii	"z\376\321iJ\373W]\344\3757\354\034\317Bm\266\245\301"
 1304      4AFB575D 
 1304      E4FD37EC 
 1304      1CCF426D 
 1304      B6A5C1
 1305 00c8 61836C13 		.ascii	"a\203l\023\034`U\275u6\375\212\015i\022=`\353\200L+"
 1305      1C6055BD 
 1305      7536FD8A 
ARM GAS  C:\Users\acest\AppData\Local\Temp\ccFf54sQ.s 			page 38


 1305      0D69123D 
 1305      60EB804C 
 1306 00dd D9817CFD 		.ascii	"\331\201|\375\364\016\364\035\263\217\346[v\203\321"
 1306      F40EF41D 
 1306      B38FE65B 
 1306      7683D1
 1307 00ec 60C7F465 		.ascii	"`\307\364e\343\210\021\367\347\266\270\241M\366\351"
 1307      E38811F7 
 1307      E7B6B8A1 
 1307      4DF6E9
 1308 00fb 8DE1EDB9 		.ascii	"\215\341\355\271\226\325`\356\232\0348*\316\264\347"
 1308      96D560EE 
 1308      9A1C382A 
 1308      CEB4E7
 1309 010a 8D49932D 		.ascii	"\215I\223-e\033\273\265M\356\016\327\003\372\213dcV"
 1309      651BBBB5 
 1309      4DEE0ED7 
 1309      03FA8B64 
 1309      6356
 1310 011c 0E297B66 		.ascii	"\016){f>k[\245\014\336\002o:\216\323OE\262)g\261\206"
 1310      3E6B5BA5 
 1310      0CDE026F 
 1310      3A8ED34F 
 1310      45B22967 
 1311 0132 2766BE7E 		.ascii	"'f\276~\345\333\275)\347\260\256\375\030E\313\323\017"
 1311      E5DBBD29 
 1311      E7B0AEFD 
 1311      1845CBD3 
 1311      0F
 1312 0143 CC7C695D 		.ascii	"\314|i]\351|c\235\361o \242S\205\363\376\325\270\024"
 1312      E97C639D 
 1312      F16F20A2 
 1312      5385F3FE 
 1312      D5B814
 1313 0156 C5FE7850 		.ascii	"\305\376xP\212\023\377b)\276\221\204U\177\304\035r\013"
 1313      8A13FF62 
 1313      29BE9184 
 1313      557FC41D 
 1313      720B
 1314 0168 EE253F52 		.ascii	"\356%?Ry\254\032\205\327KAB\227]\327\373\177\027&\312"
 1314      79AC1A85 
 1314      D74B4142 
 1314      975DD7FB 
 1314      7F1726CA 
 1315 017c D7CAA3C9 		.ascii	"\327\312\243\311\255b9\364\002\203\303\270?\237\317"
 1315      AD6239F4 
 1315      0283C3B8 
 1315      3F9FCF
 1316 018b 7B61EC4D 		.ascii	"{a\354M\214\337\364\252a\224\304^\020NN\206\025ohd\270"
 1316      8CDFF4AA 
 1316      6194C45E 
 1316      104E4E86 
 1316      156F6864 
 1317 01a0 307CC7AB 		.ascii	"0|\307\253\334.\007n@\250\034>@\356\300\340\2713\305"
 1317      DC2E076E 
 1317      40A81C3E 
 1317      40EEC0E0 
ARM GAS  C:\Users\acest\AppData\Local\Temp\ccFf54sQ.s 			page 39


 1317      B933C5
 1318 01b3 E2E059FA 		.ascii	"\342\340Y\372\015\262\213\240\207"
 1318      0DB28BA0 
 1318      87
 1319              		.text
 1320              		.section	.gnu.lto_.symbol_nodes.b3bfe932,"e",%progbits
 1321 0000 789C5BCF 		.ascii	"x\234[\317\000\004L\223\230\353\031>\374Za\3018\341"
 1321      00044C93 
 1321      98EB193E 
 1321      FC5A61C1 
 1321      38E1
 1322 0012 1C03433D 		.ascii	"\034\003C=\003\303\256\206FF\006F\006\260\334d\346z"
 1322      03C3AE86 
 1322      46460646 
 1322      06B0DC64 
 1322      E67A
 1323 0024 C6062060 		.ascii	"\306\006 `\301&9\205\271\236\011\247\344T\346zf\234"
 1323      C1263985 
 1323      B99E09A7 
 1323      E454E67A 
 1323      669C
 1324 0036 92D398EB 		.ascii	"\222\323\230\353YpJNg\256g\305%\311\000\000s\377)\322"
 1324      59704A4E 
 1324      67AE67C5 
 1324      25C90000 
 1324      73FF29D2 
 1325              		.text
 1326              		.section	.gnu.lto_.refs.b3bfe932,"e",%progbits
 1327 0000 789C6364 		.ascii	"x\234cd\000\002\000\000\012\000\002"
 1327      00020000 
 1327      0A0002
 1328              		.text
 1329              		.section	.gnu.lto_.decls.b3bfe932,"e",%progbits
 1330 0000 789CAD57 		.ascii	"x\234\255W{PT\327\035>\277sv\331\345\272\012\2158\351"
 1330      7B5054D7 
 1330      1D3EBF73 
 1330      76D9E5BA 
 1330      0A8D38E9 
 1331 0014 1FD4321D 		.ascii	"\037\3242\035;2S\303\012Z\265\371K\\\2642V\313,\350"
 1331      3B3253C3 
 1331      0A5AB5F9 
 1331      4B5CB432 
 1331      56CB2CE8 
 1332 0028 4C333BB5 		.ascii	"L3;\265\206\335VZa\035X\255\376wU\020|\240\306WT4\242"
 1332      86DD565A 
 1332      611D58AD 
 1332      FE775510 
 1332      7CA0C657 
 1333 003f 268DAF28 		.ascii	"&\215\257(Q\343\013\321\015FE\360-\242\221\250\200\032"
 1333      51E30BD1 
 1333      0D4645F0 
 1333      2DA291A8 
 1333      801A
 1334 0051 F111DF51 		.ascii	"\361\021\337QT\304\376\316\271\347\356\335\013kf\332"
 1334      54C4FECE 
 1334      B9E7EEDD 
 1334      0B6B66DA 
ARM GAS  C:\Users\acest\AppData\Local\Temp\ccFf54sQ.s 			page 40


 1335 0061 C9C573EE 		.ascii	"\311\305s\356=\347~\277\357\373~\347u\327\221\357\020"
 1335      3DE77EBF 
 1335      EFFB7EE7 
 1335      75D791EF 
 1335      10
 1336 0072 B2811292 		.ascii	"\262\201\022\222\201\345\015^6B\310Y,\200\245\222hW"
 1336      81E50D5E 
 1336      3642C859 
 1336      2C80A592 
 1336      6857
 1337 0084 14966A2C 		.ascii	"\024\226j,\307\260\324a9\211\345\264\304u\276\2120\260"
 1337      C7B0D461 
 1337      3989E5B4 
 1337      C475BE8A 
 1337      30B0
 1338 0096 1BDE2762 		.ascii	"\033\336'bAj\022'yZ\2604c\251\307\322\0171\277\303\022"
 1338      416A1227 
 1338      795AB034 
 1338      63A9C7D2 
 1338      0F31BFC3 
 1339 00ab 85A511DB 		.ascii	"\205\245\021\333\014\313U,\277\302\366oA\323\256\216"
 1339      0CCB552C 
 1339      BFC2F66F 
 1339      41D3AE8E 
 1340 00bb C0BD105F 		.ascii	"\300\275\020_t\217\300\035\217\245/\226\277\204q?\307"
 1340      748FC01D 
 1340      8FA52F96 
 1340      BF84713F 
 1340      C7
 1341 00cc E767C4AC 		.ascii	"\347g\304\254\221 \371\177-5\216E\320\370\030_8\"ht"
 1341      9120F97F 
 1341      2D358E45 
 1341      D0F8185F 
 1341      38226874 
 1342 00e0 E6D77975 		.ascii	"\346\327yu\035\026\346?A\362\327E\340/\303\027\312["
 1342      1D16E63F 
 1342      41F2D745 
 1342      E02FC317 
 1342      CA5B
 1343 00f2 72E0FCFF 		.ascii	"r\340\374\377\306\367S\261\214\005\215\227\363\344I"
 1343      C6F753B1 
 1343      8C058D97 
 1343      F3E449
 1344 0101 BE9311F8 		.ascii	"\276\223\021\370\326\276\205\217\373\375 \202_\316\243"
 1344      D6BE858F 
 1344      FBFD2082 
 1344      5FCEA3
 1345 0110 8FF1E908 		.ascii	"\217\361\351\010|\033\376\017\276x\311\027i=,f\320\027"
 1345      7C1BFE0F 
 1345      BE78C917 
 1345      693D2C66 
 1345      D017
 1346 0122 F8C28A11 		.ascii	"\370\302\212\021O\204Q\342T\305\325\362w\002\273A\200"
 1346      4F8451E2 
 1346      54C5D5F2 
 1346      7702BB41 
 1346      80
ARM GAS  C:\Users\acest\AppData\Local\Temp\ccFf54sQ.s 			page 41


 1347 0133 B2BA311F 		.ascii	"\262\2721\037G\276\003\026\254\343 \241\214\321{Gn\237"
 1347      47BE0316 
 1347      ACE320A1 
 1347      8CD17B47 
 1347      6E9F
 1348 0145 E8AE0455 		.ascii	"\350\256\004U\365\241\032,\214&\260\037`\037\020\330"
 1348      F5A11A2C 
 1348      8C26B01F 
 1348      601F10D8 
 1349 0155 0BC8B207 		.ascii	"\013\310\262\007\340+\200]\200\260-\327+\2578n\002\301"
 1349      E02B805D 
 1349      80B02DD7 
 1349      2BAF386E 
 1349      02C1
 1350 0167 E54B2C5E 		.ascii	"\345K,^\000\2704\010+\205|\300H\234JU\032\345eTa\012"
 1350      00B83408 
 1350      2B857CC0 
 1350      489C4A55 
 1350      1AE56554 
 1351 017d F32A35D0 		.ascii	"\363*5\320;\361)\033j\247\2111\212}\343a\210U\254vJ"
 1351      3BF1291B 
 1351      6AA78931 
 1351      8A7DE361 
 1351      8855AC76 
 1352 0192 5B6D5E25 		.ascii	"[m^%\361%l\245\345Q\011CU\213w~\257V\233J\027\215\211"
 1352      F1256CA5 
 1352      E5510943 
 1352      558B777E 
 1352      AF569B4A 
 1353 01a9 1B3014EB 		.ascii	"\0330\024\353V[\015x1*\303b\217\305\247V\233\362\224"
 1353      565B0D78 
 1353      312AC362 
 1353      8FC5A756 
 1353      9BF294
 1354 01bc 95974679 		.ascii	"\225\227FyO\322\222\276P\003\2127%\0163\031j\267\367"
 1354      4FD292BE 
 1354      50038A37 
 1354      250E3319 
 1354      6AB7F7
 1355 01cf 8EA966D5 		.ascii	"\216\251f\325l\004!v{\305\266^J\253-\006)\022\275\011"
 1355      6C042176 
 1355      7BC5B65E 
 1355      4AAB2D06 
 1355      2912BD09 
 1356 01e3 B1DE8498 		.ascii	"\261\336\204\230\032\260z\275J\\\"A\023\336\224\224"
 1356      1AB07ABD 
 1356      4A5C2241 
 1356      13DE9494 
 1357 01f3 A1544166 		.ascii	"\241TAf\213\275\006R\0308R\324\346\273\357*V%\272wB"
 1357      8BBD0652 
 1357      183852D4 
 1357      E6BBEF2A 
 1357      5625BA77 
 1358 0208 22215E32 		.ascii	"\"!^2\202\"/{\243_`CM\257\321\004HTh\012e\243Zq\243"
 1358      82222F7B 
 1358      A35F6043 
 1358      4DAFD104 
ARM GAS  C:\Users\acest\AppData\Local\Temp\ccFf54sQ.s 			page 42


 1358      4854680A 
 1359 0221 529A4088 		.ascii	"R\232@\210j\261;\034\240\342-z\374(oF\212BZm\024_\305"
 1359      6AB13B1C 
 1359      A0E22D7A 
 1359      FC286F46 
 1359      8A425A6D 
 1360 0238 5940A560 		.ascii	"Y@\245`D*Q\004\340*\303!\024\177\274\002Y\001o\202\266"
 1360      442A5104 
 1360      E02AC321 
 1360      147FBC02 
 1360      59016F82 
 1361 024d FF7519D1 		.ascii	"\377u\031\321\317\347\227J4\207h\275\241\233|\346\000"
 1361      CFE7974A 
 1361      348768BD 
 1361      A19B7CE6 
 1361      00
 1362 025e 2A79A89C 		.ascii	"*y\250\234v\320b\244\010\257\303\310C\020\220\020\235"
 1362      76D062A4 
 1362      08AFC3C8 
 1362      43109010 
 1362      9D
 1363 026f 478B9180 		.ascii	"G\213\221\200P\254|\344\032\002L\303cD\234\311\270A"
 1363      50AC7CE4 
 1363      1A024CC3 
 1363      63449CC9 
 1363      B841
 1364 0281 4942B4BA 		.ascii	"IB\264\272%\2425p\335|\275\244\261\330\372=\216\233"
 1364      25A23570 
 1364      DD7CBDA4 
 1364      B1D8FA3D 
 1364      8E9B
 1365 0293 BA71613B 		.ascii	"\272qa;\203^\213\206\022`\305\240\255B*Va,\302\212+"
 1365      835E8B86 
 1365      1260C5A0 
 1365      AD422A56 
 1365      612CC28A 
 1366 02a8 17D429EF 		.ascii	"\027\324)\357\"\352\236\252\306\301D\010\002\034\342"
 1366      22EA9EAA 
 1366      C6C14408 
 1366      021CE2
 1367 02b7 0A5F23B9 		.ascii	"\012_#\271_\020\355\274\264r\251\3657+V\250mgk;Z\372"
 1367      5F10EDBC 
 1367      B472A9F5 
 1367      372B56A8 
 1367      6D676B3B 
 1368 02cd 36EF55D5 		.ascii	"6\357U\325\"\304\3339\006\016\002\256U!~\020\003\252"
 1368      22C4DB39 
 1368      060E02AE 
 1368      55217E10 
 1368      03AA
 1369 02df 000E40D6 		.ascii	"\000\016@\326\352hVLy\344\242\222\372A\026\376\256\022"
 1369      EA68564C 
 1369      79E4A292 
 1369      FA4116FE 
 1369      AE12
 1370 02f1 C08FEDDA 		.ascii	"\300\217\355\332\352`\260\207\336\361\015_\334\227\033"
 1370      EA60B087 
ARM GAS  C:\Users\acest\AppData\Local\Temp\ccFf54sQ.s 			page 43


 1370      DEF10D5F 
 1370      DC971B
 1371 0300 824DB608 		.ascii	"\202M\266\010\352G\221\354\010\010\371\231_\254\177"
 1371      EA4791EC 
 1371      0808F999 
 1371      5FAC7F
 1372 030f D69DCB57 		.ascii	"\326\235\313W\234\232U\254\306\316D\260\005\337\303"
 1372      9C9A55AC 
 1372      C6CE44B0 
 1372      05DFC3
 1373 031e E190F2E1 		.ascii	"\341\220\362\341\220\362\013;[\021Q\371r\351\3129\221"
 1373      90F20B3B 
 1373      5B1151F9 
 1373      72E9CA39 
 1373      91
 1374 032f 746A31F4 		.ascii	"tj1\364\270\246\263{f\341N\233\320ym\350\324\002.V]"
 1374      B8A6B37B 
 1374      66E14E9B 
 1374      D0796DE8 
 1374      D4022E56 
 1375 0344 A726A4D3 		.ascii	"\247&\244\323bg\233\205N\373\252\331\305v\021\264\245"
 1375      62679B85 
 1375      4EFBAAD9 
 1375      C57611B4 
 1375      A5
 1376 0355 28DCDC89 		.ascii	"(\334\334\211P\320\211P\320Z;;&\202:\256\335\250\352"
 1376      50D08950 
 1376      D05A3B3B 
 1376      26823AAE 
 1376      DDA8EA
 1377 0368 21824E16 		.ascii	"!\202N\026\205+\235\012\005\235\012\005\225\330\331"
 1377      852B9D0A 
 1377      059D0A05 
 1377      95D8D9
 1378 0377 25117421 		.ascii	"%\021t!x\347s\213\010\272f\012:\023\012:\023\012zd\023"
 1378      78E7738B 
 1378      08BA660A 
 1378      3A130A3A 
 1378      130A7A64 
 1379 038c 936C67B7 		.ascii	"\223lg\267D\350\213\015/\3572\245\011\017\232\340[\017"
 1379      44E88B0D 
 1379      2FEF32A5 
 1379      090F9AE0 
 1379      5B0F
 1380 039e 1A764F40 		.ascii	"\032vO@\0175<\373&JQ\345\231\204\034\032\226@\003\006"
 1380      0F353CFB 
 1380      264A51E5 
 1380      99841C1A 
 1380      96400306 
 1381 03b2 38C18990 		.ascii	"8\301\211\220\373\035s\032z\274# j9\345\003\254c.\202"
 1381      FB1D731A 
 1381      7ABC2320 
 1381      6A39E503 
 1381      AC632E82 
 1382 03c6 C0692BCC 		.ascii	"\300i+\314!VX\023a\317\004\361\354\340\2553v\341\341"
 1382      21565813 
 1382      61CF04F1 
ARM GAS  C:\Users\acest\AppData\Local\Temp\ccFf54sQ.s 			page 44


 1382      ECE0AD33 
 1382      76E1E1
 1383 03d9 A70E3BFB 		.ascii	"\247\016;\373\354+E\177\355\331\247O\037\244/T\325\240"
 1383      EC2B457F 
 1383      EDD9A74F 
 1383      1FA42F54 
 1383      D5A0
 1384 03eb 85C0B778 		.ascii	"\205\300\267x\340q\362\357x\236p\015w8\300\025\236p"
 1384      E071F2EF 
 1384      789E700D 
 1384      7738C015 
 1384      9E70
 1385 03fd B3AAB6B5 		.ascii	"\263\252\266\265}\274eOb\365,\265\006\347\263\021\340"
 1385      7DBC654F 
 1385      62F52CB5 
 1385      06E7B311 
 1385      E0
 1386 040e 3270986E 		.ascii	"2p\230n\347\034\257\222\311MU\255\330\274g2\207\324"
 1386      E71CAF92 
 1386      C94D55AD 
 1386      D8BC6732 
 1386      87D4
 1387 0420 039C3741 		.ascii	"\003\2347A\234\204;!\250V\261I\203\\\004\270\320\005"
 1387      9C843B21 
 1387      A856B149 
 1387      835C04B8 
 1387      D005
 1388 0432 924C580D 		.ascii	"\222LX\015\343YT]{qZ\351\331\331\0344AW{\210\336wx\367"
 1388      E359545D 
 1388      7B715AE9 
 1388      D9D91C34 
 1388      41577B88 
 1389 044a FD288738 		.ascii	"\375(\2078\340\313\253-\320l\220\266\350\243\244\306"
 1389      E0CBAB2D 
 1389      D06C90B6 
 1389      E8A3A4C6 
 1390 045a 8BDB436D 		.ascii	"\213\333Cm\302\026\305\211AS\327\001\253g\032`\226\025"
 1390      C216C589 
 1390      4153D701 
 1390      AB671A60 
 1390      9615
 1391 046c 891A8E9D 		.ascii	"\211\032\216\235\253\353\036iVn\213Yi\345;\351\372\271"
 1391      ABEB1E69 
 1391      566E8B59 
 1391      69E53BE9 
 1391      FAB9
 1392 047e EF1AC5B4 		.ascii	"\357\032\305\264\024\352\323\362=\300M\016\272\003\002"
 1392      14EAD3F2 
 1392      3DC04D0E 
 1392      BA0302
 1393 048d 2805A334 		.ascii	"(\005\2434A\320\224b\330U)\364\200\223\224?n\337\031"
 1393      41D09462 
 1393      D85529F4 
 1393      8093943F 
 1393      6EDF19
 1394 04a0 71FA1F0A 		.ascii	"q\372\037\012\241\007<*\036\336h7\302\232\305\240\234"
 1394      A1073C2A 
ARM GAS  C:\Users\acest\AppData\Local\Temp\ccFf54sQ.s 			page 45


 1394      1EDE6837 
 1394      C29AC5A0 
 1394      9C
 1395 04b1 385A8A1F 		.ascii	"8Z\212\037\012L\263U\255\236\301\010\014\200\376\004"
 1395      0A4CB355 
 1395      AD9EC108 
 1395      0C80FE04 
 1396 04c1 9E002270 		.ascii	"\236\000\"pD\036\003<\342\314\257wo}\354\220\366\376"
 1396      441E033C 
 1396      E2CCAF77 
 1396      6F7DEC90 
 1396      F6FE
 1397 04d3 064F017E 		.ascii	"\006O\001~\000\270\307\231\177\004\301\316\211\346_"
 1397      00B8C799 
 1397      7F04C1CE 
 1397      89E65F
 1398 04e2 6D7E19C3 		.ascii	"m~\031\303\327\310O\021mQ\027T*!\242g]\211D6\345\026"
 1398      D7C84F11 
 1398      6D511754 
 1398      2A21A267 
 1398      5D894436 
 1399 04f8 716B9269 		.ascii	"qk\222i\366`\267e\232\203\221\342\356\352\275\213i\244"
 1399      F660B765 
 1399      9A8391E2 
 1399      EEEABD8B 
 1399      69A4
 1400 050a 2C5F8B2C 		.ascii	",_\213,\333\271\314\243U\367cL\243\371\022\340\005\307"
 1400      DBB9CCA3 
 1400      55F7634C 
 1400      A3F912E0 
 1400      05C7
 1401 051c 7480C0C9 		.ascii	"t\200\300\311\321\324d\0224\025\312\236H\025\033\237"
 1401      D1D46412 
 1401      3415CA9E 
 1401      48151B9F 
 1402 052c FD86D2AA 		.ascii	"\375\206\322\252n\221T\012)W\231E\021\263\270\343\350"
 1402      6E91540A 
 1402      29579945 
 1402      11B3B8E3 
 1402      E8
 1403 053d 3C874966 		.ascii	"<\207If\006E\036\004\025Q\001\344\303r~\333\322\363"
 1403      06451E04 
 1403      155101E4 
 1403      C3727EDB 
 1403      D2F3
 1404 054f 60801ABB 		.ascii	"`\200\032\273\202\264\224\231\2262\321\314D\2616i\346"
 1404      82B49499 
 1404      9632D1CC 
 1404      44B13669 
 1404      E6
 1405 0560 5DE4A859 		.ascii	"]\344\250Y\375|\226\022\311\314|af\0367\023\334\330"
 1405      FD7C9612 
 1405      C9CC7C61 
 1405      661E3713 
 1405      DCD8
 1406 0572 E4337999 		.ascii	"\3443y\231C\241\204\313\224R\201\223)36\323\"\025)+"
 1406      43A184CB 
ARM GAS  C:\Users\acest\AppData\Local\Temp\ccFf54sQ.s 			page 46


 1406      94528193 
 1406      293336D3 
 1406      2215292B 
 1407 0586 968F98FB 		.ascii	"\226\217\230\373Gz/\260\345z/\260\265\026\302>\225\315"
 1407      477A2FB0 
 1407      E57A2FB0 
 1407      B516C23E 
 1407      95CD
 1408 0598 C27861AD 		.ascii	"\302xa\255\274\011\330&\013f\026\277\245\342\306\007"
 1408      BC09D826 
 1408      0B6616BF 
 1408      A5E2C607 
 1409 05a8 7DF8D5B3 		.ascii	"}\370\325\263\217\274\326\341N<\360\205\252\306\026"
 1409      8FBCD6E1 
 1409      4E3CF085 
 1409      AAC616
 1410 05b7 3A603685 		.ascii	":`6\205%\024\326\321P\272\213\251\330\213\034\263\337"
 1410      2514D6D1 
 1410      50BA8BA9 
 1410      D88B1CB3 
 1410      DF
 1411 05c8 C07C6CC2 		.ascii	"\300|l\302,\3270|GWJL)\205e\002\243\347\263\324\340"
 1411      2CD7307C 
 1411      47574A4C 
 1411      29856502 
 1411      A3E7B3D4 
 1412 05dd D96BF0AC 		.ascii	"\331k\360\2540\3618C\220Z\016\231\341\200\347\000\367"
 1412      30F13843 
 1412      905A0E99 
 1412      E180E700 
 1412      F7
 1413 05ee 8143F405 		.ascii	"\201C\364\005w\027t)y\032\254\242\260\222\307\"\006"
 1413      77177429 
 1413      791AACA2 
 1413      B092C722 
 1413      06
 1414 05ff 17EC5A0A 		.ascii	"\027\354Z\012\353)\254\241\360\011\205\325\024>\245"
 1414      EB29ACA1 
 1414      F00985D5 
 1414      143EA5
 1415 060e F01985CF 		.ascii	"\360\031\205\317)l\244\260\211\342\330\301\006\012\377"
 1415      296CA4B0 
 1415      89E2D8C1 
 1415      060AFF
 1416 061d E1BF26B8 		.ascii	"\341\277&\270\327}\206\327\013\020\356U5\362\251\223"
 1416      D77D86D7 
 1416      0B10EE55 
 1416      35F2A993 
 1417 062d 983B00B7 		.ascii	"\230;\000\267\004F\337\3407BF*\252\014\236\217L9/2r"
 1417      0446DFE0 
 1417      3742462A 
 1417      AA0C9E8F 
 1417      4C392F32 
 1418 0642 3E68E4BC 		.ascii	">h\344\274\320\224\363\002\015\203\007k\305\211\322"
 1418      D094F302 
 1418      0D83076B 
 1418      C589D2
ARM GAS  C:\Users\acest\AppData\Local\Temp\ccFf54sQ.s 			page 47


 1419 0651 6281C1C5 		.ascii	"b\201\301\305V&0\372z\271nh\0352\264\346\232\264\212"
 1419      562630FA 
 1419      7AB96E68 
 1419      1D32B4E6 
 1419      9AB48A
 1420 0664 0DAD1A43 		.ascii	"\015\255\032Ck\246I\353\215\301s\\b:\000^\211\274\364"
 1420      6BA649EB 
 1420      8DC1735C 
 1420      623A005E 
 1420      89BCF4
 1421 0677 ADD6A661 		.ascii	"\255\326\246a\3306\276X\350\2155\345g\035=;\2176l\246"
 1421      D836BE58 
 1421      E88D35E5 
 1421      671D3D3B 
 1421      8F366CA6 
 1422 068b FFEB7823 		.ascii	"\377\353x#\327\372km_R\343d\336b\344\267U_\347%\240"
 1422      D7FA6B6D 
 1422      5F52E364 
 1422      DE62E4B7 
 1422      555FE725 
 1423 06a0 1D945A4B 		.ascii	"\035\224ZK;\230\313\371\311\320Zv\366\250#\322V\372"
 1423      3B98CBF9 
 1423      C9D05A76 
 1423      F6A823D2 
 1423      56FA
 1424 06b2 526CA57D 		.ascii	"Rl\245}\034s\270iv\271b\332K\025\024\266\363\274wP\001"
 1424      1C73B869 
 1424      76B962DA 
 1424      4B1514B6 
 1424      F3BC7750 
 1425 06c7 246CAF48 		.ascii	"$l\257H\352z\373\315C\335\014`}W\240\220?\243\335b\265"
 1425      EA7AFBCD 
 1425      43DD0C60 
 1425      7D57A090 
 1425      3FA3DD62 
 1426 06dc AD0DAC4A 		.ascii	"\255\015\254J\356(\206\024K\356\274\332\036\321\317"
 1426      EE288614 
 1426      4BEEBCDA 
 1426      1ED1CF
 1427 06eb 7ECD0FDF 		.ascii	"~\315\017\337\332\333V5\316\001\223\237=\024vs\231J"
 1427      DADB5635 
 1427      CE01939F 
 1427      3D147673 
 1427      994A
 1428 06fd 2A80C2CB 		.ascii	"*\200\302\313\232\213E6\223\227\316 \241YCX5n\352\243"
 1428      9A8B4536 
 1428      9397CE20 
 1428      A1594358 
 1428      356EEAA3 
 1429 0711 D242503B 		.ascii	"\322BP;o\202\204\325\212\214\276\272\337^a\215d\347"
 1429      6F8284D5 
 1429      8A8CBEBA 
 1429      DF5E618D 
 1429      64E7
 1430 0723 B0B0D31F 		.ascii	"\260\260\323\037!\273*\3536R\223\233\257\251\366\265"
 1430      21BB2AEB 
 1430      3652939B 
ARM GAS  C:\Users\acest\AppData\Local\Temp\ccFf54sQ.s 			page 48


 1430      AFA9F6B5 
 1431 0733 FE860A1C 		.ascii	"\376\206\012\034\347i9\327\366\000Ln:\203\204\374\020"
 1431      E76939D7 
 1431      F6004C6E 
 1431      3A8384FC 
 1431      10
 1432 0744 760ACD9C 		.ascii	"v\012\315\234\227f\372\263K\330\272*[\211\354:\266Z"
 1432      9766FAB3 
 1432      4BD8BA2A 
 1432      5B89EC3A 
 1432      B65A
 1433 0756 B1FC207B 		.ascii	"\261\374 {~\311\236\310\247n(Q\177\341\374\215\210V"
 1433      7EC99EC8 
 1433      A76E2851 
 1433      7FE1FC8D 
 1433      8856
 1434 0768 CF0BABE7 		.ascii	"\317\013\253\347\370\310=*\3361C\011\377n\351\277G\352"
 1434      F8C83D2A 
 1434      DE314309 
 1434      FF6EE9BF 
 1434      47EA
 1435 077a A9C071AB 		.ascii	"\251\300q\253\347\216/*\214\016\377$u\306\260\347\350"
 1435      E78E2F2A 
 1435      8C0EFF24 
 1435      75C6B0E7 
 1435      E8
 1436 078b E1159637 		.ascii	"\341\025\2267X\212\254\204\315\305\262\320\2529\231"
 1436      588AAC84 
 1436      CDC5B2D0 
 1436      AA3999
 1437 079a AF7DA39A 		.ascii	"\257}\243\232\354l\231\025\331\372m\255^<#\246O\370"
 1437      EC6C9915 
 1437      D9FA6DAD 
 1437      5E3C23A6 
 1437      4FF8
 1438 07ac 153A1DF9 		.ascii	"\025:\035\371\316|e\354\314\313\024\356\321\316\277"
 1438      CE7C65EC 
 1438      CCCB14EE 
 1438      D1CEBF
 1439 07bb 653E43CC 		.ascii	"e>C\314\352\355\332\216\332Ea\247\300\350\213\252\304"
 1439      EAEDDA8E 
 1439      DA4561A7 
 1439      C0E88BAA 
 1439      C4
 1440 07cc D8E17316 		.ascii	"\330\341s\026"
 1441 07d0 86784E9B 		.ascii	"\206xN\233x\304\366D\"\376\273i\225\004\341\350\037"
 1441      78C4F644 
 1441      22FEBB69 
 1441      9504E1E8 
 1441      1F
 1442 07e1 3481AA24 		.ascii	"4\201\252$\2103\3157\230\352L\240\3434\364\003\354e"
 1442      8833CD37 
 1442      98EA4CA0 
 1442      E334F403 
 1442      EC65
 1443 07f3 6988A8B1 		.ascii	"i\210\250\261\213k\315\320\\\203\346\224\011r\3020="
 1443      8B6BCDD0 
ARM GAS  C:\Users\acest\AppData\Local\Temp\ccFf54sQ.s 			page 49


 1443      5C83E694 
 1443      0972C230 
 1443      3D
 1444 0804 CFC09CEC 		.ascii	"\317\300\234\354\212\221~^\033#t\311\004\022\253G\202"
 1444      8A917E5E 
 1444      1B2374C9 
 1444      0412AB47 
 1444      82
 1445 0815 3E3198AE 		.ascii	">1\230\256\232@_\030j\013\014L\215\011s\324\300\274"
 1445      9A405F18 
 1445      6A0B0C4C 
 1445      8D0973D4 
 1445      C0BC
 1446 0827 31C41A4C 		.ascii	"1\304\032L\230\335a\303\270\322\030\306C]\2071\374\023"
 1446      98DD61C3 
 1446      B8D218C6 
 1446      435D8731 
 1446      FC13
 1447 0839 7285C277 		.ascii	"r\205\302w\274\357\2368\322nP\270\206\337\033\012\267"
 1447      BCEF9E38 
 1447      D26E50B8 
 1447      86DF1B0A 
 1447      B7
 1448 084a 283CA170 		.ascii	"(<\241p\207\302}\012\315\024n\342\331O\341:\205\007"
 1448      87C27D0A 
 1448      CD146EE2 
 1448      D94FE13A 
 1448      8507
 1449 085c 146E5378 		.ascii	"\024nSxJ\341\021\205\273\024Z(<\246\320D\341!\205V\252"
 1449      4AE11185 
 1449      BB145A28 
 1449      3CA6D044 
 1449      E1218556 
 1450 0871 FD46AE68 		.ascii	"\375F\256h7\034~\333u8\264c\272d\273\366\215\273@\341"
 1450      371C7EDB 
 1450      7538B463 
 1450      BA64BBF6 
 1450      8DBB40E1 
 1451 0885 ACC0E82B 		.ascii	"\254\300\350+\370\214\221i\2511\032\265]\247Y\376\212"
 1451      F88C9169 
 1451      A9311AB5 
 1451      5DA759FE 
 1451      8A
 1452 0896 5E2357DE 		.ascii	"^#W\336\016\361\035\013[y\333\250\261<WH\320\021\012"
 1452      0EF11D0B 
 1452      5B79DBA8 
 1452      B13C5748 
 1452      D0110A
 1453 08a9 D58249DF 		.ascii	"\325\202I\337\331AM\215c\312$\346\000\205\275\002\243"
 1453      D9414D8D 
 1453      63CA24E6 
 1453      0085BD02 
 1453      A3
 1454 08ba 9F455F19 		.ascii	"\237E_\031\216:\214\314.v\035{\015\263\320p}\254\353"
 1454      8E3A8CCC 
 1454      2E761D7B 
 1454      0DB3D070 
ARM GAS  C:\Users\acest\AppData\Local\Temp\ccFf54sQ.s 			page 50


 1454      7DACEB
 1455 08cd 1CA22156 		.ascii	"\034\242!Vf\025\377a\\\366\272\205\366\354<\021\360"
 1455      6615FF61 
 1455      5CF6BA85 
 1455      F6EC3C11 
 1455      F0
 1456 08de 23FDB9A6 		.ascii	"#\375\271\246\202\237%\313\213\2026\343\253\363\314"
 1456      829F25CB 
 1456      8B8236E3 
 1456      ABF3CC
 1457 08ed 30F39C23 		.ascii	"0\363\234#F&%9\303\377\271&\346|\230\223\031\230\342"
 1457      46262539 
 1457      C3FFB926 
 1457      E67C9893 
 1457      1998E2
 1458 0900 CDF13BB3 		.ascii	"\315\361;\263\371\263\277 %99\331\351/pN\2340\3119\331"
 1458      F9B3BF20 
 1458      253939D9 
 1458      E92F704E 
 1458      9C30C939 
 1459 0915 9F1F2870 		.ascii	"\237\037(pf\373ss\375y\316T\367h\327\350i\316\274\251"
 1459      66FB7373 
 1459      FD79CE54 
 1459      F768D7E8 
 1459      69CEBCA9 
 1460 0929 39D949D9 		.ascii	"9\331I\331\366?\216\031\233\340J\036Lb\265v\322\240"
 1460      F63F8E19 
 1460      9BE04A1E 
 1460      4C62B576 
 1460      D2A0
 1461 093b 217F18E0 		.ascii	"!\177\030\340\365\016\031H\354Sr\362\002\003R\306\007"
 1461      F50E1948 
 1461      EC5372F2 
 1461      020352C6 
 1461      07
 1462 094c 58F22012 		.ascii	"X\362 \022=!?w\352`\337{\271D\311F.\337\264\367r\021"
 1462      3D213F77 
 1462      EA60DF7B 
 1462      B944C946 
 1462      2EDFB4F7 
 1463 0962 C143D2F3 		.ascii	"\301C\322\363r\002\375\\\357{\306\026\370\362\013<\023"
 1463      7202FD5C 
 1463      EF7BC616 
 1463      F8F20B3C 
 1463      13
 1464 0973 B27D0501 		.ascii	"\262}\005\001O\232\257\340_\001\377d\217;)5\311\225"
 1464      4F9AAFE0 
 1464      5F01FF64 
 1464      8F3B2935 
 1464      C995
 1465 0985 34DC938F 		.ascii	"4\334\223\217\335\343'\347\373\377\351\313\016\220\364"
 1465      DDE327E7 
 1465      FBFFE9CB 
 1465      0E90F4
 1466 0994 9FCBBA66 		.ascii	"\237\313\272fyx\336\204\017'\371\306!\263?\377\027\274"
 1466      7978DE84 
 1466      0F27F9C6 
ARM GAS  C:\Users\acest\AppData\Local\Temp\ccFf54sQ.s 			page 51


 1466      21B33FFF 
 1466      17BC
 1467 09a6 232DA7C0 		.ascii	"#-\247\300\350\211\347=\231\276@\346\364\202\200/w\344"
 1467      E889E73D 
 1467      99BE40E6 
 1467      F482802F 
 1467      77E4
 1468 09b8 843CEF24 		.ascii	"\204<\357$_~F~\216??'0]\304\273&\371&\344g\370\362\274"
 1468      5F7E467E 
 1468      8E3F3F27 
 1468      305DC4BB 
 1468      26F926E4 
 1469 09d0 3979FFE8 		.ascii	"9y\377\350!\321\262iIwe\271\243\335\3033\207\273\307"
 1469      21D1B269 
 1469      497765B9 
 1469      A3DDC333 
 1469      87BBC7
 1470 09e3 0D4FEB6F 		.ascii	"\015O\353oMue\375\311=*\373}\217\260Y ,{\302,{\374\005"
 1470      4D7565FD 
 1470      C93D2AFB 
 1470      7D8FB059 
 1470      202C7BC2 
 1471 09fb 1ECDA8C7 		.ascii	"\036\315\250\3077-\340\301!\363d\347\026\344\360\316"
 1471      372DE0C1 
 1471      21F364E7 
 1471      16E4F0CE 
 1472 0a0b 7C9F2727 		.ascii	"|\237''/{\322\024\257O4\306g\347\016L\232H\272e\272"
 1472      2F7BD214 
 1472      AF4F34C6 
 1472      67E70E4C 
 1472      9A48BA65 
 1473 0a20 F2325DC3 		.ascii	"\3622]\303\306gM\237\354\013\351\374\236\246g\330\370"
 1473      C6674D9F 
 1473      EC0BE9FC 
 1473      9EA667D8 
 1473      F8
 1474 0a31 D80F191F 		.ascii	"\330\017\031\037\010u\016\264\244\247\0163\274\014@"
 1474      08750EB4 
 1474      A4A70E33 
 1474      BC0C40
 1475 0a40 6B194633 		.ascii	"k\031F3\305\222\236\231\341\266\273\265V2\276\034\356"
 1475      C5929E99 
 1475      E1B6BBB5 
 1475      5632BE1C 
 1475      EE
 1476 0a51 C62EAC32 		.ascii	"\306.\2542\263\322\335\321c\306\245\273\204\006\366"
 1476      B3D2DDD1 
 1476      63C6A5BB 
 1476      8406F6
 1477 0a60 A5BA2DA3 		.ascii	"\245\272-\243G\217p\263\32447K\303{\306\010\267%uD\246"
 1477      478F70B3 
 1477      D434374B 
 1477      C37BC608 
 1477      B7257544 
 1478 0a75 DB326C44 		.ascii	"\3332lD\252\333\212\257\020\220\306\333#y\345\302\312"
 1478      AADB8AAF 
 1478      1090C6DB 
ARM GAS  C:\Users\acest\AppData\Local\Temp\ccFf54sQ.s 			page 52


 1478      2379E5C2 
 1478      CA
 1479 0a86 9A39D295 		.ascii	"\2329\322\225\351f\231#3\230\313\205w\227\333\232\232"
 1479      E9669923 
 1479      3398CB85 
 1479      7797DB9A 
 1479      9A
 1480 0a97 EE76B92D 		.ascii	"\356v\271-\343\262\376\214*\370\316\352\312\030\233"
 1480      E3B2FE8C 
 1480      2AF8CEEA 
 1480      CA189B
 1481 0aa6 9E8675AA 		.ascii	"\236\206u\252\313m\327\363\371/\325\302\005v"
 1481      CB6DD7F3 
 1481      F92FD5C2 
 1481      0576
 1482              		.text
 1483              		.section	.gnu.lto_.symtab.b3bfe932,"e",%progbits
 1484 0000 6E766963 		.ascii	"nvicInit\000"
 1484      496E6974 
 1484      00
 1485 0009 00       		.ascii	"\000"
 1486 000a 00       		.ascii	"\000"
 1487 000b 00       		.ascii	"\000"
 1488 000c 00000000 		.ascii	"\000\000\000\000\000\000\000\000"
 1488      00000000 
 1489 0014 C2000000 		.ascii	"\302\000\000\000"
 1490 0018 6E766963 		.ascii	"nvicEnableVector\000"
 1490      456E6162 
 1490      6C655665 
 1490      63746F72 
 1490      00
 1491 0029 00       		.ascii	"\000"
 1492 002a 00       		.ascii	"\000"
 1493 002b 00       		.ascii	"\000"
 1494 002c 00000000 		.ascii	"\000\000\000\000\000\000\000\000"
 1494      00000000 
 1495 0034 C7000000 		.ascii	"\307\000\000\000"
 1496 0038 6E766963 		.ascii	"nvicDisableVector\000"
 1496      44697361 
 1496      626C6556 
 1496      6563746F 
 1496      7200
 1497 004a 00       		.ascii	"\000"
 1498 004b 00       		.ascii	"\000"
 1499 004c 00       		.ascii	"\000"
 1500 004d 00000000 		.ascii	"\000\000\000\000\000\000\000\000"
 1500      00000000 
 1501 0055 CB000000 		.ascii	"\313\000\000\000"
 1502 0059 6E766963 		.ascii	"nvicSetSystemHandlerPriority\000"
 1502      53657453 
 1502      79737465 
 1502      6D48616E 
 1502      646C6572 
 1503 0076 00       		.ascii	"\000"
 1504 0077 00       		.ascii	"\000"
 1505 0078 00       		.ascii	"\000"
 1506 0079 00000000 		.ascii	"\000\000\000\000\000\000\000\000"
ARM GAS  C:\Users\acest\AppData\Local\Temp\ccFf54sQ.s 			page 53


 1506      00000000 
 1507 0081 CD000000 		.ascii	"\315\000\000\000"
 1508 0085 6E766963 		.ascii	"nvicClearPending\000"
 1508      436C6561 
 1508      7250656E 
 1508      64696E67 
 1508      00
 1509 0096 00       		.ascii	"\000"
 1510 0097 00       		.ascii	"\000"
 1511 0098 00       		.ascii	"\000"
 1512 0099 00000000 		.ascii	"\000\000\000\000\000\000\000\000"
 1512      00000000 
 1513 00a1 CF000000 		.ascii	"\317\000\000\000"
 1514 00a5 6E766963 		.ascii	"nvicSetPending\000"
 1514      53657450 
 1514      656E6469 
 1514      6E6700
 1515 00b4 00       		.ascii	"\000"
 1516 00b5 00       		.ascii	"\000"
 1517 00b6 00       		.ascii	"\000"
 1518 00b7 00000000 		.ascii	"\000\000\000\000\000\000\000\000"
 1518      00000000 
 1519 00bf D1000000 		.ascii	"\321\000\000\000"
 1520              		.text
 1521              		.section	.gnu.lto_.ext_symtab.b3bfe932,"e",%progbits
 1522 0000 01       		.ascii	"\001"
 1523 0001 01       		.ascii	"\001"
 1524 0002 00       		.ascii	"\000"
 1525 0003 01       		.ascii	"\001"
 1526 0004 00       		.ascii	"\000"
 1527 0005 01       		.ascii	"\001"
 1528 0006 00       		.ascii	"\000"
 1529 0007 01       		.ascii	"\001"
 1530 0008 00       		.ascii	"\000"
 1531 0009 01       		.ascii	"\001"
 1532 000a 00       		.ascii	"\000"
 1533 000b 01       		.ascii	"\001"
 1534 000c 00       		.ascii	"\000"
 1535              		.text
 1536              		.section	.gnu.lto_.opts,"e",%progbits
 1537 0000 272D666E 		.ascii	"'-fno-openmp' '-fno-openacc' '-fno-pie' '-fcf-prote"
 1537      6F2D6F70 
 1537      656E6D70 
 1537      2720272D 
 1537      666E6F2D 
 1538 0033 6374696F 		.ascii	"ction=none' '-g' '-mcpu=cortex-m4' '-mthumb' '-mflo"
 1538      6E3D6E6F 
 1538      6E652720 
 1538      272D6727 
 1538      20272D6D 
 1539 0066 61742D61 		.ascii	"at-abi=soft' '-mlibarch=armv7e-m' '-march=armv7e-m'"
 1539      62693D73 
 1539      6F667427 
 1539      20272D6D 
 1539      6C696261 
 1540 0099 20272D4F 		.ascii	" '-O2' '-fomit-frame-pointer' '-falign-functions=16"
 1540      32272027 
ARM GAS  C:\Users\acest\AppData\Local\Temp\ccFf54sQ.s 			page 54


 1540      2D666F6D 
 1540      69742D66 
 1540      72616D65 
 1541 00cc 2720272D 		.ascii	"' '-ffunction-sections' '-fdata-sections' '-fno-com"
 1541      6666756E 
 1541      6374696F 
 1541      6E2D7365 
 1541      6374696F 
 1542 00ff 6D6F6E27 		.ascii	"mon' '-flto' '-Xassembler' '-alms=./build/lst/nvic."
 1542      20272D66 
 1542      6C746F27 
 1542      20272D58 
 1542      61737365 
 1543 0132 6C737427 		.ascii	"lst'\000"
 1543      00
 1544              		.text
 1545              		.comm	__gnu_lto_slim,1,1
 1546              		.ident	"GCC: (GNU Arm Embedded Toolchain 10.3-2021.10) 10.3.1 20210824 (release)"
ARM GAS  C:\Users\acest\AppData\Local\Temp\ccFf54sQ.s 			page 55


DEFINED SYMBOLS
                            *ABS*:00000000 nvic.c
C:\Users\acest\AppData\Local\Temp\ccFf54sQ.s:22     .gnu.debuglto_.debug_info:00000000 nvic.c.6893dd84
                            *COM*:00000001 __gnu_lto_slim

NO UNDEFINED SYMBOLS
