ARM GAS  C:\Users\acest\AppData\Local\Temp\ccFJ3o58.s 			page 1


   1              		.cpu cortex-m4
   2              		.arch armv7e-m
   3              		.fpu softvfp
   4              		.eabi_attribute 20, 1
   5              		.eabi_attribute 21, 1
   6              		.eabi_attribute 23, 3
   7              		.eabi_attribute 24, 1
   8              		.eabi_attribute 25, 1
   9              		.eabi_attribute 26, 1
  10              		.eabi_attribute 30, 2
  11              		.eabi_attribute 34, 1
  12              		.eabi_attribute 18, 4
  13              		.file	"stm32_isr.c"
  14              		.file 1 "c:\\chibistudio\\tools\\gnu tools arm embedded\\10.3 2021.10\\arm-none-eabi\\include\\mac
  15              		.file 2 "c:\\chibistudio\\tools\\gnu tools arm embedded\\10.3 2021.10\\arm-none-eabi\\include\\sys
  16              		.file 3 "c:\\chibistudio\\chibios2111\\os\\rt\\include\\chearly.h"
  17              		.file 4 "c:\\chibistudio\\chibios2111\\os\\rt\\include\\chlists.h"
  18              		.file 5 "c:\\chibistudio\\chibios2111\\os\\common\\ext\\arm\\cmsis\\core\\include\\core_cm4.h"
  19              		.file 6 "c:\\chibistudio\\chibios2111\\os\\common\\ext\\st\\stm32g4xx\\stm32g474xx.h"
  20              		.file 7 "c:\\chibistudio\\chibios2111\\os\\rt\\include\\chobjects.h"
  21              		.file 8 "c:\\chibistudio\\chibios2111\\os\\hal\\include\\hal_pal.h"
  22              		.file 9 "../../../../../ChibiStudio/chibios2111/os/hal/ports/STM32/STM32G4xx/stm32_isr.c"
  23              		.file 10 "c:\\chibistudio\\chibios2111\\os\\hal\\ports\\stm32\\lld\\timv1\\stm32_tim20.inc"
  24              		.file 11 "c:\\chibistudio\\chibios2111\\os\\hal\\ports\\stm32\\lld\\timv1\\stm32_tim8.inc"
  25              		.file 12 "c:\\chibistudio\\chibios2111\\os\\hal\\ports\\stm32\\lld\\timv1\\stm32_tim7.inc"
  26              		.file 13 "c:\\chibistudio\\chibios2111\\os\\hal\\ports\\stm32\\lld\\timv1\\stm32_tim6.inc"
  27              		.file 14 "c:\\chibistudio\\chibios2111\\os\\hal\\ports\\stm32\\lld\\timv1\\stm32_tim5.inc"
  28              		.file 15 "c:\\chibistudio\\chibios2111\\os\\hal\\ports\\stm32\\lld\\timv1\\stm32_tim4.inc"
  29              		.file 16 "c:\\chibistudio\\chibios2111\\os\\hal\\ports\\stm32\\lld\\timv1\\stm32_tim3.inc"
  30              		.file 17 "c:\\chibistudio\\chibios2111\\os\\hal\\ports\\stm32\\lld\\timv1\\stm32_tim2.inc"
  31              		.file 18 "c:\\chibistudio\\chibios2111\\os\\hal\\ports\\stm32\\lld\\timv1\\stm32_tim1_15_16_17.inc
  32              		.file 19 "c:\\chibistudio\\chibios2111\\os\\hal\\ports\\stm32\\lld\\usart\\stm32_lpuart1.inc"
  33              		.file 20 "c:\\chibistudio\\chibios2111\\os\\hal\\ports\\stm32\\lld\\usart\\stm32_uart5.inc"
  34              		.file 21 "c:\\chibistudio\\chibios2111\\os\\hal\\ports\\stm32\\lld\\usart\\stm32_uart4.inc"
  35              		.file 22 "c:\\chibistudio\\chibios2111\\os\\hal\\ports\\stm32\\lld\\usart\\stm32_usart3.inc"
  36              		.file 23 "c:\\chibistudio\\chibios2111\\os\\hal\\ports\\stm32\\lld\\usart\\stm32_usart2.inc"
  37              		.file 24 "c:\\chibistudio\\chibios2111\\os\\hal\\ports\\stm32\\lld\\usart\\stm32_usart1.inc"
  38              		.file 25 "c:\\chibistudio\\chibios2111\\os\\hal\\ports\\stm32\\lld\\fdcanv1\\stm32_fdcan3.inc"
  39              		.file 26 "c:\\chibistudio\\chibios2111\\os\\hal\\ports\\stm32\\lld\\fdcanv1\\stm32_fdcan2.inc"
  40              		.file 27 "c:\\chibistudio\\chibios2111\\os\\hal\\ports\\stm32\\lld\\fdcanv1\\stm32_fdcan1.inc"
  41              		.file 28 "c:\\chibistudio\\chibios2111\\os\\hal\\ports\\stm32\\lld\\extiv1\\stm32_exti33.inc"
  42              		.file 29 "c:\\chibistudio\\chibios2111\\os\\hal\\ports\\stm32\\lld\\extiv1\\stm32_exti30_32.inc"
  43              		.file 30 "c:\\chibistudio\\chibios2111\\os\\hal\\ports\\stm32\\lld\\extiv1\\stm32_exti21_22-29.inc
  44              		.file 31 "c:\\chibistudio\\chibios2111\\os\\hal\\ports\\stm32\\lld\\extiv1\\stm32_exti19.inc"
  45              		.file 32 "c:\\chibistudio\\chibios2111\\os\\hal\\ports\\stm32\\lld\\extiv1\\stm32_exti18.inc"
  46              		.file 33 "c:\\chibistudio\\chibios2111\\os\\hal\\ports\\stm32\\lld\\extiv1\\stm32_exti17.inc"
  47              		.file 34 "c:\\chibistudio\\chibios2111\\os\\hal\\ports\\stm32\\lld\\extiv1\\stm32_exti16-40_41.inc
  48              		.file 35 "c:\\chibistudio\\chibios2111\\os\\hal\\ports\\stm32\\lld\\extiv1\\stm32_exti10_15.inc"
  49              		.file 36 "c:\\chibistudio\\chibios2111\\os\\hal\\ports\\stm32\\lld\\extiv1\\stm32_exti5_9.inc"
  50              		.file 37 "c:\\chibistudio\\chibios2111\\os\\hal\\ports\\stm32\\lld\\extiv1\\stm32_exti4.inc"
  51              		.file 38 "c:\\chibistudio\\chibios2111\\os\\hal\\ports\\stm32\\lld\\extiv1\\stm32_exti3.inc"
  52              		.file 39 "c:\\chibistudio\\chibios2111\\os\\hal\\ports\\stm32\\lld\\extiv1\\stm32_exti2.inc"
  53              		.file 40 "c:\\chibistudio\\chibios2111\\os\\hal\\ports\\stm32\\lld\\extiv1\\stm32_exti1.inc"
  54              		.file 41 "c:\\chibistudio\\chibios2111\\os\\hal\\ports\\stm32\\lld\\extiv1\\stm32_exti0.inc"
  55              		.file 42 "c:\\chibistudio\\chibios2111\\os\\hal\\osal\\rt-nil\\osal.h"
  56              		.file 43 "c:\\chibistudio\\chibios2111\\os\\rt\\include\\chsys.h"
  57              		.file 44 "c:\\chibistudio\\chibios2111\\os\\common\\ports\\armv7-m-alt\\chcore.h"
ARM GAS  C:\Users\acest\AppData\Local\Temp\ccFJ3o58.s 			page 2


  58              		.file 45 "c:\\chibistudio\\chibios2111\\os\\hal\\ports\\stm32\\lld\\gpiov2\\hal_pal_lld.h"
  59              		.file 46 "c:\\chibistudio\\chibios2111\\os\\common\\ext\\arm\\cmsis\\core\\include\\cmsis_gcc.h"
  60              		.section	.gnu.debuglto_.debug_info,"e",%progbits
  61              	.Ldebug_info0:
  62              		.hidden	stm32_isr.c.b9272821
  63              		.weak	stm32_isr.c.b9272821
  64              	stm32_isr.c.b9272821:
  65 0000 ED070000 		.4byte	0x7ed
  66 0004 0400     		.2byte	0x4
  67 0006 00000000 		.4byte	.Ldebug_abbrev0
  68 000a 04       		.byte	0x4
  69 000b 01       		.uleb128 0x1
  70 000c FB020000 		.4byte	.LASF141
  71 0010 0C       		.byte	0xc
  72 0011 67080000 		.4byte	.LASF142
  73 0015 DD010000 		.4byte	.LASF143
  74 0019 00000000 		.4byte	.Ldebug_line0
  75 001d 02       		.uleb128 0x2
  76 001e 04       		.byte	0x4
  77 001f 05       		.byte	0x5
  78 0020 696E7400 		.ascii	"int\000"
  79 0024 03       		.uleb128 0x3
  80 0025 04       		.byte	0x4
  81 0026 07       		.byte	0x7
  82 0027 02070000 		.4byte	.LASF0
  83 002b 03       		.uleb128 0x3
  84 002c 08       		.byte	0x8
  85 002d 05       		.byte	0x5
  86 002e 55010000 		.4byte	.LASF1
  87 0032 03       		.uleb128 0x3
  88 0033 08       		.byte	0x8
  89 0034 04       		.byte	0x4
  90 0035 E0060000 		.4byte	.LASF2
  91 0039 03       		.uleb128 0x3
  92 003a 01       		.byte	0x1
  93 003b 06       		.byte	0x6
  94 003c 63010000 		.4byte	.LASF3
  95 0040 04       		.uleb128 0x4
  96 0041 C1060000 		.4byte	.LASF7
  97 0045 01       		.byte	0x1
  98 0046 2B       		.byte	0x2b
  99 0047 18       		.byte	0x18
 100 0048 4C000000 		.4byte	0x4c
 101 004c 03       		.uleb128 0x3
 102 004d 01       		.byte	0x1
 103 004e 08       		.byte	0x8
 104 004f 18060000 		.4byte	.LASF4
 105 0053 03       		.uleb128 0x3
 106 0054 02       		.byte	0x2
 107 0055 05       		.byte	0x5
 108 0056 3D060000 		.4byte	.LASF5
 109 005a 03       		.uleb128 0x3
 110 005b 02       		.byte	0x2
 111 005c 07       		.byte	0x7
 112 005d 32010000 		.4byte	.LASF6
 113 0061 04       		.uleb128 0x4
 114 0062 36070000 		.4byte	.LASF8
ARM GAS  C:\Users\acest\AppData\Local\Temp\ccFJ3o58.s 			page 3


 115 0066 01       		.byte	0x1
 116 0067 4D       		.byte	0x4d
 117 0068 18       		.byte	0x18
 118 0069 6D000000 		.4byte	0x6d
 119 006d 03       		.uleb128 0x3
 120 006e 04       		.byte	0x4
 121 006f 05       		.byte	0x5
 122 0070 B2010000 		.4byte	.LASF9
 123 0074 04       		.uleb128 0x4
 124 0075 20020000 		.4byte	.LASF10
 125 0079 01       		.byte	0x1
 126 007a 4F       		.byte	0x4f
 127 007b 19       		.byte	0x19
 128 007c 80000000 		.4byte	0x80
 129 0080 03       		.uleb128 0x3
 130 0081 04       		.byte	0x4
 131 0082 07       		.byte	0x7
 132 0083 CE020000 		.4byte	.LASF11
 133 0087 03       		.uleb128 0x3
 134 0088 08       		.byte	0x8
 135 0089 07       		.byte	0x7
 136 008a C0000000 		.4byte	.LASF12
 137 008e 04       		.uleb128 0x4
 138 008f C6070000 		.4byte	.LASF13
 139 0093 02       		.byte	0x2
 140 0094 18       		.byte	0x18
 141 0095 13       		.byte	0x13
 142 0096 40000000 		.4byte	0x40
 143 009a 05       		.uleb128 0x5
 144 009b 8E000000 		.4byte	0x8e
 145 009f 04       		.uleb128 0x4
 146 00a0 10060000 		.4byte	.LASF14
 147 00a4 02       		.byte	0x2
 148 00a5 2C       		.byte	0x2c
 149 00a6 13       		.byte	0x13
 150 00a7 61000000 		.4byte	0x61
 151 00ab 04       		.uleb128 0x4
 152 00ac B3060000 		.4byte	.LASF15
 153 00b0 02       		.byte	0x2
 154 00b1 30       		.byte	0x30
 155 00b2 14       		.byte	0x14
 156 00b3 74000000 		.4byte	0x74
 157 00b7 05       		.uleb128 0x5
 158 00b8 AB000000 		.4byte	0xab
 159 00bc 06       		.uleb128 0x6
 160 00bd B7000000 		.4byte	0xb7
 161 00c1 04       		.uleb128 0x4
 162 00c2 8E000000 		.4byte	.LASF16
 163 00c6 03       		.byte	0x3
 164 00c7 58       		.byte	0x58
 165 00c8 19       		.byte	0x19
 166 00c9 9F000000 		.4byte	0x9f
 167 00cd 03       		.uleb128 0x3
 168 00ce 01       		.byte	0x1
 169 00cf 08       		.byte	0x8
 170 00d0 FD060000 		.4byte	.LASF17
 171 00d4 04       		.uleb128 0x4
ARM GAS  C:\Users\acest\AppData\Local\Temp\ccFJ3o58.s 			page 4


 172 00d5 E0020000 		.4byte	.LASF18
 173 00d9 04       		.byte	0x4
 174 00da 3F       		.byte	0x3f
 175 00db 19       		.byte	0x19
 176 00dc E0000000 		.4byte	0xe0
 177 00e0 07       		.uleb128 0x7
 178 00e1 CE010000 		.4byte	.LASF50
 179 00e5 08       		.byte	0x8
 180 00e6 04       		.byte	0x4
 181 00e7 45       		.byte	0x45
 182 00e8 08       		.byte	0x8
 183 00e9 08010000 		.4byte	0x108
 184 00ed 08       		.uleb128 0x8
 185 00ee 18080000 		.4byte	.LASF19
 186 00f2 04       		.byte	0x4
 187 00f3 46       		.byte	0x46
 188 00f4 1A       		.byte	0x1a
 189 00f5 08010000 		.4byte	0x108
 190 00f9 00       		.byte	0
 191 00fa 08       		.uleb128 0x8
 192 00fb 94000000 		.4byte	.LASF20
 193 00ff 04       		.byte	0x4
 194 0100 47       		.byte	0x47
 195 0101 1A       		.byte	0x1a
 196 0102 08010000 		.4byte	0x108
 197 0106 04       		.byte	0x4
 198 0107 00       		.byte	0
 199 0108 09       		.uleb128 0x9
 200 0109 04       		.byte	0x4
 201 010a D4000000 		.4byte	0xd4
 202 010e 0A       		.uleb128 0xa
 203 010f 8C       		.byte	0x8c
 204 0110 05       		.byte	0x5
 205 0111 B801     		.2byte	0x1b8
 206 0113 09       		.byte	0x9
 207 0114 3F020000 		.4byte	0x23f
 208 0118 0B       		.uleb128 0xb
 209 0119 F0000000 		.4byte	.LASF21
 210 011d 05       		.byte	0x5
 211 011e BA01     		.2byte	0x1ba
 212 0120 12       		.byte	0x12
 213 0121 BC000000 		.4byte	0xbc
 214 0125 00       		.byte	0
 215 0126 0B       		.uleb128 0xb
 216 0127 F6030000 		.4byte	.LASF22
 217 012b 05       		.byte	0x5
 218 012c BB01     		.2byte	0x1bb
 219 012e 12       		.byte	0x12
 220 012f B7000000 		.4byte	0xb7
 221 0133 04       		.byte	0x4
 222 0134 0B       		.uleb128 0xb
 223 0135 C0030000 		.4byte	.LASF23
 224 0139 05       		.byte	0x5
 225 013a BC01     		.2byte	0x1bc
 226 013c 12       		.byte	0x12
 227 013d B7000000 		.4byte	0xb7
 228 0141 08       		.byte	0x8
ARM GAS  C:\Users\acest\AppData\Local\Temp\ccFJ3o58.s 			page 5


 229 0142 0B       		.uleb128 0xb
 230 0143 19040000 		.4byte	.LASF24
 231 0147 05       		.byte	0x5
 232 0148 BD01     		.2byte	0x1bd
 233 014a 12       		.byte	0x12
 234 014b B7000000 		.4byte	0xb7
 235 014f 0C       		.byte	0xc
 236 0150 0C       		.uleb128 0xc
 237 0151 53435200 		.ascii	"SCR\000"
 238 0155 05       		.byte	0x5
 239 0156 BE01     		.2byte	0x1be
 240 0158 12       		.byte	0x12
 241 0159 B7000000 		.4byte	0xb7
 242 015d 10       		.byte	0x10
 243 015e 0C       		.uleb128 0xc
 244 015f 43435200 		.ascii	"CCR\000"
 245 0163 05       		.byte	0x5
 246 0164 BF01     		.2byte	0x1bf
 247 0166 12       		.byte	0x12
 248 0167 B7000000 		.4byte	0xb7
 249 016b 14       		.byte	0x14
 250 016c 0C       		.uleb128 0xc
 251 016d 53485000 		.ascii	"SHP\000"
 252 0171 05       		.byte	0x5
 253 0172 C001     		.2byte	0x1c0
 254 0174 12       		.byte	0x12
 255 0175 4F020000 		.4byte	0x24f
 256 0179 18       		.byte	0x18
 257 017a 0B       		.uleb128 0xb
 258 017b 26060000 		.4byte	.LASF25
 259 017f 05       		.byte	0x5
 260 0180 C101     		.2byte	0x1c1
 261 0182 12       		.byte	0x12
 262 0183 B7000000 		.4byte	0xb7
 263 0187 24       		.byte	0x24
 264 0188 0B       		.uleb128 0xb
 265 0189 F6040000 		.4byte	.LASF26
 266 018d 05       		.byte	0x5
 267 018e C201     		.2byte	0x1c2
 268 0190 12       		.byte	0x12
 269 0191 B7000000 		.4byte	0xb7
 270 0195 28       		.byte	0x28
 271 0196 0B       		.uleb128 0xb
 272 0197 CC080000 		.4byte	.LASF27
 273 019b 05       		.byte	0x5
 274 019c C301     		.2byte	0x1c3
 275 019e 12       		.byte	0x12
 276 019f B7000000 		.4byte	0xb7
 277 01a3 2C       		.byte	0x2c
 278 01a4 0B       		.uleb128 0xb
 279 01a5 83070000 		.4byte	.LASF28
 280 01a9 05       		.byte	0x5
 281 01aa C401     		.2byte	0x1c4
 282 01ac 12       		.byte	0x12
 283 01ad B7000000 		.4byte	0xb7
 284 01b1 30       		.byte	0x30
 285 01b2 0B       		.uleb128 0xb
ARM GAS  C:\Users\acest\AppData\Local\Temp\ccFJ3o58.s 			page 6


 286 01b3 E6030000 		.4byte	.LASF29
 287 01b7 05       		.byte	0x5
 288 01b8 C501     		.2byte	0x1c5
 289 01ba 12       		.byte	0x12
 290 01bb B7000000 		.4byte	0xb7
 291 01bf 34       		.byte	0x34
 292 01c0 0B       		.uleb128 0xb
 293 01c1 09020000 		.4byte	.LASF30
 294 01c5 05       		.byte	0x5
 295 01c6 C601     		.2byte	0x1c6
 296 01c8 12       		.byte	0x12
 297 01c9 B7000000 		.4byte	0xb7
 298 01cd 38       		.byte	0x38
 299 01ce 0B       		.uleb128 0xb
 300 01cf BC060000 		.4byte	.LASF31
 301 01d3 05       		.byte	0x5
 302 01d4 C701     		.2byte	0x1c7
 303 01d6 12       		.byte	0x12
 304 01d7 B7000000 		.4byte	0xb7
 305 01db 3C       		.byte	0x3c
 306 01dc 0C       		.uleb128 0xc
 307 01dd 50465200 		.ascii	"PFR\000"
 308 01e1 05       		.byte	0x5
 309 01e2 C801     		.2byte	0x1c8
 310 01e4 12       		.byte	0x12
 311 01e5 69020000 		.4byte	0x269
 312 01e9 40       		.byte	0x40
 313 01ea 0C       		.uleb128 0xc
 314 01eb 44465200 		.ascii	"DFR\000"
 315 01ef 05       		.byte	0x5
 316 01f0 C901     		.2byte	0x1c9
 317 01f2 12       		.byte	0x12
 318 01f3 BC000000 		.4byte	0xbc
 319 01f7 48       		.byte	0x48
 320 01f8 0C       		.uleb128 0xc
 321 01f9 41445200 		.ascii	"ADR\000"
 322 01fd 05       		.byte	0x5
 323 01fe CA01     		.2byte	0x1ca
 324 0200 12       		.byte	0x12
 325 0201 BC000000 		.4byte	0xbc
 326 0205 4C       		.byte	0x4c
 327 0206 0B       		.uleb128 0xb
 328 0207 5D040000 		.4byte	.LASF32
 329 020b 05       		.byte	0x5
 330 020c CB01     		.2byte	0x1cb
 331 020e 12       		.byte	0x12
 332 020f 83020000 		.4byte	0x283
 333 0213 50       		.byte	0x50
 334 0214 0B       		.uleb128 0xb
 335 0215 7F010000 		.4byte	.LASF33
 336 0219 05       		.byte	0x5
 337 021a CC01     		.2byte	0x1cc
 338 021c 12       		.byte	0x12
 339 021d 9D020000 		.4byte	0x29d
 340 0221 60       		.byte	0x60
 341 0222 0B       		.uleb128 0xb
 342 0223 7B050000 		.4byte	.LASF34
ARM GAS  C:\Users\acest\AppData\Local\Temp\ccFJ3o58.s 			page 7


 343 0227 05       		.byte	0x5
 344 0228 CD01     		.2byte	0x1cd
 345 022a 12       		.byte	0x12
 346 022b A2020000 		.4byte	0x2a2
 347 022f 74       		.byte	0x74
 348 0230 0B       		.uleb128 0xb
 349 0231 C6080000 		.4byte	.LASF35
 350 0235 05       		.byte	0x5
 351 0236 CE01     		.2byte	0x1ce
 352 0238 12       		.byte	0x12
 353 0239 B7000000 		.4byte	0xb7
 354 023d 88       		.byte	0x88
 355 023e 00       		.byte	0
 356 023f 0D       		.uleb128 0xd
 357 0240 9A000000 		.4byte	0x9a
 358 0244 4F020000 		.4byte	0x24f
 359 0248 0E       		.uleb128 0xe
 360 0249 24000000 		.4byte	0x24
 361 024d 0B       		.byte	0xb
 362 024e 00       		.byte	0
 363 024f 05       		.uleb128 0x5
 364 0250 3F020000 		.4byte	0x23f
 365 0254 0D       		.uleb128 0xd
 366 0255 BC000000 		.4byte	0xbc
 367 0259 64020000 		.4byte	0x264
 368 025d 0E       		.uleb128 0xe
 369 025e 24000000 		.4byte	0x24
 370 0262 01       		.byte	0x1
 371 0263 00       		.byte	0
 372 0264 06       		.uleb128 0x6
 373 0265 54020000 		.4byte	0x254
 374 0269 05       		.uleb128 0x5
 375 026a 64020000 		.4byte	0x264
 376 026e 0D       		.uleb128 0xd
 377 026f BC000000 		.4byte	0xbc
 378 0273 7E020000 		.4byte	0x27e
 379 0277 0E       		.uleb128 0xe
 380 0278 24000000 		.4byte	0x24
 381 027c 03       		.byte	0x3
 382 027d 00       		.byte	0
 383 027e 06       		.uleb128 0x6
 384 027f 6E020000 		.4byte	0x26e
 385 0283 05       		.uleb128 0x5
 386 0284 7E020000 		.4byte	0x27e
 387 0288 0D       		.uleb128 0xd
 388 0289 BC000000 		.4byte	0xbc
 389 028d 98020000 		.4byte	0x298
 390 0291 0E       		.uleb128 0xe
 391 0292 24000000 		.4byte	0x24
 392 0296 04       		.byte	0x4
 393 0297 00       		.byte	0
 394 0298 06       		.uleb128 0x6
 395 0299 88020000 		.4byte	0x288
 396 029d 05       		.uleb128 0x5
 397 029e 98020000 		.4byte	0x298
 398 02a2 0D       		.uleb128 0xd
 399 02a3 AB000000 		.4byte	0xab
ARM GAS  C:\Users\acest\AppData\Local\Temp\ccFJ3o58.s 			page 8


 400 02a7 B2020000 		.4byte	0x2b2
 401 02ab 0E       		.uleb128 0xe
 402 02ac 24000000 		.4byte	0x24
 403 02b0 04       		.byte	0x4
 404 02b1 00       		.byte	0
 405 02b2 0F       		.uleb128 0xf
 406 02b3 2B020000 		.4byte	.LASF36
 407 02b7 05       		.byte	0x5
 408 02b8 CF01     		.2byte	0x1cf
 409 02ba 03       		.byte	0x3
 410 02bb 0E010000 		.4byte	0x10e
 411 02bf 0A       		.uleb128 0xa
 412 02c0 38       		.byte	0x38
 413 02c1 06       		.byte	0x6
 414 02c2 B301     		.2byte	0x1b3
 415 02c4 09       		.byte	0x9
 416 02c5 8E030000 		.4byte	0x38e
 417 02c9 0B       		.uleb128 0xb
 418 02ca EC030000 		.4byte	.LASF37
 419 02ce 06       		.byte	0x6
 420 02cf B501     		.2byte	0x1b5
 421 02d1 11       		.byte	0x11
 422 02d2 B7000000 		.4byte	0xb7
 423 02d6 00       		.byte	0
 424 02d7 0B       		.uleb128 0xb
 425 02d8 99070000 		.4byte	.LASF38
 426 02dc 06       		.byte	0x6
 427 02dd B601     		.2byte	0x1b6
 428 02df 11       		.byte	0x11
 429 02e0 B7000000 		.4byte	0xb7
 430 02e4 04       		.byte	0x4
 431 02e5 0B       		.uleb128 0xb
 432 02e6 9D050000 		.4byte	.LASF39
 433 02ea 06       		.byte	0x6
 434 02eb B701     		.2byte	0x1b7
 435 02ed 11       		.byte	0x11
 436 02ee B7000000 		.4byte	0xb7
 437 02f2 08       		.byte	0x8
 438 02f3 0B       		.uleb128 0xb
 439 02f4 AA000000 		.4byte	.LASF40
 440 02f8 06       		.byte	0x6
 441 02f9 B801     		.2byte	0x1b8
 442 02fb 11       		.byte	0x11
 443 02fc B7000000 		.4byte	0xb7
 444 0300 0C       		.byte	0xc
 445 0301 0B       		.uleb128 0xb
 446 0302 06010000 		.4byte	.LASF41
 447 0306 06       		.byte	0x6
 448 0307 B901     		.2byte	0x1b9
 449 0309 11       		.byte	0x11
 450 030a B7000000 		.4byte	0xb7
 451 030e 10       		.byte	0x10
 452 030f 0C       		.uleb128 0xc
 453 0310 50523100 		.ascii	"PR1\000"
 454 0314 06       		.byte	0x6
 455 0315 BA01     		.2byte	0x1ba
 456 0317 11       		.byte	0x11
ARM GAS  C:\Users\acest\AppData\Local\Temp\ccFJ3o58.s 			page 9


 457 0318 B7000000 		.4byte	0xb7
 458 031c 14       		.byte	0x14
 459 031d 0B       		.uleb128 0xb
 460 031e 94060000 		.4byte	.LASF42
 461 0322 06       		.byte	0x6
 462 0323 BB01     		.2byte	0x1bb
 463 0325 11       		.byte	0x11
 464 0326 AB000000 		.4byte	0xab
 465 032a 18       		.byte	0x18
 466 032b 0B       		.uleb128 0xb
 467 032c 93050000 		.4byte	.LASF43
 468 0330 06       		.byte	0x6
 469 0331 BC01     		.2byte	0x1bc
 470 0333 11       		.byte	0x11
 471 0334 AB000000 		.4byte	0xab
 472 0338 1C       		.byte	0x1c
 473 0339 0B       		.uleb128 0xb
 474 033a F1030000 		.4byte	.LASF44
 475 033e 06       		.byte	0x6
 476 033f BD01     		.2byte	0x1bd
 477 0341 11       		.byte	0x11
 478 0342 B7000000 		.4byte	0xb7
 479 0346 20       		.byte	0x20
 480 0347 0B       		.uleb128 0xb
 481 0348 9E070000 		.4byte	.LASF45
 482 034c 06       		.byte	0x6
 483 034d BE01     		.2byte	0x1be
 484 034f 11       		.byte	0x11
 485 0350 B7000000 		.4byte	0xb7
 486 0354 24       		.byte	0x24
 487 0355 0B       		.uleb128 0xb
 488 0356 A3050000 		.4byte	.LASF46
 489 035a 06       		.byte	0x6
 490 035b BF01     		.2byte	0x1bf
 491 035d 11       		.byte	0x11
 492 035e B7000000 		.4byte	0xb7
 493 0362 28       		.byte	0x28
 494 0363 0B       		.uleb128 0xb
 495 0364 B0000000 		.4byte	.LASF47
 496 0368 06       		.byte	0x6
 497 0369 C001     		.2byte	0x1c0
 498 036b 11       		.byte	0x11
 499 036c B7000000 		.4byte	0xb7
 500 0370 2C       		.byte	0x2c
 501 0371 0B       		.uleb128 0xb
 502 0372 0D010000 		.4byte	.LASF48
 503 0376 06       		.byte	0x6
 504 0377 C101     		.2byte	0x1c1
 505 0379 11       		.byte	0x11
 506 037a B7000000 		.4byte	0xb7
 507 037e 30       		.byte	0x30
 508 037f 0C       		.uleb128 0xc
 509 0380 50523200 		.ascii	"PR2\000"
 510 0384 06       		.byte	0x6
 511 0385 C201     		.2byte	0x1c2
 512 0387 11       		.byte	0x11
 513 0388 B7000000 		.4byte	0xb7
ARM GAS  C:\Users\acest\AppData\Local\Temp\ccFJ3o58.s 			page 10


 514 038c 34       		.byte	0x34
 515 038d 00       		.byte	0
 516 038e 0F       		.uleb128 0xf
 517 038f 4B080000 		.4byte	.LASF49
 518 0393 06       		.byte	0x6
 519 0394 C301     		.2byte	0x1c3
 520 0396 03       		.byte	0x3
 521 0397 BF020000 		.4byte	0x2bf
 522 039b 10       		.uleb128 0x10
 523 039c 04       		.byte	0x4
 524 039d 07       		.uleb128 0x7
 525 039e 99000000 		.4byte	.LASF51
 526 03a2 08       		.byte	0x8
 527 03a3 07       		.byte	0x7
 528 03a4 8F       		.byte	0x8f
 529 03a5 10       		.byte	0x10
 530 03a6 B8030000 		.4byte	0x3b8
 531 03aa 08       		.uleb128 0x8
 532 03ab D7010000 		.4byte	.LASF52
 533 03af 07       		.byte	0x7
 534 03b0 93       		.byte	0x93
 535 03b1 21       		.byte	0x21
 536 03b2 D4000000 		.4byte	0xd4
 537 03b6 00       		.byte	0
 538 03b7 00       		.byte	0
 539 03b8 04       		.uleb128 0x4
 540 03b9 A3070000 		.4byte	.LASF53
 541 03bd 07       		.byte	0x7
 542 03be 94       		.byte	0x94
 543 03bf 03       		.byte	0x3
 544 03c0 9D030000 		.4byte	0x39d
 545 03c4 09       		.uleb128 0x9
 546 03c5 04       		.byte	0x4
 547 03c6 CA030000 		.4byte	0x3ca
 548 03ca 11       		.uleb128 0x11
 549 03cb D5030000 		.4byte	0x3d5
 550 03cf 12       		.uleb128 0x12
 551 03d0 9B030000 		.4byte	0x39b
 552 03d4 00       		.byte	0
 553 03d5 03       		.uleb128 0x3
 554 03d6 01       		.byte	0x1
 555 03d7 02       		.byte	0x2
 556 03d8 0A060000 		.4byte	.LASF54
 557 03dc 04       		.uleb128 0x4
 558 03dd 81020000 		.4byte	.LASF55
 559 03e1 08       		.byte	0x8
 560 03e2 94       		.byte	0x94
 561 03e3 10       		.byte	0x10
 562 03e4 C4030000 		.4byte	0x3c4
 563 03e8 13       		.uleb128 0x13
 564 03e9 10       		.byte	0x10
 565 03ea 08       		.byte	0x8
 566 03eb 9A       		.byte	0x9a
 567 03ec 09       		.byte	0x9
 568 03ed 18040000 		.4byte	0x418
 569 03f1 08       		.uleb128 0x8
 570 03f2 47060000 		.4byte	.LASF56
ARM GAS  C:\Users\acest\AppData\Local\Temp\ccFJ3o58.s 			page 11


 571 03f6 08       		.byte	0x8
 572 03f7 9F       		.byte	0x9f
 573 03f8 19       		.byte	0x19
 574 03f9 B8030000 		.4byte	0x3b8
 575 03fd 00       		.byte	0
 576 03fe 14       		.uleb128 0x14
 577 03ff 636200   		.ascii	"cb\000"
 578 0402 08       		.byte	0x8
 579 0403 A5       		.byte	0xa5
 580 0404 19       		.byte	0x19
 581 0405 DC030000 		.4byte	0x3dc
 582 0409 08       		.byte	0x8
 583 040a 14       		.uleb128 0x14
 584 040b 61726700 		.ascii	"arg\000"
 585 040f 08       		.byte	0x8
 586 0410 A9       		.byte	0xa9
 587 0411 1A       		.byte	0x1a
 588 0412 9B030000 		.4byte	0x39b
 589 0416 0C       		.byte	0xc
 590 0417 00       		.byte	0
 591 0418 04       		.uleb128 0x4
 592 0419 52040000 		.4byte	.LASF57
 593 041d 08       		.byte	0x8
 594 041e AB       		.byte	0xab
 595 041f 03       		.byte	0x3
 596 0420 E8030000 		.4byte	0x3e8
 597 0424 0D       		.uleb128 0xd
 598 0425 18040000 		.4byte	0x418
 599 0429 34040000 		.4byte	0x434
 600 042d 0E       		.uleb128 0xe
 601 042e 24000000 		.4byte	0x24
 602 0432 0F       		.byte	0xf
 603 0433 00       		.byte	0
 604 0434 15       		.uleb128 0x15
 605 0435 FB030000 		.4byte	.LASF144
 606 0439 2D       		.byte	0x2d
 607 043a EB01     		.2byte	0x1eb
 608 043c 13       		.byte	0x13
 609 043d 24040000 		.4byte	0x424
 610 0441 16       		.uleb128 0x16
 611 0442 47020000 		.4byte	.LASF58
 612 0446 09       		.byte	0x9
 613 0447 90       		.byte	0x90
 614 0448 06       		.byte	0x6
 615 0449 16       		.uleb128 0x16
 616 044a 3F050000 		.4byte	.LASF59
 617 044e 09       		.byte	0x9
 618 044f 64       		.byte	0x64
 619 0450 06       		.byte	0x6
 620 0451 17       		.uleb128 0x17
 621 0452 D5030000 		.4byte	.LASF60
 622 0456 0A       		.byte	0xa
 623 0457 5D       		.byte	0x5d
 624 0458 14       		.byte	0x14
 625 0459 17       		.uleb128 0x17
 626 045a 8E040000 		.4byte	.LASF61
 627 045e 0A       		.byte	0xa
ARM GAS  C:\Users\acest\AppData\Local\Temp\ccFJ3o58.s 			page 12


 628 045f 56       		.byte	0x56
 629 0460 14       		.byte	0x14
 630 0461 17       		.uleb128 0x17
 631 0462 FB040000 		.4byte	.LASF62
 632 0466 0B       		.byte	0xb
 633 0467 5D       		.byte	0x5d
 634 0468 14       		.byte	0x14
 635 0469 17       		.uleb128 0x17
 636 046a C7050000 		.4byte	.LASF63
 637 046e 0B       		.byte	0xb
 638 046f 56       		.byte	0x56
 639 0470 14       		.byte	0x14
 640 0471 17       		.uleb128 0x17
 641 0472 75040000 		.4byte	.LASF64
 642 0476 0C       		.byte	0xc
 643 0477 54       		.byte	0x54
 644 0478 14       		.byte	0x14
 645 0479 17       		.uleb128 0x17
 646 047a A9050000 		.4byte	.LASF65
 647 047e 0C       		.byte	0xc
 648 047f 4E       		.byte	0x4e
 649 0480 14       		.byte	0x14
 650 0481 17       		.uleb128 0x17
 651 0482 E0000000 		.4byte	.LASF66
 652 0486 0D       		.byte	0xd
 653 0487 54       		.byte	0x54
 654 0488 14       		.byte	0x14
 655 0489 17       		.uleb128 0x17
 656 048a 1F040000 		.4byte	.LASF67
 657 048e 0D       		.byte	0xd
 658 048f 4E       		.byte	0x4e
 659 0490 14       		.byte	0x14
 660 0491 17       		.uleb128 0x17
 661 0492 84060000 		.4byte	.LASF68
 662 0496 0E       		.byte	0xe
 663 0497 54       		.byte	0x54
 664 0498 14       		.byte	0x14
 665 0499 17       		.uleb128 0x17
 666 049a 85050000 		.4byte	.LASF69
 667 049e 0E       		.byte	0xe
 668 049f 4E       		.byte	0x4e
 669 04a0 14       		.byte	0x14
 670 04a1 17       		.uleb128 0x17
 671 04a2 C5030000 		.4byte	.LASF70
 672 04a6 0F       		.byte	0xf
 673 04a7 54       		.byte	0x54
 674 04a8 14       		.byte	0x14
 675 04a9 17       		.uleb128 0x17
 676 04aa 6D050000 		.4byte	.LASF71
 677 04ae 0F       		.byte	0xf
 678 04af 4E       		.byte	0x4e
 679 04b0 14       		.byte	0x14
 680 04b1 17       		.uleb128 0x17
 681 04b2 00000000 		.4byte	.LASF72
 682 04b6 10       		.byte	0x10
 683 04b7 54       		.byte	0x54
 684 04b8 14       		.byte	0x14
ARM GAS  C:\Users\acest\AppData\Local\Temp\ccFJ3o58.s 			page 13


 685 04b9 17       		.uleb128 0x17
 686 04ba 8F020000 		.4byte	.LASF73
 687 04be 10       		.byte	0x10
 688 04bf 4E       		.byte	0x4e
 689 04c0 14       		.byte	0x14
 690 04c1 16       		.uleb128 0x16
 691 04c2 8C010000 		.4byte	.LASF74
 692 04c6 11       		.byte	0x11
 693 04c7 64       		.byte	0x64
 694 04c8 01       		.byte	0x1
 695 04c9 17       		.uleb128 0x17
 696 04ca 2C080000 		.4byte	.LASF75
 697 04ce 11       		.byte	0x11
 698 04cf 54       		.byte	0x54
 699 04d0 14       		.byte	0x14
 700 04d1 17       		.uleb128 0x17
 701 04d2 47050000 		.4byte	.LASF76
 702 04d6 11       		.byte	0x11
 703 04d7 4E       		.byte	0x4e
 704 04d8 14       		.byte	0x14
 705 04d9 17       		.uleb128 0x17
 706 04da 39000000 		.4byte	.LASF77
 707 04de 12       		.byte	0x12
 708 04df AC       		.byte	0xac
 709 04e0 14       		.byte	0x14
 710 04e1 17       		.uleb128 0x17
 711 04e2 D6040000 		.4byte	.LASF78
 712 04e6 12       		.byte	0x12
 713 04e7 99       		.byte	0x99
 714 04e8 14       		.byte	0x14
 715 04e9 17       		.uleb128 0x17
 716 04ea BB010000 		.4byte	.LASF79
 717 04ee 13       		.byte	0x13
 718 04ef 45       		.byte	0x45
 719 04f0 14       		.byte	0x14
 720 04f1 17       		.uleb128 0x17
 721 04f2 1C050000 		.4byte	.LASF80
 722 04f6 13       		.byte	0x13
 723 04f7 3F       		.byte	0x3f
 724 04f8 14       		.byte	0x14
 725 04f9 17       		.uleb128 0x17
 726 04fa 28000000 		.4byte	.LASF81
 727 04fe 14       		.byte	0x14
 728 04ff 45       		.byte	0x45
 729 0500 14       		.byte	0x14
 730 0501 17       		.uleb128 0x17
 731 0502 55050000 		.4byte	.LASF82
 732 0506 14       		.byte	0x14
 733 0507 3F       		.byte	0x3f
 734 0508 14       		.byte	0x14
 735 0509 17       		.uleb128 0x17
 736 050a 2C060000 		.4byte	.LASF83
 737 050e 15       		.byte	0x15
 738 050f 45       		.byte	0x45
 739 0510 14       		.byte	0x14
 740 0511 17       		.uleb128 0x17
 741 0512 10000000 		.4byte	.LASF84
ARM GAS  C:\Users\acest\AppData\Local\Temp\ccFJ3o58.s 			page 14


 742 0516 15       		.byte	0x15
 743 0517 3F       		.byte	0x3f
 744 0518 14       		.byte	0x14
 745 0519 17       		.uleb128 0x17
 746 051a F8050000 		.4byte	.LASF85
 747 051e 16       		.byte	0x16
 748 051f 45       		.byte	0x45
 749 0520 14       		.byte	0x14
 750 0521 17       		.uleb128 0x17
 751 0522 BD040000 		.4byte	.LASF86
 752 0526 16       		.byte	0x16
 753 0527 3F       		.byte	0x3f
 754 0528 14       		.byte	0x14
 755 0529 17       		.uleb128 0x17
 756 052a 0E020000 		.4byte	.LASF87
 757 052e 17       		.byte	0x17
 758 052f 45       		.byte	0x45
 759 0530 14       		.byte	0x14
 760 0531 17       		.uleb128 0x17
 761 0532 AD040000 		.4byte	.LASF88
 762 0536 17       		.byte	0x17
 763 0537 3F       		.byte	0x3f
 764 0538 14       		.byte	0x14
 765 0539 17       		.uleb128 0x17
 766 053a CE070000 		.4byte	.LASF89
 767 053e 18       		.byte	0x18
 768 053f 45       		.byte	0x45
 769 0540 14       		.byte	0x14
 770 0541 17       		.uleb128 0x17
 771 0542 9D040000 		.4byte	.LASF90
 772 0546 18       		.byte	0x18
 773 0547 3F       		.byte	0x3f
 774 0548 14       		.byte	0x14
 775 0549 17       		.uleb128 0x17
 776 054a 2D040000 		.4byte	.LASF91
 777 054e 19       		.byte	0x19
 778 054f 4C       		.byte	0x4c
 779 0550 14       		.byte	0x14
 780 0551 17       		.uleb128 0x17
 781 0552 F6000000 		.4byte	.LASF92
 782 0556 19       		.byte	0x19
 783 0557 46       		.byte	0x46
 784 0558 14       		.byte	0x14
 785 0559 17       		.uleb128 0x17
 786 055a 7C000000 		.4byte	.LASF93
 787 055e 1A       		.byte	0x1a
 788 055f 4C       		.byte	0x4c
 789 0560 14       		.byte	0x14
 790 0561 17       		.uleb128 0x17
 791 0562 D5050000 		.4byte	.LASF94
 792 0566 1A       		.byte	0x1a
 793 0567 46       		.byte	0x46
 794 0568 14       		.byte	0x14
 795 0569 17       		.uleb128 0x17
 796 056a 61060000 		.4byte	.LASF95
 797 056e 1B       		.byte	0x1b
 798 056f 4C       		.byte	0x4c
ARM GAS  C:\Users\acest\AppData\Local\Temp\ccFJ3o58.s 			page 15


 799 0570 14       		.byte	0x14
 800 0571 17       		.uleb128 0x17
 801 0572 B7050000 		.4byte	.LASF96
 802 0576 1B       		.byte	0x1b
 803 0577 46       		.byte	0x46
 804 0578 14       		.byte	0x14
 805 0579 17       		.uleb128 0x17
 806 057a 4F060000 		.4byte	.LASF97
 807 057e 1C       		.byte	0x1c
 808 057f 3D       		.byte	0x3d
 809 0580 14       		.byte	0x14
 810 0581 17       		.uleb128 0x17
 811 0582 71020000 		.4byte	.LASF98
 812 0586 1C       		.byte	0x1c
 813 0587 37       		.byte	0x37
 814 0588 14       		.byte	0x14
 815 0589 17       		.uleb128 0x17
 816 058a CB060000 		.4byte	.LASF99
 817 058e 1D       		.byte	0x1d
 818 058f 3E       		.byte	0x3e
 819 0590 14       		.byte	0x14
 820 0591 17       		.uleb128 0x17
 821 0592 62040000 		.4byte	.LASF100
 822 0596 1D       		.byte	0x1d
 823 0597 37       		.byte	0x37
 824 0598 14       		.byte	0x14
 825 0599 17       		.uleb128 0x17
 826 059a 63070000 		.4byte	.LASF101
 827 059e 1E       		.byte	0x1e
 828 059f 3E       		.byte	0x3e
 829 05a0 14       		.byte	0x14
 830 05a1 17       		.uleb128 0x17
 831 05a2 14010000 		.4byte	.LASF102
 832 05a6 1E       		.byte	0x1e
 833 05a7 37       		.byte	0x37
 834 05a8 14       		.byte	0x14
 835 05a9 17       		.uleb128 0x17
 836 05aa 0F070000 		.4byte	.LASF103
 837 05ae 1F       		.byte	0x1f
 838 05af 3D       		.byte	0x3d
 839 05b0 14       		.byte	0x14
 840 05b1 17       		.uleb128 0x17
 841 05b2 6F010000 		.4byte	.LASF104
 842 05b6 1F       		.byte	0x1f
 843 05b7 37       		.byte	0x37
 844 05b8 14       		.byte	0x14
 845 05b9 17       		.uleb128 0x17
 846 05ba 07040000 		.4byte	.LASF105
 847 05be 20       		.byte	0x20
 848 05bf 3D       		.byte	0x3d
 849 05c0 14       		.byte	0x14
 850 05c1 17       		.uleb128 0x17
 851 05c2 EB020000 		.4byte	.LASF106
 852 05c6 20       		.byte	0x20
 853 05c7 37       		.byte	0x37
 854 05c8 14       		.byte	0x14
 855 05c9 17       		.uleb128 0x17
ARM GAS  C:\Users\acest\AppData\Local\Temp\ccFJ3o58.s 			page 16


 856 05ca 6A000000 		.4byte	.LASF107
 857 05ce 21       		.byte	0x21
 858 05cf 3D       		.byte	0x3d
 859 05d0 14       		.byte	0x14
 860 05d1 17       		.uleb128 0x17
 861 05d2 45010000 		.4byte	.LASF108
 862 05d6 21       		.byte	0x21
 863 05d7 37       		.byte	0x37
 864 05d8 14       		.byte	0x14
 865 05d9 17       		.uleb128 0x17
 866 05da 51020000 		.4byte	.LASF109
 867 05de 22       		.byte	0x22
 868 05df 3E       		.byte	0x3e
 869 05e0 14       		.byte	0x14
 870 05e1 17       		.uleb128 0x17
 871 05e2 B0020000 		.4byte	.LASF110
 872 05e6 22       		.byte	0x22
 873 05e7 37       		.byte	0x37
 874 05e8 14       		.byte	0x14
 875 05e9 18       		.uleb128 0x18
 876 05ea 2D050000 		.4byte	.LASF113
 877 05ee 23       		.byte	0x23
 878 05ef 4E       		.byte	0x4e
 879 05f0 01       		.byte	0x1
 880 05f1 0F060000 		.4byte	0x60f
 881 05f5 19       		.uleb128 0x19
 882 05f6 707200   		.ascii	"pr\000"
 883 05f9 23       		.byte	0x23
 884 05fa 4F       		.byte	0x4f
 885 05fb 0C       		.byte	0xc
 886 05fc AB000000 		.4byte	0xab
 887 0600 1A       		.uleb128 0x1a
 888 0601 19       		.uleb128 0x19
 889 0602 70723100 		.ascii	"pr1\000"
 890 0606 23       		.byte	0x23
 891 0607 53       		.byte	0x53
 892 0608 03       		.byte	0x3
 893 0609 AB000000 		.4byte	0xab
 894 060d 00       		.byte	0
 895 060e 00       		.byte	0
 896 060f 17       		.uleb128 0x17
 897 0610 4E070000 		.4byte	.LASF111
 898 0614 23       		.byte	0x23
 899 0615 3D       		.byte	0x3d
 900 0616 14       		.byte	0x14
 901 0617 17       		.uleb128 0x17
 902 0618 B3070000 		.4byte	.LASF112
 903 061c 23       		.byte	0x23
 904 061d 37       		.byte	0x37
 905 061e 14       		.byte	0x14
 906 061f 18       		.uleb128 0x18
 907 0620 1F000000 		.4byte	.LASF114
 908 0624 24       		.byte	0x24
 909 0625 4E       		.byte	0x4e
 910 0626 01       		.byte	0x1
 911 0627 45060000 		.4byte	0x645
 912 062b 19       		.uleb128 0x19
ARM GAS  C:\Users\acest\AppData\Local\Temp\ccFJ3o58.s 			page 17


 913 062c 707200   		.ascii	"pr\000"
 914 062f 24       		.byte	0x24
 915 0630 4F       		.byte	0x4f
 916 0631 0C       		.byte	0xc
 917 0632 AB000000 		.4byte	0xab
 918 0636 1A       		.uleb128 0x1a
 919 0637 19       		.uleb128 0x19
 920 0638 70723100 		.ascii	"pr1\000"
 921 063c 24       		.byte	0x24
 922 063d 53       		.byte	0x53
 923 063e 03       		.byte	0x3
 924 063f AB000000 		.4byte	0xab
 925 0643 00       		.byte	0
 926 0644 00       		.byte	0
 927 0645 17       		.uleb128 0x17
 928 0646 3F040000 		.4byte	.LASF115
 929 064a 24       		.byte	0x24
 930 064b 3D       		.byte	0x3d
 931 064c 14       		.byte	0x14
 932 064d 17       		.uleb128 0x17
 933 064e 73060000 		.4byte	.LASF116
 934 0652 24       		.byte	0x24
 935 0653 37       		.byte	0x37
 936 0654 14       		.byte	0x14
 937 0655 18       		.uleb128 0x18
 938 0656 D7000000 		.4byte	.LASF117
 939 065a 25       		.byte	0x25
 940 065b 4E       		.byte	0x4e
 941 065c 01       		.byte	0x1
 942 065d 7B060000 		.4byte	0x67b
 943 0661 19       		.uleb128 0x19
 944 0662 707200   		.ascii	"pr\000"
 945 0665 25       		.byte	0x25
 946 0666 4F       		.byte	0x4f
 947 0667 0C       		.byte	0xc
 948 0668 AB000000 		.4byte	0xab
 949 066c 1A       		.uleb128 0x1a
 950 066d 19       		.uleb128 0x19
 951 066e 70723100 		.ascii	"pr1\000"
 952 0672 25       		.byte	0x25
 953 0673 53       		.byte	0x53
 954 0674 03       		.byte	0x3
 955 0675 AB000000 		.4byte	0xab
 956 0679 00       		.byte	0
 957 067a 00       		.byte	0
 958 067b 17       		.uleb128 0x17
 959 067c E0070000 		.4byte	.LASF118
 960 0680 25       		.byte	0x25
 961 0681 3D       		.byte	0x3d
 962 0682 14       		.byte	0x14
 963 0683 17       		.uleb128 0x17
 964 0684 B7080000 		.4byte	.LASF119
 965 0688 25       		.byte	0x25
 966 0689 37       		.byte	0x37
 967 068a 14       		.byte	0x14
 968 068b 18       		.uleb128 0x18
 969 068c 64050000 		.4byte	.LASF120
ARM GAS  C:\Users\acest\AppData\Local\Temp\ccFJ3o58.s 			page 18


 970 0690 26       		.byte	0x26
 971 0691 4E       		.byte	0x4e
 972 0692 01       		.byte	0x1
 973 0693 B1060000 		.4byte	0x6b1
 974 0697 19       		.uleb128 0x19
 975 0698 707200   		.ascii	"pr\000"
 976 069b 26       		.byte	0x26
 977 069c 4F       		.byte	0x4f
 978 069d 0C       		.byte	0xc
 979 069e AB000000 		.4byte	0xab
 980 06a2 1A       		.uleb128 0x1a
 981 06a3 19       		.uleb128 0x19
 982 06a4 70723100 		.ascii	"pr1\000"
 983 06a8 26       		.byte	0x26
 984 06a9 53       		.byte	0x53
 985 06aa 03       		.byte	0x3
 986 06ab AB000000 		.4byte	0xab
 987 06af 00       		.byte	0
 988 06b0 00       		.byte	0
 989 06b1 17       		.uleb128 0x17
 990 06b2 0B050000 		.4byte	.LASF121
 991 06b6 26       		.byte	0x26
 992 06b7 3D       		.byte	0x3d
 993 06b8 14       		.byte	0x14
 994 06b9 17       		.uleb128 0x17
 995 06ba 58080000 		.4byte	.LASF122
 996 06be 26       		.byte	0x26
 997 06bf 37       		.byte	0x37
 998 06c0 14       		.byte	0x14
 999 06c1 18       		.uleb128 0x18
 1000 06c2 36050000 		.4byte	.LASF123
 1001 06c6 27       		.byte	0x27
 1002 06c7 4E       		.byte	0x4e
 1003 06c8 01       		.byte	0x1
 1004 06c9 E7060000 		.4byte	0x6e7
 1005 06cd 19       		.uleb128 0x19
 1006 06ce 707200   		.ascii	"pr\000"
 1007 06d1 27       		.byte	0x27
 1008 06d2 4F       		.byte	0x4f
 1009 06d3 0C       		.byte	0xc
 1010 06d4 AB000000 		.4byte	0xab
 1011 06d8 1A       		.uleb128 0x1a
 1012 06d9 19       		.uleb128 0x19
 1013 06da 70723100 		.ascii	"pr1\000"
 1014 06de 27       		.byte	0x27
 1015 06df 53       		.byte	0x53
 1016 06e0 03       		.byte	0x3
 1017 06e1 AB000000 		.4byte	0xab
 1018 06e5 00       		.byte	0
 1019 06e6 00       		.byte	0
 1020 06e7 17       		.uleb128 0x17
 1021 06e8 A1010000 		.4byte	.LASF124
 1022 06ec 27       		.byte	0x27
 1023 06ed 3D       		.byte	0x3d
 1024 06ee 14       		.byte	0x14
 1025 06ef 17       		.uleb128 0x17
 1026 06f0 5B000000 		.4byte	.LASF125
ARM GAS  C:\Users\acest\AppData\Local\Temp\ccFJ3o58.s 			page 19


 1027 06f4 27       		.byte	0x27
 1028 06f5 37       		.byte	0x37
 1029 06f6 14       		.byte	0x14
 1030 06f7 18       		.uleb128 0x18
 1031 06f8 CD040000 		.4byte	.LASF126
 1032 06fc 28       		.byte	0x28
 1033 06fd 4E       		.byte	0x4e
 1034 06fe 01       		.byte	0x1
 1035 06ff 1D070000 		.4byte	0x71d
 1036 0703 19       		.uleb128 0x19
 1037 0704 707200   		.ascii	"pr\000"
 1038 0707 28       		.byte	0x28
 1039 0708 4F       		.byte	0x4f
 1040 0709 0C       		.byte	0xc
 1041 070a AB000000 		.4byte	0xab
 1042 070e 1A       		.uleb128 0x1a
 1043 070f 19       		.uleb128 0x19
 1044 0710 70723100 		.ascii	"pr1\000"
 1045 0714 28       		.byte	0x28
 1046 0715 53       		.byte	0x53
 1047 0716 03       		.byte	0x3
 1048 0717 AB000000 		.4byte	0xab
 1049 071b 00       		.byte	0
 1050 071c 00       		.byte	0
 1051 071d 17       		.uleb128 0x17
 1052 071e 88070000 		.4byte	.LASF127
 1053 0722 28       		.byte	0x28
 1054 0723 3D       		.byte	0x3d
 1055 0724 14       		.byte	0x14
 1056 0725 17       		.uleb128 0x17
 1057 0726 3C080000 		.4byte	.LASF128
 1058 072a 28       		.byte	0x28
 1059 072b 37       		.byte	0x37
 1060 072c 14       		.byte	0x14
 1061 072d 18       		.uleb128 0x18
 1062 072e 85040000 		.4byte	.LASF129
 1063 0732 29       		.byte	0x29
 1064 0733 4E       		.byte	0x4e
 1065 0734 01       		.byte	0x1
 1066 0735 53070000 		.4byte	0x753
 1067 0739 19       		.uleb128 0x19
 1068 073a 707200   		.ascii	"pr\000"
 1069 073d 29       		.byte	0x29
 1070 073e 4F       		.byte	0x4f
 1071 073f 0C       		.byte	0xc
 1072 0740 AB000000 		.4byte	0xab
 1073 0744 1A       		.uleb128 0x1a
 1074 0745 19       		.uleb128 0x19
 1075 0746 70723100 		.ascii	"pr1\000"
 1076 074a 29       		.byte	0x29
 1077 074b 53       		.byte	0x53
 1078 074c 03       		.byte	0x3
 1079 074d AB000000 		.4byte	0xab
 1080 0751 00       		.byte	0
 1081 0752 00       		.byte	0
 1082 0753 17       		.uleb128 0x17
 1083 0754 EC060000 		.4byte	.LASF130
ARM GAS  C:\Users\acest\AppData\Local\Temp\ccFJ3o58.s 			page 20


 1084 0758 29       		.byte	0x29
 1085 0759 3D       		.byte	0x3d
 1086 075a 14       		.byte	0x14
 1087 075b 17       		.uleb128 0x17
 1088 075c 1D080000 		.4byte	.LASF131
 1089 0760 29       		.byte	0x29
 1090 0761 37       		.byte	0x37
 1091 0762 14       		.byte	0x14
 1092 0763 1B       		.uleb128 0x1b
 1093 0764 02080000 		.4byte	.LASF145
 1094 0768 2A       		.byte	0x2a
 1095 0769 9703     		.2byte	0x397
 1096 076b 14       		.byte	0x14
 1097 076c 8B070000 		.4byte	0x78b
 1098 0770 1C       		.uleb128 0x1c
 1099 0771 74717000 		.ascii	"tqp\000"
 1100 0775 2A       		.byte	0x2a
 1101 0776 9703     		.2byte	0x397
 1102 0778 3B       		.byte	0x3b
 1103 0779 8B070000 		.4byte	0x78b
 1104 077d 1C       		.uleb128 0x1c
 1105 077e 6D736700 		.ascii	"msg\000"
 1106 0782 2A       		.byte	0x2a
 1107 0783 9703     		.2byte	0x397
 1108 0785 46       		.byte	0x46
 1109 0786 C1000000 		.4byte	0xc1
 1110 078a 00       		.byte	0
 1111 078b 09       		.uleb128 0x9
 1112 078c 04       		.byte	0x4
 1113 078d B8030000 		.4byte	0x3b8
 1114 0791 1D       		.uleb128 0x1d
 1115 0792 9E060000 		.4byte	.LASF132
 1116 0796 2A       		.byte	0x2a
 1117 0797 5E02     		.2byte	0x25e
 1118 0799 14       		.byte	0x14
 1119 079a 1D       		.uleb128 0x1d
 1120 079b 34020000 		.4byte	.LASF133
 1121 079f 2A       		.byte	0x2a
 1122 07a0 5302     		.2byte	0x253
 1123 07a2 14       		.byte	0x14
 1124 07a3 1D       		.uleb128 0x1d
 1125 07a4 E5050000 		.4byte	.LASF134
 1126 07a8 2B       		.byte	0x2b
 1127 07a9 D901     		.2byte	0x1d9
 1128 07ab 14       		.byte	0x14
 1129 07ac 1D       		.uleb128 0x1d
 1130 07ad F1070000 		.4byte	.LASF135
 1131 07b1 2B       		.byte	0x2b
 1132 07b2 C301     		.2byte	0x1c3
 1133 07b4 14       		.byte	0x14
 1134 07b5 1D       		.uleb128 0x1d
 1135 07b6 21070000 		.4byte	.LASF136
 1136 07ba 2C       		.byte	0x2c
 1137 07bb 3503     		.2byte	0x335
 1138 07bd 1B       		.byte	0x1b
 1139 07be 1D       		.uleb128 0x1d
 1140 07bf 9D020000 		.4byte	.LASF137
ARM GAS  C:\Users\acest\AppData\Local\Temp\ccFJ3o58.s 			page 21


 1141 07c3 2C       		.byte	0x2c
 1142 07c4 2A03     		.2byte	0x32a
 1143 07c6 1B       		.byte	0x1b
 1144 07c7 1D       		.uleb128 0x1d
 1145 07c8 95010000 		.4byte	.LASF138
 1146 07cc 2C       		.byte	0x2c
 1147 07cd 1F03     		.2byte	0x31f
 1148 07cf 1B       		.byte	0x1b
 1149 07d0 1D       		.uleb128 0x1d
 1150 07d1 B6000000 		.4byte	.LASF139
 1151 07d5 2C       		.byte	0x2c
 1152 07d6 0B03     		.2byte	0x30b
 1153 07d8 1B       		.byte	0x1b
 1154 07d9 1E       		.uleb128 0x1e
 1155 07da 40070000 		.4byte	.LASF146
 1156 07de 2E       		.byte	0x2e
 1157 07df EB01     		.2byte	0x1eb
 1158 07e1 1B       		.byte	0x1b
 1159 07e2 1F       		.uleb128 0x1f
 1160 07e3 84010000 		.4byte	.LASF140
 1161 07e7 2E       		.byte	0x2e
 1162 07e8 EB01     		.2byte	0x1eb
 1163 07ea 32       		.byte	0x32
 1164 07eb AB000000 		.4byte	0xab
 1165 07ef 00       		.byte	0
 1166 07f0 00       		.byte	0
 1167              		.section	.gnu.debuglto_.debug_abbrev,"e",%progbits
 1168              	.Ldebug_abbrev0:
 1169 0000 01       		.uleb128 0x1
 1170 0001 11       		.uleb128 0x11
 1171 0002 01       		.byte	0x1
 1172 0003 25       		.uleb128 0x25
 1173 0004 0E       		.uleb128 0xe
 1174 0005 13       		.uleb128 0x13
 1175 0006 0B       		.uleb128 0xb
 1176 0007 03       		.uleb128 0x3
 1177 0008 0E       		.uleb128 0xe
 1178 0009 1B       		.uleb128 0x1b
 1179 000a 0E       		.uleb128 0xe
 1180 000b 10       		.uleb128 0x10
 1181 000c 17       		.uleb128 0x17
 1182 000d 00       		.byte	0
 1183 000e 00       		.byte	0
 1184 000f 02       		.uleb128 0x2
 1185 0010 24       		.uleb128 0x24
 1186 0011 00       		.byte	0
 1187 0012 0B       		.uleb128 0xb
 1188 0013 0B       		.uleb128 0xb
 1189 0014 3E       		.uleb128 0x3e
 1190 0015 0B       		.uleb128 0xb
 1191 0016 03       		.uleb128 0x3
 1192 0017 08       		.uleb128 0x8
 1193 0018 00       		.byte	0
 1194 0019 00       		.byte	0
 1195 001a 03       		.uleb128 0x3
 1196 001b 24       		.uleb128 0x24
 1197 001c 00       		.byte	0
ARM GAS  C:\Users\acest\AppData\Local\Temp\ccFJ3o58.s 			page 22


 1198 001d 0B       		.uleb128 0xb
 1199 001e 0B       		.uleb128 0xb
 1200 001f 3E       		.uleb128 0x3e
 1201 0020 0B       		.uleb128 0xb
 1202 0021 03       		.uleb128 0x3
 1203 0022 0E       		.uleb128 0xe
 1204 0023 00       		.byte	0
 1205 0024 00       		.byte	0
 1206 0025 04       		.uleb128 0x4
 1207 0026 16       		.uleb128 0x16
 1208 0027 00       		.byte	0
 1209 0028 03       		.uleb128 0x3
 1210 0029 0E       		.uleb128 0xe
 1211 002a 3A       		.uleb128 0x3a
 1212 002b 0B       		.uleb128 0xb
 1213 002c 3B       		.uleb128 0x3b
 1214 002d 0B       		.uleb128 0xb
 1215 002e 39       		.uleb128 0x39
 1216 002f 0B       		.uleb128 0xb
 1217 0030 49       		.uleb128 0x49
 1218 0031 13       		.uleb128 0x13
 1219 0032 00       		.byte	0
 1220 0033 00       		.byte	0
 1221 0034 05       		.uleb128 0x5
 1222 0035 35       		.uleb128 0x35
 1223 0036 00       		.byte	0
 1224 0037 49       		.uleb128 0x49
 1225 0038 13       		.uleb128 0x13
 1226 0039 00       		.byte	0
 1227 003a 00       		.byte	0
 1228 003b 06       		.uleb128 0x6
 1229 003c 26       		.uleb128 0x26
 1230 003d 00       		.byte	0
 1231 003e 49       		.uleb128 0x49
 1232 003f 13       		.uleb128 0x13
 1233 0040 00       		.byte	0
 1234 0041 00       		.byte	0
 1235 0042 07       		.uleb128 0x7
 1236 0043 13       		.uleb128 0x13
 1237 0044 01       		.byte	0x1
 1238 0045 03       		.uleb128 0x3
 1239 0046 0E       		.uleb128 0xe
 1240 0047 0B       		.uleb128 0xb
 1241 0048 0B       		.uleb128 0xb
 1242 0049 3A       		.uleb128 0x3a
 1243 004a 0B       		.uleb128 0xb
 1244 004b 3B       		.uleb128 0x3b
 1245 004c 0B       		.uleb128 0xb
 1246 004d 39       		.uleb128 0x39
 1247 004e 0B       		.uleb128 0xb
 1248 004f 01       		.uleb128 0x1
 1249 0050 13       		.uleb128 0x13
 1250 0051 00       		.byte	0
 1251 0052 00       		.byte	0
 1252 0053 08       		.uleb128 0x8
 1253 0054 0D       		.uleb128 0xd
 1254 0055 00       		.byte	0
ARM GAS  C:\Users\acest\AppData\Local\Temp\ccFJ3o58.s 			page 23


 1255 0056 03       		.uleb128 0x3
 1256 0057 0E       		.uleb128 0xe
 1257 0058 3A       		.uleb128 0x3a
 1258 0059 0B       		.uleb128 0xb
 1259 005a 3B       		.uleb128 0x3b
 1260 005b 0B       		.uleb128 0xb
 1261 005c 39       		.uleb128 0x39
 1262 005d 0B       		.uleb128 0xb
 1263 005e 49       		.uleb128 0x49
 1264 005f 13       		.uleb128 0x13
 1265 0060 38       		.uleb128 0x38
 1266 0061 0B       		.uleb128 0xb
 1267 0062 00       		.byte	0
 1268 0063 00       		.byte	0
 1269 0064 09       		.uleb128 0x9
 1270 0065 0F       		.uleb128 0xf
 1271 0066 00       		.byte	0
 1272 0067 0B       		.uleb128 0xb
 1273 0068 0B       		.uleb128 0xb
 1274 0069 49       		.uleb128 0x49
 1275 006a 13       		.uleb128 0x13
 1276 006b 00       		.byte	0
 1277 006c 00       		.byte	0
 1278 006d 0A       		.uleb128 0xa
 1279 006e 13       		.uleb128 0x13
 1280 006f 01       		.byte	0x1
 1281 0070 0B       		.uleb128 0xb
 1282 0071 0B       		.uleb128 0xb
 1283 0072 3A       		.uleb128 0x3a
 1284 0073 0B       		.uleb128 0xb
 1285 0074 3B       		.uleb128 0x3b
 1286 0075 05       		.uleb128 0x5
 1287 0076 39       		.uleb128 0x39
 1288 0077 0B       		.uleb128 0xb
 1289 0078 01       		.uleb128 0x1
 1290 0079 13       		.uleb128 0x13
 1291 007a 00       		.byte	0
 1292 007b 00       		.byte	0
 1293 007c 0B       		.uleb128 0xb
 1294 007d 0D       		.uleb128 0xd
 1295 007e 00       		.byte	0
 1296 007f 03       		.uleb128 0x3
 1297 0080 0E       		.uleb128 0xe
 1298 0081 3A       		.uleb128 0x3a
 1299 0082 0B       		.uleb128 0xb
 1300 0083 3B       		.uleb128 0x3b
 1301 0084 05       		.uleb128 0x5
 1302 0085 39       		.uleb128 0x39
 1303 0086 0B       		.uleb128 0xb
 1304 0087 49       		.uleb128 0x49
 1305 0088 13       		.uleb128 0x13
 1306 0089 38       		.uleb128 0x38
 1307 008a 0B       		.uleb128 0xb
 1308 008b 00       		.byte	0
 1309 008c 00       		.byte	0
 1310 008d 0C       		.uleb128 0xc
 1311 008e 0D       		.uleb128 0xd
ARM GAS  C:\Users\acest\AppData\Local\Temp\ccFJ3o58.s 			page 24


 1312 008f 00       		.byte	0
 1313 0090 03       		.uleb128 0x3
 1314 0091 08       		.uleb128 0x8
 1315 0092 3A       		.uleb128 0x3a
 1316 0093 0B       		.uleb128 0xb
 1317 0094 3B       		.uleb128 0x3b
 1318 0095 05       		.uleb128 0x5
 1319 0096 39       		.uleb128 0x39
 1320 0097 0B       		.uleb128 0xb
 1321 0098 49       		.uleb128 0x49
 1322 0099 13       		.uleb128 0x13
 1323 009a 38       		.uleb128 0x38
 1324 009b 0B       		.uleb128 0xb
 1325 009c 00       		.byte	0
 1326 009d 00       		.byte	0
 1327 009e 0D       		.uleb128 0xd
 1328 009f 01       		.uleb128 0x1
 1329 00a0 01       		.byte	0x1
 1330 00a1 49       		.uleb128 0x49
 1331 00a2 13       		.uleb128 0x13
 1332 00a3 01       		.uleb128 0x1
 1333 00a4 13       		.uleb128 0x13
 1334 00a5 00       		.byte	0
 1335 00a6 00       		.byte	0
 1336 00a7 0E       		.uleb128 0xe
 1337 00a8 21       		.uleb128 0x21
 1338 00a9 00       		.byte	0
 1339 00aa 49       		.uleb128 0x49
 1340 00ab 13       		.uleb128 0x13
 1341 00ac 2F       		.uleb128 0x2f
 1342 00ad 0B       		.uleb128 0xb
 1343 00ae 00       		.byte	0
 1344 00af 00       		.byte	0
 1345 00b0 0F       		.uleb128 0xf
 1346 00b1 16       		.uleb128 0x16
 1347 00b2 00       		.byte	0
 1348 00b3 03       		.uleb128 0x3
 1349 00b4 0E       		.uleb128 0xe
 1350 00b5 3A       		.uleb128 0x3a
 1351 00b6 0B       		.uleb128 0xb
 1352 00b7 3B       		.uleb128 0x3b
 1353 00b8 05       		.uleb128 0x5
 1354 00b9 39       		.uleb128 0x39
 1355 00ba 0B       		.uleb128 0xb
 1356 00bb 49       		.uleb128 0x49
 1357 00bc 13       		.uleb128 0x13
 1358 00bd 00       		.byte	0
 1359 00be 00       		.byte	0
 1360 00bf 10       		.uleb128 0x10
 1361 00c0 0F       		.uleb128 0xf
 1362 00c1 00       		.byte	0
 1363 00c2 0B       		.uleb128 0xb
 1364 00c3 0B       		.uleb128 0xb
 1365 00c4 00       		.byte	0
 1366 00c5 00       		.byte	0
 1367 00c6 11       		.uleb128 0x11
 1368 00c7 15       		.uleb128 0x15
ARM GAS  C:\Users\acest\AppData\Local\Temp\ccFJ3o58.s 			page 25


 1369 00c8 01       		.byte	0x1
 1370 00c9 27       		.uleb128 0x27
 1371 00ca 19       		.uleb128 0x19
 1372 00cb 01       		.uleb128 0x1
 1373 00cc 13       		.uleb128 0x13
 1374 00cd 00       		.byte	0
 1375 00ce 00       		.byte	0
 1376 00cf 12       		.uleb128 0x12
 1377 00d0 05       		.uleb128 0x5
 1378 00d1 00       		.byte	0
 1379 00d2 49       		.uleb128 0x49
 1380 00d3 13       		.uleb128 0x13
 1381 00d4 00       		.byte	0
 1382 00d5 00       		.byte	0
 1383 00d6 13       		.uleb128 0x13
 1384 00d7 13       		.uleb128 0x13
 1385 00d8 01       		.byte	0x1
 1386 00d9 0B       		.uleb128 0xb
 1387 00da 0B       		.uleb128 0xb
 1388 00db 3A       		.uleb128 0x3a
 1389 00dc 0B       		.uleb128 0xb
 1390 00dd 3B       		.uleb128 0x3b
 1391 00de 0B       		.uleb128 0xb
 1392 00df 39       		.uleb128 0x39
 1393 00e0 0B       		.uleb128 0xb
 1394 00e1 01       		.uleb128 0x1
 1395 00e2 13       		.uleb128 0x13
 1396 00e3 00       		.byte	0
 1397 00e4 00       		.byte	0
 1398 00e5 14       		.uleb128 0x14
 1399 00e6 0D       		.uleb128 0xd
 1400 00e7 00       		.byte	0
 1401 00e8 03       		.uleb128 0x3
 1402 00e9 08       		.uleb128 0x8
 1403 00ea 3A       		.uleb128 0x3a
 1404 00eb 0B       		.uleb128 0xb
 1405 00ec 3B       		.uleb128 0x3b
 1406 00ed 0B       		.uleb128 0xb
 1407 00ee 39       		.uleb128 0x39
 1408 00ef 0B       		.uleb128 0xb
 1409 00f0 49       		.uleb128 0x49
 1410 00f1 13       		.uleb128 0x13
 1411 00f2 38       		.uleb128 0x38
 1412 00f3 0B       		.uleb128 0xb
 1413 00f4 00       		.byte	0
 1414 00f5 00       		.byte	0
 1415 00f6 15       		.uleb128 0x15
 1416 00f7 34       		.uleb128 0x34
 1417 00f8 00       		.byte	0
 1418 00f9 03       		.uleb128 0x3
 1419 00fa 0E       		.uleb128 0xe
 1420 00fb 3A       		.uleb128 0x3a
 1421 00fc 0B       		.uleb128 0xb
 1422 00fd 3B       		.uleb128 0x3b
 1423 00fe 05       		.uleb128 0x5
 1424 00ff 39       		.uleb128 0x39
 1425 0100 0B       		.uleb128 0xb
ARM GAS  C:\Users\acest\AppData\Local\Temp\ccFJ3o58.s 			page 26


 1426 0101 49       		.uleb128 0x49
 1427 0102 13       		.uleb128 0x13
 1428 0103 3F       		.uleb128 0x3f
 1429 0104 19       		.uleb128 0x19
 1430 0105 3C       		.uleb128 0x3c
 1431 0106 19       		.uleb128 0x19
 1432 0107 00       		.byte	0
 1433 0108 00       		.byte	0
 1434 0109 16       		.uleb128 0x16
 1435 010a 2E       		.uleb128 0x2e
 1436 010b 00       		.byte	0
 1437 010c 3F       		.uleb128 0x3f
 1438 010d 19       		.uleb128 0x19
 1439 010e 03       		.uleb128 0x3
 1440 010f 0E       		.uleb128 0xe
 1441 0110 3A       		.uleb128 0x3a
 1442 0111 0B       		.uleb128 0xb
 1443 0112 3B       		.uleb128 0x3b
 1444 0113 0B       		.uleb128 0xb
 1445 0114 39       		.uleb128 0x39
 1446 0115 0B       		.uleb128 0xb
 1447 0116 27       		.uleb128 0x27
 1448 0117 19       		.uleb128 0x19
 1449 0118 00       		.byte	0
 1450 0119 00       		.byte	0
 1451 011a 17       		.uleb128 0x17
 1452 011b 2E       		.uleb128 0x2e
 1453 011c 00       		.byte	0
 1454 011d 03       		.uleb128 0x3
 1455 011e 0E       		.uleb128 0xe
 1456 011f 3A       		.uleb128 0x3a
 1457 0120 0B       		.uleb128 0xb
 1458 0121 3B       		.uleb128 0x3b
 1459 0122 0B       		.uleb128 0xb
 1460 0123 39       		.uleb128 0x39
 1461 0124 0B       		.uleb128 0xb
 1462 0125 27       		.uleb128 0x27
 1463 0126 19       		.uleb128 0x19
 1464 0127 00       		.byte	0
 1465 0128 00       		.byte	0
 1466 0129 18       		.uleb128 0x18
 1467 012a 2E       		.uleb128 0x2e
 1468 012b 01       		.byte	0x1
 1469 012c 3F       		.uleb128 0x3f
 1470 012d 19       		.uleb128 0x19
 1471 012e 03       		.uleb128 0x3
 1472 012f 0E       		.uleb128 0xe
 1473 0130 3A       		.uleb128 0x3a
 1474 0131 0B       		.uleb128 0xb
 1475 0132 3B       		.uleb128 0x3b
 1476 0133 0B       		.uleb128 0xb
 1477 0134 39       		.uleb128 0x39
 1478 0135 0B       		.uleb128 0xb
 1479 0136 27       		.uleb128 0x27
 1480 0137 19       		.uleb128 0x19
 1481 0138 01       		.uleb128 0x1
 1482 0139 13       		.uleb128 0x13
ARM GAS  C:\Users\acest\AppData\Local\Temp\ccFJ3o58.s 			page 27


 1483 013a 00       		.byte	0
 1484 013b 00       		.byte	0
 1485 013c 19       		.uleb128 0x19
 1486 013d 34       		.uleb128 0x34
 1487 013e 00       		.byte	0
 1488 013f 03       		.uleb128 0x3
 1489 0140 08       		.uleb128 0x8
 1490 0141 3A       		.uleb128 0x3a
 1491 0142 0B       		.uleb128 0xb
 1492 0143 3B       		.uleb128 0x3b
 1493 0144 0B       		.uleb128 0xb
 1494 0145 39       		.uleb128 0x39
 1495 0146 0B       		.uleb128 0xb
 1496 0147 49       		.uleb128 0x49
 1497 0148 13       		.uleb128 0x13
 1498 0149 00       		.byte	0
 1499 014a 00       		.byte	0
 1500 014b 1A       		.uleb128 0x1a
 1501 014c 0B       		.uleb128 0xb
 1502 014d 01       		.byte	0x1
 1503 014e 00       		.byte	0
 1504 014f 00       		.byte	0
 1505 0150 1B       		.uleb128 0x1b
 1506 0151 2E       		.uleb128 0x2e
 1507 0152 01       		.byte	0x1
 1508 0153 03       		.uleb128 0x3
 1509 0154 0E       		.uleb128 0xe
 1510 0155 3A       		.uleb128 0x3a
 1511 0156 0B       		.uleb128 0xb
 1512 0157 3B       		.uleb128 0x3b
 1513 0158 05       		.uleb128 0x5
 1514 0159 39       		.uleb128 0x39
 1515 015a 0B       		.uleb128 0xb
 1516 015b 27       		.uleb128 0x27
 1517 015c 19       		.uleb128 0x19
 1518 015d 01       		.uleb128 0x1
 1519 015e 13       		.uleb128 0x13
 1520 015f 00       		.byte	0
 1521 0160 00       		.byte	0
 1522 0161 1C       		.uleb128 0x1c
 1523 0162 05       		.uleb128 0x5
 1524 0163 00       		.byte	0
 1525 0164 03       		.uleb128 0x3
 1526 0165 08       		.uleb128 0x8
 1527 0166 3A       		.uleb128 0x3a
 1528 0167 0B       		.uleb128 0xb
 1529 0168 3B       		.uleb128 0x3b
 1530 0169 05       		.uleb128 0x5
 1531 016a 39       		.uleb128 0x39
 1532 016b 0B       		.uleb128 0xb
 1533 016c 49       		.uleb128 0x49
 1534 016d 13       		.uleb128 0x13
 1535 016e 00       		.byte	0
 1536 016f 00       		.byte	0
 1537 0170 1D       		.uleb128 0x1d
 1538 0171 2E       		.uleb128 0x2e
 1539 0172 00       		.byte	0
ARM GAS  C:\Users\acest\AppData\Local\Temp\ccFJ3o58.s 			page 28


 1540 0173 03       		.uleb128 0x3
 1541 0174 0E       		.uleb128 0xe
 1542 0175 3A       		.uleb128 0x3a
 1543 0176 0B       		.uleb128 0xb
 1544 0177 3B       		.uleb128 0x3b
 1545 0178 05       		.uleb128 0x5
 1546 0179 39       		.uleb128 0x39
 1547 017a 0B       		.uleb128 0xb
 1548 017b 27       		.uleb128 0x27
 1549 017c 19       		.uleb128 0x19
 1550 017d 00       		.byte	0
 1551 017e 00       		.byte	0
 1552 017f 1E       		.uleb128 0x1e
 1553 0180 2E       		.uleb128 0x2e
 1554 0181 01       		.byte	0x1
 1555 0182 03       		.uleb128 0x3
 1556 0183 0E       		.uleb128 0xe
 1557 0184 3A       		.uleb128 0x3a
 1558 0185 0B       		.uleb128 0xb
 1559 0186 3B       		.uleb128 0x3b
 1560 0187 05       		.uleb128 0x5
 1561 0188 39       		.uleb128 0x39
 1562 0189 0B       		.uleb128 0xb
 1563 018a 27       		.uleb128 0x27
 1564 018b 19       		.uleb128 0x19
 1565 018c 00       		.byte	0
 1566 018d 00       		.byte	0
 1567 018e 1F       		.uleb128 0x1f
 1568 018f 05       		.uleb128 0x5
 1569 0190 00       		.byte	0
 1570 0191 03       		.uleb128 0x3
 1571 0192 0E       		.uleb128 0xe
 1572 0193 3A       		.uleb128 0x3a
 1573 0194 0B       		.uleb128 0xb
 1574 0195 3B       		.uleb128 0x3b
 1575 0196 05       		.uleb128 0x5
 1576 0197 39       		.uleb128 0x39
 1577 0198 0B       		.uleb128 0xb
 1578 0199 49       		.uleb128 0x49
 1579 019a 13       		.uleb128 0x13
 1580 019b 00       		.byte	0
 1581 019c 00       		.byte	0
 1582 019d 00       		.byte	0
 1583              		.section	.gnu.debuglto_.debug_line,"e",%progbits
 1584              	.Ldebug_line0:
 1585 0000 9D060000 		.4byte	.LELT0-.LSLT0
 1586              	.LSLT0:
 1587 0004 0400     		.2byte	0x4
 1588 0006 97060000 		.4byte	.LELTP0-.LASLTP0
 1589              	.LASLTP0:
 1590 000a 01       		.byte	0x1
 1591 000b 01       		.byte	0x1
 1592 000c 01       		.byte	0x1
 1593 000d F6       		.byte	0xf6
 1594 000e F2       		.byte	0xf2
 1595 000f 0D       		.byte	0xd
 1596 0010 00       		.byte	0
ARM GAS  C:\Users\acest\AppData\Local\Temp\ccFJ3o58.s 			page 29


 1597 0011 01       		.byte	0x1
 1598 0012 01       		.byte	0x1
 1599 0013 01       		.byte	0x1
 1600 0014 01       		.byte	0x1
 1601 0015 00       		.byte	0
 1602 0016 00       		.byte	0
 1603 0017 00       		.byte	0
 1604 0018 01       		.byte	0x1
 1605 0019 00       		.byte	0
 1606 001a 00       		.byte	0
 1607 001b 01       		.byte	0x1
 1608 001c 2E2E2F2E 		.ascii	"../../../../../ChibiStudio/chibios2111/os/hal/ports"
 1608      2E2F2E2E 
 1608      2F2E2E2F 
 1608      2E2E2F43 
 1608      68696269 
 1609 004f 2F53544D 		.ascii	"/STM32/STM32G4xx"
 1609      33322F53 
 1609      544D3332 
 1609      47347878 
 1610 005f 00       		.byte	0
 1611 0060 633A5C63 		.ascii	"c:\\chibistudio\\chibios2111\\os\\common\\ext\\arm\\"
 1611      68696269 
 1611      73747564 
 1611      696F5C63 
 1611      68696269 
 1612 008d 636D7369 		.ascii	"cmsis\\core\\include"
 1612      735C636F 
 1612      72655C69 
 1612      6E636C75 
 1612      6465
 1613 009f 00       		.byte	0
 1614 00a0 633A5C63 		.ascii	"c:\\chibistudio\\chibios2111\\os\\common\\ext\\st\\"
 1614      68696269 
 1614      73747564 
 1614      696F5C63 
 1614      68696269 
 1615 00cc 73746D33 		.ascii	"stm32g4xx"
 1615      32673478 
 1615      78
 1616 00d5 00       		.byte	0
 1617 00d6 633A5C63 		.ascii	"c:\\chibistudio\\chibios2111\\os\\common\\ports\\ar"
 1617      68696269 
 1617      73747564 
 1617      696F5C63 
 1617      68696269 
 1618 0103 6D76372D 		.ascii	"mv7-m-alt"
 1618      6D2D616C 
 1618      74
 1619 010c 00       		.byte	0
 1620 010d 633A5C63 		.ascii	"c:\\chibistudio\\chibios2111\\os\\hal\\include"
 1620      68696269 
 1620      73747564 
 1620      696F5C63 
 1620      68696269 
 1621 0136 00       		.byte	0
 1622 0137 633A5C63 		.ascii	"c:\\chibistudio\\chibios2111\\os\\hal\\osal\\rt-nil"
ARM GAS  C:\Users\acest\AppData\Local\Temp\ccFJ3o58.s 			page 30


 1622      68696269 
 1622      73747564 
 1622      696F5C63 
 1622      68696269 
 1623 0164 00       		.byte	0
 1624 0165 633A5C63 		.ascii	"c:\\chibistudio\\chibios2111\\os\\hal\\ports\\stm32"
 1624      68696269 
 1624      73747564 
 1624      696F5C63 
 1624      68696269 
 1625 0192 5C6C6C64 		.ascii	"\\lld\\extiv1"
 1625      5C657874 
 1625      697631
 1626 019d 00       		.byte	0
 1627 019e 633A5C63 		.ascii	"c:\\chibistudio\\chibios2111\\os\\hal\\ports\\stm32"
 1627      68696269 
 1627      73747564 
 1627      696F5C63 
 1627      68696269 
 1628 01cb 5C6C6C64 		.ascii	"\\lld\\fdcanv1"
 1628      5C666463 
 1628      616E7631 
 1629 01d7 00       		.byte	0
 1630 01d8 633A5C63 		.ascii	"c:\\chibistudio\\chibios2111\\os\\hal\\ports\\stm32"
 1630      68696269 
 1630      73747564 
 1630      696F5C63 
 1630      68696269 
 1631 0205 5C6C6C64 		.ascii	"\\lld\\gpiov2"
 1631      5C677069 
 1631      6F7632
 1632 0210 00       		.byte	0
 1633 0211 633A5C63 		.ascii	"c:\\chibistudio\\chibios2111\\os\\hal\\ports\\stm32"
 1633      68696269 
 1633      73747564 
 1633      696F5C63 
 1633      68696269 
 1634 023e 5C6C6C64 		.ascii	"\\lld\\timv1"
 1634      5C74696D 
 1634      7631
 1635 0248 00       		.byte	0
 1636 0249 633A5C63 		.ascii	"c:\\chibistudio\\chibios2111\\os\\hal\\ports\\stm32"
 1636      68696269 
 1636      73747564 
 1636      696F5C63 
 1636      68696269 
 1637 0276 5C6C6C64 		.ascii	"\\lld\\usart"
 1637      5C757361 
 1637      7274
 1638 0280 00       		.byte	0
 1639 0281 633A5C63 		.ascii	"c:\\chibistudio\\chibios2111\\os\\rt\\include"
 1639      68696269 
 1639      73747564 
 1639      696F5C63 
 1639      68696269 
 1640 02a9 00       		.byte	0
 1641 02aa 633A5C63 		.ascii	"c:\\chibistudio\\tools\\gnu tools arm embedded\\10."
ARM GAS  C:\Users\acest\AppData\Local\Temp\ccFJ3o58.s 			page 31


 1641      68696269 
 1641      73747564 
 1641      696F5C74 
 1641      6F6F6C73 
 1642 02d9 33203230 		.ascii	"3 2021.10\\arm-none-eabi\\include\\machine"
 1642      32312E31 
 1642      305C6172 
 1642      6D2D6E6F 
 1642      6E652D65 
 1643 0300 00       		.byte	0
 1644 0301 633A5C63 		.ascii	"c:\\chibistudio\\tools\\gnu tools arm embedded\\10."
 1644      68696269 
 1644      73747564 
 1644      696F5C74 
 1644      6F6F6C73 
 1645 0330 33203230 		.ascii	"3 2021.10\\arm-none-eabi\\include\\sys"
 1645      32312E31 
 1645      305C6172 
 1645      6D2D6E6F 
 1645      6E652D65 
 1646 0353 00       		.byte	0
 1647 0354 00       		.byte	0
 1648 0355 5F646566 		.ascii	"_default_types.h\000"
 1648      61756C74 
 1648      5F747970 
 1648      65732E68 
 1648      00
 1649 0366 0D       		.uleb128 0xd
 1650 0367 00       		.uleb128 0
 1651 0368 00       		.uleb128 0
 1652 0369 5F737464 		.ascii	"_stdint.h\000"
 1652      696E742E 
 1652      6800
 1653 0373 0E       		.uleb128 0xe
 1654 0374 00       		.uleb128 0
 1655 0375 00       		.uleb128 0
 1656 0376 63686561 		.ascii	"chearly.h\000"
 1656      726C792E 
 1656      6800
 1657 0380 0C       		.uleb128 0xc
 1658 0381 00       		.uleb128 0
 1659 0382 00       		.uleb128 0
 1660 0383 63686C69 		.ascii	"chlists.h\000"
 1660      7374732E 
 1660      6800
 1661 038d 0C       		.uleb128 0xc
 1662 038e 00       		.uleb128 0
 1663 038f 00       		.uleb128 0
 1664 0390 636F7265 		.ascii	"core_cm4.h\000"
 1664      5F636D34 
 1664      2E6800
 1665 039b 02       		.uleb128 0x2
 1666 039c 00       		.uleb128 0
 1667 039d 00       		.uleb128 0
 1668 039e 73746D33 		.ascii	"stm32g474xx.h\000"
 1668      32673437 
 1668      3478782E 
ARM GAS  C:\Users\acest\AppData\Local\Temp\ccFJ3o58.s 			page 32


 1668      6800
 1669 03ac 03       		.uleb128 0x3
 1670 03ad 00       		.uleb128 0
 1671 03ae 00       		.uleb128 0
 1672 03af 63686F62 		.ascii	"chobjects.h\000"
 1672      6A656374 
 1672      732E6800 
 1673 03bb 0C       		.uleb128 0xc
 1674 03bc 00       		.uleb128 0
 1675 03bd 00       		.uleb128 0
 1676 03be 68616C5F 		.ascii	"hal_pal.h\000"
 1676      70616C2E 
 1676      6800
 1677 03c8 05       		.uleb128 0x5
 1678 03c9 00       		.uleb128 0
 1679 03ca 00       		.uleb128 0
 1680 03cb 73746D33 		.ascii	"stm32_isr.c\000"
 1680      325F6973 
 1680      722E6300 
 1681 03d7 01       		.uleb128 0x1
 1682 03d8 00       		.uleb128 0
 1683 03d9 00       		.uleb128 0
 1684 03da 73746D33 		.ascii	"stm32_tim20.inc\000"
 1684      325F7469 
 1684      6D32302E 
 1684      696E6300 
 1685 03ea 0A       		.uleb128 0xa
 1686 03eb 00       		.uleb128 0
 1687 03ec 00       		.uleb128 0
 1688 03ed 73746D33 		.ascii	"stm32_tim8.inc\000"
 1688      325F7469 
 1688      6D382E69 
 1688      6E6300
 1689 03fc 0A       		.uleb128 0xa
 1690 03fd 00       		.uleb128 0
 1691 03fe 00       		.uleb128 0
 1692 03ff 73746D33 		.ascii	"stm32_tim7.inc\000"
 1692      325F7469 
 1692      6D372E69 
 1692      6E6300
 1693 040e 0A       		.uleb128 0xa
 1694 040f 00       		.uleb128 0
 1695 0410 00       		.uleb128 0
 1696 0411 73746D33 		.ascii	"stm32_tim6.inc\000"
 1696      325F7469 
 1696      6D362E69 
 1696      6E6300
 1697 0420 0A       		.uleb128 0xa
 1698 0421 00       		.uleb128 0
 1699 0422 00       		.uleb128 0
 1700 0423 73746D33 		.ascii	"stm32_tim5.inc\000"
 1700      325F7469 
 1700      6D352E69 
 1700      6E6300
 1701 0432 0A       		.uleb128 0xa
 1702 0433 00       		.uleb128 0
 1703 0434 00       		.uleb128 0
ARM GAS  C:\Users\acest\AppData\Local\Temp\ccFJ3o58.s 			page 33


 1704 0435 73746D33 		.ascii	"stm32_tim4.inc\000"
 1704      325F7469 
 1704      6D342E69 
 1704      6E6300
 1705 0444 0A       		.uleb128 0xa
 1706 0445 00       		.uleb128 0
 1707 0446 00       		.uleb128 0
 1708 0447 73746D33 		.ascii	"stm32_tim3.inc\000"
 1708      325F7469 
 1708      6D332E69 
 1708      6E6300
 1709 0456 0A       		.uleb128 0xa
 1710 0457 00       		.uleb128 0
 1711 0458 00       		.uleb128 0
 1712 0459 73746D33 		.ascii	"stm32_tim2.inc\000"
 1712      325F7469 
 1712      6D322E69 
 1712      6E6300
 1713 0468 0A       		.uleb128 0xa
 1714 0469 00       		.uleb128 0
 1715 046a 00       		.uleb128 0
 1716 046b 73746D33 		.ascii	"stm32_tim1_15_16_17.inc\000"
 1716      325F7469 
 1716      6D315F31 
 1716      355F3136 
 1716      5F31372E 
 1717 0483 0A       		.uleb128 0xa
 1718 0484 00       		.uleb128 0
 1719 0485 00       		.uleb128 0
 1720 0486 73746D33 		.ascii	"stm32_lpuart1.inc\000"
 1720      325F6C70 
 1720      75617274 
 1720      312E696E 
 1720      6300
 1721 0498 0B       		.uleb128 0xb
 1722 0499 00       		.uleb128 0
 1723 049a 00       		.uleb128 0
 1724 049b 73746D33 		.ascii	"stm32_uart5.inc\000"
 1724      325F7561 
 1724      7274352E 
 1724      696E6300 
 1725 04ab 0B       		.uleb128 0xb
 1726 04ac 00       		.uleb128 0
 1727 04ad 00       		.uleb128 0
 1728 04ae 73746D33 		.ascii	"stm32_uart4.inc\000"
 1728      325F7561 
 1728      7274342E 
 1728      696E6300 
 1729 04be 0B       		.uleb128 0xb
 1730 04bf 00       		.uleb128 0
 1731 04c0 00       		.uleb128 0
 1732 04c1 73746D33 		.ascii	"stm32_usart3.inc\000"
 1732      325F7573 
 1732      61727433 
 1732      2E696E63 
 1732      00
 1733 04d2 0B       		.uleb128 0xb
ARM GAS  C:\Users\acest\AppData\Local\Temp\ccFJ3o58.s 			page 34


 1734 04d3 00       		.uleb128 0
 1735 04d4 00       		.uleb128 0
 1736 04d5 73746D33 		.ascii	"stm32_usart2.inc\000"
 1736      325F7573 
 1736      61727432 
 1736      2E696E63 
 1736      00
 1737 04e6 0B       		.uleb128 0xb
 1738 04e7 00       		.uleb128 0
 1739 04e8 00       		.uleb128 0
 1740 04e9 73746D33 		.ascii	"stm32_usart1.inc\000"
 1740      325F7573 
 1740      61727431 
 1740      2E696E63 
 1740      00
 1741 04fa 0B       		.uleb128 0xb
 1742 04fb 00       		.uleb128 0
 1743 04fc 00       		.uleb128 0
 1744 04fd 73746D33 		.ascii	"stm32_fdcan3.inc\000"
 1744      325F6664 
 1744      63616E33 
 1744      2E696E63 
 1744      00
 1745 050e 08       		.uleb128 0x8
 1746 050f 00       		.uleb128 0
 1747 0510 00       		.uleb128 0
 1748 0511 73746D33 		.ascii	"stm32_fdcan2.inc\000"
 1748      325F6664 
 1748      63616E32 
 1748      2E696E63 
 1748      00
 1749 0522 08       		.uleb128 0x8
 1750 0523 00       		.uleb128 0
 1751 0524 00       		.uleb128 0
 1752 0525 73746D33 		.ascii	"stm32_fdcan1.inc\000"
 1752      325F6664 
 1752      63616E31 
 1752      2E696E63 
 1752      00
 1753 0536 08       		.uleb128 0x8
 1754 0537 00       		.uleb128 0
 1755 0538 00       		.uleb128 0
 1756 0539 73746D33 		.ascii	"stm32_exti33.inc\000"
 1756      325F6578 
 1756      74693333 
 1756      2E696E63 
 1756      00
 1757 054a 07       		.uleb128 0x7
 1758 054b 00       		.uleb128 0
 1759 054c 00       		.uleb128 0
 1760 054d 73746D33 		.ascii	"stm32_exti30_32.inc\000"
 1760      325F6578 
 1760      74693330 
 1760      5F33322E 
 1760      696E6300 
 1761 0561 07       		.uleb128 0x7
 1762 0562 00       		.uleb128 0
ARM GAS  C:\Users\acest\AppData\Local\Temp\ccFJ3o58.s 			page 35


 1763 0563 00       		.uleb128 0
 1764 0564 73746D33 		.ascii	"stm32_exti21_22-29.inc\000"
 1764      325F6578 
 1764      74693231 
 1764      5F32322D 
 1764      32392E69 
 1765 057b 07       		.uleb128 0x7
 1766 057c 00       		.uleb128 0
 1767 057d 00       		.uleb128 0
 1768 057e 73746D33 		.ascii	"stm32_exti19.inc\000"
 1768      325F6578 
 1768      74693139 
 1768      2E696E63 
 1768      00
 1769 058f 07       		.uleb128 0x7
 1770 0590 00       		.uleb128 0
 1771 0591 00       		.uleb128 0
 1772 0592 73746D33 		.ascii	"stm32_exti18.inc\000"
 1772      325F6578 
 1772      74693138 
 1772      2E696E63 
 1772      00
 1773 05a3 07       		.uleb128 0x7
 1774 05a4 00       		.uleb128 0
 1775 05a5 00       		.uleb128 0
 1776 05a6 73746D33 		.ascii	"stm32_exti17.inc\000"
 1776      325F6578 
 1776      74693137 
 1776      2E696E63 
 1776      00
 1777 05b7 07       		.uleb128 0x7
 1778 05b8 00       		.uleb128 0
 1779 05b9 00       		.uleb128 0
 1780 05ba 73746D33 		.ascii	"stm32_exti16-40_41.inc\000"
 1780      325F6578 
 1780      74693136 
 1780      2D34305F 
 1780      34312E69 
 1781 05d1 07       		.uleb128 0x7
 1782 05d2 00       		.uleb128 0
 1783 05d3 00       		.uleb128 0
 1784 05d4 73746D33 		.ascii	"stm32_exti10_15.inc\000"
 1784      325F6578 
 1784      74693130 
 1784      5F31352E 
 1784      696E6300 
 1785 05e8 07       		.uleb128 0x7
 1786 05e9 00       		.uleb128 0
 1787 05ea 00       		.uleb128 0
 1788 05eb 73746D33 		.ascii	"stm32_exti5_9.inc\000"
 1788      325F6578 
 1788      7469355F 
 1788      392E696E 
 1788      6300
 1789 05fd 07       		.uleb128 0x7
 1790 05fe 00       		.uleb128 0
 1791 05ff 00       		.uleb128 0
ARM GAS  C:\Users\acest\AppData\Local\Temp\ccFJ3o58.s 			page 36


 1792 0600 73746D33 		.ascii	"stm32_exti4.inc\000"
 1792      325F6578 
 1792      7469342E 
 1792      696E6300 
 1793 0610 07       		.uleb128 0x7
 1794 0611 00       		.uleb128 0
 1795 0612 00       		.uleb128 0
 1796 0613 73746D33 		.ascii	"stm32_exti3.inc\000"
 1796      325F6578 
 1796      7469332E 
 1796      696E6300 
 1797 0623 07       		.uleb128 0x7
 1798 0624 00       		.uleb128 0
 1799 0625 00       		.uleb128 0
 1800 0626 73746D33 		.ascii	"stm32_exti2.inc\000"
 1800      325F6578 
 1800      7469322E 
 1800      696E6300 
 1801 0636 07       		.uleb128 0x7
 1802 0637 00       		.uleb128 0
 1803 0638 00       		.uleb128 0
 1804 0639 73746D33 		.ascii	"stm32_exti1.inc\000"
 1804      325F6578 
 1804      7469312E 
 1804      696E6300 
 1805 0649 07       		.uleb128 0x7
 1806 064a 00       		.uleb128 0
 1807 064b 00       		.uleb128 0
 1808 064c 73746D33 		.ascii	"stm32_exti0.inc\000"
 1808      325F6578 
 1808      7469302E 
 1808      696E6300 
 1809 065c 07       		.uleb128 0x7
 1810 065d 00       		.uleb128 0
 1811 065e 00       		.uleb128 0
 1812 065f 6F73616C 		.ascii	"osal.h\000"
 1812      2E6800
 1813 0666 06       		.uleb128 0x6
 1814 0667 00       		.uleb128 0
 1815 0668 00       		.uleb128 0
 1816 0669 63687379 		.ascii	"chsys.h\000"
 1816      732E6800 
 1817 0671 0C       		.uleb128 0xc
 1818 0672 00       		.uleb128 0
 1819 0673 00       		.uleb128 0
 1820 0674 6368636F 		.ascii	"chcore.h\000"
 1820      72652E68 
 1820      00
 1821 067d 04       		.uleb128 0x4
 1822 067e 00       		.uleb128 0
 1823 067f 00       		.uleb128 0
 1824 0680 68616C5F 		.ascii	"hal_pal_lld.h\000"
 1824      70616C5F 
 1824      6C6C642E 
 1824      6800
 1825 068e 09       		.uleb128 0x9
 1826 068f 00       		.uleb128 0
ARM GAS  C:\Users\acest\AppData\Local\Temp\ccFJ3o58.s 			page 37


 1827 0690 00       		.uleb128 0
 1828 0691 636D7369 		.ascii	"cmsis_gcc.h\000"
 1828      735F6763 
 1828      632E6800 
 1829 069d 02       		.uleb128 0x2
 1830 069e 00       		.uleb128 0
 1831 069f 00       		.uleb128 0
 1832 06a0 00       		.byte	0
 1833              	.LELTP0:
 1834              	.LELT0:
 1835              		.section	.gnu.debuglto_.debug_str,"eMS",%progbits,1
 1836              	.LASF72:
 1837 0000 74696D33 		.ascii	"tim3_irq_deinit\000"
 1837      5F697271 
 1837      5F646569 
 1837      6E697400 
 1838              	.LASF84:
 1839 0010 75617274 		.ascii	"uart4_irq_init\000"
 1839      345F6972 
 1839      715F696E 
 1839      697400
 1840              	.LASF114:
 1841 001f 56656374 		.ascii	"Vector9C\000"
 1841      6F723943 
 1841      00
 1842              	.LASF81:
 1843 0028 75617274 		.ascii	"uart5_irq_deinit\000"
 1843      355F6972 
 1843      715F6465 
 1843      696E6974 
 1843      00
 1844              	.LASF77:
 1845 0039 74696D31 		.ascii	"tim1_tim15_tim16_tim17_irq_deinit\000"
 1845      5F74696D 
 1845      31355F74 
 1845      696D3136 
 1845      5F74696D 
 1846              	.LASF125:
 1847 005b 65787469 		.ascii	"exti2_irq_init\000"
 1847      325F6972 
 1847      715F696E 
 1847      697400
 1848              	.LASF107:
 1849 006a 65787469 		.ascii	"exti17_irq_deinit\000"
 1849      31375F69 
 1849      72715F64 
 1849      65696E69 
 1849      7400
 1850              	.LASF93:
 1851 007c 66646361 		.ascii	"fdcan2_irq_deinit\000"
 1851      6E325F69 
 1851      72715F64 
 1851      65696E69 
 1851      7400
 1852              	.LASF16:
 1853 008e 6D73675F 		.ascii	"msg_t\000"
 1853      7400
ARM GAS  C:\Users\acest\AppData\Local\Temp\ccFJ3o58.s 			page 38


 1854              	.LASF20:
 1855 0094 70726576 		.ascii	"prev\000"
 1855      00
 1856              	.LASF51:
 1857 0099 63685F74 		.ascii	"ch_threads_queue\000"
 1857      68726561 
 1857      64735F71 
 1857      75657565 
 1857      00
 1858              	.LASF40:
 1859 00aa 46545352 		.ascii	"FTSR1\000"
 1859      3100
 1860              	.LASF47:
 1861 00b0 46545352 		.ascii	"FTSR2\000"
 1861      3200
 1862              	.LASF139:
 1863 00b6 706F7274 		.ascii	"port_lock\000"
 1863      5F6C6F63 
 1863      6B00
 1864              	.LASF12:
 1865 00c0 6C6F6E67 		.ascii	"long long unsigned int\000"
 1865      206C6F6E 
 1865      6720756E 
 1865      7369676E 
 1865      65642069 
 1866              	.LASF117:
 1867 00d7 56656374 		.ascii	"Vector68\000"
 1867      6F723638 
 1867      00
 1868              	.LASF66:
 1869 00e0 74696D36 		.ascii	"tim6_irq_deinit\000"
 1869      5F697271 
 1869      5F646569 
 1869      6E697400 
 1870              	.LASF21:
 1871 00f0 43505549 		.ascii	"CPUID\000"
 1871      4400
 1872              	.LASF92:
 1873 00f6 66646361 		.ascii	"fdcan3_irq_init\000"
 1873      6E335F69 
 1873      72715F69 
 1873      6E697400 
 1874              	.LASF41:
 1875 0106 53574945 		.ascii	"SWIER1\000"
 1875      523100
 1876              	.LASF48:
 1877 010d 53574945 		.ascii	"SWIER2\000"
 1877      523200
 1878              	.LASF102:
 1879 0114 65787469 		.ascii	"exti21_exti22_exti29_irq_init\000"
 1879      32315F65 
 1879      78746932 
 1879      325F6578 
 1879      74693239 
 1880              	.LASF6:
 1881 0132 73686F72 		.ascii	"short unsigned int\000"
 1881      7420756E 
ARM GAS  C:\Users\acest\AppData\Local\Temp\ccFJ3o58.s 			page 39


 1881      7369676E 
 1881      65642069 
 1881      6E7400
 1882              	.LASF108:
 1883 0145 65787469 		.ascii	"exti17_irq_init\000"
 1883      31375F69 
 1883      72715F69 
 1883      6E697400 
 1884              	.LASF1:
 1885 0155 6C6F6E67 		.ascii	"long long int\000"
 1885      206C6F6E 
 1885      6720696E 
 1885      7400
 1886              	.LASF3:
 1887 0163 7369676E 		.ascii	"signed char\000"
 1887      65642063 
 1887      68617200 
 1888              	.LASF104:
 1889 016f 65787469 		.ascii	"exti19_irq_init\000"
 1889      31395F69 
 1889      72715F69 
 1889      6E697400 
 1890              	.LASF33:
 1891 017f 49534152 		.ascii	"ISAR\000"
 1891      00
 1892              	.LASF140:
 1893 0184 62617365 		.ascii	"basePri\000"
 1893      50726900 
 1894              	.LASF74:
 1895 018c 56656374 		.ascii	"VectorB0\000"
 1895      6F724230 
 1895      00
 1896              	.LASF138:
 1897 0195 706F7274 		.ascii	"port_unlock\000"
 1897      5F756E6C 
 1897      6F636B00 
 1898              	.LASF124:
 1899 01a1 65787469 		.ascii	"exti2_irq_deinit\000"
 1899      325F6972 
 1899      715F6465 
 1899      696E6974 
 1899      00
 1900              	.LASF9:
 1901 01b2 6C6F6E67 		.ascii	"long int\000"
 1901      20696E74 
 1901      00
 1902              	.LASF79:
 1903 01bb 6C707561 		.ascii	"lpuart1_irq_deinit\000"
 1903      7274315F 
 1903      6972715F 
 1903      6465696E 
 1903      697400
 1904              	.LASF50:
 1905 01ce 63685F71 		.ascii	"ch_queue\000"
 1905      75657565 
 1905      00
 1906              	.LASF52:
ARM GAS  C:\Users\acest\AppData\Local\Temp\ccFJ3o58.s 			page 40


 1907 01d7 71756575 		.ascii	"queue\000"
 1907      6500
 1908              	.LASF143:
 1909 01dd 433A5C55 		.ascii	"C:\\Users\\acest\\Desktop\\R.A.C.E\\race_project\000"
 1909      73657273 
 1909      5C616365 
 1909      73745C44 
 1909      65736B74 
 1910              	.LASF30:
 1911 0209 42464152 		.ascii	"BFAR\000"
 1911      00
 1912              	.LASF87:
 1913 020e 75736172 		.ascii	"usart2_irq_deinit\000"
 1913      74325F69 
 1913      72715F64 
 1913      65696E69 
 1913      7400
 1914              	.LASF10:
 1915 0220 5F5F7569 		.ascii	"__uint32_t\000"
 1915      6E743332 
 1915      5F7400
 1916              	.LASF36:
 1917 022b 5343425F 		.ascii	"SCB_Type\000"
 1917      54797065 
 1917      00
 1918              	.LASF133:
 1919 0234 6F73616C 		.ascii	"osalSysLockFromISR\000"
 1919      5379734C 
 1919      6F636B46 
 1919      726F6D49 
 1919      535200
 1920              	.LASF58:
 1921 0247 69727144 		.ascii	"irqDeinit\000"
 1921      65696E69 
 1921      7400
 1922              	.LASF109:
 1923 0251 65787469 		.ascii	"exti16_exti40_exti41_irq_deinit\000"
 1923      31365F65 
 1923      78746934 
 1923      305F6578 
 1923      74693431 
 1924              	.LASF98:
 1925 0271 65787469 		.ascii	"exti33_irq_init\000"
 1925      33335F69 
 1925      72715F69 
 1925      6E697400 
 1926              	.LASF55:
 1927 0281 70616C63 		.ascii	"palcallback_t\000"
 1927      616C6C62 
 1927      61636B5F 
 1927      7400
 1928              	.LASF73:
 1929 028f 74696D33 		.ascii	"tim3_irq_init\000"
 1929      5F697271 
 1929      5F696E69 
 1929      7400
 1930              	.LASF137:
ARM GAS  C:\Users\acest\AppData\Local\Temp\ccFJ3o58.s 			page 41


 1931 029d 706F7274 		.ascii	"port_lock_from_isr\000"
 1931      5F6C6F63 
 1931      6B5F6672 
 1931      6F6D5F69 
 1931      737200
 1932              	.LASF110:
 1933 02b0 65787469 		.ascii	"exti16_exti40_exti41_irq_init\000"
 1933      31365F65 
 1933      78746934 
 1933      305F6578 
 1933      74693431 
 1934              	.LASF11:
 1935 02ce 6C6F6E67 		.ascii	"long unsigned int\000"
 1935      20756E73 
 1935      69676E65 
 1935      6420696E 
 1935      7400
 1936              	.LASF18:
 1937 02e0 63685F71 		.ascii	"ch_queue_t\000"
 1937      75657565 
 1937      5F7400
 1938              	.LASF106:
 1939 02eb 65787469 		.ascii	"exti18_irq_init\000"
 1939      31385F69 
 1939      72715F69 
 1939      6E697400 
 1940              	.LASF141:
 1941 02fb 474E5520 		.ascii	"GNU C17 10.3.1 20210824 (release) -mcpu=cortex-m4 -"
 1941      43313720 
 1941      31302E33 
 1941      2E312032 
 1941      30323130 
 1942 032e 6D746875 		.ascii	"mthumb -mfloat-abi=soft -march=armv7e-m -ggdb -O2 -"
 1942      6D62202D 
 1942      6D666C6F 
 1942      61742D61 
 1942      62693D73 
 1943 0361 666F6D69 		.ascii	"fomit-frame-pointer -falign-functions=16 -ffunction"
 1943      742D6672 
 1943      616D652D 
 1943      706F696E 
 1943      74657220 
 1944 0394 2D736563 		.ascii	"-sections -fdata-sections -fno-common -flto\000"
 1944      74696F6E 
 1944      73202D66 
 1944      64617461 
 1944      2D736563 
 1945              	.LASF23:
 1946 03c0 56544F52 		.ascii	"VTOR\000"
 1946      00
 1947              	.LASF70:
 1948 03c5 74696D34 		.ascii	"tim4_irq_deinit\000"
 1948      5F697271 
 1948      5F646569 
 1948      6E697400 
 1949              	.LASF60:
 1950 03d5 74696D32 		.ascii	"tim20_irq_deinit\000"
ARM GAS  C:\Users\acest\AppData\Local\Temp\ccFJ3o58.s 			page 42


 1950      305F6972 
 1950      715F6465 
 1950      696E6974 
 1950      00
 1951              	.LASF29:
 1952 03e6 4D4D4641 		.ascii	"MMFAR\000"
 1952      5200
 1953              	.LASF37:
 1954 03ec 494D5231 		.ascii	"IMR1\000"
 1954      00
 1955              	.LASF44:
 1956 03f1 494D5232 		.ascii	"IMR2\000"
 1956      00
 1957              	.LASF22:
 1958 03f6 49435352 		.ascii	"ICSR\000"
 1958      00
 1959              	.LASF144:
 1960 03fb 5F70616C 		.ascii	"_pal_events\000"
 1960      5F657665 
 1960      6E747300 
 1961              	.LASF105:
 1962 0407 65787469 		.ascii	"exti18_irq_deinit\000"
 1962      31385F69 
 1962      72715F64 
 1962      65696E69 
 1962      7400
 1963              	.LASF24:
 1964 0419 41495243 		.ascii	"AIRCR\000"
 1964      5200
 1965              	.LASF67:
 1966 041f 74696D36 		.ascii	"tim6_irq_init\000"
 1966      5F697271 
 1966      5F696E69 
 1966      7400
 1967              	.LASF91:
 1968 042d 66646361 		.ascii	"fdcan3_irq_deinit\000"
 1968      6E335F69 
 1968      72715F64 
 1968      65696E69 
 1968      7400
 1969              	.LASF115:
 1970 043f 65787469 		.ascii	"exti5_9_irq_deinit\000"
 1970      355F395F 
 1970      6972715F 
 1970      6465696E 
 1970      697400
 1971              	.LASF57:
 1972 0452 70616C65 		.ascii	"palevent_t\000"
 1972      76656E74 
 1972      5F7400
 1973              	.LASF32:
 1974 045d 4D4D4652 		.ascii	"MMFR\000"
 1974      00
 1975              	.LASF100:
 1976 0462 65787469 		.ascii	"exti30_32_irq_init\000"
 1976      33305F33 
 1976      325F6972 
ARM GAS  C:\Users\acest\AppData\Local\Temp\ccFJ3o58.s 			page 43


 1976      715F696E 
 1976      697400
 1977              	.LASF64:
 1978 0475 74696D37 		.ascii	"tim7_irq_deinit\000"
 1978      5F697271 
 1978      5F646569 
 1978      6E697400 
 1979              	.LASF129:
 1980 0485 56656374 		.ascii	"Vector58\000"
 1980      6F723538 
 1980      00
 1981              	.LASF61:
 1982 048e 74696D32 		.ascii	"tim20_irq_init\000"
 1982      305F6972 
 1982      715F696E 
 1982      697400
 1983              	.LASF90:
 1984 049d 75736172 		.ascii	"usart1_irq_init\000"
 1984      74315F69 
 1984      72715F69 
 1984      6E697400 
 1985              	.LASF88:
 1986 04ad 75736172 		.ascii	"usart2_irq_init\000"
 1986      74325F69 
 1986      72715F69 
 1986      6E697400 
 1987              	.LASF86:
 1988 04bd 75736172 		.ascii	"usart3_irq_init\000"
 1988      74335F69 
 1988      72715F69 
 1988      6E697400 
 1989              	.LASF126:
 1990 04cd 56656374 		.ascii	"Vector5C\000"
 1990      6F723543 
 1990      00
 1991              	.LASF78:
 1992 04d6 74696D31 		.ascii	"tim1_tim15_tim16_tim17_irq_init\000"
 1992      5F74696D 
 1992      31355F74 
 1992      696D3136 
 1992      5F74696D 
 1993              	.LASF26:
 1994 04f6 43465352 		.ascii	"CFSR\000"
 1994      00
 1995              	.LASF62:
 1996 04fb 74696D38 		.ascii	"tim8_irq_deinit\000"
 1996      5F697271 
 1996      5F646569 
 1996      6E697400 
 1997              	.LASF121:
 1998 050b 65787469 		.ascii	"exti3_irq_deinit\000"
 1998      335F6972 
 1998      715F6465 
 1998      696E6974 
 1998      00
 1999              	.LASF80:
 2000 051c 6C707561 		.ascii	"lpuart1_irq_init\000"
ARM GAS  C:\Users\acest\AppData\Local\Temp\ccFJ3o58.s 			page 44


 2000      7274315F 
 2000      6972715F 
 2000      696E6974 
 2000      00
 2001              	.LASF113:
 2002 052d 56656374 		.ascii	"VectorE0\000"
 2002      6F724530 
 2002      00
 2003              	.LASF123:
 2004 0536 56656374 		.ascii	"Vector60\000"
 2004      6F723630 
 2004      00
 2005              	.LASF59:
 2006 053f 69727149 		.ascii	"irqInit\000"
 2006      6E697400 
 2007              	.LASF76:
 2008 0547 74696D32 		.ascii	"tim2_irq_init\000"
 2008      5F697271 
 2008      5F696E69 
 2008      7400
 2009              	.LASF82:
 2010 0555 75617274 		.ascii	"uart5_irq_init\000"
 2010      355F6972 
 2010      715F696E 
 2010      697400
 2011              	.LASF120:
 2012 0564 56656374 		.ascii	"Vector64\000"
 2012      6F723634 
 2012      00
 2013              	.LASF71:
 2014 056d 74696D34 		.ascii	"tim4_irq_init\000"
 2014      5F697271 
 2014      5F696E69 
 2014      7400
 2015              	.LASF34:
 2016 057b 52455345 		.ascii	"RESERVED0\000"
 2016      52564544 
 2016      3000
 2017              	.LASF69:
 2018 0585 74696D35 		.ascii	"tim5_irq_init\000"
 2018      5F697271 
 2018      5F696E69 
 2018      7400
 2019              	.LASF43:
 2020 0593 52455345 		.ascii	"RESERVED2\000"
 2020      52564544 
 2020      3200
 2021              	.LASF39:
 2022 059d 52545352 		.ascii	"RTSR1\000"
 2022      3100
 2023              	.LASF46:
 2024 05a3 52545352 		.ascii	"RTSR2\000"
 2024      3200
 2025              	.LASF65:
 2026 05a9 74696D37 		.ascii	"tim7_irq_init\000"
 2026      5F697271 
 2026      5F696E69 
ARM GAS  C:\Users\acest\AppData\Local\Temp\ccFJ3o58.s 			page 45


 2026      7400
 2027              	.LASF96:
 2028 05b7 66646361 		.ascii	"fdcan1_irq_init\000"
 2028      6E315F69 
 2028      72715F69 
 2028      6E697400 
 2029              	.LASF63:
 2030 05c7 74696D38 		.ascii	"tim8_irq_init\000"
 2030      5F697271 
 2030      5F696E69 
 2030      7400
 2031              	.LASF94:
 2032 05d5 66646361 		.ascii	"fdcan2_irq_init\000"
 2032      6E325F69 
 2032      72715F69 
 2032      6E697400 
 2033              	.LASF134:
 2034 05e5 63685379 		.ascii	"chSysUnlockFromISR\000"
 2034      73556E6C 
 2034      6F636B46 
 2034      726F6D49 
 2034      535200
 2035              	.LASF85:
 2036 05f8 75736172 		.ascii	"usart3_irq_deinit\000"
 2036      74335F69 
 2036      72715F64 
 2036      65696E69 
 2036      7400
 2037              	.LASF54:
 2038 060a 5F426F6F 		.ascii	"_Bool\000"
 2038      6C00
 2039              	.LASF14:
 2040 0610 696E7433 		.ascii	"int32_t\000"
 2040      325F7400 
 2041              	.LASF4:
 2042 0618 756E7369 		.ascii	"unsigned char\000"
 2042      676E6564 
 2042      20636861 
 2042      7200
 2043              	.LASF25:
 2044 0626 53484353 		.ascii	"SHCSR\000"
 2044      5200
 2045              	.LASF83:
 2046 062c 75617274 		.ascii	"uart4_irq_deinit\000"
 2046      345F6972 
 2046      715F6465 
 2046      696E6974 
 2046      00
 2047              	.LASF5:
 2048 063d 73686F72 		.ascii	"short int\000"
 2048      7420696E 
 2048      7400
 2049              	.LASF56:
 2050 0647 74687265 		.ascii	"threads\000"
 2050      61647300 
 2051              	.LASF97:
 2052 064f 65787469 		.ascii	"exti33_irq_deinit\000"
ARM GAS  C:\Users\acest\AppData\Local\Temp\ccFJ3o58.s 			page 46


 2052      33335F69 
 2052      72715F64 
 2052      65696E69 
 2052      7400
 2053              	.LASF95:
 2054 0661 66646361 		.ascii	"fdcan1_irq_deinit\000"
 2054      6E315F69 
 2054      72715F64 
 2054      65696E69 
 2054      7400
 2055              	.LASF116:
 2056 0673 65787469 		.ascii	"exti5_9_irq_init\000"
 2056      355F395F 
 2056      6972715F 
 2056      696E6974 
 2056      00
 2057              	.LASF68:
 2058 0684 74696D35 		.ascii	"tim5_irq_deinit\000"
 2058      5F697271 
 2058      5F646569 
 2058      6E697400 
 2059              	.LASF42:
 2060 0694 52455345 		.ascii	"RESERVED1\000"
 2060      52564544 
 2060      3100
 2061              	.LASF132:
 2062 069e 6F73616C 		.ascii	"osalSysUnlockFromISR\000"
 2062      53797355 
 2062      6E6C6F63 
 2062      6B46726F 
 2062      6D495352 
 2063              	.LASF15:
 2064 06b3 75696E74 		.ascii	"uint32_t\000"
 2064      33325F74 
 2064      00
 2065              	.LASF31:
 2066 06bc 41465352 		.ascii	"AFSR\000"
 2066      00
 2067              	.LASF7:
 2068 06c1 5F5F7569 		.ascii	"__uint8_t\000"
 2068      6E74385F 
 2068      7400
 2069              	.LASF99:
 2070 06cb 65787469 		.ascii	"exti30_32_irq_deinit\000"
 2070      33305F33 
 2070      325F6972 
 2070      715F6465 
 2070      696E6974 
 2071              	.LASF2:
 2072 06e0 6C6F6E67 		.ascii	"long double\000"
 2072      20646F75 
 2072      626C6500 
 2073              	.LASF130:
 2074 06ec 65787469 		.ascii	"exti0_irq_deinit\000"
 2074      305F6972 
 2074      715F6465 
 2074      696E6974 
ARM GAS  C:\Users\acest\AppData\Local\Temp\ccFJ3o58.s 			page 47


 2074      00
 2075              	.LASF17:
 2076 06fd 63686172 		.ascii	"char\000"
 2076      00
 2077              	.LASF0:
 2078 0702 756E7369 		.ascii	"unsigned int\000"
 2078      676E6564 
 2078      20696E74 
 2078      00
 2079              	.LASF103:
 2080 070f 65787469 		.ascii	"exti19_irq_deinit\000"
 2080      31395F69 
 2080      72715F64 
 2080      65696E69 
 2080      7400
 2081              	.LASF136:
 2082 0721 706F7274 		.ascii	"port_unlock_from_isr\000"
 2082      5F756E6C 
 2082      6F636B5F 
 2082      66726F6D 
 2082      5F697372 
 2083              	.LASF8:
 2084 0736 5F5F696E 		.ascii	"__int32_t\000"
 2084      7433325F 
 2084      7400
 2085              	.LASF146:
 2086 0740 5F5F7365 		.ascii	"__set_BASEPRI\000"
 2086      745F4241 
 2086      53455052 
 2086      4900
 2087              	.LASF111:
 2088 074e 65787469 		.ascii	"exti10_15_irq_deinit\000"
 2088      31305F31 
 2088      355F6972 
 2088      715F6465 
 2088      696E6974 
 2089              	.LASF101:
 2090 0763 65787469 		.ascii	"exti21_exti22_exti29_irq_deinit\000"
 2090      32315F65 
 2090      78746932 
 2090      325F6578 
 2090      74693239 
 2091              	.LASF28:
 2092 0783 44465352 		.ascii	"DFSR\000"
 2092      00
 2093              	.LASF127:
 2094 0788 65787469 		.ascii	"exti1_irq_deinit\000"
 2094      315F6972 
 2094      715F6465 
 2094      696E6974 
 2094      00
 2095              	.LASF38:
 2096 0799 454D5231 		.ascii	"EMR1\000"
 2096      00
 2097              	.LASF45:
 2098 079e 454D5232 		.ascii	"EMR2\000"
 2098      00
ARM GAS  C:\Users\acest\AppData\Local\Temp\ccFJ3o58.s 			page 48


 2099              	.LASF53:
 2100 07a3 74687265 		.ascii	"threads_queue_t\000"
 2100      6164735F 
 2100      71756575 
 2100      655F7400 
 2101              	.LASF112:
 2102 07b3 65787469 		.ascii	"exti10_15_irq_init\000"
 2102      31305F31 
 2102      355F6972 
 2102      715F696E 
 2102      697400
 2103              	.LASF13:
 2104 07c6 75696E74 		.ascii	"uint8_t\000"
 2104      385F7400 
 2105              	.LASF89:
 2106 07ce 75736172 		.ascii	"usart1_irq_deinit\000"
 2106      74315F69 
 2106      72715F64 
 2106      65696E69 
 2106      7400
 2107              	.LASF118:
 2108 07e0 65787469 		.ascii	"exti4_irq_deinit\000"
 2108      345F6972 
 2108      715F6465 
 2108      696E6974 
 2108      00
 2109              	.LASF135:
 2110 07f1 63685379 		.ascii	"chSysLockFromISR\000"
 2110      734C6F63 
 2110      6B46726F 
 2110      6D495352 
 2110      00
 2111              	.LASF145:
 2112 0802 6F73616C 		.ascii	"osalThreadDequeueAllI\000"
 2112      54687265 
 2112      61644465 
 2112      71756575 
 2112      65416C6C 
 2113              	.LASF19:
 2114 0818 6E657874 		.ascii	"next\000"
 2114      00
 2115              	.LASF131:
 2116 081d 65787469 		.ascii	"exti0_irq_init\000"
 2116      305F6972 
 2116      715F696E 
 2116      697400
 2117              	.LASF75:
 2118 082c 74696D32 		.ascii	"tim2_irq_deinit\000"
 2118      5F697271 
 2118      5F646569 
 2118      6E697400 
 2119              	.LASF128:
 2120 083c 65787469 		.ascii	"exti1_irq_init\000"
 2120      315F6972 
 2120      715F696E 
 2120      697400
 2121              	.LASF49:
ARM GAS  C:\Users\acest\AppData\Local\Temp\ccFJ3o58.s 			page 49


 2122 084b 45585449 		.ascii	"EXTI_TypeDef\000"
 2122      5F547970 
 2122      65446566 
 2122      00
 2123              	.LASF122:
 2124 0858 65787469 		.ascii	"exti3_irq_init\000"
 2124      335F6972 
 2124      715F696E 
 2124      697400
 2125              	.LASF142:
 2126 0867 2E2E2F2E 		.ascii	"../../../../../ChibiStudio/chibios2111/os/hal/ports"
 2126      2E2F2E2E 
 2126      2F2E2E2F 
 2126      2E2E2F43 
 2126      68696269 
 2127 089a 2F53544D 		.ascii	"/STM32/STM32G4xx/stm32_isr.c\000"
 2127      33322F53 
 2127      544D3332 
 2127      47347878 
 2127      2F73746D 
 2128              	.LASF119:
 2129 08b7 65787469 		.ascii	"exti4_irq_init\000"
 2129      345F6972 
 2129      715F696E 
 2129      697400
 2130              	.LASF35:
 2131 08c6 43504143 		.ascii	"CPACR\000"
 2131      5200
 2132              	.LASF27:
 2133 08cc 48465352 		.ascii	"HFSR\000"
 2133      00
 2134              		.text
 2135              		.section	.gnu.lto_.profile.b3bfdeff,"e",%progbits
 2136 0000 789C9364 		.ascii	"x\234\223d\000\002v\006\006&\006f\006\026\006V\0066"
 2136      00027606 
 2136      06260666 
 2136      06160656 
 2136      0636
 2137 0012 06A80008 		.ascii	"\006\250\000\010\000\000\005\013\000<"
 2137      0000050B 
 2137      003C
 2138              		.text
 2139              		.section	.gnu.lto_.icf.b3bfdeff,"e",%progbits
 2140 0000 789CB365 		.ascii	"x\234\263e@\000.\206\207\277\332Y\231~\277i~\310\311"
 2140      40002E86 
 2140      87BFDA59 
 2140      997EBF69 
 2140      7EC8C9
 2141 0013 FC6EDDF5 		.ascii	"\374n\335\365V~\226\345\317^-\346d]\261c\325\012n\266"
 2141      567E96E5 
 2141      CF5E2DE6 
 2141      645DB163 
 2141      D50A6EB6 
 2142 0027 134B66DF 		.ascii	"\023Kf\337cb?:s\325T\026\216\303\363\226\254\344\342"
 2142      63623F3A 
 2142      73D55416 
 2142      8EC3F396 
ARM GAS  C:\Users\acest\AppData\Local\Temp\ccFJ3o58.s 			page 50


 2142      ACE4E2
 2143 003a 5CF6F6E6 		.ascii	"\\\366\366\346\032F\256I\247\236\355ff\000\000\247\023"
 2143      1A46AE49 
 2143      A79EED66 
 2143      660000A7 
 2143      13
 2144 004b 1D79     		.ascii	"\035y"
 2145              		.text
 2146              		.section	.gnu.lto_.ipa_sra.b3bfdeff,"e",%progbits
 2147 0000 789C6B62 		.ascii	"x\234kb@\000.\006\006F\020d\202P\314\020\212\005B\261"
 2147      40002E06 
 2147      06461064 
 2147      8250CC10 
 2147      8A0542B1 
 2148 0014 42283608 		.ascii	"B(6\010\205\016\331\261\013\203 \007\210\340\304\024"
 2148      850ED9B1 
 2148      0B832007 
 2148      88E0C414 
 2149 0024 E7C2A218 		.ascii	"\347\302\242\030\000i\375\000\376"
 2149      0069FD00 
 2149      FE
 2150              		.text
 2151              		.section	.gnu.lto_.inline.b3bfdeff,"e",%progbits
 2152 0000 789CBBC6 		.ascii	"x\234\273\306\304\000\007\\\014\014b/\316\314|\316\224"
 2152      C400075C 
 2152      0C0C622F 
 2152      CECC7CCE 
 2152      94
 2153 0011 CEC8C024 		.ascii	"\316\310\300$\361\374\314\314\331Li\014\014l\015@\300"
 2153      F1FCCCCC 
 2153      D94C690C 
 2153      0C6C0D40 
 2153      C0
 2154 0022 94C2C400 		.ascii	"\224\302\304\000R\311\314\003$\200\014\026\001 \315"
 2154      52C9CC03 
 2154      24800C16 
 2154      0120CD
 2155 0031 38C18F89 		.ascii	"8\301\217\211d\035\314$\353`!Y\007+\311:\330\030\256"
 2155      641DCC24 
 2155      EB602159 
 2155      072BC93A 
 2155      D818AE
 2156 0044 33343534 		.ascii	"3454|e\312\004jI\002*\354b\312\300\241\205\020\015w"
 2156      7C65CA04 
 2156      6A49022A 
 2156      EC62CAC0 
 2156      A185100D 
 2157 0059 36019A9D 		.ascii	"6\001\232\235\3419\303\334\315\317v1\203\254,\231\265"
 2157      E139C3DC 
 2157      CDCF7631 
 2157      83AC2C99 
 2157      B5
 2158 006a F9D90EB2 		.ascii	"\371\331\016\262\255$\325j\030\315\301\300\012\264m"
 2158      AD24D56A 
 2158      18CDC1C0 
 2158      0AB46D
 2159 0079 01731AD0 		.ascii	"\001s\032\320\005L`\213\223\321\\\300\310\005J\030\234"
ARM GAS  C:\Users\acest\AppData\Local\Temp\ccFJ3o58.s 			page 51


 2159      054C608B 
 2159      93D15CC0 
 2159      C8054A18 
 2159      9C
 2160 008a 0CD240B1 		.ascii	"\014\322@\261\016\260K\031\030\032\201\354:\012]\212"
 2160      0EB04B19 
 2160      181A81EC 
 2160      3A0A5D8A 
 2161 009a 4E733108 		.ascii	"Ns1\010\003M{\301\204\333\006&n\220sH\247\030\000~f"
 2161      034D7BC1 
 2161      84DB0626 
 2161      6E907348 
 2161      A718007E 
 2162 00af 6C5F     		.ascii	"l_"
 2163              		.text
 2164              		.section	.gnu.lto_.jmpfuncs.b3bfdeff,"e",%progbits
 2165 0000 789CCD95 		.ascii	"x\234\315\225\311J\304@\024E\353\276Jgr\350eoz\341\262"
 2165      C94AC440 
 2165      1445EBBE 
 2165      4A6772E8 
 2165      656F7AE1 
 2166 0015 5117E20F 		.ascii	"Q\027\342\017\372\017\256u\327\013?@\034P\244EqBQ\024"
 2166      FA0FAE75 
 2166      D70B3F40 
 2166      1C50A445 
 2166      71425114 
 2167 0029 4551141B 		.ascii	"EQ\024\033g\177A\210\225J\223\367\022C\203\025\027\006"
 2167      677F4188 
 2167      954A93F7 
 2167      12438315 
 2167      1706
 2168 003b 8A503797 		.ascii	"\212P7\227s\357KBr\020\250\374\210\315\362\364\202\306"
 2168      73EF4B42 
 2168      7210A8FC 
 2168      88CDF2F4 
 2168      82C6
 2169 004d ACEA6AB5 		.ascii	"\254\352j\265\244\025&\2152c6\3002\026u\352A\317\203"
 2169      A415268D 
 2169      326336C0 
 2169      321675EA 
 2169      41CF83
 2170 0060 32EB2B49 		.ascii	"2\353+I\222&h^w5\001\331)I5+i\260S)\342\215\265\250"
 2170      9226685E 
 2170      773501D9 
 2170      2949352B 
 2170      69B05329 
 2171 0078 B9092A27 		.ascii	"\271\011*'M\345I\353\325IX\001V\315i\015\303\311z@N"
 2171      4DE549EB 
 2171      D5495801 
 2171      56CD690D 
 2171      C3C97A40 
 2172 008d 6B782099 		.ascii	"kx \231\261\201<d\263^\210W\256?\235\223\267\352\221"
 2172      B1813C64 
 2172      B35E8857 
 2172      AE3F9D93 
 2172      B7EA91
 2173 00a0 1B85FA9E 		.ascii	"\033\205\372\236\314\350q\375\355z!~!$\222!;\034\262"
ARM GAS  C:\Users\acest\AppData\Local\Temp\ccFJ3o58.s 			page 52


 2173      CCE871FD 
 2173      ED7A217E 
 2173      21249221 
 2173      3B1CB2
 2174 00b3 FB8B1081 		.ascii	"\373\213\020\201\013%n\217q\373n\270@\342\016\031w\344"
 2174      0B256E8F 
 2174      71FB6EB8 
 2174      40E20E19 
 2174      77E4
 2175 00c5 86F325EE 		.ascii	"\206\363%\356\230q'n\270\206\304\2352\356\254\336\003"
 2175      9871276E 
 2175      B886C49D 
 2175      32EEACDE 
 2175      03
 2176 00d6 FA4B2928 		.ascii	"\372K)(\024n\312\302\347\\\370\302m\376q\211\273d\334"
 2176      146ECAC2 
 2176      E75CF8C2 
 2176      6DFE7189 
 2176      BB64DC
 2177 00e9 951B6E4C 		.ascii	"\225\033nL\342\256\031w\343\206\033\225\270[\306\335"
 2177      E2AE1977 
 2177      E3861B95 
 2177      B85BC6DD 
 2178 00f9 B9E14624 		.ascii	"\271\341F$\356\236q\017n\270X\342\036\031\327\377?\357"
 2178      EE9E710F 
 2178      6EB858E2 
 2178      1E19D7FF 
 2178      3FEF
 2179 010b 4E85149A 		.ascii	"N\205\024\232f\221\231\303~\347\033h[C;+\223I\201\225"
 2179      669199C3 
 2179      7EE71B68 
 2179      5B433B2B 
 2179      93498195 
 2180 011f 826CDC81 		.ascii	"\202l\334\201\326\261ZG\332|+\371\005[\313j\255\314"
 2180      D6B15A47 
 2180      DA7C2BF9 
 2180      055BCB6A 
 2180      ADCC
 2181 0131 86575458 		.ascii	"\206WTXb\253\305\303,\221\325\242a\226\320ja\265\005"
 2181      62ABC5C3 
 2181      2C91D5A2 
 2181      6196D06A 
 2181      61B505
 2182 0144 CF1023FC 		.ascii	"\317\020#\374\274\\\330\227\266\346\037J\204'\310\333"
 2182      BC5CD897 
 2182      B6E61F4A 
 2182      8427C8DB 
 2183 0154 4278819C 		.ascii	"Bx\201\234\237\360\0069(\341\035r*\302\007\344\010\204"
 2183      9FF00639 
 2183      28E11D72 
 2183      2AC207E4 
 2183      0884
 2184 0166 4FC8BEE5 		.ascii	"O\310\276\345\202\245\012\352\033 [\251\333"
 2184      82A50AEA 
 2184      1B205BA9 
 2184      DB
 2185              		.text
ARM GAS  C:\Users\acest\AppData\Local\Temp\ccFJ3o58.s 			page 53


 2186              		.section	.gnu.lto_.pureconst.b3bfdeff,"e",%progbits
 2187 0000 789C05C1 		.ascii	"x\234\005\301\011\021\000 \020\003\261\016ty\316\004"
 2187      09110020 
 2187      1003B10E 
 2187      7479CE04 
 2188 0010 B619A454 		.ascii	"\266\031\244T\035\311\221T\012-\364\340@\030a\206\365"
 2188      1DC99154 
 2188      0A2DF4E0 
 2188      40186186 
 2188      F5
 2189 0021 BCAFEBFA 		.ascii	"\274\257\353\372\003y\205\007o"
 2189      03798507 
 2189      6F
 2190              		.text
 2191              		.section	.gnu.lto_.lto.b3bfdeff,"e",%progbits
 2192 0000 09000400 		.ascii	"\011\000\004\000\001\000\000\000"
 2192      01000000 
 2193              		.text
 2194              		.section	.gnu.lto_Vector58.404.b3bfdeff,"e",%progbits
 2195 0000 789C8D55 		.ascii	"x\234\215UmlSU\030>\357=\267\267-hA\020\021cb\201,F"
 2195      6D6C5355 
 2195      183EEF3D 
 2195      B7B72D68 
 2195      41101163 
 2196 0018 339675C6 		.ascii	"3\226u\306\200\376\"11\232`F\364o\015\031e\201\306\225"
 2196      80FE2231 
 2196      319A6046 
 2196      F46F0D19 
 2196      6581C695 
 2197 002c 8EDB42E4 		.ascii	"\216\333B\344\027gma\210q\320\021\026>\272\242\265\022"
 2197      17676D61 
 2197      8871D011 
 2197      163EBAA2 
 2197      B512
 2198 003e FF107EE0 		.ascii	"\377\020~\340`\345k\035_\303\3611\330\330\300a\006l"
 2198      60E56B1D 
 2198      5FC3F131 
 2198      D8D8C061 
 2198      066C
 2199 0050 6480C018 		.ascii	"d\200\300\030-\312\370\012\276\347\234\333\333\012n"
 2199      2DCAF80A 
 2199      BEE79CDB 
 2199      DB0A6E
 2200 005f DAA4F79E 		.ascii	"\332\244\367\236\363\234\367\343y?\316{\233l\204\254"
 2200      F39CF7E3 
 2200      793FCE7B 
 2200      9B6C84AC 
 2201 006f 0342AA09 		.ascii	"\003B\252\011!`%P\037]\247\020\306\330\\\253\242\204"
 2201      21602550 
 2201      1F5DA710 
 2201      C6D85CAB 
 2201      A284
 2202 0081 A3DF2A90 		.ascii	"\243\337*\220\002\3349\3255Q\207xS%\022\035\277u\367"
 2202      02DC39D5 
 2202      35518778 
 2202      5325121D 
 2202      BF75F7
ARM GAS  C:\Users\acest\AppData\Local\Temp\ccFJ3o58.s 			page 54


 2203 0094 60B1BA3A 		.ascii	"`\261\272:\352\030<\265e\262\252\302&S\307\002\015\321"
 2203      EA183CB5 
 2203      65B2AAC2 
 2203      2653C702 
 2203      0DD1
 2204 00a6 F6AED489 		.ascii	"\366\256\324\211\330L\350\000\201hP\023m\377\361\312"
 2204      D84CE800 
 2204      81685013 
 2204      6DFFF1CA 
 2205 00b6 77200DCD 		.ascii	"w \015\315\265\002Y\245P\325\242\301*\330H\337Ah$\322"
 2205      B50259A5 
 2205      50D5A2C1 
 2205      2AD848DF 
 2205      416824D2 
 2206 00ca 1165F3D3 		.ascii	"\021e\363\323\220\244\204\304\361o\374b\024\352i\222"
 2206      90A484C4 
 2206      F16FFC62 
 2206      14EA6992 
 2207 00da 02A8C64A 		.ascii	"\002\250\306J\001'\256\350<~R\224flx{\270\326\261\241"
 2207      0127AEE8 
 2207      3C7E5294 
 2207      666C787B 
 2207      B8D6B1A1 
 2208 00ee C696A414 		.ascii	"\306\226\244\024\366\002j\302\036\200&\340\272\345)"
 2208      F6026AC2 
 2208      1E8026E0 
 2208      BAE529
 2209 00fd 8746A019 		.ascii	"\207F\240\031\244=n@\343\266\001\366\001\327\326\270"
 2209      A43D6E40 
 2209      E3B601F6 
 2209      01D7D6B8 
 2210 010d D71E1741 		.ascii	"\327\036\027AJq\252\344\220\330\351#=\323\010\354G\214"
 2210      4A71AAE4 
 2210      90D8E923 
 2210      3DD308EC 
 2210      478C
 2211 011f 9AD8FE63 		.ascii	"\232\330\376c\3071)\007\020SM\254\261v\350M\002\007"
 2211      C7312907 
 2211      10534DAC 
 2211      B176E84D 
 2211      0207
 2212 0131 11B3708C 		.ascii	"\021\263p\214\326\011\023o#\245\221\337\353/u\274\021"
 2212      D609136F 
 2212      23A591DF 
 2212      EB2F75BC 
 2212      11
 2213 0142 63699593 		.ascii	"ci\225\223j\001\356R\222\002\036\037-\357\237`\220\037"
 2213      6A01EE52 
 2213      92021E1F 
 2213      2DEF9F60 
 2213      901F
 2214 0154 D957B72D 		.ascii	"\331W\267-U|$\314N0S\226\344ee\374\334[swL\203V\004"
 2214      557C24CC 
 2214      4E305396 
 2214      E46565FC 
 2214      DC5B7377 
 2215 016c 0F716B04 		.ascii	"\017qk\004\343\200\303f\034<(\015\216\212\015\035\310"
ARM GAS  C:\Users\acest\AppData\Local\Temp\ccFJ3o58.s 			page 55


 2215      E380C366 
 2215      1C3C280D 
 2215      8E8A0D1D 
 2215      C8
 2216 017d D3D85ABB 		.ascii	"\323\330Z\273\353`q[\230}\222\244*\034\003.d\230>\216"
 2216      EB60715B 
 2216      987D92A4 
 2216      2A1C032E 
 2216      64983E8E 
 2217 0191 34D4F261 		.ascii	"4\324\362aG\216\006\346~N:\342\314\311\221\274\234\244"
 2217      478E06E6 
 2217      7E4E3AE2 
 2217      CCC991BC 
 2217      9CA4
 2218 01a3 40AF4BAB 		.ascii	"@\257K\253\314\260:gs3c\366$\265\300\211B\263\277\242"
 2218      CCB03A67 
 2218      733363F6 
 2218      24B5C089 
 2218      42B3BFA2 
 2219 01b7 594BF953 		.ascii	"YK\371Sa\226\025\232\225r$/\227\217\014+\000\355\000"
 2219      6196159A 
 2219      9572242F 
 2219      978F0C2B 
 2219      00ED00
 2220 01ca 6D20EBA0 		.ascii	"m \353\240\211\330N\202\021\216\210\315\012\247\315"
 2220      89D84E82 
 2220      118E88CD 
 2220      0AA7CD
 2221 01d9 82D9A498 		.ascii	"\202\331\244\230\3258\2043Pp\030;\035\276\206\265\353"
 2221      D5388433 
 2221      5070183B 
 2221      1DBE86B5 
 2221      EB
 2222 01ea 40015B41 		.ascii	"@\001[A\355\372\260vg\021\263\347k\327\366\000kw\016"
 2222      EDFAB076 
 2222      6711B3E7 
 2222      6BD7F600 
 2222      6B770E
 2223 01fd B171661F 		.ascii	"\261qf\037\265\244n_\005V\317`\314B\214\\\303Bt!\330"
 2223      B5A46E5F 
 2223      0556CF60 
 2223      CC428C5C 
 2223      C3427421 
 2224 0212 6916E27C 		.ascii	"i\026\342|\256\020\364\226\222\263\326|\264\273\225"
 2224      AE10F496 
 2224      92B3D67C 
 2224      B4BB95
 2225 0221 1A45ED79 		.ascii	"\032E\355y\256+\217\361\256\274 \342%\345G\035\010\002"
 2225      AE2B8FF1 
 2225      AEBC20E2 
 2225      25E5471D 
 2225      0802
 2226 0233 6E77755A 		.ascii	"nwuZ\322\354\311\263\365\214=\230\326\021\033\262!\236"
 2226      D2ECC9B3 
 2226      F58C3D98 
 2226      D6111BB2 
 2226      219E
ARM GAS  C:\Users\acest\AppData\Local\Temp\ccFJ3o58.s 			page 56


 2227 0245 A49A820F 		.ascii	"\244\232\202\017+\305\207\315*t\310z\312\257\030S\201"
 2227      2BC587CD 
 2227      2A74C87A 
 2227      CAAF1853 
 2227      81
 2228 0256 A509D940 		.ascii	"\245\011\331@\025\271\011\343\346\017`\375-X0\376\356"
 2228      15B909E3 
 2228      E60F60FD 
 2228      2D5830FE 
 2228      EE
 2229 0267 D4F86BC6 		.ascii	"\324\370k\306\277<\022_\012\201\013R0\241\300E\220g"
 2229      BF3C125F 
 2229      0A810B52 
 2229      30A1C045 
 2229      9067
 2230 0279 4370F880 		.ascii	"Cp\370\200=A\301\270fv \346\212\255\2150~{v\360\253"
 2230      3D41C1B8 
 2230      667620E6 
 2230      8AAD8D30 
 2230      7E7B76F0 
 2231 028e 8B176D1C 		.ascii	"\213\027m\034\364\002\374\006\244\364\007\261\035\017"
 2231      F402FC06 
 2231      A4F407B1 
 2231      1D0F
 2232 029c 97A051DC 		.ascii	"\227\240Q\334\330!\0107\324B\202Z\023RU\003n<\344D\346"
 2232      D8210837 
 2232      D442825A 
 2232      13525503 
 2232      6E3CE444 
 2233 02b1 08E638E0 		.ascii	"\010\3468\340\2769\277G\277\015\366\261\214\367I\343"
 2233      BE39BF47 
 2233      BF0DF6B1 
 2233      8CF749E3 
 2234 02c1 8642828F 		.ascii	"\206B\202\217\"\021B\257FnB\344\346Gx }\311\201\261"
 2234      221142AF 
 2234      466E42E4 
 2234      E6477820 
 2234      7DC981B1 
 2235 02d5 81D21AB4 		.ascii	"\201\322\032\264\244\360\234@>\364!\010\361\360\024"
 2235      A4F09C40 
 2235      3EF42108 
 2235      F1F014
 2236 02e4 23A89744 		.ascii	"#\250\227Dx\021Pp\3713\025\325\335\301\023\3762\364"
 2236      78115070 
 2236      F93315D5 
 2236      DDC113FE 
 2236      32F4
 2237 02f6 035C1587 		.ascii	"\003\\\025\207e\222\217\003\006\000\336E\303\245r?\001"
 2237      65928F03 
 2237      0600DE45 
 2237      C3A5723F 
 2237      01
 2238 0307 AE2121EE 		.ascii	"\256!!\356\314\360\256p{\023L\357\352\215S[v\003\367"
 2238      CCF0AE70 
 2238      7B134CEF 
 2238      EA8D535B 
 2238      7603F7
ARM GAS  C:\Users\acest\AppData\Local\Temp\ccFJ3o58.s 			page 57


 2239 031a 4E0B1DD3 		.ascii	"N\013\035\323Q\334]\177\301\335\215\177\270\263\301"
 2239      51DC5D7F 
 2239      C1DD8D7F 
 2239      B8B3C1
 2240 0329 4D74A720 		.ascii	"Mt\247 0\014\021'fA\301?:\234(\234Y\314P-\271P\263M"
 2240      300C1127 
 2240      6641C13F 
 2240      3A9C289C 
 2240      59CC502D 
 2241 0341 753D8357 		.ascii	"u=\203W&\341\000\023Y\2724\270\031Dod\357lj\2107\000"
 2241      26E10013 
 2241      59BA34B8 
 2241      19446F64 
 2241      EF6C6A88 
 2242 0357 0E31816F 		.ascii	"\0161\201o\353\263K\370\317\330/\331\213\223q\216\011"
 2242      EBB34BF8 
 2242      CFD82FD9 
 2242      8B93718E 
 2242      09
 2243 0368 389535C4 		.ascii	"8\2255\304\007\366f\020=$\321\356\214D\261r\255\"}\024"
 2243      07F66610 
 2243      3D24D1EE 
 2243      8C44B172 
 2243      AD227D14 
 2244 037c 4A8572EA 		.ascii	"J\205r\352\247=\227\033\001G\221\020\333\177\331\016"
 2244      A73D971B 
 2244      01479110 
 2244      DB7FD90E 
 2245 038c 4780DC85 		.ascii	"G\200\334\205\320\014\354nr\227'{:\243k0\214Wp\251\362"
 2245      D00CEC6E 
 2245      7297277B 
 2245      3AA36B30 
 2245      8C5770A9 
 2246 03a1 6FCB6D20 		.ascii	"o\313m \370\206;\000\267D\330\323\303\342|\2228\274"
 2246      F8863B00 
 2246      B744D8D3 
 2246      C3E27C92 
 2246      38BC
 2247 03b3 2BBD0CDF 		.ascii	"+\275\014\337\217\235\317\340Eo\225T2w6\305\372\212"
 2247      8F9DCFE0 
 2247      456F9554 
 2247      327736C5 
 2247      FA8A
 2248 03c5 8487EDF1 		.ascii	"\204\207\355\361\267\004\362\315\316\001U\366\001Rj"
 2248      B704F2CD 
 2248      CE0155F6 
 2248      01526A
 2249 03d4 8351727B 		.ascii	"\203Qr{\357\205\334fdn\0212\322;\031\262\230^\324\212"
 2249      EF85DC66 
 2249      646E1132 
 2249      D23B19B2 
 2249      985ED48A 
 2250 03e8 4048002A 		.ascii	"@H\000*\334\007\323r\273\010\366U#\201Mu}\2170\261'"
 2250      DC07D372 
 2250      BB08F655 
 2250      23814D75 
 2250      7D8F30B1 
ARM GAS  C:\Users\acest\AppData\Local\Temp\ccFJ3o58.s 			page 58


 2251 03fd 65B0D947 		.ascii	"e\260\331G\233\001N\001\226e\265\223\010\357S\342\330"
 2251      9B014E01 
 2251      9665B593 
 2251      08EF53E2 
 2251      D8
 2252 040e AD27476D 		.ascii	"\255'Gm\254\221B6\261\304W\234\317\303\027\371<z\236"
 2252      AC914236 
 2252      B1C4579C 
 2252      CFC317F9 
 2252      3C7A9E
 2253 0421 CF63CE07 		.ascii	"\317c\316\007\376\302\261\364\032g\365=\277\000|\\\346"
 2253      FEC2B1F4 
 2253      1A67F53D 
 2253      BF007C5C 
 2253      E6
 2254 0432 28125250 		.ascii	"(\022RP\372'\274\364g$\303\350ud\330\001F\3613\274\370"
 2254      FA27BCF4 
 2254      6724C3E8 
 2254      7564D801 
 2254      46F133BC 
 2255 0447 67E5C983 		.ascii	"g\345\311\203xR\252\365?\214\313\304>\356\003\243\033"
 2255      7852AAF5 
 2255      3F8CCBC4 
 2255      3EEE03A3 
 2255      1B
 2256 0458 7A79379C 		.ascii	"zy7\234\223r\227\315nx\306\273\241S\242\033\263f7t\031"
 2256      937297CD 
 2256      6E78C6BB 
 2256      A153A21B 
 2256      B3663774 
 2257 046d DD400ABB 		.ascii	"\335@\012\273\341|\276\033\272\013\273\301\250\373S"
 2257      E17CBE1B 
 2257      BA0BBBC1 
 2257      A8FB53
 2258 047c D10185C5 		.ascii	"\321\001\205\305\256\317b\261\273@\336\037\315\234h"
 2258      AECF62B1 
 2258      BB40DE1F 
 2258      CD9C68
 2259 048b 1AAFF4DA 		.ascii	"\032\257\364\332\2353\215\013\237X&9\035\207\321f\233"
 2259      9D338D0B 
 2259      9F582639 
 2259      1D87D166 
 2259      9B
 2260 049c 1826199B 		.ascii	"\030&\031\233q\305\247\232\023l*\260\3360s\024\014\231"
 2260      71C5A79A 
 2260      136C2AB0 
 2260      DE307314 
 2260      0C99
 2261 04ae D7A14601 		.ascii	"\327\241F\001\246\344\207LHi\304O;\221\203\20430\234"
 2261      A6E4874C 
 2261      4869C44F 
 2261      3B918384 
 2261      33309C
 2262 04c1 642074E5 		.ascii	"d t\345\336\307\342j\257\247 \251\205\322|\373\251\347"
 2262      DEC7E26A 
 2262      AFA720A9 
 2262      85D27CFB 
ARM GAS  C:\Users\acest\AppData\Local\Temp\ccFJ3o58.s 			page 59


 2262      A9E7
 2263 04d3 43B76789 		.ascii	"C\267g\211w\2417\020\\\276\310\353\227k\177\240\314"
 2263      77A13710 
 2263      5CBEC8EB 
 2263      976B7FA0 
 2263      CC
 2264 04e4 E572B9FD 		.ascii	"\345r\271\375\001\367\222\212*w\265_\017\006\334\201"
 2264      01F7928A 
 2264      2A77B55F 
 2264      0F06DC81 
 2265 04f4 A0EFBD32 		.ascii	"\240\357\2752wU\325\"w\345\327A\357\012\227\004\026"
 2265      7755D522 
 2265      77E5D741 
 2265      EF0A9704 
 2265      16
 2266 0505 F04D6989 		.ascii	"\360Mi\211w\251\207(\325\372\024\211y\003z\211\247d"
 2266      77A98728 
 2266      D5FA1489 
 2266      79037A89 
 2266      A764
 2267 0517 E10765B3 		.ascii	"\341\007e\263\313\346\224\271\310\373\377\355\302\037"
 2267      CBE694B9 
 2267      C8FBFFED 
 2267      C21F
 2268 0525 C0871E9C 		.ascii	"\300\207\036\234\265\324+\327%K\210kl-=\350F\247U\313"
 2268      B5D42BD7 
 2268      254B886B 
 2268      6C2D3DE8 
 2268      46A755CB 
 2269 0539 1755E249 		.ascii	"\027U\342I`e\0005\346\216\255\341\361\373|\376\245F"
 2269      60650035 
 2269      E68EADE1 
 2269      F1FB7CFE 
 2269      A546
 2270 054b 3415BA6F 		.ascii	"4\025\272o\305\354Y\276Y\025UA\224\363\370\365J4`]X"
 2270      C5EC59BE 
 2270      59155541 
 2270      94F3F8F5 
 2270      4A34605D 
 2271 0560 11A89CAF 		.ascii	"\021\250\234\257{\347\375/C\03097\343\366\370\002^\016"
 2271      7BE7FD2F 
 2271      43183937 
 2271      E3F6F802 
 2271      5E0E
 2272 0572 EA957946 		.ascii	"\352\225yF\034Z\260\330\343A\2434\270\254\232\372\002"
 2272      1C5AB0D8 
 2272      E341A334 
 2272      B8AC9AFA 
 2272      02
 2273 0583 8B69B5EE 		.ascii	"\213i\265\356\232\370\331\027\237;\271\223j\335[\354"
 2273      9AF8D917 
 2273      9F3BB993 
 2273      6ADD5BEC 
 2274 0593 2C2A258A 		.ascii	",*%\212N\254\276J\237__I\376\006~\234]\202"
 2274      4EACBE4A 
 2274      9F5F5F49 
 2274      FE067E9C 
ARM GAS  C:\Users\acest\AppData\Local\Temp\ccFJ3o58.s 			page 60


 2274      5D82
 2275              		.text
 2276              		.section	.gnu.lto_Vector5C.407.b3bfdeff,"e",%progbits
 2277 0000 789C8D55 		.ascii	"x\234\215UmlSU\030>\357=\267\267-hA\020\021cb\201,\306"
 2277      6D6C5355 
 2277      183EEF3D 
 2277      B7B72D68 
 2277      41101163 
 2278 0018 389675C6 		.ascii	"8\226u\306\200\376\"11\232`F\364o\015\331\312\302\032"
 2278      80FE2231 
 2278      319A6046 
 2278      F46F0DD9 
 2278      CAC21A
 2279 002b 573A6E0B 		.ascii	"W:n\013\221_\234\265\205!\306\215\216\260\360\321\025"
 2279      915F9CB5 
 2279      8521C68D 
 2279      8EB0F0D1 
 2279      15
 2280 003c AD95F887 		.ascii	"\255\225\370\207\360\003\007\033\237\035_\303\3611\330"
 2280      F003071B 
 2280      9F1D5FC3 
 2280      F131D8
 2281 004b D8C06106 		.ascii	"\330\300a\006ld\200\300\030-\312\370\012\276\347\234"
 2281      6C6480C0 
 2281      182DCAF8 
 2281      0ABEE79C 
 2282 005b DBDB0A6E 		.ascii	"\333\333\012n\332\244\367\236\363\234\367\343y?\316"
 2282      DAA4F79E 
 2282      F39CF7E3 
 2282      793FCE
 2283 006a 7B9B6D84 		.ascii	"{\233m\204\254\003B\252\011!`%\320\020]\247\020\306"
 2283      AC0342AA 
 2283      09216025 
 2283      D0105DA7 
 2283      10C6
 2284 007c D87CABA2 		.ascii	"\330|\253\242\204\243\337*\320\012\270s\252k\242\016"
 2284      84A3DF2A 
 2284      D00AB873 
 2284      AA6BA20E 
 2285 008c F1A64A24 		.ascii	"\361\246J$:q\313\256\241Buu\3241tj\363TU\205\215\246"
 2285      3A71CBAE 
 2285      A1427575 
 2285      D431746A 
 2285      F3545585 
 2286 00a2 8E051AA3 		.ascii	"\216\005\032\243\035\335\255'b\263\241\023\004\242A"
 2286      1DDDAD27 
 2286      62B3A113 
 2286      04A241
 2287 00b1 4DB4E3C7 		.ascii	"M\264\343\307+\337\20144\337\012d\225BU\213\006\253"
 2287      2BDF8134 
 2287      34DF0A64 
 2287      9542558B 
 2287      06AB
 2288 00c3 60037D07 		.ascii	"`\003}\007\241\321Hg\224-LA\222\022\022\307\277\361"
 2288      A1D14867 
 2288      942D4C41 
 2288      921212C7 
ARM GAS  C:\Users\acest\AppData\Local\Temp\ccFJ3o58.s 			page 61


 2288      BFF1
 2289 00d5 8B5168A0 		.ascii	"\213Qh\240I\012\240\032+\005\234\270\242\013\370IA\212"
 2289      490AA01A 
 2289      2B059CB8 
 2289      A20BF849 
 2289      418A
 2290 00e7 B1916DE1 		.ascii	"\261\221m\341Z\307\372\032[\222R\330\003\250\011\273"
 2290      5AC7FA1A 
 2290      5B9252D8 
 2290      03A809BB 
 2291 00f7 019A81EB 		.ascii	"\001\232\201\353\226\206\035\032\201\026\220\366\270"
 2291      96861D1A 
 2291      811690F6 
 2291      B8
 2292 0104 018DDB06 		.ascii	"\001\215\333\006\330\013\\[\343^{]\004)\305\251\222"
 2292      D80B5C5B 
 2292      E35E7B5D 
 2292      0429C5A9 
 2292      92
 2293 0115 4562A78F 		.ascii	"Eb\247\217\364\316 \260\0171jb\373\216\035\307\244\354"
 2293      F4CE20B0 
 2293      0F316A62 
 2293      FB8E1DC7 
 2293      A4EC
 2294 0127 474C35B1 		.ascii	"GL5\261\246\332\3417\011\034@\314\3021Z'L\274\215\224"
 2294      A6DAE137 
 2294      091C40CC 
 2294      C2315A27 
 2294      4CBC8D94 
 2295 013b 467F6FB8 		.ascii	"F\177o\270\324\371F\214\245TN\352\020p\227\222\024\360"
 2295      D4F9468C 
 2295      A5544EEA 
 2295      10709792 
 2295      14F0
 2296 014d F868E9C0 		.ascii	"\370h\351\300$\203\374\350\336\272\255\255\205G\302"
 2296      2483FCE8 
 2296      DEBAADAD 
 2296      8547C2
 2297 015c EC043365 		.ascii	"\354\0043eINV\306\317\275\265\364\3044hC\360 \267F0"
 2297      494E56C6 
 2297      CFBDB5F4 
 2297      C4346843 
 2297      F020B746 
 2298 0171 0E386CC6 		.ascii	"\0168l\306\301\203\322\340\250\330\320\301\034\215-"
 2298      C183D2E0 
 2298      A8D8D0C1 
 2298      1C8D2D
 2299 0180 B53B0F14 		.ascii	"\265;\017\024\266\207\331'I\252\3021\340B\206\351\343"
 2299      B687D927 
 2299      49AAC231 
 2299      E04286E9 
 2299      E3
 2300 0191 48432D1D 		.ascii	"HC-\035qdi`\356\347\245\"\316\254\034\311\311I\012\364"
 2300      71646960 
 2300      EEE7A522 
 2300      CEAC1CC9 
 2300      C9490AF4 
ARM GAS  C:\Users\acest\AppData\Local\Temp\ccFJ3o58.s 			page 62


 2301 01a5 BAB4CA0C 		.ascii	"\272\264\312\014\253\3636\2650fOR\013\234\3107\373+"
 2301      ABF336B5 
 2301      30664F52 
 2301      0B9CC837 
 2301      FB2B
 2302 01b7 9AB5943E 		.ascii	"\232\265\224>\025fY\276Y)Grr\271\310\260\002\320\001"
 2302      156659BE 
 2302      59294772 
 2302      72B9C8B0 
 2302      02D001
 2303 01ca D00EB20E 		.ascii	"\320\016\262\016\232\210\355$\030\341\210\330\254p\332"
 2303      9A88ED24 
 2303      18E188D8 
 2303      AC70DA
 2304 01d9 2C984D8A 		.ascii	",\230M\212Y\215C8\003y\207\261\323\341kX\273N\024\260"
 2304      598D4338 
 2304      037987B1 
 2304      D3E16B58 
 2304      BB4E14B0 
 2305 01ed E5D5AE1F 		.ascii	"\345\325\256\037kw\0261{\256v\355\017\260v\347\020\233"
 2305      6B771631 
 2305      7BAE76ED 
 2305      0FB076E7 
 2305      109B
 2306 01ff 60F6D1A1 		.ascii	"`\366\321\241\326\333W\20150\030\267\020\243\327\260"
 2306      D6DB5781 
 2306      353018B7 
 2306      10A3D7B0 
 2307 020f 10DD0876 		.ascii	"\020\335\010v\231\2058\237-\004\275\245d\255\265\034"
 2307      9985389F 
 2307      2D04BDA5 
 2307      64ADB51C 
 2308 021f ED69A346 		.ascii	"\355i\243FQ{\237\353\312z\336\225\027D\274\244\264\316"
 2308      517B9FEB 
 2308      CA7ADE95 
 2308      1744BCA4 
 2308      B4CE
 2309 0231 8120E076 		.ascii	"\201 \340vg\227%\305\236<\253g\354\301\214\316\330\260"
 2309      679725C5 
 2309      9E3CAB67 
 2309      ECC18CCE 
 2309      D8B0
 2310 0243 0DF124D5 		.ascii	"\015\361$\325\024|X)>lV\241C\352)\277bL\005\226\"d="
 2310      147C5829 
 2310      3E6C56A1 
 2310      43EA29BF 
 2310      624C0596 
 2311 025a 55E4268C 		.ascii	"U\344&\214\233?\200\015\034\302\202\361w\227\306_\263"
 2311      9B3F800D 
 2311      1CC282F1 
 2311      7797C65F 
 2311      B3
 2312 026b FEE591F8 		.ascii	"\376\345\221\370R\010\\\220\202\011\005.\202<\033\206"
 2312      52085C90 
 2312      8209052E 
 2312      823C1B86 
 2313 027b C3FBED09 		.ascii	"\303\373\355\011\012\3065\263\0031Wlm\204\361\333\263"
ARM GAS  C:\Users\acest\AppData\Local\Temp\ccFJ3o58.s 			page 63


 2313      0AC635B3 
 2313      0331576C 
 2313      6D84F1DB 
 2313      B3
 2314 028c 9D5F5DBC 		.ascii	"\235_]\274h\023\240\017\3407 \305?\210\355D\270\004"
 2314      6813A00F 
 2314      E03720C5 
 2314      3F88ED44 
 2314      B804
 2315 029e 4DE2C60E 		.ascii	"M\342\306\016C\270\261\026\022\324\232\220\252\032("
 2315      43B8B116 
 2315      12D49A90 
 2315      AA1A28
 2316 02ad 683CE444 		.ascii	"h<\344D\346\010f9\340\276%\267G\277\215\366\361\214"
 2316      E6086639 
 2316      E0BE25B7 
 2316      47BF8DF6 
 2316      F18C
 2317 02bf F74BE386 		.ascii	"\367K\343\206B\202\217\"\021B\237FnB\344\346Gx }\311"
 2317      42828F22 
 2317      11429F46 
 2317      6E42E4E6 
 2317      4778207D 
 2318 02d4 81B19ED2 		.ascii	"\201\261\236\322\032\264\244\360\234@.\364a\010\361"
 2318      1AB4A4F0 
 2318      9C402EF4 
 2318      6108F1
 2319 02e3 F01423A8 		.ascii	"\360\024#\250\227Dx\021Pp\3713\025\325\335\316\023\376"
 2319      97447811 
 2319      5070F933 
 2319      15D5DDCE 
 2319      13FE
 2320 02f5 320C005C 		.ascii	"2\014\000\\\025\207%\222\217\003\006\001\336E\303\305"
 2320      15872592 
 2320      8F030601 
 2320      DE45C3C5 
 2321 0305 723F09AE 		.ascii	"r?\011\256!!\356\314\360\256p{\223L\357\352\215S\233"
 2321      2121EECC 
 2321      F0AE707B 
 2321      934CEFEA 
 2321      8D539B
 2322 0318 7701F74E 		.ascii	"w\001\367N\363\035\3231\334]\177\301\335\215\177\270"
 2322      F31DD331 
 2322      DC5D7FC1 
 2322      DD8D7FB8 
 2323 0328 B3C14D74 		.ascii	"\263\301Mt\247 0\002\021'fA\301?:\234,\234Y\314P-\331"
 2323      A7203002 
 2323      11276641 
 2323      C13F3A9C 
 2323      2C9C59CC 
 2324 033f 5033CD75 		.ascii	"P3\315u\275CW\246\340\000\023Y\2724\264\011Dod\356l"
 2324      BD4357A6 
 2324      E0001359 
 2324      BA34B409 
 2324      446F64EE 
 2325 0354 6C8C3702 		.ascii	"l\2147\002\0161\201o\355\267K\370\317\330/\231\213S"
 2325      0E31816F 
ARM GAS  C:\Users\acest\AppData\Local\Temp\ccFJ3o58.s 			page 64


 2325      EDB74BF8 
 2325      CFD82F99 
 2325      8B53
 2326 0366 718E09B8 		.ascii	"q\216\011\2705c\210\017\356I#zP\242=i\211b\345\332D"
 2326      3563880F 
 2326      EE49237A 
 2326      50A23D69 
 2326      8962E5DA 
 2327 037b FA28140B 		.ascii	"\372(\024\013\345\326\237v_n\002\034EBl\337e;\034\001"
 2327      E5D69F76 
 2327      5F6E021C 
 2327      45426CDF 
 2327      653B1C01 
 2328 038f 721742B3 		.ascii	"r\027B\263\260\273\311]\236\354\231\214\256\3010^\301"
 2328      B0BBC95D 
 2328      9EEC998C 
 2328      AEC1305E 
 2328      C1
 2329 03a0 A5CABF2D 		.ascii	"\245\312\277-\267\201\340\033\356\000\334\022a\317\014"
 2329      B781E01B 
 2329      EE00DC12 
 2329      61CF0C
 2330 03af 8BF329E2 		.ascii	"\213\363)\342\360\256\3642r?v>\215\027\275MRI\337\331"
 2330      F0AEF432 
 2330      723F763E 
 2330      8D17BD4D 
 2330      5249DFD9 
 2331 03c3 18EB2F10 		.ascii	"\030\353/\020\036\266\305\337\022\3107;\006U\331\007"
 2331      1EB6C5DF 
 2331      12C8373B 
 2331      0655D907 
 2332 03d3 48A91DC6 		.ascii	"H\251\035\306\310\355\275\027r\233\226\271E\310H\357"
 2332      C8EDBD17 
 2332      729B96B9 
 2332      45C848EF 
 2333 03e3 54C8607A 		.ascii	"T\310`zQ+\002!\001\250p\037L\313\035\"\330W\215\004"
 2333      512B0221 
 2333      01A8701F 
 2333      4CCB1D22 
 2333      D8578D04 
 2334 03f7 36D7F53F 		.ascii	"6\327\365?\302\304\236\224\301f\036m\0028\005X\226\325"
 2334      C2C49E94 
 2334      C1661E6D 
 2334      02380558 
 2334      96D5
 2335 0409 4E22BC4F 		.ascii	"N\"\274O\213c\267\236\034\263\261F\363\331\304\022_"
 2335      8B63B79E 
 2335      1CB3B146 
 2335      F3D9C412 
 2335      5F
 2336 041a 713E0F5F 		.ascii	"q>\017_\344\363\350y>\2179\037\370\013\307\322k\234"
 2336      E4F3E879 
 2336      3E8F391F 
 2336      F80BC7D2 
 2336      6B9C
 2337 042c D5F7FC02 		.ascii	"\325\367\374\002\360q\231\245HH^\351\237\360\322\237"
 2337      F07199A5 
ARM GAS  C:\Users\acest\AppData\Local\Temp\ccFJ3o58.s 			page 65


 2337      48485EE9 
 2337      9FF0D29F 
 2338 043c 910CA3D7 		.ascii	"\221\014\243\327\221a'\030\305O\363\342\237\225'\017"
 2338      91612718 
 2338      C54FF3E2 
 2338      9F95270F 
 2339 044c E249A936 		.ascii	"\342I\2516\3600.\023\373\270\037\214n\350\343\335pN"
 2339      F0302E13 
 2339      FBB81F8C 
 2339      6EE8E3DD 
 2339      704E
 2340 045e CA5D36BB 		.ascii	"\312]6\273\341\031\357\206.\211n\310\230\335\320mt\003"
 2340      E119EF86 
 2340      2E896EC8 
 2340      98DDD06D 
 2340      7403
 2341 0470 C9EF86F3 		.ascii	"\311\357\206\363\271n\350\311\357\006\243\356OE\007"
 2341      B96EE8C9 
 2341      EF06A3EE 
 2341      4F4507
 2342 047f E417BB21 		.ascii	"\344\027\273!\203\305\356\006y\1774s\242i\274\322kw"
 2342      83C5EE06 
 2342      797F3473 
 2342      A269BCD2 
 2342      6B77
 2343 0491 CC362E7C 		.ascii	"\3146.|b\231\344t\034\306\232mb\230\244m\306\025\237"
 2343      6299E474 
 2343      1CC69A6D 
 2343      6298A46D 
 2343      C6159F
 2344 04a4 6E4EB0E9 		.ascii	"nN\260\351\300\372\302\314\2217d^\207\032\005\230\222"
 2344      C0FAC2CC 
 2344      9137645E 
 2344      871A0598 
 2344      92
 2345 04b5 1B3221A5 		.ascii	"\0332!\245\011?\355D\016\022\316\300p\222\206\320\225"
 2345      093FED44 
 2345      0E12CEC0 
 2345      709286D0 
 2345      95
 2346 04c6 7B1F8BAB 		.ascii	"{\037\213\253]OAR\013\245\370\366S\317\207nO\245\267"
 2346      5D4F4152 
 2346      0BA5F8F6 
 2346      53CF876E 
 2346      4FA5B7
 2347 04d9 DC1B082E 		.ascii	"\334\033\010._\354\365\313\265?P\342r\271\334\376\200"
 2347      5FECF5CB 
 2347      B53F50E2 
 2347      72B9DCFE 
 2347      80
 2348 04ea BBB2ACCA 		.ascii	"\273\262\254\312]\355\327\203\001w \350{\257\304]U\265"
 2348      5DEDD783 
 2348      017720E8 
 2348      7BAFC45D 
 2348      55B5
 2349 04fc D85DF175 		.ascii	"\330]\361u\320\273\302%\201E|\343*\362.\365\020\245"
 2349      D0BBC225 
ARM GAS  C:\Users\acest\AppData\Local\Temp\ccFJ3o58.s 			page 66


 2349      81457CE3 
 2349      2AF22EF5 
 2349      10A5
 2350 050e 5A9F2631 		.ascii	"Z\237&1o@/\362\024\225\177P2\267d^\211\213\274\377\337"
 2350      6F402FF2 
 2350      14957F50 
 2350      32B7645E 
 2350      898BBCFF 
 2351 0523 2EFC017C 		.ascii	".\374\001|\350\3019K\275r]TI\\\343k\351A7:\255Z\276"
 2351      E8C1394B 
 2351      BD725D54 
 2351      495CE36B 
 2351      E941373A 
 2352 053a B8024F02 		.ascii	"\270\002O\002+\003\2501\177|\015\217\337\347\363/5\242"
 2352      2B03A831 
 2352      7F7C0D8F 
 2352      DFE7F32F 
 2352      35A2
 2353 054c 29D37D2B 		.ascii	")\323}+\346\316\361\315)\253\012\242\234\307\257W\240"
 2353      E6CEF1CD 
 2353      29AB0AA2 
 2353      9CC7AF57 
 2353      A0
 2354 055d 016B7959 		.ascii	"\001kyY\240b\241\356]\360\277\014a\344\334\214\333\343"
 2354      A062A1EE 
 2354      5DF0BF0C 
 2354      61E4DC8C 
 2354      DBE3
 2355 056f 0B7839A8 		.ascii	"\013x9\250W\344\030qh\321\022\217\007\215\322\340\262"
 2355      57E41871 
 2355      68D1128F 
 2355      078DD2E0 
 2355      B2
 2356 0580 6AEA0B2C 		.ascii	"j\352\013,\241\325\272k\362g_|\356\344N\252uo\241\263"
 2356      A1D5BA6B 
 2356      F2675F7C 
 2356      EEE44EAA 
 2356      756FA1B3 
 2357 0594 A098283A 		.ascii	"\240\230(:\261\372*|~}%\371\033n\360\\\346"
 2357      B1FA2A7C 
 2357      7E7D25F9 
 2357      1B6EF05C 
 2357      E6
 2358              		.text
 2359              		.section	.gnu.lto_Vector60.410.b3bfdeff,"e",%progbits
 2360 0000 789C8D55 		.ascii	"x\234\215UmlSU\030>\357=\267\267-HA\020\005cb\201\020"
 2360      6D6C5355 
 2360      183EEF3D 
 2360      B7B72D48 
 2360      41100563 
 2361 0017 633296B5 		.ascii	"c2\226\265\306\200\376\"11\232`F\364o\015\031e\201\306"
 2361      C680FE22 
 2361      31319A60 
 2361      46F46F0D 
 2361      196581C6 
 2362 002b 958EDB42 		.ascii	"\225\216\333B\344\027gma\210q\320\021\026\204\256h\255"
 2362      E417676D 
ARM GAS  C:\Users\acest\AppData\Local\Temp\ccFJ3o58.s 			page 67


 2362      618871D0 
 2362      111684AE 
 2362      68AD
 2363 003d C43F841F 		.ascii	"\304?\204\037\010l|v\014\030\016\306`c\003\206\031\260"
 2363      086C7C76 
 2363      0C180EC6 
 2363      60630386 
 2363      19B0
 2364 004f E1008531 		.ascii	"\341\000\2051[\310\306\207\342{\316\271\275\255\300"
 2364      5BC8C687 
 2364      E27BCEB9 
 2364      BDADC0
 2365 005e A64D7AEF 		.ascii	"\246Mz\3579\317y?\236\367\343\274\267\331F\310\006 "
 2365      39CF793F 
 2365      9EF7E3BC 
 2365      B7D946C8 
 2365      0620
 2366 0070 A4921002 		.ascii	"\244\222\020\002V\002\265\261\015\012a\214\315\267*"
 2366      5602B5B1 
 2366      0D0A618C 
 2366      CDB72A
 2367 007f 4A24F6B5 		.ascii	"J$\366\265\002\215\200;\247\272.\346\020o\252Dc\343"
 2367      028D803B 
 2367      A7BA2EE6 
 2367      106FAA44 
 2367      63E3
 2368 0091 B7ED1928 		.ascii	"\267\355\031(R\327\306\034\003g\276\235\242\252\260"
 2368      52D7C61C 
 2368      0367BE9D 
 2368      A2AAB0
 2369 00a0 C5D4B140 		.ascii	"\305\324\261@]\254\265\263\361T|\026\264\203@4\250\212"
 2369      5DACB5B3 
 2369      F1547C16 
 2369      B4834034 
 2369      A88A
 2370 00b2 B5FE70ED 		.ascii	"\265\376p\355\033\220\206\346[\201\254Q\250j\321`\015"
 2370      1B9086E6 
 2370      5B81AC51 
 2370      A86AD160 
 2370      0D
 2371 00c3 6CA66F23 		.ascii	"l\246o#4\022m\217\261\205iHQB\022\3707~q\012\2654E\001"
 2371      34126D8F 
 2371      B1856948 
 2371      514212F8 
 2371      377E710A 
 2372 00db 5463A580 		.ascii	"Tc\245\200\023Wt\001?\231\235flhG\244\332\261\251\312"
 2372      13577401 
 2372      3F999D66 
 2372      6C6847A4 
 2372      DAB1A9CA 
 2373 00ef 96A214F6 		.ascii	"\226\242\024\366\003j\302>\200\275\300uK\333&h\004\032"
 2373      036AC23E 
 2373      80BDC075 
 2373      4BDB2668 
 2373      041A
 2374 0101 40DAE306 		.ascii	"@\332\343\0064n\033\340\000pm\215{\355v\021\244\224"
 2374      346E1BE0 
ARM GAS  C:\Users\acest\AppData\Local\Temp\ccFJ3o58.s 			page 68


 2374      00706D8D 
 2374      7BED7611 
 2374      A494
 2375 0113 A04A0E89 		.ascii	"\240J\016\211\2675wO'p\0201jb\007O\234\304\244\034B"
 2375      B735774F 
 2375      27701031 
 2375      6A62074F 
 2375      9CC4A41C 
 2376 0128 4C35B1FA 		.ascii	"L5\261\372\352\3017\010\034F\314\3021Z#L\274\205\224"
 2376      EAC13708 
 2376      1C46CCC2 
 2376      315A234C 
 2376      BC8594
 2377 013b 467EADBD 		.ascii	"F~\255\275\322\376z\234\245UN\352(p\227\222\024\360"
 2377      D2FE7A9C 
 2377      A5554EEA 
 2377      28709792 
 2377      14F0
 2378 014d F86869DF 		.ascii	"\370hi\337D\203\374\310\201\232\355\215E\315\021v\212"
 2378      4483FCC8 
 2378      819AED8D 
 2378      45CD1176 
 2378      8A
 2379 015e 99B2242F 		.ascii	"\231\262$/+\343\347\336\032\272\342\0324!x\204[#\030"
 2379      2BE3E7DE 
 2379      1ABAE21A 
 2379      34217884 
 2379      5B2318
 2380 0171 071C33E3 		.ascii	"\007\0343\343\340Aip\\lh\177\236\306\266\352\335\207"
 2380      E0416970 
 2380      5C6C687F 
 2380      9EC6B6EA 
 2380      DD87
 2381 0183 8B5A22EC 		.ascii	"\213Z\"\354\243\024U\341\004p!\303\364I\244\241\226"
 2381      A31455E1 
 2381      047021C3 
 2381      F449A4A1 
 2381      96
 2382 0194 0E397234 		.ascii	"\0169r40\367\363\322QgN\216\344\345$\005zSZe\206\325"
 2382      30F7F3D2 
 2382      51674E8E 
 2382      E4E52405 
 2382      7A535A65 
 2383 01aa 795B1B18 		.ascii	"y[\033\030\263\247\250\005N\025\232\375\005\315ZJ\377"
 2383      B3A7A805 
 2383      4E159AFD 
 2383      05CD5A4A 
 2383      FF
 2384 01bb 126659A1 		.ascii	"\022fY\241Y)G\362r\371\310\260\002\320\012\320\002\262"
 2384      592947F2 
 2384      72F9C8B0 
 2384      02D00AD0 
 2384      02B2
 2385 01cd 0E9A88ED 		.ascii	"\016\232\210\3554\030\341\210\330\254\320f\026\314&"
 2385      3418E188 
 2385      D8ACD066 
 2385      16CC26
ARM GAS  C:\Users\acest\AppData\Local\Temp\ccFJ3o58.s 			page 69


 2386 01dc C5ACC621 		.ascii	"\305\254\306!\234\205\202\303x[\344\006\326\256\035"
 2386      9C8582C3 
 2386      785BE406 
 2386      D6AE1D
 2387 01eb 056C05B5 		.ascii	"\005l\005\265\353\305\332\235C\314\236\257]\3130\326"
 2387      EBC5DA9D 
 2387      43CC9EAF 
 2387      5DCB30D6 
 2388 01fb EE3C62E3 		.ascii	"\356<b\343\314>:\332x\347:\260Z\006c\026b\344\006\026"
 2388      CC3E3ADA 
 2388      78E73AB0 
 2388      5A066316 
 2388      62E40616 
 2389 020f A213C10E 		.ascii	"\242\023\301\016\263\020\027r\205\240\177(9k\015\307"
 2389      B3101772 
 2389      85A07F28 
 2389      396B0DC7 
 2390 021f BB9AA851 		.ascii	"\273\232\250Q\324\356g\272\3622\357\312\213\"^Rzi\002"
 2390      D4EE67BA 
 2390      F232EFCA 
 2390      8B225E52 
 2390      7A6902
 2391 0232 8280DBDD 		.ascii	"\202\200\333\335\035\2264{\362t#c\303\323\333\343\203"
 2391      1D96347B 
 2391      F2742363 
 2391      C3D3DBE3 
 2391      83
 2392 0243 36079014 		.ascii	"6\007\220\024\325\024|X)>lV\241C6R~\305\230\012,M\310"
 2392      D5147C58 
 2392      293E6C56 
 2392      A1433652 
 2392      7EC5980A 
 2393 025a 26AAC84D 		.ascii	"&\252\310M\0047\277\003\353;\212\005\343\357\016\215"
 2393      0437BF03 
 2393      EB3B8A05 
 2393      E3EF0E8D 
 2394 026a BF66BEE0 		.ascii	"\277f\276\340\221\374\\\010\\\224\202I\005.\201<\033"
 2394      91FC5C08 
 2394      5C948249 
 2394      052E813C 
 2394      1B
 2395 027b 846387EC 		.ascii	"\204c\207\354I\012\3065\263\0031Wl}\224\361\333\263"
 2395      490AC635 
 2395      B3033157 
 2395      6C7D94F1 
 2395      DBB3
 2396 028d 935F5DBC 		.ascii	"\223_]\274h\343\240\007\3402\220\222\357\305v<\\\201"
 2396      68E3A007 
 2396      E0329092 
 2396      EFC5763C 
 2396      5C81
 2397 029f 7A716307 		.ascii	"zqc\007!RW\015IjMJU\015T4\036v\"s\004s\034p\337\220"
 2397      2152570D 
 2397      496A4D4A 
 2397      550D5434 
 2397      1E762273 
 2398 02b9 DFA3DF3A 		.ascii	"\337\243\337:\373X\306{\245qC!\311G\221\010\241G#\267"
ARM GAS  C:\Users\acest\AppData\Local\Temp\ccFJ3o58.s 			page 70


 2398      FB58C67B 
 2398      A5714321 
 2398      C9479108 
 2398      A14723B7 
 2399 02cd 217AFB03 		.ascii	"!z\373\003<\220\276\344\300\330Di\025ZRxN \037\372 "
 2399      3C90BEE4 
 2399      C0D84469 
 2399      155A5278 
 2399      4E201FFA 
 2400 02e2 8479788A 		.ascii	"\204yx\212\021\324K\220[M\020\201FA\301\345OT\324y'"
 2400      11D44B90 
 2400      5B4D1081 
 2400      4641C1E5 
 2400      4F54D479 
 2401 02f7 4FBD03FA 		.ascii	"O\275\003\372\001\372\304\241[2\233\0107\000\256s7%"
 2401      01FAC4A1 
 2401      5B329B08 
 2401      3700AE73 
 2401      3725
 2402 0309 129804BF 		.ascii	"\022\230\004\277!7\016\030D\024np\222ID\275u\346\333"
 2402      21370E18 
 2402      44146E70 
 2402      924944BD 
 2402      75E6DB
 2403 031c 3DC089D0 		.ascii	"=\300\211\320B\016t\024\177\267\236\363w\373\337\376"
 2403      420E7414 
 2403      7FB79EF3 
 2403      77FBDFFE 
 2404 032c 6C184F3D 		.ascii	"l\030O=N*B\206 \352\304\214(\370G\217/\013o\0263lK."
 2404      4E2A4286 
 2404      20EAC48C 
 2404      28F8478F 
 2404      2F0B6F16 
 2405 0344 ECECDE9A 		.ascii	"\354\354\336\232\356\201k\223q\230\211\214]\031\330"
 2405      EE816B93 
 2405      7198898C 
 2405      5D19D8
 2406 0353 0AA24FB2 		.ascii	"\012\242O\262w\267\324%\352\000\007\232\300\267\367"
 2406      77B7D425 
 2406      EA00079A 
 2406      C0B7F7
 2407 0362 DA25FC20 		.ascii	"\332%\374 \376s\366\322\024\234i\002n\314\032\342\375"
 2407      FE73F6D2 
 2407      149C6902 
 2407      6ECC1AE2 
 2407      FD
 2408 0373 FB33881E 		.ascii	"\3733\210\036\221hWF\242X\305&\221@\012%B\271\361\307"
 2408      91685746 
 2408      A258C526 
 2408      91400A25 
 2408      42B9F1C7 
 2409 0387 7D57EB01 		.ascii	"}W\353\001\307\222\020;x\325\016\315@\356Ax&v:\271\307"
 2409      C792103B 
 2409      78D50ECD 
 2409      40EE4178 
 2409      26763AB9 
 2410 039c D33D83D1 		.ascii	"\323=\203\321u\030\306d\\\252\374;s\027\010\276a\020"
ARM GAS  C:\Users\acest\AppData\Local\Temp\ccFJ3o58.s 			page 71


 2410      7518C664 
 2410      5CAAFC3B 
 2410      731708BE 
 2410      6110
 2411 03ae E08E887B 		.ascii	"\340\216\210{FD\234O\021\207C\322\313\320\375\370\205"
 2411      46449C4F 
 2411      118743D2 
 2411      CBD0FDF8 
 2411      85
 2412 03bf 0C5EFA26 		.ascii	"\014^\372&I%swK\274w\266\360\260#\361\246@\276\332\325"
 2412      49257377 
 2412      4BBC77B6 
 2412      F0B023F1 
 2412      A640BEDA 
 2413 03d4 AFCA9E40 		.ascii	"\257\312\236@J-0Jr3\317%7k$\0271#\277\257\300}\314/"
 2413      4A2D304A 
 2413      7233CF25 
 2413      376B2417 
 2413      3123BFAF 
 2414 03ec AA45212C 		.ascii	"\252E!,\000\025\036\200i\272UD;\325\310\340\336\232"
 2414      00151E80 
 2414      69BA5544 
 2414      3BD5C8E0 
 2414      DE9A
 2415 03fe DE4798D9 		.ascii	"\336G\230\331\3232\332\354\243\255\000g\000\353\262"
 2415      D332DAEC 
 2415      A3AD0067 
 2415      00EBB2
 2416 040d D64984FB 		.ascii	"\326I\204\373W\023\330\272\247G\355\255\207\205t\342"
 2416      5713D8BA 
 2416      A747EDAD 
 2416      878574E2 
 2417 041d C92F38A1 		.ascii	"\311/8\241G/ \364\370YBO8!\030\306!\365\032\247\365"
 2417      472F20F4 
 2417      F859424F 
 2417      382118C6 
 2417      21F51AA7 
 2418 0432 1DBF0E7C 		.ascii	"\035\277\016|x\3468\022RP\374'\274\370g%\305\330M\244"
 2418      78E63812 
 2418      5250FC27 
 2418      BCF86725 
 2418      C5D84DA4 
 2419 0446 D80E46F9 		.ascii	"\330\016F\3713\274\374\347\344\311p\"%\325\372\036&"
 2419      33BCFCE7 
 2419      E4C97022 
 2419      25D5FA1E 
 2419      26
 2420 0457 646A1FF7 		.ascii	"dj\037\367\202\321\017=\274\037\316K\271\253f?<\345"
 2420      82D10F3D 
 2420      BC1FCE4B 
 2420      B9AB663F 
 2420      3CE5
 2421 0469 FDD021D1 		.ascii	"\375\320!\321\315Y\263\037:\215~ \205\375p!\337\017"
 2421      CD59B31F 
 2421      3A8D7E20 
 2421      85FD7021 
 2421      DF0F
ARM GAS  C:\Users\acest\AppData\Local\Temp\ccFJ3o58.s 			page 72


 2422 047b 5D85FD60 		.ascii	"]\205\375`T\376o\321\003\205\345\256\315b\271;A^!\315"
 2422      54FE6FD1 
 2422      0385E5AE 
 2422      CD62B93B 
 2422      415E21CD 
 2423 048f 9C6F1AAF 		.ascii	"\234o\032\257\365\372]\263\214\353\237\\!9\235\204\321"
 2423      F5FA5DB3 
 2423      8CEB9F5C 
 2423      21399D84 
 2423      D1
 2424 04a0 269D182D 		.ascii	"&\235\030-\031\233q\315\247\231\363l\032\260\236\010"
 2424      199B71CD 
 2424      A799F36C 
 2424      1AB09E08 
 2425 04b0 73148C9C 		.ascii	"s\024\214\234\351\020V\240J\311\217\234\210R\217\037"
 2425      E91056A0 
 2425      4AC98F9C 
 2425      88528F1F 
 2426 04c0 7A22C70A 		.ascii	"z\"\307\012g`8\311@\370\332\237\037\212\333\275\221"
 2426      676038C9 
 2426      40F8DA9F 
 2426      1F8ADBBD 
 2426      91
 2427 04d1 82A4164E 		.ascii	"\202\244\026N\363\355\307\336\367=\336e\276\305\276"
 2427      F3EDC7DE 
 2427      F73DDE65 
 2427      BEC5BE
 2428 04e0 6068E512 		.ascii	"`h\345\022_@\256\003A\267\313\345\362\004\202\236ee"
 2428      5F40AE03 
 2428      41B7CBE5 
 2428      F204829E 
 2428      6565
 2429 04f2 159ECA80 		.ascii	"\025\236\312\200\036\012z\202!\377;nOE\305\022O\371"
 2429      1E0A7A82 
 2429      21FF3B6E 
 2429      4F45C512 
 2429      4FF9
 2430 0504 9721DF2A 		.ascii	"\227!\337*\227\004\026\361\215\273\330\267\334K\224"
 2430      970416F1 
 2430      8DBBD8B7 
 2430      DC4B94
 2431 0513 4A7DAAC4 		.ascii	"J}\252\304|A\275\330[\274\370=\367\\\367<\267\213\274"
 2431      7C41BDD8 
 2431      5BBCF83D 
 2431      F75CF73C 
 2431      B78BBC
 2432 0526 FBDF2E02 		.ascii	"\373\337.\002A|\350\2419\313}r]\274\214\270\306\326"
 2432      417CE8A1 
 2432      39CB7D72 
 2432      5DBC8CB8 
 2432      C6D6
 2433 0538 D2431E74 		.ascii	"\322C\036tZ\261rI9\236\004W\007Qc\376\330\032\336\200"
 2433      5AB17249 
 2433      399E0457 
 2433      075163FE 
 2433      D81ADE80 
 2434 054c DF1F586E 		.ascii	"\337\037XnDS\246\373W\315\235\343\237SV\021B9o@/G\003"
ARM GAS  C:\Users\acest\AppData\Local\Temp\ccFJ3o58.s 			page 73


 2434      4453A6FB 
 2434      57CD9DE3 
 2434      9F535611 
 2434      42396F40 
 2435 0563 D6C565C1 		.ascii	"\326\305e\301\362\205\272o\301\3772\204\221s3\036\257"
 2435      F285BA6F 
 2435      C1FF3284 
 2435      9173331E 
 2435      AF
 2436 0574 3FE8E3A0 		.ascii	"?\350\343\240^\236g\304\241EK\275^4JC+*\251?\270\224"
 2436      5E9E67C4 
 2436      A1454BBD 
 2436      5E344A43 
 2436      2B2AA93F 
 2437 058a 56EAAE49 		.ascii	"V\352\256I\237|\366\251\223;\251\324}E\316\331%D\321"
 2437      9F7CF6A9 
 2437      933BA9D4 
 2437      7D45CED9 
 2437      2544D1
 2438 059d 89D55FEE 		.ascii	"\211\325_\356\017\350\253\311?\261\274b\320"
 2438      0FE8ABC9 
 2438      3FB1BC62 
 2438      D0
 2439              		.text
 2440              		.section	.gnu.lto_Vector64.413.b3bfdeff,"e",%progbits
 2441 0000 789C8D55 		.ascii	"x\234\215UmlSU\030>\317=\267\037\003\031\010\"bL,\020"
 2441      6D6C5355 
 2441      183ECF3D 
 2441      B71F0319 
 2441      0822624C 
 2442 0016 624CC6B2 		.ascii	"bL\306\262\216\030\320_$&F\023\314\210\376\255!P\026"
 2442      8E18D05F 
 2442      24264613 
 2442      CC88FEAD 
 2442      215016
 2443 0029 685CE968 		.ascii	"h\\\351h\013\221_\334\255\205!\306AG\230|tC\313$\376"
 2443      0B915FDC 
 2443      AD8521C6 
 2443      4147987C 
 2443      7443CB24 
 2444 003e 21FCC0C1 		.ascii	"!\374\300\301\306\347\306\327p|\01466p\230\001\033\031"
 2444      C6E7C6D7 
 2444      707C0C36 
 2444      36709801 
 2444      1B19
 2445 0050 2030468B 		.ascii	" 0F\2132\020\202\3579\347\366\266\202\2336\351\275\347"
 2445      321082EF 
 2445      39E7F6B6 
 2445      829B36E9 
 2445      BDE7
 2446 0062 3CE7FD78 		.ascii	"<\347\375x\336\217\363\336z'c\353\300X)c\014\016\206"
 2446      DE8FF3DE 
 2446      7A2763EB 
 2446      C0582963 
 2446      0C0E86
 2447 0075 AAD83A8D 		.ascii	"\252\330:\215\031\2061\307\241i\221\3307\032\032A;\227"
 2447      198631C7 
ARM GAS  C:\Users\acest\AppData\Local\Temp\ccFJ3o58.s 			page 74


 2447      A16991D8 
 2447      371A1A41 
 2447      3B97
 2448 0087 BE26962B 		.ascii	"\276&\226+\337\\\213\306Fo\335\323\237\247\257\216\345"
 2448      DF5C8BC6 
 2448      466FDDD3 
 2448      9FA7AF8E 
 2448      E5
 2449 0098 F69FD932 		.ascii	"\366\237\3312A\327\261\311\322\261\241:\326\332\321"
 2449      41D7B1C9 
 2449      D2B1A13A 
 2449      D6DAD1
 2450 00a7 782A3E0D 		.ascii	"x*>\015m\220\210\035e\261\326\035\327\276\20524\307"
 2450      6D90881D 
 2450      65B1D61D 
 2450      D7BE8532 
 2450      34C7
 2451 00b9 01B64AE3 		.ascii	"\001\266J\343\272\315\216U\330\310\337%h(\332\0263\346"
 2451      BACD8E55 
 2451      D8C8DF25 
 2451      6828DA16 
 2451      33E6
 2452 00cb 35A18E33 		.ascii	"5\241\2163VK\177\363\027\347\250\342u\034\320\315\225"
 2452      564B7FF3 
 2452      17E7A8E2 
 2452      751CD0CD 
 2452      95
 2453 00dc 0617ADF8 		.ascii	"\006\027\255\370\\q2\275\3110\006\267G*r7\2249\3538"
 2453      5C7132BD 
 2453      C93006B7 
 2453      472A7237 
 2453      9439EB38 
 2454 00f0 C73E9026 		.ascii	"\307>\220&\366\002\365\020\272E\337\215\26134@\331\023"
 2454      F602F510 
 2454      BA45DF8D 
 2454      B1333440 
 2454      D913
 2455 0102 06ECC236 		.ascii	"\006\354\3026\260\037B\333.\274v\271\031Q\252\345Z\032"
 2455      B01F42DB 
 2455      2EBC76B9 
 2455      1951AAE5 
 2455      5A1A
 2456 0114 899F3DD6 		.ascii	"\211\237=\3265\231\341\000a\334\302\016\2348II9H\230"
 2456      3599E100 
 2456      61DCC20E 
 2456      9C384949 
 2456      394898
 2457 0127 6E613515 		.ascii	"na5\025\003o1\034\"\314&0^)M\274C\224\206~\253\272\322"
 2457      036F311C 
 2457      22CC2630 
 2457      5E294DBC 
 2457      4394867E 
 2458 013e F666DC68 		.ascii	"\366f\334h\322\005\251#\020.\025)\210\370xQ\357X\223"
 2458      D205A923 
 2458      102E1529 
 2458      88F87851 
 2458      EF5893
ARM GAS  C:\Users\acest\AppData\Local\Temp\ccFJ3o58.s 			page 75


 2459 0151 FCD0FECA 		.ascii	"\374\320\376\312m\215y\307\"\306)\303\222e\031Y\025"
 2459      6D8D79C7 
 2459      22C629C3 
 2459      92651959 
 2459      15
 2460 0162 BFF0D6D0 		.ascii	"\277\360\326\320\031\267\243\231\300\303\302\032\243"
 2460      19B7A399 
 2460      C0C3C21A 
 2460      A3
 2461 016f 3870D48A 		.ascii	"8p\324\212C\004e\307q\271\341}\031\032[+v\037\312k\211"
 2461      430465C7 
 2461      71B9E17D 
 2461      191A5B2B 
 2461      761FCA6B 
 2462 0184 181FD771 		.ascii	"\030\037\327q\035' \204L\323'\211\206^4\230\233\246"
 2462      1D272084 
 2462      4CD32789 
 2462      865E3498 
 2462      9BA6
 2463 0196 41B99FDD 		.ascii	"A\271\237\335\024u\245\345XFNQ\3407\225U\303\264:{s"
 2463      1475A5E5 
 2463      58464E51 
 2463      E0379555 
 2463      C3B43A7B 
 2464 01ab 8361E4D4 		.ascii	"\203a\344\324q\033Ne\233\375\205\314\332\212\236I\263"
 2464      711B4E65 
 2464      9BFD85CC 
 2464      DA8A9E49 
 2464      B3
 2465 01bc 46B65925 		.ascii	"F\266Y%\3072r\231\310\250\002h\005Z\240\352`\227\261"
 2465      C7327299 
 2465      C8A80268 
 2465      055AA0EA 
 2465      6097B1
 2466 01cf 9D86198E 		.ascii	"\235\206\031\216\214\315\201\263V\301\234J\314a\036"
 2466      8CCD81B3 
 2466      56C19C4A 
 2466      CC611E
 2467 01de E21CB20E 		.ascii	"\342\034\262\016\343g#7\250vm$\340\314\252]\017\325"
 2467      E3672337 
 2467      A8766D24 
 2467      E0CCAA5D 
 2467      0FD5
 2468 01f0 EE3C6139 		.ascii	"\356<a9\231\332\265<\242\332] l\224\325GG\032\357^\207"
 2468      99DAB53C 
 2468      A2DA5D20 
 2468      6C94D547 
 2468      471AEF5E 
 2469 0205 516560C4 		.ascii	"Qe`\304B\014\335\240Bt\020\330n\025\342b\272\020\374"
 2469      420CDDA0 
 2469      427410D8 
 2469      6E15E262 
 2469      BA10FC
 2470 0218 8E96B6D6 		.ascii	"\216\226\266\326p\274\263\231\233E\355z\241+w\210\256"
 2470      70BCB399 
 2470      9B45ED7A 
 2470      A12B7788 
ARM GAS  C:\Users\acest\AppData\Local\Temp\ccFJ3o58.s 			page 76


 2470      AE
 2471 0229 BC24E365 		.ascii	"\274$\343eE\2111\004\202\266\273\333mM\306\323\347\353"
 2471      45893104 
 2471      82B6BBDB 
 2471      6D4DC6D3 
 2471      E7EB
 2472 023b 0DE3D1E4 		.ascii	"\015\343\321\344\266\370\2003\027\254\216\3335z88=\234"
 2472      B6F88033 
 2472      17AC8EDB 
 2472      357A3838 
 2472      3D9C
 2473 024d 0EA9C3D6 		.ascii	"\016\251\303\326sq\305\014\035F\023c\033\270\2466\021"
 2473      7371C50C 
 2473      1D461363 
 2473      1BB8A636 
 2473      11
 2474 025e DAFC0EA3 		.ascii	"\332\374\016\243\367\010\025L\274\333\355\3425\365_"
 2474      F708154C 
 2474      BCDBEDE2 
 2474      35F55F
 2475 026d 1E892FA4 		.ascii	"\036\211/\244\300%%\230\320p\031\352l\000G\017\346$"
 2475      C0252598 
 2475      D07019EA 
 2475      6C00470F 
 2475      E624
 2476 027f 38CC6B96 		.ascii	"8\314k\226\003f\255\214\265QC\334\236\235\342\352\322"
 2476      0366AD8C 
 2476      B55143DC 
 2476      9E9DE2EA 
 2476      D2
 2477 0290 451B856E 		.ascii	"E\033\205n\340W\260\202\037\344v4\256\240F\336\330\001"
 2477      E057B082 
 2477      1FE47634 
 2477      AEA046DE 
 2477      D801
 2478 02a2 44AA2B90 		.ascii	"D\252+\220\340\216\204R\265\303I\306\313]\304\234\300"
 2478      E08E8452 
 2478      B5C349C6 
 2478      CB5DC49C 
 2478      C0
 2479 02b3 3407DA37 		.ascii	"4\007\3327d\366\344\267:g$\343=\312\270\251\220\020"
 2479      64F6E4B7 
 2479      3A6724E3 
 2479      3DCAB8A9 
 2479      9010
 2480 02c5 A34886D0 		.ascii	"\243H\206\320mg\267\021\275\375!\035(_j`l\340\274\214"
 2480      6D67B711 
 2480      BDFD211D 
 2480      285F6A60 
 2480      6CE0BC8C 
 2481 02d9 2C692227 		.ascii	",i\"'\310\204>\200r\021\236f\006\365\212\014/\012\215"
 2481      C8843E80 
 2481      72119E66 
 2481      06F58A0C 
 2481      2F0A8D
 2482 02ec 963F7159 		.ascii	"\226?qY\335\235\"\341c\320\013\\\227\207\205\212O.\372"
 2482      DD9D22E1 
ARM GAS  C:\Users\acest\AppData\Local\Temp\ccFJ3o58.s 			page 77


 2482      63D00B5C 
 2482      9787858A 
 2482      4F2EFA
 2483 02ff 803C325C 		.ascii	"\200<2\\\240\366cq\203\010\011g\246wM\330\033ky\327"
 2483      A0F66371 
 2483      83080967 
 2483      A6774DD8 
 2483      1B6B79D7 
 2484 0313 6F9DD9B2 		.ascii	"o\235\331\262\007\302;\317v\314\207qw\363%w\267\376"
 2484      07C23BCF 
 2484      76CC8771 
 2484      77F32577 
 2484      B7FE
 2485 0325 E1CE89DB 		.ascii	"\341\316\211\333\344N#`\020Q\027eA\243?9\034'\235\331"
 2485      E44E2360 
 2485      10511765 
 2485      41A33F39 
 2485      1C279DD9 
 2486 0339 AC506DE9 		.ascii	"\254Pm\351PS\365\225]\375\327\306\323\000\223Y\272\322"
 2486      5053F595 
 2486      5DFDD7C6 
 2486      D3009359 
 2486      BAD2
 2487 034b BF19B237 		.ascii	"\277\031\2627R\3676U\327V\203\206\230\304\267\365\344"
 2487      52F73655 
 2487      D7568386 
 2487      98C4B7F5 
 2487      E4
 2488 035c 28F88FF8 		.ascii	"(\370\217\370\317\251\313\023h\216I\2701e\212\367\355"
 2488      CFA9CB13 
 2488      688E49B8 
 2488      31658AF7 
 2488      ED
 2489 036d 4B127A58 		.ascii	"K\022zX\241\235I\205R\345\232e\3728\012\244r\343\217"
 2489      A19D4985 
 2489      52E59A65 
 2489      FA380AA4 
 2489      72E38F
 2490 0380 7BAFD680 		.ascii	"{\257\326\200F\221\024;p5\007\307\300\356\243|*u7\273"
 2490      4691143B 
 2490      703507C7 
 2490      C0EEA37C 
 2490      2A7537BB 
 2491 0394 2F923DC5 		.ascii	"/\222=\305\340k(\214Wi\251\213o\313]0z\343\036pG\206"
 2491      E06B288C 
 2491      5769A98B 
 2491      6FCB5D30 
 2491      7AE31E70 
 2492 03aa 3D2522CF 		.ascii	"=%\"\317\307\313\303\373\312\313\340\303\370\305$]\364"
 2492      C7CBC3FB 
 2492      CACBE0C3 
 2492      F8C5245D 
 2492      F4
 2493 03bb 66452579 		.ascii	"fE%yoS\274g\272\364\260\275\366m\211|\275\253OW}@\224"
 2493      6F53BC67 
 2493      BAF4B0BD 
 2493      F66D897C 
ARM GAS  C:\Users\acest\AppData\Local\Temp\ccFJ3o58.s 			page 78


 2493      BDAB4F57 
 2494 03d2 5A304C6E 		.ascii	"Z0Ln\037\274\224\333\244\312-Afz' E\351%\255(\312%\240"
 2494      1FBC94DB 
 2494      A4CA2D41 
 2494      667A2720 
 2494      45E925AD 
 2495 03ea E3212CCB 		.ascii	"\343!,\313\2552\330\327\314\004\326W\366<\241\304\236"
 2495      AD32D8D7 
 2495      CC04D657 
 2495      F63CA1C4 
 2495      9E
 2496 03fb 56C1A69E 		.ascii	"V\301\246\236l\006\316\200\312\262\332\305\244\367\211"
 2496      6C06CE80 
 2496      CAB2DAC5 
 2496      A4F789
 2497 040a B5D4ADA7 		.ascii	"\265\324\255\247\207m\254\241l6\361\304\227\202\317"
 2497      876DACA1 
 2497      6C36F1C4 
 2497      9782CF
 2498 0419 E397F93C 		.ascii	"\343\227\371<y\221\317_\202\017\376\244\261\364\272"
 2498      7991CF5F 
 2498      820FFEA4 
 2498      B1F4BA
 2499 0428 60F5BDB8 		.ascii	"`\365\275\270\000b\\\246)2\226U\372\247\242\364\347"
 2499      00625CA6 
 2499      29329655 
 2499      FAA7A2F4 
 2499      E7
 2500 0439 14C3D84D 		.ascii	"\024\303\330Mb\330\006\263\370IQ\374\363\352\344Qm\235"
 2500      62D806B3 
 2500      F84951FC 
 2500      F3EAE451 
 2500      6D9D
 2501 044b 52EB7D5C 		.ascii	"R\353}\\\253\022\373W\017\314n\350\026\335pA\311]\265"
 2501      AB12FB57 
 2501      0FCC6EE8 
 2501      16DD7041 
 2501      C95DB5
 2502 045e BAE1B9E8 		.ascii	"\272\341\271\350\206v\205nLY\335\320av\003\313\356\206"
 2502      8676856E 
 2502      4C59DDD0 
 2502      617603CB 
 2502      EE86
 2503 0470 8B996EE8 		.ascii	"\213\231n\350\314\356\006\263\356\317d\007d\027\273"
 2503      CCEE06B3 
 2503      EECF6407 
 2503      6417BB
 2504 047f 2A45C5EE 		.ascii	"*E\305\356\200\272?vk\242\331E\245\327\356\232f^\370"
 2504      80BA3F76 
 2504      6BA2D945 
 2504      A5D7EE9A 
 2504      665EF8
 2505 0492 C432C5E9 		.ascii	"\3042\305\351$\206\233mr\230$\235\346\025\237dM\260"
 2505      24869B6D 
 2505      7298249D 
 2505      E6159F64 
 2505      4DB0
ARM GAS  C:\Users\acest\AppData\Local\Temp\ccFJ3o58.s 			page 79


 2506 04a4 4930BA23 		.ascii	"I0\272#Fn\326\220y\003e\032\014-3d\312\265\032\372\264"
 2506      466ED690 
 2506      7903651A 
 2506      0C2D3364 
 2506      CAB51AFA 
 2507 04b9 33354804 		.ascii	"35H\004\003\323I\022\345\327\036|$\257\366z\016E\255"
 2507      03D34912 
 2507      E5D71E7C 
 2507      24AFF67A 
 2507      0E45AD
 2508 04cc BC496C3F 		.ascii	"\274Il?\361~\340\361.\361-\364\205\302\313\027\371\002"
 2508      F17EE0F1 
 2508      2EF12DF4 
 2508      85C2CB17 
 2508      F902
 2509 04de 6A1D0815 		.ascii	"j\035\010\025\272\335nO \344Y\262\240\304S\032\010\206"
 2509      BADD6E4F 
 2509      20E459B2 
 2509      A0C4531A 
 2509      0886
 2510 04f0 439E50D8 		.ascii	"C\236P\330?\263\320SR\262\310S\374U\330\267\302\255"
 2510      3FB3D053 
 2510      52B2C853 
 2510      FC55D8B7 
 2510      C2AD
 2511 0502 80F96233 		.ascii	"\200\371b33\337\267\324\313\264\322\340D\205\371B\301"
 2511      33DFB7D4 
 2511      CBB4D2E0 
 2511      4485F942 
 2511      C1
 2512 0513 7C6FFEC2 		.ascii	"|o\376\302\367\013g\025\316.t\263\367\376\333E D\217"
 2512      F70B6715 
 2512      CE2E74B3 
 2512      F7FEDB45 
 2512      20448F
 2513 0526 6078C652 		.ascii	"`x\306R\237Z\347/a\356\221\265\202a\0179-Y\276\250\230"
 2513      9F5AE72F 
 2513      61EE91B5 
 2513      82610F39 
 2513      2D59BEA8 
 2514 053b 4E422B43 		.ascii	"NB+C\2441gd\015o\300\357\017,5\243Y\020\364\257\230"
 2514      A4316764 
 2514      0D6FC0EF 
 2514      0F2C35A3 
 2514      5910F4AF 
 2515 0550 35C33F63 		.ascii	"5\303?cAI\230\344\274\201`1\031p,\\\020*\236\027\364"
 2515      414998E4 
 2515      BC816031 
 2515      19702C5C 
 2515      102A9E17 
 2516 0565 CDFD5F86 		.ascii	"\315\375_\206(ra\306\343\365\207|\002\014\026g\030\011"
 2516      287261C6 
 2516      E3F5877C 
 2516      020C1667 
 2516      1809
 2517 0577 68FE62AF 		.ascii	"h\376b\257\227\214\362\360\262R\356\017-\346\245A\367"
 2517      978CF2F0 
ARM GAS  C:\Users\acest\AppData\Local\Temp\ccFJ3o58.s 			page 80


 2517      B252EE0F 
 2517      2DE6A541 
 2517      F7
 2518 0588 B84F3FFF 		.ascii	"\270O?\377\314%\234\224\006}y\256\351\005L\0132\207"
 2518      CC259C94 
 2518      067D79AE 
 2518      E9054C0B 
 2518      3287
 2519 059a BFD81F08 		.ascii	"\277\330\037\010\256d\177\003z\212]+"
 2519      AE647F03 
 2519      7A8A5D2B 
 2520              		.text
 2521              		.section	.gnu.lto_Vector68.416.b3bfdeff,"e",%progbits
 2522 0000 789C8D55 		.ascii	"x\234\215UmlSU\030>\357=\267\267-`\231 \012\306\304"
 2522      6D6C5355 
 2522      183EEF3D 
 2522      B7B72D60 
 2522      99200AC6 
 2523 0015 0221C464 		.ascii	"\002!\304d,\353\324\200\376\"11\232`F\364o\015\031e"
 2523      2CEBD480 
 2523      FE223131 
 2523      9A6046F4 
 2523      6F0D1965 
 2524 0029 81C6958E 		.ascii	"\201\306\225\216\333B\344\027gma\210q\320\021\026>\272"
 2524      DB42E417 
 2524      676D6188 
 2524      71D01116 
 2524      3EBA
 2525 003b A2B512FF 		.ascii	"\242\265\022\377\020~ \260\361\3311`8>\006\033\0338"
 2525      107E20B0 
 2525      F1D93160 
 2525      383E061B 
 2525      1B38
 2526 004d CC800D07 		.ascii	"\314\200\015\007(\033\263\205l|(\276\347\234\333\333"
 2526      281BB385 
 2526      6C7C28BE 
 2526      E79CDBDB 
 2527 005d 0A6CDAA4 		.ascii	"\012l\332\244\367\236\363\234\367\343y?\316{\233m\204"
 2527      F79EF39C 
 2527      F7E3793F 
 2527      CE7B9B6D 
 2527      84
 2528 006e 6C00422A 		.ascii	"l\000B*\011!`%P\033\335\240\020\306\330|\253\242\204"
 2528      09216025 
 2528      501BDDA0 
 2528      10C6D87C 
 2528      ABA284
 2529 0081 A35F2BD0 		.ascii	"\243_+\320\010\270s\252\353\242\016\361\246J$:~\373"
 2529      08B873AA 
 2529      EBA20EF1 
 2529      A64A243A 
 2529      7EFB
 2530 0093 DEFE4275 		.ascii	"\336\376Bum\324\321\177v\333dU\205-\246\216\005\352"
 2530      6DD4D17F 
 2530      76DB6455 
 2530      852DA68E 
 2530      05EA
ARM GAS  C:\Users\acest\AppData\Local\Temp\ccFJ3o58.s 			page 81


 2531 00a5 A2AD1D8D 		.ascii	"\242\255\035\215\247c3\241\015\004\242AU\264\365\373"
 2531      A76333A1 
 2531      0D04A241 
 2531      55B4F5FB 
 2532 00b5 EBDF8034 		.ascii	"\353\337\20044\337\012d\215BU\213\006k`3}\013\241\221"
 2532      34DF0A64 
 2532      8D42558B 
 2532      066B6033 
 2532      7D0BA191 
 2533 00c9 485B942D 		.ascii	"H[\224-LA\222\022\022\307\277\361\213Q\250\245I\012"
 2533      4C419212 
 2533      12C7BFF1 
 2533      8B51A8A5 
 2533      490A
 2534 00db A01A2B05 		.ascii	"\240\032+\005\234\270\242\013\370\311\254\024cC;\303"
 2534      9CB8A20B 
 2534      F8C9AC14 
 2534      63433BC3 
 2535 00eb D58E4D55 		.ascii	"\325\216MU\266$\245p\000P\023\366\003\354\003\256[z"
 2535      B624A570 
 2535      005013F6 
 2535      03EC03AE 
 2535      5B7A
 2536 00fd 638246A0 		.ascii	"c\202F\240\001\244=n@\343\266\001\016\002\327\326\270"
 2536      01A43D6E 
 2536      40E3B601 
 2536      0E02D7D6 
 2536      B8
 2537 010e D72E1741 		.ascii	"\327.\027AJq\252d\221\330\271\346\256i\004\016!FM\354"
 2537      4A71AA64 
 2537      91D8B9E6 
 2537      AE69040E 
 2537      21464DEC 
 2538 0122 D0C95398 		.ascii	"\320\311S\230\224\303\210\251&V_=\370\006\201#\210Y"
 2538      94C388A9 
 2538      26565F3D 
 2538      F8068123 
 2538      8859
 2539 0134 38466B84 		.ascii	"8Fk\204\211\331Hi\344\327\332\253m\257\307XJ\345\244"
 2539      89D94869 
 2539      E4D7DAAB 
 2539      6DAFC758 
 2539      4AE5A4
 2540 0147 8E017729 		.ascii	"\216\001w)I\001\217\217\226\366N4\310\217\034\254\331"
 2540      49018F8F 
 2540      96F64E34 
 2540      C88F1CAC 
 2540      D9
 2541 0158 D158D81C 		.ascii	"\321X\330\034f\247\231)Kr\2622~\356\255\2413\246A\023"
 2541      66A79929 
 2541      4B72B232 
 2541      7EEEADA1 
 2541      33A64113 
 2542 016c 8247B935 		.ascii	"\202G\2715\202q\300q3\016\036\224\006'\304\206\366\345"
 2542      8271C071 
 2542      330E1E94 
 2542      0627C486 
ARM GAS  C:\Users\acest\AppData\Local\Temp\ccFJ3o58.s 			page 82


 2542      F6E5
 2543 017e 686CAFDE 		.ascii	"hl\257\336s\244\260%\314>JR\025N\002\0272L\237B\032"
 2543      73A4B025 
 2543      CC3E4A52 
 2543      154E0217 
 2543      324C9F42 
 2544 0193 6AE99023 		.ascii	"j\351\220#K\003s?/\025qf\345HNNR\240\267\244UfX\235"
 2544      4B03733F 
 2544      2F157166 
 2544      E5484E4E 
 2544      52A0B7A4 
 2545 01ab B7B58131 		.ascii	"\267\265\2011{\222Z\340t\276\331\237\321\254\245\364"
 2545      7B925AE0 
 2545      74BED99F 
 2545      D1ACA5F4 
 2546 01bb 2F6196E5 		.ascii	"/a\226\345\233\225r$'\227\213\014+\000\255\000- \353"
 2546      9B957224 
 2546      27978B0C 
 2546      2B00AD00 
 2546      2D20EB
 2547 01ce A089D8CE 		.ascii	"\240\211\330\316\200\021\216\210\315\012\347\314\202"
 2547      80118E88 
 2547      CD0AE7CC 
 2547      82
 2548 01db D9A498D5 		.ascii	"\331\244\230\3258\204\363\220w\030;\027\276\211\265"
 2548      3884F390 
 2548      77183B17 
 2548      BE89B5
 2549 01ea 6B43015B 		.ascii	"kC\001[^\355z\260v\027\020\263\347j\3272\214\265\273"
 2549      5EED7AB0 
 2549      761710B3 
 2549      E76AD732 
 2549      8CB5BB
 2550 01fd 88D838B3 		.ascii	"\210\3308\263\217\2165\336\275\001\254\226\301\230\205"
 2550      8F8E35DE 
 2550      BD01AC96 
 2550      C19885
 2551 020c 18B98985 		.ascii	"\030\271\211\205\350@\260\335,\304\245l!\350\037J\326"
 2551      E840B0DD 
 2551      2CC4A56C 
 2551      21E81F4A 
 2551      D6
 2552 021d 5AC389CE 		.ascii	"Z\303\211\316&j\024\265\353\231\256\034\340]yY\304K"
 2552      266A14B5 
 2552      EB99AE1C 
 2552      E05D7959 
 2552      C44B
 2553 022f 4AEF4E40 		.ascii	"J\357N@\020p\273\247\335\222bO\236ndlxZ[l\320\346\000"
 2553      1070BBA7 
 2553      DD92624F 
 2553      9E6E646C 
 2553      785A5B6C 
 2554 0246 92A49A82 		.ascii	"\222\244\232\202\017+\305\207\315*t\310F\312\257\030"
 2554      0F2BC587 
 2554      CD2A74C8 
 2554      46CAAF18 
 2555 0256 5381A508 		.ascii	"S\201\245\010\331D\025\271\011\343\346w`\275\307\260"
ARM GAS  C:\Users\acest\AppData\Local\Temp\ccFJ3o58.s 			page 83


 2555      D94415B9 
 2555      09E3E677 
 2555      60BDC7B0 
 2556 0266 60FCDDAE 		.ascii	"`\374\335\256\361\327\214\027<\022\237\013\201\313R"
 2556      F1D78C17 
 2556      3C129F0B 
 2556      81CB52
 2557 0275 30A1C015 		.ascii	"0\241\300\025\220g\203p\374\260=A\301\270fv \346\212"
 2557      90678370 
 2557      FCB03D41 
 2557      C1B86676 
 2557      20E68A
 2558 0288 AD8F307E 		.ascii	"\255\2170~{v\361\253\213\027m\034t\003\374\002\244\370"
 2558      7B76F1AB 
 2558      8B176D1C 
 2558      7403FC02 
 2558      A4F8
 2559 029a 3BB11D0F 		.ascii	";\261\035\017W\241^\334\330A\010\327UC\202Z\023RU\203"
 2559      57A15EDC 
 2559      D84108D7 
 2559      5543825A 
 2559      13525583 
 2560 02ae 02341E72 		.ascii	"\0024\036r\"s\004\263\034p\337\220\333\243\337:\373"
 2560      227304B3 
 2560      1C70DF90 
 2560      DBA3DF3A 
 2560      FB
 2561 02bf 58C67BA4 		.ascii	"X\306{\244qC!\301G\221\010\241[#w r\347\003<\220\276"
 2561      714321C1 
 2561      479108A1 
 2561      5B237720 
 2561      72E7033C 
 2562 02d5 E4C0D844 		.ascii	"\344\300\330Di\025ZRxN \027\372 \204xx\212\021\324\004"
 2562      69155A52 
 2562      784E2017 
 2562      FA208478 
 2562      788A11D4 
 2563 02ea 739EBC24 		.ascii	"s\236\274$\002\215\200\202\313\037\251\250\363.\236"
 2563      028D8082 
 2563      CB1FA9A8 
 2563      F32E9E
 2564 02f9 7A07F401 		.ascii	"z\007\364\001\364\212\303\022\311l\"\334\004\270\301"
 2564      F48AC312 
 2564      C96C22DC 
 2564      04B8C1
 2565 0308 DD144BA0 		.ascii	"\335\024K\240\000~Cn\0340\210(\334`\201ID\275}v\333"
 2565      007E436E 
 2565      1C308828 
 2565      DC608149 
 2565      44BD7D76 
 2566 031d 5EE04468 		.ascii	"^\340Dh>\007:\212\277\333\317\371\273\363o\1776\214"
 2566      3E073A8A 
 2566      BFDBCFF9 
 2566      BBF36F7F 
 2566      368C
 2567 032f A71E2715 		.ascii	"\247\036'\025!C\020qbF\024\374\243\307\227\2057\213"
 2567      21431071 
ARM GAS  C:\Users\acest\AppData\Local\Temp\ccFJ3o58.s 			page 84


 2567      624614FC 
 2567      A3C79785 
 2567      378B
 2568 0341 19B6251B 		.ascii	"\031\266%\033vf_MW\377\365I8\314D\306\256\366o\005\321"
 2568      76665F4D 
 2568      57FFF549 
 2568      38CC44C6 
 2568      AEF66F05 
 2569 0356 2799812D 		.ascii	"'\231\201-u\361:\300\201&\360\035=v\011?\210\375\224"
 2569      75F13AC0 
 2569      8126F01D 
 2569      3D76093F 
 2569      88FD94
 2570 0369 B9321967 		.ascii	"\2712\031g\232\200\0333\206x\337\2014\242G%\332\231"
 2570      9A801B33 
 2570      8678DF81 
 2570      34A24725 
 2570      DA99
 2571 037b 962856B1 		.ascii	"\226(V\261I$\220B\261Pn\374a\377\265z\300\261$\304\016"
 2571      49249042 
 2571      B1506EFC 
 2571      61FFB57A 
 2571      C0B124C4 
 2572 0390 5DB34333 		.ascii	"]\263C3\220{\020\232\201\235N\356\361\304Ogt\035\206"
 2572      907B109A 
 2572      819D4EEE 
 2572      F1C44F67 
 2572      741D86
 2573 03a3 3109972A 		.ascii	"1\011\227*\377\316\014\000\3017\014\002\334\025qO\017"
 2573      FFCE0C00 
 2573      C1370C02 
 2573      DC15714F 
 2573      0F
 2574 03b4 8BF3C9E2 		.ascii	"\213\363\311\342pHz\031\272\037\273\224\306K\337$\251"
 2574      70487A19 
 2574      BA1FBB94 
 2574      C64BDF24 
 2574      A9
 2575 03c5 A407B6C4 		.ascii	"\244\007\266\304zf\011\017;\343o\012\344\253\335}\252"
 2575      7A66090F 
 2575      3BE36F0A 
 2575      E4ABDD7D 
 2575      AA
 2576 03d6 EC09A4D4 		.ascii	"\354\011\244\324\002\243$7\375\\r3Fr\0213\362\373\012"
 2576      02A32437 
 2576      FD5C7233 
 2576      46721133 
 2576      F2FB0A
 2577 03e9 DCC7FCA2 		.ascii	"\334\307\374\242Z\004B\002P\341\001\230\246[E\264S\214"
 2577      5A044202 
 2577      50E10198 
 2577      A65B45B4 
 2577      538C
 2578 03fb 0CEEABE9 		.ascii	"\014\356\253\351y\204\231=#\243\315<\332\012p\026\260"
 2578      7984993D 
 2578      23A3CD3C 
 2578      DA0A7016 
ARM GAS  C:\Users\acest\AppData\Local\Temp\ccFJ3o58.s 			page 85


 2578      B0
 2579 040c 2E6B9D44 		.ascii	".k\235D\270\1775\216\255{f\324\336z\230O'\226\370\202"
 2579      B87F358E 
 2579      AD7B66D4 
 2579      DE7A984F 
 2579      2796F882 
 2580 0420 137AF402 		.ascii	"\023z\364\002B\217\237%\364\204\023\202a\034R\257qZ"
 2580      428F9F25 
 2580      F4841382 
 2580      611C52AF 
 2580      715A
 2581 0432 DFF2EBC0 		.ascii	"\337\362\353\300\207g\226#!y\305\177\302\213\177^R\214"
 2581      87679623 
 2581      2179C57F 
 2581      C28B7F5E 
 2581      528C
 2582 0444 DE428A6D 		.ascii	"\336B\212m`\224?\315\313\177A\236\014\307\223R\255\367"
 2582      60943FCD 
 2582      CB7F419E 
 2582      0CC79352 
 2582      ADF7
 2583 0456 615CA6F6 		.ascii	"a\\\246\366q\017\030\375\320\315\373\341\242\224\273"
 2583      710F18FD 
 2583      D0CDFBE1 
 2583      A294BB
 2584 0465 66F6C353 		.ascii	"f\366\303S\336\017\355\022\335\2341\373\241\303\350"
 2584      DE0FED12 
 2584      DD9C31FB 
 2584      A1C3E8
 2585 0474 0792DF0F 		.ascii	"\007\222\337\017\227r\375\320\231\337\017F\345\377\026"
 2585      9772FDD0 
 2585      99DF0F46 
 2585      E5FF16
 2586 0483 3D905FEE 		.ascii	"=\220_\356\332\014\226\273\003\344\025\322\314\371\246"
 2586      DA0C96BB 
 2586      03E415D2 
 2586      CCF9A6
 2587 0492 F15AAFDF 		.ascii	"\361Z\257\337=\323\270\376\211\025\222\323)\030m\322"
 2587      3DD3B8FE 
 2587      891592D3 
 2587      29186DD2 
 2588 04a2 89D192B6 		.ascii	"\211\321\222\266\031\327|\2529\317\246\002\353\0163"
 2588      19D77CAA 
 2588      39CFA602 
 2588      EB0E33
 2589 04b1 47DEC899 		.ascii	"G\336\310\231\006!\005\252\224\334\310\011+\365\370"
 2589      062105AA 
 2589      94DCC809 
 2589      2BF5F8
 2590 04c0 A12772AC 		.ascii	"\241'r\254p\006\206\2234\204\256\377\371\241\270\335"
 2590      70068693 
 2590      3484AEFF 
 2590      F9A1B8DD 
 2591 04d0 1B29486A 		.ascii	"\033)Hj\241\024\337~\354y\337\355Y\346]\354\015\004"
 2591      A114DF7E 
 2591      EC79DFED 
 2591      59E65DEC 
ARM GAS  C:\Users\acest\AppData\Local\Temp\ccFJ3o58.s 			page 86


 2591      0D04
 2592 04e2 572EF1FA 		.ascii	"W.\361\372\345\332\037(q\271\\n\177\300\275\254\254"
 2592      E5DA1F28 
 2592      71B95C6E 
 2592      7FC0BDAC 
 2592      AC
 2593 04f3 C25DE9D7 		.ascii	"\302]\351\327\203\001w \350{\273\304]Q\261\304]\376"
 2593      83017720 
 2593      E87BBBC4 
 2593      5D51B1C4 
 2593      5DFE
 2594 0505 65D0BBCA 		.ascii	"e\320\273\312%\201E|\363N\221w\271\207(\225\372\024"
 2594      2581457C 
 2594      F34E9177 
 2594      B9872895 
 2594      FA14
 2595 0517 8979037A 		.ascii	"\211y\003z\221\247h\361{%sK\346\225\270\310\273\377"
 2595      91A768F1 
 2595      7B25734B 
 2595      E695B8C8 
 2595      BBFF
 2596 0529 EDC21FC0 		.ascii	"\355\302\037\300\207\036\234\263\334+\327E\313\210k"
 2596      871E9CB3 
 2596      DC2BD745 
 2596      CB886B
 2597 0538 6C2D3DE8 		.ascii	"l-=\350F\247\025+\227\224\343I`u\0005\346\217\255\341"
 2597      46A7152B 
 2597      9794E349 
 2597      60750035 
 2597      E68FADE1 
 2598 054c F1FB7CFE 		.ascii	"\361\373|\376\345F4e\272o\325\3349\2769e\025A\224\363"
 2598      E5463465 
 2598      BA6FD5DC 
 2598      39BE3965 
 2598      154194F3 
 2599 0560 F8F57234 		.ascii	"\370\365r4`]\\\026(_\250{\027\374/C\03097\343\366\370"
 2599      605D5C16 
 2599      285FA87B 
 2599      17FC2F43 
 2599      183937E3 
 2600 0576 025E0EEA 		.ascii	"\002^\016\352\3459F\034Z\264\324\343A\2434\270\242\222"
 2600      E539461C 
 2600      5AB4D4E3 
 2600      41A334B8 
 2600      A292
 2601 0588 FA024B69 		.ascii	"\372\002Ki\245\356*\370\344\263O\235\334I\245\356-t"
 2601      A5EE2AF8 
 2601      E4B34F9D 
 2601      DC49A5EE 
 2601      2D74
 2602 059a CE2A268A 		.ascii	"\316*&\212N\254\276r\237__M\376\001\341Ac\031"
 2602      4EACBE72 
 2602      9F5F5F4D 
 2602      FE01E141 
 2602      6319
 2603              		.text
 2604              		.section	.gnu.lto_Vector9C.419.b3bfdeff,"e",%progbits
ARM GAS  C:\Users\acest\AppData\Local\Temp\ccFJ3o58.s 			page 87


 2605 0000 789CB598 		.ascii	"x\234\265\230kLUW\026\307\317\332\347r\037<.(j\353\304"
 2605      6B4C5557 
 2605      16C7CFDA 
 2605      E7721F3C 
 2605      2E286AEB 
 2606 0015 A4D8C64C 		.ascii	"\244\330\306L&Q#4M\355|2\231d2\311<Rg\27621\212\244"
 2606      26512334 
 2606      4DED7C32 
 2606      996432C9 
 2606      3C5267BE 
 2607 002d 9211B117 		.ascii	"\222\021\261\027\332L?\365\300\005\3017\217J\021.\240"
 2607      DA4C3FF5 
 2607      C005C137 
 2607      8F4A112E 
 2607      A0
 2608 003e 14ADD58A 		.ascii	"\024\255\325\212\035\265\012*\212h\305\252S|?P@QQ| "
 2608      1DB50A2A 
 2608      8A68C5AA 
 2608      537C3F50 
 2608      4051517C 
 2609 0053 82282AD6 		.ascii	"\202(*\326Y{\237\3679\373\334\271!\321\344\334{\366"
 2609      597B9FF7 
 2609      39FBDCB9 
 2609      21D1E4DC 
 2609      7BF6
 2610 0065 3AFBACB5 		.ascii	":\373\254\265\366\372\257\337vs}\357\010\302*\020\204"
 2610      F6FAAFDF 
 2610      76737DEF 
 2610      08C22A10 
 2610      84
 2611 0076 0ABCE02D 		.ascii	"\012\274\340-\001JKV\020A\222\2449\036B\202%+\0114\001"
 2611      014A4B56 
 2611      104192A4 
 2611      391E4282 
 2611      252B0934 
 2612 008b 8E925CCB 		.ascii	"\216\222\\\313J\374\354[$\371%1\225\273z\247\273\012"
 2612      4AFCEC5B 
 2612      24F92531 
 2612      95BB7AA7 
 2612      BB0A
 2613 009d 4AFCBDA7 		.ascii	"J\374\275\247\326'\272\\\260N{'\012\312KN\0145\035\017"
 2613      D627BA5C 
 2613      B04E7B27 
 2613      0ACA4B4E 
 2613      0C351D0F 
 2614 00b1 BD075584 		.ascii	"\275\007U\204Y\334\244\320\340\245\262\270G\276\361"
 2614      59DCA4D0 
 2614      E0A5B2B8 
 2614      47BEF1
 2615 00c0 908AE29D 		.ascii	"\220\212\342\235\300\374\254G\033s\344\205\365\245u"
 2615      C0FCAC47 
 2615      1B73E485 
 2615      F5A575
 2616 00cf 5365473E 		.ascii	"SeG>\250,\255+\001(\222\275D\223\252\342\235SU/5\252"
 2616      A82CAD2B 
 2616      012892BD 
 2616      4493AAE2 
ARM GAS  C:\Users\acest\AppData\Local\Temp\ccFJ3o58.s 			page 88


 2616      9D53552F 
 2617 00e5 97181252 		.ascii	"\227\030\022R\275T\253^b\241Z\363\022\0075\314\3130"
 2617      BD54AB5E 
 2617      62A15AF3 
 2617      120735CC 
 2617      CB30
 2618 00f7 B0A19FD4 		.ascii	"\260\241\237\324\032\274lU\275\304\223-\252\227\357"
 2618      1ABC6C55 
 2618      BDC4932D 
 2618      AA97EF
 2619 0106 542F09F0 		.ascii	"T/\011\360\235\346e\034le^zd/\343\3116\203\227\006\325"
 2619      9DE6651C 
 2619      6C655E7A 
 2619      642FE3C9 
 2619      36839706 
 2620 011b 4B22F95E 		.ascii	"K\"\371^\365\262]\3652\001\266k^&B\003\363\322.{\231"
 2620      F5B25DF5 
 2620      3201B66B 
 2620      5E264203 
 2620      F3D22E7B 
 2621 0130 04B92527 		.ascii	"\004\271%'\276y\262\032dGs< |IDW\224\333\343\365E\307"
 2621      BE79B21A 
 2621      6447733C 
 2621      207C4944 
 2621      5794DBE3 
 2622 0147 C4C6F9E3 		.ascii	"\304\306\371\343\023\306\215O\2340q\022|\011e\342\357"
 2622      13C68D4F 
 2622      9C307112 
 2622      7C0965E2 
 2622      EF
 2623 0158 70CA487E 		.ascii	"p\312H~{\211\364q\013\324\213\202P\203\227\362/$B\251"
 2623      7B89F471 
 2623      0BD48B82 
 2623      508397F2 
 2623      2F2442A9 
 2624 016c 582F02B8 		.ascii	"X/\002\270\224;\002Ix'\376\215>\231\326\"I\003\265\301"
 2624      943B0249 
 2624      7827FE8D 
 2624      3E99D622 
 2624      4903B5C1 
 2625 0180 427F71AE 		.ascii	"B\177q\256\267^\024a/\340\233\260\007\340G\240\357\316"
 2625      B75E1461 
 2625      2FE09BB0 
 2625      07E047A0 
 2625      EFCE
 2626 0192 DD16EB16 		.ascii	"\335\026\353\026\240\021d\177\011\370\202\233\372\006"
 2626      A011647F 
 2626      09F8829B 
 2626      FA06
 2627 01a0 D807F46D 		.ascii	"\330\007\364m7Fm\354L\0260\305\032\221\250\226P\373"
 2627      37466DEC 
 2627      4C1630C5 
 2627      1A91A896 
 2627      50FB
 2628 01b2 918B9305 		.ascii	"\221\213\223\005\330\2176Q\2635\377t\314#\300\001\264"
 2628      D88F3651 
 2628      B335FF74 
ARM GAS  C:\Users\acest\AppData\Local\Temp\ccFJ3o58.s 			page 89


 2628      CC23C001 
 2628      B4
 2629 01c3 B9345B6D 		.ascii	"\2714[ma\377\024\001\232\321\026Emb1s\361[Lid\240\364"
 2629      61FF1401 
 2629      9AD11645 
 2629      6D623173 
 2629      F15B4C69 
 2630 01da 6AFB6F42 		.ascii	"j\373oBR\213\213&u\010hH9)\240\353\023\347\366\304+"
 2630      528B8B26 
 2630      75086848 
 2630      3929A0EB 
 2630      13E7F6C4 
 2631 01ef C98F1C5C 		.ascii	"\311\217\034\\S\3254\375HP:.is\005}\256\274~\226\347"
 2631      53D534FD 
 2631      48503A2E 
 2631      6973057D 
 2631      AEBC7E96 
 2632 0204 85901B0E 		.ascii	"\205\220\033\016\243\361 \365&\340:\240U[\007]\224\033"
 2632      A3F120F5 
 2632      26E03AA0 
 2632      555B075D 
 2632      941B
 2633 0216 8EB28178 		.ascii	"\216\262\201x[O\243\246pG\363\364\266\240\364\247z\321"
 2633      5B4FA3A6 
 2633      7047F3F4 
 2633      B6A0F4A7 
 2633      7AD1
 2634 0228 053F019D 		.ascii	"\005?\001\235\244\270>\206i\270\346\016\370\3254\260"
 2634      A4B83E86 
 2634      69B8E60E 
 2634      F8D534B0 
 2635 0238 F6B35BF2 		.ascii	"\366\263[\362\223\324y\202>ONA\354\223\275J\212\327"
 2635      93D47982 
 2635      3E4F4E41 
 2635      EC93BD4A 
 2635      8AD7
 2636 024a D9158D92 		.ascii	"\331\025\215\222\344\253\027\243\340\270\321\355\317"
 2636      E4AB17A3 
 2636      E0B8D1ED 
 2636      CF
 2637 0257 E8366AEE 		.ascii	"\3506j\356+\346V2\272\225\347\011\372<\303\312:\223"
 2637      2BE65632 
 2637      BA95E709 
 2637      FA3CC3CA 
 2637      3A93
 2638 0269 E104401B 		.ascii	"\341\004@\033\310:\270\331\332N\202\262\034\2666\017"
 2638      C83AB8D9 
 2638      DA4E82B2 
 2638      1CB6360F 
 2639 0279 FC5713CC 		.ascii	"\374W\023\314+O\363(\017\341\0270<\014\265\007o\241"
 2639      2B4FF328 
 2639      0FE11730 
 2639      3C0CB507 
 2639      6FA1
 2640 028b 76ED38C1 		.ascii	"v\3558\301k\320\256\013\265;\2156\237\256]\3333\324"
 2640      6BD0AE0B 
 2640      B53B8D36 
ARM GAS  C:\Users\acest\AppData\Local\Temp\ccFJ3o58.s 			page 90


 2640      9FAE5DDB 
 2640      33D4
 2641 029d EE0CDAA2 		.ascii	"\356\014\332\242\265>:\324\364\340\006H\245\022\204"
 2641      B53E3AD4 
 2641      F4E00648 
 2641      A51284
 2642 02ac 1562E416 		.ascii	"\025b\344\026\012q\016\215g5!\316\033\033*T\267\204"
 2642      0A710E8D 
 2642      673521CE 
 2642      1B1B2A54 
 2642      B784
 2643 02be DF501739 		.ascii	"\337P\0279\015u\211\323P\227\325\206bIUE\224\024\353"
 2643      0D7589D3 
 2643      5097D586 
 2643      62495545 
 2643      9414EB
 2644 02d1 8E0E345E 		.ascii	"\216\0164^\321\222\272\252&\025\221\276T\255bl\330\374"
 2644      D192BAAA 
 2644      261591BE 
 2644      54AD626C 
 2644      D8FC
 2645 02e3 2421AC58 		.ascii	"$!\254X#\327\222\241\013\240\323$V\267&\026G\237\033"
 2645      23D792A1 
 2645      0BA0D324 
 2645      56B72616 
 2645      479F1B
 2646 02f6 1C7D7A38 		.ascii	"\034}z8\372\334\344\350sk\254\372\364\242\361\266V\212"
 2646      FADCE4E8 
 2646      736BACFA 
 2646      F4A2F1B6 
 2646      568A
 2647 0308 3B267DF2 		.ascii	";&}\362\034\364\351\343\350s\217\243\317\375\261\352"
 2647      1CF4E9E3 
 2647      E8738FA3 
 2647      CFFDB1EA 
 2648 0318 F3108D0F 		.ascii	"\363\020\215\017\264\244\372\337\210>\215\250\317c\200"
 2648      B4A4FADF 
 2648      883E8DA8 
 2648      CF6380
 2649 0327 01933E83 		.ascii	"\001\223>\203\341\364y\302\321g\230\243\317S\216>\317"
 2649      E1F479C2 
 2649      D16798A3 
 2649      CF538E3E 
 2649      CF
 2650 0338 C6AACF73 		.ascii	"\306\252\317s4\216h\245xa\322\247\347_|}F9\372\274\342"
 2650      348E68A5 
 2650      7861D2A7 
 2650      E75F7C7D 
 2650      4639FABC 
 2651 034d E8F3EB58 		.ascii	"\350\363\353X\365\221\210\000\257\265\244r\311\033\341"
 2651      F5918800 
 2651      AFB5A472 
 2651      C91BE1
 2652 035c E75232E4 		.ascii	"\347R2\344\023\010\022\243>\005$\214>\205\304\256O\021"
 2652      130812A3 
 2652      3E05248C 
 2652      3E85C4AE 
ARM GAS  C:\Users\acest\AppData\Local\Temp\ccFJ3o58.s 			page 91


 2652      4F11
 2653 036e B1EBB39C 		.ascii	"\261\353\263\234\330\365YA\306\250\317*\314o%QK\261"
 2653      D8F55941 
 2653      C6A8CF2A 
 2653      CC6F2551 
 2653      4BB1
 2654 0380 9A18F569 		.ascii	"\232\030\365iu\320g-\261\353SL\354\372\224\2201\352"
 2654      75D0672D 
 2654      B1EB534C 
 2654      ECFA9490 
 2654      31EA
 2655 0392 53864995 		.ascii	"S\206I\225jI}\365F\364iD}\276&Pn\322\247\"\234>\225"
 2655      6A497DF5 
 2655      46F46944 
 2655      7DBE2650 
 2655      6ED2A722 
 2656 03a9 1C7DAA38 		.ascii	"\034}\2528\372\2048\372T\217U\237Z\314\257F+\305\006"
 2656      FA8438FA 
 2656      548F559F 
 2656      5ACCAF46 
 2656      2BC506
 2657 03bc B514E243 		.ascii	"\265\024\342C\242zk<z\341\260\250\034*\352\210\371T"
 2657      A27A6B3C 
 2657      7AE1B0A8 
 2657      1C2AEA88 
 2657      F954
 2658 03ce B4979E8A 		.ascii	"\264\227\236\212\276aK\024\346\356\211\245'c\034\356"
 2658      BE614B14 
 2658      E6EE89A5 
 2658      27631CEE 
 2659 03de 381BD522 		.ascii	"8\033\325\"\215\276^+I\317&_9\360\310\373>`\251\334"
 2659      8DBE5E2B 
 2659      49CF265F 
 2659      39F0C8FB 
 2659      3E60A9DC 
 2660 03f2 847E88F8 		.ascii	"\204~\210\370\341q\341\2077\212\016\335t\350\241C/\035"
 2660      E171E187 
 2660      378A0EDD 
 2660      74E8A143 
 2660      2F1D
 2661 0404 FAE8309A 		.ascii	"\372\3500\232\016c\3500\226\016\343\350\320O\207\361"
 2661      0E63E830 
 2661      960EE3E8 
 2661      D04F87F1 
 2662 0414 74984087 		.ascii	"t\230@\207SXPa\255H\017\214\222\013\244\026A(\026\211"
 2662      53585061 
 2662      AD480F8C 
 2662      920BA416 
 2662      41281689 
 2663 0428 3C08E2E0 		.ascii	"<\010\342\340\036H=\207P1\372}\326M\277\336\345|\324"
 2663      1E483D87 
 2663      5031FA7D 
 2663      D64DBFDE 
 2663      E57CD4
 2664 043b FD934DB8 		.ascii	"\375\223M\270$O\254#PO\344g\375\320z\300W'\202rN\364"
 2664      244FAC23 
 2664      504FE467 
ARM GAS  C:\Users\acest\AppData\Local\Temp\ccFJ3o58.s 			page 92


 2664      FDD07AC0 
 2664      57278272 
 2665 0451 81A0DD49 		.ascii	"\201\240\335IE\371\022=?n\246gQ<)F\303f\002\233\210"
 2665      45F9123D 
 2665      3F6EA667 
 2665      513C2946 
 2665      C366029B 
 2666 0466 306B231B 		.ascii	"0k#\033\306\300\267\244\232\0359\373!X^\010u\342\224"
 2666      C6C0B7A4 
 2666      9A1D39FB 
 2666      21585E08 
 2666      75E294
 2667 0479 3AF95537 		.ascii	":\371U7\\\367\240\367\274$L\035\255j\0228n\004m\214"
 2667      5CF7A0F7 
 2667      BC244C1D 
 2667      AD6A1238 
 2667      6E046D8C 
 2668 048d 81CB7DE1 		.ascii	"\201\313}\341\274o\225\275+/\324\321?\027\330\032\256"
 2668      BC6F95BD 
 2668      2B2FD4D1 
 2668      3F17D81A 
 2668      AE
 2669 049e B9B58044 		.ascii	"\271\265\200D\013\230$\364A~\337\037\320$\217\345cp"
 2669      0B9824F4 
 2669      417EDF1F 
 2669      D0248FE5 
 2669      6370
 2670 04b0 B128E6A2 		.ascii	"\261(\346\242wB\013\005z=\372!\217\256YTV\032\013Q\312"
 2670      77420B05 
 2670      7A3DFA21 
 2670      8FAE5954 
 2670      561A0B51 
 2671 04c5 5D1C5B7D 		.ascii	"]\034[}>\020\274\335\"\262\356\331L\005\365\303\017"
 2671      3E10BCDD 
 2671      22B2EED9 
 2671      4C05F5C3 
 2671      0F
 2672 04d6 0476B036 		.ascii	"\004v\2606I\221\263\215\207\377\020h@a\204Y\262!\001"
 2672      4991B38D 
 2672      87FF1068 
 2672      40618459 
 2672      B22101
 2673 04e9 7662BE34 		.ascii	"vb\2764\256\222\210H\035&h\211\270\356\236Z\277\013"
 2673      AE928848 
 2673      1D266889 
 2673      B8EE9E5A 
 2673      BF0B
 2674 04fb 6822A231 		.ascii	"h\"\2421\007\227C\274\037m\361\366\230\343ya/\306\243"
 2674      079743BC 
 2674      1F6DF1F6 
 2674      98E37961 
 2674      2FC6A3
 2675 050e 8601403E 		.ascii	"\206\001@>1\036^\330\270\343X\264(m\331Q\352\262\207"
 2675      311E5ED8 
 2675      B8E358B4 
 2675      286DD951 
 2675      EAB287
ARM GAS  C:\Users\acest\AppData\Local\Temp\ccFJ3o58.s 			page 93


 2676 0521 9AD75CEC 		.ascii	"\232\327\\\354\275>\036w\034V\305\253\275\364\217;j"
 2676      BD3E1E77 
 2676      1C56C5AB 
 2676      BDF48F3B 
 2676      6A
 2677 0532 1F5E575E 		.ascii	"\037^W^S\016\270\3530{U\227O6\277\012\355\036\272\234"
 2677      530EB8EB 
 2677      307B5597 
 2677      4F36BF0A 
 2677      ED1EBA9C 
 2678 0546 881B0F33 		.ascii	"\210\033\01737\015)\323o\356\035Dk\251l\2750([Q\331"
 2678      370D29D3 
 2678      6FEE1D44 
 2678      6BA96CBD 
 2678      30285B51 
 2679 055b 32567811 		.ascii	"2Vx\021f\261\227ol\332\323]\015\270\335\260i\373\273"
 2679      66B1976F 
 2679      6CDAD35D 
 2679      0DB8DDB0 
 2679      69FBBB
 2680 056e 7DB08E08 		.ascii	"}\260\216\010\217 \357]\344RxLp]S\363\304e\270\214\361"
 2680      8F20EF5D 
 2680      E452784C 
 2680      705D53F3 
 2680      C465B88C 
 2681 0583 78EBC294 		.ascii	"x\353\302\224a\037\021\360\033\366\243\314l\335S\013"
 2681      611F11F0 
 2681      1BF6A3CC 
 2681      6CDD530B 
 2682 0593 D8F344F6 		.ascii	"\330\363D\366\260\231\260(\003\243\241\363\203\270\225"
 2682      B099B028 
 2682      03A3A1F3 
 2682      83B895
 2683 05a2 94B1A134 		.ascii	"\224\261\24148\274.\3245\215E\250\255y\207Y\2267\334"
 2683      38BC2ED4 
 2683      358D45A8 
 2683      AD798759 
 2683      9637DC
 2684 05b5 74C97D82 		.ascii	"t\311}\202)\225\023\207\342\036\262\025\267E).\332\224"
 2684      29951387 
 2684      E21EB215 
 2684      B745292E 
 2684      DA94
 2685 05c7 FA4E80C3 		.ascii	"\372N\200\303X_|-\037\362\230\301\005\255Ds\3755[\355"
 2685      585F7C2D 
 2685      1FF298C1 
 2685      05AD4473 
 2685      FD355BED 
 2686 05db 44A582CD 		.ascii	"D\245\202\315k\272^`e+\344\325\016\275\250\000XOP\227"
 2686      6BBA5E60 
 2686      652BE4D5 
 2686      0EBDA800 
 2686      584F5097 
 2687 05ef 82248185 		.ascii	"\202$\201\205\237T\203\355\\A\234z\353\2301\035\374"
 2687      9F5483ED 
 2687      5C419C7A 
 2687      EB98311D 
ARM GAS  C:\Users\acest\AppData\Local\Temp\ccFJ3o58.s 			page 94


 2687      FC
 2688 0600 9F8226D4 		.ascii	"\237\202&\324\306I\350\2705\241\237iBp\024=\276E\323"
 2688      C649E8B8 
 2688      35A19F69 
 2688      4270143D 
 2688      BE45D3
 2689 0613 DAC086E5 		.ascii	"\332\300\206\345DPs\024\004\203\370\243T\374J9\305\222"
 2689      44507314 
 2689      0483F8A3 
 2689      54FC4A39 
 2689      C592
 2690 0625 3B986215 		.ascii	";\230b\025Q\344\037\244\362\207\344'\317j\352\345E\365"
 2690      51E41FA4 
 2690      F287E427 
 2690      CF6AEAE5 
 2690      45F5
 2691 0637 3CAF914B 		.ascii	"<\257\221K\373\262\013\224~\350\240\375P-\317\353\326"
 2691      FBB20B94 
 2691      7EE8A0FD 
 2691      502DCFEB 
 2691      D6
 2692 0648 FAE135ED 		.ascii	"\372\3415\355\207\032\331Z6\244\365C\255\322\017\202"
 2692      871AD95A 
 2692      36A4F543 
 2692      ADD20F82 
 2693 0658 B11F36E8 		.ascii	"\261\0376\350\375\260\321\330\017\212\362'Y\017\030"
 2693      FDB0D1D8 
 2693      0F8AF227 
 2693      590F18
 2694 0667 E52E1D42 		.ascii	"\345.\035B\271k\211\214\220[\333\364\334T\353\242\206"
 2694      B96B898C 
 2694      905BDBF4 
 2694      DC54EBA2 
 2694      86
 2695 0678 F7942DA1 		.ascii	"\367\224-\241\356S9'\334\334\324\235!J\333\031Z4\"\243"
 2695      EE533927 
 2695      DCDCD49D 
 2695      214ADB19 
 2695      5A3422A3 
 2696 068c 603B5168 		.ascii	"`;Qh\364\204\331\026\334\332\266\340v\020\354\264\255"
 2696      F484D916 
 2696      DCDAB6E0 
 2696      7610ECB4 
 2696      AD
 2697 069d 7FCE1068 		.ascii	"\177\316\020h7m\006g\315\233\201\033v\253\241\275\374"
 2697      376D0667 
 2697      CD9B811B 
 2697      76ABA1BD 
 2697      FC
 2698 06ae 8DC0E310 		.ascii	"\215\300\343\020\353\274-\326\005s,/\\4o\004n\274<\352"
 2698      EBBC2DD6 
 2698      05732C2F 
 2698      5C346F04 
 2698      6EBC3CEA 
 2699 06c2 46E073DE 		.ascii	"F\340s\336\010F\201\277\021\274\002\356F\360+\3606\202"
 2699      084681BF 
 2699      11BC02EE 
ARM GAS  C:\Users\acest\AppData\Local\Temp\ccFJ3o58.s 			page 95


 2699      46F02BF0 
 2699      3682
 2700 06d4 D760DD08 		.ascii	"\327`\335\010$F\260A\364\\]\364<\216\350M6\321\031\343"
 2700      2446B041 
 2700      F45C5DF4 
 2700      3C8EE84D 
 2700      36D119E3 
 2701 06e8 9233E33B 		.ascii	"\2223\343;\014\214\007\235\030\357\260\325\355\252R"
 2701      0C8C079D 
 2701      18EFB0D5 
 2701      EDAA52
 2702 06f7 372352D7 		.ascii	"7#R\327\254Hu\352\214\343\211\363(1\362]`\340{\231\215"
 2702      AC4875EA 
 2702      8CE389F3 
 2702      2831F25D 
 2702      60E07B99 
 2703 070c EF0247BE 		.ascii	"\357\002G\276\257\233\370\356a|\337\340$\323cM\346&"
 2703      AF9BF8EE 
 2703      617CDFE0 
 2703      24D3634D 
 2703      E626
 2704 071e 8FEFA0CA 		.ascii	"\217\357\240\312w>\207\357B\003\337E&\276\227G\310\367"
 2704      773E87EF 
 2704      4203DF45 
 2704      26BE9747 
 2704      C8F7
 2705 0730 0A2EDF2B 		.ascii	"\012.\337+m|\257b\270\032d^\255\313\274&r\266W)lG[\330"
 2705      6D7CAF62 
 2705      B81A645E 
 2705      ADCBBC26 
 2705      72B65729 
 2706 0748 DE6161FB 		.ascii	"\336aa\373\261\201m\257\306\266\004*`^\235\355\2300"
 2706      B1816DAF 
 2706      C6B6042A 
 2706      605E9DED 
 2706      9830
 2707 075a 6CFB34B6 		.ascii	"l\3734\266\235x\353\263\365\315=\002wMl\3377\263\355"
 2707      9D78EBB3 
 2707      F5CD3D02 
 2707      774D6CDF 
 2707      37B3ED
 2708 076d D3D98EE5 		.ascii	"\323\331\216\345\263\035\355\020\353\241-V\2779\226"
 2708      B31DED10 
 2708      EBA12D56 
 2708      BF3996
 2709 077c 171E99D9 		.ascii	"\027\036\231\331\366\341\025\255\262\035\347\314v\237"
 2709      F6E115AD 
 2709      B21DE7CC 
 2709      769F
 2710 078a 03DBF7F8 		.ascii	"\003\333\367\370l\337\347\262\375\300\306\366C\260\260"
 2710      6CDFE7B2 
 2710      FDC0C6F6 
 2710      43B0B0
 2711 0799 DD0F9AE8 		.ascii	"\335\017\232\350\217 b\266\037\202#\333\215\006\266"
 2711      8F2062B6 
 2711      1F8223DB 
 2711      8D06B6
ARM GAS  C:\Users\acest\AppData\Local\Temp\ccFJ3o58.s 			page 96


 2712 07a8 07C0A16E 		.ascii	"\007\300\241nC\266\272=Q\352f\304i\330\212\323S\235"
 2712      43B6BA3D 
 2712      51EA66C4 
 2712      69D88AD3 
 2712      539D
 2713 07ba EDC76061 		.ascii	"\355\307`a{\020t\266\207\300\312\366\240\343\271\360"
 2713      7B1074B6 
 2713      87C0CAF6 
 2713      A0E3B9F0 
 2714 07ca B989EDBC 		.ascii	"\271\211\355\274%4"
 2714      2534
 2715 07d0 99179C64 		.ascii	"\231\027\234d^Z\223\031\345\261=\240\026\3721\330\331"
 2715      5E5A9319 
 2715      E5B13DA0 
 2715      16FA31D8 
 2715      D9
 2716 07e1 7E023ADB 		.ascii	"~\002:\333\303`d\373)D\306\3663\340\261=\002V\266\237"
 2716      C36064FB 
 2716      2944C6F6 
 2716      33E0B13D 
 2716      0256B69F 
 2717 07f5 8385ED17 		.ascii	"\203\205\355\027\272\314/92;\260\375\034d*\374\026\266"
 2717      BACC2F39 
 2717      323BB0FD 
 2717      1C642AFC 
 2717      16B6
 2718 0807 1B2D6C0F 		.ascii	"\033-l\017\031\330\216\321\331&*`1:\333\361a\330\216"
 2718      19D88ED1 
 2718      D9262A60 
 2718      313ADBF1 
 2718      61D88E
 2719 081a D5D8F63A 		.ascii	"\325\330\366:\210\225'Z\373&(B\256hd;_4\261\035\253"
 2719      8895275A 
 2719      FB262842 
 2719      AE68643B 
 2719      5F34B11D 
 2720 082f B39DC067 		.ascii	"\263\235\300g;\316!\3262[\254Bs,/\024\211&\266c\361"
 2720      3BCE21D6 
 2720      325BAC42 
 2720      732C2F14 
 2720      8926B663 
 2721 0844 8A53D91E 		.ascii	"\212S\331\036\347\314\366E\007\266/\361\331\276\314"
 2721      E7CCF645 
 2721      07B62FF1 
 2721      D9BECC
 2722 0853 65FB8A8D 		.ascii	"e\373\212\215\355\016+\333Wu\321\257E\316v\2073\333"
 2722      ED0E2BDB 
 2722      5775D1AF 
 2722      45CE7687 
 2722      33DB
 2723 0865 4D06B63B 		.ascii	"M\006\266;\235\330^e\253\333j\245nF\234\326\210\026"
 2723      9DD85E65 
 2723      ABDB6AA5 
 2723      6E469CD6 
 2723      8816
 2724 0877 9CD68A9A 		.ascii	"\234\326\212\232\353.+\333\335\006\266\257\333\330\356"
 2724      EB2E2BDB 
ARM GAS  C:\Users\acest\AppData\Local\Temp\ccFJ3o58.s 			page 97


 2724      DD06B6AF 
 2724      DBD8EE
 2725 0886 7664BBD4 		.ascii	"vd\273\324\230J\250\216\261]\306I\346+k2\353D\016\333"
 2725      984AA88E 
 2725      B15DC649 
 2725      E62B6B32 
 2725      EB440EDB 
 2726 089a 9D6AA1BB 		.ascii	"\235j\241\2738l\3370\260\335cb\373f\204l\337\342\262"
 2726      386CDF30 
 2726      B0DD6362 
 2726      FB66846C 
 2726      DFE2B2
 2727 08ad 7DDBC676 		.ascii	"}\333\306v\257\225\355;\272\314w#g\273Wa{\274\205\355"
 2727      AF95ED3B 
 2727      BACC7723 
 2727      67BB5761 
 2727      7BBC85ED 
 2728 08c1 260BDBC3 		.ascii	"&\013\333\303\006\266\375:\333.\0250\277\316vb\030\266"
 2728      06B6FD3A 
 2728      DB2E1530 
 2728      BFCE7662 
 2728      18B6
 2729 08d3 E335B67D 		.ascii	"\3435\266}\016bU\331\372\006\357+MlW\233\331\216\327"
 2729      0E6255D9 
 2729      FA06EF2B 
 2729      4D6C579B 
 2729      D98ED7
 2730 08e6 D99EC067 		.ascii	"\331\236\300g;\301!V\255-\326\006s,/l4\263\035\217W"
 2730      3BC12156 
 2730      AD2DD606 
 2730      732C2F6C 
 2730      34B31D8F 
 2731 08fb 82CAF644 		.ascii	"\202\312\366Dg\266\367;\260}\200\317v3\227\355\2036"
 2731      67B6F73B 
 2731      B07D80CF 
 2731      763397ED 
 2731      8336
 2732 090d B60F5BD9 		.ascii	"\266\017[\331n\325E?\0229\333\207\235\331\336g`\273"
 2732      6ED5453F 
 2732      1239DB87 
 2732      9DD9DE67 
 2732      60BB
 2733 091f CD89ED4D 		.ascii	"\315\211\355M\266\272mV\352f\304\351[+N[t\266OX\331"
 2733      B6BA6D56 
 2733      EA66C4E9 
 2733      5B2B4E5B 
 2733      74B64F58 
 2734 0934 3E6960FB 		.ascii	">i`\373\224\215\355\223\216lo3\261\335\312\330\376\236"
 2734      948DED93 
 2734      8E6C6F33 
 2734      B1DDCAD8 
 2734      FE9E
 2735 0946 93CC766B 		.ascii	"\223\314vk2\015<\266\333\324B\237\340\260\375\213\201"
 2735      320D3CB6 
 2735      DBD4429F 
 2735      E0B0FD8B 
 2735      81
ARM GAS  C:\Users\acest\AppData\Local\Temp\ccFJ3o58.s 			page 98


 2736 0957 ED7613DB 		.ascii	"\355v\023\333\247#d\373\014\227\355\2636\266\317Y\331"
 2736      A72364FB 
 2736      0C97EDB3 
 2736      36B6CF59 
 2736      D9
 2737 0968 3EAFCB7C 		.ascii	">\257\313|!r\266\317)lO\262\260\275\317\302\366s\371"
 2737      2172B6CF 
 2737      296C4FB2 
 2737      B0BDCFC2 
 2737      F673F9
 2738 097b C744DECF 		.ascii	"\307D\336\317\215\354\347\275A\257B\355\333\332\217"
 2738      8DECE7BD 
 2738      41AF42ED 
 2738      DBDA8F
 2739 098a 8A6F83D4 		.ascii	"\212o\203\324\021\224\374\206\237\375&\303.\021v\212"
 2739      1194FC86 
 2739      9FFD26C3 
 2739      2E11768A 
 2740 099a FACF7EBB 		.ascii	"\372\317~\273\261\342\230\225\262Q\340?%\310 \344]\177"
 2740      B1E29895 
 2740      B251E03F 
 2740      25C820E4 
 2740      5D7F
 2741 09ac F947062C 		.ascii	"\371G\006,n\366rjy-t\370\347\264\337\247\246-\312X\220"
 2741      6EF6726A 
 2741      792D74F8 
 2741      E7B4DFA7 
 2741      A62DCA58 
 2742 09c1 919DF3D9 		.ascii	"\221\235\363\331\302\214,\371>+;%9995+;u\321\374\305"
 2742      C28C2CF9 
 2742      3E2B3B25 
 2742      39393935 
 2742      2B3B75D1 
 2743 09d7 A94BB302 		.ascii	"\251K\263\0029\331\251\3319\231\357\247\244.^\27405"
 2743      39D9A9D9 
 2743      3999EFA7 
 2743      A42E5EBC 
 2743      3035
 2744 09e9 FDDF3919 		.ascii	"\375\3379\031\237'\313\206yt\360\301\274\217ff,I\023"
 2744      9F27CB86 
 2744      7974F0C1 
 2744      BC8F6666 
 2744      2C4913
 2745 09fc C8D2C044 		.ascii	"\310\322\300D\331\232\221\035\230\2316s\301G)\037\246"
 2745      D99A911D 
 2745      98993673 
 2745      C147291F 
 2745      A6
 2746 0a0d CC4E4916 		.ascii	"\314NI\026>\370\377A\262\262\361#\2203cI\206|?s\221"
 2746      3EF8FF41 
 2746      B2B2F123 
 2746      90336349 
 2746      867C3F73 
 2747 0a22 901CFEAD 		.ascii	"\220\034\376\255@N*\006]\374\331\302t|\222\375E6\276"
 2747      404E2A06 
 2747      5DFCD9C2 
 2747      747C92FD 
ARM GAS  C:\Users\acest\AppData\Local\Temp\ccFJ3o58.s 			page 99


 2747      4536BE
 2748 0a35 3127FC1B 		.ascii	"1'\374\033iY\231\231YK\224\365\314\017d~\376\341\214"
 2748      69599999 
 2748      594B94F5 
 2748      CC0F647E 
 2748      FEE18C
 2749 0a48 CC19F317 		.ascii	"\314\031\363\027\347\340\274\264\254@::\360,\230\237"
 2749      E7E0BCB4 
 2749      AC403A3A 
 2749      F02C989F 
 2750 0a58 9DFE7120 		.ascii	"\235\376q \343/\0219\302\265S7\251i\231\331\031\324"
 2750      E32F1139 
 2750      C2B55337 
 2750      A96999D9 
 2750      19D4
 2751 0a6a 1848D733 		.ascii	"\030H\3273\242\246y\237\244\245\241S1\347\323\245bf"
 2751      A2A6799F 
 2751      A4A5A153 
 2751      31E7D3A5 
 2751      6266
 2752 0a7c F627E2D2 		.ascii	"\366'\342\322@r\302_\377\361\367$\032di cz\322\264Y"
 2752      4072C25F 
 2752      FFF1F724 
 2752      1A646920 
 2752      637AD2B4 
 2753 0a91 0209089E 		.ascii	"\002\011\010\236\314\364\314\254\300\027\302\377\000"
 2753      CCF4CCAC 
 2753      C017C2FF 
 2753      00
 2754 0a9e 0A8FC864 		.ascii	"\012\217\310d"
 2755              		.text
 2756              		.section	.gnu.lto_VectorE0.422.b3bfdeff,"e",%progbits
 2757 0000 789CB599 		.ascii	"x\234\265\231il\024G\026\307\373U\215\347\3601\276\270"
 2757      696C1447 
 2757      16C7FB55 
 2757      8DE7F031 
 2757      BEB8
 2758 0012 77A53539 		.ascii	"w\24559\264Z\211 \314*\012\273\332\017\221VZ\355\207"
 2758      B45A8920 
 2758      CC2A0ABB 
 2758      DA0F9156 
 2758      5AED87
 2759 0025 8D142D5F 		.ascii	"\215\024-_\275\212\300A\301Z\214\331\031'\332|J\373"
 2759      BD8AC041 
 2759      C15A8CD9 
 2759      1927DA7C 
 2759      4AFB
 2760 0037 0003E1B0 		.ascii	"\000\003\341\260Mpl|\221\211!\034\301N\014\001\037\001"
 2760      4D706C7C 
 2760      9189211C 
 2760      C14E0C01 
 2760      1F01
 2761 0049 8C394C80 		.ascii	"\2149L\200\204\304\034\006\00361`B\022\214\261!\230"
 2761      84C41C06 
 2761      03363160 
 2761      42128CB1 
 2761      2198
ARM GAS  C:\Users\acest\AppData\Local\Temp\ccFJ3o58.s 			page 100


 2762 005b C3615F55 		.ascii	"\303a_U\337\335\325\263#K \365L\327\353\352\367^\275"
 2762      DFDDD5B3 
 2762      234B20F5 
 2762      4CD7EBEA 
 2762      F75EBD
 2763 006e FFFB15DD 		.ascii	"\377\373\025\335\343\252\027$i\035H\322\000\036\360"
 2763      E3AA1724 
 2763      691D48D2 
 2763      001EF0
 2764 007d 1B09CACB 		.ascii	"\033\011\312\313V\023I\226\345W}\204\024\225\275O\240"
 2764      56134996 
 2764      E5577D84 
 2764      1495BD4F 
 2764      A0
 2765 008e 157094E1 		.ascii	"\025p\224\341YQ\026\344\337\224\024\227%l\332=8\313"
 2765      595116E4 
 2765      DF941497 
 2765      256CDA3D 
 2765      38CB
 2766 00a0 B3BC2C38 		.ascii	"\263\274,8x\252*\335\343\201\215\372=qPQvbC\373\361"
 2766      78AA2ADD 
 2766      E3818DFA 
 2766      3D715051 
 2766      766243FB 
 2767 00b5 9AE7A191 		.ascii	"\232\347\241\221p\213\227\224\230\274l*\035PN|\244\262"
 2767      708B9794 
 2767      98BC6C2A 
 2767      1D504E7C 
 2767      A4B2
 2768 00c7 B419B89F 		.ascii	"\264\031\270\237*\264qG~\250*\217\314T\034\005`Sy\244"
 2768      2AB47147 
 2768      7EA82A8F 
 2768      CC541C05 
 2768      605379A4 
 2769 00db 0CA05AF1 		.ascii	"\014\240Z\361\022O\252K\233gj^\3524/\011\244F\363R\253"
 2769      124FAA4B 
 2769      9B676A5E 
 2769      EA342F09 
 2769      A446F352 
 2770 00f0 7949845A 		.ascii	"yI\204Z\335K\022\324q/+\025/ARo\362\262C\363\222L\266"
 2770      DD4B12D4 
 2770      712F2B15 
 2770      2F41526F 
 2770      F2B243F3 
 2771 0107 695EB66B 		.ascii	"i^\266k^R`\273\356%\025vp/\367\201\017\323\310N\223"
 2771      5E5260BB 
 2771      EE251576 
 2771      702FF781 
 2771      0FD3C84E 
 2772 011c 9746CD4B 		.ascii	"\227F\315K:\371T\363\262K\3632\011v\351^&C#\3672\240"
 2772      3AF954F3 
 2772      B24BF332 
 2772      0976E95E 
 2772      264323F7 
 2773 0132 7899429A 		.ascii	"x\231B\232L^\3324/SI\213\346\245U\3632\015Zu/\323\241"
 2773      4C5EDA34 
 2773      2F53498B 
ARM GAS  C:\Users\acest\AppData\Local\Temp\ccFJ3o58.s 			page 101


 2773      E6A555F3 
 2773      320D5A75 
 2774 0149 8D7B39AD 		.ascii	"\215{9\255x\231\001\005e'>\036[\013\212\243W} \275G"
 2774      78990105 
 2774      65273E1E 
 2774      5B0B8AA3 
 2774      577D20BD 
 2775 015e A827CEEB 		.ascii	"\250'\316\353\363\007\342\023\022\223\202\311)\251i"
 2775      F307E213 
 2775      129382C9 
 2775      29A969
 2776 016d E993264F 		.ascii	"\351\223&O\231:m\372\014x\0176\320?\340\264\261\342"
 2776      993A6DFA 
 2776      0C780F36 
 2776      D03FE0B4 
 2776      B1E2
 2777 017f D365F2EB 		.ascii	"\323e\362\353\035\320@%\251\016\017\365_\015\205r\332"
 2777      1DD04025 
 2777      A90E0FF5 
 2777      5F0D8572 
 2777      DA
 2778 0190 40013CEA 		.ascii	"@\001<\352\031\201\014<\243\257\263+/v\310\362p}QI\260"
 2778      19810C3C 
 2778      A3AFB32B 
 2778      2F76C8F2 
 2778      707D5149 
 2779 01a5 B4C0DF40 		.ascii	"\264\300\337@)\354\003\274\023\366\002|\001\354\336"
 2779      29EC03BC 
 2779      13F6027C 
 2779      01ECDE
 2780 01b4 F9F713BC 		.ascii	"\371\367\023\274\022\264\200\342/\035o\3602\337\000"
 2780      12B480E2 
 2780      2F1D6FF0 
 2780      32DF00
 2781 01c3 6DC0EEF6 		.ascii	"m\300\356\366\262\250W2%L\263\216\022\315Rs\361\360"
 2781      B2A85732 
 2781      254CB38E 
 2781      12CD5273 
 2781      F1F0
 2782 01d5 F9E912B4 		.ascii	"\371\351\022\264\243\215\352\266\203G\217\371$\370\022"
 2782      A38DEAB6 
 2782      83478FF9 
 2782      24F812
 2783 01e4 6D1EDDB6 		.ascii	"m\036\335\266\275d\350\267\022\354G[\034\263\321r\356"
 2783      BD64E8B7 
 2783      12EC475B 
 2783      1CB3D172 
 2783      EE
 2784 01f5 E2F798D2 		.ascii	"\342\367\230\322\330\275\362K\247g\324\310\035\036\226"
 2784      D8BDF24B 
 2784      A767D4C8 
 2784      1D1E96
 2785 0204 D4416021 		.ascii	"\324A`!\225\244\200\255\217\316\037HV\223\037\353^W"
 2785      95A480AD 
 2785      8FCE1F48 
 2785      56931FEB 
 2785      5E57
ARM GAS  C:\Users\acest\AppData\Local\Temp\ccFJ3o58.s 			page 102


 2786 0216 DD3AEB70 		.ascii	"\335:\353p\221|\\\326\347J\306\\e\375,Z\313\271\032"
 2786      917C5CD6 
 2786      E74AC65C 
 2786      65FD2C5A 
 2786      CBB91A
 2787 0229 2F1C42E3 		.ascii	"/\034B\343\001\346M\302u@\247\276\016\266(/\034\341"
 2787      01E64DC2 
 2787      7540A7BE 
 2787      0EB6282F 
 2787      1CE1
 2788 023b 037AD348 		.ascii	"\003z\323H\243\271\244i\377\254\256\"\371\357\015\324"
 2788      A3B9A469 
 2788      FFACAE22 
 2788      F9EF0DD4 
 2789 024b 0347814D 		.ascii	"\003G\201MR]\037\3034<\363\207\203Z\032X\373y\035\305"
 2789      525D1FC3 
 2789      343CF387 
 2789      835A1A58 
 2789      FB791DC5 
 2790 025f 19DA3CC9 		.ascii	"\031\332<\311\230\247\244@\177R\274\312\252\327y\225"
 2790      98A7A440 
 2790      7F52BCCA 
 2790      AAD77995 
 2791 026f 2DB21C68 		.ascii	"-\262\034h\240qp\334\354\366+t\0337\177\234\273\225"
 2791      A07170DC 
 2791      ECF62B74 
 2791      1B377F9C 
 2791      BB95
 2792 0281 CD6E9579 		.ascii	"\315n\225y\2221\317X\031*\000'\000\272@\321\301\313"
 2792      9231CF58 
 2792      192A0027 
 2792      00BA40D1 
 2792      C1CB
 2793 0293 D77612D4 		.ascii	"\327v\022\324\345\360\265\371\340k]0\2772\315\247^\204"
 2793      E5F0B5F9 
 2793      E06B5D30 
 2793      BF32CDA7 
 2793      5E84
 2794 02a5 6FC074B1 		.ascii	"o\300t\261\346b\321u\324\3564N\360\233\264\353C\355"
 2794      E662D175 
 2794      D4EE344E 
 2794      F09BB4EB 
 2794      43ED
 2795 02b7 BE455BC0 		.ascii	"\276E[\300\320\256\353\001j\367\035\332\342\365>:\330"
 2795      D0AEEB01 
 2795      6AF71DDA 
 2795      E2F53E3A 
 2795      D8
 2796 02c8 FAF3F720 		.ascii	"\372\363\367 \227\313\020U\210\261\353(\304\0314v\353"
 2796      97CB1055 
 2796      88B1EB28 
 2796      C4193476 
 2796      EB
 2797 02d9 429C3537 		.ascii	"B\23457TM\347RqC\235\0274T\217\240\241.h\015\305\223"
 2797      544DE752 
 2797      71439D17 
 2797      34548FA0 
ARM GAS  C:\Users\acest\AppData\Local\Temp\ccFJ3o58.s 			page 103


 2797      A12E680D 
 2798 02ef AA8E2929 		.ascii	"\252\216))\336\035\275h\274\250'uIK*&}\231Z\245\330"
 2798      DE1DBD68 
 2798      BCA82775 
 2798      494B2A26 
 2798      7D995AA5 
 2799 0304 B0C51952 		.ascii	"\260\305\031RT\261ZP\254>\200+\026\261\372u\261\004"
 2799      54B15A50 
 2799      AC3E802B 
 2799      16B1FA75 
 2799      B104
 2800 0316 FA7C2FD0 		.ascii	"\372|/\320g@\240\3175\201>\327'\252\317 \032o\350\245"
 2800      6740A0CF 
 2800      35813ED7 
 2800      27AACF20 
 2800      1A6FE8A5 
 2801 032a B869D127 		.ascii	"\270i\321'\342\242\317-\201>?\012\364\371i\242\372\334"
 2801      E2A2CF2D 
 2801      813E3F0A 
 2801      F4F969A2 
 2801      FADC
 2802 033c 46E3CF7A 		.ascii	"F\343\317zRC\317D\237\261\313\231p\027`\330\242\317"
 2802      5243CF44 
 2802      9FB1CB99 
 2802      701760D8 
 2802      A2CF
 2803 034e 48347DEE 		.ascii	"H4}\356\011\364\271/\320\347\027\201>\017&\252\317C"
 2803      09F4B92F 
 2803      D0E71781 
 2803      3E0F26AA 
 2803      CF43
 2804 0360 348EE9A5 		.ascii	"4\216\351\245xd\321\247\320E\237'\002}\306\005\372\374"
 2804      7864D1A7 
 2804      D0459F27 
 2804      027DC605 
 2804      FAFC
 2805 0372 3A517D64 		.ascii	":Q}d\"\301S=\251\002\362L\370A}\212\011\024\021\263"
 2805      22C1533D 
 2805      A902F24C 
 2805      F8417D8A 
 2805      091411B3 
 2806 0386 3ECB4914 		.ascii	">\313I\024}J\210S\237\225\304\251\317*\342\324g5\231"
 2806      7D4A8853 
 2806      9F95C4A9 
 2806      CF2AE2D4 
 2806      673599
 2807 0399 A03E6B30 		.ascii	"\240>k0\277\367\211V\212\265\304\254\317\300\277\305"
 2807      BFF78956 
 2807      8AB5C4AC 
 2807      CFC0BFC5 
 2808 03a9 FAAC274E 		.ascii	"\372\254'N}J\211S\23722A}6`R\345zR\037<\023}\306z2\341"
 2808      7D4A8953 
 2808      9F323241 
 2808      7D366052 
 2808      E57A521F 
 2809 03c4 43021516 		.ascii	"C\002\025\026}*\243\351\263I\240O\265@\237\032\201>"
 2809      7D2AA3E9 
ARM GAS  C:\Users\acest\AppData\Local\Temp\ccFJ3o58.s 			page 104


 2809      B349A04F 
 2809      B5409F1A 
 2809      813E
 2810 03d6 B513D5A7 		.ascii	"\265\023\325\247\036\363\253\323K\261\331\242O\247\213"
 2810      1EF3ABD3 
 2810      4BB1D9A2 
 2810      4FA78B
 2811 03e5 3E11813E 		.ascii	">\021\201>\037\013\364i\230\250>[1\251-zR\237<\033~"
 2811      1F0BF469 
 2811      98A83E5B 
 2811      31A92D7A 
 2811      529F3C1B 
 2812 03fa 509F1D04 		.ascii	"P\237\035\004\266[\364\331\031M\237]\002}\032\005\372"
 2812      B65BF4D9 
 2812      194D9F5D 
 2812      027D1A05 
 2812      FA
 2813 040b 3409F4F9 		.ascii	"4\011\364\371l\242\3724c~\237\353\245\330\255\225\202"
 2813      6CA2FA34 
 2813      637E9FEB 
 2813      A5D8AD95 
 2813      82
 2814 041c DE219AB7 		.ascii	"\336!\232\267\226#\347\016Q\365\241\357\013b}j-H\304"
 2814      9623E70E 
 2814      51F5A1EF 
 2814      0B627D6A 
 2814      2D48C4
 2815 042f A7D6BD7C 		.ascii	"\247\326\275|\211\322|9\221\275\003\341\260\251;\256"
 2815      89D27C39 
 2815      91BD03E1 
 2815      B0A93BAE 
 2816 043f 437EF274 		.ascii	"C~\362t\275,?\230~\351\362\035\377_\000K\345%\354\203"
 2816      BD2C3F98 
 2816      7EE9F21D 
 2816      FF5F004B 
 2816      E525EC83 
 2817 0453 E287CF83 		.ascii	"\342\207\317\203\037\37686\364\262\241\217\015\375l"
 2817      1FFE3836 
 2817      F4B2A18F 
 2817      0DFD6C
 2818 0462 1860C378 		.ascii	"\030`\303x6L`\303D6Lb\303 \033&\263a\012\033\246\262"
 2818      364C60C3 
 2818      44364C62 
 2818      C3201B26 
 2818      B3610A1B 
 2819 0478 611A1BA6 		.ascii	"a\032\033\246\263\341L\236\203\264\236\262g|\331\003"
 2819      B3E14C9E 
 2819      83B49EB2 
 2819      677CD903 
 2820 0488 72872495 		.ascii	"r\207$\225R\242\014\212p\360#\310\003\007Q@\366\335"
 2820      52A20C8A 
 2820      70F023C8 
 2820      03075140 
 2820      F6DD
 2821 049a ED655FCF 		.ascii	"\355e_\317\011>\"\377\342\023z\224\211\021\002\373\210"
 2821      093E22FF 
 2821      E2137A94 
ARM GAS  C:\Users\acest\AppData\Local\Temp\ccFJ3o58.s 			page 105


 2821      891102FB 
 2821      88
 2822 04ab 726D083A 		.ascii	"rm\010:\277\014D(\250\217\365\001\220\3643ye\261\314"
 2822      BF0C4428 
 2822      A88FF501 
 2822      90F43379 
 2822      65B1CC
 2823 04be 1EF7B7B2 		.ascii	"\036\367\267\262\327\007|\260\217\207V\002-D\232\363"
 2823      D7077CB0 
 2823      8F875602 
 2823      2D449AF3 
 2824 04ce 111F2640 		.ascii	"\021\037&@\033\251\345o\010CPTQ\002\021:3\242\334\212"
 2824      1BA9E56F 
 2824      08435054 
 2824      5102113A 
 2824      33A2DC8A 
 2825 04e2 9BF81845 		.ascii	"\233\370\030E\367\205\031\230;\232\265,p\334\002\372"
 2825      F7851998 
 2825      3B9AB52C 
 2825      70DC02FA 
 2826 04f2 18235704 		.ascii	"\030#W\004\242\271\337\257\270Wo\210\260\027E\276\210"
 2826      A2B9DFAF 
 2826      B8576F88 
 2826      B01745BE 
 2826      88
 2827 0503 CB5E3D22 		.ascii	"\313^=\"1\"\372\245[P|\353\257hS\014\312{K)\245\005"
 2827      3122FAA5 
 2827      5B507CEB 
 2827      AF68530C 
 2827      CA7B4B29 
 2828 0519 E89EB052 		.ascii	"\350\236\260R\201Q\221!(d\253\246\352Z\023!^=K\342\353"
 2828      81519121 
 2828      2864ABA6 
 2828      EA5A1321 
 2828      5E3D4BE2 
 2829 052e 2F0682A7 		.ascii	"/\006\202\247\333(o\247\255L\341 \034&\320\311\373f"
 2829      DB286FA7 
 2829      AD4CE120 
 2829      1C26D0C9 
 2829      FB66
 2830 0540 AE926E32 		.ascii	"\256\222n2\034!p\010\245\221\346(\206\0248\212\011\263"
 2830      1C217008 
 2830      A591E628 
 2830      8614388A 
 2830      09B3
 2831 0552 B86A2294 		.ascii	"\270j\"\2249L\321\023\361\374p\252j7\260D\2509\007\217"
 2831      394CD113 
 2831      F1FC70AA 
 2831      6A37B044 
 2831      A839078F 
 2832 0566 4BBCE38E 		.ascii	"K\274\343\216x_Y\343\371\341\004\306c\206a@`1\036\036"
 2832      785F59E3 
 2832      F9E104C6 
 2832      63866140 
 2832      60311E1E 
 2833 057a D8C9A93C 		.ascii	"\330\311\251<Z\234\276\3548m\331\2437\326\235\037\274"
 2833      5A9CBEEC 
ARM GAS  C:\Users\acest\AppData\Local\Temp\ccFJ3o58.s 			page 106


 2833      386DD9A3 
 2833      37D69D1F 
 2833      BC
 2834 058b 9A865B10 		.ascii	"\232\206[\020/\343\245\301J\340\3553:\276\261\242\256"
 2834      2FE3A5C1 
 2834      4AE0ED33 
 2834      3ABEB1A2 
 2834      AE
 2835 059c 02701BE2 		.ascii	"\002p\033\342\366\352\276\200b\336R\273g\364B:\356D"
 2835      F6EABE80 
 2835      62DE52BB 
 2835      67F4423A 
 2835      EE44
 2836 05ae DCDC3AAA 		.ascii	"\334\334:\252N\277\266o\004\255[\024\353\271\021\305"
 2836      4EBFB66F 
 2836      04AD5B14 
 2836      EBB911C5 
 2837 05be 8AD26EE5 		.ascii	"\212\322n\345\205\2470\207\337|k\313\336\376Z\300\375"
 2837      85A73087 
 2837      DF7C6BCB 
 2837      DEFE5AC0 
 2837      FD
 2838 05cf 874F6BEF 		.ascii	"\207Ok\357\017\3006\"\335\201\302\347\020Ti\224\340"
 2838      0FC03622 
 2838      DD81C2E7 
 2838      10546994 
 2838      E0
 2839 05e0 BA6616D3 		.ascii	"\272f\026\323\025\270\2144<\365`\312\3605\221<\354M"
 2839      15B88C34 
 2839      3CF560CA 
 2839      F035913C 
 2839      EC4D
 2840 05f2 82C029BE 		.ascii	"\202\300)\276\356\231%\374z:\277\370-\341Q\206\033j"
 2840      EE9925FC 
 2840      7A3ABFF8 
 2840      2DE15186 
 2840      1B6A
 2841 0604 CF8EE0DE 		.ascii	"\317\216\340\336\262\225\017\345\221\361\2155}/\362"
 2841      B2950FE5 
 2841      91F18D35 
 2841      7D2FF2
 2842 0613 08F575BF 		.ascii	"\010\365u\277\343\226U\215\327<J\243`J\333\211Kq\273"
 2842      E396558D 
 2842      D73C4AA3 
 2842      604ADB89 
 2842      4B71BB
 2843 0626 1DC53DA3 		.ascii	"\035\305=\243\026\027mj}'\301Y\254/\336V\014\205\334"
 2843      16176D6A 
 2843      7D27C159 
 2843      AC2FDE56 
 2843      0C85DC
 2844 0639 E0817344 		.ascii	"\340\201sDw\275\203\257v\262Z\301\033\353\372\036ae"
 2844      77BD83AF 
 2844      76B25AC1 
 2844      1BEBFA1E 
 2844      6165
 2845 064b 772AAB1D 		.ascii	"w*\253\035}T\011\360)A]\226gH<\374\224:\354\347\235"
ARM GAS  C:\Users\acest\AppData\Local\Temp\ccFJ3o58.s 			page 107


 2845      7D5409F0 
 2845      29415D96 
 2845      67483CFC 
 2845      943AECE7 
 2846 0660 C4ADB72E 		.ascii	"\304\255\267.\232\323\301\377:XB\275\202\204.\331\023"
 2846      9AD3C1FF 
 2846      3A5842BD 
 2846      82842ED9 
 2846      13
 2847 0671 BACC1282 		.ascii	"\272\314\022\202\036\3648\225\245\265\231\017\267\023"
 2847      1EF43895 
 2847      A5B5990F 
 2847      B713
 2848 067f 49CB5192 		.ascii	"I\313Q\222L\342?a\342\357RR,\273\211)6\022U\376\021"
 2848      4CE23F61 
 2848      E2EF5252 
 2848      2CBB8929 
 2848      361255FE 
 2849 0694 267F9372 		.ascii	"&\177\223r\345A]\203\262\250\201\207uJi\037\367\201"
 2849      E5415D83 
 2849      B2A88187 
 2849      754A691F 
 2849      F781
 2850 06a6 DA0FBDAC 		.ascii	"\332\017\275\254\037>S\346\365\353\375\360\224\365\303"
 2850      1F3E53E6 
 2850      F5EBFDF0 
 2850      94F5C3
 2851 06b5 E78A75C3 		.ascii	"\347\212u\303\250\336\017\315j?H\346~\330m\364\303\036"
 2851      A8DE0FCD 
 2851      6A3F48E6 
 2851      7ED86DF4 
 2851      C31E
 2852 06c7 733FA8CA 		.ascii	"s?\250\312\367\361\0360\313]>\212r7\023\005!\257\276"
 2852      F7F11E30 
 2852      CB5D3E8A 
 2852      72371305 
 2852      21AFBE
 2853 06da ED7999D6 		.ascii	"\355y\231\326+\033\237W\367\204HX\311\011\2677mk\210"
 2853      2B1B9F57 
 2853      F7844858 
 2853      C909B737 
 2853      6D6B88
 2854 06ed 33B68614 		.ascii	"3\266\206\024\215\3108\350 *\215\276(\333\202W\337\026"
 2854      8DC838E8 
 2854      202A8DBE 
 2854      28DB8257 
 2854      DF16
 2855 06ff 125C04BB 		.ascii	"\022\\\004\273\346\350\237\353\004\006,\233\301\015"
 2855      E6E89FEB 
 2855      04062C9B 
 2855      C10D
 2856 070d EB66E085 		.ascii	"\353f\340\205.-\264_\274\021\370\\b\335t\304\372\301"
 2856      2E2DB45F 
 2856      BC11F85C 
 2856      62DD74C4 
 2856      FAC1
 2857 071f 1ACB0FB7 		.ascii	"\032\313\017\267\254\033\201\027\017\237\266\021\004"
ARM GAS  C:\Users\acest\AppData\Local\Temp\ccFJ3o58.s 			page 108


 2857      AC1B8117 
 2857      0F9FB611 
 2857      04
 2858 072c DC3782F5 		.ascii	"\3347\202\365.\033A\251x#(\023n\004\345\216\215`\003"
 2858      2E1B41A9 
 2858      78232813 
 2858      6E04E58E 
 2858      8D6003
 2859 073f 27D824FA 		.ascii	"'\330$\372\007\206\350\033\005\242\237r\210\316\031"
 2859      0786E81B 
 2859      05A29F72 
 2859      88CE19
 2860 074e DFE0CE78 		.ascii	"\337\340\316x\223\211\361\0127\306o;\3526\244\326\315"
 2860      9389F10A 
 2860      37C66F3B 
 2860      EA36A4D6 
 2860      CD
 2861 075f 8CD41D3B 		.ascii	"\214\324\035;R\303\006\343\370\010\332C\314|W\232\370"
 2861      52C306E3 
 2861      F808DA43 
 2861      CC7C579A 
 2861      F8
 2862 0770 AE72F05D 		.ascii	"\256r\360]\351\312\367\250\205\357\001\316\367=A2\367"
 2862      E9CAF7A8 
 2862      85EF01CE 
 2862      F73D4132 
 2862      F7
 2863 0781 EDC9FC22 		.ascii	"\355\311\374\"\342\273B\343\373C\001\337\233L|W[\370"
 2863      E2BB42E3 
 2863      FB4301DF 
 2863      9B4C7C57 
 2863      5BF8
 2864 0793 AE8991EF 		.ascii	"\256\211\221\357Z!\337u\016\276\3539\256&\2317\0332"
 2864      5A21DF75 
 2864      0EBEEB39 
 2864      AE269937 
 2864      1B32
 2865 07a5 7F143BDB 		.ascii	"\177\024;\333\365*\333\3616\266\233ll\3375\261\3557"
 2865      F52ADBF1 
 2865      36B69B6C 
 2865      6CDF35B1 
 2865      ED37
 2866 07b7 D8CED000 		.ascii	"\330\316\320\000\363\033l'Da;\240\263\235\350\"\326"
 2866      F31B6C27 
 2866      44613BA0 
 2866      B39DE822 
 2866      D6
 2867 07c8 1347DF8C 		.ascii	"\023G\337\214\023xla"
 2867      13786C61 
 2868 07d0 FB572BDB 		.ascii	"\373W+\333\001\203\355D1\333\361.\261dj\217U@-\261\374"
 2868      0183ED44 
 2868      31DBF12E 
 2868      B1646A8F 
 2868      55402DB1 
 2869 07e5 50482D6C 		.ascii	"PH-l\007\360\210\327\330Nrg\373\011\210\331\036\007"
 2869      07F088D7 
 2869      D84E7267 
ARM GAS  C:\Users\acest\AppData\Local\Temp\ccFJ3o58.s 			page 109


 2869      FB0988D9 
 2869      1E07
 2870 07f7 21DBBF82 		.ascii	"!\333\277\202\210\355\247`g[\266\263]`\210^\030;\333"
 2870      88EDA760 
 2870      675BB6B3 
 2870      5D60885E 
 2870      183BDB
 2871 080a B23BDB2D 		.ascii	"\262;\333-&\266\213\334\330^\341\250[\211Z73N+\251\015"
 2871      26B68BDC 
 2871      D85EE1A8 
 2871      5B895A37 
 2871      334E2BA9 
 2872 081f A7555477 		.ascii	"\247UTw]lg{\271\211\355\025\016\266\227\273\262\275"
 2872      5D6C677B 
 2872      B989ED15 
 2872      0EB697BB 
 2872      B2BD
 2873 0831 C69C4A4D 		.ascii	"\306\234JM\341R\226\314ZA2\353\354\311\254\247\002\266"
 2873      E15296CC 
 2873      5A4132EB 
 2873      ECC9ACA7 
 2873      02B6
 2874 0843 8B34B68B 		.ascii	"\2134\266\213\005l\227\230\330^ia{U\214l\257\026\262"
 2874      056C9798 
 2874      D85E6961 
 2874      7B558C6C 
 2874      AF16B2
 2875 0856 FDBE83ED 		.ascii	"\375\276\203\3555v\266\327\0322\257\213\235\3555*\333"
 2875      3576B6D7 
 2875      1A32AF8B 
 2875      9DED352A 
 2875      DB
 2876 0867 411BDB2D 		.ascii	"A\033\333-6\266GMl'\030lw\350\204%\030p'G\201;Q\207"
 2876      36B6474D 
 2876      6C27186C 
 2876      77E88425 
 2876      18702747 
 2877 087f 3BC945AD 		.ascii	";\311E\255\215\216\306\251\240\360\0015\303\375!\265"
 2877      8D8EC6A9 
 2877      A0F00135 
 2877      C3FD21B5 
 2878 088f C09D68C0 		.ascii	"\300\235h\300\235\"\206\333-V\225#\326&k,?T[\341N\304"
 2878      9D2286DB 
 2878      2D569523 
 2878      D6266B2C 
 2878      3F545BE1 
 2879 08a5 2349833B 		.ascii	"#I\203;\325\035\356[.p\377(\206\373'!\334?;\340\276"
 2879      D51DEE5B 
 2879      2E70FF28 
 2879      86FB2721 
 2879      DC3F3BE0 
 2880 08ba 0D36B887 		.ascii	"\0156\270\207@W\375\016\304\014\367mp\205\273\325\004"
 2880      4057FD0E 
 2880      C40CF76D 
 2880      7085BBD5 
 2880      04
 2881 08cb F730B8D4 		.ascii	"\3670\270\324\255\336Q\267\315j\335\314<}d\347)b\300"
ARM GAS  C:\Users\acest\AppData\Local\Temp\ccFJ3o58.s 			page 110


 2881      ADDE51B7 
 2881      CD6ADDCC 
 2881      3C7D64E7 
 2881      2962C0
 2882 08de 7D176C70 		.ascii	"}\027lp\217\200\001\367(\330\341\036q}\351\333b\201"
 2882      8F8001F7 
 2882      28D8E11E 
 2882      717DE9DB 
 2882      6281
 2883 08f0 3BC2E1DE 		.ascii	";\302\341\336*H\346\023{2\333Dp\017k\205\276\013N\270"
 2883      2A48E613 
 2883      7B32DB44 
 2883      700F6B85 
 2883      BE0B4EB8 
 2884 0904 EF8101F7 		.ascii	"\357\201\001\367}0\303\375\013\304\006\367\003\020\301"
 2884      7D30C3FD 
 2884      0BC406F7 
 2884      0310C1
 2885 0913 3D0676B8 		.ascii	"=\006v\270\037\202\015\356G\206\314\217\0052\273\300"
 2885      1F820DEE 
 2885      4786CC8F 
 2885      0532BBC0 
 2886 0923 FD10142A 		.ascii	"\375\020\024*\322lp\267\332\340\276o\202;h\300-\203"
 2886      D26C70B7 
 2886      DAE0BE6F 
 2886      823B68C0 
 2886      2D83
 2887 0935 4658D080 		.ascii	"FX\320\200;=\012\334\311:\334A\027\265\032\035\215\323"
 2887      3B3D0ADC 
 2887      C93ADC41 
 2887      17B51A1D 
 2887      8DD3
 2888 0947 44619705 		.ascii	"Da\227\005\356\317\254p'\033pO\022\303\235\342\022\253"
 2888      EECFAC70 
 2888      271B704F 
 2888      12C39DE2 
 2888      12AB
 2889 0959 D9116BB7 		.ascii	"\331\021k\2675\226\037\366X\341N\306#E\203{\262;\334"
 2889      35961FF6 
 2889      58E14EC6 
 2889      2345837B 
 2889      B23BDC
 2890 096c E75DE0EE 		.ascii	"\347]\340\356\021\303}A\010\367E\007\334\275v\270/\031"
 2890      11C37D41 
 2890      08F74507 
 2890      DCBD76B8 
 2890      2F19
 2891 097e AA5F8E1D 		.ascii	"\252_\216\035\356^w\270\333Lp_q\203\273\305Q\267V\265"
 2891      EE5E77B8 
 2891      DB4C705F 
 2891      7183BBC5 
 2891      51B756B5 
 2892 0992 6E669EDA 		.ascii	"nf\236\332\354<\265\033p\367\331\341\3567\301}\325\001"
 2892      EC3CB51B 
 2892      70F7D9E1 
 2892      EE37C17D 
 2892      D501
ARM GAS  C:\Users\acest\AppData\Local\Temp\ccFJ3o58.s 			page 111


 2893 09a4 77BF2BDC 		.ascii	"w\277+\334\007,pwr\270\017\012\222\351\260'sH\004\367"
 2893      072C7077 
 2893      72B80F0A 
 2893      92E9B027 
 2893      734804F7 
 2894 09b8 15ADD07D 		.ascii	"\025\255\320}\002\270\2777\301=`\201\373Z\214p_\027"
 2894      02B8BF37 
 2894      C13D6081 
 2894      FB5A8C70 
 2894      5F17
 2895 09ca C27DC301 		.ascii	"\302}\303\001\367\240\035\356\233\206\314?\304\016\367"
 2895      F7A01DEE 
 2895      9B86CC3F 
 2895      C40EF7
 2896 09d9 A00AF714 		.ascii	"\240\012\367\024\033\334m6\270\037\230\340N5\301M4\302"
 2896      1BDC6D36 
 2896      B81F98E0 
 2896      4E35C14D 
 2896      34C2
 2897 09eb 520DB8A7 		.ascii	"R\015\270\247F\201;M\207;\331E\255.G\343\034\247p\314"
 2897      46813B4D 
 2897      873BD945 
 2897      AD2E47E3 
 2897      1CA770CC 
 2898 09ff 02F75756 		.ascii	"\002\367WV\270\323\014\270\247\211\341Nw\211u\322\021"
 2898      B8D30CB8 
 2898      A789E14E 
 2898      778975D2 
 2898      11
 2899 0a10 EB943596 		.ascii	"\353\2245\226\037\276\266\302\235\206G\272\006\367t"
 2899      1FBEB6C2 
 2899      9D8647BA 
 2899      06F774
 2900 0a1f 77B8DB5D 		.ascii	"w\270\333]\340\376R\014\367~!\334\007\034p\037\262\303"
 2900      E0FE520C 
 2900      F77E21DC 
 2900      071C701F 
 2900      B2C3
 2901 0a31 DD69A87E 		.ascii	"\335i\250~8v\270\017\271\303\335n\202\273\313\015\356"
 2901      3876B80F 
 2901      B9C3DD6E 
 2901      82BBCB0D 
 2901      EE
 2902 0a42 EF1C75EB 		.ascii	"\357\034u\353V\353f\346\351\214\235\247\263\006\334"
 2902      56EB66E6 
 2902      E98C9DA7 
 2902      B306DC
 2903 0a51 27EC709F 		.ascii	"'\354p\2374\301}\312\001\367IW\270{,p\017p\270/\010"
 2903      34C17DCA 
 2903      01F74957 
 2903      B87B2C70 
 2903      0F70B82F 
 2904 0a66 92B9684F 		.ascii	"\222\271hO\246W\004w\227V\350\023\002\270\2771\301}"
 2904      A6570477 
 2904      9756E813 
 2904      02B8BF31 
 2904      C17D
ARM GAS  C:\Users\acest\AppData\Local\Temp\ccFJ3o58.s 			page 112


 2905 0a78 DA02F7B7 		.ascii	"\332\002\367\2671\302\375\235\020\356n\007\334g\354"
 2905      31C2FD9D 
 2905      10EE6E07 
 2905      DC67EC
 2906 0a87 709F3564 		.ascii	"p\2375d>\027;\334gT\270g\330\340n\267\301\375X\371k"
 2906      3E173BDC 
 2906      6754B867 
 2906      D8E06EB7 
 2906      C1FD58F9 
 2907 0a9c 81E8EF09 		.ascii	"\201\350\357\011\374\347\373\021\277J\3554\375\257\006"
 2907      FCE7FB11 
 2907      BF4AED34 
 2907      FDAF06
 2908 0aab D340EE2D 		.ascii	"\323@\356-\222\203\246\237\365\247C?\205>j\374\254\177"
 2908      9283A69F 
 2908      F5A7433F 
 2908      853E6AFC 
 2908      AC7F
 2909 0abd 152B8E59 		.ascii	"\025+\216Yi;\005{\020\340\016G\240\360\352\370\3378"
 2909      693B057B 
 2909      10E00E47 
 2909      A0F0EAF8 
 2909      DF38
 2910 0acf B0F86AA4 		.ascii	"\260\370j\244\244V\330\301\206\257e\3779+{q\316\302"
 2910      A456D8C1 
 2910      86AF65FF 
 2910      392B7B71 
 2910      CEC2
 2911 0ae1 9C70FEDB 		.ascii	"\234p\376\333o\346\344)\347y\341\271\231\231\231Yy\341"
 2911      6FE6E429 
 2911      E779E1B9 
 2911      99999959 
 2911      79E1
 2912 0af3 ACC50B96 		.ascii	"\254\305\013\226d-\313\013\345\207\263\302\371\271\177"
 2912      642DCB0B 
 2912      E587B3C2 
 2912      F9B97F
 2913 0b02 9C9BB564 		.ascii	"\234\233\265d\311\233Y\213\376\233\237\363N\246bx\203"
 2913      C99B598B 
 2913      FE9B9FF3 
 2913      4EA66278 
 2913      83
 2914 0b13 0D32E7BC 		.ascii	"\0152\347\274\221\371\362\354\234\245\331\022Y\026\232"
 2914      91F9F2EC 
 2914      9CA5D912 
 2914      59169A
 2915 0b22 ACD873C2 		.ascii	"\254\330s\302\241\331\331\263\027\376i\356+s\347\315"
 2915      A1D9D9B3 
 2915      17FE69EE 
 2915      2B73E7CD 
 2916 0b32 CD945EFE 		.ascii	"\315\224^\376\377a\362\302\370\021\312\177ii\216r>{"
 2916      FF61F2C2 
 2916      F811CA7F 
 2916      69698E72 
 2916      3E7B
 2917 0b44 B19419FD 		.ascii	"\261\224\031\375\256P~\026\006]\362\366\233\213\360"
 2917      AE507E16 
ARM GAS  C:\Users\acest\AppData\Local\Temp\ccFJ3o58.s 			page 113


 2917      065DF2F6 
 2917      9B8BF0
 2918 0b53 4AF8DD30 		.ascii	"J\370\3350\336\361j\364;\262\363rs\363\226\252+Z\020"
 2918      DEF16AF4 
 2918      3BB2F372 
 2918      73F396AA 
 2918      2B5A10
 2919 0b66 CA7DE795 		.ascii	"\312}\347\225\227r_Z\260$\037\347e\347\205\026\241\003"
 2919      97725F5A 
 2919      B0241FE7 
 2919      65E78516 
 2919      A103
 2920 0b78 DFC205E1 		.ascii	"\337\302\005\341E\257\207r\376\021\223#\\=s\223\225"
 2920      45AF8772 
 2920      FE119323 
 2920      5C3D7393 
 2920      95
 2921 0b89 9D1BCE61 		.ascii	"\235\033\316a\306\320\"##fz\343\255\354ltJ\363\377\263"
 2921      C6D02223 
 2921      23667AE3 
 2921      ADEC6C74 
 2921      4AF3FFB3 
 2922 0b9d 8CE686DF 		.ascii	"\214\346\206\337\242\313B\231)\257\315\377g\006\013"
 2922      A2CB4299 
 2922      29AFCDFF 
 2922      67060B
 2923 0bac B22C9433 		.ascii	"\262,\2243+\343\3059\022\011I\276\334E\271y\241w\245"
 2923      2BE3C539 
 2923      120949BE 
 2923      DC45B979 
 2923      A177A5
 2924 0bbf FF011EAB 		.ascii	"\377\001\036\253\253\274"
 2924      ABBC
 2925              		.text
 2926              		.section	.gnu.lto_VectorB0.461.b3bfdeff,"e",%progbits
 2927 0000 789C758F 		.ascii	"x\234u\217\275K\003A\020\305\347\355\344\313\306?A$"
 2927      BD4B0341 
 2927      10C5E7ED 
 2927      E4CBC63F 
 2927      4124
 2928 0012 A96CC48B 		.ascii	"\251l\304\213\235\225]\260\363\017X\021\275\0249H<\361"
 2928      9D955DB0 
 2928      F30F5811 
 2928      BD143948 
 2928      3CF1
 2929 0024 4EDB4C4C 		.ascii	"N\333LL\2524gbk\002\312ak%j\027l\354-\255D\304\302B"
 2929      AA346762 
 2929      6B02CA61 
 2929      6B256A17 
 2929      6CEC2DAD 
 2930 003c 242288F8 		.ascii	"$\"\210\370\265w\027\265\321\205\331}?\366\315\354\276"
 2930      B57717B5 
 2930      D185D97D 
 2930      3FF6CDEC 
 2930      BE
 2931 004d 09102D10 		.ascii	"\011\020-\020Q\301\024\230\320\355\264\025\211\310|"
 2931      51C11498 
ARM GAS  C:\Users\acest\AppData\Local\Temp\ccFJ3o58.s 			page 114


 2931      D0EDB415 
 2931      89C87C
 2932 005c 56A1D169 		.ascii	"V\241\321i\217\341\0301\201\352\012u\354\362\224\301"
 2932      8FE11831 
 2932      81EA0A75 
 2932      ECF294C1 
 2933 006c 97D65D47 		.ascii	"\227\326]G\026\007\010\231\250oj\2642\337df\322\321"
 2933      16070899 
 2933      A86F6AB4 
 2933      32DF6466 
 2933      D2D1
 2934 007e 657A206F 		.ascii	"ez o\237\201\310\363->\012)\242\200\243\301\222\202"
 2934      9F81C8F3 
 2934      2D3E0A29 
 2934      A280A3C1 
 2934      9282
 2935 0090 0C887658 		.ascii	"\014\210vX%\3200p\017\271\351] :\363\177l\007K\261\343"
 2935      25D03070 
 2935      0FB9E95D 
 2935      203AF37F 
 2935      6C074BB1 
 2936 00a5 C9381ED1 		.ascii	"\3118\036\321\234\244\026T\310\350\263y&d\025\337\275"
 2936      9CA41654 
 2936      C8E8B379 
 2936      266415DF 
 2936      BD
 2937 00b6 66FF6BCE 		.ascii	"f\377k\316\323\003\316\207\271=F\227C6=?J\256\2322n"
 2937      D303CE87 
 2937      B93D4697 
 2937      43363D3F 
 2937      4AAE9A32 
 2938 00cb E8304A98 		.ascii	"\3500J\230\0139\205S\340\0044\263\037c\032g\350Eq\""
 2938      0B398553 
 2938      E00434B3 
 2938      1F631A67 
 2938      E8457122 
 2939 00df 7726F2C8 		.ascii	"w&\362\310\350\207Cl_\277\227\342\310\001\3437\023Q"
 2939      E887436C 
 2939      5FBF97E2 
 2939      C801E337 
 2939      1351
 2940 00f1 C99ED376 		.ascii	"\311\236\323v\305Yu<\177\263\354\270\211v\275\242eY"
 2940      C559753C 
 2940      7FB3ECB8 
 2940      8976BDA2 
 2940      6559
 2941 0103 DAF57465 		.ascii	"\332\365te\245\252\327\335\015\337\323\236_\233-\352"
 2941      A5AAD7DD 
 2941      0DDFD39E 
 2941      5F9B2DEA 
 2942 0113 6AB5AC7D 		.ascii	"j\265\254}\247\266e%\274ltq\332Y\263\351\013o\317z\314"
 2942      A7B66525 
 2942      BC6C7471 
 2942      DA59B3E9 
 2942      0B6FCF7A 
 2943              		.text
 2944              		.section	.gnu.lto_irqInit.476.b3bfdeff,"e",%progbits
ARM GAS  C:\Users\acest\AppData\Local\Temp\ccFJ3o58.s 			page 115


 2945 0000 789CAD95 		.ascii	"x\234\255\225_l\024E\034\307\347w\333^{<\362\342\013"
 2945      5F6C1445 
 2945      1CC7E777 
 2945      DB5E7B3C 
 2945      F2E20B
 2946 0013 0F26BE68 		.ascii	"\017&\276h\002w\335\335k\025\2364U@\261\011\021}\333"
 2946      0277DDDD 
 2946      6B159E34 
 2946      5540B109 
 2946      117DDB
 2947 0026 6453AF67 		.ascii	"dS\257g8-\\s\2735}c=\344\205\227\302i\304D\324\320T"
 2947      382D5C73 
 2947      BB357D63 
 2947      3DE48597 
 2947      C269C444 
 2948 003d 238968DA 		.ascii	"#\211h\332\344\020ZJ\317;\270\212\026L\017\020^\264"
 2948      E4105A4A 
 2948      CF3BB88A 
 2948      164C0F10 
 2948      5EB4
 2949 004f DCF9E7A2 		.ascii	"\334\371\347\242T\245G\233\322\244\027\235\231\335\331"
 2949      54A5479B 
 2949      D2A4179D 
 2949      99DDD9
 2950 005e 59326FC7 		.ascii	"Y2o\307\\\372g~\373\371\316gg\347\267\267{1\214\320"
 2950      5CFA677E 
 2950      FBF9CE67 
 2950      67E7B7B7 
 2950      7B318CD0 
 2951 0072 ED08424F 		.ascii	"\355\010BO \204@A\220;~4\204\034\307y\266#\004\357\034"
 2951      20844041 
 2951      903B7E34 
 2951      841CC779 
 2951      B62304EF 
 2952 0087 3F1A813C 		.ascii	"?\032\201<\320\012\320\241\020\034\202\367\224\247p"
 2952      D00AD0A1 
 2952      101C82F7 
 2952      94A770
 2953 0096 F9E0F713 		.ascii	"\371\340\367\023\363%p\276(\300\270\202\320'\370\327"
 2953      F32570BE 
 2953      28C0B882 
 2953      D027F8D7 
 2954 00a6 FB84BDAA 		.ascii	"\373\204\275\252\363\244\002t\014p\026\020)\360\254"
 2954      F3A40274 
 2954      0C701610 
 2954      29F0AC
 2955 00b5 73751561 		.ascii	"su\025a\035>Hr\360\215\317H0\004\347\375\340\355:\270"
 2955      1D3E4872 
 2955      F08DCF48 
 2955      3004E7FD 
 2955      E0ED3AB8 
 2956 00c9 C1100D4E 		.ascii	"\301\020\015N\001c$\250\300\005?\370\341\222\027Thp"
 2956      016324A8 
 2956      C0053FF8 
 2956      E1921754 
 2956      6870
 2957 00db 061823C1 		.ascii	"\006\030#\3016\230\345F\026l\243\301\0020F\202\355P"
ARM GAS  C:\Users\acest\AppData\Local\Temp\ccFJ3o58.s 			page 116


 2957      3698E546 
 2957      166CA3C1 
 2957      02304682 
 2957      ED50
 2958 00ed E4C6BFBD 		.ascii	"\344\306\277\275`;\015\226\2001\022\014\303end\3010"
 2958      603B0D96 
 2958      8031120C 
 2958      C3656E64 
 2958      C130
 2959 00ff 0D968131 		.ascii	"\015\226\2011\022\354\200\357\270\361\037/\330A\203"
 2959      12EC80EF 
 2959      B8F11F2F 
 2959      D84183
 2960 010e 57803112 		.ascii	"W\2001\022\354\204\037x\260\351\005;ip\036\010\003\274"
 2960      EC841F78 
 2960      B0E9053B 
 2960      69701E08 
 2960      03BC
 2961 0120 995F57DA 		.ascii	"\231_W\332\013\316\306\177\243\216S\337\362\345\205"
 2961      0BCEC67F 
 2961      A38E53DF 
 2961      F2E585
 2962 012f CF239B10 		.ascii	"\317#\233\020\032UH\217\2346p\012\010\035SBnq\030\027"
 2962      1A55488F 
 2962      9C36700A 
 2962      081D5342 
 2962      6E711817 
 2963 0143 7F8153FB 		.ascii	"\177\201S\373x\016\310\377\373\247\336\377e\"\202\367"
 2963      780EC8FF 
 2963      FBA7DEFF 
 2963      652282F7 
 2964 0153 991EBCDF 		.ascii	"\231\036\274\337\007\347\000\335\203#\217\243w!4\256"
 2964      07E700DD 
 2964      83238FA3 
 2964      772134AE 
 2965 0163 E0135196 		.ascii	"\340\023Q\226S\306\361\346\207\341G\334K\205$\033\033"
 2965      53C6F1E6 
 2965      87E147DC 
 2965      4B85241B 
 2965      1B
 2966 0174 8DF36D78 		.ascii	"\215\363mx!T\361\347I\242\230\362\025\323\202b\212)"
 2966      2154F1E7 
 2966      49A298F2 
 2966      15D38262 
 2966      8A29
 2967 0186 3A828AEC 		.ascii	":\202\212\354\264\257\230\370\214(f|\305EA1\303\024"
 2967      B4AF98F8 
 2967      8C28667C 
 2967      C5454131 
 2967      C314
 2968 0198 9D41458E 		.ascii	"\235AE\216+\326\317\020E\301W|+(\012L\021\011*\306\270"
 2968      2BD6CF10 
 2968      45C1577C 
 2968      2B280A4C 
 2968      11092AC6 
 2969 01ad A27A9628 		.ascii	"\242z\226(J\276\342\222\240(1\305\246\240b\222+N\317"
 2969      4ABEE292 
ARM GAS  C:\Users\acest\AppData\Local\Temp\ccFJ3o58.s 			page 117


 2969      A02831C5 
 2969      A6A06292 
 2969      2B4ECF
 2970 01c0 1245D957 		.ascii	"\022E\331W\314\011\2122S<\026T\024\003\0272W\375\350"
 2970      CC098A32 
 2970      533C1654 
 2970      14031732 
 2970      57FDE8
 2971 01d3 03C03701 		.ascii	"\003\3007\001s|/8\2560\307\223AG\205;\226o\020\207\333"
 2971      737C2F38 
 2971      AE30C793 
 2971      4147853B 
 2971      966F1087 
 2972 01e8 E9F5768A 		.ascii	"\351\365v\212\233\265\351\227\031^\375\231\3435\017"
 2972      9BB5E997 
 2972      195EFD99 
 2972      E3350F
 2973 01f7 3738AEFE 		.ascii	"78\256\376!\342\354\214\217\317\374+\342\034\307\353"
 2973      21E2EC8C 
 2973      8FCFFC2B 
 2973      E21CC7EB 
 2974 0207 6BE2B9C7 		.ascii	"k\342\271\3078n^\252\011x\222\343\325\2535A^\341\270"
 2974      386E5EAA 
 2974      097892E3 
 2974      D5AB3541 
 2974      5EE1B8
 2975 021a FA53F1D7 		.ascii	"\372S\361\327;\233]\234\337\351]\030\307\023\213\"n"
 2975      3B9B5D9C 
 2975      DFE95D18 
 2975      C7138B22 
 2975      6E
 2976 022b 707C6A49 		.ascii	"p|jI\304\271Y\037/\257\214}Uex\217\267r\216W\233\305"
 2976      C4B9591F 
 2976      2FAF8C7D 
 2976      5565788F 
 2976      B7728E57 
 2977 0241 FA9DCDF8 		.ascii	"\372\235\315\370KG\003\013\345\010\\\025:3\317:\263"
 2977      4B47030B 
 2977      E5085C15 
 2977      3A33CF3A 
 2977      B3
 2978 0252 05160237 		.ascii	"\005\026\0027\310\254\337\231|\271TgK\270\351-\241\030"
 2978      C8ACDF99 
 2978      7CB95467 
 2978      4BB8E92D 
 2978      A118
 2979 0264 38C73511 		.ascii	"8\3075\021W8\316\337\022q-0{Q\304\215\300\354%\021g"
 2979      5738CEDF 
 2979      12712D30 
 2979      7B51C48D 
 2979      C0EC2511 
 2980 0279 17F8EC95 		.ascii	"\027\370\354\225\322]\206\327\330\356p\234o\212x\222"
 2980      D25D86D7 
 2980      D8EE709C 
 2980      6F8A7892 
 2981 0289 E3F5CBBF 		.ascii	"\343\365\313\277}\312\032w\202]\030\307\325k\"\256p"
 2981      7DCA1A77 
ARM GAS  C:\Users\acest\AppData\Local\Temp\ccFJ3o58.s 			page 118


 2981      825D18C7 
 2981      D56B22AE 
 2981      70
 2982 029a 7CFA9688 		.ascii	"|\372\226\210k\034//\212\270\021X\332\222\210\263\327"
 2982      6B1C2F2F 
 2982      8AB81158 
 2982      DA9288B3 
 2982      D7
 2983 02ab F9D2561E 		.ascii	"\371\322V\036\302\015\310\336\333\310]\247-!\237Q\005"
 2983      C20DC8DE 
 2983      DBC85DA7 
 2983      2D219F51 
 2983      05
 2984 02bc DC6763B6 		.ascii	"\334gc\266@\312\255\275;\214\327\254d\3062\372\023I"
 2984      40CAADBD 
 2984      3B8CD7AC 
 2984      64C632FA 
 2984      1349
 2985 02ce CB369E4F 		.ascii	"\3136\236OZo\331\351!\343\225\350s\321\336\350\013F"
 2985      5A6FD9E9 
 2985      21E395E8 
 2985      73D1DEE8 
 2985      0B46
 2986 02e0 061F3687 		.ascii	"\006\0376\2072\3517\223\011\033\355\215Fc\301\237\336"
 2986      32E93793 
 2986      091BED8D 
 2986      4663C19F 
 2986      DE
 2987 02f1 FDA9D753 		.ascii	"\375\251\327S\373\354\341\201T:\226 \343\264\245\251"
 2987      FBECE181 
 2987      543A9620 
 2987      E3B4A5A9 
 2988 0301 AA1A4B5B 		.ascii	"\252\032K[\261\375\375\203\261\241t\306\266b\373^\355"
 2988      B1FDFD83 
 2988      B1A174C6 
 2988      B662FB5E 
 2988      ED
 2989 0312 D335F7EF 		.ascii	"\3235\367\357\256\370\310H\314\262\017\350\232\231\262"
 2989      AEF8C848 
 2989      CCB20FE8 
 2989      9A99B2
 2990 0321 32D1047A 		.ascii	"2\321\004z1\261\303\240\023-*1\002\022#m\031XbP\211"
 2990      31B1C3A0 
 2990      132D2A31 
 2990      0212236D 
 2990      19586250 
 2991 0336 41271983 		.ascii	"A'\031\203\203\003Fr\304N\275\255\272\007LRtES\007\345"
 2991      83034672 
 2991      C44EBDAD 
 2991      BA074C52 
 2991      74455307 
 2992 034b 98546926 		.ascii	"\230Ti&M\232I\227f\212S\323\036\011\246ns;u\365\311"
 2992      4D9A4997 
 2992      668A53D3 
 2992      1E09A66E 
 2992      733B75F5 
 2993 0360 D8F32E53 		.ascii	"\330\363.S\355\246\266\2752l=\333\342]f\334m\344K2\204"
ARM GAS  C:\Users\acest\AppData\Local\Temp\ccFJ3o58.s 			page 119


 2993      EDA6B6BD 
 2993      326C3DDB 
 2993      E25D66DC 
 2993      6DE44B32 
 2994 0375 4FCB533D 		.ascii	"O\313S=#O\265]\332\216i\252\251i\3334y\015\325\273L"
 2994      234FB55D 
 2994      DA8E69AA 
 2994      A969DB34 
 2994      790DD5BB 
 2995 038a 5D9376A5 		.ascii	"]\223v\245\272\336\352]\373\306@\242\377\240\357\242"
 2995      BADEEA5D 
 2995      FBC640A2 
 2995      FFA0EFA2 
 2996 039a 952AD1A5 		.ascii	"\225*\321\245It\351\255v\323N\035\360Mx\254\342\257"
 2996      4974E9AD 
 2996      76D34E1D 
 2996      F04D78AC 
 2996      E2AF
 2997 03ac 92A9F698 		.ascii	"\222\251\366\230\336M\273\353\221\205\232$\217.\311"
 2997      DE4DBBEB 
 2997      91859A24 
 2997      8F2EC9
 2998 03bb 1397E4E9 		.ascii	"\023\227\344\351\226\344\351\221\344\221\325/\367\011"
 2998      96E4E991 
 2998      E491D52F 
 2998      F709
 2999 03c9 B3FBD1FB 		.ascii	"\263\373\321\373\336\362;u\330\352\317\330\236\210\216"
 2999      DEF23B75 
 2999      D8EACFD8 
 2999      9E888E
 3000 03d8 5B7EA70A 		.ascii	"[~\247\012\246\226\337\251\202Iou\233\0362\341a\\\226"
 3000      A696DFA9 
 3000      82496F75 
 3000      9B1E32E1 
 3000      615C96
 3001 03eb A8BBD507 		.ascii	"\250\273\325\007fP484\354o\370\377\305#>\207"
 3001      66503438 
 3001      34EC6FF8 
 3001      FFC5233E 
 3001      87
 3002              		.text
 3003              		.section	.gnu.lto_irqDeinit.477.b3bfdeff,"e",%progbits
 3004 0000 789CAD95 		.ascii	"x\234\255\225Ol\024U\034\307\337o\247\335v9r\361\342"
 3004      4F6C1455 
 3004      1CC7DF6F 
 3004      A7DD7639 
 3004      72F1E2
 3005 0013 C1C48B1A 		.ascii	"\301\304\213\032\331\355\314l\253p\322T\255\212M\210"
 3005      D9EDCC6C 
 3005      AB70D254 
 3005      AD8A4D88 
 3006 0023 E86D9249 		.ascii	"\350m\222I\335\256a\265\260\315\316\324\364\306\270"
 3006      DDAE61B5 
 3006      B0CDCED4 
 3006      F4C6B8
 3007 0032 70E25259 		.ascii	"p\342RYT<\020M\353j\340\200\246k\012X\250,[\272\025"
 3007      543C104D 
ARM GAS  C:\Users\acest\AppData\Local\Temp\ccFJ3o58.s 			page 120


 3007      EB6AE080 
 3007      A66B0A58 
 3007      A82C5BBA 
 3008 0047 04123796 		.ascii	"\004\0227\226\205\350\246\264F\211B\002]J\264\246\015"
 3008      85E8A6B4 
 3008      46894202 
 3008      5D4AB4A6 
 3008      0D
 3009 0058 BEF766DE 		.ascii	"\276\367f\336{C\336my\233\376\2317\237\357\36733\357"
 3009      7B43DE6D 
 3009      799BFE99 
 3009      379FEFF7 
 3009      3333EF
 3010 006b CDCE7C1D 		.ascii	"\315\316|\035E\350Z\014\241'\021B\240!(\034<\020A\236"
 3010      45E85A0C 
 3010      A1271142 
 3010      A021281C 
 3010      3C10419E 
 3011 007f E7BDD011 		.ascii	"\347\275\320\021\201\017\017\036\210\301\024\320\021"
 3011      810F0F1E 
 3011      88C114D0 
 3011      11
 3012 008c A0BD11D8 		.ascii	"\240\275\021\330\013\207\264\247\361\360\337?\016\037"
 3012      0B87B4A7 
 3012      F1F0DF3F 
 3012      0E1F
 3013 009a 9D03EF68 		.ascii	"\235\003\357h\031\212\032B\237\343\337\340\023\015F"
 3013      198A1A42 
 3013      9FE3DFE0 
 3013      130D46
 3014 00a9 9D4734A0 		.ascii	"\235G4\240\333\000'\000\221\001n\235Z0\020\326\341\235"
 3014      DB002700 
 3014      91016E9D 
 3014      5A3010D6 
 3014      E19D
 3015 00bb 24072739 		.ascii	"$\007'9#\301\010|\317\203\327\026\"~0B\203\323\300\030"
 3015      23C1087C 
 3015      CF83D716 
 3015      227E3042 
 3015      83D3C018 
 3016 00cf 096A7086 		.ascii	"\011jp\206\007?\273\032\0045\032\234\001\306H\260\015"
 3016      073FBB1A 
 3016      04351A9C 
 3016      01C648B0 
 3016      0D
 3017 00e0 CE0A230B 		.ascii	"\316\012#\013\266\321`\031\030#\301v\250\010c=\010\266"
 3017      B6D16019 
 3017      1823C176 
 3017      A808633D 
 3017      08B6
 3018 00f2 D3E02C30 		.ascii	"\323\340,0F\202Q\230\023F\026\214\322`\025\030#\301"
 3018      46825198 
 3018      1346168C 
 3018      D2601518 
 3018      23C1
 3019 0104 0EF85118 		.ascii	"\016\370Q\030\177\013\202\0354x\001\030#\301N\370I\004"
 3019      7F0B821D 
ARM GAS  C:\Users\acest\AppData\Local\Temp\ccFJ3o58.s 			page 121


 3019      34780118 
 3019      23C14EF8 
 3019      4904
 3020 0116 6F06C14E 		.ascii	"o\006\301N\032\274\004\204\001\236\314ok\355eo\375\301"
 3020      1ABC0484 
 3020      019ECC6F 
 3020      6BED656F 
 3020      FDC1
 3021 0128 98E7CD3F 		.ascii	"\230\347\315?\363\315\231\323\261M\010\215id\215\274"
 3021      F3CD99D3 
 3021      B14D088D 
 3021      69648DBC 
 3022 0138 36F0CA08 		.ascii	"6\360\312\010}\244E\374\301><\370\033\274\345\205\213"
 3022      7DA445FC 
 3022      C13E3CF8 
 3022      1BBCE585 
 3022      8B
 3023 0149 40FEDF1B 		.ascii	"@\376\337\033\377\370\277\311\030\236g\272\363A?\234"
 3023      FFF8BFC9 
 3023      189E67BA 
 3023      F3413F9C 
 3024 0159 027417F6 		.ascii	"\002t\027\366?\201\366C\244\250\341\003QV\320\212x\362"
 3024      3F81F643 
 3024      A4A8E103 
 3024      5156D08A 
 3024      78F2
 3025 016b A3453C87 		.ascii	"\243E<\2078\326\\/-\264\341\263\240\375\277\216\220"
 3025      38D65C2F 
 3025      2DB4E1B3 
 3025      A0FDBF8E 
 3025      90
 3026 017c FE34EF9F 		.ascii	"\3764\357\237\226\372\323\254\337\301\373\025\321\237"
 3026      96FAD3AC 
 3026      DFC1FB15 
 3026      D19F
 3027 018a FC8AF467 		.ascii	"\374\212\364gx\377\007\251?\303\372\235\274_\023\375"
 3027      78FF07A9 
 3027      3FC3FA9D 
 3027      BC5F13FD 
 3028 019a B5E3A45F 		.ascii	"\265\343\244_\346\375sR\277\314\3721\336_\026\375\245"
 3028      E6FD7352 
 3028      BFCCFA31 
 3028      DE5F16FD 
 3028      A5
 3029 01ab 13A43FCB 		.ascii	"\023\244?\313\373\347\245\376,\353o\342\375\246\350"
 3029      FBE7A5FE 
 3029      2CEB6FE2 
 3029      FDA6E8
 3030 01ba 1F3B4BFA 		.ascii	"\037;K\372U\336\237\227\372U\326\177\214\367\363uq\376"
 3030      55DE9F97 
 3030      FA55D67F 
 3030      8CF7F375 
 3030      71FE
 3031 01cc F3E35F7C 		.ascii	"\363\343_|\012x\311\231\340\242$\270\300\004OqAA\010"
 3031      0A78C999 
 3031      E0A224B8 
 3031      C0044F71 
ARM GAS  C:\Users\acest\AppData\Local\Temp\ccFJ3o58.s 			page 122


 3031      414108
 3032 01df 567E3987 		.ascii	"V~9\207\005\376\242\036~\205\342\215\211\372\033\014"
 3032      05FEA21E 
 3032      7E85E28D 
 3032      89FA1B0C 
 3033 01ef DF6F8C73 		.ascii	"\337o\214s|(\300%\201\227\376\224qE\340\343wd\\\023"
 3033      7C28C025 
 3033      8197FE94 
 3033      7145E0E3 
 3033      77645C13 
 3034 0203 78ED1FF9 		.ascii	"x\355\037\371\330\313\002o\234\257H\270\031:\265\313"
 3034      D8CB026F 
 3034      9CAF48B8 
 3034      193AB5CB 
 3035 0213 1392BC70 		.ascii	"\023\222\274p]\234\332\325\374\315\033\233}\3743\273"
 3035      5D9CDAD5 
 3035      FCCD1B9B 
 3035      7DFC33BB 
 3036 0223 30812717 		.ascii	"0\201'\027e\\\022x\374\266\214k\002\257\254\346O.\005"
 3036      655C1278 
 3036      FCB68C6B 
 3036      02AFACE6 
 3036      4F2E05
 3037 0236 F8DEF6E0 		.ascii	"\370\336\366\340\314\005\276\277\221\277uc3\376~\321"
 3037      CC05BEBF 
 3037      91BF7563 
 3037      33FE7ED1 
 3038 0246 40A31A83 		.ascii	"@\243\032\203\313\322\262\\b\313\362\270\270/\256\363"
 3038      CBD2B25C 
 3038      62CBF2B8 
 3038      B82FAEF3 
 3039 0256 6599AAEE 		.ascii	"e\231\252\356\273\305\216\277\022\034?\377\2538\300"
 3039      BBC58EBF 
 3039      121C3FFF 
 3039      AB38C0
 3040 0265 15191704 		.ascii	"\025\031\027\004\236\252\313x\"\324^\224q)\324\276-"
 3040      9EAACB78 
 3040      22D45E94 
 3040      7129D4BE 
 3040      2D
 3041 0276 E34AA8BD 		.ascii	"\343J\250\275\372\345\035\206?\351\013\246&\324\336"
 3041      FAE51D86 
 3041      3FE90BA6 
 3041      26D4DE
 3042 0285 907153E0 		.ascii	"\220qS\340\265\271\342\357\014\177\307.\254!V\355\212"
 3042      B5B9E2EF 
 3042      0C7FC72E 
 3042      AC2156ED 
 3042      8A
 3043 0296 8C0B021F 		.ascii	"\214\013\002\037\253\313xB\340\225E\031\227\032\241"
 3043      ABCB7842 
 3043      E0954519 
 3043      971AA1
 3044 02a5 0B937145 		.ascii	"\013\223qE\340\265\325\207p\023\362w\327k\015\272$\344"
 3044      E0B5D587 
 3044      7013F277 
 3044      D76B0DBA 
ARM GAS  C:\Users\acest\AppData\Local\Temp\ccFJ3o58.s 			page 123


 3044      24E4
 3045 02b7 33A681FF 		.ascii	"3\246\201\377\014\314\227\311\360\331\336m\326\333N"
 3045      0CCC97C9 
 3045      F0D9DE6D 
 3045      D6DB4E
 3046 02c6 3AE75803 		.ascii	":\347X\003\251\264\343Z/\245\235\367\335\354\260\365"
 3046      A9B4E35A 
 3046      2FA59DF7 
 3046      DDECB0F5 
 3047 02d6 66FCC578 		.ascii	"f\374\305xo\374e+\207w\333\303\271\354{\351\224\213"
 3047      6FFC652B 
 3047      8777DBC3 
 3047      B9EC7BE9 
 3047      948B
 3048 02e8 76C4E389 		.ascii	"v\304\343\211\360O\357\256\314;\231\235\356\310`&\233"
 3048      F04FEFAE 
 3048      CC3B999D 
 3048      EEC86026 
 3048      9B
 3049 02f9 4891EDAC 		.ascii	"H\221\355\254c\350\272\236\310:\211]\003C\211\341l\316"
 3049      63E8BA9E 
 3049      C83A895D 
 3049      034389E1 
 3049      6CCE
 3050 030b 75123BDF 		.ascii	"u\022;\337\3527\015\377o_rt4\341\270\273M\303\3168\271"
 3050      EA370DFF 
 3050      6F5F7274 
 3050      34E1B8BB 
 3050      4DC3CE38 
 3051 0320 780ABD96 		.ascii	"x\012\275\226\332f\321\242C%VHbe\035\013K,*\261h\311"
 3051      DA66D1A2 
 3051      43255648 
 3051      62651D0B 
 3051      4B2C2AB1 
 3052 0336 1A1A1AB4 		.ascii	"\032\032\032\264\322\243n\346\003\335\337a\223AW<\263"
 3052      D2A36EE6 
 3052      03DDDF61 
 3052      9341573C 
 3052      B3
 3053 0347 478D4957 		.ascii	"G\215IWf2\224\231Le\246$5mW`\352\266\267RW\277\2129"
 3053      66329499 
 3053      4C65A624 
 3053      356D5760 
 3053      EAB6B752 
 3054 035f EFB2F56E 		.ascii	"\357\262\365nj\333\241\302\326\263%\331e'\375\205|]"
 3054      6ADBA1C2 
 3054      D6B325D9 
 3054      6527FD85 
 3054      7C5D
 3055 0371 85F03975 		.ascii	"\205\3609u\252\347\325\251\266*\2331C\267\015c\213\241"
 3055      AAE7D5A9 
 3055      B62A9B31 
 3055      43B70D63 
 3055      8BA1
 3056 0383 6E41CD2E 		.ascii	"nA\315.\3334\224]\251i\266z\327\276;\230\032\330\303"
 3056      DB34945D 
 3056      A969B67A 
ARM GAS  C:\Users\acest\AppData\Local\Temp\ccFJ3o58.s 			page 124


 3056      D7BE3B98 
 3056      1AD8C3
 3057 0396 5D74A42B 		.ascii	"]t\244+t\031\012]f\253\253\351fvs\023\336\326\361W\311"
 3057      74190A5D 
 3057      66ABABE9 
 3057      66767313 
 3057      DED6F157 
 3058 03ab D67BECE0 		.ascii	"\326{\354\340\246\355{d\241\241\310c*\362$\025y\272"
 3058      A6ED7B64 
 3058      A1A1C863 
 3058      2AF22415 
 3058      79BA
 3059 03bd 15797A14 		.ascii	"\025yz\024yT\255\227\377\204y\365\321\327\275\345w\352"
 3059      7954AD97 
 3059      FF8479F5 
 3059      D1D7BDE5 
 3059      77EA
 3060 03cf 88339073 		.ascii	"\2103\220s\003\021\335n\371\235*\231Z~\247J&\263\325"
 3060      0311DD6E 
 3060      F99D2A99 
 3060      5A7EA74A 
 3060      26B3D5
 3061 03e2 697AC884 		.ascii	"iz\310\2047\223\252D\335\255>0\303\242\241\341\021>"
 3061      3793AA44 
 3061      DDAD3E30 
 3061      C3A2A1E1 
 3061      113E
 3062 03f4 E1FF03E8 		.ascii	"\341\377\003\350\2359\233"
 3062      9D399B
 3063              		.text
 3064              		.section	.gnu.lto_.symbol_nodes.b3bfdeff,"e",%progbits
 3065 0000 789C75D1 		.ascii	"x\234u\321=N\303@\020\005\340\231}kOb'N\237\006\316"
 3065      3D4EC340 
 3065      1005E099 
 3065      7D6B4F62 
 3065      274E9F06 
 3066 0015 96929603 		.ascii	"\226\222\226\003L\"q\000\012\020\002\011\011\221\210"
 3066      4C227100 
 3066      0A100209 
 3066      099188
 3067 0024 92024403 		.ascii	"\222\002D\003\022\025%p\002\376\033\270\000\242\204"
 3067      12152570 
 3067      02FE1BB8 
 3067      00A284
 3068 0033 9844336E 		.ascii	"\230D3nf\253O\357\255\366I\366\025\210(\355Ai\272<\231"
 3068      66AB4FEF 
 3068      ADF649F6 
 3068      158828ED 
 3068      4169BA3C 
 3069 0048 771F8994 		.ascii	"w\037\211\224\350z:cbjO\361\002\332l/\035@9\272\224"
 3069      E87A3A63 
 3069      626A4FF1 
 3069      02DA6C2F 
 3069      1D4039BA 
 3070 005d 8EA0292C 		.ascii	"\216\240),\217\241\010\313\023h\016\3139\264\010\313"
 3070      8FA108CB 
 3070      13680ECB 
ARM GAS  C:\Users\acest\AppData\Local\Temp\ccFJ3o58.s 			page 125


 3070      39B408CB 
 3071 006d 33681996 		.ascii	"3h\031\226\017P\011\313'h/,\237\241\375\250\344Wh\365"
 3071      0F5009CB 
 3071      27682F2C 
 3071      9FA1FDA8 
 3071      E45768F5 
 3072 0081 BB3E1BFF 		.ascii	"\273>\033\377\027\250\375rm\313o\320:\352\336\241\203"
 3072      17A8FD72 
 3072      6DCB6FD0 
 3072      3AEADEA1 
 3072      83
 3073 0092 A8FB800E 		.ascii	"\250\373\200\016\203\016T\317\226L\274\030g\372\272"
 3073      830E54CF 
 3073      964CBC18 
 3073      67FABA
 3074 00a1 3FBC64FE 		.ascii	"?\274d\376n\220<L\026\302CX\230=\314\026\026\036\026"
 3074      6E903C4C 
 3074      16C24358 
 3074      983DCC16 
 3074      161E16
 3075 00b4 1696EBF0 		.ascii	"\026\226\353\360n\354\334v\236\263\373\263\343\323\224"
 3075      6EECDC76 
 3075      9EB3FBB3 
 3075      E3D394
 3076 00c3 CBD51BFB 		.ascii	"\313\325\033\373#\323\226i\316\306[\347\017C|N|N:s\322"
 3076      23D39669 
 3076      CEC65BE7 
 3076      0F437C4E 
 3076      7C4E3A73 
 3077 00d8 99139F73 		.ascii	"\231\023\237s\337\244,6-6->->-6m\274H\350\015V?z\247"
 3077      DFA42C36 
 3077      2D362D3E 
 3077      2D3E2D36 
 3077      6DBC48E8 
 3078 00f1 447FB826 		.ascii	"D\177\270&;;\2518+g\355l\234#\343b\202\252\261w\215"
 3078      3B3BA938 
 3078      2B67ED6C 
 3078      9C23E362 
 3078      82AAB177 
 3079 0106 A5539C95 		.ascii	"\245S\234\225\263v6\316\221q1\241?\311i\034\211"
 3079      B37636CE 
 3079      917131A1 
 3079      3FC9691C 
 3079      89
 3080              		.text
 3081              		.section	.gnu.lto_.refs.b3bfdeff,"e",%progbits
 3082 0000 789C7BC5 		.ascii	"x\234{\305\300\300\300\314\300\300(\016\304R\014L\214"
 3082      C0C0C0CC 
 3082      C0C0280E 
 3082      C4520C4C 
 3082      8C
 3083 0011 860CCC4C 		.ascii	"\206\014\314L(<f\024\036\013\012\217\025\231\307\317"
 3083      283C6614 
 3083      1E0B0A8F 
 3083      1599C7CF 
 3084 0021 C6C02801 		.ascii	"\306\300(\001\344I\003yF@\372\014\320d\306\363\014@"
 3084      E4490379 
ARM GAS  C:\Users\acest\AppData\Local\Temp\ccFJ3o58.s 			page 126


 3084      4640FA0C 
 3084      D064C6F3 
 3084      0C40
 3085 0033 DE3310AB 		.ascii	"\3363\020\253\201\021H43\002\271\263@\254- b;\210{\016"
 3085      81114834 
 3085      3302B9B3 
 3085      40AC2D20 
 3085      623B887B 
 3086 0048 C47A0122 		.ascii	"\304z\001\"^\203\270ML\014B\354\3242\211\201q\016\210"
 3086      5E83B84D 
 3086      4C0C42EC 
 3086      D4328981 
 3086      710E88
 3087 005b 98CF04E4 		.ascii	"\230\317\004\344n\003\262\000\301w\027\235"
 3087      6E03B200 
 3087      C177179D 
 3088              		.text
 3089              		.section	.gnu.lto_.decls.b3bfdeff,"e",%progbits
 3090 0000 789CCD58 		.ascii	"x\234\315X}TTG\226\177\267\252\241\233\246\241\011\340"
 3090      7D545447 
 3090      967FB7AA 
 3090      A19BA6A1 
 3090      09E0
 3091 0012 CCECCE9E 		.ascii	"\314\354\316\236\254;\2339a\316\031\305\006\215f\316"
 3091      AC3B9B39 
 3091      61CE19C5 
 3091      068D66CE 
 3092 0022 CE1E0D60 		.ascii	"\316\036\015`d3\316x\300d\346\344p\322\203\335=\302"
 3092      6433CE78 
 3092      C064E6E4 
 3092      70D283DD 
 3092      3DC2
 3093 0034 C88743B7 		.ascii	"\310\207C\267\256\371g\267\011\020\374D\324\230\020"
 3093      AEF967B7 
 3093      0910FC44 
 3093      D49810
 3094 0043 41458D51 		.ascii	"AE\215Q\203\037\250\250\370\021h@\021E\023Q\361[\203"
 3094      831FA8A8 
 3094      F8116840 
 3094      11451351 
 3094      F15B83
 3095 0056 1A144545 		.ascii	"\032\024EE\324(\202\312\336\252\367\331t\217\231d\371"
 3095      D42882CA 
 3095      DEAAF7D9 
 3095      748F9964 
 3095      F9
 3096 0067 43F4BEAE 		.ascii	"C\364\276\256\252\367\273\277{o\325}\267\352\275y?\027"
 3096      AAF7BBBF 
 3096      7B6FD57D 
 3096      B7EABD79 
 3096      3F17
 3097 0079 843F1B05 		.ascii	"\204?\033\005\341gzA\350\307\277`A\020ZP\002Q.\240\234"
 3097      E1677A41 
 3097      E8C7BF60 
 3097      41105A50 
 3097      02512EA0 
 3098 008e 40B928F5 		.ascii	"@\271(\365\337E\271\214\002(\347PBQ\256\241t\240\334"
ARM GAS  C:\Users\acest\AppData\Local\Temp\ccFJ3o58.s 			page 127


 3098      DF45B98C 
 3098      0228E750 
 3098      4251AEA1 
 3098      74A0DC
 3099 00a1 44B98572 		.ascii	"D\271\205r\007\345.\312=\224\007(\017QzPt\250\024\210"
 3099      07E52ECA 
 3099      3D940728 
 3099      0F517A50 
 3099      74A81488 
 3100 00b5 128C6206 		.ascii	"\022\214b\006\221\343'\354\242\371;\212\375\177\302"
 3100      91E327EC 
 3100      A2F93B8A 
 3100      FD7FC2
 3101 00c4 DF349470 		.ascii	"\3374\224p\224H\311\036\263\377\024\345U\224\032\224"
 3101      9448C91E 
 3101      B3FF14E5 
 3101      55941A94 
 3102 00d4 A928BF45 		.ascii	"\251(\277E\354\1770<\312\177\242\014\001\321_\017\312"
 3102      EC7F303C 
 3102      CA7FA20C 
 3102      01D15F0F 
 3102      CA
 3103 00e5 9728F1D8 		.ascii	"\227(\361\330O\004\321\177\346\373\177a\233\242|\202"
 3103      4F04D17F 
 3103      E6FB7F61 
 3103      9BA27C82 
 3104 00f5 F2314A00 		.ascii	"\3621J\000\216\215\306\337\263\370{F\212\347\177\261"
 3104      8E8DC6DF 
 3104      B3F87B46 
 3104      8AE77FB1 
 3105 0105 6F92622A 		.ascii	"o\222b*\305\366r\224\225(\253Q\326\242\254C\331\200"
 3105      C5F67294 
 3105      9528AB51 
 3105      D6A2AC43 
 3105      D980
 3106 0117 5281B219 		.ascii	"R\201\262\031e+\210q\371\213\245\345\005\211\245c\020"
 3106      652B8871 
 3106      F98BA5E5 
 3106      0589A563 
 3106      10
 3107 0128 6269C5FE 		.ascii	"bi\305\376?\377\210XX\276\014v<7\007!\236\263/\310\332"
 3107      3FFF8858 
 3107      58BE0C76 
 3107      3C370721 
 3107      9EB32FC8 
 3108 013d DC1A8458 		.ascii	"\334\032\204X.\276@ksg\020\342\271\374\002\305sw\020"
 3108      2EBE406B 
 3108      736710E2 
 3108      B9FC02C5 
 3108      737710
 3109 0150 E2697F81 		.ascii	"\342i\177\201\342\2717\010\361\334\300\276^\212g\033"
 3109      E2B93708 
 3109      F1DCC0BE 
 3109      5E8A671B 
 3110 0160 B6DB05D5 		.ascii	"\266\333\005\3256\363\233\305\003\222M\"\210{@\340\000"
 3110      36F39BC5 
 3110      03924D22 
ARM GAS  C:\Users\acest\AppData\Local\Temp\ccFJ3o58.s 			page 128


 3110      887B40E0 
 3110      00
 3111 0171 0EF6779B 		.ascii	"\016\366w\233\331\220x\266\2038'F\011\207\333\021\337"
 3111      D99078B6 
 3111      83382746 
 3111      0987DB11 
 3111      DF
 3112 0182 3776607F 		.ascii	"7v`\177\027\312n\224\275(_\242\324\242\324\2414\200"
 3112      17CA6E94 
 3112      BD285FA2 
 3112      D4A2D4A1 
 3112      3480
 3113 0194 B8970CFC 		.ascii	"\270\227\014\374\353\326\360\356\227xC5\274l/j\304~"
 3113      EBD6F0EE 
 3113      97784335 
 3113      BC6C2F6A 
 3113      C47E
 3114 01a6 13CA6194 		.ascii	"\023\312a\224#(_\241\034C9\216r\022\304\375i\340\337"
 3114      23285FA1 
 3114      1C43398E 
 3114      7212C4FD 
 3114      69E0DF
 3115 01b9 620A9130 		.ascii	"b\012\2210\024\257\341`\340W\035%\002\015\020\242\335"
 3115      14AFE160 
 3115      E0571D25 
 3115      020D10A2 
 3115      DD
 3116 01ca FC6FF534 		.ascii	"\374o\3654\001\252E\265\367\202K)\271\321\223\337if"
 3116      01AA45B5 
 3116      F7824B29 
 3116      B9D193DF 
 3116      6966
 3117 01dc 7EC054C8 		.ascii	"~\300T\310\346x\302\031\302\360^\337\267Uy\344\247\250"
 3117      E678C219 
 3117      C2F05EDF 
 3117      B75579E4 
 3117      A7A8
 3118 01ee 74CBED8E 		.ascii	"t\313\355\216\2044\330\007\300\242\003\014\017\366`"
 3118      8434D807 
 3118      C0A2030C 
 3118      0FF660
 3119 01fd 0321F945 		.ascii	"\003!\371E\005\227\002M\036\267\373\256\273\274^\207"
 3119      0597024D 
 3119      1EB7FBAE 
 3119      BBBC5E87 
 3120 020d 77A00A60 		.ascii	"w\240\012`'\003\325\000\340tP\027C\315y\324w#\330\017"
 3120      2703D500 
 3120      E0745017 
 3120      43CD79D4 
 3120      7723D80F 
 3121 0221 0A6A41C2 		.ascii	"\012jA\302q\233\036\201~\200*sQp\365\351*\224\317\201"
 3121      719B1E81 
 3121      7E802A73 
 3121      5170F5E9 
 3121      2A94CF81 
 3122 0235 E95F79B0 		.ascii	"\351_y\260i\035\211\020\003\360p\347\241\021\340 \327"
 3122      691D8910 
ARM GAS  C:\Users\acest\AppData\Local\Temp\ccFJ3o58.s 			page 129


 3122      03F070E7 
 3122      A111E020 
 3122      D7
 3123 0246 C4ACDAC2 		.ascii	"\304\254\332\302AK\016\317\3514z\203\232T\020c\271\235"
 3123      414B0ECF 
 3123      E9347A83 
 3123      9A541063 
 3123      B99D
 3124 0258 D76450BD 		.ascii	"\327dP\2758\244\372\312\346\227\356a,\201\247\357t\257"
 3124      38A4FACA 
 3124      E697EE61 
 3124      2C81A7EF 
 3124      74AF
 3125 026a 0C8E78E5 		.ascii	"\014\216x\345\025$\311G\036\235\000u\000\270\276\314"
 3125      1524C947 
 3125      1E9D0075 
 3125      00B8BECC 
 3126 027a E011C605 		.ascii	"\340\021\306\005_\001\260\375_@\242\236g\363\0266\204"
 3126      5F01B0FD 
 3126      5F40A29E 
 3126      67F31636 
 3126      84
 3127 028b 96B93DF9 		.ascii	"\226\271=\371&\344\200f\016\221I\243Q\252\200\301*\213"
 3127      26E48066 
 3127      0E9149A3 
 3127      51AA80C1 
 3127      2A8B
 3128 029d F20ADD61 		.ascii	"\362\012\335a\"\346\200\017\306\302|k\277\177\245\305"
 3128      22E6800F 
 3128      C6C27C6B 
 3128      BF7FA5C5 
 3129 02ad 14E163B4 		.ascii	"\024\341c\264i\240\321R\252\353)[Qn\210\360u\260\001"
 3129      69A0D152 
 3129      AAEB295B 
 3129      516E88F0 
 3129      75B001
 3130 02c0 E018C7B2 		.ascii	"\340\030\307\262\035]\300\333=\247\026V\254\015\317"
 3130      1D5DC0DB 
 3130      3DA71656 
 3130      AC0DCF
 3131 02cf E5DE7D0D 		.ascii	"\345\336}\015\260\237\337\027\301\262e\272\2010\353"
 3131      B09FDF17 
 3131      C1B265BA 
 3131      8130EB
 3132 02de 73FBF6E7 		.ascii	"s\373\366\347\232}\255\037\367b\344\311\021\306\027"
 3132      9A7DAD1F 
 3132      F762E4C9 
 3132      11C617
 3133 02ed CA0D7437 		.ascii	"\312\015t7S4x\216\3677\352q\2664\336\264\002\260\324"
 3133      5334788E 
 3133      F737EA71 
 3133      B634DEB4 
 3133      02B0D4
 3134 0300 84D35CF3 		.ascii	"\204\323\\\363\034\300Y\2003\362|\365.9{@\232\257\251"
 3134      1CC05980 
 3134      33F27CF5 
 3134      2E397B40 
ARM GAS  C:\Users\acest\AppData\Local\Temp\ccFJ3o58.s 			page 130


 3134      9AAFA9
 3135 0313 700A1848 		.ascii	"p\012\030H\236\012\356\2258_w\217\256-\012-\316\245"
 3135      9E0AEE95 
 3135      385F778F 
 3135      AE2D0A2D 
 3135      CEA5
 3136 0325 E001D8E5 		.ascii	"\340\001\330\345\013\262\260\340*k\327\272\371\234\236"
 3136      0BB2B0E0 
 3136      2A6BD7BA 
 3136      F99C9E
 3137 0334 00A8E798 		.ascii	"\000\250\347\230\001\221\335\343\221\315\277PsW\033"
 3137      0191DDE3 
 3137      91CDBF50 
 3137      73571B
 3138 0343 99E81D9C 		.ascii	"\231\350\035\234\007_\377\020\335\222\177\255)D\315"
 3138      075FFF10 
 3138      DD927FAD 
 3138      2944CD
 3139 0352 9013AA61 		.ascii	"\220\023\252a\266{a\350\257\002;z\232yK\240O\271\211"
 3139      B67B61E8 
 3139      AF023B7A 
 3139      9A794BA0 
 3139      4FB989
 3140 0365 5B076E1C 		.ascii	"[\007n\034\0111r%O~\220 \247v\033 \006-|\003p\011\020"
 3140      09317225 
 3140      4F7E9020 
 3140      A7761B20 
 3140      062D7C03 
 3141 037c 567175EF 		.ascii	"Vqu\357E\023\026YVktv@\243\257\341\305(\274K\205H7q"
 3141      45131659 
 3141      566B7476 
 3141      40A3AFE1 
 3141      C528BC4B 
 3142 0394 93403B25 		.ascii	"\223@;%Fj\244vc\023\274\034\365\200\2165\220(\263\321"
 3142      466AA476 
 3142      6313BC1C 
 3142      F5808E35 
 3142      9028B3D1 
 3143 03a8 B0BE01C2 		.ascii	"\260\276\001\302\214\001\006B:\364vcT/l$\345\201C\307"
 3143      8C010642 
 3143      3AF47663 
 3143      542F6C24 
 3143      E58143C7 
 3144 03bc BA75F6F9 		.ascii	"\272u\366\371C:\364nR\374\373\310\330\261x\355\3207"
 3144      433AF46E 
 3144      52FCFBC8 
 3144      D8B178ED 
 3144      D037
 3145 03ce 811DB526 		.ascii	"\201\035\265&\351\014a\330\352\320\033\037\320\362\005"
 3145      E90C61D8 
 3145      EAD01B1F 
 3145      D0F205
 3146 03dd 81F6A364 		.ascii	"\201\366\243d\366\253\230EF{L$N\302X\203\341es=\255"
 3146      F6AB9845 
 3146      467B4C24 
 3146      4EC25883 
 3146      E165733D 
ARM GAS  C:\Users\acest\AppData\Local\Temp\ccFJ3o58.s 			page 131


 3147 03f2 A7E305C1 		.ascii	"\247\343\005\301`\250\334<\304\330\2417#E\224}h\230"
 3147      60A8DC3C 
 3147      C4D8A137 
 3147      2345947D 
 3147      6898
 3148 0404 7DA8B909 		.ascii	"}\250\271\011\002\354vcd\224\200N\330cb\306\022#2\353"
 3148      02EC7663 
 3148      6494804E 
 3148      D86362C6 
 3148      122332EB 
 3149 0418 0C4D1043 		.ascii	"\014M\020C\301\024\343\276\334\371Sc\2001\350\345\241"
 3149      C114E3BE 
 3149      DCF95363 
 3149      8031E8E5 
 3149      A1
 3150 0429 51826017 		.ascii	"Q\202`\027\306\023\344\245\375\362\037\350\321\246]"
 3150      C613E4A5 
 3150      FDF21FE8 
 3150      D1A65D
 3151 0438 ED024419 		.ascii	"\355\002D\031I\014\241ou`\021&d(f\244\316`2\201\033"
 3151      490CA16F 
 3151      75601126 
 3151      642866A4 
 3151      CE603281 
 3152 044d 7F82AC6F 		.ascii	"\177\202\254o\331'\305\030\205\016=\301[\221:p\023P"
 3152      D927C518 
 3152      850E3DC1 
 3152      5B913A70 
 3152      1350
 3153 045f 358D8102 		.ascii	"5\215\201\002@Q\010N!\377\307. ]\200uA<\377\313f\370"
 3153      4051084E 
 3153      21FFC72E 
 3153      205D8075 
 3153      413CFFCB 
 3154 0475 387BD889 		.ascii	"8{\330\211\204f\020qT\371\221\332\014@$\036\"\225K\020"
 3154      84661071 
 3154      54F991DA 
 3154      0C40241E 
 3154      22954B10 
 3155 0489 752423EC 		.ascii	"u$#\354\252!W  Ad\036QG\002(\272R\223\331\340`\242\325"
 3155      AA215720 
 3155      2041641E 
 3155      51470228 
 3155      BA5293D9 
 3156 04a1 E17A5E8E 		.ascii	"\341z^\216\253\224\202B+\273$\210\035\314\233\272%\347"
 3156      AB948242 
 3156      2BBB2488 
 3156      1DCC9BBA 
 3156      25E7
 3157 04b3 0B03AEE1 		.ascii	"\013\003\256\341\274\271;\2526\206\300\220\342\261\002"
 3157      BCB93BAA 
 3157      3686C090 
 3157      E2B102
 3158 04c2 D09594DD 		.ascii	"\320\225\224\335*\334[\324l\364S\2371\313 \233+\327"
 3158      2ADC5BD4 
 3158      6CF4539F 
 3158      31CB209B 
ARM GAS  C:\Users\acest\AppData\Local\Temp\ccFJ3o58.s 			page 132


 3158      2BD7
 3159 04d4 771D994D 		.ascii	"w\035\231M\177QR\342\356\251,]\361\357\370\340}\200"
 3159      7F5152E2 
 3159      EEA92C5D 
 3159      F1EFF8E0 
 3159      7D80
 3160 04e6 681D02E0 		.ascii	"h\035\002\340[\251.\012\330\022\340*\300\025xoS(\275"
 3160      5BA92E0A 
 3160      D812E02A 
 3160      C015786F 
 3160      5328BD
 3161 04f9 C789976F 		.ascii	"\307\211\227ox\272&\224\251\225<\\Y\346\036\253(]W\224"
 3161      78BA2694 
 3161      A9953C5C 
 3161      59E61EAB 
 3161      285D5794 
 3162 050d AE2B4A8F 		.ascii	"\256+J\217B\350\001\035S\332s\245\352]\256\263\357\232"
 3162      42E8011D 
 3162      53DA73A5 
 3162      EA5DAEB3 
 3162      EF9A
 3163 051f 87AE67D9 		.ascii	"\207\256g\331\306Tn(*7\024\225\272\020Z\022\300T\016"
 3163      C6546E28 
 3163      2A371495 
 3163      BA105A12 
 3163      C0540E
 3164 0532 373F3AAD 		.ascii	"7?:\255\347:\213;5:\235\212N\247\2423/\204vr\235\215"
 3164      E73A8B3B 
 3164      353A9D8A 
 3164      4EA7A233 
 3164      2F847672 
 3165 0548 D7F26F19 		.ascii	"\327\362o\031\270\316\231.\215\316mE\347\266\242\323"
 3165      B8CE992E 
 3165      8DCE6D45 
 3165      E7B6A2D3 
 3166 0558 6AA23581 		.ascii	"j\2425\201\334\265\263[\216\230\270\316\212\207\032"
 3166      DCB5B35B 
 3166      8E98B8CE 
 3166      8A871A
 3167 0567 9D2E45A7 		.ascii	"\235.E\247K\321Yi\242K\364L\347\322\301\366\013\242"
 3167      4BD15969 
 3167      A24BF44C 
 3167      E7D2C1F6 
 3167      0BA2
 3168 0579 9D9E5E8D 		.ascii	"\235\236^\215N\267\242\323\255\350\334\010\2467\271"
 3168      4EB7A2D3 
 3168      ADE8DC08 
 3168      A637B9
 3169 0588 CE92D5EB 		.ascii	"\316\222\325\353\236\361x\252O\365{^\327N\367}E\355"
 3169      9EF178AA 
 3169      4FF57B5E 
 3169      D74EF77D 
 3169      45ED
 3170 059a BE3A0D41 		.ascii	"\276:\015At\257\201\251}V\330]\303M\235\371\344\363"
 3170      74AF81A9 
 3170      7D56D85D 
 3170      C34D9DF9 
ARM GAS  C:\Users\acest\AppData\Local\Temp\ccFJ3o58.s 			page 133


 3170      E4F3
 3171 05ac BA15018D 		.ascii	"\272\025\001\215yn\305\334w\212\336w\212\336!\003\255"
 3171      796EC5DC 
 3171      778ADE77 
 3171      8ADE2103 
 3171      AD
 3172 05bd 0B627A17 		.ascii	"\013bz\027k+\226\0040\275\312\365\005\270\301(\306\036"
 3172      6B2B9604 
 3172      30BDCAF5 
 3172      05B8C128 
 3172      C61E
 3173 05cf 294A8F54 		.ascii	")J\217Tc\006\332\034\304JX \177\324\364\274\305\266"
 3173      6306DA1C 
 3173      C44A5820 
 3173      7FD4F4BC 
 3173      C5B6
 3174 05e1 CA59F402 		.ascii	"\312Y\364\002'\353:\325Z\037ht\017,cO\000qX\306\372"
 3174      27EB3AD5 
 3174      5A1F6874 
 3174      0F2C634F 
 3174      007158C6 
 3175 05f6 007A5919 		.ascii	"\000zY\031\353\254\351\237\311\217\013O\001\262\231"
 3175      EBACE99F 
 3175      C98F0B4F 
 3175      01B299
 3176 0605 0F17EFAF 		.ascii	"\017\027\357\257\016\364\336uq#\352Ww\335\256\255;\032"
 3176      0EF4DE75 
 3176      7123EA57 
 3176      77DDAEAD 
 3176      3B1A
 3177 0617 4CDE80E3 		.ascii	"L\336\200\343^\200\376\223\247{A-\272X\013\344\242\233"
 3177      5E80FE93 
 3177      A77B412D 
 3177      BA580BE4 
 3177      A29B
 3178 0629 4B3860C3 		.ascii	"K8`\303\355(n1\227\3003\346\302\334\266\225\377\343"
 3178      ED286E31 
 3178      97C033E6 
 3178      C2DCB695 
 3178      FFE3
 3179 063b 27EBF3F0 		.ascii	"'\353\363\360q\373@\324\350\311\313\333\216\353\200"
 3179      71FB40D4 
 3179      E8C9CBDB 
 3179      8EEB80
 3180 064a 1BCE475B 		.ascii	"\033\316G[\026m\375\267\272\274\362(\274\015\217\225"
 3180      166DFDB7 
 3180      BABCF228 
 3180      BC0D8F95 
 3181 065a 7979CC7F 		.ascii	"yy\314\177h\211\221;\260\266lM\020CW\327l\277|6\260"
 3181      6889913B 
 3181      B0B66C4D 
 3181      104357D7 
 3181      6CBF7C36 
 3182 066f CC5D4FD8 		.ascii	"\314]O\330,\026\020\031]\300\213\005}\314\321\305\263"
 3182      2C161019 
 3182      5DC08B05 
 3182      7DCCD1C5 
ARM GAS  C:\Users\acest\AppData\Local\Temp\ccFJ3o58.s 			page 134


 3182      B3
 3183 0680 4FBEC6DD 		.ascii	"O\276\306\335\271,N\300\341z\217'T\036\230Mp\344\334"
 3183      B92C4EC0 
 3183      E17A8F27 
 3183      541E984D 
 3183      70E4DC
 3184 0693 294F9BDE 		.ascii	")O\233\336\217\203s\321\3019\242\203\327\216>\230\253"
 3184      8F8373D1 
 3184      C139A283 
 3184      D78E3E98 
 3184      AB
 3185 06a4 E326ABF6 		.ascii	"\343&\253\366t\307r\213s\011\024*\026\013E\213M\301"
 3185      74C7728B 
 3185      7309142A 
 3185      160B458B 
 3185      4DC1
 3186 06b6 FE2C9E5B 		.ascii	"\376,\236[\360\351\034\177\374E\310\277@\344?xf\316"
 3186      F0E91C7F 
 3186      FC45C8BF 
 3186      40E43F78 
 3186      66CE
 3187 06c8 25C2F82B 		.ascii	"%\302\370+\327\347\025z\302\010\336\203\371\012\373"
 3187      D7E7157A 
 3187      C208DE83 
 3187      F90AFB
 3188 06d7 7C91FD5C 		.ascii	"|\221\375\\\260\270\247\273\305\023\237;\214\367\314"
 3188      B0B8A7BB 
 3188      C5139F3B 
 3188      8CF7CC
 3189 06e6 A8DE56B1 		.ascii	"\250\336V\261\355\021(\271\200\203\362\212|\204&\242"
 3189      ED1128B9 
 3189      8083F28A 
 3189      7C8426A2 
 3190 06f6 61098BB2 		.ascii	"a\011\213\262\372\366\256\002C\270\270\263\226\023\270"
 3190      FAF6AE02 
 3190      43B8B8B3 
 3190      9613B8
 3191 0705 00B098C0 		.ascii	"\000\260\230\300\"d\206\245\204\003\231\037w\276\270"
 3191      226486A5 
 3191      8403991F 
 3191      77BEB8
 3192 0714 B225F097 		.ascii	"\262%\360\227l!\312j\267\366\015[\354.\237\200\267\241"
 3192      6C21CA6A 
 3192      B7F60D5B 
 3192      EC2E9F80 
 3192      B7A1
 3193 0726 98B9A2E0 		.ascii	"\230\271\242\340\213\211\360^\225xV\035A7\233\230\336"
 3193      8B89F05E 
 3193      9578561D 
 3193      41379B98 
 3193      DE
 3194 0737 879EEBC7 		.ascii	"\207\236\353\307\014\306\266\347\356\251\\!\212\356"
 3194      0CC6B6E7 
 3194      EEA95C21 
 3194      8AEE
 3195 0745 300974AF 		.ascii	"0\011t\257I\214d(\255\303^\243\324\373\031m\306^+\312"
 3195      498C6428 
ARM GAS  C:\Users\acest\AppData\Local\Temp\ccFJ3o58.s 			page 135


 3195      ADC35EA3 
 3195      D4FB196D 
 3195      C65E2BCA 
 3196 0759 37285751 		.ascii	"7(WQn\242\334Ey\210\322'\241\306\210GOJ\335!h\371\345"
 3196      6EA2DC45 
 3196      7988D227 
 3196      A1C68847 
 3196      4F4ADD21 
 3197 0770 FDF39EDD 		.ascii	"\375\363\236\3350\275\302\2164\352\337e\364\277\344"
 3197      30BDC28E 
 3197      34EADF65 
 3197      F4BFE4
 3198 077f E6AAEE5F 		.ascii	"\346\252\356_\326\347\271\233\360L\362)\201\012\002"
 3198      D6E7B99B 
 3198      F04CF229 
 3198      810A02
 3199 078e 9BD444FD 		.ascii	"\233\324D\375\204\210g\027\365\234\361\005\201\015l"
 3199      84886717 
 3199      F59CF105 
 3199      810D6C
 3200 079d 70138FB4 		.ascii	"p\023\217\264\232\300\036\002\333\010l%PI`\027\201\035"
 3200      9AC01E02 
 3200      DB086C25 
 3200      50496017 
 3200      811D
 3201 07af 04B613D8 		.ascii	"\004\266\023\330L`\013\002\220\210\300N\202{;.\013\032"
 3201      4C600B02 
 3201      9088C04E 
 3201      827B3B2E 
 3201      0B1A
 3202 07c1 AB7CBA40 		.ascii	"\253|\272@</\242\241\225^\206\226\023~\270"
 3202      3C2FA2A1 
 3202      955E8696 
 3202      137EB8
 3203 07d0 6198672A 		.ascii	"a\230g*f\205/\006\235a\240\307*\3503/\320IP\210zT\314"
 3203      66852F06 
 3203      9D61A0C7 
 3203      2AE8332F 
 3203      D0495088 
 3204 07e7 5A2F8C7C 		.ascii	"Z/\214|\"c\240.\025\364\271/\310\302O\271O$\014\246"
 3204      2263A02E 
 3204      15F4B92F 
 3204      C8C24FB9 
 3204      4F240CA6 
 3205 07fb E92A2F4C 		.ascii	"\351*/L\271\306\243\331\013\025\242R/\3202\242\236\227"
 3205      B9C6A3D9 
 3205      0B15A252 
 3205      2FD032A2 
 3205      9E97
 3206 080d FB54A6D5 		.ascii	"\373T\246\325\276L\242\333sT\242\022\337\305\0201\275"
 3206      BE4CA2DB 
 3206      7354A212 
 3206      DFC51031 
 3206      BD
 3207 081e AAD76B7C 		.ascii	"\252\327k|\303\227<\272\255\202\326{\201\242\025\236"
 3207      C3973CBA 
 3207      AD82D67B 
ARM GAS  C:\Users\acest\AppData\Local\Temp\ccFJ3o58.s 			page 136


 3207      81A2159E 
 3208 082e 7E1552E6 		.ascii	"~\025R\346\353\264\210\271\243b\326\371\320\240)z\210"
 3208      EBB488B9 
 3208      A362D6F9 
 3208      D0A0297A 
 3208      88
 3209 083f E51769AB 		.ascii	"\345\027i\253=Q\021\02410Q`/\371\021\251\302\312\361"
 3209      3D511114 
 3209      31305160 
 3209      2FF911A9 
 3209      C2CAF1
 3210 0852 A1A2AF4D 		.ascii	"\241\242\257Mj\361\334\247\232\375R|\002[6\316YDT\300"
 3210      6AF1DCA7 
 3210      9AFD527C 
 3210      025B36CE 
 3210      594454C0 
 3211 0866 52155023 		.ascii	"R\025P#\002v\334yR\031\340\357Y\257\345\317\372\010"
 3211      0276DC79 
 3211      5219E0EF 
 3211      59AFE5CF 
 3211      FA08
 3212 0878 7A8AF91D 		.ascii	"z\212\371\035\370\364d\3531\275\361\347\000\370\037"
 3212      F8F464EB 
 3212      31BDF1E7 
 3212      00F81F
 3213 0887 D93ADCF5 		.ascii	"\331:\334\365\271T\200X\030!\200\207@\035b\261\2065"
 3213      B9548058 
 3213      18218087 
 3213      401D62B1 
 3213      8635
 3214 0899 10D6C47D 		.ascii	"\020\326\304}\350\311\277\342/\222\267\256\351\335G"
 3214      E8C9BFE2 
 3214      2F92B7AE 
 3214      E9DD47
 3215 08a8 A522F167 		.ascii	"\245\"\361g\034Rj\325~\302\015\210\217` \"\327\355\236"
 3215      1C526AD5 
 3215      7EC20D88 
 3215      8F602022 
 3215      D7ED9E
 3216 08bb DD1CE4CF 		.ascii	"\335\034\344\317\215F\356\306\001\302\221z\376\260\216"
 3216      8D46EEC6 
 3216      01C2917A 
 3216      FEB08E
 3217 08ca 41FC89AB 		.ascii	"A\374\211\253\327\352\315Z\346&\002\007\331j\034\"\\"
 3217      D7EACD5A 
 3217      E6260207 
 3217      D96A1C22 
 3217      5C
 3218 08db 87855671 		.ascii	"\207\205Vq\266\372\234Q\215=O\215\375\260lz\266XF\356"
 3218      B6FA9C51 
 3218      8D3D4F8D 
 3218      FDB06C7A 
 3218      B65846EE 
 3219 08ef 8ABD484E 		.ascii	"\212\275HN_\016\364<_\253\216\322\226F\223?\237\216"
 3219      5F0EF43C 
 3219      5FAB8ED2 
 3219      9646933F 
ARM GAS  C:\Users\acest\AppData\Local\Temp\ccFJ3o58.s 			page 137


 3219      9F8E
 3220 0901 719F76B2 		.ascii	"q\237v\262\315\250\241\355\303r\243Z\0061c\277\"p\224"
 3220      CDA8A1ED 
 3220      C372A35A 
 3220      063163BF 
 3220      227094
 3221 0914 39D24238 		.ascii	"9\322B8Pdn\023h;\347|\274\246\267\223\362\312\346y\336"
 3221      50646E13 
 3221      683BE77C 
 3221      BCA6B793 
 3221      F2CAE679 
 3222 0929 DBC2D527 		.ascii	"\333\302\325'\355\265\301*\355I\342\237\366\030\326"
 3222      EDB5C12A 
 3222      ED49E29F 
 3222      F618D6
 3223 0938 B410B149 		.ascii	"\264\020\261I\331\371\343f\337\026\277\016\237\345\016"
 3223      D9F9E366 
 3223      DF16BF0E 
 3223      9FE50E
 3224 0947 9F614BB2 		.ascii	"\237aK\262y\331\3719\340\345\260\374\306v\216p \363"
 3224      79D9F939 
 3224      E0E5B0FC 
 3224      C6768E70 
 3224      20F3
 3225 0959 F2EAF2D3 		.ascii	"\362\352\362\323\005z/\363\003A\334f\223@\273B\004z"
 3225      057A2FF3 
 3225      0341DC66 
 3225      9340BB42 
 3225      047A
 3226 096b 5F7201DF 		.ascii	"_r\001\337\337\037\361 \253\3666\257'^6\344\227\263"
 3226      DF1FF120 
 3226      ABF636AF 
 3226      275E36E4 
 3226      97B3
 3227 097d CBD2BAB3 		.ascii	"\313\322\272\263\327\361\343=]\340ec \210\366!\271;"
 3227      D7F1E33D 
 3227      5DE06563 
 3227      2088F621 
 3227      B93B
 3228 098f 54A00528 		.ascii	"T\240\005(\363P\212Q\226\242,\013\025\015\232\370z\341"
 3228      F3508A51 
 3228      96A22C0B 
 3228      150D9AF8 
 3228      7AE1
 3229 09a1 DC964B03 		.ascii	"\334\226K\003\354\213\306\311\326\023\337\372M\350;"
 3229      EC8BC6C9 
 3229      D613DFFA 
 3229      4DE83B
 3230 09b0 7C126EB3 		.ascii	"|\022n\263L\372\027<\200\360\037\201~\026\312\2349\322"
 3230      4CFA173C 
 3230      80F01F81 
 3230      7E16CA9C 
 3230      39D2
 3231 09c2 B800DF92 		.ascii	"\270\000\337\222\006$v7A\004.\312]\002]l\352\272\013"
 3231      06247637 
 3231      41042ECA 
 3231      5D025D6C 
ARM GAS  C:\Users\acest\AppData\Local\Temp\ccFJ3o58.s 			page 138


 3231      EABA0B
 3232 09d5 B7E51A95 		.ascii	"\267\345\032\225\234\273G\240\223\300M\266&\367\011"
 3232      9CBB47A0 
 3232      93C04DB6 
 3232      26F709
 3233 09e4 67E72F9C 		.ascii	"g\347/\234\227.\367\232\331\372>\217\350\370\241\342"
 3233      972EF79A 
 3233      D9FA3E8F 
 3233      E8F8A1E2 
 3234 09f4 FC2085E8 		.ascii	"\374 \205\350\201/\021\335\210QV\242T\241\354A\251E"
 3234      812F11DD 
 3234      885156A2 
 3234      54A1EC41 
 3234      A945
 3235 0a06 D92F0539 		.ascii	"\331/\0059\037\304\260\015\3640\363\375\327\033\353"
 3235      1FC4B00D 
 3235      F430F3FD 
 3235      D71BEB
 3236 0a15 17E79ABD 		.ascii	"\027\347\232\2756\254\010\355\316u\354\341\326o~\245"
 3236      36AC08ED 
 3236      CE75ECE1 
 3236      D66F7EA5 
 3237 0a25 EE5CBD78 		.ascii	"\356\\\275x\022\240\003\213\023\276KW\226m\021_\250"
 3237      12A0038B 
 3237      13BE4B57 
 3237      966D115F 
 3237      A8
 3238 0a36 5B099CE0 		.ascii	"[\011\234\340\0309\343\216\373-\2727\274x\344M\247\035"
 3238      1839E38E 
 3238      FB2DBA37 
 3238      BC78E44D 
 3238      A71D
 3239 0a48 41CB2410 		.ascii	"A\313$\020\256\350E/\320\005\315>0_e\272\346\005\222"
 3239      AEE8452F 
 3239      D005CD3E 
 3239      305F65BA 
 3239      E60592
 3240 0a5b CA77BBA6 		.ascii	"\312w\273\246|#Q\237\217\327\242CsU\232\016/\210\246"
 3240      7C23519F 
 3240      8FD7A243 
 3240      73559A0E 
 3240      2F88A6
 3241 0a6e 32CF5331 		.ascii	"2\317S1\327}1\222?\232-\267\307\013\244\335\005W\250"
 3241      D77D3192 
 3241      3F9A2DB7 
 3241      C70BA4DD 
 3241      0557A8
 3242 0a81 4CCFBC40 		.ascii	"L\317\274@\315\252\265\"\025\363\255\027f\203\212\321"
 3242      CDAAB522 
 3242      15F3AD17 
 3242      66838AD1 
 3243 0a91 EC270FBD 		.ascii	"\354'\017\2750\362\276\304\242\377T\235\306K\276\323"
 3243      30F2BEC4 
 3243      A2FF549D 
 3243      C64BBED3 
 3244 0aa1 68D11C36 		.ascii	"h\321\0346\236\022x\302\306\020\203I\226O\241\237\300"
 3244      9E1278C2 
ARM GAS  C:\Users\acest\AppData\Local\Temp\ccFJ3o58.s 			page 139


 3244      C6108349 
 3244      964FA19F 
 3244      C0
 3245 0ab2 020A8514 		.ascii	"\002\012\205\024\226P\230K\241\210B.\205\002\012\037"
 3245      9650984B 
 3245      A188422E 
 3245      85020A1F 
 3246 0ac2 52C8A3B0 		.ascii	"R\310\243\260\220\302\034\012\037QXDa\036\205\017(\313"
 3246      90C21C0A 
 3246      1F515844 
 3246      611E850F 
 3246      28CB
 3247 0ad4 27378562 		.ascii	"'7\205b\012\263\251t\002y\242z\370\330w:,\302*\266\225"
 3247      0AB3A974 
 3247      0279A27A 
 3247      F8D8773A 
 3247      2CC22AB6 
 3248 0ae9 B384C935 		.ascii	"\263\204\3115\301w\004nq\214\234\305\232]z\201:\033"
 3248      C177046E 
 3248      718C9CC5 
 3248      9A5D7A81 
 3248      3A1B
 3249 0afb EDBECB2C 		.ascii	"\355\276\313,\036\231*\227K\231\327B\340k\257\314;B"
 3249      1E992A97 
 3249      4B99D742 
 3249      E06BAFCC 
 3249      3B42
 3250 0b0d D4F42C91 		.ascii	"\324\364,\221@W\010\264q\220\\-\276\021\2551L\251\204"
 3250      405708B4 
 3250      71905C2D 
 3250      BE11AD31 
 3250      4CA984
 3251 0b20 394FE034 		.ascii	"9O\3404\307\310U\353\224\337s\323#\337\271\0271\013"
 3251      C7C855EB 
 3251      94DF73D3 
 3251      23DFB917 
 3251      310B
 3252 0b32 55AFAFFA 		.ascii	"U\257\257\372\256!\333\314\313\314\374d\276\364\351"
 3252      AE21DBCC 
 3252      CBCCFC64 
 3252      BEF4E9
 3253 0b41 15123170 		.ascii	"\025\0221p!`)\035\254\245`E\347\343\002\217^\335\304"
 3253      2160291D 
 3253      ACA56045 
 3253      E7E3028F 
 3253      5EDDC4
 3254 0b54 3ED64C21 		.ascii	">\326L!\"\350Z\263@\267sg\346\3257\224\005\342{\002"
 3254      22E85AB3 
 3254      40B77367 
 3254      E6D53794 
 3254      05E27B02 
 3255 0b68 7C8AE3BF 		.ascii	"|\212\343\277(\306w\376\305\317\360\314\335\300\337"
 3255      28C677FE 
 3255      C5CFF0CC 
 3255      DDC0DF
 3256 0b77 268B9BF8 		.ascii	"&\213\233\370;@\011\345\357\000\260\214\342&\203=\371"
 3256      3B4009E5 
ARM GAS  C:\Users\acest\AppData\Local\Temp\ccFJ3o58.s 			page 140


 3256      EF00B08C 
 3256      E226833D 
 3256      F9
 3257 0b88 EDF0AC99 		.ascii	"\355\360\254\231\026\205IJk\266\355\010\334X\355v\027"
 3257      1685494A 
 3257      6BB6ED08 
 3257      DC58ED76 
 3257      17
 3258 0b99 B8DD1F04 		.ascii	"\270\335\037\004\261\217\011P&j\341SN\261-\353,3\323"
 3258      B18F0950 
 3258      266AE153 
 3258      4EB12DEB 
 3258      2C33D3
 3259 0bac D3A24E75 		.ascii	"\323\242Nu\345\272m\335 \276\356\326\3617\320\025\262"
 3259      E5BA6DDD 
 3259      20BEEED6 
 3259      F137D015 
 3259      B2
 3260 0bbd C64A8A6D 		.ascii	"\306J\212mYc\243\231.{\311\277\253{*V\227\352\367JV"
 3260      5963A399 
 3260      2E7BC9BF 
 3260      AB7B2A56 
 3260      97EAF74A 
 3261 0bd2 7FC5AD96 		.ascii	"\177\305\255\226K\276\256\242\260\232bOf\2511\323;\376"
 3261      4BBEAEA2 
 3261      B09A624F 
 3261      66A931D3 
 3261      3BFE
 3262 0be4 592A4B77 		.ascii	"Y*KwO\227bE\3755\222\376g\024\326R\354\311\372\307\314"
 3262      4F976245 
 3262      FD3592FE 
 3262      6714D652 
 3262      ECC9FAC7 
 3263 0bf9 B4E72539 		.ascii	"\264\347%9\326{\255zM\254xB\370\\\366|\035\305\266\254"
 3263      D67BAD7A 
 3263      4DAC7842 
 3263      F85CF67C 
 3263      1DC5B6AC 
 3264 0c0d 73359416 		.ascii	"s5\224\026\205\2136j\266s\033\023\230\211\3652x\003"
 3264      858B366A 
 3264      B6731B13 
 3264      9889F532 
 3264      7803
 3265 0c1f C5B60C5E 		.ascii	"\305\266\014^d\246k\302\345\211Y\374\310kb\276\2205"
 3265      64A66BC2 
 3265      E58959FC 
 3265      C86B62BE 
 3265      9035
 3266 0c31 2A28B665 		.ascii	"*(\266e\2155f\2723\374\357M\314\361\345\003&f\243\024"
 3266      8D3566BA 
 3266      33FCEF4D 
 3266      CCF1E503 
 3266      2666A314 
 3267 0c45 D8260A9B 		.ascii	"\330&\012\233)\366d\226\035f\332\354\237\245\262V;1"
 3267      29F66496 
 3267      1D66DAEC 
 3267      9FA5B256 
ARM GAS  C:\Users\acest\AppData\Local\Temp\ccFJ3o58.s 			page 141


 3267      3B31
 3268 0c57 5B24FD4A 		.ascii	"[$\375J\012[)\366d\375\203\354\325\357\360\205\312>"
 3268      0A5B29F6 
 3268      64FD83EC 
 3268      D5EFF085 
 3268      CA3E
 3269 0c69 CD47F276 		.ascii	"\315G\362v\365\023\3506\312\363\361\346\203\362\015"
 3269      F513E836 
 3269      CAF3F1E6 
 3269      83F20D
 3270 0c78 9A2FFE73 		.ascii	"\232/\376s\325C\325v\226\217\247\305\310{*K\273\376"
 3270      D543D576 
 3270      968FA7C5 
 3270      C87B2A4B 
 3270      BBFE
 3271 0c8a A40DBC4A 		.ascii	"\244\015\274J\016|\007&\260b\362|(\275&*(_\232D\370"
 3271      0E7C0726 
 3271      B062F27C 
 3271      28BD262A 
 3271      285F9A44 
 3272 0c9f 4E19BE8B 		.ascii	"N\031\276\213b[\206\257\015\245\337Ip\351#\223\270\016"
 3272      625B86AF 
 3272      0DA5DF49 
 3272      70E92393 
 3272      B80E
 3273 0cb1 D5327A37 		.ascii	"\3252z7\305\266\214\356\012\241\371\021\"Z\372\274$"
 3273      C5B68CEE 
 3273      0AA1F911 
 3273      225AFABC 
 3273      24
 3274 0cc2 A2F7C8E8 		.ascii	"\242\367\310\350\275\024\3332zw\010]\"\241\245\017K"
 3274      BD14DB32 
 3274      7A77085D 
 3274      22A1A50F 
 3274      4B
 3275 0cd3 227A9F8C 		.ascii	"\"z\237\214\376\222b[F\347\205\320\325\022Z\372\244"
 3275      FE92625B 
 3275      46E785D0 
 3275      D5125AFA 
 3275      A4
 3276 0ce4 24A26B64 		.ascii	"$\242kdt-\305\266\214>j\242\333%\264\3641ID{dt\035\305"
 3276      742DC5B6 
 3276      8C3E6AA2 
 3276      DB25B4F4 
 3276      3149447B 
 3277 0cfc B68CFEC4 		.ascii	"\266\214\376\304D\033Et\365\251\376\266X\355,\326\313"
 3277      441B4574 
 3277      F5A9FEB6 
 3277      58ED2CD6 
 3277      CB
 3278 0d0d 0A0D14DB 		.ascii	"\012\015\024\333\262BK\020\256\313\252KE\025\232o\327"
 3278      B2424B10 
 3278      AECBAA4B 
 3278      45159A6F 
 3278      D7
 3279 0d1e 45EABAEC 		.ascii	"E\352\272\354g\353rRb\254,}:F\345; \3635Rl\313|'Bi{"
 3279      67EB7252 
ARM GAS  C:\Users\acest\AppData\Local\Temp\ccFJ3o58.s 			page 142


 3279      62AC2C7D 
 3279      3A46E53B 
 3279      20F33552 
 3280 0d39 84BF5539 		.ascii	"\204\277U9(\303\233(\266e\370\362P\3720\302\317\252"
 3280      28C39B28 
 3280      B665F8F2 
 3280      50FA30C2 
 3280      CFAA
 3281 0d4b 1C92D187 		.ascii	"\034\222\321\207)\266e\364\365\020Z\030\351gU\232e\364"
 3281      29B665F4 
 3281      F5105A18 
 3281      E967559A 
 3281      65F4
 3282 0d5d 118A6D19 		.ascii	"\021\212m\031\2755\204\226D\372Y\225\2432\372+\212m"
 3282      BD358496 
 3282      44FA5995 
 3282      A332FA2B 
 3282      8A6D
 3283 0d6f 19DD67A2 		.ascii	"\031\335g\242\033\"\375\254\312\3272\372\030\305\266"
 3283      1B22FDAC 
 3283      CAD732FA 
 3283      18C5B6
 3284 0d7e 8C3E60A2 		.ascii	"\214>`\242\373\"\375\254J\213\214>N\261-\243\027\232"
 3284      FB22FDAC 
 3284      4A8B8C3E 
 3284      4EB12DA3 
 3284      179A
 3285 0d90 684BA4BC 		.ascii	"hK\244\274*\236Q\332U9!+\234\244\330V>\323\005\011\304"
 3285      2A9E51DA 
 3285      5539212B 
 3285      9CA4D856 
 3285      3ED30509 
 3286 0da5 36E50FC3 		.ascii	"6\345\017\303\207Gk\377\307\245\245OIOv\315\260\247"
 3286      87476BFF 
 3286      C7A5A54F 
 3286      494F76CD 
 3286      B0A7
 3287 0db7 6747DB58 		.ascii	"gG\333X;\333\031c\261X\242\263\235\321i\251\031\321"
 3287      3BDB1963 
 3287      B158A2B3 
 3287      9DD169A9 
 3287      19D1
 3288 0dc9 D3B3735C 		.ascii	"\323\263s\\\316\350\344\311\023cc\304\353\233#g\315"
 3288      CEE8E4C9 
 3288      136363C4 
 3288      EB9B2367 
 3288      CD
 3289 0dda 8A76BA32 		.ascii	"\212v\2722cc\254\351\316\234\3416\303\233\277\177{h"
 3289      6363ACE9 
 3289      CE9CE136 
 3289      C39BBF7F 
 3289      7B68
 3290 0dec 9C65B430 		.ascii	"\234e\2640D38|\312\3531\243c\306\304X\204\220\351\251"
 3290      4433387C 
 3290      CAEB31A3 
 3290      63C6C458 
 3290      8490E9A9 
ARM GAS  C:\Users\acest\AppData\Local\Temp\ccFJ3o58.s 			page 143


 3291 0e00 19B6D48C 		.ascii	"\031\266\324\214\214)\251\266iV\227\336\225\226\343"
 3291      8C29A9B6 
 3291      695697DE 
 3291      9596E3
 3292 0e0f 48B53BC3 		.ascii	"H\265;\303liV\251i\375\333\014\307\014G\000\277\352"
 3292      6C6956A9 
 3292      69FDDB0C 
 3292      C70C4700 
 3292      BFEA
 3293 0e21 B21CB35C 		.ascii	"\262\034\263\\\006\274\307{F\271au\351\246\3478f\306"
 3293      06BCC77B 
 3293      46B96175 
 3293      E9A6E738 
 3293      66C6
 3294 0e33 DA7E93C2 		.ascii	"\332~\223\302=troS4\336\246d;Sr\\)\351Y\266\214\031"
 3294      3D74726F 
 3294      5334DEA6 
 3294      643B5372 
 3294      5C29E959 
 3295 0e4a 7607DEC9 		.ascii	"v\007\336\311@\220sx\2320\352\007\350dO\371\253\303"
 3295      40907378 
 3295      9A30EA07 
 3295      E8644FF9 
 3295      ABC3
 3296 0e5c C6B5CC5E 		.ascii	"\306\265\314^\276Y]45g\352\310\3473\341\\)T\330\266"
 3296      BE595D34 
 3296      3567EAC8 
 3296      E733E15C 
 3296      2954D8B6 
 3297 0e70 62D84864 		.ascii	"b\330Hd\304\037\307LG\226\313\3522\314H\317r\341\374"
 3297      C41FC74C 
 3297      4796CBEA 
 3297      32CC48CF 
 3297      72E1FC
 3298 0e83 B8A8E535 		.ascii	"\270\250\3455!(5's\346h\307\260L\301h\303\011v\314\032"
 3298      21283527 
 3298      73E668C7 
 3298      B04CC168 
 3298      C30976CC 
 3299 0e98 96395230 		.ascii	"\2269R0\274\203\346\263sF\215I\374~S|YR\370\214\247"
 3299      BC83E6B3 
 3299      73468D49 
 3299      FC7E537C 
 3299      5952F88C 
 3300 0ead 6464D853 		.ascii	"dd\330Sp\336\322gZ\304\001+\353\214\030\216\336(\224"
 3300      70DED267 
 3300      5AC4012B 
 3300      EB8C188E 
 3300      DE2894
 3301 0ec0 71834169 		.ascii	"q\203Ai\321R\2766b0(c\274(G\016\006e\254\027\345\240"
 3301      D152BE36 
 3301      62302863 
 3301      BC28470E 
 3301      0665AC17 
 3302 0ed6 CCE5482D 		.ascii	"\314\345H-\345\353qo\015\002\345(\353\353Z\322\204\021"
 3302      E5EB716F 
 3302      0D02E528 
ARM GAS  C:\Users\acest\AppData\Local\Temp\ccFJ3o58.s 			page 144


 3302      EBEB5AD2 
 3302      8411
 3303 0ee8 13076381 		.ascii	"\023\007c\201FX-\243\264\264o\214x\363\207\323\272\322"
 3303      46582DA3 
 3303      B4B46F8C 
 3303      78F387D3 
 3303      BAD2
 3304 0efa 3315566C 		.ascii	"3\025Vl\213K\244O\317\371[bV\272\353\327q\277Iy\333"
 3304      8B4BA44F 
 3304      CFF95B62 
 3304      56BAEBD7 
 3304      71BF4979 
 3305 0f0f E9C871A6 		.ascii	"\351\310q\246\244\332\034NWJ\274\3039\315\225==%i\370"
 3305      A4DA1C4E 
 3305      574ABCC3 
 3305      39CD953D 
 3305      3D2569F8 
 3306 0f23 B8E171C3 		.ascii	"\270\341q\303\023Rrp\330:='\233=I\302\244A.5B\020z\021"
 3306      13527270 
 3306      D83A3D27 
 3306      9B3D49C2 
 3306      A4412E35 
 3307 0f3b EF48473F 		.ascii	"\357HG?\260\200LN\263\307;\370\003:.##1 \3239\325\352"
 3307      B0804C4E 
 3307      B3C73BF8 
 3307      033A2E23 
 3307      233120D3 
 3308 0f52 FA218FBB 		.ascii	"\372!\217\273\364\214\343S\372\023\247\313\212\221["
 3308      F48CE353 
 3308      FA13A7CB 
 3308      8A915B
 3309 0f61 31AE990E 		.ascii	"1\256\231\016+>\246\216\234\234\031\323]?\"u\234\357"
 3309      2B3EA68E 
 3309      9C9C19D3 
 3309      5D3F2275 
 3309      9CEF
 3310 0f73 3B5DE9B6 		.ascii	";]\351\266i8\177\254\006\210\264h ,kf\272-!+uJ\206C"
 3310      69387FAC 
 3310      0688B468 
 3310      202C6B66 
 3310      BA2D212B 
 3311 0f8b 5C98DFFE 		.ascii	"\\\230\337\376\243\324\266\354\314\314\354\254\024,"
 3311      A3D4B6EC 
 3311      CCCCECAC 
 3311      142C
 3312 0f99 17B6CC59 		.ascii	"\027\266\314Y)\214\006"
 3312      298C06
 3313 0fa0 E95E62BF 		.ascii	"\351^b\277\361\351N\225/\230\325\033+\2574\316\037\261"
 3313      F1E94E95 
 3313      2F98D51B 
 3313      2BAF34CE 
 3313      1FB1
 3314 0fb2 E453A7A7 		.ascii	"\344S\247\247g\317\214\221\353\226\344t`\362\037\023"
 3314      67CF8C91 
 3314      EB96E474 
 3314      60F21F13 
 3315 0fc2 13926202 		.ascii	"\023\222b\002\306ON\306k\022\273\352\022&\342%\021/"
ARM GAS  C:\Users\acest\AppData\Local\Temp\ccFJ3o58.s 			page 145


 3315      C64F4EC6 
 3315      6B12BBEA 
 3315      1226E225 
 3315      112F
 3316 0fd4 414909C9 		.ascii	"AI\011\311\011I\357$\304\253-\013\235\224d\021\225,"
 3316      0949EF24 
 3316      C4AB2D0B 
 3316      9D946411 
 3316      952C
 3317 0fe6 5CC9C295 		.ascii	"\\\311\302\225,L\311\302\224\030 &\376\371\336I\361"
 3317      2C4CC9C2 
 3317      94182026 
 3317      FEF9DE49 
 3317      F1
 3318 0ff7 6236A37B 		.ascii	"b6\243{\242\207S1\013"
 3318      A2875331 
 3318      0B
 3319 1000 E4D6686C 		.ascii	"\344\326hl\243k\246\204?MN\264N~\177\272#\336\361\027"
 3319      A36BA684 
 3319      3F4D4EB4 
 3319      4E7E7FBA 
 3319      23DEF117 
 3320 1014 9D2D2D35 		.ascii	"\235--5G\361b\204.1y\\\222n\342\304\361It\\|\022\215"
 3320      47F16284 
 3320      2E31795C 
 3320      926EE2C4 
 3320      F149745C 
 3321 102b C7DF49E3 		.ascii	"\307\337I\343\223t\343\306''\351\336\030?.)\000o! \236"
 3321      9374E3C6 
 3321      2727E9DE 
 3321      183F2E29 
 3321      006F2120 
 3322 1040 F527B04B 		.ascii	"\365'\260K\034^\002\222'\304%'\321\344\011\223\364\254"
 3322      1C5E0292 
 3322      27C42527 
 3322      D1E40993 
 3322      F4AC
 3323 1052 4C8FC12A 		.ascii	"L\217\301*\035\027\207\375\270\244\200q\211IqI\272w"
 3323      1D1787FD 
 3323      B8A48071 
 3323      89497149 
 3323      BA77
 3324 1064 26FF2149 		.ascii	"&\377!I\227\210\230\200\270Io'\306\343u\\\\\322\367"
 3324      97889880 
 3324      B8496F27 
 3324      C6E3755C 
 3324      5CD2F7
 3325 1077 14024D2C 		.ascii	"\024\002M,\270~)\266Lg:\033\314q\250I\210\035\253-s"
 3325      B87E29B6 
 3325      4C673A1B 
 3325      CC71A849 
 3325      881DAB2D 
 3326 108c 24866448 		.ascii	"$\206dH\216{\203G\024b\305<tY\337\030\227\2340))1$5"
 3326      8E7B8347 
 3326      1462C53C 
 3326      7459DF18 
 3326      979C3029 
ARM GAS  C:\Users\acest\AppData\Local\Temp\ccFJ3o58.s 			page 146


 3327 10a4 E3BF53DF 		.ascii	"\343\277S\337wbRf\244g9~\367\3776\310\206\254Sm,\213"
 3327      77625266 
 3327      A467397E 
 3327      F7FF36C8 
 3327      86AC536D 
 3328 10ba C2B39DA9 		.ascii	"\302\263\235\251\031\311\357;\177\227m\2336>';319\351"
 3328      19C9EF3B 
 3328      7F976D9B 
 3328      363E273B 
 3328      333139E9 
 3329 10ce 7B1E1F96 		.ascii	"{\036\037\226:L\011\237\243aY\351b\233e\267-\315\233"
 3329      3A4C099F 
 3329      A36159E9 
 3329      629B65B7 
 3329      2DCD9B
 3330 10e1 C6F2039E 		.ascii	"\306\362\003\236B|b\230/,#\255\031Ha\375\013r\260\307"
 3330      427C6298 
 3330      2F2C23AD 
 3330      194861FD 
 3330      0B72B0C7 
 3331 10f5 7DEC3F14 		.ascii	"}\354?\024\253\230\311|7\035\2269,5\303\2058\0261r\006"
 3331      AB98C97C 
 3331      371D9639 
 3331      2C35C385 
 3331      38163172 
 3332 110a 299C4398 		.ascii	")\234C\230\243\223\371\343\256\251\030\221R\374oge\250"
 3332      A393F9E3 
 3332      AEA91891 
 3332      52FC6F67 
 3332      65A8
 3333 111c AE87F358 		.ascii	"\256\207\363X\274\206\"9\317\214,/\357\2025\203\241"
 3333      BC862239 
 3333      CF8C2C2F 
 3333      EF823583 
 3333      A1
 3334 112d 7CBFB562 		.ascii	"|\277\265bm\262\262\322\304\273\026\357n\214w7\326\273"
 3334      6DB2B2D2 
 3334      C4BB16EF 
 3334      6E8C7737 
 3334      D6BB
 3335 113f 3B52E986 		.ascii	";R\351\206I{\2032\020\256\324ue(\204\025eo\015\321\270"
 3335      497B8332 
 3335      10AED475 
 3335      65288415 
 3335      656F0DD1 
 3336 1154 DDA10C58 		.ascii	"\335\241\014X\006\016\304\014\034\210\03580R3\020\256"
 3336      060EC40C 
 3336      1C881D38 
 3336      30523310 
 3336      AE
 3337 1165 75431C8A 		.ascii	"uC\034\212\364vD\0344+\256\210\375\377\003\017\352\216"
 3337      F476441C 
 3337      342BAE88 
 3337      FDFF030F 
 3337      EA8E
 3338 1177 C4       		.ascii	"\304"
 3339              		.text
ARM GAS  C:\Users\acest\AppData\Local\Temp\ccFJ3o58.s 			page 147


 3340              		.section	.gnu.lto_.symtab.b3bfdeff,"e",%progbits
 3341 0000 56656374 		.ascii	"Vector58\000"
 3341      6F723538 
 3341      00
 3342 0009 00       		.ascii	"\000"
 3343 000a 00       		.ascii	"\000"
 3344 000b 00       		.ascii	"\000"
 3345 000c 00000000 		.ascii	"\000\000\000\000\000\000\000\000"
 3345      00000000 
 3346 0014 E6000000 		.ascii	"\346\000\000\000"
 3347 0018 56656374 		.ascii	"Vector5C\000"
 3347      6F723543 
 3347      00
 3348 0021 00       		.ascii	"\000"
 3349 0022 00       		.ascii	"\000"
 3350 0023 00       		.ascii	"\000"
 3351 0024 00000000 		.ascii	"\000\000\000\000\000\000\000\000"
 3351      00000000 
 3352 002c E8000000 		.ascii	"\350\000\000\000"
 3353 0030 56656374 		.ascii	"Vector60\000"
 3353      6F723630 
 3353      00
 3354 0039 00       		.ascii	"\000"
 3355 003a 00       		.ascii	"\000"
 3356 003b 00       		.ascii	"\000"
 3357 003c 00000000 		.ascii	"\000\000\000\000\000\000\000\000"
 3357      00000000 
 3358 0044 EA000000 		.ascii	"\352\000\000\000"
 3359 0048 56656374 		.ascii	"Vector64\000"
 3359      6F723634 
 3359      00
 3360 0051 00       		.ascii	"\000"
 3361 0052 00       		.ascii	"\000"
 3362 0053 00       		.ascii	"\000"
 3363 0054 00000000 		.ascii	"\000\000\000\000\000\000\000\000"
 3363      00000000 
 3364 005c EC000000 		.ascii	"\354\000\000\000"
 3365 0060 56656374 		.ascii	"Vector68\000"
 3365      6F723638 
 3365      00
 3366 0069 00       		.ascii	"\000"
 3367 006a 00       		.ascii	"\000"
 3368 006b 00       		.ascii	"\000"
 3369 006c 00000000 		.ascii	"\000\000\000\000\000\000\000\000"
 3369      00000000 
 3370 0074 EE000000 		.ascii	"\356\000\000\000"
 3371 0078 56656374 		.ascii	"Vector9C\000"
 3371      6F723943 
 3371      00
 3372 0081 00       		.ascii	"\000"
 3373 0082 00       		.ascii	"\000"
 3374 0083 00       		.ascii	"\000"
 3375 0084 00000000 		.ascii	"\000\000\000\000\000\000\000\000"
 3375      00000000 
 3376 008c F0000000 		.ascii	"\360\000\000\000"
 3377 0090 56656374 		.ascii	"VectorE0\000"
 3377      6F724530 
ARM GAS  C:\Users\acest\AppData\Local\Temp\ccFJ3o58.s 			page 148


 3377      00
 3378 0099 00       		.ascii	"\000"
 3379 009a 00       		.ascii	"\000"
 3380 009b 00       		.ascii	"\000"
 3381 009c 00000000 		.ascii	"\000\000\000\000\000\000\000\000"
 3381      00000000 
 3382 00a4 F2000000 		.ascii	"\362\000\000\000"
 3383 00a8 56656374 		.ascii	"VectorB0\000"
 3383      6F724230 
 3383      00
 3384 00b1 00       		.ascii	"\000"
 3385 00b2 00       		.ascii	"\000"
 3386 00b3 00       		.ascii	"\000"
 3387 00b4 00000000 		.ascii	"\000\000\000\000\000\000\000\000"
 3387      00000000 
 3388 00bc F4000000 		.ascii	"\364\000\000\000"
 3389 00c0 69727149 		.ascii	"irqInit\000"
 3389      6E697400 
 3390 00c8 00       		.ascii	"\000"
 3391 00c9 00       		.ascii	"\000"
 3392 00ca 00       		.ascii	"\000"
 3393 00cb 00000000 		.ascii	"\000\000\000\000\000\000\000\000"
 3393      00000000 
 3394 00d3 F6000000 		.ascii	"\366\000\000\000"
 3395 00d7 69727144 		.ascii	"irqDeinit\000"
 3395      65696E69 
 3395      7400
 3396 00e1 00       		.ascii	"\000"
 3397 00e2 00       		.ascii	"\000"
 3398 00e3 00       		.ascii	"\000"
 3399 00e4 00000000 		.ascii	"\000\000\000\000\000\000\000\000"
 3399      00000000 
 3400 00ec F8000000 		.ascii	"\370\000\000\000"
 3401 00f0 5F70616C 		.ascii	"_pal_events\000"
 3401      5F657665 
 3401      6E747300 
 3402 00fc 00       		.ascii	"\000"
 3403 00fd 02       		.ascii	"\002"
 3404 00fe 00       		.ascii	"\000"
 3405 00ff 00000000 		.ascii	"\000\000\000\000\000\000\000\000"
 3405      00000000 
 3406 0107 16010000 		.ascii	"\026\001\000\000"
 3407 010b 63685468 		.ascii	"chThdDequeueAllI\000"
 3407      64446571 
 3407      75657565 
 3407      416C6C49 
 3407      00
 3408 011c 00       		.ascii	"\000"
 3409 011d 02       		.ascii	"\002"
 3410 011e 00       		.ascii	"\000"
 3411 011f 00000000 		.ascii	"\000\000\000\000\000\000\000\000"
 3411      00000000 
 3412 0127 04010000 		.ascii	"\004\001\000\000"
 3413 012b 73745F6C 		.ascii	"st_lld_serve_interrupt\000"
 3413      6C645F73 
 3413      65727665 
 3413      5F696E74 
ARM GAS  C:\Users\acest\AppData\Local\Temp\ccFJ3o58.s 			page 149


 3413      65727275 
 3414 0142 00       		.ascii	"\000"
 3415 0143 02       		.ascii	"\002"
 3416 0144 00       		.ascii	"\000"
 3417 0145 00000000 		.ascii	"\000\000\000\000\000\000\000\000"
 3417      00000000 
 3418 014d 06010000 		.ascii	"\006\001\000\000"
 3419 0151 6E766963 		.ascii	"nvicEnableVector\000"
 3419      456E6162 
 3419      6C655665 
 3419      63746F72 
 3419      00
 3420 0162 00       		.ascii	"\000"
 3421 0163 02       		.ascii	"\002"
 3422 0164 00       		.ascii	"\000"
 3423 0165 00000000 		.ascii	"\000\000\000\000\000\000\000\000"
 3423      00000000 
 3424 016d 0B010000 		.ascii	"\013\001\000\000"
 3425 0171 6E766963 		.ascii	"nvicDisableVector\000"
 3425      44697361 
 3425      626C6556 
 3425      6563746F 
 3425      7200
 3426 0183 00       		.ascii	"\000"
 3427 0184 02       		.ascii	"\002"
 3428 0185 00       		.ascii	"\000"
 3429 0186 00000000 		.ascii	"\000\000\000\000\000\000\000\000"
 3429      00000000 
 3430 018e 0F010000 		.ascii	"\017\001\000\000"
 3431              		.text
 3432              		.section	.gnu.lto_.ext_symtab.b3bfdeff,"e",%progbits
 3433 0000 01       		.ascii	"\001"
 3434 0001 01       		.ascii	"\001"
 3435 0002 00       		.ascii	"\000"
 3436 0003 01       		.ascii	"\001"
 3437 0004 00       		.ascii	"\000"
 3438 0005 01       		.ascii	"\001"
 3439 0006 00       		.ascii	"\000"
 3440 0007 01       		.ascii	"\001"
 3441 0008 00       		.ascii	"\000"
 3442 0009 01       		.ascii	"\001"
 3443 000a 00       		.ascii	"\000"
 3444 000b 01       		.ascii	"\001"
 3445 000c 00       		.ascii	"\000"
 3446 000d 01       		.ascii	"\001"
 3447 000e 00       		.ascii	"\000"
 3448 000f 01       		.ascii	"\001"
 3449 0010 00       		.ascii	"\000"
 3450 0011 01       		.ascii	"\001"
 3451 0012 00       		.ascii	"\000"
 3452 0013 01       		.ascii	"\001"
 3453 0014 00       		.ascii	"\000"
 3454 0015 02       		.ascii	"\002"
 3455 0016 01       		.ascii	"\001"
 3456 0017 01       		.ascii	"\001"
 3457 0018 00       		.ascii	"\000"
 3458 0019 01       		.ascii	"\001"
ARM GAS  C:\Users\acest\AppData\Local\Temp\ccFJ3o58.s 			page 150


 3459 001a 00       		.ascii	"\000"
 3460 001b 01       		.ascii	"\001"
 3461 001c 00       		.ascii	"\000"
 3462 001d 01       		.ascii	"\001"
 3463 001e 00       		.ascii	"\000"
 3464              		.text
 3465              		.section	.gnu.lto_.opts,"e",%progbits
 3466 0000 272D666E 		.ascii	"'-fno-openmp' '-fno-openacc' '-fno-pie' '-fcf-prote"
 3466      6F2D6F70 
 3466      656E6D70 
 3466      2720272D 
 3466      666E6F2D 
 3467 0033 6374696F 		.ascii	"ction=none' '-g' '-mcpu=cortex-m4' '-mthumb' '-mflo"
 3467      6E3D6E6F 
 3467      6E652720 
 3467      272D6727 
 3467      20272D6D 
 3468 0066 61742D61 		.ascii	"at-abi=soft' '-mlibarch=armv7e-m' '-march=armv7e-m'"
 3468      62693D73 
 3468      6F667427 
 3468      20272D6D 
 3468      6C696261 
 3469 0099 20272D4F 		.ascii	" '-O2' '-fomit-frame-pointer' '-falign-functions=16"
 3469      32272027 
 3469      2D666F6D 
 3469      69742D66 
 3469      72616D65 
 3470 00cc 2720272D 		.ascii	"' '-ffunction-sections' '-fdata-sections' '-fno-com"
 3470      6666756E 
 3470      6374696F 
 3470      6E2D7365 
 3470      6374696F 
 3471 00ff 6D6F6E27 		.ascii	"mon' '-flto' '-Xassembler' '-alms=./build/lst/stm32"
 3471      20272D66 
 3471      6C746F27 
 3471      20272D58 
 3471      61737365 
 3472 0132 5F697372 		.ascii	"_isr.lst'\000"
 3472      2E6C7374 
 3472      2700
 3473              		.text
 3474              		.comm	__gnu_lto_slim,1,1
 3475              		.ident	"GCC: (GNU Arm Embedded Toolchain 10.3-2021.10) 10.3.1 20210824 (release)"
ARM GAS  C:\Users\acest\AppData\Local\Temp\ccFJ3o58.s 			page 151


DEFINED SYMBOLS
                            *ABS*:00000000 stm32_isr.c
C:\Users\acest\AppData\Local\Temp\ccFJ3o58.s:64     .gnu.debuglto_.debug_info:00000000 stm32_isr.c.b9272821
                            *COM*:00000001 __gnu_lto_slim

NO UNDEFINED SYMBOLS
